Method name: 48hr_growth_30C_withShaking,,,,,,,,,,,,,,,,,,,,,,,,,,,,,,,,,,,,,,,,,,,,,,,,,,,,,,,,,,,,,,,,,,,,,,,,,,,,,,,,,,,,,,,,,,,,,,,,
Application: SparkControl,,,,V2.3,,,,,,,,,,,,,,,,,,,,,,,,,,,,,,,,,,,,,,,,,,,,,,,,,,,,,,,,,,,,,,,,,,,,,,,,,,,,,,,,,,,,,,,,,,,,
Device: Spark,,,,Serial number: 1807000105,,,,,,,,,,,,,,,,,,,,,,,,,,,,,,,,,,,,,,,,,,,,,,,,,,,,,,,,,,,,,,,,,,,,,,,,,,,,,,,,,,,,,,,,,,,,
Firmware:,,,,LUM:V5.2.3|ABS:V4.3.2|ABS_MEX:V5.0.7|MTP:V13.1.5|FLUOR:V5.1.3|FLUOR_BOTTOM:V5.0.2,,,,,,,,,,,,,,,,,,,,,,,,,,,,,,,,,,,,,,,,,,,,,,,,,,,,,,,,,,,,,,,,,,,,,,,,,,,,,,,,,,,,,,,,,,,,
,,,,,,,,,,,,,,,,,,,,,,,,,,,,,,,,,,,,,,,,,,,,,,,,,,,,,,,,,,,,,,,,,,,,,,,,,,,,,,,,,,,,,,,,,,,,,,,,
Date:,,,,2025-12-13,,,,,,,,,,,,,,,,,,,,,,,,,,,,,,,,,,,,,,,,,,,,,,,,,,,,,,,,,,,,,,,,,,,,,,,,,,,,,,,,,,,,,,,,,,,,
Time:,,,,12:02 PM,,,,,,,,,,,,,,,,,,,,,,,,,,,,,,,,,,,,,,,,,,,,,,,,,,,,,,,,,,,,,,,,,,,,,,,,,,,,,,,,,,,,,,,,,,,,
System,,,,CORD2104-PC2,,,,,,,,,,,,,,,,,,,,,,,,,,,,,,,,,,,,,,,,,,,,,,,,,,,,,,,,,,,,,,,,,,,,,,,,,,,,,,,,,,,,,,,,,,,,
User,,,,CORD2104-PC2\burketo,,,,,,,,,,,,,,,,,,,,,,,,,,,,,,,,,,,,,,,,,,,,,,,,,,,,,,,,,,,,,,,,,,,,,,,,,,,,,,,,,,,,,,,,,,,,
Plate,,,,[BD96ft_FluoroBlok] - BD Falcon 96 Flat Transparent Cat. No.: 351161/351162/351163/351164,,,,,,,,,,,,,,,,,,,,,,,,,,,,,,,,,,,,,,,,,,,,,,,,,,,,,,,,,,,,,,,,,,,,,,,,,,,,,,,,,,,,,,,,,,,,
Lid lifter,,,,Lid,,,,,,,,,,,,,,,,,,,,,,,,,,,,,,,,,,,,,,,,,,,,,,,,,,,,,,,,,,,,,,,,,,,,,,,,,,,,,,,,,,,,,,,,,,,,
Humidity Cassette,,,,No humidity cassette,,,,,,,,,,,,,,,,,,,,,,,,,,,,,,,,,,,,,,,,,,,,,,,,,,,,,,,,,,,,,,,,,,,,,,,,,,,,,,,,,,,,,,,,,,,,
Smooth mode,,,,Selected,,,,,,,,,,,,,,,,,,,,,,,,,,,,,,,,,,,,,,,,,,,,,,,,,,,,,,,,,,,,,,,,,,,,,,,,,,,,,,,,,,,,,,,,,,,,
,,,,,,,,,,,,,,,,,,,,,,,,,,,,,,,,,,,,,,,,,,,,,,,,,,,,,,,,,,,,,,,,,,,,,,,,,,,,,,,,,,,,,,,,,,,,,,,,
List of actions in this measurement script:,,,,,,,,,,,,,,,,,,,,,,,,,,,,,,,,,,,,,,,,,,,,,,,,,,,,,,,,,,,,,,,,,,,,,,,,,,,,,,,,,,,,,,,,,,,,,,,,
Plate,,,,,,,,,,,,,,,,,,,,,,,,,,,,,,,,,,,,,,,,,,,,,,,,,,,,,,,,,,,,,,,,,,,,,,,,,,,,,,,,,,,,,,,,,,,,,,,,
,Shaking,,,,,,,,,,,,,,,,,,,,,,,,,,,,,,,,,,,,,,,,,,,,,,,,,,,,,,,,,,,,,,,,,,,,,,,,,,,,,,,,,,,,,,,,,,,,,,,
,Absorbance,,,,,Initial,,,,,,,,,,,,,,,,,,,,,,,,,,,,,,,,,,,,,,,,,,,,,,,,,,,,,,,,,,,,,,,,,,,,,,,,,,,,,,,,,,,,,,,,,,
,Kinetic,,,,,,,,,,,,,,,,,,,,,,,,,,,,,,,,,,,,,,,,,,,,,,,,,,,,,,,,,,,,,,,,,,,,,,,,,,,,,,,,,,,,,,,,,,,,,,,
,,Condition,,,,,,,,,,,,,,,,,,,,,,,,,,,,,,,,,,,,,,,,,,,,,,,,,,,,,,,,,,,,,,,,,,,,,,,,,,,,,,,,,,,,,,,,,,,,,,
,,,Temperature,,,,,,,,,,,,,,,,,,,,,,,,,,,,,,,,,,,,,,,,,,,,,,,,,,,,,,,,,,,,,,,,,,,,,,,,,,,,,,,,,,,,,,,,,,,,,
,,,Shaking,,,,,,,,,,,,,,,,,,,,,,,,,,,,,,,,,,,,,,,,,,,,,,,,,,,,,,,,,,,,,,,,,,,,,,,,,,,,,,,,,,,,,,,,,,,,,
,,,Absorbance,,,Growth,,,,,,,,,,,,,,,,,,,,,,,,,,,,,,,,,,,,,,,,,,,,,,,,,,,,,,,,,,,,,,,,,,,,,,,,,,,,,,,,,,,,,,,,,,
,,,,,,,,,,,,,,,,,,,,,,,,,,,,,,,,,,,,,,,,,,,,,,,,,,,,,,,,,,,,,,,,,,,,,,,,,,,,,,,,,,,,,,,,,,,,,,,,
Name,,,,BD96ft_FluoroBlok,,,,,,,,,,,,,,,,,,,,,,,,,,,,,,,,,,,,,,,,,,,,,,,,,,,,,,,,,,,,,,,,,,,,,,,,,,,,,,,,,,,,,,,,,,,,
Plate layout,,,,,,,,,,,,,,,,,,,,,,,,,,,,,,,,,,,,,,,,,,,,,,,,,,,,,,,,,,,,,,,,,,,,,,,,,,,,,,,,,,,,,,,,,,,,,,,,
Plate area,,,,A1-H12,,,,,,,,,,,,,,,,,,,,,,,,,,,,,,,,,,,,,,,,,,,,,,,,,,,,,,,,,,,,,,,,,,,,,,,,,,,,,,,,,,,,,,,,,,,,
,,,,,,,,,,,,,,,,,,,,,,,,,,,,,,,,,,,,,,,,,,,,,,,,,,,,,,,,,,,,,,,,,,,,,,,,,,,,,,,,,,,,,,,,,,,,,,,,
Start Time,,,,2025-12-11 12:27:49,,,,,,,,,,,,,,,,,,,,,,,,,,,,,,,,,,,,,,,,,,,,,,,,,,,,,,,,,,,,,,,,,,,,,,,,,,,,,,,,,,,,,,,,,,,,
Shaking (Orbital) Duration,,,,5,s,,,,,,,,,,,,,,,,,,,,,,,,,,,,,,,,,,,,,,,,,,,,,,,,,,,,,,,,,,,,,,,,,,,,,,,,,,,,,,,,,,,,,,,,,,,
Shaking (Orbital) Position,,,,Current,,,,,,,,,,,,,,,,,,,,,,,,,,,,,,,,,,,,,,,,,,,,,,,,,,,,,,,,,,,,,,,,,,,,,,,,,,,,,,,,,,,,,,,,,,,,
Shaking (Orbital) Amplitude,,,,1,mm,,,,,,,,,,,,,,,,,,,,,,,,,,,,,,,,,,,,,,,,,,,,,,,,,,,,,,,,,,,,,,,,,,,,,,,,,,,,,,,,,,,,,,,,,,,
Shaking (Orbital) Frequency,,,,510,rpm,,,,,,,,,,,,,,,,,,,,,,,,,,,,,,,,,,,,,,,,,,,,,,,,,,,,,,,,,,,,,,,,,,,,,,,,,,,,,,,,,,,,,,,,,,,
End Time,,,,2025-12-11 12:27:54,,,,,,,,,,,,,,,,,,,,,,,,,,,,,,,,,,,,,,,,,,,,,,,,,,,,,,,,,,,,,,,,,,,,,,,,,,,,,,,,,,,,,,,,,,,,
,,,,,,,,,,,,,,,,,,,,,,,,,,,,,,,,,,,,,,,,,,,,,,,,,,,,,,,,,,,,,,,,,,,,,,,,,,,,,,,,,,,,,,,,,,,,,,,,
Mode,Absorbance,,,,,,,,,,,,,,,,,,,,,,,,,,,,,,,,,,,,,,,,,,,,,,,,,,,,,,,,,,,,,,,,,,,,,,,,,,,,,,,,,,,,,,,,,,,,,,,
Measurement wavelength,,,,600,nm,,,,,,,,,,,,,,,,,,,,,,,,,,,,,,,,,,,,,,,,,,,,,,,,,,,,,,,,,,,,,,,,,,,,,,,,,,,,,,,,,,,,,,,,,,,
Number of flashes,,,,10,,,,,,,,,,,,,,,,,,,,,,,,,,,,,,,,,,,,,,,,,,,,,,,,,,,,,,,,,,,,,,,,,,,,,,,,,,,,,,,,,,,,,,,,,,,,
Settle time,,,,50,ms,,,,,,,,,,,,,,,,,,,,,,,,,,,,,,,,,,,,,,,,,,,,,,,,,,,,,,,,,,,,,,,,,,,,,,,,,,,,,,,,,,,,,,,,,,,
Multiple Reads per Well (Circle (filled)),,,,3 x 3,,,,,,,,,,,,,,,,,,,,,,,,,,,,,,,,,,,,,,,,,,,,,,,,,,,,,,,,,,,,,,,,,,,,,,,,,,,,,,,,,,,,,,,,,,,,
Multiple Reads per Well (Border),,,,500,µm,,,,,,,,,,,,,,,,,,,,,,,,,,,,,,,,,,,,,,,,,,,,,,,,,,,,,,,,,,,,,,,,,,,,,,,,,,,,,,,,,,,,,,,,,,,
Part of Plate,,,,A1-H12,,,,,,,,,,,,,,,,,,,,,,,,,,,,,,,,,,,,,,,,,,,,,,,,,,,,,,,,,,,,,,,,,,,,,,,,,,,,,,,,,,,,,,,,,,,,
,,,,,,,,,,,,,,,,,,,,,,,,,,,,,,,,,,,,,,,,,,,,,,,,,,,,,,,,,,,,,,,,,,,,,,,,,,,,,,,,,,,,,,,,,,,,,,,,
Start Time,,,,2025-12-11 12:27:57,,,,,,,,,,,,,,,,,,,,,,,,,,,,,,,,,,,,,,,,,,,,,,,,,,,,,,,,,,,,,,,,,,,,,,,,,,,,,,,,,,,,,,,,,,,,
Temperature,,,,19.4,°C,,,,,,,,,,,,,,,,,,,,,,,,,,,,,,,,,,,,,,,,,,,,,,,,,,,,,,,,,,,,,,,,,,,,,,,,,,,,,,,,,,,,,,,,,,,
,,,,,,,,,,,,,,,,,,,,,,,,,,,,,,,,,,,,,,,,,,,,,,,,,,,,,,,,,,,,,,,,,,,,,,,,,,,,,,,,,,,,,,,,,,,,,,,,
,1;2,,,,,,,,,,,,,,,,,,,,,,,,,,,,,,,,,,,,,,,,,,,,,,,,,,,,,,,,,,,,,,,,,,,,,,,,,,,,,,,,,,,,,,,,,,,,,,,
2;1,2;2,2;3,,,,,,,,,,,,,,,,,,,,,,,,,,,,,,,,,,,,,,,,,,,,,,,,,,,,,,,,,,,,,,,,,,,,,,,,,,,,,,,,,,,,,,,,,,,,,,
,3;2,,,,,,,,,,,,,,,,,,,,,,,,,,,,,,,,,,,,,,,,,,,,,,,,,,,,,,,,,,,,,,,,,,,,,,,,,,,,,,,,,,,,,,,,,,,,,,,
Well,A1,A2,A3,A4,A5,A6,A7,A8,A9,A10,A11,A12,B1,B2,B3,B4,B5,B6,B7,B8,B9,B10,B11,B12,C1,C2,C3,C4,C5,C6,C7,C8,C9,C10,C11,C12,D1,D2,D3,D4,D5,D6,D7,D8,D9,D10,D11,D12,E1,E2,E3,E4,E5,E6,E7,E8,E9,E10,E11,E12,F1,F2,F3,F4,F5,F6,F7,F8,F9,F10,F11,F12,G1,G2,G3,G4,G5,G6,G7,G8,G9,G10,G11,G12,H1,H2,H3,H4,H5,H6,H7,H8,H9,H10,H11,H12
Mean,0.12986,0.14206,0.1322,0.1293,0.15126,0.13924,0.12666,0.13734,0.13452,0.1306,0.13342,0.12958,0.12852,0.14064,0.14048,0.12692,0.14386,0.15332,0.1305,0.13172,0.12928,0.12376,0.13846,0.1278,0.13398,0.13686,0.15136,0.1487,0.14064,0.14068,0.15742,0.13478,0.141,0.1437,0.14852,0.13812,0.12398,0.13864,0.14178,0.13748,0.15444,0.14602,0.14116,0.13378,0.14392,0.1458,0.15134,0.1482,0.12958,0.1323,0.15552,0.13764,0.1518,0.15734,0.12992,0.13716,0.14658,0.13626,0.1353,0.14168,0.14002,0.1309,0.14968,0.15118,0.1365,0.15626,0.13266,0.14376,0.15172,0.13594,0.1326,0.13726,0.1374,0.15228,0.12834,0.15008,0.13822,0.16276,0.13766,0.15192,0.1598,0.14028,0.16238,0.14446,0.14498,0.12356,0.13778,0.13112,0.1221,0.14696,0.13056,0.1367,0.13604,0.13496,0.1495,0.1375
StDev,0.009733602,0.016115924,0.013275918,0.013563923,0.010278278,0.011071269,0.004991793,0.008647138,0.010049975,0.003380089,0.00645887,0.005247094,0.010710135,0.010449067,0.010491282,0.004617575,0.00783473,0.007122289,0.005488625,0.005299245,0.006040447,0.003669196,0.007220665,0.00460326,0.010633532,0.008600174,0.010484417,0.009928494,0.007117092,0.008448491,0.010824371,0.004709777,0.005883451,0.006238189,0.008430125,0.007842959,0.005686563,0.005646503,0.006420825,0.004747315,0.007261749,0.005629121,0.00737855,0.005670714,0.006793526,0.008472898,0.012040889,0.007997187,0.005524219,0.004487204,0.00752642,0.005375221,0.005800431,0.011277544,0.003380385,0.003379793,0.005954998,0.004446122,0.004414182,0.005873415,0.007157304,0.004440721,0.00700407,0.004569683,0.003959167,0.005492996,0.002787113,0.005580591,0.005949538,0.004758991,0.003768289,0.007240028,0.007162751,0.008944943,0.003933573,0.004665512,0.003164174,0.005399352,0.003779286,0.005764287,0.007380718,0.004662832,0.008642453,0.006882441,0.010940155,0.00495308,0.004564209,0.00368402,0.003386001,0.005466535,0.003448623,0.003570014,0.003296665,0.003575332,0.008924405,0.005595534
1;2,0.1216,0.1317,0.1245,0.1225,0.1439,0.1304,0.1238,0.1309,0.1269,0.1299,0.13,0.1272,0.1217,0.1337,0.1324,0.1239,0.1374,0.1461,0.1263,0.1286,0.1254,0.1219,0.1346,0.1249,0.1268,0.1313,0.144,0.1404,0.1338,0.1347,0.1466,0.1316,0.1357,0.1404,0.1428,0.1319,0.1209,0.1348,0.1373,0.1344,0.1497,0.14,0.1356,0.1314,0.139,0.1391,0.1416,0.1421,0.1261,0.1306,0.151,0.1329,0.1479,0.1489,0.1265,0.1366,0.142,0.1331,0.1331,0.139,0.1348,0.1287,0.1446,0.1484,0.1349,0.1535,0.1309,0.1411,0.1497,0.134,0.1309,0.1334,0.1323,0.1453,0.1259,0.1469,0.1367,0.1597,0.1362,0.1469,0.1539,0.137,0.1548,0.1413,0.1371,0.1229,0.1391,0.1315,0.1257,0.1525,0.1333,0.1406,0.1376,0.1358,0.1473,0.135
2;1,0.1339,0.1414,0.1313,0.1249,0.1585,0.1512,0.1281,0.1441,0.1463,0.1348,0.1417,0.1378,0.1284,0.1418,0.1412,0.1249,0.1449,0.1578,0.1347,0.1373,0.1358,0.1291,0.1482,0.1334,0.1338,0.136,0.1555,0.1492,0.1441,0.1482,0.1621,0.1386,0.145,0.1505,0.1584,0.1484,0.1242,0.1393,0.1433,0.1397,0.1539,0.1488,0.1442,0.1411,0.1493,0.1554,0.1633,0.1582,0.1304,0.1345,0.1571,0.1374,0.1537,0.1631,0.1318,0.1399,0.1513,0.1422,0.1416,0.149,0.1413,0.1314,0.1511,0.147,0.1382,0.1594,0.1359,0.1483,0.1572,0.1422,0.1363,0.1454,0.1385,0.1543,0.1285,0.1504,0.1403,0.166,0.1382,0.1528,0.1636,0.1447,0.1705,0.1529,0.1442,0.1219,0.138,0.1285,0.1201,0.1472,0.1286,0.1371,0.1366,0.138,0.1513,0.142
2;2,0.1252,0.1334,0.1247,0.1231,0.142,0.1331,0.1218,0.1328,0.1294,0.1256,0.1289,0.1262,0.1242,0.1348,0.1363,0.125,0.1387,0.1478,0.1261,0.1273,0.1261,0.1214,0.1344,0.1253,0.1288,0.1332,0.1455,0.1431,0.1363,0.1358,0.1489,0.1323,0.1368,0.1377,0.1443,0.1347,0.1215,0.1349,0.1384,0.136,0.1494,0.1453,0.1345,0.1305,0.1397,0.1407,0.1461,0.1425,0.1259,0.1277,0.1487,0.136,0.148,0.1503,0.127,0.133,0.1418,0.1346,0.1334,0.1381,0.1357,0.1274,0.1442,0.1483,0.1323,0.1508,0.1303,0.138,0.1455,0.1346,0.1311,0.1346,0.1324,0.1441,0.1264,0.146,0.1345,0.1575,0.1341,0.1468,0.1543,0.1387,0.1572,0.1419,0.1382,0.1208,0.1334,0.1274,0.1206,0.1409,0.1278,0.1323,0.1322,0.132,0.1431,0.1339
2;3,0.1235,0.1337,0.1251,0.1225,0.1463,0.1301,0.125,0.1299,0.1255,0.1305,0.1275,0.125,0.1213,0.1345,0.1342,0.1257,0.1414,0.1517,0.1274,0.1277,0.1233,0.1204,0.1312,0.1233,0.1281,0.1319,0.1438,0.1453,0.1376,0.1333,0.1561,0.1304,0.1382,0.1395,0.1403,0.1311,0.1196,0.136,0.1375,0.1327,0.1522,0.1419,0.139,0.1276,0.1385,0.1391,0.1404,0.1426,0.1266,0.1297,0.153,0.1351,0.1482,0.1498,0.1297,0.1351,0.1432,0.1318,0.1305,0.1355,0.1363,0.1286,0.1473,0.1552,0.1346,0.1533,0.1307,0.1404,0.1474,0.1299,0.128,0.1287,0.1344,0.1513,0.1258,0.1493,0.1371,0.16,0.1359,0.1522,0.1562,0.1353,0.1564,0.1361,0.1415,0.12,0.1338,0.1313,0.1184,0.142,0.1279,0.1339,0.1334,0.1305,0.1418,0.1318
3;2,0.1451,0.1701,0.1554,0.1535,0.1656,0.1514,0.1346,0.149,0.1445,0.1322,0.139,0.1317,0.147,0.1584,0.1583,0.1351,0.1569,0.1632,0.138,0.1377,0.1358,0.126,0.1439,0.1321,0.1524,0.1519,0.168,0.1655,0.1514,0.1514,0.1734,0.141,0.1493,0.1504,0.1568,0.1445,0.1337,0.1482,0.1524,0.1446,0.167,0.1541,0.1525,0.1383,0.1531,0.1547,0.1653,0.1556,0.1389,0.139,0.1678,0.1468,0.1612,0.1746,0.1346,0.1412,0.1546,0.1396,0.1379,0.1468,0.152,0.1384,0.1612,0.157,0.1425,0.1643,0.1355,0.151,0.1588,0.139,0.1367,0.1442,0.1494,0.1664,0.1351,0.1578,0.1425,0.1706,0.1439,0.1609,0.171,0.1457,0.173,0.1501,0.1639,0.1322,0.1446,0.1369,0.1257,0.1522,0.1352,0.1396,0.1404,0.1385,0.164,0.1448
,,,,,,,,,,,,,,,,,,,,,,,,,,,,,,,,,,,,,,,,,,,,,,,,,,,,,,,,,,,,,,,,,,,,,,,,,,,,,,,,,,,,,,,,,,,,,,,,
End Time,,,,2025-12-11 12:29:58,,,,,,,,,,,,,,,,,,,,,,,,,,,,,,,,,,,,,,,,,,,,,,,,,,,,,,,,,,,,,,,,,,,,,,,,,,,,,,,,,,,,,,,,,,,,
,,,,,,,,,,,,,,,,,,,,,,,,,,,,,,,,,,,,,,,,,,,,,,,,,,,,,,,,,,,,,,,,,,,,,,,,,,,,,,,,,,,,,,,,,,,,,,,,
Mode,Kinetic,,,,,,,,,,,,,,,,,,,,,,,,,,,,,,,,,,,,,,,,,,,,,,,,,,,,,,,,,,,,,,,,,,,,,,,,,,,,,,,,,,,,,,,,,,,,,,,
Kinetic cycles,,,,96,,,,,,,,,,,,,,,,,,,,,,,,,,,,,,,,,,,,,,,,,,,,,,,,,,,,,,,,,,,,,,,,,,,,,,,,,,,,,,,,,,,,,,,,,,,,
Interval time,,,,00:30:00,hh:mm:ss,,,,,,,,,,,,,,,,,,,,,,,,,,,,,,,,,,,,,,,,,,,,,,,,,,,,,,,,,,,,,,,,,,,,,,,,,,,,,,,,,,,,,,,,,,,
,,,,,,,,,,,,,,,,,,,,,,,,,,,,,,,,,,,,,,,,,,,,,,,,,,,,,,,,,,,,,,,,,,,,,,,,,,,,,,,,,,,,,,,,,,,,,,,,
Mode,Condition,,,,,,,,,,,,,,,,,,,,,,,,,,,,,,,,,,,,,,,,,,,,,,,,,,,,,,,,,,,,,,,,,,,,,,,,,,,,,,,,,,,,,,,,,,,,,,,
Type,,,,Start at cycle,,,,,,,,,,,,,,,,,,,,,,,,,,,,,,,,,,,,,,,,,,,,,,,,,,,,,,,,,,,,,,,,,,,,,,,,,,,,,,,,,,,,,,,,,,,,
Executed continuously,,,,,,,,,,,,,,,,,,,,,,,,,,,,,,,,,,,,,,,,,,,,,,,,,,,,,,,,,,,,,,,,,,,,,,,,,,,,,,,,,,,,,,,,,,,,,,,,
Operation,,,,at cycle 1,,,,,,,,,,,,,,,,,,,,,,,,,,,,,,,,,,,,,,,,,,,,,,,,,,,,,,,,,,,,,,,,,,,,,,,,,,,,,,,,,,,,,,,,,,,,
,,,,,,,,,,,,,,,,,,,,,,,,,,,,,,,,,,,,,,,,,,,,,,,,,,,,,,,,,,,,,,,,,,,,,,,,,,,,,,,,,,,,,,,,,,,,,,,,
Temperature control,,,,On,,,,,,,,,,,,,,,,,,,,,,,,,,,,,,,,,,,,,,,,,,,,,,,,,,,,,,,,,,,,,,,,,,,,,,,,,,,,,,,,,,,,,,,,,,,,
Target temperature,,,,30,°C,,,,,,,,,,,,,,,,,,,,,,,,,,,,,,,,,,,,,,,,,,,,,,,,,,,,,,,,,,,,,,,,,,,,,,,,,,,,,,,,,,,,,,,,,,,
,,,,,,,,,,,,,,,,,,,,,,,,,,,,,,,,,,,,,,,,,,,,,,,,,,,,,,,,,,,,,,,,,,,,,,,,,,,,,,,,,,,,,,,,,,,,,,,,
Shaking (Orbital) Duration,,,,5,s,,,,,,,,,,,,,,,,,,,,,,,,,,,,,,,,,,,,,,,,,,,,,,,,,,,,,,,,,,,,,,,,,,,,,,,,,,,,,,,,,,,,,,,,,,,
Shaking (Orbital) Position,,,,Current,,,,,,,,,,,,,,,,,,,,,,,,,,,,,,,,,,,,,,,,,,,,,,,,,,,,,,,,,,,,,,,,,,,,,,,,,,,,,,,,,,,,,,,,,,,,
Shaking (Orbital) Amplitude,,,,1,mm,,,,,,,,,,,,,,,,,,,,,,,,,,,,,,,,,,,,,,,,,,,,,,,,,,,,,,,,,,,,,,,,,,,,,,,,,,,,,,,,,,,,,,,,,,,
Shaking (Orbital) Frequency,,,,510,rpm,,,,,,,,,,,,,,,,,,,,,,,,,,,,,,,,,,,,,,,,,,,,,,,,,,,,,,,,,,,,,,,,,,,,,,,,,,,,,,,,,,,,,,,,,,,
,,,,,,,,,,,,,,,,,,,,,,,,,,,,,,,,,,,,,,,,,,,,,,,,,,,,,,,,,,,,,,,,,,,,,,,,,,,,,,,,,,,,,,,,,,,,,,,,
Mode,Absorbance,,,,,,,,,,,,,,,,,,,,,,,,,,,,,,,,,,,,,,,,,,,,,,,,,,,,,,,,,,,,,,,,,,,,,,,,,,,,,,,,,,,,,,,,,,,,,,,
Measurement wavelength,,,,600,nm,,,,,,,,,,,,,,,,,,,,,,,,,,,,,,,,,,,,,,,,,,,,,,,,,,,,,,,,,,,,,,,,,,,,,,,,,,,,,,,,,,,,,,,,,,,
Number of flashes,,,,10,,,,,,,,,,,,,,,,,,,,,,,,,,,,,,,,,,,,,,,,,,,,,,,,,,,,,,,,,,,,,,,,,,,,,,,,,,,,,,,,,,,,,,,,,,,,
Settle time,,,,50,ms,,,,,,,,,,,,,,,,,,,,,,,,,,,,,,,,,,,,,,,,,,,,,,,,,,,,,,,,,,,,,,,,,,,,,,,,,,,,,,,,,,,,,,,,,,,
Multiple Reads per Well (Circle (filled)),,,,3 x 3,,,,,,,,,,,,,,,,,,,,,,,,,,,,,,,,,,,,,,,,,,,,,,,,,,,,,,,,,,,,,,,,,,,,,,,,,,,,,,,,,,,,,,,,,,,,
Multiple Reads per Well (Border),,,,500,µm,,,,,,,,,,,,,,,,,,,,,,,,,,,,,,,,,,,,,,,,,,,,,,,,,,,,,,,,,,,,,,,,,,,,,,,,,,,,,,,,,,,,,,,,,,,
Part of Plate,,,,A1-H12,,,,,,,,,,,,,,,,,,,,,,,,,,,,,,,,,,,,,,,,,,,,,,,,,,,,,,,,,,,,,,,,,,,,,,,,,,,,,,,,,,,,,,,,,,,,
,,,,,,,,,,,,,,,,,,,,,,,,,,,,,,,,,,,,,,,,,,,,,,,,,,,,,,,,,,,,,,,,,,,,,,,,,,,,,,,,,,,,,,,,,,,,,,,,
Start Time,,,,2025-12-11 12:30:04,,,,,,,,,,,,,,,,,,,,,,,,,,,,,,,,,,,,,,,,,,,,,,,,,,,,,,,,,,,,,,,,,,,,,,,,,,,,,,,,,,,,,,,,,,,,
,,,,,,,,,,,,,,,,,,,,,,,,,,,,,,,,,,,,,,,,,,,,,,,,,,,,,,,,,,,,,,,,,,,,,,,,,,,,,,,,,,,,,,,,,,,,,,,,
Growth,,,,,,,,,,,,,,,,,,,,,,,,,,,,,,,,,,,,,,,,,,,,,,,,,,,,,,,,,,,,,,,,,,,,,,,,,,,,,,,,,,,,,,,,,,,,,,,,
,1;2,,,,,,,,,,,,,,,,,,,,,,,,,,,,,,,,,,,,,,,,,,,,,,,,,,,,,,,,,,,,,,,,,,,,,,,,,,,,,,,,,,,,,,,,,,,,,,,
2;1,2;2,2;3,,,,,,,,,,,,,,,,,,,,,,,,,,,,,,,,,,,,,,,,,,,,,,,,,,,,,,,,,,,,,,,,,,,,,,,,,,,,,,,,,,,,,,,,,,,,,,
,3;2,,,,,,,,,,,,,,,,,,,,,,,,,,,,,,,,,,,,,,,,,,,,,,,,,,,,,,,,,,,,,,,,,,,,,,,,,,,,,,,,,,,,,,,,,,,,,,,
Cycles / Well,,,,,,,,,,,,,,,,,,,,,,,,,,,,,,,,,,,,,,,,,,,,,,,,,,,,,,,,,,,,,,,,,,,,,,,,,,,,,,,,,,,,,,,,,,,,,,,,
A1,1,2,3,4,5,6,7,8,9,10,11,12,13,14,15,16,17,18,19,20,21,22,23,24,25,26,27,28,29,30,31,32,33,34,35,36,37,38,39,40,41,42,43,44,45,46,47,48,49,50,51,52,53,54,55,56,57,58,59,60,61,62,63,64,65,66,67,68,69,70,71,72,73,74,75,76,77,78,79,80,81,82,83,84,85,86,87,88,89,90,91,92,93,94,95,96
Time [s],0,1799.821,3599.758,5399.669,7199.591,8999.513,10799.454,12599.368,14399.281,16199.217,17999.132,19799.048,21598.968,23398.907,25198.816,26998.729,28798.66,30598.612,32398.504,34198.422,35998.348,37798.293,39598.197,41398.12,43198.051,44997.975,46797.9,48597.816,50397.749,52197.631,53997.556,55797.465,57597.39,59397.304,61197.232,62997.141,64797.066,66596.996,68396.927,70196.835,71996.75,73796.684,75596.611,77396.528,79196.461,80996.395,82796.296,84596.214,86396.144,88196.085,89995.979,91795.899,93595.822,95395.741,97195.669,98995.594,100795.52,102595.43,104395.36,106195.269,107995.204,109795.106,111595.047,113394.962,115194.873,116994.792,118794.719,120594.63,122394.557,124194.487,125994.397,127794.312,129594.227,131394.143,133194.064,134993.983,136793.918,138593.83,140393.768,142193.687,143993.61,145793.539,147593.44,149393.349,151193.294,152993.201,154793.136,156593.059,158392.972,160192.914,161992.825,163792.732,165592.675,167392.569,169192.493,170992.414
Temp. [°C],19.6,29.9,29.9,30,30,30,30,29.9,30,30,30,30.1,30.1,30,30,30,30,30,30,30,30,30,30,30,30,30.1,30.1,30,30,30,30,30,30,30,30,30,30,30,30,30,30,30,30,30,30,30,30,30,30,30,30,30,30,30,30,30,30,30,30,29.9,30,30,30,30,30,30,30,30,30.1,30,30.1,30.1,30,30,30,30,30,29.9,30,30,30,30,30,30,30,30,30,30,30.1,30,30,30,30,30,30,30
Mean,0.12948,0.13032,0.13444,0.13866,0.14368,0.1495,0.15592,0.1639,0.17278,0.18442,0.1983,0.21594,0.23826,0.26626,0.30094,0.34246,0.39102,0.44514,0.50348,0.56638,0.63332,0.70208,0.76718,0.82832,0.88274,0.92966,0.96796,1.001,1.03144,1.0589,1.0854,1.11152,1.13648,1.15928,1.1834,1.20572,1.22248,1.23824,1.25298,1.26492,1.27264,1.27902,1.28576,1.29146,1.29726,1.30152,1.30624,1.31098,1.31586,1.31974,1.32306,1.32724,1.33036,1.33394,1.33724,1.34078,1.34362,1.3461,1.3497,1.35176,1.35258,1.35616,1.3578,1.3603,1.36302,1.3654,1.36644,1.36944,1.3714,1.37402,1.3758,1.3787,1.38018,1.38212,1.3845,1.38606,1.38798,1.38984,1.39166,1.39392,1.395,1.3976,1.39842,1.40146,1.4031,1.40444,1.40576,1.40802,1.40974,1.4103,1.41206,1.41374,1.41524,1.4168,1.41868,1.41976
StDev,0.009180523,0.008718199,0.009221063,0.009079537,0.009505104,0.010600708,0.012282386,0.015485477,0.019314166,0.024573299,0.031502143,0.039860795,0.051004931,0.064871666,0.080626782,0.099717616,0.121934007,0.145919235,0.17295247,0.202940008,0.233095596,0.262906613,0.286687159,0.303625653,0.312605539,0.315856428,0.317013766,0.3139343,0.309378664,0.303454198,0.29676783,0.286763756,0.274770417,0.260019695,0.241443627,0.224830707,0.209257358,0.195877444,0.184162488,0.175209052,0.169980331,0.16589541,0.16144294,0.159138393,0.156256913,0.154694512,0.152757612,0.151230113,0.149634565,0.147588594,0.146970449,0.146047845,0.144597555,0.143634059,0.142602044,0.14215895,0.141407521,0.140849902,0.140031978,0.139994528,0.139335143,0.139248763,0.138569008,0.13784533,0.137950578,0.136814327,0.136235542,0.135701872,0.135238068,0.134856969,0.134249991,0.13382595,0.133638363,0.133034063,0.132377283,0.132235786,0.131871896,0.131818144,0.1311533,0.130518972,0.130292268,0.129149932,0.1291033,0.128314352,0.127781884,0.127354753,0.127071862,0.126507854,0.125970088,0.12615005,0.125552909,0.124839749,0.124495695,0.123988003,0.123627736,0.122760755
1;2,0.1211,0.1233,0.1277,0.1324,0.1375,0.1439,0.1509,0.1597,0.1706,0.1841,0.2015,0.2244,0.2541,0.2925,0.3422,0.4017,0.4744,0.5564,0.6466,0.7451,0.8478,0.9532,1.0464,1.1293,1.1938,1.2454,1.2859,1.3166,1.3425,1.365,1.3862,1.4026,1.4157,1.4243,1.429,1.4341,1.4356,1.4368,1.4392,1.4421,1.4452,1.4473,1.4503,1.4535,1.4565,1.4597,1.4621,1.4653,1.4682,1.4704,1.4731,1.4767,1.4781,1.4817,1.4832,1.4858,1.4882,1.4899,1.4927,1.4957,1.4954,1.4988,1.4995,1.5015,1.504,1.5061,1.5059,1.5091,1.5103,1.5126,1.5143,1.5167,1.5186,1.5198,1.5214,1.5221,1.524,1.526,1.5273,1.5289,1.5293,1.5308,1.5322,1.5339,1.5354,1.5362,1.5375,1.5397,1.5402,1.5417,1.5429,1.5439,1.5447,1.5458,1.5466,1.547
2;1,0.1341,0.1352,0.1423,0.1488,0.1564,0.1655,0.1758,0.1895,0.2047,0.2243,0.2486,0.2777,0.3156,0.3619,0.4152,0.4787,0.5504,0.6268,0.7101,0.8003,0.8947,0.9896,1.0769,1.152,1.2142,1.2618,1.2995,1.3279,1.3535,1.3753,1.3942,1.4088,1.4211,1.4287,1.4326,1.4376,1.4385,1.4409,1.4434,1.4456,1.4475,1.4503,1.4518,1.4549,1.4578,1.4606,1.4635,1.4662,1.4699,1.4714,1.4744,1.477,1.4788,1.4808,1.4839,1.4869,1.489,1.4912,1.4932,1.4949,1.4954,1.4991,1.5005,1.5018,1.5048,1.5055,1.5068,1.5083,1.5104,1.5126,1.5129,1.5152,1.5163,1.5177,1.5191,1.5214,1.5227,1.5247,1.5255,1.5272,1.5282,1.5298,1.53,1.5322,1.5334,1.5346,1.5353,1.5366,1.5387,1.5387,1.5396,1.5407,1.5423,1.5432,1.5448,1.5455
2;2,0.1247,0.1249,0.1284,0.1321,0.1363,0.1416,0.147,0.1533,0.1603,0.1698,0.1812,0.196,0.2151,0.2392,0.27,0.3079,0.3523,0.4041,0.4579,0.5169,0.5796,0.6435,0.7037,0.7622,0.8175,0.8683,0.9091,0.9449,0.9768,1.0014,1.0287,1.0576,1.0855,1.1104,1.1407,1.1665,1.1823,1.1998,1.2168,1.2305,1.2381,1.244,1.2508,1.2581,1.2643,1.2663,1.2719,1.2781,1.2839,1.2879,1.2905,1.2957,1.2987,1.3016,1.3044,1.3094,1.3119,1.3139,1.3201,1.3202,1.3212,1.3251,1.3265,1.3295,1.3324,1.334,1.3342,1.3383,1.34,1.3424,1.3447,1.3485,1.3488,1.3511,1.3548,1.3558,1.3574,1.3588,1.3607,1.3627,1.3644,1.3667,1.3673,1.3725,1.3722,1.3735,1.3747,1.3767,1.3781,1.3788,1.3811,1.3821,1.3842,1.3849,1.3887,1.3876
2;3,0.1241,0.1248,0.1273,0.1316,0.1368,0.1413,0.1464,0.1509,0.1551,0.1597,0.1647,0.1707,0.1789,0.1891,0.2031,0.2198,0.24,0.2627,0.2876,0.3152,0.348,0.3843,0.4245,0.4683,0.5123,0.5549,0.5917,0.6282,0.6645,0.7002,0.7369,0.7732,0.8133,0.8559,0.8993,0.94,0.9741,1.0035,1.0305,1.0519,1.0658,1.0776,1.0895,1.0977,1.1074,1.1137,1.1206,1.1267,1.1342,1.1407,1.1451,1.1502,1.1546,1.1599,1.1643,1.1677,1.1721,1.1751,1.1793,1.1819,1.1833,1.1875,1.1903,1.1933,1.1956,1.1997,1.2014,1.2051,1.2083,1.2113,1.2132,1.2165,1.2186,1.2213,1.2241,1.2259,1.2283,1.231,1.2331,1.2361,1.237,1.2413,1.2422,1.2459,1.2483,1.2506,1.252,1.2551,1.2579,1.2584,1.2606,1.2632,1.2657,1.2671,1.2688,1.2715
3;2,0.1434,0.1434,0.1465,0.1484,0.1514,0.1552,0.1595,0.1661,0.1732,0.1842,0.1955,0.2109,0.2276,0.2486,0.2742,0.3042,0.338,0.3757,0.4152,0.4544,0.4965,0.5398,0.5844,0.6298,0.6759,0.7179,0.7536,0.7874,0.8199,0.8526,0.881,0.9154,0.9468,0.9771,1.0154,1.0504,1.0819,1.1102,1.135,1.1545,1.1666,1.1759,1.1864,1.1931,1.2003,1.2073,1.2131,1.2186,1.2231,1.2283,1.2322,1.2366,1.2416,1.2457,1.2504,1.2541,1.2569,1.2604,1.2632,1.2661,1.2676,1.2703,1.2722,1.2754,1.2783,1.2817,1.2839,1.2864,1.288,1.2912,1.2939,1.2966,1.2986,1.3007,1.3031,1.3051,1.3075,1.3087,1.3117,1.3147,1.3161,1.3194,1.3204,1.3228,1.3262,1.3273,1.3293,1.332,1.3338,1.3339,1.3361,1.3388,1.3393,1.343,1.3445,1.3472
,,,,,,,,,,,,,,,,,,,,,,,,,,,,,,,,,,,,,,,,,,,,,,,,,,,,,,,,,,,,,,,,,,,,,,,,,,,,,,,,,,,,,,,,,,,,,,,,
Cycles / Well,,,,,,,,,,,,,,,,,,,,,,,,,,,,,,,,,,,,,,,,,,,,,,,,,,,,,,,,,,,,,,,,,,,,,,,,,,,,,,,,,,,,,,,,,,,,,,,,
A2,1,2,3,4,5,6,7,8,9,10,11,12,13,14,15,16,17,18,19,20,21,22,23,24,25,26,27,28,29,30,31,32,33,34,35,36,37,38,39,40,41,42,43,44,45,46,47,48,49,50,51,52,53,54,55,56,57,58,59,60,61,62,63,64,65,66,67,68,69,70,71,72,73,74,75,76,77,78,79,80,81,82,83,84,85,86,87,88,89,90,91,92,93,94,95,96
Time [s],0,1799.821,3599.758,5399.669,7199.591,8999.513,10799.454,12599.368,14399.281,16199.217,17999.132,19799.048,21598.968,23398.907,25198.816,26998.729,28798.66,30598.612,32398.504,34198.422,35998.348,37798.293,39598.197,41398.12,43198.051,44997.975,46797.9,48597.816,50397.749,52197.631,53997.556,55797.465,57597.39,59397.304,61197.232,62997.141,64797.066,66596.996,68396.927,70196.835,71996.75,73796.684,75596.611,77396.528,79196.461,80996.395,82796.296,84596.214,86396.144,88196.085,89995.979,91795.899,93595.822,95395.741,97195.669,98995.594,100795.52,102595.43,104395.36,106195.269,107995.204,109795.106,111595.047,113394.962,115194.873,116994.792,118794.719,120594.63,122394.557,124194.487,125994.397,127794.312,129594.227,131394.143,133194.064,134993.983,136793.918,138593.83,140393.768,142193.687,143993.61,145793.539,147593.44,149393.349,151193.294,152993.201,154793.136,156593.059,158392.972,160192.914,161992.825,163792.732,165592.675,167392.569,169192.493,170992.414
Temp. [°C],19.6,29.9,29.9,30,30,30,30,29.9,30,30,30,30.1,30.1,30,30,30,30,30,30,30,30,30,30,30,30,30.1,30.1,30,30,30,30,30,30,30,30,30,30,30,30,30,30,30,30,30,30,30,30,30,30,30,30,30,30,30,30,30,30,30,30,29.9,30,30,30,30,30,30,30,30,30.1,30,30.1,30.1,30,30,30,30,30,29.9,30,30,30,30,30,30,30,30,30,30,30.1,30,30,30,30,30,30,30
Mean,0.1463,0.14254,0.14556,0.15014,0.15644,0.1642,0.17282,0.1827,0.19414,0.20694,0.22088,0.23662,0.25426,0.27428,0.29762,0.32366,0.35404,0.38744,0.42342,0.46298,0.50714,0.5561,0.60848,0.6648,0.72082,0.77628,0.83148,0.87842,0.91864,0.95458,0.98932,1.02228,1.05518,1.08534,1.11586,1.14624,1.17702,1.20726,1.23436,1.25812,1.26974,1.2789,1.28656,1.29342,1.29794,1.3011,1.30598,1.30964,1.3142,1.31672,1.31982,1.32242,1.32494,1.32724,1.32952,1.33288,1.33472,1.33718,1.3403,1.34202,1.34272,1.34674,1.34828,1.34974,1.35164,1.3533,1.35386,1.35582,1.35722,1.35914,1.36012,1.36298,1.36354,1.36488,1.36638,1.36768,1.36838,1.36962,1.3706,1.37214,1.37266,1.37432,1.37502,1.3764,1.37748,1.37836,1.37892,1.37988,1.38068,1.3815,1.38286,1.38346,1.3846,1.38602,1.3869,1.38706
StDev,0.01497548,0.013943206,0.011871099,0.011204597,0.010336972,0.00926013,0.007018333,0.004922906,0.004886,0.008888082,0.016454999,0.025163505,0.037167634,0.05147783,0.067875636,0.086390584,0.106987186,0.129787935,0.154654832,0.181743135,0.209489995,0.237612984,0.264342395,0.287508956,0.303456779,0.314162199,0.315855326,0.315113094,0.311716366,0.30723624,0.302605241,0.29657716,0.290764289,0.283909436,0.272920946,0.259959926,0.240128043,0.217782766,0.195962351,0.176872007,0.168054554,0.161633505,0.155845719,0.151642893,0.148923631,0.145898098,0.143188781,0.141352496,0.139429014,0.138495115,0.136508395,0.135436487,0.133999563,0.132899259,0.131781361,0.130991591,0.129698755,0.129360106,0.128208951,0.127164763,0.126011277,0.125313938,0.124945556,0.124083714,0.123125883,0.122282767,0.121475257,0.120721982,0.120431607,0.11952432,0.119230269,0.118182219,0.117850596,0.116725199,0.11590896,0.115907903,0.115092884,0.115054213,0.114343386,0.113381229,0.113472102,0.112420136,0.112358765,0.111883042,0.110975637,0.110219204,0.109908084,0.109458289,0.109037755,0.108685556,0.108039706,0.107733203,0.107145392,0.106365676,0.106205226,0.105471859
1;2,0.1349,0.1331,0.1381,0.1435,0.1507,0.1599,0.1707,0.1838,0.1996,0.218,0.2402,0.266,0.2976,0.336,0.3816,0.4349,0.4967,0.5667,0.6435,0.7291,0.8194,0.9149,1.0111,1.103,1.1813,1.2477,1.2976,1.3356,1.3655,1.3895,1.4079,1.4255,1.4433,1.4582,1.469,1.4772,1.4811,1.4832,1.4856,1.4858,1.4865,1.4876,1.4878,1.4887,1.49,1.4906,1.4915,1.4934,1.4942,1.4965,1.4975,1.4982,1.4991,1.4998,1.5006,1.5023,1.5024,1.5046,1.5051,1.506,1.5057,1.5071,1.5092,1.5096,1.5104,1.5107,1.511,1.5113,1.5116,1.5127,1.5131,1.5139,1.515,1.5149,1.5152,1.5163,1.5159,1.5168,1.5167,1.5176,1.5178,1.5182,1.5189,1.5192,1.5202,1.5198,1.5208,1.5212,1.5216,1.5215,1.5222,1.5225,1.5232,1.5231,1.5238,1.524
2;1,0.147,0.1414,0.1465,0.1514,0.1586,0.1667,0.1763,0.1869,0.1993,0.2131,0.2283,0.2442,0.2629,0.2827,0.307,0.3325,0.3626,0.3967,0.4331,0.4729,0.5176,0.5674,0.6219,0.6851,0.7484,0.8157,0.8817,0.9414,0.9904,1.0347,1.0824,1.1237,1.1663,1.2013,1.2313,1.2603,1.2836,1.3027,1.3144,1.3251,1.3313,1.336,1.3402,1.3447,1.347,1.3471,1.3506,1.3526,1.3579,1.3588,1.3604,1.3621,1.3642,1.367,1.3683,1.3712,1.3728,1.3743,1.3765,1.3783,1.3771,1.3819,1.3824,1.3836,1.3848,1.3864,1.3862,1.3881,1.3896,1.3913,1.3924,1.3948,1.3945,1.3962,1.3969,1.3988,1.3991,1.4008,1.4013,1.4021,1.4028,1.4046,1.4046,1.4062,1.4064,1.4072,1.408,1.4087,1.4086,1.4094,1.4112,1.4112,1.4121,1.4141,1.4145,1.4147
2;2,0.1392,0.1341,0.1374,0.1418,0.1484,0.1566,0.1664,0.1774,0.1907,0.2054,0.2224,0.2414,0.2627,0.2863,0.3121,0.3395,0.3703,0.4022,0.4351,0.4693,0.5086,0.5534,0.6007,0.6539,0.7094,0.7674,0.8294,0.8786,0.9206,0.9583,0.9963,1.0315,1.0637,1.0942,1.1265,1.1564,1.1849,1.2137,1.2416,1.267,1.2795,1.2888,1.297,1.305,1.3102,1.3121,1.3177,1.3218,1.3265,1.3284,1.3316,1.3352,1.3366,1.3386,1.3419,1.3465,1.3485,1.3512,1.3559,1.3562,1.3584,1.3638,1.3644,1.3654,1.3675,1.3696,1.3694,1.3723,1.3742,1.3757,1.3768,1.3805,1.3807,1.3809,1.3833,1.3835,1.3849,1.386,1.3882,1.3893,1.3897,1.3909,1.3922,1.3936,1.394,1.3948,1.3945,1.3961,1.3972,1.3986,1.399,1.3993,1.4005,1.4016,1.4032,1.4018
2;3,0.1385,0.1373,0.14,0.1449,0.1509,0.1585,0.1674,0.1777,0.1897,0.203,0.218,0.2347,0.253,0.2732,0.295,0.3186,0.3447,0.3703,0.3972,0.425,0.4577,0.4938,0.5344,0.5787,0.6271,0.6752,0.7277,0.7745,0.8138,0.8492,0.8847,0.9184,0.9533,0.9882,1.0262,1.0671,1.1077,1.1469,1.1807,1.2128,1.2272,1.24,1.25,1.2586,1.2639,1.269,1.2751,1.2786,1.2841,1.2872,1.2906,1.294,1.2975,1.2995,1.3016,1.3052,1.3069,1.3099,1.3144,1.3163,1.3163,1.321,1.3228,1.3248,1.3268,1.3283,1.3289,1.331,1.3331,1.3348,1.3358,1.3394,1.3394,1.3413,1.3428,1.3451,1.3453,1.3467,1.3469,1.3484,1.3498,1.3513,1.352,1.3539,1.3544,1.3559,1.3553,1.3556,1.3568,1.3578,1.3592,1.3607,1.3612,1.3631,1.3636,1.3633
3;2,0.1719,0.1668,0.1658,0.1691,0.1736,0.1793,0.1833,0.1877,0.1914,0.1952,0.1955,0.1968,0.1951,0.1932,0.1924,0.1928,0.1959,0.2013,0.2082,0.2186,0.2324,0.251,0.2743,0.3033,0.3379,0.3754,0.421,0.462,0.5029,0.5412,0.5753,0.6123,0.6493,0.6848,0.7263,0.7702,0.8278,0.8898,0.9495,0.9999,1.0242,1.0421,1.0578,1.0701,1.0786,1.0867,1.095,1.1018,1.1083,1.1127,1.119,1.1226,1.1273,1.1313,1.1352,1.1392,1.143,1.1459,1.1496,1.1533,1.1561,1.1599,1.1626,1.1653,1.1687,1.1715,1.1738,1.1764,1.1776,1.1812,1.1825,1.1863,1.1881,1.1911,1.1937,1.1947,1.1967,1.1978,1.1999,1.2033,1.2032,1.2066,1.2074,1.2091,1.2124,1.2141,1.216,1.2178,1.2192,1.2202,1.2227,1.2236,1.226,1.2282,1.2294,1.2315
,,,,,,,,,,,,,,,,,,,,,,,,,,,,,,,,,,,,,,,,,,,,,,,,,,,,,,,,,,,,,,,,,,,,,,,,,,,,,,,,,,,,,,,,,,,,,,,,
Cycles / Well,,,,,,,,,,,,,,,,,,,,,,,,,,,,,,,,,,,,,,,,,,,,,,,,,,,,,,,,,,,,,,,,,,,,,,,,,,,,,,,,,,,,,,,,,,,,,,,,
A3,1,2,3,4,5,6,7,8,9,10,11,12,13,14,15,16,17,18,19,20,21,22,23,24,25,26,27,28,29,30,31,32,33,34,35,36,37,38,39,40,41,42,43,44,45,46,47,48,49,50,51,52,53,54,55,56,57,58,59,60,61,62,63,64,65,66,67,68,69,70,71,72,73,74,75,76,77,78,79,80,81,82,83,84,85,86,87,88,89,90,91,92,93,94,95,96
Time [s],0,1799.821,3599.758,5399.669,7199.591,8999.513,10799.454,12599.368,14399.281,16199.217,17999.132,19799.048,21598.968,23398.907,25198.816,26998.729,28798.66,30598.612,32398.504,34198.422,35998.348,37798.293,39598.197,41398.12,43198.051,44997.975,46797.9,48597.816,50397.749,52197.631,53997.556,55797.465,57597.39,59397.304,61197.232,62997.141,64797.066,66596.996,68396.927,70196.835,71996.75,73796.684,75596.611,77396.528,79196.461,80996.395,82796.296,84596.214,86396.144,88196.085,89995.979,91795.899,93595.822,95395.741,97195.669,98995.594,100795.52,102595.43,104395.36,106195.269,107995.204,109795.106,111595.047,113394.962,115194.873,116994.792,118794.719,120594.63,122394.557,124194.487,125994.397,127794.312,129594.227,131394.143,133194.064,134993.983,136793.918,138593.83,140393.768,142193.687,143993.61,145793.539,147593.44,149393.349,151193.294,152993.201,154793.136,156593.059,158392.972,160192.914,161992.825,163792.732,165592.675,167392.569,169192.493,170992.414
Temp. [°C],19.6,29.9,29.9,30,30,30,30,29.9,30,30,30,30.1,30.1,30,30,30,30,30,30,30,30,30,30,30,30,30.1,30.1,30,30,30,30,30,30,30,30,30,30,30,30,30,30,30,30,30,30,30,30,30,30,30,30,30,30,30,30,30,30,30,30,29.9,30,30,30,30,30,30,30,30,30.1,30,30.1,30.1,30,30,30,30,30,29.9,30,30,30,30,30,30,30,30,30,30,30.1,30,30,30,30,30,30,30
Mean,0.13488,0.13376,0.1371,0.14106,0.14686,0.15522,0.1653,0.17916,0.19772,0.22228,0.25284,0.29158,0.33952,0.3974,0.4655,0.5423,0.62842,0.72078,0.81698,0.90876,0.98962,1.05476,1.10638,1.1471,1.17906,1.2057,1.22884,1.2497,1.26934,1.28716,1.30086,1.30868,1.31466,1.31834,1.32162,1.32494,1.32652,1.32936,1.33192,1.33458,1.33596,1.33802,1.33922,1.34104,1.34262,1.3429,1.34416,1.34484,1.34668,1.3467,1.34736,1.3479,1.34816,1.3485,1.34848,1.34914,1.34906,1.34926,1.3499,1.3494,1.34842,1.35016,1.34938,1.34904,1.3494,1.34962,1.34842,1.3487,1.3484,1.34896,1.34836,1.3489,1.34826,1.34808,1.3485,1.34762,1.34736,1.34702,1.34688,1.3469,1.34614,1.34644,1.34572,1.34596,1.34504,1.34488,1.34498,1.34408,1.3438,1.34404,1.34428,1.34342,1.34304,1.34254,1.34256,1.3419
StDev,0.013553487,0.012363778,0.011086704,0.010755371,0.010367401,0.009650751,0.008105862,0.006919032,0.006173897,0.008236018,0.014126677,0.022913031,0.03431198,0.045470705,0.05754029,0.068961982,0.080885302,0.092185042,0.101220117,0.106425951,0.107703282,0.106003929,0.103675392,0.100783704,0.098302864,0.096528674,0.095992047,0.095209663,0.095807114,0.095963498,0.094796587,0.093438226,0.092496881,0.092830641,0.091991532,0.092600826,0.092733662,0.092637455,0.092299875,0.093021003,0.093039954,0.093015251,0.092661438,0.092865591,0.09310624,0.092627399,0.093263782,0.093189849,0.093386359,0.093490534,0.093369711,0.093332149,0.093146031,0.093576974,0.093150051,0.09333487,0.093254212,0.093516886,0.093387446,0.093314602,0.093343623,0.093470653,0.093788629,0.093755869,0.093617012,0.093628639,0.093876232,0.093537292,0.094131955,0.093863907,0.093543615,0.093381181,0.093851281,0.093568462,0.093328693,0.09358938,0.093152123,0.09301509,0.092944268,0.093149745,0.093146406,0.093042856,0.093136765,0.093390995,0.092931281,0.092717916,0.092651832,0.092654719,0.092384387,0.091863502,0.091837612,0.092112849,0.091746215,0.091929283,0.091502257,0.091608078
1;2,0.125,0.1258,0.1301,0.1349,0.1414,0.1512,0.1632,0.1798,0.2023,0.2323,0.2712,0.3201,0.3806,0.4524,0.5364,0.6295,0.734,0.8436,0.9543,1.0537,1.1347,1.1962,1.2429,1.2787,1.3063,1.33,1.3515,1.3708,1.3915,1.4089,1.4204,1.4261,1.4313,1.4353,1.4378,1.4424,1.4438,1.4479,1.4493,1.4525,1.455,1.4558,1.4574,1.4589,1.4607,1.4617,1.4628,1.4633,1.4648,1.4656,1.4658,1.4664,1.4664,1.4678,1.4672,1.4678,1.4681,1.4688,1.4686,1.4683,1.4678,1.4679,1.4686,1.4685,1.4683,1.4694,1.4685,1.4684,1.4682,1.4683,1.4677,1.4671,1.4681,1.4673,1.4676,1.4673,1.466,1.4655,1.4661,1.4666,1.4655,1.4656,1.4653,1.4649,1.4639,1.464,1.4642,1.4638,1.4637,1.4625,1.4633,1.4633,1.4623,1.462,1.461,1.4611
2;1,0.1355,0.1346,0.1382,0.1416,0.1479,0.1565,0.1671,0.182,0.2016,0.2277,0.2599,0.3015,0.354,0.4149,0.4855,0.5646,0.652,0.7454,0.8413,0.9338,1.0144,1.0783,1.1296,1.169,1.2,1.2247,1.2472,1.2664,1.2861,1.3035,1.3167,1.3233,1.3282,1.3327,1.3352,1.3383,1.3402,1.3413,1.3449,1.3477,1.3492,1.3512,1.3513,1.3541,1.3561,1.3557,1.358,1.3591,1.3606,1.3612,1.362,1.3624,1.3623,1.363,1.3628,1.3638,1.3629,1.3642,1.3643,1.3644,1.3634,1.3648,1.3635,1.3634,1.3641,1.363,1.3629,1.3635,1.3634,1.3645,1.3637,1.3643,1.3637,1.3636,1.3643,1.3629,1.3633,1.3627,1.3618,1.3619,1.362,1.3624,1.3618,1.3615,1.3615,1.3616,1.361,1.3602,1.3601,1.3604,1.3605,1.3596,1.359,1.3587,1.3588,1.3581
2;2,0.1282,0.1257,0.1291,0.1328,0.1381,0.1458,0.1557,0.1688,0.1872,0.2113,0.2424,0.281,0.3282,0.3852,0.4535,0.5307,0.618,0.7131,0.8123,0.9074,0.9931,1.0625,1.1165,1.1581,1.1911,1.2182,1.243,1.2648,1.2839,1.3034,1.3177,1.3254,1.3315,1.3347,1.337,1.3411,1.342,1.3441,1.3476,1.3502,1.3512,1.3547,1.3554,1.3572,1.3589,1.3588,1.36,1.3608,1.3636,1.3628,1.3641,1.3642,1.3646,1.3644,1.365,1.3654,1.3655,1.365,1.3661,1.3651,1.3636,1.367,1.3655,1.3645,1.3656,1.3658,1.3642,1.3638,1.3648,1.365,1.3635,1.3644,1.3632,1.3628,1.3631,1.3625,1.3617,1.3617,1.3614,1.3607,1.3601,1.3603,1.3587,1.3606,1.3588,1.3578,1.3582,1.3567,1.3558,1.3566,1.3566,1.3551,1.3547,1.3547,1.3545,1.3533
2;3,0.1276,0.1278,0.1322,0.1366,0.1426,0.1515,0.1627,0.1775,0.1974,0.2224,0.2551,0.2962,0.3466,0.4058,0.4738,0.5481,0.6295,0.716,0.8063,0.8932,0.9726,1.037,1.0896,1.1326,1.1662,1.1955,1.2192,1.2418,1.2616,1.2792,1.2938,1.3035,1.3095,1.3131,1.3176,1.3195,1.3222,1.3252,1.3268,1.3303,1.3299,1.3327,1.334,1.3359,1.3371,1.3359,1.3381,1.3383,1.3406,1.3397,1.34,1.341,1.3415,1.3412,1.3406,1.3418,1.3415,1.341,1.343,1.3418,1.3406,1.3443,1.343,1.3426,1.3424,1.3425,1.3406,1.3411,1.3405,1.341,1.3408,1.3426,1.3407,1.3411,1.3409,1.3399,1.3403,1.3398,1.3391,1.3395,1.3382,1.3386,1.3382,1.3391,1.337,1.3364,1.3366,1.3353,1.3344,1.3353,1.3348,1.3338,1.3339,1.3327,1.3337,1.3325
3;2,0.1581,0.1549,0.1559,0.1594,0.1643,0.1711,0.1778,0.1877,0.2001,0.2177,0.2356,0.2591,0.2882,0.3287,0.3783,0.4386,0.5086,0.5858,0.6707,0.7557,0.8333,0.8998,0.9533,0.9971,1.0317,1.0601,1.0833,1.1047,1.1236,1.1408,1.1557,1.1651,1.1728,1.1759,1.1805,1.1834,1.1844,1.1883,1.191,1.1922,1.1945,1.1957,1.198,1.1991,1.2003,1.2024,1.2019,1.2027,1.2038,1.2042,1.2049,1.2055,1.206,1.2061,1.2068,1.2069,1.2073,1.2073,1.2075,1.2074,1.2067,1.2068,1.2063,1.2062,1.2066,1.2074,1.2059,1.2067,1.2051,1.206,1.2061,1.2061,1.2056,1.2056,1.2066,1.2055,1.2055,1.2054,1.206,1.2058,1.2049,1.2053,1.2046,1.2037,1.204,1.2046,1.2049,1.2044,1.205,1.2054,1.2062,1.2053,1.2053,1.2046,1.2048,1.2045
,,,,,,,,,,,,,,,,,,,,,,,,,,,,,,,,,,,,,,,,,,,,,,,,,,,,,,,,,,,,,,,,,,,,,,,,,,,,,,,,,,,,,,,,,,,,,,,,
Cycles / Well,,,,,,,,,,,,,,,,,,,,,,,,,,,,,,,,,,,,,,,,,,,,,,,,,,,,,,,,,,,,,,,,,,,,,,,,,,,,,,,,,,,,,,,,,,,,,,,,
A4,1,2,3,4,5,6,7,8,9,10,11,12,13,14,15,16,17,18,19,20,21,22,23,24,25,26,27,28,29,30,31,32,33,34,35,36,37,38,39,40,41,42,43,44,45,46,47,48,49,50,51,52,53,54,55,56,57,58,59,60,61,62,63,64,65,66,67,68,69,70,71,72,73,74,75,76,77,78,79,80,81,82,83,84,85,86,87,88,89,90,91,92,93,94,95,96
Time [s],0,1799.821,3599.758,5399.669,7199.591,8999.513,10799.454,12599.368,14399.281,16199.217,17999.132,19799.048,21598.968,23398.907,25198.816,26998.729,28798.66,30598.612,32398.504,34198.422,35998.348,37798.293,39598.197,41398.12,43198.051,44997.975,46797.9,48597.816,50397.749,52197.631,53997.556,55797.465,57597.39,59397.304,61197.232,62997.141,64797.066,66596.996,68396.927,70196.835,71996.75,73796.684,75596.611,77396.528,79196.461,80996.395,82796.296,84596.214,86396.144,88196.085,89995.979,91795.899,93595.822,95395.741,97195.669,98995.594,100795.52,102595.43,104395.36,106195.269,107995.204,109795.106,111595.047,113394.962,115194.873,116994.792,118794.719,120594.63,122394.557,124194.487,125994.397,127794.312,129594.227,131394.143,133194.064,134993.983,136793.918,138593.83,140393.768,142193.687,143993.61,145793.539,147593.44,149393.349,151193.294,152993.201,154793.136,156593.059,158392.972,160192.914,161992.825,163792.732,165592.675,167392.569,169192.493,170992.414
Temp. [°C],19.6,29.9,29.9,30,30,30,30,29.9,30,30,30,30.1,30.1,30,30,30,30,30,30,30,30,30,30,30,30,30.1,30.1,30,30,30,30,30,30,30,30,30,30,30,30,30,30,30,30,30,30,30,30,30,30,30,30,30,30,30,30,30,30,30,30,29.9,30,30,30,30,30,30,30,30,30.1,30,30.1,30.1,30,30,30,30,30,29.9,30,30,30,30,30,30,30,30,30,30,30.1,30,30,30,30,30,30,30
Mean,0.1304,0.13034,0.13384,0.13634,0.13766,0.14024,0.14318,0.14682,0.15086,0.1559,0.16146,0.1682,0.17642,0.18726,0.20062,0.2171,0.2369,0.26082,0.28922,0.32422,0.36368,0.40858,0.45758,0.51034,0.56534,0.62222,0.67392,0.71966,0.75792,0.78846,0.81394,0.8345,0.85106,0.86508,0.87814,0.89056,0.8989,0.90674,0.91574,0.92514,0.93232,0.93766,0.94098,0.94372,0.9455,0.946,0.94778,0.94984,0.9528,0.9535,0.9543,0.95574,0.95668,0.95686,0.9575,0.95988,0.9596,0.95996,0.96194,0.961,0.96012,0.96228,0.96116,0.9609,0.96156,0.96096,0.95956,0.96046,0.9597,0.96028,0.95964,0.96092,0.95888,0.95868,0.95824,0.957,0.9569,0.9563,0.9552,0.95512,0.95474,0.95418,0.95314,0.95396,0.9529,0.95188,0.95136,0.95028,0.94914,0.94906,0.9486,0.948,0.94686,0.94666,0.94692,0.94538
StDev,0.012487794,0.010184449,0.007596249,0.005875628,0.004698191,0.004050062,0.00390858,0.004839111,0.006254039,0.008151074,0.010684007,0.013634332,0.017177369,0.021728392,0.027143268,0.034133341,0.042626635,0.053559472,0.066409992,0.082541638,0.102071088,0.123326708,0.146308226,0.170948919,0.196401637,0.221871871,0.24355235,0.261705088,0.274416157,0.283022796,0.290405291,0.295159745,0.299186385,0.302904766,0.306117352,0.309613005,0.311606956,0.312781606,0.314725337,0.314502548,0.314800869,0.315004481,0.314136876,0.313242218,0.312845105,0.31352334,0.313377707,0.312853341,0.31283936,0.313310956,0.31341325,0.313711672,0.314108583,0.314220962,0.314373488,0.314184543,0.313888069,0.314368212,0.31416193,0.314666546,0.314488747,0.314719879,0.314751597,0.314491749,0.314325743,0.314321942,0.313698236,0.313581972,0.313521483,0.313238427,0.312851271,0.312417728,0.312567116,0.312179623,0.311427789,0.311145159,0.31110004,0.31059732,0.310442676,0.309412891,0.309301088,0.308646022,0.308551816,0.307864561,0.307297405,0.306674252,0.306390295,0.306359784,0.305624914,0.305190593,0.30453554,0.304865159,0.303881676,0.303345979,0.302497582,0.302232215
1;2,0.1231,0.1242,0.1296,0.1339,0.136,0.1397,0.144,0.1491,0.1558,0.1636,0.172,0.1826,0.1945,0.2109,0.2314,0.2571,0.2884,0.3278,0.3735,0.43,0.4952,0.5683,0.647,0.7321,0.8203,0.909,0.9879,1.0557,1.1081,1.1486,1.1825,1.2072,1.2281,1.2466,1.2627,1.2788,1.2897,1.2987,1.3102,1.3174,1.3246,1.3309,1.333,1.3345,1.3357,1.3381,1.3401,1.3414,1.3444,1.3462,1.3473,1.3495,1.3509,1.3517,1.3528,1.3544,1.3539,1.3548,1.3553,1.3558,1.3549,1.3555,1.3568,1.3553,1.356,1.356,1.3535,1.3539,1.3538,1.3533,1.3531,1.3528,1.3515,1.3511,1.349,1.3481,1.3473,1.3464,1.3454,1.3442,1.3437,1.3421,1.3412,1.3399,1.339,1.3367,1.3354,1.3357,1.3335,1.3325,1.3312,1.3314,1.3288,1.3279,1.3266,1.3258
2;1,0.1268,0.1287,0.1334,0.1358,0.1383,0.1424,0.1471,0.1525,0.1585,0.1654,0.174,0.1833,0.1954,0.2104,0.228,0.25,0.2762,0.3075,0.3455,0.3926,0.4468,0.508,0.5757,0.648,0.7239,0.8034,0.8747,0.938,0.99,1.0299,1.0632,1.0903,1.1114,1.1293,1.1465,1.1628,1.1735,1.183,1.1936,1.2047,1.2127,1.2176,1.2201,1.2218,1.2235,1.224,1.225,1.2265,1.2288,1.2298,1.2305,1.2315,1.2329,1.233,1.2335,1.2356,1.2351,1.236,1.2384,1.2373,1.236,1.2398,1.2361,1.2369,1.2369,1.2359,1.2346,1.2353,1.2335,1.2345,1.2325,1.234,1.2321,1.231,1.2307,1.2287,1.2289,1.2279,1.2264,1.2251,1.2244,1.2238,1.2223,1.2233,1.2215,1.2206,1.2204,1.2178,1.2164,1.216,1.215,1.2142,1.2126,1.2119,1.2114,1.2088
2;2,0.1254,0.125,0.1295,0.1325,0.1338,0.1362,0.1389,0.1419,0.1456,0.1498,0.1552,0.1608,0.1682,0.1777,0.1901,0.2045,0.2213,0.2412,0.2651,0.295,0.3287,0.3659,0.4064,0.4495,0.4936,0.5395,0.5804,0.6162,0.6482,0.6725,0.6939,0.712,0.7264,0.7375,0.7489,0.76,0.765,0.7715,0.7798,0.7909,0.7976,0.802,0.8065,0.8112,0.8125,0.8102,0.8126,0.8158,0.8211,0.8199,0.8206,0.8228,0.8234,0.8221,0.8226,0.8281,0.8271,0.8271,0.8326,0.83,0.8293,0.8343,0.8323,0.8315,0.8331,0.8312,0.8292,0.8322,0.8316,0.8332,0.8325,0.8362,0.8317,0.8324,0.8325,0.8303,0.8318,0.8299,0.8285,0.8293,0.8297,0.8283,0.8276,0.8313,0.8278,0.8269,0.8263,0.8244,0.8228,0.8244,0.8242,0.8235,0.8223,0.8227,0.8255,0.8224
2;3,0.1241,0.1255,0.1296,0.1329,0.1347,0.1369,0.1393,0.1416,0.1441,0.1474,0.1511,0.155,0.1598,0.1664,0.1753,0.1862,0.1988,0.2149,0.2332,0.2556,0.2811,0.3102,0.3419,0.3767,0.4117,0.4495,0.4846,0.5165,0.5445,0.5686,0.5882,0.6051,0.6185,0.6296,0.6398,0.6495,0.6565,0.6632,0.6707,0.6799,0.6864,0.6917,0.6956,0.6985,0.7007,0.701,0.7031,0.7052,0.7073,0.7073,0.708,0.7091,0.7095,0.7095,0.7096,0.7112,0.7113,0.7113,0.7122,0.7114,0.7105,0.7119,0.7105,0.7105,0.7108,0.7107,0.7095,0.7097,0.7098,0.7099,0.709,0.7107,0.7088,0.7089,0.7091,0.7078,0.7075,0.7072,0.7064,0.7068,0.7063,0.707,0.7057,0.7069,0.7057,0.7048,0.7045,0.7036,0.703,0.7028,0.7027,0.702,0.7017,0.7012,0.702,0.7007
3;2,0.1526,0.1483,0.1471,0.1466,0.1455,0.146,0.1466,0.149,0.1503,0.1533,0.155,0.1593,0.1642,0.1709,0.1783,0.1877,0.1998,0.2127,0.2288,0.2479,0.2666,0.2905,0.3169,0.3454,0.3772,0.4097,0.442,0.4719,0.4988,0.5227,0.5419,0.5579,0.5709,0.5824,0.5928,0.6017,0.6098,0.6173,0.6244,0.6328,0.6403,0.6461,0.6497,0.6526,0.6551,0.6567,0.6581,0.6603,0.6624,0.6643,0.6651,0.6658,0.6667,0.668,0.669,0.6701,0.6706,0.6706,0.6712,0.6705,0.6699,0.6699,0.6701,0.6703,0.671,0.671,0.671,0.6712,0.6698,0.6705,0.6711,0.6709,0.6703,0.67,0.6699,0.6701,0.669,0.6701,0.6693,0.6702,0.6696,0.6697,0.6689,0.6684,0.6705,0.6704,0.6702,0.6699,0.67,0.6696,0.6699,0.6689,0.6689,0.6696,0.6691,0.6692
,,,,,,,,,,,,,,,,,,,,,,,,,,,,,,,,,,,,,,,,,,,,,,,,,,,,,,,,,,,,,,,,,,,,,,,,,,,,,,,,,,,,,,,,,,,,,,,,
Cycles / Well,,,,,,,,,,,,,,,,,,,,,,,,,,,,,,,,,,,,,,,,,,,,,,,,,,,,,,,,,,,,,,,,,,,,,,,,,,,,,,,,,,,,,,,,,,,,,,,,
A5,1,2,3,4,5,6,7,8,9,10,11,12,13,14,15,16,17,18,19,20,21,22,23,24,25,26,27,28,29,30,31,32,33,34,35,36,37,38,39,40,41,42,43,44,45,46,47,48,49,50,51,52,53,54,55,56,57,58,59,60,61,62,63,64,65,66,67,68,69,70,71,72,73,74,75,76,77,78,79,80,81,82,83,84,85,86,87,88,89,90,91,92,93,94,95,96
Time [s],0,1799.821,3599.758,5399.669,7199.591,8999.513,10799.454,12599.368,14399.281,16199.217,17999.132,19799.048,21598.968,23398.907,25198.816,26998.729,28798.66,30598.612,32398.504,34198.422,35998.348,37798.293,39598.197,41398.12,43198.051,44997.975,46797.9,48597.816,50397.749,52197.631,53997.556,55797.465,57597.39,59397.304,61197.232,62997.141,64797.066,66596.996,68396.927,70196.835,71996.75,73796.684,75596.611,77396.528,79196.461,80996.395,82796.296,84596.214,86396.144,88196.085,89995.979,91795.899,93595.822,95395.741,97195.669,98995.594,100795.52,102595.43,104395.36,106195.269,107995.204,109795.106,111595.047,113394.962,115194.873,116994.792,118794.719,120594.63,122394.557,124194.487,125994.397,127794.312,129594.227,131394.143,133194.064,134993.983,136793.918,138593.83,140393.768,142193.687,143993.61,145793.539,147593.44,149393.349,151193.294,152993.201,154793.136,156593.059,158392.972,160192.914,161992.825,163792.732,165592.675,167392.569,169192.493,170992.414
Temp. [°C],19.6,29.9,29.9,30,30,30,30,29.9,30,30,30,30.1,30.1,30,30,30,30,30,30,30,30,30,30,30,30,30.1,30.1,30,30,30,30,30,30,30,30,30,30,30,30,30,30,30,30,30,30,30,30,30,30,30,30,30,30,30,30,30,30,30,30,29.9,30,30,30,30,30,30,30,30,30.1,30,30.1,30.1,30,30,30,30,30,29.9,30,30,30,30,30,30,30,30,30,30,30.1,30,30,30,30,30,30,30
Mean,0.15478,0.1603,0.17016,0.17796,0.18582,0.19552,0.20678,0.22174,0.24064,0.26584,0.29824,0.33872,0.38858,0.44822,0.51616,0.59212,0.67528,0.76298,0.854,0.94342,1.024,1.09092,1.1464,1.18886,1.22236,1.24862,1.27084,1.29078,1.31022,1.32784,1.3451,1.35586,1.36322,1.36818,1.37254,1.37568,1.37786,1.37972,1.38254,1.3844,1.38566,1.38648,1.38716,1.38794,1.38886,1.38946,1.39012,1.39044,1.3917,1.3917,1.39218,1.39236,1.3927,1.3925,1.39254,1.39338,1.39318,1.3935,1.39382,1.39346,1.39228,1.39294,1.39288,1.39286,1.39306,1.39264,1.39176,1.39214,1.3914,1.39184,1.39116,1.3921,1.39122,1.39112,1.39112,1.39016,1.38994,1.38982,1.38944,1.38972,1.38852,1.3889,1.38802,1.3885,1.38778,1.3876,1.38764,1.38722,1.38708,1.38672,1.38642,1.38608,1.3855,1.38524,1.38524,1.38472
StDev,0.010852281,0.010198039,0.009200163,0.009194183,0.010693549,0.011928202,0.013111712,0.014432359,0.016396433,0.019399433,0.023316368,0.027990391,0.034101862,0.041577181,0.049535422,0.058623221,0.068513517,0.077487399,0.086566564,0.092237232,0.093848362,0.092520873,0.090066004,0.087046872,0.085003194,0.083810125,0.082663493,0.082355006,0.082634448,0.082562116,0.082943203,0.081375844,0.07997901,0.079714911,0.077931463,0.078110031,0.07765348,0.077397235,0.076928493,0.077364559,0.07729795,0.077958014,0.077166657,0.077034038,0.077506084,0.077274757,0.077894204,0.077794621,0.077416051,0.077712772,0.07780268,0.07793974,0.077639681,0.077937411,0.078501803,0.0776186,0.077537165,0.07775664,0.077690649,0.07786593,0.077554864,0.076961016,0.078211681,0.07847887,0.078074023,0.078120247,0.078284884,0.078207628,0.078618541,0.078862811,0.078724856,0.078098431,0.078784275,0.078359282,0.078325807,0.07865226,0.07938081,0.078727073,0.078858753,0.079204242,0.079085125,0.07884675,0.078889207,0.078724393,0.078767043,0.078984207,0.078992329,0.079156693,0.079142574,0.07897618,0.0788616,0.079272896,0.079272252,0.079220313,0.079593926,0.079591658
1;2,0.1467,0.1534,0.1658,0.1766,0.1866,0.1973,0.2099,0.2262,0.2476,0.2757,0.3126,0.3595,0.4173,0.4867,0.5661,0.6542,0.7496,0.8503,0.952,1.0474,1.1282,1.1915,1.2425,1.2814,1.3117,1.3354,1.3566,1.3753,1.3944,1.4104,1.4286,1.4371,1.4436,1.4481,1.4508,1.454,1.4554,1.4576,1.4596,1.4619,1.4636,1.4648,1.465,1.4651,1.4662,1.4674,1.468,1.4683,1.4692,1.47,1.4707,1.4706,1.4706,1.4708,1.4712,1.4711,1.4714,1.472,1.4719,1.4721,1.4714,1.4704,1.4718,1.4723,1.4721,1.4724,1.4707,1.4713,1.4715,1.4721,1.4711,1.4713,1.4716,1.4704,1.4704,1.4693,1.4706,1.4697,1.4696,1.4704,1.469,1.469,1.4682,1.4681,1.4681,1.4683,1.468,1.4678,1.4675,1.4673,1.4663,1.4664,1.466,1.4657,1.4661,1.4659
2;1,0.1621,0.1708,0.1824,0.1914,0.202,0.2135,0.2265,0.2431,0.264,0.2925,0.3286,0.3721,0.4251,0.4874,0.5552,0.6315,0.7145,0.7986,0.8885,0.9767,1.0555,1.1221,1.1744,1.2147,1.2468,1.2719,1.2939,1.3135,1.3328,1.3515,1.3675,1.3777,1.3826,1.3889,1.3921,1.3958,1.3982,1.3999,1.4017,1.4036,1.4047,1.4052,1.4063,1.4075,1.4083,1.4086,1.4094,1.4103,1.4115,1.4112,1.412,1.4121,1.4134,1.4123,1.4133,1.4129,1.4128,1.4127,1.4131,1.4134,1.412,1.4119,1.4132,1.4133,1.414,1.4127,1.4127,1.4119,1.4118,1.4128,1.4123,1.4125,1.412,1.412,1.4128,1.4121,1.4112,1.4122,1.4132,1.4127,1.4112,1.4116,1.4117,1.4124,1.4113,1.4109,1.4128,1.4126,1.4124,1.4114,1.4115,1.4116,1.4115,1.4117,1.4106,1.4106
2;2,0.1463,0.1512,0.1624,0.1713,0.1793,0.1888,0.2005,0.2155,0.2349,0.2607,0.2947,0.3377,0.3918,0.4568,0.5321,0.6155,0.7077,0.8037,0.9033,0.9989,1.0839,1.1521,1.209,1.2504,1.284,1.3111,1.3321,1.3526,1.3728,1.3916,1.4094,1.4197,1.4268,1.431,1.4341,1.4371,1.4395,1.4407,1.4439,1.4462,1.4469,1.4486,1.4481,1.449,1.4507,1.4507,1.4525,1.4522,1.453,1.4529,1.4533,1.4541,1.4536,1.4544,1.4546,1.4552,1.4546,1.4552,1.4556,1.4545,1.4524,1.4538,1.4541,1.454,1.4535,1.4532,1.453,1.4537,1.4522,1.4526,1.4522,1.4528,1.4522,1.4523,1.4516,1.4512,1.4513,1.45,1.4491,1.4499,1.4489,1.4492,1.4478,1.448,1.4472,1.4474,1.4466,1.4462,1.4462,1.4459,1.4457,1.4452,1.4444,1.4439,1.4447,1.4437
2;3,0.1485,0.1541,0.1627,0.1683,0.1736,0.1815,0.191,0.204,0.2198,0.2407,0.268,0.3028,0.346,0.3978,0.4593,0.5285,0.6047,0.6872,0.7737,0.8622,0.9444,1.0144,1.0763,1.1224,1.1585,1.1872,1.2106,1.2323,1.2526,1.2691,1.2867,1.2989,1.3077,1.3119,1.3183,1.3214,1.3223,1.3239,1.3281,1.3295,1.331,1.3324,1.3328,1.3338,1.3347,1.3344,1.335,1.3354,1.3373,1.3373,1.337,1.3372,1.3373,1.3364,1.3357,1.3384,1.3369,1.3377,1.3387,1.3382,1.3369,1.3394,1.3372,1.3369,1.3371,1.3361,1.3348,1.3358,1.3351,1.3352,1.3334,1.3362,1.3333,1.3337,1.3338,1.3329,1.3323,1.332,1.3294,1.3303,1.3292,1.3297,1.3279,1.33,1.328,1.327,1.3262,1.3253,1.3254,1.3248,1.3251,1.3252,1.3232,1.3222,1.3236,1.3219
3;2,0.1703,0.172,0.1775,0.1822,0.1876,0.1965,0.206,0.2199,0.2369,0.2596,0.2873,0.3215,0.3627,0.4124,0.4681,0.5309,0.5999,0.6751,0.7525,0.8319,0.908,0.9745,1.0298,1.0754,1.1108,1.1375,1.161,1.1802,1.1985,1.2166,1.2333,1.2459,1.2554,1.261,1.2674,1.2701,1.2739,1.2765,1.2794,1.2808,1.2821,1.2814,1.2836,1.2843,1.2844,1.2862,1.2857,1.286,1.2875,1.2871,1.2879,1.2878,1.2886,1.2886,1.2879,1.2893,1.2902,1.2899,1.2898,1.2891,1.2887,1.2892,1.2881,1.2878,1.2886,1.2888,1.2876,1.288,1.2864,1.2865,1.2868,1.2877,1.287,1.2872,1.287,1.2853,1.2843,1.2852,1.2859,1.2853,1.2843,1.285,1.2845,1.284,1.2843,1.2844,1.2846,1.2842,1.2839,1.2842,1.2835,1.282,1.2824,1.2827,1.2812,1.2815
,,,,,,,,,,,,,,,,,,,,,,,,,,,,,,,,,,,,,,,,,,,,,,,,,,,,,,,,,,,,,,,,,,,,,,,,,,,,,,,,,,,,,,,,,,,,,,,,
Cycles / Well,,,,,,,,,,,,,,,,,,,,,,,,,,,,,,,,,,,,,,,,,,,,,,,,,,,,,,,,,,,,,,,,,,,,,,,,,,,,,,,,,,,,,,,,,,,,,,,,
A6,1,2,3,4,5,6,7,8,9,10,11,12,13,14,15,16,17,18,19,20,21,22,23,24,25,26,27,28,29,30,31,32,33,34,35,36,37,38,39,40,41,42,43,44,45,46,47,48,49,50,51,52,53,54,55,56,57,58,59,60,61,62,63,64,65,66,67,68,69,70,71,72,73,74,75,76,77,78,79,80,81,82,83,84,85,86,87,88,89,90,91,92,93,94,95,96
Time [s],0,1799.821,3599.758,5399.669,7199.591,8999.513,10799.454,12599.368,14399.281,16199.217,17999.132,19799.048,21598.968,23398.907,25198.816,26998.729,28798.66,30598.612,32398.504,34198.422,35998.348,37798.293,39598.197,41398.12,43198.051,44997.975,46797.9,48597.816,50397.749,52197.631,53997.556,55797.465,57597.39,59397.304,61197.232,62997.141,64797.066,66596.996,68396.927,70196.835,71996.75,73796.684,75596.611,77396.528,79196.461,80996.395,82796.296,84596.214,86396.144,88196.085,89995.979,91795.899,93595.822,95395.741,97195.669,98995.594,100795.52,102595.43,104395.36,106195.269,107995.204,109795.106,111595.047,113394.962,115194.873,116994.792,118794.719,120594.63,122394.557,124194.487,125994.397,127794.312,129594.227,131394.143,133194.064,134993.983,136793.918,138593.83,140393.768,142193.687,143993.61,145793.539,147593.44,149393.349,151193.294,152993.201,154793.136,156593.059,158392.972,160192.914,161992.825,163792.732,165592.675,167392.569,169192.493,170992.414
Temp. [°C],19.6,29.9,29.9,30,30,30,30,29.9,30,30,30,30.1,30.1,30,30,30,30,30,30,30,30,30,30,30,30,30.1,30.1,30,30,30,30,30,30,30,30,30,30,30,30,30,30,30,30,30,30,30,30,30,30,30,30,30,30,30,30,30,30,30,30,29.9,30,30,30,30,30,30,30,30,30.1,30,30.1,30.1,30,30,30,30,30,29.9,30,30,30,30,30,30,30,30,30,30,30.1,30,30,30,30,30,30,30
Mean,0.14362,0.15388,0.17422,0.19336,0.21802,0.24848,0.28818,0.33274,0.38446,0.44134,0.50336,0.57384,0.6511,0.73696,0.8324,0.9359,1.04258,1.14672,1.23646,1.30508,1.3553,1.39354,1.42562,1.45358,1.47798,1.50242,1.5245,1.54226,1.5534,1.5591,1.5629,1.56486,1.56766,1.56876,1.57012,1.57106,1.57262,1.57368,1.57544,1.5766,1.5776,1.57812,1.5792,1.57962,1.58026,1.5807,1.58166,1.58216,1.58262,1.58278,1.58358,1.58372,1.58456,1.58462,1.58524,1.58594,1.58632,1.58648,1.58738,1.5875,1.5862,1.58768,1.58816,1.58902,1.58926,1.58956,1.58968,1.58998,1.59,1.59118,1.59104,1.59154,1.59186,1.59224,1.59272,1.59306,1.5933,1.5935,1.59376,1.59452,1.59414,1.59494,1.5952,1.59538,1.59558,1.59624,1.59654,1.59696,1.59734,1.5975,1.59754,1.59778,1.59858,1.59806,1.59866,1.59904
StDev,0.012652944,0.009877095,0.007467396,0.009451085,0.015481667,0.024536646,0.037443651,0.052093215,0.069045405,0.086581309,0.107118803,0.129625819,0.153283561,0.178440881,0.201749659,0.215206018,0.211339045,0.186541194,0.155761783,0.133467719,0.118291695,0.106022606,0.096826014,0.088767629,0.083621271,0.078881126,0.074206064,0.069493546,0.065520798,0.060780342,0.059686724,0.058419415,0.056841824,0.055878243,0.054102606,0.053296932,0.051920391,0.051490553,0.050842728,0.051052032,0.050217377,0.049296825,0.048894938,0.048241497,0.047988988,0.047558911,0.047630641,0.046788278,0.047089776,0.045914943,0.046083804,0.045627371,0.045685041,0.045279653,0.045257574,0.044750732,0.044226203,0.043955568,0.044079043,0.043498908,0.043252399,0.043061549,0.043144038,0.043026585,0.042715548,0.04237255,0.042131722,0.041939146,0.041579081,0.041896921,0.041313049,0.041364937,0.040777849,0.041066933,0.040716545,0.040373234,0.040458435,0.039972803,0.039635249,0.039557389,0.039803806,0.039258031,0.038963765,0.039070091,0.038627413,0.038310612,0.038544364,0.038401016,0.038163635,0.037834706,0.037476966,0.037621895,0.037226496,0.037297292,0.037268727,0.0367123
1;2,0.1323,0.1462,0.173,0.1979,0.2308,0.2709,0.321,0.3745,0.428,0.4798,0.5335,0.5928,0.6607,0.739,0.8308,0.94,1.0527,1.1603,1.2437,1.3195,1.3723,1.4149,1.449,1.4769,1.5003,1.5234,1.545,1.5594,1.5703,1.5746,1.5774,1.5781,1.5795,1.5814,1.5806,1.5807,1.5822,1.5822,1.584,1.5845,1.5841,1.5843,1.5846,1.5848,1.5855,1.5856,1.5874,1.5873,1.5874,1.5868,1.5877,1.5866,1.5886,1.5883,1.5881,1.5884,1.5895,1.5886,1.5888,1.5885,1.5875,1.589,1.59,1.5907,1.5908,1.5908,1.5913,1.5905,1.5907,1.5924,1.592,1.592,1.5922,1.5921,1.5928,1.5938,1.5931,1.5929,1.5932,1.5944,1.5929,1.5938,1.594,1.5928,1.5938,1.5944,1.5953,1.5945,1.5949,1.5961,1.5951,1.5955,1.597,1.5962,1.5965,1.5974
2;1,0.1559,0.1647,0.1824,0.1962,0.2142,0.2348,0.2614,0.2895,0.3216,0.3591,0.3989,0.4453,0.4978,0.5563,0.6244,0.7062,0.8027,0.9173,1.041,1.1401,1.2114,1.2666,1.3109,1.3515,1.3829,1.4138,1.4419,1.4661,1.4814,1.4935,1.4983,1.5019,1.5055,1.5079,1.5118,1.5141,1.5169,1.5188,1.5207,1.5221,1.5239,1.5257,1.5264,1.5277,1.5285,1.5295,1.5298,1.5318,1.5313,1.533,1.5336,1.5349,1.5353,1.5358,1.5367,1.5375,1.5384,1.5391,1.5398,1.5406,1.5397,1.5404,1.5414,1.5422,1.543,1.5437,1.5443,1.5443,1.5449,1.5466,1.5468,1.5469,1.5477,1.5478,1.5485,1.5494,1.5494,1.5501,1.5505,1.5516,1.5509,1.5528,1.5531,1.5534,1.5536,1.5549,1.5546,1.5555,1.5561,1.5561,1.5568,1.5569,1.5587,1.5577,1.5582,1.5593
2;2,0.1384,0.1504,0.1779,0.2042,0.2374,0.279,0.3353,0.3994,0.4778,0.5627,0.6543,0.7554,0.8624,0.9741,1.09,1.2016,1.2975,1.3708,1.4285,1.4711,1.5031,1.5279,1.5481,1.5663,1.5848,1.6039,1.6202,1.6331,1.6391,1.6394,1.6419,1.6427,1.6435,1.6433,1.6428,1.6429,1.643,1.6439,1.6454,1.6459,1.646,1.6452,1.6461,1.6456,1.6458,1.6464,1.6468,1.6462,1.6467,1.6458,1.6469,1.6467,1.6472,1.647,1.6479,1.6478,1.6474,1.6473,1.6482,1.6474,1.6463,1.6466,1.6478,1.6483,1.648,1.6482,1.6481,1.6479,1.6474,1.6493,1.6484,1.6486,1.6488,1.6496,1.6492,1.649,1.6495,1.6492,1.649,1.6496,1.6498,1.6503,1.6502,1.6504,1.6497,1.6501,1.6506,1.6513,1.6512,1.651,1.6505,1.6509,1.651,1.6508,1.6512,1.651
2;3,0.133,0.144,0.1624,0.1795,0.2025,0.2317,0.2711,0.3185,0.3772,0.4473,0.5297,0.6238,0.7256,0.8433,0.9697,1.0906,1.1969,1.277,1.3392,1.3872,1.4252,1.4496,1.4745,1.4969,1.5177,1.539,1.558,1.5736,1.5822,1.5848,1.5885,1.5899,1.5926,1.5925,1.5938,1.5946,1.5947,1.5957,1.5959,1.5994,1.6006,1.601,1.6017,1.602,1.6026,1.6018,1.6032,1.6037,1.6051,1.6043,1.605,1.6054,1.6061,1.6057,1.6064,1.6072,1.6069,1.6075,1.6092,1.6095,1.607,1.6097,1.609,1.6102,1.6106,1.6103,1.6099,1.6111,1.6109,1.6116,1.6112,1.6126,1.6115,1.6123,1.6131,1.613,1.6136,1.6135,1.6135,1.6141,1.6141,1.6139,1.6139,1.6152,1.6151,1.6154,1.6156,1.6159,1.6164,1.6155,1.6161,1.6164,1.617,1.6162,1.6172,1.6167
3;2,0.1585,0.1641,0.1754,0.189,0.2052,0.226,0.2521,0.2818,0.3177,0.3578,0.4004,0.4519,0.509,0.5721,0.6471,0.7411,0.8631,1.0082,1.1299,1.2075,1.2645,1.3087,1.3456,1.3763,1.4042,1.432,1.4574,1.4791,1.494,1.5032,1.5084,1.5117,1.5172,1.5187,1.5216,1.523,1.5263,1.5278,1.5312,1.5311,1.5334,1.5344,1.5372,1.538,1.5389,1.5402,1.5411,1.5418,1.5426,1.544,1.5447,1.545,1.5456,1.5463,1.5471,1.5488,1.5494,1.5499,1.5509,1.5515,1.5505,1.5527,1.5526,1.5537,1.5539,1.5548,1.5548,1.5561,1.5561,1.556,1.5568,1.5576,1.5591,1.5594,1.56,1.5601,1.5609,1.5618,1.5626,1.5629,1.563,1.5639,1.5648,1.5651,1.5657,1.5664,1.5666,1.5676,1.5681,1.5688,1.5692,1.5692,1.5692,1.5694,1.5702,1.5708
,,,,,,,,,,,,,,,,,,,,,,,,,,,,,,,,,,,,,,,,,,,,,,,,,,,,,,,,,,,,,,,,,,,,,,,,,,,,,,,,,,,,,,,,,,,,,,,,
Cycles / Well,,,,,,,,,,,,,,,,,,,,,,,,,,,,,,,,,,,,,,,,,,,,,,,,,,,,,,,,,,,,,,,,,,,,,,,,,,,,,,,,,,,,,,,,,,,,,,,,
A7,1,2,3,4,5,6,7,8,9,10,11,12,13,14,15,16,17,18,19,20,21,22,23,24,25,26,27,28,29,30,31,32,33,34,35,36,37,38,39,40,41,42,43,44,45,46,47,48,49,50,51,52,53,54,55,56,57,58,59,60,61,62,63,64,65,66,67,68,69,70,71,72,73,74,75,76,77,78,79,80,81,82,83,84,85,86,87,88,89,90,91,92,93,94,95,96
Time [s],0,1799.821,3599.758,5399.669,7199.591,8999.513,10799.454,12599.368,14399.281,16199.217,17999.132,19799.048,21598.968,23398.907,25198.816,26998.729,28798.66,30598.612,32398.504,34198.422,35998.348,37798.293,39598.197,41398.12,43198.051,44997.975,46797.9,48597.816,50397.749,52197.631,53997.556,55797.465,57597.39,59397.304,61197.232,62997.141,64797.066,66596.996,68396.927,70196.835,71996.75,73796.684,75596.611,77396.528,79196.461,80996.395,82796.296,84596.214,86396.144,88196.085,89995.979,91795.899,93595.822,95395.741,97195.669,98995.594,100795.52,102595.43,104395.36,106195.269,107995.204,109795.106,111595.047,113394.962,115194.873,116994.792,118794.719,120594.63,122394.557,124194.487,125994.397,127794.312,129594.227,131394.143,133194.064,134993.983,136793.918,138593.83,140393.768,142193.687,143993.61,145793.539,147593.44,149393.349,151193.294,152993.201,154793.136,156593.059,158392.972,160192.914,161992.825,163792.732,165592.675,167392.569,169192.493,170992.414
Temp. [°C],19.6,29.9,29.9,30,30,30,30,29.9,30,30,30,30.1,30.1,30,30,30,30,30,30,30,30,30,30,30,30,30.1,30.1,30,30,30,30,30,30,30,30,30,30,30,30,30,30,30,30,30,30,30,30,30,30,30,30,30,30,30,30,30,30,30,30,29.9,30,30,30,30,30,30,30,30,30.1,30,30.1,30.1,30,30,30,30,30,29.9,30,30,30,30,30,30,30,30,30,30,30.1,30,30,30,30,30,30,30
Mean,0.12786,0.12856,0.1316,0.13372,0.13608,0.1384,0.14058,0.14282,0.14542,0.14844,0.15186,0.15594,0.161,0.16704,0.17458,0.18372,0.19504,0.20938,0.22748,0.25054,0.2794,0.31372,0.35426,0.40128,0.4536,0.5138,0.57668,0.643,0.70686,0.768,0.82504,0.87256,0.91276,0.94378,0.96982,0.99212,1.0096,1.02376,1.03666,1.04878,1.0573,1.06446,1.06984,1.07554,1.0791,1.08126,1.08588,1.08946,1.09472,1.09738,1.101,1.10444,1.1072,1.10904,1.11268,1.11654,1.11854,1.12168,1.12602,1.12694,1.12868,1.13306,1.13332,1.13582,1.13898,1.14008,1.14146,1.1445,1.14534,1.14768,1.14972,1.15294,1.15216,1.15454,1.15568,1.157,1.15894,1.15892,1.1603,1.16162,1.16268,1.16414,1.16438,1.16764,1.1671,1.1675,1.16838,1.16862,1.17044,1.17156,1.1724,1.17384,1.1743,1.17572,1.17796,1.17862
StDev,0.006407652,0.004294531,0.00372827,0.003100323,0.003032656,0.003199219,0.00373189,0.00442685,0.005425588,0.006549275,0.007849395,0.009415572,0.011447489,0.014104538,0.017493342,0.021853421,0.027473951,0.034639529,0.043805901,0.054741785,0.069419198,0.086355758,0.105580055,0.127840123,0.151240355,0.178210199,0.204502682,0.230040507,0.251020921,0.2667796,0.277212379,0.28124457,0.28291273,0.283383807,0.282423763,0.281947827,0.281902421,0.281919728,0.282050382,0.28141181,0.280825756,0.280582756,0.279720276,0.278501433,0.277692339,0.277360709,0.276216033,0.274665711,0.273344795,0.272410897,0.272234228,0.271835305,0.271968914,0.271693758,0.271729023,0.271627425,0.272460718,0.272221118,0.272415348,0.273047401,0.272657591,0.272484354,0.272981377,0.273177629,0.273639657,0.273514007,0.272631405,0.273007692,0.273581876,0.273577488,0.272937002,0.272940457,0.272901801,0.272846748,0.272554576,0.272731498,0.272785599,0.271990316,0.27191986,0.271559656,0.271529735,0.271409991,0.271166272,0.271033878,0.270821851,0.270470775,0.270817775,0.270596142,0.269535272,0.269645736,0.268997788,0.268499642,0.268800791,0.267923174,0.267638138,0.267212232
1;2,0.1232,0.1259,0.13,0.1336,0.1378,0.1414,0.1454,0.1493,0.154,0.159,0.1648,0.1716,0.18,0.1904,0.2034,0.2195,0.2397,0.2655,0.2985,0.3393,0.3919,0.4534,0.5248,0.6072,0.6966,0.7995,0.9034,1.0092,1.1052,1.1895,1.2606,1.3115,1.3515,1.3813,1.4038,1.4235,1.4405,1.454,1.4661,1.4749,1.4825,1.4889,1.493,1.4952,1.4977,1.5006,1.5027,1.5038,1.5067,1.5088,1.5124,1.5148,1.5187,1.5213,1.5247,1.5282,1.5326,1.5353,1.5388,1.5421,1.5431,1.5458,1.5488,1.5519,1.5552,1.5571,1.5577,1.5607,1.5625,1.5653,1.5666,1.5685,1.5692,1.5708,1.5724,1.5739,1.5757,1.5759,1.5772,1.578,1.5789,1.58,1.5805,1.582,1.5833,1.5841,1.5858,1.5865,1.5865,1.5875,1.5873,1.5879,1.5895,1.5897,1.591,1.5918
2;1,0.1302,0.1316,0.1356,0.1377,0.1399,0.142,0.1438,0.1456,0.1475,0.1503,0.153,0.1561,0.1602,0.1649,0.1709,0.1784,0.1879,0.1999,0.214,0.2328,0.2558,0.2831,0.3148,0.3514,0.3928,0.4406,0.4916,0.5457,0.5996,0.653,0.7064,0.7521,0.7924,0.824,0.8514,0.8752,0.8928,0.908,0.9218,0.9342,0.9429,0.9505,0.9567,0.9632,0.9673,0.9699,0.9749,0.98,0.9846,0.9891,0.9925,0.9957,0.9987,1.0005,1.0046,1.0079,1.0091,1.0124,1.0172,1.0189,1.0203,1.0245,1.0247,1.0274,1.0296,1.0317,1.0327,1.0362,1.0367,1.0401,1.0421,1.0445,1.0459,1.0466,1.0505,1.0506,1.0535,1.0537,1.0563,1.058,1.058,1.0608,1.0617,1.0655,1.0661,1.0666,1.0673,1.069,1.07,1.0719,1.0735,1.0755,1.0777,1.079,1.0814,1.0825
2;2,0.1226,0.1238,0.1272,0.1299,0.1325,0.1351,0.1377,0.1399,0.143,0.1461,0.1497,0.1543,0.1599,0.1667,0.1748,0.1847,0.1971,0.2125,0.2322,0.2568,0.2877,0.3248,0.368,0.4191,0.475,0.5402,0.6082,0.6796,0.7483,0.8159,0.8779,0.9311,0.9762,1.0106,1.0403,1.0652,1.0852,1.1008,1.1156,1.1299,1.1389,1.1462,1.152,1.1587,1.1617,1.1642,1.1698,1.1727,1.1781,1.1799,1.1836,1.1871,1.1891,1.1904,1.1941,1.1972,1.1991,1.2024,1.2073,1.2064,1.2089,1.2141,1.2125,1.2149,1.2182,1.219,1.2194,1.2232,1.2243,1.226,1.227,1.2312,1.2298,1.2336,1.2322,1.2339,1.2362,1.2347,1.2358,1.2369,1.2386,1.2399,1.2397,1.2435,1.2417,1.2408,1.2418,1.2414,1.243,1.244,1.2455,1.246,1.2462,1.2476,1.2498,1.2495
2;3,0.1253,0.1272,0.1298,0.1317,0.1336,0.1356,0.1375,0.1395,0.1413,0.1438,0.1469,0.1506,0.1552,0.1603,0.1673,0.1753,0.1849,0.197,0.212,0.2315,0.256,0.2856,0.3223,0.3646,0.4133,0.4679,0.5267,0.5905,0.6521,0.7106,0.7675,0.8158,0.8565,0.8876,0.9132,0.9358,0.9506,0.9637,0.9758,0.991,0.9988,1.0065,1.0106,1.0188,1.0224,1.0203,1.0254,1.0293,1.036,1.0362,1.0392,1.044,1.0451,1.0445,1.0485,1.0546,1.0541,1.0571,1.0634,1.0624,1.0637,1.071,1.0685,1.0701,1.0754,1.0733,1.075,1.0782,1.0786,1.0797,1.0828,1.089,1.0829,1.0865,1.0867,1.0887,1.0899,1.0879,1.0886,1.0899,1.0912,1.0923,1.0908,1.0974,1.0914,1.091,1.0909,1.0884,1.0921,1.0936,1.0929,1.0957,1.0928,1.0941,1.0979,1.0973
3;2,0.138,0.1343,0.1354,0.1357,0.1366,0.1379,0.1385,0.1398,0.1413,0.143,0.1449,0.1471,0.1497,0.1529,0.1565,0.1607,0.1656,0.172,0.1807,0.1923,0.2056,0.2217,0.2414,0.2641,0.2903,0.3208,0.3535,0.39,0.4291,0.471,0.5128,0.5523,0.5872,0.6154,0.6404,0.6609,0.6789,0.6923,0.704,0.7139,0.7234,0.7302,0.7369,0.7418,0.7464,0.7513,0.7566,0.7615,0.7682,0.7729,0.7773,0.7806,0.7844,0.7885,0.7915,0.7948,0.7978,0.8012,0.8034,0.8049,0.8074,0.8099,0.8121,0.8148,0.8165,0.8193,0.8225,0.8242,0.8246,0.8273,0.8301,0.8315,0.833,0.8352,0.8366,0.8379,0.8394,0.8424,0.8436,0.8453,0.8467,0.8477,0.8492,0.8498,0.853,0.855,0.8561,0.8578,0.8606,0.8608,0.8628,0.8641,0.8653,0.8682,0.8697,0.872
,,,,,,,,,,,,,,,,,,,,,,,,,,,,,,,,,,,,,,,,,,,,,,,,,,,,,,,,,,,,,,,,,,,,,,,,,,,,,,,,,,,,,,,,,,,,,,,,
Cycles / Well,,,,,,,,,,,,,,,,,,,,,,,,,,,,,,,,,,,,,,,,,,,,,,,,,,,,,,,,,,,,,,,,,,,,,,,,,,,,,,,,,,,,,,,,,,,,,,,,
A8,1,2,3,4,5,6,7,8,9,10,11,12,13,14,15,16,17,18,19,20,21,22,23,24,25,26,27,28,29,30,31,32,33,34,35,36,37,38,39,40,41,42,43,44,45,46,47,48,49,50,51,52,53,54,55,56,57,58,59,60,61,62,63,64,65,66,67,68,69,70,71,72,73,74,75,76,77,78,79,80,81,82,83,84,85,86,87,88,89,90,91,92,93,94,95,96
Time [s],0,1799.821,3599.758,5399.669,7199.591,8999.513,10799.454,12599.368,14399.281,16199.217,17999.132,19799.048,21598.968,23398.907,25198.816,26998.729,28798.66,30598.612,32398.504,34198.422,35998.348,37798.293,39598.197,41398.12,43198.051,44997.975,46797.9,48597.816,50397.749,52197.631,53997.556,55797.465,57597.39,59397.304,61197.232,62997.141,64797.066,66596.996,68396.927,70196.835,71996.75,73796.684,75596.611,77396.528,79196.461,80996.395,82796.296,84596.214,86396.144,88196.085,89995.979,91795.899,93595.822,95395.741,97195.669,98995.594,100795.52,102595.43,104395.36,106195.269,107995.204,109795.106,111595.047,113394.962,115194.873,116994.792,118794.719,120594.63,122394.557,124194.487,125994.397,127794.312,129594.227,131394.143,133194.064,134993.983,136793.918,138593.83,140393.768,142193.687,143993.61,145793.539,147593.44,149393.349,151193.294,152993.201,154793.136,156593.059,158392.972,160192.914,161992.825,163792.732,165592.675,167392.569,169192.493,170992.414
Temp. [°C],19.6,29.9,29.9,30,30,30,30,29.9,30,30,30,30.1,30.1,30,30,30,30,30,30,30,30,30,30,30,30,30.1,30.1,30,30,30,30,30,30,30,30,30,30,30,30,30,30,30,30,30,30,30,30,30,30,30,30,30,30,30,30,30,30,30,30,29.9,30,30,30,30,30,30,30,30,30.1,30,30.1,30.1,30,30,30,30,30,29.9,30,30,30,30,30,30,30,30,30,30,30.1,30,30,30,30,30,30,30
Mean,0.14028,0.14204,0.148,0.15498,0.16314,0.17332,0.18526,0.20014,0.21742,0.2391,0.26524,0.29726,0.33654,0.38572,0.44362,0.51128,0.5892,0.67408,0.76556,0.86222,0.95938,1.0478,1.12466,1.18386,1.2273,1.25684,1.27978,1.29826,1.31378,1.3282,1.34108,1.35232,1.36348,1.3715,1.3779,1.38384,1.38956,1.3943,1.39926,1.40256,1.40678,1.41016,1.41408,1.41812,1.42212,1.42602,1.43012,1.4332,1.43712,1.44024,1.44428,1.44794,1.45104,1.45474,1.45778,1.4617,1.46506,1.46838,1.4722,1.47444,1.47652,1.4799,1.48248,1.48588,1.48848,1.49086,1.4927,1.49522,1.49688,1.49944,1.5017,1.5044,1.5054,1.50698,1.50866,1.51052,1.51158,1.51336,1.51438,1.5163,1.51726,1.51896,1.51988,1.52098,1.5222,1.52322,1.52432,1.52476,1.52604,1.5269,1.52782,1.5285,1.52946,1.5299,1.531,1.5319
StDev,0.010194214,0.010078343,0.010370391,0.011078448,0.012025722,0.012656895,0.013311386,0.014614479,0.014768785,0.016432133,0.017948064,0.020517505,0.023203297,0.027509944,0.03248926,0.037572423,0.042425464,0.048179996,0.054461711,0.058296715,0.061251669,0.061438262,0.060517626,0.058519168,0.056258111,0.055366443,0.053428148,0.053094802,0.051948407,0.052204262,0.051421999,0.05140678,0.051415338,0.051206152,0.05081058,0.050067035,0.049411416,0.048493711,0.048160804,0.047775077,0.047208972,0.047385103,0.047448467,0.047487704,0.047657654,0.04739116,0.048290548,0.049028512,0.04871044,0.048740671,0.049297028,0.049016915,0.049437162,0.049630918,0.049528345,0.049779112,0.049918814,0.049714354,0.049542457,0.049958913,0.05018981,0.04990516,0.049567802,0.049748839,0.049603851,0.050334213,0.049748467,0.049760094,0.050152537,0.049723767,0.049711618,0.049599647,0.049913575,0.049550954,0.049380695,0.049655684,0.049528446,0.049378416,0.049479056,0.049077388,0.049330751,0.049674974,0.049245274,0.049095387,0.049214835,0.049240857,0.049424154,0.049306217,0.049229544,0.04944679,0.049124709,0.048971982,0.048996153,0.048528291,0.048861897,0.048653725
1;2,0.1323,0.1342,0.141,0.1478,0.1554,0.1654,0.1775,0.1929,0.2122,0.2346,0.2628,0.2972,0.3406,0.3935,0.4555,0.5268,0.605,0.6931,0.7893,0.8888,0.9882,1.0774,1.1531,1.2123,1.2562,1.2859,1.3065,1.3262,1.3399,1.3571,1.3683,1.3797,1.3905,1.3991,1.4048,1.4095,1.4149,1.4191,1.4245,1.4272,1.4313,1.4347,1.4386,1.4423,1.4457,1.4498,1.455,1.459,1.4624,1.4657,1.4703,1.4732,1.4776,1.4813,1.4843,1.4879,1.4926,1.4956,1.4984,1.5011,1.5042,1.5068,1.5096,1.5131,1.5149,1.519,1.5206,1.5227,1.525,1.5271,1.5291,1.5314,1.5332,1.5349,1.5356,1.538,1.5398,1.5405,1.5424,1.544,1.5443,1.547,1.5474,1.5475,1.5502,1.5506,1.5525,1.5527,1.554,1.5554,1.5559,1.5565,1.5579,1.5585,1.5591,1.5607
2;1,0.1465,0.1499,0.1583,0.1663,0.176,0.1865,0.1995,0.2153,0.2329,0.2561,0.2838,0.3176,0.3557,0.4052,0.4615,0.5265,0.6018,0.6835,0.7701,0.8647,0.961,1.049,1.1263,1.1847,1.2283,1.2572,1.2797,1.2992,1.3141,1.3286,1.3407,1.3522,1.3636,1.3714,1.3789,1.3837,1.3912,1.3981,1.403,1.4039,1.4087,1.4111,1.4165,1.4195,1.4235,1.4272,1.4308,1.4338,1.4377,1.4415,1.4452,1.4481,1.4509,1.4545,1.4582,1.4603,1.464,1.4674,1.4709,1.4742,1.4763,1.4781,1.4812,1.4844,1.4867,1.4885,1.4912,1.493,1.4957,1.4966,1.4998,1.5017,1.5033,1.5048,1.5074,1.5091,1.5095,1.5117,1.5125,1.5147,1.5161,1.518,1.5194,1.5201,1.521,1.5217,1.523,1.5246,1.5254,1.5257,1.5278,1.5282,1.5295,1.5293,1.5305,1.531
2;2,0.1358,0.1364,0.142,0.149,0.1574,0.1682,0.1818,0.1973,0.2165,0.2402,0.2703,0.3069,0.3527,0.4097,0.4771,0.5545,0.643,0.7383,0.8409,0.9437,1.0453,1.1338,1.2096,1.2657,1.3049,1.333,1.3542,1.3709,1.3858,1.3989,1.4117,1.4227,1.434,1.4412,1.4471,1.4529,1.4571,1.4597,1.4639,1.4679,1.4711,1.4751,1.4786,1.4833,1.4879,1.4914,1.4965,1.5003,1.504,1.5068,1.5116,1.5156,1.5187,1.5227,1.5253,1.5305,1.5332,1.5363,1.5405,1.5428,1.5446,1.5485,1.5502,1.5539,1.5569,1.5596,1.5603,1.5633,1.5648,1.5674,1.5696,1.5726,1.5735,1.5743,1.5759,1.5779,1.5786,1.5807,1.5814,1.5828,1.5844,1.5859,1.5863,1.5878,1.5884,1.59,1.5909,1.591,1.5922,1.5933,1.5936,1.5941,1.5948,1.5945,1.5964,1.5967
2;3,0.1317,0.134,0.1385,0.1442,0.1508,0.1595,0.1691,0.181,0.196,0.2139,0.2361,0.2632,0.2977,0.3414,0.3941,0.4574,0.532,0.6133,0.7029,0.7988,0.8979,0.988,1.0692,1.1312,1.177,1.2087,1.2347,1.2532,1.2708,1.284,1.2994,1.3106,1.3218,1.3314,1.3364,1.3445,1.3491,1.3537,1.3582,1.3633,1.3666,1.371,1.3735,1.3786,1.3832,1.3864,1.3903,1.3926,1.397,1.3996,1.403,1.407,1.4098,1.4141,1.4172,1.4223,1.4244,1.4283,1.4334,1.4344,1.4362,1.4414,1.4437,1.4472,1.45,1.4521,1.4538,1.4573,1.4583,1.4629,1.4639,1.4675,1.4672,1.4698,1.4719,1.4738,1.4745,1.4762,1.4771,1.4788,1.4799,1.4815,1.4822,1.4847,1.4856,1.4868,1.487,1.486,1.4884,1.4892,1.4891,1.4906,1.4904,1.492,1.4934,1.494
3;2,0.1551,0.1557,0.1602,0.1676,0.1761,0.187,0.1984,0.2142,0.2295,0.2507,0.2732,0.3014,0.336,0.3788,0.4299,0.4912,0.5642,0.6422,0.7246,0.8151,0.9045,0.9908,1.0651,1.1254,1.1701,1.1994,1.2238,1.2418,1.2583,1.2724,1.2853,1.2964,1.3075,1.3144,1.3223,1.3286,1.3355,1.3409,1.3467,1.3505,1.3562,1.3589,1.3632,1.3669,1.3703,1.3753,1.378,1.3803,1.3845,1.3876,1.3913,1.3958,1.3982,1.4011,1.4039,1.4075,1.4111,1.4143,1.4178,1.4197,1.4213,1.4247,1.4277,1.4308,1.4339,1.4351,1.4376,1.4398,1.4406,1.4432,1.4461,1.4488,1.4498,1.4511,1.4525,1.4538,1.4555,1.4577,1.4585,1.4612,1.4616,1.4624,1.4641,1.4648,1.4658,1.467,1.4682,1.4695,1.4702,1.4709,1.4727,1.4731,1.4747,1.4752,1.4756,1.4771
,,,,,,,,,,,,,,,,,,,,,,,,,,,,,,,,,,,,,,,,,,,,,,,,,,,,,,,,,,,,,,,,,,,,,,,,,,,,,,,,,,,,,,,,,,,,,,,,
Cycles / Well,,,,,,,,,,,,,,,,,,,,,,,,,,,,,,,,,,,,,,,,,,,,,,,,,,,,,,,,,,,,,,,,,,,,,,,,,,,,,,,,,,,,,,,,,,,,,,,,
A9,1,2,3,4,5,6,7,8,9,10,11,12,13,14,15,16,17,18,19,20,21,22,23,24,25,26,27,28,29,30,31,32,33,34,35,36,37,38,39,40,41,42,43,44,45,46,47,48,49,50,51,52,53,54,55,56,57,58,59,60,61,62,63,64,65,66,67,68,69,70,71,72,73,74,75,76,77,78,79,80,81,82,83,84,85,86,87,88,89,90,91,92,93,94,95,96
Time [s],0,1799.821,3599.758,5399.669,7199.591,8999.513,10799.454,12599.368,14399.281,16199.217,17999.132,19799.048,21598.968,23398.907,25198.816,26998.729,28798.66,30598.612,32398.504,34198.422,35998.348,37798.293,39598.197,41398.12,43198.051,44997.975,46797.9,48597.816,50397.749,52197.631,53997.556,55797.465,57597.39,59397.304,61197.232,62997.141,64797.066,66596.996,68396.927,70196.835,71996.75,73796.684,75596.611,77396.528,79196.461,80996.395,82796.296,84596.214,86396.144,88196.085,89995.979,91795.899,93595.822,95395.741,97195.669,98995.594,100795.52,102595.43,104395.36,106195.269,107995.204,109795.106,111595.047,113394.962,115194.873,116994.792,118794.719,120594.63,122394.557,124194.487,125994.397,127794.312,129594.227,131394.143,133194.064,134993.983,136793.918,138593.83,140393.768,142193.687,143993.61,145793.539,147593.44,149393.349,151193.294,152993.201,154793.136,156593.059,158392.972,160192.914,161992.825,163792.732,165592.675,167392.569,169192.493,170992.414
Temp. [°C],19.6,29.9,29.9,30,30,30,30,29.9,30,30,30,30.1,30.1,30,30,30,30,30,30,30,30,30,30,30,30,30.1,30.1,30,30,30,30,30,30,30,30,30,30,30,30,30,30,30,30,30,30,30,30,30,30,30,30,30,30,30,30,30,30,30,30,29.9,30,30,30,30,30,30,30,30,30.1,30,30.1,30.1,30,30,30,30,30,29.9,30,30,30,30,30,30,30,30,30,30,30.1,30,30,30,30,30,30,30
Mean,0.13778,0.14128,0.14934,0.15626,0.16364,0.17378,0.18738,0.2051,0.22816,0.2602,0.30208,0.35342,0.41624,0.48908,0.5731,0.66572,0.76504,0.87,0.9712,1.06248,1.13942,1.19842,1.24126,1.2729,1.29604,1.31504,1.32972,1.34248,1.35264,1.36206,1.3703,1.37768,1.38394,1.38762,1.39194,1.39532,1.39808,1.40012,1.40254,1.4042,1.4067,1.40896,1.41082,1.41236,1.41366,1.41552,1.41712,1.41834,1.42006,1.4213,1.4228,1.4235,1.4248,1.42572,1.4268,1.42814,1.42904,1.42968,1.43088,1.4308,1.4306,1.43284,1.43312,1.43428,1.43512,1.4351,1.43614,1.43656,1.43692,1.4372,1.4383,1.43904,1.43928,1.43948,1.43978,1.4406,1.4407,1.44094,1.44162,1.44246,1.44254,1.44324,1.44328,1.4438,1.44406,1.44404,1.44478,1.44478,1.4452,1.44516,1.44584,1.44564,1.44604,1.44654,1.44694,1.44692
StDev,0.010821137,0.010301796,0.009132798,0.008715102,0.008067404,0.008105369,0.008323581,0.009778804,0.012594364,0.017531686,0.025394921,0.035605084,0.048925382,0.063378206,0.078185261,0.092084972,0.103243029,0.110652903,0.112858473,0.110949209,0.107225822,0.102577493,0.09974905,0.097028604,0.095709994,0.09522601,0.093234849,0.093086986,0.092546437,0.092113153,0.091391055,0.09128243,0.091086733,0.091098913,0.090361513,0.089854421,0.089329206,0.08842939,0.088833738,0.088377344,0.08822664,0.088104387,0.087815471,0.087801811,0.087898766,0.088100919,0.088656878,0.088363782,0.089039053,0.088298188,0.088844921,0.088708709,0.08933384,0.088871266,0.088283067,0.088422243,0.08866867,0.088765686,0.089284304,0.088924884,0.089585908,0.090330853,0.08987918,0.089880599,0.089648631,0.089450293,0.089935938,0.090418848,0.090111137,0.090134205,0.090372949,0.090492116,0.090071066,0.089998928,0.090190892,0.09091771,0.090840134,0.089671528,0.090317977,0.090548705,0.090417189,0.089813407,0.089980287,0.090119643,0.090373851,0.089821645,0.08974568,0.089255851,0.089460634,0.089336767,0.089585953,0.089110903,0.089843046,0.08963062,0.090026068,0.089660231
1;2,0.1285,0.1339,0.144,0.1523,0.1614,0.1733,0.1898,0.211,0.2393,0.2783,0.3293,0.3919,0.4681,0.5547,0.6495,0.7518,0.8557,0.9639,1.0635,1.1508,1.2242,1.2781,1.3176,1.3472,1.3696,1.3869,1.3998,1.412,1.4228,1.4312,1.4385,1.4451,1.4522,1.4559,1.4598,1.4615,1.4635,1.4658,1.4684,1.4698,1.4729,1.4742,1.475,1.4761,1.4778,1.4804,1.4823,1.4834,1.4858,1.4862,1.4892,1.4889,1.4914,1.4922,1.4915,1.492,1.4949,1.4952,1.4956,1.4955,1.4966,1.4988,1.4999,1.5013,1.501,1.5016,1.5038,1.5035,1.5042,1.5037,1.5054,1.5052,1.506,1.5068,1.5055,1.5082,1.5084,1.5079,1.5094,1.51,1.5098,1.5106,1.511,1.5106,1.5122,1.5115,1.5129,1.5129,1.5134,1.5134,1.5142,1.5132,1.516,1.5152,1.5164,1.5161
2;1,0.1483,0.153,0.161,0.1679,0.1742,0.183,0.1944,0.2099,0.2291,0.2559,0.2904,0.332,0.3804,0.4372,0.5038,0.5787,0.664,0.7572,0.854,0.9434,1.0251,1.0882,1.1351,1.169,1.1934,1.2118,1.2283,1.242,1.2531,1.2627,1.273,1.2801,1.2864,1.2899,1.2958,1.2982,1.3022,1.306,1.3082,1.3089,1.3124,1.3147,1.316,1.3178,1.3189,1.3198,1.3213,1.323,1.324,1.3266,1.3272,1.3283,1.328,1.3301,1.3317,1.3326,1.3328,1.333,1.3324,1.3328,1.3321,1.3329,1.3348,1.3363,1.3371,1.3376,1.3377,1.337,1.3383,1.3378,1.3384,1.3394,1.3409,1.3406,1.3407,1.3401,1.34,1.342,1.342,1.3422,1.3432,1.3446,1.3443,1.3443,1.3443,1.3452,1.3463,1.3477,1.3469,1.3473,1.3481,1.3485,1.348,1.3485,1.3483,1.3491
2;2,0.1328,0.1358,0.1452,0.154,0.1636,0.1757,0.1925,0.2131,0.2408,0.2788,0.3297,0.3916,0.4678,0.5541,0.6534,0.7595,0.8713,0.983,1.0858,1.1756,1.2473,1.3022,1.3421,1.3708,1.3918,1.4108,1.4236,1.4355,1.4448,1.4538,1.4615,1.4687,1.4741,1.4777,1.4819,1.4844,1.4875,1.4881,1.4913,1.4912,1.4936,1.4955,1.4977,1.4997,1.5012,1.5032,1.5049,1.5056,1.5071,1.5084,1.5092,1.5103,1.5119,1.5127,1.5139,1.5151,1.5156,1.5169,1.5178,1.5175,1.5173,1.5197,1.5198,1.5205,1.522,1.5217,1.5229,1.5235,1.5242,1.524,1.5254,1.5259,1.5271,1.5258,1.5273,1.5275,1.5275,1.5269,1.5281,1.5297,1.53,1.5298,1.5295,1.5297,1.5308,1.5303,1.531,1.5313,1.5308,1.5309,1.5321,1.5311,1.5315,1.5318,1.5321,1.5322
2;3,0.1287,0.1318,0.1396,0.1454,0.1521,0.1608,0.1734,0.1892,0.2111,0.2415,0.2825,0.3344,0.4006,0.4792,0.5715,0.6733,0.7816,0.8945,1.0023,1.0957,1.1745,1.233,1.2765,1.3074,1.3309,1.3507,1.3648,1.3791,1.3882,1.3983,1.4065,1.4148,1.4207,1.4245,1.4275,1.4328,1.4346,1.4359,1.4381,1.4413,1.4428,1.4464,1.4483,1.4497,1.4505,1.4518,1.4544,1.4557,1.4587,1.4589,1.461,1.462,1.4631,1.4631,1.4646,1.4675,1.4672,1.4676,1.4715,1.4708,1.4708,1.4748,1.4732,1.4747,1.4754,1.4745,1.4752,1.4775,1.4762,1.4781,1.4787,1.4812,1.4784,1.4797,1.4808,1.4821,1.482,1.4812,1.4819,1.4826,1.4824,1.4826,1.4831,1.4855,1.4837,1.4837,1.4835,1.4818,1.4839,1.4833,1.4838,1.4844,1.4838,1.4856,1.4862,1.4854
3;2,0.1506,0.1519,0.1569,0.1617,0.1669,0.1761,0.1868,0.2023,0.2205,0.2465,0.2785,0.3172,0.3643,0.4202,0.4873,0.5653,0.6526,0.7514,0.8504,0.9469,1.026,1.0906,1.135,1.1701,1.1945,1.215,1.2321,1.2438,1.2543,1.2643,1.272,1.2797,1.2863,1.2901,1.2947,1.2997,1.3026,1.3048,1.3067,1.3098,1.3118,1.314,1.3171,1.3185,1.3199,1.3224,1.3227,1.324,1.3247,1.3264,1.3274,1.328,1.3296,1.3305,1.3323,1.3335,1.3347,1.3357,1.3371,1.3374,1.3362,1.338,1.3379,1.3386,1.3401,1.3401,1.3411,1.3413,1.3417,1.3424,1.3436,1.3435,1.344,1.3445,1.3446,1.3451,1.3456,1.3467,1.3467,1.3478,1.3473,1.3486,1.3485,1.3489,1.3493,1.3495,1.3502,1.3502,1.351,1.3509,1.351,1.351,1.3509,1.3516,1.3517,1.3518
,,,,,,,,,,,,,,,,,,,,,,,,,,,,,,,,,,,,,,,,,,,,,,,,,,,,,,,,,,,,,,,,,,,,,,,,,,,,,,,,,,,,,,,,,,,,,,,,
Cycles / Well,,,,,,,,,,,,,,,,,,,,,,,,,,,,,,,,,,,,,,,,,,,,,,,,,,,,,,,,,,,,,,,,,,,,,,,,,,,,,,,,,,,,,,,,,,,,,,,,
A10,1,2,3,4,5,6,7,8,9,10,11,12,13,14,15,16,17,18,19,20,21,22,23,24,25,26,27,28,29,30,31,32,33,34,35,36,37,38,39,40,41,42,43,44,45,46,47,48,49,50,51,52,53,54,55,56,57,58,59,60,61,62,63,64,65,66,67,68,69,70,71,72,73,74,75,76,77,78,79,80,81,82,83,84,85,86,87,88,89,90,91,92,93,94,95,96
Time [s],0,1799.821,3599.758,5399.669,7199.591,8999.513,10799.454,12599.368,14399.281,16199.217,17999.132,19799.048,21598.968,23398.907,25198.816,26998.729,28798.66,30598.612,32398.504,34198.422,35998.348,37798.293,39598.197,41398.12,43198.051,44997.975,46797.9,48597.816,50397.749,52197.631,53997.556,55797.465,57597.39,59397.304,61197.232,62997.141,64797.066,66596.996,68396.927,70196.835,71996.75,73796.684,75596.611,77396.528,79196.461,80996.395,82796.296,84596.214,86396.144,88196.085,89995.979,91795.899,93595.822,95395.741,97195.669,98995.594,100795.52,102595.43,104395.36,106195.269,107995.204,109795.106,111595.047,113394.962,115194.873,116994.792,118794.719,120594.63,122394.557,124194.487,125994.397,127794.312,129594.227,131394.143,133194.064,134993.983,136793.918,138593.83,140393.768,142193.687,143993.61,145793.539,147593.44,149393.349,151193.294,152993.201,154793.136,156593.059,158392.972,160192.914,161992.825,163792.732,165592.675,167392.569,169192.493,170992.414
Temp. [°C],19.6,29.9,29.9,30,30,30,30,29.9,30,30,30,30.1,30.1,30,30,30,30,30,30,30,30,30,30,30,30,30.1,30.1,30,30,30,30,30,30,30,30,30,30,30,30,30,30,30,30,30,30,30,30,30,30,30,30,30,30,30,30,30,30,30,30,29.9,30,30,30,30,30,30,30,30,30.1,30,30.1,30.1,30,30,30,30,30,29.9,30,30,30,30,30,30,30,30,30,30,30.1,30,30,30,30,30,30,30
Mean,0.13634,0.1376,0.14412,0.14808,0.15192,0.15654,0.16276,0.17138,0.18318,0.19972,0.2225,0.2534,0.295,0.34866,0.41528,0.49342,0.58438,0.68606,0.79414,0.90194,1.00128,1.08864,1.15404,1.19904,1.23302,1.26026,1.2811,1.29882,1.3127,1.32452,1.3357,1.34514,1.35398,1.36012,1.36596,1.37106,1.37568,1.37982,1.38342,1.38712,1.38934,1.39106,1.3926,1.39426,1.39578,1.39662,1.39844,1.39926,1.40164,1.40232,1.40402,1.4047,1.40558,1.40648,1.40778,1.40884,1.40958,1.41088,1.4123,1.41228,1.41212,1.41444,1.41474,1.41526,1.41634,1.41692,1.41714,1.41824,1.4186,1.41922,1.4197,1.42094,1.42124,1.42194,1.42226,1.42272,1.42308,1.42364,1.4242,1.42474,1.42468,1.42514,1.42548,1.42662,1.42648,1.42688,1.42682,1.42666,1.42706,1.4274,1.42762,1.42834,1.42792,1.42816,1.42824,1.42896
StDev,0.00391829,0.002786575,0.003983968,0.004638103,0.005472385,0.00587052,0.006479429,0.007356426,0.008675656,0.01060811,0.013855504,0.018446138,0.025050848,0.033797899,0.044662423,0.056468593,0.068809752,0.081189919,0.092405427,0.098090382,0.100331834,0.098707107,0.093737282,0.089973124,0.086557709,0.085192241,0.083150135,0.081499337,0.080324311,0.080032912,0.078510127,0.078396384,0.077589316,0.076573344,0.075123352,0.074067456,0.073273099,0.073154815,0.072488013,0.07185198,0.071341243,0.071192647,0.071218642,0.07125888,0.071324764,0.071877166,0.072037129,0.072410276,0.072263116,0.072395076,0.072404503,0.072704677,0.072967575,0.072766421,0.07267986,0.072932729,0.073049517,0.073470178,0.073696913,0.073933768,0.073780194,0.074580111,0.074162679,0.074416551,0.074509348,0.075077174,0.074898384,0.074909499,0.075205286,0.075219758,0.075478639,0.075424651,0.075565488,0.075825213,0.075610171,0.076020076,0.07599521,0.076020445,0.076016446,0.076337101,0.076444143,0.076465371,0.076739345,0.077005824,0.076988096,0.076822796,0.076443227,0.07708987,0.077036439,0.077392506,0.077376043,0.077260812,0.077825555,0.077036147,0.077921775,0.077538075
1;2,0.1325,0.139,0.1463,0.1515,0.1564,0.1619,0.1692,0.1792,0.1931,0.2129,0.2401,0.2774,0.3279,0.393,0.473,0.5656,0.6704,0.7864,0.9065,1.0189,1.1186,1.2014,1.2581,1.2971,1.3264,1.3506,1.3678,1.3828,1.3952,1.4066,1.4147,1.4236,1.4308,1.4358,1.4399,1.4431,1.4469,1.4514,1.454,1.4552,1.4579,1.4594,1.4602,1.4622,1.4638,1.4658,1.4681,1.4689,1.4705,1.4719,1.4735,1.474,1.4759,1.4766,1.4773,1.4781,1.4792,1.4812,1.4818,1.4825,1.4832,1.4859,1.4859,1.4874,1.4879,1.4893,1.4894,1.4909,1.491,1.4913,1.4929,1.4928,1.4949,1.4955,1.4956,1.4965,1.4968,1.4979,1.499,1.4995,1.499,1.4997,1.5008,1.5016,1.5028,1.5027,1.5029,1.5044,1.5036,1.5045,1.5049,1.5056,1.5062,1.5057,1.5066,1.5061
2;1,0.1398,0.1415,0.1501,0.1543,0.1586,0.1631,0.1691,0.1777,0.189,0.2049,0.2268,0.2562,0.2942,0.3437,0.4039,0.4758,0.5592,0.6524,0.7536,0.8558,0.9506,1.0376,1.1043,1.1504,1.1841,1.2105,1.2323,1.2504,1.2655,1.2765,1.2884,1.2979,1.3067,1.3134,1.3213,1.3264,1.332,1.3366,1.3412,1.3449,1.347,1.3489,1.3499,1.3514,1.3521,1.3527,1.3547,1.3556,1.3573,1.359,1.3598,1.3607,1.3621,1.3626,1.365,1.3644,1.3658,1.3671,1.3673,1.3678,1.3675,1.3688,1.3695,1.3701,1.3714,1.3721,1.3726,1.373,1.3739,1.3749,1.3746,1.3759,1.3766,1.3776,1.3776,1.3773,1.3781,1.3785,1.3796,1.3799,1.3798,1.3806,1.3807,1.3809,1.3811,1.3819,1.3823,1.3826,1.3827,1.3829,1.3831,1.3841,1.3837,1.3843,1.3835,1.3846
2;2,0.1325,0.1344,0.1416,0.1466,0.1512,0.1561,0.1631,0.1723,0.1853,0.2027,0.2279,0.2618,0.3082,0.368,0.4433,0.5303,0.6315,0.7439,0.8612,0.9757,1.0789,1.1675,1.2309,1.274,1.3066,1.333,1.3536,1.3709,1.3837,1.3964,1.407,1.4165,1.4246,1.4299,1.435,1.4392,1.4432,1.4475,1.4508,1.454,1.4559,1.4571,1.4592,1.4603,1.4622,1.4635,1.4645,1.4656,1.4677,1.469,1.4708,1.4714,1.4726,1.4738,1.475,1.4757,1.4766,1.4776,1.4795,1.4795,1.478,1.4809,1.4815,1.4821,1.483,1.4846,1.485,1.4851,1.4863,1.4863,1.4868,1.4878,1.4888,1.4895,1.4894,1.4901,1.4901,1.4909,1.4912,1.492,1.4919,1.492,1.4932,1.4942,1.494,1.4939,1.494,1.494,1.4951,1.4953,1.4959,1.4959,1.4966,1.4958,1.4956,1.497
2;3,0.1361,0.1357,0.1407,0.1437,0.1465,0.1508,0.1564,0.1646,0.1758,0.1916,0.2132,0.2424,0.283,0.3348,0.4001,0.4768,0.5682,0.6689,0.7783,0.8879,0.9904,1.0798,1.149,1.1962,1.2309,1.2614,1.2825,1.3006,1.3147,1.3254,1.338,1.3479,1.3584,1.3646,1.3693,1.376,1.3802,1.3829,1.3862,1.393,1.3936,1.396,1.3982,1.4004,1.4018,1.4017,1.4044,1.4058,1.4098,1.4082,1.4104,1.4122,1.4114,1.4118,1.4134,1.417,1.4169,1.4187,1.4219,1.4211,1.4213,1.4248,1.4238,1.4233,1.4257,1.4249,1.4244,1.4268,1.4268,1.4287,1.4285,1.432,1.4286,1.43,1.4309,1.4318,1.4325,1.432,1.4318,1.433,1.434,1.4345,1.4332,1.4363,1.4339,1.4352,1.4332,1.4316,1.4329,1.4336,1.4329,1.4343,1.432,1.4327,1.4348,1.4352
3;2,0.1408,0.1374,0.1419,0.1443,0.1469,0.1508,0.156,0.1631,0.1727,0.1865,0.2045,0.2292,0.2617,0.3038,0.3561,0.4186,0.4926,0.5787,0.6711,0.7714,0.8679,0.9569,1.0279,1.0775,1.1171,1.1458,1.1693,1.1894,1.2044,1.2177,1.2304,1.2398,1.2494,1.2569,1.2643,1.2706,1.2761,1.2807,1.2849,1.2885,1.2923,1.2939,1.2955,1.297,1.299,1.2994,1.3005,1.3004,1.3029,1.3035,1.3056,1.3052,1.3059,1.3076,1.3082,1.309,1.3094,1.3098,1.311,1.3105,1.3106,1.3118,1.313,1.3134,1.3137,1.3137,1.3143,1.3154,1.315,1.3149,1.3157,1.3162,1.3173,1.3171,1.3178,1.3179,1.3179,1.3189,1.3194,1.3193,1.3187,1.3189,1.3195,1.3201,1.3206,1.3207,1.3217,1.3207,1.321,1.3207,1.3213,1.3218,1.3211,1.3223,1.3207,1.3219
,,,,,,,,,,,,,,,,,,,,,,,,,,,,,,,,,,,,,,,,,,,,,,,,,,,,,,,,,,,,,,,,,,,,,,,,,,,,,,,,,,,,,,,,,,,,,,,,
Cycles / Well,,,,,,,,,,,,,,,,,,,,,,,,,,,,,,,,,,,,,,,,,,,,,,,,,,,,,,,,,,,,,,,,,,,,,,,,,,,,,,,,,,,,,,,,,,,,,,,,
A11,1,2,3,4,5,6,7,8,9,10,11,12,13,14,15,16,17,18,19,20,21,22,23,24,25,26,27,28,29,30,31,32,33,34,35,36,37,38,39,40,41,42,43,44,45,46,47,48,49,50,51,52,53,54,55,56,57,58,59,60,61,62,63,64,65,66,67,68,69,70,71,72,73,74,75,76,77,78,79,80,81,82,83,84,85,86,87,88,89,90,91,92,93,94,95,96
Time [s],0,1799.821,3599.758,5399.669,7199.591,8999.513,10799.454,12599.368,14399.281,16199.217,17999.132,19799.048,21598.968,23398.907,25198.816,26998.729,28798.66,30598.612,32398.504,34198.422,35998.348,37798.293,39598.197,41398.12,43198.051,44997.975,46797.9,48597.816,50397.749,52197.631,53997.556,55797.465,57597.39,59397.304,61197.232,62997.141,64797.066,66596.996,68396.927,70196.835,71996.75,73796.684,75596.611,77396.528,79196.461,80996.395,82796.296,84596.214,86396.144,88196.085,89995.979,91795.899,93595.822,95395.741,97195.669,98995.594,100795.52,102595.43,104395.36,106195.269,107995.204,109795.106,111595.047,113394.962,115194.873,116994.792,118794.719,120594.63,122394.557,124194.487,125994.397,127794.312,129594.227,131394.143,133194.064,134993.983,136793.918,138593.83,140393.768,142193.687,143993.61,145793.539,147593.44,149393.349,151193.294,152993.201,154793.136,156593.059,158392.972,160192.914,161992.825,163792.732,165592.675,167392.569,169192.493,170992.414
Temp. [°C],19.6,29.9,29.9,30,30,30,30,29.9,30,30,30,30.1,30.1,30,30,30,30,30,30,30,30,30,30,30,30,30.1,30.1,30,30,30,30,30,30,30,30,30,30,30,30,30,30,30,30,30,30,30,30,30,30,30,30,30,30,30,30,30,30,30,30,29.9,30,30,30,30,30,30,30,30,30.1,30,30.1,30.1,30,30,30,30,30,29.9,30,30,30,30,30,30,30,30,30,30,30.1,30,30,30,30,30,30,30
Mean,0.14076,0.14024,0.14898,0.15562,0.16312,0.1728,0.18538,0.20306,0.22592,0.25712,0.29758,0.34816,0.41164,0.4869,0.57264,0.66912,0.7728,0.8771,0.97096,1.0503,1.11038,1.1491,1.17698,1.19706,1.21276,1.2261,1.23738,1.24744,1.25572,1.26256,1.26978,1.2764,1.28078,1.28382,1.28764,1.29216,1.29614,1.29988,1.3037,1.30732,1.31182,1.31566,1.32002,1.32322,1.32616,1.3281,1.3303,1.33184,1.3339,1.33554,1.33682,1.33896,1.33996,1.34192,1.34326,1.3448,1.3456,1.3465,1.3478,1.34878,1.3485,1.35088,1.3513,1.35218,1.35344,1.35438,1.35508,1.35652,1.35668,1.35868,1.35868,1.35996,1.36042,1.36132,1.36292,1.3633,1.36448,1.36556,1.36582,1.36722,1.36766,1.3683,1.3686,1.36962,1.37032,1.37042,1.3716,1.37158,1.37246,1.37326,1.37348,1.37422,1.37428,1.37514,1.37584,1.37612
StDev,0.007580106,0.008262748,0.007902025,0.00823116,0.008827627,0.010009745,0.011397017,0.013370041,0.015442053,0.018722233,0.023023184,0.028108059,0.034523876,0.04069355,0.047268414,0.053660293,0.060748992,0.065032184,0.06641606,0.064333273,0.061062403,0.058651513,0.056472445,0.055382786,0.054207315,0.053366047,0.05271349,0.052748772,0.052425728,0.052805899,0.052523252,0.052811978,0.051504485,0.051215545,0.051287113,0.050460955,0.049988679,0.049669276,0.049647961,0.049230702,0.049572845,0.049490282,0.049098086,0.048862122,0.048996918,0.049708802,0.049055071,0.049087504,0.049149415,0.048883617,0.048828854,0.048886941,0.048812017,0.048758558,0.049326088,0.048995663,0.049217121,0.049434704,0.049249112,0.04939506,0.049452553,0.049082044,0.049710713,0.049917602,0.049909298,0.049840917,0.050119028,0.049350957,0.049489767,0.049040157,0.049761903,0.049544001,0.049534705,0.049862681,0.049540256,0.049521813,0.049622747,0.049709184,0.04977853,0.050142268,0.049883194,0.050269026,0.050529002,0.050530852,0.050582428,0.050283765,0.050474102,0.050878797,0.050463779,0.050937491,0.051153123,0.050840899,0.05143143,0.051412479,0.051049809,0.050971335
1;2,0.1335,0.1358,0.1464,0.1544,0.1626,0.173,0.1875,0.207,0.2341,0.2695,0.3166,0.3756,0.449,0.5343,0.6313,0.7372,0.8515,0.9617,1.0571,1.1332,1.1882,1.224,1.2484,1.267,1.2809,1.2924,1.303,1.3126,1.3206,1.3277,1.3342,1.3417,1.3438,1.3466,1.3503,1.3535,1.3563,1.3608,1.3632,1.3661,1.3717,1.3754,1.3788,1.3819,1.3847,1.3881,1.389,1.3903,1.3929,1.3947,1.3953,1.3979,1.3986,1.4006,1.4033,1.4037,1.4044,1.4062,1.4074,1.4081,1.408,1.4102,1.411,1.4125,1.4141,1.4142,1.4164,1.4161,1.4168,1.4176,1.4197,1.4196,1.4209,1.422,1.423,1.4228,1.4249,1.4261,1.4262,1.4282,1.4281,1.4288,1.4304,1.4311,1.4317,1.4323,1.4329,1.4336,1.4341,1.4357,1.4369,1.4367,1.4377,1.4384,1.4384,1.4386
2;1,0.1485,0.1523,0.1608,0.1678,0.1759,0.1867,0.2008,0.2204,0.2444,0.2777,0.3193,0.3696,0.4325,0.5045,0.5844,0.6747,0.7701,0.8676,0.9578,1.0335,1.0941,1.1304,1.1585,1.1788,1.194,1.2067,1.2176,1.2282,1.2368,1.243,1.2514,1.2571,1.2616,1.2657,1.2689,1.2741,1.2785,1.2822,1.2864,1.2903,1.2938,1.2972,1.3022,1.3051,1.3079,1.3104,1.3133,1.3143,1.3159,1.3173,1.3187,1.321,1.3226,1.3241,1.3253,1.3265,1.3273,1.3273,1.3286,1.3306,1.3299,1.3322,1.3325,1.3331,1.3344,1.3361,1.3364,1.3375,1.3381,1.3409,1.3396,1.3409,1.342,1.342,1.3445,1.3457,1.3466,1.3481,1.3476,1.3493,1.3499,1.3505,1.3509,1.351,1.3531,1.3528,1.3541,1.3549,1.3557,1.3558,1.3563,1.3567,1.3575,1.3575,1.3591,1.3602
2;2,0.1369,0.1354,0.1445,0.1514,0.1591,0.1692,0.182,0.2004,0.2246,0.2573,0.3005,0.355,0.4233,0.5047,0.5976,0.7018,0.8138,0.9241,1.0209,1.101,1.1596,1.1973,1.2243,1.2437,1.259,1.2728,1.2834,1.294,1.3017,1.3093,1.3164,1.3228,1.3269,1.3292,1.3336,1.3375,1.3419,1.3439,1.3494,1.3527,1.3569,1.3609,1.3654,1.3682,1.3716,1.3733,1.3754,1.3774,1.379,1.3799,1.3819,1.3836,1.3846,1.3866,1.3877,1.3898,1.3912,1.3918,1.3928,1.3942,1.3939,1.3955,1.3971,1.3978,1.3985,1.4001,1.3999,1.4016,1.4014,1.4034,1.403,1.4053,1.4047,1.4064,1.4075,1.4084,1.4088,1.4098,1.4108,1.4122,1.4128,1.4141,1.4135,1.415,1.4157,1.4147,1.417,1.4168,1.4172,1.4182,1.4178,1.419,1.4191,1.4204,1.4208,1.4206
2;3,0.1355,0.1325,0.1406,0.1459,0.152,0.1592,0.1692,0.1833,0.2027,0.2288,0.263,0.3071,0.3633,0.4328,0.5153,0.6079,0.7101,0.8143,0.9106,0.994,1.0593,1.1006,1.1318,1.1521,1.1699,1.1847,1.1978,1.2071,1.2163,1.2228,1.2298,1.2372,1.2428,1.2462,1.2495,1.2554,1.2581,1.2633,1.2656,1.2706,1.2757,1.2794,1.2833,1.2874,1.2905,1.2914,1.2936,1.2956,1.2985,1.3007,1.3014,1.3034,1.3043,1.306,1.3066,1.3094,1.31,1.311,1.3125,1.3126,1.3128,1.3167,1.3154,1.3162,1.3183,1.3187,1.3186,1.3218,1.3212,1.3243,1.3237,1.3257,1.3253,1.3259,1.3288,1.3282,1.3295,1.3304,1.3298,1.3309,1.3305,1.3317,1.3313,1.3337,1.3327,1.333,1.3336,1.3328,1.3343,1.3358,1.3347,1.3363,1.3351,1.3361,1.3371,1.3381
3;2,0.1494,0.1452,0.1526,0.1586,0.166,0.1759,0.1874,0.2042,0.2238,0.2523,0.2885,0.3335,0.3901,0.4582,0.5346,0.624,0.7185,0.8178,0.9084,0.9898,1.0507,1.0932,1.1219,1.1437,1.16,1.1739,1.1851,1.1953,1.2032,1.21,1.2171,1.2232,1.2288,1.2314,1.2359,1.2403,1.2459,1.2492,1.2539,1.2569,1.261,1.2654,1.2704,1.2735,1.2761,1.2773,1.2802,1.2816,1.2832,1.2851,1.2868,1.2889,1.2897,1.2923,1.2934,1.2946,1.2951,1.2962,1.2977,1.2984,1.2979,1.2998,1.3005,1.3013,1.3019,1.3028,1.3041,1.3056,1.3059,1.3072,1.3074,1.3083,1.3092,1.3103,1.3108,1.3114,1.3126,1.3134,1.3147,1.3155,1.317,1.3164,1.3169,1.3173,1.3184,1.3193,1.3204,1.3198,1.321,1.3208,1.3217,1.3224,1.322,1.3233,1.3238,1.3231
,,,,,,,,,,,,,,,,,,,,,,,,,,,,,,,,,,,,,,,,,,,,,,,,,,,,,,,,,,,,,,,,,,,,,,,,,,,,,,,,,,,,,,,,,,,,,,,,
Cycles / Well,,,,,,,,,,,,,,,,,,,,,,,,,,,,,,,,,,,,,,,,,,,,,,,,,,,,,,,,,,,,,,,,,,,,,,,,,,,,,,,,,,,,,,,,,,,,,,,,
A12,1,2,3,4,5,6,7,8,9,10,11,12,13,14,15,16,17,18,19,20,21,22,23,24,25,26,27,28,29,30,31,32,33,34,35,36,37,38,39,40,41,42,43,44,45,46,47,48,49,50,51,52,53,54,55,56,57,58,59,60,61,62,63,64,65,66,67,68,69,70,71,72,73,74,75,76,77,78,79,80,81,82,83,84,85,86,87,88,89,90,91,92,93,94,95,96
Time [s],0,1799.821,3599.758,5399.669,7199.591,8999.513,10799.454,12599.368,14399.281,16199.217,17999.132,19799.048,21598.968,23398.907,25198.816,26998.729,28798.66,30598.612,32398.504,34198.422,35998.348,37798.293,39598.197,41398.12,43198.051,44997.975,46797.9,48597.816,50397.749,52197.631,53997.556,55797.465,57597.39,59397.304,61197.232,62997.141,64797.066,66596.996,68396.927,70196.835,71996.75,73796.684,75596.611,77396.528,79196.461,80996.395,82796.296,84596.214,86396.144,88196.085,89995.979,91795.899,93595.822,95395.741,97195.669,98995.594,100795.52,102595.43,104395.36,106195.269,107995.204,109795.106,111595.047,113394.962,115194.873,116994.792,118794.719,120594.63,122394.557,124194.487,125994.397,127794.312,129594.227,131394.143,133194.064,134993.983,136793.918,138593.83,140393.768,142193.687,143993.61,145793.539,147593.44,149393.349,151193.294,152993.201,154793.136,156593.059,158392.972,160192.914,161992.825,163792.732,165592.675,167392.569,169192.493,170992.414
Temp. [°C],19.6,29.9,29.9,30,30,30,30,29.9,30,30,30,30.1,30.1,30,30,30,30,30,30,30,30,30,30,30,30,30.1,30.1,30,30,30,30,30,30,30,30,30,30,30,30,30,30,30,30,30,30,30,30,30,30,30,30,30,30,30,30,30,30,30,30,29.9,30,30,30,30,30,30,30,30,30.1,30,30.1,30.1,30,30,30,30,30,29.9,30,30,30,30,30,30,30,30,30,30,30.1,30,30,30,30,30,30,30
Mean,0.1327,0.1344,0.13976,0.14318,0.14772,0.1546,0.1647,0.17842,0.19726,0.22474,0.26116,0.30972,0.37368,0.44924,0.53918,0.63882,0.74688,0.85776,0.9582,1.04462,1.1177,1.1709,1.21226,1.24346,1.26792,1.28752,1.30452,1.3187,1.33146,1.34176,1.35054,1.3574,1.36322,1.36812,1.37306,1.3768,1.3798,1.38076,1.38258,1.38434,1.38526,1.388,1.38936,1.39114,1.39294,1.39366,1.39518,1.39638,1.39824,1.39944,1.40068,1.40196,1.40294,1.40414,1.4055,1.4064,1.40726,1.40798,1.4087,1.4094,1.40926,1.41118,1.4117,1.41266,1.41334,1.4138,1.4147,1.41528,1.41574,1.41686,1.4173,1.41862,1.4187,1.41928,1.42,1.42084,1.42146,1.42136,1.42234,1.42368,1.42404,1.42434,1.42506,1.42554,1.42602,1.42614,1.4273,1.42746,1.4283,1.42864,1.42942,1.4293,1.42962,1.43044,1.43088,1.43144
StDev,0.006585211,0.005837808,0.00673075,0.006774732,0.006930873,0.007657676,0.008381826,0.009393721,0.010695934,0.013182678,0.016939244,0.023074488,0.031366256,0.040020845,0.050195587,0.06017389,0.07018217,0.076309816,0.078692598,0.077944993,0.074229947,0.07242113,0.069053841,0.067266247,0.065681253,0.064189033,0.062980291,0.06228792,0.061372412,0.05988241,0.058769916,0.058259463,0.056745326,0.056405026,0.056246938,0.055322645,0.053928518,0.053854461,0.052896852,0.05287403,0.052998472,0.052405677,0.052855444,0.052295296,0.052499362,0.05275408,0.052629431,0.052750564,0.051941871,0.052212288,0.052109135,0.052157722,0.052154223,0.052218321,0.0521225,0.051842695,0.051770339,0.051498854,0.051776781,0.051265047,0.051868661,0.052194751,0.051845058,0.051820392,0.052065324,0.05126651,0.051510776,0.051541314,0.051494155,0.051183962,0.050974651,0.051142663,0.051166249,0.051551499,0.050728641,0.050639491,0.050675221,0.050527943,0.050740349,0.050868428,0.050619739,0.050239457,0.050382169,0.05000458,0.05004435,0.049304341,0.049489241,0.049776983,0.049469283,0.049362921,0.049343764,0.049709054,0.049503404,0.049680711,0.049607782,0.049204553
1;2,0.1292,0.1318,0.1379,0.1423,0.1483,0.1563,0.1684,0.1845,0.2075,0.2407,0.2861,0.3461,0.424,0.5134,0.618,0.7307,0.8499,0.9668,1.0674,1.1499,1.2146,1.2641,1.2987,1.3269,1.3488,1.3649,1.3799,1.3923,1.4038,1.4117,1.4193,1.4252,1.4302,1.4337,1.4386,1.4415,1.4428,1.4443,1.445,1.4469,1.4482,1.45,1.4519,1.453,1.4547,1.457,1.4575,1.4584,1.4595,1.4615,1.4623,1.4636,1.4648,1.466,1.4672,1.4675,1.4681,1.4688,1.4699,1.4702,1.471,1.4739,1.4738,1.4747,1.4756,1.4757,1.4769,1.4776,1.4782,1.4784,1.479,1.4798,1.4803,1.4816,1.4813,1.4821,1.4832,1.4831,1.4841,1.486,1.4866,1.4854,1.4867,1.4862,1.4879,1.488,1.4886,1.49,1.4902,1.4903,1.4915,1.4922,1.4921,1.4934,1.4933,1.4933
2;1,0.1429,0.1435,0.1508,0.1544,0.159,0.1669,0.1775,0.1918,0.2102,0.2372,0.2698,0.3136,0.3699,0.4344,0.5103,0.5961,0.6912,0.7916,0.8885,0.9736,1.0469,1.1011,1.1453,1.1773,1.2023,1.2223,1.24,1.2549,1.268,1.2788,1.2899,1.2963,1.3039,1.3094,1.3148,1.319,1.3235,1.3255,1.3275,1.3298,1.3302,1.3341,1.3339,1.3368,1.3375,1.3387,1.3407,1.3412,1.3435,1.345,1.3459,1.347,1.3484,1.3493,1.3503,1.3516,1.3524,1.3538,1.3544,1.3553,1.3548,1.3561,1.3581,1.3588,1.359,1.3608,1.3608,1.3613,1.3622,1.3634,1.3639,1.3648,1.3651,1.3653,1.367,1.3677,1.3686,1.3692,1.3695,1.3714,1.3715,1.3721,1.3728,1.3738,1.3746,1.3762,1.3769,1.3775,1.3778,1.378,1.3798,1.3788,1.3801,1.3799,1.3809,1.3821
2;2,0.1294,0.1299,0.1347,0.1378,0.142,0.1484,0.158,0.1716,0.1906,0.2185,0.2567,0.3075,0.3755,0.4554,0.5514,0.657,0.7729,0.8882,0.9932,1.0816,1.1569,1.2101,1.2515,1.2829,1.3067,1.3267,1.3434,1.3582,1.3711,1.3813,1.3886,1.396,1.4,1.4057,1.4102,1.4128,1.4154,1.4156,1.4164,1.4185,1.419,1.4216,1.4229,1.424,1.4261,1.4265,1.4288,1.4303,1.4315,1.4326,1.4342,1.4354,1.4369,1.4378,1.4391,1.4396,1.4412,1.4417,1.442,1.4423,1.4418,1.4435,1.4442,1.4453,1.4458,1.4457,1.447,1.4474,1.447,1.4484,1.4489,1.4502,1.4506,1.4515,1.4517,1.4521,1.4524,1.4521,1.4537,1.4547,1.4543,1.4546,1.4555,1.4557,1.4561,1.4548,1.4565,1.4562,1.4566,1.4575,1.4583,1.457,1.4578,1.4577,1.459,1.459
2;3,0.1265,0.1299,0.1344,0.1379,0.1421,0.1483,0.1575,0.1698,0.1875,0.2133,0.2485,0.2963,0.3599,0.4372,0.5299,0.6336,0.7464,0.8624,0.9656,1.0552,1.1296,1.1839,1.2268,1.2575,1.2824,1.303,1.3201,1.3344,1.3463,1.3562,1.3655,1.3717,1.3766,1.3818,1.3869,1.3907,1.3928,1.3936,1.3957,1.3967,1.3979,1.4006,1.4025,1.4046,1.4068,1.406,1.4079,1.4096,1.4111,1.4119,1.4131,1.4146,1.4145,1.4163,1.4177,1.4193,1.4194,1.4196,1.4211,1.4214,1.422,1.4235,1.4238,1.4246,1.4259,1.4252,1.4258,1.4265,1.4277,1.4291,1.4285,1.4313,1.4303,1.4304,1.431,1.4322,1.4325,1.4322,1.433,1.4342,1.4343,1.4361,1.436,1.4374,1.4359,1.4355,1.4376,1.437,1.4386,1.4383,1.4382,1.4393,1.4391,1.4408,1.4409,1.4419
3;2,0.1355,0.1369,0.141,0.1435,0.1472,0.1531,0.1621,0.1744,0.1905,0.214,0.2447,0.2851,0.3391,0.4058,0.4863,0.5767,0.674,0.7798,0.8763,0.9628,1.0405,1.0953,1.139,1.1727,1.1994,1.2207,1.2392,1.2537,1.2681,1.2808,1.2894,1.2978,1.3054,1.31,1.3148,1.32,1.3245,1.3248,1.3283,1.3298,1.331,1.3337,1.3356,1.3373,1.3396,1.3401,1.341,1.3424,1.3456,1.3462,1.3479,1.3492,1.3501,1.3513,1.3532,1.354,1.3552,1.356,1.3561,1.3578,1.3567,1.3589,1.3586,1.3599,1.3604,1.3616,1.363,1.3636,1.3636,1.365,1.3662,1.367,1.3672,1.3676,1.369,1.3701,1.3706,1.3702,1.3714,1.3721,1.3735,1.3735,1.3743,1.3746,1.3756,1.3762,1.3769,1.3766,1.3783,1.3791,1.3793,1.3792,1.379,1.3804,1.3803,1.3809
,,,,,,,,,,,,,,,,,,,,,,,,,,,,,,,,,,,,,,,,,,,,,,,,,,,,,,,,,,,,,,,,,,,,,,,,,,,,,,,,,,,,,,,,,,,,,,,,
Cycles / Well,,,,,,,,,,,,,,,,,,,,,,,,,,,,,,,,,,,,,,,,,,,,,,,,,,,,,,,,,,,,,,,,,,,,,,,,,,,,,,,,,,,,,,,,,,,,,,,,
B1,1,2,3,4,5,6,7,8,9,10,11,12,13,14,15,16,17,18,19,20,21,22,23,24,25,26,27,28,29,30,31,32,33,34,35,36,37,38,39,40,41,42,43,44,45,46,47,48,49,50,51,52,53,54,55,56,57,58,59,60,61,62,63,64,65,66,67,68,69,70,71,72,73,74,75,76,77,78,79,80,81,82,83,84,85,86,87,88,89,90,91,92,93,94,95,96
Time [s],0,1799.821,3599.758,5399.669,7199.591,8999.513,10799.454,12599.368,14399.281,16199.217,17999.132,19799.048,21598.968,23398.907,25198.816,26998.729,28798.66,30598.612,32398.504,34198.422,35998.348,37798.293,39598.197,41398.12,43198.051,44997.975,46797.9,48597.816,50397.749,52197.631,53997.556,55797.465,57597.39,59397.304,61197.232,62997.141,64797.066,66596.996,68396.927,70196.835,71996.75,73796.684,75596.611,77396.528,79196.461,80996.395,82796.296,84596.214,86396.144,88196.085,89995.979,91795.899,93595.822,95395.741,97195.669,98995.594,100795.52,102595.43,104395.36,106195.269,107995.204,109795.106,111595.047,113394.962,115194.873,116994.792,118794.719,120594.63,122394.557,124194.487,125994.397,127794.312,129594.227,131394.143,133194.064,134993.983,136793.918,138593.83,140393.768,142193.687,143993.61,145793.539,147593.44,149393.349,151193.294,152993.201,154793.136,156593.059,158392.972,160192.914,161992.825,163792.732,165592.675,167392.569,169192.493,170992.414
Temp. [°C],19.6,29.9,29.9,30,30,30,30,29.9,30,30,30,30.1,30.1,30,30,30,30,30,30,30,30,30,30,30,30,30.1,30.1,30,30,30,30,30,30,30,30,30,30,30,30,30,30,30,30,30,30,30,30,30,30,30,30,30,30,30,30,30,30,30,30,29.9,30,30,30,30,30,30,30,30,30.1,30,30.1,30.1,30,30,30,30,30,29.9,30,30,30,30,30,30,30,30,30,30,30.1,30,30,30,30,30,30,30
Mean,0.129,0.1297,0.13284,0.1364,0.1404,0.1449,0.14976,0.15488,0.16048,0.16572,0.17186,0.1778,0.18494,0.19318,0.20204,0.2126,0.22582,0.24212,0.26128,0.28392,0.31238,0.34308,0.38036,0.41952,0.46372,0.51592,0.57462,0.63656,0.69542,0.7543,0.80556,0.852,0.8912,0.92764,0.9627,0.99876,1.03828,1.07798,1.11836,1.16576,1.20752,1.23278,1.24928,1.2627,1.27188,1.28028,1.28572,1.28938,1.29456,1.29704,1.30064,1.30378,1.30674,1.30858,1.3109,1.31294,1.31456,1.31724,1.32026,1.32216,1.32366,1.32604,1.3285,1.33152,1.33256,1.33478,1.33568,1.3377,1.33894,1.34046,1.34172,1.34396,1.34514,1.34632,1.34856,1.35074,1.3514,1.3529,1.3535,1.356,1.35624,1.35822,1.35924,1.36028,1.36184,1.36286,1.36426,1.36468,1.36638,1.36766,1.36866,1.36982,1.37046,1.3719,1.37294,1.37472
StDev,0.009143577,0.009416475,0.00925381,0.009261749,0.009304569,0.009141936,0.010054501,0.011209237,0.012556154,0.014987061,0.01830814,0.022196283,0.027513324,0.034372038,0.04169452,0.050368889,0.060821353,0.073765588,0.088688878,0.105955661,0.12698859,0.150648223,0.177097679,0.205515296,0.236894485,0.272039936,0.307778584,0.337644781,0.361330952,0.37707553,0.381504119,0.378886018,0.373497282,0.364644331,0.353508055,0.340978112,0.322817444,0.300420176,0.27705426,0.24100151,0.209067279,0.188865116,0.176178736,0.166082103,0.158225589,0.152995905,0.149017002,0.145549071,0.143180805,0.140350394,0.138807485,0.136951349,0.134906145,0.13266515,0.131711598,0.129628905,0.12849398,0.127360151,0.126271406,0.125078787,0.123961337,0.123337557,0.121533884,0.120131062,0.118911324,0.118536585,0.117435799,0.116152142,0.115347488,0.114677692,0.113626436,0.113141407,0.111581576,0.111309465,0.110092702,0.109748658,0.109342832,0.108452501,0.107770335,0.107091246,0.106956384,0.10594096,0.105740853,0.104637455,0.104192529,0.103501077,0.102609347,0.101810741,0.101829647,0.10092957,0.100964687,0.100038728,0.099269346,0.098859243,0.09780091,0.097660622
1;2,0.122,0.123,0.1267,0.1306,0.135,0.141,0.147,0.154,0.1616,0.1704,0.1803,0.1914,0.204,0.2191,0.237,0.258,0.2833,0.3147,0.3524,0.3973,0.4531,0.5161,0.5879,0.6662,0.7524,0.847,0.9481,1.0409,1.119,1.1883,1.2408,1.2787,1.3089,1.334,1.3555,1.3764,1.3947,1.4106,1.4232,1.4326,1.4389,1.4417,1.4442,1.4454,1.4464,1.4488,1.4493,1.4494,1.4514,1.4514,1.454,1.4539,1.455,1.4546,1.4553,1.4553,1.4542,1.4567,1.459,1.4584,1.4589,1.4611,1.4607,1.4614,1.4614,1.4634,1.4633,1.4635,1.4631,1.4643,1.465,1.4663,1.465,1.4666,1.468,1.4683,1.469,1.4689,1.469,1.4698,1.4697,1.4702,1.4713,1.4708,1.4725,1.4717,1.4725,1.4716,1.4735,1.4736,1.475,1.4746,1.4732,1.4739,1.4731,1.4754
2;1,0.1299,0.1325,0.1385,0.1441,0.1501,0.1562,0.1641,0.1723,0.1807,0.1893,0.1996,0.2094,0.2224,0.2382,0.2536,0.2721,0.2952,0.3235,0.3558,0.3928,0.4386,0.4874,0.5464,0.6069,0.6761,0.7615,0.8548,0.9509,1.0431,1.1265,1.1869,1.2362,1.2727,1.3013,1.3255,1.3494,1.3711,1.3872,1.4038,1.4123,1.4194,1.4237,1.4265,1.4304,1.4311,1.4341,1.4361,1.4362,1.439,1.4383,1.4393,1.4419,1.4424,1.442,1.4436,1.4434,1.4452,1.4459,1.447,1.4485,1.4484,1.45,1.4515,1.4534,1.4531,1.4548,1.4545,1.4553,1.4566,1.4572,1.4565,1.4587,1.4588,1.4591,1.4597,1.4626,1.4622,1.4637,1.4632,1.4658,1.4661,1.4677,1.4681,1.4686,1.469,1.47,1.4702,1.4705,1.472,1.4723,1.473,1.4733,1.4745,1.4756,1.476,1.4769
2;2,0.1246,0.1252,0.1276,0.1311,0.1349,0.1393,0.1435,0.1482,0.1538,0.1589,0.165,0.1709,0.1775,0.1848,0.1928,0.2018,0.2131,0.227,0.2421,0.2597,0.2812,0.3026,0.3295,0.3555,0.3839,0.4188,0.4595,0.5047,0.548,0.5984,0.6436,0.6904,0.7315,0.7711,0.8107,0.8548,0.9015,0.9464,0.9982,1.0561,1.1117,1.1463,1.17,1.1885,1.2005,1.2128,1.2206,1.224,1.2317,1.2342,1.2399,1.2439,1.2466,1.2482,1.2526,1.2543,1.2565,1.2592,1.2636,1.2669,1.2694,1.2714,1.275,1.2802,1.2808,1.2834,1.2842,1.2867,1.289,1.2894,1.2918,1.295,1.2968,1.2981,1.2998,1.3036,1.3041,1.3049,1.3067,1.3101,1.3105,1.3126,1.3135,1.3148,1.3161,1.3177,1.3196,1.3194,1.3211,1.3238,1.3236,1.3263,1.3268,1.329,1.3306,1.3323
2;3,0.124,0.1228,0.125,0.1277,0.1312,0.1351,0.1388,0.1427,0.1473,0.1503,0.1538,0.1569,0.1595,0.1619,0.1643,0.1667,0.1701,0.1747,0.1794,0.1849,0.1926,0.1996,0.2103,0.22,0.2314,0.2471,0.2689,0.2976,0.3305,0.3739,0.4198,0.4656,0.5082,0.5517,0.595,0.6431,0.6999,0.7626,0.8213,0.9055,0.9752,1.0213,1.05,1.0737,1.0916,1.1052,1.1152,1.1231,1.1297,1.1361,1.1409,1.1463,1.1515,1.1564,1.1591,1.1637,1.1661,1.1707,1.1743,1.1766,1.1789,1.1828,1.1872,1.1908,1.1936,1.1964,1.1988,1.2015,1.2039,1.2065,1.2084,1.2113,1.2136,1.2154,1.2192,1.2208,1.2216,1.2246,1.2257,1.2286,1.229,1.2327,1.2337,1.2365,1.2384,1.2394,1.242,1.2438,1.2454,1.2472,1.2482,1.2495,1.2513,1.2528,1.2546,1.2564
3;2,0.1445,0.145,0.1464,0.1485,0.1508,0.1529,0.1554,0.1572,0.159,0.1597,0.1606,0.1604,0.1613,0.1619,0.1625,0.1644,0.1674,0.1707,0.1767,0.1849,0.1964,0.2097,0.2277,0.249,0.2748,0.3052,0.3418,0.3887,0.4365,0.4844,0.5367,0.5891,0.6347,0.6801,0.7268,0.7701,0.8242,0.8831,0.9453,1.0223,1.0924,1.1309,1.1557,1.1755,1.1898,1.2005,1.2074,1.2142,1.221,1.2252,1.2291,1.2329,1.2382,1.2417,1.2439,1.248,1.2508,1.2537,1.2574,1.2604,1.2627,1.2649,1.2681,1.2718,1.2739,1.2759,1.2776,1.2815,1.2821,1.2849,1.2869,1.2885,1.2915,1.2924,1.2961,1.2984,1.3001,1.3024,1.3029,1.3057,1.3059,1.3079,1.3096,1.3107,1.3132,1.3155,1.317,1.3181,1.3199,1.3214,1.3235,1.3254,1.3265,1.3282,1.3304,1.3326
,,,,,,,,,,,,,,,,,,,,,,,,,,,,,,,,,,,,,,,,,,,,,,,,,,,,,,,,,,,,,,,,,,,,,,,,,,,,,,,,,,,,,,,,,,,,,,,,
Cycles / Well,,,,,,,,,,,,,,,,,,,,,,,,,,,,,,,,,,,,,,,,,,,,,,,,,,,,,,,,,,,,,,,,,,,,,,,,,,,,,,,,,,,,,,,,,,,,,,,,
B2,1,2,3,4,5,6,7,8,9,10,11,12,13,14,15,16,17,18,19,20,21,22,23,24,25,26,27,28,29,30,31,32,33,34,35,36,37,38,39,40,41,42,43,44,45,46,47,48,49,50,51,52,53,54,55,56,57,58,59,60,61,62,63,64,65,66,67,68,69,70,71,72,73,74,75,76,77,78,79,80,81,82,83,84,85,86,87,88,89,90,91,92,93,94,95,96
Time [s],0,1799.821,3599.758,5399.669,7199.591,8999.513,10799.454,12599.368,14399.281,16199.217,17999.132,19799.048,21598.968,23398.907,25198.816,26998.729,28798.66,30598.612,32398.504,34198.422,35998.348,37798.293,39598.197,41398.12,43198.051,44997.975,46797.9,48597.816,50397.749,52197.631,53997.556,55797.465,57597.39,59397.304,61197.232,62997.141,64797.066,66596.996,68396.927,70196.835,71996.75,73796.684,75596.611,77396.528,79196.461,80996.395,82796.296,84596.214,86396.144,88196.085,89995.979,91795.899,93595.822,95395.741,97195.669,98995.594,100795.52,102595.43,104395.36,106195.269,107995.204,109795.106,111595.047,113394.962,115194.873,116994.792,118794.719,120594.63,122394.557,124194.487,125994.397,127794.312,129594.227,131394.143,133194.064,134993.983,136793.918,138593.83,140393.768,142193.687,143993.61,145793.539,147593.44,149393.349,151193.294,152993.201,154793.136,156593.059,158392.972,160192.914,161992.825,163792.732,165592.675,167392.569,169192.493,170992.414
Temp. [°C],19.6,29.9,29.9,30,30,30,30,29.9,30,30,30,30.1,30.1,30,30,30,30,30,30,30,30,30,30,30,30,30.1,30.1,30,30,30,30,30,30,30,30,30,30,30,30,30,30,30,30,30,30,30,30,30,30,30,30,30,30,30,30,30,30,30,30,29.9,30,30,30,30,30,30,30,30,30.1,30,30.1,30.1,30,30,30,30,30,29.9,30,30,30,30,30,30,30,30,30,30,30.1,30,30,30,30,30,30,30
Mean,0.14832,0.14214,0.14558,0.1499,0.15612,0.16316,0.17336,0.1866,0.20216,0.22402,0.2505,0.27864,0.31194,0.34932,0.3899,0.43466,0.48134,0.53234,0.58268,0.63114,0.67714,0.71504,0.7461,0.77052,0.79184,0.81242,0.83352,0.85512,0.87338,0.8937,0.91362,0.92952,0.94548,0.95942,0.97216,0.98538,0.99648,1.00426,1.01666,1.02464,1.03328,1.0392,1.04672,1.0535,1.05678,1.0646,1.07184,1.0749,1.08274,1.0855,1.09324,1.09724,1.10214,1.10678,1.11192,1.1152,1.11848,1.12258,1.12796,1.13134,1.13636,1.14036,1.14424,1.14754,1.15034,1.15496,1.1567,1.16068,1.1626,1.16844,1.17042,1.17376,1.17642,1.17948,1.18358,1.1873,1.18838,1.193,1.19498,1.19908,1.20186,1.2051,1.2076,1.21018,1.2125,1.21482,1.21898,1.22006,1.22446,1.22746,1.2292,1.23276,1.23366,1.23626,1.23932,1.24226
StDev,0.010188572,0.009650544,0.010270443,0.01242417,0.015315091,0.018147948,0.023554257,0.029978742,0.038693837,0.050867937,0.06544131,0.081527529,0.100984048,0.122219033,0.145469911,0.171760656,0.199916415,0.229743211,0.261194022,0.28787061,0.313173886,0.331583418,0.344064536,0.354736835,0.363029948,0.370770329,0.37792268,0.384168045,0.390152415,0.395288483,0.400834794,0.402181821,0.401510021,0.39938662,0.397057103,0.393148664,0.389461349,0.384444525,0.38099213,0.377963706,0.374715808,0.371658896,0.369079337,0.366136231,0.362027419,0.359417536,0.356762958,0.353698714,0.351534661,0.348654127,0.346023775,0.3430889,0.339835796,0.337124238,0.334505048,0.331642187,0.328535321,0.326164777,0.323938517,0.320848801,0.318929339,0.317155747,0.315305222,0.312467331,0.310393553,0.308155307,0.305920055,0.303599797,0.300747278,0.298338152,0.295520976,0.294346476,0.291542839,0.290032019,0.287431291,0.285999414,0.283565666,0.281641004,0.279590195,0.278271687,0.276578096,0.273513793,0.272356632,0.270576,0.267586024,0.265236983,0.263853865,0.26194166,0.26093677,0.258924203,0.257227749,0.255570671,0.253086671,0.251739862,0.249909358,0.248829827
1;2,0.1412,0.1363,0.1412,0.1452,0.1521,0.1612,0.1726,0.1891,0.2088,0.236,0.2679,0.3031,0.3424,0.3859,0.4352,0.4858,0.5391,0.5961,0.6499,0.7042,0.7608,0.8096,0.8446,0.8817,0.9085,0.9374,0.9687,1.0002,1.0226,1.0543,1.0875,1.1076,1.1312,1.1516,1.1673,1.1837,1.1956,1.1986,1.2137,1.225,1.2348,1.2413,1.2502,1.2565,1.2554,1.265,1.2735,1.2714,1.283,1.2832,1.2947,1.2963,1.2994,1.303,1.3062,1.3054,1.3064,1.31,1.316,1.3159,1.3219,1.3265,1.3301,1.3273,1.3302,1.3352,1.3362,1.3395,1.3373,1.345,1.3445,1.3482,1.3476,1.3536,1.3565,1.3597,1.3592,1.3644,1.3642,1.3675,1.3688,1.3719,1.3735,1.3749,1.3738,1.3748,1.3794,1.3776,1.3839,1.3859,1.3879,1.3883,1.3881,1.3893,1.3911,1.3941
2;1,0.1507,0.1454,0.1523,0.1588,0.1676,0.1766,0.1911,0.2094,0.2309,0.2625,0.3028,0.3483,0.4056,0.4707,0.5429,0.6259,0.714,0.8091,0.9096,0.9978,1.0803,1.1428,1.1901,1.2258,1.2572,1.2848,1.3109,1.3358,1.3609,1.382,1.4038,1.4175,1.4262,1.4305,1.4341,1.4353,1.4375,1.4379,1.4394,1.4408,1.442,1.4429,1.4434,1.4444,1.4442,1.4454,1.4471,1.4484,1.4492,1.4502,1.4502,1.4506,1.4528,1.4533,1.4553,1.456,1.4564,1.4576,1.4589,1.4597,1.46,1.4607,1.4618,1.4645,1.465,1.4656,1.4656,1.4656,1.4672,1.4683,1.4686,1.4701,1.4712,1.4711,1.4723,1.4736,1.4727,1.4744,1.4751,1.4776,1.478,1.478,1.4796,1.4797,1.4802,1.4805,1.4822,1.4823,1.484,1.484,1.4834,1.4855,1.4846,1.4858,1.4868,1.488
2;2,0.1426,0.1348,0.1372,0.1404,0.1451,0.1514,0.1592,0.1702,0.1838,0.2013,0.2234,0.2471,0.2752,0.3073,0.3416,0.3787,0.4163,0.4577,0.4956,0.5342,0.5699,0.5991,0.628,0.6449,0.6629,0.6809,0.6994,0.7187,0.7334,0.7525,0.7678,0.7828,0.7989,0.8148,0.8278,0.8457,0.8581,0.8645,0.8811,0.8875,0.8979,0.9042,0.914,0.9224,0.9256,0.9385,0.9475,0.9504,0.9629,0.9637,0.9764,0.9814,0.9869,0.9936,1.0025,1.0052,1.0103,1.0144,1.0221,1.0288,1.0346,1.0421,1.0458,1.051,1.0516,1.0588,1.0592,1.0645,1.0676,1.0722,1.0751,1.0785,1.0823,1.0841,1.09,1.0949,1.0963,1.102,1.1035,1.1091,1.1133,1.1147,1.1172,1.1221,1.1238,1.1267,1.1332,1.1341,1.1402,1.1448,1.1455,1.1525,1.1515,1.1548,1.1594,1.1627
2;3,0.1419,0.1365,0.137,0.1382,0.1397,0.141,0.1428,0.145,0.1455,0.1476,0.1503,0.152,0.1544,0.1587,0.1639,0.1707,0.1779,0.1878,0.1981,0.2112,0.2235,0.2363,0.2487,0.2579,0.2672,0.2751,0.2839,0.2943,0.3041,0.3143,0.3254,0.3376,0.3519,0.3656,0.379,0.3937,0.4083,0.4235,0.4373,0.45,0.462,0.4724,0.4819,0.492,0.5022,0.5114,0.5217,0.53,0.5386,0.5472,0.5564,0.5646,0.575,0.583,0.591,0.599,0.6069,0.6149,0.6228,0.6302,0.6374,0.6429,0.6497,0.6573,0.6644,0.6715,0.6777,0.6846,0.6915,0.7014,0.7081,0.7133,0.7205,0.7265,0.7343,0.7397,0.7449,0.7523,0.758,0.7637,0.7685,0.7777,0.7822,0.7867,0.7944,0.8006,0.8061,0.8105,0.8158,0.8213,0.8262,0.8311,0.8371,0.8416,0.8471,0.8516
3;2,0.1652,0.1577,0.1602,0.1669,0.1761,0.1856,0.2011,0.2193,0.2418,0.2727,0.3081,0.3427,0.3821,0.424,0.4659,0.5122,0.5594,0.611,0.6602,0.7083,0.7512,0.7874,0.8191,0.8423,0.8634,0.8839,0.9047,0.9266,0.9459,0.9654,0.9836,1.0021,1.0192,1.0346,1.0526,1.0685,1.0829,1.0968,1.1118,1.1199,1.1297,1.1352,1.1441,1.1522,1.1565,1.1627,1.1694,1.1743,1.18,1.1832,1.1885,1.1933,1.1966,1.201,1.2046,1.2104,1.2124,1.216,1.22,1.2221,1.2279,1.2296,1.2338,1.2376,1.2405,1.2437,1.2448,1.2492,1.2494,1.2553,1.2558,1.2587,1.2605,1.2621,1.2648,1.2686,1.2688,1.2719,1.2741,1.2775,1.2807,1.2832,1.2855,1.2875,1.2903,1.2915,1.294,1.2958,1.2984,1.3013,1.303,1.3064,1.307,1.3098,1.3122,1.3149
,,,,,,,,,,,,,,,,,,,,,,,,,,,,,,,,,,,,,,,,,,,,,,,,,,,,,,,,,,,,,,,,,,,,,,,,,,,,,,,,,,,,,,,,,,,,,,,,
Cycles / Well,,,,,,,,,,,,,,,,,,,,,,,,,,,,,,,,,,,,,,,,,,,,,,,,,,,,,,,,,,,,,,,,,,,,,,,,,,,,,,,,,,,,,,,,,,,,,,,,
B3,1,2,3,4,5,6,7,8,9,10,11,12,13,14,15,16,17,18,19,20,21,22,23,24,25,26,27,28,29,30,31,32,33,34,35,36,37,38,39,40,41,42,43,44,45,46,47,48,49,50,51,52,53,54,55,56,57,58,59,60,61,62,63,64,65,66,67,68,69,70,71,72,73,74,75,76,77,78,79,80,81,82,83,84,85,86,87,88,89,90,91,92,93,94,95,96
Time [s],0,1799.821,3599.758,5399.669,7199.591,8999.513,10799.454,12599.368,14399.281,16199.217,17999.132,19799.048,21598.968,23398.907,25198.816,26998.729,28798.66,30598.612,32398.504,34198.422,35998.348,37798.293,39598.197,41398.12,43198.051,44997.975,46797.9,48597.816,50397.749,52197.631,53997.556,55797.465,57597.39,59397.304,61197.232,62997.141,64797.066,66596.996,68396.927,70196.835,71996.75,73796.684,75596.611,77396.528,79196.461,80996.395,82796.296,84596.214,86396.144,88196.085,89995.979,91795.899,93595.822,95395.741,97195.669,98995.594,100795.52,102595.43,104395.36,106195.269,107995.204,109795.106,111595.047,113394.962,115194.873,116994.792,118794.719,120594.63,122394.557,124194.487,125994.397,127794.312,129594.227,131394.143,133194.064,134993.983,136793.918,138593.83,140393.768,142193.687,143993.61,145793.539,147593.44,149393.349,151193.294,152993.201,154793.136,156593.059,158392.972,160192.914,161992.825,163792.732,165592.675,167392.569,169192.493,170992.414
Temp. [°C],19.6,29.9,29.9,30,30,30,30,29.9,30,30,30,30.1,30.1,30,30,30,30,30,30,30,30,30,30,30,30,30.1,30.1,30,30,30,30,30,30,30,30,30,30,30,30,30,30,30,30,30,30,30,30,30,30,30,30,30,30,30,30,30,30,30,30,29.9,30,30,30,30,30,30,30,30,30.1,30,30.1,30.1,30,30,30,30,30,29.9,30,30,30,30,30,30,30,30,30,30,30.1,30,30,30,30,30,30,30
Mean,0.1507,0.14172,0.14564,0.1497,0.15446,0.16028,0.16778,0.17748,0.19088,0.20866,0.23278,0.26444,0.30528,0.3536,0.40942,0.47386,0.5458,0.62548,0.70774,0.7886,0.86438,0.93206,0.9914,1.03984,1.07754,1.11018,1.13772,1.16138,1.18264,1.20158,1.21434,1.22224,1.22666,1.22898,1.23172,1.23496,1.23746,1.23762,1.24022,1.24074,1.24322,1.24444,1.24662,1.24802,1.24892,1.25082,1.2524,1.25324,1.2545,1.25526,1.25678,1.25708,1.25806,1.25822,1.2592,1.25998,1.2611,1.26108,1.2623,1.26284,1.26328,1.26474,1.26548,1.26664,1.26624,1.2674,1.26674,1.268,1.2679,1.26828,1.26868,1.26986,1.27074,1.27046,1.27152,1.27128,1.27198,1.27254,1.273,1.27388,1.2739,1.27388,1.27412,1.27456,1.2747,1.27472,1.27672,1.27594,1.27636,1.27692,1.27688,1.27792,1.27752,1.2778,1.27856,1.27858
StDev,0.01113261,0.009510888,0.00722724,0.006352165,0.0062919,0.007132461,0.008692928,0.011427029,0.014565439,0.019137346,0.024942374,0.032825798,0.04301659,0.054034804,0.065329373,0.076799271,0.091149136,0.106304642,0.120573227,0.132358755,0.143158084,0.14911453,0.151379573,0.15278067,0.152893698,0.153200219,0.152685893,0.153137396,0.153339437,0.153002833,0.150675622,0.150138346,0.149053692,0.148252106,0.148201727,0.147693104,0.148242278,0.149099353,0.149631437,0.150400093,0.150503362,0.150835168,0.151593987,0.151128694,0.152519055,0.153053772,0.153033689,0.153533133,0.15382451,0.154553593,0.154285715,0.154726588,0.155908733,0.155983772,0.156671392,0.157635091,0.157661885,0.157901906,0.157874555,0.158159786,0.157961916,0.158253256,0.158806634,0.159230534,0.160161116,0.159929078,0.160835422,0.160800389,0.161384153,0.16190748,0.163208324,0.162608834,0.162697689,0.162740078,0.162720533,0.163265817,0.163495526,0.163922308,0.164055616,0.163810125,0.164701852,0.164787035,0.165390468,0.165274765,0.165640545,0.166153775,0.164996551,0.166155298,0.166727571,0.166194726,0.166709709,0.166455571,0.166929392,0.166933595,0.166457676,0.16723949
1;2,0.1411,0.1337,0.1399,0.1452,0.1509,0.1575,0.1663,0.1774,0.1922,0.212,0.2386,0.2747,0.3212,0.3775,0.4448,0.5227,0.6111,0.7098,0.8093,0.9048,0.9941,1.0693,1.1318,1.1817,1.2204,1.2543,1.2799,1.3052,1.3269,1.3449,1.3541,1.3621,1.365,1.3662,1.3691,1.3712,1.3743,1.3759,1.3793,1.3809,1.3825,1.3836,1.3873,1.3882,1.3923,1.394,1.3953,1.3963,1.3975,1.3991,1.4006,1.401,1.4039,1.4043,1.4056,1.4083,1.4095,1.4097,1.4108,1.4111,1.4112,1.4125,1.4139,1.415,1.4161,1.4167,1.4173,1.4184,1.4185,1.4203,1.4224,1.422,1.4232,1.4229,1.424,1.4234,1.4249,1.4257,1.4265,1.4272,1.4285,1.4284,1.4294,1.4298,1.4312,1.4312,1.4309,1.4329,1.4336,1.433,1.434,1.4344,1.4349,1.4358,1.4356,1.4358
2;1,0.1539,0.142,0.148,0.154,0.1616,0.1705,0.1814,0.1957,0.2142,0.2392,0.2723,0.3158,0.3717,0.4349,0.5037,0.5794,0.6656,0.7579,0.8532,0.9436,1.0281,1.1002,1.1607,1.21,1.2472,1.2784,1.3057,1.3284,1.3498,1.3677,1.3787,1.3857,1.3894,1.3909,1.394,1.3971,1.3997,1.4012,1.4035,1.4055,1.4088,1.4106,1.4127,1.4138,1.4154,1.4175,1.4192,1.4214,1.423,1.4249,1.425,1.4261,1.4282,1.4284,1.4304,1.432,1.4328,1.4336,1.4348,1.4353,1.4356,1.4365,1.4383,1.44,1.4405,1.4414,1.4417,1.4428,1.444,1.4449,1.4462,1.4467,1.4474,1.4475,1.4486,1.4491,1.4495,1.4506,1.4508,1.4515,1.4522,1.4533,1.4538,1.4534,1.4542,1.4552,1.4563,1.4567,1.4578,1.4579,1.4584,1.4589,1.4592,1.4589,1.4593,1.4605
2;2,0.1474,0.1376,0.1418,0.1456,0.15,0.1552,0.1627,0.1714,0.184,0.1998,0.2222,0.2522,0.2904,0.3373,0.3924,0.4572,0.528,0.6089,0.6892,0.7704,0.846,0.9143,0.9746,1.0244,1.0617,1.0965,1.1265,1.1509,1.1718,1.1936,1.2076,1.215,1.2195,1.2225,1.2239,1.2276,1.231,1.2289,1.2328,1.2311,1.234,1.2356,1.2381,1.2392,1.2379,1.2421,1.2439,1.2435,1.2454,1.245,1.2486,1.2488,1.2484,1.2483,1.2493,1.2484,1.2502,1.2489,1.2503,1.2527,1.2533,1.2576,1.257,1.2589,1.2574,1.2593,1.2578,1.2596,1.2587,1.2572,1.2577,1.2611,1.2621,1.2612,1.262,1.2632,1.2639,1.2646,1.2655,1.2661,1.2658,1.2638,1.2645,1.2664,1.264,1.2641,1.2679,1.2637,1.2645,1.2662,1.265,1.2675,1.2657,1.266,1.2675,1.2679
2;3,0.1426,0.1374,0.1412,0.1449,0.1488,0.1535,0.1586,0.1651,0.175,0.1881,0.206,0.2298,0.2606,0.2973,0.3409,0.3926,0.4498,0.5142,0.5827,0.6518,0.7174,0.7794,0.8375,0.8856,0.9241,0.9572,0.9859,1.0094,1.0305,1.0505,1.0645,1.0732,1.0797,1.0822,1.0853,1.0885,1.0904,1.0903,1.0912,1.0921,1.0942,1.0952,1.0962,1.0984,1.0989,1.0998,1.1009,1.1008,1.1026,1.1024,1.1039,1.1035,1.1035,1.1039,1.104,1.104,1.105,1.1051,1.1063,1.1066,1.1069,1.1089,1.1082,1.1088,1.1074,1.1089,1.1076,1.1093,1.109,1.1077,1.1079,1.1093,1.1098,1.1102,1.1108,1.11,1.1098,1.1103,1.11,1.1112,1.1106,1.1101,1.1101,1.1108,1.1098,1.1096,1.1128,1.1124,1.1122,1.1123,1.1119,1.113,1.1127,1.1127,1.1131,1.1126
3;2,0.1685,0.1579,0.1573,0.1588,0.161,0.1647,0.1699,0.1778,0.189,0.2042,0.2248,0.2497,0.2825,0.321,0.3653,0.4174,0.4745,0.5366,0.6043,0.6724,0.7363,0.7971,0.8524,0.8975,0.9343,0.9645,0.9906,1.013,1.0342,1.0512,1.0668,1.0752,1.0797,1.0831,1.0863,1.0904,1.0919,1.0918,1.0943,1.0941,1.0966,1.0972,1.0988,1.1005,1.1001,1.1007,1.1027,1.1042,1.104,1.1049,1.1058,1.106,1.1063,1.1062,1.1067,1.1072,1.108,1.1081,1.1093,1.1085,1.1094,1.1082,1.11,1.1105,1.1098,1.1107,1.1093,1.1099,1.1093,1.1113,1.1092,1.1102,1.1112,1.1105,1.1122,1.1107,1.1118,1.1115,1.1122,1.1134,1.1124,1.1138,1.1128,1.1124,1.1143,1.1135,1.1157,1.114,1.1137,1.1152,1.1151,1.1158,1.1151,1.1156,1.1173,1.1161
,,,,,,,,,,,,,,,,,,,,,,,,,,,,,,,,,,,,,,,,,,,,,,,,,,,,,,,,,,,,,,,,,,,,,,,,,,,,,,,,,,,,,,,,,,,,,,,,
Cycles / Well,,,,,,,,,,,,,,,,,,,,,,,,,,,,,,,,,,,,,,,,,,,,,,,,,,,,,,,,,,,,,,,,,,,,,,,,,,,,,,,,,,,,,,,,,,,,,,,,
B4,1,2,3,4,5,6,7,8,9,10,11,12,13,14,15,16,17,18,19,20,21,22,23,24,25,26,27,28,29,30,31,32,33,34,35,36,37,38,39,40,41,42,43,44,45,46,47,48,49,50,51,52,53,54,55,56,57,58,59,60,61,62,63,64,65,66,67,68,69,70,71,72,73,74,75,76,77,78,79,80,81,82,83,84,85,86,87,88,89,90,91,92,93,94,95,96
Time [s],0,1799.821,3599.758,5399.669,7199.591,8999.513,10799.454,12599.368,14399.281,16199.217,17999.132,19799.048,21598.968,23398.907,25198.816,26998.729,28798.66,30598.612,32398.504,34198.422,35998.348,37798.293,39598.197,41398.12,43198.051,44997.975,46797.9,48597.816,50397.749,52197.631,53997.556,55797.465,57597.39,59397.304,61197.232,62997.141,64797.066,66596.996,68396.927,70196.835,71996.75,73796.684,75596.611,77396.528,79196.461,80996.395,82796.296,84596.214,86396.144,88196.085,89995.979,91795.899,93595.822,95395.741,97195.669,98995.594,100795.52,102595.43,104395.36,106195.269,107995.204,109795.106,111595.047,113394.962,115194.873,116994.792,118794.719,120594.63,122394.557,124194.487,125994.397,127794.312,129594.227,131394.143,133194.064,134993.983,136793.918,138593.83,140393.768,142193.687,143993.61,145793.539,147593.44,149393.349,151193.294,152993.201,154793.136,156593.059,158392.972,160192.914,161992.825,163792.732,165592.675,167392.569,169192.493,170992.414
Temp. [°C],19.6,29.9,29.9,30,30,30,30,29.9,30,30,30,30.1,30.1,30,30,30,30,30,30,30,30,30,30,30,30,30.1,30.1,30,30,30,30,30,30,30,30,30,30,30,30,30,30,30,30,30,30,30,30,30,30,30,30,30,30,30,30,30,30,30,30,29.9,30,30,30,30,30,30,30,30,30.1,30,30.1,30.1,30,30,30,30,30,29.9,30,30,30,30,30,30,30,30,30,30,30.1,30,30,30,30,30,30,30
Mean,0.1375,0.12496,0.13028,0.13412,0.13792,0.1421,0.14674,0.1512,0.1564,0.1619,0.1687,0.17642,0.18608,0.1976,0.21116,0.22716,0.24546,0.2666,0.29004,0.31576,0.34376,0.37334,0.40604,0.4398,0.47478,0.51332,0.55256,0.59272,0.63404,0.67734,0.71952,0.76192,0.80326,0.84326,0.87896,0.91142,0.93988,0.96252,0.98446,1.00244,1.0202,1.03616,1.05112,1.06488,1.07602,1.08816,1.0979,1.10666,1.11814,1.12606,1.13192,1.1353,1.13718,1.13838,1.13944,1.13826,1.13782,1.13646,1.13654,1.13588,1.13486,1.13552,1.13404,1.13326,1.13072,1.13052,1.12768,1.12742,1.12636,1.12316,1.12216,1.12214,1.1207,1.11934,1.1179,1.11678,1.11528,1.11414,1.11224,1.112,1.11064,1.10866,1.1066,1.10626,1.1041,1.10236,1.10294,1.1005,1.09906,1.09894,1.09674,1.09704,1.0957,1.09482,1.09426,1.09254
StDev,0.005181216,0.004084483,0.003105962,0.002031502,0.001259762,0.001514926,0.002548137,0.003833406,0.005307071,0.00671193,0.008209141,0.010092918,0.012518267,0.01544474,0.019261698,0.023650539,0.029045189,0.035558192,0.043086227,0.051701576,0.06173725,0.072740828,0.084352433,0.0966751,0.110233375,0.124832095,0.138520226,0.153582167,0.169102847,0.184387955,0.198420505,0.212536825,0.226179603,0.237096263,0.246245757,0.253574214,0.258392873,0.263672462,0.268322293,0.272453992,0.275837425,0.279487501,0.28252879,0.285444035,0.288003571,0.29020016,0.290853975,0.293070372,0.294015659,0.293634676,0.292617732,0.29241698,0.291963563,0.291695444,0.291026714,0.291877077,0.291159573,0.290463394,0.290301228,0.290481767,0.289680571,0.290362716,0.290479979,0.290761961,0.291022296,0.290439748,0.29033909,0.29079353,0.291141431,0.29005294,0.290657303,0.291055378,0.291325934,0.290754162,0.290120639,0.290657336,0.290640727,0.290135336,0.290795621,0.290375688,0.29111609,0.290332384,0.290367655,0.290744446,0.290055296,0.290292254,0.289645892,0.290335763,0.289543439,0.289355427,0.289065551,0.288881901,0.289247602,0.288356415,0.288003321,0.28809774
1;2,0.1329,0.1223,0.128,0.1331,0.1379,0.1433,0.1494,0.1556,0.1629,0.1704,0.1792,0.1895,0.2025,0.218,0.2366,0.2583,0.284,0.3138,0.3476,0.385,0.4266,0.4716,0.5203,0.5716,0.6262,0.6853,0.7428,0.8041,0.8678,0.9312,0.9925,1.054,1.1137,1.1672,1.2138,1.2538,1.2866,1.3169,1.3441,1.3673,1.3877,1.408,1.4257,1.4417,1.4567,1.4686,1.4775,1.4903,1.4994,1.5062,1.5079,1.5109,1.5124,1.5134,1.5129,1.5147,1.5138,1.5115,1.5113,1.5101,1.5079,1.5074,1.5069,1.5072,1.5061,1.5042,1.5028,1.5029,1.5024,1.4996,1.4997,1.4994,1.4986,1.4963,1.494,1.4937,1.4923,1.4912,1.4911,1.4904,1.4905,1.4882,1.4869,1.4861,1.4848,1.4846,1.4821,1.483,1.4803,1.4789,1.4779,1.477,1.4766,1.4748,1.4734,1.4723
2;1,0.1361,0.1247,0.1307,0.1346,0.1387,0.144,0.1495,0.1544,0.1594,0.1651,0.1716,0.179,0.188,0.1992,0.2121,0.2275,0.2452,0.2655,0.2882,0.3129,0.3402,0.3694,0.4012,0.4355,0.4711,0.5097,0.5511,0.5937,0.6382,0.6852,0.7314,0.7793,0.8253,0.8711,0.9142,0.9523,0.9851,1.011,1.0366,1.0575,1.0786,1.0971,1.114,1.1308,1.1452,1.1594,1.1712,1.1811,1.1958,1.2047,1.2118,1.2156,1.218,1.2202,1.2199,1.2194,1.218,1.2172,1.2165,1.2154,1.2131,1.2135,1.2117,1.211,1.2082,1.2068,1.2041,1.2037,1.2023,1.1991,1.1973,1.1971,1.1954,1.1934,1.1921,1.1909,1.1895,1.1873,1.1862,1.1854,1.1832,1.1813,1.1802,1.1796,1.1775,1.1757,1.1757,1.1734,1.172,1.1716,1.1699,1.1696,1.1689,1.1674,1.1665,1.1647
2;2,0.1354,0.1214,0.127,0.1315,0.1358,0.1403,0.1451,0.1501,0.156,0.1618,0.1694,0.1779,0.1886,0.2014,0.2166,0.2348,0.2551,0.279,0.3053,0.3344,0.3662,0.3992,0.4354,0.4723,0.5096,0.5517,0.5942,0.6369,0.6793,0.7254,0.7694,0.8131,0.8546,0.8952,0.9304,0.9638,0.9932,1.0137,1.0359,1.0527,1.0723,1.0876,1.1038,1.1182,1.1263,1.142,1.1525,1.1595,1.1732,1.1807,1.1882,1.1912,1.1927,1.1921,1.1954,1.1914,1.1919,1.19,1.1916,1.1922,1.1926,1.1962,1.1943,1.1927,1.189,1.1911,1.1861,1.1863,1.1856,1.1803,1.1799,1.1812,1.1798,1.1791,1.1769,1.1762,1.1746,1.1731,1.1696,1.1698,1.1689,1.1659,1.1621,1.1639,1.1592,1.1554,1.1597,1.1539,1.1523,1.1543,1.1498,1.1521,1.1502,1.149,1.1491,1.1467
2;3,0.1367,0.1246,0.1307,0.1344,0.1382,0.1416,0.1457,0.1498,0.155,0.16,0.1667,0.1742,0.1837,0.1944,0.2075,0.2225,0.2395,0.2593,0.2806,0.3043,0.3296,0.3557,0.3861,0.4152,0.4459,0.4803,0.5157,0.5505,0.5862,0.6254,0.6624,0.6987,0.7368,0.7736,0.8055,0.8362,0.8636,0.8846,0.9045,0.9218,0.9376,0.9531,0.9675,0.9807,0.991,1.0033,1.0132,1.0208,1.0333,1.0417,1.0497,1.0532,1.0542,1.056,1.0573,1.055,1.0533,1.0517,1.0509,1.051,1.0499,1.0518,1.0495,1.0482,1.0452,1.0455,1.0418,1.0418,1.0406,1.0357,1.0345,1.0349,1.0332,1.0321,1.0314,1.0297,1.0279,1.027,1.0242,1.0238,1.0221,1.0195,1.0168,1.0162,1.0131,1.0115,1.0128,1.0093,1.0083,1.008,1.0044,1.005,1.0025,1.0021,1.0019,1.0001
3;2,0.1464,0.1318,0.135,0.137,0.139,0.1413,0.144,0.1461,0.1487,0.1522,0.1566,0.1615,0.1676,0.175,0.183,0.1927,0.2035,0.2154,0.2285,0.2422,0.2562,0.2708,0.2872,0.3044,0.3211,0.3396,0.359,0.3784,0.3987,0.4195,0.4419,0.4645,0.4859,0.5092,0.5309,0.551,0.5709,0.5864,0.6012,0.6129,0.6248,0.635,0.6446,0.653,0.6609,0.6675,0.6751,0.6816,0.689,0.697,0.702,0.7056,0.7086,0.7102,0.7117,0.7108,0.7121,0.7119,0.7124,0.7107,0.7108,0.7087,0.7078,0.7072,0.7051,0.705,0.7036,0.7024,0.7009,0.7011,0.6994,0.6981,0.6965,0.6958,0.6951,0.6934,0.6921,0.6921,0.6901,0.6906,0.6885,0.6884,0.687,0.6855,0.6859,0.6846,0.6844,0.6829,0.6824,0.6819,0.6817,0.6815,0.6803,0.6808,0.6804,0.6789
,,,,,,,,,,,,,,,,,,,,,,,,,,,,,,,,,,,,,,,,,,,,,,,,,,,,,,,,,,,,,,,,,,,,,,,,,,,,,,,,,,,,,,,,,,,,,,,,
Cycles / Well,,,,,,,,,,,,,,,,,,,,,,,,,,,,,,,,,,,,,,,,,,,,,,,,,,,,,,,,,,,,,,,,,,,,,,,,,,,,,,,,,,,,,,,,,,,,,,,,
B5,1,2,3,4,5,6,7,8,9,10,11,12,13,14,15,16,17,18,19,20,21,22,23,24,25,26,27,28,29,30,31,32,33,34,35,36,37,38,39,40,41,42,43,44,45,46,47,48,49,50,51,52,53,54,55,56,57,58,59,60,61,62,63,64,65,66,67,68,69,70,71,72,73,74,75,76,77,78,79,80,81,82,83,84,85,86,87,88,89,90,91,92,93,94,95,96
Time [s],0,1799.821,3599.758,5399.669,7199.591,8999.513,10799.454,12599.368,14399.281,16199.217,17999.132,19799.048,21598.968,23398.907,25198.816,26998.729,28798.66,30598.612,32398.504,34198.422,35998.348,37798.293,39598.197,41398.12,43198.051,44997.975,46797.9,48597.816,50397.749,52197.631,53997.556,55797.465,57597.39,59397.304,61197.232,62997.141,64797.066,66596.996,68396.927,70196.835,71996.75,73796.684,75596.611,77396.528,79196.461,80996.395,82796.296,84596.214,86396.144,88196.085,89995.979,91795.899,93595.822,95395.741,97195.669,98995.594,100795.52,102595.43,104395.36,106195.269,107995.204,109795.106,111595.047,113394.962,115194.873,116994.792,118794.719,120594.63,122394.557,124194.487,125994.397,127794.312,129594.227,131394.143,133194.064,134993.983,136793.918,138593.83,140393.768,142193.687,143993.61,145793.539,147593.44,149393.349,151193.294,152993.201,154793.136,156593.059,158392.972,160192.914,161992.825,163792.732,165592.675,167392.569,169192.493,170992.414
Temp. [°C],19.6,29.9,29.9,30,30,30,30,29.9,30,30,30,30.1,30.1,30,30,30,30,30,30,30,30,30,30,30,30,30.1,30.1,30,30,30,30,30,30,30,30,30,30,30,30,30,30,30,30,30,30,30,30,30,30,30,30,30,30,30,30,30,30,30,30,29.9,30,30,30,30,30,30,30,30,30.1,30,30.1,30.1,30,30,30,30,30,29.9,30,30,30,30,30,30,30,30,30,30,30.1,30,30,30,30,30,30,30
Mean,0.15278,0.14968,0.15518,0.15776,0.15976,0.16292,0.16674,0.17096,0.17592,0.1826,0.19024,0.19964,0.2107,0.22394,0.23902,0.25732,0.2781,0.30248,0.32998,0.36318,0.39924,0.4434,0.49244,0.54884,0.61432,0.68664,0.76294,0.83934,0.90626,0.95804,0.99722,1.02962,1.0566,1.08014,1.10122,1.12066,1.13956,1.15488,1.1721,1.18468,1.19608,1.20484,1.2088,1.21086,1.2125,1.21318,1.21344,1.2127,1.21306,1.21358,1.21274,1.21274,1.21272,1.21172,1.21154,1.21074,1.20944,1.20884,1.2079,1.20654,1.20476,1.20414,1.2027,1.20194,1.20056,1.19814,1.1964,1.19508,1.1935,1.19202,1.19044,1.1889,1.18756,1.18562,1.1846,1.18264,1.18108,1.17982,1.1778,1.1764,1.17406,1.17246,1.17116,1.16932,1.16792,1.16634,1.1652,1.16332,1.16158,1.16036,1.15888,1.15768,1.1561,1.1543,1.15268,1.15162
StDev,0.007798526,0.00817967,0.006569779,0.005079665,0.004774202,0.005141692,0.005020259,0.00491813,0.004576789,0.004556863,0.0043747,0.004122863,0.003950316,0.004352356,0.005402962,0.006841564,0.009028012,0.011733584,0.014475047,0.017734909,0.022125958,0.027058363,0.032146042,0.037087639,0.043207661,0.049524014,0.055404855,0.058714589,0.059622756,0.058527455,0.058202036,0.057936275,0.057904965,0.057705745,0.057607743,0.058424592,0.058541592,0.058594769,0.059435007,0.058180555,0.057802569,0.056248004,0.055827637,0.055318966,0.05455456,0.054590173,0.054774748,0.055168922,0.055489666,0.055837505,0.055290307,0.055494711,0.055571908,0.05560402,0.055676997,0.055305587,0.055535241,0.055789452,0.055408618,0.056030643,0.055659258,0.056463909,0.056238332,0.056671139,0.056209368,0.056101631,0.055933979,0.056293268,0.05673654,0.056207757,0.056070563,0.055961192,0.056224843,0.056411586,0.055931208,0.055882806,0.055495648,0.055412246,0.055313425,0.055073224,0.055212933,0.05447828,0.0545938,0.05444747,0.05445399,0.054367297,0.054336406,0.053766597,0.053287494,0.05303398,0.053000915,0.052847346,0.05260057,0.052956067,0.052957785,0.052711403
1;2,0.146,0.142,0.1492,0.1535,0.156,0.1588,0.1631,0.1678,0.1734,0.1805,0.1889,0.1993,0.2119,0.2271,0.2442,0.2649,0.2893,0.3175,0.3479,0.3857,0.4275,0.4782,0.5336,0.5955,0.6701,0.7498,0.8322,0.9127,0.9791,1.0296,1.0672,1.0989,1.1257,1.1479,1.1688,1.1877,1.2071,1.2227,1.2402,1.251,1.2617,1.2685,1.271,1.2729,1.2744,1.2755,1.2756,1.2748,1.2751,1.2761,1.2744,1.2748,1.2752,1.2751,1.2735,1.2735,1.2729,1.2717,1.2699,1.2687,1.2664,1.2665,1.2648,1.2653,1.2634,1.26,1.2588,1.2576,1.256,1.2546,1.253,1.2509,1.2504,1.2477,1.2461,1.2442,1.2427,1.2411,1.2397,1.2374,1.2351,1.2328,1.2322,1.2302,1.2294,1.2283,1.2259,1.2243,1.2217,1.2202,1.2188,1.2171,1.2157,1.2137,1.2121,1.2115
2;1,0.1561,0.153,0.159,0.1614,0.1635,0.1667,0.17,0.1741,0.1784,0.1844,0.1913,0.1999,0.2095,0.2215,0.2344,0.2508,0.2694,0.2917,0.3163,0.3463,0.3785,0.4179,0.4615,0.5118,0.5695,0.6373,0.7087,0.7831,0.849,0.9012,0.9401,0.9729,0.9992,1.0221,1.0444,1.0629,1.0817,1.0959,1.1124,1.1263,1.1382,1.1473,1.1531,1.1559,1.1587,1.1596,1.1594,1.1578,1.1582,1.1576,1.1576,1.1572,1.1567,1.1556,1.1554,1.1546,1.153,1.1516,1.1514,1.1499,1.1473,1.1455,1.1444,1.1434,1.1432,1.1401,1.1387,1.1374,1.1349,1.1339,1.1334,1.1319,1.1297,1.1276,1.1263,1.1252,1.124,1.1224,1.1206,1.12,1.1169,1.1163,1.1152,1.1138,1.1121,1.1102,1.1096,1.108,1.1069,1.1049,1.1042,1.1036,1.1019,1.0995,1.0974,1.097
2;2,0.1465,0.1424,0.1488,0.1524,0.1544,0.157,0.1607,0.1647,0.1697,0.1762,0.1837,0.1931,0.2044,0.2175,0.2329,0.2513,0.2723,0.2966,0.3242,0.3579,0.3945,0.4388,0.4891,0.5457,0.6139,0.6883,0.7676,0.8462,0.9137,0.9665,1.0057,1.0395,1.067,1.091,1.112,1.1334,1.1529,1.1684,1.1859,1.1981,1.2095,1.2189,1.2217,1.2243,1.2256,1.2255,1.2263,1.2255,1.2255,1.2261,1.2245,1.2249,1.2244,1.2235,1.2246,1.2224,1.2216,1.2209,1.2203,1.2187,1.2164,1.2168,1.2146,1.2144,1.2126,1.2105,1.2081,1.2074,1.2063,1.2036,1.2022,1.2005,1.1988,1.1977,1.1964,1.1938,1.1924,1.1905,1.1888,1.1876,1.1853,1.1837,1.1817,1.1796,1.1779,1.1771,1.1757,1.1731,1.1714,1.1701,1.1687,1.1667,1.1649,1.1633,1.1628,1.1612
2;3,0.1506,0.1493,0.1547,0.1572,0.1593,0.1629,0.1668,0.1711,0.1765,0.1835,0.1917,0.2017,0.2138,0.2278,0.2446,0.2642,0.2863,0.3126,0.3429,0.3778,0.4166,0.4638,0.5159,0.5766,0.6429,0.7193,0.7996,0.8769,0.9463,0.9965,1.037,1.0687,1.0955,1.12,1.1411,1.1617,1.1798,1.1948,1.2134,1.2256,1.237,1.2442,1.2498,1.2505,1.2508,1.2516,1.2521,1.2524,1.2538,1.2545,1.254,1.2537,1.2537,1.2516,1.2524,1.2508,1.2488,1.2496,1.2486,1.2486,1.247,1.2466,1.2455,1.2438,1.2423,1.2406,1.2383,1.2372,1.2363,1.2344,1.2324,1.2314,1.2299,1.2287,1.2275,1.2258,1.2232,1.2226,1.2194,1.2184,1.2163,1.2139,1.2125,1.2107,1.2088,1.2059,1.2064,1.2034,1.2016,1.2002,1.1985,1.1981,1.1959,1.195,1.1926,1.1908
3;2,0.1647,0.1617,0.1642,0.1643,0.1656,0.1692,0.1731,0.1771,0.1816,0.1884,0.1956,0.2042,0.2139,0.2258,0.239,0.2554,0.2732,0.294,0.3186,0.3482,0.3791,0.4183,0.4621,0.5146,0.5752,0.6385,0.7066,0.7778,0.8432,0.8964,0.9361,0.9681,0.9956,1.0197,1.0398,1.0576,1.0763,1.0926,1.1086,1.1224,1.134,1.1453,1.1484,1.1507,1.153,1.1537,1.1538,1.153,1.1527,1.1536,1.1532,1.1531,1.1536,1.1528,1.1518,1.1524,1.1509,1.1504,1.1493,1.1468,1.1467,1.1453,1.1442,1.1428,1.1413,1.1395,1.1381,1.1358,1.134,1.1336,1.1312,1.1298,1.129,1.1264,1.1267,1.1242,1.1231,1.1225,1.1205,1.1186,1.1167,1.1156,1.1142,1.1123,1.1114,1.1102,1.1084,1.1078,1.1063,1.1064,1.1042,1.1029,1.1021,1.1,1.0985,1.0976
,,,,,,,,,,,,,,,,,,,,,,,,,,,,,,,,,,,,,,,,,,,,,,,,,,,,,,,,,,,,,,,,,,,,,,,,,,,,,,,,,,,,,,,,,,,,,,,,
Cycles / Well,,,,,,,,,,,,,,,,,,,,,,,,,,,,,,,,,,,,,,,,,,,,,,,,,,,,,,,,,,,,,,,,,,,,,,,,,,,,,,,,,,,,,,,,,,,,,,,,
B6,1,2,3,4,5,6,7,8,9,10,11,12,13,14,15,16,17,18,19,20,21,22,23,24,25,26,27,28,29,30,31,32,33,34,35,36,37,38,39,40,41,42,43,44,45,46,47,48,49,50,51,52,53,54,55,56,57,58,59,60,61,62,63,64,65,66,67,68,69,70,71,72,73,74,75,76,77,78,79,80,81,82,83,84,85,86,87,88,89,90,91,92,93,94,95,96
Time [s],0,1799.821,3599.758,5399.669,7199.591,8999.513,10799.454,12599.368,14399.281,16199.217,17999.132,19799.048,21598.968,23398.907,25198.816,26998.729,28798.66,30598.612,32398.504,34198.422,35998.348,37798.293,39598.197,41398.12,43198.051,44997.975,46797.9,48597.816,50397.749,52197.631,53997.556,55797.465,57597.39,59397.304,61197.232,62997.141,64797.066,66596.996,68396.927,70196.835,71996.75,73796.684,75596.611,77396.528,79196.461,80996.395,82796.296,84596.214,86396.144,88196.085,89995.979,91795.899,93595.822,95395.741,97195.669,98995.594,100795.52,102595.43,104395.36,106195.269,107995.204,109795.106,111595.047,113394.962,115194.873,116994.792,118794.719,120594.63,122394.557,124194.487,125994.397,127794.312,129594.227,131394.143,133194.064,134993.983,136793.918,138593.83,140393.768,142193.687,143993.61,145793.539,147593.44,149393.349,151193.294,152993.201,154793.136,156593.059,158392.972,160192.914,161992.825,163792.732,165592.675,167392.569,169192.493,170992.414
Temp. [°C],19.6,29.9,29.9,30,30,30,30,29.9,30,30,30,30.1,30.1,30,30,30,30,30,30,30,30,30,30,30,30,30.1,30.1,30,30,30,30,30,30,30,30,30,30,30,30,30,30,30,30,30,30,30,30,30,30,30,30,30,30,30,30,30,30,30,30,29.9,30,30,30,30,30,30,30,30,30.1,30,30.1,30.1,30,30,30,30,30,29.9,30,30,30,30,30,30,30,30,30,30,30.1,30,30,30,30,30,30,30
Mean,0.16694,0.17674,0.19966,0.22006,0.24192,0.26802,0.30028,0.33934,0.38606,0.44066,0.50222,0.57018,0.64716,0.7322,0.82044,0.90872,0.99154,1.06814,1.13812,1.19898,1.24996,1.2921,1.33198,1.366,1.39638,1.42636,1.44962,1.46536,1.47554,1.48298,1.48858,1.4918,1.49524,1.49846,1.50052,1.50356,1.50666,1.50716,1.5105,1.51174,1.51356,1.51586,1.51726,1.51928,1.51966,1.52186,1.52418,1.52534,1.52704,1.52826,1.52984,1.53118,1.5317,1.53274,1.5343,1.53484,1.5361,1.5371,1.53942,1.54034,1.54054,1.54234,1.54386,1.5456,1.5461,1.54756,1.54798,1.54904,1.54952,1.55058,1.55128,1.55302,1.55358,1.55438,1.55532,1.55668,1.55744,1.55832,1.5593,1.56094,1.56092,1.56176,1.56218,1.56332,1.56328,1.56396,1.56656,1.56602,1.567,1.56812,1.56858,1.5695,1.56988,1.57032,1.571,1.5715
StDev,0.006345313,0.005047574,0.015052674,0.023622193,0.031948505,0.041391448,0.053374591,0.067739818,0.085417697,0.105576006,0.12721351,0.151827557,0.178829033,0.206083005,0.231312133,0.249838722,0.264326433,0.268665513,0.269945526,0.264136247,0.256396788,0.249316516,0.238003775,0.228944382,0.221835642,0.209698684,0.19510859,0.185497313,0.178602276,0.168047871,0.163388684,0.160261411,0.157316474,0.154648805,0.153472757,0.15100698,0.148683214,0.149245647,0.147452179,0.146646098,0.145882292,0.14478081,0.143938331,0.142041005,0.143544533,0.141356404,0.139997989,0.140127185,0.138468509,0.13898823,0.137130606,0.136484347,0.136469465,0.13695033,0.135636112,0.136525155,0.13607915,0.135782878,0.133912535,0.133445974,0.131532973,0.132469423,0.131847575,0.13168263,0.132333801,0.129774104,0.130810844,0.130095438,0.130674604,0.130070008,0.129950594,0.128980433,0.129666908,0.129586369,0.128541499,0.127960998,0.127528754,0.126891832,0.126726497,0.126109607,0.126355261,0.125835877,0.126567065,0.125693226,0.126113608,0.126232337,0.124209835,0.125029984,0.124399417,0.123875813,0.124213836,0.123129241,0.12403714,0.123622579,0.12417534,0.123923787
1;2,0.1599,0.1801,0.2189,0.2502,0.2823,0.3199,0.3674,0.4242,0.4923,0.5708,0.6568,0.7522,0.8591,0.9734,1.0845,1.1856,1.2758,1.3482,1.4116,1.4608,1.5002,1.5309,1.5603,1.5851,1.6097,1.6299,1.64,1.6474,1.6536,1.6525,1.6556,1.6568,1.6584,1.659,1.6612,1.6623,1.6633,1.6648,1.6658,1.6666,1.6681,1.6696,1.6705,1.6702,1.6726,1.6732,1.6741,1.6758,1.6762,1.6779,1.6776,1.6782,1.6791,1.6801,1.6812,1.6825,1.6837,1.6838,1.684,1.6851,1.6826,1.6865,1.6873,1.6893,1.6904,1.6894,1.6902,1.6912,1.6922,1.693,1.6935,1.6943,1.6957,1.6959,1.6964,1.6974,1.6971,1.6971,1.6986,1.6999,1.7003,1.7002,1.702,1.702,1.7019,1.7023,1.7041,1.7034,1.7043,1.7048,1.7055,1.7056,1.707,1.7072,1.708,1.7083
2;1,0.1724,0.1768,0.1955,0.2134,0.234,0.2587,0.2894,0.3271,0.3731,0.4277,0.4901,0.5617,0.6396,0.7264,0.8209,0.9163,1.0067,1.0911,1.1677,1.2315,1.2825,1.3272,1.3634,1.3943,1.4228,1.4487,1.4676,1.4807,1.4858,1.4891,1.4913,1.4933,1.4953,1.4972,1.4989,1.5005,1.503,1.5033,1.5073,1.508,1.509,1.5113,1.5125,1.5128,1.5147,1.5158,1.5162,1.5177,1.5187,1.5204,1.521,1.5223,1.5231,1.5244,1.5247,1.5263,1.5267,1.528,1.5303,1.5295,1.5285,1.5307,1.532,1.5326,1.5349,1.5349,1.5357,1.5361,1.5376,1.5381,1.5394,1.5403,1.5409,1.5416,1.5419,1.5421,1.5435,1.5434,1.5447,1.5462,1.5463,1.5472,1.5482,1.5489,1.5491,1.55,1.5508,1.5523,1.5526,1.5526,1.5537,1.5538,1.5556,1.5557,1.5558,1.5568
2;2,0.1635,0.1792,0.2108,0.2384,0.267,0.3009,0.342,0.3919,0.4521,0.5219,0.6005,0.6861,0.7844,0.8908,1,1.105,1.1999,1.2812,1.351,1.4073,1.4522,1.4881,1.5195,1.5477,1.5726,1.5949,1.6094,1.6181,1.6237,1.624,1.6268,1.6275,1.629,1.6311,1.631,1.6328,1.634,1.6345,1.6371,1.6376,1.6384,1.6399,1.6406,1.6425,1.6427,1.6435,1.6455,1.6462,1.6473,1.6482,1.6491,1.6499,1.65,1.6515,1.6521,1.6529,1.654,1.6551,1.6559,1.6569,1.6571,1.6585,1.6597,1.6616,1.6617,1.6619,1.6635,1.6636,1.6644,1.6645,1.6653,1.6667,1.6674,1.6687,1.6686,1.67,1.6708,1.6718,1.6716,1.6725,1.6724,1.6732,1.6734,1.6744,1.6749,1.6763,1.677,1.6768,1.677,1.6785,1.679,1.6791,1.6794,1.6795,1.6815,1.6813
2;3,0.1641,0.168,0.1815,0.1933,0.2059,0.2217,0.2405,0.2625,0.288,0.317,0.3498,0.3826,0.4227,0.4685,0.5164,0.5712,0.6234,0.6852,0.7434,0.8067,0.8647,0.913,0.97,1.0177,1.0598,1.1113,1.1597,1.1912,1.2145,1.2405,1.256,1.2651,1.2747,1.2829,1.287,1.2951,1.3018,1.3014,1.308,1.3107,1.3134,1.3181,1.3213,1.3268,1.3244,1.3311,1.3356,1.3366,1.3425,1.3418,1.3471,1.3492,1.35,1.3495,1.3543,1.353,1.3556,1.3566,1.3613,1.3641,1.3678,1.3687,1.3712,1.374,1.3727,1.3791,1.3773,1.3798,1.3796,1.3811,1.3826,1.3863,1.3853,1.3861,1.3893,1.3924,1.3936,1.3956,1.3965,1.3992,1.3987,1.4002,1.3997,1.4025,1.4012,1.4022,1.4093,1.4057,1.408,1.4107,1.4103,1.4132,1.4116,1.4129,1.4131,1.4134
3;2,0.1748,0.1796,0.1916,0.205,0.2204,0.2389,0.2621,0.291,0.3248,0.3659,0.4139,0.4683,0.53,0.6019,0.6804,0.7655,0.8519,0.935,1.0169,1.0886,1.1502,1.2013,1.2467,1.2852,1.317,1.347,1.3714,1.3894,1.4001,1.4088,1.4132,1.4163,1.4188,1.4221,1.4245,1.4271,1.4312,1.4318,1.4343,1.4358,1.4389,1.4404,1.4414,1.4441,1.4439,1.4457,1.4495,1.4504,1.4505,1.453,1.4544,1.4563,1.4563,1.4582,1.4592,1.4595,1.4605,1.462,1.4656,1.4661,1.4667,1.4673,1.4691,1.4705,1.4708,1.4725,1.4732,1.4745,1.4738,1.4762,1.4756,1.4775,1.4786,1.4796,1.4804,1.4815,1.4822,1.4837,1.4851,1.4869,1.4869,1.488,1.4876,1.4888,1.4893,1.489,1.4916,1.4919,1.4931,1.494,1.4944,1.4958,1.4958,1.4963,1.4966,1.4977
,,,,,,,,,,,,,,,,,,,,,,,,,,,,,,,,,,,,,,,,,,,,,,,,,,,,,,,,,,,,,,,,,,,,,,,,,,,,,,,,,,,,,,,,,,,,,,,,
Cycles / Well,,,,,,,,,,,,,,,,,,,,,,,,,,,,,,,,,,,,,,,,,,,,,,,,,,,,,,,,,,,,,,,,,,,,,,,,,,,,,,,,,,,,,,,,,,,,,,,,
B7,1,2,3,4,5,6,7,8,9,10,11,12,13,14,15,16,17,18,19,20,21,22,23,24,25,26,27,28,29,30,31,32,33,34,35,36,37,38,39,40,41,42,43,44,45,46,47,48,49,50,51,52,53,54,55,56,57,58,59,60,61,62,63,64,65,66,67,68,69,70,71,72,73,74,75,76,77,78,79,80,81,82,83,84,85,86,87,88,89,90,91,92,93,94,95,96
Time [s],0,1799.821,3599.758,5399.669,7199.591,8999.513,10799.454,12599.368,14399.281,16199.217,17999.132,19799.048,21598.968,23398.907,25198.816,26998.729,28798.66,30598.612,32398.504,34198.422,35998.348,37798.293,39598.197,41398.12,43198.051,44997.975,46797.9,48597.816,50397.749,52197.631,53997.556,55797.465,57597.39,59397.304,61197.232,62997.141,64797.066,66596.996,68396.927,70196.835,71996.75,73796.684,75596.611,77396.528,79196.461,80996.395,82796.296,84596.214,86396.144,88196.085,89995.979,91795.899,93595.822,95395.741,97195.669,98995.594,100795.52,102595.43,104395.36,106195.269,107995.204,109795.106,111595.047,113394.962,115194.873,116994.792,118794.719,120594.63,122394.557,124194.487,125994.397,127794.312,129594.227,131394.143,133194.064,134993.983,136793.918,138593.83,140393.768,142193.687,143993.61,145793.539,147593.44,149393.349,151193.294,152993.201,154793.136,156593.059,158392.972,160192.914,161992.825,163792.732,165592.675,167392.569,169192.493,170992.414
Temp. [°C],19.6,29.9,29.9,30,30,30,30,29.9,30,30,30,30.1,30.1,30,30,30,30,30,30,30,30,30,30,30,30,30.1,30.1,30,30,30,30,30,30,30,30,30,30,30,30,30,30,30,30,30,30,30,30,30,30,30,30,30,30,30,30,30,30,30,30,29.9,30,30,30,30,30,30,30,30,30.1,30,30.1,30.1,30,30,30,30,30,29.9,30,30,30,30,30,30,30,30,30,30,30.1,30,30,30,30,30,30,30
Mean,0.1407,0.13642,0.14382,0.15076,0.15832,0.16714,0.17656,0.18668,0.1978,0.2104,0.22438,0.24006,0.25866,0.28024,0.30576,0.33604,0.37026,0.41038,0.45542,0.50618,0.56154,0.62118,0.6888,0.76122,0.83848,0.92144,1.00476,1.0802,1.14548,1.203,1.24966,1.28532,1.31602,1.34106,1.36168,1.37874,1.39202,1.40152,1.41026,1.41634,1.41994,1.42416,1.42796,1.43132,1.43424,1.43794,1.44182,1.44438,1.448,1.45046,1.45376,1.45652,1.45944,1.46268,1.46644,1.46868,1.47168,1.47404,1.4773,1.47922,1.48034,1.4836,1.4863,1.48818,1.48948,1.49216,1.49328,1.49518,1.4964,1.49766,1.49904,1.50126,1.50244,1.50324,1.50442,1.50604,1.50652,1.5076,1.50926,1.51112,1.51134,1.51146,1.51192,1.51294,1.51294,1.51414,1.51584,1.51542,1.51644,1.51704,1.5177,1.51858,1.51942,1.51984,1.52046,1.52118
StDev,0.0062478,0.005201634,0.004252293,0.003673282,0.00418055,0.005588649,0.00750653,0.009901364,0.013287776,0.016701347,0.021245635,0.026371348,0.033246173,0.042025861,0.052320388,0.065065759,0.080287315,0.096892631,0.115929923,0.135003007,0.155411045,0.176511719,0.195536327,0.212029118,0.225328731,0.232471015,0.227619821,0.220311541,0.211001818,0.196370606,0.18194827,0.17023759,0.159303475,0.151068703,0.144014225,0.13860957,0.134344583,0.132479515,0.129102858,0.126338525,0.125147285,0.123706641,0.122252027,0.121601468,0.121193081,0.120078987,0.119834102,0.120065511,0.11912527,0.120341256,0.118759454,0.11908353,0.119741985,0.1198326,0.119001084,0.1198355,0.119994029,0.119672232,0.118880339,0.118753429,0.117809987,0.119298261,0.118853586,0.119042753,0.120058869,0.117867396,0.117935097,0.118262661,0.118809217,0.118076069,0.117997004,0.116881534,0.11726612,0.117402036,0.116507476,0.116593795,0.116320063,0.115597664,0.115765509,0.114776552,0.115572696,0.115805928,0.115826582,0.11553477,0.116209178,0.115814045,0.114660294,0.115430702,0.114655192,0.11437606,0.114921734,0.114221088,0.114474416,0.114084894,0.11411857,0.113767974
1;2,0.1356,0.1329,0.1424,0.1518,0.1614,0.1727,0.1855,0.1994,0.2156,0.2331,0.2542,0.2772,0.3055,0.3396,0.3797,0.4278,0.4828,0.5458,0.6163,0.6931,0.7761,0.8645,0.9583,1.0503,1.1449,1.2326,1.3034,1.3621,1.4113,1.4491,1.4763,1.4964,1.5138,1.5278,1.5398,1.5503,1.5587,1.5657,1.5695,1.5722,1.5741,1.577,1.5795,1.581,1.5843,1.5865,1.59,1.5929,1.5949,1.5999,1.5999,1.604,1.6074,1.6109,1.613,1.6165,1.6197,1.6211,1.6234,1.6253,1.625,1.6295,1.6321,1.6342,1.6363,1.6361,1.6376,1.6401,1.6416,1.6422,1.6432,1.6446,1.6458,1.6465,1.646,1.6483,1.6483,1.6485,1.6505,1.6509,1.6525,1.6521,1.6527,1.6532,1.6541,1.6547,1.6556,1.6565,1.6558,1.656,1.6575,1.6577,1.6581,1.6592,1.6593,1.6598
2;1,0.1457,0.1404,0.1483,0.1549,0.1626,0.1715,0.1801,0.1892,0.1993,0.21,0.2213,0.2346,0.2487,0.2651,0.2842,0.3054,0.3295,0.3578,0.3898,0.4265,0.4658,0.5092,0.5572,0.6111,0.6744,0.7469,0.8258,0.9078,0.9808,1.0494,1.1098,1.157,1.1964,1.2323,1.2624,1.2829,1.3009,1.3143,1.3263,1.3347,1.3401,1.3457,1.3499,1.3552,1.36,1.363,1.3684,1.37,1.3749,1.3786,1.383,1.3863,1.3903,1.3936,1.3975,1.4004,1.403,1.4071,1.4095,1.4113,1.4129,1.4152,1.4175,1.4193,1.4212,1.4226,1.4256,1.4263,1.4281,1.4299,1.4307,1.4323,1.4337,1.4349,1.4363,1.4369,1.4382,1.4393,1.4403,1.442,1.4428,1.4433,1.4444,1.4449,1.4463,1.4475,1.4478,1.4494,1.4498,1.4506,1.4514,1.4518,1.4534,1.4531,1.4537,1.455
2;2,0.1368,0.1318,0.1398,0.148,0.1569,0.1672,0.1785,0.1904,0.2039,0.2195,0.2363,0.2556,0.2797,0.3076,0.3406,0.3806,0.4269,0.4799,0.5407,0.6065,0.6781,0.7537,0.8351,0.9224,1.0076,1.0975,1.1817,1.2557,1.3169,1.3651,1.4027,1.4303,1.4529,1.4724,1.4873,1.5007,1.5104,1.5181,1.5253,1.5289,1.5316,1.5347,1.537,1.5409,1.5423,1.5457,1.549,1.552,1.5553,1.5574,1.5611,1.5628,1.5663,1.5695,1.5735,1.5757,1.579,1.5816,1.5845,1.5864,1.5867,1.5923,1.5939,1.5959,1.5981,1.6,1.6002,1.6026,1.6047,1.6046,1.6065,1.6076,1.6096,1.6106,1.6118,1.6132,1.6132,1.6138,1.6156,1.617,1.6172,1.6185,1.6184,1.6197,1.6194,1.6207,1.6213,1.6206,1.6218,1.6224,1.6229,1.6235,1.6248,1.624,1.6253,1.6254
2;3,0.1363,0.1335,0.1402,0.146,0.152,0.1586,0.1658,0.1733,0.1814,0.1912,0.2021,0.2136,0.2277,0.2436,0.2625,0.2849,0.3074,0.3364,0.3657,0.4001,0.4361,0.4733,0.5222,0.5744,0.6319,0.698,0.7832,0.8554,0.9262,1.0002,1.0615,1.1084,1.1527,1.1843,1.211,1.2362,1.2545,1.264,1.2769,1.2857,1.2899,1.2972,1.3037,1.3068,1.3096,1.3162,1.3188,1.3221,1.3264,1.3268,1.3321,1.3339,1.3348,1.3381,1.3433,1.3432,1.3465,1.3486,1.3538,1.3566,1.3579,1.3604,1.3632,1.3647,1.3633,1.3712,1.3703,1.3732,1.3735,1.3744,1.3766,1.3817,1.3822,1.3821,1.3846,1.3874,1.3869,1.3893,1.3913,1.3947,1.3932,1.393,1.3921,1.3945,1.3913,1.3938,1.3989,1.3959,1.3977,1.3991,1.3979,1.4012,1.3998,1.4022,1.4027,1.4036
3;2,0.1491,0.1435,0.1484,0.1531,0.1587,0.1657,0.1729,0.1811,0.1888,0.1982,0.208,0.2193,0.2317,0.2453,0.2618,0.2815,0.3047,0.332,0.3646,0.4047,0.4516,0.5052,0.5712,0.6479,0.7336,0.8322,0.9297,1.02,1.0922,1.1512,1.198,1.2345,1.2643,1.2885,1.3079,1.3236,1.3356,1.3455,1.3533,1.3602,1.364,1.3662,1.3697,1.3727,1.375,1.3783,1.3829,1.3849,1.3885,1.3896,1.3927,1.3956,1.3984,1.4013,1.4049,1.4076,1.4102,1.4118,1.4153,1.4165,1.4192,1.4206,1.4248,1.4268,1.4285,1.4309,1.4327,1.4337,1.4341,1.4372,1.4382,1.4401,1.4409,1.4421,1.4434,1.4444,1.446,1.4471,1.4486,1.451,1.451,1.4504,1.452,1.4524,1.4536,1.454,1.4556,1.4547,1.4571,1.4571,1.4588,1.4587,1.461,1.4607,1.4613,1.4621
,,,,,,,,,,,,,,,,,,,,,,,,,,,,,,,,,,,,,,,,,,,,,,,,,,,,,,,,,,,,,,,,,,,,,,,,,,,,,,,,,,,,,,,,,,,,,,,,
Cycles / Well,,,,,,,,,,,,,,,,,,,,,,,,,,,,,,,,,,,,,,,,,,,,,,,,,,,,,,,,,,,,,,,,,,,,,,,,,,,,,,,,,,,,,,,,,,,,,,,,
B8,1,2,3,4,5,6,7,8,9,10,11,12,13,14,15,16,17,18,19,20,21,22,23,24,25,26,27,28,29,30,31,32,33,34,35,36,37,38,39,40,41,42,43,44,45,46,47,48,49,50,51,52,53,54,55,56,57,58,59,60,61,62,63,64,65,66,67,68,69,70,71,72,73,74,75,76,77,78,79,80,81,82,83,84,85,86,87,88,89,90,91,92,93,94,95,96
Time [s],0,1799.821,3599.758,5399.669,7199.591,8999.513,10799.454,12599.368,14399.281,16199.217,17999.132,19799.048,21598.968,23398.907,25198.816,26998.729,28798.66,30598.612,32398.504,34198.422,35998.348,37798.293,39598.197,41398.12,43198.051,44997.975,46797.9,48597.816,50397.749,52197.631,53997.556,55797.465,57597.39,59397.304,61197.232,62997.141,64797.066,66596.996,68396.927,70196.835,71996.75,73796.684,75596.611,77396.528,79196.461,80996.395,82796.296,84596.214,86396.144,88196.085,89995.979,91795.899,93595.822,95395.741,97195.669,98995.594,100795.52,102595.43,104395.36,106195.269,107995.204,109795.106,111595.047,113394.962,115194.873,116994.792,118794.719,120594.63,122394.557,124194.487,125994.397,127794.312,129594.227,131394.143,133194.064,134993.983,136793.918,138593.83,140393.768,142193.687,143993.61,145793.539,147593.44,149393.349,151193.294,152993.201,154793.136,156593.059,158392.972,160192.914,161992.825,163792.732,165592.675,167392.569,169192.493,170992.414
Temp. [°C],19.6,29.9,29.9,30,30,30,30,29.9,30,30,30,30.1,30.1,30,30,30,30,30,30,30,30,30,30,30,30,30.1,30.1,30,30,30,30,30,30,30,30,30,30,30,30,30,30,30,30,30,30,30,30,30,30,30,30,30,30,30,30,30,30,30,30,29.9,30,30,30,30,30,30,30,30,30.1,30,30.1,30.1,30,30,30,30,30,29.9,30,30,30,30,30,30,30,30,30,30,30.1,30,30,30,30,30,30,30
Mean,0.14062,0.13568,0.14204,0.14782,0.1549,0.1641,0.17632,0.19266,0.21388,0.24062,0.27462,0.31468,0.3625,0.4202,0.48476,0.55772,0.6375,0.72184,0.81056,0.89404,0.96868,1.03172,1.0864,1.12962,1.16136,1.18756,1.21504,1.23528,1.25314,1.27156,1.2859,1.2965,1.30686,1.31398,1.31674,1.322,1.32608,1.32666,1.33122,1.33388,1.33668,1.34098,1.3446,1.34878,1.35018,1.3553,1.3607,1.36342,1.3667,1.36894,1.37404,1.37744,1.37894,1.38178,1.3847,1.38646,1.38982,1.39082,1.39532,1.39792,1.40044,1.40358,1.40624,1.40874,1.4088,1.41358,1.41446,1.41664,1.4171,1.41926,1.42022,1.42432,1.42474,1.42588,1.42802,1.4303,1.43018,1.43228,1.43352,1.436,1.4368,1.43668,1.43662,1.4389,1.43828,1.43864,1.44218,1.44112,1.44258,1.4443,1.44368,1.44632,1.44554,1.4473,1.44836,1.44894
StDev,0.00566189,0.006021794,0.005934476,0.006324318,0.007319495,0.008232861,0.009362265,0.011565812,0.014988562,0.019020305,0.025270279,0.03396376,0.04480558,0.059019954,0.077081081,0.097196435,0.122209513,0.148420022,0.175798615,0.199458073,0.217960334,0.232781844,0.239450172,0.243582362,0.248830752,0.252744521,0.250062758,0.254317394,0.256466524,0.254388174,0.252413876,0.255186471,0.252714647,0.249885048,0.251494747,0.247174807,0.24473626,0.247686592,0.246078183,0.245548808,0.24670726,0.244766985,0.242715492,0.242465507,0.244856268,0.241568996,0.239957007,0.239882632,0.240188832,0.240930473,0.236766706,0.236514636,0.239305303,0.2375824,0.236904844,0.23913409,0.237753185,0.238808473,0.236932653,0.234134592,0.231696511,0.23230616,0.231632765,0.231104409,0.233917143,0.228721855,0.229641314,0.229163223,0.230450005,0.230874464,0.230375991,0.225894161,0.228272037,0.228335306,0.226773272,0.224249526,0.226760385,0.225832564,0.22460193,0.223581339,0.222518482,0.224818142,0.226061876,0.223821771,0.226248872,0.226588588,0.222334538,0.226205906,0.224568624,0.222794995,0.22515917,0.221818568,0.224216587,0.222508595,0.221759595,0.222195236
1;2,0.1368,0.1319,0.1387,0.1451,0.1523,0.1626,0.1762,0.194,0.2178,0.248,0.2887,0.3376,0.3978,0.4714,0.5532,0.6468,0.7501,0.8597,0.972,1.0752,1.1621,1.2329,1.2906,1.3331,1.3657,1.393,1.4148,1.4368,1.4548,1.4691,1.4804,1.4909,1.4981,1.5024,1.5049,1.5069,1.5087,1.511,1.5148,1.5164,1.5197,1.5231,1.5249,1.5288,1.532,1.5347,1.5395,1.5424,1.5449,1.5485,1.5503,1.5533,1.5564,1.5581,1.5609,1.5639,1.5656,1.5676,1.5703,1.5719,1.5726,1.5745,1.5771,1.5807,1.5812,1.5825,1.5832,1.5854,1.5875,1.5894,1.5894,1.5911,1.5932,1.5939,1.5944,1.5958,1.5967,1.5983,1.5988,1.6003,1.6005,1.602,1.6028,1.6028,1.6036,1.6052,1.6055,1.6067,1.6069,1.6068,1.6076,1.6079,1.6086,1.6092,1.6093,1.6107
2;1,0.1471,0.1428,0.1497,0.1564,0.1652,0.1756,0.1887,0.2075,0.2323,0.2618,0.2993,0.3432,0.3919,0.4509,0.5202,0.5954,0.6794,0.7701,0.8673,0.9616,1.0466,1.1205,1.1792,1.228,1.265,1.2965,1.3238,1.3469,1.3666,1.3874,1.3995,1.4129,1.4229,1.4281,1.4331,1.4356,1.4373,1.4403,1.4424,1.4445,1.4471,1.45,1.4523,1.4556,1.4594,1.4628,1.4653,1.4667,1.4715,1.4734,1.4765,1.4786,1.4821,1.4845,1.4865,1.4903,1.4919,1.4932,1.4967,1.497,1.4979,1.5017,1.5031,1.5048,1.5063,1.5077,1.5087,1.5107,1.5119,1.5143,1.5163,1.5161,1.5185,1.5195,1.5206,1.5215,1.5232,1.524,1.5248,1.5264,1.5268,1.5278,1.5286,1.5294,1.5307,1.5304,1.5315,1.5334,1.5335,1.534,1.5346,1.5349,1.536,1.5371,1.5369,1.5375
2;2,0.1369,0.1311,0.1382,0.1443,0.1515,0.1616,0.1755,0.1932,0.217,0.2473,0.2862,0.3335,0.3924,0.4633,0.544,0.6354,0.7387,0.8454,0.9582,1.0601,1.1497,1.2234,1.2833,1.3288,1.3626,1.3907,1.4169,1.4392,1.4578,1.4723,1.4859,1.497,1.5056,1.5091,1.5119,1.514,1.5156,1.517,1.5196,1.522,1.5252,1.5281,1.5302,1.5343,1.536,1.5396,1.5441,1.5466,1.5498,1.5521,1.5552,1.5576,1.5604,1.5624,1.5659,1.5688,1.5707,1.5731,1.5749,1.5764,1.5761,1.5815,1.5831,1.5854,1.5873,1.5885,1.5901,1.5916,1.5935,1.5944,1.5964,1.5974,1.5987,1.6003,1.6019,1.6022,1.603,1.6052,1.605,1.6068,1.6072,1.6091,1.6094,1.6103,1.6107,1.611,1.6131,1.6129,1.6136,1.6144,1.6154,1.6162,1.6165,1.6168,1.6182,1.6185
2;3,0.1358,0.1309,0.1365,0.141,0.1464,0.1532,0.1625,0.175,0.1909,0.2112,0.2363,0.2645,0.2986,0.339,0.3807,0.4281,0.4752,0.5248,0.5746,0.6228,0.6668,0.7024,0.7438,0.7765,0.7949,0.8142,0.8428,0.8535,0.8656,0.8842,0.8995,0.9026,0.9162,0.9249,0.9235,0.9351,0.941,0.9358,0.9414,0.9442,0.9439,0.9515,0.9579,0.962,0.9591,0.9702,0.9776,0.9797,0.9822,0.9831,0.9956,0.9978,0.9942,1.0005,1.0054,1.0034,1.0074,1.0073,1.0133,1.0215,1.0268,1.0293,1.0324,1.0368,1.0309,1.044,1.0426,1.0456,1.045,1.0448,1.0479,1.0589,1.0552,1.0561,1.0607,1.0676,1.0624,1.0663,1.0693,1.0731,1.0761,1.0725,1.0701,1.0755,1.0705,1.0704,1.0818,1.0731,1.0772,1.0815,1.0768,1.085,1.08,1.0845,1.0867,1.0864
3;2,0.1465,0.1417,0.1471,0.1523,0.1591,0.1675,0.1787,0.1936,0.2114,0.2348,0.2626,0.2946,0.3318,0.3764,0.4257,0.4829,0.5441,0.6092,0.6807,0.7505,0.8182,0.8794,0.9351,0.9817,1.0186,1.0434,1.0769,1.1,1.1209,1.1448,1.1642,1.1791,1.1915,1.2054,1.2103,1.2184,1.2278,1.2292,1.2379,1.2423,1.2475,1.2522,1.2577,1.2632,1.2644,1.2692,1.277,1.2817,1.2851,1.2876,1.2926,1.2999,1.3016,1.3034,1.3048,1.3059,1.3135,1.3129,1.3214,1.3228,1.3288,1.3309,1.3355,1.336,1.3383,1.3452,1.3477,1.3499,1.3476,1.3534,1.3511,1.3581,1.3581,1.3596,1.3625,1.3644,1.3656,1.3676,1.3697,1.3734,1.3734,1.372,1.3722,1.3765,1.3759,1.3762,1.379,1.3795,1.3817,1.3848,1.384,1.3876,1.3866,1.3889,1.3907,1.3916
,,,,,,,,,,,,,,,,,,,,,,,,,,,,,,,,,,,,,,,,,,,,,,,,,,,,,,,,,,,,,,,,,,,,,,,,,,,,,,,,,,,,,,,,,,,,,,,,
Cycles / Well,,,,,,,,,,,,,,,,,,,,,,,,,,,,,,,,,,,,,,,,,,,,,,,,,,,,,,,,,,,,,,,,,,,,,,,,,,,,,,,,,,,,,,,,,,,,,,,,
B9,1,2,3,4,5,6,7,8,9,10,11,12,13,14,15,16,17,18,19,20,21,22,23,24,25,26,27,28,29,30,31,32,33,34,35,36,37,38,39,40,41,42,43,44,45,46,47,48,49,50,51,52,53,54,55,56,57,58,59,60,61,62,63,64,65,66,67,68,69,70,71,72,73,74,75,76,77,78,79,80,81,82,83,84,85,86,87,88,89,90,91,92,93,94,95,96
Time [s],0,1799.821,3599.758,5399.669,7199.591,8999.513,10799.454,12599.368,14399.281,16199.217,17999.132,19799.048,21598.968,23398.907,25198.816,26998.729,28798.66,30598.612,32398.504,34198.422,35998.348,37798.293,39598.197,41398.12,43198.051,44997.975,46797.9,48597.816,50397.749,52197.631,53997.556,55797.465,57597.39,59397.304,61197.232,62997.141,64797.066,66596.996,68396.927,70196.835,71996.75,73796.684,75596.611,77396.528,79196.461,80996.395,82796.296,84596.214,86396.144,88196.085,89995.979,91795.899,93595.822,95395.741,97195.669,98995.594,100795.52,102595.43,104395.36,106195.269,107995.204,109795.106,111595.047,113394.962,115194.873,116994.792,118794.719,120594.63,122394.557,124194.487,125994.397,127794.312,129594.227,131394.143,133194.064,134993.983,136793.918,138593.83,140393.768,142193.687,143993.61,145793.539,147593.44,149393.349,151193.294,152993.201,154793.136,156593.059,158392.972,160192.914,161992.825,163792.732,165592.675,167392.569,169192.493,170992.414
Temp. [°C],19.6,29.9,29.9,30,30,30,30,29.9,30,30,30,30.1,30.1,30,30,30,30,30,30,30,30,30,30,30,30,30.1,30.1,30,30,30,30,30,30,30,30,30,30,30,30,30,30,30,30,30,30,30,30,30,30,30,30,30,30,30,30,30,30,30,30,29.9,30,30,30,30,30,30,30,30,30.1,30,30.1,30.1,30,30,30,30,30,29.9,30,30,30,30,30,30,30,30,30,30,30.1,30,30,30,30,30,30,30
Mean,0.13928,0.1347,0.14226,0.14824,0.15512,0.16408,0.17656,0.19266,0.21484,0.2452,0.28482,0.33578,0.39858,0.472,0.55624,0.64922,0.7501,0.8579,0.96384,1.05982,1.14168,1.20636,1.2559,1.29166,1.31848,1.33876,1.35578,1.36996,1.38092,1.3919,1.40034,1.40752,1.4152,1.41946,1.42268,1.42614,1.42942,1.43106,1.4344,1.43602,1.43756,1.43986,1.44208,1.44432,1.4457,1.44896,1.45082,1.4522,1.45462,1.45542,1.45776,1.45858,1.46014,1.46128,1.46194,1.46336,1.4644,1.46516,1.46686,1.46796,1.46822,1.47036,1.47084,1.472,1.47224,1.47426,1.47476,1.47522,1.47528,1.47612,1.47708,1.47798,1.47858,1.47938,1.47996,1.48046,1.4815,1.48208,1.48266,1.4836,1.48384,1.48372,1.48462,1.48554,1.48554,1.48662,1.48714,1.48756,1.48808,1.48862,1.48886,1.48958,1.4901,1.49052,1.4909,1.4914
StDev,0.006917875,0.007031003,0.00701092,0.0064775,0.006578526,0.006945646,0.007720946,0.009638101,0.012977789,0.01757868,0.024159615,0.032654357,0.043948117,0.055843173,0.068279924,0.080018292,0.091112019,0.096878868,0.09896223,0.095515428,0.090489872,0.085864213,0.080608839,0.077110752,0.074154885,0.073008342,0.069000775,0.068249674,0.06771615,0.065855258,0.064746374,0.064758876,0.063971361,0.06296148,0.064047069,0.062205972,0.062089508,0.061946372,0.061088338,0.06114832,0.061469285,0.060902406,0.060878584,0.060746169,0.061457953,0.060284517,0.060599398,0.060483014,0.059995642,0.060580129,0.059866293,0.059798512,0.060082552,0.059740413,0.060153329,0.060974363,0.061029788,0.060543769,0.059995733,0.059158795,0.059445748,0.059858525,0.059690519,0.05996599,0.060117244,0.058915643,0.059259961,0.059533999,0.060113784,0.059689798,0.06029019,0.05982568,0.060284467,0.059945325,0.059528716,0.059460012,0.060056848,0.05999485,0.059247894,0.059192905,0.059400951,0.059619015,0.059531899,0.059444453,0.05985982,0.059864489,0.059168598,0.060157402,0.05973422,0.059310598,0.059843905,0.059334577,0.059369773,0.059362505,0.05932491,0.059630026
1;2,0.1347,0.1301,0.1384,0.1461,0.1544,0.1648,0.1791,0.1981,0.224,0.26,0.3073,0.3684,0.4445,0.5319,0.6305,0.7361,0.8488,0.9609,1.0672,1.1587,1.2325,1.2922,1.3353,1.3643,1.3878,1.4082,1.4185,1.433,1.4428,1.4527,1.4572,1.4655,1.4717,1.4749,1.4795,1.4803,1.4841,1.4861,1.488,1.4896,1.4918,1.4932,1.4953,1.4966,1.4996,1.5017,1.5035,1.5038,1.5066,1.508,1.5094,1.5106,1.513,1.5132,1.5141,1.517,1.5172,1.5172,1.5185,1.5183,1.5197,1.5227,1.5221,1.5245,1.524,1.5243,1.525,1.5259,1.5273,1.5276,1.5289,1.5286,1.5309,1.5304,1.5306,1.5306,1.5329,1.5332,1.5329,1.5338,1.5348,1.5348,1.5355,1.5363,1.5368,1.539,1.5368,1.5395,1.539,1.5388,1.5399,1.5402,1.5402,1.541,1.5411,1.5418
2;1,0.1477,0.1433,0.1523,0.1579,0.1649,0.1739,0.1861,0.2025,0.2254,0.2555,0.2931,0.3404,0.3943,0.4551,0.5279,0.6075,0.696,0.7977,0.9011,0.9997,1.0832,1.1516,1.203,1.2417,1.268,1.2899,1.3063,1.3225,1.3326,1.343,1.3517,1.3587,1.3669,1.3719,1.3756,1.3798,1.3821,1.3843,1.3876,1.3899,1.3921,1.3931,1.3952,1.3976,1.401,1.4033,1.404,1.4056,1.4079,1.4098,1.4113,1.4124,1.4144,1.4157,1.4167,1.4182,1.4185,1.4199,1.421,1.422,1.4212,1.4234,1.4241,1.4245,1.4261,1.4271,1.4278,1.4277,1.4286,1.4291,1.4297,1.4302,1.4315,1.432,1.4326,1.4328,1.4335,1.4347,1.4359,1.4374,1.4367,1.4374,1.4385,1.4393,1.4396,1.4403,1.4412,1.442,1.4415,1.4428,1.4443,1.4445,1.445,1.445,1.4449,1.4464
2;2,0.1362,0.1306,0.1385,0.1455,0.1534,0.1639,0.1782,0.1972,0.2231,0.2583,0.3056,0.3659,0.4423,0.5301,0.6283,0.7356,0.8499,0.9665,1.0768,1.1696,1.2483,1.3075,1.352,1.3863,1.41,1.4277,1.4428,1.4551,1.466,1.4743,1.4838,1.4901,1.4974,1.5005,1.5048,1.5067,1.5093,1.5104,1.5131,1.5149,1.5166,1.5184,1.5207,1.5234,1.525,1.5268,1.5293,1.5313,1.5324,1.534,1.5356,1.536,1.5375,1.5387,1.54,1.5419,1.5437,1.5441,1.545,1.5454,1.5453,1.5476,1.5486,1.5493,1.5505,1.5513,1.5524,1.553,1.5533,1.5537,1.5556,1.5564,1.5567,1.5578,1.5578,1.5585,1.5598,1.5605,1.5603,1.5612,1.5612,1.5615,1.5624,1.5632,1.5637,1.5639,1.5651,1.5658,1.5662,1.5665,1.5672,1.5672,1.5682,1.5683,1.5688,1.5698
2;3,0.1322,0.1282,0.1354,0.1408,0.1466,0.1543,0.165,0.179,0.1978,0.2239,0.2584,0.3035,0.3606,0.429,0.5067,0.5937,0.6866,0.7874,0.8878,0.9826,1.0666,1.1315,1.1863,1.2237,1.2539,1.2739,1.3,1.3131,1.3255,1.3413,1.3537,1.3606,1.3708,1.3753,1.3771,1.383,1.3874,1.3874,1.3944,1.395,1.3946,1.3999,1.4011,1.4041,1.4019,1.4082,1.4104,1.4118,1.4159,1.4132,1.4179,1.4185,1.4183,1.42,1.4205,1.4197,1.4216,1.4225,1.4256,1.4291,1.4295,1.4311,1.4317,1.433,1.432,1.438,1.4371,1.4383,1.4356,1.4369,1.4368,1.4405,1.4386,1.4405,1.4424,1.4437,1.4432,1.4437,1.4446,1.445,1.446,1.4443,1.4448,1.4469,1.4446,1.4456,1.4489,1.4457,1.4488,1.4493,1.4467,1.4496,1.4497,1.4503,1.4511,1.4496
3;2,0.1456,0.1413,0.1467,0.1509,0.1563,0.1635,0.1744,0.1865,0.2039,0.2283,0.2597,0.3007,0.3512,0.4139,0.4878,0.5732,0.6692,0.777,0.8863,0.9885,1.0778,1.149,1.2029,1.2423,1.2727,1.2941,1.3113,1.3261,1.3377,1.3482,1.3553,1.3627,1.3692,1.3747,1.3764,1.3809,1.3842,1.3871,1.3889,1.3907,1.3927,1.3947,1.3981,1.3999,1.401,1.4048,1.4069,1.4085,1.4103,1.4121,1.4146,1.4154,1.4175,1.4188,1.4184,1.42,1.421,1.4221,1.4242,1.425,1.4254,1.427,1.4277,1.4287,1.4286,1.4306,1.4315,1.4312,1.4316,1.4333,1.4344,1.4342,1.4352,1.4362,1.4364,1.4367,1.4381,1.4383,1.4396,1.4406,1.4405,1.4406,1.4419,1.442,1.443,1.4443,1.4437,1.4448,1.4449,1.4457,1.4462,1.4464,1.4474,1.448,1.4486,1.4494
,,,,,,,,,,,,,,,,,,,,,,,,,,,,,,,,,,,,,,,,,,,,,,,,,,,,,,,,,,,,,,,,,,,,,,,,,,,,,,,,,,,,,,,,,,,,,,,,
Cycles / Well,,,,,,,,,,,,,,,,,,,,,,,,,,,,,,,,,,,,,,,,,,,,,,,,,,,,,,,,,,,,,,,,,,,,,,,,,,,,,,,,,,,,,,,,,,,,,,,,
B10,1,2,3,4,5,6,7,8,9,10,11,12,13,14,15,16,17,18,19,20,21,22,23,24,25,26,27,28,29,30,31,32,33,34,35,36,37,38,39,40,41,42,43,44,45,46,47,48,49,50,51,52,53,54,55,56,57,58,59,60,61,62,63,64,65,66,67,68,69,70,71,72,73,74,75,76,77,78,79,80,81,82,83,84,85,86,87,88,89,90,91,92,93,94,95,96
Time [s],0,1799.821,3599.758,5399.669,7199.591,8999.513,10799.454,12599.368,14399.281,16199.217,17999.132,19799.048,21598.968,23398.907,25198.816,26998.729,28798.66,30598.612,32398.504,34198.422,35998.348,37798.293,39598.197,41398.12,43198.051,44997.975,46797.9,48597.816,50397.749,52197.631,53997.556,55797.465,57597.39,59397.304,61197.232,62997.141,64797.066,66596.996,68396.927,70196.835,71996.75,73796.684,75596.611,77396.528,79196.461,80996.395,82796.296,84596.214,86396.144,88196.085,89995.979,91795.899,93595.822,95395.741,97195.669,98995.594,100795.52,102595.43,104395.36,106195.269,107995.204,109795.106,111595.047,113394.962,115194.873,116994.792,118794.719,120594.63,122394.557,124194.487,125994.397,127794.312,129594.227,131394.143,133194.064,134993.983,136793.918,138593.83,140393.768,142193.687,143993.61,145793.539,147593.44,149393.349,151193.294,152993.201,154793.136,156593.059,158392.972,160192.914,161992.825,163792.732,165592.675,167392.569,169192.493,170992.414
Temp. [°C],19.6,29.9,29.9,30,30,30,30,29.9,30,30,30,30.1,30.1,30,30,30,30,30,30,30,30,30,30,30,30,30.1,30.1,30,30,30,30,30,30,30,30,30,30,30,30,30,30,30,30,30,30,30,30,30,30,30,30,30,30,30,30,30,30,30,30,29.9,30,30,30,30,30,30,30,30,30.1,30,30.1,30.1,30,30,30,30,30,29.9,30,30,30,30,30,30,30,30,30,30,30.1,30,30,30,30,30,30,30
Mean,0.13354,0.12612,0.13078,0.13402,0.13666,0.1404,0.14556,0.15202,0.16082,0.1728,0.18828,0.20992,0.23836,0.27618,0.32544,0.3854,0.45734,0.54152,0.63534,0.73758,0.84188,0.93798,1.02172,1.09112,1.14256,1.18198,1.21214,1.23418,1.25072,1.26554,1.27676,1.28586,1.29568,1.30302,1.30862,1.31342,1.31704,1.31984,1.32424,1.3273,1.33108,1.33394,1.33688,1.33956,1.3424,1.34542,1.3483,1.34996,1.35286,1.3544,1.3564,1.3582,1.3604,1.36196,1.36364,1.36526,1.36638,1.36824,1.36868,1.37032,1.3707,1.37272,1.37352,1.37458,1.37478,1.3765,1.37728,1.37792,1.37772,1.37906,1.37962,1.38062,1.38116,1.38172,1.38254,1.38356,1.38372,1.3843,1.38498,1.38578,1.38598,1.38614,1.3867,1.3866,1.38716,1.38756,1.3885,1.38844,1.38886,1.38912,1.38946,1.38976,1.39,1.39002,1.38992,1.39032
StDev,0.004026537,0.004600761,0.004501888,0.004191301,0.004212244,0.004331282,0.004466878,0.004682094,0.005162558,0.005660389,0.006967568,0.009349706,0.013704853,0.020045623,0.028159599,0.037766189,0.049311642,0.059559777,0.069192904,0.077111361,0.081079356,0.082710078,0.08216223,0.079649683,0.076391839,0.074775878,0.072193268,0.070761762,0.069767414,0.068613796,0.067203445,0.067117978,0.066757973,0.066253657,0.065783904,0.064294689,0.063983381,0.06365075,0.063836808,0.063718247,0.062395008,0.061663141,0.06233207,0.062440436,0.062601797,0.062652271,0.061911146,0.062038964,0.062511623,0.062290489,0.062391626,0.061840116,0.062271783,0.062433348,0.062544048,0.062944642,0.063234302,0.062444039,0.062362344,0.062098527,0.062942553,0.062684344,0.063326116,0.063260351,0.063447277,0.063030389,0.063120575,0.063854929,0.063984272,0.063144145,0.06369821,0.063942294,0.064529706,0.063513125,0.063645919,0.063765806,0.064262057,0.063801528,0.064240774,0.064208699,0.064120293,0.064466992,0.064494263,0.064784836,0.064463773,0.064113595,0.064116379,0.064839093,0.064303289,0.064735863,0.064276263,0.064012327,0.064554241,0.064494356,0.064708091,0.064833494
1;2,0.1311,0.1234,0.1286,0.1326,0.1355,0.1396,0.1453,0.1525,0.1624,0.1763,0.1947,0.2205,0.2557,0.3028,0.3633,0.4356,0.5228,0.6189,0.7236,0.8366,0.9455,1.0443,1.1257,1.1909,1.2379,1.276,1.2996,1.3213,1.3354,1.3479,1.3556,1.3659,1.374,1.3799,1.3848,1.3873,1.391,1.3949,1.3987,1.4015,1.4041,1.4059,1.4096,1.4119,1.4154,1.4184,1.4196,1.4214,1.4255,1.4266,1.4282,1.4297,1.4329,1.4342,1.4361,1.4385,1.4407,1.4403,1.4411,1.4407,1.4435,1.4453,1.4462,1.4469,1.4477,1.4481,1.4493,1.4512,1.4513,1.4516,1.4534,1.4533,1.4552,1.4544,1.455,1.4557,1.4572,1.4569,1.4584,1.4592,1.4596,1.4597,1.4612,1.4606,1.4619,1.4618,1.4614,1.4637,1.463,1.4639,1.464,1.4633,1.4645,1.4648,1.4652,1.4661
2;1,0.14,0.1333,0.1381,0.1411,0.1439,0.1478,0.1531,0.1598,0.169,0.1806,0.1954,0.2163,0.2422,0.2759,0.3205,0.3727,0.4355,0.5104,0.5922,0.683,0.7803,0.8726,0.9529,1.0217,1.075,1.1138,1.143,1.167,1.1836,1.1983,1.2108,1.2198,1.2298,1.2374,1.2423,1.2486,1.2518,1.256,1.2605,1.2636,1.269,1.2717,1.2738,1.2764,1.2796,1.2828,1.2854,1.2871,1.2899,1.2923,1.2934,1.2964,1.298,1.2985,1.3013,1.3028,1.3036,1.3061,1.3063,1.3074,1.3078,1.3094,1.3098,1.3105,1.3107,1.3122,1.3128,1.3126,1.3132,1.3151,1.3157,1.3156,1.3157,1.3179,1.3179,1.3187,1.3191,1.3193,1.3198,1.3207,1.321,1.3212,1.3223,1.322,1.3227,1.3239,1.3242,1.3235,1.3245,1.3245,1.3258,1.3259,1.326,1.3264,1.3252,1.3265
2;2,0.1309,0.1229,0.1278,0.1315,0.1344,0.1382,0.1434,0.15,0.1592,0.1719,0.1886,0.2116,0.2429,0.2847,0.339,0.406,0.4858,0.5781,0.6804,0.7884,0.8971,0.9953,1.0805,1.1491,1.199,1.2366,1.2674,1.2871,1.3046,1.3186,1.3308,1.3387,1.3484,1.3555,1.3612,1.3651,1.368,1.3699,1.3755,1.3783,1.3814,1.3836,1.3861,1.3897,1.3931,1.3961,1.3983,1.4004,1.4028,1.4052,1.4071,1.4085,1.4108,1.4126,1.4146,1.4168,1.4175,1.4199,1.4197,1.422,1.4216,1.4228,1.4249,1.4261,1.4272,1.4286,1.4293,1.4302,1.43,1.4308,1.4316,1.433,1.434,1.4338,1.4346,1.4358,1.4365,1.4372,1.4377,1.4382,1.4382,1.4394,1.4394,1.4403,1.4401,1.4401,1.4414,1.4413,1.4416,1.4422,1.4425,1.4424,1.4435,1.4429,1.4429,1.4432
2;3,0.1307,0.1228,0.1273,0.1306,0.1332,0.1366,0.1414,0.1476,0.1559,0.1679,0.1831,0.2038,0.232,0.2692,0.3172,0.3777,0.4492,0.5352,0.6315,0.734,0.8379,0.9317,1.0171,1.0878,1.1389,1.1782,1.2118,1.2329,1.2492,1.266,1.2775,1.2858,1.2981,1.3069,1.312,1.3174,1.3209,1.3217,1.326,1.3296,1.3319,1.3353,1.34,1.3423,1.3434,1.3467,1.3514,1.3525,1.3556,1.3557,1.3591,1.3601,1.3617,1.364,1.3651,1.3656,1.3663,1.3689,1.3694,1.3731,1.3731,1.376,1.3768,1.3781,1.3762,1.3796,1.38,1.3804,1.3801,1.3813,1.381,1.3845,1.3837,1.3845,1.3863,1.3881,1.3865,1.3869,1.3879,1.3891,1.3889,1.3887,1.3884,1.3887,1.3878,1.3886,1.3917,1.3896,1.3905,1.3905,1.3896,1.3917,1.3905,1.3908,1.3903,1.3903
3;2,0.135,0.1282,0.1321,0.1343,0.1363,0.1398,0.1446,0.1502,0.1576,0.1673,0.1796,0.1974,0.219,0.2483,0.2872,0.335,0.3934,0.465,0.549,0.6459,0.7486,0.846,0.9324,1.0061,1.062,1.1053,1.1389,1.1626,1.1808,1.1969,1.2091,1.2191,1.2281,1.2354,1.2428,1.2487,1.2535,1.2567,1.2605,1.2635,1.269,1.2732,1.2749,1.2775,1.2805,1.2831,1.2868,1.2884,1.2905,1.2922,1.2942,1.2963,1.2986,1.3005,1.3011,1.3026,1.3038,1.306,1.3069,1.3084,1.3075,1.3101,1.3099,1.3113,1.3121,1.314,1.315,1.3152,1.314,1.3165,1.3164,1.3167,1.3172,1.318,1.3189,1.3195,1.3193,1.3212,1.3211,1.3217,1.3222,1.3217,1.3222,1.3214,1.3233,1.3234,1.3238,1.3241,1.3247,1.3245,1.3254,1.3255,1.3255,1.3252,1.326,1.3255
,,,,,,,,,,,,,,,,,,,,,,,,,,,,,,,,,,,,,,,,,,,,,,,,,,,,,,,,,,,,,,,,,,,,,,,,,,,,,,,,,,,,,,,,,,,,,,,,
Cycles / Well,,,,,,,,,,,,,,,,,,,,,,,,,,,,,,,,,,,,,,,,,,,,,,,,,,,,,,,,,,,,,,,,,,,,,,,,,,,,,,,,,,,,,,,,,,,,,,,,
B11,1,2,3,4,5,6,7,8,9,10,11,12,13,14,15,16,17,18,19,20,21,22,23,24,25,26,27,28,29,30,31,32,33,34,35,36,37,38,39,40,41,42,43,44,45,46,47,48,49,50,51,52,53,54,55,56,57,58,59,60,61,62,63,64,65,66,67,68,69,70,71,72,73,74,75,76,77,78,79,80,81,82,83,84,85,86,87,88,89,90,91,92,93,94,95,96
Time [s],0,1799.821,3599.758,5399.669,7199.591,8999.513,10799.454,12599.368,14399.281,16199.217,17999.132,19799.048,21598.968,23398.907,25198.816,26998.729,28798.66,30598.612,32398.504,34198.422,35998.348,37798.293,39598.197,41398.12,43198.051,44997.975,46797.9,48597.816,50397.749,52197.631,53997.556,55797.465,57597.39,59397.304,61197.232,62997.141,64797.066,66596.996,68396.927,70196.835,71996.75,73796.684,75596.611,77396.528,79196.461,80996.395,82796.296,84596.214,86396.144,88196.085,89995.979,91795.899,93595.822,95395.741,97195.669,98995.594,100795.52,102595.43,104395.36,106195.269,107995.204,109795.106,111595.047,113394.962,115194.873,116994.792,118794.719,120594.63,122394.557,124194.487,125994.397,127794.312,129594.227,131394.143,133194.064,134993.983,136793.918,138593.83,140393.768,142193.687,143993.61,145793.539,147593.44,149393.349,151193.294,152993.201,154793.136,156593.059,158392.972,160192.914,161992.825,163792.732,165592.675,167392.569,169192.493,170992.414
Temp. [°C],19.6,29.9,29.9,30,30,30,30,29.9,30,30,30,30.1,30.1,30,30,30,30,30,30,30,30,30,30,30,30,30.1,30.1,30,30,30,30,30,30,30,30,30,30,30,30,30,30,30,30,30,30,30,30,30,30,30,30,30,30,30,30,30,30,30,30,29.9,30,30,30,30,30,30,30,30,30.1,30,30.1,30.1,30,30,30,30,30,29.9,30,30,30,30,30,30,30,30,30,30,30.1,30,30,30,30,30,30,30
Mean,0.1498,0.1428,0.15026,0.15634,0.16372,0.17354,0.18752,0.20662,0.23198,0.26614,0.30948,0.36492,0.4342,0.51356,0.6037,0.70278,0.80796,0.91078,0.9996,1.07656,1.13304,1.17448,1.20414,1.22668,1.24408,1.26018,1.27408,1.28676,1.2962,1.30584,1.3123,1.31964,1.32548,1.32932,1.3317,1.3347,1.33678,1.34026,1.34444,1.34736,1.35086,1.35422,1.35752,1.36022,1.36266,1.36584,1.3679,1.36972,1.37226,1.37312,1.37578,1.37732,1.37906,1.38014,1.38176,1.3831,1.38402,1.38554,1.38646,1.3875,1.388,1.3897,1.39044,1.39152,1.3918,1.39308,1.3944,1.39476,1.39476,1.39638,1.3969,1.39772,1.39806,1.39846,1.3994,1.3997,1.4005,1.40082,1.4019,1.40246,1.40282,1.40306,1.40352,1.40344,1.40384,1.40446,1.40508,1.40474,1.40542,1.40566,1.4064,1.40602,1.4066,1.40614,1.4066,1.40718
StDev,0.007842512,0.008563002,0.009151667,0.009105383,0.010107027,0.010973969,0.011924009,0.013492479,0.015329123,0.016852685,0.018301831,0.018344263,0.018361917,0.018019795,0.018724449,0.021510625,0.026193663,0.02927639,0.03169653,0.031378783,0.030067058,0.029209023,0.027467854,0.026978269,0.026532942,0.026918339,0.026862744,0.025926107,0.025872766,0.026577302,0.025651803,0.025922828,0.025397972,0.025868649,0.025623719,0.025563842,0.025630002,0.025131912,0.025773979,0.025975142,0.02636291,0.025852408,0.025933511,0.026017436,0.026539932,0.026044923,0.026020473,0.025905057,0.025932663,0.025727748,0.02543299,0.025575516,0.025432027,0.025698015,0.025389033,0.025706322,0.025750184,0.025700253,0.02539435,0.025431378,0.025644005,0.026305988,0.026241246,0.026017725,0.026021818,0.02620166,0.026439365,0.026516089,0.026565259,0.025869422,0.026216979,0.026210628,0.02630519,0.026325425,0.025962377,0.026287354,0.026436244,0.026403352,0.025938292,0.026450955,0.026452259,0.026052217,0.026241132,0.02601563,0.025924949,0.026043675,0.02665121,0.026449253,0.026443563,0.026514015,0.026332394,0.026157446,0.026665052,0.026671014,0.026931673,0.026755691
1;2,0.1454,0.137,0.145,0.1518,0.1587,0.1686,0.1829,0.2021,0.2282,0.2636,0.3091,0.3685,0.4425,0.5287,0.6252,0.7317,0.8439,0.9502,1.0407,1.1156,1.1691,1.2101,1.2358,1.2568,1.2734,1.2897,1.3019,1.3132,1.3229,1.3323,1.3376,1.3456,1.3505,1.3549,1.3573,1.359,1.3611,1.3643,1.3681,1.3722,1.3765,1.378,1.3822,1.3841,1.388,1.3903,1.3918,1.3938,1.3962,1.397,1.3983,1.4,1.4019,1.4041,1.405,1.4071,1.4081,1.4094,1.4095,1.4098,1.4108,1.4129,1.4147,1.4143,1.4153,1.4155,1.4179,1.4192,1.4195,1.4196,1.4206,1.4215,1.4228,1.423,1.4222,1.423,1.4248,1.4246,1.4253,1.4266,1.4264,1.4265,1.4278,1.4269,1.4276,1.4275,1.4291,1.4291,1.4298,1.4296,1.4306,1.4291,1.431,1.4306,1.4315,1.4315
2;1,0.1595,0.1546,0.1641,0.1704,0.1795,0.1908,0.2065,0.2281,0.2568,0.2933,0.3389,0.3931,0.4609,0.535,0.6187,0.7094,0.8043,0.9003,0.9829,1.0564,1.1113,1.1506,1.1795,1.2021,1.2189,1.2337,1.2466,1.2593,1.2691,1.2776,1.2843,1.2915,1.2979,1.3008,1.3044,1.3066,1.3083,1.3117,1.3149,1.318,1.3225,1.3261,1.3288,1.3316,1.3336,1.3364,1.3383,1.34,1.3429,1.344,1.3471,1.3486,1.3502,1.3507,1.3526,1.3543,1.3545,1.3561,1.3573,1.3579,1.3585,1.3588,1.3607,1.3615,1.362,1.3628,1.3638,1.364,1.365,1.3665,1.3666,1.3673,1.3672,1.368,1.3692,1.3691,1.37,1.3697,1.3711,1.3713,1.3718,1.3732,1.373,1.3734,1.3743,1.3746,1.3744,1.3746,1.375,1.3751,1.3764,1.3756,1.3761,1.3755,1.3758,1.3768
2;2,0.1466,0.1364,0.1435,0.1498,0.1567,0.166,0.1796,0.1977,0.2223,0.2557,0.299,0.3551,0.4268,0.5098,0.6047,0.7098,0.8231,0.9299,1.0231,1.1018,1.1589,1.199,1.2289,1.2516,1.2687,1.2854,1.2999,1.3121,1.3213,1.3325,1.3376,1.3448,1.3504,1.3545,1.3561,1.3599,1.362,1.3648,1.3703,1.3728,1.3774,1.3811,1.3835,1.3875,1.3898,1.3923,1.3947,1.396,1.3989,1.3997,1.4028,1.4045,1.406,1.4063,1.4078,1.4096,1.4105,1.4118,1.4129,1.4142,1.4152,1.4175,1.417,1.4191,1.419,1.421,1.4219,1.4216,1.4217,1.4235,1.4242,1.4242,1.4243,1.425,1.4264,1.4267,1.4271,1.4276,1.4283,1.4288,1.4298,1.4302,1.4301,1.4306,1.4308,1.432,1.4322,1.4321,1.4327,1.4333,1.4341,1.4332,1.4339,1.4335,1.4342,1.4353
2;3,0.141,0.1367,0.1435,0.1491,0.1556,0.1644,0.1771,0.1944,0.2176,0.2495,0.2904,0.3439,0.4123,0.4918,0.5826,0.6843,0.7908,0.8978,0.9889,1.0686,1.1265,1.1689,1.2003,1.224,1.242,1.2581,1.2742,1.2868,1.296,1.3058,1.3135,1.3209,1.327,1.331,1.334,1.3376,1.3398,1.3431,1.3478,1.3502,1.3518,1.356,1.3596,1.3616,1.3636,1.3677,1.37,1.372,1.3743,1.3746,1.3778,1.3793,1.3806,1.3821,1.3841,1.3845,1.3853,1.3875,1.3884,1.3903,1.3898,1.3919,1.3932,1.394,1.3938,1.3962,1.3973,1.3975,1.3972,1.3984,1.399,1.4012,1.4005,1.4009,1.4027,1.4033,1.4037,1.4043,1.405,1.4063,1.4065,1.4054,1.406,1.4055,1.4055,1.4067,1.4086,1.4065,1.4072,1.4078,1.4073,1.4092,1.4092,1.4085,1.4087,1.4087
3;2,0.1565,0.1493,0.1552,0.1606,0.1681,0.1779,0.1915,0.2108,0.235,0.2686,0.31,0.364,0.4285,0.5025,0.5873,0.6787,0.7777,0.8757,0.9624,1.0404,1.0994,1.1438,1.1762,1.1989,1.2174,1.234,1.2478,1.2624,1.2717,1.281,1.2885,1.2954,1.3016,1.3054,1.3067,1.3104,1.3127,1.3174,1.3211,1.3236,1.3261,1.3299,1.3335,1.3363,1.3383,1.3425,1.3447,1.3468,1.349,1.3503,1.3529,1.3542,1.3566,1.3575,1.3593,1.36,1.3617,1.3629,1.3642,1.3653,1.3657,1.3674,1.3666,1.3687,1.3689,1.3699,1.3711,1.3715,1.3704,1.3739,1.3741,1.3744,1.3755,1.3754,1.3765,1.3764,1.3769,1.3779,1.3798,1.3793,1.3796,1.38,1.3807,1.3808,1.381,1.3815,1.3811,1.3814,1.3824,1.3825,1.3836,1.383,1.3828,1.3826,1.3828,1.3836
,,,,,,,,,,,,,,,,,,,,,,,,,,,,,,,,,,,,,,,,,,,,,,,,,,,,,,,,,,,,,,,,,,,,,,,,,,,,,,,,,,,,,,,,,,,,,,,,
Cycles / Well,,,,,,,,,,,,,,,,,,,,,,,,,,,,,,,,,,,,,,,,,,,,,,,,,,,,,,,,,,,,,,,,,,,,,,,,,,,,,,,,,,,,,,,,,,,,,,,,
B12,1,2,3,4,5,6,7,8,9,10,11,12,13,14,15,16,17,18,19,20,21,22,23,24,25,26,27,28,29,30,31,32,33,34,35,36,37,38,39,40,41,42,43,44,45,46,47,48,49,50,51,52,53,54,55,56,57,58,59,60,61,62,63,64,65,66,67,68,69,70,71,72,73,74,75,76,77,78,79,80,81,82,83,84,85,86,87,88,89,90,91,92,93,94,95,96
Time [s],0,1799.821,3599.758,5399.669,7199.591,8999.513,10799.454,12599.368,14399.281,16199.217,17999.132,19799.048,21598.968,23398.907,25198.816,26998.729,28798.66,30598.612,32398.504,34198.422,35998.348,37798.293,39598.197,41398.12,43198.051,44997.975,46797.9,48597.816,50397.749,52197.631,53997.556,55797.465,57597.39,59397.304,61197.232,62997.141,64797.066,66596.996,68396.927,70196.835,71996.75,73796.684,75596.611,77396.528,79196.461,80996.395,82796.296,84596.214,86396.144,88196.085,89995.979,91795.899,93595.822,95395.741,97195.669,98995.594,100795.52,102595.43,104395.36,106195.269,107995.204,109795.106,111595.047,113394.962,115194.873,116994.792,118794.719,120594.63,122394.557,124194.487,125994.397,127794.312,129594.227,131394.143,133194.064,134993.983,136793.918,138593.83,140393.768,142193.687,143993.61,145793.539,147593.44,149393.349,151193.294,152993.201,154793.136,156593.059,158392.972,160192.914,161992.825,163792.732,165592.675,167392.569,169192.493,170992.414
Temp. [°C],19.6,29.9,29.9,30,30,30,30,29.9,30,30,30,30.1,30.1,30,30,30,30,30,30,30,30,30,30,30,30,30.1,30.1,30,30,30,30,30,30,30,30,30,30,30,30,30,30,30,30,30,30,30,30,30,30,30,30,30,30,30,30,30,30,30,30,29.9,30,30,30,30,30,30,30,30,30.1,30,30.1,30.1,30,30,30,30,30,29.9,30,30,30,30,30,30,30,30,30,30,30.1,30,30,30,30,30,30,30
Mean,0.1345,0.13376,0.13904,0.14334,0.14896,0.15636,0.1677,0.18178,0.20166,0.22946,0.26608,0.31526,0.37538,0.44768,0.53152,0.62588,0.72736,0.83722,0.9398,1.0313,1.10854,1.17024,1.21738,1.25222,1.27796,1.30006,1.31862,1.33342,1.34608,1.3578,1.36742,1.37516,1.3815,1.38612,1.391,1.39552,1.39756,1.40062,1.40188,1.40374,1.40522,1.40666,1.40836,1.41012,1.41192,1.41368,1.41488,1.41606,1.4176,1.4187,1.41992,1.42104,1.42306,1.42378,1.42464,1.42636,1.42716,1.4278,1.42894,1.4298,1.43032,1.43206,1.43238,1.43344,1.43498,1.4352,1.43592,1.43672,1.43786,1.43874,1.43906,1.4402,1.44188,1.44152,1.4423,1.44336,1.444,1.4452,1.44606,1.44722,1.44714,1.44796,1.44894,1.44942,1.45034,1.4514,1.45148,1.45288,1.45304,1.45334,1.45454,1.45452,1.45556,1.45626,1.45616,1.45718
StDev,0.00729349,0.00644073,0.006546984,0.006467457,0.006576701,0.005870945,0.005698245,0.00452073,0.004117402,0.006479429,0.012761544,0.02238399,0.034889569,0.048722654,0.062336643,0.075859917,0.092118418,0.100613677,0.105768403,0.106001132,0.104929777,0.101256076,0.097866782,0.093901688,0.092719486,0.091226493,0.08834895,0.087681594,0.086698945,0.086289629,0.084842925,0.084152172,0.083312574,0.083000313,0.081807671,0.080349343,0.079229938,0.078631527,0.077990685,0.077174335,0.076414704,0.076257446,0.075265052,0.075290816,0.075094487,0.074984378,0.075161639,0.074548595,0.074617826,0.0748774,0.074419063,0.074500188,0.074431667,0.073783447,0.073229454,0.073828369,0.074139821,0.072945493,0.073301282,0.073401907,0.072410269,0.073625831,0.073477187,0.07348985,0.072471422,0.072553532,0.072956782,0.072407576,0.072160328,0.071343416,0.071975051,0.071845042,0.071768635,0.071856851,0.071104922,0.071342505,0.071315391,0.070935393,0.070856284,0.070892891,0.070407798,0.070153104,0.070177404,0.070026402,0.069261338,0.069210657,0.069653765,0.068828315,0.068419646,0.068500971,0.06814905,0.068704236,0.068029868,0.06817069,0.067517427,0.06753656
1;2,0.1315,0.1279,0.134,0.1386,0.1449,0.1534,0.1658,0.1823,0.2057,0.2389,0.2836,0.3441,0.4181,0.5055,0.603,0.7098,0.8284,0.9442,1.0499,1.1383,1.2128,1.2699,1.3138,1.3421,1.368,1.3884,1.4019,1.4159,1.4287,1.439,1.445,1.4529,1.4584,1.4619,1.4658,1.4682,1.4693,1.4727,1.4721,1.4746,1.4756,1.4764,1.477,1.4793,1.4813,1.4819,1.4831,1.4849,1.486,1.4878,1.4874,1.4884,1.4912,1.4908,1.4916,1.4939,1.4949,1.4934,1.4948,1.4955,1.494,1.4989,1.4982,1.4996,1.4999,1.4986,1.5008,1.5012,1.5028,1.5025,1.5032,1.5029,1.5067,1.5061,1.5054,1.5065,1.5079,1.5081,1.5092,1.5101,1.5098,1.5102,1.5115,1.5117,1.5119,1.5146,1.5138,1.5146,1.5135,1.5141,1.5154,1.5149,1.5159,1.5169,1.5162,1.5164
2;1,0.1447,0.1412,0.1472,0.1521,0.1579,0.1636,0.1738,0.1856,0.203,0.2253,0.2524,0.289,0.332,0.3845,0.4504,0.52,0.6,0.6946,0.7879,0.8763,0.9542,1.02,1.0715,1.1114,1.1383,1.1623,1.1835,1.1998,1.2143,1.2262,1.2379,1.2463,1.253,1.2585,1.2653,1.2712,1.2749,1.2793,1.2806,1.284,1.2867,1.2882,1.2916,1.2928,1.2953,1.2966,1.2973,1.2999,1.3008,1.302,1.303,1.3039,1.3061,1.3081,1.3098,1.3105,1.3108,1.3126,1.3132,1.3137,1.3156,1.3162,1.3163,1.3173,1.3206,1.3201,1.3202,1.322,1.3239,1.3259,1.3248,1.3261,1.3286,1.3274,1.3294,1.3299,1.3308,1.3325,1.3331,1.3344,1.335,1.3363,1.3373,1.3382,1.3399,1.3415,1.3403,1.3431,1.3437,1.3441,1.3456,1.3449,1.3472,1.3477,1.3487,1.3491
2;2,0.1315,0.1302,0.135,0.1396,0.145,0.153,0.165,0.1806,0.2024,0.2332,0.2748,0.331,0.3994,0.48,0.5722,0.6727,0.7821,0.8948,1.0004,1.0917,1.1702,1.2301,1.275,1.3101,1.3338,1.3563,1.3731,1.3886,1.4006,1.4118,1.4226,1.4288,1.4339,1.4392,1.4438,1.447,1.4482,1.4514,1.4518,1.4536,1.4548,1.4557,1.4574,1.4584,1.4608,1.4613,1.4627,1.464,1.4646,1.4667,1.4664,1.4683,1.4699,1.4707,1.4711,1.4728,1.4736,1.4737,1.475,1.4752,1.4763,1.4782,1.4785,1.4797,1.4809,1.4809,1.4812,1.4816,1.4822,1.4828,1.4828,1.4849,1.4862,1.4858,1.4866,1.4876,1.488,1.4885,1.4894,1.4908,1.4902,1.4913,1.4923,1.4928,1.4932,1.494,1.4939,1.4954,1.4957,1.4957,1.4967,1.4969,1.4975,1.4979,1.4976,1.4987
2;3,0.126,0.1292,0.1339,0.138,0.143,0.1502,0.1606,0.1747,0.1947,0.2231,0.2609,0.3119,0.3762,0.4536,0.5453,0.6471,0.7585,0.877,0.9838,1.0787,1.1551,1.215,1.2601,1.2934,1.3175,1.3374,1.3564,1.3704,1.3814,1.3944,1.4042,1.4113,1.4171,1.4223,1.426,1.4305,1.432,1.4333,1.4356,1.4347,1.4353,1.4378,1.4388,1.44,1.4407,1.4448,1.4459,1.4449,1.4478,1.4479,1.4511,1.4515,1.4527,1.4538,1.4538,1.4561,1.4574,1.4579,1.4594,1.4613,1.4614,1.4623,1.4632,1.4635,1.465,1.4672,1.4672,1.4679,1.4689,1.4696,1.4707,1.4725,1.4722,1.4714,1.4726,1.474,1.474,1.4765,1.4761,1.4778,1.4773,1.4779,1.4785,1.4793,1.4793,1.4786,1.4806,1.4808,1.4814,1.4822,1.4821,1.4844,1.4846,1.4856,1.4851,1.4864
3;2,0.1388,0.1403,0.1451,0.1484,0.154,0.1616,0.1733,0.1857,0.2025,0.2268,0.2587,0.3003,0.3512,0.4148,0.4867,0.5798,0.6678,0.7755,0.877,0.9715,1.0504,1.1162,1.1665,1.2041,1.2322,1.2559,1.2782,1.2924,1.3054,1.3176,1.3274,1.3365,1.3451,1.3487,1.3541,1.3607,1.3634,1.3664,1.3693,1.3718,1.3737,1.3752,1.377,1.3801,1.3815,1.3838,1.3854,1.3866,1.3888,1.3891,1.3917,1.3931,1.3954,1.3955,1.3969,1.3985,1.3991,1.4014,1.4023,1.4033,1.4043,1.4047,1.4057,1.4071,1.4085,1.4092,1.4102,1.4109,1.4115,1.4129,1.4138,1.4146,1.4157,1.4169,1.4175,1.4188,1.4193,1.4204,1.4225,1.423,1.4234,1.4241,1.4251,1.4251,1.4274,1.4283,1.4288,1.4305,1.4309,1.4306,1.4329,1.4315,1.4326,1.4332,1.4332,1.4353
,,,,,,,,,,,,,,,,,,,,,,,,,,,,,,,,,,,,,,,,,,,,,,,,,,,,,,,,,,,,,,,,,,,,,,,,,,,,,,,,,,,,,,,,,,,,,,,,
Cycles / Well,,,,,,,,,,,,,,,,,,,,,,,,,,,,,,,,,,,,,,,,,,,,,,,,,,,,,,,,,,,,,,,,,,,,,,,,,,,,,,,,,,,,,,,,,,,,,,,,
C1,1,2,3,4,5,6,7,8,9,10,11,12,13,14,15,16,17,18,19,20,21,22,23,24,25,26,27,28,29,30,31,32,33,34,35,36,37,38,39,40,41,42,43,44,45,46,47,48,49,50,51,52,53,54,55,56,57,58,59,60,61,62,63,64,65,66,67,68,69,70,71,72,73,74,75,76,77,78,79,80,81,82,83,84,85,86,87,88,89,90,91,92,93,94,95,96
Time [s],0,1799.821,3599.758,5399.669,7199.591,8999.513,10799.454,12599.368,14399.281,16199.217,17999.132,19799.048,21598.968,23398.907,25198.816,26998.729,28798.66,30598.612,32398.504,34198.422,35998.348,37798.293,39598.197,41398.12,43198.051,44997.975,46797.9,48597.816,50397.749,52197.631,53997.556,55797.465,57597.39,59397.304,61197.232,62997.141,64797.066,66596.996,68396.927,70196.835,71996.75,73796.684,75596.611,77396.528,79196.461,80996.395,82796.296,84596.214,86396.144,88196.085,89995.979,91795.899,93595.822,95395.741,97195.669,98995.594,100795.52,102595.43,104395.36,106195.269,107995.204,109795.106,111595.047,113394.962,115194.873,116994.792,118794.719,120594.63,122394.557,124194.487,125994.397,127794.312,129594.227,131394.143,133194.064,134993.983,136793.918,138593.83,140393.768,142193.687,143993.61,145793.539,147593.44,149393.349,151193.294,152993.201,154793.136,156593.059,158392.972,160192.914,161992.825,163792.732,165592.675,167392.569,169192.493,170992.414
Temp. [°C],19.6,29.9,29.9,30,30,30,30,29.9,30,30,30,30.1,30.1,30,30,30,30,30,30,30,30,30,30,30,30,30.1,30.1,30,30,30,30,30,30,30,30,30,30,30,30,30,30,30,30,30,30,30,30,30,30,30,30,30,30,30,30,30,30,30,30,29.9,30,30,30,30,30,30,30,30,30.1,30,30.1,30.1,30,30,30,30,30,29.9,30,30,30,30,30,30,30,30,30,30,30.1,30,30,30,30,30,30,30
Mean,0.13456,0.13484,0.13854,0.14232,0.14822,0.15528,0.16412,0.17558,0.18878,0.20368,0.22168,0.242,0.26416,0.29052,0.31856,0.3485,0.38432,0.42124,0.45636,0.498,0.54718,0.59608,0.64414,0.69658,0.74672,0.79468,0.83132,0.87286,0.90562,0.93822,0.96884,0.99936,1.03392,1.06022,1.09668,1.12724,1.15416,1.18048,1.20232,1.21968,1.2376,1.24744,1.25806,1.26726,1.27334,1.2749,1.28262,1.28494,1.28796,1.29322,1.2947,1.29748,1.30138,1.30216,1.3028,1.30736,1.31,1.30968,1.31202,1.31372,1.31598,1.3193,1.32122,1.32322,1.3268,1.32712,1.32648,1.33098,1.3305,1.3316,1.33454,1.33242,1.33692,1.33788,1.33806,1.34004,1.34066,1.34194,1.34046,1.34388,1.34298,1.34668,1.34584,1.34882,1.34872,1.34976,1.35136,1.35208,1.35156,1.35182,1.35392,1.3546,1.35694,1.357,1.35748,1.35814
StDev,0.009585301,0.010025368,0.010482748,0.010126302,0.011256865,0.012166429,0.014885799,0.019248558,0.024924025,0.033660764,0.044240106,0.057395035,0.072915691,0.091555349,0.112358569,0.135372726,0.160597547,0.188157761,0.217662923,0.248743151,0.282185147,0.316527656,0.352236807,0.383485289,0.40870333,0.42781103,0.440435145,0.445904511,0.447008022,0.444377353,0.440297721,0.432877353,0.423279987,0.415659075,0.403114223,0.387221659,0.36846792,0.348214513,0.327328263,0.308990254,0.293837064,0.281948893,0.272373435,0.263007144,0.256132032,0.251476868,0.247517246,0.243838241,0.240295574,0.237388905,0.234683585,0.232217424,0.229948488,0.227217149,0.225611303,0.223512232,0.221542524,0.219131518,0.218125828,0.216647668,0.214880565,0.214078105,0.213086654,0.211171262,0.210212512,0.208984358,0.208091259,0.206346098,0.205650784,0.203824655,0.203742983,0.202580693,0.201341022,0.200381142,0.199548924,0.198998073,0.198076596,0.197530081,0.196889799,0.196271131,0.195795792,0.194279533,0.194202969,0.193464253,0.192660562,0.191356116,0.191249112,0.190754704,0.190338273,0.190287879,0.189934139,0.189796852,0.188991066,0.188426179,0.188235363,0.187143322
1;2,0.1276,0.1271,0.13,0.1349,0.1403,0.1491,0.1597,0.1731,0.1898,0.21,0.2349,0.2649,0.3001,0.3415,0.3891,0.4417,0.503,0.5669,0.6339,0.7074,0.7939,0.8784,0.9696,1.0579,1.1398,1.2117,1.2651,1.3139,1.3497,1.3797,1.4064,1.4285,1.4516,1.4709,1.4913,1.503,1.5081,1.5117,1.5102,1.5088,1.5101,1.5079,1.5108,1.509,1.5102,1.5069,1.5108,1.5089,1.5085,1.5101,1.5097,1.5098,1.5119,1.5101,1.5096,1.5107,1.5121,1.5093,1.5113,1.5111,1.5121,1.5133,1.5142,1.514,1.5167,1.5157,1.5147,1.5159,1.5162,1.5149,1.5173,1.5147,1.5162,1.5169,1.5167,1.5174,1.5178,1.5182,1.5161,1.5195,1.518,1.5189,1.5189,1.52,1.5188,1.5173,1.5194,1.5193,1.5185,1.5188,1.5208,1.5206,1.5218,1.5214,1.5223,1.5211
2;1,0.1345,0.1369,0.1445,0.1515,0.1611,0.1724,0.1872,0.2059,0.2283,0.2564,0.2893,0.3275,0.3695,0.4197,0.4727,0.5293,0.5936,0.6624,0.7296,0.806,0.8897,0.9763,1.0594,1.1423,1.2136,1.2758,1.3214,1.3628,1.3921,1.4175,1.4401,1.4601,1.4799,1.4983,1.515,1.5252,1.5291,1.5312,1.5314,1.5308,1.5323,1.5309,1.5312,1.5315,1.5311,1.5302,1.5311,1.5308,1.531,1.5321,1.5316,1.5318,1.5319,1.5316,1.5312,1.5331,1.5333,1.532,1.5328,1.5333,1.5327,1.5339,1.535,1.5356,1.5359,1.5365,1.5366,1.5376,1.5371,1.5373,1.5392,1.5375,1.5395,1.5389,1.5396,1.5407,1.5402,1.5413,1.5407,1.5418,1.5422,1.5434,1.543,1.5443,1.544,1.5446,1.5462,1.5467,1.5463,1.5467,1.5477,1.5484,1.5489,1.5489,1.5497,1.5499
2;2,0.1295,0.1292,0.1324,0.136,0.1412,0.1479,0.1556,0.1657,0.1778,0.1907,0.2066,0.2239,0.2421,0.2642,0.2869,0.31,0.3392,0.3669,0.3899,0.4188,0.4573,0.4942,0.5233,0.5655,0.6078,0.6548,0.687,0.7389,0.7759,0.8177,0.855,0.8908,0.9404,0.9592,1.0158,1.0585,1.0982,1.1336,1.161,1.1765,1.1991,1.2061,1.2165,1.2294,1.232,1.2297,1.2447,1.2466,1.2481,1.2587,1.2565,1.26,1.2664,1.2638,1.2626,1.2716,1.2745,1.2715,1.2735,1.2753,1.279,1.2877,1.2897,1.2917,1.2998,1.2977,1.2927,1.3054,1.2999,1.2993,1.3055,1.2984,1.3083,1.3095,1.3059,1.3098,1.3101,1.3116,1.3065,1.3125,1.3094,1.3172,1.313,1.3202,1.3182,1.3202,1.3211,1.3222,1.3201,1.3191,1.3224,1.3241,1.3298,1.3284,1.3269,1.3261
2;3,0.1301,0.1295,0.1316,0.1341,0.1386,0.1435,0.1488,0.1544,0.1605,0.1651,0.1702,0.1752,0.1792,0.1843,0.1894,0.1939,0.2026,0.2102,0.2139,0.2219,0.236,0.2489,0.2594,0.2768,0.2956,0.3164,0.3345,0.3621,0.3871,0.4145,0.443,0.4744,0.511,0.5436,0.581,0.6215,0.6633,0.7073,0.7522,0.792,0.8266,0.8516,0.8758,0.8964,0.9136,0.9231,0.9337,0.9414,0.9498,0.9573,0.9635,0.9692,0.9751,0.9811,0.9848,0.9905,0.996,1.0001,1.0038,1.0073,1.0113,1.0134,1.0168,1.0216,1.0245,1.0277,1.0301,1.0344,1.0364,1.0401,1.042,1.0433,1.0468,1.0491,1.0519,1.0537,1.056,1.0581,1.0588,1.062,1.0634,1.0671,1.0675,1.0697,1.0708,1.0734,1.0758,1.0772,1.0778,1.0783,1.0804,1.0808,1.0831,1.0844,1.0861,1.088
3;2,0.1511,0.1515,0.1542,0.1551,0.1599,0.1635,0.1693,0.1788,0.1875,0.1962,0.2074,0.2185,0.2299,0.2429,0.2547,0.2676,0.2832,0.2998,0.3145,0.3359,0.359,0.3826,0.409,0.4404,0.4768,0.5147,0.5486,0.5866,0.6233,0.6617,0.6997,0.743,0.7867,0.8291,0.8803,0.928,0.9721,1.0186,1.0568,1.0903,1.1199,1.1407,1.156,1.17,1.1798,1.1846,1.1928,1.197,1.2024,1.2079,1.2122,1.2166,1.2216,1.2242,1.2258,1.2309,1.2341,1.2355,1.2387,1.2416,1.2448,1.2482,1.2504,1.2532,1.2571,1.258,1.2583,1.2616,1.2629,1.2664,1.2687,1.2682,1.2738,1.275,1.2762,1.2786,1.2792,1.2805,1.2802,1.2836,1.2819,1.2868,1.2868,1.2899,1.2918,1.2933,1.2943,1.295,1.2951,1.2962,1.2983,1.2991,1.3011,1.3019,1.3024,1.3056
,,,,,,,,,,,,,,,,,,,,,,,,,,,,,,,,,,,,,,,,,,,,,,,,,,,,,,,,,,,,,,,,,,,,,,,,,,,,,,,,,,,,,,,,,,,,,,,,
Cycles / Well,,,,,,,,,,,,,,,,,,,,,,,,,,,,,,,,,,,,,,,,,,,,,,,,,,,,,,,,,,,,,,,,,,,,,,,,,,,,,,,,,,,,,,,,,,,,,,,,
C2,1,2,3,4,5,6,7,8,9,10,11,12,13,14,15,16,17,18,19,20,21,22,23,24,25,26,27,28,29,30,31,32,33,34,35,36,37,38,39,40,41,42,43,44,45,46,47,48,49,50,51,52,53,54,55,56,57,58,59,60,61,62,63,64,65,66,67,68,69,70,71,72,73,74,75,76,77,78,79,80,81,82,83,84,85,86,87,88,89,90,91,92,93,94,95,96
Time [s],0,1799.821,3599.758,5399.669,7199.591,8999.513,10799.454,12599.368,14399.281,16199.217,17999.132,19799.048,21598.968,23398.907,25198.816,26998.729,28798.66,30598.612,32398.504,34198.422,35998.348,37798.293,39598.197,41398.12,43198.051,44997.975,46797.9,48597.816,50397.749,52197.631,53997.556,55797.465,57597.39,59397.304,61197.232,62997.141,64797.066,66596.996,68396.927,70196.835,71996.75,73796.684,75596.611,77396.528,79196.461,80996.395,82796.296,84596.214,86396.144,88196.085,89995.979,91795.899,93595.822,95395.741,97195.669,98995.594,100795.52,102595.43,104395.36,106195.269,107995.204,109795.106,111595.047,113394.962,115194.873,116994.792,118794.719,120594.63,122394.557,124194.487,125994.397,127794.312,129594.227,131394.143,133194.064,134993.983,136793.918,138593.83,140393.768,142193.687,143993.61,145793.539,147593.44,149393.349,151193.294,152993.201,154793.136,156593.059,158392.972,160192.914,161992.825,163792.732,165592.675,167392.569,169192.493,170992.414
Temp. [°C],19.6,29.9,29.9,30,30,30,30,29.9,30,30,30,30.1,30.1,30,30,30,30,30,30,30,30,30,30,30,30,30.1,30.1,30,30,30,30,30,30,30,30,30,30,30,30,30,30,30,30,30,30,30,30,30,30,30,30,30,30,30,30,30,30,30,30,29.9,30,30,30,30,30,30,30,30,30.1,30,30.1,30.1,30,30,30,30,30,29.9,30,30,30,30,30,30,30,30,30,30,30.1,30,30,30,30,30,30,30
Mean,0.14446,0.13548,0.13942,0.14478,0.15118,0.1585,0.16812,0.17982,0.1938,0.21112,0.23252,0.25728,0.28594,0.32054,0.36074,0.4061,0.45848,0.51638,0.57802,0.64708,0.72274,0.80282,0.88742,0.97086,1.0459,1.11678,1.17262,1.22084,1.2619,1.29752,1.3288,1.35624,1.38086,1.39874,1.41016,1.41752,1.42284,1.42662,1.43006,1.4323,1.4351,1.43688,1.43892,1.4408,1.44206,1.44334,1.44632,1.44754,1.44936,1.45152,1.45286,1.45418,1.45658,1.45824,1.45962,1.46208,1.46314,1.46438,1.46624,1.46764,1.46826,1.47146,1.47266,1.47402,1.47572,1.47712,1.47802,1.4799,1.48084,1.48276,1.4837,1.4845,1.48636,1.48732,1.48848,1.48994,1.49088,1.49242,1.49298,1.49456,1.49516,1.497,1.49734,1.49904,1.49938,1.50018,1.50212,1.5027,1.50354,1.50408,1.50558,1.50576,1.50772,1.50804,1.50866,1.50992
StDev,0.007564258,0.010655374,0.009870005,0.010721334,0.012191267,0.012295528,0.011718874,0.011431404,0.010334892,0.010361805,0.013339865,0.018722366,0.027471858,0.039499215,0.054269586,0.071031261,0.090723602,0.112342499,0.133028181,0.154953274,0.174354475,0.187980018,0.193191646,0.189313386,0.178599538,0.162708488,0.146980261,0.132907761,0.118835475,0.108913668,0.101461815,0.094932544,0.088879176,0.081968061,0.076494921,0.072046006,0.069368386,0.067180444,0.064331547,0.063684299,0.062707695,0.061550077,0.061246077,0.060547915,0.060253282,0.059206655,0.058794532,0.058614785,0.058192293,0.058059513,0.057467017,0.057177461,0.056852238,0.056792632,0.056203977,0.055523572,0.055624482,0.055455901,0.055384321,0.055134318,0.054877983,0.053808066,0.054198552,0.053888747,0.054143947,0.053800344,0.053715659,0.053590438,0.053373992,0.053507271,0.052927592,0.052767177,0.052705057,0.052859786,0.052219651,0.052371347,0.052198151,0.052496971,0.052257698,0.052025984,0.051608652,0.051338728,0.05146968,0.051119155,0.051010607,0.051134695,0.050771616,0.050823321,0.050648919,0.050757137,0.050476004,0.049754779,0.050151939,0.050213026,0.049927978,0.049723556
1;2,0.1395,0.1272,0.1313,0.1364,0.1421,0.1488,0.1601,0.1752,0.1937,0.2187,0.2508,0.288,0.3327,0.388,0.4531,0.526,0.6106,0.7032,0.7973,0.9004,1.0045,1.1033,1.193,1.2658,1.3213,1.3681,1.4003,1.4272,1.4498,1.4712,1.491,1.5088,1.5237,1.5309,1.5336,1.5342,1.5351,1.5352,1.5343,1.5355,1.5367,1.5365,1.5383,1.5384,1.5395,1.5394,1.5414,1.5421,1.5435,1.5455,1.5456,1.5462,1.548,1.5497,1.55,1.5512,1.5526,1.5539,1.5554,1.5564,1.5566,1.558,1.5596,1.5606,1.5624,1.5632,1.5636,1.5652,1.566,1.5677,1.5677,1.5683,1.5701,1.5714,1.5711,1.5729,1.5735,1.5755,1.5756,1.5771,1.5767,1.5783,1.5788,1.5797,1.5797,1.5805,1.5822,1.583,1.5834,1.5841,1.5851,1.5843,1.5865,1.5872,1.5872,1.5881
2;1,0.1428,0.1362,0.1406,0.1475,0.1536,0.1616,0.1715,0.1834,0.1966,0.213,0.2303,0.2507,0.2732,0.299,0.3279,0.3576,0.3917,0.4287,0.4658,0.5092,0.5613,0.6219,0.695,0.775,0.8585,0.9484,1.0201,1.0862,1.1482,1.1986,1.2403,1.2782,1.3112,1.3392,1.3584,1.3715,1.3804,1.3869,1.3949,1.3978,1.4015,1.4051,1.4087,1.4107,1.412,1.4142,1.4181,1.4186,1.4204,1.4235,1.4255,1.4264,1.4299,1.4314,1.4341,1.4374,1.4389,1.4404,1.4421,1.4441,1.4451,1.4492,1.4505,1.4512,1.4535,1.4548,1.4564,1.4587,1.4601,1.4625,1.4642,1.4651,1.4669,1.4684,1.4698,1.471,1.4728,1.4744,1.4753,1.4767,1.4777,1.4798,1.4802,1.4819,1.4824,1.4835,1.4854,1.4866,1.4876,1.4877,1.4897,1.4911,1.4923,1.4929,1.4935,1.4949
2;2,0.1418,0.1309,0.1339,0.1391,0.1443,0.1512,0.1609,0.1729,0.1873,0.2056,0.2287,0.2554,0.2857,0.3237,0.3665,0.4155,0.4707,0.5314,0.5953,0.665,0.7416,0.822,0.9058,0.9908,1.0653,1.1364,1.1932,1.2432,1.282,1.3177,1.3497,1.3774,1.402,1.4193,1.4301,1.4358,1.441,1.4446,1.4465,1.4488,1.4516,1.4531,1.4546,1.4573,1.4582,1.4586,1.4616,1.4636,1.4651,1.4668,1.4686,1.4706,1.4727,1.4742,1.4756,1.478,1.4787,1.4794,1.4817,1.483,1.4833,1.4864,1.488,1.4893,1.4915,1.4929,1.4947,1.4963,1.4969,1.4996,1.5002,1.501,1.5028,1.5033,1.5055,1.5064,1.5072,1.5088,1.5095,1.5102,1.5116,1.5129,1.5134,1.5153,1.5162,1.5174,1.5185,1.5184,1.5197,1.5206,1.5218,1.5212,1.524,1.5239,1.5249,1.5261
2;3,0.1404,0.1295,0.1353,0.1385,0.1444,0.1522,0.1608,0.1695,0.1821,0.1963,0.2145,0.2371,0.262,0.2936,0.3301,0.3728,0.4241,0.4833,0.5481,0.6231,0.7084,0.798,0.892,0.9839,1.0646,1.1316,1.1809,1.2239,1.256,1.286,1.3141,1.3372,1.3606,1.3756,1.3855,1.3923,1.3968,1.4004,1.4035,1.4052,1.4076,1.4094,1.4101,1.4135,1.414,1.4152,1.4191,1.4203,1.4216,1.4238,1.425,1.4264,1.429,1.4305,1.4313,1.4341,1.4346,1.4351,1.4374,1.4384,1.4396,1.4427,1.4439,1.4455,1.4468,1.4487,1.4482,1.4509,1.451,1.4525,1.4536,1.4539,1.4558,1.4568,1.4571,1.4602,1.4607,1.462,1.4621,1.465,1.4646,1.4666,1.4666,1.4693,1.4686,1.4688,1.4715,1.4724,1.4725,1.4726,1.4747,1.4743,1.4774,1.4767,1.4772,1.4787
3;2,0.1578,0.1536,0.156,0.1624,0.1715,0.1787,0.1873,0.1981,0.2093,0.222,0.2383,0.2552,0.2761,0.2984,0.3261,0.3586,0.3953,0.4353,0.4836,0.5377,0.5979,0.6689,0.7513,0.8388,0.9198,0.9994,1.0686,1.1237,1.1735,1.2141,1.2489,1.2796,1.3068,1.3287,1.3432,1.3538,1.3609,1.366,1.3711,1.3742,1.3781,1.3803,1.3829,1.3841,1.3866,1.3893,1.3914,1.3931,1.3962,1.398,1.3996,1.4013,1.4033,1.4054,1.4071,1.4097,1.4109,1.4131,1.4146,1.4163,1.4167,1.421,1.4213,1.4235,1.4244,1.426,1.4272,1.4284,1.4302,1.4315,1.4328,1.4342,1.4362,1.4367,1.4389,1.4392,1.4402,1.4414,1.4424,1.4438,1.4452,1.4474,1.4477,1.449,1.45,1.4507,1.453,1.4531,1.4545,1.4554,1.4566,1.4579,1.4584,1.4595,1.4605,1.4618
,,,,,,,,,,,,,,,,,,,,,,,,,,,,,,,,,,,,,,,,,,,,,,,,,,,,,,,,,,,,,,,,,,,,,,,,,,,,,,,,,,,,,,,,,,,,,,,,
Cycles / Well,,,,,,,,,,,,,,,,,,,,,,,,,,,,,,,,,,,,,,,,,,,,,,,,,,,,,,,,,,,,,,,,,,,,,,,,,,,,,,,,,,,,,,,,,,,,,,,,
C3,1,2,3,4,5,6,7,8,9,10,11,12,13,14,15,16,17,18,19,20,21,22,23,24,25,26,27,28,29,30,31,32,33,34,35,36,37,38,39,40,41,42,43,44,45,46,47,48,49,50,51,52,53,54,55,56,57,58,59,60,61,62,63,64,65,66,67,68,69,70,71,72,73,74,75,76,77,78,79,80,81,82,83,84,85,86,87,88,89,90,91,92,93,94,95,96
Time [s],0,1799.821,3599.758,5399.669,7199.591,8999.513,10799.454,12599.368,14399.281,16199.217,17999.132,19799.048,21598.968,23398.907,25198.816,26998.729,28798.66,30598.612,32398.504,34198.422,35998.348,37798.293,39598.197,41398.12,43198.051,44997.975,46797.9,48597.816,50397.749,52197.631,53997.556,55797.465,57597.39,59397.304,61197.232,62997.141,64797.066,66596.996,68396.927,70196.835,71996.75,73796.684,75596.611,77396.528,79196.461,80996.395,82796.296,84596.214,86396.144,88196.085,89995.979,91795.899,93595.822,95395.741,97195.669,98995.594,100795.52,102595.43,104395.36,106195.269,107995.204,109795.106,111595.047,113394.962,115194.873,116994.792,118794.719,120594.63,122394.557,124194.487,125994.397,127794.312,129594.227,131394.143,133194.064,134993.983,136793.918,138593.83,140393.768,142193.687,143993.61,145793.539,147593.44,149393.349,151193.294,152993.201,154793.136,156593.059,158392.972,160192.914,161992.825,163792.732,165592.675,167392.569,169192.493,170992.414
Temp. [°C],19.6,29.9,29.9,30,30,30,30,29.9,30,30,30,30.1,30.1,30,30,30,30,30,30,30,30,30,30,30,30,30.1,30.1,30,30,30,30,30,30,30,30,30,30,30,30,30,30,30,30,30,30,30,30,30,30,30,30,30,30,30,30,30,30,30,30,29.9,30,30,30,30,30,30,30,30,30.1,30,30.1,30.1,30,30,30,30,30,29.9,30,30,30,30,30,30,30,30,30,30,30.1,30,30,30,30,30,30,30
Mean,0.16022,0.15294,0.1578,0.16248,0.16934,0.17934,0.19364,0.21328,0.23932,0.27412,0.31766,0.36994,0.43192,0.4999,0.57688,0.65916,0.7485,0.83602,0.91334,0.9783,1.03058,1.07056,1.10366,1.12968,1.151,1.1699,1.18626,1.20226,1.21508,1.22564,1.23428,1.24,1.24484,1.24828,1.25156,1.25378,1.25698,1.25956,1.25996,1.26194,1.26498,1.26676,1.26896,1.27002,1.27228,1.27174,1.2751,1.27586,1.27604,1.27764,1.2783,1.27858,1.28,1.28014,1.27986,1.28102,1.28178,1.28038,1.28168,1.28148,1.28262,1.28254,1.2834,1.28426,1.2841,1.2846,1.28374,1.28444,1.28422,1.2843,1.28544,1.28424,1.2847,1.28448,1.28448,1.28472,1.28494,1.28506,1.28384,1.28586,1.2842,1.28416,1.28426,1.28462,1.28454,1.28426,1.28474,1.28426,1.28426,1.28308,1.28384,1.28336,1.28398,1.28366,1.28374,1.28298
StDev,0.010701962,0.013379387,0.016074825,0.017290662,0.01980866,0.021749782,0.024788768,0.028962165,0.033755622,0.041319088,0.049991629,0.060424109,0.072699188,0.085999186,0.101560755,0.121191885,0.141953901,0.163960748,0.182793361,0.196927855,0.207001394,0.214934939,0.220831775,0.226554744,0.230358286,0.234074262,0.236928118,0.240750572,0.243249218,0.245316088,0.246806132,0.24665262,0.248759709,0.247750715,0.248120501,0.249062566,0.250026723,0.24986569,0.249993166,0.250031094,0.250752601,0.25103098,0.251407723,0.251773543,0.25184305,0.251418899,0.252153951,0.252637473,0.252447446,0.252704438,0.25232487,0.253271094,0.253453201,0.252831205,0.25292542,0.252679059,0.252598876,0.252831133,0.252729632,0.253195699,0.25211229,0.252824718,0.252542491,0.252620274,0.25219884,0.252956439,0.252181984,0.252103536,0.2521194,0.252333163,0.251772006,0.252005442,0.2518399,0.251874685,0.252294931,0.251588915,0.251586552,0.2513613,0.251062229,0.251729523,0.251167305,0.251850795,0.251107383,0.251191037,0.250834852,0.250685865,0.25035783,0.250366268,0.249646696,0.249506407,0.249677758,0.249218043,0.250140894,0.249222898,0.248843612,0.249189851
1;2,0.1518,0.1417,0.1459,0.1502,0.1558,0.1653,0.1784,0.1958,0.2201,0.2523,0.2942,0.3424,0.4018,0.4696,0.5474,0.6252,0.7166,0.8031,0.8767,0.9431,1.0033,1.0481,1.0835,1.1141,1.1383,1.1598,1.1755,1.194,1.2073,1.2173,1.2318,1.2374,1.2458,1.2477,1.2523,1.2541,1.2578,1.2615,1.2554,1.2556,1.2625,1.2642,1.2682,1.2668,1.2726,1.2651,1.2758,1.277,1.274,1.2779,1.2782,1.2774,1.2813,1.2799,1.276,1.2783,1.2818,1.2726,1.2781,1.2767,1.2794,1.2808,1.2835,1.2852,1.2854,1.2891,1.2809,1.2858,1.2846,1.2839,1.2878,1.2826,1.2833,1.2856,1.2831,1.2847,1.2859,1.2873,1.2829,1.2881,1.2838,1.2849,1.2838,1.2867,1.2843,1.283,1.2846,1.2829,1.2827,1.279,1.2831,1.2805,1.2851,1.2815,1.2841,1.2818
2;1,0.1678,0.161,0.1676,0.1724,0.1803,0.1912,0.2075,0.2289,0.2569,0.2959,0.3427,0.401,0.4692,0.5452,0.6299,0.7213,0.8226,0.9221,1.0117,1.0851,1.1418,1.1851,1.2216,1.2505,1.2732,1.294,1.3123,1.3292,1.3426,1.3548,1.3634,1.3696,1.3745,1.377,1.3804,1.3828,1.3869,1.3887,1.3911,1.3934,1.3953,1.3978,1.3996,1.4002,1.4027,1.4032,1.4053,1.4063,1.4075,1.4081,1.4089,1.4102,1.4106,1.411,1.4112,1.4117,1.4119,1.413,1.4124,1.4129,1.4133,1.4132,1.4133,1.4143,1.4133,1.4135,1.4142,1.4134,1.4134,1.414,1.4147,1.4145,1.4144,1.4133,1.4141,1.4143,1.4137,1.4132,1.4124,1.4133,1.4138,1.4136,1.4134,1.4129,1.4134,1.4139,1.4134,1.4135,1.4133,1.4128,1.413,1.4119,1.4121,1.4122,1.4114,1.4117
2;2,0.1538,0.1436,0.1477,0.1523,0.1581,0.1682,0.1823,0.2022,0.2303,0.2664,0.3141,0.3717,0.4422,0.5213,0.6119,0.7124,0.8189,0.9248,1.0176,1.0937,1.1533,1.1991,1.2362,1.2649,1.2883,1.3098,1.3272,1.3464,1.3601,1.3729,1.3809,1.3861,1.3915,1.3951,1.3982,1.4022,1.4044,1.4066,1.4095,1.4108,1.4144,1.4159,1.4177,1.4203,1.4213,1.4224,1.4242,1.426,1.4262,1.4274,1.4276,1.4289,1.4304,1.4298,1.4304,1.4315,1.4314,1.4315,1.4326,1.4327,1.433,1.4339,1.4334,1.4343,1.4342,1.4347,1.4349,1.4343,1.4341,1.4341,1.4344,1.4342,1.4349,1.4342,1.4351,1.4337,1.4342,1.4341,1.4334,1.4356,1.4329,1.4332,1.4329,1.4325,1.433,1.4334,1.4327,1.4325,1.4315,1.431,1.4312,1.4308,1.432,1.4312,1.4307,1.4308
2;3,0.1524,0.1458,0.1463,0.1492,0.1534,0.1601,0.1698,0.1837,0.2014,0.2242,0.2523,0.2871,0.3268,0.3688,0.416,0.4642,0.515,0.5637,0.609,0.6485,0.6804,0.705,0.7271,0.7418,0.7557,0.7674,0.779,0.7877,0.7961,0.8032,0.8077,0.8137,0.814,0.8196,0.8219,0.8226,0.824,0.8266,0.8284,0.8308,0.8316,0.8329,0.834,0.8351,0.8363,0.8383,0.8385,0.8383,0.8396,0.8402,0.8416,0.8405,0.841,0.8426,0.8431,0.8444,0.8446,0.8448,0.8452,0.8445,0.8471,0.8454,0.8463,0.8468,0.8473,0.8457,0.848,0.8478,0.8478,0.8477,0.8491,0.8485,0.8492,0.8483,0.8482,0.8493,0.8493,0.8495,0.8496,0.8497,0.8496,0.8481,0.8498,0.8494,0.8505,0.8507,0.8515,0.8513,0.8526,0.8523,0.8519,0.8528,0.8508,0.8529,0.853,0.852
3;2,0.1753,0.1726,0.1815,0.1883,0.1991,0.2119,0.2302,0.2558,0.2879,0.3318,0.385,0.4475,0.5196,0.5946,0.6792,0.7727,0.8694,0.9664,1.0517,1.1211,1.1741,1.2155,1.2499,1.2771,1.2995,1.3185,1.3373,1.354,1.3693,1.38,1.3876,1.3932,1.3984,1.402,1.405,1.4072,1.4118,1.4144,1.4154,1.4191,1.4211,1.423,1.4253,1.4277,1.4285,1.4297,1.4317,1.4317,1.4329,1.4346,1.4352,1.4359,1.4367,1.4374,1.4386,1.4392,1.4392,1.44,1.4401,1.4406,1.4403,1.4394,1.4405,1.4407,1.4403,1.44,1.4407,1.4409,1.4412,1.4418,1.4412,1.4414,1.4417,1.441,1.4419,1.4416,1.4416,1.4412,1.4409,1.4426,1.4409,1.441,1.4414,1.4416,1.4415,1.4403,1.4415,1.4411,1.4412,1.4403,1.44,1.4408,1.4399,1.4405,1.4395,1.4386
,,,,,,,,,,,,,,,,,,,,,,,,,,,,,,,,,,,,,,,,,,,,,,,,,,,,,,,,,,,,,,,,,,,,,,,,,,,,,,,,,,,,,,,,,,,,,,,,
Cycles / Well,,,,,,,,,,,,,,,,,,,,,,,,,,,,,,,,,,,,,,,,,,,,,,,,,,,,,,,,,,,,,,,,,,,,,,,,,,,,,,,,,,,,,,,,,,,,,,,,
C4,1,2,3,4,5,6,7,8,9,10,11,12,13,14,15,16,17,18,19,20,21,22,23,24,25,26,27,28,29,30,31,32,33,34,35,36,37,38,39,40,41,42,43,44,45,46,47,48,49,50,51,52,53,54,55,56,57,58,59,60,61,62,63,64,65,66,67,68,69,70,71,72,73,74,75,76,77,78,79,80,81,82,83,84,85,86,87,88,89,90,91,92,93,94,95,96
Time [s],0,1799.821,3599.758,5399.669,7199.591,8999.513,10799.454,12599.368,14399.281,16199.217,17999.132,19799.048,21598.968,23398.907,25198.816,26998.729,28798.66,30598.612,32398.504,34198.422,35998.348,37798.293,39598.197,41398.12,43198.051,44997.975,46797.9,48597.816,50397.749,52197.631,53997.556,55797.465,57597.39,59397.304,61197.232,62997.141,64797.066,66596.996,68396.927,70196.835,71996.75,73796.684,75596.611,77396.528,79196.461,80996.395,82796.296,84596.214,86396.144,88196.085,89995.979,91795.899,93595.822,95395.741,97195.669,98995.594,100795.52,102595.43,104395.36,106195.269,107995.204,109795.106,111595.047,113394.962,115194.873,116994.792,118794.719,120594.63,122394.557,124194.487,125994.397,127794.312,129594.227,131394.143,133194.064,134993.983,136793.918,138593.83,140393.768,142193.687,143993.61,145793.539,147593.44,149393.349,151193.294,152993.201,154793.136,156593.059,158392.972,160192.914,161992.825,163792.732,165592.675,167392.569,169192.493,170992.414
Temp. [°C],19.6,29.9,29.9,30,30,30,30,29.9,30,30,30,30.1,30.1,30,30,30,30,30,30,30,30,30,30,30,30,30.1,30.1,30,30,30,30,30,30,30,30,30,30,30,30,30,30,30,30,30,30,30,30,30,30,30,30,30,30,30,30,30,30,30,30,29.9,30,30,30,30,30,30,30,30,30.1,30,30.1,30.1,30,30,30,30,30,29.9,30,30,30,30,30,30,30,30,30,30,30.1,30,30,30,30,30,30,30
Mean,0.1575,0.14858,0.15402,0.15694,0.15874,0.1604,0.16208,0.1638,0.16596,0.1688,0.17206,0.17566,0.1802,0.18538,0.19136,0.19814,0.20584,0.21424,0.22332,0.23394,0.2448,0.25694,0.27082,0.28562,0.30134,0.31898,0.33694,0.35712,0.37894,0.40156,0.42628,0.45302,0.48222,0.51182,0.54254,0.57444,0.60622,0.63706,0.66472,0.69052,0.7133,0.73212,0.7487,0.76428,0.77782,0.78976,0.8047,0.81576,0.82694,0.83826,0.84882,0.85836,0.8679,0.87806,0.88692,0.8945,0.90048,0.90282,0.906,0.9068,0.90762,0.90978,0.9104,0.91066,0.9115,0.91124,0.9101,0.91076,0.90918,0.90986,0.90922,0.90814,0.90718,0.90698,0.90608,0.90602,0.90548,0.9049,0.90258,0.90396,0.90228,0.90256,0.90048,0.90114,0.89944,0.89884,0.8992,0.89814,0.89726,0.89614,0.8968,0.89584,0.89638,0.8949,0.89466,0.89422
StDev,0.011325193,0.012556552,0.013323175,0.011946673,0.011898025,0.011671975,0.011609134,0.011389249,0.011018076,0.011335122,0.01145897,0.011483162,0.01192078,0.01236394,0.013015875,0.01383557,0.015175737,0.016828191,0.018398967,0.020649407,0.023493297,0.026694063,0.029581278,0.033167183,0.037628021,0.042705234,0.04766611,0.053727293,0.059731633,0.066372532,0.073828971,0.081178427,0.089695245,0.098206018,0.107690636,0.115863316,0.124716948,0.132591074,0.13894505,0.145334913,0.150182772,0.154439299,0.157984256,0.16128897,0.164250516,0.166442251,0.170727341,0.172748453,0.174660723,0.177314785,0.179442517,0.180292077,0.183532763,0.185353265,0.185488711,0.186460425,0.18660097,0.185255032,0.185223905,0.184254484,0.184136096,0.185497391,0.185055194,0.184179133,0.184258718,0.183625565,0.18286398,0.183378128,0.182534591,0.18273773,0.182672746,0.182117127,0.181698478,0.182214591,0.181094553,0.182021584,0.181182082,0.181213921,0.180565548,0.180768368,0.179842186,0.180283882,0.179925921,0.18044421,0.179017103,0.178622179,0.179080192,0.178527569,0.177571374,0.177360869,0.177805259,0.176754018,0.178189133,0.177031706,0.1765209,0.175993528
1;2,0.1472,0.1377,0.1413,0.1451,0.1466,0.1482,0.15,0.152,0.1546,0.158,0.1621,0.1663,0.1717,0.1781,0.1853,0.1931,0.2025,0.2129,0.2235,0.236,0.2496,0.2644,0.2811,0.2982,0.3178,0.3389,0.3616,0.3867,0.4136,0.4417,0.4738,0.5075,0.5443,0.5826,0.6207,0.6602,0.6999,0.7399,0.7727,0.8041,0.8325,0.8556,0.8782,0.8956,0.9142,0.9282,0.9476,0.9601,0.9738,0.9886,1.003,1.0131,1.0251,1.0369,1.0478,1.0546,1.0615,1.0619,1.0653,1.0646,1.0669,1.067,1.0673,1.0674,1.0675,1.0669,1.0652,1.0645,1.0633,1.0628,1.0648,1.0601,1.0596,1.0592,1.0575,1.0579,1.0565,1.0557,1.0525,1.0548,1.0523,1.0507,1.049,1.0491,1.0469,1.0464,1.0464,1.0449,1.0433,1.042,1.0421,1.0401,1.0406,1.0399,1.0396,1.0376
2;1,0.1594,0.1502,0.1575,0.1609,0.1631,0.1657,0.1686,0.1713,0.1749,0.1794,0.1839,0.1892,0.1954,0.2028,0.2111,0.2198,0.2306,0.2423,0.2541,0.2684,0.2837,0.3006,0.3184,0.3385,0.3602,0.385,0.4092,0.4373,0.4668,0.4978,0.5311,0.5665,0.6057,0.6448,0.6874,0.7286,0.7707,0.809,0.8442,0.8776,0.9047,0.9278,0.9464,0.9663,0.9812,0.9955,1.0147,1.0282,1.0408,1.0541,1.0655,1.0758,1.0892,1.1015,1.1087,1.1184,1.1239,1.1247,1.1276,1.1281,1.1278,1.1336,1.1336,1.1328,1.1342,1.1331,1.1313,1.1337,1.1304,1.1326,1.1299,1.1304,1.1283,1.1294,1.1274,1.1285,1.1272,1.1269,1.124,1.1253,1.1227,1.1252,1.1223,1.1242,1.1209,1.1195,1.1211,1.1193,1.1175,1.1159,1.1177,1.1158,1.1189,1.1148,1.1139,1.1134
2;2,0.1518,0.1394,0.1452,0.149,0.1511,0.1529,0.1544,0.1561,0.1581,0.1603,0.1631,0.1665,0.1703,0.1752,0.1806,0.1865,0.1938,0.2017,0.2097,0.2192,0.2293,0.2405,0.2532,0.267,0.2812,0.2973,0.313,0.3313,0.3508,0.3712,0.3936,0.4169,0.444,0.469,0.4964,0.5248,0.5524,0.5789,0.6032,0.6242,0.6454,0.6617,0.6751,0.6901,0.7009,0.7102,0.7249,0.7345,0.744,0.7544,0.7628,0.7722,0.7809,0.7884,0.7957,0.8036,0.8093,0.8114,0.8154,0.816,0.8172,0.8213,0.8227,0.8223,0.8251,0.8247,0.8231,0.8257,0.8227,0.8242,0.8228,0.8226,0.8211,0.8211,0.8196,0.8211,0.8205,0.8209,0.8175,0.8201,0.8176,0.8191,0.8161,0.8185,0.8148,0.8142,0.8152,0.8144,0.813,0.8126,0.8147,0.8126,0.8153,0.8126,0.8124,0.8131
2;3,0.1529,0.1465,0.1509,0.1542,0.1559,0.1574,0.1586,0.16,0.1621,0.1638,0.1661,0.1692,0.1728,0.1767,0.1818,0.1878,0.1938,0.2006,0.2087,0.2176,0.2266,0.2367,0.2484,0.2612,0.2738,0.2884,0.3038,0.3203,0.339,0.3587,0.3793,0.4032,0.4281,0.4548,0.4817,0.511,0.5402,0.5696,0.5967,0.622,0.6435,0.6624,0.6785,0.6935,0.7076,0.7206,0.733,0.7445,0.7561,0.7667,0.7775,0.7877,0.7963,0.8073,0.8179,0.8257,0.8317,0.837,0.8396,0.8405,0.84,0.8416,0.842,0.8421,0.8418,0.8419,0.8408,0.8405,0.8402,0.8396,0.8388,0.8386,0.8383,0.8371,0.8365,0.835,0.8348,0.8332,0.8326,0.8318,0.8311,0.8305,0.829,0.8283,0.8274,0.827,0.8262,0.8255,0.8249,0.824,0.8235,0.8238,0.8218,0.8217,0.821,0.821
3;2,0.1762,0.1691,0.1752,0.1755,0.177,0.1778,0.1788,0.1796,0.1801,0.1825,0.1851,0.1871,0.1908,0.1941,0.198,0.2035,0.2085,0.2137,0.2206,0.2285,0.2348,0.2425,0.253,0.2632,0.2737,0.2853,0.2971,0.31,0.3245,0.3384,0.3536,0.371,0.389,0.4079,0.4265,0.4476,0.4679,0.4879,0.5068,0.5247,0.5404,0.5531,0.5653,0.5759,0.5852,0.5943,0.6033,0.6115,0.62,0.6275,0.6353,0.643,0.648,0.6562,0.6645,0.6702,0.676,0.6791,0.6821,0.6848,0.6862,0.6854,0.6864,0.6887,0.6889,0.6896,0.6901,0.6894,0.6893,0.6901,0.6898,0.689,0.6886,0.6881,0.6894,0.6876,0.6884,0.6878,0.6863,0.6878,0.6877,0.6873,0.686,0.6856,0.6872,0.6871,0.6871,0.6866,0.6876,0.6862,0.686,0.6869,0.6853,0.6855,0.6864,0.686
,,,,,,,,,,,,,,,,,,,,,,,,,,,,,,,,,,,,,,,,,,,,,,,,,,,,,,,,,,,,,,,,,,,,,,,,,,,,,,,,,,,,,,,,,,,,,,,,
Cycles / Well,,,,,,,,,,,,,,,,,,,,,,,,,,,,,,,,,,,,,,,,,,,,,,,,,,,,,,,,,,,,,,,,,,,,,,,,,,,,,,,,,,,,,,,,,,,,,,,,
C5,1,2,3,4,5,6,7,8,9,10,11,12,13,14,15,16,17,18,19,20,21,22,23,24,25,26,27,28,29,30,31,32,33,34,35,36,37,38,39,40,41,42,43,44,45,46,47,48,49,50,51,52,53,54,55,56,57,58,59,60,61,62,63,64,65,66,67,68,69,70,71,72,73,74,75,76,77,78,79,80,81,82,83,84,85,86,87,88,89,90,91,92,93,94,95,96
Time [s],0,1799.821,3599.758,5399.669,7199.591,8999.513,10799.454,12599.368,14399.281,16199.217,17999.132,19799.048,21598.968,23398.907,25198.816,26998.729,28798.66,30598.612,32398.504,34198.422,35998.348,37798.293,39598.197,41398.12,43198.051,44997.975,46797.9,48597.816,50397.749,52197.631,53997.556,55797.465,57597.39,59397.304,61197.232,62997.141,64797.066,66596.996,68396.927,70196.835,71996.75,73796.684,75596.611,77396.528,79196.461,80996.395,82796.296,84596.214,86396.144,88196.085,89995.979,91795.899,93595.822,95395.741,97195.669,98995.594,100795.52,102595.43,104395.36,106195.269,107995.204,109795.106,111595.047,113394.962,115194.873,116994.792,118794.719,120594.63,122394.557,124194.487,125994.397,127794.312,129594.227,131394.143,133194.064,134993.983,136793.918,138593.83,140393.768,142193.687,143993.61,145793.539,147593.44,149393.349,151193.294,152993.201,154793.136,156593.059,158392.972,160192.914,161992.825,163792.732,165592.675,167392.569,169192.493,170992.414
Temp. [°C],19.6,29.9,29.9,30,30,30,30,29.9,30,30,30,30.1,30.1,30,30,30,30,30,30,30,30,30,30,30,30,30.1,30.1,30,30,30,30,30,30,30,30,30,30,30,30,30,30,30,30,30,30,30,30,30,30,30,30,30,30,30,30,30,30,30,30,29.9,30,30,30,30,30,30,30,30,30.1,30,30.1,30.1,30,30,30,30,30,29.9,30,30,30,30,30,30,30,30,30,30,30.1,30,30,30,30,30,30,30
Mean,0.15208,0.14512,0.15486,0.16204,0.16794,0.1754,0.18422,0.19408,0.2067,0.2217,0.2409,0.26346,0.29082,0.32322,0.36076,0.40282,0.45048,0.5024,0.55762,0.61772,0.68006,0.74496,0.80988,0.87684,0.94192,1.0065,1.06608,1.1175,1.16062,1.19668,1.22698,1.25258,1.27586,1.29618,1.31544,1.334,1.35122,1.36688,1.38148,1.39058,1.39964,1.40542,1.40858,1.41088,1.41086,1.41132,1.4114,1.41164,1.41178,1.41152,1.41078,1.41064,1.41014,1.40944,1.4078,1.40746,1.40638,1.4053,1.40466,1.40328,1.40112,1.40176,1.4013,1.40018,1.3998,1.39826,1.39678,1.39682,1.3949,1.39466,1.39224,1.39224,1.39122,1.38932,1.38868,1.38742,1.38592,1.3846,1.38344,1.38252,1.3811,1.3806,1.37888,1.37832,1.37646,1.37526,1.374,1.37358,1.37216,1.37136,1.37044,1.36954,1.36926,1.36734,1.36624,1.36598
StDev,0.00782349,0.008051211,0.006894781,0.005448211,0.005632761,0.00603407,0.006565592,0.007215747,0.00792433,0.009789024,0.012251735,0.015422808,0.019753278,0.024985736,0.031157872,0.038026662,0.045504198,0.053864135,0.063071681,0.07246121,0.081105259,0.089998906,0.099755511,0.107209832,0.114587159,0.120730423,0.126161987,0.12680692,0.127589114,0.127767061,0.127268896,0.128280794,0.126905134,0.127625103,0.127756577,0.127132746,0.126372216,0.125830668,0.126347327,0.124728233,0.12214159,0.121116915,0.119561248,0.119021309,0.118672798,0.120491294,0.119007017,0.11903715,0.120296642,0.119836668,0.12081377,0.121068588,0.12026233,0.121945451,0.123018454,0.122177834,0.122381175,0.123901513,0.123105191,0.124053222,0.123507214,0.122849371,0.123009613,0.123677856,0.122972253,0.123642197,0.125042101,0.12412277,0.124854475,0.124576816,0.125334205,0.126335122,0.126165613,0.126662571,0.127145063,0.126292624,0.12688797,0.125829269,0.127691006,0.12677045,0.128042102,0.127415796,0.128114703,0.127201423,0.127973798,0.128914092,0.128182682,0.127969555,0.128780542,0.128629635,0.128032683,0.127846834,0.127042997,0.128350703,0.128578781,0.128509774
1;2,0.1446,0.1379,0.1496,0.1596,0.1666,0.1745,0.1846,0.196,0.2099,0.2277,0.2501,0.2769,0.3096,0.3483,0.3934,0.4435,0.4991,0.5598,0.6261,0.6963,0.7675,0.8429,0.9189,0.9931,1.0666,1.1369,1.2012,1.2517,1.295,1.3315,1.3609,1.387,1.407,1.4293,1.4474,1.4654,1.4808,1.4956,1.5113,1.519,1.5238,1.5305,1.5313,1.5329,1.5321,1.5351,1.5323,1.533,1.5345,1.5326,1.5331,1.5335,1.5318,1.5341,1.534,1.5318,1.5306,1.5309,1.5287,1.5287,1.5268,1.5261,1.5255,1.5249,1.524,1.5221,1.524,1.5226,1.5214,1.5211,1.5179,1.5202,1.5189,1.5172,1.5166,1.5149,1.514,1.5112,1.5124,1.5099,1.5103,1.5093,1.5087,1.5072,1.5061,1.505,1.5038,1.5041,1.5035,1.5021,1.4998,1.4991,1.4981,1.4977,1.4961,1.4968
2;1,0.1565,0.15,0.1595,0.1652,0.1707,0.1778,0.1861,0.1945,0.2066,0.2194,0.2361,0.2559,0.2803,0.3083,0.3416,0.3797,0.4209,0.467,0.5165,0.57,0.6268,0.6842,0.7433,0.8055,0.8649,0.9254,0.9827,1.0334,1.0764,1.1114,1.1407,1.1681,1.188,1.2096,1.2281,1.2457,1.2618,1.2784,1.2956,1.305,1.3136,1.321,1.3259,1.3259,1.3278,1.3296,1.3273,1.3272,1.3276,1.3276,1.3272,1.3262,1.3244,1.3232,1.3238,1.3211,1.3201,1.3207,1.318,1.3181,1.3168,1.3135,1.313,1.3121,1.3107,1.3092,1.3085,1.3064,1.3059,1.3032,1.3016,1.3012,1.3008,1.2984,1.2987,1.2965,1.2954,1.2933,1.2936,1.2914,1.2903,1.2886,1.2873,1.2855,1.286,1.2854,1.2826,1.2825,1.2809,1.2806,1.2784,1.279,1.2766,1.2763,1.275,1.274
2;2,0.1472,0.1403,0.1518,0.1613,0.1684,0.1765,0.1861,0.1976,0.2113,0.2288,0.2505,0.2773,0.3094,0.3474,0.3915,0.4397,0.4959,0.5565,0.6196,0.6896,0.7615,0.8356,0.9102,0.9859,1.0584,1.1306,1.1962,1.2502,1.2948,1.3307,1.3615,1.388,1.4125,1.432,1.4526,1.4709,1.4881,1.5037,1.5177,1.5246,1.5328,1.5355,1.5373,1.5397,1.5392,1.5405,1.5403,1.5407,1.5418,1.5417,1.5415,1.5416,1.5408,1.5404,1.539,1.5393,1.5384,1.5387,1.5382,1.5372,1.5336,1.5355,1.5356,1.5349,1.5338,1.5337,1.5315,1.5316,1.53,1.5296,1.5288,1.5289,1.5278,1.5264,1.5263,1.5244,1.5233,1.5216,1.5212,1.5202,1.5197,1.5186,1.5168,1.5159,1.5142,1.5145,1.512,1.5105,1.5101,1.5094,1.5088,1.5069,1.5065,1.5054,1.5052,1.5038
2;3,0.1485,0.1405,0.1488,0.1549,0.1594,0.1659,0.1733,0.1818,0.1931,0.2055,0.2216,0.2408,0.2634,0.2907,0.3224,0.3562,0.397,0.4395,0.4838,0.5339,0.5868,0.6441,0.6983,0.7573,0.8151,0.8735,0.9252,0.9765,1.0186,1.0547,1.0873,1.1094,1.1377,1.1557,1.175,1.1958,1.2143,1.2307,1.2422,1.2531,1.2668,1.2731,1.2769,1.2821,1.2807,1.2771,1.2805,1.2818,1.2794,1.2789,1.2761,1.2764,1.2781,1.2747,1.2696,1.2726,1.2706,1.2658,1.2678,1.2639,1.262,1.2678,1.2673,1.2643,1.2659,1.2629,1.2583,1.2618,1.2572,1.2593,1.2542,1.2533,1.2522,1.2493,1.2468,1.2484,1.2454,1.2467,1.2407,1.2423,1.2389,1.2403,1.2366,1.2391,1.2337,1.2303,1.2314,1.2312,1.2289,1.2278,1.2288,1.2267,1.2301,1.2247,1.2233,1.2234
3;2,0.1636,0.1569,0.1646,0.1692,0.1746,0.1823,0.191,0.2005,0.2126,0.2271,0.2462,0.2664,0.2914,0.3214,0.3549,0.395,0.4395,0.4892,0.5421,0.5988,0.6577,0.718,0.7787,0.8424,0.9046,0.9661,1.0251,1.0757,1.1183,1.1551,1.1845,1.2104,1.2341,1.2543,1.2741,1.2922,1.3111,1.326,1.3406,1.3512,1.3612,1.367,1.3715,1.3738,1.3745,1.3743,1.3766,1.3755,1.3756,1.3768,1.376,1.3755,1.3756,1.3748,1.3726,1.3725,1.3722,1.3704,1.3706,1.3685,1.3664,1.3659,1.3651,1.3647,1.3646,1.3634,1.3616,1.3617,1.36,1.3601,1.3587,1.3576,1.3564,1.3553,1.355,1.3529,1.3515,1.3502,1.3493,1.3488,1.3463,1.3462,1.345,1.3439,1.3423,1.3411,1.3402,1.3396,1.3374,1.3369,1.3364,1.336,1.335,1.3326,1.3316,1.3319
,,,,,,,,,,,,,,,,,,,,,,,,,,,,,,,,,,,,,,,,,,,,,,,,,,,,,,,,,,,,,,,,,,,,,,,,,,,,,,,,,,,,,,,,,,,,,,,,
Cycles / Well,,,,,,,,,,,,,,,,,,,,,,,,,,,,,,,,,,,,,,,,,,,,,,,,,,,,,,,,,,,,,,,,,,,,,,,,,,,,,,,,,,,,,,,,,,,,,,,,
C6,1,2,3,4,5,6,7,8,9,10,11,12,13,14,15,16,17,18,19,20,21,22,23,24,25,26,27,28,29,30,31,32,33,34,35,36,37,38,39,40,41,42,43,44,45,46,47,48,49,50,51,52,53,54,55,56,57,58,59,60,61,62,63,64,65,66,67,68,69,70,71,72,73,74,75,76,77,78,79,80,81,82,83,84,85,86,87,88,89,90,91,92,93,94,95,96
Time [s],0,1799.821,3599.758,5399.669,7199.591,8999.513,10799.454,12599.368,14399.281,16199.217,17999.132,19799.048,21598.968,23398.907,25198.816,26998.729,28798.66,30598.612,32398.504,34198.422,35998.348,37798.293,39598.197,41398.12,43198.051,44997.975,46797.9,48597.816,50397.749,52197.631,53997.556,55797.465,57597.39,59397.304,61197.232,62997.141,64797.066,66596.996,68396.927,70196.835,71996.75,73796.684,75596.611,77396.528,79196.461,80996.395,82796.296,84596.214,86396.144,88196.085,89995.979,91795.899,93595.822,95395.741,97195.669,98995.594,100795.52,102595.43,104395.36,106195.269,107995.204,109795.106,111595.047,113394.962,115194.873,116994.792,118794.719,120594.63,122394.557,124194.487,125994.397,127794.312,129594.227,131394.143,133194.064,134993.983,136793.918,138593.83,140393.768,142193.687,143993.61,145793.539,147593.44,149393.349,151193.294,152993.201,154793.136,156593.059,158392.972,160192.914,161992.825,163792.732,165592.675,167392.569,169192.493,170992.414
Temp. [°C],19.6,29.9,29.9,30,30,30,30,29.9,30,30,30,30.1,30.1,30,30,30,30,30,30,30,30,30,30,30,30,30.1,30.1,30,30,30,30,30,30,30,30,30,30,30,30,30,30,30,30,30,30,30,30,30,30,30,30,30,30,30,30,30,30,30,30,29.9,30,30,30,30,30,30,30,30,30.1,30,30.1,30.1,30,30,30,30,30,29.9,30,30,30,30,30,30,30,30,30,30,30.1,30,30,30,30,30,30,30
Mean,0.15236,0.14656,0.16072,0.17208,0.18696,0.2048,0.22998,0.2615,0.3033,0.35508,0.41502,0.48556,0.5654,0.65348,0.75036,0.85514,0.9636,1.06754,1.15564,1.22712,1.28408,1.3274,1.3632,1.39142,1.41524,1.4374,1.45666,1.47414,1.49066,1.50414,1.51204,1.51802,1.5224,1.52542,1.528,1.53044,1.53286,1.53542,1.53762,1.5396,1.54164,1.54346,1.5445,1.54626,1.54766,1.54918,1.5503,1.55106,1.55244,1.55374,1.55436,1.55576,1.55674,1.55792,1.55874,1.5596,1.5604,1.56126,1.56234,1.56236,1.56186,1.5633,1.56448,1.56532,1.56624,1.56664,1.5672,1.56794,1.56852,1.5695,1.56972,1.57108,1.57138,1.5715,1.57262,1.57332,1.5735,1.57392,1.57428,1.57632,1.57576,1.57628,1.57686,1.5772,1.57774,1.57852,1.57862,1.57952,1.57978,1.58034,1.58096,1.5813,1.5818,1.5818,1.58238,1.5832
StDev,0.009654947,0.009823849,0.008817709,0.007519441,0.007082937,0.006816524,0.009092689,0.014070714,0.021495348,0.03140656,0.042418534,0.055061584,0.068187096,0.08207248,0.094801387,0.105798407,0.111382876,0.11122355,0.104693591,0.098082526,0.090773025,0.085383459,0.080481706,0.076490209,0.073492333,0.07082496,0.069184521,0.067380027,0.066571263,0.064557982,0.062677293,0.059971301,0.059039902,0.057486798,0.057077929,0.056061645,0.055099664,0.05494085,0.054684843,0.053435709,0.053909906,0.053531374,0.052747891,0.052578446,0.051932726,0.051849995,0.050999608,0.051406449,0.051014341,0.050827581,0.050211084,0.05008925,0.050040214,0.050204153,0.049696006,0.049767811,0.04972424,0.049338454,0.049239141,0.048906267,0.048762311,0.048970297,0.049131426,0.048646552,0.048564833,0.048097536,0.048285039,0.04843029,0.047999031,0.047827137,0.047901743,0.048127767,0.047929657,0.047709381,0.048613907,0.047206271,0.047025365,0.047041492,0.047226391,0.047668669,0.046836663,0.046634665,0.046612584,0.046813887,0.04623822,0.046100456,0.046304719,0.045935574,0.046549619,0.046092711,0.045985085,0.045541355,0.045188107,0.04534049,0.045718618,0.045530045
1;2,0.1453,0.1383,0.1535,0.1667,0.1837,0.2057,0.2355,0.2732,0.3224,0.3832,0.4528,0.5343,0.6245,0.7211,0.823,0.9343,1.0377,1.1394,1.2265,1.2923,1.344,1.3844,1.4175,1.4422,1.4634,1.484,1.503,1.5174,1.5344,1.5466,1.5522,1.5549,1.5576,1.56,1.5617,1.5626,1.5634,1.5665,1.5688,1.5704,1.5713,1.5742,1.5735,1.575,1.5761,1.579,1.5775,1.5787,1.5806,1.5805,1.5809,1.5824,1.5829,1.5851,1.5855,1.586,1.5869,1.5877,1.5876,1.5879,1.5874,1.5886,1.5892,1.5898,1.5907,1.5897,1.5925,1.5919,1.5924,1.593,1.5922,1.5955,1.5954,1.5951,1.596,1.5967,1.5967,1.5961,1.5979,1.5993,1.5984,1.598,1.5989,1.5987,1.5993,1.599,1.6003,1.6014,1.6019,1.6024,1.6022,1.6031,1.6026,1.6032,1.6032,1.6048
2;1,0.1615,0.1562,0.1709,0.1805,0.1942,0.2091,0.2317,0.2575,0.2937,0.3343,0.383,0.4389,0.5031,0.5739,0.6539,0.7441,0.841,0.9426,1.0383,1.1155,1.1817,1.2302,1.272,1.3045,1.3313,1.3564,1.3778,1.397,1.4149,1.4299,1.4392,1.4488,1.4533,1.4582,1.4617,1.4646,1.4676,1.4712,1.4736,1.4777,1.4783,1.4807,1.4821,1.4839,1.4863,1.489,1.4895,1.4897,1.4918,1.4931,1.4947,1.4962,1.4967,1.4974,1.4999,1.5005,1.5005,1.5026,1.5038,1.5046,1.5043,1.5048,1.506,1.5069,1.5079,1.5092,1.5096,1.5103,1.5112,1.5118,1.512,1.5131,1.514,1.5138,1.5144,1.5159,1.5169,1.5172,1.5175,1.5193,1.5193,1.52,1.5206,1.5209,1.5222,1.5228,1.5226,1.5243,1.5236,1.5248,1.5253,1.5246,1.5267,1.5264,1.5269,1.5274
2;2,0.1465,0.1407,0.157,0.1711,0.1883,0.2104,0.2401,0.2791,0.33,0.3943,0.4669,0.551,0.6452,0.7488,0.8606,0.9764,1.0932,1.1968,1.276,1.3408,1.3899,1.4277,1.4584,1.483,1.5037,1.5231,1.5402,1.5564,1.5717,1.5824,1.5885,1.5929,1.5961,1.5973,1.5996,1.6008,1.6027,1.6049,1.607,1.6076,1.6101,1.6112,1.6121,1.6136,1.6145,1.6158,1.6159,1.6169,1.6175,1.6192,1.6196,1.6205,1.6209,1.6221,1.623,1.6238,1.6242,1.6249,1.6265,1.626,1.6249,1.6265,1.6283,1.6282,1.629,1.6299,1.6298,1.6313,1.6312,1.6319,1.6327,1.6337,1.6339,1.6337,1.6366,1.6347,1.6349,1.6359,1.6359,1.6387,1.6371,1.6376,1.6383,1.639,1.6388,1.6394,1.6394,1.64,1.6409,1.641,1.6417,1.6402,1.6409,1.6414,1.6432,1.643
2;3,0.1443,0.1393,0.1527,0.1632,0.1765,0.1932,0.2166,0.2467,0.2886,0.3389,0.4002,0.4743,0.5581,0.6535,0.7595,0.8716,0.9902,1.0969,1.1813,1.2509,1.3057,1.3453,1.3781,1.4046,1.4278,1.4483,1.4665,1.4846,1.5001,1.5137,1.5217,1.5261,1.5317,1.5338,1.5369,1.5402,1.5423,1.5446,1.5459,1.547,1.5511,1.5516,1.5523,1.5543,1.5549,1.555,1.5583,1.5594,1.5604,1.562,1.5612,1.5631,1.5656,1.5658,1.5656,1.5673,1.5683,1.5685,1.5697,1.5694,1.5697,1.5716,1.5729,1.5741,1.575,1.5746,1.5743,1.5758,1.5763,1.5775,1.5781,1.5785,1.579,1.5793,1.5804,1.5812,1.5812,1.5817,1.5817,1.5847,1.5836,1.5846,1.5844,1.5855,1.5855,1.5874,1.5869,1.587,1.5877,1.5877,1.5887,1.5899,1.5906,1.5892,1.5894,1.5905
3;2,0.1642,0.1583,0.1695,0.1789,0.1921,0.2056,0.226,0.251,0.2818,0.3247,0.3722,0.4293,0.4961,0.5701,0.6548,0.7493,0.8559,0.962,1.0561,1.1361,1.1991,1.2494,1.29,1.3228,1.35,1.3752,1.3958,1.4153,1.4322,1.4481,1.4586,1.4674,1.4733,1.4778,1.4801,1.484,1.4883,1.4899,1.4928,1.4953,1.4974,1.4996,1.5025,1.5045,1.5065,1.5071,1.5103,1.5106,1.5119,1.5139,1.5154,1.5166,1.5176,1.5192,1.5197,1.5204,1.5221,1.5226,1.5241,1.5239,1.523,1.525,1.526,1.5276,1.5286,1.5298,1.5298,1.5304,1.5315,1.5333,1.5336,1.5346,1.5346,1.5356,1.5357,1.5381,1.5378,1.5387,1.5384,1.5396,1.5404,1.5412,1.5421,1.5419,1.5429,1.544,1.5439,1.5449,1.5448,1.5458,1.5469,1.5487,1.5482,1.5488,1.5492,1.5503
,,,,,,,,,,,,,,,,,,,,,,,,,,,,,,,,,,,,,,,,,,,,,,,,,,,,,,,,,,,,,,,,,,,,,,,,,,,,,,,,,,,,,,,,,,,,,,,,
Cycles / Well,,,,,,,,,,,,,,,,,,,,,,,,,,,,,,,,,,,,,,,,,,,,,,,,,,,,,,,,,,,,,,,,,,,,,,,,,,,,,,,,,,,,,,,,,,,,,,,,
C7,1,2,3,4,5,6,7,8,9,10,11,12,13,14,15,16,17,18,19,20,21,22,23,24,25,26,27,28,29,30,31,32,33,34,35,36,37,38,39,40,41,42,43,44,45,46,47,48,49,50,51,52,53,54,55,56,57,58,59,60,61,62,63,64,65,66,67,68,69,70,71,72,73,74,75,76,77,78,79,80,81,82,83,84,85,86,87,88,89,90,91,92,93,94,95,96
Time [s],0,1799.821,3599.758,5399.669,7199.591,8999.513,10799.454,12599.368,14399.281,16199.217,17999.132,19799.048,21598.968,23398.907,25198.816,26998.729,28798.66,30598.612,32398.504,34198.422,35998.348,37798.293,39598.197,41398.12,43198.051,44997.975,46797.9,48597.816,50397.749,52197.631,53997.556,55797.465,57597.39,59397.304,61197.232,62997.141,64797.066,66596.996,68396.927,70196.835,71996.75,73796.684,75596.611,77396.528,79196.461,80996.395,82796.296,84596.214,86396.144,88196.085,89995.979,91795.899,93595.822,95395.741,97195.669,98995.594,100795.52,102595.43,104395.36,106195.269,107995.204,109795.106,111595.047,113394.962,115194.873,116994.792,118794.719,120594.63,122394.557,124194.487,125994.397,127794.312,129594.227,131394.143,133194.064,134993.983,136793.918,138593.83,140393.768,142193.687,143993.61,145793.539,147593.44,149393.349,151193.294,152993.201,154793.136,156593.059,158392.972,160192.914,161992.825,163792.732,165592.675,167392.569,169192.493,170992.414
Temp. [°C],19.6,29.9,29.9,30,30,30,30,29.9,30,30,30,30.1,30.1,30,30,30,30,30,30,30,30,30,30,30,30,30.1,30.1,30,30,30,30,30,30,30,30,30,30,30,30,30,30,30,30,30,30,30,30,30,30,30,30,30,30,30,30,30,30,30,30,29.9,30,30,30,30,30,30,30,30,30.1,30,30.1,30.1,30,30,30,30,30,29.9,30,30,30,30,30,30,30,30,30,30,30.1,30,30,30,30,30,30,30
Mean,0.16966,0.16358,0.17352,0.18342,0.19704,0.21388,0.23498,0.2621,0.2952,0.3357,0.38428,0.44008,0.50494,0.5772,0.65706,0.74108,0.83082,0.92032,1.00456,1.07798,1.13758,1.18236,1.21596,1.24376,1.26592,1.28662,1.30526,1.32202,1.33674,1.34854,1.35892,1.3656,1.37288,1.37612,1.37954,1.3828,1.38606,1.38942,1.39212,1.39538,1.39906,1.402,1.40454,1.408,1.41088,1.41308,1.41644,1.41916,1.42162,1.42452,1.42662,1.42942,1.4322,1.43558,1.43652,1.4399,1.4422,1.44416,1.44674,1.44832,1.4493,1.4529,1.45538,1.45722,1.45966,1.46098,1.46266,1.46514,1.46582,1.46838,1.46946,1.47122,1.4727,1.47386,1.47554,1.47686,1.47776,1.47964,1.48054,1.48248,1.48266,1.48458,1.48526,1.48686,1.48724,1.48778,1.48884,1.49042,1.49042,1.49114,1.49226,1.49262,1.49452,1.49414,1.49492,1.49636
StDev,0.010129067,0.011249311,0.010728793,0.010159331,0.010888205,0.011169691,0.012642864,0.015598077,0.019425113,0.025668463,0.033704258,0.044199061,0.057122789,0.069703981,0.083464561,0.098375032,0.109588558,0.119578539,0.125678172,0.126606742,0.122998748,0.119119889,0.11681722,0.114087808,0.111762011,0.11018592,0.109206012,0.107403734,0.10662337,0.105850876,0.10310823,0.10211114,0.099161419,0.098439433,0.096560566,0.096079342,0.095416838,0.096084999,0.097686371,0.098634436,0.098781112,0.099664236,0.100474564,0.100116282,0.101648497,0.103158068,0.101786163,0.102374523,0.103599817,0.103664734,0.104609928,0.104945972,0.105292426,0.105147834,0.107520635,0.107124204,0.10800419,0.109112845,0.10823134,0.10936088,0.109840293,0.109423444,0.108554327,0.109799872,0.109139855,0.109136964,0.110370979,0.109581376,0.110120193,0.10976888,0.109762689,0.110924803,0.110965828,0.111107754,0.110769143,0.110340079,0.111058782,0.110265239,0.111096616,0.110921693,0.111675526,0.110315262,0.111600887,0.110964084,0.112125412,0.112261913,0.111833439,0.111868704,0.112984167,0.11235374,0.111952503,0.112286607,0.11114154,0.11185863,0.112545844,0.111566272
1;2,0.1595,0.1529,0.1651,0.177,0.1918,0.2119,0.2369,0.2679,0.3075,0.3553,0.415,0.4834,0.5639,0.6506,0.7467,0.8489,0.9503,1.0506,1.1406,1.2138,1.2684,1.309,1.3399,1.3646,1.3842,1.4024,1.4201,1.4345,1.4479,1.4594,1.4667,1.4716,1.4758,1.4781,1.4809,1.4838,1.4855,1.4897,1.4946,1.4986,1.5028,1.507,1.5091,1.5131,1.5177,1.5212,1.5233,1.5258,1.5296,1.5322,1.5351,1.5382,1.5414,1.5453,1.5482,1.5511,1.5539,1.5568,1.5585,1.5607,1.5618,1.5661,1.5678,1.5703,1.5728,1.5731,1.5768,1.578,1.5787,1.5811,1.582,1.5859,1.5868,1.5881,1.5899,1.5903,1.5919,1.593,1.5947,1.5952,1.5969,1.5976,1.5998,1.6007,1.6018,1.6027,1.6038,1.6054,1.6066,1.6063,1.6067,1.6072,1.6087,1.6083,1.6095,1.6108
2;1,0.1758,0.1705,0.1815,0.1922,0.2067,0.2238,0.245,0.2723,0.3062,0.3458,0.3938,0.4486,0.5108,0.5797,0.6565,0.738,0.8256,0.914,0.9987,1.0742,1.1333,1.1766,1.2103,1.2375,1.2588,1.2799,1.298,1.3154,1.3304,1.3416,1.3518,1.3588,1.3646,1.3681,1.3712,1.3737,1.3773,1.3805,1.3845,1.3884,1.3911,1.3939,1.3984,1.4003,1.4044,1.4081,1.4098,1.4138,1.4172,1.4184,1.4213,1.4249,1.4273,1.4298,1.433,1.4358,1.4392,1.4422,1.4438,1.4464,1.448,1.451,1.4526,1.4553,1.4561,1.459,1.4603,1.4625,1.464,1.4655,1.4666,1.4691,1.4709,1.4729,1.473,1.4751,1.4762,1.4772,1.4786,1.4813,1.4821,1.4835,1.4844,1.4849,1.4856,1.488,1.4881,1.4897,1.4908,1.4911,1.4919,1.4931,1.4941,1.4945,1.4954,1.4956
2;2,0.1622,0.1554,0.1666,0.1778,0.1925,0.2117,0.2356,0.2661,0.304,0.35,0.4054,0.4703,0.5471,0.6319,0.7246,0.8212,0.9226,1.0211,1.111,1.1853,1.243,1.2854,1.3166,1.3425,1.3633,1.3826,1.401,1.4158,1.4313,1.4417,1.4503,1.4561,1.4619,1.4643,1.4656,1.4683,1.472,1.4758,1.4786,1.4826,1.487,1.4901,1.4932,1.4968,1.5,1.5028,1.5058,1.5091,1.5118,1.5159,1.5181,1.5209,1.5241,1.5273,1.5292,1.5329,1.5358,1.5381,1.5409,1.5431,1.5437,1.5466,1.5492,1.5519,1.554,1.5555,1.5577,1.5602,1.5613,1.564,1.5652,1.5667,1.5683,1.5689,1.5709,1.5719,1.5734,1.575,1.5762,1.5795,1.5792,1.5797,1.5807,1.5829,1.5838,1.5839,1.5847,1.5863,1.5865,1.5871,1.5882,1.5882,1.5895,1.5898,1.5918,1.5917
2;3,0.1668,0.1594,0.166,0.1737,0.1842,0.1973,0.2136,0.2345,0.2612,0.2916,0.3293,0.3709,0.4195,0.4764,0.54,0.6064,0.6826,0.7591,0.8347,0.9059,0.9698,1.0204,1.056,1.0875,1.1132,1.1347,1.1555,1.1736,1.1909,1.2032,1.2178,1.2247,1.237,1.2407,1.2481,1.2517,1.2561,1.2585,1.2585,1.2602,1.2648,1.2661,1.266,1.2715,1.2715,1.2708,1.2768,1.278,1.2781,1.2812,1.281,1.2832,1.2856,1.2898,1.2861,1.2906,1.2913,1.291,1.2958,1.2949,1.2938,1.299,1.3037,1.3029,1.307,1.3077,1.3079,1.3116,1.311,1.3145,1.3155,1.3157,1.3164,1.3168,1.3198,1.3214,1.3213,1.3245,1.3238,1.3265,1.3255,1.329,1.3272,1.3307,1.3282,1.329,1.3311,1.3326,1.3306,1.332,1.3335,1.3326,1.3374,1.3353,1.3356,1.3382
3;2,0.184,0.1797,0.1884,0.1964,0.21,0.2247,0.2438,0.2697,0.2971,0.3358,0.3779,0.4272,0.4834,0.5474,0.6175,0.6909,0.773,0.8568,0.9378,1.0107,1.0734,1.1204,1.157,1.1867,1.2101,1.2335,1.2517,1.2708,1.2832,1.2968,1.308,1.3168,1.3251,1.3294,1.3319,1.3365,1.3394,1.3426,1.3444,1.3471,1.3496,1.3529,1.356,1.3583,1.3608,1.3625,1.3665,1.3691,1.3714,1.3749,1.3776,1.3799,1.3826,1.3857,1.3861,1.3891,1.3908,1.3927,1.3947,1.3965,1.3992,1.4018,1.4036,1.4057,1.4084,1.4096,1.4106,1.4134,1.4141,1.4168,1.418,1.4187,1.4211,1.4226,1.4241,1.4256,1.426,1.4285,1.4294,1.4299,1.4296,1.4331,1.4342,1.4351,1.4368,1.4353,1.4365,1.4381,1.4376,1.4392,1.441,1.442,1.4429,1.4428,1.4423,1.4455
,,,,,,,,,,,,,,,,,,,,,,,,,,,,,,,,,,,,,,,,,,,,,,,,,,,,,,,,,,,,,,,,,,,,,,,,,,,,,,,,,,,,,,,,,,,,,,,,
Cycles / Well,,,,,,,,,,,,,,,,,,,,,,,,,,,,,,,,,,,,,,,,,,,,,,,,,,,,,,,,,,,,,,,,,,,,,,,,,,,,,,,,,,,,,,,,,,,,,,,,
C8,1,2,3,4,5,6,7,8,9,10,11,12,13,14,15,16,17,18,19,20,21,22,23,24,25,26,27,28,29,30,31,32,33,34,35,36,37,38,39,40,41,42,43,44,45,46,47,48,49,50,51,52,53,54,55,56,57,58,59,60,61,62,63,64,65,66,67,68,69,70,71,72,73,74,75,76,77,78,79,80,81,82,83,84,85,86,87,88,89,90,91,92,93,94,95,96
Time [s],0,1799.821,3599.758,5399.669,7199.591,8999.513,10799.454,12599.368,14399.281,16199.217,17999.132,19799.048,21598.968,23398.907,25198.816,26998.729,28798.66,30598.612,32398.504,34198.422,35998.348,37798.293,39598.197,41398.12,43198.051,44997.975,46797.9,48597.816,50397.749,52197.631,53997.556,55797.465,57597.39,59397.304,61197.232,62997.141,64797.066,66596.996,68396.927,70196.835,71996.75,73796.684,75596.611,77396.528,79196.461,80996.395,82796.296,84596.214,86396.144,88196.085,89995.979,91795.899,93595.822,95395.741,97195.669,98995.594,100795.52,102595.43,104395.36,106195.269,107995.204,109795.106,111595.047,113394.962,115194.873,116994.792,118794.719,120594.63,122394.557,124194.487,125994.397,127794.312,129594.227,131394.143,133194.064,134993.983,136793.918,138593.83,140393.768,142193.687,143993.61,145793.539,147593.44,149393.349,151193.294,152993.201,154793.136,156593.059,158392.972,160192.914,161992.825,163792.732,165592.675,167392.569,169192.493,170992.414
Temp. [°C],19.6,29.9,29.9,30,30,30,30,29.9,30,30,30,30.1,30.1,30,30,30,30,30,30,30,30,30,30,30,30,30.1,30.1,30,30,30,30,30,30,30,30,30,30,30,30,30,30,30,30,30,30,30,30,30,30,30,30,30,30,30,30,30,30,30,30,29.9,30,30,30,30,30,30,30,30,30.1,30,30.1,30.1,30,30,30,30,30,29.9,30,30,30,30,30,30,30,30,30,30,30.1,30,30,30,30,30,30,30
Mean,0.14634,0.1369,0.144,0.15158,0.16152,0.17322,0.18928,0.20992,0.23504,0.2676,0.30626,0.35234,0.40684,0.46962,0.53948,0.61644,0.70162,0.7904,0.88274,0.97334,1.05672,1.13056,1.19028,1.23746,1.27166,1.30034,1.32564,1.34864,1.36838,1.38632,1.40192,1.41556,1.42788,1.43624,1.44394,1.45,1.45496,1.45844,1.46222,1.46522,1.46926,1.47258,1.47528,1.4791,1.48218,1.48506,1.4886,1.49142,1.49458,1.49878,1.50118,1.5048,1.50748,1.51078,1.51262,1.51644,1.51864,1.52112,1.5243,1.5264,1.52714,1.5321,1.53418,1.5365,1.53924,1.54092,1.54288,1.5455,1.5469,1.5496,1.55114,1.55332,1.5545,1.5556,1.55784,1.5594,1.56054,1.56192,1.56342,1.56626,1.56674,1.56842,1.56924,1.57076,1.57136,1.5722,1.57368,1.57512,1.57606,1.57712,1.57798,1.57932,1.58046,1.58082,1.58198,1.58308
StDev,0.004359243,0.007059037,0.006077829,0.005903135,0.006342082,0.006577005,0.007531733,0.009263207,0.011944162,0.016668083,0.022627483,0.030947908,0.041030269,0.052994971,0.066310987,0.080421658,0.095070379,0.108887304,0.121549632,0.129291639,0.132327688,0.130394873,0.126090174,0.121226577,0.117436293,0.114254838,0.111849958,0.107774733,0.105525054,0.104552078,0.101920518,0.099610456,0.097079025,0.094919613,0.092498935,0.090039491,0.087798679,0.086519206,0.08677544,0.086330018,0.085199548,0.085191942,0.084729906,0.084138517,0.084253261,0.085553422,0.084659111,0.084252074,0.084682005,0.084244448,0.084291382,0.084800472,0.084397198,0.084324237,0.08463836,0.083978259,0.084115831,0.083916488,0.084066997,0.083844111,0.083108742,0.083427424,0.083671184,0.083137807,0.083475284,0.08294195,0.083567141,0.083307653,0.082579083,0.082577933,0.082041288,0.08305692,0.082332648,0.082448378,0.082051984,0.081848977,0.081990597,0.08110929,0.08171684,0.081123782,0.081575076,0.080693723,0.080591612,0.080673434,0.080001237,0.08028356,0.079631727,0.079578747,0.079423284,0.079529504,0.078420578,0.078288582,0.078542619,0.078065114,0.078045288,0.077891572
1;2,0.1431,0.1317,0.1402,0.1489,0.1595,0.173,0.1915,0.2148,0.2444,0.2825,0.3289,0.3853,0.453,0.531,0.6182,0.7144,0.8171,0.922,1.0309,1.1293,1.2148,1.2836,1.3369,1.3761,1.4049,1.4291,1.4492,1.4667,1.4817,1.5,1.5107,1.521,1.5288,1.5346,1.5395,1.5417,1.5437,1.5454,1.5509,1.5537,1.5542,1.5582,1.5604,1.563,1.5666,1.5715,1.5728,1.5749,1.5792,1.582,1.5846,1.5885,1.5904,1.5939,1.5968,1.5993,1.6014,1.6032,1.606,1.6083,1.6075,1.612,1.6148,1.6161,1.6196,1.6199,1.6233,1.6245,1.6256,1.6275,1.6283,1.6317,1.6328,1.6328,1.6353,1.6367,1.6376,1.6377,1.6404,1.6426,1.6429,1.6431,1.6444,1.6446,1.6455,1.6479,1.6478,1.6496,1.6498,1.6509,1.6507,1.6501,1.6527,1.653,1.6536,1.6546
2;1,0.1502,0.1428,0.1495,0.1575,0.1681,0.1797,0.196,0.2159,0.2407,0.2704,0.3049,0.3452,0.3885,0.4383,0.4923,0.5518,0.618,0.6885,0.764,0.8418,0.9168,0.9871,1.0491,1.0999,1.1381,1.171,1.1967,1.2242,1.246,1.2649,1.2822,1.2997,1.3127,1.325,1.3349,1.3431,1.3499,1.3556,1.3615,1.3639,1.3671,1.3721,1.3763,1.379,1.3831,1.3852,1.3892,1.3923,1.3956,1.3981,1.402,1.4045,1.4075,1.4101,1.4134,1.4176,1.4193,1.4231,1.425,1.4278,1.4287,1.4328,1.4343,1.4373,1.4387,1.441,1.4428,1.4445,1.4475,1.4487,1.4512,1.4521,1.4555,1.4559,1.4578,1.4598,1.4606,1.4627,1.464,1.467,1.4676,1.4695,1.4712,1.4718,1.4737,1.4746,1.4768,1.4784,1.4794,1.4807,1.4825,1.485,1.4837,1.4858,1.4873,1.4875
2;2,0.1438,0.1326,0.1409,0.1492,0.16,0.1737,0.1916,0.2154,0.244,0.2827,0.3283,0.3833,0.4486,0.5235,0.6056,0.6937,0.7926,0.8943,0.9961,1.0944,1.1807,1.2538,1.31,1.3544,1.386,1.4128,1.4374,1.4573,1.4769,1.4923,1.5067,1.5194,1.5298,1.5369,1.542,1.5463,1.549,1.552,1.5558,1.5575,1.5613,1.5649,1.5676,1.5704,1.5738,1.5778,1.5813,1.5839,1.5872,1.5905,1.5937,1.5978,1.6003,1.6029,1.6054,1.6089,1.6114,1.6146,1.6178,1.6195,1.6199,1.6255,1.6272,1.6295,1.6316,1.6335,1.6358,1.6384,1.6391,1.6414,1.6429,1.6459,1.6466,1.6487,1.6495,1.6508,1.6524,1.653,1.655,1.6568,1.6587,1.6593,1.6602,1.6623,1.6619,1.6623,1.6636,1.6648,1.6659,1.6673,1.6667,1.6699,1.669,1.6693,1.6711,1.6713
2;3,0.1427,0.1312,0.1379,0.1444,0.1527,0.1625,0.1763,0.194,0.2166,0.2436,0.2772,0.3161,0.3649,0.4222,0.4871,0.5586,0.6415,0.725,0.8126,0.9014,0.9868,1.0647,1.1273,1.1789,1.2145,1.2432,1.272,1.298,1.3194,1.3364,1.3563,1.3697,1.3869,1.3939,1.4039,1.4133,1.4215,1.4237,1.4253,1.4303,1.4394,1.4402,1.4421,1.4487,1.4506,1.452,1.457,1.4599,1.462,1.4705,1.4705,1.4747,1.4778,1.4816,1.4806,1.4853,1.4868,1.4886,1.4938,1.4954,1.4964,1.5033,1.5061,1.5078,1.5124,1.514,1.5144,1.5194,1.5197,1.526,1.5262,1.5285,1.5275,1.5284,1.5315,1.5338,1.5346,1.5366,1.5367,1.5414,1.541,1.5452,1.5432,1.5476,1.5457,1.5445,1.5486,1.5489,1.551,1.5519,1.5536,1.5547,1.5586,1.5568,1.5575,1.5604
3;2,0.1519,0.1462,0.1515,0.1579,0.1673,0.1772,0.191,0.2095,0.2295,0.2588,0.292,0.3318,0.3792,0.4331,0.4942,0.5637,0.6389,0.7222,0.8101,0.8998,0.9845,1.0636,1.1281,1.178,1.2148,1.2456,1.2729,1.297,1.3179,1.338,1.3537,1.368,1.3812,1.3908,1.3994,1.4056,1.4107,1.4155,1.4176,1.4207,1.4243,1.4275,1.43,1.4344,1.4368,1.4388,1.4427,1.4461,1.4489,1.4528,1.4551,1.4585,1.4614,1.4654,1.4669,1.4711,1.4743,1.4761,1.4789,1.481,1.4832,1.4869,1.4885,1.4918,1.4939,1.4962,1.4981,1.5007,1.5026,1.5044,1.5071,1.5084,1.5101,1.5122,1.5151,1.5159,1.5175,1.5196,1.521,1.5235,1.5235,1.525,1.5272,1.5275,1.53,1.5317,1.5316,1.5339,1.5342,1.5348,1.5364,1.5369,1.5383,1.5392,1.5404,1.5416
,,,,,,,,,,,,,,,,,,,,,,,,,,,,,,,,,,,,,,,,,,,,,,,,,,,,,,,,,,,,,,,,,,,,,,,,,,,,,,,,,,,,,,,,,,,,,,,,
Cycles / Well,,,,,,,,,,,,,,,,,,,,,,,,,,,,,,,,,,,,,,,,,,,,,,,,,,,,,,,,,,,,,,,,,,,,,,,,,,,,,,,,,,,,,,,,,,,,,,,,
C9,1,2,3,4,5,6,7,8,9,10,11,12,13,14,15,16,17,18,19,20,21,22,23,24,25,26,27,28,29,30,31,32,33,34,35,36,37,38,39,40,41,42,43,44,45,46,47,48,49,50,51,52,53,54,55,56,57,58,59,60,61,62,63,64,65,66,67,68,69,70,71,72,73,74,75,76,77,78,79,80,81,82,83,84,85,86,87,88,89,90,91,92,93,94,95,96
Time [s],0,1799.821,3599.758,5399.669,7199.591,8999.513,10799.454,12599.368,14399.281,16199.217,17999.132,19799.048,21598.968,23398.907,25198.816,26998.729,28798.66,30598.612,32398.504,34198.422,35998.348,37798.293,39598.197,41398.12,43198.051,44997.975,46797.9,48597.816,50397.749,52197.631,53997.556,55797.465,57597.39,59397.304,61197.232,62997.141,64797.066,66596.996,68396.927,70196.835,71996.75,73796.684,75596.611,77396.528,79196.461,80996.395,82796.296,84596.214,86396.144,88196.085,89995.979,91795.899,93595.822,95395.741,97195.669,98995.594,100795.52,102595.43,104395.36,106195.269,107995.204,109795.106,111595.047,113394.962,115194.873,116994.792,118794.719,120594.63,122394.557,124194.487,125994.397,127794.312,129594.227,131394.143,133194.064,134993.983,136793.918,138593.83,140393.768,142193.687,143993.61,145793.539,147593.44,149393.349,151193.294,152993.201,154793.136,156593.059,158392.972,160192.914,161992.825,163792.732,165592.675,167392.569,169192.493,170992.414
Temp. [°C],19.6,29.9,29.9,30,30,30,30,29.9,30,30,30,30.1,30.1,30,30,30,30,30,30,30,30,30,30,30,30,30.1,30.1,30,30,30,30,30,30,30,30,30,30,30,30,30,30,30,30,30,30,30,30,30,30,30,30,30,30,30,30,30,30,30,30,29.9,30,30,30,30,30,30,30,30,30.1,30,30.1,30.1,30,30,30,30,30,29.9,30,30,30,30,30,30,30,30,30,30,30.1,30,30,30,30,30,30,30
Mean,0.15128,0.1469,0.15492,0.16182,0.16912,0.17894,0.19266,0.21044,0.2338,0.26756,0.3114,0.36692,0.43702,0.51692,0.60718,0.70418,0.80598,0.90772,1.00094,1.08298,1.1492,1.19962,1.23566,1.26444,1.28536,1.3023,1.31592,1.32848,1.3387,1.34776,1.35544,1.36162,1.36808,1.37096,1.3745,1.378,1.3804,1.38184,1.38396,1.38564,1.3893,1.39128,1.39326,1.3965,1.39836,1.39958,1.40282,1.40414,1.4055,1.40764,1.40852,1.41022,1.41152,1.41318,1.41256,1.41426,1.41476,1.41588,1.41754,1.41836,1.41776,1.42068,1.4222,1.4232,1.42458,1.42454,1.42514,1.42722,1.4271,1.42814,1.42834,1.42896,1.42954,1.42992,1.43028,1.43192,1.43242,1.43322,1.43346,1.43494,1.43448,1.43588,1.43578,1.43736,1.4372,1.43748,1.43754,1.43888,1.43948,1.43962,1.43984,1.44,1.4426,1.44202,1.44228,1.44282
StDev,0.006073467,0.007772709,0.007448288,0.006817404,0.006608101,0.00682847,0.007623188,0.008974854,0.011389469,0.015263944,0.021113384,0.029687489,0.041273078,0.0527179,0.065476729,0.079131454,0.089918724,0.098549465,0.105168593,0.104459164,0.100782513,0.096580624,0.094917059,0.093123134,0.091947746,0.090465104,0.090315348,0.088271496,0.087107405,0.086953683,0.08562662,0.086157223,0.082703519,0.084054078,0.083757418,0.081223734,0.080874532,0.080585067,0.081023102,0.082081715,0.079333568,0.080592692,0.080754957,0.079126702,0.08004054,0.081483968,0.078925896,0.07934241,0.079235945,0.078315918,0.079392676,0.07883947,0.07834253,0.077916025,0.081098693,0.079716172,0.080095337,0.080234668,0.079214822,0.07952404,0.079492125,0.077989211,0.07758012,0.078546037,0.076798678,0.077040398,0.078159632,0.076793144,0.078101248,0.077297723,0.078714694,0.078884808,0.079276939,0.079929044,0.079032158,0.078536024,0.078719419,0.078120273,0.079105171,0.080086285,0.079869813,0.078681364,0.079709297,0.077454038,0.079698087,0.0814181,0.080649259,0.080438374,0.080245791,0.080658056,0.080563348,0.079550456,0.078313537,0.079416195,0.080050403,0.080423921
1;2,0.1459,0.14,0.1494,0.1581,0.1669,0.1782,0.1941,0.2139,0.2409,0.2801,0.3322,0.3994,0.4839,0.5777,0.6828,0.7961,0.9105,1.0204,1.1197,1.2004,1.2587,1.305,1.3376,1.3639,1.3819,1.3965,1.4107,1.4216,1.4301,1.4388,1.4456,1.4516,1.4549,1.4584,1.4628,1.4639,1.4653,1.4667,1.4692,1.4722,1.4741,1.4763,1.4773,1.4802,1.4829,1.4857,1.4861,1.4876,1.4888,1.4905,1.4913,1.4932,1.4943,1.4965,1.4984,1.4985,1.4992,1.5001,1.501,1.5022,1.5008,1.5035,1.5047,1.5061,1.5066,1.5067,1.5089,1.5092,1.5103,1.5107,1.5114,1.5128,1.5138,1.5146,1.5135,1.5152,1.5158,1.5157,1.5177,1.5201,1.519,1.5192,1.5198,1.5202,1.5214,1.5237,1.5223,1.5239,1.5244,1.5256,1.5246,1.5236,1.5259,1.5262,1.5274,1.5275
2;1,0.1558,0.1539,0.1628,0.1696,0.1768,0.1868,0.2007,0.2185,0.2431,0.2747,0.316,0.3671,0.4312,0.5052,0.5888,0.6783,0.7738,0.8715,0.9637,1.0426,1.1104,1.1605,1.1965,1.2263,1.2473,1.2655,1.2783,1.2908,1.2995,1.3104,1.3167,1.3232,1.3285,1.332,1.3347,1.3376,1.3401,1.3414,1.3452,1.3454,1.3473,1.3503,1.3531,1.3557,1.3572,1.358,1.36,1.363,1.3639,1.3648,1.3671,1.3683,1.3691,1.3697,1.3709,1.3723,1.3732,1.3746,1.375,1.3763,1.3771,1.3782,1.3788,1.3805,1.3813,1.3813,1.3819,1.3824,1.3838,1.3844,1.3853,1.3856,1.3867,1.3872,1.3861,1.3883,1.3887,1.3906,1.3901,1.3899,1.3914,1.3927,1.3936,1.3931,1.3946,1.3953,1.396,1.3966,1.3969,1.397,1.3977,1.3989,1.3989,1.3999,1.3994,1.401
2;2,0.1468,0.142,0.1504,0.1586,0.1673,0.1784,0.1938,0.2135,0.2388,0.2775,0.3274,0.391,0.4721,0.5626,0.6648,0.7729,0.8847,0.9957,1.0943,1.1761,1.2416,1.2887,1.3236,1.3507,1.3715,1.3876,1.4005,1.4115,1.4223,1.4305,1.4377,1.4445,1.4494,1.4528,1.4558,1.4578,1.4604,1.4613,1.4631,1.4654,1.4678,1.4707,1.4732,1.475,1.4769,1.4793,1.4814,1.4824,1.484,1.4857,1.488,1.4888,1.4897,1.4908,1.4919,1.4931,1.4935,1.4951,1.4962,1.4973,1.4967,1.4981,1.5,1.5017,1.5017,1.5016,1.5027,1.5047,1.5048,1.5054,1.5071,1.5075,1.5081,1.509,1.5101,1.5103,1.5111,1.5112,1.5119,1.5144,1.5141,1.5145,1.515,1.5153,1.5164,1.517,1.5171,1.5177,1.5186,1.5185,1.5194,1.5185,1.5207,1.5202,1.5212,1.5221
2;3,0.1483,0.1419,0.1487,0.1543,0.1602,0.1685,0.18,0.1951,0.2151,0.2431,0.2803,0.3267,0.3839,0.4507,0.5255,0.6042,0.6932,0.7832,0.8648,0.9475,1.0162,1.0736,1.1102,1.1406,1.1622,1.1807,1.1949,1.2113,1.2247,1.2326,1.2439,1.2485,1.2627,1.2616,1.2669,1.2756,1.2783,1.2802,1.2803,1.2806,1.2919,1.2899,1.2904,1.2981,1.2975,1.2966,1.3053,1.3043,1.3063,1.3114,1.3092,1.3124,1.3151,1.3189,1.3103,1.3149,1.3139,1.3147,1.3191,1.3194,1.3175,1.3248,1.3284,1.3266,1.3325,1.3315,1.3303,1.3361,1.3319,1.335,1.3317,1.3325,1.3319,1.3308,1.3343,1.336,1.3363,1.3371,1.3365,1.337,1.3362,1.3396,1.3367,1.3451,1.3385,1.3348,1.3359,1.3377,1.3394,1.339,1.3387,1.3398,1.3473,1.343,1.3431,1.3417
3;2,0.1596,0.1567,0.1633,0.1685,0.1744,0.1828,0.1947,0.2112,0.2311,0.2624,0.3011,0.3504,0.414,0.4884,0.574,0.6694,0.7677,0.8678,0.9622,1.0483,1.1191,1.1703,1.2104,1.2407,1.2639,1.2812,1.2952,1.3072,1.3169,1.3265,1.3333,1.3403,1.3449,1.35,1.3523,1.3551,1.3579,1.3596,1.362,1.3646,1.3654,1.3692,1.3723,1.3735,1.3773,1.3783,1.3813,1.3834,1.3845,1.3858,1.387,1.3884,1.3894,1.39,1.3913,1.3925,1.394,1.3949,1.3964,1.3966,1.3967,1.3988,1.3991,1.4011,1.4008,1.4016,1.4019,1.4037,1.4047,1.4052,1.4062,1.4064,1.4072,1.408,1.4074,1.4098,1.4102,1.4115,1.4111,1.4133,1.4117,1.4134,1.4138,1.4131,1.4151,1.4166,1.4164,1.4185,1.4181,1.418,1.4188,1.4192,1.4202,1.4208,1.4203,1.4218
,,,,,,,,,,,,,,,,,,,,,,,,,,,,,,,,,,,,,,,,,,,,,,,,,,,,,,,,,,,,,,,,,,,,,,,,,,,,,,,,,,,,,,,,,,,,,,,,
Cycles / Well,,,,,,,,,,,,,,,,,,,,,,,,,,,,,,,,,,,,,,,,,,,,,,,,,,,,,,,,,,,,,,,,,,,,,,,,,,,,,,,,,,,,,,,,,,,,,,,,
C10,1,2,3,4,5,6,7,8,9,10,11,12,13,14,15,16,17,18,19,20,21,22,23,24,25,26,27,28,29,30,31,32,33,34,35,36,37,38,39,40,41,42,43,44,45,46,47,48,49,50,51,52,53,54,55,56,57,58,59,60,61,62,63,64,65,66,67,68,69,70,71,72,73,74,75,76,77,78,79,80,81,82,83,84,85,86,87,88,89,90,91,92,93,94,95,96
Time [s],0,1799.821,3599.758,5399.669,7199.591,8999.513,10799.454,12599.368,14399.281,16199.217,17999.132,19799.048,21598.968,23398.907,25198.816,26998.729,28798.66,30598.612,32398.504,34198.422,35998.348,37798.293,39598.197,41398.12,43198.051,44997.975,46797.9,48597.816,50397.749,52197.631,53997.556,55797.465,57597.39,59397.304,61197.232,62997.141,64797.066,66596.996,68396.927,70196.835,71996.75,73796.684,75596.611,77396.528,79196.461,80996.395,82796.296,84596.214,86396.144,88196.085,89995.979,91795.899,93595.822,95395.741,97195.669,98995.594,100795.52,102595.43,104395.36,106195.269,107995.204,109795.106,111595.047,113394.962,115194.873,116994.792,118794.719,120594.63,122394.557,124194.487,125994.397,127794.312,129594.227,131394.143,133194.064,134993.983,136793.918,138593.83,140393.768,142193.687,143993.61,145793.539,147593.44,149393.349,151193.294,152993.201,154793.136,156593.059,158392.972,160192.914,161992.825,163792.732,165592.675,167392.569,169192.493,170992.414
Temp. [°C],19.6,29.9,29.9,30,30,30,30,29.9,30,30,30,30.1,30.1,30,30,30,30,30,30,30,30,30,30,30,30,30.1,30.1,30,30,30,30,30,30,30,30,30,30,30,30,30,30,30,30,30,30,30,30,30,30,30,30,30,30,30,30,30,30,30,30,29.9,30,30,30,30,30,30,30,30,30.1,30,30.1,30.1,30,30,30,30,30,29.9,30,30,30,30,30,30,30,30,30,30,30.1,30,30,30,30,30,30,30
Mean,0.15446,0.14972,0.1595,0.1676,0.17582,0.18652,0.19966,0.21784,0.24252,0.2737,0.3149,0.36472,0.42622,0.49858,0.58082,0.67018,0.76794,0.86804,0.96522,1.0496,1.11892,1.16828,1.20372,1.2296,1.24862,1.2656,1.27826,1.2913,1.30092,1.3101,1.31802,1.32392,1.32854,1.33316,1.33852,1.34262,1.34706,1.3503,1.35476,1.35748,1.36204,1.36538,1.36852,1.37152,1.37352,1.37554,1.37786,1.38012,1.38198,1.38422,1.3856,1.38734,1.38862,1.38982,1.39112,1.39268,1.3937,1.39466,1.39612,1.3975,1.39806,1.39984,1.4007,1.40226,1.40334,1.40396,1.40418,1.40548,1.40648,1.40838,1.40832,1.40942,1.41068,1.41142,1.4124,1.41328,1.41366,1.41458,1.41518,1.4161,1.41654,1.41756,1.41834,1.4188,1.41958,1.4207,1.42114,1.42198,1.42282,1.42332,1.42388,1.42444,1.42532,1.4257,1.42608,1.4267
StDev,0.006810139,0.008191276,0.007955815,0.007808009,0.008061141,0.008442571,0.008601337,0.008801591,0.010124821,0.009905554,0.011184811,0.012519465,0.014993565,0.017839339,0.022023329,0.028133023,0.032979888,0.038936654,0.041764542,0.042979297,0.042339957,0.041107019,0.03998721,0.039248758,0.038397487,0.038381115,0.038009907,0.037749106,0.037277567,0.037381613,0.036751898,0.036326877,0.036598538,0.035897953,0.036693964,0.035852015,0.035305495,0.034681623,0.0349974,0.035825298,0.0353493,0.0349971,0.035232045,0.034974734,0.034726748,0.035470734,0.034833432,0.034277281,0.034481981,0.034474585,0.034760538,0.034657005,0.034519806,0.033954926,0.034375238,0.034287709,0.034406031,0.034919235,0.034882904,0.034777291,0.034097918,0.034913507,0.035147902,0.034990613,0.034588047,0.034662126,0.034766392,0.034859604,0.034919149,0.034375311,0.034625742,0.035162224,0.034554985,0.034811449,0.035098219,0.034760711,0.034988612,0.034369929,0.034559543,0.03474687,0.035385845,0.034924103,0.034822593,0.034922987,0.034622637,0.034106818,0.034576191,0.034382219,0.034990956,0.035020523,0.03495078,0.035319796,0.034864265,0.034928713,0.035116264,0.034887319
1;2,0.1506,0.1444,0.1553,0.1645,0.173,0.1838,0.1984,0.2177,0.2431,0.2772,0.3215,0.3754,0.4423,0.5213,0.6109,0.7101,0.8141,0.9218,1.0208,1.1048,1.1726,1.2183,1.2518,1.2761,1.2933,1.3095,1.3216,1.3328,1.342,1.3512,1.3578,1.3631,1.3675,1.3709,1.3778,1.3805,1.3844,1.3868,1.3923,1.3947,1.3985,1.4021,1.4041,1.407,1.4084,1.4115,1.413,1.4145,1.4171,1.4187,1.4201,1.4219,1.4237,1.4233,1.4255,1.427,1.4272,1.4297,1.4308,1.432,1.4316,1.4349,1.4347,1.4361,1.4369,1.4381,1.439,1.4399,1.4413,1.4418,1.4419,1.4438,1.4443,1.4455,1.4461,1.4473,1.4481,1.4479,1.4494,1.4501,1.4516,1.4519,1.4532,1.4535,1.4538,1.455,1.4556,1.456,1.4574,1.4582,1.4584,1.4599,1.4595,1.4599,1.4608,1.4617
2;1,0.163,0.1594,0.1698,0.1783,0.187,0.1985,0.2117,0.2299,0.2569,0.2854,0.3268,0.3744,0.4326,0.5006,0.577,0.6572,0.7464,0.8379,0.9278,1.0078,1.076,1.1243,1.1594,1.185,1.2041,1.2207,1.2331,1.2461,1.2558,1.2653,1.2733,1.2801,1.284,1.2898,1.2936,1.2987,1.3034,1.3076,1.3118,1.3131,1.3174,1.3215,1.3248,1.327,1.3298,1.3305,1.3338,1.336,1.3385,1.3397,1.3409,1.3429,1.3445,1.346,1.3472,1.3485,1.3499,1.35,1.351,1.3533,1.3542,1.3543,1.3551,1.3564,1.3586,1.3589,1.3596,1.3601,1.3616,1.3639,1.3628,1.3644,1.366,1.3665,1.3668,1.3684,1.3684,1.3702,1.3707,1.3714,1.3707,1.3728,1.3739,1.3734,1.3754,1.3777,1.3773,1.3779,1.3781,1.3786,1.3794,1.3803,1.3808,1.3813,1.382,1.3827
2;2,0.1482,0.1428,0.1531,0.1618,0.1703,0.1814,0.1952,0.2139,0.238,0.2716,0.3136,0.3658,0.4303,0.506,0.5926,0.688,0.7917,0.8974,0.9989,1.0858,1.1548,1.2046,1.2391,1.2648,1.2836,1.3011,1.313,1.3273,1.3359,1.3454,1.3528,1.3589,1.3637,1.3686,1.3738,1.3771,1.3808,1.3839,1.3879,1.3919,1.3959,1.3987,1.4038,1.4058,1.4083,1.4103,1.4123,1.4139,1.4159,1.418,1.4204,1.4217,1.4223,1.4234,1.4252,1.4266,1.4288,1.4295,1.4305,1.4324,1.4321,1.4336,1.4358,1.4372,1.4381,1.4382,1.4386,1.4396,1.4408,1.4426,1.4425,1.4446,1.4455,1.4464,1.4476,1.4478,1.4483,1.4492,1.4496,1.4513,1.4514,1.4528,1.453,1.453,1.4545,1.4549,1.4561,1.4566,1.4579,1.4583,1.4591,1.46,1.4605,1.4614,1.462,1.4617
2;3,0.1499,0.1441,0.153,0.1602,0.1676,0.1774,0.1891,0.2062,0.2293,0.2584,0.2972,0.3443,0.4022,0.473,0.5529,0.6413,0.7405,0.8419,0.9415,1.03,1.1016,1.1544,1.1913,1.2175,1.2373,1.2552,1.2693,1.2828,1.2936,1.3029,1.3122,1.3171,1.3233,1.3269,1.3321,1.338,1.3426,1.3453,1.3499,1.3544,1.3592,1.3616,1.3643,1.3678,1.3692,1.372,1.3742,1.3765,1.378,1.3813,1.3814,1.3839,1.385,1.3875,1.3876,1.3888,1.3901,1.3899,1.3931,1.3938,1.3952,1.3972,1.3989,1.3999,1.4008,1.4014,1.4004,1.4035,1.4038,1.4066,1.4067,1.4071,1.4076,1.4081,1.4108,1.4112,1.4112,1.412,1.4118,1.4121,1.4138,1.4137,1.4143,1.4162,1.4155,1.4161,1.4162,1.4177,1.4193,1.4194,1.4201,1.4199,1.422,1.4213,1.4212,1.4222
3;2,0.1606,0.1579,0.1663,0.1732,0.1812,0.1915,0.2039,0.2215,0.2453,0.2759,0.3154,0.3637,0.4237,0.492,0.5707,0.6543,0.747,0.8412,0.9371,1.0196,1.0896,1.1398,1.177,1.2046,1.2248,1.2415,1.2543,1.2675,1.2773,1.2857,1.294,1.3004,1.3042,1.3096,1.3153,1.3188,1.3241,1.3279,1.3319,1.3333,1.3392,1.343,1.3456,1.35,1.3519,1.3534,1.356,1.3597,1.3604,1.3634,1.3652,1.3663,1.3676,1.3689,1.3701,1.3725,1.3725,1.3742,1.3752,1.376,1.3772,1.3792,1.379,1.3817,1.3823,1.3832,1.3833,1.3843,1.3849,1.387,1.3877,1.3872,1.39,1.3906,1.3907,1.3917,1.3923,1.3936,1.3944,1.3956,1.3952,1.3966,1.3973,1.3979,1.3987,1.3998,1.4005,1.4017,1.4014,1.4021,1.4024,1.4021,1.4038,1.4046,1.4044,1.4052
,,,,,,,,,,,,,,,,,,,,,,,,,,,,,,,,,,,,,,,,,,,,,,,,,,,,,,,,,,,,,,,,,,,,,,,,,,,,,,,,,,,,,,,,,,,,,,,,
Cycles / Well,,,,,,,,,,,,,,,,,,,,,,,,,,,,,,,,,,,,,,,,,,,,,,,,,,,,,,,,,,,,,,,,,,,,,,,,,,,,,,,,,,,,,,,,,,,,,,,,
C11,1,2,3,4,5,6,7,8,9,10,11,12,13,14,15,16,17,18,19,20,21,22,23,24,25,26,27,28,29,30,31,32,33,34,35,36,37,38,39,40,41,42,43,44,45,46,47,48,49,50,51,52,53,54,55,56,57,58,59,60,61,62,63,64,65,66,67,68,69,70,71,72,73,74,75,76,77,78,79,80,81,82,83,84,85,86,87,88,89,90,91,92,93,94,95,96
Time [s],0,1799.821,3599.758,5399.669,7199.591,8999.513,10799.454,12599.368,14399.281,16199.217,17999.132,19799.048,21598.968,23398.907,25198.816,26998.729,28798.66,30598.612,32398.504,34198.422,35998.348,37798.293,39598.197,41398.12,43198.051,44997.975,46797.9,48597.816,50397.749,52197.631,53997.556,55797.465,57597.39,59397.304,61197.232,62997.141,64797.066,66596.996,68396.927,70196.835,71996.75,73796.684,75596.611,77396.528,79196.461,80996.395,82796.296,84596.214,86396.144,88196.085,89995.979,91795.899,93595.822,95395.741,97195.669,98995.594,100795.52,102595.43,104395.36,106195.269,107995.204,109795.106,111595.047,113394.962,115194.873,116994.792,118794.719,120594.63,122394.557,124194.487,125994.397,127794.312,129594.227,131394.143,133194.064,134993.983,136793.918,138593.83,140393.768,142193.687,143993.61,145793.539,147593.44,149393.349,151193.294,152993.201,154793.136,156593.059,158392.972,160192.914,161992.825,163792.732,165592.675,167392.569,169192.493,170992.414
Temp. [°C],19.6,29.9,29.9,30,30,30,30,29.9,30,30,30,30.1,30.1,30,30,30,30,30,30,30,30,30,30,30,30,30.1,30.1,30,30,30,30,30,30,30,30,30,30,30,30,30,30,30,30,30,30,30,30,30,30,30,30,30,30,30,30,30,30,30,30,29.9,30,30,30,30,30,30,30,30,30.1,30,30.1,30.1,30,30,30,30,30,29.9,30,30,30,30,30,30,30,30,30,30,30.1,30,30,30,30,30,30,30
Mean,0.15788,0.15262,0.15974,0.16516,0.16848,0.17162,0.17548,0.18046,0.18898,0.19642,0.20756,0.2208,0.23758,0.2588,0.28406,0.31544,0.3531,0.39584,0.44702,0.50552,0.57262,0.64624,0.72388,0.80254,0.87576,0.94102,0.98838,1.02778,1.05646,1.07894,1.09726,1.1109,1.12446,1.13642,1.14626,1.15638,1.16526,1.1732,1.18056,1.18824,1.19524,1.2003,1.20428,1.20756,1.2111,1.21302,1.21578,1.21756,1.22062,1.22368,1.22596,1.22764,1.23042,1.2329,1.23496,1.23704,1.23928,1.24082,1.2422,1.2435,1.24408,1.24544,1.2464,1.24758,1.24852,1.24938,1.24984,1.25058,1.25084,1.25232,1.25198,1.25216,1.25268,1.2524,1.2527,1.25308,1.2534,1.2531,1.25318,1.25378,1.2531,1.25398,1.25364,1.2536,1.25354,1.25364,1.25368,1.25352,1.25346,1.25336,1.25312,1.25246,1.25284,1.25228,1.25198,1.25182
StDev,0.009431967,0.011138537,0.009969353,0.008651185,0.008362237,0.008494233,0.008157022,0.008292949,0.010684896,0.008275385,0.00849076,0.00830271,0.007896961,0.007939458,0.007342547,0.006811975,0.006852372,0.006234822,0.007389993,0.008754256,0.011910584,0.016183726,0.01925583,0.022923634,0.026545113,0.032002062,0.031165718,0.032694449,0.03288188,0.032979281,0.033740376,0.035215196,0.035232769,0.035168125,0.03551891,0.035466491,0.035141542,0.035257836,0.034951295,0.035021536,0.034760725,0.034933079,0.034696066,0.034210422,0.033798151,0.033951097,0.034139376,0.034411234,0.034330045,0.034389417,0.034573516,0.034806795,0.035451051,0.034443214,0.035141756,0.035204446,0.034882761,0.036085413,0.035621623,0.035651367,0.035509816,0.036056456,0.036366124,0.036360033,0.036307121,0.036168591,0.035896142,0.036589848,0.036494835,0.036264749,0.036747204,0.036896585,0.036694782,0.037325594,0.036753707,0.03691134,0.037278211,0.036757992,0.036405659,0.037146157,0.03677941,0.036596134,0.036988823,0.036908468,0.036435807,0.036795285,0.035991068,0.036022174,0.036796236,0.036545355,0.036783447,0.037179336,0.03707901,0.036403736,0.036837983,0.036986579
1;2,0.1513,0.1453,0.1534,0.161,0.1646,0.1673,0.1714,0.1763,0.1825,0.192,0.2033,0.2168,0.2342,0.2567,0.2832,0.3162,0.3558,0.4005,0.4556,0.5185,0.5914,0.6716,0.7529,0.8359,0.9136,0.9872,1.0315,1.0721,1.1006,1.1223,1.141,1.156,1.1694,1.1809,1.1914,1.2001,1.2085,1.2161,1.2232,1.2305,1.2365,1.2418,1.2459,1.2478,1.2502,1.2529,1.2551,1.2578,1.2612,1.2639,1.2664,1.2682,1.2722,1.2733,1.2759,1.2782,1.2795,1.2833,1.2839,1.2844,1.2853,1.2869,1.2872,1.2892,1.2892,1.2908,1.2906,1.2921,1.2924,1.2935,1.2937,1.2947,1.295,1.295,1.2952,1.2952,1.296,1.2956,1.295,1.2963,1.2955,1.2961,1.2962,1.2955,1.295,1.296,1.295,1.2947,1.2959,1.2952,1.2957,1.295,1.2951,1.2944,1.2948,1.2947
2;1,0.1703,0.1663,0.1728,0.177,0.1796,0.1827,0.1864,0.1914,0.2004,0.2058,0.2168,0.229,0.245,0.2662,0.2903,0.3203,0.3567,0.3963,0.4446,0.5026,0.5651,0.6332,0.7042,0.7787,0.8473,0.9073,0.955,0.9914,1.0186,1.0417,1.0585,1.0693,1.083,1.0944,1.1041,1.1137,1.1229,1.13,1.138,1.1457,1.1521,1.1566,1.1614,1.1645,1.1679,1.1698,1.172,1.1734,1.1772,1.1803,1.1821,1.1841,1.1857,1.1899,1.1898,1.1917,1.1939,1.1953,1.1963,1.1972,1.1978,1.1987,1.199,1.2004,1.2009,1.2025,1.2033,1.2034,1.2034,1.2053,1.204,1.2041,1.2052,1.2038,1.2055,1.205,1.2057,1.2055,1.2062,1.2057,1.2058,1.2067,1.2055,1.2055,1.2062,1.2054,1.2066,1.2061,1.2051,1.2058,1.2048,1.2033,1.2041,1.2044,1.2039,1.2039
2;2,0.1537,0.1444,0.1522,0.1587,0.1623,0.1655,0.1696,0.1745,0.1807,0.1904,0.2014,0.2148,0.2322,0.2534,0.2793,0.3118,0.3501,0.3942,0.447,0.5067,0.5762,0.6532,0.733,0.8151,0.8901,0.9554,1.005,1.0459,1.0735,1.0972,1.116,1.1304,1.1437,1.1562,1.1657,1.1765,1.1853,1.194,1.2005,1.209,1.2156,1.2206,1.2242,1.2272,1.2305,1.232,1.2354,1.2365,1.2398,1.2433,1.2457,1.2475,1.2504,1.2524,1.2551,1.2572,1.2592,1.2613,1.2625,1.2644,1.264,1.2653,1.2675,1.2684,1.2692,1.2697,1.2708,1.2719,1.2716,1.273,1.273,1.2724,1.2733,1.2744,1.2732,1.2739,1.2748,1.2732,1.2736,1.2744,1.2737,1.274,1.274,1.2744,1.2738,1.2748,1.2736,1.2732,1.2734,1.2735,1.2733,1.273,1.2734,1.2722,1.2723,1.2722
2;3,0.1487,0.1439,0.1521,0.1575,0.1608,0.1639,0.1681,0.1729,0.1804,0.1889,0.1996,0.2129,0.2295,0.2498,0.275,0.3059,0.3427,0.3862,0.4362,0.4942,0.561,0.6363,0.7149,0.7946,0.8706,0.939,0.9872,1.0274,1.0586,1.0818,1.1013,1.116,1.1304,1.1421,1.1524,1.1641,1.1729,1.1806,1.1887,1.1963,1.2045,1.2096,1.2133,1.2176,1.2219,1.2235,1.2269,1.2287,1.2309,1.2343,1.2365,1.2388,1.2411,1.2437,1.2456,1.2474,1.2504,1.2516,1.2527,1.2546,1.2553,1.2581,1.2595,1.2597,1.262,1.2619,1.2619,1.2631,1.2635,1.2651,1.2647,1.2649,1.2649,1.2642,1.2651,1.2659,1.2662,1.2658,1.2657,1.267,1.2656,1.267,1.2665,1.2668,1.2668,1.2651,1.2661,1.2664,1.2662,1.2664,1.2653,1.2653,1.266,1.2644,1.2639,1.2642
3;2,0.1654,0.1632,0.1682,0.1716,0.1751,0.1787,0.1819,0.1872,0.2009,0.205,0.2167,0.2305,0.247,0.2679,0.2925,0.323,0.3602,0.402,0.4517,0.5056,0.5694,0.6369,0.7144,0.7884,0.8572,0.9162,0.9632,1.0021,1.031,1.0517,1.0695,1.0828,1.0958,1.1085,1.1177,1.1275,1.1367,1.1453,1.1524,1.1597,1.1675,1.1729,1.1766,1.1807,1.185,1.1869,1.1895,1.1914,1.194,1.1966,1.1991,1.1996,1.2027,1.2052,1.2084,1.2107,1.2134,1.2126,1.2156,1.2169,1.218,1.2182,1.2188,1.2202,1.2213,1.222,1.2226,1.2224,1.2233,1.2247,1.2245,1.2247,1.225,1.2246,1.2245,1.2254,1.2243,1.2254,1.2254,1.2255,1.2249,1.2261,1.226,1.2258,1.2259,1.2269,1.2271,1.2272,1.2267,1.2259,1.2265,1.2257,1.2256,1.226,1.225,1.2241
,,,,,,,,,,,,,,,,,,,,,,,,,,,,,,,,,,,,,,,,,,,,,,,,,,,,,,,,,,,,,,,,,,,,,,,,,,,,,,,,,,,,,,,,,,,,,,,,
Cycles / Well,,,,,,,,,,,,,,,,,,,,,,,,,,,,,,,,,,,,,,,,,,,,,,,,,,,,,,,,,,,,,,,,,,,,,,,,,,,,,,,,,,,,,,,,,,,,,,,,
C12,1,2,3,4,5,6,7,8,9,10,11,12,13,14,15,16,17,18,19,20,21,22,23,24,25,26,27,28,29,30,31,32,33,34,35,36,37,38,39,40,41,42,43,44,45,46,47,48,49,50,51,52,53,54,55,56,57,58,59,60,61,62,63,64,65,66,67,68,69,70,71,72,73,74,75,76,77,78,79,80,81,82,83,84,85,86,87,88,89,90,91,92,93,94,95,96
Time [s],0,1799.821,3599.758,5399.669,7199.591,8999.513,10799.454,12599.368,14399.281,16199.217,17999.132,19799.048,21598.968,23398.907,25198.816,26998.729,28798.66,30598.612,32398.504,34198.422,35998.348,37798.293,39598.197,41398.12,43198.051,44997.975,46797.9,48597.816,50397.749,52197.631,53997.556,55797.465,57597.39,59397.304,61197.232,62997.141,64797.066,66596.996,68396.927,70196.835,71996.75,73796.684,75596.611,77396.528,79196.461,80996.395,82796.296,84596.214,86396.144,88196.085,89995.979,91795.899,93595.822,95395.741,97195.669,98995.594,100795.52,102595.43,104395.36,106195.269,107995.204,109795.106,111595.047,113394.962,115194.873,116994.792,118794.719,120594.63,122394.557,124194.487,125994.397,127794.312,129594.227,131394.143,133194.064,134993.983,136793.918,138593.83,140393.768,142193.687,143993.61,145793.539,147593.44,149393.349,151193.294,152993.201,154793.136,156593.059,158392.972,160192.914,161992.825,163792.732,165592.675,167392.569,169192.493,170992.414
Temp. [°C],19.6,29.9,29.9,30,30,30,30,29.9,30,30,30,30.1,30.1,30,30,30,30,30,30,30,30,30,30,30,30,30.1,30.1,30,30,30,30,30,30,30,30,30,30,30,30,30,30,30,30,30,30,30,30,30,30,30,30,30,30,30,30,30,30,30,30,29.9,30,30,30,30,30,30,30,30,30.1,30,30.1,30.1,30,30,30,30,30,29.9,30,30,30,30,30,30,30,30,30,30,30.1,30,30,30,30,30,30,30
Mean,0.14482,0.14622,0.15396,0.16086,0.16876,0.18004,0.19532,0.21674,0.24596,0.2831,0.333,0.39488,0.46954,0.5533,0.64672,0.74824,0.857,0.96526,1.06316,1.14298,1.20968,1.25858,1.29638,1.3251,1.3483,1.36798,1.38374,1.3978,1.40982,1.42024,1.42838,1.43496,1.44078,1.4457,1.44976,1.45218,1.45324,1.45482,1.4566,1.4587,1.46106,1.4631,1.46432,1.46616,1.46832,1.46982,1.4714,1.47274,1.47464,1.47568,1.47692,1.4784,1.47948,1.48078,1.48204,1.48334,1.48434,1.4859,1.48646,1.48746,1.48722,1.48912,1.4895,1.49066,1.49186,1.49244,1.4937,1.49396,1.49474,1.4963,1.49684,1.49766,1.4988,1.49916,1.50012,1.50064,1.5009,1.5023,1.5031,1.50398,1.5039,1.50478,1.50534,1.506,1.50694,1.50746,1.5084,1.50882,1.50936,1.5094,1.5104,1.51102,1.51128,1.51202,1.51242,1.5135
StDev,0.010090937,0.009025907,0.008765444,0.008031687,0.007038324,0.005717342,0.003297272,0.003549366,0.005091463,0.014360536,0.024571426,0.037648068,0.053396189,0.069732489,0.085180555,0.099289491,0.106634305,0.107338917,0.101644715,0.095138199,0.088394751,0.084306803,0.079512464,0.075027828,0.073309958,0.071700886,0.069841521,0.068560703,0.067097221,0.065864239,0.065030508,0.064476763,0.063704215,0.063228949,0.061862978,0.061181182,0.060652148,0.06013341,0.0597509,0.059442704,0.058621225,0.058137982,0.058040951,0.057700979,0.057324794,0.057341931,0.056990701,0.05729767,0.057194825,0.057471924,0.057030843,0.057041126,0.056723866,0.056701693,0.056273333,0.05625436,0.056409512,0.056324506,0.056468336,0.056062581,0.05648174,0.056723602,0.056437576,0.056262048,0.056806188,0.056325953,0.056058362,0.056992087,0.056275865,0.055668348,0.05613433,0.056493035,0.056170366,0.056023995,0.055476184,0.055438777,0.055360049,0.055543001,0.055490224,0.055080959,0.056030037,0.055882394,0.055032472,0.055375897,0.054995936,0.054675159,0.054255276,0.054597454,0.055046916,0.054696206,0.054673943,0.054901658,0.054558977,0.054198312,0.054344199,0.054275547
1;2,0.1391,0.1378,0.146,0.1537,0.1629,0.1757,0.194,0.219,0.2497,0.2949,0.3531,0.4252,0.5113,0.6065,0.7083,0.8213,0.9277,1.0352,1.1291,1.2008,1.2647,1.3112,1.3445,1.369,1.3914,1.4111,1.4259,1.4383,1.4486,1.4585,1.4657,1.4722,1.4759,1.4818,1.4839,1.4863,1.4863,1.4871,1.4922,1.4913,1.4927,1.4957,1.4967,1.4984,1.4992,1.5019,1.5011,1.5034,1.5061,1.5059,1.5078,1.5089,1.5092,1.5094,1.5119,1.5125,1.5135,1.5163,1.5149,1.5167,1.517,1.5186,1.5176,1.5186,1.5195,1.5195,1.5215,1.5219,1.5219,1.5233,1.5231,1.5247,1.5265,1.5263,1.527,1.5267,1.5271,1.5283,1.5295,1.5286,1.5303,1.531,1.5311,1.5313,1.5326,1.5349,1.5332,1.534,1.5352,1.5346,1.5355,1.5373,1.5359,1.537,1.5373,1.5387
2;1,0.1592,0.1563,0.1649,0.1715,0.1787,0.1879,0.2003,0.2186,0.2461,0.2741,0.3142,0.3623,0.4203,0.4849,0.5618,0.6482,0.7485,0.8539,0.9519,1.0347,1.1078,1.1595,1.2015,1.2343,1.2583,1.2789,1.2956,1.3105,1.3239,1.3364,1.3451,1.3522,1.3583,1.3642,1.3693,1.3722,1.3735,1.3757,1.3775,1.3801,1.3837,1.386,1.3879,1.3892,1.3918,1.3928,1.3949,1.3962,1.3975,1.3979,1.3998,1.4017,1.403,1.4043,1.4065,1.4075,1.4076,1.4094,1.4099,1.4111,1.4102,1.412,1.4132,1.4144,1.4149,1.4162,1.4174,1.4163,1.4182,1.4205,1.4207,1.4211,1.4219,1.4224,1.4243,1.4247,1.4247,1.4262,1.4267,1.4284,1.427,1.428,1.4296,1.4301,1.4312,1.4324,1.4337,1.4336,1.4338,1.4344,1.4353,1.4357,1.4361,1.4369,1.4379,1.4391
2;2,0.1419,0.1415,0.1494,0.1571,0.1657,0.1781,0.1961,0.2202,0.251,0.2968,0.3546,0.4265,0.5132,0.6087,0.7139,0.8233,0.9388,1.0476,1.1411,1.2182,1.2805,1.327,1.3625,1.3891,1.4106,1.4293,1.4442,1.4578,1.4687,1.4775,1.4863,1.4917,1.4973,1.5014,1.5045,1.5064,1.508,1.5088,1.5083,1.5121,1.5139,1.5153,1.5166,1.5171,1.52,1.5213,1.5232,1.5241,1.5251,1.5268,1.5269,1.5291,1.53,1.5312,1.5321,1.5338,1.5345,1.5352,1.5365,1.5366,1.5365,1.538,1.5394,1.5406,1.542,1.542,1.543,1.5437,1.5439,1.5447,1.5462,1.5468,1.5473,1.5483,1.5488,1.5487,1.5488,1.5499,1.551,1.5524,1.5521,1.5522,1.5525,1.5535,1.5537,1.553,1.5549,1.5558,1.5563,1.5563,1.5567,1.5577,1.5575,1.5576,1.5585,1.5588
2;3,0.1335,0.1398,0.1476,0.1547,0.163,0.1745,0.1913,0.2137,0.245,0.2867,0.3431,0.4138,0.4998,0.5967,0.704,0.8172,0.9376,1.0477,1.1417,1.2177,1.2769,1.3215,1.3553,1.3802,1.402,1.419,1.4322,1.4453,1.4568,1.4669,1.4732,1.4799,1.486,1.49,1.4937,1.4951,1.4952,1.4972,1.4975,1.4998,1.5019,1.5026,1.5039,1.5063,1.508,1.5085,1.5111,1.5129,1.5146,1.5165,1.5175,1.5187,1.5199,1.5222,1.522,1.5233,1.5247,1.526,1.5278,1.5281,1.5281,1.5313,1.5313,1.5321,1.5345,1.5352,1.5354,1.537,1.5376,1.5388,1.54,1.5412,1.5415,1.5413,1.5419,1.5436,1.5436,1.546,1.5459,1.5469,1.5476,1.5491,1.5485,1.55,1.5505,1.5503,1.5514,1.5517,1.5528,1.5527,1.5543,1.5541,1.5553,1.5555,1.5561,1.5576
3;2,0.1504,0.1557,0.1619,0.1673,0.1735,0.184,0.1949,0.2122,0.238,0.263,0.3,0.3466,0.4031,0.4697,0.5456,0.6312,0.7324,0.8419,0.952,1.0435,1.1185,1.1737,1.2181,1.2529,1.2792,1.3016,1.3208,1.3371,1.3511,1.3619,1.3716,1.3788,1.3864,1.3911,1.3974,1.4009,1.4032,1.4053,1.4075,1.4102,1.4131,1.4159,1.4165,1.4198,1.4226,1.4246,1.4267,1.4271,1.4299,1.4313,1.4326,1.4336,1.4353,1.4368,1.4377,1.4396,1.4414,1.4426,1.4432,1.4448,1.4443,1.4457,1.446,1.4476,1.4484,1.4493,1.4512,1.4509,1.4521,1.4542,1.4542,1.4545,1.4568,1.4575,1.4586,1.4595,1.4603,1.4611,1.4624,1.4636,1.4625,1.4636,1.465,1.4651,1.4667,1.4667,1.4688,1.469,1.4687,1.469,1.4702,1.4703,1.4716,1.4731,1.4723,1.4733
,,,,,,,,,,,,,,,,,,,,,,,,,,,,,,,,,,,,,,,,,,,,,,,,,,,,,,,,,,,,,,,,,,,,,,,,,,,,,,,,,,,,,,,,,,,,,,,,
Cycles / Well,,,,,,,,,,,,,,,,,,,,,,,,,,,,,,,,,,,,,,,,,,,,,,,,,,,,,,,,,,,,,,,,,,,,,,,,,,,,,,,,,,,,,,,,,,,,,,,,
D1,1,2,3,4,5,6,7,8,9,10,11,12,13,14,15,16,17,18,19,20,21,22,23,24,25,26,27,28,29,30,31,32,33,34,35,36,37,38,39,40,41,42,43,44,45,46,47,48,49,50,51,52,53,54,55,56,57,58,59,60,61,62,63,64,65,66,67,68,69,70,71,72,73,74,75,76,77,78,79,80,81,82,83,84,85,86,87,88,89,90,91,92,93,94,95,96
Time [s],0,1799.821,3599.758,5399.669,7199.591,8999.513,10799.454,12599.368,14399.281,16199.217,17999.132,19799.048,21598.968,23398.907,25198.816,26998.729,28798.66,30598.612,32398.504,34198.422,35998.348,37798.293,39598.197,41398.12,43198.051,44997.975,46797.9,48597.816,50397.749,52197.631,53997.556,55797.465,57597.39,59397.304,61197.232,62997.141,64797.066,66596.996,68396.927,70196.835,71996.75,73796.684,75596.611,77396.528,79196.461,80996.395,82796.296,84596.214,86396.144,88196.085,89995.979,91795.899,93595.822,95395.741,97195.669,98995.594,100795.52,102595.43,104395.36,106195.269,107995.204,109795.106,111595.047,113394.962,115194.873,116994.792,118794.719,120594.63,122394.557,124194.487,125994.397,127794.312,129594.227,131394.143,133194.064,134993.983,136793.918,138593.83,140393.768,142193.687,143993.61,145793.539,147593.44,149393.349,151193.294,152993.201,154793.136,156593.059,158392.972,160192.914,161992.825,163792.732,165592.675,167392.569,169192.493,170992.414
Temp. [°C],19.6,29.9,29.9,30,30,30,30,29.9,30,30,30,30.1,30.1,30,30,30,30,30,30,30,30,30,30,30,30,30.1,30.1,30,30,30,30,30,30,30,30,30,30,30,30,30,30,30,30,30,30,30,30,30,30,30,30,30,30,30,30,30,30,30,30,29.9,30,30,30,30,30,30,30,30,30.1,30,30.1,30.1,30,30,30,30,30,29.9,30,30,30,30,30,30,30,30,30,30,30.1,30,30,30,30,30,30,30
Mean,0.12434,0.1243,0.12698,0.1302,0.13338,0.13744,0.14158,0.14642,0.15188,0.15782,0.16406,0.1713,0.17988,0.18988,0.20122,0.21588,0.23246,0.25246,0.2757,0.30288,0.33478,0.36672,0.40184,0.44024,0.48074,0.52054,0.5627,0.60464,0.63804,0.67202,0.69626,0.72098,0.73814,0.75602,0.76956,0.78134,0.79602,0.80248,0.81276,0.81926,0.82864,0.83304,0.842,0.84862,0.85638,0.86214,0.86828,0.87748,0.88204,0.89056,0.9006,0.90674,0.91226,0.92206,0.92932,0.93904,0.94652,0.95172,0.96172,0.96684,0.9758,0.98256,0.9904,0.9984,1.00636,1.01604,1.02236,1.03022,1.03938,1.04844,1.0572,1.06736,1.07748,1.08582,1.09452,1.10266,1.11362,1.1235,1.1354,1.14424,1.15338,1.16582,1.17544,1.18686,1.19938,1.20738,1.21862,1.22846,1.23938,1.24976,1.2588,1.26808,1.28072,1.28824,1.29652,1.3029
StDev,0.005317236,0.005197115,0.005805773,0.006542171,0.00722198,0.008045993,0.009180251,0.010772743,0.013036756,0.016458341,0.020348538,0.025513624,0.032561511,0.041448607,0.05148594,0.064053821,0.078310906,0.095460583,0.115314418,0.138902689,0.166071753,0.194250539,0.224937398,0.257452914,0.2920638,0.326243717,0.360154064,0.390888933,0.41626982,0.439173504,0.456668729,0.471315464,0.482615741,0.493990493,0.502268228,0.509370251,0.515357436,0.517397905,0.52087099,0.522142129,0.52399528,0.524395903,0.524584088,0.525395058,0.525604297,0.52504032,0.525103987,0.525655184,0.525132877,0.524099755,0.52516734,0.523759022,0.522155832,0.521653192,0.51930369,0.51896688,0.516853376,0.513302729,0.512150195,0.509643707,0.506621461,0.504300127,0.501806895,0.49805182,0.49436415,0.489913465,0.486068933,0.482377588,0.47726573,0.471867093,0.467226439,0.461875733,0.455993906,0.45034764,0.444130743,0.437654273,0.430418578,0.423706667,0.41615547,0.40804978,0.401176155,0.393495473,0.38562735,0.377274241,0.369432107,0.3607085,0.352470619,0.343389324,0.335465493,0.327423935,0.318871063,0.31061528,0.301773809,0.295302172,0.288357221,0.281215505
1;2,0.1209,0.1211,0.1235,0.1263,0.1295,0.1337,0.1383,0.1441,0.1511,0.1596,0.1692,0.1811,0.1948,0.212,0.2314,0.2551,0.284,0.3189,0.3583,0.4064,0.4605,0.5174,0.5785,0.6421,0.7106,0.7776,0.8479,0.9132,0.9758,1.0299,1.0753,1.1159,1.1485,1.1833,1.2044,1.2281,1.2535,1.263,1.2798,1.2922,1.3052,1.3126,1.3243,1.3366,1.3483,1.355,1.364,1.379,1.3847,1.3948,1.4127,1.4191,1.4229,1.4377,1.4423,1.4567,1.4623,1.4629,1.4749,1.4783,1.4872,1.4915,1.4974,1.5018,1.5068,1.5115,1.5143,1.5193,1.5238,1.5264,1.5303,1.5362,1.5393,1.5405,1.5442,1.5446,1.5474,1.5501,1.5532,1.5524,1.555,1.559,1.5602,1.5623,1.5664,1.5644,1.5658,1.5667,1.5689,1.5698,1.5712,1.5725,1.5742,1.5761,1.5758,1.5758
2;1,0.125,0.127,0.1318,0.1369,0.1423,0.1485,0.1553,0.1633,0.1729,0.1841,0.1959,0.2099,0.2281,0.2497,0.2741,0.3056,0.34,0.3813,0.43,0.4863,0.5532,0.6202,0.6946,0.7765,0.8625,0.9477,1.034,1.1171,1.1774,1.2397,1.2815,1.3219,1.3489,1.3752,1.3986,1.4146,1.4315,1.4394,1.4506,1.4545,1.464,1.467,1.473,1.4763,1.4805,1.484,1.4875,1.492,1.4945,1.4985,1.5031,1.5056,1.509,1.5123,1.5161,1.52,1.5239,1.5256,1.5299,1.5316,1.5322,1.536,1.5391,1.5419,1.544,1.5468,1.5487,1.5501,1.5523,1.5558,1.5577,1.5588,1.5611,1.5632,1.5642,1.5657,1.5674,1.5692,1.5711,1.5725,1.5737,1.5759,1.5765,1.5775,1.58,1.5801,1.5823,1.5831,1.5842,1.5863,1.5868,1.5873,1.5889,1.5904,1.5925,1.5926
2;2,0.1221,0.1212,0.1233,0.126,0.1286,0.1323,0.1358,0.1403,0.1452,0.1501,0.1556,0.1613,0.1677,0.1749,0.183,0.1931,0.2052,0.2192,0.2357,0.2538,0.2757,0.2962,0.3175,0.3418,0.3658,0.3885,0.4146,0.4431,0.4613,0.4864,0.5003,0.5192,0.5296,0.5424,0.5527,0.56,0.575,0.5784,0.5888,0.5938,0.6045,0.6057,0.6181,0.6233,0.6318,0.638,0.6437,0.6552,0.6591,0.6707,0.6818,0.6895,0.6967,0.708,0.7195,0.7312,0.7421,0.7491,0.7643,0.7691,0.7861,0.7945,0.8061,0.8178,0.8289,0.8466,0.8521,0.8658,0.878,0.8895,0.905,0.9218,0.9391,0.953,0.9603,0.9705,0.9884,1.0026,1.024,1.0348,1.0439,1.0643,1.0783,1.0955,1.1122,1.1188,1.1353,1.1439,1.1611,1.174,1.1823,1.1929,1.2145,1.2199,1.2301,1.2348
2;3,0.1204,0.12,0.1217,0.1241,0.1265,0.1295,0.1324,0.1351,0.138,0.1398,0.1415,0.1426,0.1433,0.1434,0.1438,0.1445,0.1456,0.1469,0.1492,0.1514,0.1556,0.159,0.1634,0.1706,0.1773,0.184,0.1938,0.2049,0.2116,0.2216,0.2271,0.2359,0.2407,0.2455,0.2497,0.2531,0.2594,0.2622,0.2672,0.2709,0.2771,0.281,0.287,0.2918,0.2972,0.3023,0.307,0.3138,0.3185,0.3252,0.3326,0.3386,0.3447,0.3522,0.3594,0.3674,0.3748,0.3823,0.3906,0.3983,0.4063,0.4143,0.4215,0.4319,0.4414,0.4514,0.4615,0.4708,0.4837,0.4973,0.508,0.5205,0.533,0.5455,0.5606,0.5742,0.5898,0.6054,0.6219,0.6397,0.6557,0.6734,0.6908,0.7084,0.7266,0.7442,0.7629,0.7841,0.8019,0.8202,0.8414,0.861,0.8799,0.8972,0.9134,0.9311
3;2,0.1333,0.1322,0.1346,0.1377,0.14,0.1432,0.1461,0.1493,0.1522,0.1555,0.1581,0.1616,0.1655,0.1694,0.1738,0.1811,0.1875,0.196,0.2053,0.2165,0.2289,0.2408,0.2552,0.2702,0.2875,0.3049,0.3232,0.3449,0.3641,0.3825,0.3971,0.412,0.423,0.4337,0.4424,0.4509,0.4607,0.4694,0.4774,0.4849,0.4924,0.4989,0.5076,0.5151,0.5241,0.5314,0.5392,0.5474,0.5534,0.5636,0.5728,0.5809,0.588,0.6001,0.6093,0.6199,0.6295,0.6387,0.6489,0.6569,0.6672,0.6765,0.6879,0.6986,0.7107,0.7239,0.7352,0.7451,0.7591,0.7732,0.785,0.7995,0.8149,0.8269,0.8433,0.8583,0.8751,0.8902,0.9068,0.9218,0.9386,0.9565,0.9714,0.9906,1.0117,1.0294,1.0468,1.0645,1.0808,1.0985,1.1123,1.1267,1.1461,1.1576,1.1708,1.1802
,,,,,,,,,,,,,,,,,,,,,,,,,,,,,,,,,,,,,,,,,,,,,,,,,,,,,,,,,,,,,,,,,,,,,,,,,,,,,,,,,,,,,,,,,,,,,,,,
Cycles / Well,,,,,,,,,,,,,,,,,,,,,,,,,,,,,,,,,,,,,,,,,,,,,,,,,,,,,,,,,,,,,,,,,,,,,,,,,,,,,,,,,,,,,,,,,,,,,,,,
D2,1,2,3,4,5,6,7,8,9,10,11,12,13,14,15,16,17,18,19,20,21,22,23,24,25,26,27,28,29,30,31,32,33,34,35,36,37,38,39,40,41,42,43,44,45,46,47,48,49,50,51,52,53,54,55,56,57,58,59,60,61,62,63,64,65,66,67,68,69,70,71,72,73,74,75,76,77,78,79,80,81,82,83,84,85,86,87,88,89,90,91,92,93,94,95,96
Time [s],0,1799.821,3599.758,5399.669,7199.591,8999.513,10799.454,12599.368,14399.281,16199.217,17999.132,19799.048,21598.968,23398.907,25198.816,26998.729,28798.66,30598.612,32398.504,34198.422,35998.348,37798.293,39598.197,41398.12,43198.051,44997.975,46797.9,48597.816,50397.749,52197.631,53997.556,55797.465,57597.39,59397.304,61197.232,62997.141,64797.066,66596.996,68396.927,70196.835,71996.75,73796.684,75596.611,77396.528,79196.461,80996.395,82796.296,84596.214,86396.144,88196.085,89995.979,91795.899,93595.822,95395.741,97195.669,98995.594,100795.52,102595.43,104395.36,106195.269,107995.204,109795.106,111595.047,113394.962,115194.873,116994.792,118794.719,120594.63,122394.557,124194.487,125994.397,127794.312,129594.227,131394.143,133194.064,134993.983,136793.918,138593.83,140393.768,142193.687,143993.61,145793.539,147593.44,149393.349,151193.294,152993.201,154793.136,156593.059,158392.972,160192.914,161992.825,163792.732,165592.675,167392.569,169192.493,170992.414
Temp. [°C],19.6,29.9,29.9,30,30,30,30,29.9,30,30,30,30.1,30.1,30,30,30,30,30,30,30,30,30,30,30,30,30.1,30.1,30,30,30,30,30,30,30,30,30,30,30,30,30,30,30,30,30,30,30,30,30,30,30,30,30,30,30,30,30,30,30,30,29.9,30,30,30,30,30,30,30,30,30.1,30,30.1,30.1,30,30,30,30,30,29.9,30,30,30,30,30,30,30,30,30,30,30.1,30,30,30,30,30,30,30
Mean,0.1444,0.14056,0.1469,0.15278,0.16138,0.17214,0.18654,0.2054,0.22936,0.25948,0.29734,0.34218,0.39532,0.45472,0.52088,0.5935,0.67154,0.75658,0.8487,0.94316,1.03578,1.11552,1.18058,1.23358,1.2735,1.3088,1.33938,1.3691,1.39612,1.42428,1.446,1.4619,1.47088,1.47582,1.47962,1.48162,1.48426,1.4861,1.48804,1.48936,1.49108,1.49218,1.49412,1.4954,1.4975,1.49884,1.50054,1.50228,1.50364,1.50536,1.5062,1.50782,1.50948,1.51046,1.5113,1.51266,1.51364,1.51544,1.51632,1.5169,1.51728,1.51902,1.52012,1.52176,1.5225,1.52348,1.52432,1.52486,1.52544,1.52644,1.5275,1.5279,1.52936,1.5298,1.53014,1.53122,1.53192,1.53268,1.53314,1.53508,1.53468,1.53536,1.5359,1.53656,1.5365,1.53722,1.53788,1.53838,1.53906,1.53938,1.54028,1.54052,1.54156,1.54138,1.54174,1.54242
StDev,0.005750652,0.007534454,0.007726901,0.007365596,0.007302876,0.005528381,0.002953473,0.001846619,0.006985199,0.013152262,0.020805841,0.03088579,0.042151477,0.053428943,0.065784512,0.07634445,0.087667514,0.095607725,0.100730408,0.097734835,0.088964639,0.0798951,0.073494945,0.069049815,0.065199923,0.060801192,0.057886328,0.054831925,0.05155819,0.047088236,0.043796061,0.040049782,0.03708257,0.035579868,0.034437509,0.034235099,0.033387992,0.032060256,0.032463795,0.032423186,0.031781001,0.031868982,0.031754401,0.03141592,0.031319642,0.030963252,0.030883458,0.030370084,0.030814331,0.030569396,0.030402467,0.03082267,0.030508474,0.029804412,0.029923486,0.02984004,0.029838029,0.030150008,0.029472818,0.029554441,0.029529426,0.030090314,0.029611518,0.02938925,0.029494915,0.029260759,0.028981149,0.029597855,0.028980131,0.028440253,0.028993361,0.02901267,0.028831979,0.028308391,0.028285031,0.028367975,0.028387621,0.028286958,0.028225219,0.028515469,0.02817112,0.027741269,0.028025792,0.02745693,0.026854143,0.026995592,0.027489398,0.027338014,0.027627939,0.027122352,0.027580736,0.027412169,0.027259549,0.027232554,0.026849823,0.026599004
1;2,0.1409,0.1345,0.1403,0.1462,0.1545,0.1671,0.1849,0.2081,0.2379,0.2749,0.3204,0.3754,0.4376,0.5035,0.5745,0.6462,0.7247,0.8038,0.8847,0.9567,1.0266,1.0913,1.1431,1.1882,1.224,1.262,1.2957,1.3267,1.3584,1.395,1.425,1.4487,1.4627,1.4736,1.4794,1.483,1.4872,1.4892,1.4914,1.4941,1.4961,1.498,1.5013,1.5029,1.5037,1.5065,1.5085,1.5097,1.5111,1.5134,1.513,1.5161,1.5175,1.5172,1.5185,1.5188,1.5193,1.5241,1.5235,1.5237,1.5244,1.5263,1.5273,1.5294,1.5308,1.5309,1.5317,1.5327,1.5317,1.5312,1.5339,1.5335,1.5364,1.5352,1.5375,1.5382,1.5394,1.5399,1.5391,1.5414,1.5418,1.5411,1.5423,1.5429,1.5412,1.5438,1.5442,1.5443,1.5453,1.545,1.5474,1.5486,1.5477,1.548,1.5478,1.5484
2;1,0.1456,0.1417,0.1502,0.1562,0.1655,0.1755,0.1877,0.2054,0.2272,0.2558,0.2912,0.3322,0.3821,0.4394,0.5028,0.5755,0.6534,0.7408,0.8368,0.9382,1.0369,1.1198,1.1865,1.2393,1.2811,1.3151,1.345,1.3753,1.4006,1.4279,1.4472,1.4614,1.4692,1.4724,1.4773,1.4785,1.4806,1.4823,1.4849,1.4846,1.4863,1.487,1.4883,1.4891,1.4919,1.493,1.4951,1.4969,1.4986,1.5002,1.5011,1.5024,1.5038,1.5052,1.5059,1.5076,1.5092,1.5094,1.512,1.5123,1.5122,1.514,1.5157,1.5164,1.5178,1.5184,1.5201,1.5198,1.5206,1.5229,1.5237,1.5235,1.5253,1.5257,1.526,1.5273,1.528,1.5284,1.53,1.5322,1.5314,1.5312,1.5323,1.533,1.5334,1.5337,1.5347,1.5355,1.5361,1.5368,1.5376,1.5371,1.5393,1.5384,1.5395,1.5401
2;2,0.1397,0.1347,0.1409,0.1474,0.1563,0.1686,0.1849,0.2059,0.2342,0.2689,0.3135,0.3668,0.4306,0.5017,0.5811,0.6666,0.7575,0.8535,0.9517,1.0469,1.1355,1.2102,1.2712,1.3205,1.357,1.3872,1.4143,1.4407,1.4651,1.4871,1.5052,1.5159,1.5212,1.5229,1.5248,1.5258,1.5274,1.5282,1.5299,1.5308,1.5312,1.5322,1.5334,1.5349,1.5369,1.5372,1.5389,1.5398,1.5419,1.5434,1.5441,1.5458,1.5474,1.5479,1.5484,1.5498,1.5505,1.552,1.552,1.5532,1.5535,1.5567,1.5565,1.5582,1.5588,1.5595,1.56,1.5612,1.5619,1.5619,1.5636,1.5642,1.5648,1.5655,1.5656,1.5668,1.5669,1.5679,1.5681,1.5708,1.5696,1.5701,1.571,1.5712,1.5709,1.571,1.5724,1.5732,1.5734,1.5732,1.5741,1.5743,1.5758,1.5756,1.5753,1.5757
2;3,0.1419,0.139,0.1443,0.1501,0.1585,0.1693,0.184,0.2031,0.2277,0.2569,0.2941,0.339,0.3934,0.4555,0.5273,0.6069,0.6913,0.7831,0.8863,0.9893,1.0833,1.1593,1.2225,1.2744,1.3104,1.3432,1.3718,1.3985,1.4218,1.4467,1.4647,1.4772,1.4829,1.4865,1.4882,1.4906,1.492,1.4924,1.4949,1.4968,1.4989,1.4999,1.5019,1.5021,1.5049,1.5058,1.5067,1.5091,1.51,1.511,1.5129,1.5141,1.5156,1.5167,1.518,1.5199,1.5213,1.5225,1.5234,1.5238,1.5243,1.5248,1.5265,1.5278,1.5278,1.5299,1.53,1.5311,1.5315,1.5333,1.5332,1.5346,1.5353,1.5358,1.5345,1.5358,1.537,1.5377,1.5388,1.5396,1.5392,1.5413,1.5408,1.5409,1.5411,1.5416,1.5422,1.542,1.5439,1.5442,1.5447,1.5442,1.5452,1.5451,1.5456,1.5463
3;2,0.1539,0.1529,0.1588,0.164,0.1721,0.1802,0.1912,0.2045,0.2198,0.2409,0.2675,0.2975,0.3329,0.3735,0.4187,0.4723,0.5308,0.6017,0.684,0.7847,0.8966,0.997,1.0796,1.1455,1.195,1.2365,1.2701,1.3043,1.3347,1.3647,1.3879,1.4063,1.4184,1.4237,1.4284,1.4302,1.4341,1.4384,1.4391,1.4405,1.4429,1.4438,1.4457,1.448,1.4501,1.4517,1.4535,1.4559,1.4566,1.4588,1.4599,1.4607,1.4631,1.4653,1.4657,1.4672,1.4679,1.4692,1.4707,1.4715,1.472,1.4733,1.4746,1.477,1.4773,1.4787,1.4798,1.4795,1.4815,1.4829,1.4831,1.4837,1.485,1.4868,1.4871,1.488,1.4883,1.4895,1.4897,1.4914,1.4914,1.4931,1.4931,1.4948,1.4959,1.496,1.4959,1.4969,1.4966,1.4977,1.4976,1.4984,1.4998,1.4998,1.5005,1.5016
,,,,,,,,,,,,,,,,,,,,,,,,,,,,,,,,,,,,,,,,,,,,,,,,,,,,,,,,,,,,,,,,,,,,,,,,,,,,,,,,,,,,,,,,,,,,,,,,
Cycles / Well,,,,,,,,,,,,,,,,,,,,,,,,,,,,,,,,,,,,,,,,,,,,,,,,,,,,,,,,,,,,,,,,,,,,,,,,,,,,,,,,,,,,,,,,,,,,,,,,
D3,1,2,3,4,5,6,7,8,9,10,11,12,13,14,15,16,17,18,19,20,21,22,23,24,25,26,27,28,29,30,31,32,33,34,35,36,37,38,39,40,41,42,43,44,45,46,47,48,49,50,51,52,53,54,55,56,57,58,59,60,61,62,63,64,65,66,67,68,69,70,71,72,73,74,75,76,77,78,79,80,81,82,83,84,85,86,87,88,89,90,91,92,93,94,95,96
Time [s],0,1799.821,3599.758,5399.669,7199.591,8999.513,10799.454,12599.368,14399.281,16199.217,17999.132,19799.048,21598.968,23398.907,25198.816,26998.729,28798.66,30598.612,32398.504,34198.422,35998.348,37798.293,39598.197,41398.12,43198.051,44997.975,46797.9,48597.816,50397.749,52197.631,53997.556,55797.465,57597.39,59397.304,61197.232,62997.141,64797.066,66596.996,68396.927,70196.835,71996.75,73796.684,75596.611,77396.528,79196.461,80996.395,82796.296,84596.214,86396.144,88196.085,89995.979,91795.899,93595.822,95395.741,97195.669,98995.594,100795.52,102595.43,104395.36,106195.269,107995.204,109795.106,111595.047,113394.962,115194.873,116994.792,118794.719,120594.63,122394.557,124194.487,125994.397,127794.312,129594.227,131394.143,133194.064,134993.983,136793.918,138593.83,140393.768,142193.687,143993.61,145793.539,147593.44,149393.349,151193.294,152993.201,154793.136,156593.059,158392.972,160192.914,161992.825,163792.732,165592.675,167392.569,169192.493,170992.414
Temp. [°C],19.6,29.9,29.9,30,30,30,30,29.9,30,30,30,30.1,30.1,30,30,30,30,30,30,30,30,30,30,30,30,30.1,30.1,30,30,30,30,30,30,30,30,30,30,30,30,30,30,30,30,30,30,30,30,30,30,30,30,30,30,30,30,30,30,30,30,29.9,30,30,30,30,30,30,30,30,30.1,30,30.1,30.1,30,30,30,30,30,29.9,30,30,30,30,30,30,30,30,30,30,30.1,30,30,30,30,30,30,30
Mean,0.14876,0.1457,0.15358,0.16066,0.16916,0.17938,0.19266,0.2097,0.23142,0.26032,0.29672,0.3423,0.3991,0.46466,0.5398,0.62444,0.71572,0.81162,0.90714,0.99292,1.06498,1.11916,1.16164,1.19332,1.2187,1.23984,1.25742,1.27332,1.28582,1.29664,1.304,1.31018,1.31416,1.3179,1.32126,1.32342,1.3263,1.3289,1.33142,1.33344,1.33534,1.33732,1.34032,1.34182,1.34434,1.3462,1.34756,1.34964,1.3507,1.35258,1.35476,1.35568,1.35708,1.35846,1.35988,1.36052,1.36168,1.36302,1.36418,1.3644,1.36456,1.36586,1.36636,1.36778,1.36842,1.3697,1.37024,1.37074,1.3711,1.37176,1.37274,1.37338,1.37396,1.37426,1.37416,1.37434,1.37496,1.37586,1.37614,1.377,1.37666,1.37718,1.37722,1.37756,1.3777,1.37768,1.37828,1.37754,1.37836,1.37798,1.37792,1.37804,1.37862,1.37794,1.3785,1.37818
StDev,0.006369301,0.007062223,0.005195383,0.004283457,0.003796446,0.003794997,0.005017768,0.00687859,0.009447063,0.013078685,0.017923086,0.024556873,0.032812421,0.04317688,0.053641495,0.062649964,0.073409856,0.082974918,0.089820337,0.092136947,0.091612346,0.090197162,0.088015129,0.086584219,0.084921523,0.084572472,0.084283848,0.083877273,0.083397764,0.084277892,0.083052965,0.08322651,0.082352067,0.08256022,0.081821165,0.081863496,0.081346512,0.081114949,0.081428171,0.082190954,0.082158128,0.081941363,0.081912801,0.082153618,0.082218173,0.082395843,0.082125775,0.081844841,0.082137841,0.082475554,0.082170968,0.082308791,0.083116256,0.082043665,0.081890396,0.081785096,0.081143311,0.082001811,0.081631716,0.082042885,0.082440118,0.082787336,0.083322944,0.083202716,0.083107202,0.083226468,0.082760516,0.083224714,0.083324456,0.082640142,0.082986463,0.082832735,0.08341992,0.083416024,0.083868546,0.084306127,0.084052472,0.084287532,0.083757824,0.084237729,0.083699779,0.083484532,0.084126761,0.084524245,0.084157858,0.084728254,0.084690625,0.084497148,0.084581103,0.084988364,0.085536787,0.0857463,0.084901572,0.085510426,0.085627157,0.08569654
1;2,0.1435,0.1401,0.15,0.1586,0.1686,0.1808,0.1964,0.2163,0.2418,0.2758,0.3186,0.3731,0.4406,0.5203,0.6085,0.7049,0.8098,0.9179,1.0224,1.1096,1.1792,1.2307,1.2695,1.2971,1.3206,1.3415,1.3576,1.3722,1.3849,1.3964,1.4026,1.4087,1.4114,1.4154,1.4174,1.4201,1.4222,1.4244,1.4277,1.4308,1.4335,1.4341,1.437,1.4389,1.4412,1.4449,1.4448,1.4471,1.4478,1.4501,1.4517,1.4534,1.4556,1.4549,1.456,1.4573,1.4568,1.4608,1.4613,1.4614,1.4619,1.4636,1.4648,1.466,1.4667,1.4673,1.468,1.4688,1.4693,1.469,1.4707,1.4706,1.4724,1.472,1.4734,1.4736,1.4732,1.4755,1.4745,1.4763,1.4757,1.4759,1.4767,1.4771,1.4769,1.4789,1.4789,1.4783,1.4788,1.4788,1.4803,1.4805,1.4792,1.4796,1.4802,1.4799
2;1,0.1511,0.1482,0.1564,0.1636,0.1725,0.1837,0.1982,0.2162,0.2381,0.2676,0.3038,0.3487,0.4037,0.4675,0.5398,0.6202,0.7098,0.8017,0.8939,0.9799,1.0517,1.1059,1.1488,1.1808,1.2069,1.2286,1.2443,1.2605,1.2742,1.2837,1.2926,1.2978,1.3019,1.3054,1.3095,1.3117,1.3153,1.3184,1.3207,1.3229,1.3246,1.3268,1.329,1.3309,1.3327,1.3344,1.3378,1.3385,1.3399,1.3412,1.3431,1.3444,1.346,1.3469,1.3483,1.3485,1.3504,1.3518,1.3526,1.3536,1.3526,1.3539,1.3547,1.3562,1.3568,1.357,1.358,1.3577,1.3588,1.3601,1.3601,1.3598,1.361,1.3615,1.3625,1.3628,1.3635,1.3638,1.3635,1.3656,1.3649,1.3654,1.3651,1.3651,1.3651,1.3647,1.3651,1.3663,1.3655,1.3651,1.3653,1.3657,1.3661,1.3654,1.3645,1.3659
2;2,0.1455,0.1403,0.1493,0.1574,0.1666,0.1776,0.1918,0.2103,0.2342,0.2648,0.3047,0.3547,0.4181,0.4902,0.5739,0.6661,0.7649,0.8684,0.9686,1.0573,1.1304,1.1847,1.2266,1.2592,1.2833,1.3036,1.3233,1.339,1.3501,1.3625,1.3681,1.3754,1.3787,1.3826,1.3857,1.3873,1.3899,1.3927,1.3948,1.3972,1.398,1.4012,1.4043,1.4059,1.4088,1.4094,1.4106,1.4125,1.4145,1.4165,1.4189,1.4191,1.4214,1.4232,1.4248,1.4249,1.4257,1.4261,1.4276,1.4284,1.4294,1.4307,1.4313,1.4326,1.4331,1.4357,1.435,1.4367,1.4367,1.4364,1.4378,1.4394,1.4395,1.4402,1.4388,1.4403,1.4413,1.4414,1.442,1.4423,1.4417,1.4419,1.4427,1.4437,1.4436,1.443,1.4437,1.4419,1.4436,1.4438,1.4431,1.4433,1.4441,1.4439,1.445,1.4441
2;3,0.1448,0.143,0.1508,0.157,0.1646,0.1738,0.1853,0.2007,0.2217,0.2472,0.2805,0.3219,0.373,0.4319,0.5015,0.5817,0.6673,0.7595,0.8543,0.9398,1.0152,1.0705,1.1146,1.1492,1.1744,1.1959,1.2139,1.2319,1.2433,1.2542,1.2614,1.2672,1.2724,1.2763,1.2798,1.2819,1.2843,1.2857,1.2888,1.29,1.2924,1.2941,1.2982,1.2988,1.3024,1.3029,1.3049,1.3074,1.3081,1.3109,1.3132,1.3137,1.314,1.3161,1.3173,1.3174,1.3204,1.3201,1.3211,1.3211,1.3217,1.3235,1.3238,1.3255,1.3259,1.328,1.3283,1.3282,1.3285,1.3303,1.3311,1.3321,1.3322,1.3333,1.3326,1.3313,1.3327,1.3334,1.335,1.335,1.334,1.3353,1.3347,1.3356,1.3358,1.3344,1.3367,1.3345,1.3368,1.3358,1.3349,1.3352,1.3371,1.3349,1.3366,1.3356
3;2,0.1589,0.1569,0.1614,0.1667,0.1735,0.181,0.1916,0.205,0.2213,0.2462,0.276,0.3131,0.3601,0.4134,0.4753,0.5493,0.6268,0.7106,0.7965,0.878,0.9484,1.004,1.0487,1.0803,1.1083,1.1296,1.148,1.163,1.1766,1.1864,1.1953,1.2018,1.2064,1.2098,1.2139,1.2161,1.2198,1.2233,1.2251,1.2263,1.2282,1.2304,1.2331,1.2346,1.2366,1.2394,1.2397,1.2427,1.2432,1.2442,1.2469,1.2478,1.2484,1.2512,1.253,1.2545,1.2551,1.2563,1.2583,1.2575,1.2572,1.2576,1.2572,1.2586,1.2596,1.2605,1.2619,1.2623,1.2622,1.263,1.264,1.265,1.2647,1.2643,1.2635,1.2637,1.2641,1.2652,1.2657,1.2658,1.267,1.2674,1.2669,1.2663,1.2671,1.2674,1.267,1.2667,1.2671,1.2664,1.266,1.2655,1.2666,1.2659,1.2662,1.2654
,,,,,,,,,,,,,,,,,,,,,,,,,,,,,,,,,,,,,,,,,,,,,,,,,,,,,,,,,,,,,,,,,,,,,,,,,,,,,,,,,,,,,,,,,,,,,,,,
Cycles / Well,,,,,,,,,,,,,,,,,,,,,,,,,,,,,,,,,,,,,,,,,,,,,,,,,,,,,,,,,,,,,,,,,,,,,,,,,,,,,,,,,,,,,,,,,,,,,,,,
D4,1,2,3,4,5,6,7,8,9,10,11,12,13,14,15,16,17,18,19,20,21,22,23,24,25,26,27,28,29,30,31,32,33,34,35,36,37,38,39,40,41,42,43,44,45,46,47,48,49,50,51,52,53,54,55,56,57,58,59,60,61,62,63,64,65,66,67,68,69,70,71,72,73,74,75,76,77,78,79,80,81,82,83,84,85,86,87,88,89,90,91,92,93,94,95,96
Time [s],0,1799.821,3599.758,5399.669,7199.591,8999.513,10799.454,12599.368,14399.281,16199.217,17999.132,19799.048,21598.968,23398.907,25198.816,26998.729,28798.66,30598.612,32398.504,34198.422,35998.348,37798.293,39598.197,41398.12,43198.051,44997.975,46797.9,48597.816,50397.749,52197.631,53997.556,55797.465,57597.39,59397.304,61197.232,62997.141,64797.066,66596.996,68396.927,70196.835,71996.75,73796.684,75596.611,77396.528,79196.461,80996.395,82796.296,84596.214,86396.144,88196.085,89995.979,91795.899,93595.822,95395.741,97195.669,98995.594,100795.52,102595.43,104395.36,106195.269,107995.204,109795.106,111595.047,113394.962,115194.873,116994.792,118794.719,120594.63,122394.557,124194.487,125994.397,127794.312,129594.227,131394.143,133194.064,134993.983,136793.918,138593.83,140393.768,142193.687,143993.61,145793.539,147593.44,149393.349,151193.294,152993.201,154793.136,156593.059,158392.972,160192.914,161992.825,163792.732,165592.675,167392.569,169192.493,170992.414
Temp. [°C],19.6,29.9,29.9,30,30,30,30,29.9,30,30,30,30.1,30.1,30,30,30,30,30,30,30,30,30,30,30,30,30.1,30.1,30,30,30,30,30,30,30,30,30,30,30,30,30,30,30,30,30,30,30,30,30,30,30,30,30,30,30,30,30,30,30,30,29.9,30,30,30,30,30,30,30,30,30.1,30,30.1,30.1,30,30,30,30,30,29.9,30,30,30,30,30,30,30,30,30,30,30.1,30,30,30,30,30,30,30
Mean,0.14594,0.13426,0.139,0.14284,0.1467,0.1514,0.15716,0.16416,0.1728,0.1837,0.19702,0.21358,0.23494,0.26172,0.29476,0.33534,0.3835,0.44082,0.50528,0.5769,0.65486,0.73818,0.82432,0.9112,0.99126,1.06328,1.12146,1.16874,1.20436,1.23408,1.25714,1.27742,1.2946,1.3091,1.31996,1.32764,1.3322,1.3373,1.34426,1.34934,1.35366,1.3586,1.36336,1.36632,1.37008,1.37352,1.37648,1.37938,1.38194,1.3844,1.38678,1.38886,1.39104,1.39262,1.39436,1.39622,1.39738,1.39928,1.40082,1.402,1.40176,1.40346,1.40466,1.40592,1.40656,1.40774,1.40788,1.40816,1.409,1.4097,1.41034,1.41048,1.4111,1.41152,1.41218,1.41228,1.41266,1.41308,1.41308,1.41378,1.4135,1.414,1.41428,1.41412,1.41408,1.4142,1.41448,1.41418,1.4144,1.41428,1.4145,1.4141,1.41454,1.41454,1.41458,1.41454
StDev,0.005147135,0.006388114,0.006876772,0.006782551,0.00688767,0.007264985,0.007520173,0.007880228,0.007789416,0.00839196,0.008672773,0.009023137,0.009446322,0.009547356,0.010314456,0.011681738,0.012577162,0.014552903,0.016631807,0.019849181,0.023844979,0.028197642,0.032590443,0.03783801,0.040389268,0.041554506,0.042583424,0.041980031,0.041812953,0.042107446,0.040931931,0.040860335,0.041316462,0.041180821,0.04071625,0.040504605,0.040730517,0.040323628,0.039720373,0.03893492,0.038914175,0.038264474,0.038051978,0.038410832,0.037777202,0.038105603,0.037930687,0.038199372,0.038526004,0.037924728,0.038177572,0.038132178,0.037989512,0.037949928,0.037792169,0.038502558,0.037672762,0.037100364,0.037035685,0.037712531,0.037320075,0.037517836,0.037673704,0.037464877,0.037065658,0.037529562,0.037521487,0.037370082,0.036922012,0.037107749,0.037715156,0.037476219,0.037091913,0.037501427,0.036800707,0.037173472,0.037207163,0.037175489,0.037072389,0.037464276,0.037448298,0.036764045,0.03689088,0.036796019,0.036661383,0.036645805,0.036969609,0.036679586,0.036933792,0.03755685,0.036731798,0.036610313,0.037100175,0.036984564,0.037539006,0.037395227
1;2,0.1433,0.1287,0.1325,0.1363,0.14,0.1443,0.1499,0.1565,0.165,0.1759,0.1892,0.206,0.2277,0.2553,0.2893,0.3305,0.38,0.4391,0.5075,0.5826,0.6639,0.7531,0.8436,0.9345,1.0168,1.0896,1.1489,1.196,1.2312,1.2616,1.2843,1.3029,1.3203,1.3343,1.3446,1.3523,1.3571,1.3615,1.3668,1.373,1.3768,1.3811,1.3848,1.389,1.391,1.396,1.3986,1.4003,1.4042,1.4065,1.4082,1.4103,1.4124,1.4131,1.4158,1.4153,1.4172,1.4196,1.4205,1.4221,1.4212,1.4242,1.4253,1.4263,1.4267,1.4278,1.4277,1.4289,1.4285,1.4289,1.4304,1.43,1.4308,1.431,1.4306,1.4326,1.4331,1.4329,1.4321,1.4347,1.4339,1.4333,1.4338,1.4337,1.4333,1.4348,1.4343,1.4336,1.4332,1.4331,1.4343,1.4338,1.4341,1.4342,1.4343,1.4342
2;1,0.1493,0.1365,0.1419,0.1458,0.1496,0.1543,0.1601,0.1671,0.1754,0.1861,0.1983,0.2135,0.233,0.2579,0.2876,0.3246,0.3693,0.4209,0.4796,0.5442,0.6158,0.6933,0.7742,0.8558,0.9331,1.0045,1.0613,1.1099,1.1471,1.1766,1.2021,1.222,1.2391,1.2533,1.2661,1.2735,1.2772,1.2832,1.2912,1.2973,1.3023,1.3085,1.3135,1.3151,1.3202,1.3229,1.3254,1.3284,1.3305,1.3331,1.3354,1.3377,1.3397,1.3419,1.3432,1.3446,1.3467,1.3496,1.351,1.3514,1.3514,1.3534,1.3541,1.3553,1.3566,1.3569,1.3574,1.358,1.3598,1.3598,1.3599,1.3606,1.362,1.3617,1.3634,1.3625,1.3633,1.3635,1.3634,1.3642,1.3636,1.3646,1.3647,1.3648,1.3652,1.3656,1.3653,1.3654,1.365,1.3638,1.3652,1.3651,1.3651,1.3654,1.3646,1.3653
2;2,0.144,0.1295,0.1337,0.1376,0.1413,0.1457,0.151,0.1576,0.1661,0.1762,0.1891,0.205,0.2259,0.2525,0.2857,0.3262,0.375,0.4341,0.5005,0.5761,0.6593,0.7482,0.8403,0.9316,1.0149,1.09,1.1497,1.1979,1.2347,1.2647,1.2877,1.3088,1.3267,1.3411,1.3518,1.36,1.364,1.3692,1.3764,1.381,1.3849,1.3898,1.3945,1.3975,1.4012,1.4046,1.4081,1.4108,1.4139,1.4154,1.4171,1.4195,1.4217,1.4243,1.4256,1.4294,1.4287,1.4295,1.4314,1.434,1.4328,1.4346,1.4361,1.437,1.4375,1.4388,1.4387,1.439,1.4404,1.4408,1.4419,1.4424,1.4424,1.4434,1.4435,1.4437,1.4438,1.4446,1.4441,1.445,1.4455,1.4453,1.4461,1.4456,1.446,1.4459,1.4461,1.4462,1.4466,1.4474,1.4461,1.4454,1.446,1.4463,1.4473,1.4465
2;3,0.1401,0.1323,0.1375,0.1415,0.1456,0.1504,0.1564,0.1637,0.1733,0.184,0.1983,0.2161,0.2389,0.2673,0.3019,0.3447,0.3953,0.4552,0.5226,0.5974,0.6803,0.7661,0.8541,0.9456,1.0265,1.098,1.1559,1.2015,1.2366,1.2661,1.2874,1.3081,1.3255,1.3401,1.3511,1.3576,1.3628,1.3677,1.3747,1.3776,1.383,1.3873,1.3926,1.3949,1.3991,1.4018,1.4039,1.4088,1.4103,1.4124,1.4167,1.4184,1.4202,1.4216,1.4224,1.4259,1.4266,1.4281,1.4296,1.4304,1.4308,1.4319,1.4331,1.4344,1.4346,1.4366,1.4373,1.4365,1.437,1.4385,1.4393,1.4391,1.4395,1.4403,1.441,1.44,1.4408,1.4412,1.4421,1.442,1.4412,1.4418,1.4416,1.4416,1.4412,1.4404,1.4421,1.4411,1.4421,1.4422,1.4415,1.4413,1.4428,1.4422,1.4423,1.443
3;2,0.153,0.1443,0.1494,0.153,0.157,0.1623,0.1684,0.1759,0.1842,0.1963,0.2102,0.2273,0.2492,0.2756,0.3093,0.3507,0.3979,0.4548,0.5162,0.5842,0.655,0.7302,0.8094,0.8885,0.965,1.0343,1.0915,1.1384,1.1722,1.2014,1.2242,1.2453,1.2614,1.2767,1.2862,1.2948,1.2999,1.3049,1.3122,1.3178,1.3213,1.3263,1.3314,1.3351,1.3389,1.3423,1.3464,1.3486,1.3508,1.3546,1.3565,1.3584,1.3612,1.3622,1.3648,1.3659,1.3677,1.3696,1.3716,1.3721,1.3726,1.3732,1.3747,1.3766,1.3774,1.3786,1.3783,1.3784,1.3793,1.3805,1.3802,1.3803,1.3808,1.3812,1.3824,1.3826,1.3823,1.3832,1.3837,1.383,1.3833,1.385,1.3852,1.3849,1.3847,1.3843,1.3846,1.3846,1.3851,1.3849,1.3854,1.3849,1.3847,1.3846,1.3844,1.3837
,,,,,,,,,,,,,,,,,,,,,,,,,,,,,,,,,,,,,,,,,,,,,,,,,,,,,,,,,,,,,,,,,,,,,,,,,,,,,,,,,,,,,,,,,,,,,,,,
Cycles / Well,,,,,,,,,,,,,,,,,,,,,,,,,,,,,,,,,,,,,,,,,,,,,,,,,,,,,,,,,,,,,,,,,,,,,,,,,,,,,,,,,,,,,,,,,,,,,,,,
D5,1,2,3,4,5,6,7,8,9,10,11,12,13,14,15,16,17,18,19,20,21,22,23,24,25,26,27,28,29,30,31,32,33,34,35,36,37,38,39,40,41,42,43,44,45,46,47,48,49,50,51,52,53,54,55,56,57,58,59,60,61,62,63,64,65,66,67,68,69,70,71,72,73,74,75,76,77,78,79,80,81,82,83,84,85,86,87,88,89,90,91,92,93,94,95,96
Time [s],0,1799.821,3599.758,5399.669,7199.591,8999.513,10799.454,12599.368,14399.281,16199.217,17999.132,19799.048,21598.968,23398.907,25198.816,26998.729,28798.66,30598.612,32398.504,34198.422,35998.348,37798.293,39598.197,41398.12,43198.051,44997.975,46797.9,48597.816,50397.749,52197.631,53997.556,55797.465,57597.39,59397.304,61197.232,62997.141,64797.066,66596.996,68396.927,70196.835,71996.75,73796.684,75596.611,77396.528,79196.461,80996.395,82796.296,84596.214,86396.144,88196.085,89995.979,91795.899,93595.822,95395.741,97195.669,98995.594,100795.52,102595.43,104395.36,106195.269,107995.204,109795.106,111595.047,113394.962,115194.873,116994.792,118794.719,120594.63,122394.557,124194.487,125994.397,127794.312,129594.227,131394.143,133194.064,134993.983,136793.918,138593.83,140393.768,142193.687,143993.61,145793.539,147593.44,149393.349,151193.294,152993.201,154793.136,156593.059,158392.972,160192.914,161992.825,163792.732,165592.675,167392.569,169192.493,170992.414
Temp. [°C],19.6,29.9,29.9,30,30,30,30,29.9,30,30,30,30.1,30.1,30,30,30,30,30,30,30,30,30,30,30,30,30.1,30.1,30,30,30,30,30,30,30,30,30,30,30,30,30,30,30,30,30,30,30,30,30,30,30,30,30,30,30,30,30,30,30,30,29.9,30,30,30,30,30,30,30,30,30.1,30,30.1,30.1,30,30,30,30,30,29.9,30,30,30,30,30,30,30,30,30,30,30.1,30,30,30,30,30,30,30
Mean,0.16562,0.15976,0.1722,0.18096,0.18636,0.19222,0.19988,0.20834,0.21966,0.23366,0.25106,0.27164,0.2966,0.32428,0.35656,0.3909,0.42744,0.46826,0.51222,0.55976,0.6128,0.66676,0.72396,0.78304,0.84004,0.89566,0.94388,0.9852,1.01538,1.04474,1.06638,1.08644,1.1038,1.12078,1.13574,1.15054,1.16288,1.1725,1.17966,1.18344,1.18778,1.18952,1.19178,1.19152,1.19184,1.19078,1.18978,1.18922,1.18908,1.18894,1.18822,1.18762,1.18676,1.18538,1.18534,1.18408,1.18358,1.18276,1.1812,1.1797,1.1785,1.17848,1.17638,1.17532,1.17402,1.17358,1.1713,1.16994,1.1679,1.16626,1.16562,1.16398,1.163,1.16166,1.15972,1.15674,1.15576,1.15456,1.15346,1.15192,1.14938,1.1491,1.14752,1.1462,1.14418,1.14214,1.14122,1.13864,1.1387,1.13756,1.13642,1.13556,1.13374,1.1321,1.1321,1.13084
StDev,0.006382946,0.007840153,0.005160911,0.003724648,0.005864128,0.008610865,0.011946004,0.015252311,0.01980765,0.02458105,0.031072464,0.039354707,0.049241598,0.061024028,0.073475322,0.086834958,0.101653323,0.117051241,0.132444788,0.148312956,0.162709742,0.17736748,0.189747155,0.198146683,0.205377562,0.209945369,0.211073487,0.211126846,0.211120894,0.211852763,0.211086089,0.210679147,0.210654397,0.211427711,0.210957325,0.211241788,0.209767948,0.208004988,0.205845362,0.206481447,0.205902785,0.205484724,0.205193438,0.206627048,0.205983842,0.207584518,0.208053231,0.207927348,0.209899993,0.209905569,0.20993041,0.210567061,0.211497808,0.211128295,0.211774226,0.211836168,0.212272177,0.213402444,0.213072652,0.214185165,0.214276212,0.216617871,0.216546189,0.216493376,0.217229365,0.216843058,0.217189514,0.218187999,0.217482528,0.217554104,0.218401664,0.218372462,0.218983709,0.219259921,0.219463122,0.219842655,0.219574265,0.21926691,0.219201661,0.220011084,0.219950419,0.218426498,0.219218241,0.21917079,0.218088737,0.218719439,0.21817584,0.218213091,0.218463716,0.218007897,0.218653326,0.218717679,0.218016073,0.217997993,0.218666961,0.218721896
1;2,0.1613,0.153,0.1682,0.182,0.1909,0.2003,0.2126,0.2263,0.2448,0.2663,0.2936,0.3269,0.3662,0.4119,0.4631,0.5177,0.5779,0.6427,0.7114,0.7844,0.8588,0.9369,1.0138,1.0851,1.1524,1.2134,1.2609,1.2998,1.3304,1.3587,1.3782,1.3965,1.4132,1.4305,1.4442,1.4582,1.4675,1.4737,1.4773,1.4834,1.4859,1.4877,1.4891,1.4916,1.49,1.4935,1.4938,1.4918,1.4952,1.4957,1.4944,1.4952,1.4966,1.4939,1.4948,1.4933,1.4917,1.4947,1.4922,1.4935,1.4913,1.4952,1.4932,1.4922,1.4921,1.4902,1.4888,1.4897,1.4858,1.4848,1.4861,1.4831,1.4836,1.4823,1.4814,1.4813,1.4792,1.4779,1.476,1.4767,1.4747,1.4711,1.471,1.4696,1.4664,1.4673,1.4648,1.4634,1.4629,1.4607,1.4617,1.461,1.4566,1.4568,1.4568,1.4563
2;1,0.167,0.1649,0.1783,0.1868,0.1919,0.1979,0.2049,0.2116,0.2197,0.2313,0.2456,0.2631,0.2832,0.3043,0.3304,0.3576,0.3879,0.4206,0.4572,0.4971,0.541,0.5873,0.6384,0.6927,0.746,0.7992,0.8467,0.8885,0.9192,0.9492,0.9729,0.9933,1.0101,1.0279,1.0439,1.0587,1.0715,1.083,1.091,1.0951,1.0986,1.1017,1.1035,1.1029,1.1027,1.1023,1.101,1.0997,1.0993,1.0991,1.0983,1.0973,1.0967,1.0949,1.0943,1.0932,1.0929,1.091,1.0898,1.0883,1.0861,1.0855,1.0838,1.0823,1.0798,1.079,1.0769,1.0752,1.0747,1.0726,1.0708,1.0693,1.0683,1.0667,1.0649,1.0624,1.0607,1.0604,1.0586,1.057,1.0543,1.0551,1.0532,1.0519,1.0503,1.0489,1.0481,1.0456,1.0451,1.0442,1.0429,1.042,1.0404,1.0382,1.0382,1.0365
2;2,0.161,0.1523,0.1674,0.1801,0.1887,0.1965,0.2064,0.2169,0.2305,0.2467,0.2672,0.2908,0.3209,0.3532,0.3904,0.4296,0.4692,0.5143,0.5608,0.6105,0.6674,0.721,0.7787,0.8383,0.8963,0.9524,1.0022,1.0448,1.074,1.1046,1.1264,1.1474,1.1649,1.1828,1.1981,1.2151,1.2262,1.2351,1.2419,1.2445,1.2501,1.2506,1.2532,1.2528,1.2544,1.2519,1.2503,1.2512,1.2509,1.2495,1.2495,1.2483,1.247,1.2463,1.2467,1.2455,1.2459,1.2439,1.2429,1.2409,1.2399,1.2405,1.2386,1.2371,1.236,1.2362,1.2335,1.2315,1.2306,1.2287,1.2275,1.2273,1.2254,1.2252,1.2237,1.2182,1.2183,1.2163,1.2156,1.2138,1.2108,1.2112,1.2097,1.2086,1.205,1.2014,1.2009,1.1983,1.1991,1.1982,1.1958,1.1954,1.1945,1.1915,1.1932,1.1921
2;3,0.1626,0.1581,0.1699,0.1771,0.1815,0.1862,0.1926,0.1998,0.2109,0.2229,0.2376,0.255,0.2769,0.3017,0.3302,0.3618,0.3943,0.4321,0.473,0.5182,0.5728,0.6268,0.6843,0.7469,0.8063,0.8666,0.9192,0.9646,0.9947,1.0271,1.0495,1.0708,1.0898,1.1069,1.122,1.1367,1.1523,1.1634,1.1713,1.1733,1.1788,1.1797,1.1828,1.1815,1.1827,1.1781,1.1767,1.1776,1.1764,1.1765,1.1763,1.1757,1.1732,1.173,1.1728,1.1721,1.1742,1.1708,1.1693,1.1658,1.1676,1.1661,1.163,1.1625,1.1615,1.1625,1.1598,1.1577,1.155,1.1528,1.1521,1.1515,1.1504,1.1486,1.1443,1.1389,1.1387,1.1371,1.1376,1.134,1.1307,1.1313,1.1291,1.1275,1.1263,1.1211,1.1214,1.1161,1.1178,1.1171,1.1149,1.1133,1.1138,1.1099,1.11,1.1072
3;2,0.1762,0.1705,0.1772,0.1788,0.1788,0.1802,0.1829,0.1871,0.1924,0.2011,0.2113,0.2224,0.2358,0.2503,0.2687,0.2878,0.3079,0.3316,0.3587,0.3886,0.424,0.4618,0.5046,0.5522,0.5992,0.6467,0.6904,0.7283,0.7586,0.7841,0.8049,0.8242,0.841,0.8558,0.8705,0.884,0.8969,0.9073,0.9168,0.9209,0.9255,0.9279,0.9303,0.9288,0.9294,0.9281,0.9271,0.9258,0.9236,0.9239,0.9226,0.9216,0.9203,0.9188,0.9181,0.9163,0.9132,0.9134,0.9118,0.91,0.9076,0.9051,0.9033,0.9025,0.9007,0.9,0.8975,0.8956,0.8934,0.8924,0.8916,0.8887,0.8873,0.8855,0.8843,0.8829,0.8819,0.8811,0.8795,0.8781,0.8764,0.8768,0.8746,0.8734,0.8729,0.872,0.8709,0.8698,0.8686,0.8676,0.8668,0.8661,0.8634,0.8641,0.8623,0.8621
,,,,,,,,,,,,,,,,,,,,,,,,,,,,,,,,,,,,,,,,,,,,,,,,,,,,,,,,,,,,,,,,,,,,,,,,,,,,,,,,,,,,,,,,,,,,,,,,
Cycles / Well,,,,,,,,,,,,,,,,,,,,,,,,,,,,,,,,,,,,,,,,,,,,,,,,,,,,,,,,,,,,,,,,,,,,,,,,,,,,,,,,,,,,,,,,,,,,,,,,
D6,1,2,3,4,5,6,7,8,9,10,11,12,13,14,15,16,17,18,19,20,21,22,23,24,25,26,27,28,29,30,31,32,33,34,35,36,37,38,39,40,41,42,43,44,45,46,47,48,49,50,51,52,53,54,55,56,57,58,59,60,61,62,63,64,65,66,67,68,69,70,71,72,73,74,75,76,77,78,79,80,81,82,83,84,85,86,87,88,89,90,91,92,93,94,95,96
Time [s],0,1799.821,3599.758,5399.669,7199.591,8999.513,10799.454,12599.368,14399.281,16199.217,17999.132,19799.048,21598.968,23398.907,25198.816,26998.729,28798.66,30598.612,32398.504,34198.422,35998.348,37798.293,39598.197,41398.12,43198.051,44997.975,46797.9,48597.816,50397.749,52197.631,53997.556,55797.465,57597.39,59397.304,61197.232,62997.141,64797.066,66596.996,68396.927,70196.835,71996.75,73796.684,75596.611,77396.528,79196.461,80996.395,82796.296,84596.214,86396.144,88196.085,89995.979,91795.899,93595.822,95395.741,97195.669,98995.594,100795.52,102595.43,104395.36,106195.269,107995.204,109795.106,111595.047,113394.962,115194.873,116994.792,118794.719,120594.63,122394.557,124194.487,125994.397,127794.312,129594.227,131394.143,133194.064,134993.983,136793.918,138593.83,140393.768,142193.687,143993.61,145793.539,147593.44,149393.349,151193.294,152993.201,154793.136,156593.059,158392.972,160192.914,161992.825,163792.732,165592.675,167392.569,169192.493,170992.414
Temp. [°C],19.6,29.9,29.9,30,30,30,30,29.9,30,30,30,30.1,30.1,30,30,30,30,30,30,30,30,30,30,30,30,30.1,30.1,30,30,30,30,30,30,30,30,30,30,30,30,30,30,30,30,30,30,30,30,30,30,30,30,30,30,30,30,30,30,30,30,29.9,30,30,30,30,30,30,30,30,30.1,30,30.1,30.1,30,30,30,30,30,29.9,30,30,30,30,30,30,30,30,30,30,30.1,30,30,30,30,30,30,30
Mean,0.15566,0.14972,0.1599,0.16988,0.18228,0.1981,0.21904,0.24626,0.2825,0.32898,0.38462,0.451,0.52816,0.61388,0.71116,0.81624,0.92026,1.01534,1.0977,1.16172,1.21288,1.25116,1.2834,1.3103,1.3331,1.35336,1.37122,1.3859,1.398,1.408,1.41354,1.41786,1.42134,1.42412,1.42698,1.42934,1.43228,1.43426,1.43746,1.43858,1.44072,1.4424,1.44472,1.44616,1.4485,1.44936,1.45088,1.45232,1.45356,1.4552,1.45698,1.45858,1.4599,1.46132,1.46292,1.46388,1.46508,1.46618,1.46772,1.4686,1.46852,1.4706,1.47164,1.47308,1.47394,1.47554,1.47654,1.47716,1.47786,1.47954,1.4805,1.48106,1.48254,1.48308,1.48472,1.4846,1.4855,1.48686,1.4876,1.48858,1.48904,1.49026,1.49084,1.49164,1.4924,1.49294,1.4944,1.49436,1.49574,1.49644,1.49688,1.49774,1.49842,1.49876,1.50012,1.50052
StDev,0.005741777,0.006926904,0.006103687,0.006849599,0.007531401,0.008606102,0.01047392,0.013419501,0.016678729,0.022248303,0.028316991,0.036047885,0.045123087,0.054766614,0.064723242,0.073024571,0.077638669,0.078536221,0.075619045,0.071790995,0.068446892,0.065415235,0.063210403,0.060942473,0.059533898,0.058778125,0.057148552,0.056885191,0.056531761,0.056260777,0.055982077,0.055305271,0.054772329,0.053946427,0.054145471,0.053773534,0.052667039,0.052493552,0.052274353,0.052207107,0.052283621,0.052358762,0.051829355,0.051829075,0.052177054,0.052677538,0.05264292,0.052493495,0.053150381,0.052312331,0.051803639,0.051742797,0.052268442,0.051910038,0.051828776,0.052105153,0.051691024,0.051605252,0.051208222,0.052204741,0.051206562,0.052287809,0.052122097,0.052281947,0.052135142,0.05190369,0.051954191,0.05186895,0.051793272,0.05230954,0.052210583,0.051636063,0.051569885,0.052114125,0.051463453,0.051874512,0.051769827,0.051661039,0.051537123,0.051420832,0.051812045,0.051492164,0.05148459,0.051325364,0.051585996,0.051138371,0.05137222,0.052023966,0.051566927,0.051904749,0.051696586,0.05134572,0.051600504,0.051617081,0.051773999,0.051904788
1;2,0.1492,0.1429,0.1559,0.167,0.1805,0.1985,0.2224,0.2534,0.2952,0.3491,0.4142,0.4919,0.5824,0.6819,0.7926,0.9088,1.0177,1.1136,1.1904,1.2489,1.2952,1.329,1.358,1.3817,1.4025,1.4213,1.4361,1.4507,1.4623,1.4724,1.4768,1.4806,1.483,1.485,1.4877,1.49,1.4907,1.4931,1.4954,1.4969,1.4987,1.5007,1.5021,1.5037,1.5064,1.5077,1.5094,1.5103,1.5128,1.5128,1.5147,1.5161,1.5179,1.5186,1.5205,1.5209,1.5215,1.5237,1.5243,1.526,1.5252,1.5275,1.529,1.5305,1.5317,1.5324,1.5334,1.534,1.5344,1.5366,1.5369,1.5372,1.5387,1.5397,1.5394,1.5414,1.5417,1.5432,1.5436,1.5446,1.5455,1.5464,1.5468,1.5474,1.5484,1.5479,1.5503,1.5514,1.552,1.5528,1.5528,1.5535,1.5539,1.5546,1.5561,1.5565
2;1,0.16,0.1541,0.1639,0.1754,0.1881,0.2043,0.2263,0.2547,0.2916,0.3362,0.3898,0.4523,0.5238,0.6009,0.6921,0.7886,0.8889,0.9816,1.0632,1.1282,1.1771,1.2182,1.2505,1.2783,1.3012,1.321,1.3393,1.3539,1.3666,1.3753,1.3829,1.3864,1.391,1.3933,1.3973,1.3999,1.4012,1.4045,1.408,1.4092,1.411,1.4137,1.4163,1.4175,1.4194,1.4212,1.4222,1.4232,1.4248,1.4262,1.4279,1.43,1.431,1.4322,1.4342,1.4344,1.4349,1.437,1.4383,1.4401,1.4401,1.4416,1.4423,1.4437,1.445,1.4457,1.4467,1.4474,1.4489,1.4494,1.4501,1.4513,1.4525,1.4533,1.4557,1.4557,1.4564,1.4576,1.458,1.4606,1.4599,1.4612,1.462,1.4625,1.4637,1.4662,1.4662,1.4668,1.4662,1.4672,1.4683,1.4689,1.4682,1.4701,1.4709,1.4714
2;2,0.1548,0.1474,0.1589,0.1695,0.1829,0.1996,0.2215,0.2506,0.2892,0.3395,0.4,0.4726,0.5587,0.6546,0.7615,0.876,0.986,1.0831,1.166,1.2278,1.2776,1.3137,1.3445,1.3701,1.3921,1.4125,1.4301,1.4443,1.4559,1.4656,1.4713,1.4749,1.4782,1.4802,1.4835,1.485,1.4882,1.4892,1.493,1.4934,1.4962,1.4975,1.4996,1.501,1.5037,1.5049,1.5061,1.5079,1.5093,1.5108,1.5114,1.513,1.515,1.5164,1.5175,1.5198,1.5209,1.5204,1.5222,1.5242,1.5227,1.527,1.5272,1.529,1.5291,1.5313,1.5324,1.5328,1.5335,1.536,1.5373,1.5369,1.5382,1.5394,1.5416,1.54,1.5415,1.5425,1.5433,1.5436,1.5447,1.5457,1.5464,1.5471,1.5481,1.5484,1.5496,1.5497,1.5512,1.5525,1.5528,1.5531,1.5548,1.5545,1.5562,1.5568
2;3,0.1514,0.1447,0.1528,0.1602,0.1705,0.1835,0.2006,0.2225,0.2538,0.2914,0.3394,0.3965,0.4654,0.5441,0.6339,0.7358,0.8367,0.9328,1.0199,1.0885,1.1449,1.1854,1.2194,1.2498,1.2747,1.2967,1.3166,1.3316,1.3429,1.355,1.359,1.3649,1.3684,1.373,1.3751,1.3773,1.3828,1.3843,1.3887,1.3888,1.3916,1.3923,1.3951,1.3972,1.3989,1.398,1.3991,1.4012,1.4021,1.4044,1.4069,1.4083,1.4092,1.411,1.4127,1.4141,1.4166,1.4164,1.4191,1.4182,1.4191,1.4206,1.4216,1.4233,1.4239,1.4265,1.4274,1.4278,1.428,1.4302,1.4306,1.4319,1.4333,1.4331,1.4357,1.4339,1.436,1.4375,1.4382,1.4376,1.4386,1.4409,1.4413,1.4424,1.4426,1.4425,1.4442,1.4432,1.4461,1.4464,1.4465,1.4478,1.449,1.448,1.4498,1.4497
3;2,0.1629,0.1595,0.168,0.1773,0.1894,0.2046,0.2244,0.2501,0.2827,0.3287,0.3797,0.4417,0.5105,0.5879,0.6757,0.772,0.872,0.9656,1.049,1.1152,1.1696,1.2095,1.2446,1.2716,1.295,1.3153,1.334,1.349,1.3623,1.3717,1.3777,1.3825,1.3861,1.3891,1.3913,1.3945,1.3985,1.4002,1.4022,1.4046,1.4061,1.4078,1.4105,1.4114,1.4141,1.415,1.4176,1.419,1.4188,1.4218,1.424,1.4255,1.4264,1.4284,1.4297,1.4302,1.4315,1.4334,1.4347,1.4345,1.4355,1.4363,1.4381,1.4389,1.44,1.4418,1.4428,1.4438,1.4445,1.4455,1.4476,1.448,1.45,1.4499,1.4512,1.452,1.4519,1.4535,1.4549,1.4565,1.4565,1.4571,1.4577,1.4588,1.4592,1.4597,1.4617,1.4607,1.4632,1.4633,1.464,1.4654,1.4662,1.4666,1.4676,1.4682
,,,,,,,,,,,,,,,,,,,,,,,,,,,,,,,,,,,,,,,,,,,,,,,,,,,,,,,,,,,,,,,,,,,,,,,,,,,,,,,,,,,,,,,,,,,,,,,,
Cycles / Well,,,,,,,,,,,,,,,,,,,,,,,,,,,,,,,,,,,,,,,,,,,,,,,,,,,,,,,,,,,,,,,,,,,,,,,,,,,,,,,,,,,,,,,,,,,,,,,,
D7,1,2,3,4,5,6,7,8,9,10,11,12,13,14,15,16,17,18,19,20,21,22,23,24,25,26,27,28,29,30,31,32,33,34,35,36,37,38,39,40,41,42,43,44,45,46,47,48,49,50,51,52,53,54,55,56,57,58,59,60,61,62,63,64,65,66,67,68,69,70,71,72,73,74,75,76,77,78,79,80,81,82,83,84,85,86,87,88,89,90,91,92,93,94,95,96
Time [s],0,1799.821,3599.758,5399.669,7199.591,8999.513,10799.454,12599.368,14399.281,16199.217,17999.132,19799.048,21598.968,23398.907,25198.816,26998.729,28798.66,30598.612,32398.504,34198.422,35998.348,37798.293,39598.197,41398.12,43198.051,44997.975,46797.9,48597.816,50397.749,52197.631,53997.556,55797.465,57597.39,59397.304,61197.232,62997.141,64797.066,66596.996,68396.927,70196.835,71996.75,73796.684,75596.611,77396.528,79196.461,80996.395,82796.296,84596.214,86396.144,88196.085,89995.979,91795.899,93595.822,95395.741,97195.669,98995.594,100795.52,102595.43,104395.36,106195.269,107995.204,109795.106,111595.047,113394.962,115194.873,116994.792,118794.719,120594.63,122394.557,124194.487,125994.397,127794.312,129594.227,131394.143,133194.064,134993.983,136793.918,138593.83,140393.768,142193.687,143993.61,145793.539,147593.44,149393.349,151193.294,152993.201,154793.136,156593.059,158392.972,160192.914,161992.825,163792.732,165592.675,167392.569,169192.493,170992.414
Temp. [°C],19.6,29.9,29.9,30,30,30,30,29.9,30,30,30,30.1,30.1,30,30,30,30,30,30,30,30,30,30,30,30,30.1,30.1,30,30,30,30,30,30,30,30,30,30,30,30,30,30,30,30,30,30,30,30,30,30,30,30,30,30,30,30,30,30,30,30,29.9,30,30,30,30,30,30,30,30,30.1,30,30.1,30.1,30,30,30,30,30,29.9,30,30,30,30,30,30,30,30,30,30,30.1,30,30,30,30,30,30,30
Mean,0.15102,0.14466,0.15236,0.159,0.1663,0.1738,0.18108,0.18934,0.1984,0.20872,0.2206,0.23398,0.2509,0.27086,0.29596,0.32632,0.36262,0.40694,0.45906,0.51846,0.58566,0.65816,0.73618,0.8191,0.90284,0.98422,1.05932,1.12358,1.176,1.22084,1.25236,1.2822,1.30478,1.32362,1.33926,1.35302,1.36346,1.37164,1.37866,1.3833,1.38754,1.38994,1.39416,1.3982,1.40184,1.40508,1.409,1.4129,1.41612,1.42012,1.42346,1.42726,1.42914,1.4329,1.43652,1.43934,1.4429,1.44404,1.44758,1.4486,1.45064,1.45362,1.45508,1.45732,1.4595,1.46216,1.46318,1.46518,1.46554,1.46814,1.46896,1.4706,1.47272,1.47352,1.47424,1.47494,1.47566,1.4775,1.47848,1.47926,1.47924,1.4809,1.48162,1.48272,1.4833,1.4826,1.48424,1.48404,1.48586,1.4868,1.48682,1.48778,1.48888,1.4887,1.49032,1.48988
StDev,0.007393037,0.007643494,0.007480842,0.006579894,0.00618385,0.005941801,0.006100574,0.006601742,0.007310267,0.008572456,0.010275699,0.012362322,0.014878676,0.018566044,0.023999646,0.030590799,0.039428442,0.049570536,0.061179555,0.07361381,0.08796285,0.103291737,0.118625743,0.132090499,0.145632253,0.154417994,0.156699368,0.158056895,0.157252107,0.150624892,0.149657502,0.142029275,0.1388312,0.135206442,0.132236599,0.129381633,0.126710311,0.125331672,0.122054713,0.121209797,0.119608332,0.119434827,0.116806198,0.116195288,0.116008806,0.117233024,0.117540312,0.115643634,0.117686711,0.11714972,0.1159829,0.116671475,0.118958367,0.117439069,0.117250275,0.116818141,0.116198731,0.119080867,0.117915762,0.121061864,0.118285599,0.120308383,0.120108605,0.120867167,0.121351535,0.119447281,0.12022068,0.119273727,0.121364319,0.119738415,0.120363504,0.118946248,0.119160824,0.11912807,0.119792625,0.12100495,0.120408484,0.120103768,0.119269116,0.120208935,0.12155827,0.119536898,0.120165166,0.119110209,0.119467088,0.121555625,0.120729793,0.123124847,0.120920441,0.120219757,0.121028228,0.119864494,0.11926333,0.120121605,0.118839922,0.119966441
1;2,0.1452,0.1382,0.1465,0.1544,0.1626,0.1711,0.1797,0.1891,0.1999,0.212,0.2267,0.2433,0.2641,0.2894,0.3222,0.3616,0.4091,0.466,0.532,0.6051,0.6874,0.7752,0.8683,0.9615,1.0561,1.1425,1.2154,1.2766,1.3222,1.3591,1.3864,1.4088,1.4262,1.4408,1.4536,1.464,1.472,1.4791,1.4822,1.4852,1.489,1.4914,1.493,1.4969,1.5008,1.5031,1.5074,1.5092,1.5151,1.5183,1.5197,1.5247,1.5279,1.5299,1.5335,1.5354,1.54,1.5419,1.5441,1.5477,1.5472,1.5527,1.5528,1.5564,1.5589,1.56,1.5612,1.5624,1.5632,1.5652,1.5656,1.5665,1.5699,1.5707,1.5698,1.5731,1.5737,1.5751,1.5759,1.5769,1.5775,1.5776,1.579,1.5795,1.5797,1.5794,1.5818,1.5837,1.5837,1.5853,1.5858,1.5861,1.5867,1.5868,1.5879,1.5877
2;1,0.1533,0.1487,0.1558,0.1626,0.1704,0.179,0.187,0.1962,0.2073,0.2174,0.2299,0.2432,0.2592,0.2772,0.3002,0.3266,0.358,0.3955,0.4384,0.4882,0.5421,0.6032,0.6688,0.7399,0.8139,0.8925,0.9704,1.0426,1.106,1.1571,1.1985,1.2304,1.259,1.2784,1.2974,1.3121,1.324,1.3332,1.3428,1.3492,1.3503,1.3542,1.3575,1.3624,1.3651,1.3717,1.3753,1.3786,1.3814,1.3853,1.3882,1.3915,1.3949,1.3978,1.4008,1.404,1.4053,1.4088,1.4121,1.413,1.4145,1.418,1.4196,1.4223,1.4242,1.4257,1.4266,1.4274,1.4302,1.4316,1.4316,1.4333,1.4345,1.4356,1.4355,1.4382,1.4377,1.44,1.4395,1.4411,1.4416,1.4436,1.4442,1.4448,1.4456,1.4451,1.4472,1.4487,1.4486,1.4492,1.4499,1.4499,1.4504,1.4514,1.4511,1.4514
2;2,0.1442,0.1377,0.1461,0.1537,0.1617,0.1701,0.1782,0.1874,0.1974,0.2099,0.223,0.2385,0.2584,0.2827,0.3125,0.3494,0.394,0.4482,0.5121,0.5845,0.6674,0.7549,0.8476,0.9451,1.0408,1.1288,1.2058,1.2695,1.3193,1.3587,1.3871,1.4109,1.4306,1.4468,1.4595,1.4715,1.4797,1.4855,1.4919,1.4955,1.4989,1.5004,1.5041,1.5072,1.5102,1.5145,1.5186,1.5225,1.5265,1.53,1.5331,1.5375,1.5408,1.5438,1.5479,1.5511,1.5545,1.557,1.5602,1.5638,1.5638,1.5679,1.5694,1.5715,1.5739,1.5759,1.5773,1.5795,1.5812,1.5826,1.5844,1.5849,1.5863,1.5878,1.5917,1.5896,1.5906,1.5921,1.5928,1.5955,1.5954,1.5954,1.5965,1.5969,1.5981,1.5999,1.5993,1.6,1.6016,1.6013,1.6014,1.602,1.6027,1.6025,1.604,1.6049
2;3,0.1499,0.1429,0.1496,0.1554,0.1616,0.1676,0.1731,0.1795,0.1871,0.1944,0.2035,0.2137,0.2273,0.243,0.262,0.2859,0.3124,0.3458,0.3856,0.4308,0.4823,0.5341,0.5917,0.6557,0.7182,0.7819,0.8484,0.903,0.9479,1.0006,1.0277,1.0693,1.0942,1.1185,1.1378,1.1559,1.1703,1.1799,1.1923,1.1973,1.2056,1.2076,1.2171,1.2219,1.226,1.2255,1.229,1.2368,1.2367,1.2414,1.2467,1.2498,1.247,1.2535,1.258,1.2616,1.2677,1.2621,1.2678,1.2636,1.2704,1.27,1.2713,1.2721,1.2734,1.28,1.2794,1.2838,1.2793,1.2853,1.2851,1.2893,1.2913,1.2925,1.2928,1.2896,1.2922,1.2943,1.2975,1.2969,1.2936,1.2986,1.2983,1.3015,1.3013,1.2969,1.2996,1.2945,1.3013,1.3037,1.3018,1.3054,1.3077,1.3052,1.3102,1.3076
3;2,0.1625,0.1558,0.1638,0.1689,0.1752,0.1812,0.1874,0.1945,0.2003,0.2099,0.2199,0.2312,0.2455,0.262,0.2829,0.3081,0.3396,0.3792,0.4272,0.4837,0.5491,0.6234,0.7045,0.7933,0.8852,0.9754,1.0566,1.1262,1.1846,1.2287,1.2621,1.2916,1.3139,1.3336,1.348,1.3616,1.3713,1.3805,1.3841,1.3893,1.3939,1.3961,1.3991,1.4026,1.4071,1.4106,1.4147,1.4174,1.4209,1.4256,1.4296,1.4328,1.4351,1.4395,1.4424,1.4446,1.447,1.4504,1.4537,1.4549,1.4573,1.4595,1.4623,1.4643,1.4671,1.4692,1.4714,1.4728,1.4738,1.476,1.4781,1.479,1.4816,1.481,1.4814,1.4842,1.4841,1.486,1.4867,1.4859,1.4881,1.4893,1.4901,1.4909,1.4918,1.4917,1.4933,1.4933,1.4941,1.4945,1.4952,1.4955,1.4969,1.4976,1.4984,1.4978
,,,,,,,,,,,,,,,,,,,,,,,,,,,,,,,,,,,,,,,,,,,,,,,,,,,,,,,,,,,,,,,,,,,,,,,,,,,,,,,,,,,,,,,,,,,,,,,,
Cycles / Well,,,,,,,,,,,,,,,,,,,,,,,,,,,,,,,,,,,,,,,,,,,,,,,,,,,,,,,,,,,,,,,,,,,,,,,,,,,,,,,,,,,,,,,,,,,,,,,,
D8,1,2,3,4,5,6,7,8,9,10,11,12,13,14,15,16,17,18,19,20,21,22,23,24,25,26,27,28,29,30,31,32,33,34,35,36,37,38,39,40,41,42,43,44,45,46,47,48,49,50,51,52,53,54,55,56,57,58,59,60,61,62,63,64,65,66,67,68,69,70,71,72,73,74,75,76,77,78,79,80,81,82,83,84,85,86,87,88,89,90,91,92,93,94,95,96
Time [s],0,1799.821,3599.758,5399.669,7199.591,8999.513,10799.454,12599.368,14399.281,16199.217,17999.132,19799.048,21598.968,23398.907,25198.816,26998.729,28798.66,30598.612,32398.504,34198.422,35998.348,37798.293,39598.197,41398.12,43198.051,44997.975,46797.9,48597.816,50397.749,52197.631,53997.556,55797.465,57597.39,59397.304,61197.232,62997.141,64797.066,66596.996,68396.927,70196.835,71996.75,73796.684,75596.611,77396.528,79196.461,80996.395,82796.296,84596.214,86396.144,88196.085,89995.979,91795.899,93595.822,95395.741,97195.669,98995.594,100795.52,102595.43,104395.36,106195.269,107995.204,109795.106,111595.047,113394.962,115194.873,116994.792,118794.719,120594.63,122394.557,124194.487,125994.397,127794.312,129594.227,131394.143,133194.064,134993.983,136793.918,138593.83,140393.768,142193.687,143993.61,145793.539,147593.44,149393.349,151193.294,152993.201,154793.136,156593.059,158392.972,160192.914,161992.825,163792.732,165592.675,167392.569,169192.493,170992.414
Temp. [°C],19.6,29.9,29.9,30,30,30,30,29.9,30,30,30,30.1,30.1,30,30,30,30,30,30,30,30,30,30,30,30,30.1,30.1,30,30,30,30,30,30,30,30,30,30,30,30,30,30,30,30,30,30,30,30,30,30,30,30,30,30,30,30,30,30,30,30,29.9,30,30,30,30,30,30,30,30,30.1,30,30.1,30.1,30,30,30,30,30,29.9,30,30,30,30,30,30,30,30,30,30,30.1,30,30,30,30,30,30,30
Mean,0.14358,0.1387,0.15082,0.16262,0.17476,0.18926,0.20584,0.22482,0.24696,0.27104,0.29796,0.32652,0.3591,0.39352,0.43144,0.47238,0.51738,0.56508,0.61858,0.67556,0.74032,0.80886,0.88058,0.95906,1.03978,1.12184,1.19946,1.26888,1.3224,1.37548,1.4179,1.45482,1.4819,1.50504,1.52434,1.53904,1.54956,1.55556,1.56066,1.5647,1.5687,1.57156,1.57408,1.57596,1.57818,1.57932,1.58198,1.58382,1.5858,1.58866,1.59096,1.5933,1.5947,1.59694,1.59916,1.6008,1.60266,1.60364,1.60546,1.60692,1.6071,1.61044,1.61102,1.61282,1.61416,1.61554,1.61666,1.61776,1.61812,1.62062,1.62124,1.62218,1.62346,1.62386,1.62536,1.62524,1.62644,1.62718,1.62856,1.6297,1.63014,1.6313,1.63134,1.6324,1.63316,1.6332,1.63414,1.63446,1.63588,1.63618,1.63672,1.63768,1.6381,1.63864,1.63954,1.63974
StDev,0.005826405,0.005640479,0.005911176,0.007636557,0.010589759,0.01443565,0.019699822,0.024908372,0.032506661,0.040622998,0.050219896,0.061501114,0.074604725,0.089087861,0.104150939,0.121040291,0.139163598,0.157258456,0.177142194,0.196868746,0.218248269,0.238799567,0.254495328,0.263615834,0.2669175,0.263288175,0.247988736,0.225786906,0.205105058,0.179961585,0.158450544,0.138992885,0.127962241,0.117734417,0.109327481,0.099858665,0.093101788,0.087925184,0.082459463,0.079569561,0.076894733,0.074981151,0.072687495,0.071437686,0.07065495,0.069737092,0.06904395,0.067899904,0.067950386,0.066734721,0.066073353,0.065232469,0.065350287,0.064466332,0.063764277,0.063605621,0.06300304,0.063162473,0.062470697,0.062785603,0.061619964,0.061240126,0.061299405,0.061174725,0.061034564,0.060112004,0.0601643,0.0595746,0.058951395,0.058986329,0.058432636,0.057702617,0.057945043,0.057696733,0.057304215,0.057540316,0.057300026,0.056712142,0.056744542,0.056457108,0.05599458,0.055814828,0.055582623,0.055213631,0.055449554,0.054867659,0.055261089,0.05548489,0.054824465,0.054797281,0.054721997,0.054097985,0.054343583,0.054151851,0.053872052,0.053953712
1;2,0.1406,0.137,0.153,0.169,0.185,0.204,0.2265,0.2506,0.2818,0.3134,0.3503,0.3905,0.4356,0.483,0.5347,0.5902,0.6522,0.7133,0.7847,0.8596,0.9442,1.0369,1.1247,1.214,1.3006,1.3825,1.4427,1.4879,1.5192,1.5463,1.5677,1.5837,1.5995,1.6121,1.6228,1.626,1.6288,1.629,1.6286,1.6287,1.63,1.6303,1.6302,1.631,1.6316,1.6322,1.6338,1.6344,1.6356,1.6379,1.6386,1.6403,1.6417,1.6431,1.6449,1.6457,1.6464,1.6481,1.6489,1.6513,1.6502,1.6543,1.653,1.6553,1.6569,1.6568,1.6575,1.6578,1.6572,1.6597,1.6599,1.6594,1.6623,1.6625,1.6608,1.6635,1.6648,1.6639,1.666,1.6653,1.6668,1.6672,1.6667,1.6676,1.6686,1.6692,1.6695,1.6701,1.6711,1.6721,1.672,1.6726,1.6734,1.6738,1.6744,1.6745
2;1,0.1513,0.1463,0.1589,0.1697,0.1811,0.1944,0.2101,0.2281,0.2483,0.2676,0.2901,0.3129,0.3377,0.3627,0.3903,0.4176,0.4505,0.4829,0.5195,0.557,0.5971,0.6438,0.6933,0.7475,0.8075,0.8757,0.9489,1.0296,1.1063,1.1889,1.2684,1.3356,1.3824,1.4194,1.4466,1.47,1.4858,1.4979,1.5053,1.5128,1.5176,1.523,1.527,1.5312,1.535,1.5391,1.5423,1.5437,1.5476,1.5505,1.5532,1.556,1.5588,1.5613,1.5646,1.5649,1.5664,1.5699,1.5715,1.5729,1.5729,1.5768,1.5779,1.5793,1.5812,1.5819,1.5828,1.5848,1.5868,1.5881,1.589,1.5899,1.5902,1.5911,1.5917,1.5945,1.595,1.5964,1.5972,1.5989,1.5999,1.6005,1.6007,1.6019,1.6027,1.6042,1.6043,1.6053,1.6061,1.6052,1.6065,1.6078,1.6076,1.6083,1.6082,1.609
2;2,0.141,0.1351,0.15,0.1651,0.181,0.2001,0.222,0.247,0.2762,0.3114,0.3494,0.3912,0.4402,0.4936,0.5511,0.6148,0.6827,0.7567,0.8361,0.9187,1.0107,1.1008,1.1907,1.2766,1.3562,1.4286,1.4862,1.5295,1.5629,1.5887,1.61,1.627,1.6423,1.6536,1.6629,1.6677,1.6707,1.6711,1.6695,1.6708,1.6714,1.6725,1.6724,1.6727,1.6744,1.6743,1.6765,1.677,1.6796,1.6804,1.6826,1.6839,1.6854,1.6867,1.6877,1.6898,1.6913,1.6921,1.6933,1.6947,1.6936,1.6957,1.6977,1.699,1.6999,1.7006,1.7021,1.7026,1.7024,1.7049,1.7049,1.7054,1.7062,1.7062,1.7091,1.7075,1.7083,1.7089,1.7099,1.7118,1.7106,1.7119,1.7119,1.7124,1.7134,1.712,1.7141,1.7146,1.7151,1.715,1.7158,1.7158,1.7165,1.7168,1.7174,1.7178
2;3,0.1371,0.1325,0.1426,0.1525,0.1619,0.1734,0.1864,0.2001,0.2171,0.2348,0.2545,0.274,0.2981,0.3235,0.3504,0.3825,0.4126,0.4482,0.4886,0.5347,0.5914,0.6493,0.7183,0.8122,0.9084,1.0002,1.0971,1.1794,1.2282,1.294,1.3323,1.3756,1.4,1.4282,1.4544,1.4772,1.4939,1.5007,1.5122,1.5177,1.5257,1.5286,1.5334,1.5346,1.5377,1.5361,1.5383,1.5425,1.5425,1.548,1.5506,1.5527,1.5532,1.5551,1.5584,1.5606,1.5639,1.5611,1.5645,1.5656,1.5674,1.5704,1.5701,1.5719,1.5725,1.5759,1.5773,1.5783,1.5773,1.5824,1.582,1.5844,1.5852,1.586,1.5888,1.5847,1.586,1.5883,1.5902,1.5892,1.5909,1.5937,1.5933,1.5944,1.5953,1.593,1.5951,1.5943,1.5978,1.5988,1.5983,1.6002,1.6003,1.6004,1.6032,1.6025
3;2,0.1479,0.1426,0.1496,0.1568,0.1648,0.1744,0.1842,0.1983,0.2114,0.228,0.2455,0.264,0.2839,0.3048,0.3307,0.3568,0.3889,0.4243,0.464,0.5078,0.5582,0.6135,0.6759,0.745,0.8262,0.9222,1.0224,1.118,1.1954,1.2595,1.3111,1.3522,1.3853,1.4119,1.435,1.4543,1.4686,1.4791,1.4877,1.4935,1.4988,1.5034,1.5074,1.5103,1.5122,1.5149,1.519,1.5215,1.5237,1.5265,1.5298,1.5336,1.5344,1.5385,1.5402,1.543,1.5453,1.547,1.5491,1.5501,1.5514,1.555,1.5564,1.5586,1.5603,1.5625,1.5636,1.5653,1.5669,1.568,1.5704,1.5718,1.5734,1.5735,1.5764,1.576,1.5781,1.5784,1.5795,1.5833,1.5825,1.5832,1.5841,1.5857,1.5858,1.5876,1.5877,1.588,1.5893,1.5898,1.591,1.592,1.5927,1.5939,1.5945,1.5949
,,,,,,,,,,,,,,,,,,,,,,,,,,,,,,,,,,,,,,,,,,,,,,,,,,,,,,,,,,,,,,,,,,,,,,,,,,,,,,,,,,,,,,,,,,,,,,,,
Cycles / Well,,,,,,,,,,,,,,,,,,,,,,,,,,,,,,,,,,,,,,,,,,,,,,,,,,,,,,,,,,,,,,,,,,,,,,,,,,,,,,,,,,,,,,,,,,,,,,,,
D9,1,2,3,4,5,6,7,8,9,10,11,12,13,14,15,16,17,18,19,20,21,22,23,24,25,26,27,28,29,30,31,32,33,34,35,36,37,38,39,40,41,42,43,44,45,46,47,48,49,50,51,52,53,54,55,56,57,58,59,60,61,62,63,64,65,66,67,68,69,70,71,72,73,74,75,76,77,78,79,80,81,82,83,84,85,86,87,88,89,90,91,92,93,94,95,96
Time [s],0,1799.821,3599.758,5399.669,7199.591,8999.513,10799.454,12599.368,14399.281,16199.217,17999.132,19799.048,21598.968,23398.907,25198.816,26998.729,28798.66,30598.612,32398.504,34198.422,35998.348,37798.293,39598.197,41398.12,43198.051,44997.975,46797.9,48597.816,50397.749,52197.631,53997.556,55797.465,57597.39,59397.304,61197.232,62997.141,64797.066,66596.996,68396.927,70196.835,71996.75,73796.684,75596.611,77396.528,79196.461,80996.395,82796.296,84596.214,86396.144,88196.085,89995.979,91795.899,93595.822,95395.741,97195.669,98995.594,100795.52,102595.43,104395.36,106195.269,107995.204,109795.106,111595.047,113394.962,115194.873,116994.792,118794.719,120594.63,122394.557,124194.487,125994.397,127794.312,129594.227,131394.143,133194.064,134993.983,136793.918,138593.83,140393.768,142193.687,143993.61,145793.539,147593.44,149393.349,151193.294,152993.201,154793.136,156593.059,158392.972,160192.914,161992.825,163792.732,165592.675,167392.569,169192.493,170992.414
Temp. [°C],19.6,29.9,29.9,30,30,30,30,29.9,30,30,30,30.1,30.1,30,30,30,30,30,30,30,30,30,30,30,30,30.1,30.1,30,30,30,30,30,30,30,30,30,30,30,30,30,30,30,30,30,30,30,30,30,30,30,30,30,30,30,30,30,30,30,30,29.9,30,30,30,30,30,30,30,30,30.1,30,30.1,30.1,30,30,30,30,30,29.9,30,30,30,30,30,30,30,30,30,30,30.1,30,30,30,30,30,30,30
Mean,0.15466,0.14624,0.15528,0.16192,0.1683,0.1764,0.18698,0.20134,0.22108,0.24702,0.282,0.32638,0.38236,0.44892,0.5268,0.61362,0.70792,0.8114,0.91424,1.00954,1.09308,1.1585,1.20844,1.24588,1.2717,1.29338,1.31002,1.32466,1.33524,1.34626,1.35468,1.36278,1.36924,1.37466,1.37774,1.38184,1.38704,1.38898,1.39218,1.39314,1.39626,1.39864,1.40154,1.40342,1.40518,1.40652,1.40852,1.41054,1.41166,1.41432,1.41514,1.41638,1.41728,1.41884,1.4201,1.42106,1.42182,1.42302,1.42406,1.42406,1.42446,1.42604,1.42684,1.42816,1.42872,1.43012,1.43046,1.4318,1.4318,1.4326,1.43334,1.4341,1.43534,1.43512,1.4365,1.43616,1.43688,1.4376,1.43818,1.43874,1.43884,1.4403,1.44096,1.44176,1.4415,1.4419,1.44244,1.44198,1.443,1.44316,1.44414,1.4444,1.44494,1.44504,1.4461,1.4457
StDev,0.007085055,0.006914333,0.006333404,0.005879371,0.005710079,0.006163603,0.006664608,0.008163823,0.010170398,0.013782852,0.018514994,0.025586461,0.035804301,0.046499215,0.058463108,0.07128462,0.083038828,0.093783954,0.099115125,0.100256187,0.09706862,0.092798761,0.088213026,0.084408039,0.082746118,0.081215313,0.079614804,0.07846619,0.077777072,0.07664635,0.07636712,0.075615455,0.075268606,0.074288344,0.074066376,0.074171983,0.072606115,0.072127228,0.07198786,0.071653248,0.0713664,0.070696344,0.071504601,0.070785888,0.071405336,0.071802486,0.071924523,0.070786213,0.070902102,0.070855889,0.071195772,0.070915703,0.071330898,0.070717699,0.070591961,0.070889865,0.07041017,0.071220025,0.070990619,0.070778549,0.070541286,0.071183411,0.071433032,0.071641978,0.071757662,0.071007162,0.071504916,0.071135223,0.071905772,0.071216606,0.071828845,0.071448828,0.071480648,0.07167358,0.071141795,0.072015887,0.072277189,0.071935492,0.072190699,0.072220413,0.072520501,0.071869187,0.071353052,0.071836815,0.071663764,0.072237283,0.072044452,0.072225563,0.072550431,0.072518191,0.072407479,0.072040336,0.072158492,0.072426949,0.072025273,0.07290991
1;2,0.1493,0.1407,0.1514,0.1592,0.1669,0.1759,0.188,0.204,0.2263,0.2571,0.2987,0.3522,0.4214,0.5017,0.5956,0.6986,0.8085,0.9251,1.0351,1.132,1.2095,1.2694,1.3125,1.3439,1.3675,1.3866,1.4006,1.4132,1.4224,1.4317,1.4399,1.4466,1.4523,1.4565,1.4593,1.4632,1.466,1.4679,1.4703,1.4709,1.4739,1.4749,1.4792,1.4807,1.4831,1.4857,1.4871,1.4879,1.4886,1.4916,1.4926,1.493,1.4954,1.4954,1.4963,1.4976,1.4969,1.5005,1.5008,1.501,1.5011,1.5033,1.5043,1.5059,1.5065,1.5072,1.5076,1.5082,1.5093,1.5091,1.511,1.5105,1.5125,1.5125,1.5125,1.5142,1.5154,1.5152,1.5162,1.5167,1.5179,1.5179,1.5176,1.5194,1.5188,1.5213,1.52,1.5204,1.5216,1.522,1.5231,1.5225,1.5229,1.5238,1.5236,1.5244
2;1,0.1608,0.1503,0.1598,0.1662,0.1726,0.1813,0.1923,0.2073,0.2289,0.2534,0.2862,0.3273,0.3772,0.4338,0.5013,0.5748,0.6592,0.753,0.8505,0.9443,1.0258,1.0949,1.1475,1.185,1.2123,1.2347,1.2517,1.2663,1.2785,1.2883,1.2966,1.3045,1.3116,1.3178,1.3212,1.3244,1.329,1.333,1.3348,1.3365,1.3389,1.3418,1.3442,1.347,1.348,1.3503,1.352,1.3537,1.3557,1.3573,1.3582,1.3603,1.3611,1.3632,1.3645,1.3646,1.3648,1.3664,1.3668,1.3675,1.3683,1.3685,1.3695,1.3706,1.3721,1.3727,1.3729,1.3742,1.3748,1.3752,1.3757,1.3767,1.3774,1.3767,1.3786,1.379,1.3782,1.3794,1.3796,1.3799,1.3811,1.3825,1.3823,1.3829,1.3831,1.3844,1.3854,1.3856,1.3854,1.3852,1.3868,1.3873,1.3871,1.3883,1.3887,1.3885
2;2,0.1506,0.1422,0.1522,0.1607,0.1685,0.1779,0.1901,0.2062,0.2274,0.259,0.2992,0.3509,0.4172,0.495,0.5837,0.6829,0.7874,0.9015,1.0089,1.1052,1.188,1.2498,1.2967,1.3317,1.3563,1.3771,1.3928,1.4068,1.4178,1.4274,1.4357,1.4433,1.45,1.4544,1.4572,1.4614,1.4654,1.4667,1.4702,1.4707,1.473,1.4756,1.4786,1.4796,1.4822,1.4834,1.4862,1.4865,1.4886,1.4908,1.4921,1.4936,1.494,1.496,1.4971,1.4983,1.499,1.5002,1.5012,1.5006,1.5008,1.503,1.5043,1.5056,1.5067,1.5066,1.5082,1.5092,1.5105,1.5101,1.5114,1.5126,1.513,1.5128,1.5141,1.5146,1.515,1.5161,1.5165,1.5173,1.5174,1.5185,1.5189,1.5197,1.5195,1.5195,1.5213,1.5206,1.5217,1.5216,1.5223,1.5225,1.5233,1.5236,1.5246,1.5253
2;3,0.1488,0.1415,0.149,0.1543,0.1595,0.1661,0.1754,0.1872,0.2044,0.2269,0.2578,0.2965,0.347,0.4086,0.4806,0.5641,0.6509,0.7475,0.8469,0.9407,1.0316,1.0982,1.1518,1.1958,1.2213,1.2454,1.2643,1.2813,1.2883,1.3053,1.3124,1.3228,1.328,1.3346,1.3382,1.3443,1.3518,1.3517,1.3564,1.3579,1.3629,1.3642,1.3679,1.3686,1.3694,1.3688,1.3712,1.3765,1.3758,1.3788,1.3798,1.3809,1.381,1.3817,1.3844,1.3857,1.3892,1.3866,1.3894,1.3891,1.3895,1.3917,1.3915,1.3937,1.3923,1.3972,1.3961,1.399,1.3947,1.3996,1.3981,1.399,1.4011,1.4017,1.4047,1.3988,1.4018,1.4016,1.4037,1.4037,1.401,1.4051,1.4067,1.4075,1.4068,1.4042,1.4057,1.4037,1.4072,1.4072,1.4077,1.4088,1.4101,1.4076,1.4114,1.4084
3;2,0.1638,0.1565,0.164,0.1692,0.174,0.1808,0.1891,0.202,0.2184,0.2387,0.2681,0.305,0.349,0.4055,0.4728,0.5477,0.6336,0.7299,0.8298,0.9255,1.0105,1.0802,1.1337,1.173,1.2011,1.2231,1.2407,1.2557,1.2692,1.2786,1.2888,1.2967,1.3043,1.31,1.3128,1.3159,1.323,1.3256,1.3292,1.3297,1.3326,1.3367,1.3378,1.3412,1.3432,1.3444,1.3461,1.3481,1.3496,1.3531,1.353,1.3541,1.3549,1.3579,1.3582,1.3591,1.3592,1.3614,1.3621,1.3621,1.3626,1.3637,1.3646,1.365,1.366,1.3669,1.3675,1.3684,1.3697,1.369,1.3705,1.3717,1.3727,1.3719,1.3726,1.3742,1.374,1.3757,1.3749,1.3761,1.3768,1.3775,1.3793,1.3793,1.3793,1.3801,1.3798,1.3796,1.3791,1.3798,1.3808,1.3809,1.3813,1.3819,1.3822,1.3819
,,,,,,,,,,,,,,,,,,,,,,,,,,,,,,,,,,,,,,,,,,,,,,,,,,,,,,,,,,,,,,,,,,,,,,,,,,,,,,,,,,,,,,,,,,,,,,,,
Cycles / Well,,,,,,,,,,,,,,,,,,,,,,,,,,,,,,,,,,,,,,,,,,,,,,,,,,,,,,,,,,,,,,,,,,,,,,,,,,,,,,,,,,,,,,,,,,,,,,,,
D10,1,2,3,4,5,6,7,8,9,10,11,12,13,14,15,16,17,18,19,20,21,22,23,24,25,26,27,28,29,30,31,32,33,34,35,36,37,38,39,40,41,42,43,44,45,46,47,48,49,50,51,52,53,54,55,56,57,58,59,60,61,62,63,64,65,66,67,68,69,70,71,72,73,74,75,76,77,78,79,80,81,82,83,84,85,86,87,88,89,90,91,92,93,94,95,96
Time [s],0,1799.821,3599.758,5399.669,7199.591,8999.513,10799.454,12599.368,14399.281,16199.217,17999.132,19799.048,21598.968,23398.907,25198.816,26998.729,28798.66,30598.612,32398.504,34198.422,35998.348,37798.293,39598.197,41398.12,43198.051,44997.975,46797.9,48597.816,50397.749,52197.631,53997.556,55797.465,57597.39,59397.304,61197.232,62997.141,64797.066,66596.996,68396.927,70196.835,71996.75,73796.684,75596.611,77396.528,79196.461,80996.395,82796.296,84596.214,86396.144,88196.085,89995.979,91795.899,93595.822,95395.741,97195.669,98995.594,100795.52,102595.43,104395.36,106195.269,107995.204,109795.106,111595.047,113394.962,115194.873,116994.792,118794.719,120594.63,122394.557,124194.487,125994.397,127794.312,129594.227,131394.143,133194.064,134993.983,136793.918,138593.83,140393.768,142193.687,143993.61,145793.539,147593.44,149393.349,151193.294,152993.201,154793.136,156593.059,158392.972,160192.914,161992.825,163792.732,165592.675,167392.569,169192.493,170992.414
Temp. [°C],19.6,29.9,29.9,30,30,30,30,29.9,30,30,30,30.1,30.1,30,30,30,30,30,30,30,30,30,30,30,30,30.1,30.1,30,30,30,30,30,30,30,30,30,30,30,30,30,30,30,30,30,30,30,30,30,30,30,30,30,30,30,30,30,30,30,30,29.9,30,30,30,30,30,30,30,30,30.1,30,30.1,30.1,30,30,30,30,30,29.9,30,30,30,30,30,30,30,30,30,30,30.1,30,30,30,30,30,30,30
Mean,0.15598,0.1543,0.16706,0.17642,0.1844,0.19444,0.2064,0.22196,0.24286,0.26888,0.3027,0.3463,0.40112,0.4654,0.54038,0.62372,0.7181,0.8172,0.91884,1.01374,1.0985,1.1666,1.22036,1.26058,1.28994,1.31366,1.33102,1.34618,1.35742,1.36804,1.37666,1.38424,1.39118,1.39706,1.40034,1.4032,1.40644,1.40764,1.41052,1.41322,1.41598,1.41872,1.42176,1.42512,1.42708,1.43,1.43234,1.43438,1.4364,1.4391,1.44094,1.44232,1.44348,1.44488,1.44652,1.44802,1.44908,1.45058,1.45124,1.4525,1.453,1.45534,1.4559,1.45714,1.45794,1.45942,1.45962,1.46098,1.46122,1.4619,1.46308,1.46424,1.46512,1.46518,1.4665,1.46698,1.46772,1.46828,1.46894,1.47028,1.47024,1.47072,1.47162,1.47226,1.47214,1.47276,1.47376,1.47396,1.47456,1.4755,1.47658,1.47666,1.47654,1.47714,1.47764,1.4779
StDev,0.007779267,0.009273888,0.008367676,0.007439556,0.007038111,0.007205762,0.007793908,0.008626297,0.010613341,0.013265444,0.017269771,0.022993477,0.031546347,0.040365827,0.049634534,0.060098769,0.067718018,0.075573805,0.08146897,0.083775193,0.085018968,0.083248243,0.08116944,0.078540894,0.076952667,0.076185583,0.075346845,0.074548152,0.073734809,0.073561321,0.07311175,0.072777455,0.072558473,0.072419769,0.071623236,0.071926282,0.07160044,0.071771185,0.071226519,0.071261715,0.071408242,0.071408452,0.071353858,0.071479417,0.071825044,0.071617247,0.071797201,0.071562819,0.071613267,0.071249561,0.071411085,0.070824092,0.071167176,0.071156532,0.071492811,0.071133761,0.071066216,0.071429035,0.071633533,0.071225698,0.071487307,0.072414936,0.072175896,0.07191657,0.072174497,0.07234471,0.072197486,0.072483633,0.072351586,0.072429379,0.072557267,0.072461873,0.072718615,0.072897922,0.072546916,0.07219437,0.072792802,0.072707785,0.072743371,0.073503245,0.072833907,0.072373662,0.072692448,0.072831092,0.072770138,0.073037716,0.072741652,0.071995472,0.072855391,0.072820601,0.073107366,0.072883524,0.072943081,0.072695137,0.072776906,0.073523296
1;2,0.1505,0.1463,0.1612,0.1727,0.182,0.1932,0.2074,0.2237,0.2465,0.2767,0.3148,0.3642,0.4279,0.4991,0.5807,0.6689,0.7674,0.8683,0.9714,1.0623,1.147,1.2161,1.2683,1.3072,1.3364,1.3615,1.3772,1.3911,1.4031,1.4144,1.4214,1.4288,1.4343,1.4409,1.4435,1.4455,1.4492,1.4508,1.4542,1.4571,1.4599,1.4616,1.4659,1.4681,1.4709,1.4741,1.4761,1.4768,1.4787,1.4817,1.4828,1.4841,1.4862,1.4863,1.4879,1.4891,1.4882,1.4932,1.4923,1.4922,1.4939,1.4979,1.4989,1.499,1.5009,1.5013,1.5007,1.5029,1.5024,1.5021,1.505,1.5048,1.506,1.5045,1.5053,1.5088,1.5095,1.5103,1.511,1.5124,1.5127,1.51,1.5123,1.5131,1.512,1.5141,1.5151,1.5132,1.5149,1.5161,1.5185,1.5179,1.5174,1.5177,1.5175,1.5197
2;1,0.1648,0.1658,0.179,0.1875,0.1952,0.2049,0.2164,0.2316,0.2544,0.2759,0.307,0.3461,0.3913,0.4457,0.5079,0.5783,0.6608,0.7497,0.8424,0.9337,1.0148,1.0845,1.1401,1.1822,1.211,1.2361,1.2536,1.2693,1.2822,1.2923,1.3023,1.3099,1.3169,1.3229,1.3276,1.3305,1.3336,1.3339,1.3382,1.3411,1.344,1.3458,1.3488,1.3517,1.353,1.3571,1.3592,1.3613,1.3646,1.3659,1.3672,1.3697,1.3707,1.3722,1.3729,1.3749,1.3759,1.3773,1.3776,1.3803,1.3802,1.3811,1.3817,1.3825,1.3834,1.3843,1.3844,1.3852,1.3862,1.3869,1.3872,1.3888,1.3889,1.389,1.3913,1.3923,1.3919,1.3925,1.3932,1.3944,1.3944,1.3959,1.3958,1.3962,1.3969,1.396,1.3981,1.4,1.3995,1.401,1.4008,1.4008,1.4017,1.4028,1.4029,1.4025
2;2,0.1514,0.1488,0.1632,0.1746,0.1845,0.1965,0.2106,0.2283,0.2501,0.2823,0.3213,0.372,0.4369,0.5115,0.598,0.6939,0.7978,0.907,1.0145,1.1123,1.1979,1.2623,1.3131,1.3508,1.3771,1.399,1.4155,1.4304,1.4412,1.4495,1.4586,1.4655,1.4735,1.4783,1.4812,1.4847,1.4865,1.4882,1.4895,1.4935,1.4958,1.4992,1.5014,1.5052,1.5074,1.5107,1.5132,1.5154,1.5177,1.5195,1.5217,1.5229,1.5246,1.5265,1.5283,1.5293,1.5304,1.532,1.5328,1.5344,1.5343,1.5374,1.5373,1.5385,1.5396,1.5408,1.5418,1.5429,1.544,1.5448,1.5448,1.5469,1.5474,1.5487,1.5503,1.5491,1.55,1.5506,1.551,1.5543,1.5527,1.5536,1.5544,1.5548,1.5554,1.5569,1.5565,1.557,1.5579,1.559,1.5597,1.5594,1.5593,1.5604,1.5607,1.5616
2;3,0.1491,0.1477,0.1594,0.1679,0.1757,0.185,0.1967,0.2116,0.2321,0.2574,0.2911,0.3344,0.3905,0.4584,0.5369,0.6273,0.7253,0.8301,0.9387,1.0408,1.1281,1.1958,1.2501,1.2884,1.3183,1.341,1.3593,1.3741,1.3828,1.3957,1.4042,1.4121,1.4185,1.4248,1.4272,1.4309,1.4349,1.4354,1.4385,1.4391,1.4429,1.4459,1.4486,1.453,1.4546,1.456,1.459,1.4617,1.4635,1.4663,1.4689,1.469,1.4692,1.4713,1.4737,1.4753,1.4783,1.4767,1.4795,1.4806,1.4814,1.4833,1.4837,1.4856,1.4854,1.489,1.4885,1.4901,1.4895,1.4913,1.4927,1.4937,1.4955,1.4959,1.4964,1.4951,1.4973,1.4973,1.4984,1.4988,1.4989,1.501,1.5014,1.5026,1.5023,1.5007,1.503,1.503,1.5043,1.5046,1.5056,1.5064,1.5068,1.5063,1.5081,1.5073
3;2,0.1641,0.1629,0.1725,0.1794,0.1846,0.1926,0.2009,0.2146,0.2312,0.2521,0.2793,0.3148,0.359,0.4123,0.4784,0.5502,0.6392,0.7309,0.8272,0.9196,1.0047,1.0743,1.1302,1.1743,1.2069,1.2307,1.2495,1.266,1.2778,1.2883,1.2968,1.3049,1.3127,1.3184,1.3222,1.3244,1.328,1.3299,1.3322,1.3353,1.3373,1.3411,1.3441,1.3476,1.3495,1.3521,1.3542,1.3567,1.3575,1.3621,1.3641,1.3659,1.3667,1.3681,1.3698,1.3715,1.3726,1.3737,1.374,1.375,1.3752,1.377,1.3779,1.3801,1.3804,1.3817,1.3827,1.3838,1.384,1.3844,1.3857,1.387,1.3878,1.3878,1.3892,1.3896,1.3899,1.3907,1.3911,1.3915,1.3925,1.3931,1.3942,1.3946,1.3941,1.3961,1.3961,1.3966,1.3962,1.3968,1.3983,1.3988,1.3975,1.3985,1.399,1.3984
,,,,,,,,,,,,,,,,,,,,,,,,,,,,,,,,,,,,,,,,,,,,,,,,,,,,,,,,,,,,,,,,,,,,,,,,,,,,,,,,,,,,,,,,,,,,,,,,
Cycles / Well,,,,,,,,,,,,,,,,,,,,,,,,,,,,,,,,,,,,,,,,,,,,,,,,,,,,,,,,,,,,,,,,,,,,,,,,,,,,,,,,,,,,,,,,,,,,,,,,
D11,1,2,3,4,5,6,7,8,9,10,11,12,13,14,15,16,17,18,19,20,21,22,23,24,25,26,27,28,29,30,31,32,33,34,35,36,37,38,39,40,41,42,43,44,45,46,47,48,49,50,51,52,53,54,55,56,57,58,59,60,61,62,63,64,65,66,67,68,69,70,71,72,73,74,75,76,77,78,79,80,81,82,83,84,85,86,87,88,89,90,91,92,93,94,95,96
Time [s],0,1799.821,3599.758,5399.669,7199.591,8999.513,10799.454,12599.368,14399.281,16199.217,17999.132,19799.048,21598.968,23398.907,25198.816,26998.729,28798.66,30598.612,32398.504,34198.422,35998.348,37798.293,39598.197,41398.12,43198.051,44997.975,46797.9,48597.816,50397.749,52197.631,53997.556,55797.465,57597.39,59397.304,61197.232,62997.141,64797.066,66596.996,68396.927,70196.835,71996.75,73796.684,75596.611,77396.528,79196.461,80996.395,82796.296,84596.214,86396.144,88196.085,89995.979,91795.899,93595.822,95395.741,97195.669,98995.594,100795.52,102595.43,104395.36,106195.269,107995.204,109795.106,111595.047,113394.962,115194.873,116994.792,118794.719,120594.63,122394.557,124194.487,125994.397,127794.312,129594.227,131394.143,133194.064,134993.983,136793.918,138593.83,140393.768,142193.687,143993.61,145793.539,147593.44,149393.349,151193.294,152993.201,154793.136,156593.059,158392.972,160192.914,161992.825,163792.732,165592.675,167392.569,169192.493,170992.414
Temp. [°C],19.6,29.9,29.9,30,30,30,30,29.9,30,30,30,30.1,30.1,30,30,30,30,30,30,30,30,30,30,30,30,30.1,30.1,30,30,30,30,30,30,30,30,30,30,30,30,30,30,30,30,30,30,30,30,30,30,30,30,30,30,30,30,30,30,30,30,29.9,30,30,30,30,30,30,30,30,30.1,30,30.1,30.1,30,30,30,30,30,29.9,30,30,30,30,30,30,30,30,30,30,30.1,30,30,30,30,30,30,30
Mean,0.16428,0.1665,0.18966,0.20784,0.22628,0.24884,0.27728,0.311,0.35022,0.39424,0.44338,0.4954,0.55382,0.61202,0.67592,0.74138,0.81072,0.87804,0.94478,1.0022,1.05382,1.09558,1.1285,1.15596,1.18044,1.20556,1.22506,1.24496,1.26302,1.27864,1.29216,1.30436,1.31696,1.32904,1.33836,1.34664,1.35526,1.36344,1.36894,1.37542,1.3821,1.38496,1.3896,1.39364,1.39488,1.39894,1.40226,1.40278,1.40548,1.40748,1.4075,1.40922,1.41202,1.4123,1.41464,1.41476,1.41574,1.42,1.4193,1.42012,1.42042,1.42324,1.4247,1.42434,1.42698,1.42566,1.42768,1.42764,1.42746,1.42808,1.42978,1.4295,1.43048,1.43132,1.4306,1.43368,1.43426,1.43594,1.43532,1.43716,1.43638,1.43634,1.4372,1.43752,1.43718,1.43874,1.43986,1.44038,1.44098,1.44044,1.44216,1.44074,1.44114,1.44142,1.44226,1.44362
StDev,0.011093106,0.013046647,0.011538111,0.012359733,0.017339752,0.027422673,0.041312311,0.058796088,0.07946211,0.105585761,0.134175732,0.164462792,0.197520903,0.231356947,0.265379327,0.297171747,0.32097804,0.337827779,0.346600385,0.35077053,0.350812225,0.346583636,0.343121502,0.338990993,0.335207381,0.329628235,0.326288558,0.321410521,0.316356234,0.312922447,0.306785337,0.301433712,0.294696128,0.28530472,0.278615332,0.271615994,0.264488531,0.257885019,0.253643476,0.248003623,0.243434129,0.242122578,0.239409283,0.237129939,0.236364024,0.234564155,0.232600845,0.232830232,0.230780755,0.229815942,0.230488319,0.230184897,0.228137112,0.228999487,0.22720608,0.228027066,0.228775005,0.226700022,0.226735815,0.225983953,0.225597489,0.226263979,0.22549041,0.226114955,0.22454343,0.226014696,0.225098205,0.225588448,0.226212849,0.225838287,0.225357088,0.227069406,0.226416159,0.226118469,0.226114429,0.22439098,0.224762993,0.223047244,0.224337897,0.222609092,0.224069726,0.224082257,0.225045418,0.224553795,0.224304006,0.221925535,0.223128479,0.223076695,0.223186126,0.223416098,0.222481309,0.223515655,0.224497267,0.223687376,0.223755342,0.222739774
1;2,0.1547,0.1514,0.1732,0.1932,0.214,0.2377,0.2653,0.2963,0.3281,0.3637,0.3984,0.4333,0.4749,0.5109,0.5523,0.5995,0.6551,0.7067,0.7632,0.8026,0.8487,0.8889,0.9143,0.9442,0.9671,0.9948,1.0159,1.0354,1.0543,1.0739,1.0868,1.102,1.1174,1.1359,1.1475,1.1601,1.1755,1.1868,1.1918,1.2009,1.2143,1.2162,1.2256,1.2329,1.2313,1.2383,1.244,1.2412,1.2472,1.251,1.2469,1.2484,1.2552,1.2489,1.2562,1.2521,1.2524,1.2651,1.2606,1.2615,1.2651,1.2693,1.2695,1.2675,1.2748,1.2702,1.2719,1.2731,1.269,1.2682,1.276,1.2683,1.2725,1.2735,1.2702,1.2802,1.2803,1.2855,1.283,1.2867,1.2808,1.2782,1.2819,1.282,1.2796,1.2845,1.2865,1.2838,1.2868,1.2837,1.2913,1.2878,1.2829,1.2835,1.2879,1.2917
2;1,0.1757,0.1763,0.1912,0.1972,0.2041,0.2101,0.2184,0.2279,0.2413,0.2532,0.2711,0.2915,0.3148,0.3403,0.3692,0.4011,0.4387,0.48,0.5247,0.5675,0.6074,0.6464,0.6814,0.7095,0.7375,0.7669,0.789,0.8149,0.8402,0.858,0.8818,0.9018,0.9243,0.9496,0.9696,0.9881,1.0054,1.0242,1.0383,1.054,1.065,1.0712,1.0777,1.0837,1.0887,1.0938,1.0993,1.1019,1.106,1.1086,1.1102,1.1124,1.1162,1.1192,1.1216,1.1233,1.1227,1.1255,1.127,1.129,1.1283,1.1289,1.1327,1.1323,1.1346,1.1329,1.1368,1.1348,1.1363,1.1387,1.1371,1.1383,1.1386,1.1398,1.1407,1.1423,1.1426,1.1452,1.1434,1.1468,1.1472,1.1485,1.1458,1.1472,1.1491,1.1519,1.1508,1.1536,1.1524,1.1532,1.1524,1.1504,1.1522,1.1542,1.1529,1.1546
2;2,0.1602,0.1621,0.1929,0.2206,0.2481,0.2814,0.3226,0.3708,0.424,0.4858,0.5515,0.6195,0.6949,0.7683,0.8522,0.9342,1.0247,1.1105,1.1884,1.2518,1.3083,1.3523,1.3824,1.4042,1.4275,1.4524,1.4675,1.4845,1.5051,1.5149,1.5272,1.5362,1.5467,1.5528,1.5588,1.5619,1.5641,1.5697,1.5728,1.5761,1.5786,1.5816,1.5826,1.5856,1.5863,1.5914,1.5939,1.5926,1.595,1.5953,1.5945,1.5969,1.5986,1.6001,1.6009,1.6012,1.6024,1.6058,1.605,1.6054,1.604,1.6087,1.6106,1.6104,1.6123,1.6094,1.6121,1.6123,1.614,1.6125,1.6131,1.6157,1.6146,1.6169,1.6111,1.6179,1.617,1.6181,1.618,1.6171,1.619,1.6186,1.6191,1.6198,1.6188,1.6206,1.6218,1.6236,1.6233,1.6232,1.6224,1.621,1.6221,1.6244,1.6227,1.6251
2;3,0.1542,0.1593,0.186,0.2095,0.234,0.2668,0.3105,0.3647,0.4328,0.5123,0.6044,0.7029,0.8113,0.923,1.0364,1.149,1.2455,1.3275,1.3955,1.4466,1.484,1.5078,1.5293,1.5478,1.5625,1.5739,1.5878,1.5982,1.6053,1.6169,1.6207,1.6271,1.6303,1.6327,1.6344,1.6361,1.6382,1.6392,1.6411,1.6422,1.6449,1.6463,1.649,1.6499,1.6515,1.6513,1.6522,1.6553,1.6545,1.6561,1.6584,1.6589,1.6588,1.6602,1.6605,1.6626,1.6637,1.6649,1.6645,1.6643,1.6655,1.6676,1.6679,1.6686,1.6686,1.6713,1.6715,1.6715,1.6717,1.6737,1.6745,1.6752,1.6767,1.6759,1.679,1.6759,1.6783,1.6775,1.6786,1.6791,1.6799,1.68,1.6823,1.6817,1.6823,1.6785,1.682,1.682,1.6831,1.683,1.6839,1.6842,1.6858,1.684,1.6868,1.6857
3;2,0.1766,0.1834,0.205,0.2187,0.2312,0.2482,0.2696,0.2953,0.3249,0.3562,0.3915,0.4298,0.4732,0.5176,0.5695,0.6231,0.6896,0.7655,0.8521,0.9425,1.0207,1.0825,1.1351,1.1741,1.2076,1.2398,1.2651,1.2918,1.3102,1.3295,1.3443,1.3547,1.3661,1.3742,1.3815,1.387,1.3931,1.3973,1.4007,1.4039,1.4077,1.4095,1.4131,1.4161,1.4166,1.4199,1.4219,1.4229,1.4247,1.4264,1.4275,1.4295,1.4313,1.4331,1.434,1.4346,1.4375,1.4387,1.4394,1.4404,1.4392,1.4417,1.4428,1.4429,1.4446,1.4445,1.4461,1.4465,1.4463,1.4473,1.4482,1.45,1.45,1.4505,1.452,1.4521,1.4531,1.4534,1.4536,1.4561,1.455,1.4564,1.4569,1.4569,1.4561,1.4582,1.4582,1.4589,1.4593,1.4591,1.4608,1.4603,1.4627,1.461,1.461,1.461
,,,,,,,,,,,,,,,,,,,,,,,,,,,,,,,,,,,,,,,,,,,,,,,,,,,,,,,,,,,,,,,,,,,,,,,,,,,,,,,,,,,,,,,,,,,,,,,,
Cycles / Well,,,,,,,,,,,,,,,,,,,,,,,,,,,,,,,,,,,,,,,,,,,,,,,,,,,,,,,,,,,,,,,,,,,,,,,,,,,,,,,,,,,,,,,,,,,,,,,,
D12,1,2,3,4,5,6,7,8,9,10,11,12,13,14,15,16,17,18,19,20,21,22,23,24,25,26,27,28,29,30,31,32,33,34,35,36,37,38,39,40,41,42,43,44,45,46,47,48,49,50,51,52,53,54,55,56,57,58,59,60,61,62,63,64,65,66,67,68,69,70,71,72,73,74,75,76,77,78,79,80,81,82,83,84,85,86,87,88,89,90,91,92,93,94,95,96
Time [s],0,1799.821,3599.758,5399.669,7199.591,8999.513,10799.454,12599.368,14399.281,16199.217,17999.132,19799.048,21598.968,23398.907,25198.816,26998.729,28798.66,30598.612,32398.504,34198.422,35998.348,37798.293,39598.197,41398.12,43198.051,44997.975,46797.9,48597.816,50397.749,52197.631,53997.556,55797.465,57597.39,59397.304,61197.232,62997.141,64797.066,66596.996,68396.927,70196.835,71996.75,73796.684,75596.611,77396.528,79196.461,80996.395,82796.296,84596.214,86396.144,88196.085,89995.979,91795.899,93595.822,95395.741,97195.669,98995.594,100795.52,102595.43,104395.36,106195.269,107995.204,109795.106,111595.047,113394.962,115194.873,116994.792,118794.719,120594.63,122394.557,124194.487,125994.397,127794.312,129594.227,131394.143,133194.064,134993.983,136793.918,138593.83,140393.768,142193.687,143993.61,145793.539,147593.44,149393.349,151193.294,152993.201,154793.136,156593.059,158392.972,160192.914,161992.825,163792.732,165592.675,167392.569,169192.493,170992.414
Temp. [°C],19.6,29.9,29.9,30,30,30,30,29.9,30,30,30,30.1,30.1,30,30,30,30,30,30,30,30,30,30,30,30,30.1,30.1,30,30,30,30,30,30,30,30,30,30,30,30,30,30,30,30,30,30,30,30,30,30,30,30,30,30,30,30,30,30,30,30,29.9,30,30,30,30,30,30,30,30,30.1,30,30.1,30.1,30,30,30,30,30,29.9,30,30,30,30,30,30,30,30,30,30,30.1,30,30,30,30,30,30,30
Mean,0.15608,0.15898,0.16898,0.17576,0.18304,0.19278,0.20694,0.22514,0.25338,0.286,0.33136,0.39088,0.4632,0.54844,0.64262,0.7447,0.85182,0.95502,1.0466,1.12338,1.1829,1.22796,1.2637,1.28934,1.31156,1.32816,1.34328,1.35596,1.36686,1.37608,1.3833,1.38922,1.39452,1.39876,1.40326,1.40596,1.40784,1.41084,1.41234,1.41344,1.41478,1.41698,1.4188,1.4204,1.42202,1.42352,1.4246,1.42598,1.42672,1.42862,1.4304,1.4313,1.43242,1.43352,1.43482,1.43554,1.43656,1.43802,1.43928,1.43952,1.43962,1.44074,1.44136,1.4428,1.44404,1.4446,1.4448,1.44604,1.44678,1.44752,1.44806,1.44914,1.45092,1.45028,1.4514,1.45198,1.45284,1.4532,1.45438,1.45562,1.4554,1.45654,1.45708,1.45774,1.45812,1.45894,1.45954,1.46,1.4609,1.46124,1.4622,1.4629,1.46364,1.46392,1.4641,1.46496
StDev,0.009593331,0.008680265,0.008180281,0.008158615,0.008348832,0.008677384,0.009852056,0.009914283,0.013492479,0.012355768,0.013379574,0.017166159,0.023180056,0.029502593,0.037586926,0.045273005,0.052730418,0.056086514,0.056860399,0.055055581,0.053767602,0.051505514,0.048964834,0.048432768,0.047222272,0.046772674,0.046036475,0.045183105,0.045239839,0.04460361,0.043526142,0.043421389,0.043299446,0.043038041,0.042320125,0.042081148,0.041605324,0.04105165,0.04132521,0.041467915,0.041351203,0.041239811,0.041123959,0.041583591,0.041234779,0.0415767,0.04120176,0.041431413,0.042217733,0.041366073,0.041329348,0.041078157,0.041078364,0.04120057,0.041264416,0.040878821,0.040733684,0.041188433,0.041339956,0.041177688,0.041044573,0.040963313,0.041060602,0.041327594,0.041171082,0.041024444,0.040972918,0.041354601,0.040861926,0.040963606,0.041226848,0.041548321,0.041275683,0.040840813,0.039789069,0.041005573,0.040779934,0.040683719,0.041015265,0.040706351,0.04051944,0.040643856,0.04057477,0.041013571,0.04038127,0.040131197,0.040929549,0.040550154,0.039740722,0.0405762,0.040921816,0.040623269,0.040386792,0.040290408,0.040791727,0.040320007
1;2,0.1507,0.1516,0.1627,0.1705,0.1785,0.1898,0.2039,0.2251,0.253,0.2916,0.3439,0.4118,0.4954,0.5903,0.6963,0.8077,0.9242,1.0305,1.1212,1.194,1.2506,1.291,1.3228,1.3471,1.3677,1.383,1.3962,1.4073,1.4177,1.4259,1.4318,1.4376,1.4422,1.446,1.4496,1.4517,1.4528,1.4555,1.456,1.4577,1.4596,1.461,1.4625,1.4649,1.4663,1.4679,1.4682,1.4698,1.4727,1.4726,1.4744,1.4755,1.4767,1.4777,1.4782,1.4793,1.4798,1.4821,1.4841,1.4832,1.4827,1.4846,1.4847,1.4871,1.4887,1.4878,1.4881,1.4896,1.4898,1.4914,1.4918,1.493,1.4939,1.4934,1.4941,1.4953,1.4966,1.4967,1.4982,1.5,1.4983,1.5001,1.4996,1.5011,1.5009,1.5016,1.5038,1.5038,1.5036,1.5047,1.5059,1.5056,1.5062,1.5064,1.5076,1.5089
2;1,0.1687,0.1681,0.1794,0.1862,0.1941,0.2043,0.2194,0.2388,0.2695,0.2998,0.3414,0.3975,0.4621,0.5402,0.6243,0.7144,0.8121,0.91,0.9961,1.0714,1.129,1.1727,1.2119,1.2369,1.2586,1.2756,1.2896,1.302,1.3139,1.3223,1.3312,1.3357,1.3407,1.3448,1.3501,1.3526,1.355,1.3589,1.3591,1.3605,1.362,1.3644,1.3655,1.3669,1.3684,1.3697,1.3708,1.3719,1.3721,1.3748,1.3757,1.3779,1.3791,1.3802,1.381,1.3816,1.3829,1.3848,1.3855,1.3861,1.3856,1.3868,1.3869,1.3889,1.3903,1.3897,1.3905,1.3915,1.3932,1.3933,1.394,1.3938,1.3953,1.396,1.3986,1.3971,1.3983,1.3994,1.4,1.402,1.4016,1.4025,1.4028,1.4029,1.4046,1.4059,1.405,1.4067,1.4082,1.4077,1.4074,1.408,1.4093,1.4098,1.4081,1.4112
2;2,0.1517,0.1527,0.1628,0.1697,0.1774,0.1875,0.2015,0.221,0.2459,0.2835,0.3328,0.3958,0.4746,0.5659,0.6675,0.7779,0.8911,0.9983,1.0915,1.1683,1.2275,1.2717,1.3067,1.3321,1.3533,1.3703,1.3847,1.3966,1.4091,1.4171,1.4241,1.4291,1.4345,1.4383,1.4422,1.4445,1.4463,1.4489,1.451,1.4525,1.4532,1.456,1.4574,1.4592,1.4599,1.4623,1.4633,1.4648,1.4654,1.4674,1.4681,1.469,1.4703,1.4718,1.4739,1.473,1.4739,1.4765,1.4767,1.4783,1.4777,1.4779,1.479,1.4804,1.4811,1.4818,1.4822,1.484,1.4845,1.4843,1.4857,1.4865,1.4882,1.4874,1.4863,1.489,1.489,1.4901,1.4913,1.4915,1.4922,1.4928,1.494,1.4946,1.4948,1.4955,1.4955,1.4963,1.4965,1.4977,1.4984,1.4988,1.4995,1.5001,1.4987,1.5
2;3,0.1458,0.1537,0.1637,0.1694,0.1754,0.1832,0.1953,0.2119,0.2355,0.2666,0.3102,0.3661,0.4357,0.5178,0.613,0.7161,0.8252,0.9297,1.0266,1.1057,1.1675,1.2153,1.2508,1.2778,1.2994,1.3164,1.3342,1.348,1.357,1.3679,1.3735,1.3803,1.3865,1.3914,1.3961,1.4,1.4016,1.4034,1.4071,1.4063,1.4068,1.4093,1.4115,1.4134,1.4156,1.4164,1.4171,1.419,1.4182,1.4209,1.4246,1.4247,1.4249,1.4262,1.4274,1.4284,1.4312,1.4304,1.4331,1.4319,1.4346,1.4353,1.4362,1.4377,1.4382,1.4403,1.4401,1.4416,1.4423,1.4428,1.4437,1.4459,1.4481,1.446,1.4489,1.4477,1.4483,1.4476,1.4496,1.4507,1.4509,1.4521,1.4532,1.454,1.4537,1.4539,1.4552,1.455,1.4559,1.4568,1.4586,1.4609,1.4612,1.4603,1.4627,1.4606
3;2,0.1635,0.1688,0.1763,0.183,0.1898,0.1991,0.2146,0.2289,0.263,0.2885,0.3285,0.3832,0.4482,0.528,0.612,0.7074,0.8065,0.9066,0.9976,1.0775,1.1399,1.1891,1.2263,1.2528,1.2788,1.2955,1.3117,1.3259,1.3366,1.3472,1.3559,1.3634,1.3687,1.3733,1.3783,1.381,1.3835,1.3875,1.3885,1.3902,1.3923,1.3942,1.3971,1.3976,1.3999,1.4013,1.4036,1.4044,1.4052,1.4074,1.4092,1.4094,1.4111,1.4117,1.4136,1.4154,1.415,1.4163,1.417,1.4181,1.4175,1.4191,1.42,1.4199,1.4219,1.4234,1.4231,1.4235,1.4241,1.4258,1.4251,1.4265,1.4291,1.4286,1.4291,1.4308,1.432,1.4322,1.4328,1.4339,1.434,1.4352,1.4358,1.4361,1.4366,1.4378,1.4382,1.4382,1.4403,1.4393,1.4407,1.4412,1.442,1.443,1.4434,1.4441
,,,,,,,,,,,,,,,,,,,,,,,,,,,,,,,,,,,,,,,,,,,,,,,,,,,,,,,,,,,,,,,,,,,,,,,,,,,,,,,,,,,,,,,,,,,,,,,,
Cycles / Well,,,,,,,,,,,,,,,,,,,,,,,,,,,,,,,,,,,,,,,,,,,,,,,,,,,,,,,,,,,,,,,,,,,,,,,,,,,,,,,,,,,,,,,,,,,,,,,,
E1,1,2,3,4,5,6,7,8,9,10,11,12,13,14,15,16,17,18,19,20,21,22,23,24,25,26,27,28,29,30,31,32,33,34,35,36,37,38,39,40,41,42,43,44,45,46,47,48,49,50,51,52,53,54,55,56,57,58,59,60,61,62,63,64,65,66,67,68,69,70,71,72,73,74,75,76,77,78,79,80,81,82,83,84,85,86,87,88,89,90,91,92,93,94,95,96
Time [s],0,1799.821,3599.758,5399.669,7199.591,8999.513,10799.454,12599.368,14399.281,16199.217,17999.132,19799.048,21598.968,23398.907,25198.816,26998.729,28798.66,30598.612,32398.504,34198.422,35998.348,37798.293,39598.197,41398.12,43198.051,44997.975,46797.9,48597.816,50397.749,52197.631,53997.556,55797.465,57597.39,59397.304,61197.232,62997.141,64797.066,66596.996,68396.927,70196.835,71996.75,73796.684,75596.611,77396.528,79196.461,80996.395,82796.296,84596.214,86396.144,88196.085,89995.979,91795.899,93595.822,95395.741,97195.669,98995.594,100795.52,102595.43,104395.36,106195.269,107995.204,109795.106,111595.047,113394.962,115194.873,116994.792,118794.719,120594.63,122394.557,124194.487,125994.397,127794.312,129594.227,131394.143,133194.064,134993.983,136793.918,138593.83,140393.768,142193.687,143993.61,145793.539,147593.44,149393.349,151193.294,152993.201,154793.136,156593.059,158392.972,160192.914,161992.825,163792.732,165592.675,167392.569,169192.493,170992.414
Temp. [°C],19.6,29.9,29.9,30,30,30,30,29.9,30,30,30,30.1,30.1,30,30,30,30,30,30,30,30,30,30,30,30,30.1,30.1,30,30,30,30,30,30,30,30,30,30,30,30,30,30,30,30,30,30,30,30,30,30,30,30,30,30,30,30,30,30,30,30,29.9,30,30,30,30,30,30,30,30,30.1,30,30.1,30.1,30,30,30,30,30,29.9,30,30,30,30,30,30,30,30,30,30,30.1,30,30,30,30,30,30,30
Mean,0.12932,0.13112,0.13704,0.1438,0.15202,0.16286,0.17756,0.19652,0.2199,0.24934,0.28524,0.32632,0.37332,0.42734,0.48528,0.54976,0.6222,0.69804,0.77928,0.86442,0.94926,1.02728,1.09306,1.15224,1.1991,1.2395,1.27268,1.30708,1.33896,1.37032,1.3952,1.4129,1.42604,1.43588,1.44114,1.44422,1.44908,1.4521,1.45428,1.45626,1.45736,1.45912,1.46192,1.46362,1.46492,1.46766,1.46892,1.46998,1.47198,1.4738,1.47492,1.47624,1.47738,1.47856,1.48024,1.48106,1.4822,1.48378,1.48448,1.48596,1.486,1.48742,1.4889,1.48924,1.48966,1.49074,1.49184,1.49222,1.49218,1.49346,1.49452,1.4956,1.49564,1.49608,1.49558,1.49818,1.49814,1.49912,1.49934,1.49978,1.50068,1.50072,1.50132,1.50204,1.50288,1.50314,1.5034,1.50448,1.5043,1.5049,1.50562,1.5043,1.50576,1.50634,1.50618,1.50718
StDev,0.005534618,0.005834981,0.007081878,0.008385106,0.009835497,0.011010132,0.013582636,0.01787336,0.022700991,0.03143331,0.041615778,0.054285882,0.06793388,0.084880168,0.103122195,0.121720286,0.141246097,0.161265257,0.180496072,0.195928717,0.204527218,0.206597379,0.205610233,0.198935914,0.19306293,0.185119745,0.176154001,0.163853386,0.151681057,0.14083468,0.131276026,0.122129583,0.113517963,0.105985622,0.100831062,0.096327057,0.092853174,0.089392198,0.087959405,0.086245742,0.085434847,0.083949759,0.083179847,0.081596428,0.08053963,0.079852226,0.079978009,0.078817682,0.078328935,0.076861466,0.076935116,0.076404601,0.075726792,0.075356572,0.07403383,0.074128085,0.07363929,0.072640808,0.072470077,0.071861972,0.071741445,0.071356969,0.071399825,0.070687467,0.070514559,0.069509805,0.069118181,0.069516991,0.069011245,0.069016614,0.068743923,0.068105727,0.067748454,0.067972141,0.067959488,0.067152379,0.067286165,0.066523808,0.066247211,0.066198467,0.065939874,0.066032924,0.065982323,0.065711323,0.065005977,0.065037013,0.065079221,0.064787784,0.06474222,0.064583705,0.064450694,0.065146566,0.064879296,0.064225914,0.064313855,0.063979465
1;2,0.1258,0.1274,0.1319,0.1375,0.1456,0.1577,0.174,0.1962,0.2246,0.2629,0.3076,0.3611,0.4201,0.4871,0.559,0.6362,0.7183,0.8036,0.8925,0.983,1.067,1.1461,1.2172,1.2755,1.3223,1.3589,1.3883,1.4117,1.4382,1.4634,1.4788,1.4893,1.4964,1.5025,1.5034,1.5044,1.506,1.5056,1.5065,1.5066,1.5074,1.5071,1.5079,1.5096,1.5099,1.5116,1.5135,1.5131,1.515,1.5153,1.5168,1.5172,1.5182,1.5188,1.5193,1.5205,1.5215,1.5218,1.5222,1.5228,1.5229,1.5251,1.5255,1.525,1.5257,1.5256,1.5261,1.5275,1.5274,1.5291,1.5294,1.5297,1.5298,1.5298,1.5289,1.531,1.5312,1.532,1.5321,1.5319,1.533,1.5329,1.5334,1.5337,1.5334,1.5331,1.5342,1.5344,1.5349,1.535,1.5349,1.5351,1.5358,1.535,1.5355,1.5359
2;1,0.1308,0.1342,0.1441,0.1537,0.1661,0.1805,0.2004,0.2263,0.2555,0.2941,0.3396,0.391,0.4481,0.5168,0.5899,0.6708,0.7623,0.8584,0.9603,1.0625,1.1559,1.2327,1.2928,1.3423,1.3793,1.4097,1.4331,1.4563,1.4771,1.4967,1.5133,1.5228,1.5289,1.5319,1.5341,1.5331,1.5353,1.5361,1.5379,1.538,1.5392,1.5405,1.5426,1.5429,1.5435,1.5454,1.5465,1.5473,1.5484,1.5491,1.5502,1.5512,1.5519,1.5532,1.5534,1.5545,1.555,1.5559,1.5566,1.5569,1.5577,1.5579,1.5592,1.5595,1.5597,1.5607,1.5614,1.5617,1.5614,1.5628,1.5636,1.5643,1.5638,1.5646,1.5651,1.566,1.5662,1.5661,1.5663,1.5675,1.5674,1.5678,1.5685,1.5687,1.5694,1.5707,1.5707,1.5714,1.5713,1.5715,1.5727,1.5724,1.5736,1.5744,1.5739,1.5751
2;2,0.1252,0.1259,0.131,0.1371,0.1447,0.1562,0.1716,0.1914,0.2179,0.2502,0.2914,0.3385,0.3943,0.4577,0.5263,0.602,0.6881,0.7777,0.8723,0.9686,1.0651,1.149,1.2143,1.2703,1.3151,1.3525,1.3799,1.4097,1.431,1.4568,1.4786,1.4915,1.4985,1.5024,1.5033,1.5028,1.5057,1.5065,1.5072,1.5091,1.5083,1.5093,1.5128,1.5125,1.5129,1.516,1.5169,1.5171,1.5192,1.5202,1.521,1.5226,1.5226,1.5232,1.5241,1.5248,1.5257,1.527,1.5274,1.5294,1.5288,1.5298,1.5327,1.5319,1.532,1.5318,1.5329,1.5335,1.5324,1.5331,1.5347,1.5357,1.5353,1.536,1.5345,1.5377,1.5376,1.5382,1.538,1.538,1.5391,1.5389,1.5393,1.5403,1.5404,1.5401,1.5397,1.5413,1.5404,1.5415,1.5421,1.5397,1.5415,1.5415,1.5413,1.5417
2;3,0.1264,0.1282,0.1328,0.1385,0.145,0.1534,0.1646,0.1785,0.1966,0.2172,0.2439,0.2732,0.3084,0.3475,0.39,0.4384,0.4931,0.5488,0.609,0.6746,0.7441,0.8132,0.8744,0.9352,0.985,1.0337,1.0748,1.1212,1.1607,1.2028,1.2385,1.2649,1.2861,1.3041,1.3143,1.323,1.3311,1.3378,1.3424,1.3458,1.3474,1.3516,1.3544,1.3581,1.36,1.3634,1.3638,1.3668,1.3695,1.3726,1.3732,1.3759,1.3773,1.3787,1.3805,1.3821,1.3838,1.3867,1.3872,1.3886,1.3904,1.3915,1.3931,1.3937,1.3945,1.3967,1.398,1.3981,1.3982,1.3994,1.4011,1.4035,1.4035,1.4032,1.4027,1.406,1.4061,1.4078,1.4086,1.4093,1.4099,1.4096,1.4102,1.411,1.4123,1.413,1.4126,1.4139,1.414,1.4146,1.4157,1.4135,1.4152,1.4168,1.4163,1.4177
3;2,0.1384,0.1399,0.1454,0.1522,0.1587,0.1665,0.1772,0.1902,0.2049,0.2223,0.2437,0.2678,0.2957,0.3276,0.3612,0.4014,0.4492,0.5017,0.5623,0.6334,0.7142,0.7954,0.8666,0.9379,0.9938,1.0427,1.0873,1.1365,1.1878,1.2319,1.2668,1.296,1.3203,1.3385,1.3506,1.3578,1.3673,1.3745,1.3774,1.3818,1.3845,1.3871,1.3919,1.395,1.3983,1.4019,1.4039,1.4056,1.4078,1.4118,1.4134,1.4143,1.4169,1.4189,1.4239,1.4234,1.425,1.4275,1.429,1.4321,1.4302,1.4328,1.434,1.4361,1.4364,1.4389,1.4408,1.4403,1.4415,1.4429,1.4438,1.4448,1.4458,1.4468,1.4467,1.4502,1.4496,1.4515,1.4517,1.4522,1.454,1.4544,1.4552,1.4565,1.4589,1.4588,1.4598,1.4614,1.4609,1.4619,1.4627,1.4608,1.4627,1.464,1.4639,1.4655
,,,,,,,,,,,,,,,,,,,,,,,,,,,,,,,,,,,,,,,,,,,,,,,,,,,,,,,,,,,,,,,,,,,,,,,,,,,,,,,,,,,,,,,,,,,,,,,,
Cycles / Well,,,,,,,,,,,,,,,,,,,,,,,,,,,,,,,,,,,,,,,,,,,,,,,,,,,,,,,,,,,,,,,,,,,,,,,,,,,,,,,,,,,,,,,,,,,,,,,,
E2,1,2,3,4,5,6,7,8,9,10,11,12,13,14,15,16,17,18,19,20,21,22,23,24,25,26,27,28,29,30,31,32,33,34,35,36,37,38,39,40,41,42,43,44,45,46,47,48,49,50,51,52,53,54,55,56,57,58,59,60,61,62,63,64,65,66,67,68,69,70,71,72,73,74,75,76,77,78,79,80,81,82,83,84,85,86,87,88,89,90,91,92,93,94,95,96
Time [s],0,1799.821,3599.758,5399.669,7199.591,8999.513,10799.454,12599.368,14399.281,16199.217,17999.132,19799.048,21598.968,23398.907,25198.816,26998.729,28798.66,30598.612,32398.504,34198.422,35998.348,37798.293,39598.197,41398.12,43198.051,44997.975,46797.9,48597.816,50397.749,52197.631,53997.556,55797.465,57597.39,59397.304,61197.232,62997.141,64797.066,66596.996,68396.927,70196.835,71996.75,73796.684,75596.611,77396.528,79196.461,80996.395,82796.296,84596.214,86396.144,88196.085,89995.979,91795.899,93595.822,95395.741,97195.669,98995.594,100795.52,102595.43,104395.36,106195.269,107995.204,109795.106,111595.047,113394.962,115194.873,116994.792,118794.719,120594.63,122394.557,124194.487,125994.397,127794.312,129594.227,131394.143,133194.064,134993.983,136793.918,138593.83,140393.768,142193.687,143993.61,145793.539,147593.44,149393.349,151193.294,152993.201,154793.136,156593.059,158392.972,160192.914,161992.825,163792.732,165592.675,167392.569,169192.493,170992.414
Temp. [°C],19.6,29.9,29.9,30,30,30,30,29.9,30,30,30,30.1,30.1,30,30,30,30,30,30,30,30,30,30,30,30,30.1,30.1,30,30,30,30,30,30,30,30,30,30,30,30,30,30,30,30,30,30,30,30,30,30,30,30,30,30,30,30,30,30,30,30,29.9,30,30,30,30,30,30,30,30,30.1,30,30.1,30.1,30,30,30,30,30,29.9,30,30,30,30,30,30,30,30,30,30,30.1,30,30,30,30,30,30,30
Mean,0.14034,0.14008,0.14902,0.15686,0.16624,0.17854,0.19418,0.21442,0.24092,0.27468,0.31694,0.36638,0.42262,0.48688,0.55494,0.62978,0.71062,0.7922,0.87004,0.9416,1.00536,1.05188,1.08878,1.1208,1.14418,1.1654,1.18348,1.19994,1.21406,1.22516,1.23542,1.2426,1.24838,1.25838,1.2623,1.2672,1.27214,1.27856,1.2834,1.28666,1.2879,1.2909,1.29396,1.29688,1.2978,1.30218,1.30246,1.30372,1.30618,1.30768,1.30772,1.31076,1.31026,1.31162,1.31308,1.31374,1.3154,1.31674,1.31634,1.31848,1.31876,1.31942,1.32196,1.32096,1.32058,1.32322,1.32382,1.32336,1.32244,1.32298,1.32464,1.32576,1.32618,1.32634,1.32412,1.32788,1.32688,1.32834,1.32766,1.3264,1.32774,1.32684,1.32722,1.32812,1.32808,1.3271,1.32738,1.3282,1.32778,1.32858,1.33008,1.3252,1.32816,1.32752,1.32588,1.32744
StDev,0.004101585,0.006773994,0.006453449,0.005627877,0.006197015,0.008412669,0.012892129,0.019069006,0.02813249,0.040298226,0.056331767,0.076168018,0.100025082,0.125878501,0.155134758,0.185611845,0.215156146,0.24244487,0.266110246,0.280702975,0.285892887,0.289330558,0.290730351,0.287974313,0.285675282,0.283180172,0.280204509,0.277143759,0.274551758,0.271849228,0.267708324,0.265002481,0.262700584,0.257318027,0.256082653,0.254451999,0.252082502,0.249131507,0.248706906,0.248776613,0.249007801,0.249767312,0.249366864,0.24863003,0.249579016,0.248937787,0.250144544,0.25040852,0.250581418,0.249659652,0.251938677,0.250871168,0.253007101,0.252613513,0.251629722,0.252781216,0.252551193,0.252324281,0.252708336,0.251942904,0.252891841,0.253533493,0.252237295,0.253875881,0.255545362,0.253153801,0.253042382,0.254801664,0.256028246,0.255266894,0.255446566,0.255380878,0.255694431,0.255823861,0.25835475,0.255081138,0.256797891,0.255580062,0.257000084,0.257820587,0.257420061,0.258590667,0.25833648,0.257684608,0.257372759,0.25850736,0.258569405,0.257661066,0.258846667,0.258248131,0.257818264,0.261664919,0.259221668,0.259323017,0.260690481,0.259495227
1;2,0.1398,0.1353,0.1449,0.1546,0.166,0.1822,0.2029,0.2297,0.2655,0.3118,0.3712,0.4424,0.5248,0.6158,0.7168,0.8241,0.9332,1.0403,1.1371,1.2164,1.277,1.3221,1.3565,1.3819,1.401,1.4169,1.4316,1.4431,1.455,1.4634,1.4701,1.4747,1.4797,1.4843,1.4887,1.4931,1.4961,1.499,1.505,1.5068,1.5099,1.5128,1.514,1.5171,1.5191,1.5222,1.5241,1.5248,1.5283,1.5279,1.5315,1.5324,1.5342,1.5353,1.535,1.537,1.538,1.5389,1.5392,1.5394,1.5407,1.5426,1.5435,1.545,1.5467,1.5453,1.5468,1.5473,1.5482,1.5483,1.5494,1.5501,1.5506,1.5514,1.5514,1.5509,1.5524,1.5519,1.5539,1.5529,1.5545,1.5546,1.5548,1.555,1.5548,1.5548,1.5562,1.5554,1.5569,1.5564,1.5577,1.5579,1.558,1.5578,1.5577,1.5574
2;1,0.1441,0.1466,0.1577,0.1657,0.1762,0.19,0.2078,0.2308,0.2608,0.2992,0.3464,0.4019,0.4669,0.5404,0.6213,0.7098,0.8055,0.9047,1.0004,1.088,1.1585,1.2121,1.2535,1.2844,1.3085,1.3281,1.3448,1.3595,1.3717,1.3821,1.3876,1.3935,1.3977,1.4023,1.407,1.4114,1.4147,1.4185,1.4222,1.4263,1.4282,1.4324,1.4344,1.4371,1.4392,1.4421,1.445,1.4463,1.4479,1.4487,1.4514,1.4526,1.4551,1.4556,1.4572,1.4586,1.4585,1.4602,1.4613,1.4626,1.4626,1.4637,1.4645,1.4653,1.4665,1.4669,1.4673,1.4682,1.4687,1.4694,1.4701,1.4712,1.4721,1.4723,1.4746,1.4734,1.4738,1.4742,1.475,1.4768,1.4748,1.4752,1.4766,1.476,1.4766,1.4771,1.4773,1.4776,1.4785,1.4779,1.4786,1.4795,1.4787,1.4782,1.4785,1.4791
2;2,0.1355,0.1338,0.1441,0.1539,0.1648,0.1797,0.1993,0.224,0.2569,0.2993,0.3526,0.4152,0.4859,0.5681,0.6518,0.7451,0.8461,0.9438,1.0372,1.1188,1.1922,1.242,1.2813,1.3158,1.3385,1.3614,1.3781,1.395,1.4082,1.4168,1.4263,1.4314,1.435,1.4434,1.4444,1.4471,1.4501,1.4561,1.4598,1.4641,1.4639,1.4672,1.4722,1.4737,1.4748,1.48,1.4792,1.4815,1.4838,1.4861,1.4852,1.4895,1.4889,1.4903,1.4917,1.4927,1.4955,1.497,1.4952,1.4983,1.4994,1.4998,1.5028,1.501,1.5007,1.5042,1.504,1.5053,1.5042,1.5035,1.5063,1.5078,1.5084,1.5084,1.5053,1.5104,1.5094,1.5112,1.5098,1.5078,1.5106,1.51,1.5093,1.5104,1.5098,1.5087,1.5083,1.5093,1.5084,1.5102,1.5116,1.5049,1.5089,1.5078,1.5062,1.5077
2;3,0.1374,0.1365,0.1442,0.1513,0.1591,0.1689,0.1806,0.1961,0.2172,0.2413,0.2728,0.3077,0.3462,0.3907,0.4339,0.482,0.5375,0.5942,0.6495,0.7048,0.7618,0.8027,0.8352,0.869,0.8927,0.9171,0.9369,0.9555,0.969,0.9833,0.9971,1.0074,1.0123,1.0306,1.0301,1.0343,1.0435,1.0537,1.0589,1.0617,1.0587,1.0632,1.0677,1.0702,1.0681,1.0762,1.0727,1.0744,1.0779,1.0796,1.0752,1.0818,1.0764,1.0792,1.0796,1.0795,1.0856,1.0841,1.0839,1.0882,1.09,1.0896,1.0938,1.0914,1.0887,1.0955,1.0949,1.0917,1.0872,1.0878,1.0937,1.0946,1.0946,1.093,1.0874,1.0982,1.0943,1.0974,1.0929,1.0873,1.092,1.0899,1.0891,1.0937,1.0907,1.0897,1.0879,1.09,1.087,1.0909,1.0935,1.0809,1.0876,1.0873,1.081,1.086
3;2,0.1449,0.1482,0.1542,0.1588,0.1651,0.1719,0.1803,0.1915,0.2042,0.2218,0.2417,0.2647,0.2893,0.3194,0.3509,0.3879,0.4308,0.478,0.526,0.58,0.6373,0.6805,0.7174,0.7529,0.7802,0.8035,0.826,0.8466,0.8664,0.8802,0.896,0.906,0.9172,0.9313,0.9413,0.9501,0.9563,0.9655,0.9711,0.9744,0.9788,0.9789,0.9815,0.9863,0.9878,0.9904,0.9913,0.9916,0.993,0.9961,0.9953,0.9975,0.9967,0.9977,1.0019,1.0009,0.9994,1.0035,1.0021,1.0039,1.0011,1.0014,1.0052,1.0021,1.0003,1.0042,1.0061,1.0043,1.0039,1.0059,1.0037,1.0051,1.0052,1.0066,1.0019,1.0065,1.0045,1.007,1.0067,1.0072,1.0068,1.0045,1.0063,1.0055,1.0085,1.0052,1.0072,1.0087,1.0081,1.0075,1.009,1.0028,1.0076,1.0065,1.006,1.007
,,,,,,,,,,,,,,,,,,,,,,,,,,,,,,,,,,,,,,,,,,,,,,,,,,,,,,,,,,,,,,,,,,,,,,,,,,,,,,,,,,,,,,,,,,,,,,,,
Cycles / Well,,,,,,,,,,,,,,,,,,,,,,,,,,,,,,,,,,,,,,,,,,,,,,,,,,,,,,,,,,,,,,,,,,,,,,,,,,,,,,,,,,,,,,,,,,,,,,,,
E3,1,2,3,4,5,6,7,8,9,10,11,12,13,14,15,16,17,18,19,20,21,22,23,24,25,26,27,28,29,30,31,32,33,34,35,36,37,38,39,40,41,42,43,44,45,46,47,48,49,50,51,52,53,54,55,56,57,58,59,60,61,62,63,64,65,66,67,68,69,70,71,72,73,74,75,76,77,78,79,80,81,82,83,84,85,86,87,88,89,90,91,92,93,94,95,96
Time [s],0,1799.821,3599.758,5399.669,7199.591,8999.513,10799.454,12599.368,14399.281,16199.217,17999.132,19799.048,21598.968,23398.907,25198.816,26998.729,28798.66,30598.612,32398.504,34198.422,35998.348,37798.293,39598.197,41398.12,43198.051,44997.975,46797.9,48597.816,50397.749,52197.631,53997.556,55797.465,57597.39,59397.304,61197.232,62997.141,64797.066,66596.996,68396.927,70196.835,71996.75,73796.684,75596.611,77396.528,79196.461,80996.395,82796.296,84596.214,86396.144,88196.085,89995.979,91795.899,93595.822,95395.741,97195.669,98995.594,100795.52,102595.43,104395.36,106195.269,107995.204,109795.106,111595.047,113394.962,115194.873,116994.792,118794.719,120594.63,122394.557,124194.487,125994.397,127794.312,129594.227,131394.143,133194.064,134993.983,136793.918,138593.83,140393.768,142193.687,143993.61,145793.539,147593.44,149393.349,151193.294,152993.201,154793.136,156593.059,158392.972,160192.914,161992.825,163792.732,165592.675,167392.569,169192.493,170992.414
Temp. [°C],19.6,29.9,29.9,30,30,30,30,29.9,30,30,30,30.1,30.1,30,30,30,30,30,30,30,30,30,30,30,30,30.1,30.1,30,30,30,30,30,30,30,30,30,30,30,30,30,30,30,30,30,30,30,30,30,30,30,30,30,30,30,30,30,30,30,30,29.9,30,30,30,30,30,30,30,30,30.1,30,30.1,30.1,30,30,30,30,30,29.9,30,30,30,30,30,30,30,30,30,30,30.1,30,30,30,30,30,30,30
Mean,0.16314,0.16642,0.18146,0.19344,0.20596,0.22192,0.24018,0.26426,0.29662,0.33664,0.3871,0.44566,0.51118,0.58468,0.66228,0.7435,0.82718,0.90562,0.97368,1.03034,1.07788,1.11144,1.138,1.16006,1.17634,1.19296,1.2086,1.2214,1.23524,1.24742,1.25716,1.26498,1.27022,1.27916,1.28142,1.28518,1.29142,1.29712,1.3034,1.30678,1.30924,1.31162,1.3162,1.3176,1.31846,1.32192,1.32206,1.32326,1.3256,1.32712,1.32728,1.33016,1.3293,1.33046,1.33142,1.3327,1.33276,1.33412,1.3344,1.33564,1.3344,1.3363,1.33818,1.3379,1.3369,1.33906,1.34014,1.33958,1.33936,1.34014,1.34146,1.34232,1.34302,1.34268,1.3408,1.34424,1.34388,1.34532,1.34512,1.34382,1.34518,1.34412,1.34382,1.3457,1.34544,1.34476,1.34532,1.34664,1.34594,1.34594,1.347,1.34392,1.34654,1.34722,1.34564,1.3471
StDev,0.007703441,0.009642977,0.00739581,0.005611862,0.007466793,0.01198716,0.018814542,0.026667452,0.038085719,0.052532066,0.07067259,0.093661534,0.120816977,0.149716923,0.181830077,0.21464247,0.244160576,0.268200283,0.283738378,0.293806038,0.296604437,0.299841805,0.303456702,0.302421218,0.304203358,0.305177527,0.305018795,0.306299225,0.307114104,0.30823493,0.306391013,0.303386275,0.300682053,0.293914083,0.293308987,0.290368743,0.285173915,0.280487713,0.275617479,0.273044734,0.272000189,0.270501556,0.266878577,0.265902463,0.265533375,0.263874377,0.26359257,0.263257883,0.262228726,0.260231545,0.261837749,0.258811317,0.260695004,0.260058605,0.258469354,0.257740208,0.258704451,0.257118994,0.25707355,0.25602229,0.256606148,0.256289241,0.255376138,0.255721636,0.257421376,0.254692919,0.253601524,0.254681138,0.255266357,0.253883463,0.253180989,0.253594306,0.253300083,0.252687499,0.254923793,0.25137406,0.251724039,0.2495915,0.25117776,0.250982264,0.250953018,0.251766632,0.252304423,0.250616081,0.250322328,0.251627508,0.251089898,0.250221848,0.250758156,0.250692527,0.249939723,0.253440135,0.250431863,0.250278599,0.251317604,0.249851536
1;2,0.1582,0.1597,0.1774,0.1938,0.21,0.2306,0.2559,0.2877,0.3312,0.3867,0.456,0.5371,0.6308,0.733,0.8431,0.9562,1.065,1.1615,1.2388,1.2992,1.3433,1.3757,1.4027,1.4218,1.4383,1.4552,1.469,1.4825,1.4972,1.5095,1.5167,1.5222,1.5245,1.5287,1.5312,1.5337,1.5351,1.5384,1.5394,1.5409,1.544,1.5441,1.5462,1.5463,1.5477,1.5496,1.5497,1.5509,1.5525,1.5519,1.554,1.554,1.5547,1.5552,1.5546,1.5552,1.5565,1.5566,1.5565,1.5569,1.5561,1.5579,1.5594,1.5599,1.5601,1.5588,1.5597,1.5606,1.5605,1.56,1.5604,1.5612,1.5626,1.5619,1.5628,1.5611,1.5621,1.5614,1.5632,1.5615,1.5631,1.5626,1.5628,1.5629,1.5631,1.5628,1.5646,1.5643,1.5646,1.5636,1.5638,1.5651,1.5647,1.565,1.5645,1.5643
2;1,0.1663,0.1747,0.1892,0.2001,0.2136,0.232,0.2523,0.279,0.3138,0.3567,0.4101,0.4746,0.5476,0.6295,0.7192,0.8146,0.9131,1.0095,1.0921,1.161,1.2143,1.2547,1.2867,1.3083,1.3283,1.3453,1.3608,1.374,1.3885,1.4009,1.4118,1.417,1.4209,1.4243,1.4275,1.43,1.4314,1.4345,1.4381,1.439,1.4415,1.4433,1.4441,1.4449,1.4465,1.4476,1.4483,1.4495,1.4508,1.4508,1.4531,1.4529,1.4542,1.4548,1.4553,1.4553,1.4556,1.4566,1.4571,1.457,1.4565,1.4583,1.4586,1.4588,1.4594,1.4595,1.4592,1.4599,1.4608,1.4607,1.4605,1.4622,1.4616,1.4617,1.4618,1.4615,1.4617,1.462,1.4635,1.464,1.4631,1.4632,1.4644,1.4635,1.4642,1.4641,1.4646,1.4652,1.4651,1.4653,1.4656,1.4665,1.466,1.4664,1.4662,1.4662
2;2,0.1557,0.158,0.176,0.192,0.2089,0.2288,0.2534,0.2841,0.3268,0.3785,0.4443,0.5223,0.6087,0.7057,0.8069,0.9126,1.0206,1.1171,1.197,1.2618,1.3143,1.3505,1.38,1.4031,1.4198,1.4378,1.4552,1.4697,1.4839,1.4979,1.5056,1.5116,1.5152,1.5192,1.5198,1.5199,1.524,1.5247,1.5284,1.5303,1.5304,1.5323,1.5348,1.5361,1.535,1.5385,1.5379,1.5384,1.5399,1.5408,1.5406,1.5425,1.5424,1.5432,1.5431,1.5445,1.5448,1.5446,1.5449,1.5459,1.5448,1.5462,1.5479,1.5472,1.5473,1.5489,1.549,1.5482,1.5483,1.5482,1.5498,1.551,1.5516,1.5501,1.5484,1.5524,1.5511,1.5512,1.5511,1.5485,1.5512,1.5503,1.5495,1.5517,1.5499,1.551,1.5493,1.5509,1.5501,1.5505,1.5515,1.5483,1.5502,1.5511,1.5497,1.5508
2;3,0.1605,0.1608,0.1749,0.185,0.1946,0.2058,0.2182,0.236,0.2603,0.288,0.3251,0.3646,0.4078,0.4564,0.505,0.5547,0.6097,0.6623,0.7133,0.7554,0.7991,0.8274,0.8479,0.8727,0.887,0.9032,0.9183,0.9294,0.9418,0.9547,0.9644,0.9758,0.9843,1.0015,0.9992,1.0043,1.0176,1.026,1.0369,1.0434,1.042,1.0473,1.0569,1.0581,1.0595,1.0649,1.0626,1.0641,1.0704,1.0725,1.0708,1.0779,1.0733,1.0767,1.0762,1.0793,1.0815,1.0827,1.0839,1.0862,1.0846,1.087,1.0894,1.0883,1.0848,1.0904,1.0927,1.0908,1.0886,1.0909,1.0971,1.0966,1.0961,1.0952,1.0914,1.1015,1.0992,1.1027,1.0988,1.0957,1.0994,1.0977,1.0956,1.1017,1.0983,1.0973,1.0974,1.1012,1.0968,1.1003,1.102,1.092,1.0986,1.1003,1.0949,1.1
3;2,0.175,0.1789,0.1898,0.1963,0.2027,0.2124,0.2211,0.2345,0.251,0.2733,0.3,0.3297,0.361,0.3988,0.4372,0.4794,0.5275,0.5777,0.6272,0.6743,0.7184,0.7489,0.7727,0.7944,0.8083,0.8233,0.8397,0.8514,0.8648,0.8741,0.8873,0.8983,0.9062,0.9221,0.9294,0.938,0.949,0.962,0.9742,0.9803,0.9883,0.9911,0.999,1.0026,1.0036,1.009,1.0118,1.0134,1.0144,1.0196,1.0179,1.0235,1.0219,1.0224,1.0279,1.0292,1.0254,1.0301,1.0296,1.0322,1.03,1.0321,1.0356,1.0353,1.0329,1.0377,1.0401,1.0384,1.0386,1.0409,1.0395,1.0406,1.0432,1.0445,1.0396,1.0447,1.0453,1.0493,1.049,1.0494,1.0491,1.0468,1.0468,1.0487,1.0517,1.0486,1.0507,1.0516,1.0531,1.05,1.0521,1.0477,1.0532,1.0533,1.0529,1.0542
,,,,,,,,,,,,,,,,,,,,,,,,,,,,,,,,,,,,,,,,,,,,,,,,,,,,,,,,,,,,,,,,,,,,,,,,,,,,,,,,,,,,,,,,,,,,,,,,
Cycles / Well,,,,,,,,,,,,,,,,,,,,,,,,,,,,,,,,,,,,,,,,,,,,,,,,,,,,,,,,,,,,,,,,,,,,,,,,,,,,,,,,,,,,,,,,,,,,,,,,
E4,1,2,3,4,5,6,7,8,9,10,11,12,13,14,15,16,17,18,19,20,21,22,23,24,25,26,27,28,29,30,31,32,33,34,35,36,37,38,39,40,41,42,43,44,45,46,47,48,49,50,51,52,53,54,55,56,57,58,59,60,61,62,63,64,65,66,67,68,69,70,71,72,73,74,75,76,77,78,79,80,81,82,83,84,85,86,87,88,89,90,91,92,93,94,95,96
Time [s],0,1799.821,3599.758,5399.669,7199.591,8999.513,10799.454,12599.368,14399.281,16199.217,17999.132,19799.048,21598.968,23398.907,25198.816,26998.729,28798.66,30598.612,32398.504,34198.422,35998.348,37798.293,39598.197,41398.12,43198.051,44997.975,46797.9,48597.816,50397.749,52197.631,53997.556,55797.465,57597.39,59397.304,61197.232,62997.141,64797.066,66596.996,68396.927,70196.835,71996.75,73796.684,75596.611,77396.528,79196.461,80996.395,82796.296,84596.214,86396.144,88196.085,89995.979,91795.899,93595.822,95395.741,97195.669,98995.594,100795.52,102595.43,104395.36,106195.269,107995.204,109795.106,111595.047,113394.962,115194.873,116994.792,118794.719,120594.63,122394.557,124194.487,125994.397,127794.312,129594.227,131394.143,133194.064,134993.983,136793.918,138593.83,140393.768,142193.687,143993.61,145793.539,147593.44,149393.349,151193.294,152993.201,154793.136,156593.059,158392.972,160192.914,161992.825,163792.732,165592.675,167392.569,169192.493,170992.414
Temp. [°C],19.6,29.9,29.9,30,30,30,30,29.9,30,30,30,30.1,30.1,30,30,30,30,30,30,30,30,30,30,30,30,30.1,30.1,30,30,30,30,30,30,30,30,30,30,30,30,30,30,30,30,30,30,30,30,30,30,30,30,30,30,30,30,30,30,30,30,29.9,30,30,30,30,30,30,30,30,30.1,30,30.1,30.1,30,30,30,30,30,29.9,30,30,30,30,30,30,30,30,30,30,30.1,30,30,30,30,30,30,30
Mean,0.1449,0.13988,0.14868,0.1543,0.1585,0.16342,0.16884,0.17476,0.1824,0.19172,0.20334,0.21798,0.23552,0.2576,0.28384,0.31448,0.35084,0.39164,0.43818,0.49022,0.5474,0.61018,0.67666,0.74748,0.81862,0.88966,0.95884,1.01764,1.06666,1.10668,1.13994,1.16808,1.19202,1.21676,1.23564,1.25368,1.27016,1.2823,1.29118,1.2971,1.30072,1.30302,1.3056,1.30768,1.30832,1.309,1.3097,1.30994,1.31204,1.3123,1.3121,1.3126,1.31096,1.31112,1.31046,1.31006,1.30946,1.30864,1.30738,1.30664,1.30474,1.3051,1.30416,1.303,1.30006,1.30088,1.29918,1.29734,1.29562,1.2946,1.29356,1.29226,1.29018,1.28862,1.28668,1.28682,1.2849,1.28374,1.28154,1.2793,1.27858,1.27682,1.27478,1.2746,1.27236,1.27032,1.26948,1.26852,1.26706,1.265,1.26458,1.26088,1.26098,1.26026,1.25782,1.25736
StDev,0.004953282,0.005521503,0.003609294,0.00223942,0.002491987,0.003719812,0.005221877,0.006517898,0.007956758,0.009735091,0.012309874,0.015320476,0.019715907,0.025266282,0.032354953,0.040616708,0.050461797,0.061669304,0.074364487,0.088340574,0.102752032,0.118257672,0.134383753,0.147954476,0.161488984,0.171316091,0.177423809,0.178886173,0.178784124,0.178331004,0.176407931,0.174629743,0.17350087,0.172917402,0.174344581,0.175519435,0.174541809,0.171943813,0.16973991,0.168230229,0.167249804,0.167219398,0.166169266,0.167100604,0.167775928,0.168628275,0.169340338,0.168990275,0.169229217,0.168132344,0.170411429,0.169143711,0.170846504,0.171307128,0.170934265,0.171849798,0.171980618,0.172134142,0.172470221,0.171703037,0.172697099,0.17321566,0.17358362,0.17334444,0.1748322,0.173586166,0.173272796,0.174426211,0.174534143,0.174164907,0.174128453,0.174072809,0.174286236,0.174684879,0.175686673,0.17382266,0.174403383,0.173785926,0.174759515,0.175216723,0.175180084,0.175870114,0.175948961,0.174206831,0.174103484,0.174708749,0.174799677,0.174434736,0.174002997,0.174527577,0.174289922,0.176217187,0.174888013,0.174645936,0.174501453,0.174103455
1;2,0.1397,0.1354,0.1465,0.1547,0.1606,0.1669,0.1744,0.1824,0.1925,0.2046,0.22,0.2388,0.2626,0.2924,0.3285,0.3706,0.4203,0.4761,0.5399,0.6106,0.6858,0.7679,0.8553,0.9421,1.0289,1.1103,1.1821,1.2372,1.2833,1.3187,1.3477,1.3724,1.3926,1.4163,1.4364,1.4546,1.468,1.4769,1.4822,1.4863,1.4889,1.4918,1.4925,1.4954,1.4965,1.4988,1.5002,1.5005,1.5025,1.5011,1.5047,1.503,1.5042,1.5047,1.5032,1.5033,1.5029,1.5017,1.501,1.4985,1.4986,1.4995,1.499,1.4975,1.4966,1.4951,1.4939,1.4937,1.492,1.4908,1.4897,1.4879,1.486,1.4855,1.4849,1.4827,1.4811,1.4799,1.4796,1.4776,1.4769,1.476,1.4744,1.4714,1.4703,1.4684,1.4679,1.4666,1.4654,1.4631,1.4631,1.4621,1.4599,1.4593,1.4571,1.4558
2;1,0.1459,0.1425,0.1506,0.1556,0.1604,0.1664,0.1727,0.1782,0.1852,0.194,0.2047,0.2179,0.2343,0.2543,0.2786,0.3083,0.3432,0.3837,0.4308,0.4845,0.5426,0.6095,0.6795,0.7532,0.8284,0.9042,0.9773,1.0399,1.0918,1.1347,1.1692,1.1969,1.2228,1.2452,1.2676,1.2874,1.3044,1.3163,1.3247,1.3298,1.3346,1.3355,1.3372,1.3391,1.3403,1.3403,1.3424,1.3432,1.3435,1.3436,1.3443,1.3438,1.3442,1.3439,1.3439,1.3438,1.342,1.3421,1.3416,1.3404,1.3394,1.3386,1.3377,1.3374,1.3354,1.3345,1.3322,1.3316,1.3303,1.3289,1.3269,1.3257,1.3243,1.3226,1.3233,1.3197,1.3185,1.3163,1.3156,1.3152,1.3126,1.3118,1.3103,1.3082,1.3062,1.3048,1.3039,1.3027,1.3002,1.299,1.2977,1.2974,1.296,1.2937,1.2935,1.2922
2;2,0.1437,0.1348,0.1454,0.1532,0.1585,0.1641,0.1699,0.1771,0.1857,0.196,0.2094,0.2266,0.2468,0.2728,0.3036,0.339,0.3816,0.4292,0.4826,0.5421,0.6092,0.6809,0.7558,0.836,0.9162,0.9939,1.0719,1.1367,1.1874,1.2304,1.2638,1.2925,1.3172,1.3435,1.3617,1.381,1.3987,1.4091,1.4177,1.423,1.4248,1.4273,1.4304,1.4337,1.4349,1.436,1.4365,1.4355,1.4395,1.4394,1.4391,1.4401,1.4374,1.4385,1.4375,1.4384,1.4387,1.438,1.4363,1.4363,1.4336,1.4353,1.4346,1.4327,1.43,1.432,1.4294,1.4273,1.4255,1.4241,1.4238,1.4229,1.4206,1.4187,1.4156,1.417,1.4155,1.4137,1.4103,1.4075,1.408,1.4061,1.4033,1.404,1.3999,1.3986,1.3976,1.3964,1.3943,1.3932,1.3923,1.3872,1.3882,1.3879,1.3832,1.3835
2;3,0.1424,0.1386,0.1468,0.1511,0.1544,0.1578,0.1617,0.1666,0.1735,0.1814,0.1911,0.2035,0.2182,0.2365,0.2577,0.2816,0.3105,0.3416,0.3765,0.4151,0.4582,0.5042,0.5531,0.61,0.6638,0.7241,0.7841,0.839,0.8863,0.926,0.9598,0.9894,1.0139,1.0399,1.0546,1.0712,1.0894,1.104,1.114,1.1214,1.1239,1.1278,1.1311,1.1323,1.1315,1.1316,1.1318,1.1327,1.1351,1.1355,1.1332,1.1348,1.1298,1.1295,1.1273,1.1273,1.1275,1.1248,1.1233,1.1238,1.1211,1.1221,1.1199,1.1182,1.1143,1.116,1.1146,1.1112,1.1091,1.1078,1.1093,1.1076,1.1048,1.1017,1.0998,1.1028,1.1001,1.0993,1.0948,1.0914,1.0914,1.0893,1.0866,1.0892,1.0856,1.0825,1.0818,1.0813,1.0793,1.0779,1.0772,1.0699,1.0719,1.072,1.0683,1.0689
3;2,0.1528,0.1481,0.1541,0.1569,0.1586,0.1619,0.1655,0.1695,0.1751,0.1826,0.1915,0.2031,0.2157,0.232,0.2508,0.2729,0.2986,0.3276,0.3611,0.3988,0.4412,0.4884,0.5396,0.5961,0.6558,0.7158,0.7788,0.8354,0.8845,0.9236,0.9592,0.9892,1.0136,1.0389,1.0579,1.0742,1.0903,1.1052,1.1173,1.125,1.1314,1.1327,1.1368,1.1379,1.1384,1.1383,1.1376,1.1378,1.1396,1.1419,1.1392,1.1413,1.1392,1.139,1.1404,1.1375,1.1362,1.1366,1.1347,1.1342,1.131,1.13,1.1296,1.1292,1.124,1.1268,1.1258,1.1229,1.1212,1.1214,1.1181,1.1172,1.1152,1.1146,1.1098,1.1119,1.1093,1.1095,1.1074,1.1048,1.104,1.1009,1.0993,1.1002,1.0998,1.0973,1.0962,1.0956,1.0961,1.0918,1.0926,1.0878,1.0889,1.0884,1.087,1.0864
,,,,,,,,,,,,,,,,,,,,,,,,,,,,,,,,,,,,,,,,,,,,,,,,,,,,,,,,,,,,,,,,,,,,,,,,,,,,,,,,,,,,,,,,,,,,,,,,
Cycles / Well,,,,,,,,,,,,,,,,,,,,,,,,,,,,,,,,,,,,,,,,,,,,,,,,,,,,,,,,,,,,,,,,,,,,,,,,,,,,,,,,,,,,,,,,,,,,,,,,
E5,1,2,3,4,5,6,7,8,9,10,11,12,13,14,15,16,17,18,19,20,21,22,23,24,25,26,27,28,29,30,31,32,33,34,35,36,37,38,39,40,41,42,43,44,45,46,47,48,49,50,51,52,53,54,55,56,57,58,59,60,61,62,63,64,65,66,67,68,69,70,71,72,73,74,75,76,77,78,79,80,81,82,83,84,85,86,87,88,89,90,91,92,93,94,95,96
Time [s],0,1799.821,3599.758,5399.669,7199.591,8999.513,10799.454,12599.368,14399.281,16199.217,17999.132,19799.048,21598.968,23398.907,25198.816,26998.729,28798.66,30598.612,32398.504,34198.422,35998.348,37798.293,39598.197,41398.12,43198.051,44997.975,46797.9,48597.816,50397.749,52197.631,53997.556,55797.465,57597.39,59397.304,61197.232,62997.141,64797.066,66596.996,68396.927,70196.835,71996.75,73796.684,75596.611,77396.528,79196.461,80996.395,82796.296,84596.214,86396.144,88196.085,89995.979,91795.899,93595.822,95395.741,97195.669,98995.594,100795.52,102595.43,104395.36,106195.269,107995.204,109795.106,111595.047,113394.962,115194.873,116994.792,118794.719,120594.63,122394.557,124194.487,125994.397,127794.312,129594.227,131394.143,133194.064,134993.983,136793.918,138593.83,140393.768,142193.687,143993.61,145793.539,147593.44,149393.349,151193.294,152993.201,154793.136,156593.059,158392.972,160192.914,161992.825,163792.732,165592.675,167392.569,169192.493,170992.414
Temp. [°C],19.6,29.9,29.9,30,30,30,30,29.9,30,30,30,30.1,30.1,30,30,30,30,30,30,30,30,30,30,30,30,30.1,30.1,30,30,30,30,30,30,30,30,30,30,30,30,30,30,30,30,30,30,30,30,30,30,30,30,30,30,30,30,30,30,30,30,29.9,30,30,30,30,30,30,30,30,30.1,30,30.1,30.1,30,30,30,30,30,29.9,30,30,30,30,30,30,30,30,30,30,30.1,30,30,30,30,30,30,30
Mean,0.16008,0.15362,0.16396,0.17426,0.18808,0.20654,0.23186,0.26468,0.31116,0.37136,0.44284,0.52682,0.62044,0.7221,0.83124,0.93828,1.03304,1.1117,1.17226,1.21906,1.25208,1.27868,1.30102,1.31976,1.3356,1.35004,1.3623,1.37188,1.37936,1.38404,1.38868,1.39202,1.3959,1.3991,1.40226,1.4051,1.40858,1.41128,1.41416,1.41638,1.4184,1.42028,1.42178,1.42306,1.42468,1.4265,1.42794,1.42878,1.43006,1.43118,1.43296,1.43432,1.43524,1.43626,1.4373,1.4385,1.43942,1.44042,1.44126,1.44238,1.44182,1.44398,1.44498,1.44604,1.44676,1.44762,1.4485,1.44926,1.45,1.45128,1.45198,1.45308,1.45388,1.45414,1.45508,1.45592,1.45652,1.45796,1.45836,1.45948,1.4603,1.46138,1.46162,1.4627,1.46328,1.46364,1.46474,1.46596,1.46636,1.46692,1.46756,1.46806,1.4687,1.46982,1.47018,1.47126
StDev,0.00624996,0.00931971,0.010133509,0.010803379,0.011184453,0.010280467,0.010595424,0.009587857,0.008012365,0.009673572,0.013276408,0.018099641,0.024820818,0.03075126,0.036315327,0.039828093,0.039541914,0.037134283,0.035406963,0.032278445,0.030799221,0.029183848,0.027822689,0.027566882,0.027025821,0.025686436,0.024951453,0.024319169,0.024099855,0.024220714,0.023309805,0.023463099,0.02323478,0.023193857,0.022988649,0.023125743,0.02334485,0.023146641,0.02315271,0.022670179,0.022626865,0.022660583,0.022156647,0.022242145,0.022702136,0.022667708,0.023124619,0.022501489,0.022914471,0.022700925,0.022710306,0.022558524,0.023369703,0.023118456,0.022783437,0.023008694,0.022737018,0.022426368,0.022666782,0.02297318,0.022328838,0.023112161,0.022752846,0.022599181,0.022709205,0.022655507,0.022591923,0.02296961,0.022759723,0.022633979,0.022990694,0.022529692,0.022609113,0.022820232,0.022689689,0.022999717,0.022861912,0.022364548,0.022833375,0.022860818,0.022239042,0.022308675,0.022215243,0.02190468,0.022237289,0.022187902,0.021901324,0.022754846,0.022460254,0.022875686,0.022171671,0.022172235,0.022388725,0.022476032,0.022291187,0.022492954
1;2,0.1557,0.1459,0.1555,0.1655,0.18,0.2005,0.2273,0.2644,0.3169,0.3847,0.4647,0.5568,0.66,0.7687,0.8835,0.9937,1.0862,1.1602,1.2178,1.2597,1.29,1.3143,1.3348,1.3526,1.3671,1.3794,1.39,1.3987,1.4061,1.411,1.414,1.4178,1.4207,1.4241,1.4278,1.4297,1.433,1.4361,1.4392,1.4416,1.4425,1.4443,1.4453,1.4468,1.449,1.4507,1.4528,1.4528,1.4541,1.4552,1.4567,1.4582,1.4604,1.4602,1.4615,1.4623,1.4631,1.4632,1.4645,1.466,1.4647,1.4683,1.4681,1.469,1.47,1.4704,1.4707,1.4729,1.4741,1.475,1.4748,1.476,1.4767,1.4769,1.4787,1.4791,1.4792,1.4806,1.482,1.4835,1.483,1.4843,1.4845,1.4853,1.4856,1.486,1.4868,1.4897,1.4895,1.4908,1.4905,1.4916,1.4915,1.4929,1.4929,1.4938
2;1,0.1635,0.1585,0.1695,0.1803,0.1958,0.2147,0.2415,0.2742,0.3185,0.3769,0.4458,0.5259,0.614,0.7106,0.8156,0.9196,1.014,1.0933,1.154,1.2032,1.2368,1.2638,1.2876,1.3056,1.3212,1.3363,1.3495,1.3593,1.3668,1.3706,1.3753,1.3801,1.3848,1.3875,1.3902,1.3934,1.396,1.3992,1.4018,1.4046,1.4056,1.4077,1.4094,1.4102,1.4115,1.4136,1.4147,1.4166,1.4174,1.4182,1.4199,1.4218,1.4226,1.4231,1.4246,1.4244,1.4265,1.4276,1.4283,1.4289,1.4304,1.4315,1.4325,1.4335,1.4345,1.4344,1.4356,1.4359,1.437,1.4384,1.4384,1.4403,1.4411,1.4419,1.4433,1.4435,1.4437,1.4451,1.4457,1.4478,1.4483,1.4496,1.4498,1.4512,1.4516,1.4514,1.4534,1.4542,1.4546,1.4543,1.4558,1.4568,1.4566,1.4583,1.4589,1.4597
2;2,0.1552,0.144,0.1529,0.162,0.1744,0.1929,0.2169,0.2497,0.2982,0.3597,0.4348,0.5235,0.6222,0.7306,0.8463,0.9574,1.0541,1.1334,1.1949,1.2414,1.2748,1.3008,1.3224,1.3415,1.3584,1.3722,1.3845,1.3939,1.401,1.4057,1.4101,1.4131,1.4169,1.42,1.4225,1.4266,1.4306,1.4324,1.4354,1.4363,1.4394,1.4418,1.4424,1.4439,1.446,1.4475,1.4494,1.4491,1.4512,1.4526,1.4545,1.4554,1.4562,1.4583,1.4587,1.461,1.4609,1.4626,1.463,1.4645,1.463,1.4655,1.4669,1.4678,1.4685,1.4695,1.4709,1.4712,1.4712,1.4725,1.4745,1.4747,1.4759,1.4767,1.4767,1.478,1.479,1.4798,1.4804,1.4813,1.4817,1.483,1.4831,1.4837,1.4852,1.4857,1.4862,1.4874,1.4878,1.4886,1.4888,1.489,1.4905,1.4915,1.4918,1.4933
2;3,0.1565,0.153,0.1643,0.175,0.1884,0.2065,0.2312,0.2633,0.3101,0.3664,0.437,0.5198,0.6141,0.7154,0.8246,0.9327,1.0289,1.1083,1.1679,1.2136,1.2464,1.2732,1.2951,1.3149,1.3299,1.345,1.3575,1.3669,1.3745,1.3797,1.385,1.3876,1.3923,1.3955,1.3984,1.401,1.4052,1.4078,1.4102,1.4125,1.4153,1.4163,1.4187,1.4197,1.421,1.4234,1.4244,1.4263,1.4277,1.4278,1.43,1.4311,1.4325,1.4334,1.4337,1.4352,1.4367,1.437,1.4387,1.4397,1.4389,1.4409,1.4423,1.4435,1.4439,1.4458,1.4464,1.4468,1.4471,1.4486,1.4502,1.4508,1.4513,1.451,1.4513,1.4536,1.4542,1.4553,1.4548,1.455,1.4574,1.4577,1.458,1.4593,1.4599,1.4601,1.4614,1.4625,1.4631,1.4637,1.4641,1.4636,1.4654,1.4661,1.4665,1.468
3;2,0.1695,0.1667,0.1776,0.1885,0.2018,0.2181,0.2424,0.2718,0.3121,0.3691,0.4319,0.5081,0.5919,0.6852,0.7862,0.888,0.982,1.0633,1.1267,1.1774,1.2124,1.2413,1.2652,1.2842,1.3014,1.3173,1.33,1.3406,1.3484,1.3532,1.359,1.3615,1.3648,1.3684,1.3724,1.3748,1.3781,1.3809,1.3842,1.3869,1.3892,1.3913,1.3931,1.3947,1.3959,1.3973,1.3984,1.3991,1.3999,1.4021,1.4037,1.4051,1.4045,1.4063,1.408,1.4096,1.4099,1.4117,1.4118,1.4128,1.4121,1.4137,1.4151,1.4164,1.4169,1.418,1.4189,1.4195,1.4206,1.4219,1.422,1.4236,1.4244,1.4242,1.4254,1.4254,1.4265,1.429,1.4289,1.4298,1.4311,1.4323,1.4327,1.434,1.4341,1.435,1.4359,1.436,1.4368,1.4372,1.4386,1.4393,1.4395,1.4403,1.4408,1.4415
,,,,,,,,,,,,,,,,,,,,,,,,,,,,,,,,,,,,,,,,,,,,,,,,,,,,,,,,,,,,,,,,,,,,,,,,,,,,,,,,,,,,,,,,,,,,,,,,
Cycles / Well,,,,,,,,,,,,,,,,,,,,,,,,,,,,,,,,,,,,,,,,,,,,,,,,,,,,,,,,,,,,,,,,,,,,,,,,,,,,,,,,,,,,,,,,,,,,,,,,
E6,1,2,3,4,5,6,7,8,9,10,11,12,13,14,15,16,17,18,19,20,21,22,23,24,25,26,27,28,29,30,31,32,33,34,35,36,37,38,39,40,41,42,43,44,45,46,47,48,49,50,51,52,53,54,55,56,57,58,59,60,61,62,63,64,65,66,67,68,69,70,71,72,73,74,75,76,77,78,79,80,81,82,83,84,85,86,87,88,89,90,91,92,93,94,95,96
Time [s],0,1799.821,3599.758,5399.669,7199.591,8999.513,10799.454,12599.368,14399.281,16199.217,17999.132,19799.048,21598.968,23398.907,25198.816,26998.729,28798.66,30598.612,32398.504,34198.422,35998.348,37798.293,39598.197,41398.12,43198.051,44997.975,46797.9,48597.816,50397.749,52197.631,53997.556,55797.465,57597.39,59397.304,61197.232,62997.141,64797.066,66596.996,68396.927,70196.835,71996.75,73796.684,75596.611,77396.528,79196.461,80996.395,82796.296,84596.214,86396.144,88196.085,89995.979,91795.899,93595.822,95395.741,97195.669,98995.594,100795.52,102595.43,104395.36,106195.269,107995.204,109795.106,111595.047,113394.962,115194.873,116994.792,118794.719,120594.63,122394.557,124194.487,125994.397,127794.312,129594.227,131394.143,133194.064,134993.983,136793.918,138593.83,140393.768,142193.687,143993.61,145793.539,147593.44,149393.349,151193.294,152993.201,154793.136,156593.059,158392.972,160192.914,161992.825,163792.732,165592.675,167392.569,169192.493,170992.414
Temp. [°C],19.6,29.9,29.9,30,30,30,30,29.9,30,30,30,30.1,30.1,30,30,30,30,30,30,30,30,30,30,30,30,30.1,30.1,30,30,30,30,30,30,30,30,30,30,30,30,30,30,30,30,30,30,30,30,30,30,30,30,30,30,30,30,30,30,30,30,29.9,30,30,30,30,30,30,30,30,30.1,30,30.1,30.1,30,30,30,30,30,29.9,30,30,30,30,30,30,30,30,30,30,30.1,30,30,30,30,30,30,30
Mean,0.16704,0.16518,0.17786,0.18822,0.20034,0.2156,0.23638,0.26476,0.3018,0.35066,0.41224,0.48522,0.57186,0.66876,0.7733,0.88484,0.9923,1.08194,1.15448,1.212,1.254,1.2837,1.30842,1.32818,1.34434,1.35968,1.37332,1.38638,1.39868,1.40888,1.41648,1.42286,1.42834,1.43248,1.43624,1.439,1.44238,1.4449,1.44804,1.45006,1.45234,1.45372,1.45516,1.45714,1.45846,1.45972,1.4612,1.46272,1.46332,1.4644,1.46536,1.46592,1.46714,1.46816,1.46864,1.46964,1.46996,1.47074,1.47196,1.47234,1.47142,1.47294,1.47332,1.4747,1.47486,1.47536,1.47612,1.47654,1.4767,1.4775,1.47836,1.47892,1.4792,1.47966,1.48024,1.48066,1.48184,1.48186,1.48226,1.48336,1.4836,1.48392,1.48466,1.4847,1.48538,1.48574,1.48656,1.48714,1.48752,1.48814,1.4883,1.48906,1.48936,1.48994,1.48998,1.49116
StDev,0.011299912,0.014621457,0.017524354,0.017744492,0.018403478,0.01867659,0.019678084,0.020819774,0.020310096,0.020790334,0.02011748,0.019405978,0.02133619,0.025532,0.031315172,0.037552537,0.040485491,0.041040809,0.039415568,0.038019732,0.036170914,0.035874713,0.034447888,0.034166607,0.03357511,0.033153084,0.033505776,0.033092023,0.033315567,0.033038493,0.032312412,0.032063032,0.032125193,0.031219177,0.030801347,0.030374084,0.030514456,0.030035895,0.029858382,0.029882403,0.030086426,0.029958254,0.029743789,0.029684558,0.029707457,0.029457121,0.029956719,0.028952237,0.029511218,0.02988963,0.029611704,0.029275109,0.028812549,0.028507595,0.028746269,0.028797448,0.029264193,0.02910134,0.029366529,0.029443047,0.02902132,0.029293822,0.029468407,0.029251068,0.029312165,0.029139629,0.029448803,0.028823133,0.029178759,0.029861263,0.029779238,0.029244435,0.028997327,0.029155497,0.029085959,0.02933203,0.029302952,0.029447292,0.029575801,0.029483266,0.029491355,0.02906866,0.029111046,0.029465913,0.029244777,0.02924223,0.028691602,0.029394778,0.028802378,0.028847409,0.029134601,0.028626613,0.028764701,0.02836764,0.028467648,0.029130448
1;2,0.1575,0.1525,0.1613,0.1703,0.1809,0.1947,0.2141,0.2397,0.2757,0.3234,0.3848,0.4599,0.5485,0.65,0.7591,0.8756,0.987,1.0795,1.153,1.2112,1.2546,1.2847,1.307,1.3261,1.343,1.3578,1.3719,1.3848,1.3961,1.4067,1.4131,1.4195,1.4238,1.4287,1.4316,1.4332,1.4364,1.4386,1.4424,1.4438,1.4454,1.4475,1.448,1.4505,1.4515,1.4535,1.4554,1.4558,1.4573,1.4569,1.4586,1.4593,1.4606,1.4619,1.4611,1.4627,1.4614,1.4624,1.4636,1.4641,1.4642,1.4649,1.4653,1.4674,1.4667,1.4675,1.4683,1.469,1.4687,1.4694,1.4694,1.4704,1.4706,1.4703,1.4714,1.4711,1.4734,1.4733,1.4727,1.4745,1.4753,1.475,1.4764,1.4749,1.4766,1.4766,1.4773,1.4794,1.4778,1.4792,1.4787,1.4794,1.4799,1.4809,1.4795,1.4813
2;1,0.1729,0.1757,0.1911,0.2009,0.2127,0.2267,0.2465,0.2744,0.3095,0.3538,0.4112,0.4762,0.5534,0.6394,0.7337,0.8356,0.9386,1.0267,1.1019,1.1614,1.2052,1.2352,1.2629,1.2832,1.2994,1.3149,1.3278,1.3414,1.3536,1.3641,1.3729,1.3794,1.3855,1.3897,1.3941,1.3987,1.401,1.4046,1.408,1.4096,1.4119,1.4133,1.4151,1.417,1.4184,1.4195,1.4204,1.4231,1.4227,1.4235,1.4246,1.4257,1.4273,1.4284,1.4293,1.43,1.4301,1.431,1.4324,1.4315,1.4313,1.4326,1.4328,1.434,1.4349,1.4355,1.4356,1.4368,1.4365,1.4367,1.4376,1.439,1.4394,1.44,1.4402,1.4406,1.4413,1.441,1.4414,1.4426,1.4425,1.4437,1.4441,1.4444,1.4447,1.4453,1.4469,1.446,1.4477,1.4482,1.448,1.4495,1.4495,1.4506,1.4514,1.4506
2;2,0.1601,0.156,0.1676,0.1787,0.1911,0.2078,0.2294,0.2588,0.2981,0.3518,0.4192,0.5004,0.5973,0.705,0.8191,0.939,1.0497,1.1381,1.2092,1.2648,1.3035,1.3329,1.3564,1.3757,1.3903,1.4052,1.4189,1.431,1.4438,1.4536,1.4603,1.4662,1.472,1.474,1.4777,1.4808,1.4837,1.4855,1.4884,1.4903,1.4932,1.4942,1.4953,1.4972,1.4986,1.4989,1.5013,1.5011,1.5023,1.504,1.5048,1.5041,1.5051,1.5052,1.5065,1.5078,1.5086,1.5086,1.5111,1.5102,1.5095,1.5114,1.512,1.5131,1.5139,1.5139,1.5149,1.5139,1.5149,1.5174,1.5173,1.5173,1.5169,1.5181,1.5185,1.5188,1.5197,1.5197,1.52,1.5216,1.5213,1.5212,1.5219,1.523,1.5227,1.5234,1.5234,1.5247,1.5243,1.5253,1.5253,1.5257,1.5258,1.5257,1.5259,1.5277
2;3,0.1605,0.1561,0.1676,0.1786,0.1911,0.2068,0.227,0.2561,0.2948,0.3433,0.4059,0.4812,0.5713,0.6725,0.7807,0.8967,1.0063,1.0989,1.1692,1.226,1.2675,1.2965,1.3215,1.3418,1.3582,1.3728,1.387,1.4008,1.4134,1.4233,1.4311,1.4374,1.4436,1.4476,1.4504,1.4529,1.4566,1.4597,1.4627,1.4646,1.4667,1.4682,1.4698,1.4715,1.4729,1.4746,1.4759,1.4775,1.4783,1.4797,1.4797,1.4819,1.4817,1.4831,1.4838,1.484,1.4854,1.4871,1.4874,1.4888,1.4864,1.4882,1.4888,1.4893,1.4896,1.4904,1.4913,1.4925,1.4921,1.4921,1.4945,1.4947,1.4952,1.4951,1.4951,1.497,1.498,1.4983,1.4994,1.4993,1.5002,1.5004,1.501,1.501,1.502,1.502,1.5027,1.5035,1.504,1.5041,1.5054,1.5053,1.5063,1.507,1.5081,1.5086
3;2,0.1842,0.1856,0.2017,0.2126,0.2259,0.242,0.2649,0.2948,0.3309,0.381,0.4401,0.5084,0.5888,0.6769,0.7739,0.8773,0.9799,1.0665,1.1391,1.1966,1.2392,1.2692,1.2943,1.3141,1.3308,1.3477,1.361,1.3739,1.3865,1.3967,1.405,1.4118,1.4168,1.4224,1.4274,1.4294,1.4342,1.4361,1.4387,1.442,1.4445,1.4454,1.4476,1.4495,1.4509,1.4521,1.453,1.4561,1.456,1.4579,1.4591,1.4586,1.461,1.4622,1.4625,1.4637,1.4643,1.4646,1.4653,1.4671,1.4657,1.4676,1.4677,1.4697,1.4692,1.4695,1.4705,1.4705,1.4713,1.4719,1.473,1.4732,1.4739,1.4748,1.476,1.4758,1.4768,1.477,1.4778,1.4788,1.4787,1.4793,1.4799,1.4802,1.4809,1.4814,1.4825,1.4821,1.4838,1.4839,1.4841,1.4854,1.4853,1.4855,1.485,1.4876
,,,,,,,,,,,,,,,,,,,,,,,,,,,,,,,,,,,,,,,,,,,,,,,,,,,,,,,,,,,,,,,,,,,,,,,,,,,,,,,,,,,,,,,,,,,,,,,,
Cycles / Well,,,,,,,,,,,,,,,,,,,,,,,,,,,,,,,,,,,,,,,,,,,,,,,,,,,,,,,,,,,,,,,,,,,,,,,,,,,,,,,,,,,,,,,,,,,,,,,,
E7,1,2,3,4,5,6,7,8,9,10,11,12,13,14,15,16,17,18,19,20,21,22,23,24,25,26,27,28,29,30,31,32,33,34,35,36,37,38,39,40,41,42,43,44,45,46,47,48,49,50,51,52,53,54,55,56,57,58,59,60,61,62,63,64,65,66,67,68,69,70,71,72,73,74,75,76,77,78,79,80,81,82,83,84,85,86,87,88,89,90,91,92,93,94,95,96
Time [s],0,1799.821,3599.758,5399.669,7199.591,8999.513,10799.454,12599.368,14399.281,16199.217,17999.132,19799.048,21598.968,23398.907,25198.816,26998.729,28798.66,30598.612,32398.504,34198.422,35998.348,37798.293,39598.197,41398.12,43198.051,44997.975,46797.9,48597.816,50397.749,52197.631,53997.556,55797.465,57597.39,59397.304,61197.232,62997.141,64797.066,66596.996,68396.927,70196.835,71996.75,73796.684,75596.611,77396.528,79196.461,80996.395,82796.296,84596.214,86396.144,88196.085,89995.979,91795.899,93595.822,95395.741,97195.669,98995.594,100795.52,102595.43,104395.36,106195.269,107995.204,109795.106,111595.047,113394.962,115194.873,116994.792,118794.719,120594.63,122394.557,124194.487,125994.397,127794.312,129594.227,131394.143,133194.064,134993.983,136793.918,138593.83,140393.768,142193.687,143993.61,145793.539,147593.44,149393.349,151193.294,152993.201,154793.136,156593.059,158392.972,160192.914,161992.825,163792.732,165592.675,167392.569,169192.493,170992.414
Temp. [°C],19.6,29.9,29.9,30,30,30,30,29.9,30,30,30,30.1,30.1,30,30,30,30,30,30,30,30,30,30,30,30,30.1,30.1,30,30,30,30,30,30,30,30,30,30,30,30,30,30,30,30,30,30,30,30,30,30,30,30,30,30,30,30,30,30,30,30,29.9,30,30,30,30,30,30,30,30,30.1,30,30.1,30.1,30,30,30,30,30,29.9,30,30,30,30,30,30,30,30,30,30,30.1,30,30,30,30,30,30,30
Mean,0.13864,0.12936,0.13702,0.143,0.14944,0.15664,0.1649,0.17362,0.18366,0.19556,0.2093,0.22558,0.24472,0.26786,0.29486,0.32574,0.36144,0.40152,0.44582,0.49404,0.54724,0.60478,0.66482,0.7315,0.79804,0.86736,0.93342,0.99214,1.04216,1.084,1.11598,1.14268,1.16556,1.18906,1.20462,1.21862,1.23104,1.24228,1.25082,1.25926,1.26408,1.26884,1.27398,1.27854,1.28182,1.2876,1.29212,1.2947,1.30026,1.30432,1.30772,1.31374,1.31538,1.32052,1.32508,1.3302,1.33254,1.33606,1.33902,1.34328,1.34542,1.34752,1.35228,1.35406,1.35598,1.36028,1.36316,1.3656,1.36612,1.36878,1.37286,1.37534,1.37688,1.37864,1.37944,1.38384,1.38472,1.38772,1.38864,1.3897,1.39164,1.39282,1.39416,1.39696,1.3974,1.39716,1.40064,1.40238,1.40334,1.4048,1.40618,1.40496,1.4083,1.41014,1.40976,1.41204
StDev,0.004160288,0.002987139,0.003767891,0.004926967,0.006355942,0.008241844,0.010561013,0.013039824,0.016389875,0.02028073,0.025207638,0.031221419,0.038929577,0.047989978,0.059506706,0.072953876,0.088470068,0.10621425,0.126069433,0.147273786,0.1698301,0.19391643,0.217173253,0.238978127,0.26155306,0.281121936,0.296240092,0.309573655,0.319888626,0.327846603,0.33349001,0.33717369,0.34025956,0.340244674,0.34745377,0.350998201,0.351239652,0.352097525,0.35392503,0.352952621,0.355105656,0.355970164,0.35401854,0.353123595,0.354576447,0.353151455,0.353086033,0.353380213,0.351615647,0.349709561,0.352641634,0.348843744,0.350743848,0.347225528,0.346178613,0.345047171,0.343457018,0.34285038,0.342174447,0.340748935,0.338947868,0.340818994,0.338629439,0.340166522,0.339560027,0.336241546,0.335373095,0.335236693,0.336680779,0.335098317,0.331232325,0.331025457,0.330821564,0.330510383,0.330887342,0.326724246,0.327828205,0.324630262,0.326124314,0.326919654,0.324565545,0.325125256,0.323948488,0.320646664,0.322559297,0.321820133,0.319571875,0.317527183,0.318972119,0.317207558,0.316294715,0.318395239,0.315025967,0.313212768,0.314826894,0.312115849
1;2,0.1338,0.129,0.1387,0.146,0.1539,0.1625,0.1725,0.1829,0.1959,0.211,0.2289,0.2514,0.2781,0.3108,0.3497,0.3944,0.4465,0.5043,0.5694,0.6397,0.7158,0.797,0.8806,0.9641,1.0519,1.1368,1.2129,1.2788,1.3326,1.3779,1.4094,1.4366,1.4563,1.4768,1.4938,1.5065,1.5153,1.5238,1.5331,1.5372,1.5401,1.5454,1.5457,1.5492,1.5516,1.5557,1.5598,1.5606,1.565,1.5653,1.5725,1.5722,1.5775,1.5774,1.5807,1.5855,1.5871,1.5892,1.5898,1.5942,1.5949,1.5984,1.6006,1.6036,1.6046,1.6037,1.6066,1.6095,1.6101,1.6118,1.6128,1.6142,1.6151,1.6152,1.6162,1.6183,1.6196,1.6207,1.6222,1.6231,1.6244,1.6239,1.6258,1.6256,1.6264,1.6257,1.6279,1.6282,1.6297,1.6303,1.6304,1.631,1.6317,1.6326,1.6331,1.6339
2;1,0.1408,0.1324,0.1406,0.1477,0.1551,0.1637,0.1738,0.1844,0.1967,0.21,0.2261,0.2433,0.2638,0.2857,0.3115,0.3388,0.3694,0.4022,0.438,0.4764,0.5184,0.5634,0.612,0.6681,0.726,0.7932,0.8583,0.9248,0.9847,1.0354,1.0791,1.1137,1.1471,1.1789,1.21,1.2349,1.2572,1.2746,1.2886,1.3034,1.3136,1.3231,1.3305,1.3366,1.3442,1.3503,1.3537,1.3587,1.3645,1.3692,1.373,1.3798,1.3822,1.3862,1.3921,1.3953,1.3987,1.4023,1.4058,1.4092,1.4107,1.413,1.4172,1.4217,1.4229,1.427,1.4289,1.4309,1.4344,1.4358,1.4379,1.4413,1.4436,1.4453,1.4494,1.4493,1.4512,1.452,1.4548,1.4575,1.4578,1.4614,1.4617,1.4632,1.4637,1.4646,1.4671,1.4669,1.4698,1.4706,1.4721,1.4728,1.4729,1.4747,1.4758,1.476
2;2,0.1352,0.1271,0.1365,0.1436,0.1513,0.1601,0.1699,0.1807,0.1933,0.209,0.2272,0.2493,0.2761,0.3094,0.3489,0.3954,0.4487,0.5102,0.5772,0.6495,0.7287,0.8142,0.8993,0.9934,1.0823,1.1707,1.2513,1.319,1.3741,1.4187,1.4507,1.4764,1.4999,1.5182,1.5328,1.5466,1.5563,1.5669,1.5745,1.5795,1.5837,1.5865,1.59,1.5923,1.5965,1.5989,1.6038,1.6073,1.6102,1.6127,1.6163,1.6208,1.6211,1.626,1.6269,1.6322,1.6336,1.6363,1.6393,1.6414,1.6433,1.6455,1.6488,1.6499,1.6526,1.6546,1.6566,1.6585,1.6588,1.6595,1.6633,1.6652,1.6659,1.6671,1.6687,1.6698,1.671,1.6714,1.6728,1.6737,1.674,1.6758,1.6757,1.6774,1.6783,1.6781,1.6786,1.6804,1.68,1.6818,1.6817,1.681,1.6823,1.682,1.6814,1.6819
2;3,0.1394,0.1259,0.1308,0.1349,0.1393,0.1439,0.149,0.1546,0.1611,0.1676,0.1758,0.1851,0.1963,0.21,0.2257,0.2432,0.2628,0.2843,0.3074,0.3313,0.3582,0.3859,0.4144,0.4496,0.4796,0.5139,0.5501,0.5765,0.5986,0.6194,0.6325,0.6472,0.6592,0.6762,0.6723,0.6764,0.685,0.6924,0.6966,0.7033,0.7012,0.7035,0.7101,0.7151,0.7155,0.7216,0.726,0.7279,0.7357,0.7416,0.7395,0.7511,0.749,0.7601,0.7644,0.7721,0.778,0.7817,0.7852,0.7917,0.7976,0.7955,0.8035,0.802,0.8054,0.8139,0.8183,0.8209,0.8181,0.8228,0.8349,0.8371,0.8384,0.8396,0.8409,0.8518,0.8504,0.8586,0.8566,0.8557,0.8621,0.8618,0.8654,0.8743,0.8701,0.8719,0.8784,0.8844,0.8813,0.8871,0.8892,0.8842,0.8929,0.8976,0.8936,0.9006
3;2,0.144,0.1324,0.1385,0.1428,0.1476,0.153,0.1593,0.1655,0.1713,0.1802,0.1885,0.1988,0.2093,0.2234,0.2385,0.2569,0.2798,0.3066,0.3371,0.3733,0.4151,0.4634,0.5178,0.5823,0.6504,0.7222,0.7945,0.8616,0.9208,0.9686,1.0082,1.0395,1.0653,1.0952,1.1142,1.1287,1.1414,1.1537,1.1613,1.1729,1.1818,1.1857,1.1936,1.1995,1.2013,1.2115,1.2173,1.219,1.2259,1.2328,1.2373,1.2448,1.2471,1.2529,1.2613,1.2659,1.2653,1.2708,1.275,1.2799,1.2806,1.2852,1.2913,1.2931,1.2944,1.3022,1.3054,1.3082,1.3092,1.314,1.3154,1.3189,1.3214,1.326,1.322,1.33,1.3314,1.3359,1.3368,1.3385,1.3399,1.3412,1.3422,1.3443,1.3485,1.3455,1.3512,1.352,1.3559,1.3542,1.3575,1.3558,1.3617,1.3638,1.3649,1.3678
,,,,,,,,,,,,,,,,,,,,,,,,,,,,,,,,,,,,,,,,,,,,,,,,,,,,,,,,,,,,,,,,,,,,,,,,,,,,,,,,,,,,,,,,,,,,,,,,
Cycles / Well,,,,,,,,,,,,,,,,,,,,,,,,,,,,,,,,,,,,,,,,,,,,,,,,,,,,,,,,,,,,,,,,,,,,,,,,,,,,,,,,,,,,,,,,,,,,,,,,
E8,1,2,3,4,5,6,7,8,9,10,11,12,13,14,15,16,17,18,19,20,21,22,23,24,25,26,27,28,29,30,31,32,33,34,35,36,37,38,39,40,41,42,43,44,45,46,47,48,49,50,51,52,53,54,55,56,57,58,59,60,61,62,63,64,65,66,67,68,69,70,71,72,73,74,75,76,77,78,79,80,81,82,83,84,85,86,87,88,89,90,91,92,93,94,95,96
Time [s],0,1799.821,3599.758,5399.669,7199.591,8999.513,10799.454,12599.368,14399.281,16199.217,17999.132,19799.048,21598.968,23398.907,25198.816,26998.729,28798.66,30598.612,32398.504,34198.422,35998.348,37798.293,39598.197,41398.12,43198.051,44997.975,46797.9,48597.816,50397.749,52197.631,53997.556,55797.465,57597.39,59397.304,61197.232,62997.141,64797.066,66596.996,68396.927,70196.835,71996.75,73796.684,75596.611,77396.528,79196.461,80996.395,82796.296,84596.214,86396.144,88196.085,89995.979,91795.899,93595.822,95395.741,97195.669,98995.594,100795.52,102595.43,104395.36,106195.269,107995.204,109795.106,111595.047,113394.962,115194.873,116994.792,118794.719,120594.63,122394.557,124194.487,125994.397,127794.312,129594.227,131394.143,133194.064,134993.983,136793.918,138593.83,140393.768,142193.687,143993.61,145793.539,147593.44,149393.349,151193.294,152993.201,154793.136,156593.059,158392.972,160192.914,161992.825,163792.732,165592.675,167392.569,169192.493,170992.414
Temp. [°C],19.6,29.9,29.9,30,30,30,30,29.9,30,30,30,30.1,30.1,30,30,30,30,30,30,30,30,30,30,30,30,30.1,30.1,30,30,30,30,30,30,30,30,30,30,30,30,30,30,30,30,30,30,30,30,30,30,30,30,30,30,30,30,30,30,30,30,29.9,30,30,30,30,30,30,30,30,30.1,30,30.1,30.1,30,30,30,30,30,29.9,30,30,30,30,30,30,30,30,30,30,30.1,30,30,30,30,30,30,30
Mean,0.1461,0.13908,0.14742,0.1526,0.15784,0.164,0.17174,0.18192,0.1955,0.21514,0.24064,0.27484,0.31858,0.3732,0.43824,0.51004,0.59282,0.68208,0.77478,0.86678,0.95248,1.02732,1.08476,1.12992,1.15996,1.18506,1.20628,1.22042,1.23262,1.24348,1.25298,1.26014,1.26814,1.27652,1.27756,1.28088,1.28422,1.28778,1.29116,1.29582,1.29792,1.29816,1.30126,1.30364,1.30416,1.30722,1.30804,1.30936,1.31162,1.31434,1.31482,1.31744,1.31588,1.31938,1.32056,1.32178,1.32334,1.32442,1.3248,1.32702,1.32708,1.3281,1.33106,1.3303,1.3306,1.33316,1.33418,1.33522,1.3339,1.3357,1.33788,1.33858,1.3382,1.33898,1.33726,1.34108,1.34042,1.34246,1.34236,1.34198,1.34306,1.3431,1.34314,1.34578,1.3449,1.34292,1.34526,1.34634,1.34756,1.347,1.348,1.34592,1.34814,1.34998,1.34844,1.34956
StDev,0.003662649,0.003643076,0.005175616,0.007011776,0.00876915,0.010933435,0.013371911,0.016110928,0.020084945,0.025787361,0.033034194,0.043979006,0.058963565,0.078373561,0.101827982,0.127730646,0.157363106,0.188791133,0.219741068,0.245900004,0.263684654,0.274865462,0.280014862,0.278485353,0.280672501,0.28002188,0.278346308,0.27995266,0.280764807,0.282598287,0.282403111,0.283113852,0.282907163,0.278896974,0.284849685,0.284901162,0.285741224,0.285480598,0.285683064,0.283079445,0.283736193,0.284469432,0.28243745,0.281901167,0.28358464,0.283289723,0.284567572,0.284773889,0.284647847,0.282020262,0.28422356,0.28290658,0.28606143,0.284150289,0.284518599,0.284246789,0.283055495,0.283862867,0.284773208,0.283271631,0.282514331,0.285089916,0.282433953,0.284993061,0.285635913,0.284008174,0.28408771,0.284585386,0.28736603,0.286257061,0.283046113,0.283394666,0.285099132,0.285993482,0.287136541,0.28407018,0.286582409,0.284931479,0.285896088,0.288005108,0.285572334,0.287293039,0.288103997,0.284618116,0.287562132,0.289332001,0.287488648,0.287471899,0.287522613,0.288267038,0.287277314,0.290574848,0.288200127,0.287277213,0.289607515,0.289259741
1;2,0.1457,0.1396,0.1514,0.1591,0.1663,0.1743,0.1848,0.1973,0.2153,0.241,0.2743,0.3208,0.3812,0.4571,0.5476,0.6458,0.7582,0.8776,0.9979,1.1099,1.2057,1.2825,1.337,1.3761,1.4044,1.4256,1.4434,1.4577,1.4693,1.4803,1.4871,1.4945,1.501,1.5053,1.5098,1.5121,1.5167,1.5191,1.523,1.5249,1.5258,1.5279,1.5285,1.5302,1.5319,1.5354,1.5369,1.5378,1.5408,1.541,1.5438,1.5445,1.5453,1.5481,1.5488,1.5496,1.5509,1.5514,1.5517,1.5528,1.5532,1.557,1.5568,1.5579,1.5596,1.5603,1.5614,1.5622,1.5633,1.5638,1.5645,1.5643,1.566,1.5677,1.5673,1.5685,1.5694,1.5705,1.5705,1.5714,1.5712,1.573,1.5743,1.5743,1.5747,1.5738,1.5749,1.5771,1.5766,1.5787,1.5776,1.5781,1.579,1.5801,1.5798,1.5813
2;1,0.1498,0.1434,0.1521,0.1577,0.1636,0.1711,0.1794,0.1912,0.2062,0.2264,0.2527,0.2871,0.3312,0.3844,0.4499,0.5235,0.6091,0.704,0.8058,0.9103,1.0066,1.0923,1.1613,1.2077,1.2433,1.271,1.2908,1.3075,1.3204,1.3332,1.345,1.3526,1.3611,1.3667,1.3726,1.3779,1.3821,1.3854,1.3887,1.392,1.3946,1.3949,1.3964,1.398,1.4003,1.4027,1.405,1.4073,1.4087,1.4103,1.412,1.4134,1.415,1.417,1.4184,1.4183,1.4199,1.4209,1.4227,1.4238,1.4243,1.4247,1.426,1.4281,1.4283,1.4288,1.4299,1.4308,1.4331,1.4341,1.4335,1.435,1.4362,1.4369,1.4364,1.4366,1.4379,1.4379,1.44,1.4412,1.4409,1.4431,1.4414,1.4422,1.4428,1.4443,1.4441,1.4437,1.4462,1.4452,1.4465,1.4477,1.4469,1.4481,1.4485,1.449
2;2,0.1417,0.136,0.147,0.1542,0.1609,0.1689,0.1785,0.1907,0.2073,0.232,0.264,0.3077,0.3646,0.4374,0.5231,0.6187,0.7281,0.845,0.9645,1.0783,1.1792,1.2634,1.3217,1.3667,1.3967,1.4215,1.4427,1.4565,1.4694,1.4817,1.4901,1.4977,1.5061,1.5115,1.5148,1.5178,1.5216,1.5252,1.5281,1.531,1.5333,1.5348,1.5365,1.538,1.5407,1.5431,1.5448,1.5463,1.5486,1.5498,1.5512,1.5535,1.5537,1.5558,1.5567,1.5587,1.5601,1.5618,1.5622,1.5637,1.5627,1.5662,1.5677,1.5676,1.5687,1.5702,1.5715,1.573,1.5726,1.5737,1.5754,1.5763,1.5762,1.5769,1.5779,1.5793,1.58,1.5807,1.5815,1.5819,1.582,1.5828,1.5835,1.585,1.5848,1.5842,1.5848,1.5866,1.5867,1.588,1.5882,1.5872,1.5887,1.5895,1.5887,1.5901
2;3,0.1435,0.1348,0.1391,0.1416,0.1445,0.1479,0.1524,0.1589,0.1683,0.1803,0.1973,0.2182,0.2446,0.2763,0.3131,0.3529,0.3962,0.442,0.49,0.5401,0.5931,0.6433,0.6836,0.7265,0.7492,0.7731,0.7951,0.8045,0.8141,0.8213,0.8284,0.834,0.8418,0.8546,0.8437,0.8467,0.8496,0.8526,0.8552,0.8632,0.8621,0.8633,0.8682,0.8702,0.8697,0.8731,0.8721,0.8731,0.8761,0.883,0.88,0.884,0.8779,0.8849,0.884,0.8857,0.8912,0.8893,0.8873,0.8921,0.8944,0.8916,0.8978,0.8926,0.893,0.8967,0.8979,0.8973,0.8922,0.8952,0.9049,0.9041,0.9013,0.8997,0.8994,0.906,0.9009,0.9049,0.904,0.8994,0.9058,0.904,0.902,0.9118,0.9034,0.9003,0.9041,0.9063,0.905,0.9066,0.9081,0.9005,0.9069,0.9096,0.9032,0.9059
3;2,0.1498,0.1416,0.1475,0.1504,0.1539,0.1578,0.1636,0.1715,0.1804,0.196,0.2149,0.2404,0.2713,0.3108,0.3575,0.4093,0.4725,0.5418,0.6157,0.6953,0.7778,0.8551,0.9202,0.9726,1.0062,1.0341,1.0594,1.0759,1.0899,1.1009,1.1143,1.1219,1.1307,1.1445,1.1469,1.1499,1.1511,1.1566,1.1608,1.168,1.1738,1.1699,1.1767,1.1818,1.1782,1.1818,1.1814,1.1823,1.1839,1.1876,1.1871,1.1918,1.1875,1.1911,1.1949,1.1966,1.1946,1.1987,1.2001,1.2027,1.2008,1.201,1.207,1.2053,1.2034,1.2098,1.2102,1.2128,1.2083,1.2117,1.2111,1.2132,1.2113,1.2137,1.2053,1.215,1.2139,1.2183,1.2158,1.216,1.2154,1.2126,1.2145,1.2156,1.2188,1.212,1.2184,1.218,1.2233,1.2165,1.2196,1.2161,1.2192,1.2226,1.222,1.2215
,,,,,,,,,,,,,,,,,,,,,,,,,,,,,,,,,,,,,,,,,,,,,,,,,,,,,,,,,,,,,,,,,,,,,,,,,,,,,,,,,,,,,,,,,,,,,,,,
Cycles / Well,,,,,,,,,,,,,,,,,,,,,,,,,,,,,,,,,,,,,,,,,,,,,,,,,,,,,,,,,,,,,,,,,,,,,,,,,,,,,,,,,,,,,,,,,,,,,,,,
E9,1,2,3,4,5,6,7,8,9,10,11,12,13,14,15,16,17,18,19,20,21,22,23,24,25,26,27,28,29,30,31,32,33,34,35,36,37,38,39,40,41,42,43,44,45,46,47,48,49,50,51,52,53,54,55,56,57,58,59,60,61,62,63,64,65,66,67,68,69,70,71,72,73,74,75,76,77,78,79,80,81,82,83,84,85,86,87,88,89,90,91,92,93,94,95,96
Time [s],0,1799.821,3599.758,5399.669,7199.591,8999.513,10799.454,12599.368,14399.281,16199.217,17999.132,19799.048,21598.968,23398.907,25198.816,26998.729,28798.66,30598.612,32398.504,34198.422,35998.348,37798.293,39598.197,41398.12,43198.051,44997.975,46797.9,48597.816,50397.749,52197.631,53997.556,55797.465,57597.39,59397.304,61197.232,62997.141,64797.066,66596.996,68396.927,70196.835,71996.75,73796.684,75596.611,77396.528,79196.461,80996.395,82796.296,84596.214,86396.144,88196.085,89995.979,91795.899,93595.822,95395.741,97195.669,98995.594,100795.52,102595.43,104395.36,106195.269,107995.204,109795.106,111595.047,113394.962,115194.873,116994.792,118794.719,120594.63,122394.557,124194.487,125994.397,127794.312,129594.227,131394.143,133194.064,134993.983,136793.918,138593.83,140393.768,142193.687,143993.61,145793.539,147593.44,149393.349,151193.294,152993.201,154793.136,156593.059,158392.972,160192.914,161992.825,163792.732,165592.675,167392.569,169192.493,170992.414
Temp. [°C],19.6,29.9,29.9,30,30,30,30,29.9,30,30,30,30.1,30.1,30,30,30,30,30,30,30,30,30,30,30,30,30.1,30.1,30,30,30,30,30,30,30,30,30,30,30,30,30,30,30,30,30,30,30,30,30,30,30,30,30,30,30,30,30,30,30,30,29.9,30,30,30,30,30,30,30,30,30.1,30,30.1,30.1,30,30,30,30,30,29.9,30,30,30,30,30,30,30,30,30,30,30.1,30,30,30,30,30,30,30
Mean,0.1563,0.15308,0.16728,0.17832,0.19092,0.20608,0.22642,0.25246,0.2862,0.3286,0.37932,0.4393,0.5104,0.5913,0.68086,0.77858,0.88162,0.98142,1.07012,1.1423,1.19534,1.23106,1.25708,1.27504,1.28908,1.30198,1.3123,1.32122,1.32962,1.33718,1.34446,1.35004,1.35466,1.35984,1.36374,1.36908,1.37396,1.37834,1.38248,1.38658,1.39032,1.39372,1.39718,1.40042,1.40306,1.40636,1.40784,1.41008,1.4124,1.41334,1.41492,1.41772,1.41822,1.4202,1.42148,1.42234,1.42396,1.42526,1.42636,1.42736,1.42716,1.42908,1.43118,1.43198,1.43348,1.43448,1.4359,1.43694,1.43708,1.43862,1.43986,1.4404,1.44096,1.44228,1.44346,1.44446,1.44554,1.44672,1.4472,1.4478,1.44918,1.44942,1.45058,1.45132,1.45246,1.4527,1.45386,1.45448,1.4552,1.45636,1.45686,1.4569,1.45806,1.45868,1.45898,1.45958
StDev,0.005727128,0.005353223,0.00485304,0.005987654,0.007483448,0.010110737,0.01337692,0.01798327,0.02408786,0.031707018,0.04000015,0.050064059,0.060885056,0.072043876,0.082986553,0.09354222,0.10173754,0.104922243,0.103533362,0.098584862,0.093554011,0.089827156,0.085884265,0.084007488,0.082900163,0.081529087,0.081045512,0.080381447,0.080303811,0.080243641,0.079436157,0.078387327,0.078263804,0.077782922,0.076827163,0.076417518,0.075713724,0.074292516,0.075220456,0.074429141,0.07333868,0.07372762,0.07315772,0.072921033,0.072903793,0.072413521,0.072360404,0.072679412,0.072410807,0.071256214,0.072210886,0.071142652,0.071514523,0.071472232,0.071019976,0.071380936,0.07114403,0.07035377,0.070591664,0.070516651,0.070547488,0.070762857,0.071319261,0.07096342,0.070878854,0.070856277,0.070938072,0.071067454,0.070987724,0.070975749,0.071220594,0.071062473,0.07096843,0.070685409,0.071067876,0.070909753,0.071287643,0.070734624,0.070825172,0.071239034,0.071233047,0.070784511,0.071354166,0.071090977,0.070501014,0.070343194,0.069957973,0.070723525,0.070000714,0.071165146,0.070777843,0.071015702,0.070892193,0.07127736,0.071139701,0.070865626
1;2,0.1519,0.1495,0.167,0.1798,0.1943,0.2116,0.235,0.2648,0.3035,0.3527,0.4096,0.478,0.5587,0.6491,0.7476,0.8543,0.9651,1.0659,1.1537,1.2216,1.2694,1.302,1.325,1.3385,1.3527,1.3633,1.3721,1.3807,1.3898,1.396,1.4029,1.4076,1.4117,1.4152,1.4201,1.4253,1.4274,1.4308,1.4372,1.4386,1.4424,1.4458,1.4474,1.4518,1.4547,1.4573,1.4587,1.4616,1.464,1.4625,1.4668,1.4666,1.4695,1.4704,1.4702,1.4714,1.4722,1.4716,1.4738,1.4737,1.4756,1.4773,1.4794,1.4809,1.4817,1.4821,1.4838,1.4854,1.4862,1.4874,1.4878,1.488,1.4885,1.4897,1.4906,1.4913,1.4935,1.4936,1.4942,1.4955,1.4976,1.4975,1.4993,1.4985,1.5001,1.4999,1.501,1.5016,1.5017,1.5041,1.5045,1.5044,1.5056,1.5067,1.5063,1.5065
2;1,0.1613,0.1582,0.1731,0.1847,0.1961,0.2106,0.2298,0.2544,0.2876,0.3234,0.3683,0.421,0.4821,0.5499,0.627,0.7119,0.8036,0.8978,0.9862,1.0607,1.1167,1.1554,1.1859,1.2045,1.22,1.2344,1.2433,1.2535,1.2609,1.2704,1.2777,1.2843,1.2893,1.2926,1.3001,1.305,1.3104,1.3158,1.3189,1.3225,1.3273,1.3303,1.3353,1.338,1.3412,1.3445,1.3463,1.349,1.3513,1.3516,1.3532,1.3561,1.3586,1.3594,1.3609,1.361,1.3623,1.3645,1.366,1.3665,1.3664,1.3693,1.3696,1.371,1.3737,1.3733,1.3751,1.3757,1.3775,1.3785,1.3783,1.3793,1.3804,1.3812,1.3817,1.3828,1.3835,1.3842,1.3853,1.3869,1.3879,1.3896,1.3895,1.3889,1.3912,1.3934,1.394,1.3935,1.3955,1.3957,1.396,1.3973,1.3973,1.3986,1.3995,1.3998
2;2,0.1521,0.1496,0.1677,0.1817,0.1978,0.2173,0.2421,0.2744,0.3153,0.3687,0.4309,0.5041,0.5889,0.6837,0.7864,0.8966,1.0076,1.1117,1.1986,1.2643,1.3117,1.343,1.365,1.382,1.394,1.4066,1.4162,1.4242,1.4322,1.4406,1.447,1.4512,1.4554,1.4601,1.4631,1.4683,1.4736,1.476,1.4804,1.4841,1.4865,1.4903,1.4938,1.4961,1.4989,1.5018,1.5034,1.5059,1.5076,1.5076,1.5094,1.5119,1.5123,1.5144,1.5167,1.5173,1.5184,1.5198,1.5209,1.522,1.5206,1.5231,1.5259,1.5261,1.5281,1.529,1.5306,1.5315,1.5321,1.5335,1.5349,1.5354,1.5363,1.5369,1.539,1.5395,1.5407,1.5412,1.5423,1.5437,1.5445,1.5449,1.5463,1.5466,1.547,1.5475,1.5482,1.5498,1.5499,1.5519,1.5521,1.5534,1.5537,1.5545,1.5553,1.5557
2;3,0.1525,0.1485,0.1597,0.1691,0.1801,0.1937,0.2114,0.2347,0.2662,0.3048,0.3537,0.4102,0.4796,0.5619,0.6536,0.7526,0.8597,0.9624,1.0515,1.1265,1.1816,1.2177,1.2415,1.2625,1.2762,1.288,1.3014,1.3101,1.318,1.3254,1.3321,1.3381,1.3442,1.3521,1.3514,1.3556,1.3616,1.3665,1.3699,1.3769,1.3789,1.3831,1.3872,1.3897,1.3912,1.3947,1.3957,1.3973,1.3999,1.403,1.403,1.4076,1.4049,1.4088,1.408,1.4108,1.4144,1.4153,1.4153,1.4179,1.417,1.4186,1.4217,1.421,1.4219,1.4245,1.4252,1.4262,1.423,1.4257,1.4296,1.4301,1.4293,1.4316,1.4327,1.4349,1.4353,1.4379,1.4368,1.4356,1.4372,1.4352,1.4374,1.4414,1.4407,1.44,1.4408,1.4426,1.4426,1.4447,1.4444,1.442,1.4452,1.4461,1.4456,1.4463
3;2,0.1637,0.1596,0.1689,0.1763,0.1863,0.1972,0.2138,0.234,0.2584,0.2934,0.3341,0.3832,0.4427,0.5119,0.5897,0.6775,0.7721,0.8693,0.9606,1.0384,1.0973,1.1372,1.168,1.1877,1.2025,1.2176,1.2285,1.2376,1.2472,1.2535,1.2626,1.269,1.2727,1.2792,1.284,1.2912,1.2968,1.3026,1.306,1.3108,1.3165,1.3191,1.3222,1.3265,1.3293,1.3335,1.3351,1.3366,1.3392,1.342,1.3422,1.3464,1.3458,1.348,1.3516,1.3512,1.3525,1.3551,1.3558,1.3567,1.3562,1.3571,1.3593,1.3609,1.362,1.3635,1.3648,1.3659,1.3666,1.368,1.3687,1.3692,1.3703,1.372,1.3733,1.3738,1.3747,1.3767,1.3774,1.3773,1.3787,1.3799,1.3804,1.3812,1.3833,1.3827,1.3853,1.3849,1.3863,1.3854,1.3873,1.3874,1.3885,1.3875,1.3882,1.3896
,,,,,,,,,,,,,,,,,,,,,,,,,,,,,,,,,,,,,,,,,,,,,,,,,,,,,,,,,,,,,,,,,,,,,,,,,,,,,,,,,,,,,,,,,,,,,,,,
Cycles / Well,,,,,,,,,,,,,,,,,,,,,,,,,,,,,,,,,,,,,,,,,,,,,,,,,,,,,,,,,,,,,,,,,,,,,,,,,,,,,,,,,,,,,,,,,,,,,,,,
E10,1,2,3,4,5,6,7,8,9,10,11,12,13,14,15,16,17,18,19,20,21,22,23,24,25,26,27,28,29,30,31,32,33,34,35,36,37,38,39,40,41,42,43,44,45,46,47,48,49,50,51,52,53,54,55,56,57,58,59,60,61,62,63,64,65,66,67,68,69,70,71,72,73,74,75,76,77,78,79,80,81,82,83,84,85,86,87,88,89,90,91,92,93,94,95,96
Time [s],0,1799.821,3599.758,5399.669,7199.591,8999.513,10799.454,12599.368,14399.281,16199.217,17999.132,19799.048,21598.968,23398.907,25198.816,26998.729,28798.66,30598.612,32398.504,34198.422,35998.348,37798.293,39598.197,41398.12,43198.051,44997.975,46797.9,48597.816,50397.749,52197.631,53997.556,55797.465,57597.39,59397.304,61197.232,62997.141,64797.066,66596.996,68396.927,70196.835,71996.75,73796.684,75596.611,77396.528,79196.461,80996.395,82796.296,84596.214,86396.144,88196.085,89995.979,91795.899,93595.822,95395.741,97195.669,98995.594,100795.52,102595.43,104395.36,106195.269,107995.204,109795.106,111595.047,113394.962,115194.873,116994.792,118794.719,120594.63,122394.557,124194.487,125994.397,127794.312,129594.227,131394.143,133194.064,134993.983,136793.918,138593.83,140393.768,142193.687,143993.61,145793.539,147593.44,149393.349,151193.294,152993.201,154793.136,156593.059,158392.972,160192.914,161992.825,163792.732,165592.675,167392.569,169192.493,170992.414
Temp. [°C],19.6,29.9,29.9,30,30,30,30,29.9,30,30,30,30.1,30.1,30,30,30,30,30,30,30,30,30,30,30,30,30.1,30.1,30,30,30,30,30,30,30,30,30,30,30,30,30,30,30,30,30,30,30,30,30,30,30,30,30,30,30,30,30,30,30,30,29.9,30,30,30,30,30,30,30,30,30.1,30,30.1,30.1,30,30,30,30,30,29.9,30,30,30,30,30,30,30,30,30,30,30.1,30,30,30,30,30,30,30
Mean,0.14524,0.13852,0.14666,0.15246,0.15706,0.1616,0.16724,0.17446,0.18378,0.19552,0.21156,0.23196,0.25872,0.29298,0.335,0.38624,0.4462,0.51414,0.59116,0.67436,0.76292,0.85348,0.94306,1.02414,1.09288,1.14822,1.18816,1.21792,1.24228,1.26144,1.27694,1.28984,1.301,1.31094,1.31956,1.3269,1.33456,1.34116,1.34726,1.35178,1.35538,1.35782,1.36168,1.36498,1.36858,1.37188,1.37502,1.37716,1.38042,1.382,1.3844,1.38704,1.38938,1.39164,1.39384,1.39604,1.3974,1.39868,1.40084,1.40194,1.4027,1.40412,1.40518,1.40636,1.40708,1.40698,1.40774,1.4083,1.40848,1.40906,1.40942,1.4097,1.41016,1.41004,1.40976,1.40974,1.40946,1.40958,1.40946,1.40918,1.40924,1.40942,1.40856,1.409,1.40882,1.4084,1.40802,1.40752,1.4078,1.4072,1.40652,1.40618,1.40576,1.40534,1.40506,1.404
StDev,0.005371033,0.005869583,0.005846623,0.005219483,0.004860864,0.004862098,0.004827318,0.004983272,0.006235944,0.005367215,0.00564296,0.00611866,0.007454328,0.009289618,0.012995576,0.017080047,0.022736754,0.028170162,0.034684622,0.042119152,0.049762757,0.056622937,0.062312423,0.066437474,0.068105594,0.068379763,0.068674544,0.067819813,0.067534969,0.067286202,0.067141068,0.066460236,0.066492443,0.066654355,0.066277545,0.066212612,0.065585006,0.065055269,0.065649585,0.064951459,0.064443828,0.064188176,0.063578235,0.063652196,0.06299819,0.063377654,0.062864434,0.063253166,0.063190482,0.063380399,0.063243774,0.063414927,0.06333559,0.063103431,0.06311278,0.063417293,0.063920693,0.063764779,0.063366655,0.063823021,0.063947908,0.064338107,0.065087149,0.065131314,0.065224091,0.065247199,0.064999177,0.065461363,0.065905895,0.065563199,0.065983687,0.065841248,0.065928203,0.065459782,0.065125517,0.066111141,0.066174791,0.066268258,0.066443231,0.066433403,0.066615937,0.066230333,0.066103691,0.066338262,0.065921901,0.066085551,0.065755129,0.066040722,0.06649782,0.066579088,0.066872692,0.066418348,0.066726929,0.066753749,0.066492127,0.066613887
1;2,0.1413,0.1351,0.1441,0.1511,0.1568,0.1615,0.1672,0.1741,0.1821,0.1955,0.212,0.2335,0.2624,0.2992,0.3444,0.3991,0.4633,0.5348,0.6163,0.704,0.7974,0.8912,0.9842,1.0646,1.1351,1.1893,1.2273,1.2571,1.2814,1.3012,1.3163,1.328,1.3377,1.3484,1.3578,1.3652,1.3711,1.3776,1.3847,1.3877,1.3919,1.3944,1.397,1.4002,1.4034,1.4074,1.4092,1.4126,1.4162,1.4161,1.4209,1.4223,1.425,1.4261,1.428,1.4298,1.4316,1.4323,1.4349,1.4344,1.4389,1.438,1.4394,1.4419,1.4418,1.4409,1.4434,1.4436,1.4444,1.4437,1.4439,1.4444,1.4442,1.4448,1.4443,1.4448,1.4459,1.4455,1.4445,1.4449,1.4456,1.4454,1.4449,1.4438,1.444,1.4451,1.4438,1.4426,1.4444,1.4438,1.4432,1.4431,1.4425,1.4428,1.4421,1.4413
2;1,0.1527,0.1467,0.1554,0.1607,0.1648,0.1693,0.1747,0.1822,0.1943,0.2035,0.2194,0.239,0.2646,0.2962,0.3347,0.3805,0.4327,0.4935,0.561,0.6331,0.7112,0.7916,0.8729,0.9482,1.0129,1.0668,1.1052,1.1363,1.1606,1.1801,1.1949,1.2083,1.219,1.2283,1.2373,1.2458,1.2538,1.2611,1.2661,1.2711,1.275,1.278,1.2822,1.2853,1.2898,1.2929,1.2967,1.2983,1.3013,1.3024,1.305,1.3078,1.3111,1.313,1.3141,1.3169,1.3172,1.319,1.3211,1.3213,1.3226,1.3233,1.3229,1.3243,1.3247,1.3247,1.3247,1.3252,1.3252,1.326,1.3259,1.3264,1.3275,1.3272,1.3278,1.3259,1.3256,1.3256,1.3255,1.3258,1.3253,1.3261,1.3249,1.3248,1.3257,1.3257,1.3259,1.3254,1.3244,1.3234,1.3225,1.3224,1.3216,1.3217,1.3217,1.3205
2;2,0.1435,0.1339,0.1425,0.1497,0.1555,0.1607,0.1668,0.1744,0.1832,0.1968,0.2137,0.2359,0.2653,0.3031,0.3509,0.4081,0.4756,0.5504,0.6355,0.7264,0.8226,0.9203,1.0152,1.0996,1.1689,1.2242,1.264,1.2928,1.3166,1.334,1.3496,1.3623,1.3734,1.3817,1.3912,1.3986,1.4057,1.4119,1.4171,1.4219,1.4249,1.4267,1.4302,1.4332,1.4362,1.4398,1.4426,1.4451,1.4479,1.4498,1.4518,1.4548,1.4581,1.4596,1.4616,1.464,1.4652,1.4678,1.4692,1.471,1.4706,1.4741,1.4748,1.476,1.4771,1.4775,1.4765,1.4779,1.479,1.4794,1.4797,1.4802,1.4817,1.4799,1.4802,1.4801,1.4796,1.48,1.4808,1.4805,1.4804,1.4808,1.4793,1.4797,1.4799,1.4799,1.4795,1.4787,1.4796,1.4786,1.4783,1.4779,1.4774,1.4775,1.4778,1.4768
2;3,0.1399,0.1341,0.1415,0.147,0.1514,0.1558,0.1612,0.1683,0.1777,0.189,0.2045,0.2243,0.2501,0.2843,0.3258,0.3777,0.4393,0.5092,0.5878,0.6764,0.7698,0.8653,0.9588,1.0475,1.1177,1.175,1.2179,1.2468,1.2712,1.2916,1.3068,1.3194,1.3322,1.344,1.3495,1.3568,1.3654,1.3713,1.3791,1.3829,1.3853,1.388,1.392,1.396,1.3992,1.4024,1.4061,1.4074,1.4107,1.414,1.4141,1.4181,1.4187,1.4225,1.425,1.4284,1.4307,1.4304,1.432,1.4348,1.4339,1.4357,1.4387,1.4387,1.4399,1.44,1.4405,1.4416,1.4411,1.4423,1.444,1.4434,1.4435,1.4436,1.442,1.4439,1.4427,1.4432,1.4432,1.4424,1.4424,1.4417,1.4409,1.4435,1.4415,1.4395,1.4393,1.4408,1.4396,1.4397,1.4392,1.4374,1.4381,1.4364,1.435,1.4339
3;2,0.1488,0.1428,0.1498,0.1538,0.1568,0.1607,0.1663,0.1733,0.1816,0.1928,0.2082,0.2271,0.2512,0.2821,0.3192,0.3658,0.4201,0.4828,0.5552,0.6319,0.7136,0.799,0.8842,0.9608,1.0298,1.0858,1.1264,1.1566,1.1816,1.2003,1.2171,1.2312,1.2427,1.2523,1.262,1.2681,1.2768,1.2839,1.2893,1.2953,1.2998,1.302,1.307,1.3102,1.3143,1.3169,1.3205,1.3224,1.326,1.3277,1.3302,1.3322,1.334,1.337,1.3405,1.3411,1.3423,1.3439,1.347,1.3482,1.3475,1.3495,1.3501,1.3509,1.3519,1.3518,1.3536,1.3532,1.3527,1.3539,1.3536,1.3541,1.3539,1.3547,1.3545,1.354,1.3535,1.3536,1.3533,1.3523,1.3525,1.3531,1.3528,1.3532,1.353,1.3518,1.3516,1.3501,1.351,1.3505,1.3494,1.3501,1.3492,1.3483,1.3487,1.3475
,,,,,,,,,,,,,,,,,,,,,,,,,,,,,,,,,,,,,,,,,,,,,,,,,,,,,,,,,,,,,,,,,,,,,,,,,,,,,,,,,,,,,,,,,,,,,,,,
Cycles / Well,,,,,,,,,,,,,,,,,,,,,,,,,,,,,,,,,,,,,,,,,,,,,,,,,,,,,,,,,,,,,,,,,,,,,,,,,,,,,,,,,,,,,,,,,,,,,,,,
E11,1,2,3,4,5,6,7,8,9,10,11,12,13,14,15,16,17,18,19,20,21,22,23,24,25,26,27,28,29,30,31,32,33,34,35,36,37,38,39,40,41,42,43,44,45,46,47,48,49,50,51,52,53,54,55,56,57,58,59,60,61,62,63,64,65,66,67,68,69,70,71,72,73,74,75,76,77,78,79,80,81,82,83,84,85,86,87,88,89,90,91,92,93,94,95,96
Time [s],0,1799.821,3599.758,5399.669,7199.591,8999.513,10799.454,12599.368,14399.281,16199.217,17999.132,19799.048,21598.968,23398.907,25198.816,26998.729,28798.66,30598.612,32398.504,34198.422,35998.348,37798.293,39598.197,41398.12,43198.051,44997.975,46797.9,48597.816,50397.749,52197.631,53997.556,55797.465,57597.39,59397.304,61197.232,62997.141,64797.066,66596.996,68396.927,70196.835,71996.75,73796.684,75596.611,77396.528,79196.461,80996.395,82796.296,84596.214,86396.144,88196.085,89995.979,91795.899,93595.822,95395.741,97195.669,98995.594,100795.52,102595.43,104395.36,106195.269,107995.204,109795.106,111595.047,113394.962,115194.873,116994.792,118794.719,120594.63,122394.557,124194.487,125994.397,127794.312,129594.227,131394.143,133194.064,134993.983,136793.918,138593.83,140393.768,142193.687,143993.61,145793.539,147593.44,149393.349,151193.294,152993.201,154793.136,156593.059,158392.972,160192.914,161992.825,163792.732,165592.675,167392.569,169192.493,170992.414
Temp. [°C],19.6,29.9,29.9,30,30,30,30,29.9,30,30,30,30.1,30.1,30,30,30,30,30,30,30,30,30,30,30,30,30.1,30.1,30,30,30,30,30,30,30,30,30,30,30,30,30,30,30,30,30,30,30,30,30,30,30,30,30,30,30,30,30,30,30,30,29.9,30,30,30,30,30,30,30,30,30.1,30,30.1,30.1,30,30,30,30,30,29.9,30,30,30,30,30,30,30,30,30,30,30.1,30,30,30,30,30,30,30
Mean,0.14372,0.13584,0.14256,0.14684,0.15168,0.15718,0.16468,0.17446,0.18792,0.20486,0.22852,0.25996,0.30176,0.35432,0.41824,0.4914,0.57556,0.66982,0.7714,0.87782,0.97944,1.07224,1.1505,1.20802,1.24852,1.28116,1.30572,1.32512,1.3415,1.3558,1.36722,1.37764,1.38712,1.39586,1.40162,1.40718,1.412,1.41706,1.42164,1.42542,1.42858,1.4305,1.4329,1.4344,1.4363,1.43816,1.43984,1.44058,1.44254,1.44372,1.4452,1.44676,1.4482,1.44924,1.45042,1.4523,1.45302,1.454,1.45514,1.45594,1.45636,1.45762,1.4591,1.4595,1.45996,1.46072,1.46182,1.46278,1.4631,1.46412,1.46548,1.46616,1.46714,1.46756,1.4682,1.46936,1.46942,1.47054,1.47168,1.47178,1.47254,1.47354,1.47414,1.4748,1.47598,1.4762,1.4773,1.47754,1.47874,1.47904,1.47986,1.48038,1.48094,1.48158,1.48168,1.48276
StDev,0.004430801,0.005345372,0.005205094,0.005422453,0.005906522,0.00647665,0.006930873,0.007876103,0.009995349,0.010989677,0.013591247,0.01697831,0.02238667,0.029713499,0.039358328,0.049341818,0.061368461,0.074115633,0.085809702,0.094554175,0.099129854,0.099386785,0.096342332,0.09064142,0.087756265,0.086122866,0.084661662,0.082499103,0.082126944,0.081480581,0.080738015,0.079963542,0.07867342,0.078619482,0.077489528,0.076588948,0.076201148,0.07617646,0.07604642,0.075426501,0.075346347,0.07384697,0.074393515,0.074204751,0.07386315,0.074445839,0.074410167,0.074585903,0.0750544,0.074866661,0.075278251,0.07541716,0.075368163,0.075009086,0.075374478,0.075287848,0.075925009,0.076062244,0.076160344,0.076194639,0.077618993,0.076657107,0.077625415,0.07732797,0.077234921,0.07688587,0.077083507,0.077446381,0.077680467,0.077357592,0.077849515,0.077892766,0.078001077,0.077850742,0.078109314,0.078232781,0.078657244,0.078047249,0.078580704,0.077842643,0.078311129,0.078050195,0.078486706,0.078490254,0.077863066,0.078344847,0.078057927,0.078132151,0.078415834,0.078313364,0.078551849,0.078594096,0.079189254,0.07876863,0.078696232,0.07891133
1;2,0.1406,0.1336,0.1416,0.1464,0.1515,0.1574,0.1652,0.1755,0.1882,0.2085,0.235,0.2711,0.3188,0.3789,0.4516,0.5332,0.6268,0.7293,0.8406,0.9521,1.0548,1.1479,1.2242,1.2725,1.3125,1.3444,1.3659,1.382,1.3985,1.4118,1.4229,1.4332,1.439,1.4471,1.4535,1.4584,1.4632,1.4672,1.471,1.4744,1.4779,1.478,1.4807,1.4831,1.4839,1.486,1.4875,1.4896,1.4927,1.4933,1.4955,1.4975,1.4989,1.4993,1.5004,1.5015,1.5007,1.5024,1.5044,1.5049,1.5076,1.5076,1.5099,1.5108,1.5108,1.5103,1.5117,1.5144,1.5143,1.5148,1.516,1.5165,1.5174,1.5177,1.5187,1.5196,1.5202,1.5203,1.522,1.5216,1.5227,1.5245,1.5249,1.5245,1.5253,1.527,1.5276,1.5267,1.5295,1.529,1.5304,1.5313,1.5318,1.5319,1.5313,1.5329
2;1,0.1498,0.1439,0.1507,0.1553,0.1607,0.1671,0.1748,0.1856,0.2027,0.2175,0.2413,0.2708,0.3091,0.3537,0.4077,0.4665,0.5332,0.6092,0.6925,0.7809,0.8722,0.9614,1.0399,1.1023,1.1458,1.1796,1.2046,1.2273,1.2432,1.2584,1.2705,1.281,1.292,1.2997,1.3086,1.3155,1.3201,1.3246,1.3297,1.3334,1.3362,1.3412,1.3422,1.3438,1.3473,1.3478,1.35,1.3503,1.3519,1.3524,1.3546,1.3543,1.3568,1.3585,1.359,1.3609,1.3604,1.3613,1.3621,1.3628,1.3608,1.3642,1.3628,1.3645,1.3647,1.3664,1.3667,1.3668,1.3678,1.3688,1.3692,1.3696,1.3704,1.371,1.3721,1.372,1.3718,1.3737,1.3744,1.3763,1.3759,1.377,1.377,1.3771,1.3793,1.3792,1.3795,1.3802,1.3805,1.3813,1.3811,1.3821,1.3814,1.3827,1.3828,1.3829
2;2,0.1426,0.1324,0.1398,0.1448,0.1502,0.1567,0.1651,0.1759,0.1899,0.2112,0.2385,0.275,0.3247,0.3883,0.4655,0.5524,0.652,0.7628,0.8772,0.9939,1.101,1.1926,1.2661,1.3181,1.3543,1.3846,1.407,1.4255,1.4412,1.4547,1.4648,1.4732,1.4827,1.4902,1.4959,1.5004,1.5042,1.5093,1.5141,1.5167,1.5194,1.5203,1.523,1.5234,1.5264,1.5289,1.5306,1.5311,1.5328,1.5335,1.5363,1.5368,1.5387,1.5396,1.5416,1.5435,1.5453,1.5463,1.5472,1.5484,1.549,1.5503,1.5513,1.5517,1.5526,1.5532,1.5543,1.5547,1.5563,1.557,1.5579,1.5593,1.5606,1.5609,1.5616,1.5624,1.563,1.564,1.5654,1.5655,1.5662,1.5665,1.5678,1.5683,1.5691,1.5697,1.5698,1.5709,1.5716,1.5721,1.5725,1.5735,1.5746,1.575,1.5755,1.5757
2;3,0.139,0.1308,0.1369,0.1404,0.1442,0.149,0.1554,0.1639,0.1754,0.1909,0.2121,0.2414,0.2808,0.3322,0.3951,0.47,0.557,0.6547,0.7596,0.8699,0.9754,1.0708,1.1499,1.2126,1.2519,1.2842,1.3126,1.3313,1.3471,1.3624,1.3743,1.386,1.3964,1.4081,1.4095,1.4151,1.4204,1.4267,1.4317,1.4359,1.439,1.4409,1.4439,1.4456,1.4461,1.4481,1.4501,1.4498,1.4524,1.4544,1.454,1.4569,1.4577,1.4588,1.4596,1.4623,1.4652,1.4656,1.4662,1.4667,1.4682,1.4682,1.4722,1.4712,1.4709,1.4729,1.474,1.4746,1.4742,1.4753,1.4795,1.479,1.4798,1.4801,1.4814,1.4836,1.4834,1.4841,1.4859,1.4845,1.4863,1.4865,1.4875,1.4898,1.4902,1.4893,1.4916,1.4923,1.4929,1.4938,1.4951,1.4945,1.4959,1.4964,1.4964,1.4989
3;2,0.1466,0.1385,0.1438,0.1473,0.1518,0.1557,0.1629,0.1714,0.1834,0.1962,0.2157,0.2415,0.2754,0.3185,0.3713,0.4349,0.5088,0.5931,0.6871,0.7923,0.8938,0.9885,1.0724,1.1346,1.1781,1.213,1.2385,1.2595,1.2775,1.2917,1.3036,1.3148,1.3255,1.3342,1.3406,1.3465,1.3521,1.3575,1.3617,1.3667,1.3704,1.3721,1.3747,1.3761,1.3778,1.38,1.381,1.3821,1.3829,1.385,1.3856,1.3883,1.3889,1.39,1.3915,1.3933,1.3935,1.3944,1.3958,1.3969,1.3962,1.3978,1.3993,1.3993,1.4008,1.4008,1.4024,1.4034,1.4029,1.4047,1.4048,1.4064,1.4075,1.4081,1.4072,1.4092,1.4087,1.4106,1.4107,1.411,1.4116,1.4132,1.4135,1.4143,1.416,1.4158,1.418,1.4176,1.4192,1.419,1.4202,1.4205,1.421,1.4219,1.4224,1.4234
,,,,,,,,,,,,,,,,,,,,,,,,,,,,,,,,,,,,,,,,,,,,,,,,,,,,,,,,,,,,,,,,,,,,,,,,,,,,,,,,,,,,,,,,,,,,,,,,
Cycles / Well,,,,,,,,,,,,,,,,,,,,,,,,,,,,,,,,,,,,,,,,,,,,,,,,,,,,,,,,,,,,,,,,,,,,,,,,,,,,,,,,,,,,,,,,,,,,,,,,
E12,1,2,3,4,5,6,7,8,9,10,11,12,13,14,15,16,17,18,19,20,21,22,23,24,25,26,27,28,29,30,31,32,33,34,35,36,37,38,39,40,41,42,43,44,45,46,47,48,49,50,51,52,53,54,55,56,57,58,59,60,61,62,63,64,65,66,67,68,69,70,71,72,73,74,75,76,77,78,79,80,81,82,83,84,85,86,87,88,89,90,91,92,93,94,95,96
Time [s],0,1799.821,3599.758,5399.669,7199.591,8999.513,10799.454,12599.368,14399.281,16199.217,17999.132,19799.048,21598.968,23398.907,25198.816,26998.729,28798.66,30598.612,32398.504,34198.422,35998.348,37798.293,39598.197,41398.12,43198.051,44997.975,46797.9,48597.816,50397.749,52197.631,53997.556,55797.465,57597.39,59397.304,61197.232,62997.141,64797.066,66596.996,68396.927,70196.835,71996.75,73796.684,75596.611,77396.528,79196.461,80996.395,82796.296,84596.214,86396.144,88196.085,89995.979,91795.899,93595.822,95395.741,97195.669,98995.594,100795.52,102595.43,104395.36,106195.269,107995.204,109795.106,111595.047,113394.962,115194.873,116994.792,118794.719,120594.63,122394.557,124194.487,125994.397,127794.312,129594.227,131394.143,133194.064,134993.983,136793.918,138593.83,140393.768,142193.687,143993.61,145793.539,147593.44,149393.349,151193.294,152993.201,154793.136,156593.059,158392.972,160192.914,161992.825,163792.732,165592.675,167392.569,169192.493,170992.414
Temp. [°C],19.6,29.9,29.9,30,30,30,30,29.9,30,30,30,30.1,30.1,30,30,30,30,30,30,30,30,30,30,30,30,30.1,30.1,30,30,30,30,30,30,30,30,30,30,30,30,30,30,30,30,30,30,30,30,30,30,30,30,30,30,30,30,30,30,30,30,29.9,30,30,30,30,30,30,30,30,30.1,30,30.1,30.1,30,30,30,30,30,29.9,30,30,30,30,30,30,30,30,30,30,30.1,30,30,30,30,30,30,30
Mean,0.14622,0.14928,0.16098,0.17008,0.18076,0.19412,0.21212,0.2366,0.26938,0.31066,0.3626,0.42516,0.49986,0.5837,0.679,0.7828,0.8897,0.9889,1.07536,1.14436,1.19356,1.22642,1.24968,1.268,1.28258,1.29602,1.30764,1.31694,1.32556,1.33418,1.34192,1.34848,1.3539,1.3606,1.36642,1.3728,1.37944,1.38474,1.38896,1.3931,1.3968,1.40036,1.40334,1.40604,1.40872,1.41112,1.41312,1.41426,1.4166,1.41836,1.41934,1.42108,1.42196,1.42402,1.42488,1.42622,1.42752,1.42912,1.43084,1.4319,1.43184,1.43404,1.43532,1.43646,1.43762,1.43862,1.43932,1.44074,1.44186,1.44342,1.44466,1.44542,1.44672,1.44742,1.44814,1.44912,1.44984,1.45134,1.45208,1.4531,1.45408,1.455,1.45548,1.45702,1.45782,1.4584,1.45928,1.46026,1.461,1.46184,1.46244,1.46284,1.46402,1.46504,1.46574,1.46664
StDev,0.00779147,0.005397407,0.004957015,0.005568393,0.007047198,0.008823661,0.01101213,0.013732989,0.01735402,0.022477834,0.029365626,0.037343647,0.047068918,0.057370681,0.06802687,0.077988685,0.083575295,0.084842354,0.082034432,0.077177348,0.071631683,0.068413646,0.066052154,0.06361525,0.06214891,0.061659849,0.060356632,0.060122275,0.059319584,0.058683021,0.058839587,0.057669897,0.056742973,0.056267753,0.056214028,0.055523554,0.054487687,0.054032611,0.053246624,0.052158652,0.052588877,0.051668491,0.051508766,0.051246785,0.051336897,0.050780626,0.050507494,0.050465959,0.050656243,0.04977191,0.049600635,0.049523096,0.050084658,0.049173235,0.049159048,0.049415453,0.048929817,0.048589217,0.04859571,0.047984581,0.048225543,0.048385359,0.048043022,0.04826679,0.047942591,0.047823812,0.048009864,0.048135725,0.047857842,0.047624489,0.047431456,0.047154342,0.047449837,0.04720966,0.046754069,0.046794572,0.046832553,0.046842374,0.046905725,0.046999309,0.046623353,0.046895256,0.046850795,0.04678939,0.046165322,0.046372621,0.0460602,0.04611825,0.046834816,0.045736561,0.04591185,0.046087666,0.045627426,0.045650334,0.045437022,0.045306214
1;2,0.1441,0.1461,0.1605,0.1712,0.1834,0.198,0.2174,0.2456,0.2806,0.3307,0.392,0.4659,0.5534,0.6506,0.7586,0.8749,0.9877,1.0887,1.1703,1.2328,1.2741,1.3043,1.3232,1.3381,1.3507,1.3645,1.3734,1.3813,1.3895,1.3976,1.4049,1.4108,1.4145,1.4205,1.4272,1.4317,1.4366,1.4423,1.4451,1.4474,1.4521,1.4541,1.4575,1.4596,1.4622,1.464,1.4652,1.4664,1.4688,1.4698,1.4706,1.4726,1.4741,1.4747,1.475,1.4769,1.4777,1.479,1.4808,1.4808,1.4818,1.4843,1.4852,1.4864,1.4874,1.4878,1.489,1.4908,1.4912,1.4926,1.4938,1.494,1.4958,1.496,1.4961,1.497,1.4982,1.4994,1.5,1.5017,1.5019,1.5032,1.5038,1.505,1.5052,1.5067,1.5072,1.5077,1.5099,1.509,1.5099,1.5109,1.5113,1.5129,1.5127,1.5138
2;1,0.1567,0.1545,0.1669,0.1766,0.1886,0.2038,0.2238,0.2489,0.2849,0.322,0.3716,0.428,0.4955,0.5694,0.6556,0.749,0.8472,0.9439,1.0281,1.0969,1.1485,1.1823,1.206,1.2265,1.2418,1.2537,1.2651,1.2745,1.2842,1.2927,1.3007,1.3076,1.3136,1.3191,1.3271,1.3343,1.3423,1.3457,1.3502,1.3541,1.3577,1.3631,1.3655,1.3678,1.3715,1.374,1.3761,1.3774,1.3786,1.3801,1.3823,1.3831,1.3846,1.386,1.3874,1.3887,1.3894,1.3908,1.3922,1.3932,1.3925,1.396,1.3958,1.3976,1.3988,1.4004,1.4003,1.4016,1.4029,1.4056,1.4069,1.4068,1.4085,1.4096,1.4106,1.4111,1.4122,1.4138,1.4141,1.4153,1.4161,1.4172,1.4175,1.4186,1.4206,1.4215,1.4219,1.4227,1.4225,1.4242,1.4242,1.4258,1.4266,1.428,1.4286,1.4298
2;2,0.1432,0.1451,0.1583,0.1685,0.1799,0.1948,0.2143,0.2413,0.276,0.3247,0.3838,0.4549,0.5403,0.6359,0.7435,0.8581,0.9726,1.073,1.1589,1.2242,1.2693,1.2979,1.3203,1.3369,1.3501,1.3621,1.3738,1.3839,1.391,1.3989,1.4074,1.4121,1.4171,1.4236,1.4282,1.4348,1.4407,1.4448,1.4486,1.4523,1.4557,1.4588,1.461,1.4637,1.4666,1.4684,1.4706,1.4715,1.4742,1.4748,1.4754,1.4769,1.4783,1.4797,1.4812,1.4824,1.4834,1.4846,1.4862,1.487,1.4866,1.4888,1.4898,1.4913,1.4919,1.4933,1.4938,1.4951,1.4962,1.4974,1.4985,1.499,1.5005,1.5012,1.5015,1.5027,1.503,1.5048,1.5058,1.5064,1.5072,1.5083,1.5085,1.5103,1.5101,1.5103,1.5109,1.5126,1.5132,1.5135,1.5143,1.5144,1.5154,1.5159,1.517,1.5175
2;3,0.1363,0.1449,0.1545,0.1616,0.1695,0.1799,0.1944,0.2146,0.2418,0.2765,0.321,0.3755,0.4423,0.5197,0.6091,0.7086,0.8142,0.9128,1.0033,1.0777,1.1314,1.1682,1.1922,1.2142,1.2285,1.2426,1.2572,1.2661,1.2738,1.2842,1.2916,1.2995,1.305,1.3139,1.3171,1.3232,1.3295,1.3369,1.3414,1.3477,1.3496,1.3534,1.3567,1.3599,1.3617,1.3648,1.3672,1.3679,1.3707,1.3738,1.3735,1.3766,1.376,1.3793,1.3804,1.3808,1.3842,1.3866,1.3883,1.3905,1.3913,1.3919,1.3954,1.3953,1.3968,1.3979,1.3984,1.3996,1.4005,1.4014,1.4039,1.4049,1.4056,1.4065,1.4075,1.4091,1.4092,1.4106,1.4116,1.4124,1.4136,1.4138,1.4142,1.4165,1.4163,1.4165,1.4183,1.4199,1.4193,1.4216,1.4229,1.4216,1.424,1.4246,1.4257,1.4268
3;2,0.1508,0.1558,0.1647,0.1725,0.1824,0.1941,0.2107,0.2326,0.2636,0.2994,0.3446,0.4015,0.4678,0.5429,0.6282,0.7234,0.8268,0.9261,1.0162,1.0902,1.1445,1.1794,1.2067,1.2243,1.2418,1.2572,1.2687,1.2789,1.2893,1.2975,1.305,1.3124,1.3193,1.3259,1.3325,1.34,1.3481,1.354,1.3595,1.364,1.3689,1.3724,1.376,1.3792,1.3816,1.3844,1.3865,1.3881,1.3907,1.3933,1.3949,1.3962,1.3968,1.4004,1.4004,1.4023,1.4029,1.4046,1.4067,1.408,1.407,1.4092,1.4104,1.4117,1.4132,1.4137,1.4151,1.4166,1.4185,1.4201,1.4202,1.4224,1.4232,1.4238,1.425,1.4257,1.4266,1.4281,1.4289,1.4297,1.4316,1.4325,1.4334,1.4347,1.4369,1.437,1.4381,1.4384,1.4401,1.4409,1.4409,1.4415,1.4428,1.4438,1.4447,1.4453
,,,,,,,,,,,,,,,,,,,,,,,,,,,,,,,,,,,,,,,,,,,,,,,,,,,,,,,,,,,,,,,,,,,,,,,,,,,,,,,,,,,,,,,,,,,,,,,,
Cycles / Well,,,,,,,,,,,,,,,,,,,,,,,,,,,,,,,,,,,,,,,,,,,,,,,,,,,,,,,,,,,,,,,,,,,,,,,,,,,,,,,,,,,,,,,,,,,,,,,,
F1,1,2,3,4,5,6,7,8,9,10,11,12,13,14,15,16,17,18,19,20,21,22,23,24,25,26,27,28,29,30,31,32,33,34,35,36,37,38,39,40,41,42,43,44,45,46,47,48,49,50,51,52,53,54,55,56,57,58,59,60,61,62,63,64,65,66,67,68,69,70,71,72,73,74,75,76,77,78,79,80,81,82,83,84,85,86,87,88,89,90,91,92,93,94,95,96
Time [s],0,1799.821,3599.758,5399.669,7199.591,8999.513,10799.454,12599.368,14399.281,16199.217,17999.132,19799.048,21598.968,23398.907,25198.816,26998.729,28798.66,30598.612,32398.504,34198.422,35998.348,37798.293,39598.197,41398.12,43198.051,44997.975,46797.9,48597.816,50397.749,52197.631,53997.556,55797.465,57597.39,59397.304,61197.232,62997.141,64797.066,66596.996,68396.927,70196.835,71996.75,73796.684,75596.611,77396.528,79196.461,80996.395,82796.296,84596.214,86396.144,88196.085,89995.979,91795.899,93595.822,95395.741,97195.669,98995.594,100795.52,102595.43,104395.36,106195.269,107995.204,109795.106,111595.047,113394.962,115194.873,116994.792,118794.719,120594.63,122394.557,124194.487,125994.397,127794.312,129594.227,131394.143,133194.064,134993.983,136793.918,138593.83,140393.768,142193.687,143993.61,145793.539,147593.44,149393.349,151193.294,152993.201,154793.136,156593.059,158392.972,160192.914,161992.825,163792.732,165592.675,167392.569,169192.493,170992.414
Temp. [°C],19.6,29.9,29.9,30,30,30,30,29.9,30,30,30,30.1,30.1,30,30,30,30,30,30,30,30,30,30,30,30,30.1,30.1,30,30,30,30,30,30,30,30,30,30,30,30,30,30,30,30,30,30,30,30,30,30,30,30,30,30,30,30,30,30,30,30,29.9,30,30,30,30,30,30,30,30,30.1,30,30.1,30.1,30,30,30,30,30,29.9,30,30,30,30,30,30,30,30,30,30,30.1,30,30,30,30,30,30,30
Mean,0.14012,0.14324,0.15154,0.1618,0.17478,0.19004,0.20916,0.2319,0.25916,0.2908,0.3277,0.36884,0.4144,0.46664,0.5231,0.58482,0.65146,0.72226,0.79566,0.8719,0.94854,1.01868,1.08782,1.14808,1.2019,1.24724,1.28748,1.32206,1.35294,1.37746,1.39592,1.41068,1.41988,1.42564,1.42978,1.43364,1.43766,1.44064,1.44448,1.44688,1.45038,1.45202,1.45642,1.4586,1.46212,1.46534,1.46738,1.47078,1.47216,1.47644,1.47774,1.47988,1.4833,1.48346,1.48668,1.48812,1.49022,1.49132,1.49438,1.49524,1.49626,1.49912,1.50042,1.50202,1.5038,1.50456,1.50628,1.50708,1.5082,1.50948,1.51106,1.51228,1.51342,1.5141,1.51572,1.5169,1.51772,1.51822,1.51926,1.52084,1.5214,1.52118,1.5218,1.5225,1.52462,1.52454,1.52606,1.52558,1.52694,1.52722,1.5283,1.52898,1.52972,1.53002,1.53102,1.53106
StDev,0.007118778,0.006498692,0.007696298,0.008438898,0.010760437,0.013867696,0.018041563,0.023301073,0.030174957,0.039399175,0.048852277,0.058585263,0.070117651,0.082495533,0.095367395,0.1101871,0.124208929,0.140564658,0.155585452,0.16794974,0.176902906,0.18406968,0.184984505,0.182666724,0.177776925,0.171541476,0.16418178,0.159248008,0.15276964,0.146304897,0.140329869,0.134028549,0.130146156,0.127307258,0.125682803,0.123602298,0.123092315,0.122715863,0.122798481,0.121842242,0.122462472,0.123086705,0.121695078,0.12179961,0.121153073,0.121138569,0.120873475,0.120116452,0.120568893,0.119298588,0.12085145,0.11960768,0.119583506,0.119959589,0.118634721,0.118821071,0.119645171,0.11932708,0.118973388,0.118543275,0.117565633,0.118522053,0.118499186,0.118081633,0.118479007,0.117946674,0.117623561,0.118132942,0.117970229,0.117734774,0.117030607,0.116907408,0.117303099,0.117233016,0.116685676,0.117154108,0.11692941,0.117090657,0.117090491,0.117352686,0.116391323,0.117091234,0.116838799,0.117195328,0.116356637,0.116806305,0.115795846,0.116932126,0.116505957,0.116934606,0.116443699,0.115861758,0.116039355,0.11572142,0.115626671,0.115647127
1;2,0.1358,0.1391,0.1463,0.1563,0.1693,0.1848,0.2065,0.2315,0.2617,0.297,0.3363,0.38,0.4301,0.4819,0.5369,0.5993,0.663,0.7257,0.7934,0.8573,0.923,0.9898,1.0591,1.1182,1.1678,1.2139,1.2549,1.2928,1.3191,1.3478,1.3669,1.3853,1.3961,1.4058,1.4104,1.4119,1.4172,1.42,1.4236,1.4273,1.4325,1.4355,1.436,1.4388,1.4418,1.4443,1.4471,1.45,1.452,1.4564,1.4573,1.4596,1.4663,1.465,1.4654,1.4686,1.47,1.4725,1.4729,1.4728,1.4748,1.4794,1.4801,1.4814,1.4838,1.4849,1.4875,1.4927,1.4924,1.4921,1.494,1.4923,1.4961,1.4951,1.4974,1.4999,1.5013,1.5038,1.5037,1.5059,1.5046,1.5047,1.5072,1.5088,1.5089,1.511,1.5108,1.5124,1.5146,1.5134,1.5118,1.5157,1.5154,1.5155,1.515,1.519
2;1,0.141,0.1453,0.1589,0.1722,0.19,0.2101,0.2346,0.2633,0.2983,0.3401,0.3873,0.4384,0.4946,0.5597,0.6296,0.7068,0.7874,0.8772,0.9679,1.0583,1.1427,1.2209,1.2849,1.3403,1.3869,1.4239,1.4528,1.4802,1.5028,1.5179,1.5291,1.5361,1.5405,1.5431,1.5456,1.5472,1.5504,1.5523,1.556,1.5573,1.561,1.5638,1.5659,1.5686,1.5703,1.5731,1.5747,1.5772,1.5799,1.5814,1.5854,1.5854,1.5876,1.5911,1.5905,1.5924,1.5956,1.5959,1.5982,1.5983,1.5982,1.6002,1.6032,1.6043,1.6056,1.606,1.6071,1.6085,1.6092,1.6108,1.6111,1.6129,1.6139,1.6152,1.6169,1.6175,1.6168,1.6187,1.6189,1.6213,1.6206,1.6218,1.6223,1.6233,1.6248,1.6257,1.6258,1.627,1.6275,1.628,1.6291,1.6284,1.6302,1.63,1.6329,1.6316
2;2,0.1357,0.1388,0.1474,0.1595,0.1745,0.1924,0.2149,0.2423,0.2748,0.3128,0.3571,0.4065,0.4623,0.5274,0.5974,0.6729,0.7557,0.8443,0.9327,1.0244,1.115,1.1908,1.2651,1.3247,1.3774,1.4174,1.4544,1.4846,1.5133,1.5325,1.5465,1.5559,1.5615,1.5635,1.5657,1.5689,1.5719,1.5752,1.5791,1.5798,1.5835,1.5844,1.5898,1.5916,1.5958,1.5995,1.6009,1.6039,1.6045,1.6091,1.6112,1.6128,1.6156,1.6139,1.6196,1.6198,1.6225,1.6231,1.6275,1.6281,1.6282,1.6332,1.6329,1.6344,1.6369,1.6369,1.6382,1.6377,1.6396,1.6407,1.6424,1.6437,1.6444,1.6456,1.6458,1.6476,1.6489,1.6474,1.6497,1.6508,1.6514,1.6512,1.6509,1.6513,1.6532,1.652,1.6538,1.6526,1.6536,1.6553,1.6566,1.656,1.6564,1.6568,1.6569,1.6565
2;3,0.1359,0.1392,0.1443,0.1522,0.1612,0.1718,0.1847,0.2007,0.2201,0.2408,0.2668,0.2966,0.3292,0.369,0.4118,0.4566,0.509,0.562,0.6172,0.6779,0.7424,0.7985,0.86,0.9195,0.9797,1.0301,1.0799,1.1185,1.1607,1.1914,1.2182,1.2416,1.2551,1.2637,1.2693,1.2773,1.2808,1.2843,1.2874,1.2897,1.2916,1.2913,1.2988,1.3009,1.3056,1.3088,1.3104,1.315,1.3151,1.3216,1.3213,1.3249,1.3265,1.3262,1.3332,1.3327,1.3335,1.3344,1.3395,1.3403,1.3428,1.3445,1.3453,1.3478,1.3485,1.3499,1.3517,1.3504,1.3525,1.3544,1.3577,1.3594,1.3586,1.361,1.3629,1.3626,1.3632,1.3622,1.3638,1.3648,1.3672,1.3661,1.3668,1.3661,1.3699,1.3681,1.3719,1.3683,1.37,1.3706,1.3733,1.3735,1.374,1.3751,1.3773,1.376
3;2,0.1522,0.1538,0.1608,0.1688,0.1789,0.1911,0.2051,0.2217,0.2409,0.2633,0.291,0.3227,0.3558,0.3952,0.4398,0.4885,0.5422,0.6021,0.6671,0.7416,0.8196,0.8934,0.97,1.0377,1.0977,1.1509,1.1954,1.2342,1.2688,1.2977,1.3189,1.3345,1.3462,1.3521,1.3579,1.3629,1.368,1.3714,1.3763,1.3803,1.3833,1.3851,1.3916,1.3931,1.3971,1.401,1.4038,1.4078,1.4093,1.4137,1.4135,1.4167,1.4205,1.4211,1.4247,1.4271,1.4295,1.4307,1.4338,1.4367,1.4373,1.4383,1.4406,1.4422,1.4442,1.4451,1.4469,1.4461,1.4473,1.4494,1.4501,1.4531,1.4541,1.4536,1.4556,1.4569,1.4584,1.459,1.4602,1.4614,1.4632,1.4621,1.4618,1.463,1.4663,1.4659,1.468,1.4676,1.469,1.4688,1.4707,1.4713,1.4726,1.4727,1.473,1.4722
,,,,,,,,,,,,,,,,,,,,,,,,,,,,,,,,,,,,,,,,,,,,,,,,,,,,,,,,,,,,,,,,,,,,,,,,,,,,,,,,,,,,,,,,,,,,,,,,
Cycles / Well,,,,,,,,,,,,,,,,,,,,,,,,,,,,,,,,,,,,,,,,,,,,,,,,,,,,,,,,,,,,,,,,,,,,,,,,,,,,,,,,,,,,,,,,,,,,,,,,
F2,1,2,3,4,5,6,7,8,9,10,11,12,13,14,15,16,17,18,19,20,21,22,23,24,25,26,27,28,29,30,31,32,33,34,35,36,37,38,39,40,41,42,43,44,45,46,47,48,49,50,51,52,53,54,55,56,57,58,59,60,61,62,63,64,65,66,67,68,69,70,71,72,73,74,75,76,77,78,79,80,81,82,83,84,85,86,87,88,89,90,91,92,93,94,95,96
Time [s],0,1799.821,3599.758,5399.669,7199.591,8999.513,10799.454,12599.368,14399.281,16199.217,17999.132,19799.048,21598.968,23398.907,25198.816,26998.729,28798.66,30598.612,32398.504,34198.422,35998.348,37798.293,39598.197,41398.12,43198.051,44997.975,46797.9,48597.816,50397.749,52197.631,53997.556,55797.465,57597.39,59397.304,61197.232,62997.141,64797.066,66596.996,68396.927,70196.835,71996.75,73796.684,75596.611,77396.528,79196.461,80996.395,82796.296,84596.214,86396.144,88196.085,89995.979,91795.899,93595.822,95395.741,97195.669,98995.594,100795.52,102595.43,104395.36,106195.269,107995.204,109795.106,111595.047,113394.962,115194.873,116994.792,118794.719,120594.63,122394.557,124194.487,125994.397,127794.312,129594.227,131394.143,133194.064,134993.983,136793.918,138593.83,140393.768,142193.687,143993.61,145793.539,147593.44,149393.349,151193.294,152993.201,154793.136,156593.059,158392.972,160192.914,161992.825,163792.732,165592.675,167392.569,169192.493,170992.414
Temp. [°C],19.6,29.9,29.9,30,30,30,30,29.9,30,30,30,30.1,30.1,30,30,30,30,30,30,30,30,30,30,30,30,30.1,30.1,30,30,30,30,30,30,30,30,30,30,30,30,30,30,30,30,30,30,30,30,30,30,30,30,30,30,30,30,30,30,30,30,29.9,30,30,30,30,30,30,30,30,30.1,30,30.1,30.1,30,30,30,30,30,29.9,30,30,30,30,30,30,30,30,30,30,30.1,30,30,30,30,30,30,30
Mean,0.1362,0.1387,0.14856,0.15866,0.1684,0.17984,0.19188,0.20642,0.22494,0.24644,0.27374,0.3055,0.342,0.38462,0.43062,0.47812,0.5295,0.58222,0.6351,0.68864,0.7424,0.7884,0.83206,0.86768,0.89674,0.92038,0.94326,0.95774,0.97442,0.9873,1.00022,1.01392,1.02294,1.02958,1.03386,1.03926,1.04152,1.0445,1.04604,1.04916,1.0522,1.04902,1.0548,1.05408,1.05842,1.0587,1.05768,1.05974,1.05688,1.06162,1.0581,1.05836,1.06056,1.05656,1.06364,1.06166,1.06172,1.06056,1.0635,1.063,1.06442,1.06542,1.06454,1.06502,1.06506,1.06402,1.06548,1.06276,1.06392,1.0637,1.06504,1.06618,1.06584,1.06538,1.06592,1.06556,1.06624,1.06372,1.06504,1.06488,1.06632,1.0636,1.06364,1.06148,1.06374,1.05876,1.06264,1.05854,1.06078,1.06182,1.06398,1.06266,1.06058,1.0597,1.06106,1.05968
StDev,0.003408079,0.004758676,0.006470162,0.009488045,0.01379547,0.019658154,0.028219178,0.037031028,0.048034394,0.061752352,0.078364711,0.098816117,0.123310685,0.151212126,0.181367781,0.215701859,0.252577988,0.290196962,0.328363708,0.36578762,0.402236634,0.436564491,0.463066834,0.483551587,0.50083843,0.51400988,0.523346489,0.532920794,0.539314349,0.54784491,0.554586771,0.56122595,0.566611783,0.571457205,0.573242438,0.572003587,0.572449698,0.572176472,0.572111176,0.571751535,0.571342752,0.573488672,0.57116755,0.572070788,0.570944496,0.571216041,0.57169053,0.571388561,0.57263241,0.571031253,0.572623257,0.572038384,0.57261379,0.574059316,0.571227672,0.571742711,0.571846686,0.572768036,0.571679766,0.571792795,0.570918844,0.572568334,0.571986436,0.57223356,0.571665473,0.57195639,0.571535123,0.57303255,0.571928533,0.570894452,0.57124537,0.570142922,0.570485831,0.570241911,0.569639849,0.570487207,0.570313285,0.57034808,0.569814525,0.570033176,0.568702921,0.56915081,0.569887373,0.570675093,0.568336606,0.570166198,0.568166554,0.570619087,0.569303423,0.569002814,0.567168579,0.56765758,0.568262859,0.568034185,0.568461022,0.568463387
1;2,0.1348,0.1369,0.1487,0.1631,0.1802,0.1972,0.2199,0.2452,0.2773,0.3164,0.3646,0.424,0.4934,0.5727,0.6586,0.7518,0.8513,0.9507,1.0512,1.1483,1.2413,1.3222,1.3886,1.4387,1.4788,1.5107,1.5366,1.5603,1.579,1.6003,1.6181,1.6369,1.6499,1.6601,1.6643,1.6652,1.6684,1.6687,1.6715,1.6733,1.6735,1.6753,1.6753,1.6766,1.6766,1.6778,1.6781,1.6789,1.6788,1.6798,1.6797,1.6787,1.6812,1.6803,1.6806,1.6797,1.6806,1.682,1.6813,1.6804,1.6801,1.6819,1.6812,1.6822,1.682,1.6825,1.6818,1.6835,1.6806,1.6798,1.681,1.6803,1.6812,1.6795,1.6796,1.6794,1.6805,1.6794,1.6786,1.6787,1.6774,1.6767,1.6773,1.6781,1.6762,1.6775,1.6767,1.6772,1.6769,1.6764,1.6749,1.6764,1.6756,1.6748,1.676,1.6765
2;1,0.1373,0.1439,0.1588,0.1721,0.183,0.2001,0.2169,0.2366,0.2613,0.2903,0.3264,0.3683,0.4175,0.4757,0.5398,0.61,0.6872,0.7706,0.8551,0.9442,1.0335,1.1207,1.1964,1.2612,1.3137,1.3556,1.3896,1.4163,1.4393,1.46,1.48,1.4976,1.5145,1.5272,1.5353,1.538,1.5418,1.5447,1.5458,1.5471,1.5496,1.5512,1.5516,1.5525,1.5535,1.5539,1.5551,1.5548,1.5567,1.5566,1.557,1.5564,1.5587,1.5599,1.5577,1.5594,1.5596,1.5593,1.5601,1.5617,1.5592,1.5619,1.5608,1.5615,1.5607,1.5601,1.5601,1.5594,1.5608,1.5586,1.5586,1.5586,1.5583,1.5583,1.5573,1.5581,1.5577,1.5572,1.5569,1.5568,1.5555,1.5562,1.5566,1.5565,1.5548,1.555,1.5537,1.5553,1.555,1.5546,1.5542,1.5535,1.5542,1.5533,1.5542,1.5515
2;2,0.1329,0.1344,0.1452,0.1577,0.1703,0.1828,0.1978,0.2149,0.2365,0.2608,0.2924,0.3269,0.3661,0.4116,0.4586,0.5036,0.5518,0.5996,0.6458,0.6919,0.7435,0.7782,0.8217,0.8557,0.8877,0.913,0.9464,0.957,0.9831,0.9977,1.014,1.0358,1.0434,1.0505,1.055,1.0695,1.0689,1.0763,1.0759,1.0835,1.0915,1.0782,1.0961,1.092,1.1063,1.1056,1.1,1.1074,1.0956,1.11,1.099,1.101,1.1046,1.0909,1.1166,1.1082,1.1068,1.1026,1.1122,1.1093,1.1175,1.12,1.1171,1.1171,1.117,1.1133,1.1198,1.1107,1.1152,1.1157,1.1208,1.1234,1.1219,1.1221,1.1239,1.1243,1.1254,1.117,1.1231,1.1231,1.1295,1.1189,1.1199,1.1115,1.1199,1.1008,1.1152,1.1015,1.1082,1.1135,1.1203,1.1144,1.1073,1.1055,1.1095,1.1068
2;3,0.1344,0.1346,0.1414,0.1474,0.1527,0.1586,0.1617,0.1679,0.1762,0.185,0.1969,0.2101,0.2242,0.2416,0.2589,0.2742,0.292,0.3095,0.3269,0.345,0.3644,0.3778,0.3943,0.4078,0.419,0.4279,0.4384,0.4427,0.4518,0.455,0.4597,0.4665,0.4681,0.4703,0.4707,0.4755,0.4766,0.4788,0.4805,0.4826,0.4851,0.4809,0.4859,0.4844,0.4889,0.4893,0.4875,0.4898,0.4865,0.4915,0.4875,0.4889,0.489,0.4844,0.4926,0.49,0.49,0.4889,0.4922,0.4911,0.4925,0.4927,0.4917,0.4925,0.4923,0.4929,0.4939,0.4904,0.4907,0.4919,0.4931,0.494,0.4934,0.4936,0.4946,0.4936,0.494,0.4906,0.4922,0.4929,0.4943,0.4922,0.4919,0.4903,0.4938,0.4889,0.493,0.4879,0.4895,0.4912,0.494,0.4924,0.4921,0.4905,0.4911,0.4901
3;2,0.1416,0.1437,0.1487,0.153,0.1558,0.1605,0.1631,0.1675,0.1734,0.1797,0.1884,0.1982,0.2088,0.2215,0.2372,0.251,0.2652,0.2807,0.2965,0.3138,0.3293,0.3431,0.3593,0.375,0.3845,0.3947,0.4053,0.4124,0.4189,0.4235,0.4293,0.4328,0.4388,0.4398,0.444,0.4481,0.4519,0.454,0.4565,0.4593,0.4613,0.4595,0.4651,0.4649,0.4668,0.4669,0.4677,0.4678,0.4668,0.4702,0.4673,0.4668,0.4693,0.4673,0.4707,0.471,0.4716,0.47,0.4717,0.4725,0.4728,0.4706,0.4719,0.4718,0.4733,0.4713,0.4718,0.4698,0.4723,0.4725,0.4717,0.4746,0.4744,0.4734,0.4742,0.4724,0.4736,0.4744,0.4744,0.4729,0.4749,0.474,0.4725,0.471,0.474,0.4716,0.4746,0.4708,0.4743,0.4734,0.4765,0.4766,0.4737,0.4744,0.4745,0.4735
,,,,,,,,,,,,,,,,,,,,,,,,,,,,,,,,,,,,,,,,,,,,,,,,,,,,,,,,,,,,,,,,,,,,,,,,,,,,,,,,,,,,,,,,,,,,,,,,
Cycles / Well,,,,,,,,,,,,,,,,,,,,,,,,,,,,,,,,,,,,,,,,,,,,,,,,,,,,,,,,,,,,,,,,,,,,,,,,,,,,,,,,,,,,,,,,,,,,,,,,
F3,1,2,3,4,5,6,7,8,9,10,11,12,13,14,15,16,17,18,19,20,21,22,23,24,25,26,27,28,29,30,31,32,33,34,35,36,37,38,39,40,41,42,43,44,45,46,47,48,49,50,51,52,53,54,55,56,57,58,59,60,61,62,63,64,65,66,67,68,69,70,71,72,73,74,75,76,77,78,79,80,81,82,83,84,85,86,87,88,89,90,91,92,93,94,95,96
Time [s],0,1799.821,3599.758,5399.669,7199.591,8999.513,10799.454,12599.368,14399.281,16199.217,17999.132,19799.048,21598.968,23398.907,25198.816,26998.729,28798.66,30598.612,32398.504,34198.422,35998.348,37798.293,39598.197,41398.12,43198.051,44997.975,46797.9,48597.816,50397.749,52197.631,53997.556,55797.465,57597.39,59397.304,61197.232,62997.141,64797.066,66596.996,68396.927,70196.835,71996.75,73796.684,75596.611,77396.528,79196.461,80996.395,82796.296,84596.214,86396.144,88196.085,89995.979,91795.899,93595.822,95395.741,97195.669,98995.594,100795.52,102595.43,104395.36,106195.269,107995.204,109795.106,111595.047,113394.962,115194.873,116994.792,118794.719,120594.63,122394.557,124194.487,125994.397,127794.312,129594.227,131394.143,133194.064,134993.983,136793.918,138593.83,140393.768,142193.687,143993.61,145793.539,147593.44,149393.349,151193.294,152993.201,154793.136,156593.059,158392.972,160192.914,161992.825,163792.732,165592.675,167392.569,169192.493,170992.414
Temp. [°C],19.6,29.9,29.9,30,30,30,30,29.9,30,30,30,30.1,30.1,30,30,30,30,30,30,30,30,30,30,30,30,30.1,30.1,30,30,30,30,30,30,30,30,30,30,30,30,30,30,30,30,30,30,30,30,30,30,30,30,30,30,30,30,30,30,30,30,29.9,30,30,30,30,30,30,30,30,30.1,30,30.1,30.1,30,30,30,30,30,29.9,30,30,30,30,30,30,30,30,30,30,30.1,30,30,30,30,30,30,30
Mean,0.15744,0.16384,0.18256,0.19378,0.21196,0.2316,0.2545,0.284,0.31882,0.35972,0.4088,0.4633,0.52454,0.59358,0.66742,0.7447,0.8263,0.9051,0.97928,1.04236,1.09392,1.13054,1.16338,1.18982,1.20898,1.22814,1.24768,1.26436,1.28254,1.29808,1.31214,1.32272,1.33034,1.33408,1.33774,1.34276,1.3464,1.34812,1.34992,1.35292,1.35644,1.35422,1.35966,1.35934,1.3621,1.36276,1.36274,1.36378,1.36254,1.3661,1.3636,1.36468,1.3652,1.36252,1.36728,1.36616,1.36568,1.3646,1.36618,1.3656,1.366,1.36556,1.36594,1.3664,1.36622,1.36582,1.36626,1.36428,1.36526,1.36432,1.36482,1.36594,1.36536,1.36432,1.36478,1.36422,1.36476,1.3632,1.36366,1.3629,1.36332,1.36148,1.3609,1.35934,1.36084,1.35772,1.3599,1.3562,1.35756,1.35644,1.3581,1.35692,1.35534,1.35568,1.35536,1.35446
StDev,0.006346495,0.005336947,0.012118292,0.019867612,0.029998467,0.041524752,0.054753858,0.069991857,0.088644611,0.110796038,0.136532194,0.165660164,0.198349787,0.231090095,0.262540058,0.296280104,0.326669657,0.350790265,0.365581054,0.370714389,0.371239629,0.370993771,0.36874964,0.366469763,0.36601072,0.365582997,0.364042596,0.367569106,0.365055664,0.363941804,0.361318167,0.355900164,0.351715948,0.351733211,0.351239652,0.348229354,0.348420342,0.349716381,0.350645023,0.350142295,0.349473508,0.353633146,0.349120936,0.350741291,0.348407341,0.34891086,0.350355602,0.348880498,0.35195878,0.348197623,0.351751439,0.350682573,0.351537295,0.354610451,0.348543164,0.350159968,0.351196486,0.352496851,0.349657171,0.350601319,0.348847882,0.35032997,0.350670241,0.350639188,0.350676442,0.351259743,0.349323858,0.352215221,0.350423584,0.350422255,0.350137954,0.348124486,0.348856565,0.348752551,0.348543723,0.349285452,0.347809147,0.349155911,0.347951768,0.348873451,0.346890418,0.349025983,0.348854841,0.350126067,0.34799055,0.350927759,0.348615634,0.352083513,0.350285688,0.350355167,0.347598727,0.348597622,0.35007826,0.349587274,0.349651803,0.350822303
1;2,0.1533,0.1642,0.1973,0.2198,0.2518,0.2871,0.328,0.3778,0.4375,0.5089,0.5916,0.6836,0.7856,0.8904,0.9962,1.1069,1.2087,1.2986,1.3718,1.4241,1.4625,1.4904,1.5144,1.5338,1.5492,1.5655,1.5821,1.6005,1.6134,1.625,1.6334,1.6386,1.6418,1.6461,1.6481,1.6506,1.6552,1.6548,1.6574,1.6588,1.6615,1.6624,1.6631,1.6641,1.6655,1.666,1.6668,1.6669,1.6676,1.6678,1.6689,1.6685,1.6699,1.6695,1.6699,1.6692,1.6697,1.6702,1.6697,1.6687,1.6686,1.6691,1.6696,1.671,1.6703,1.6706,1.6696,1.6717,1.6698,1.6697,1.6701,1.6693,1.6696,1.6679,1.6696,1.6689,1.6681,1.6677,1.6675,1.6693,1.6663,1.667,1.6667,1.6659,1.6659,1.6653,1.6658,1.6658,1.6653,1.664,1.6631,1.6633,1.6629,1.6625,1.6623,1.6636
2;1,0.1604,0.1689,0.1852,0.194,0.2118,0.2306,0.2537,0.2832,0.3187,0.3602,0.4094,0.4681,0.5347,0.6082,0.6914,0.7822,0.8779,0.9752,1.0665,1.1431,1.2033,1.248,1.2823,1.309,1.3303,1.3499,1.3669,1.3865,1.4023,1.4173,1.4314,1.4389,1.4428,1.4486,1.4518,1.4546,1.4597,1.4633,1.4672,1.4693,1.472,1.4748,1.4753,1.4776,1.4785,1.4795,1.4812,1.4812,1.4825,1.4827,1.4836,1.4841,1.4841,1.4857,1.4842,1.4847,1.4855,1.4861,1.4851,1.4858,1.4843,1.4845,1.4854,1.4855,1.485,1.4847,1.484,1.4841,1.4833,1.4834,1.4833,1.4826,1.4826,1.4815,1.4815,1.4813,1.4813,1.4799,1.4798,1.4785,1.4783,1.4782,1.4776,1.4774,1.4763,1.4765,1.4762,1.4766,1.476,1.4746,1.4734,1.4734,1.4734,1.4727,1.4722,1.4718
2;2,0.1527,0.1616,0.188,0.2053,0.2294,0.2561,0.2862,0.3248,0.3702,0.4223,0.4874,0.558,0.6386,0.7349,0.8336,0.936,1.051,1.1552,1.2478,1.3194,1.3757,1.4103,1.4427,1.4669,1.486,1.5035,1.5229,1.5389,1.5584,1.5738,1.5851,1.5921,1.5948,1.5973,1.5999,1.6045,1.6044,1.609,1.6104,1.6136,1.6169,1.6163,1.6203,1.6199,1.622,1.6229,1.623,1.624,1.6236,1.6261,1.6245,1.6258,1.6261,1.624,1.6277,1.6272,1.6269,1.6261,1.6271,1.6264,1.6265,1.6271,1.6268,1.6273,1.6273,1.6277,1.6276,1.6263,1.6266,1.6252,1.6267,1.626,1.6257,1.6261,1.6245,1.626,1.625,1.624,1.6235,1.6233,1.6233,1.6217,1.621,1.6206,1.6214,1.6185,1.6204,1.617,1.6172,1.6178,1.6183,1.6157,1.6162,1.6165,1.6166,1.6154
2;3,0.1535,0.156,0.1651,0.1696,0.1772,0.1852,0.1941,0.2076,0.2223,0.2393,0.2598,0.2798,0.3012,0.3296,0.3591,0.3888,0.4244,0.461,0.503,0.5429,0.5809,0.6064,0.6341,0.6555,0.6725,0.6871,0.7062,0.7127,0.7332,0.7472,0.7608,0.7786,0.7883,0.7927,0.7948,0.8057,0.8069,0.8058,0.8062,0.8088,0.813,0.8046,0.8159,0.813,0.8205,0.8197,0.8168,0.8212,0.8139,0.8236,0.8158,0.8188,0.8168,0.8093,0.8252,0.8206,0.8186,0.8161,0.823,0.8194,0.8238,0.8207,0.8197,0.8211,0.8202,0.8194,0.8237,0.8182,0.8204,0.8206,0.8226,0.8256,0.8241,0.8241,0.8243,0.8233,0.8256,0.8213,0.8239,0.823,0.8257,0.8206,0.8208,0.8177,0.8226,0.8144,0.8209,0.8122,0.8153,0.8153,0.8207,0.8169,0.8146,0.8151,0.815,0.8125
3;2,0.1673,0.1685,0.1772,0.1802,0.1896,0.199,0.2105,0.2266,0.2454,0.2679,0.2958,0.327,0.3626,0.4048,0.4568,0.5096,0.5695,0.6355,0.7073,0.7823,0.8472,0.8976,0.9434,0.9839,1.0069,1.0347,1.0603,1.0832,1.1054,1.1271,1.15,1.1654,1.184,1.1857,1.1941,1.1984,1.2058,1.2077,1.2084,1.2141,1.2188,1.213,1.2237,1.2221,1.224,1.2257,1.2259,1.2256,1.2251,1.2303,1.2252,1.2262,1.2291,1.2241,1.2294,1.2291,1.2277,1.2245,1.226,1.2277,1.2268,1.2264,1.2282,1.2271,1.2283,1.2267,1.2264,1.2211,1.2262,1.2227,1.2214,1.2262,1.2248,1.222,1.224,1.2216,1.2238,1.2231,1.2236,1.2204,1.223,1.2199,1.2184,1.2151,1.218,1.2139,1.2162,1.2094,1.214,1.2105,1.215,1.2153,1.2096,1.2116,1.2107,1.209
,,,,,,,,,,,,,,,,,,,,,,,,,,,,,,,,,,,,,,,,,,,,,,,,,,,,,,,,,,,,,,,,,,,,,,,,,,,,,,,,,,,,,,,,,,,,,,,,
Cycles / Well,,,,,,,,,,,,,,,,,,,,,,,,,,,,,,,,,,,,,,,,,,,,,,,,,,,,,,,,,,,,,,,,,,,,,,,,,,,,,,,,,,,,,,,,,,,,,,,,
F4,1,2,3,4,5,6,7,8,9,10,11,12,13,14,15,16,17,18,19,20,21,22,23,24,25,26,27,28,29,30,31,32,33,34,35,36,37,38,39,40,41,42,43,44,45,46,47,48,49,50,51,52,53,54,55,56,57,58,59,60,61,62,63,64,65,66,67,68,69,70,71,72,73,74,75,76,77,78,79,80,81,82,83,84,85,86,87,88,89,90,91,92,93,94,95,96
Time [s],0,1799.821,3599.758,5399.669,7199.591,8999.513,10799.454,12599.368,14399.281,16199.217,17999.132,19799.048,21598.968,23398.907,25198.816,26998.729,28798.66,30598.612,32398.504,34198.422,35998.348,37798.293,39598.197,41398.12,43198.051,44997.975,46797.9,48597.816,50397.749,52197.631,53997.556,55797.465,57597.39,59397.304,61197.232,62997.141,64797.066,66596.996,68396.927,70196.835,71996.75,73796.684,75596.611,77396.528,79196.461,80996.395,82796.296,84596.214,86396.144,88196.085,89995.979,91795.899,93595.822,95395.741,97195.669,98995.594,100795.52,102595.43,104395.36,106195.269,107995.204,109795.106,111595.047,113394.962,115194.873,116994.792,118794.719,120594.63,122394.557,124194.487,125994.397,127794.312,129594.227,131394.143,133194.064,134993.983,136793.918,138593.83,140393.768,142193.687,143993.61,145793.539,147593.44,149393.349,151193.294,152993.201,154793.136,156593.059,158392.972,160192.914,161992.825,163792.732,165592.675,167392.569,169192.493,170992.414
Temp. [°C],19.6,29.9,29.9,30,30,30,30,29.9,30,30,30,30.1,30.1,30,30,30,30,30,30,30,30,30,30,30,30,30.1,30.1,30,30,30,30,30,30,30,30,30,30,30,30,30,30,30,30,30,30,30,30,30,30,30,30,30,30,30,30,30,30,30,30,29.9,30,30,30,30,30,30,30,30,30.1,30,30.1,30.1,30,30,30,30,30,29.9,30,30,30,30,30,30,30,30,30,30,30.1,30,30,30,30,30,30,30
Mean,0.15948,0.1532,0.16106,0.16624,0.16944,0.17188,0.17666,0.1818,0.18908,0.19854,0.21074,0.22634,0.24606,0.27084,0.3008,0.33374,0.3739,0.41896,0.4686,0.52328,0.58244,0.64264,0.70622,0.76956,0.8279,0.8826,0.93334,0.97482,1.01264,1.04372,1.0703,1.09512,1.11664,1.13452,1.1491,1.16148,1.16842,1.17404,1.17778,1.18126,1.18526,1.18572,1.18894,1.18982,1.19254,1.19368,1.1941,1.19588,1.19654,1.1996,1.19904,1.20102,1.20226,1.2008,1.20482,1.20474,1.20512,1.20592,1.20812,1.208,1.20856,1.21032,1.21038,1.21172,1.21194,1.212,1.21318,1.212,1.21316,1.21352,1.21434,1.21628,1.21602,1.2169,1.21732,1.21694,1.21782,1.2173,1.21734,1.21862,1.21872,1.21772,1.21816,1.2179,1.21924,1.2172,1.21906,1.2173,1.21774,1.21896,1.22042,1.21934,1.21928,1.21902,1.21968,1.2194
StDev,0.002450918,0.0081225,0.013422295,0.017043562,0.018337748,0.020218234,0.021545719,0.024158849,0.02697623,0.030872771,0.035935818,0.042121823,0.050313,0.06082317,0.073344155,0.087511216,0.10437744,0.123283243,0.143296319,0.164705334,0.186942058,0.207832861,0.22691284,0.241087221,0.252280687,0.259286646,0.262643167,0.263836099,0.264097374,0.263824737,0.263420918,0.263317445,0.263754266,0.264041052,0.262187671,0.259884622,0.256188392,0.253891666,0.252180118,0.250901042,0.250310853,0.250616205,0.250556008,0.25083173,0.251321334,0.25142728,0.251813453,0.252037541,0.252617493,0.252825286,0.253042384,0.253862851,0.254131556,0.254600108,0.254416198,0.254778753,0.255787152,0.25612143,0.256442229,0.256668863,0.256960995,0.257732481,0.258661897,0.25889253,0.259295908,0.2596151,0.259900552,0.260641142,0.261178144,0.260831338,0.261239876,0.261773255,0.261753753,0.262275399,0.26223486,0.262462698,0.262784107,0.262524446,0.262328216,0.262916293,0.263417344,0.263579584,0.264023878,0.26442445,0.263847907,0.264290995,0.26444153,0.265007009,0.265101684,0.265039446,0.265026748,0.265377595,0.265586252,0.265624673,0.265773761,0.26628834
1;2,0.1616,0.1619,0.1758,0.1859,0.1902,0.1948,0.2012,0.2097,0.2203,0.2352,0.2537,0.2776,0.3083,0.3475,0.395,0.4485,0.5132,0.5867,0.6664,0.7542,0.8473,0.9399,1.0327,1.1164,1.1902,1.2534,1.3047,1.3451,1.3802,1.4088,1.4322,1.454,1.4758,1.4935,1.5046,1.5123,1.5146,1.5169,1.5183,1.5194,1.5226,1.5257,1.5274,1.5298,1.5314,1.5336,1.5355,1.5371,1.5392,1.5407,1.5425,1.5449,1.5455,1.5479,1.5481,1.5496,1.5516,1.5524,1.5543,1.5554,1.5559,1.5567,1.5595,1.5611,1.5619,1.5623,1.5634,1.5642,1.5662,1.5666,1.5674,1.5697,1.5694,1.5708,1.5711,1.5713,1.5721,1.5727,1.5724,1.5734,1.5749,1.5755,1.576,1.5766,1.5771,1.5773,1.5777,1.5793,1.5791,1.5793,1.5797,1.5802,1.5806,1.5803,1.5816,1.5823
2;1,0.1582,0.1592,0.1704,0.1774,0.1825,0.1871,0.1924,0.1994,0.2085,0.2198,0.2348,0.2534,0.277,0.3062,0.3413,0.379,0.4246,0.4752,0.5308,0.5909,0.6562,0.7228,0.7917,0.8617,0.9265,0.9874,1.0455,1.0919,1.1334,1.167,1.1962,1.2229,1.2465,1.2658,1.2814,1.2938,1.2988,1.3034,1.3068,1.3104,1.3142,1.3133,1.3175,1.3173,1.3216,1.3219,1.3229,1.3242,1.3259,1.3296,1.3274,1.3303,1.3336,1.3298,1.3362,1.3357,1.3367,1.3383,1.3413,1.3405,1.3414,1.3457,1.3446,1.3461,1.3468,1.3471,1.3487,1.3476,1.3482,1.3484,1.3496,1.352,1.3517,1.3533,1.3533,1.3537,1.3546,1.3531,1.3535,1.3563,1.3558,1.3541,1.355,1.3546,1.3547,1.3533,1.3562,1.3536,1.3543,1.3562,1.3581,1.3572,1.3569,1.3569,1.3572,1.3569
2;2,0.1579,0.153,0.162,0.168,0.169,0.172,0.1764,0.1823,0.19,0.1996,0.2125,0.2284,0.2486,0.2739,0.304,0.3365,0.3763,0.4191,0.4657,0.5156,0.5696,0.6217,0.6792,0.7361,0.7888,0.8383,0.8874,0.9271,0.9657,0.9962,1.0241,1.0512,1.071,1.0877,1.1007,1.115,1.122,1.1285,1.1318,1.1365,1.1413,1.1393,1.1439,1.1439,1.1481,1.1486,1.1464,1.1499,1.148,1.1544,1.1519,1.1542,1.1546,1.1498,1.1578,1.1558,1.156,1.1566,1.1596,1.1584,1.1604,1.1634,1.1624,1.1638,1.1634,1.1637,1.1647,1.1622,1.1639,1.1635,1.1653,1.1679,1.1681,1.169,1.1695,1.1679,1.1698,1.1678,1.1679,1.1691,1.1694,1.1664,1.1674,1.1667,1.1697,1.1639,1.1679,1.162,1.1642,1.1663,1.17,1.1662,1.1663,1.1663,1.1666,1.1657
2;3,0.1626,0.1508,0.1557,0.1576,0.1624,0.1613,0.1668,0.1685,0.174,0.1808,0.19,0.202,0.217,0.2361,0.2591,0.2852,0.317,0.3537,0.3952,0.4421,0.4936,0.5481,0.6066,0.6677,0.7245,0.7798,0.832,0.8748,0.9138,0.9468,0.9742,1.0008,1.0215,1.0398,1.0563,1.0698,1.0779,1.0841,1.0884,1.0915,1.0947,1.0946,1.0983,1.0992,1.1023,1.1033,1.1032,1.1053,1.1054,1.1085,1.1077,1.1098,1.111,1.1091,1.1138,1.1139,1.113,1.1139,1.1158,1.1158,1.1154,1.1167,1.1165,1.1177,1.1178,1.1175,1.1195,1.1173,1.1188,1.1188,1.1195,1.121,1.1203,1.1205,1.1218,1.1207,1.1219,1.1208,1.1202,1.1219,1.1211,1.12,1.1206,1.1204,1.1221,1.1188,1.1209,1.1185,1.1186,1.1201,1.121,1.1198,1.1196,1.1188,1.1194,1.1193
3;2,0.1571,0.1411,0.1414,0.1423,0.1431,0.1442,0.1465,0.1491,0.1526,0.1573,0.1627,0.1703,0.1794,0.1905,0.2046,0.2195,0.2384,0.2601,0.2849,0.3136,0.3455,0.3807,0.4209,0.4659,0.5095,0.5541,0.5971,0.6352,0.6701,0.6998,0.7248,0.7467,0.7684,0.7858,0.8025,0.8165,0.8288,0.8373,0.8436,0.8485,0.8535,0.8557,0.8576,0.8589,0.8593,0.861,0.8625,0.8629,0.8642,0.8648,0.8657,0.8659,0.8666,0.8674,0.8682,0.8687,0.8683,0.8684,0.8696,0.8699,0.8697,0.8691,0.8689,0.8699,0.8698,0.8694,0.8696,0.8687,0.8687,0.8703,0.8699,0.8708,0.8706,0.8709,0.8709,0.8711,0.8707,0.8721,0.8727,0.8724,0.8724,0.8726,0.8718,0.8712,0.8726,0.8727,0.8726,0.8731,0.8725,0.8729,0.8733,0.8733,0.873,0.8728,0.8736,0.8728
,,,,,,,,,,,,,,,,,,,,,,,,,,,,,,,,,,,,,,,,,,,,,,,,,,,,,,,,,,,,,,,,,,,,,,,,,,,,,,,,,,,,,,,,,,,,,,,,
Cycles / Well,,,,,,,,,,,,,,,,,,,,,,,,,,,,,,,,,,,,,,,,,,,,,,,,,,,,,,,,,,,,,,,,,,,,,,,,,,,,,,,,,,,,,,,,,,,,,,,,
F5,1,2,3,4,5,6,7,8,9,10,11,12,13,14,15,16,17,18,19,20,21,22,23,24,25,26,27,28,29,30,31,32,33,34,35,36,37,38,39,40,41,42,43,44,45,46,47,48,49,50,51,52,53,54,55,56,57,58,59,60,61,62,63,64,65,66,67,68,69,70,71,72,73,74,75,76,77,78,79,80,81,82,83,84,85,86,87,88,89,90,91,92,93,94,95,96
Time [s],0,1799.821,3599.758,5399.669,7199.591,8999.513,10799.454,12599.368,14399.281,16199.217,17999.132,19799.048,21598.968,23398.907,25198.816,26998.729,28798.66,30598.612,32398.504,34198.422,35998.348,37798.293,39598.197,41398.12,43198.051,44997.975,46797.9,48597.816,50397.749,52197.631,53997.556,55797.465,57597.39,59397.304,61197.232,62997.141,64797.066,66596.996,68396.927,70196.835,71996.75,73796.684,75596.611,77396.528,79196.461,80996.395,82796.296,84596.214,86396.144,88196.085,89995.979,91795.899,93595.822,95395.741,97195.669,98995.594,100795.52,102595.43,104395.36,106195.269,107995.204,109795.106,111595.047,113394.962,115194.873,116994.792,118794.719,120594.63,122394.557,124194.487,125994.397,127794.312,129594.227,131394.143,133194.064,134993.983,136793.918,138593.83,140393.768,142193.687,143993.61,145793.539,147593.44,149393.349,151193.294,152993.201,154793.136,156593.059,158392.972,160192.914,161992.825,163792.732,165592.675,167392.569,169192.493,170992.414
Temp. [°C],19.6,29.9,29.9,30,30,30,30,29.9,30,30,30,30.1,30.1,30,30,30,30,30,30,30,30,30,30,30,30,30.1,30.1,30,30,30,30,30,30,30,30,30,30,30,30,30,30,30,30,30,30,30,30,30,30,30,30,30,30,30,30,30,30,30,30,29.9,30,30,30,30,30,30,30,30,30.1,30,30.1,30.1,30,30,30,30,30,29.9,30,30,30,30,30,30,30,30,30,30,30.1,30,30,30,30,30,30,30
Mean,0.14398,0.13814,0.14956,0.1593,0.17098,0.18442,0.20358,0.22748,0.26046,0.30226,0.35216,0.41114,0.47642,0.55056,0.6327,0.71762,0.80994,0.90124,0.98558,1.06426,1.13654,1.19688,1.24932,1.29046,1.3244,1.35196,1.37588,1.39676,1.41802,1.43522,1.44992,1.46046,1.46922,1.4757,1.48164,1.48662,1.49004,1.49386,1.49676,1.49916,1.50156,1.50278,1.50528,1.5059,1.50728,1.5089,1.5104,1.51106,1.51208,1.5133,1.5138,1.51446,1.5156,1.51558,1.51704,1.51808,1.51804,1.51814,1.51936,1.51984,1.51884,1.51986,1.52042,1.52146,1.5219,1.52164,1.5223,1.5222,1.52256,1.52362,1.52336,1.52452,1.52464,1.52498,1.52544,1.52572,1.5256,1.52614,1.52642,1.52708,1.5275,1.52748,1.5277,1.52762,1.52874,1.52846,1.52928,1.5289,1.52984,1.53016,1.53074,1.53084,1.5311,1.53134,1.53144,1.53184
StDev,0.004478504,0.004249471,0.004105241,0.005968668,0.009045275,0.01347839,0.020446442,0.029797181,0.044134997,0.062899189,0.087171056,0.117831884,0.152882118,0.188684069,0.224631342,0.259644578,0.290536268,0.308252142,0.310460089,0.2967461,0.27005774,0.239202335,0.208592143,0.181262525,0.15945653,0.144507553,0.131333514,0.122494175,0.114831211,0.107746981,0.100774337,0.094101344,0.088915083,0.084687366,0.081060459,0.078432659,0.075778678,0.0734579,0.071515124,0.070885457,0.069640563,0.069243101,0.067589992,0.066922903,0.066330589,0.065572936,0.065329128,0.06430014,0.064864682,0.063503976,0.063320929,0.062789991,0.062223348,0.062855803,0.060855509,0.060666729,0.060133792,0.060522376,0.059614956,0.05966442,0.058897309,0.058505495,0.059106023,0.058832754,0.058229202,0.058490068,0.058138584,0.058005517,0.057718177,0.05701427,0.056740664,0.056549686,0.056597906,0.056326033,0.056060887,0.055686551,0.055680203,0.055496784,0.055164907,0.05501797,0.054574353,0.054912813,0.05490806,0.055054673,0.054506633,0.054283266,0.053858537,0.05423509,0.053512083,0.053256248,0.053111044,0.052711982,0.052491761,0.052573786,0.052155565,0.052453198
1;2,0.1423,0.1362,0.1495,0.1623,0.1775,0.1963,0.223,0.2578,0.3082,0.3725,0.452,0.5477,0.6538,0.7659,0.8818,0.997,1.1095,1.204,1.2777,1.337,1.3801,1.4113,1.4377,1.4568,1.4732,1.4889,1.5017,1.5142,1.5302,1.5417,1.5488,1.5534,1.5578,1.5594,1.5622,1.5643,1.5669,1.5669,1.5674,1.5693,1.5704,1.5709,1.5716,1.5711,1.5724,1.5726,1.5746,1.5735,1.5754,1.5748,1.5756,1.5752,1.5756,1.5766,1.5755,1.5763,1.5763,1.5768,1.5768,1.5771,1.575,1.576,1.5768,1.5777,1.5776,1.5775,1.578,1.5779,1.5777,1.5777,1.5772,1.5781,1.5786,1.5788,1.5775,1.5791,1.5788,1.579,1.5793,1.5792,1.5797,1.5794,1.5796,1.5795,1.5797,1.5791,1.5797,1.5803,1.5801,1.5797,1.5808,1.5806,1.5803,1.5804,1.5802,1.5811
2;1,0.1477,0.1415,0.1532,0.1655,0.1796,0.1954,0.2185,0.2458,0.2824,0.3293,0.3849,0.4549,0.536,0.6261,0.7292,0.8375,0.9505,1.0607,1.1513,1.2246,1.281,1.3238,1.3571,1.3815,1.4036,1.4211,1.438,1.4562,1.4703,1.4841,1.4949,1.5021,1.508,1.514,1.5181,1.5216,1.5232,1.5275,1.5292,1.5325,1.533,1.5357,1.5368,1.538,1.5381,1.5402,1.5419,1.5414,1.5427,1.5433,1.5434,1.5445,1.5454,1.5466,1.5472,1.5475,1.5473,1.5474,1.5482,1.5491,1.5489,1.5479,1.5493,1.5506,1.5506,1.5508,1.5503,1.5515,1.5513,1.5518,1.5517,1.5526,1.5526,1.5529,1.5535,1.5536,1.5538,1.554,1.553,1.5547,1.5544,1.5558,1.5553,1.5557,1.5564,1.5573,1.5572,1.5573,1.558,1.5586,1.5577,1.5582,1.5584,1.5595,1.5586,1.5595
2;2,0.139,0.1344,0.1476,0.1589,0.1719,0.1886,0.2117,0.2418,0.2843,0.3375,0.4023,0.4773,0.5594,0.6561,0.7617,0.8695,0.9896,1.0987,1.1918,1.263,1.3195,1.3584,1.389,1.4125,1.4317,1.45,1.4649,1.4785,1.4965,1.5077,1.5196,1.5257,1.5304,1.5336,1.5367,1.5404,1.5403,1.5433,1.5457,1.5463,1.5492,1.5489,1.551,1.5509,1.5521,1.5533,1.5534,1.5548,1.5558,1.5568,1.5568,1.5572,1.5581,1.5572,1.5581,1.5594,1.5582,1.5587,1.5597,1.5602,1.5582,1.5599,1.5608,1.5612,1.5612,1.5611,1.562,1.5605,1.5614,1.5627,1.5621,1.5633,1.563,1.563,1.5646,1.5629,1.5627,1.5633,1.5641,1.5646,1.5644,1.5641,1.5651,1.5651,1.5661,1.5646,1.5657,1.5646,1.5652,1.5657,1.5665,1.5658,1.5663,1.5661,1.5665,1.5667
2;3,0.1413,0.1348,0.1438,0.1496,0.1566,0.1645,0.1751,0.1886,0.207,0.2277,0.2522,0.2774,0.3021,0.3348,0.3708,0.4082,0.4564,0.5148,0.5838,0.6676,0.7643,0.861,0.9525,1.0352,1.104,1.1544,1.1985,1.2316,1.2669,1.2939,1.319,1.3402,1.3555,1.3673,1.3779,1.386,1.3927,1.4002,1.4055,1.408,1.4124,1.4134,1.4179,1.4192,1.4212,1.4238,1.4254,1.4272,1.4275,1.4309,1.4314,1.4329,1.4346,1.4337,1.4382,1.4387,1.4392,1.4388,1.4412,1.4418,1.4422,1.443,1.4428,1.4443,1.4452,1.4451,1.4457,1.4459,1.4467,1.4489,1.4494,1.4506,1.4501,1.451,1.4512,1.4527,1.4526,1.4527,1.4539,1.4553,1.4558,1.455,1.4556,1.4558,1.4566,1.4565,1.4583,1.4575,1.4586,1.4597,1.46,1.4609,1.4615,1.4616,1.4622,1.4627
3;2,0.1496,0.1438,0.1537,0.1602,0.1693,0.1773,0.1896,0.2034,0.2204,0.2443,0.2694,0.2984,0.3308,0.3699,0.42,0.4759,0.5437,0.628,0.7233,0.8291,0.9378,1.0299,1.1103,1.1663,1.2095,1.2454,1.2763,1.3033,1.3262,1.3487,1.3673,1.3809,1.3944,1.4042,1.4133,1.4208,1.4271,1.4314,1.436,1.4397,1.4428,1.445,1.4491,1.4503,1.4526,1.4546,1.4567,1.4584,1.459,1.4607,1.4618,1.4625,1.4643,1.4638,1.4662,1.4685,1.4692,1.469,1.4709,1.471,1.4699,1.4725,1.4724,1.4735,1.4749,1.4737,1.4755,1.4752,1.4757,1.477,1.4764,1.478,1.4789,1.4792,1.4804,1.4803,1.4801,1.4817,1.4818,1.4816,1.4832,1.4831,1.4829,1.482,1.4849,1.4848,1.4855,1.4848,1.4873,1.4871,1.4887,1.4887,1.489,1.4891,1.4897,1.4892
,,,,,,,,,,,,,,,,,,,,,,,,,,,,,,,,,,,,,,,,,,,,,,,,,,,,,,,,,,,,,,,,,,,,,,,,,,,,,,,,,,,,,,,,,,,,,,,,
Cycles / Well,,,,,,,,,,,,,,,,,,,,,,,,,,,,,,,,,,,,,,,,,,,,,,,,,,,,,,,,,,,,,,,,,,,,,,,,,,,,,,,,,,,,,,,,,,,,,,,,
F6,1,2,3,4,5,6,7,8,9,10,11,12,13,14,15,16,17,18,19,20,21,22,23,24,25,26,27,28,29,30,31,32,33,34,35,36,37,38,39,40,41,42,43,44,45,46,47,48,49,50,51,52,53,54,55,56,57,58,59,60,61,62,63,64,65,66,67,68,69,70,71,72,73,74,75,76,77,78,79,80,81,82,83,84,85,86,87,88,89,90,91,92,93,94,95,96
Time [s],0,1799.821,3599.758,5399.669,7199.591,8999.513,10799.454,12599.368,14399.281,16199.217,17999.132,19799.048,21598.968,23398.907,25198.816,26998.729,28798.66,30598.612,32398.504,34198.422,35998.348,37798.293,39598.197,41398.12,43198.051,44997.975,46797.9,48597.816,50397.749,52197.631,53997.556,55797.465,57597.39,59397.304,61197.232,62997.141,64797.066,66596.996,68396.927,70196.835,71996.75,73796.684,75596.611,77396.528,79196.461,80996.395,82796.296,84596.214,86396.144,88196.085,89995.979,91795.899,93595.822,95395.741,97195.669,98995.594,100795.52,102595.43,104395.36,106195.269,107995.204,109795.106,111595.047,113394.962,115194.873,116994.792,118794.719,120594.63,122394.557,124194.487,125994.397,127794.312,129594.227,131394.143,133194.064,134993.983,136793.918,138593.83,140393.768,142193.687,143993.61,145793.539,147593.44,149393.349,151193.294,152993.201,154793.136,156593.059,158392.972,160192.914,161992.825,163792.732,165592.675,167392.569,169192.493,170992.414
Temp. [°C],19.6,29.9,29.9,30,30,30,30,29.9,30,30,30,30.1,30.1,30,30,30,30,30,30,30,30,30,30,30,30,30.1,30.1,30,30,30,30,30,30,30,30,30,30,30,30,30,30,30,30,30,30,30,30,30,30,30,30,30,30,30,30,30,30,30,30,29.9,30,30,30,30,30,30,30,30,30.1,30,30.1,30.1,30,30,30,30,30,29.9,30,30,30,30,30,30,30,30,30,30,30.1,30,30,30,30,30,30,30
Mean,0.16506,0.16026,0.1727,0.184,0.1996,0.21836,0.24518,0.27856,0.32256,0.38028,0.44808,0.52846,0.6167,0.7146,0.82078,0.92326,1.01548,1.09244,1.15436,1.20116,1.23742,1.26502,1.29146,1.31512,1.33676,1.35794,1.38042,1.40112,1.42164,1.43802,1.44794,1.4548,1.4591,1.46354,1.4669,1.47072,1.47292,1.47572,1.47838,1.47988,1.48212,1.48314,1.48424,1.48554,1.48702,1.48868,1.48952,1.49028,1.49112,1.49226,1.49308,1.49382,1.4947,1.49516,1.49624,1.49706,1.49782,1.49846,1.49928,1.50022,1.4992,1.5014,1.5015,1.50222,1.50282,1.50338,1.50394,1.5041,1.5049,1.50624,1.5068,1.5077,1.50814,1.50854,1.50878,1.5097,1.51008,1.51084,1.51152,1.51302,1.5127,1.51304,1.51358,1.51342,1.515,1.5149,1.5161,1.51652,1.51704,1.51724,1.51858,1.51892,1.51914,1.51968,1.51978,1.52034
StDev,0.005282802,0.007035126,0.00684288,0.008520563,0.011049887,0.014479917,0.019634078,0.02665423,0.036778431,0.050672251,0.067646485,0.086625302,0.108051492,0.128050791,0.145733445,0.157869259,0.15736927,0.149908132,0.138127959,0.127459064,0.117787869,0.111943745,0.10580077,0.098243585,0.094198052,0.089076753,0.085073186,0.080977509,0.0771721,0.07242173,0.069089457,0.06484867,0.06350248,0.061727328,0.060672935,0.060196777,0.058407422,0.058528685,0.058096015,0.056611589,0.056141491,0.056307619,0.055210805,0.054509247,0.053897746,0.05352903,0.053236332,0.052776482,0.053452147,0.052212001,0.052797036,0.052664143,0.052047526,0.05310097,0.051006745,0.051262735,0.051104031,0.05069569,0.050223222,0.050233027,0.049468323,0.049738969,0.050216631,0.049818691,0.049806194,0.049234815,0.04930505,0.048994898,0.048941189,0.048860495,0.048343717,0.048397727,0.048366031,0.048303033,0.047317248,0.047608088,0.047465535,0.047379035,0.047027035,0.047057061,0.046754839,0.047181384,0.046880668,0.047365726,0.046489407,0.046204708,0.046027329,0.046584193,0.046115973,0.045539576,0.045352255,0.045158355,0.045146905,0.044929244,0.044866937,0.044866446
1;2,0.163,0.1557,0.1705,0.1839,0.2022,0.2252,0.257,0.2979,0.3526,0.4238,0.5099,0.6098,0.7191,0.836,0.9573,1.0689,1.1577,1.2256,1.2738,1.3101,1.3386,1.36,1.3812,1.3977,1.4159,1.4323,1.4501,1.4681,1.4833,1.4959,1.5015,1.5049,1.5077,1.5105,1.5131,1.5165,1.5165,1.519,1.5213,1.5217,1.5232,1.5243,1.5238,1.5248,1.5256,1.5275,1.5283,1.5284,1.5291,1.5289,1.5301,1.5309,1.5312,1.5333,1.5325,1.5337,1.5339,1.5343,1.5348,1.5352,1.5333,1.5357,1.5367,1.5368,1.5377,1.5379,1.538,1.5379,1.5388,1.5392,1.5399,1.5405,1.5412,1.5417,1.541,1.5422,1.542,1.543,1.5431,1.5449,1.5444,1.5446,1.5462,1.5458,1.5463,1.5458,1.5474,1.5478,1.5478,1.548,1.5485,1.5486,1.5488,1.5492,1.5492,1.5498
2;1,0.169,0.1669,0.1806,0.1957,0.2145,0.2362,0.2673,0.3049,0.3536,0.4169,0.4896,0.5753,0.6715,0.7741,0.8861,0.9959,1.0905,1.1656,1.2221,1.2639,1.2938,1.3195,1.3427,1.3625,1.3814,1.4003,1.4211,1.4402,1.4582,1.4728,1.4815,1.4867,1.4905,1.4941,1.4965,1.5003,1.5032,1.5056,1.5088,1.5091,1.5107,1.5119,1.5128,1.514,1.5149,1.5158,1.5174,1.5178,1.5197,1.5194,1.5208,1.5213,1.5225,1.5238,1.5237,1.5237,1.525,1.5254,1.5252,1.5267,1.5264,1.5287,1.5274,1.5286,1.5292,1.5302,1.5308,1.5305,1.5312,1.5324,1.5322,1.5335,1.5342,1.5339,1.5343,1.5353,1.5359,1.5358,1.5356,1.538,1.5373,1.5383,1.5384,1.539,1.5389,1.5401,1.5409,1.5429,1.5416,1.5415,1.5419,1.5432,1.5436,1.545,1.5448,1.5452
2;2,0.1591,0.1542,0.1679,0.1795,0.1963,0.2182,0.2484,0.2871,0.3398,0.409,0.4908,0.5874,0.6928,0.8099,0.9331,1.0458,1.1386,1.2104,1.2656,1.3046,1.3336,1.3564,1.3777,1.3957,1.4146,1.4313,1.4516,1.4675,1.4878,1.4987,1.5074,1.5105,1.5138,1.5167,1.5196,1.5226,1.5225,1.5259,1.5276,1.5281,1.5307,1.5317,1.5321,1.5325,1.5339,1.535,1.5346,1.5355,1.5367,1.5377,1.5389,1.5397,1.5395,1.5398,1.539,1.5409,1.5416,1.5417,1.5426,1.5438,1.5414,1.5438,1.5454,1.5454,1.5457,1.545,1.5462,1.5461,1.5468,1.549,1.549,1.5501,1.5499,1.5508,1.5498,1.5508,1.5512,1.5521,1.5533,1.5541,1.5536,1.554,1.5539,1.5542,1.5564,1.555,1.5558,1.5558,1.5575,1.557,1.5592,1.5587,1.5587,1.5583,1.5585,1.559
2;3,0.1622,0.1556,0.1653,0.1731,0.1839,0.1968,0.2163,0.2407,0.2739,0.3139,0.3635,0.4243,0.4899,0.57,0.6572,0.7455,0.8374,0.9178,0.9884,1.0458,1.0927,1.1248,1.1573,1.1888,1.2153,1.2409,1.2685,1.2932,1.3195,1.3392,1.3544,1.3671,1.3728,1.379,1.3842,1.3879,1.3918,1.3939,1.3971,1.4005,1.4036,1.4041,1.4063,1.4088,1.4112,1.4129,1.4139,1.4156,1.415,1.4177,1.4178,1.4191,1.4205,1.4194,1.4225,1.4235,1.4248,1.4257,1.427,1.4283,1.4281,1.4298,1.4298,1.4308,1.4314,1.4325,1.4332,1.4333,1.4342,1.4358,1.437,1.4381,1.4383,1.4391,1.4406,1.4408,1.4413,1.4419,1.4431,1.4449,1.4449,1.444,1.4459,1.4449,1.4478,1.4479,1.4493,1.4485,1.45,1.4513,1.4525,1.4532,1.4533,1.4542,1.4542,1.4545
3;2,0.172,0.1689,0.1792,0.1878,0.2011,0.2154,0.2369,0.2622,0.2929,0.3378,0.3866,0.4455,0.5102,0.583,0.6702,0.7602,0.8532,0.9428,1.0219,1.0814,1.1284,1.1644,1.1984,1.2309,1.2566,1.2849,1.3108,1.3366,1.3594,1.3835,1.3949,1.4048,1.4107,1.4174,1.4211,1.4263,1.4306,1.4342,1.4371,1.44,1.4424,1.4437,1.4462,1.4476,1.4495,1.4522,1.4534,1.4541,1.4551,1.4576,1.4578,1.4581,1.4598,1.4595,1.4635,1.4635,1.4638,1.4652,1.4668,1.4671,1.4668,1.469,1.4682,1.4695,1.4701,1.4713,1.4715,1.4727,1.4735,1.4748,1.4759,1.4763,1.4771,1.4772,1.4782,1.4794,1.48,1.4814,1.4825,1.4832,1.4833,1.4843,1.4835,1.4832,1.4856,1.4857,1.4871,1.4876,1.4883,1.4884,1.4908,1.4909,1.4913,1.4917,1.4922,1.4932
,,,,,,,,,,,,,,,,,,,,,,,,,,,,,,,,,,,,,,,,,,,,,,,,,,,,,,,,,,,,,,,,,,,,,,,,,,,,,,,,,,,,,,,,,,,,,,,,
Cycles / Well,,,,,,,,,,,,,,,,,,,,,,,,,,,,,,,,,,,,,,,,,,,,,,,,,,,,,,,,,,,,,,,,,,,,,,,,,,,,,,,,,,,,,,,,,,,,,,,,
F7,1,2,3,4,5,6,7,8,9,10,11,12,13,14,15,16,17,18,19,20,21,22,23,24,25,26,27,28,29,30,31,32,33,34,35,36,37,38,39,40,41,42,43,44,45,46,47,48,49,50,51,52,53,54,55,56,57,58,59,60,61,62,63,64,65,66,67,68,69,70,71,72,73,74,75,76,77,78,79,80,81,82,83,84,85,86,87,88,89,90,91,92,93,94,95,96
Time [s],0,1799.821,3599.758,5399.669,7199.591,8999.513,10799.454,12599.368,14399.281,16199.217,17999.132,19799.048,21598.968,23398.907,25198.816,26998.729,28798.66,30598.612,32398.504,34198.422,35998.348,37798.293,39598.197,41398.12,43198.051,44997.975,46797.9,48597.816,50397.749,52197.631,53997.556,55797.465,57597.39,59397.304,61197.232,62997.141,64797.066,66596.996,68396.927,70196.835,71996.75,73796.684,75596.611,77396.528,79196.461,80996.395,82796.296,84596.214,86396.144,88196.085,89995.979,91795.899,93595.822,95395.741,97195.669,98995.594,100795.52,102595.43,104395.36,106195.269,107995.204,109795.106,111595.047,113394.962,115194.873,116994.792,118794.719,120594.63,122394.557,124194.487,125994.397,127794.312,129594.227,131394.143,133194.064,134993.983,136793.918,138593.83,140393.768,142193.687,143993.61,145793.539,147593.44,149393.349,151193.294,152993.201,154793.136,156593.059,158392.972,160192.914,161992.825,163792.732,165592.675,167392.569,169192.493,170992.414
Temp. [°C],19.6,29.9,29.9,30,30,30,30,29.9,30,30,30,30.1,30.1,30,30,30,30,30,30,30,30,30,30,30,30,30.1,30.1,30,30,30,30,30,30,30,30,30,30,30,30,30,30,30,30,30,30,30,30,30,30,30,30,30,30,30,30,30,30,30,30,29.9,30,30,30,30,30,30,30,30,30.1,30,30.1,30.1,30,30,30,30,30,29.9,30,30,30,30,30,30,30,30,30,30,30.1,30,30,30,30,30,30,30
Mean,0.14134,0.12738,0.1324,0.13658,0.14134,0.1465,0.15222,0.15816,0.16468,0.1719,0.17996,0.18918,0.19982,0.21282,0.22828,0.24592,0.26822,0.29486,0.32612,0.36276,0.40542,0.45238,0.50492,0.56272,0.6224,0.6864,0.7516,0.8129,0.87262,0.92382,0.96732,1.0033,1.0314,1.05226,1.07202,1.08842,1.10248,1.11162,1.12008,1.12814,1.13726,1.13868,1.14484,1.14818,1.1528,1.1569,1.15792,1.16238,1.16406,1.16966,1.16976,1.1739,1.1772,1.17648,1.18428,1.18604,1.18716,1.18996,1.19372,1.19628,1.19776,1.20244,1.20456,1.20638,1.20922,1.2111,1.21372,1.21478,1.21664,1.21946,1.22198,1.22588,1.2278,1.22892,1.23178,1.2333,1.23566,1.23606,1.2388,1.2403,1.2442,1.24276,1.2442,1.24506,1.24972,1.24542,1.25116,1.24922,1.25308,1.25518,1.2592,1.25884,1.26,1.2615,1.26314,1.26438
StDev,0.003611509,0.003969509,0.00453707,0.005154804,0.00612601,0.007447483,0.009141499,0.011241352,0.0136487,0.016509088,0.020195123,0.024230497,0.02922836,0.035001814,0.041702482,0.050438002,0.061180937,0.073891901,0.089214528,0.107247112,0.128536034,0.152567942,0.178865332,0.207148864,0.237228329,0.268844769,0.298011577,0.324403375,0.345051419,0.362625809,0.374373059,0.383358135,0.38978428,0.39544603,0.400688441,0.404611236,0.407142103,0.409574764,0.411772087,0.413101813,0.414376125,0.415084831,0.41431282,0.414172587,0.413309642,0.413542072,0.413510873,0.412806004,0.412923102,0.411732848,0.412299124,0.412076935,0.411327491,0.411964886,0.411032708,0.410012741,0.409953446,0.410357263,0.409779205,0.40976923,0.409282699,0.412348164,0.410976919,0.410029483,0.410159447,0.409645536,0.409150635,0.408947585,0.408473265,0.407954658,0.407157349,0.406434856,0.406325578,0.405760825,0.405026804,0.404545999,0.403920986,0.402594477,0.401441079,0.401172301,0.399334133,0.399025642,0.399108588,0.398425787,0.396090535,0.395548501,0.394274699,0.39429462,0.39313917,0.391970371,0.390107146,0.389130785,0.388695929,0.387660167,0.386722314,0.385518893
1;2,0.139,0.1257,0.1312,0.1363,0.142,0.1481,0.1548,0.1617,0.1701,0.179,0.19,0.2032,0.2185,0.2377,0.2602,0.2875,0.3216,0.3631,0.4123,0.4707,0.5384,0.6135,0.6956,0.7841,0.8779,0.9743,1.0657,1.1496,1.221,1.2829,1.3293,1.3672,1.3948,1.4175,1.4387,1.4554,1.4691,1.4793,1.4881,1.4954,1.5043,1.5082,1.5099,1.5125,1.5146,1.5179,1.5225,1.5241,1.5275,1.5284,1.5321,1.5354,1.5379,1.5416,1.5436,1.5455,1.5481,1.5518,1.5528,1.5554,1.5571,1.5628,1.5641,1.5656,1.5699,1.5697,1.5718,1.5736,1.5743,1.5767,1.5778,1.5797,1.583,1.5825,1.583,1.5863,1.5865,1.5876,1.5886,1.5897,1.5918,1.5912,1.5938,1.5937,1.5949,1.5947,1.5967,1.5978,1.5989,1.5989,1.5991,1.6,1.601,1.6015,1.6015,1.6019
2;1,0.1455,0.1327,0.1387,0.144,0.15,0.1568,0.1647,0.1734,0.1829,0.1931,0.2052,0.2178,0.2327,0.2488,0.2676,0.2895,0.3165,0.3465,0.3825,0.4234,0.4709,0.5245,0.5856,0.6551,0.7265,0.8091,0.8945,0.9808,1.0587,1.1279,1.186,1.2315,1.2712,1.2989,1.3259,1.3454,1.3646,1.3798,1.3938,1.4034,1.4099,1.4151,1.4209,1.4239,1.4266,1.4311,1.4328,1.4367,1.4391,1.4431,1.4442,1.4478,1.4504,1.4535,1.4571,1.4591,1.4617,1.4648,1.4676,1.4699,1.4703,1.4767,1.4771,1.4793,1.4809,1.484,1.4853,1.4869,1.4893,1.4918,1.4922,1.4947,1.4966,1.4982,1.5002,1.5001,1.5017,1.5027,1.5036,1.5067,1.5061,1.5081,1.5089,1.5101,1.5109,1.5111,1.5127,1.5147,1.5154,1.5153,1.5178,1.5176,1.5184,1.52,1.5206,1.5207
2;2,0.1393,0.1246,0.1301,0.1348,0.1401,0.1459,0.1523,0.1589,0.1662,0.1748,0.1841,0.1953,0.2084,0.2257,0.2461,0.2694,0.2989,0.335,0.3764,0.4251,0.4826,0.545,0.6147,0.6899,0.7669,0.8476,0.9299,1.0012,1.0772,1.1385,1.191,1.236,1.2674,1.292,1.3144,1.336,1.3503,1.3573,1.3647,1.3749,1.3896,1.3853,1.395,1.3993,1.4068,1.4116,1.4073,1.414,1.4127,1.4226,1.4189,1.4242,1.4273,1.4186,1.4356,1.4341,1.4319,1.4342,1.4409,1.4433,1.4446,1.4537,1.455,1.4545,1.4569,1.4589,1.4625,1.4616,1.463,1.4653,1.4701,1.4757,1.4757,1.4769,1.4814,1.4815,1.4856,1.4811,1.4852,1.4848,1.4909,1.4838,1.4854,1.4855,1.4923,1.4771,1.4885,1.479,1.4861,1.4903,1.4958,1.4912,1.4922,1.4921,1.4946,1.4952
2;3,0.1379,0.1235,0.127,0.1298,0.1328,0.1359,0.1393,0.1425,0.1464,0.1494,0.1532,0.1575,0.1625,0.1688,0.1764,0.1847,0.1952,0.2077,0.2223,0.2392,0.2584,0.2777,0.2999,0.3234,0.3474,0.3713,0.3981,0.4224,0.4516,0.4766,0.5009,0.5236,0.5399,0.5517,0.5624,0.5719,0.5795,0.5843,0.5897,0.595,0.6011,0.6,0.606,0.6097,0.6152,0.6178,0.6179,0.623,0.6231,0.6298,0.6297,0.6345,0.6384,0.6363,0.6455,0.6472,0.6488,0.6509,0.6554,0.6569,0.6593,0.6607,0.6635,0.6663,0.6681,0.671,0.6747,0.6759,0.6779,0.681,0.6853,0.6889,0.6908,0.6926,0.6955,0.698,0.7008,0.7019,0.7064,0.708,0.7135,0.7114,0.7146,0.7165,0.7228,0.7192,0.7261,0.7247,0.7282,0.7319,0.7376,0.7378,0.7403,0.7425,0.7454,0.7482
3;2,0.145,0.1304,0.135,0.138,0.1418,0.1458,0.15,0.1543,0.1578,0.1632,0.1673,0.1721,0.177,0.1831,0.1911,0.1985,0.2089,0.222,0.2371,0.2554,0.2768,0.3012,0.3288,0.3611,0.3933,0.4297,0.4698,0.5105,0.5546,0.5932,0.6294,0.6582,0.6837,0.7012,0.7187,0.7334,0.7489,0.7574,0.7641,0.772,0.7814,0.7848,0.7924,0.7955,0.8008,0.8061,0.8091,0.8141,0.8179,0.8244,0.8239,0.8276,0.832,0.8324,0.8396,0.8443,0.8453,0.8481,0.8519,0.8559,0.8575,0.8583,0.8631,0.8662,0.8703,0.8719,0.8743,0.8759,0.8787,0.8825,0.8845,0.8904,0.8929,0.8944,0.8988,0.9006,0.9037,0.907,0.9102,0.9123,0.9187,0.9193,0.9183,0.9195,0.9277,0.925,0.9318,0.9299,0.9368,0.9395,0.9457,0.9476,0.9481,0.9514,0.9536,0.9559
,,,,,,,,,,,,,,,,,,,,,,,,,,,,,,,,,,,,,,,,,,,,,,,,,,,,,,,,,,,,,,,,,,,,,,,,,,,,,,,,,,,,,,,,,,,,,,,,
Cycles / Well,,,,,,,,,,,,,,,,,,,,,,,,,,,,,,,,,,,,,,,,,,,,,,,,,,,,,,,,,,,,,,,,,,,,,,,,,,,,,,,,,,,,,,,,,,,,,,,,
F8,1,2,3,4,5,6,7,8,9,10,11,12,13,14,15,16,17,18,19,20,21,22,23,24,25,26,27,28,29,30,31,32,33,34,35,36,37,38,39,40,41,42,43,44,45,46,47,48,49,50,51,52,53,54,55,56,57,58,59,60,61,62,63,64,65,66,67,68,69,70,71,72,73,74,75,76,77,78,79,80,81,82,83,84,85,86,87,88,89,90,91,92,93,94,95,96
Time [s],0,1799.821,3599.758,5399.669,7199.591,8999.513,10799.454,12599.368,14399.281,16199.217,17999.132,19799.048,21598.968,23398.907,25198.816,26998.729,28798.66,30598.612,32398.504,34198.422,35998.348,37798.293,39598.197,41398.12,43198.051,44997.975,46797.9,48597.816,50397.749,52197.631,53997.556,55797.465,57597.39,59397.304,61197.232,62997.141,64797.066,66596.996,68396.927,70196.835,71996.75,73796.684,75596.611,77396.528,79196.461,80996.395,82796.296,84596.214,86396.144,88196.085,89995.979,91795.899,93595.822,95395.741,97195.669,98995.594,100795.52,102595.43,104395.36,106195.269,107995.204,109795.106,111595.047,113394.962,115194.873,116994.792,118794.719,120594.63,122394.557,124194.487,125994.397,127794.312,129594.227,131394.143,133194.064,134993.983,136793.918,138593.83,140393.768,142193.687,143993.61,145793.539,147593.44,149393.349,151193.294,152993.201,154793.136,156593.059,158392.972,160192.914,161992.825,163792.732,165592.675,167392.569,169192.493,170992.414
Temp. [°C],19.6,29.9,29.9,30,30,30,30,29.9,30,30,30,30.1,30.1,30,30,30,30,30,30,30,30,30,30,30,30,30.1,30.1,30,30,30,30,30,30,30,30,30,30,30,30,30,30,30,30,30,30,30,30,30,30,30,30,30,30,30,30,30,30,30,30,29.9,30,30,30,30,30,30,30,30,30.1,30,30.1,30.1,30,30,30,30,30,29.9,30,30,30,30,30,30,30,30,30,30,30.1,30,30,30,30,30,30,30
Mean,0.15196,0.14688,0.1604,0.1706,0.18138,0.1945,0.21214,0.23456,0.26542,0.30692,0.35772,0.41944,0.49092,0.5701,0.65876,0.7502,0.84676,0.93882,1.0217,1.09356,1.1527,1.19554,1.2296,1.2553,1.27452,1.29042,1.30564,1.31598,1.32748,1.33784,1.34458,1.35198,1.358,1.36264,1.36702,1.37168,1.37492,1.3767,1.3793,1.38264,1.38756,1.3879,1.39088,1.39304,1.39638,1.39708,1.39788,1.40022,1.40074,1.404,1.4042,1.4056,1.4072,1.40576,1.41,1.41034,1.41096,1.4113,1.41336,1.41376,1.414,1.41594,1.4174,1.4178,1.41842,1.41922,1.42022,1.42046,1.42134,1.42266,1.42376,1.42496,1.42546,1.42594,1.42728,1.42748,1.42786,1.42818,1.42994,1.43024,1.43258,1.43194,1.43142,1.43144,1.43386,1.43132,1.43362,1.43264,1.4344,1.4352,1.43744,1.43728,1.43684,1.43738,1.43814,1.4389
StDev,0.006309754,0.005938603,0.006497307,0.008418135,0.011472881,0.015524014,0.021453857,0.028387022,0.038962893,0.053606362,0.072244425,0.096907007,0.125100168,0.15375035,0.183733905,0.215713989,0.241148861,0.260355405,0.269453271,0.270376234,0.268386196,0.268328237,0.265437413,0.261774712,0.258803288,0.257813958,0.252859315,0.252140094,0.24811003,0.244159155,0.240179364,0.235936744,0.233866329,0.230982019,0.228551049,0.222473385,0.22143005,0.219201277,0.216681298,0.214049861,0.209800913,0.212168706,0.209022384,0.208103371,0.205202064,0.206357971,0.208671733,0.206416925,0.2086176,0.204175598,0.205014182,0.205464291,0.204261218,0.209319022,0.202938919,0.204735422,0.205383502,0.205927329,0.204185683,0.203887783,0.202639545,0.203830231,0.20284467,0.20299399,0.203494145,0.202766139,0.202025907,0.203130901,0.203095613,0.202263796,0.201160168,0.200811362,0.201359251,0.201477475,0.200332291,0.201226271,0.200861676,0.202345217,0.19955951,0.20180085,0.197826229,0.200562167,0.201614997,0.201738725,0.199112375,0.204833498,0.201923542,0.204006061,0.203078495,0.201955849,0.199014341,0.199846571,0.201805669,0.200919578,0.200697342,0.200637496
1;2,0.1486,0.1449,0.1619,0.1762,0.1915,0.2089,0.2333,0.2639,0.3073,0.3655,0.4371,0.5265,0.6279,0.7356,0.8527,0.972,1.0868,1.1867,1.2679,1.33,1.3784,1.4132,1.44,1.4598,1.4761,1.4893,1.499,1.5077,1.5157,1.5227,1.5273,1.5315,1.5363,1.5396,1.5423,1.5441,1.5445,1.5453,1.5476,1.5489,1.5522,1.554,1.5547,1.5554,1.5575,1.5588,1.5612,1.5624,1.5645,1.5651,1.5666,1.5677,1.5682,1.5696,1.5704,1.5704,1.5715,1.5727,1.574,1.5742,1.5726,1.5757,1.5772,1.5781,1.5793,1.5795,1.5802,1.5808,1.5812,1.5827,1.5826,1.5823,1.5849,1.5851,1.5846,1.5871,1.5867,1.5877,1.589,1.5894,1.5891,1.5893,1.5905,1.5911,1.5924,1.5919,1.5935,1.594,1.5947,1.5946,1.5946,1.5945,1.5956,1.5959,1.5962,1.5969
2;1,0.1575,0.1528,0.1667,0.1776,0.1883,0.2023,0.221,0.2431,0.2731,0.3122,0.361,0.4201,0.492,0.5718,0.6631,0.7633,0.8699,0.9734,1.0662,1.1445,1.206,1.2519,1.2868,1.3128,1.3311,1.3473,1.3622,1.3735,1.3825,1.3908,1.3956,1.4023,1.4058,1.4115,1.4144,1.4148,1.4196,1.4201,1.4225,1.4244,1.4256,1.4282,1.4297,1.4322,1.4336,1.4359,1.4371,1.4381,1.4397,1.4408,1.4417,1.443,1.4448,1.4466,1.4479,1.4495,1.4499,1.45,1.4502,1.4503,1.4517,1.4545,1.4533,1.4544,1.4537,1.4559,1.4559,1.4584,1.4594,1.4595,1.4597,1.4608,1.4605,1.4611,1.4625,1.4631,1.464,1.4648,1.4641,1.4673,1.4666,1.4691,1.4679,1.4688,1.4692,1.4717,1.4717,1.4721,1.4718,1.4719,1.4719,1.4739,1.4739,1.4746,1.4754,1.4758
2;2,0.1464,0.1418,0.1576,0.1711,0.1858,0.2026,0.2252,0.2538,0.2944,0.3491,0.4169,0.5003,0.5959,0.7013,0.8155,0.9324,1.0478,1.1541,1.2396,1.3067,1.3598,1.4001,1.4298,1.4503,1.4673,1.481,1.4942,1.5026,1.5132,1.5216,1.5252,1.5305,1.5349,1.5378,1.5402,1.5417,1.5449,1.5449,1.5442,1.5473,1.5506,1.5522,1.5534,1.5551,1.5573,1.5579,1.5597,1.5609,1.5631,1.5639,1.5646,1.5668,1.5675,1.5681,1.5685,1.5707,1.571,1.5719,1.5733,1.5737,1.5732,1.5762,1.5769,1.5769,1.5787,1.5776,1.5797,1.5789,1.5801,1.5815,1.5826,1.5836,1.5847,1.5853,1.5862,1.5859,1.5865,1.5876,1.588,1.5894,1.5904,1.5906,1.5904,1.5909,1.5909,1.5907,1.5911,1.5916,1.5931,1.5938,1.5949,1.5942,1.5947,1.5945,1.5953,1.5969
2;3,0.1473,0.1413,0.1506,0.1564,0.1627,0.1701,0.1802,0.194,0.2132,0.2361,0.2644,0.2953,0.3289,0.3688,0.4112,0.4506,0.5,0.5516,0.6077,0.6655,0.7182,0.7549,0.7898,0.8188,0.8426,0.8585,0.8821,0.8926,0.9114,0.9285,0.9421,0.9572,0.9665,0.9769,0.9852,1.0012,1.0058,1.0115,1.0185,1.027,1.0403,1.0365,1.045,1.0485,1.0576,1.0559,1.0523,1.0589,1.0558,1.0672,1.0664,1.0669,1.0705,1.0594,1.0754,1.0722,1.0712,1.0709,1.0763,1.0773,1.0795,1.0798,1.0829,1.0831,1.0832,1.0847,1.0879,1.0853,1.0862,1.0896,1.0927,1.0938,1.0943,1.0944,1.0974,1.0964,1.0975,1.0949,1.1024,1.0981,1.1079,1.1017,1.0995,1.1,1.1068,1.0929,1.1008,1.0964,1.0994,1.1024,1.1099,1.1077,1.1037,1.106,1.1071,1.1084
3;2,0.16,0.1536,0.1652,0.1717,0.1786,0.1886,0.201,0.218,0.2391,0.2717,0.3092,0.355,0.4099,0.473,0.5513,0.6327,0.7293,0.8283,0.9271,1.0211,1.1011,1.1576,1.2016,1.2348,1.2555,1.276,1.2907,1.3035,1.3146,1.3256,1.3327,1.3384,1.3465,1.3474,1.353,1.3566,1.3598,1.3617,1.3637,1.3656,1.3691,1.3686,1.3716,1.374,1.3759,1.3769,1.3791,1.3808,1.3806,1.383,1.3817,1.3836,1.385,1.3851,1.3878,1.3889,1.3912,1.391,1.393,1.3933,1.393,1.3935,1.3967,1.3965,1.3972,1.3984,1.3974,1.3989,1.3998,1.4,1.4012,1.4043,1.4029,1.4038,1.4057,1.4049,1.4046,1.4059,1.4062,1.407,1.4089,1.409,1.4088,1.4064,1.41,1.4094,1.411,1.4091,1.413,1.4133,1.4159,1.4161,1.4163,1.4159,1.4167,1.4165
,,,,,,,,,,,,,,,,,,,,,,,,,,,,,,,,,,,,,,,,,,,,,,,,,,,,,,,,,,,,,,,,,,,,,,,,,,,,,,,,,,,,,,,,,,,,,,,,
Cycles / Well,,,,,,,,,,,,,,,,,,,,,,,,,,,,,,,,,,,,,,,,,,,,,,,,,,,,,,,,,,,,,,,,,,,,,,,,,,,,,,,,,,,,,,,,,,,,,,,,
F9,1,2,3,4,5,6,7,8,9,10,11,12,13,14,15,16,17,18,19,20,21,22,23,24,25,26,27,28,29,30,31,32,33,34,35,36,37,38,39,40,41,42,43,44,45,46,47,48,49,50,51,52,53,54,55,56,57,58,59,60,61,62,63,64,65,66,67,68,69,70,71,72,73,74,75,76,77,78,79,80,81,82,83,84,85,86,87,88,89,90,91,92,93,94,95,96
Time [s],0,1799.821,3599.758,5399.669,7199.591,8999.513,10799.454,12599.368,14399.281,16199.217,17999.132,19799.048,21598.968,23398.907,25198.816,26998.729,28798.66,30598.612,32398.504,34198.422,35998.348,37798.293,39598.197,41398.12,43198.051,44997.975,46797.9,48597.816,50397.749,52197.631,53997.556,55797.465,57597.39,59397.304,61197.232,62997.141,64797.066,66596.996,68396.927,70196.835,71996.75,73796.684,75596.611,77396.528,79196.461,80996.395,82796.296,84596.214,86396.144,88196.085,89995.979,91795.899,93595.822,95395.741,97195.669,98995.594,100795.52,102595.43,104395.36,106195.269,107995.204,109795.106,111595.047,113394.962,115194.873,116994.792,118794.719,120594.63,122394.557,124194.487,125994.397,127794.312,129594.227,131394.143,133194.064,134993.983,136793.918,138593.83,140393.768,142193.687,143993.61,145793.539,147593.44,149393.349,151193.294,152993.201,154793.136,156593.059,158392.972,160192.914,161992.825,163792.732,165592.675,167392.569,169192.493,170992.414
Temp. [°C],19.6,29.9,29.9,30,30,30,30,29.9,30,30,30,30.1,30.1,30,30,30,30,30,30,30,30,30,30,30,30,30.1,30.1,30,30,30,30,30,30,30,30,30,30,30,30,30,30,30,30,30,30,30,30,30,30,30,30,30,30,30,30,30,30,30,30,29.9,30,30,30,30,30,30,30,30,30.1,30,30.1,30.1,30,30,30,30,30,29.9,30,30,30,30,30,30,30,30,30,30,30.1,30,30,30,30,30,30,30
Mean,0.16048,0.15568,0.1661,0.17468,0.18664,0.20302,0.2267,0.2597,0.30152,0.35594,0.4195,0.49554,0.58116,0.6746,0.77658,0.87534,0.9632,1.03812,1.0976,1.13884,1.16972,1.19058,1.20984,1.22542,1.23888,1.25098,1.26294,1.27082,1.27934,1.28536,1.29218,1.29706,1.30036,1.30232,1.30486,1.30804,1.31178,1.31456,1.31746,1.32078,1.32524,1.32526,1.33022,1.33242,1.33588,1.3372,1.3379,1.34044,1.34042,1.34454,1.34516,1.34646,1.34824,1.3464,1.35208,1.35268,1.35292,1.3545,1.35626,1.35674,1.35818,1.36014,1.36182,1.36316,1.36346,1.36416,1.36568,1.36502,1.36708,1.36808,1.36888,1.37048,1.37142,1.37182,1.37346,1.37402,1.37476,1.37454,1.37604,1.37636,1.37862,1.37712,1.37732,1.37752,1.3805,1.37692,1.38066,1.37902,1.37968,1.3812,1.38358,1.38328,1.38352,1.3846,1.38532,1.38448
StDev,0.005967579,0.008128468,0.007927799,0.008029757,0.008890894,0.009147513,0.010452512,0.013247264,0.017391147,0.0245331,0.035633902,0.050182298,0.068538478,0.086424852,0.10666385,0.126827611,0.139396467,0.148855759,0.152946183,0.154172219,0.152462969,0.154014454,0.154050586,0.155566407,0.155966076,0.157501403,0.155430139,0.157912561,0.151366519,0.150423047,0.146456775,0.143257698,0.142709891,0.143087515,0.142128421,0.140186868,0.140200328,0.140919278,0.142070204,0.141253839,0.138061537,0.14409458,0.139978166,0.138753782,0.136552616,0.137354195,0.139933609,0.137336969,0.141177502,0.137498575,0.138731838,0.137123605,0.138244052,0.142951793,0.13631081,0.138241716,0.13917276,0.138340685,0.136859501,0.136762579,0.135321125,0.133686622,0.13343398,0.132557961,0.13523721,0.134893339,0.133046259,0.136119532,0.135291267,0.135102117,0.135154049,0.133550747,0.133344861,0.133540732,0.1333978,0.132932001,0.133326321,0.13469693,0.132607006,0.135091906,0.132129584,0.136810771,0.13579176,0.136720324,0.132511716,0.142284054,0.136173522,0.140182032,0.140010542,0.138415696,0.134844344,0.138628522,0.138562502,0.137963926,0.137414253,0.139865782
1;2,0.1577,0.1505,0.1626,0.1723,0.1849,0.2028,0.2282,0.2636,0.3103,0.3717,0.4463,0.537,0.6394,0.7487,0.8675,0.9822,1.0769,1.1548,1.2147,1.2528,1.2812,1.3022,1.3204,1.3363,1.3488,1.3613,1.3708,1.3791,1.3836,1.3887,1.3931,1.3974,1.3982,1.4008,1.4031,1.4049,1.4092,1.4128,1.4163,1.4193,1.4218,1.4246,1.4276,1.4296,1.4314,1.4336,1.4356,1.4368,1.4383,1.4403,1.4422,1.4429,1.4461,1.4448,1.4478,1.4483,1.4493,1.4511,1.4525,1.4515,1.4528,1.4555,1.4558,1.4568,1.4584,1.459,1.4598,1.4602,1.4617,1.4623,1.464,1.4641,1.4656,1.4655,1.4681,1.4681,1.4695,1.4694,1.4699,1.471,1.4716,1.472,1.4722,1.4731,1.4745,1.4757,1.4758,1.4768,1.4774,1.4778,1.4781,1.4791,1.4795,1.481,1.4813,1.4822
2;1,0.1655,0.1642,0.1754,0.1846,0.1973,0.2129,0.2371,0.2709,0.3141,0.3662,0.4286,0.5026,0.5862,0.6798,0.7813,0.8831,0.9756,1.0562,1.1174,1.1618,1.192,1.2135,1.2328,1.2497,1.2626,1.2753,1.2865,1.2956,1.302,1.3076,1.3111,1.3156,1.3184,1.3205,1.3221,1.3237,1.3264,1.3299,1.3336,1.3373,1.3402,1.3425,1.3451,1.3474,1.3499,1.351,1.3531,1.3543,1.3562,1.3582,1.3596,1.3599,1.3619,1.3645,1.3671,1.368,1.3691,1.3695,1.3703,1.371,1.3715,1.3713,1.3727,1.3745,1.3757,1.3774,1.3774,1.3793,1.38,1.3807,1.381,1.3825,1.3825,1.3832,1.3841,1.3848,1.3861,1.3862,1.3867,1.3875,1.3881,1.3891,1.3893,1.391,1.3906,1.3929,1.3944,1.3946,1.3945,1.3948,1.395,1.397,1.3982,1.3987,1.3987,1.3989
2;2,0.1551,0.1487,0.161,0.171,0.1838,0.2021,0.229,0.2654,0.3127,0.3751,0.4507,0.5415,0.6451,0.7556,0.8764,0.9906,1.0872,1.1677,1.2278,1.2687,1.2967,1.318,1.3369,1.3523,1.3681,1.3799,1.3904,1.3991,1.4039,1.4094,1.4148,1.4174,1.4208,1.4227,1.4241,1.4266,1.431,1.4343,1.4379,1.4401,1.4434,1.4476,1.4503,1.4514,1.4537,1.4557,1.4579,1.459,1.4615,1.4634,1.4651,1.4655,1.4673,1.4696,1.47,1.4725,1.4726,1.4738,1.4753,1.4758,1.4759,1.4765,1.4786,1.4791,1.4807,1.4813,1.4826,1.4831,1.4849,1.4867,1.4867,1.4871,1.4878,1.4889,1.4893,1.4905,1.4916,1.4923,1.4925,1.4948,1.4949,1.4966,1.4963,1.4968,1.4971,1.4993,1.4992,1.5002,1.5003,1.5014,1.5013,1.503,1.5032,1.5049,1.5052,1.506
2;3,0.1559,0.1501,0.1578,0.1646,0.1743,0.1887,0.2091,0.2368,0.2726,0.3151,0.363,0.4189,0.4776,0.5447,0.615,0.6793,0.7433,0.7988,0.8482,0.8848,0.917,0.9344,0.9529,0.965,0.9782,0.9867,1.0018,1.0045,1.0249,1.0325,1.0468,1.0579,1.0615,1.0628,1.0669,1.0737,1.0779,1.0796,1.0804,1.085,1.0956,1.0846,1.0973,1.1018,1.1092,1.1093,1.1052,1.1126,1.1054,1.1162,1.115,1.1194,1.1191,1.1086,1.1262,1.1231,1.1214,1.1248,1.1298,1.1299,1.134,1.1394,1.1413,1.1442,1.1393,1.1408,1.1463,1.1394,1.143,1.1447,1.1453,1.1495,1.151,1.1511,1.1528,1.1546,1.1549,1.1519,1.1573,1.153,1.1605,1.1503,1.1527,1.1512,1.1621,1.1403,1.1551,1.1464,1.1471,1.1517,1.1604,1.1527,1.1532,1.1562,1.1578,1.1527
3;2,0.1682,0.1649,0.1737,0.1809,0.1929,0.2086,0.2301,0.2618,0.2979,0.3516,0.4089,0.4777,0.5575,0.6442,0.7427,0.8415,0.933,1.0131,1.0799,1.1261,1.1617,1.1848,1.2062,1.2238,1.2367,1.2517,1.2652,1.2758,1.2823,1.2886,1.2951,1.297,1.3029,1.3048,1.3081,1.3113,1.3144,1.3162,1.3191,1.3222,1.3252,1.327,1.3308,1.3319,1.3352,1.3364,1.3377,1.3395,1.3407,1.3446,1.3439,1.3446,1.3468,1.3445,1.3493,1.3515,1.3522,1.3533,1.3534,1.3555,1.3567,1.358,1.3607,1.3612,1.3632,1.3623,1.3623,1.3631,1.3658,1.366,1.3674,1.3692,1.3702,1.3704,1.373,1.3721,1.3717,1.3729,1.3738,1.3755,1.378,1.3776,1.3761,1.3755,1.3782,1.3764,1.3788,1.3771,1.3791,1.3803,1.3831,1.3846,1.3835,1.3822,1.3836,1.3826
,,,,,,,,,,,,,,,,,,,,,,,,,,,,,,,,,,,,,,,,,,,,,,,,,,,,,,,,,,,,,,,,,,,,,,,,,,,,,,,,,,,,,,,,,,,,,,,,
Cycles / Well,,,,,,,,,,,,,,,,,,,,,,,,,,,,,,,,,,,,,,,,,,,,,,,,,,,,,,,,,,,,,,,,,,,,,,,,,,,,,,,,,,,,,,,,,,,,,,,,
F10,1,2,3,4,5,6,7,8,9,10,11,12,13,14,15,16,17,18,19,20,21,22,23,24,25,26,27,28,29,30,31,32,33,34,35,36,37,38,39,40,41,42,43,44,45,46,47,48,49,50,51,52,53,54,55,56,57,58,59,60,61,62,63,64,65,66,67,68,69,70,71,72,73,74,75,76,77,78,79,80,81,82,83,84,85,86,87,88,89,90,91,92,93,94,95,96
Time [s],0,1799.821,3599.758,5399.669,7199.591,8999.513,10799.454,12599.368,14399.281,16199.217,17999.132,19799.048,21598.968,23398.907,25198.816,26998.729,28798.66,30598.612,32398.504,34198.422,35998.348,37798.293,39598.197,41398.12,43198.051,44997.975,46797.9,48597.816,50397.749,52197.631,53997.556,55797.465,57597.39,59397.304,61197.232,62997.141,64797.066,66596.996,68396.927,70196.835,71996.75,73796.684,75596.611,77396.528,79196.461,80996.395,82796.296,84596.214,86396.144,88196.085,89995.979,91795.899,93595.822,95395.741,97195.669,98995.594,100795.52,102595.43,104395.36,106195.269,107995.204,109795.106,111595.047,113394.962,115194.873,116994.792,118794.719,120594.63,122394.557,124194.487,125994.397,127794.312,129594.227,131394.143,133194.064,134993.983,136793.918,138593.83,140393.768,142193.687,143993.61,145793.539,147593.44,149393.349,151193.294,152993.201,154793.136,156593.059,158392.972,160192.914,161992.825,163792.732,165592.675,167392.569,169192.493,170992.414
Temp. [°C],19.6,29.9,29.9,30,30,30,30,29.9,30,30,30,30.1,30.1,30,30,30,30,30,30,30,30,30,30,30,30,30.1,30.1,30,30,30,30,30,30,30,30,30,30,30,30,30,30,30,30,30,30,30,30,30,30,30,30,30,30,30,30,30,30,30,30,29.9,30,30,30,30,30,30,30,30,30.1,30,30.1,30.1,30,30,30,30,30,29.9,30,30,30,30,30,30,30,30,30,30,30.1,30,30,30,30,30,30,30
Mean,0.14524,0.13546,0.1431,0.1485,0.15274,0.15768,0.164,0.17262,0.18394,0.19812,0.21806,0.24368,0.27746,0.3211,0.37398,0.43624,0.50916,0.5912,0.68216,0.77828,0.87832,0.97318,1.05818,1.12966,1.18512,1.22722,1.25978,1.28412,1.30314,1.31808,1.33106,1.34198,1.35112,1.36016,1.36714,1.37354,1.37828,1.38196,1.38454,1.38886,1.39316,1.39586,1.39944,1.4028,1.40596,1.40886,1.41156,1.41444,1.4161,1.41944,1.42218,1.4237,1.42528,1.42654,1.42918,1.43088,1.43204,1.43312,1.4352,1.43536,1.43548,1.43806,1.4385,1.43996,1.44038,1.44108,1.44174,1.44218,1.4428,1.44372,1.44448,1.44514,1.44566,1.44638,1.44688,1.44704,1.44762,1.44764,1.44812,1.4489,1.44898,1.4487,1.44858,1.44916,1.45022,1.44928,1.4501,1.44934,1.4499,1.45038,1.45072,1.45026,1.4503,1.45042,1.45018,1.45026
StDev,0.005278068,0.004913553,0.004548077,0.00447493,0.004813834,0.005154319,0.005717517,0.006288641,0.007323797,0.008465341,0.010182976,0.013173155,0.01791558,0.023895292,0.031893996,0.040788699,0.050450253,0.060386712,0.06988786,0.078023887,0.085239029,0.089045477,0.090045527,0.087865027,0.0849688,0.082645702,0.080518892,0.078279991,0.076693435,0.076071,0.075155891,0.074714771,0.074462487,0.074206219,0.07381743,0.07347015,0.072662074,0.072475189,0.072865273,0.072416939,0.072298292,0.071801797,0.07161629,0.071411309,0.071771081,0.07117031,0.072057706,0.071718568,0.071829068,0.072019636,0.07180844,0.071860873,0.071953506,0.07211375,0.071748533,0.07097899,0.071231405,0.071305098,0.071716351,0.071299916,0.071989076,0.072607389,0.072446774,0.072555517,0.072679894,0.072788509,0.072753131,0.07304719,0.07277661,0.07252918,0.073238938,0.072861533,0.073073887,0.072551444,0.073162743,0.073847837,0.073380972,0.073433698,0.073332408,0.073420467,0.074012208,0.073800982,0.073855108,0.073920078,0.073881574,0.074394771,0.074160266,0.074368965,0.07413083,0.074118803,0.074406095,0.074103225,0.07466167,0.074721329,0.074411672,0.075265151
1;2,0.1431,0.1324,0.1414,0.1483,0.1533,0.1586,0.1655,0.1744,0.186,0.2021,0.2241,0.252,0.2911,0.3408,0.4006,0.4715,0.5526,0.6425,0.7412,0.8446,0.9497,1.0475,1.133,1.2007,1.254,1.2943,1.3239,1.346,1.3621,1.3758,1.3875,1.3997,1.4069,1.4162,1.4227,1.428,1.4329,1.4352,1.4395,1.444,1.4483,1.4488,1.4527,1.4552,1.4585,1.4611,1.4654,1.4658,1.4687,1.4729,1.4758,1.4784,1.4795,1.4807,1.4824,1.4826,1.4848,1.4859,1.4885,1.4868,1.4881,1.4911,1.492,1.4925,1.4927,1.4948,1.4948,1.4971,1.4962,1.4963,1.4983,1.4977,1.4988,1.4978,1.4999,1.5013,1.5005,1.5026,1.5025,1.5029,1.5031,1.5024,1.5032,1.5034,1.5046,1.5057,1.5055,1.5055,1.506,1.5055,1.5038,1.5058,1.5059,1.506,1.5068,1.5053
2;1,0.1522,0.1421,0.15,0.1552,0.1598,0.1648,0.1715,0.1804,0.1934,0.2065,0.2259,0.2514,0.2831,0.3235,0.371,0.4256,0.4898,0.5634,0.6442,0.7322,0.8235,0.9127,0.9955,1.0675,1.1235,1.165,1.1977,1.2249,1.2426,1.2587,1.2715,1.2817,1.2919,1.3002,1.3081,1.3136,1.3194,1.3232,1.3267,1.3302,1.3332,1.3384,1.3414,1.3441,1.3471,1.3499,1.3524,1.356,1.3582,1.3607,1.3632,1.3655,1.3666,1.3687,1.3704,1.3726,1.3746,1.3742,1.376,1.3785,1.3765,1.3783,1.3787,1.3798,1.3813,1.3825,1.3819,1.3815,1.3832,1.3833,1.3837,1.3849,1.385,1.3868,1.387,1.3861,1.387,1.3872,1.3873,1.3891,1.3879,1.3895,1.389,1.3905,1.3903,1.3907,1.39,1.3911,1.3904,1.3915,1.3914,1.3914,1.3911,1.3911,1.3909,1.3904
2;2,0.1443,0.1324,0.1411,0.1479,0.1532,0.1588,0.1659,0.1755,0.1868,0.2039,0.2264,0.2562,0.2959,0.347,0.4105,0.4839,0.5692,0.664,0.7665,0.8725,0.9822,1.0824,1.1676,1.2381,1.289,1.3282,1.3589,1.381,1.3979,1.4128,1.4247,1.4343,1.444,1.4526,1.4596,1.4657,1.469,1.4729,1.4757,1.4791,1.4824,1.4868,1.4892,1.4929,1.496,1.4986,1.5015,1.5052,1.507,1.5099,1.5122,1.5133,1.5158,1.518,1.519,1.5208,1.5221,1.5232,1.5256,1.5259,1.5262,1.5295,1.5292,1.5317,1.5326,1.5334,1.5338,1.5337,1.5351,1.5362,1.5369,1.5376,1.5377,1.539,1.5399,1.5402,1.5413,1.54,1.5402,1.5416,1.542,1.5425,1.5415,1.5427,1.543,1.5436,1.5438,1.5438,1.5433,1.5444,1.5457,1.5446,1.5452,1.5455,1.5443,1.5468
2;3,0.1383,0.1311,0.1381,0.1426,0.1465,0.1507,0.1564,0.1643,0.1746,0.1879,0.2065,0.23,0.2613,0.3029,0.3541,0.4145,0.4868,0.568,0.6606,0.7557,0.8563,0.9506,1.0395,1.1118,1.1706,1.214,1.2481,1.272,1.2957,1.3102,1.3245,1.3346,1.3447,1.3535,1.3595,1.3675,1.3718,1.3767,1.3769,1.3815,1.388,1.3881,1.3933,1.3968,1.4013,1.4031,1.406,1.4099,1.4093,1.4131,1.4158,1.4163,1.4171,1.4166,1.4237,1.4247,1.4244,1.4261,1.4282,1.4291,1.43,1.4328,1.4335,1.4348,1.4347,1.4329,1.4356,1.4353,1.4355,1.4367,1.4383,1.4395,1.4409,1.441,1.4402,1.4408,1.4407,1.4402,1.4421,1.4422,1.444,1.4413,1.4419,1.4417,1.4445,1.4377,1.4415,1.4377,1.4404,1.441,1.4441,1.4392,1.4402,1.4402,1.439,1.4399
3;2,0.1483,0.1393,0.1449,0.1485,0.1509,0.1555,0.1607,0.1685,0.1789,0.1902,0.2074,0.2288,0.2559,0.2913,0.3337,0.3857,0.4474,0.5181,0.5983,0.6864,0.7799,0.8727,0.9553,1.0302,1.0885,1.1346,1.1703,1.1967,1.2174,1.2329,1.2471,1.2596,1.2681,1.2783,1.2858,1.2929,1.2983,1.3018,1.3039,1.3095,1.3139,1.3172,1.3206,1.325,1.3269,1.3316,1.3325,1.3353,1.3373,1.3406,1.3439,1.345,1.3474,1.3487,1.3504,1.3537,1.3543,1.3562,1.3577,1.3565,1.3566,1.3586,1.3591,1.361,1.3606,1.3618,1.3626,1.3633,1.364,1.3661,1.3652,1.366,1.3659,1.3673,1.3674,1.3668,1.3686,1.3682,1.3685,1.3687,1.3679,1.3678,1.3673,1.3675,1.3687,1.3687,1.3697,1.3686,1.3694,1.3695,1.3686,1.3703,1.3691,1.3693,1.3699,1.3689
,,,,,,,,,,,,,,,,,,,,,,,,,,,,,,,,,,,,,,,,,,,,,,,,,,,,,,,,,,,,,,,,,,,,,,,,,,,,,,,,,,,,,,,,,,,,,,,,
Cycles / Well,,,,,,,,,,,,,,,,,,,,,,,,,,,,,,,,,,,,,,,,,,,,,,,,,,,,,,,,,,,,,,,,,,,,,,,,,,,,,,,,,,,,,,,,,,,,,,,,
F11,1,2,3,4,5,6,7,8,9,10,11,12,13,14,15,16,17,18,19,20,21,22,23,24,25,26,27,28,29,30,31,32,33,34,35,36,37,38,39,40,41,42,43,44,45,46,47,48,49,50,51,52,53,54,55,56,57,58,59,60,61,62,63,64,65,66,67,68,69,70,71,72,73,74,75,76,77,78,79,80,81,82,83,84,85,86,87,88,89,90,91,92,93,94,95,96
Time [s],0,1799.821,3599.758,5399.669,7199.591,8999.513,10799.454,12599.368,14399.281,16199.217,17999.132,19799.048,21598.968,23398.907,25198.816,26998.729,28798.66,30598.612,32398.504,34198.422,35998.348,37798.293,39598.197,41398.12,43198.051,44997.975,46797.9,48597.816,50397.749,52197.631,53997.556,55797.465,57597.39,59397.304,61197.232,62997.141,64797.066,66596.996,68396.927,70196.835,71996.75,73796.684,75596.611,77396.528,79196.461,80996.395,82796.296,84596.214,86396.144,88196.085,89995.979,91795.899,93595.822,95395.741,97195.669,98995.594,100795.52,102595.43,104395.36,106195.269,107995.204,109795.106,111595.047,113394.962,115194.873,116994.792,118794.719,120594.63,122394.557,124194.487,125994.397,127794.312,129594.227,131394.143,133194.064,134993.983,136793.918,138593.83,140393.768,142193.687,143993.61,145793.539,147593.44,149393.349,151193.294,152993.201,154793.136,156593.059,158392.972,160192.914,161992.825,163792.732,165592.675,167392.569,169192.493,170992.414
Temp. [°C],19.6,29.9,29.9,30,30,30,30,29.9,30,30,30,30.1,30.1,30,30,30,30,30,30,30,30,30,30,30,30,30.1,30.1,30,30,30,30,30,30,30,30,30,30,30,30,30,30,30,30,30,30,30,30,30,30,30,30,30,30,30,30,30,30,30,30,29.9,30,30,30,30,30,30,30,30,30.1,30,30.1,30.1,30,30,30,30,30,29.9,30,30,30,30,30,30,30,30,30,30,30.1,30,30,30,30,30,30,30
Mean,0.14058,0.1332,0.14122,0.1476,0.15456,0.16442,0.17774,0.19496,0.21854,0.25082,0.29162,0.34428,0.40768,0.48122,0.56548,0.65654,0.7577,0.86058,0.96358,1.05386,1.13648,1.19924,1.24932,1.28742,1.31506,1.33838,1.3574,1.37326,1.38822,1.39782,1.40816,1.41648,1.42296,1.4279,1.43402,1.43732,1.44014,1.44194,1.4443,1.44512,1.44808,1.44864,1.45172,1.45246,1.45488,1.45646,1.45736,1.45918,1.45976,1.46186,1.4632,1.46366,1.46552,1.46516,1.46784,1.46876,1.46998,1.47118,1.47192,1.47212,1.4723,1.4746,1.47518,1.47646,1.47728,1.47808,1.47986,1.4799,1.48122,1.48216,1.48274,1.48384,1.4849,1.48514,1.48666,1.4871,1.48782,1.48904,1.48974,1.49072,1.49174,1.49198,1.49238,1.49288,1.49466,1.49428,1.4958,1.49608,1.4971,1.49772,1.49886,1.49956,1.50028,1.50088,1.5019,1.5014
StDev,0.004370583,0.004773364,0.004929199,0.005160911,0.005760903,0.006832789,0.008554706,0.011018757,0.015161398,0.020005924,0.027676199,0.038963406,0.053643658,0.069594662,0.086769044,0.104870911,0.122039891,0.134172341,0.136912808,0.134221842,0.125349759,0.117083978,0.108457305,0.10191257,0.096133387,0.091406384,0.087095207,0.084000702,0.07926479,0.077433565,0.074787452,0.07243426,0.070882671,0.069986856,0.068287202,0.066107125,0.064532573,0.063939878,0.063813361,0.063117208,0.062725051,0.063068082,0.062662245,0.062673663,0.061475825,0.061552685,0.062493144,0.06144019,0.062120592,0.061545617,0.061385544,0.061345114,0.061193562,0.061688111,0.060522087,0.060959109,0.061053313,0.060806184,0.060588175,0.060399727,0.060231097,0.060976963,0.060704135,0.060216468,0.060687948,0.059994308,0.060140195,0.06040149,0.059915457,0.060319632,0.059683733,0.059530018,0.059107825,0.059324767,0.059433686,0.059103384,0.059841349,0.059163021,0.058893743,0.058244373,0.057900501,0.05873676,0.058589436,0.057895268,0.057999164,0.059036658,0.058448695,0.059218722,0.058681045,0.058351495,0.057547572,0.058211365,0.057635814,0.057738263,0.057830312,0.057767681
1;2,0.1384,0.13,0.139,0.1463,0.1538,0.1642,0.1789,0.1986,0.2249,0.2635,0.3131,0.3768,0.4563,0.546,0.6468,0.7561,0.8738,0.9853,1.092,1.179,1.2525,1.3062,1.3481,1.3786,1.4015,1.4192,1.4336,1.4464,1.4565,1.4635,1.4704,1.4763,1.4807,1.4856,1.4893,1.4899,1.4905,1.4922,1.495,1.4948,1.4985,1.4977,1.5006,1.5018,1.5026,1.5049,1.5063,1.5077,1.509,1.5102,1.5116,1.5116,1.5136,1.5147,1.515,1.5164,1.5174,1.5184,1.5192,1.5192,1.5183,1.5229,1.5223,1.5235,1.524,1.5242,1.527,1.5273,1.5285,1.5283,1.5295,1.5294,1.53,1.5311,1.5334,1.5326,1.5333,1.5348,1.5347,1.5346,1.5357,1.5367,1.5371,1.5369,1.5388,1.5404,1.5409,1.5416,1.5419,1.5424,1.5415,1.5442,1.5447,1.5443,1.5465,1.5475
2;1,0.146,0.139,0.1481,0.1552,0.163,0.1738,0.1884,0.2069,0.2344,0.264,0.3022,0.3503,0.4053,0.4681,0.5405,0.6186,0.7065,0.8023,0.8994,0.9931,1.0789,1.1473,1.2022,1.2432,1.2721,1.2973,1.3159,1.3334,1.3477,1.3571,1.368,1.3763,1.3832,1.389,1.3946,1.4009,1.4056,1.4062,1.4095,1.4101,1.4117,1.4152,1.417,1.418,1.4208,1.4225,1.4242,1.4257,1.4273,1.4285,1.4307,1.4321,1.433,1.4344,1.4357,1.4372,1.4381,1.44,1.4399,1.4408,1.4407,1.4422,1.4423,1.4438,1.4457,1.4469,1.4479,1.4474,1.4496,1.4499,1.45,1.451,1.4521,1.4525,1.4537,1.4543,1.4549,1.4567,1.4572,1.4583,1.4587,1.4598,1.4604,1.4611,1.4617,1.4625,1.4637,1.4641,1.4646,1.4651,1.4662,1.4671,1.4679,1.4674,1.4677,1.4681
2;2,0.1393,0.1299,0.1384,0.1459,0.154,0.1649,0.1805,0.2007,0.2276,0.2678,0.3184,0.386,0.4672,0.561,0.6673,0.7806,0.9034,1.0234,1.1291,1.2154,1.2883,1.3413,1.3814,1.4129,1.4337,1.4523,1.4675,1.4796,1.49,1.4982,1.5063,1.5121,1.5172,1.5204,1.5252,1.5261,1.5274,1.5283,1.53,1.5303,1.5321,1.534,1.5366,1.537,1.5383,1.5395,1.5417,1.5419,1.5431,1.5449,1.5458,1.5464,1.548,1.5472,1.5497,1.551,1.5526,1.5534,1.5538,1.5537,1.5544,1.5565,1.5575,1.5579,1.5597,1.5596,1.561,1.5614,1.5618,1.5644,1.5634,1.5651,1.5657,1.5657,1.5669,1.5676,1.5697,1.5694,1.5702,1.5707,1.5711,1.5723,1.5724,1.5721,1.5741,1.5741,1.5753,1.5767,1.5773,1.5774,1.5785,1.579,1.5788,1.5804,1.5808,1.579
2;3,0.1352,0.1293,0.1361,0.1412,0.1468,0.1545,0.1648,0.1784,0.1976,0.2239,0.2576,0.3012,0.3531,0.4165,0.4878,0.5614,0.6465,0.7344,0.8317,0.9175,1.0099,1.0773,1.1381,1.183,1.2193,1.2471,1.2748,1.2927,1.3172,1.3288,1.3443,1.3568,1.3653,1.3724,1.3802,1.3857,1.3895,1.3928,1.3943,1.3959,1.4006,1.3986,1.4033,1.4034,1.4085,1.4092,1.4082,1.4116,1.4095,1.4139,1.4138,1.4145,1.416,1.4127,1.42,1.4187,1.4201,1.4221,1.4239,1.4224,1.4239,1.4255,1.4271,1.4294,1.4284,1.4302,1.4325,1.4326,1.4332,1.4349,1.4364,1.4378,1.4395,1.4395,1.4399,1.4418,1.4426,1.4439,1.4451,1.4478,1.4491,1.4465,1.4472,1.448,1.4508,1.4472,1.4506,1.449,1.4513,1.4529,1.4554,1.4536,1.455,1.4575,1.459,1.458
3;2,0.144,0.1378,0.1445,0.1494,0.1552,0.1647,0.1761,0.1902,0.2082,0.2349,0.2668,0.3071,0.3565,0.4145,0.485,0.566,0.6583,0.7575,0.8657,0.9643,1.0528,1.1241,1.1768,1.2194,1.2487,1.276,1.2952,1.3142,1.3297,1.3415,1.3518,1.3609,1.3684,1.3721,1.3808,1.384,1.3877,1.3902,1.3927,1.3945,1.3975,1.3977,1.4011,1.4021,1.4042,1.4062,1.4064,1.409,1.4099,1.4118,1.4141,1.4137,1.417,1.4168,1.4188,1.4205,1.4217,1.422,1.4228,1.4245,1.4242,1.4259,1.4267,1.4277,1.4286,1.4295,1.4309,1.4308,1.433,1.4333,1.4344,1.4359,1.4372,1.4369,1.4394,1.4392,1.4386,1.4404,1.4415,1.4422,1.4441,1.4446,1.4448,1.4463,1.4479,1.4472,1.4485,1.449,1.4504,1.4508,1.4527,1.4539,1.455,1.4548,1.4555,1.4544
,,,,,,,,,,,,,,,,,,,,,,,,,,,,,,,,,,,,,,,,,,,,,,,,,,,,,,,,,,,,,,,,,,,,,,,,,,,,,,,,,,,,,,,,,,,,,,,,
Cycles / Well,,,,,,,,,,,,,,,,,,,,,,,,,,,,,,,,,,,,,,,,,,,,,,,,,,,,,,,,,,,,,,,,,,,,,,,,,,,,,,,,,,,,,,,,,,,,,,,,
F12,1,2,3,4,5,6,7,8,9,10,11,12,13,14,15,16,17,18,19,20,21,22,23,24,25,26,27,28,29,30,31,32,33,34,35,36,37,38,39,40,41,42,43,44,45,46,47,48,49,50,51,52,53,54,55,56,57,58,59,60,61,62,63,64,65,66,67,68,69,70,71,72,73,74,75,76,77,78,79,80,81,82,83,84,85,86,87,88,89,90,91,92,93,94,95,96
Time [s],0,1799.821,3599.758,5399.669,7199.591,8999.513,10799.454,12599.368,14399.281,16199.217,17999.132,19799.048,21598.968,23398.907,25198.816,26998.729,28798.66,30598.612,32398.504,34198.422,35998.348,37798.293,39598.197,41398.12,43198.051,44997.975,46797.9,48597.816,50397.749,52197.631,53997.556,55797.465,57597.39,59397.304,61197.232,62997.141,64797.066,66596.996,68396.927,70196.835,71996.75,73796.684,75596.611,77396.528,79196.461,80996.395,82796.296,84596.214,86396.144,88196.085,89995.979,91795.899,93595.822,95395.741,97195.669,98995.594,100795.52,102595.43,104395.36,106195.269,107995.204,109795.106,111595.047,113394.962,115194.873,116994.792,118794.719,120594.63,122394.557,124194.487,125994.397,127794.312,129594.227,131394.143,133194.064,134993.983,136793.918,138593.83,140393.768,142193.687,143993.61,145793.539,147593.44,149393.349,151193.294,152993.201,154793.136,156593.059,158392.972,160192.914,161992.825,163792.732,165592.675,167392.569,169192.493,170992.414
Temp. [°C],19.6,29.9,29.9,30,30,30,30,29.9,30,30,30,30.1,30.1,30,30,30,30,30,30,30,30,30,30,30,30,30.1,30.1,30,30,30,30,30,30,30,30,30,30,30,30,30,30,30,30,30,30,30,30,30,30,30,30,30,30,30,30,30,30,30,30,29.9,30,30,30,30,30,30,30,30,30.1,30,30.1,30.1,30,30,30,30,30,29.9,30,30,30,30,30,30,30,30,30,30,30.1,30,30,30,30,30,30,30
Mean,0.14314,0.14084,0.14872,0.155,0.16362,0.17512,0.19176,0.21624,0.25162,0.29002,0.343,0.40726,0.485,0.57122,0.6719,0.78274,0.8931,0.99106,1.07678,1.1477,1.19704,1.23104,1.25786,1.28036,1.29882,1.31652,1.33204,1.34646,1.35978,1.37002,1.37894,1.38658,1.3922,1.3961,1.39824,1.40044,1.4027,1.40438,1.40592,1.40778,1.40962,1.41102,1.413,1.41462,1.41628,1.41826,1.4193,1.42082,1.422,1.42346,1.42462,1.42566,1.42706,1.4282,1.42944,1.43022,1.43098,1.43254,1.4335,1.43386,1.43448,1.43528,1.4359,1.4375,1.43812,1.43946,1.43978,1.44064,1.44142,1.44202,1.4434,1.44402,1.44504,1.44522,1.44618,1.44724,1.44764,1.44852,1.44932,1.45108,1.4508,1.45104,1.45228,1.45282,1.45354,1.45404,1.45532,1.45538,1.45618,1.45628,1.45712,1.45794,1.4589,1.45898,1.4599,1.46018
StDev,0.009909238,0.006553854,0.006453449,0.006794115,0.007568157,0.007344522,0.007809161,0.008559381,0.013915351,0.008221739,0.009141936,0.012695984,0.020576321,0.028575899,0.03936769,0.04878425,0.057143416,0.061127801,0.062541322,0.060640045,0.057754766,0.057223492,0.0554848,0.054352212,0.053343669,0.0533752,0.052885943,0.052138306,0.051929731,0.051143494,0.051251176,0.050884448,0.050050624,0.048813523,0.048379986,0.048612632,0.047940953,0.048190632,0.048475839,0.048075118,0.048106673,0.047887598,0.047656794,0.048447157,0.048529033,0.048848163,0.049008214,0.048653643,0.048861181,0.049067535,0.048457992,0.047967833,0.048083292,0.048621652,0.049015334,0.048472951,0.048927262,0.048659305,0.048986631,0.048832807,0.048928591,0.048799969,0.049404554,0.049058893,0.049195345,0.049226903,0.049223236,0.049527497,0.049128932,0.049331856,0.049217223,0.049122877,0.04933592,0.049359417,0.048586902,0.049180108,0.049497353,0.049377394,0.049004051,0.049498252,0.049667394,0.049140035,0.0496885,0.049409533,0.04922995,0.048985386,0.049158794,0.049081025,0.048842676,0.048894345,0.049142822,0.048749492,0.04919751,0.048814107,0.049241243,0.049558319
1;2,0.1394,0.1364,0.145,0.1508,0.1595,0.1721,0.189,0.215,0.2485,0.2951,0.3545,0.4268,0.517,0.6137,0.7265,0.8478,0.9662,1.0658,1.1511,1.2181,1.262,1.2955,1.3195,1.3397,1.356,1.3734,1.3882,1.401,1.4142,1.4215,1.4314,1.4386,1.442,1.4444,1.4469,1.4493,1.4508,1.4533,1.4554,1.4557,1.4584,1.4594,1.4615,1.4633,1.4657,1.4669,1.4683,1.4697,1.4721,1.4735,1.474,1.4739,1.4759,1.4781,1.4789,1.4794,1.4803,1.4816,1.4826,1.483,1.4823,1.4836,1.4848,1.4862,1.487,1.4878,1.4885,1.49,1.4906,1.4912,1.4921,1.4927,1.4932,1.4938,1.4943,1.4955,1.4974,1.4978,1.4983,1.5004,1.4996,1.5,1.5015,1.5012,1.5025,1.5027,1.5046,1.5047,1.5056,1.5052,1.5058,1.5064,1.5075,1.5073,1.5081,1.5099
2;1,0.1559,0.1467,0.1562,0.1632,0.1731,0.1843,0.2019,0.2271,0.2627,0.2988,0.3474,0.4066,0.4746,0.55,0.6389,0.7387,0.8392,0.9316,1.0129,1.0854,1.1335,1.1679,1.196,1.22,1.2379,1.2556,1.2709,1.2854,1.2983,1.3093,1.3175,1.3246,1.3299,1.3362,1.3386,1.3397,1.342,1.3444,1.3454,1.3479,1.3499,1.3514,1.3538,1.3535,1.3548,1.3561,1.3572,1.3596,1.3606,1.3612,1.3629,1.3644,1.3654,1.3668,1.3666,1.3683,1.3679,1.37,1.3702,1.3713,1.3715,1.373,1.3719,1.3743,1.3749,1.3763,1.3762,1.3768,1.3792,1.3791,1.3802,1.381,1.3814,1.3814,1.3839,1.3834,1.384,1.3853,1.3865,1.3878,1.3865,1.3883,1.3886,1.3889,1.3901,1.3915,1.3924,1.3927,1.3936,1.3932,1.3928,1.3951,1.3952,1.3962,1.3961,1.3966
2;2,0.1408,0.1361,0.1434,0.1496,0.1574,0.1693,0.1859,0.2099,0.2407,0.2863,0.3417,0.4098,0.4942,0.5872,0.6972,0.8157,0.933,1.0363,1.1242,1.1953,1.2437,1.2774,1.3035,1.326,1.344,1.3628,1.3777,1.3925,1.4045,1.416,1.4245,1.4311,1.4369,1.4407,1.4417,1.444,1.4455,1.4471,1.4487,1.4511,1.4526,1.4542,1.4555,1.4578,1.459,1.4615,1.4634,1.4642,1.4652,1.4663,1.4671,1.4686,1.4694,1.4718,1.4722,1.4731,1.4741,1.4756,1.4764,1.477,1.4782,1.4791,1.4792,1.4806,1.4817,1.4834,1.4829,1.4836,1.485,1.4856,1.487,1.4872,1.4891,1.4891,1.4892,1.4908,1.491,1.4925,1.4924,1.4945,1.4943,1.4944,1.4962,1.497,1.4965,1.4979,1.4987,1.4988,1.4991,1.4991,1.4999,1.5009,1.5025,1.5019,1.5031,1.5035
2;3,0.1301,0.1358,0.1437,0.1498,0.1576,0.1683,0.184,0.2066,0.237,0.2778,0.3296,0.3929,0.4707,0.5582,0.6624,0.7758,0.8907,0.992,1.0804,1.1519,1.2026,1.2361,1.2632,1.2861,1.3055,1.322,1.338,1.3519,1.3668,1.3775,1.3855,1.3941,1.4,1.4028,1.4046,1.4067,1.4089,1.4106,1.4119,1.4144,1.4154,1.4163,1.4185,1.421,1.4222,1.4258,1.4253,1.4273,1.4272,1.4299,1.4306,1.4311,1.4327,1.4319,1.4366,1.4358,1.4372,1.4385,1.4407,1.4403,1.4426,1.4421,1.4442,1.4455,1.4455,1.4474,1.4482,1.4493,1.4485,1.4496,1.4512,1.4523,1.4533,1.453,1.4539,1.4554,1.4548,1.4552,1.4568,1.4592,1.4599,1.4587,1.4603,1.4606,1.4619,1.4608,1.4623,1.462,1.4625,1.4637,1.4654,1.4655,1.4665,1.4672,1.4691,1.4678
3;2,0.1495,0.1492,0.1553,0.1616,0.1705,0.1816,0.198,0.2226,0.2692,0.2921,0.3418,0.4002,0.4685,0.547,0.6345,0.7357,0.8364,0.9296,1.0153,1.0878,1.1434,1.1783,1.2071,1.23,1.2507,1.2688,1.2854,1.3015,1.3151,1.3258,1.3358,1.3445,1.3522,1.3564,1.3594,1.3625,1.3663,1.3665,1.3682,1.3698,1.3718,1.3738,1.3757,1.3775,1.3797,1.381,1.3823,1.3833,1.3849,1.3864,1.3885,1.3903,1.3919,1.3924,1.3929,1.3945,1.3954,1.397,1.3976,1.3977,1.3978,1.3986,1.3994,1.4009,1.4015,1.4024,1.4031,1.4035,1.4038,1.4046,1.4065,1.4069,1.4082,1.4088,1.4096,1.4111,1.411,1.4118,1.4126,1.4135,1.4137,1.4138,1.4148,1.4164,1.4167,1.4173,1.4186,1.4187,1.4201,1.4202,1.4217,1.4218,1.4228,1.4223,1.4231,1.4231
,,,,,,,,,,,,,,,,,,,,,,,,,,,,,,,,,,,,,,,,,,,,,,,,,,,,,,,,,,,,,,,,,,,,,,,,,,,,,,,,,,,,,,,,,,,,,,,,
Cycles / Well,,,,,,,,,,,,,,,,,,,,,,,,,,,,,,,,,,,,,,,,,,,,,,,,,,,,,,,,,,,,,,,,,,,,,,,,,,,,,,,,,,,,,,,,,,,,,,,,
G1,1,2,3,4,5,6,7,8,9,10,11,12,13,14,15,16,17,18,19,20,21,22,23,24,25,26,27,28,29,30,31,32,33,34,35,36,37,38,39,40,41,42,43,44,45,46,47,48,49,50,51,52,53,54,55,56,57,58,59,60,61,62,63,64,65,66,67,68,69,70,71,72,73,74,75,76,77,78,79,80,81,82,83,84,85,86,87,88,89,90,91,92,93,94,95,96
Time [s],0,1799.821,3599.758,5399.669,7199.591,8999.513,10799.454,12599.368,14399.281,16199.217,17999.132,19799.048,21598.968,23398.907,25198.816,26998.729,28798.66,30598.612,32398.504,34198.422,35998.348,37798.293,39598.197,41398.12,43198.051,44997.975,46797.9,48597.816,50397.749,52197.631,53997.556,55797.465,57597.39,59397.304,61197.232,62997.141,64797.066,66596.996,68396.927,70196.835,71996.75,73796.684,75596.611,77396.528,79196.461,80996.395,82796.296,84596.214,86396.144,88196.085,89995.979,91795.899,93595.822,95395.741,97195.669,98995.594,100795.52,102595.43,104395.36,106195.269,107995.204,109795.106,111595.047,113394.962,115194.873,116994.792,118794.719,120594.63,122394.557,124194.487,125994.397,127794.312,129594.227,131394.143,133194.064,134993.983,136793.918,138593.83,140393.768,142193.687,143993.61,145793.539,147593.44,149393.349,151193.294,152993.201,154793.136,156593.059,158392.972,160192.914,161992.825,163792.732,165592.675,167392.569,169192.493,170992.414
Temp. [°C],19.6,29.9,29.9,30,30,30,30,29.9,30,30,30,30.1,30.1,30,30,30,30,30,30,30,30,30,30,30,30,30.1,30.1,30,30,30,30,30,30,30,30,30,30,30,30,30,30,30,30,30,30,30,30,30,30,30,30,30,30,30,30,30,30,30,30,29.9,30,30,30,30,30,30,30,30,30.1,30,30.1,30.1,30,30,30,30,30,29.9,30,30,30,30,30,30,30,30,30,30,30.1,30,30,30,30,30,30,30
Mean,0.13766,0.13934,0.14594,0.15228,0.16102,0.17176,0.1855,0.20332,0.22514,0.25188,0.28406,0.32252,0.36612,0.41844,0.47542,0.54052,0.61152,0.69002,0.77308,0.86404,0.95216,1.03594,1.10666,1.16936,1.22012,1.26068,1.29376,1.3232,1.34716,1.3707,1.39174,1.40896,1.42146,1.43208,1.43908,1.44466,1.44794,1.45178,1.45544,1.45892,1.46168,1.46478,1.4665,1.47022,1.472,1.47496,1.47786,1.47992,1.48312,1.48492,1.48756,1.49052,1.49248,1.49434,1.49624,1.4978,1.49926,1.5016,1.50306,1.5049,1.505,1.508,1.50892,1.51096,1.51126,1.51348,1.51452,1.5155,1.51592,1.51748,1.51828,1.51984,1.52044,1.52188,1.5224,1.5237,1.52414,1.52522,1.52608,1.52738,1.52718,1.52902,1.52924,1.53016,1.53092,1.53124,1.53244,1.53346,1.53358,1.53424,1.5349,1.5349,1.53586,1.5368,1.5376,1.53832
StDev,0.007270695,0.007323455,0.009338522,0.010340309,0.011822732,0.012964297,0.014140191,0.016984611,0.019769876,0.024783603,0.030470034,0.038238358,0.047568235,0.058689888,0.069906344,0.08213414,0.094893714,0.106581598,0.119212445,0.129169648,0.136332967,0.137001051,0.135183479,0.130392726,0.12524912,0.120256068,0.116410579,0.112573687,0.109560773,0.107045364,0.103618883,0.099426822,0.096229221,0.09180012,0.088502299,0.085649769,0.084598186,0.082932876,0.082643348,0.080374044,0.08039426,0.079560147,0.080410416,0.07870608,0.079259164,0.079013151,0.078480749,0.078866355,0.078677932,0.078583312,0.078144053,0.077231548,0.077189067,0.077315283,0.077392525,0.077383913,0.077356726,0.077113261,0.076942888,0.076792936,0.076343074,0.076361018,0.075932351,0.076113685,0.076328455,0.07532866,0.075710944,0.075660326,0.075628249,0.076235372,0.076118638,0.075850333,0.076154993,0.075476831,0.076352374,0.075889294,0.076049543,0.075545099,0.075585627,0.074966206,0.0758228,0.075326204,0.075331554,0.075135265,0.07575762,0.075492569,0.075321431,0.075815651,0.075040702,0.07551429,0.074742458,0.075027362,0.074679401,0.074488455,0.07459494,0.074063534
1;2,0.1325,0.1339,0.1384,0.1438,0.1515,0.1621,0.1765,0.1944,0.2183,0.248,0.284,0.3263,0.3741,0.4303,0.4902,0.5569,0.6277,0.6986,0.7761,0.8519,0.9267,0.995,1.0555,1.1064,1.1546,1.1898,1.2212,1.248,1.2696,1.2858,1.3074,1.3298,1.3435,1.3631,1.3774,1.387,1.3941,1.3996,1.407,1.4174,1.4236,1.4259,1.4287,1.435,1.4366,1.4413,1.4454,1.4492,1.4523,1.4536,1.4596,1.4608,1.4627,1.4666,1.4679,1.4703,1.4741,1.4758,1.4784,1.4804,1.4814,1.4842,1.4851,1.4879,1.4872,1.4905,1.4939,1.4947,1.4945,1.4959,1.498,1.4987,1.5009,1.5018,1.4998,1.504,1.5039,1.5046,1.5066,1.5093,1.5075,1.5093,1.5091,1.5096,1.5111,1.5107,1.5138,1.5162,1.5178,1.5173,1.5174,1.5189,1.5186,1.5185,1.5192,1.5206
2;1,0.1387,0.1426,0.1527,0.1617,0.1735,0.1872,0.2043,0.2277,0.2546,0.2883,0.3271,0.3743,0.4274,0.4912,0.5587,0.6356,0.7194,0.8099,0.9068,1.0087,1.1044,1.1886,1.2572,1.3125,1.3567,1.3903,1.4176,1.442,1.4622,1.4816,1.4981,1.5106,1.52,1.5249,1.5281,1.5302,1.5336,1.5342,1.5369,1.5379,1.5403,1.5424,1.5455,1.5461,1.5489,1.5513,1.5535,1.5555,1.5582,1.5601,1.5614,1.5635,1.5645,1.5665,1.5682,1.5701,1.5714,1.5732,1.5742,1.5755,1.575,1.5771,1.5779,1.5801,1.5807,1.582,1.5827,1.5839,1.5849,1.5868,1.5873,1.5882,1.589,1.59,1.5906,1.5917,1.5928,1.5938,1.5944,1.5945,1.5955,1.5961,1.5968,1.5972,1.5994,1.5993,1.6005,1.6019,1.6011,1.6021,1.6027,1.6033,1.6035,1.6045,1.6057,1.6058
2;2,0.1322,0.1335,0.1394,0.1455,0.1544,0.1658,0.1808,0.1995,0.2238,0.2542,0.2913,0.3351,0.387,0.4483,0.5165,0.5939,0.6776,0.7721,0.8688,0.9749,1.0727,1.1619,1.2333,1.2962,1.3429,1.3809,1.4117,1.4377,1.4585,1.4807,1.4989,1.5119,1.5203,1.5265,1.5294,1.5327,1.5331,1.5357,1.5392,1.5394,1.5416,1.5441,1.5452,1.5485,1.5498,1.5525,1.5546,1.5563,1.5594,1.5611,1.5637,1.5663,1.5686,1.57,1.5714,1.5726,1.5733,1.5757,1.577,1.5784,1.5782,1.5817,1.5825,1.5844,1.5849,1.5857,1.5868,1.5884,1.5879,1.5899,1.5901,1.5917,1.5918,1.5932,1.5953,1.595,1.595,1.5958,1.5965,1.5963,1.5978,1.5995,1.5996,1.6004,1.6006,1.6008,1.6011,1.6019,1.6013,1.6027,1.6023,1.6013,1.6028,1.604,1.6042,1.6045
2;3,0.1351,0.136,0.1402,0.1451,0.1514,0.1595,0.1701,0.1834,0.2,0.2186,0.2424,0.2701,0.3019,0.34,0.3832,0.4332,0.4875,0.5524,0.6196,0.699,0.7765,0.8624,0.9378,1.0109,1.0687,1.1185,1.1573,1.1926,1.2213,1.2528,1.2787,1.2989,1.3151,1.3259,1.3327,1.3407,1.3431,1.3476,1.3496,1.3528,1.3536,1.3582,1.3575,1.3629,1.3634,1.366,1.369,1.3691,1.3724,1.3746,1.3768,1.3819,1.3835,1.3843,1.3855,1.3869,1.3873,1.3901,1.3914,1.3929,1.3935,1.3962,1.3982,1.3996,1.3998,1.403,1.4024,1.4042,1.4045,1.4049,1.4052,1.4072,1.4065,1.4096,1.4092,1.4101,1.4103,1.4126,1.4129,1.4139,1.4135,1.4158,1.4163,1.4174,1.4169,1.4177,1.4185,1.4181,1.4191,1.4193,1.4214,1.4202,1.4221,1.4239,1.4243,1.4257
3;2,0.1498,0.1507,0.159,0.1653,0.1743,0.1842,0.1958,0.2116,0.229,0.2503,0.2755,0.3068,0.3402,0.3824,0.4285,0.483,0.5454,0.6171,0.6941,0.7857,0.8805,0.9718,1.0495,1.1208,1.1777,1.2239,1.261,1.2957,1.3242,1.3526,1.3756,1.3936,1.4084,1.42,1.4278,1.4327,1.4358,1.4418,1.4445,1.4471,1.4493,1.4533,1.4556,1.4586,1.4613,1.4637,1.4668,1.4695,1.4733,1.4752,1.4763,1.4801,1.4831,1.4843,1.4882,1.4891,1.4902,1.4932,1.4943,1.4973,1.4969,1.5008,1.5009,1.5028,1.5037,1.5062,1.5068,1.5063,1.5078,1.5099,1.5108,1.5134,1.514,1.5148,1.5171,1.5177,1.5187,1.5193,1.52,1.5229,1.5216,1.5244,1.5244,1.5262,1.5266,1.5277,1.5283,1.5292,1.5286,1.5298,1.5307,1.5308,1.5323,1.5331,1.5346,1.535
,,,,,,,,,,,,,,,,,,,,,,,,,,,,,,,,,,,,,,,,,,,,,,,,,,,,,,,,,,,,,,,,,,,,,,,,,,,,,,,,,,,,,,,,,,,,,,,,
Cycles / Well,,,,,,,,,,,,,,,,,,,,,,,,,,,,,,,,,,,,,,,,,,,,,,,,,,,,,,,,,,,,,,,,,,,,,,,,,,,,,,,,,,,,,,,,,,,,,,,,
G2,1,2,3,4,5,6,7,8,9,10,11,12,13,14,15,16,17,18,19,20,21,22,23,24,25,26,27,28,29,30,31,32,33,34,35,36,37,38,39,40,41,42,43,44,45,46,47,48,49,50,51,52,53,54,55,56,57,58,59,60,61,62,63,64,65,66,67,68,69,70,71,72,73,74,75,76,77,78,79,80,81,82,83,84,85,86,87,88,89,90,91,92,93,94,95,96
Time [s],0,1799.821,3599.758,5399.669,7199.591,8999.513,10799.454,12599.368,14399.281,16199.217,17999.132,19799.048,21598.968,23398.907,25198.816,26998.729,28798.66,30598.612,32398.504,34198.422,35998.348,37798.293,39598.197,41398.12,43198.051,44997.975,46797.9,48597.816,50397.749,52197.631,53997.556,55797.465,57597.39,59397.304,61197.232,62997.141,64797.066,66596.996,68396.927,70196.835,71996.75,73796.684,75596.611,77396.528,79196.461,80996.395,82796.296,84596.214,86396.144,88196.085,89995.979,91795.899,93595.822,95395.741,97195.669,98995.594,100795.52,102595.43,104395.36,106195.269,107995.204,109795.106,111595.047,113394.962,115194.873,116994.792,118794.719,120594.63,122394.557,124194.487,125994.397,127794.312,129594.227,131394.143,133194.064,134993.983,136793.918,138593.83,140393.768,142193.687,143993.61,145793.539,147593.44,149393.349,151193.294,152993.201,154793.136,156593.059,158392.972,160192.914,161992.825,163792.732,165592.675,167392.569,169192.493,170992.414
Temp. [°C],19.6,29.9,29.9,30,30,30,30,29.9,30,30,30,30.1,30.1,30,30,30,30,30,30,30,30,30,30,30,30,30.1,30.1,30,30,30,30,30,30,30,30,30,30,30,30,30,30,30,30,30,30,30,30,30,30,30,30,30,30,30,30,30,30,30,30,29.9,30,30,30,30,30,30,30,30,30.1,30,30.1,30.1,30,30,30,30,30,29.9,30,30,30,30,30,30,30,30,30,30,30.1,30,30,30,30,30,30,30
Mean,0.16034,0.1668,0.18452,0.19554,0.20734,0.22242,0.24016,0.26424,0.29292,0.3276,0.36836,0.41514,0.46584,0.52218,0.58206,0.64636,0.7109,0.77938,0.84584,0.91038,0.96596,1.01678,1.05,1.08048,1.10028,1.11874,1.13214,1.1449,1.15468,1.17012,1.1785,1.18684,1.1911,1.1952,1.19716,1.20274,1.2039,1.20598,1.20958,1.21114,1.20986,1.21322,1.21292,1.21584,1.21776,1.2187,1.21814,1.21782,1.21898,1.2198,1.21926,1.22268,1.22342,1.22296,1.22326,1.22414,1.22196,1.22372,1.22356,1.22604,1.2233,1.22508,1.22672,1.22524,1.2252,1.22744,1.22588,1.22716,1.22778,1.2262,1.22566,1.2278,1.2245,1.22828,1.22848,1.2275,1.22616,1.22668,1.22804,1.2288,1.22752,1.22994,1.22978,1.22944,1.22664,1.22682,1.22636,1.22482,1.22526,1.22546,1.22654,1.22234,1.22718,1.22682,1.22628,1.2285
StDev,0.007730653,0.007144928,0.01113921,0.018892803,0.026530322,0.03464588,0.044723238,0.056100651,0.069690258,0.086980716,0.107561299,0.131462744,0.15895483,0.188422509,0.220149831,0.252429927,0.285935465,0.318490081,0.350181807,0.378064058,0.403948057,0.424022136,0.440221444,0.451256559,0.460473128,0.468562448,0.476216005,0.482228457,0.489195924,0.494186015,0.499299775,0.502567073,0.50476186,0.505346168,0.50610268,0.505689132,0.50687892,0.506126913,0.506352137,0.506203702,0.508288809,0.506758352,0.507295148,0.507289546,0.506329698,0.506851462,0.507525554,0.507466479,0.50711104,0.507082267,0.508249292,0.507485342,0.507684663,0.508196122,0.506849961,0.507045509,0.507176106,0.506902774,0.507685122,0.506543022,0.50610161,0.507663744,0.50732137,0.507788847,0.50766452,0.50674186,0.506838453,0.507230754,0.506864658,0.506784022,0.507453602,0.506176891,0.507673571,0.506211198,0.505319144,0.506158972,0.506255768,0.505925733,0.505218886,0.50442384,0.505538898,0.503805586,0.503169829,0.503312853,0.502600331,0.503537126,0.503101588,0.50349964,0.504122801,0.503079062,0.502695338,0.502743566,0.501330223,0.501128538,0.50087565,0.500619641
1;2,0.1549,0.1661,0.1938,0.2176,0.24,0.2659,0.2971,0.3359,0.3821,0.4398,0.5077,0.585,0.6707,0.763,0.8607,0.9608,1.0606,1.1595,1.2537,1.3351,1.4056,1.46,1.5017,1.5321,1.5565,1.5764,1.5946,1.6101,1.6253,1.6428,1.6532,1.6612,1.6667,1.6705,1.6726,1.6738,1.6772,1.6785,1.6814,1.6822,1.6849,1.6838,1.6856,1.6864,1.6862,1.6874,1.6885,1.6887,1.6892,1.6891,1.6903,1.6898,1.6901,1.6909,1.6898,1.6901,1.691,1.6903,1.6914,1.6905,1.6888,1.6927,1.6905,1.6925,1.6923,1.6917,1.6916,1.6913,1.6916,1.6912,1.692,1.6913,1.6917,1.6908,1.6892,1.6902,1.6904,1.6908,1.6898,1.6895,1.6898,1.6895,1.6888,1.6885,1.6882,1.6891,1.6892,1.6883,1.6902,1.6894,1.6887,1.6884,1.6877,1.6873,1.6864,1.6876
2;1,0.1639,0.1759,0.1939,0.2036,0.2164,0.2336,0.2539,0.2819,0.3136,0.3522,0.3991,0.4531,0.5145,0.5825,0.6569,0.7377,0.8234,0.9122,1.0028,1.0945,1.1779,1.2476,1.3019,1.3441,1.3751,1.4004,1.4215,1.4392,1.4579,1.4736,1.4863,1.4972,1.5058,1.5107,1.514,1.5165,1.521,1.523,1.5249,1.5271,1.5298,1.5313,1.5329,1.5331,1.534,1.5355,1.5368,1.5373,1.5393,1.5398,1.5409,1.5398,1.5412,1.5417,1.5417,1.5428,1.5432,1.5435,1.5444,1.5436,1.542,1.5433,1.5433,1.544,1.5433,1.5435,1.5432,1.5431,1.5428,1.5437,1.5438,1.5436,1.5441,1.5433,1.5444,1.5432,1.5432,1.5429,1.5421,1.5432,1.5416,1.542,1.5418,1.5414,1.5422,1.5406,1.5416,1.5425,1.542,1.5411,1.541,1.5409,1.5408,1.5401,1.5398,1.539
2;2,0.1532,0.1628,0.1869,0.2037,0.2195,0.2381,0.2601,0.2886,0.3243,0.3665,0.4152,0.4727,0.5337,0.6032,0.6767,0.7573,0.8372,0.9266,1.0113,1.0965,1.1688,1.2457,1.2857,1.3312,1.3557,1.3848,1.4027,1.4215,1.432,1.4565,1.4703,1.484,1.4873,1.4919,1.4937,1.5068,1.5048,1.5056,1.5125,1.5138,1.5089,1.5154,1.5113,1.52,1.5229,1.5244,1.5216,1.5196,1.5196,1.522,1.5204,1.5318,1.5327,1.5309,1.5293,1.5314,1.523,1.5285,1.5278,1.5348,1.5286,1.5324,1.5395,1.5335,1.5336,1.539,1.5343,1.5399,1.541,1.535,1.534,1.5386,1.531,1.5419,1.5407,1.5397,1.5353,1.5358,1.5406,1.5401,1.5406,1.5436,1.5425,1.5429,1.5312,1.5352,1.5312,1.5273,1.5287,1.5291,1.5323,1.5194,1.5328,1.5321,1.5309,1.5367
2;3,0.1576,0.1577,0.1671,0.1702,0.1746,0.1815,0.1891,0.2008,0.2157,0.232,0.25,0.27,0.2896,0.3112,0.3329,0.3575,0.3781,0.4044,0.4283,0.4545,0.4742,0.4968,0.5062,0.5211,0.5274,0.5347,0.5382,0.5435,0.5441,0.5527,0.555,0.5581,0.5586,0.5601,0.5594,0.5654,0.5657,0.5666,0.5706,0.5716,0.5692,0.5721,0.569,0.5735,0.5752,0.5763,0.5752,0.5747,0.5753,0.5769,0.5748,0.5808,0.5806,0.5793,0.5785,0.5802,0.5773,0.579,0.5787,0.5818,0.5796,0.581,0.583,0.584,0.5824,0.5852,0.5822,0.5834,0.5846,0.5819,0.5814,0.5839,0.5806,0.5874,0.5865,0.5851,0.5833,0.5834,0.586,0.5865,0.5867,0.5888,0.5889,0.5899,0.5857,0.5873,0.586,0.5838,0.5846,0.5874,0.5877,0.5839,0.591,0.5899,0.5887,0.5909
3;2,0.1721,0.1715,0.1809,0.1826,0.1862,0.193,0.2006,0.214,0.2289,0.2475,0.2698,0.2949,0.3207,0.351,0.3831,0.4185,0.4552,0.4942,0.5331,0.5713,0.6033,0.6338,0.6545,0.6739,0.6867,0.6974,0.7037,0.7102,0.7141,0.725,0.7277,0.7337,0.7371,0.7428,0.7461,0.7512,0.7508,0.7562,0.7585,0.761,0.7565,0.7635,0.7658,0.7662,0.7705,0.7699,0.7686,0.7688,0.7715,0.7712,0.7699,0.7712,0.7725,0.772,0.777,0.7762,0.7753,0.7773,0.7755,0.7795,0.7775,0.776,0.7773,0.7722,0.7744,0.7778,0.7781,0.7781,0.7789,0.7792,0.7771,0.7816,0.7751,0.778,0.7816,0.7793,0.7786,0.7805,0.7817,0.7847,0.7789,0.7858,0.7869,0.7845,0.7859,0.7819,0.7838,0.7822,0.7808,0.7803,0.783,0.7791,0.7836,0.7847,0.7856,0.7883
,,,,,,,,,,,,,,,,,,,,,,,,,,,,,,,,,,,,,,,,,,,,,,,,,,,,,,,,,,,,,,,,,,,,,,,,,,,,,,,,,,,,,,,,,,,,,,,,
Cycles / Well,,,,,,,,,,,,,,,,,,,,,,,,,,,,,,,,,,,,,,,,,,,,,,,,,,,,,,,,,,,,,,,,,,,,,,,,,,,,,,,,,,,,,,,,,,,,,,,,
G3,1,2,3,4,5,6,7,8,9,10,11,12,13,14,15,16,17,18,19,20,21,22,23,24,25,26,27,28,29,30,31,32,33,34,35,36,37,38,39,40,41,42,43,44,45,46,47,48,49,50,51,52,53,54,55,56,57,58,59,60,61,62,63,64,65,66,67,68,69,70,71,72,73,74,75,76,77,78,79,80,81,82,83,84,85,86,87,88,89,90,91,92,93,94,95,96
Time [s],0,1799.821,3599.758,5399.669,7199.591,8999.513,10799.454,12599.368,14399.281,16199.217,17999.132,19799.048,21598.968,23398.907,25198.816,26998.729,28798.66,30598.612,32398.504,34198.422,35998.348,37798.293,39598.197,41398.12,43198.051,44997.975,46797.9,48597.816,50397.749,52197.631,53997.556,55797.465,57597.39,59397.304,61197.232,62997.141,64797.066,66596.996,68396.927,70196.835,71996.75,73796.684,75596.611,77396.528,79196.461,80996.395,82796.296,84596.214,86396.144,88196.085,89995.979,91795.899,93595.822,95395.741,97195.669,98995.594,100795.52,102595.43,104395.36,106195.269,107995.204,109795.106,111595.047,113394.962,115194.873,116994.792,118794.719,120594.63,122394.557,124194.487,125994.397,127794.312,129594.227,131394.143,133194.064,134993.983,136793.918,138593.83,140393.768,142193.687,143993.61,145793.539,147593.44,149393.349,151193.294,152993.201,154793.136,156593.059,158392.972,160192.914,161992.825,163792.732,165592.675,167392.569,169192.493,170992.414
Temp. [°C],19.6,29.9,29.9,30,30,30,30,29.9,30,30,30,30.1,30.1,30,30,30,30,30,30,30,30,30,30,30,30,30.1,30.1,30,30,30,30,30,30,30,30,30,30,30,30,30,30,30,30,30,30,30,30,30,30,30,30,30,30,30,30,30,30,30,30,29.9,30,30,30,30,30,30,30,30,30.1,30,30.1,30.1,30,30,30,30,30,29.9,30,30,30,30,30,30,30,30,30,30,30.1,30,30,30,30,30,30,30
Mean,0.13472,0.13116,0.14044,0.14874,0.1584,0.17012,0.18398,0.20104,0.223,0.2493,0.28062,0.3176,0.35814,0.40554,0.45694,0.51486,0.57512,0.64224,0.7126,0.78748,0.86114,0.93104,0.9856,1.03474,1.07086,1.10376,1.12912,1.15174,1.17076,1.19244,1.21128,1.22672,1.23754,1.24588,1.25106,1.2566,1.26044,1.26344,1.26656,1.26884,1.26984,1.27388,1.2748,1.27698,1.27924,1.2806,1.2807,1.28054,1.2825,1.28262,1.28264,1.2857,1.28618,1.28662,1.28646,1.28694,1.28464,1.28612,1.28646,1.28812,1.28546,1.28796,1.28858,1.28898,1.28926,1.29102,1.2898,1.29242,1.29266,1.29046,1.2911,1.293,1.29038,1.29302,1.29378,1.292,1.29146,1.29326,1.29406,1.29554,1.29418,1.29576,1.29612,1.2962,1.29436,1.29388,1.2948,1.29358,1.29246,1.29504,1.29426,1.29292,1.29574,1.29784,1.29736,1.30008
StDev,0.003538644,0.00369635,0.006762988,0.011430792,0.016773789,0.023565801,0.032913022,0.042944476,0.057119655,0.073527716,0.094140942,0.119276842,0.147527804,0.179177909,0.212832077,0.248336028,0.285439638,0.321502625,0.356391295,0.387795658,0.415866551,0.436935159,0.453398258,0.46403206,0.472493421,0.479246944,0.483636048,0.487697712,0.492356439,0.493269716,0.496013142,0.495621602,0.494622677,0.492296432,0.489658818,0.486273884,0.485088598,0.482015542,0.481133503,0.480619494,0.481507184,0.479513115,0.478761172,0.477853076,0.476318384,0.476193648,0.476861222,0.477026119,0.475545156,0.475463176,0.476221265,0.474714109,0.474293118,0.47423245,0.473397542,0.472933349,0.47468709,0.473634835,0.473803681,0.472405442,0.473197325,0.474188304,0.473330442,0.473434522,0.472959964,0.471306511,0.470934045,0.470022432,0.469244945,0.469865569,0.469728693,0.468755491,0.470422142,0.468358583,0.467583471,0.468178161,0.468031979,0.466127968,0.46581794,0.464783157,0.464803471,0.463217598,0.462618295,0.462328449,0.46233154,0.462411805,0.461570466,0.462279539,0.462865956,0.46096241,0.460781014,0.460950059,0.458801344,0.457048381,0.456599242,0.45512833
1;2,0.1327,0.1328,0.1473,0.1625,0.1794,0.2002,0.2273,0.2584,0.3004,0.3507,0.4123,0.4863,0.5685,0.6623,0.7626,0.8694,0.9806,1.0911,1.1981,1.2972,1.3824,1.4491,1.5013,1.5383,1.5687,1.5935,1.6148,1.635,1.6559,1.6742,1.6891,1.699,1.7042,1.7075,1.7088,1.7099,1.7134,1.7122,1.7133,1.7158,1.717,1.7175,1.7184,1.7188,1.7197,1.7197,1.7216,1.7208,1.7217,1.7215,1.7222,1.7221,1.7222,1.7229,1.722,1.7223,1.7236,1.723,1.7242,1.7237,1.722,1.7259,1.724,1.7257,1.7253,1.7245,1.7244,1.7248,1.7245,1.7244,1.7251,1.7249,1.7246,1.7246,1.725,1.7237,1.724,1.7224,1.7235,1.7239,1.7229,1.7231,1.7227,1.7224,1.7216,1.7216,1.7223,1.7221,1.7218,1.7217,1.7217,1.7213,1.721,1.721,1.7202,1.7211
2;1,0.1363,0.1351,0.1447,0.1531,0.1637,0.1766,0.1919,0.211,0.235,0.263,0.2979,0.337,0.3826,0.4331,0.4891,0.5529,0.6252,0.7045,0.7945,0.8914,0.9952,1.0896,1.1717,1.2367,1.2903,1.3313,1.3629,1.3904,1.4168,1.4377,1.4592,1.4763,1.4903,1.4984,1.5029,1.5067,1.51,1.5126,1.5146,1.5173,1.5207,1.5222,1.5238,1.5244,1.5256,1.5275,1.5285,1.5294,1.5296,1.5299,1.5312,1.5315,1.5312,1.5328,1.5322,1.5332,1.5331,1.5336,1.5342,1.5331,1.5332,1.5333,1.5337,1.5338,1.5338,1.5333,1.5335,1.5335,1.533,1.5342,1.5339,1.5331,1.5345,1.5335,1.5336,1.5332,1.5327,1.5333,1.5322,1.5318,1.5315,1.5302,1.5308,1.5306,1.5304,1.5301,1.5295,1.5313,1.5308,1.5305,1.5297,1.5302,1.53,1.5294,1.5289,1.5288
2;2,0.1337,0.1307,0.1425,0.1536,0.1659,0.1809,0.1982,0.2186,0.2459,0.2773,0.3134,0.3581,0.4047,0.4615,0.5225,0.5946,0.6643,0.7513,0.8422,0.9452,1.0484,1.154,1.2253,1.3001,1.3455,1.3962,1.4292,1.4583,1.4776,1.5044,1.5313,1.5497,1.5608,1.5689,1.5724,1.5771,1.579,1.5785,1.5835,1.5833,1.5841,1.5888,1.5868,1.591,1.5918,1.5938,1.5927,1.5923,1.5939,1.5943,1.5937,1.6006,1.6008,1.5999,1.5977,1.5973,1.5929,1.5957,1.5952,1.5986,1.594,1.5995,1.6012,1.6015,1.6012,1.6038,1.5992,1.6053,1.605,1.5981,1.5994,1.6035,1.5996,1.6044,1.6032,1.6011,1.5989,1.6012,1.6031,1.6047,1.6029,1.6039,1.6032,1.6043,1.5983,1.5986,1.599,1.5955,1.5939,1.5972,1.5964,1.592,1.5969,1.5994,1.5977,1.602
2;3,0.1309,0.1252,0.1302,0.1336,0.1377,0.1421,0.1463,0.1524,0.1603,0.1696,0.1792,0.191,0.2024,0.2166,0.2321,0.2501,0.2663,0.288,0.3096,0.3364,0.3622,0.3924,0.4123,0.437,0.4532,0.4728,0.4865,0.4996,0.5088,0.5247,0.5382,0.5509,0.5599,0.5686,0.5752,0.5851,0.5902,0.5933,0.5985,0.6001,0.6003,0.6043,0.605,0.6094,0.6126,0.6137,0.6134,0.6122,0.6164,0.6171,0.6154,0.6224,0.6225,0.6233,0.6215,0.6234,0.6192,0.6227,0.6229,0.6261,0.6222,0.6239,0.6253,0.6274,0.6272,0.6302,0.6296,0.6345,0.6356,0.6315,0.6327,0.6349,0.6326,0.6388,0.6382,0.6359,0.635,0.6387,0.6408,0.6427,0.643,0.6444,0.6448,0.6471,0.6425,0.6444,0.646,0.6439,0.6415,0.6452,0.6471,0.6443,0.6509,0.6543,0.6533,0.6584
3;2,0.14,0.132,0.1375,0.1409,0.1453,0.1508,0.1562,0.1648,0.1734,0.1859,0.2003,0.2156,0.2325,0.2542,0.2784,0.3073,0.3392,0.3763,0.4186,0.4672,0.5175,0.5701,0.6174,0.6616,0.6966,0.725,0.7522,0.7754,0.7947,0.8212,0.8386,0.8577,0.8725,0.886,0.896,0.9042,0.9096,0.9206,0.9229,0.9277,0.9271,0.9366,0.94,0.9413,0.9465,0.9483,0.9473,0.948,0.9509,0.9503,0.9507,0.9519,0.9542,0.9542,0.9589,0.9585,0.9544,0.9556,0.9558,0.9591,0.9559,0.9572,0.9587,0.9565,0.9588,0.9633,0.9623,0.964,0.9652,0.9641,0.9644,0.9686,0.9606,0.9638,0.9689,0.9661,0.9667,0.9707,0.9707,0.9746,0.9706,0.9772,0.9791,0.9766,0.979,0.9747,0.9772,0.9751,0.9743,0.9806,0.9764,0.9768,0.9799,0.9851,0.9867,0.9901
,,,,,,,,,,,,,,,,,,,,,,,,,,,,,,,,,,,,,,,,,,,,,,,,,,,,,,,,,,,,,,,,,,,,,,,,,,,,,,,,,,,,,,,,,,,,,,,,
Cycles / Well,,,,,,,,,,,,,,,,,,,,,,,,,,,,,,,,,,,,,,,,,,,,,,,,,,,,,,,,,,,,,,,,,,,,,,,,,,,,,,,,,,,,,,,,,,,,,,,,
G4,1,2,3,4,5,6,7,8,9,10,11,12,13,14,15,16,17,18,19,20,21,22,23,24,25,26,27,28,29,30,31,32,33,34,35,36,37,38,39,40,41,42,43,44,45,46,47,48,49,50,51,52,53,54,55,56,57,58,59,60,61,62,63,64,65,66,67,68,69,70,71,72,73,74,75,76,77,78,79,80,81,82,83,84,85,86,87,88,89,90,91,92,93,94,95,96
Time [s],0,1799.821,3599.758,5399.669,7199.591,8999.513,10799.454,12599.368,14399.281,16199.217,17999.132,19799.048,21598.968,23398.907,25198.816,26998.729,28798.66,30598.612,32398.504,34198.422,35998.348,37798.293,39598.197,41398.12,43198.051,44997.975,46797.9,48597.816,50397.749,52197.631,53997.556,55797.465,57597.39,59397.304,61197.232,62997.141,64797.066,66596.996,68396.927,70196.835,71996.75,73796.684,75596.611,77396.528,79196.461,80996.395,82796.296,84596.214,86396.144,88196.085,89995.979,91795.899,93595.822,95395.741,97195.669,98995.594,100795.52,102595.43,104395.36,106195.269,107995.204,109795.106,111595.047,113394.962,115194.873,116994.792,118794.719,120594.63,122394.557,124194.487,125994.397,127794.312,129594.227,131394.143,133194.064,134993.983,136793.918,138593.83,140393.768,142193.687,143993.61,145793.539,147593.44,149393.349,151193.294,152993.201,154793.136,156593.059,158392.972,160192.914,161992.825,163792.732,165592.675,167392.569,169192.493,170992.414
Temp. [°C],19.6,29.9,29.9,30,30,30,30,29.9,30,30,30,30.1,30.1,30,30,30,30,30,30,30,30,30,30,30,30,30.1,30.1,30,30,30,30,30,30,30,30,30,30,30,30,30,30,30,30,30,30,30,30,30,30,30,30,30,30,30,30,30,30,30,30,29.9,30,30,30,30,30,30,30,30,30.1,30,30.1,30.1,30,30,30,30,30,29.9,30,30,30,30,30,30,30,30,30,30,30.1,30,30,30,30,30,30,30
Mean,0.15894,0.1602,0.17954,0.19072,0.2003,0.21248,0.226,0.24436,0.26816,0.29742,0.33338,0.37582,0.42622,0.48254,0.54554,0.61402,0.68792,0.76604,0.84704,0.9286,1.00652,1.07656,1.1351,1.18358,1.2212,1.25408,1.27996,1.30318,1.3211,1.34186,1.35808,1.37336,1.385,1.39342,1.39848,1.40366,1.40592,1.40798,1.4106,1.41302,1.414,1.41616,1.41638,1.4179,1.41948,1.42056,1.42164,1.42222,1.4233,1.42438,1.42462,1.4256,1.42586,1.42644,1.4259,1.42718,1.42548,1.42614,1.4259,1.42706,1.42494,1.42652,1.42678,1.42696,1.42628,1.42716,1.42628,1.4264,1.42676,1.42536,1.42536,1.4258,1.42464,1.42554,1.42456,1.424,1.4232,1.42392,1.42334,1.4234,1.42246,1.42276,1.42218,1.42122,1.42056,1.41944,1.41946,1.4182,1.41806,1.41774,1.4172,1.41532,1.4163,1.4167,1.41574,1.4168
StDev,0.004559386,0.00498598,0.008161679,0.014207991,0.018041203,0.02156518,0.02614412,0.031485679,0.038138668,0.047768264,0.059520265,0.073145998,0.089827318,0.10769941,0.127623207,0.148334662,0.170408412,0.191748737,0.213161049,0.230565251,0.245350702,0.252212595,0.257867098,0.256660928,0.256753393,0.253996657,0.253872306,0.254157455,0.253988563,0.252468331,0.253865726,0.252526648,0.254527425,0.252034635,0.252685441,0.250039483,0.250764146,0.251312021,0.249932231,0.250269838,0.251674641,0.250475883,0.253238765,0.251727343,0.251520689,0.252158309,0.253043283,0.253526788,0.253925491,0.253459202,0.254373076,0.253223952,0.253627134,0.253985143,0.255659705,0.254283792,0.258157107,0.257248922,0.257870588,0.255808303,0.257009869,0.256607895,0.256110498,0.256846108,0.256812669,0.255652504,0.257273205,0.256241634,0.255671162,0.257578712,0.257776159,0.256557869,0.258262866,0.25655995,0.256113028,0.257979224,0.258503269,0.257516023,0.257975383,0.256776936,0.257899967,0.257326753,0.25745534,0.257519654,0.258197188,0.258190255,0.258851933,0.26027425,0.260833899,0.259150744,0.259435011,0.261256602,0.25930242,0.257761333,0.257742901,0.256495633
1;2,0.1564,0.159,0.1891,0.209,0.2233,0.2398,0.2595,0.2847,0.3169,0.3587,0.4096,0.4687,0.5392,0.6166,0.702,0.7933,0.8906,0.9897,1.091,1.1848,1.2707,1.3395,1.3955,1.4359,1.4701,1.4967,1.5196,1.5413,1.5567,1.5746,1.5906,1.6049,1.6151,1.6205,1.6256,1.6277,1.6296,1.6318,1.6337,1.6369,1.6386,1.6394,1.6407,1.6422,1.643,1.6445,1.6463,1.6477,1.6485,1.6483,1.6502,1.6503,1.6505,1.6519,1.652,1.6526,1.6533,1.653,1.653,1.6536,1.6528,1.6534,1.6533,1.655,1.6541,1.6542,1.6547,1.6538,1.654,1.6537,1.6541,1.6535,1.6542,1.6535,1.651,1.6529,1.6522,1.6525,1.6523,1.6523,1.6513,1.6514,1.6506,1.6504,1.6492,1.6496,1.6505,1.6501,1.6509,1.6497,1.6489,1.6486,1.6481,1.647,1.6464,1.6467
2;1,0.1608,0.162,0.1803,0.19,0.199,0.2102,0.2224,0.2395,0.2609,0.2864,0.3189,0.3583,0.4063,0.4601,0.5201,0.5883,0.6622,0.7413,0.826,0.9099,0.9962,1.0725,1.1419,1.1943,1.2363,1.27,1.2978,1.3228,1.3424,1.3632,1.3793,1.3941,1.4087,1.4173,1.4226,1.4268,1.4319,1.433,1.4349,1.4372,1.4404,1.4415,1.4447,1.4441,1.4448,1.4458,1.4488,1.4496,1.451,1.4519,1.4528,1.4533,1.4534,1.4548,1.4553,1.4557,1.4559,1.4564,1.4572,1.456,1.4549,1.4566,1.4562,1.4569,1.4558,1.4555,1.4557,1.4555,1.4553,1.4554,1.4559,1.4555,1.4549,1.4539,1.4539,1.4549,1.4545,1.4535,1.4536,1.4531,1.4536,1.4521,1.4516,1.4507,1.4504,1.4498,1.4496,1.4494,1.4496,1.4477,1.448,1.4476,1.4473,1.4465,1.4455,1.4452
2;2,0.155,0.1574,0.1829,0.1991,0.2123,0.2275,0.2444,0.2669,0.2964,0.3333,0.3786,0.4319,0.4955,0.5661,0.6461,0.7309,0.8225,0.9187,1.0166,1.1152,1.2056,1.2834,1.3439,1.3931,1.4282,1.4605,1.486,1.5086,1.5266,1.5473,1.5644,1.5786,1.5913,1.5967,1.6012,1.6057,1.6077,1.6101,1.6115,1.6136,1.6153,1.6173,1.6187,1.6202,1.6213,1.623,1.6246,1.6248,1.6266,1.6273,1.6276,1.6283,1.6291,1.6297,1.6295,1.6302,1.6301,1.6305,1.6304,1.6307,1.6286,1.6306,1.6305,1.6314,1.6308,1.6312,1.6305,1.6314,1.631,1.6303,1.6298,1.6299,1.6301,1.6311,1.6298,1.6289,1.6283,1.6291,1.6294,1.6276,1.6279,1.6281,1.6274,1.6262,1.6266,1.6246,1.6251,1.6246,1.6245,1.6235,1.6232,1.6214,1.6216,1.6216,1.6204,1.6215
2;3,0.1564,0.1548,0.1668,0.172,0.178,0.1861,0.195,0.2075,0.2243,0.2431,0.266,0.2916,0.3212,0.3542,0.3904,0.4289,0.4698,0.515,0.5613,0.6119,0.6603,0.7132,0.7535,0.7987,0.8312,0.8663,0.8898,0.9106,0.9272,0.95,0.9624,0.9799,0.9858,0.9968,0.9996,1.0093,1.0096,1.0102,1.0152,1.017,1.0155,1.0197,1.0143,1.0197,1.0207,1.0207,1.0206,1.0202,1.0205,1.0216,1.0207,1.024,1.0234,1.0238,1.0194,1.0235,1.0141,1.0164,1.0149,1.0204,1.0161,1.0184,1.0194,1.0193,1.0185,1.0215,1.0174,1.0202,1.0214,1.0162,1.0157,1.0184,1.0149,1.0191,1.0182,1.0143,1.0123,1.0152,1.0144,1.0164,1.0134,1.0147,1.0135,1.0128,1.0106,1.0102,1.0093,1.0054,1.0045,1.0075,1.0063,1.0008,1.0054,1.0085,1.0077,1.0115
3;2,0.1661,0.1678,0.1786,0.1835,0.1889,0.1988,0.2087,0.2232,0.2423,0.2656,0.2938,0.3286,0.3689,0.4157,0.4691,0.5287,0.5945,0.6655,0.7403,0.8212,0.8998,0.9742,1.0407,1.0959,1.1402,1.1769,1.2066,1.2326,1.2526,1.2742,1.2937,1.3093,1.3241,1.3358,1.3434,1.3488,1.3508,1.3548,1.3577,1.3604,1.3602,1.3629,1.3635,1.3633,1.3676,1.3688,1.3679,1.3688,1.3699,1.3728,1.3718,1.3721,1.3729,1.372,1.3733,1.3739,1.374,1.3744,1.374,1.3746,1.3723,1.3736,1.3745,1.3722,1.3722,1.3734,1.3731,1.3711,1.3721,1.3712,1.3713,1.3717,1.3691,1.3701,1.3699,1.369,1.3687,1.3693,1.367,1.3676,1.3661,1.3675,1.3678,1.366,1.366,1.363,1.3628,1.3615,1.3608,1.3603,1.3596,1.3582,1.3591,1.3599,1.3587,1.3591
,,,,,,,,,,,,,,,,,,,,,,,,,,,,,,,,,,,,,,,,,,,,,,,,,,,,,,,,,,,,,,,,,,,,,,,,,,,,,,,,,,,,,,,,,,,,,,,,
Cycles / Well,,,,,,,,,,,,,,,,,,,,,,,,,,,,,,,,,,,,,,,,,,,,,,,,,,,,,,,,,,,,,,,,,,,,,,,,,,,,,,,,,,,,,,,,,,,,,,,,
G5,1,2,3,4,5,6,7,8,9,10,11,12,13,14,15,16,17,18,19,20,21,22,23,24,25,26,27,28,29,30,31,32,33,34,35,36,37,38,39,40,41,42,43,44,45,46,47,48,49,50,51,52,53,54,55,56,57,58,59,60,61,62,63,64,65,66,67,68,69,70,71,72,73,74,75,76,77,78,79,80,81,82,83,84,85,86,87,88,89,90,91,92,93,94,95,96
Time [s],0,1799.821,3599.758,5399.669,7199.591,8999.513,10799.454,12599.368,14399.281,16199.217,17999.132,19799.048,21598.968,23398.907,25198.816,26998.729,28798.66,30598.612,32398.504,34198.422,35998.348,37798.293,39598.197,41398.12,43198.051,44997.975,46797.9,48597.816,50397.749,52197.631,53997.556,55797.465,57597.39,59397.304,61197.232,62997.141,64797.066,66596.996,68396.927,70196.835,71996.75,73796.684,75596.611,77396.528,79196.461,80996.395,82796.296,84596.214,86396.144,88196.085,89995.979,91795.899,93595.822,95395.741,97195.669,98995.594,100795.52,102595.43,104395.36,106195.269,107995.204,109795.106,111595.047,113394.962,115194.873,116994.792,118794.719,120594.63,122394.557,124194.487,125994.397,127794.312,129594.227,131394.143,133194.064,134993.983,136793.918,138593.83,140393.768,142193.687,143993.61,145793.539,147593.44,149393.349,151193.294,152993.201,154793.136,156593.059,158392.972,160192.914,161992.825,163792.732,165592.675,167392.569,169192.493,170992.414
Temp. [°C],19.6,29.9,29.9,30,30,30,30,29.9,30,30,30,30.1,30.1,30,30,30,30,30,30,30,30,30,30,30,30,30.1,30.1,30,30,30,30,30,30,30,30,30,30,30,30,30,30,30,30,30,30,30,30,30,30,30,30,30,30,30,30,30,30,30,30,29.9,30,30,30,30,30,30,30,30,30.1,30,30.1,30.1,30,30,30,30,30,29.9,30,30,30,30,30,30,30,30,30,30,30.1,30,30,30,30,30,30,30
Mean,0.1454,0.13628,0.1459,0.15328,0.16316,0.17558,0.19216,0.21362,0.23974,0.27202,0.31112,0.35568,0.4062,0.46304,0.52326,0.58826,0.65478,0.72696,0.80044,0.8754,0.9437,1.00644,1.06054,1.11326,1.15742,1.20388,1.25028,1.30368,1.35396,1.39636,1.4285,1.45362,1.47222,1.48556,1.49382,1.50054,1.50534,1.5092,1.5126,1.5153,1.51776,1.51978,1.52176,1.52388,1.5264,1.52824,1.52932,1.53032,1.53202,1.53314,1.53406,1.53524,1.53644,1.5369,1.53784,1.5385,1.53898,1.54024,1.54042,1.54118,1.5404,1.54172,1.54308,1.54432,1.54436,1.54504,1.54508,1.54628,1.54676,1.54728,1.54808,1.54934,1.54958,1.54994,1.55016,1.55128,1.5511,1.55226,1.55254,1.55438,1.55396,1.55518,1.5557,1.55576,1.55652,1.55692,1.55788,1.55824,1.55868,1.55914,1.55994,1.56004,1.5611,1.56156,1.56238,1.56326
StDev,0.003929377,0.002833196,0.002965637,0.0053821,0.008774566,0.013094541,0.019406777,0.02709487,0.038433618,0.052644249,0.071144304,0.094146519,0.121931005,0.152512616,0.185089459,0.219567753,0.255275571,0.291143913,0.325564169,0.352317847,0.371814867,0.382424735,0.383335301,0.375849469,0.36194504,0.339683797,0.31114456,0.270551191,0.231202753,0.200366946,0.180365005,0.163547079,0.148456701,0.136256644,0.127788055,0.121604186,0.117636423,0.114381751,0.111374369,0.10931864,0.107529638,0.105492379,0.103536337,0.101839663,0.100018573,0.098961144,0.097714569,0.096457307,0.095105242,0.094536702,0.093162428,0.092516663,0.091163523,0.090954879,0.089635166,0.089495251,0.088738644,0.088559376,0.087590393,0.086777053,0.086537651,0.086080701,0.085667946,0.084698743,0.084107895,0.083621397,0.083241979,0.082660765,0.082431505,0.081620598,0.081159085,0.080430765,0.081060699,0.079858894,0.078816578,0.078873202,0.078918851,0.07834962,0.078341707,0.077369613,0.077189786,0.07629808,0.075912614,0.075764952,0.075672432,0.075103975,0.074613752,0.074189271,0.074299643,0.073255123,0.073260003,0.073449833,0.072786949,0.072243844,0.072129689,0.071884059
1;2,0.1436,0.1349,0.1476,0.1585,0.1716,0.1885,0.2118,0.2415,0.2806,0.3296,0.3917,0.4648,0.5501,0.6448,0.7444,0.8506,0.9593,1.0685,1.1738,1.2662,1.3402,1.3987,1.4427,1.4756,1.5014,1.5217,1.5419,1.5591,1.5764,1.5932,1.6081,1.6171,1.6213,1.6239,1.6254,1.6264,1.6272,1.6293,1.6301,1.6307,1.6316,1.6318,1.6318,1.6317,1.6323,1.6335,1.6335,1.6331,1.6337,1.6342,1.6332,1.634,1.6345,1.6341,1.6341,1.6344,1.6344,1.635,1.6344,1.6338,1.634,1.6344,1.6352,1.6354,1.6347,1.6351,1.6345,1.6349,1.6356,1.6353,1.6356,1.6357,1.6367,1.6359,1.6346,1.6367,1.6357,1.637,1.6366,1.638,1.6371,1.6372,1.6372,1.6373,1.6377,1.6377,1.6379,1.6384,1.639,1.6381,1.6383,1.6393,1.6394,1.6391,1.6398,1.6404
2;1,0.1484,0.1388,0.1496,0.1585,0.1713,0.1866,0.207,0.2328,0.263,0.301,0.3455,0.3977,0.4581,0.5281,0.6037,0.686,0.7757,0.8736,0.976,1.0764,1.165,1.2413,1.3028,1.35,1.3862,1.4151,1.4405,1.4644,1.4849,1.5045,1.5215,1.5369,1.5465,1.552,1.5547,1.557,1.5593,1.5618,1.5633,1.5652,1.5658,1.5672,1.5688,1.5704,1.5714,1.5726,1.5728,1.5733,1.5749,1.5756,1.5759,1.5756,1.5764,1.5774,1.5776,1.578,1.5781,1.5791,1.5789,1.5796,1.5782,1.5797,1.5804,1.5804,1.5809,1.5812,1.581,1.5825,1.5823,1.5827,1.5834,1.584,1.585,1.5838,1.5847,1.5849,1.5855,1.5857,1.5861,1.5894,1.5868,1.5877,1.5894,1.5886,1.5895,1.5886,1.5895,1.5904,1.5907,1.5898,1.5914,1.5915,1.5918,1.5928,1.5933,1.5931
2;2,0.1412,0.1334,0.1443,0.1536,0.1648,0.1793,0.199,0.2244,0.2575,0.2971,0.3457,0.401,0.4633,0.5315,0.6042,0.682,0.7575,0.8441,0.9328,1.0269,1.1169,1.1983,1.261,1.3265,1.3688,1.4122,1.4442,1.4747,1.5014,1.5244,1.5449,1.5593,1.5685,1.5736,1.5754,1.5786,1.5812,1.581,1.5822,1.5833,1.5852,1.5852,1.5855,1.5868,1.5888,1.5895,1.5898,1.5901,1.59,1.591,1.5916,1.593,1.5923,1.5928,1.5926,1.5936,1.5933,1.5951,1.5943,1.5949,1.5929,1.5942,1.5958,1.5971,1.5963,1.5965,1.5968,1.5973,1.5976,1.5973,1.5978,1.5994,1.5995,1.5998,1.5989,1.5997,1.6,1.6005,1.6015,1.6003,1.602,1.6029,1.6021,1.6025,1.6034,1.6041,1.6049,1.6036,1.6042,1.6051,1.606,1.6054,1.6068,1.6064,1.6074,1.609
2;3,0.1432,0.1345,0.1419,0.1466,0.1531,0.161,0.1717,0.1858,0.2027,0.2221,0.2462,0.2721,0.3001,0.3317,0.3632,0.3981,0.4312,0.4689,0.5054,0.5495,0.5927,0.6405,0.6845,0.7411,0.7902,0.8535,0.919,1.0032,1.0988,1.1798,1.2364,1.2826,1.3179,1.3458,1.3637,1.3784,1.3886,1.3939,1.4015,1.4075,1.4115,1.4162,1.4189,1.4235,1.4279,1.4311,1.4333,1.4349,1.4388,1.4398,1.4426,1.4451,1.4471,1.4484,1.4493,1.4503,1.4508,1.4534,1.4547,1.4563,1.4555,1.4566,1.4593,1.4622,1.4625,1.4639,1.4629,1.4654,1.4658,1.4676,1.4681,1.47,1.4695,1.4719,1.4728,1.4743,1.4737,1.4754,1.4758,1.4783,1.4784,1.4795,1.4805,1.4811,1.4816,1.4828,1.4844,1.4852,1.4858,1.4875,1.4878,1.4879,1.4894,1.491,1.4918,1.493
3;2,0.1506,0.1398,0.1461,0.1492,0.155,0.1625,0.1713,0.1836,0.1949,0.2103,0.2265,0.2428,0.2594,0.2791,0.3008,0.3246,0.3502,0.3797,0.4142,0.458,0.5037,0.5534,0.6117,0.6731,0.7405,0.8169,0.9058,1.017,1.1083,1.1799,1.2316,1.2722,1.3069,1.3325,1.3499,1.3623,1.3704,1.38,1.3859,1.3898,1.3947,1.3985,1.4038,1.407,1.4116,1.4145,1.4172,1.4202,1.4227,1.4251,1.427,1.4285,1.4319,1.4318,1.4356,1.4362,1.4383,1.4386,1.4398,1.4413,1.4414,1.4437,1.4447,1.4465,1.4474,1.4485,1.4502,1.4513,1.4525,1.4535,1.4555,1.4576,1.4572,1.4583,1.4598,1.4608,1.4606,1.4627,1.4627,1.4659,1.4655,1.4686,1.4693,1.4693,1.4704,1.4714,1.4727,1.4736,1.4737,1.4752,1.4762,1.4761,1.4781,1.4785,1.4796,1.4808
,,,,,,,,,,,,,,,,,,,,,,,,,,,,,,,,,,,,,,,,,,,,,,,,,,,,,,,,,,,,,,,,,,,,,,,,,,,,,,,,,,,,,,,,,,,,,,,,
Cycles / Well,,,,,,,,,,,,,,,,,,,,,,,,,,,,,,,,,,,,,,,,,,,,,,,,,,,,,,,,,,,,,,,,,,,,,,,,,,,,,,,,,,,,,,,,,,,,,,,,
G6,1,2,3,4,5,6,7,8,9,10,11,12,13,14,15,16,17,18,19,20,21,22,23,24,25,26,27,28,29,30,31,32,33,34,35,36,37,38,39,40,41,42,43,44,45,46,47,48,49,50,51,52,53,54,55,56,57,58,59,60,61,62,63,64,65,66,67,68,69,70,71,72,73,74,75,76,77,78,79,80,81,82,83,84,85,86,87,88,89,90,91,92,93,94,95,96
Time [s],0,1799.821,3599.758,5399.669,7199.591,8999.513,10799.454,12599.368,14399.281,16199.217,17999.132,19799.048,21598.968,23398.907,25198.816,26998.729,28798.66,30598.612,32398.504,34198.422,35998.348,37798.293,39598.197,41398.12,43198.051,44997.975,46797.9,48597.816,50397.749,52197.631,53997.556,55797.465,57597.39,59397.304,61197.232,62997.141,64797.066,66596.996,68396.927,70196.835,71996.75,73796.684,75596.611,77396.528,79196.461,80996.395,82796.296,84596.214,86396.144,88196.085,89995.979,91795.899,93595.822,95395.741,97195.669,98995.594,100795.52,102595.43,104395.36,106195.269,107995.204,109795.106,111595.047,113394.962,115194.873,116994.792,118794.719,120594.63,122394.557,124194.487,125994.397,127794.312,129594.227,131394.143,133194.064,134993.983,136793.918,138593.83,140393.768,142193.687,143993.61,145793.539,147593.44,149393.349,151193.294,152993.201,154793.136,156593.059,158392.972,160192.914,161992.825,163792.732,165592.675,167392.569,169192.493,170992.414
Temp. [°C],19.6,29.9,29.9,30,30,30,30,29.9,30,30,30,30.1,30.1,30,30,30,30,30,30,30,30,30,30,30,30,30.1,30.1,30,30,30,30,30,30,30,30,30,30,30,30,30,30,30,30,30,30,30,30,30,30,30,30,30,30,30,30,30,30,30,30,29.9,30,30,30,30,30,30,30,30,30.1,30,30.1,30.1,30,30,30,30,30,29.9,30,30,30,30,30,30,30,30,30,30,30.1,30,30,30,30,30,30,30
Mean,0.1716,0.17078,0.1905,0.2055,0.22498,0.24916,0.28184,0.32374,0.3771,0.44172,0.51558,0.59722,0.6876,0.78602,0.89018,0.99562,1.0906,1.17332,1.23948,1.293,1.3341,1.36826,1.39772,1.42548,1.44916,1.47132,1.49054,1.50582,1.51692,1.52536,1.53092,1.53472,1.53822,1.54136,1.54414,1.54626,1.54864,1.55082,1.55294,1.55466,1.55652,1.5582,1.5597,1.56058,1.5624,1.56366,1.56466,1.56544,1.5666,1.56792,1.5687,1.56994,1.5709,1.57162,1.57226,1.57334,1.57356,1.57464,1.57572,1.57648,1.5754,1.57746,1.57796,1.57968,1.5798,1.5801,1.58108,1.58172,1.5825,1.58356,1.58412,1.5849,1.58562,1.58606,1.58654,1.58768,1.58796,1.5886,1.5896,1.59028,1.59048,1.5918,1.5927,1.59288,1.59374,1.5945,1.59574,1.59598,1.59622,1.59704,1.5979,1.59798,1.59888,1.59938,1.6,1.60106
StDev,0.005133712,0.006818504,0.010396394,0.015897012,0.022396696,0.031825194,0.044735031,0.061555284,0.085494006,0.113724918,0.146001342,0.180757606,0.216369926,0.243653908,0.26187526,0.260209833,0.244684716,0.218028225,0.189592977,0.16370394,0.142883222,0.125504833,0.113672983,0.103439316,0.096233923,0.089879069,0.084920392,0.079553768,0.075445026,0.071468406,0.06830642,0.065921901,0.064683978,0.06282088,0.062240445,0.060604975,0.059630009,0.059485225,0.057813649,0.057386261,0.056747749,0.056150601,0.055829965,0.0548905,0.054012637,0.053772419,0.05385604,0.052820148,0.052368216,0.052248273,0.051967201,0.05110135,0.05086197,0.050805728,0.050410247,0.050190069,0.050104271,0.049693491,0.049496333,0.048887084,0.048642214,0.048267152,0.047765448,0.047647844,0.047658525,0.046639307,0.047232531,0.046651924,0.046076621,0.046269299,0.045613507,0.045482854,0.045236622,0.044901481,0.045304117,0.044809229,0.044480254,0.04460185,0.043726022,0.042743327,0.043189258,0.043101044,0.042717853,0.042316155,0.04253361,0.042006726,0.042246219,0.042234547,0.042218681,0.042246515,0.041531494,0.041440765,0.041536815,0.040478105,0.040686976,0.04030103
1;2,0.17,0.1699,0.1991,0.2212,0.2479,0.283,0.3298,0.3911,0.4724,0.5681,0.6765,0.7914,0.9122,1.0295,1.1399,1.2332,1.3035,1.3582,1.3974,1.4293,1.4533,1.4737,1.494,1.5118,1.5305,1.5468,1.5609,1.5719,1.5785,1.5822,1.5854,1.587,1.5891,1.5906,1.5929,1.5924,1.5941,1.5958,1.5976,1.5976,1.599,1.5998,1.6008,1.6011,1.6018,1.6027,1.6035,1.6033,1.6034,1.6053,1.605,1.6061,1.6065,1.6074,1.6074,1.6079,1.6077,1.6086,1.609,1.609,1.6087,1.6102,1.6099,1.6112,1.6115,1.6111,1.6124,1.6126,1.6128,1.6134,1.6137,1.6138,1.6147,1.6147,1.6137,1.6164,1.6159,1.6162,1.617,1.6181,1.6171,1.6181,1.6196,1.6192,1.6193,1.6197,1.6209,1.6209,1.6213,1.6222,1.6225,1.6219,1.6232,1.6231,1.6233,1.6241
2;1,0.1755,0.1779,0.1984,0.2149,0.2368,0.2621,0.2982,0.3427,0.3983,0.4698,0.553,0.6504,0.7586,0.874,0.9959,1.1077,1.2009,1.2705,1.3232,1.3629,1.3948,1.4207,1.4458,1.4694,1.4893,1.5093,1.5274,1.54,1.5492,1.5567,1.5596,1.5628,1.5659,1.5686,1.5716,1.5728,1.5757,1.5772,1.5787,1.58,1.5821,1.5835,1.5843,1.5856,1.5859,1.5874,1.5892,1.5893,1.5909,1.5908,1.5928,1.5929,1.5929,1.5942,1.5955,1.5954,1.5957,1.5962,1.5978,1.5985,1.5965,1.5997,1.5993,1.6008,1.6014,1.6012,1.6015,1.6019,1.6031,1.6042,1.6048,1.6053,1.6063,1.6054,1.6074,1.6079,1.6076,1.6079,1.6085,1.6083,1.6099,1.6101,1.6105,1.6109,1.6127,1.6129,1.6144,1.6149,1.6155,1.6149,1.6152,1.6165,1.6164,1.6168,1.6179,1.6179
2;2,0.1671,0.1667,0.1921,0.212,0.236,0.2681,0.3102,0.3646,0.4366,0.5211,0.6178,0.7243,0.8424,0.9629,1.0805,1.1822,1.2619,1.324,1.3709,1.4084,1.4379,1.4612,1.4819,1.5046,1.5233,1.5416,1.5579,1.5696,1.5785,1.5846,1.5885,1.5902,1.5932,1.5943,1.5962,1.5983,1.5991,1.6014,1.6022,1.6043,1.6054,1.6067,1.6082,1.6079,1.6098,1.6112,1.6118,1.6119,1.6129,1.6143,1.6146,1.6153,1.6169,1.6169,1.6163,1.6187,1.6187,1.6198,1.6207,1.6208,1.6194,1.621,1.6218,1.624,1.6236,1.623,1.6249,1.6251,1.6247,1.6266,1.6263,1.6274,1.6275,1.6287,1.6301,1.629,1.6298,1.6313,1.6312,1.6301,1.6315,1.6336,1.6333,1.6336,1.6343,1.6349,1.6367,1.6364,1.6365,1.6383,1.6389,1.6382,1.6397,1.639,1.6399,1.6412
2;3,0.167,0.1621,0.1734,0.1815,0.1928,0.2058,0.2225,0.2443,0.2707,0.299,0.331,0.3658,0.4059,0.4613,0.5289,0.6197,0.7201,0.8341,0.9412,1.0355,1.1124,1.1756,1.2247,1.2696,1.3056,1.3385,1.3661,1.3902,1.4071,1.4213,1.4318,1.4389,1.4446,1.4498,1.4533,1.4577,1.4615,1.463,1.4694,1.4705,1.4736,1.4757,1.4771,1.4799,1.4824,1.4847,1.4853,1.4874,1.4893,1.4905,1.4916,1.4943,1.4955,1.4962,1.4965,1.4985,1.4983,1.5003,1.5016,1.5029,1.5024,1.5058,1.5069,1.5091,1.5091,1.5109,1.5105,1.5121,1.5132,1.5142,1.5159,1.5166,1.5179,1.519,1.519,1.52,1.5209,1.5216,1.5239,1.5256,1.5257,1.5271,1.528,1.5295,1.5293,1.531,1.5323,1.5318,1.5324,1.5333,1.5355,1.5352,1.5361,1.5383,1.5385,1.5402
3;2,0.1784,0.1773,0.1895,0.1979,0.2114,0.2268,0.2485,0.276,0.3075,0.3506,0.3996,0.4542,0.5189,0.6024,0.7057,0.8353,0.9666,1.0798,1.1647,1.2289,1.2721,1.3101,1.3422,1.372,1.3971,1.4204,1.4404,1.4574,1.4713,1.482,1.4893,1.4947,1.4983,1.5035,1.5067,1.5101,1.5128,1.5167,1.5168,1.5209,1.5225,1.5253,1.5281,1.5284,1.5321,1.5323,1.5335,1.5353,1.5365,1.5387,1.5395,1.5411,1.5427,1.5434,1.5456,1.5462,1.5474,1.5483,1.5495,1.5512,1.55,1.5506,1.5519,1.5533,1.5534,1.5543,1.5561,1.5569,1.5587,1.5594,1.5599,1.5614,1.5617,1.5625,1.5625,1.5651,1.5656,1.566,1.5674,1.5693,1.5682,1.5701,1.5721,1.5712,1.5731,1.574,1.5744,1.5759,1.5754,1.5765,1.5774,1.5781,1.579,1.5797,1.5804,1.5819
,,,,,,,,,,,,,,,,,,,,,,,,,,,,,,,,,,,,,,,,,,,,,,,,,,,,,,,,,,,,,,,,,,,,,,,,,,,,,,,,,,,,,,,,,,,,,,,,
Cycles / Well,,,,,,,,,,,,,,,,,,,,,,,,,,,,,,,,,,,,,,,,,,,,,,,,,,,,,,,,,,,,,,,,,,,,,,,,,,,,,,,,,,,,,,,,,,,,,,,,
G7,1,2,3,4,5,6,7,8,9,10,11,12,13,14,15,16,17,18,19,20,21,22,23,24,25,26,27,28,29,30,31,32,33,34,35,36,37,38,39,40,41,42,43,44,45,46,47,48,49,50,51,52,53,54,55,56,57,58,59,60,61,62,63,64,65,66,67,68,69,70,71,72,73,74,75,76,77,78,79,80,81,82,83,84,85,86,87,88,89,90,91,92,93,94,95,96
Time [s],0,1799.821,3599.758,5399.669,7199.591,8999.513,10799.454,12599.368,14399.281,16199.217,17999.132,19799.048,21598.968,23398.907,25198.816,26998.729,28798.66,30598.612,32398.504,34198.422,35998.348,37798.293,39598.197,41398.12,43198.051,44997.975,46797.9,48597.816,50397.749,52197.631,53997.556,55797.465,57597.39,59397.304,61197.232,62997.141,64797.066,66596.996,68396.927,70196.835,71996.75,73796.684,75596.611,77396.528,79196.461,80996.395,82796.296,84596.214,86396.144,88196.085,89995.979,91795.899,93595.822,95395.741,97195.669,98995.594,100795.52,102595.43,104395.36,106195.269,107995.204,109795.106,111595.047,113394.962,115194.873,116994.792,118794.719,120594.63,122394.557,124194.487,125994.397,127794.312,129594.227,131394.143,133194.064,134993.983,136793.918,138593.83,140393.768,142193.687,143993.61,145793.539,147593.44,149393.349,151193.294,152993.201,154793.136,156593.059,158392.972,160192.914,161992.825,163792.732,165592.675,167392.569,169192.493,170992.414
Temp. [°C],19.6,29.9,29.9,30,30,30,30,29.9,30,30,30,30.1,30.1,30,30,30,30,30,30,30,30,30,30,30,30,30.1,30.1,30,30,30,30,30,30,30,30,30,30,30,30,30,30,30,30,30,30,30,30,30,30,30,30,30,30,30,30,30,30,30,30,29.9,30,30,30,30,30,30,30,30,30.1,30,30.1,30.1,30,30,30,30,30,29.9,30,30,30,30,30,30,30,30,30,30,30.1,30,30,30,30,30,30,30
Mean,0.14512,0.13288,0.13918,0.14444,0.15092,0.15824,0.16564,0.17428,0.18332,0.19344,0.20474,0.21734,0.23182,0.24908,0.26894,0.29174,0.31742,0.34674,0.38,0.41812,0.45938,0.50512,0.55322,0.60982,0.66626,0.7345,0.79736,0.86122,0.91424,0.96174,0.9967,1.02618,1.04768,1.06616,1.08096,1.09694,1.1078,1.11504,1.1253,1.13068,1.13528,1.14062,1.14288,1.14738,1.15446,1.15976,1.16218,1.16784,1.17366,1.18082,1.18642,1.19408,1.19926,1.206,1.21036,1.21656,1.2198,1.22584,1.22866,1.2346,1.23638,1.24212,1.24728,1.25232,1.25494,1.26098,1.26266,1.267,1.26976,1.2717,1.2755,1.27904,1.28092,1.28556,1.28816,1.289,1.2911,1.29504,1.29802,1.3002,1.30238,1.30502,1.30694,1.3097,1.31036,1.31146,1.3147,1.31458,1.3171,1.32004,1.32202,1.32208,1.32574,1.32926,1.3312,1.33558
StDev,0.003302575,0.003888059,0.005037559,0.006803528,0.009301451,0.012316168,0.015748746,0.019905452,0.024711576,0.029774452,0.036195207,0.043925995,0.053502308,0.064695224,0.078295294,0.094376178,0.113260086,0.134887446,0.159935268,0.187074442,0.217318377,0.248420273,0.281403104,0.313749943,0.346075986,0.376304312,0.403068819,0.426474333,0.445250551,0.458891962,0.470888071,0.478828588,0.485956188,0.491610886,0.496894142,0.500138644,0.503718885,0.505255706,0.50590678,0.505993327,0.506625653,0.506162644,0.504232865,0.502543791,0.500236917,0.497840193,0.495128218,0.49172517,0.488336946,0.485134246,0.482200935,0.478468554,0.475771198,0.471916073,0.468663347,0.465862461,0.463463278,0.461574179,0.458819794,0.455880187,0.454309918,0.453548131,0.450673276,0.447998222,0.446654154,0.443604099,0.441653267,0.439388188,0.438063001,0.436395686,0.433650205,0.432152847,0.431470795,0.428442257,0.426343509,0.425784681,0.423895783,0.422062641,0.420023198,0.418394861,0.41647242,0.414765834,0.412774845,0.410919968,0.409588608,0.408439289,0.406378167,0.406094037,0.404909286,0.402666621,0.40051675,0.399982652,0.397788698,0.394349132,0.39295272,0.390679084
1;2,0.1442,0.1312,0.1399,0.1471,0.1564,0.1667,0.1776,0.19,0.2041,0.2197,0.2385,0.2605,0.2872,0.3193,0.3585,0.4035,0.4567,0.5178,0.5889,0.6679,0.7541,0.8441,0.9397,1.0369,1.1322,1.2229,1.2979,1.3627,1.4136,1.4533,1.4847,1.5076,1.5274,1.5439,1.5581,1.5698,1.5802,1.5891,1.592,1.5969,1.6003,1.6034,1.604,1.6044,1.6075,1.6095,1.611,1.6134,1.6154,1.6182,1.6202,1.6231,1.6257,1.6275,1.6306,1.6338,1.6349,1.6387,1.6383,1.6403,1.642,1.6455,1.6461,1.648,1.6505,1.6523,1.6538,1.6546,1.6562,1.6571,1.6582,1.6606,1.6626,1.6622,1.6641,1.6646,1.6647,1.6667,1.6666,1.668,1.6678,1.669,1.6699,1.6699,1.67,1.6711,1.6721,1.6722,1.673,1.6752,1.6732,1.6741,1.6752,1.6752,1.6766,1.678
2;1,0.1455,0.1373,0.146,0.1533,0.1619,0.1718,0.1817,0.1939,0.2062,0.2196,0.2341,0.2507,0.2695,0.2901,0.3128,0.3388,0.3685,0.4003,0.4368,0.4771,0.5216,0.5729,0.6298,0.6952,0.7707,0.8617,0.9624,1.0702,1.1562,1.2269,1.2815,1.3245,1.358,1.3858,1.411,1.4295,1.4455,1.4573,1.4678,1.4757,1.481,1.4854,1.4889,1.4916,1.4948,1.4976,1.5004,1.5029,1.5051,1.5083,1.5112,1.5142,1.5188,1.5222,1.5249,1.5272,1.5302,1.532,1.5354,1.538,1.5374,1.5432,1.5449,1.5473,1.5485,1.5512,1.5527,1.5542,1.5569,1.5579,1.5589,1.5611,1.5626,1.5638,1.5639,1.5668,1.5665,1.5686,1.5714,1.5716,1.5727,1.5732,1.5747,1.5757,1.5771,1.5769,1.5786,1.5802,1.5811,1.5808,1.5821,1.5825,1.584,1.5842,1.5846,1.5849
2;2,0.1422,0.1306,0.1382,0.1448,0.1526,0.1611,0.1702,0.1806,0.1921,0.2043,0.2189,0.2346,0.2527,0.2751,0.3003,0.3301,0.3611,0.3979,0.4373,0.4832,0.5331,0.5889,0.6438,0.7176,0.7842,0.8804,0.9616,1.0427,1.1138,1.1826,1.2318,1.2753,1.3034,1.328,1.3449,1.3714,1.3858,1.3894,1.41,1.4132,1.4199,1.4274,1.4253,1.4328,1.4429,1.4487,1.4456,1.4501,1.4561,1.4648,1.4702,1.4798,1.4819,1.4891,1.4883,1.4957,1.4959,1.5048,1.5042,1.5113,1.5115,1.518,1.5255,1.5306,1.5314,1.5387,1.5356,1.5422,1.5431,1.5434,1.5466,1.5494,1.5501,1.5574,1.5581,1.5558,1.558,1.562,1.5643,1.5654,1.5673,1.5693,1.568,1.5717,1.5685,1.5687,1.5714,1.5681,1.5716,1.5736,1.5759,1.5729,1.5768,1.5799,1.5804,1.5872
2;3,0.1431,0.1286,0.1319,0.1347,0.1381,0.1417,0.1449,0.1487,0.1529,0.1567,0.161,0.1656,0.1706,0.1765,0.1837,0.1908,0.1984,0.2075,0.2171,0.2296,0.2419,0.2571,0.2711,0.2925,0.3106,0.3383,0.3624,0.3865,0.4075,0.4295,0.4454,0.4617,0.4701,0.4783,0.4833,0.4939,0.4987,0.5019,0.5102,0.514,0.5169,0.5202,0.5229,0.53,0.5377,0.5439,0.5511,0.5594,0.5685,0.5783,0.5857,0.5989,0.6057,0.6181,0.6234,0.6338,0.6393,0.6487,0.6543,0.6636,0.6654,0.6719,0.6812,0.6892,0.6923,0.7021,0.7036,0.7128,0.7164,0.7207,0.727,0.7326,0.736,0.7458,0.7494,0.7503,0.7536,0.7606,0.7673,0.7706,0.7765,0.7791,0.7826,0.7887,0.7883,0.7926,0.7987,0.7969,0.8012,0.8074,0.812,0.8108,0.8178,0.826,0.8282,0.8359
3;2,0.1506,0.1367,0.1399,0.1423,0.1456,0.1499,0.1538,0.1582,0.1613,0.1669,0.1712,0.1753,0.1791,0.1844,0.1894,0.1955,0.2024,0.2102,0.2199,0.2328,0.2462,0.2626,0.2817,0.3069,0.3336,0.3692,0.4025,0.444,0.4801,0.5164,0.5401,0.5618,0.5795,0.5948,0.6075,0.6201,0.6288,0.6375,0.6465,0.6536,0.6583,0.6667,0.6733,0.6781,0.6894,0.6991,0.7028,0.7134,0.7232,0.7345,0.7448,0.7544,0.7642,0.7731,0.7846,0.7923,0.7987,0.805,0.8111,0.8198,0.8256,0.832,0.8387,0.8465,0.852,0.8606,0.8676,0.8712,0.8762,0.8794,0.8868,0.8915,0.8933,0.8986,0.9053,0.9075,0.9127,0.9173,0.9205,0.9254,0.9276,0.9345,0.9395,0.9425,0.9479,0.948,0.9527,0.9555,0.9586,0.9632,0.9669,0.9701,0.9749,0.981,0.9862,0.9919
,,,,,,,,,,,,,,,,,,,,,,,,,,,,,,,,,,,,,,,,,,,,,,,,,,,,,,,,,,,,,,,,,,,,,,,,,,,,,,,,,,,,,,,,,,,,,,,,
Cycles / Well,,,,,,,,,,,,,,,,,,,,,,,,,,,,,,,,,,,,,,,,,,,,,,,,,,,,,,,,,,,,,,,,,,,,,,,,,,,,,,,,,,,,,,,,,,,,,,,,
G8,1,2,3,4,5,6,7,8,9,10,11,12,13,14,15,16,17,18,19,20,21,22,23,24,25,26,27,28,29,30,31,32,33,34,35,36,37,38,39,40,41,42,43,44,45,46,47,48,49,50,51,52,53,54,55,56,57,58,59,60,61,62,63,64,65,66,67,68,69,70,71,72,73,74,75,76,77,78,79,80,81,82,83,84,85,86,87,88,89,90,91,92,93,94,95,96
Time [s],0,1799.821,3599.758,5399.669,7199.591,8999.513,10799.454,12599.368,14399.281,16199.217,17999.132,19799.048,21598.968,23398.907,25198.816,26998.729,28798.66,30598.612,32398.504,34198.422,35998.348,37798.293,39598.197,41398.12,43198.051,44997.975,46797.9,48597.816,50397.749,52197.631,53997.556,55797.465,57597.39,59397.304,61197.232,62997.141,64797.066,66596.996,68396.927,70196.835,71996.75,73796.684,75596.611,77396.528,79196.461,80996.395,82796.296,84596.214,86396.144,88196.085,89995.979,91795.899,93595.822,95395.741,97195.669,98995.594,100795.52,102595.43,104395.36,106195.269,107995.204,109795.106,111595.047,113394.962,115194.873,116994.792,118794.719,120594.63,122394.557,124194.487,125994.397,127794.312,129594.227,131394.143,133194.064,134993.983,136793.918,138593.83,140393.768,142193.687,143993.61,145793.539,147593.44,149393.349,151193.294,152993.201,154793.136,156593.059,158392.972,160192.914,161992.825,163792.732,165592.675,167392.569,169192.493,170992.414
Temp. [°C],19.6,29.9,29.9,30,30,30,30,29.9,30,30,30,30.1,30.1,30,30,30,30,30,30,30,30,30,30,30,30,30.1,30.1,30,30,30,30,30,30,30,30,30,30,30,30,30,30,30,30,30,30,30,30,30,30,30,30,30,30,30,30,30,30,30,30,29.9,30,30,30,30,30,30,30,30,30.1,30,30.1,30.1,30,30,30,30,30,29.9,30,30,30,30,30,30,30,30,30,30,30.1,30,30,30,30,30,30,30
Mean,0.16016,0.1582,0.17648,0.19062,0.20748,0.22938,0.25636,0.29134,0.33242,0.38304,0.44106,0.50514,0.57882,0.6583,0.74266,0.831,0.91642,0.99422,1.05958,1.1134,1.15088,1.17718,1.19652,1.21554,1.22774,1.2406,1.2505,1.25972,1.26762,1.2763,1.28184,1.29062,1.2972,1.30356,1.30884,1.3151,1.31848,1.32218,1.32818,1.3323,1.33498,1.33836,1.34074,1.34468,1.34878,1.3505,1.35188,1.35408,1.35652,1.35956,1.36166,1.36398,1.36514,1.36776,1.36826,1.36932,1.37096,1.37192,1.37326,1.37498,1.37514,1.37784,1.3791,1.38092,1.38112,1.38404,1.38434,1.38624,1.38682,1.38764,1.38938,1.39016,1.39042,1.3923,1.39288,1.39284,1.39362,1.39466,1.3955,1.39756,1.39796,1.39984,1.39968,1.4006,1.40024,1.40078,1.40234,1.40164,1.40296,1.40402,1.40486,1.40412,1.406,1.40752,1.40844,1.40992
StDev,0.005251,0.00493001,0.009289349,0.014417247,0.020093705,0.028642224,0.039852767,0.053052644,0.069734618,0.08888393,0.111850583,0.137783573,0.167356766,0.197078068,0.227774808,0.256079236,0.28077795,0.297427179,0.308978223,0.310048004,0.311944702,0.310384354,0.313235091,0.31071378,0.313754096,0.313451511,0.314645817,0.316088456,0.316621812,0.314378872,0.313525793,0.309962243,0.308892635,0.305401372,0.303479378,0.298682348,0.298308694,0.297147593,0.292039042,0.289840447,0.288500012,0.286504918,0.286008869,0.282693689,0.278803061,0.279055183,0.277861372,0.276796084,0.276474523,0.273323513,0.271791874,0.269311069,0.269199616,0.267134616,0.268109526,0.26660126,0.267450235,0.266072597,0.265805912,0.264352221,0.263778246,0.262830816,0.260791555,0.259596229,0.260882497,0.257383795,0.259678268,0.256389105,0.256950184,0.257171311,0.256599,0.256635701,0.257499897,0.254923243,0.254087322,0.256306668,0.256022942,0.254765702,0.254097078,0.253576306,0.251711666,0.251715172,0.252200648,0.25131521,0.253775162,0.252767664,0.251773595,0.253661927,0.253376731,0.252054581,0.250527589,0.252769909,0.251617805,0.249031608,0.249259018,0.247272758
1;2,0.1561,0.158,0.1853,0.2057,0.2287,0.2607,0.2999,0.3491,0.4091,0.48,0.5623,0.653,0.7567,0.8654,0.9773,1.0892,1.1914,1.2745,1.3394,1.3828,1.4159,1.4355,1.4527,1.4675,1.4807,1.4917,1.5002,1.5085,1.5157,1.5218,1.5265,1.5321,1.5367,1.5391,1.5425,1.5444,1.5466,1.5488,1.5518,1.5547,1.557,1.5584,1.5605,1.5617,1.563,1.5657,1.5655,1.5672,1.5689,1.5706,1.5719,1.5727,1.5733,1.5741,1.5762,1.5775,1.5775,1.5777,1.5789,1.58,1.5806,1.5819,1.5806,1.5827,1.5839,1.5845,1.5862,1.5852,1.5865,1.5871,1.5891,1.5892,1.5917,1.5912,1.5903,1.592,1.5922,1.5931,1.5929,1.5948,1.595,1.5971,1.5964,1.5953,1.5974,1.5979,1.5995,1.5993,1.6013,1.6011,1.6005,1.6014,1.6024,1.602,1.6031,1.6032
2;1,0.16,0.1614,0.1794,0.1932,0.2096,0.2295,0.2547,0.2871,0.3249,0.3726,0.4283,0.4933,0.5693,0.6496,0.7396,0.8361,0.9335,1.023,1.1035,1.1652,1.2072,1.2376,1.2633,1.281,1.2965,1.3093,1.3218,1.3327,1.3419,1.3481,1.354,1.3612,1.3685,1.3749,1.3799,1.3834,1.3868,1.3898,1.3934,1.396,1.4,1.4026,1.4047,1.4082,1.4094,1.4115,1.4139,1.4154,1.4175,1.4184,1.4186,1.4193,1.4229,1.4253,1.4252,1.424,1.4271,1.427,1.4282,1.4295,1.4275,1.4323,1.4319,1.4333,1.4332,1.4343,1.4357,1.4353,1.438,1.4387,1.4399,1.4411,1.4407,1.441,1.4419,1.4431,1.4439,1.4441,1.4456,1.4478,1.4469,1.4473,1.4482,1.4497,1.4495,1.4509,1.4499,1.4527,1.4534,1.4532,1.4537,1.4542,1.454,1.4571,1.4558,1.4561
2;2,0.1556,0.1565,0.1811,0.2007,0.2234,0.2533,0.2912,0.3394,0.3963,0.465,0.5444,0.6316,0.7309,0.8367,0.9472,1.0585,1.1625,1.2534,1.3232,1.3747,1.4106,1.4335,1.4515,1.4692,1.4822,1.4946,1.5045,1.5151,1.5227,1.529,1.5336,1.5392,1.5441,1.5469,1.5492,1.5529,1.5557,1.5576,1.5601,1.563,1.5645,1.5666,1.5684,1.5701,1.5725,1.574,1.5745,1.5758,1.5783,1.5794,1.5811,1.5827,1.582,1.584,1.5837,1.5841,1.5867,1.5876,1.5878,1.5879,1.5878,1.5893,1.5914,1.5915,1.5928,1.5933,1.5946,1.5954,1.5955,1.597,1.5984,1.5991,1.6,1.601,1.601,1.6015,1.6023,1.6028,1.6025,1.6041,1.604,1.6055,1.6056,1.6064,1.6073,1.6073,1.6083,1.6074,1.6083,1.6096,1.61,1.61,1.6112,1.6097,1.6117,1.6136
2;3,0.1604,0.1511,0.1611,0.1693,0.1796,0.1918,0.2058,0.2258,0.2488,0.2745,0.303,0.3321,0.3646,0.4007,0.4365,0.4774,0.5168,0.5587,0.5932,0.6333,0.6609,0.6848,0.695,0.7167,0.7225,0.7345,0.7408,0.7468,0.7529,0.7637,0.7705,0.7844,0.7917,0.8027,0.81,0.8241,0.8274,0.832,0.847,0.8551,0.8607,0.8672,0.8703,0.8799,0.8909,0.8925,0.8958,0.8998,0.9026,0.9115,0.9165,0.9237,0.9242,0.9308,0.929,0.9333,0.9326,0.9365,0.9377,0.9418,0.9431,0.9472,0.9525,0.9565,0.9545,0.9634,0.9593,0.967,0.9667,0.9672,0.9703,0.9706,0.9702,0.9766,0.9782,0.9739,0.9751,0.9789,0.9803,0.9834,0.9881,0.9895,0.9881,0.9902,0.9856,0.9887,0.992,0.9872,0.9893,0.993,0.9967,0.9917,0.9952,1.0009,1.0015,1.0075
3;2,0.1687,0.164,0.1755,0.1842,0.1961,0.2116,0.2302,0.2553,0.283,0.3231,0.3673,0.4157,0.4726,0.5391,0.6127,0.6938,0.7779,0.8615,0.9386,1.011,1.0598,1.0945,1.1201,1.1433,1.1568,1.1729,1.1852,1.1955,1.2049,1.2189,1.2246,1.2362,1.245,1.2542,1.2626,1.2707,1.2759,1.2827,1.2886,1.2927,1.2927,1.297,1.2998,1.3035,1.3081,1.3088,1.3097,1.3122,1.3153,1.3179,1.3202,1.3215,1.3233,1.3246,1.3272,1.3277,1.3309,1.3308,1.3337,1.3357,1.3367,1.3385,1.3391,1.3406,1.3412,1.3447,1.3459,1.3483,1.3474,1.3482,1.3492,1.3508,1.3495,1.3517,1.353,1.3537,1.3546,1.3544,1.3562,1.3577,1.3558,1.3598,1.3601,1.3614,1.3614,1.3591,1.362,1.3616,1.3625,1.3632,1.3634,1.3633,1.3672,1.3679,1.3701,1.3692
,,,,,,,,,,,,,,,,,,,,,,,,,,,,,,,,,,,,,,,,,,,,,,,,,,,,,,,,,,,,,,,,,,,,,,,,,,,,,,,,,,,,,,,,,,,,,,,,
Cycles / Well,,,,,,,,,,,,,,,,,,,,,,,,,,,,,,,,,,,,,,,,,,,,,,,,,,,,,,,,,,,,,,,,,,,,,,,,,,,,,,,,,,,,,,,,,,,,,,,,
G9,1,2,3,4,5,6,7,8,9,10,11,12,13,14,15,16,17,18,19,20,21,22,23,24,25,26,27,28,29,30,31,32,33,34,35,36,37,38,39,40,41,42,43,44,45,46,47,48,49,50,51,52,53,54,55,56,57,58,59,60,61,62,63,64,65,66,67,68,69,70,71,72,73,74,75,76,77,78,79,80,81,82,83,84,85,86,87,88,89,90,91,92,93,94,95,96
Time [s],0,1799.821,3599.758,5399.669,7199.591,8999.513,10799.454,12599.368,14399.281,16199.217,17999.132,19799.048,21598.968,23398.907,25198.816,26998.729,28798.66,30598.612,32398.504,34198.422,35998.348,37798.293,39598.197,41398.12,43198.051,44997.975,46797.9,48597.816,50397.749,52197.631,53997.556,55797.465,57597.39,59397.304,61197.232,62997.141,64797.066,66596.996,68396.927,70196.835,71996.75,73796.684,75596.611,77396.528,79196.461,80996.395,82796.296,84596.214,86396.144,88196.085,89995.979,91795.899,93595.822,95395.741,97195.669,98995.594,100795.52,102595.43,104395.36,106195.269,107995.204,109795.106,111595.047,113394.962,115194.873,116994.792,118794.719,120594.63,122394.557,124194.487,125994.397,127794.312,129594.227,131394.143,133194.064,134993.983,136793.918,138593.83,140393.768,142193.687,143993.61,145793.539,147593.44,149393.349,151193.294,152993.201,154793.136,156593.059,158392.972,160192.914,161992.825,163792.732,165592.675,167392.569,169192.493,170992.414
Temp. [°C],19.6,29.9,29.9,30,30,30,30,29.9,30,30,30,30.1,30.1,30,30,30,30,30,30,30,30,30,30,30,30,30.1,30.1,30,30,30,30,30,30,30,30,30,30,30,30,30,30,30,30,30,30,30,30,30,30,30,30,30,30,30,30,30,30,30,30,29.9,30,30,30,30,30,30,30,30,30.1,30,30.1,30.1,30,30,30,30,30,29.9,30,30,30,30,30,30,30,30,30,30,30.1,30,30,30,30,30,30,30
Mean,0.16824,0.17006,0.19068,0.20386,0.22196,0.24476,0.2742,0.31288,0.35678,0.41152,0.473,0.5407,0.61818,0.70046,0.7872,0.87656,0.96008,1.0353,1.09802,1.1465,1.17996,1.205,1.22254,1.239,1.2502,1.26272,1.27158,1.28082,1.28898,1.29754,1.3031,1.31002,1.31464,1.31948,1.32396,1.3295,1.33294,1.3358,1.3394,1.3436,1.34628,1.34824,1.35044,1.35312,1.35694,1.35822,1.35974,1.36202,1.36396,1.36586,1.3673,1.3697,1.3704,1.37154,1.37202,1.37346,1.37498,1.37626,1.37746,1.3792,1.37848,1.38152,1.3827,1.384,1.3844,1.38626,1.3868,1.38828,1.38778,1.38848,1.38908,1.39008,1.39064,1.39214,1.3939,1.3927,1.39358,1.39448,1.39528,1.3959,1.39666,1.3977,1.39826,1.39916,1.39896,1.39912,1.40028,1.3996,1.40064,1.40096,1.40136,1.40086,1.40212,1.40402,1.40434,1.4054
StDev,0.007056416,0.008783109,0.011280381,0.015527975,0.021303122,0.029776551,0.040584295,0.053170452,0.068717407,0.086596028,0.107067339,0.129704337,0.154617227,0.179462693,0.204065369,0.226319924,0.242996198,0.253150479,0.260805669,0.257226816,0.254816302,0.252599218,0.255222742,0.251900407,0.254916143,0.251261959,0.253536007,0.252908298,0.251255372,0.247962786,0.248038031,0.242999521,0.240270947,0.238712394,0.237322424,0.232060369,0.23138877,0.231826692,0.228497779,0.229211387,0.229224065,0.229133647,0.230063802,0.22832693,0.226211943,0.22713022,0.227948663,0.227379192,0.227821197,0.225961972,0.226762497,0.224047205,0.224779703,0.224629613,0.227260978,0.224903697,0.227017306,0.224672835,0.225222985,0.223527202,0.224140173,0.224688622,0.222130277,0.221631699,0.222661312,0.220198145,0.222514213,0.220029139,0.222283112,0.222922155,0.224232217,0.223207296,0.224013466,0.221477297,0.220862095,0.223253567,0.222733556,0.221738916,0.221512408,0.222653071,0.220927054,0.221145099,0.221120155,0.220111183,0.221502005,0.22128403,0.221120277,0.223159304,0.222554764,0.221793402,0.221522805,0.223151536,0.220694624,0.21902062,0.220137714,0.218223956
1;2,0.163,0.1653,0.1952,0.2148,0.2402,0.2725,0.3128,0.3637,0.4239,0.4949,0.5755,0.6639,0.7632,0.8675,0.9726,1.0799,1.1738,1.2533,1.3164,1.3565,1.3856,1.4064,1.4236,1.4345,1.4484,1.457,1.4667,1.475,1.4804,1.4874,1.4934,1.4962,1.4994,1.5018,1.5055,1.5082,1.5103,1.513,1.5171,1.5193,1.5232,1.5238,1.5267,1.5282,1.5303,1.5336,1.5352,1.5359,1.539,1.5391,1.5421,1.5421,1.5428,1.5445,1.5466,1.5457,1.549,1.5489,1.5493,1.5503,1.5512,1.5528,1.5529,1.5539,1.5557,1.5557,1.5593,1.5578,1.5586,1.5598,1.5615,1.561,1.5633,1.5637,1.564,1.565,1.5651,1.5655,1.5648,1.5674,1.566,1.5679,1.5676,1.5684,1.5685,1.57,1.571,1.5708,1.5734,1.5728,1.573,1.5728,1.5726,1.5738,1.5749,1.5748
2;1,0.1719,0.1758,0.1959,0.2078,0.223,0.2412,0.2689,0.3038,0.3448,0.3959,0.4544,0.5217,0.5993,0.6804,0.7685,0.8607,0.9512,1.0316,1.1039,1.1564,1.1919,1.218,1.2421,1.2577,1.2706,1.2816,1.2915,1.3011,1.3098,1.3146,1.322,1.3263,1.329,1.335,1.3401,1.3418,1.3457,1.3485,1.3488,1.3546,1.358,1.3611,1.3642,1.3673,1.368,1.3698,1.3727,1.3753,1.3775,1.3778,1.379,1.3814,1.3828,1.383,1.3846,1.3853,1.3863,1.3872,1.389,1.3904,1.3887,1.3936,1.3928,1.3939,1.395,1.3959,1.3961,1.3963,1.397,1.3995,1.3994,1.3999,1.4008,1.3999,1.4011,1.4006,1.4034,1.4028,1.4046,1.4043,1.4055,1.4058,1.4075,1.4069,1.4088,1.4085,1.4082,1.4104,1.4113,1.4105,1.4109,1.4122,1.4112,1.413,1.4134,1.4127
2;2,0.1641,0.1681,0.198,0.2172,0.2425,0.2757,0.3162,0.3691,0.4288,0.5023,0.5847,0.6739,0.7739,0.879,0.9894,1.0969,1.191,1.2719,1.3349,1.3773,1.4061,1.4287,1.4448,1.459,1.4708,1.4816,1.4906,1.4997,1.5074,1.5141,1.5187,1.5231,1.5262,1.5292,1.5314,1.5347,1.538,1.5413,1.5416,1.5473,1.5492,1.5511,1.5537,1.5548,1.558,1.5595,1.5611,1.5632,1.5641,1.566,1.5676,1.5688,1.5699,1.5711,1.5722,1.5725,1.5752,1.5757,1.5771,1.5777,1.5773,1.5807,1.5808,1.5816,1.5827,1.5824,1.5844,1.5857,1.5858,1.5864,1.5879,1.5889,1.59,1.5902,1.5918,1.5915,1.5915,1.5924,1.5933,1.5946,1.5941,1.595,1.5955,1.5963,1.5961,1.5965,1.5977,1.5975,1.5973,1.5984,1.5988,1.599,1.5995,1.6,1.6009,1.6015
2;3,0.1632,0.1594,0.1707,0.1785,0.1905,0.2052,0.2212,0.2454,0.2712,0.3007,0.334,0.368,0.4056,0.4492,0.4957,0.547,0.597,0.6499,0.6915,0.74,0.7741,0.8009,0.811,0.8314,0.8368,0.8554,0.859,0.8693,0.88,0.8947,0.8999,0.9158,0.9256,0.9321,0.9384,0.9543,0.9587,0.9606,0.9708,0.9731,0.976,0.9775,0.978,0.9836,0.9913,0.9915,0.9911,0.9939,0.9947,1.0003,1.0006,1.008,1.0071,1.0089,1.0039,1.0094,1.0071,1.0132,1.0127,1.0177,1.0164,1.0176,1.024,1.0261,1.0251,1.0309,1.028,1.0341,1.0289,1.0283,1.0266,1.0294,1.0292,1.0357,1.0381,1.0325,1.0339,1.037,1.0377,1.0368,1.0401,1.0409,1.0411,1.0444,1.0409,1.0425,1.0439,1.0387,1.0414,1.0436,1.0446,1.0406,1.0468,1.0518,1.05,1.055
3;2,0.179,0.1817,0.1936,0.201,0.2136,0.2292,0.2519,0.2824,0.3152,0.3638,0.4164,0.476,0.5489,0.6262,0.7098,0.7983,0.8874,0.9698,1.0434,1.1023,1.1421,1.171,1.1912,1.2124,1.2244,1.238,1.2501,1.259,1.2673,1.2769,1.2815,1.2887,1.293,1.2993,1.3044,1.3085,1.312,1.3156,1.3187,1.3237,1.325,1.3277,1.3296,1.3317,1.3371,1.3367,1.3386,1.3418,1.3445,1.3461,1.3472,1.3482,1.3494,1.3502,1.3528,1.3544,1.3573,1.3563,1.3592,1.3599,1.3588,1.3629,1.363,1.3645,1.3635,1.3664,1.3662,1.3675,1.3686,1.3684,1.37,1.3712,1.3699,1.3712,1.3745,1.3739,1.374,1.3747,1.376,1.3764,1.3776,1.3789,1.3796,1.3798,1.3805,1.3781,1.3806,1.3806,1.3798,1.3795,1.3795,1.3797,1.3805,1.3815,1.3825,1.383
,,,,,,,,,,,,,,,,,,,,,,,,,,,,,,,,,,,,,,,,,,,,,,,,,,,,,,,,,,,,,,,,,,,,,,,,,,,,,,,,,,,,,,,,,,,,,,,,
Cycles / Well,,,,,,,,,,,,,,,,,,,,,,,,,,,,,,,,,,,,,,,,,,,,,,,,,,,,,,,,,,,,,,,,,,,,,,,,,,,,,,,,,,,,,,,,,,,,,,,,
G10,1,2,3,4,5,6,7,8,9,10,11,12,13,14,15,16,17,18,19,20,21,22,23,24,25,26,27,28,29,30,31,32,33,34,35,36,37,38,39,40,41,42,43,44,45,46,47,48,49,50,51,52,53,54,55,56,57,58,59,60,61,62,63,64,65,66,67,68,69,70,71,72,73,74,75,76,77,78,79,80,81,82,83,84,85,86,87,88,89,90,91,92,93,94,95,96
Time [s],0,1799.821,3599.758,5399.669,7199.591,8999.513,10799.454,12599.368,14399.281,16199.217,17999.132,19799.048,21598.968,23398.907,25198.816,26998.729,28798.66,30598.612,32398.504,34198.422,35998.348,37798.293,39598.197,41398.12,43198.051,44997.975,46797.9,48597.816,50397.749,52197.631,53997.556,55797.465,57597.39,59397.304,61197.232,62997.141,64797.066,66596.996,68396.927,70196.835,71996.75,73796.684,75596.611,77396.528,79196.461,80996.395,82796.296,84596.214,86396.144,88196.085,89995.979,91795.899,93595.822,95395.741,97195.669,98995.594,100795.52,102595.43,104395.36,106195.269,107995.204,109795.106,111595.047,113394.962,115194.873,116994.792,118794.719,120594.63,122394.557,124194.487,125994.397,127794.312,129594.227,131394.143,133194.064,134993.983,136793.918,138593.83,140393.768,142193.687,143993.61,145793.539,147593.44,149393.349,151193.294,152993.201,154793.136,156593.059,158392.972,160192.914,161992.825,163792.732,165592.675,167392.569,169192.493,170992.414
Temp. [°C],19.6,29.9,29.9,30,30,30,30,29.9,30,30,30,30.1,30.1,30,30,30,30,30,30,30,30,30,30,30,30,30.1,30.1,30,30,30,30,30,30,30,30,30,30,30,30,30,30,30,30,30,30,30,30,30,30,30,30,30,30,30,30,30,30,30,30,29.9,30,30,30,30,30,30,30,30,30.1,30,30.1,30.1,30,30,30,30,30,29.9,30,30,30,30,30,30,30,30,30,30,30.1,30,30,30,30,30,30,30
Mean,0.14882,0.1407,0.15198,0.15932,0.16522,0.17086,0.17826,0.18742,0.1992,0.21452,0.2353,0.26176,0.29634,0.33946,0.38876,0.44646,0.51102,0.58378,0.66254,0.7461,0.83272,0.92172,1.00494,1.08052,1.14106,1.18912,1.22482,1.2532,1.27546,1.2944,1.30938,1.32322,1.33398,1.34364,1.35174,1.36052,1.36758,1.37316,1.37828,1.38164,1.38426,1.3867,1.3889,1.39316,1.39596,1.39828,1.40104,1.40338,1.40542,1.40808,1.41026,1.41258,1.41444,1.4169,1.4175,1.41976,1.42078,1.42202,1.4239,1.42548,1.42602,1.42824,1.42922,1.43126,1.43104,1.4317,1.43184,1.43334,1.43404,1.43432,1.43576,1.43608,1.4362,1.4373,1.43848,1.43824,1.43832,1.43902,1.44004,1.44118,1.44106,1.44138,1.44132,1.4424,1.44172,1.4419,1.44302,1.44336,1.44418,1.44404,1.4447,1.4438,1.44468,1.44526,1.44496,1.44596
StDev,0.004849433,0.004492772,0.003690122,0.004997699,0.006428997,0.007595262,0.008733441,0.010058429,0.011322985,0.014281702,0.018046052,0.023538649,0.030683432,0.040488801,0.051014733,0.063178066,0.076345805,0.089473862,0.102244843,0.112074261,0.119929842,0.127428929,0.129068869,0.12805236,0.126836619,0.124436237,0.122881516,0.120561789,0.118300393,0.117345047,0.116660649,0.116332485,0.115836704,0.11520355,0.114985295,0.114730977,0.114149516,0.11323733,0.112172933,0.112588712,0.11313975,0.111899531,0.111389003,0.110816506,0.110330902,0.111404161,0.110908332,0.110703442,0.110558794,0.110305199,0.11059877,0.111155373,0.110467294,0.110176109,0.110814733,0.110183588,0.109999486,0.109949657,0.109820262,0.110154945,0.110017576,0.111014022,0.110859853,0.110315493,0.110456181,0.11027765,0.110664303,0.111110207,0.110754517,0.110652325,0.11054471,0.110322015,0.111179607,0.11171448,0.110556307,0.111444843,0.111117492,0.1106434,0.111065107,0.111007036,0.110470417,0.111013612,0.110736205,0.111088591,0.110311953,0.110441568,0.110506728,0.110611315,0.111518348,0.111068011,0.111041276,0.11060868,0.110935148,0.110539328,0.110770429,0.110911194
1;2,0.1457,0.1379,0.153,0.1627,0.1708,0.1776,0.1862,0.1971,0.2096,0.2291,0.2538,0.2859,0.3284,0.3817,0.4422,0.5116,0.5884,0.6741,0.7658,0.8573,0.9506,1.0484,1.1321,1.2022,1.2648,1.3081,1.3422,1.3671,1.3863,1.4025,1.4157,1.4285,1.4394,1.4483,1.4574,1.4641,1.4708,1.4756,1.479,1.4834,1.4875,1.4879,1.49,1.4933,1.4943,1.4988,1.5015,1.5031,1.5055,1.5077,1.5104,1.5118,1.5134,1.5157,1.5173,1.5179,1.5205,1.5198,1.5226,1.5233,1.5242,1.5285,1.5267,1.528,1.5287,1.5283,1.5314,1.5318,1.5319,1.533,1.535,1.5339,1.5352,1.5363,1.5336,1.5376,1.5366,1.5358,1.5375,1.5398,1.5367,1.5396,1.5392,1.5394,1.5398,1.5404,1.5417,1.5418,1.5446,1.5433,1.5436,1.5441,1.5442,1.5438,1.5435,1.5438
2;1,0.1538,0.1459,0.1563,0.1632,0.168,0.1733,0.1801,0.1881,0.2005,0.2124,0.23,0.253,0.2821,0.3166,0.357,0.4032,0.4563,0.5169,0.5842,0.6573,0.7363,0.8155,0.8966,0.9698,1.032,1.0791,1.1157,1.1458,1.1694,1.1881,1.2044,1.2165,1.2274,1.2375,1.2475,1.2552,1.2628,1.2698,1.2752,1.2781,1.28,1.2844,1.289,1.2923,1.2937,1.2966,1.2993,1.3011,1.3041,1.3066,1.3078,1.3095,1.3128,1.3151,1.3147,1.3171,1.3193,1.3201,1.322,1.3223,1.3235,1.325,1.3255,1.3268,1.327,1.3279,1.3275,1.3267,1.3284,1.3298,1.3312,1.3312,1.3306,1.331,1.3327,1.3331,1.3342,1.3339,1.3351,1.3354,1.3364,1.3348,1.3362,1.3358,1.3363,1.3372,1.338,1.3399,1.3392,1.339,1.3397,1.3405,1.3412,1.3419,1.3406,1.3404
2;2,0.148,0.1382,0.1524,0.1625,0.1706,0.1778,0.1867,0.1975,0.2107,0.2294,0.2548,0.2873,0.3294,0.383,0.4431,0.5138,0.5926,0.6781,0.7702,0.8637,0.9602,1.0547,1.1421,1.218,1.2752,1.3206,1.3543,1.3809,1.4018,1.419,1.4345,1.4471,1.4572,1.4667,1.4746,1.483,1.4905,1.4955,1.4993,1.5029,1.5057,1.5083,1.5102,1.5138,1.5148,1.5179,1.5203,1.5229,1.5248,1.5271,1.5291,1.532,1.5341,1.5358,1.5372,1.5388,1.5397,1.5414,1.5426,1.5447,1.5451,1.5468,1.5499,1.5512,1.5511,1.5523,1.5519,1.5532,1.5542,1.5544,1.5551,1.5554,1.5563,1.5576,1.5593,1.5585,1.5595,1.5596,1.5611,1.5612,1.5615,1.5614,1.5617,1.5631,1.5614,1.5617,1.5626,1.5644,1.5649,1.5642,1.5646,1.5635,1.5653,1.5649,1.5655,1.5656
2;3,0.1429,0.1363,0.1461,0.152,0.1571,0.162,0.1683,0.1771,0.1885,0.2022,0.2219,0.2471,0.2795,0.3217,0.3695,0.4277,0.4924,0.5671,0.6444,0.7325,0.8174,0.9089,0.9892,1.0719,1.1302,1.1842,1.221,1.2506,1.2727,1.2967,1.3112,1.3284,1.3384,1.3474,1.353,1.3655,1.3702,1.3748,1.3817,1.3843,1.386,1.387,1.3877,1.3931,1.4011,1.4018,1.4036,1.4061,1.4071,1.4104,1.4132,1.4181,1.4173,1.4205,1.4202,1.4244,1.422,1.4257,1.4268,1.4303,1.4299,1.4331,1.4344,1.4373,1.4357,1.4365,1.4339,1.4396,1.4394,1.4379,1.4394,1.4415,1.4412,1.4439,1.4466,1.4432,1.4421,1.445,1.4454,1.4464,1.4486,1.4474,1.4461,1.4495,1.446,1.4456,1.4471,1.4452,1.4466,1.448,1.4497,1.4449,1.4466,1.4494,1.4483,1.4529
3;2,0.1537,0.1452,0.1521,0.1562,0.1596,0.1636,0.17,0.1773,0.1867,0.1995,0.216,0.2355,0.2623,0.2943,0.332,0.376,0.4254,0.4827,0.5481,0.6197,0.6991,0.7811,0.8647,0.9407,1.0031,1.0536,1.0909,1.1216,1.1471,1.1657,1.1811,1.1956,1.2075,1.2183,1.2262,1.2348,1.2436,1.2501,1.2562,1.2595,1.2621,1.2659,1.2676,1.2733,1.2759,1.2763,1.2805,1.2837,1.2856,1.2886,1.2908,1.2915,1.2946,1.2974,1.2981,1.3006,1.3024,1.3031,1.3055,1.3068,1.3074,1.3078,1.3096,1.313,1.3127,1.3135,1.3145,1.3154,1.3163,1.3165,1.3181,1.3184,1.3177,1.3177,1.3202,1.3188,1.3192,1.3208,1.3211,1.3231,1.3221,1.3237,1.3234,1.3242,1.3251,1.3246,1.3257,1.3255,1.3256,1.3257,1.3259,1.326,1.3261,1.3263,1.3269,1.3271
,,,,,,,,,,,,,,,,,,,,,,,,,,,,,,,,,,,,,,,,,,,,,,,,,,,,,,,,,,,,,,,,,,,,,,,,,,,,,,,,,,,,,,,,,,,,,,,,
Cycles / Well,,,,,,,,,,,,,,,,,,,,,,,,,,,,,,,,,,,,,,,,,,,,,,,,,,,,,,,,,,,,,,,,,,,,,,,,,,,,,,,,,,,,,,,,,,,,,,,,
G11,1,2,3,4,5,6,7,8,9,10,11,12,13,14,15,16,17,18,19,20,21,22,23,24,25,26,27,28,29,30,31,32,33,34,35,36,37,38,39,40,41,42,43,44,45,46,47,48,49,50,51,52,53,54,55,56,57,58,59,60,61,62,63,64,65,66,67,68,69,70,71,72,73,74,75,76,77,78,79,80,81,82,83,84,85,86,87,88,89,90,91,92,93,94,95,96
Time [s],0,1799.821,3599.758,5399.669,7199.591,8999.513,10799.454,12599.368,14399.281,16199.217,17999.132,19799.048,21598.968,23398.907,25198.816,26998.729,28798.66,30598.612,32398.504,34198.422,35998.348,37798.293,39598.197,41398.12,43198.051,44997.975,46797.9,48597.816,50397.749,52197.631,53997.556,55797.465,57597.39,59397.304,61197.232,62997.141,64797.066,66596.996,68396.927,70196.835,71996.75,73796.684,75596.611,77396.528,79196.461,80996.395,82796.296,84596.214,86396.144,88196.085,89995.979,91795.899,93595.822,95395.741,97195.669,98995.594,100795.52,102595.43,104395.36,106195.269,107995.204,109795.106,111595.047,113394.962,115194.873,116994.792,118794.719,120594.63,122394.557,124194.487,125994.397,127794.312,129594.227,131394.143,133194.064,134993.983,136793.918,138593.83,140393.768,142193.687,143993.61,145793.539,147593.44,149393.349,151193.294,152993.201,154793.136,156593.059,158392.972,160192.914,161992.825,163792.732,165592.675,167392.569,169192.493,170992.414
Temp. [°C],19.6,29.9,29.9,30,30,30,30,29.9,30,30,30,30.1,30.1,30,30,30,30,30,30,30,30,30,30,30,30,30.1,30.1,30,30,30,30,30,30,30,30,30,30,30,30,30,30,30,30,30,30,30,30,30,30,30,30,30,30,30,30,30,30,30,30,29.9,30,30,30,30,30,30,30,30,30.1,30,30.1,30.1,30,30,30,30,30,29.9,30,30,30,30,30,30,30,30,30,30,30.1,30,30,30,30,30,30,30
Mean,0.1698,0.1746,0.19368,0.20924,0.22872,0.2529,0.28462,0.32544,0.37624,0.4382,0.51098,0.59252,0.68384,0.7813,0.88414,0.98686,1.07804,1.1572,1.21912,1.26268,1.2918,1.31514,1.3339,1.34936,1.36334,1.37668,1.38742,1.39778,1.40654,1.41478,1.42238,1.43094,1.438,1.44278,1.4472,1.45126,1.454,1.4564,1.45914,1.46088,1.46334,1.46476,1.46602,1.46768,1.46934,1.47066,1.47202,1.4732,1.47472,1.4757,1.47682,1.47838,1.47978,1.48056,1.48136,1.48334,1.48424,1.485,1.486,1.48734,1.4874,1.48884,1.49022,1.49204,1.4929,1.49426,1.49524,1.49638,1.49736,1.49822,1.4995,1.50058,1.50134,1.5024,1.50364,1.50438,1.50528,1.50628,1.50734,1.50886,1.50942,1.51068,1.5111,1.512,1.51294,1.51388,1.51514,1.51584,1.5171,1.51758,1.519,1.51964,1.52072,1.52118,1.52176,1.52322
StDev,0.008668333,0.009011937,0.006552633,0.007550695,0.009403829,0.011956797,0.015861809,0.020748205,0.02607332,0.0350546,0.043196898,0.053391217,0.062516982,0.071738483,0.079096953,0.083929304,0.084793178,0.083798598,0.081385146,0.07736399,0.075593022,0.075463521,0.073671806,0.073140092,0.072984471,0.07204729,0.071084647,0.071553875,0.070401548,0.070009764,0.07027252,0.070182569,0.068455277,0.067510495,0.066491766,0.065868908,0.065589786,0.065279553,0.064688507,0.06488919,0.064355287,0.064196635,0.063395481,0.063831082,0.063277231,0.063641794,0.063798723,0.063357675,0.0633044,0.062678545,0.062512295,0.063246162,0.062338247,0.062573501,0.062030017,0.0620579,0.062051172,0.06195575,0.062022738,0.062161025,0.061866307,0.062163277,0.061893513,0.062134193,0.061683993,0.061806739,0.061646435,0.061488674,0.061313074,0.061391832,0.06169145,0.061304829,0.061175755,0.061219441,0.060012565,0.060777438,0.060507495,0.060265015,0.06060316,0.060534065,0.060581078,0.060048081,0.060153096,0.060258443,0.059596669,0.05965888,0.059985565,0.059547149,0.059845677,0.059291964,0.059232761,0.058731704,0.059167702,0.059362294,0.059123371,0.05899116
1;2,0.1628,0.168,0.1918,0.2104,0.2327,0.2603,0.2963,0.3423,0.3973,0.4694,0.5486,0.6402,0.7408,0.8453,0.952,1.0584,1.1491,1.2244,1.2869,1.3244,1.3504,1.375,1.3921,1.4045,1.4201,1.4291,1.4398,1.4503,1.4576,1.4637,1.471,1.4803,1.4845,1.4904,1.493,1.4959,1.4979,1.4993,1.5008,1.505,1.5063,1.5081,1.5073,1.5106,1.5101,1.512,1.5153,1.5155,1.5175,1.5167,1.5185,1.5193,1.5209,1.5214,1.5212,1.5239,1.5251,1.5252,1.5269,1.5279,1.5275,1.5305,1.5302,1.5323,1.5327,1.5332,1.5352,1.5359,1.5363,1.5368,1.5383,1.5384,1.5391,1.541,1.5403,1.5423,1.5421,1.5419,1.5447,1.5467,1.5456,1.5465,1.548,1.5487,1.5495,1.5506,1.5521,1.5523,1.5545,1.5531,1.5541,1.5548,1.5563,1.5562,1.5563,1.5576
2;1,0.1777,0.1851,0.2009,0.2157,0.2346,0.2571,0.2859,0.3223,0.3715,0.4224,0.4856,0.5551,0.6374,0.7234,0.8165,0.9125,0.9999,1.0775,1.1403,1.1869,1.2159,1.2385,1.2599,1.2736,1.2884,1.3028,1.3145,1.3248,1.335,1.3426,1.3507,1.3577,1.367,1.3711,1.3777,1.3806,1.3847,1.3875,1.3909,1.392,1.3951,1.3971,1.4,1.3998,1.4016,1.4029,1.4037,1.4055,1.4076,1.4083,1.41,1.4094,1.4126,1.4127,1.4149,1.4157,1.417,1.4174,1.4187,1.4194,1.4205,1.4222,1.4221,1.4234,1.4251,1.4255,1.4263,1.4271,1.4292,1.4298,1.4306,1.4321,1.4329,1.4331,1.4355,1.4361,1.4375,1.4389,1.4387,1.4389,1.4404,1.4423,1.442,1.4427,1.4452,1.4461,1.4465,1.448,1.4489,1.4492,1.4509,1.4527,1.4522,1.4524,1.4528,1.4538
2;2,0.1645,0.17,0.1936,0.2132,0.2359,0.2646,0.3019,0.3501,0.4083,0.4819,0.5666,0.6607,0.7625,0.8714,0.9844,1.092,1.1842,1.2629,1.3197,1.3596,1.3868,1.4086,1.4259,1.4414,1.4545,1.4681,1.4775,1.4889,1.4964,1.5051,1.5138,1.5206,1.527,1.5293,1.5336,1.5364,1.5397,1.5423,1.5443,1.5453,1.5472,1.5487,1.5503,1.5509,1.5526,1.5546,1.555,1.556,1.5574,1.5581,1.5584,1.5609,1.5613,1.5623,1.5633,1.5644,1.5657,1.5665,1.5677,1.5687,1.5691,1.5702,1.5713,1.5731,1.5736,1.5753,1.5755,1.5762,1.5777,1.5789,1.5803,1.5814,1.5818,1.5823,1.5823,1.5842,1.5854,1.5865,1.5868,1.587,1.5891,1.5899,1.5895,1.5907,1.5912,1.5919,1.5935,1.5942,1.5954,1.5954,1.5967,1.5972,1.5981,1.5992,1.5994,1.6001
2;3,0.1633,0.1663,0.1839,0.1963,0.2129,0.2345,0.262,0.2998,0.3468,0.4044,0.475,0.5547,0.6451,0.7472,0.8532,0.9606,1.0552,1.1398,1.2023,1.2492,1.2814,1.3055,1.323,1.3419,1.3542,1.3713,1.3811,1.3907,1.4003,1.4095,1.4161,1.4272,1.4335,1.4379,1.4416,1.4479,1.4495,1.4518,1.4561,1.456,1.4597,1.4595,1.4601,1.4633,1.4662,1.4664,1.4673,1.4688,1.4696,1.4715,1.4729,1.4764,1.4761,1.4778,1.4776,1.4804,1.4797,1.481,1.4805,1.484,1.4828,1.4838,1.4873,1.4897,1.4904,1.4927,1.493,1.4952,1.4954,1.4963,1.4982,1.4992,1.5004,1.5013,1.5037,1.5029,1.5038,1.5056,1.5068,1.51,1.5101,1.5108,1.5117,1.5126,1.5123,1.5139,1.5151,1.5148,1.5159,1.5181,1.5204,1.5193,1.5216,1.5222,1.5233,1.5261
3;2,0.1807,0.1836,0.1982,0.2106,0.2275,0.248,0.277,0.3127,0.3573,0.4129,0.4791,0.5519,0.6334,0.7192,0.8146,0.9108,1.0018,1.0814,1.1464,1.1933,1.2245,1.2481,1.2686,1.2854,1.2995,1.3121,1.3242,1.3342,1.3434,1.353,1.3603,1.3689,1.378,1.3852,1.3901,1.3955,1.3982,1.4011,1.4036,1.4061,1.4084,1.4104,1.4124,1.4138,1.4162,1.4174,1.4188,1.4202,1.4215,1.4239,1.4243,1.4259,1.428,1.4286,1.4298,1.4323,1.4337,1.4349,1.4362,1.4367,1.4371,1.4375,1.4402,1.4417,1.4427,1.4446,1.4462,1.4475,1.4482,1.4493,1.4501,1.4518,1.4525,1.4543,1.4564,1.4564,1.4576,1.4585,1.4597,1.4617,1.4619,1.4639,1.4643,1.4653,1.4665,1.4669,1.4685,1.4699,1.4708,1.4721,1.4729,1.4742,1.4754,1.4759,1.477,1.4785
,,,,,,,,,,,,,,,,,,,,,,,,,,,,,,,,,,,,,,,,,,,,,,,,,,,,,,,,,,,,,,,,,,,,,,,,,,,,,,,,,,,,,,,,,,,,,,,,
Cycles / Well,,,,,,,,,,,,,,,,,,,,,,,,,,,,,,,,,,,,,,,,,,,,,,,,,,,,,,,,,,,,,,,,,,,,,,,,,,,,,,,,,,,,,,,,,,,,,,,,
G12,1,2,3,4,5,6,7,8,9,10,11,12,13,14,15,16,17,18,19,20,21,22,23,24,25,26,27,28,29,30,31,32,33,34,35,36,37,38,39,40,41,42,43,44,45,46,47,48,49,50,51,52,53,54,55,56,57,58,59,60,61,62,63,64,65,66,67,68,69,70,71,72,73,74,75,76,77,78,79,80,81,82,83,84,85,86,87,88,89,90,91,92,93,94,95,96
Time [s],0,1799.821,3599.758,5399.669,7199.591,8999.513,10799.454,12599.368,14399.281,16199.217,17999.132,19799.048,21598.968,23398.907,25198.816,26998.729,28798.66,30598.612,32398.504,34198.422,35998.348,37798.293,39598.197,41398.12,43198.051,44997.975,46797.9,48597.816,50397.749,52197.631,53997.556,55797.465,57597.39,59397.304,61197.232,62997.141,64797.066,66596.996,68396.927,70196.835,71996.75,73796.684,75596.611,77396.528,79196.461,80996.395,82796.296,84596.214,86396.144,88196.085,89995.979,91795.899,93595.822,95395.741,97195.669,98995.594,100795.52,102595.43,104395.36,106195.269,107995.204,109795.106,111595.047,113394.962,115194.873,116994.792,118794.719,120594.63,122394.557,124194.487,125994.397,127794.312,129594.227,131394.143,133194.064,134993.983,136793.918,138593.83,140393.768,142193.687,143993.61,145793.539,147593.44,149393.349,151193.294,152993.201,154793.136,156593.059,158392.972,160192.914,161992.825,163792.732,165592.675,167392.569,169192.493,170992.414
Temp. [°C],19.6,29.9,29.9,30,30,30,30,29.9,30,30,30,30.1,30.1,30,30,30,30,30,30,30,30,30,30,30,30,30.1,30.1,30,30,30,30,30,30,30,30,30,30,30,30,30,30,30,30,30,30,30,30,30,30,30,30,30,30,30,30,30,30,30,30,29.9,30,30,30,30,30,30,30,30,30.1,30,30.1,30.1,30,30,30,30,30,29.9,30,30,30,30,30,30,30,30,30,30,30.1,30,30,30,30,30,30,30
Mean,0.14912,0.1456,0.15572,0.1635,0.1744,0.18836,0.20826,0.23546,0.27042,0.31722,0.37436,0.44238,0.5243,0.61334,0.71332,0.82092,0.92402,1.01662,1.09668,1.15806,1.20096,1.23172,1.25454,1.27526,1.29158,1.30642,1.31942,1.33142,1.34188,1.35112,1.35942,1.36642,1.37458,1.3808,1.386,1.39012,1.39338,1.39534,1.39792,1.39994,1.40214,1.40332,1.40508,1.40702,1.40852,1.41018,1.41164,1.41252,1.41424,1.41538,1.41664,1.41826,1.41942,1.42024,1.4208,1.42234,1.42344,1.42422,1.42576,1.42648,1.42578,1.42754,1.42874,1.4308,1.43098,1.43192,1.4332,1.43396,1.43442,1.43572,1.43648,1.43726,1.43838,1.43924,1.44002,1.4407,1.44128,1.44246,1.44324,1.44448,1.44492,1.44634,1.44662,1.44722,1.44816,1.44868,1.44996,1.45068,1.4513,1.45204,1.45254,1.45328,1.45424,1.455,1.45562,1.4566
StDev,0.009055219,0.006612866,0.006773994,0.007662571,0.00877069,0.009242186,0.010687282,0.012159893,0.014866136,0.017589684,0.021257069,0.025955288,0.032919675,0.040628721,0.049215414,0.056680393,0.061489243,0.062696547,0.061793462,0.05842134,0.055322355,0.054019459,0.05206326,0.050951968,0.051355009,0.050375758,0.050269543,0.048990887,0.048870001,0.048672497,0.048928897,0.048993234,0.047906962,0.047471149,0.046075102,0.045617179,0.045168651,0.045291313,0.04465285,0.044067369,0.044077806,0.044741167,0.044018371,0.044112039,0.043507091,0.043757765,0.043823544,0.043512722,0.043590343,0.043012347,0.043206169,0.042981252,0.043424786,0.04329761,0.043164337,0.042742988,0.042802021,0.0431209,0.043136099,0.043033557,0.043212348,0.043774856,0.043001314,0.04311821,0.042777646,0.042428139,0.042667493,0.042602969,0.042719691,0.042474898,0.042717526,0.042666357,0.042399965,0.042576848,0.042475016,0.042151512,0.042322122,0.04191662,0.042133633,0.042262182,0.04221033,0.04191984,0.042027277,0.041946299,0.041850783,0.041849994,0.041310568,0.041259872,0.041811302,0.041456278,0.041230062,0.041293547,0.04119676,0.040461092,0.040609814,0.040453368
1;2,0.1468,0.1404,0.151,0.1588,0.1699,0.1851,0.2066,0.2361,0.2726,0.3268,0.3914,0.468,0.5609,0.6625,0.7744,0.8924,1.0006,1.0945,1.1727,1.229,1.2654,1.2951,1.3161,1.3333,1.351,1.363,1.3763,1.3855,1.3959,1.4043,1.4133,1.4202,1.4262,1.4332,1.4354,1.4384,1.4413,1.4436,1.445,1.4472,1.4493,1.4507,1.452,1.4544,1.4546,1.4568,1.4576,1.4585,1.4601,1.4598,1.4617,1.4625,1.4652,1.4648,1.4656,1.4667,1.4679,1.4682,1.4706,1.471,1.4702,1.4744,1.4736,1.476,1.475,1.4762,1.4778,1.4779,1.4793,1.4792,1.4809,1.4816,1.4817,1.4831,1.4839,1.4842,1.4847,1.485,1.4866,1.4871,1.488,1.4889,1.489,1.4895,1.4909,1.4915,1.4917,1.4927,1.4943,1.4947,1.495,1.4963,1.4963,1.4969,1.4979,1.4982
2;1,0.1601,0.1509,0.1622,0.1717,0.184,0.1997,0.2216,0.2505,0.2901,0.3359,0.3914,0.4571,0.5349,0.616,0.7087,0.8085,0.9059,0.9936,1.0701,1.1309,1.1733,1.203,1.2255,1.2449,1.2615,1.2751,1.2877,1.3007,1.311,1.3199,1.3274,1.3325,1.3421,1.3475,1.3538,1.3574,1.36,1.3623,1.3641,1.3667,1.3693,1.3701,1.3729,1.3734,1.3745,1.3772,1.3784,1.3788,1.3804,1.3824,1.3832,1.3839,1.3857,1.3857,1.387,1.3885,1.3894,1.3904,1.3915,1.3923,1.3914,1.3921,1.3943,1.395,1.3967,1.3977,1.3988,1.3986,1.3993,1.4016,1.402,1.4023,1.4047,1.4048,1.4051,1.4067,1.4076,1.4085,1.4091,1.4103,1.4106,1.4126,1.4128,1.4131,1.4149,1.415,1.4161,1.4174,1.4176,1.4186,1.4192,1.4206,1.4208,1.4217,1.4223,1.4226
2;2,0.1467,0.1409,0.1511,0.1583,0.1688,0.1834,0.2033,0.2314,0.2668,0.3177,0.3793,0.4529,0.543,0.641,0.7506,0.8666,0.9766,1.0717,1.1528,1.2123,1.2558,1.2849,1.3055,1.3277,1.3436,1.3592,1.3716,1.3838,1.394,1.4038,1.412,1.4192,1.4273,1.4317,1.4371,1.4413,1.444,1.446,1.4483,1.4489,1.4511,1.4535,1.4542,1.4558,1.4573,1.459,1.4613,1.4615,1.4635,1.4648,1.4659,1.4677,1.4684,1.47,1.4702,1.4713,1.4725,1.4744,1.4751,1.4758,1.4757,1.4762,1.4777,1.4796,1.4802,1.4802,1.4817,1.4828,1.4827,1.4849,1.4853,1.486,1.4876,1.4883,1.4888,1.4892,1.4903,1.4914,1.4919,1.4941,1.494,1.4953,1.496,1.4965,1.4969,1.4973,1.4984,1.4988,1.4997,1.5,1.5002,1.5006,1.5022,1.5015,1.5021,1.5033
2;3,0.1366,0.1413,0.1503,0.1567,0.1656,0.1775,0.1942,0.2178,0.2488,0.289,0.34,0.4025,0.4779,0.5623,0.6577,0.7658,0.8693,0.9667,1.0497,1.1173,1.1629,1.1963,1.2208,1.2434,1.2579,1.2757,1.2895,1.3013,1.3124,1.3213,1.3297,1.3383,1.3457,1.3535,1.3578,1.3629,1.3665,1.3673,1.3712,1.3734,1.3764,1.3771,1.3787,1.3818,1.3836,1.3846,1.3856,1.3868,1.3885,1.3897,1.3906,1.3935,1.3938,1.3957,1.395,1.3964,1.3966,1.3973,1.3996,1.4014,1.3993,1.402,1.4034,1.406,1.4063,1.407,1.408,1.41,1.4097,1.4103,1.4108,1.412,1.4125,1.4135,1.4147,1.4152,1.4147,1.4165,1.4168,1.4179,1.4184,1.42,1.4197,1.4205,1.4202,1.4215,1.4234,1.4237,1.4231,1.4243,1.4251,1.4249,1.4265,1.4288,1.4288,1.4309
3;2,0.1554,0.1545,0.164,0.172,0.1837,0.1961,0.2156,0.2415,0.2738,0.3167,0.3697,0.4314,0.5048,0.5849,0.6752,0.7713,0.8677,0.9566,1.0381,1.1008,1.1474,1.1793,1.2048,1.227,1.2439,1.2591,1.272,1.2858,1.2961,1.3063,1.3147,1.3219,1.3316,1.3381,1.3459,1.3506,1.3551,1.3575,1.361,1.3635,1.3646,1.3652,1.3676,1.3697,1.3726,1.3733,1.3753,1.377,1.3787,1.3802,1.3818,1.3837,1.384,1.385,1.3862,1.3888,1.3908,1.3908,1.392,1.3919,1.3923,1.393,1.3947,1.3974,1.3967,1.3985,1.3997,1.4005,1.4011,1.4026,1.4034,1.4044,1.4054,1.4065,1.4076,1.4082,1.4091,1.4109,1.4118,1.413,1.4136,1.4149,1.4156,1.4165,1.4179,1.4181,1.4202,1.4208,1.4218,1.4226,1.4232,1.424,1.4254,1.4261,1.427,1.428
,,,,,,,,,,,,,,,,,,,,,,,,,,,,,,,,,,,,,,,,,,,,,,,,,,,,,,,,,,,,,,,,,,,,,,,,,,,,,,,,,,,,,,,,,,,,,,,,
Cycles / Well,,,,,,,,,,,,,,,,,,,,,,,,,,,,,,,,,,,,,,,,,,,,,,,,,,,,,,,,,,,,,,,,,,,,,,,,,,,,,,,,,,,,,,,,,,,,,,,,
H1,1,2,3,4,5,6,7,8,9,10,11,12,13,14,15,16,17,18,19,20,21,22,23,24,25,26,27,28,29,30,31,32,33,34,35,36,37,38,39,40,41,42,43,44,45,46,47,48,49,50,51,52,53,54,55,56,57,58,59,60,61,62,63,64,65,66,67,68,69,70,71,72,73,74,75,76,77,78,79,80,81,82,83,84,85,86,87,88,89,90,91,92,93,94,95,96
Time [s],0,1799.821,3599.758,5399.669,7199.591,8999.513,10799.454,12599.368,14399.281,16199.217,17999.132,19799.048,21598.968,23398.907,25198.816,26998.729,28798.66,30598.612,32398.504,34198.422,35998.348,37798.293,39598.197,41398.12,43198.051,44997.975,46797.9,48597.816,50397.749,52197.631,53997.556,55797.465,57597.39,59397.304,61197.232,62997.141,64797.066,66596.996,68396.927,70196.835,71996.75,73796.684,75596.611,77396.528,79196.461,80996.395,82796.296,84596.214,86396.144,88196.085,89995.979,91795.899,93595.822,95395.741,97195.669,98995.594,100795.52,102595.43,104395.36,106195.269,107995.204,109795.106,111595.047,113394.962,115194.873,116994.792,118794.719,120594.63,122394.557,124194.487,125994.397,127794.312,129594.227,131394.143,133194.064,134993.983,136793.918,138593.83,140393.768,142193.687,143993.61,145793.539,147593.44,149393.349,151193.294,152993.201,154793.136,156593.059,158392.972,160192.914,161992.825,163792.732,165592.675,167392.569,169192.493,170992.414
Temp. [°C],19.6,29.9,29.9,30,30,30,30,29.9,30,30,30,30.1,30.1,30,30,30,30,30,30,30,30,30,30,30,30,30.1,30.1,30,30,30,30,30,30,30,30,30,30,30,30,30,30,30,30,30,30,30,30,30,30,30,30,30,30,30,30,30,30,30,30,29.9,30,30,30,30,30,30,30,30,30.1,30,30.1,30.1,30,30,30,30,30,29.9,30,30,30,30,30,30,30,30,30,30,30.1,30,30,30,30,30,30,30
Mean,0.1462,0.14672,0.15164,0.15764,0.16462,0.17434,0.18742,0.20398,0.22418,0.2505,0.28118,0.31504,0.35154,0.39372,0.4355,0.48228,0.53088,0.5807,0.63172,0.67986,0.72198,0.75754,0.78734,0.81382,0.83542,0.85386,0.86976,0.88496,0.89602,0.90708,0.91504,0.92324,0.92806,0.93526,0.9403,0.94512,0.95142,0.95634,0.96108,0.96574,0.97198,0.9762,0.98146,0.98576,0.99226,0.9966,1.0017,1.00638,1.0091,1.01384,1.02014,1.02354,1.02788,1.03148,1.03448,1.03794,1.04432,1.04582,1.05032,1.0533,1.05592,1.05954,1.06268,1.0659,1.06902,1.07072,1.0738,1.07732,1.079,1.08212,1.08394,1.08634,1.08898,1.08968,1.09388,1.09562,1.09758,1.09996,1.10302,1.10352,1.10664,1.10878,1.11042,1.11372,1.1147,1.1179,1.11864,1.1204,1.12074,1.1216,1.12396,1.12428,1.12772,1.1274,1.12742,1.12918
StDev,0.010569295,0.011933021,0.015047359,0.018767072,0.022528582,0.027699874,0.034877744,0.043529266,0.054526938,0.068705495,0.084795914,0.103574674,0.12518166,0.148413601,0.172738487,0.20171577,0.231195603,0.264492646,0.296914865,0.325431357,0.350781623,0.369926328,0.385612017,0.397632691,0.407639709,0.41518987,0.420890274,0.426035319,0.430288725,0.432524291,0.434279988,0.43418273,0.433948013,0.432386896,0.431142279,0.429484001,0.427830354,0.42620323,0.425838974,0.424248946,0.422110385,0.421416243,0.420812818,0.419460008,0.417911603,0.41791806,0.417021264,0.416459574,0.41604817,0.415131061,0.413379551,0.412759801,0.412316568,0.410804621,0.410375745,0.40976917,0.408482964,0.407392227,0.406564056,0.405660702,0.404877632,0.403629847,0.403070338,0.402581104,0.401271918,0.400849176,0.399908002,0.398709891,0.398679984,0.39687366,0.397094199,0.395716203,0.395469805,0.394660629,0.393299488,0.392791646,0.392339906,0.390668188,0.390174457,0.389885845,0.389131087,0.38851109,0.387436223,0.386817524,0.386595047,0.385336645,0.385257788,0.384687984,0.384916826,0.384623797,0.383743564,0.383886047,0.382821639,0.383200763,0.383265596,0.382694777
1;2,0.1385,0.1383,0.1419,0.1466,0.1522,0.1594,0.169,0.181,0.1959,0.2151,0.2385,0.2636,0.2875,0.318,0.3467,0.376,0.4084,0.4366,0.4678,0.5006,0.527,0.5522,0.5724,0.5962,0.6112,0.6279,0.6415,0.6574,0.6638,0.6758,0.6831,0.6933,0.6982,0.7105,0.7168,0.7251,0.734,0.7407,0.7456,0.7533,0.7654,0.7687,0.7745,0.7833,0.7943,0.7995,0.8061,0.8121,0.8141,0.8211,0.8354,0.8399,0.8445,0.8512,0.8541,0.8578,0.8705,0.8707,0.8778,0.8809,0.8837,0.8945,0.8961,0.9002,0.9052,0.9077,0.9114,0.9199,0.9193,0.9263,0.9261,0.9313,0.9327,0.9342,0.9434,0.9449,0.9458,0.9519,0.9578,0.957,0.9643,0.9671,0.9726,0.9787,0.9786,0.9867,0.9869,0.9917,0.9884,0.9893,0.9954,0.9931,1.0023,1.0007,0.9999,1.0036
2;1,0.1463,0.1485,0.1566,0.1641,0.1735,0.1857,0.2029,0.2245,0.2509,0.2856,0.331,0.3816,0.4415,0.509,0.5798,0.6627,0.7487,0.841,0.9334,1.0167,1.0877,1.1459,1.1937,1.2331,1.2648,1.2894,1.3104,1.3288,1.3441,1.3559,1.3649,1.3708,1.3732,1.3771,1.3789,1.3795,1.3821,1.3843,1.3876,1.3901,1.3919,1.3949,1.3983,1.4007,1.4033,1.4076,1.4109,1.4134,1.416,1.42,1.4223,1.4239,1.4283,1.4296,1.4321,1.4339,1.4373,1.4389,1.4413,1.4434,1.4443,1.4448,1.447,1.45,1.4508,1.4532,1.4545,1.456,1.4579,1.4594,1.4607,1.4615,1.4633,1.4633,1.4657,1.4663,1.4674,1.468,1.469,1.4697,1.4708,1.4727,1.4725,1.4744,1.4758,1.4768,1.4769,1.4784,1.4792,1.4795,1.4795,1.4806,1.4806,1.4822,1.4828,1.4829
2;2,0.1394,0.139,0.1426,0.1469,0.1524,0.1605,0.1708,0.1848,0.2022,0.2246,0.2513,0.2808,0.3123,0.3488,0.3849,0.4231,0.4622,0.5005,0.5403,0.5784,0.6134,0.6434,0.6696,0.6925,0.7128,0.7294,0.7468,0.763,0.7745,0.7879,0.7971,0.8088,0.8148,0.8241,0.8334,0.8402,0.851,0.8581,0.8652,0.8701,0.8796,0.885,0.8955,0.8995,0.9095,0.914,0.923,0.9301,0.9316,0.9379,0.9457,0.9493,0.9551,0.9599,0.9645,0.9691,0.9795,0.9784,0.9861,0.99,0.9946,0.9974,1.0018,1.0057,1.0106,1.0109,1.0155,1.0202,1.0222,1.0239,1.0281,1.0299,1.0342,1.0347,1.0394,1.0406,1.0452,1.0469,1.0517,1.0503,1.0544,1.0585,1.0593,1.0637,1.0652,1.0674,1.0694,1.0691,1.0717,1.0722,1.0744,1.0769,1.082,1.0797,1.0785,1.082
2;3,0.1425,0.141,0.1411,0.1428,0.1449,0.1486,0.1535,0.1599,0.1666,0.1759,0.1846,0.1933,0.2019,0.2133,0.2232,0.2347,0.2471,0.2592,0.2729,0.287,0.2993,0.3114,0.3222,0.3313,0.3405,0.3478,0.3543,0.3593,0.3658,0.3709,0.3755,0.3805,0.385,0.3903,0.3943,0.3986,0.4036,0.409,0.413,0.4183,0.4227,0.4281,0.4313,0.4352,0.4397,0.4434,0.4471,0.4507,0.4552,0.4593,0.4629,0.4666,0.4708,0.4745,0.4775,0.4813,0.4841,0.4895,0.4923,0.4963,0.4992,0.5011,0.5055,0.5087,0.5121,0.5147,0.5183,0.5204,0.5233,0.5279,0.5294,0.5328,0.5358,0.5375,0.5409,0.5439,0.546,0.5494,0.5509,0.5535,0.5551,0.557,0.5587,0.561,0.5627,0.5658,0.5664,0.5684,0.5693,0.5708,0.5727,0.5732,0.5746,0.5752,0.5761,0.577
3;2,0.1643,0.1668,0.176,0.1878,0.2001,0.2175,0.2409,0.2697,0.3053,0.3513,0.4005,0.4559,0.5145,0.5795,0.6429,0.7149,0.788,0.8662,0.9442,1.0166,1.0825,1.1348,1.1788,1.216,1.2478,1.2748,1.2958,1.3163,1.3319,1.3449,1.3546,1.3628,1.3691,1.3743,1.3781,1.3822,1.3864,1.3896,1.394,1.3969,1.4003,1.4043,1.4077,1.4101,1.4145,1.4185,1.4214,1.4256,1.4286,1.4309,1.4344,1.438,1.4407,1.4422,1.4442,1.4476,1.4502,1.4516,1.4541,1.4559,1.4578,1.4599,1.463,1.4649,1.4664,1.4671,1.4693,1.4701,1.4723,1.4731,1.4754,1.4762,1.4789,1.4787,1.48,1.4824,1.4835,1.4836,1.4857,1.4871,1.4886,1.4886,1.489,1.4908,1.4912,1.4928,1.4936,1.4944,1.4951,1.4962,1.4978,1.4976,1.4991,1.4992,1.4998,1.5004
,,,,,,,,,,,,,,,,,,,,,,,,,,,,,,,,,,,,,,,,,,,,,,,,,,,,,,,,,,,,,,,,,,,,,,,,,,,,,,,,,,,,,,,,,,,,,,,,
Cycles / Well,,,,,,,,,,,,,,,,,,,,,,,,,,,,,,,,,,,,,,,,,,,,,,,,,,,,,,,,,,,,,,,,,,,,,,,,,,,,,,,,,,,,,,,,,,,,,,,,
H2,1,2,3,4,5,6,7,8,9,10,11,12,13,14,15,16,17,18,19,20,21,22,23,24,25,26,27,28,29,30,31,32,33,34,35,36,37,38,39,40,41,42,43,44,45,46,47,48,49,50,51,52,53,54,55,56,57,58,59,60,61,62,63,64,65,66,67,68,69,70,71,72,73,74,75,76,77,78,79,80,81,82,83,84,85,86,87,88,89,90,91,92,93,94,95,96
Time [s],0,1799.821,3599.758,5399.669,7199.591,8999.513,10799.454,12599.368,14399.281,16199.217,17999.132,19799.048,21598.968,23398.907,25198.816,26998.729,28798.66,30598.612,32398.504,34198.422,35998.348,37798.293,39598.197,41398.12,43198.051,44997.975,46797.9,48597.816,50397.749,52197.631,53997.556,55797.465,57597.39,59397.304,61197.232,62997.141,64797.066,66596.996,68396.927,70196.835,71996.75,73796.684,75596.611,77396.528,79196.461,80996.395,82796.296,84596.214,86396.144,88196.085,89995.979,91795.899,93595.822,95395.741,97195.669,98995.594,100795.52,102595.43,104395.36,106195.269,107995.204,109795.106,111595.047,113394.962,115194.873,116994.792,118794.719,120594.63,122394.557,124194.487,125994.397,127794.312,129594.227,131394.143,133194.064,134993.983,136793.918,138593.83,140393.768,142193.687,143993.61,145793.539,147593.44,149393.349,151193.294,152993.201,154793.136,156593.059,158392.972,160192.914,161992.825,163792.732,165592.675,167392.569,169192.493,170992.414
Temp. [°C],19.6,29.9,29.9,30,30,30,30,29.9,30,30,30,30.1,30.1,30,30,30,30,30,30,30,30,30,30,30,30,30.1,30.1,30,30,30,30,30,30,30,30,30,30,30,30,30,30,30,30,30,30,30,30,30,30,30,30,30,30,30,30,30,30,30,30,29.9,30,30,30,30,30,30,30,30,30.1,30,30.1,30.1,30,30,30,30,30,29.9,30,30,30,30,30,30,30,30,30,30,30.1,30,30,30,30,30,30,30
Mean,0.12376,0.12584,0.1305,0.13504,0.14042,0.14732,0.15658,0.16874,0.1852,0.2054,0.231,0.262,0.2983,0.34012,0.38724,0.43798,0.4925,0.54928,0.60998,0.66954,0.73016,0.78382,0.83472,0.87942,0.90942,0.9344,0.95438,0.9728,0.98222,0.99418,1.00206,1.0116,1.01696,1.0212,1.0259,1.02778,1.03454,1.03384,1.03688,1.03858,1.04432,1.0439,1.04874,1.05084,1.05476,1.05498,1.05772,1.06004,1.05802,1.05948,1.06176,1.06096,1.0634,1.06456,1.06652,1.06676,1.07036,1.06666,1.06992,1.06886,1.06638,1.07118,1.07126,1.07222,1.07402,1.07272,1.07296,1.07498,1.07684,1.07496,1.07794,1.0765,1.07522,1.07562,1.07826,1.07496,1.07772,1.07768,1.07984,1.07944,1.08032,1.07992,1.07928,1.079,1.07914,1.07736,1.08002,1.07786,1.07854,1.07862,1.07796,1.07694,1.0795,1.0771,1.0769,1.07898
StDev,0.006256037,0.006489453,0.006719747,0.006825907,0.006212648,0.006447247,0.0078735,0.011878257,0.01848878,0.029082211,0.043319626,0.062050181,0.087138224,0.11636102,0.149338786,0.185460527,0.222399089,0.260323149,0.297391084,0.33141003,0.36152602,0.384397095,0.401915796,0.41282542,0.421833305,0.429607274,0.43472415,0.4396248,0.44362978,0.447811564,0.451902692,0.454577326,0.456815135,0.457892717,0.458085538,0.45816626,0.457482943,0.456947008,0.457049266,0.455872907,0.455839947,0.455627666,0.45536035,0.455009124,0.453692068,0.453681515,0.453474169,0.452969456,0.453516722,0.453010802,0.452505451,0.453132147,0.453057971,0.453284654,0.453301728,0.453202331,0.452598379,0.453001372,0.45269168,0.453058907,0.453160619,0.453511011,0.454021892,0.453536991,0.453888303,0.45424777,0.454334632,0.454456672,0.454116035,0.453725691,0.454335375,0.454726715,0.45514677,0.455604343,0.454759973,0.455488395,0.455462158,0.455355309,0.45526827,0.456110724,0.455327955,0.4552495,0.455310803,0.455513024,0.454782193,0.454627131,0.454403897,0.454781033,0.45473922,0.454918396,0.454904323,0.45541768,0.454716379,0.455270431,0.455548367,0.455420099
1;2,0.1209,0.1219,0.1264,0.1313,0.1379,0.147,0.1611,0.179,0.205,0.2397,0.2847,0.3424,0.4152,0.5013,0.5987,0.7059,0.8174,0.9311,1.0458,1.1539,1.2518,1.3291,1.3932,1.4377,1.4719,1.5005,1.5205,1.5386,1.5527,1.5665,1.5789,1.589,1.5974,1.6017,1.6043,1.6064,1.6092,1.6101,1.6129,1.6127,1.6151,1.6167,1.619,1.6194,1.6216,1.6219,1.6243,1.6244,1.6251,1.6265,1.6269,1.6286,1.6291,1.6299,1.631,1.6309,1.6306,1.632,1.6326,1.6339,1.6321,1.6327,1.635,1.6348,1.6361,1.6359,1.6363,1.6366,1.6359,1.6358,1.6375,1.6379,1.6376,1.6388,1.6392,1.6385,1.6382,1.6389,1.6388,1.6409,1.6393,1.6386,1.6397,1.6393,1.6385,1.6386,1.6394,1.6396,1.6394,1.6397,1.6394,1.6405,1.6401,1.6399,1.6396,1.6401
2;1,0.1227,0.1238,0.1297,0.1352,0.1424,0.1517,0.1635,0.1795,0.1998,0.225,0.2562,0.2928,0.336,0.3842,0.4372,0.4965,0.5613,0.6327,0.7087,0.7866,0.8701,0.9499,1.0242,1.0923,1.1378,1.1757,1.2056,1.2329,1.2476,1.2657,1.2787,1.2912,1.2995,1.3069,1.3137,1.3166,1.3235,1.3237,1.327,1.3297,1.3372,1.337,1.3419,1.3448,1.3466,1.3476,1.3498,1.3534,1.3521,1.3526,1.3552,1.3544,1.3582,1.3593,1.3617,1.363,1.3667,1.362,1.3652,1.3636,1.3616,1.3676,1.3676,1.3686,1.3705,1.3704,1.3708,1.3722,1.3753,1.3733,1.3755,1.3753,1.3744,1.3738,1.3763,1.3737,1.3777,1.3772,1.3799,1.3794,1.3798,1.3803,1.3782,1.3794,1.3801,1.3772,1.3801,1.3776,1.3782,1.3784,1.3784,1.3781,1.3799,1.3785,1.3789,1.3813
2;2,0.1201,0.122,0.1268,0.1315,0.1375,0.1448,0.1555,0.1687,0.187,0.2106,0.2403,0.2757,0.3164,0.3613,0.4122,0.4616,0.5143,0.5679,0.628,0.6842,0.7465,0.8005,0.8576,0.912,0.9449,0.9727,0.9973,1.0214,1.0282,1.0426,1.0486,1.0623,1.0653,1.0687,1.0753,1.0756,1.0877,1.0806,1.0841,1.084,1.0938,1.0882,1.0972,1.1003,1.1061,1.105,1.1085,1.1116,1.105,1.1062,1.11,1.1064,1.1105,1.1133,1.1164,1.1154,1.1245,1.1135,1.1211,1.1174,1.1132,1.1259,1.1235,1.125,1.1289,1.1249,1.1249,1.1317,1.1356,1.129,1.1378,1.1323,1.13,1.1319,1.1362,1.1293,1.1362,1.135,1.1405,1.1383,1.142,1.1406,1.1389,1.1374,1.136,1.1316,1.1368,1.1318,1.1342,1.1343,1.1319,1.1274,1.1345,1.1282,1.1283,1.1326
2;3,0.1203,0.1242,0.1273,0.1304,0.1341,0.1382,0.1435,0.1504,0.1599,0.1709,0.1845,0.2,0.2167,0.2356,0.2576,0.2795,0.3042,0.3288,0.3571,0.3842,0.4142,0.4402,0.4683,0.4955,0.5129,0.5271,0.5396,0.5523,0.5558,0.5632,0.5663,0.573,0.5753,0.5781,0.5821,0.5826,0.5896,0.5885,0.5917,0.5933,0.5985,0.5984,0.6018,0.6038,0.6088,0.6083,0.6105,0.6128,0.6103,0.6117,0.6141,0.6121,0.6138,0.6143,0.6163,0.6163,0.6204,0.6157,0.6194,0.6185,0.6155,0.6199,0.619,0.6199,0.6209,0.6204,0.6201,0.6207,0.622,0.621,0.6229,0.621,0.6197,0.6199,0.6227,0.6185,0.6207,0.621,0.6231,0.6218,0.6229,0.6227,0.622,0.6216,0.622,0.6206,0.6236,0.6208,0.6206,0.6211,0.6199,0.6189,0.6226,0.6189,0.6184,0.6194
3;2,0.1348,0.1373,0.1423,0.1468,0.1502,0.1549,0.1593,0.1661,0.1743,0.1808,0.1893,0.1991,0.2072,0.2182,0.2305,0.2464,0.2653,0.2859,0.3103,0.3388,0.3682,0.3994,0.4303,0.4596,0.4796,0.496,0.5089,0.5188,0.5268,0.5329,0.5378,0.5425,0.5473,0.5506,0.5541,0.5577,0.5627,0.5663,0.5687,0.5732,0.577,0.5792,0.5838,0.5859,0.5907,0.5921,0.5955,0.598,0.5976,0.6004,0.6026,0.6033,0.6054,0.606,0.6072,0.6082,0.6096,0.6101,0.6113,0.6109,0.6095,0.6098,0.6112,0.6128,0.6137,0.612,0.6127,0.6137,0.6154,0.6157,0.616,0.616,0.6144,0.6137,0.6169,0.6148,0.6158,0.6163,0.6169,0.6168,0.6176,0.6174,0.6176,0.6173,0.6191,0.6188,0.6202,0.6195,0.6203,0.6196,0.6202,0.6198,0.6204,0.62,0.6193,0.6215
,,,,,,,,,,,,,,,,,,,,,,,,,,,,,,,,,,,,,,,,,,,,,,,,,,,,,,,,,,,,,,,,,,,,,,,,,,,,,,,,,,,,,,,,,,,,,,,,
Cycles / Well,,,,,,,,,,,,,,,,,,,,,,,,,,,,,,,,,,,,,,,,,,,,,,,,,,,,,,,,,,,,,,,,,,,,,,,,,,,,,,,,,,,,,,,,,,,,,,,,
H3,1,2,3,4,5,6,7,8,9,10,11,12,13,14,15,16,17,18,19,20,21,22,23,24,25,26,27,28,29,30,31,32,33,34,35,36,37,38,39,40,41,42,43,44,45,46,47,48,49,50,51,52,53,54,55,56,57,58,59,60,61,62,63,64,65,66,67,68,69,70,71,72,73,74,75,76,77,78,79,80,81,82,83,84,85,86,87,88,89,90,91,92,93,94,95,96
Time [s],0,1799.821,3599.758,5399.669,7199.591,8999.513,10799.454,12599.368,14399.281,16199.217,17999.132,19799.048,21598.968,23398.907,25198.816,26998.729,28798.66,30598.612,32398.504,34198.422,35998.348,37798.293,39598.197,41398.12,43198.051,44997.975,46797.9,48597.816,50397.749,52197.631,53997.556,55797.465,57597.39,59397.304,61197.232,62997.141,64797.066,66596.996,68396.927,70196.835,71996.75,73796.684,75596.611,77396.528,79196.461,80996.395,82796.296,84596.214,86396.144,88196.085,89995.979,91795.899,93595.822,95395.741,97195.669,98995.594,100795.52,102595.43,104395.36,106195.269,107995.204,109795.106,111595.047,113394.962,115194.873,116994.792,118794.719,120594.63,122394.557,124194.487,125994.397,127794.312,129594.227,131394.143,133194.064,134993.983,136793.918,138593.83,140393.768,142193.687,143993.61,145793.539,147593.44,149393.349,151193.294,152993.201,154793.136,156593.059,158392.972,160192.914,161992.825,163792.732,165592.675,167392.569,169192.493,170992.414
Temp. [°C],19.6,29.9,29.9,30,30,30,30,29.9,30,30,30,30.1,30.1,30,30,30,30,30,30,30,30,30,30,30,30,30.1,30.1,30,30,30,30,30,30,30,30,30,30,30,30,30,30,30,30,30,30,30,30,30,30,30,30,30,30,30,30,30,30,30,30,29.9,30,30,30,30,30,30,30,30,30.1,30,30.1,30.1,30,30,30,30,30,29.9,30,30,30,30,30,30,30,30,30,30,30.1,30,30,30,30,30,30,30
Mean,0.13758,0.14196,0.15158,0.15814,0.16684,0.17842,0.19238,0.21016,0.23316,0.26152,0.2972,0.33894,0.38762,0.44292,0.50564,0.572,0.64502,0.721,0.80338,0.88134,0.95456,1.01458,1.06564,1.10624,1.134,1.15864,1.17936,1.19992,1.2159,1.23336,1.24902,1.26286,1.27266,1.28088,1.28674,1.29206,1.29748,1.29984,1.30294,1.30498,1.30856,1.3093,1.31296,1.3144,1.31632,1.31694,1.31906,1.3202,1.3194,1.321,1.32268,1.32224,1.3237,1.32448,1.3252,1.32608,1.32816,1.32602,1.32734,1.32774,1.32598,1.32824,1.32868,1.33014,1.33036,1.32976,1.33054,1.33152,1.33236,1.3315,1.3337,1.33262,1.33268,1.33274,1.33292,1.33132,1.33296,1.33398,1.33428,1.33402,1.33394,1.33344,1.33308,1.3328,1.3331,1.33216,1.33368,1.33168,1.33206,1.33138,1.33106,1.3308,1.3315,1.32974,1.33004,1.33118
StDev,0.004894078,0.005192591,0.004036954,0.004255937,0.006985914,0.011550195,0.017860207,0.025054101,0.034811966,0.047635512,0.062873921,0.081792714,0.104486564,0.130034003,0.157864572,0.187272449,0.217813193,0.248152957,0.274678115,0.295208321,0.308307206,0.317016659,0.319683325,0.318762126,0.31834014,0.31788927,0.317377674,0.317056031,0.318039628,0.318123008,0.317440171,0.313871332,0.309545066,0.303786581,0.299580044,0.295832187,0.291216838,0.289734539,0.288313723,0.286262243,0.284586547,0.284813509,0.283339537,0.283237462,0.282541284,0.282349859,0.281861523,0.281541995,0.282917196,0.282146354,0.28110341,0.282458126,0.281590243,0.281939864,0.280920318,0.281465827,0.279803785,0.28126423,0.28087941,0.280754987,0.281098598,0.281186091,0.281818997,0.280708484,0.280167045,0.280931883,0.280318637,0.280034921,0.279332621,0.279731362,0.278268647,0.279281492,0.279533177,0.279503368,0.27854369,0.280270204,0.279049508,0.278599456,0.277554998,0.279340978,0.278140896,0.278282569,0.278123537,0.277894674,0.277054715,0.27672766,0.276360945,0.277284857,0.277059512,0.27736434,0.277414857,0.278047523,0.276792675,0.278567286,0.277998369,0.276747063
1;2,0.1352,0.139,0.1517,0.1621,0.1749,0.1921,0.2138,0.2406,0.276,0.3209,0.3764,0.4438,0.5232,0.6131,0.7118,0.8173,0.928,1.0381,1.1461,1.2383,1.3131,1.3702,1.4127,1.443,1.4639,1.4846,1.5018,1.5188,1.5339,1.5511,1.5636,1.5713,1.576,1.5786,1.5801,1.583,1.584,1.586,1.5886,1.5887,1.5897,1.5918,1.5931,1.5944,1.5958,1.597,1.598,1.5985,1.6001,1.6007,1.6006,1.6024,1.6029,1.6034,1.6035,1.6045,1.6041,1.6052,1.6055,1.6061,1.6048,1.6057,1.6078,1.6074,1.6076,1.6068,1.6082,1.6085,1.6078,1.608,1.6086,1.6093,1.6092,1.6094,1.6075,1.6094,1.6086,1.6094,1.6084,1.6113,1.6092,1.609,1.6083,1.6079,1.6071,1.6075,1.6078,1.6078,1.6078,1.6075,1.6069,1.6087,1.6067,1.6071,1.6066,1.6062
2;1,0.1392,0.1425,0.1524,0.1596,0.1702,0.1843,0.201,0.2215,0.2473,0.2787,0.3169,0.3604,0.4108,0.4682,0.534,0.6079,0.6915,0.7857,0.8836,0.984,1.0746,1.151,1.2116,1.2575,1.2909,1.3175,1.3389,1.3607,1.3809,1.3977,1.4154,1.4277,1.435,1.4414,1.4442,1.4471,1.4504,1.4516,1.4531,1.4546,1.4565,1.4585,1.4604,1.4622,1.4633,1.4651,1.466,1.4665,1.4683,1.4693,1.4695,1.4707,1.4721,1.4726,1.4732,1.4747,1.4744,1.4756,1.4761,1.4764,1.4756,1.4765,1.4769,1.4781,1.4773,1.4783,1.4776,1.4782,1.4788,1.4796,1.4788,1.4792,1.4795,1.4791,1.48,1.4793,1.4791,1.4795,1.479,1.481,1.4785,1.4789,1.4789,1.4783,1.4782,1.4775,1.4783,1.4785,1.478,1.4775,1.4779,1.4772,1.4773,1.4775,1.4767,1.4765
2;2,0.1332,0.1373,0.1483,0.157,0.1678,0.1816,0.1989,0.2199,0.248,0.2829,0.3269,0.3784,0.439,0.5075,0.5865,0.6651,0.7532,0.8427,0.9432,1.0338,1.1224,1.193,1.2529,1.2994,1.3294,1.3557,1.3787,1.4015,1.4165,1.4349,1.4506,1.4647,1.4722,1.4751,1.479,1.4803,1.482,1.4821,1.4842,1.4838,1.4882,1.4865,1.4913,1.4922,1.4938,1.4918,1.4953,1.4972,1.4945,1.4958,1.4984,1.4968,1.4973,1.4999,1.4989,1.5002,1.5037,1.4977,1.5003,1.5001,1.4978,1.5031,1.5029,1.5043,1.5042,1.5043,1.5044,1.5058,1.5071,1.5041,1.5079,1.5052,1.5062,1.5065,1.5058,1.5032,1.5065,1.5076,1.5077,1.5058,1.5074,1.5059,1.5053,1.5047,1.5047,1.5007,1.5039,1.4993,1.5005,1.5,1.4992,1.4982,1.5001,1.4979,1.4989,1.5001
2;3,0.1349,0.1404,0.1477,0.1513,0.1561,0.1624,0.1701,0.1803,0.1947,0.2115,0.2335,0.2577,0.2865,0.3181,0.3553,0.3921,0.4319,0.4719,0.5227,0.5695,0.6226,0.6665,0.7085,0.7452,0.7702,0.7911,0.8099,0.8286,0.8398,0.8558,0.8699,0.8858,0.8963,0.909,0.9183,0.9258,0.9353,0.9381,0.9439,0.9462,0.9518,0.9518,0.9574,0.9584,0.9608,0.9603,0.963,0.965,0.9636,0.965,0.9671,0.9649,0.9668,0.9686,0.9698,0.9695,0.9737,0.9693,0.9716,0.9716,0.9699,0.9715,0.9708,0.9736,0.9744,0.9734,0.9755,0.9764,0.978,0.9759,0.9808,0.977,0.9781,0.9784,0.9778,0.9746,0.9769,0.9795,0.9807,0.979,0.9794,0.9783,0.9783,0.9775,0.9786,0.9768,0.9799,0.9761,0.9769,0.9762,0.9749,0.9737,0.9766,0.9724,0.9734,0.9755
3;2,0.1454,0.1506,0.1578,0.1607,0.1652,0.1717,0.1781,0.1885,0.1998,0.2136,0.2323,0.2544,0.2786,0.3077,0.3406,0.3776,0.4205,0.4666,0.5213,0.5811,0.6401,0.6922,0.7425,0.7861,0.8156,0.8443,0.8675,0.89,0.9084,0.9273,0.9456,0.9648,0.9838,1.0003,1.0121,1.0241,1.0357,1.0414,1.0449,1.0516,1.0566,1.0579,1.0626,1.0648,1.0679,1.0705,1.073,1.0738,1.0705,1.0742,1.0778,1.0764,1.0794,1.0779,1.0806,1.0815,1.0849,1.0823,1.0832,1.0845,1.0818,1.0844,1.085,1.0873,1.0883,1.086,1.087,1.0887,1.0901,1.0899,1.0924,1.0924,1.0904,1.0903,1.0935,1.0901,1.0937,1.0939,1.0956,1.093,1.0952,1.0951,1.0946,1.0956,1.0969,1.0983,1.0985,1.0967,1.0971,1.0957,1.0964,1.0962,1.0968,1.0938,1.0946,1.0976
,,,,,,,,,,,,,,,,,,,,,,,,,,,,,,,,,,,,,,,,,,,,,,,,,,,,,,,,,,,,,,,,,,,,,,,,,,,,,,,,,,,,,,,,,,,,,,,,
Cycles / Well,,,,,,,,,,,,,,,,,,,,,,,,,,,,,,,,,,,,,,,,,,,,,,,,,,,,,,,,,,,,,,,,,,,,,,,,,,,,,,,,,,,,,,,,,,,,,,,,
H4,1,2,3,4,5,6,7,8,9,10,11,12,13,14,15,16,17,18,19,20,21,22,23,24,25,26,27,28,29,30,31,32,33,34,35,36,37,38,39,40,41,42,43,44,45,46,47,48,49,50,51,52,53,54,55,56,57,58,59,60,61,62,63,64,65,66,67,68,69,70,71,72,73,74,75,76,77,78,79,80,81,82,83,84,85,86,87,88,89,90,91,92,93,94,95,96
Time [s],0,1799.821,3599.758,5399.669,7199.591,8999.513,10799.454,12599.368,14399.281,16199.217,17999.132,19799.048,21598.968,23398.907,25198.816,26998.729,28798.66,30598.612,32398.504,34198.422,35998.348,37798.293,39598.197,41398.12,43198.051,44997.975,46797.9,48597.816,50397.749,52197.631,53997.556,55797.465,57597.39,59397.304,61197.232,62997.141,64797.066,66596.996,68396.927,70196.835,71996.75,73796.684,75596.611,77396.528,79196.461,80996.395,82796.296,84596.214,86396.144,88196.085,89995.979,91795.899,93595.822,95395.741,97195.669,98995.594,100795.52,102595.43,104395.36,106195.269,107995.204,109795.106,111595.047,113394.962,115194.873,116994.792,118794.719,120594.63,122394.557,124194.487,125994.397,127794.312,129594.227,131394.143,133194.064,134993.983,136793.918,138593.83,140393.768,142193.687,143993.61,145793.539,147593.44,149393.349,151193.294,152993.201,154793.136,156593.059,158392.972,160192.914,161992.825,163792.732,165592.675,167392.569,169192.493,170992.414
Temp. [°C],19.6,29.9,29.9,30,30,30,30,29.9,30,30,30,30.1,30.1,30,30,30,30,30,30,30,30,30,30,30,30,30.1,30.1,30,30,30,30,30,30,30,30,30,30,30,30,30,30,30,30,30,30,30,30,30,30,30,30,30,30,30,30,30,30,30,30,29.9,30,30,30,30,30,30,30,30,30.1,30,30.1,30.1,30,30,30,30,30,29.9,30,30,30,30,30,30,30,30,30,30,30.1,30,30,30,30,30,30,30
Mean,0.13242,0.13944,0.14938,0.15428,0.1566,0.15796,0.15992,0.16236,0.1657,0.16928,0.17398,0.1794,0.18576,0.19306,0.20104,0.21042,0.22148,0.23322,0.24768,0.26286,0.28048,0.29956,0.32058,0.34414,0.36678,0.3931,0.42082,0.45084,0.48206,0.51622,0.55168,0.5893,0.6249,0.65908,0.692,0.71936,0.74364,0.764,0.7818,0.79658,0.81182,0.823,0.83616,0.84702,0.8593,0.86898,0.88036,0.89106,0.89864,0.90758,0.91576,0.9226,0.93018,0.93448,0.93714,0.94002,0.94252,0.94206,0.94424,0.94404,0.94354,0.94546,0.9455,0.94598,0.94666,0.94584,0.94534,0.94568,0.9452,0.9427,0.94398,0.94234,0.94136,0.94092,0.9398,0.93724,0.9379,0.93744,0.93672,0.93548,0.93496,0.93382,0.93268,0.93132,0.93016,0.92824,0.9288,0.92714,0.92654,0.92568,0.9246,0.92366,0.92366,0.92266,0.9218,0.92196
StDev,0.002338162,0.001844722,0.00551788,0.008829043,0.010446531,0.011001273,0.011634732,0.012511715,0.013373481,0.014786548,0.016526554,0.018416976,0.02085229,0.023466316,0.026870579,0.030599624,0.035500592,0.040702789,0.047861749,0.054665739,0.062579485,0.071726515,0.081868871,0.09325263,0.105150854,0.11839356,0.132976396,0.148067225,0.164434677,0.181775251,0.198968482,0.21597949,0.233640664,0.247506681,0.260674989,0.269443209,0.276138603,0.282830815,0.288516031,0.292895565,0.2969517,0.30121445,0.304970987,0.309494454,0.312337454,0.316716012,0.319674785,0.322316728,0.32631558,0.327470238,0.328071841,0.330812628,0.330238137,0.331808397,0.331692415,0.33182886,0.329869,0.330354163,0.32942722,0.329537119,0.329935369,0.329868622,0.330245061,0.329464182,0.32931187,0.329460511,0.329157262,0.328380971,0.327861442,0.32763965,0.327733454,0.32818886,0.328423862,0.328507218,0.327198541,0.328480529,0.327829376,0.326315772,0.326532919,0.327542634,0.325919719,0.325494235,0.325318916,0.324603777,0.323318926,0.323283008,0.322170716,0.323319166,0.323311557,0.322703249,0.322315738,0.322852634,0.320846526,0.321735307,0.321138054,0.320006911
1;2,0.1335,0.1422,0.1579,0.1671,0.1714,0.1735,0.1764,0.1801,0.1848,0.1903,0.1975,0.2056,0.2155,0.2267,0.2395,0.2545,0.2727,0.2924,0.3175,0.3431,0.3726,0.406,0.4426,0.4842,0.5254,0.5729,0.6244,0.6783,0.7361,0.7978,0.8603,0.9244,0.9879,1.0425,1.0951,1.1355,1.1682,1.1977,1.2234,1.2441,1.2648,1.2822,1.2997,1.3175,1.3323,1.3487,1.3641,1.377,1.3903,1.3994,1.4072,1.4177,1.4226,1.4275,1.43,1.4322,1.4303,1.4312,1.4316,1.4318,1.432,1.4334,1.4352,1.4347,1.4352,1.4337,1.4332,1.4328,1.4316,1.4293,1.4309,1.4308,1.4298,1.4296,1.4272,1.4271,1.4263,1.4237,1.4235,1.4242,1.4212,1.4194,1.4186,1.4158,1.4134,1.4116,1.4103,1.4109,1.4105,1.4089,1.4072,1.4081,1.4043,1.4047,1.4029,1.4011
2;1,0.1307,0.1391,0.1481,0.1529,0.1559,0.1577,0.1595,0.162,0.1649,0.1681,0.1722,0.1771,0.1832,0.1892,0.1959,0.2041,0.2139,0.2243,0.2367,0.2502,0.2655,0.2827,0.3018,0.3225,0.3448,0.3701,0.396,0.4248,0.4574,0.4907,0.5277,0.5631,0.6024,0.6402,0.6775,0.7095,0.736,0.7617,0.7816,0.8007,0.8162,0.831,0.8444,0.8592,0.8713,0.8867,0.8975,0.9097,0.9223,0.9336,0.9432,0.9546,0.9621,0.9695,0.9738,0.9782,0.9777,0.9807,0.9798,0.9812,0.981,0.98,0.9801,0.9777,0.9774,0.9775,0.9756,0.9747,0.974,0.9727,0.9694,0.9687,0.9686,0.9674,0.9647,0.9655,0.9629,0.9609,0.9594,0.9593,0.9569,0.9563,0.9539,0.9542,0.9517,0.9519,0.9493,0.9502,0.9486,0.9474,0.9471,0.9475,0.9434,0.9452,0.9445,0.943
2;2,0.1304,0.1382,0.1514,0.1587,0.1619,0.1633,0.1656,0.1684,0.1722,0.1768,0.1826,0.1892,0.1967,0.2056,0.2158,0.227,0.2407,0.2546,0.2726,0.2905,0.3119,0.334,0.3588,0.3859,0.4115,0.4405,0.4705,0.5038,0.5357,0.573,0.6106,0.6532,0.6892,0.7262,0.7604,0.7874,0.8156,0.8359,0.8552,0.8693,0.8869,0.8969,0.9138,0.9225,0.9395,0.9455,0.9592,0.9732,0.9784,0.9889,0.9987,1.0034,1.0145,1.0203,1.0214,1.0248,1.0322,1.0275,1.0329,1.0309,1.03,1.0354,1.033,1.0354,1.0367,1.037,1.0367,1.0369,1.0363,1.0317,1.0365,1.0324,1.0316,1.0316,1.03,1.0239,1.0281,1.0282,1.0278,1.0251,1.0257,1.024,1.0226,1.0204,1.0185,1.0144,1.0176,1.0131,1.0129,1.0118,1.01,1.0059,1.0104,1.0072,1.0061,1.0078
2;3,0.1315,0.1375,0.1442,0.1467,0.1475,0.1485,0.1498,0.1512,0.1536,0.1561,0.1595,0.1633,0.1677,0.1732,0.1791,0.1856,0.1928,0.2007,0.2102,0.2206,0.2323,0.2442,0.257,0.272,0.2844,0.2986,0.314,0.3314,0.347,0.3658,0.3846,0.4072,0.4248,0.4438,0.4623,0.48,0.496,0.5075,0.519,0.5275,0.5376,0.5442,0.5533,0.5582,0.567,0.5715,0.5801,0.5877,0.5907,0.5963,0.6029,0.6064,0.6119,0.615,0.6168,0.6191,0.6224,0.6202,0.6238,0.6239,0.6223,0.6259,0.6248,0.6274,0.6274,0.6265,0.6269,0.6271,0.6269,0.6255,0.6272,0.6242,0.6239,0.6236,0.6241,0.6199,0.6215,0.623,0.6222,0.6204,0.6214,0.6203,0.6194,0.6186,0.6185,0.6159,0.6175,0.6149,0.6145,0.6146,0.6135,0.6116,0.6145,0.6122,0.6118,0.6128
3;2,0.136,0.1402,0.1453,0.146,0.1463,0.1468,0.1483,0.1501,0.153,0.1551,0.1581,0.1618,0.1657,0.1706,0.1749,0.1809,0.1873,0.1941,0.2014,0.2099,0.2201,0.2309,0.2427,0.2561,0.2678,0.2834,0.2992,0.3159,0.3341,0.3538,0.3752,0.3986,0.4202,0.4427,0.4647,0.4844,0.5024,0.5172,0.5298,0.5413,0.5536,0.5607,0.5696,0.5777,0.5864,0.5925,0.6009,0.6077,0.6115,0.6197,0.6268,0.6309,0.6398,0.6401,0.6437,0.6458,0.65,0.6507,0.6531,0.6524,0.6524,0.6526,0.6544,0.6547,0.6566,0.6545,0.6543,0.6569,0.6572,0.6543,0.6559,0.6556,0.6529,0.6524,0.653,0.6498,0.6507,0.6514,0.6507,0.6484,0.6496,0.6491,0.6489,0.6476,0.6487,0.6474,0.6493,0.6466,0.6462,0.6457,0.6452,0.6452,0.6457,0.644,0.6437,0.6451
,,,,,,,,,,,,,,,,,,,,,,,,,,,,,,,,,,,,,,,,,,,,,,,,,,,,,,,,,,,,,,,,,,,,,,,,,,,,,,,,,,,,,,,,,,,,,,,,
Cycles / Well,,,,,,,,,,,,,,,,,,,,,,,,,,,,,,,,,,,,,,,,,,,,,,,,,,,,,,,,,,,,,,,,,,,,,,,,,,,,,,,,,,,,,,,,,,,,,,,,
H5,1,2,3,4,5,6,7,8,9,10,11,12,13,14,15,16,17,18,19,20,21,22,23,24,25,26,27,28,29,30,31,32,33,34,35,36,37,38,39,40,41,42,43,44,45,46,47,48,49,50,51,52,53,54,55,56,57,58,59,60,61,62,63,64,65,66,67,68,69,70,71,72,73,74,75,76,77,78,79,80,81,82,83,84,85,86,87,88,89,90,91,92,93,94,95,96
Time [s],0,1799.821,3599.758,5399.669,7199.591,8999.513,10799.454,12599.368,14399.281,16199.217,17999.132,19799.048,21598.968,23398.907,25198.816,26998.729,28798.66,30598.612,32398.504,34198.422,35998.348,37798.293,39598.197,41398.12,43198.051,44997.975,46797.9,48597.816,50397.749,52197.631,53997.556,55797.465,57597.39,59397.304,61197.232,62997.141,64797.066,66596.996,68396.927,70196.835,71996.75,73796.684,75596.611,77396.528,79196.461,80996.395,82796.296,84596.214,86396.144,88196.085,89995.979,91795.899,93595.822,95395.741,97195.669,98995.594,100795.52,102595.43,104395.36,106195.269,107995.204,109795.106,111595.047,113394.962,115194.873,116994.792,118794.719,120594.63,122394.557,124194.487,125994.397,127794.312,129594.227,131394.143,133194.064,134993.983,136793.918,138593.83,140393.768,142193.687,143993.61,145793.539,147593.44,149393.349,151193.294,152993.201,154793.136,156593.059,158392.972,160192.914,161992.825,163792.732,165592.675,167392.569,169192.493,170992.414
Temp. [°C],19.6,29.9,29.9,30,30,30,30,29.9,30,30,30,30.1,30.1,30,30,30,30,30,30,30,30,30,30,30,30,30.1,30.1,30,30,30,30,30,30,30,30,30,30,30,30,30,30,30,30,30,30,30,30,30,30,30,30,30,30,30,30,30,30,30,30,29.9,30,30,30,30,30,30,30,30,30.1,30,30.1,30.1,30,30,30,30,30,29.9,30,30,30,30,30,30,30,30,30,30,30.1,30,30,30,30,30,30,30
Mean,0.12226,0.12356,0.12846,0.13254,0.138,0.14542,0.15612,0.17032,0.19028,0.21514,0.24758,0.28862,0.33776,0.39648,0.46386,0.53602,0.61372,0.6948,0.77836,0.85512,0.9275,0.98826,1.04174,1.08712,1.11856,1.14726,1.17218,1.19484,1.21284,1.23022,1.24526,1.25892,1.2711,1.28176,1.29048,1.29918,1.30888,1.31836,1.32718,1.33532,1.34488,1.35162,1.35946,1.36474,1.37304,1.37764,1.3849,1.3907,1.39492,1.40004,1.4052,1.40866,1.4124,1.41602,1.41974,1.42314,1.4267,1.42878,1.43196,1.43404,1.43522,1.43828,1.44002,1.44256,1.44422,1.44548,1.4477,1.44942,1.45126,1.45318,1.45492,1.45554,1.4575,1.4587,1.45972,1.46146,1.46288,1.46452,1.46582,1.46636,1.46788,1.46946,1.4704,1.47168,1.47304,1.4738,1.4752,1.4761,1.47696,1.47828,1.47896,1.48016,1.48164,1.4821,1.48264,1.48442
StDev,0.004864977,0.003687547,0.003377573,0.003303483,0.003261901,0.003410572,0.004917011,0.00754533,0.01280535,0.020683641,0.031056272,0.046067961,0.066641751,0.091156196,0.119843577,0.150975584,0.183195448,0.216685313,0.24600899,0.267710809,0.282845364,0.291664256,0.29527547,0.295491475,0.295997978,0.295253608,0.294216752,0.29347319,0.292323405,0.291275655,0.28881473,0.285741434,0.281336027,0.274435745,0.269077567,0.260955469,0.253284222,0.243546983,0.236383929,0.226338766,0.217001836,0.208244753,0.20031481,0.192816955,0.184368267,0.177924248,0.169158831,0.161366121,0.15582356,0.148493865,0.142714453,0.138233039,0.13351543,0.129261468,0.124414662,0.12048968,0.116980062,0.113307974,0.110447399,0.108193868,0.105250378,0.103538626,0.101114178,0.099472599,0.097274287,0.096123109,0.094044963,0.092093252,0.090755567,0.088582769,0.087366052,0.085944534,0.084443472,0.083413069,0.081667937,0.080668073,0.07918969,0.077699852,0.076937423,0.075200751,0.075094587,0.073830874,0.072767129,0.071635201,0.070857448,0.069863975,0.068661962,0.068172318,0.067277136,0.066056128,0.065444503,0.064823938,0.063919504,0.063001944,0.062539452,0.0618221
1;2,0.129,0.1211,0.1261,0.1302,0.1363,0.1448,0.1576,0.1753,0.2007,0.2345,0.2788,0.3376,0.4122,0.5024,0.6058,0.7193,0.8384,0.962,1.0778,1.1753,1.2537,1.3132,1.3575,1.389,1.4139,1.4343,1.4509,1.4652,1.4788,1.4907,1.5,1.5065,1.5125,1.5145,1.5163,1.517,1.5197,1.5198,1.5222,1.5216,1.5226,1.5232,1.5237,1.5241,1.5252,1.5263,1.527,1.5271,1.5277,1.5279,1.5283,1.5287,1.5291,1.5299,1.5292,1.5301,1.5298,1.5298,1.5299,1.5305,1.5293,1.5316,1.5304,1.5313,1.5308,1.5308,1.5315,1.5315,1.5323,1.5319,1.5326,1.5324,1.5323,1.5329,1.5315,1.5334,1.5335,1.5335,1.5339,1.5334,1.5346,1.5345,1.535,1.5351,1.5356,1.5352,1.5354,1.5364,1.5361,1.5359,1.5363,1.537,1.5369,1.5371,1.5366,1.5382
2;1,0.1196,0.1237,0.1288,0.1336,0.1403,0.1493,0.1626,0.1791,0.2033,0.2324,0.2685,0.3143,0.3676,0.4294,0.5011,0.5773,0.6617,0.7509,0.8444,0.932,1.0168,1.0884,1.1526,1.2034,1.2394,1.2715,1.2977,1.3225,1.3428,1.3608,1.3777,1.3901,1.401,1.4088,1.415,1.42,1.4251,1.4293,1.4323,1.4369,1.4413,1.4433,1.4469,1.4484,1.4511,1.4525,1.455,1.456,1.4574,1.4589,1.4608,1.4626,1.4639,1.4655,1.4665,1.4672,1.469,1.4703,1.4716,1.4734,1.473,1.4735,1.4755,1.4765,1.4777,1.4792,1.48,1.4811,1.4818,1.4835,1.4843,1.4843,1.4863,1.4867,1.4867,1.4885,1.4892,1.4892,1.4908,1.4909,1.4927,1.4938,1.4944,1.4951,1.4965,1.4966,1.4977,1.4987,1.4988,1.5,1.5003,1.5019,1.5026,1.5036,1.5033,1.5048
2;2,0.119,0.1214,0.1264,0.1305,0.1362,0.144,0.1555,0.1713,0.1938,0.2227,0.2616,0.3109,0.3713,0.4428,0.5249,0.61,0.7005,0.7938,0.8907,0.9774,1.0606,1.1282,1.1867,1.2392,1.2719,1.3026,1.3301,1.3556,1.3723,1.3913,1.4052,1.4188,1.4298,1.4389,1.4464,1.4517,1.4576,1.4634,1.4712,1.4743,1.4799,1.4822,1.4868,1.4884,1.4937,1.495,1.4976,1.4999,1.5019,1.5033,1.5056,1.506,1.5079,1.5084,1.5102,1.5115,1.5139,1.5132,1.5155,1.5152,1.5148,1.5174,1.5175,1.52,1.5201,1.5206,1.5211,1.5218,1.5228,1.5232,1.5246,1.5241,1.5253,1.5257,1.5271,1.5268,1.5272,1.5284,1.5292,1.5278,1.5294,1.5308,1.53,1.5309,1.5315,1.5323,1.5326,1.5326,1.5336,1.5343,1.5344,1.5347,1.5366,1.5351,1.5366,1.5372
2;3,0.1179,0.1217,0.1268,0.1305,0.1347,0.1408,0.1489,0.1601,0.1758,0.1947,0.22,0.251,0.2877,0.3326,0.3846,0.4408,0.5023,0.5682,0.6426,0.7147,0.79,0.8565,0.9178,0.9736,1.0112,1.0459,1.078,1.1067,1.1282,1.1492,1.1666,1.1864,1.2008,1.2139,1.2253,1.2359,1.249,1.261,1.271,1.2792,1.2912,1.2979,1.3075,1.3114,1.3213,1.3235,1.3317,1.3378,1.3399,1.3436,1.3499,1.3531,1.3552,1.3595,1.364,1.3676,1.3723,1.3725,1.3771,1.3796,1.3812,1.385,1.3873,1.3901,1.3925,1.3934,1.3975,1.3989,1.4019,1.4045,1.4063,1.4068,1.4093,1.4111,1.4117,1.4136,1.4159,1.4196,1.4205,1.4218,1.4229,1.4246,1.4271,1.4285,1.4305,1.431,1.4336,1.4341,1.4351,1.4367,1.4376,1.4388,1.4408,1.4418,1.4421,1.4448
3;2,0.1258,0.1299,0.1342,0.1379,0.1425,0.1482,0.156,0.1658,0.1778,0.1914,0.209,0.2293,0.25,0.2752,0.3029,0.3327,0.3657,0.3991,0.4363,0.4762,0.5164,0.555,0.5941,0.6304,0.6564,0.682,0.7042,0.7242,0.7421,0.7591,0.7768,0.7928,0.8114,0.8327,0.8494,0.8713,0.893,0.9183,0.9392,0.9646,0.9894,1.0115,1.0324,1.0514,1.0739,1.0909,1.1132,1.1327,1.1477,1.1665,1.1814,1.1929,1.2059,1.2168,1.2288,1.2393,1.2485,1.2581,1.2657,1.2715,1.2778,1.2839,1.2894,1.2949,1.3,1.3034,1.3084,1.3138,1.3175,1.3228,1.3268,1.3301,1.3343,1.3371,1.3416,1.345,1.3486,1.3519,1.3547,1.3579,1.3598,1.3636,1.3655,1.3688,1.3711,1.3739,1.3767,1.3787,1.3812,1.3845,1.3862,1.3884,1.3913,1.3929,1.3946,1.3971
,,,,,,,,,,,,,,,,,,,,,,,,,,,,,,,,,,,,,,,,,,,,,,,,,,,,,,,,,,,,,,,,,,,,,,,,,,,,,,,,,,,,,,,,,,,,,,,,
Cycles / Well,,,,,,,,,,,,,,,,,,,,,,,,,,,,,,,,,,,,,,,,,,,,,,,,,,,,,,,,,,,,,,,,,,,,,,,,,,,,,,,,,,,,,,,,,,,,,,,,
H6,1,2,3,4,5,6,7,8,9,10,11,12,13,14,15,16,17,18,19,20,21,22,23,24,25,26,27,28,29,30,31,32,33,34,35,36,37,38,39,40,41,42,43,44,45,46,47,48,49,50,51,52,53,54,55,56,57,58,59,60,61,62,63,64,65,66,67,68,69,70,71,72,73,74,75,76,77,78,79,80,81,82,83,84,85,86,87,88,89,90,91,92,93,94,95,96
Time [s],0,1799.821,3599.758,5399.669,7199.591,8999.513,10799.454,12599.368,14399.281,16199.217,17999.132,19799.048,21598.968,23398.907,25198.816,26998.729,28798.66,30598.612,32398.504,34198.422,35998.348,37798.293,39598.197,41398.12,43198.051,44997.975,46797.9,48597.816,50397.749,52197.631,53997.556,55797.465,57597.39,59397.304,61197.232,62997.141,64797.066,66596.996,68396.927,70196.835,71996.75,73796.684,75596.611,77396.528,79196.461,80996.395,82796.296,84596.214,86396.144,88196.085,89995.979,91795.899,93595.822,95395.741,97195.669,98995.594,100795.52,102595.43,104395.36,106195.269,107995.204,109795.106,111595.047,113394.962,115194.873,116994.792,118794.719,120594.63,122394.557,124194.487,125994.397,127794.312,129594.227,131394.143,133194.064,134993.983,136793.918,138593.83,140393.768,142193.687,143993.61,145793.539,147593.44,149393.349,151193.294,152993.201,154793.136,156593.059,158392.972,160192.914,161992.825,163792.732,165592.675,167392.569,169192.493,170992.414
Temp. [°C],19.6,29.9,29.9,30,30,30,30,29.9,30,30,30,30.1,30.1,30,30,30,30,30,30,30,30,30,30,30,30,30.1,30.1,30,30,30,30,30,30,30,30,30,30,30,30,30,30,30,30,30,30,30,30,30,30,30,30,30,30,30,30,30,30,30,30,29.9,30,30,30,30,30,30,30,30,30.1,30,30.1,30.1,30,30,30,30,30,29.9,30,30,30,30,30,30,30,30,30,30,30.1,30,30,30,30,30,30,30
Mean,0.15002,0.16022,0.1804,0.19342,0.20868,0.22768,0.25452,0.28774,0.32938,0.37852,0.43566,0.49848,0.56774,0.64486,0.729,0.81586,0.90022,0.9755,1.04332,1.09742,1.14242,1.17862,1.21712,1.2573,1.2957,1.3413,1.38816,1.4239,1.45236,1.47446,1.48858,1.49736,1.5029,1.50766,1.5107,1.513,1.51654,1.51812,1.52012,1.52208,1.52492,1.5264,1.52846,1.5288,1.53146,1.53222,1.53394,1.53504,1.53594,1.53748,1.5392,1.53998,1.54076,1.54208,1.54288,1.5441,1.54538,1.54554,1.54722,1.5474,1.54628,1.54844,1.5489,1.55044,1.55062,1.55122,1.55222,1.55276,1.5543,1.55486,1.55608,1.55592,1.55676,1.55714,1.55842,1.55794,1.5588,1.5602,1.56078,1.56222,1.5617,1.56274,1.56274,1.56328,1.56444,1.56494,1.56572,1.56596,1.5668,1.56674,1.5673,1.568,1.56862,1.56898,1.56898,1.57054
StDev,0.007648987,0.005578261,0.010003749,0.016568404,0.023884556,0.033602113,0.0461274,0.062996651,0.08567136,0.112567389,0.143210782,0.178694116,0.217985821,0.257061176,0.29649683,0.3335629,0.362811621,0.38087072,0.382615992,0.380610611,0.3725531,0.363064549,0.345641023,0.319782528,0.292799343,0.254551458,0.210650049,0.182114634,0.160544147,0.138367095,0.123310308,0.112891111,0.106130792,0.100809464,0.09756977,0.094399735,0.091322248,0.089630001,0.088606444,0.086779185,0.084639453,0.083587559,0.082116582,0.081671782,0.079604824,0.079353242,0.077793721,0.07707654,0.077054319,0.075251126,0.074709939,0.073948543,0.073522262,0.072479977,0.072163994,0.071358601,0.07037874,0.070006664,0.068982983,0.068885594,0.068715697,0.068341627,0.067540173,0.067424647,0.066172857,0.066222179,0.065768549,0.064958086,0.063893466,0.063974315,0.063402185,0.063431475,0.06267482,0.062058907,0.061344943,0.061752838,0.060974462,0.060509297,0.059699012,0.059276277,0.059195777,0.058733704,0.058989304,0.058432671,0.058076958,0.05787839,0.057209151,0.057453399,0.056684433,0.056717131,0.056559924,0.055886403,0.055519114,0.055810814,0.0553082,0.054604606
1;2,0.161,0.1599,0.1917,0.2119,0.2347,0.2645,0.3048,0.357,0.4254,0.5069,0.5995,0.7028,0.8143,0.929,1.0443,1.1539,1.2474,1.3206,1.3734,1.415,1.446,1.4688,1.4894,1.5051,1.5218,1.5378,1.5525,1.5682,1.5808,1.5847,1.5878,1.5881,1.5888,1.5892,1.5898,1.5894,1.5887,1.5906,1.5911,1.5923,1.5927,1.5937,1.5943,1.5939,1.5948,1.5958,1.5961,1.5962,1.5975,1.5972,1.5982,1.5979,1.5988,1.5993,1.5991,1.6001,1.5999,1.6001,1.6003,1.6006,1.5988,1.6005,1.6008,1.6018,1.6015,1.6021,1.6024,1.6021,1.6031,1.603,1.6035,1.6041,1.6038,1.6034,1.6053,1.6048,1.604,1.6053,1.6048,1.6043,1.6054,1.6056,1.606,1.6061,1.6065,1.6065,1.6068,1.6073,1.6075,1.607,1.6077,1.6079,1.6076,1.6085,1.6078,1.6085
2;1,0.1491,0.1654,0.1846,0.2011,0.2199,0.2425,0.2735,0.3127,0.3614,0.42,0.4867,0.5664,0.6556,0.7522,0.8573,0.9716,1.0836,1.1815,1.2556,1.3157,1.3579,1.3913,1.4197,1.4428,1.4642,1.4841,1.5026,1.5214,1.5381,1.5482,1.5534,1.5566,1.5585,1.5601,1.5624,1.5635,1.5658,1.5663,1.5679,1.5698,1.5714,1.5727,1.5737,1.5735,1.5752,1.5757,1.5769,1.5769,1.5783,1.579,1.5799,1.5812,1.5815,1.5824,1.5833,1.5834,1.5843,1.5852,1.5857,1.5863,1.5856,1.5883,1.5869,1.5882,1.588,1.5893,1.5896,1.5896,1.5899,1.5921,1.5922,1.5922,1.5927,1.5936,1.5942,1.5942,1.5948,1.5957,1.5958,1.5978,1.5968,1.5979,1.5982,1.5986,1.5994,1.6005,1.6003,1.6015,1.6017,1.602,1.6023,1.6027,1.6038,1.6048,1.6043,1.6056
2;2,0.1435,0.1577,0.1845,0.2015,0.2215,0.2468,0.2826,0.3264,0.3816,0.4447,0.5207,0.601,0.6918,0.7964,0.9153,1.0346,1.1481,1.2429,1.3223,1.3763,1.4186,1.4479,1.4727,1.4934,1.5101,1.5288,1.5465,1.5641,1.5773,1.5849,1.5882,1.5898,1.5897,1.591,1.5905,1.5901,1.5927,1.5916,1.5935,1.5924,1.5942,1.5942,1.5956,1.5963,1.5972,1.5975,1.5978,1.5994,1.5995,1.5998,1.6018,1.6016,1.6018,1.6022,1.6032,1.604,1.605,1.6037,1.6057,1.6052,1.604,1.6054,1.606,1.608,1.6064,1.6065,1.6078,1.6079,1.6088,1.6088,1.6105,1.6095,1.6102,1.6096,1.6094,1.6093,1.6104,1.6114,1.6117,1.6135,1.6118,1.6126,1.6125,1.6124,1.6138,1.6139,1.6146,1.6142,1.6146,1.6147,1.6151,1.6151,1.6154,1.6152,1.6153,1.6164
2;3,0.1426,0.1524,0.1658,0.1715,0.1781,0.1863,0.1989,0.2132,0.2309,0.2494,0.2719,0.2933,0.3154,0.3445,0.3775,0.4104,0.448,0.488,0.542,0.5869,0.635,0.6759,0.7282,0.7933,0.8647,0.9633,1.078,1.1632,1.2274,1.2857,1.3244,1.3506,1.3665,1.3804,1.388,1.3951,1.4035,1.4085,1.4131,1.4168,1.4218,1.4251,1.4293,1.4309,1.4359,1.4376,1.441,1.4436,1.4451,1.4486,1.451,1.4525,1.4539,1.4573,1.4581,1.4612,1.4635,1.4638,1.4667,1.4669,1.4657,1.4687,1.4707,1.4721,1.4739,1.4744,1.4755,1.4766,1.4792,1.4801,1.4822,1.4815,1.4837,1.4847,1.4868,1.4851,1.4873,1.4896,1.4906,1.4916,1.4919,1.4932,1.493,1.4939,1.495,1.4963,1.4978,1.4972,1.4988,1.4987,1.5,1.5011,1.5022,1.5015,1.5024,1.5045
3;2,0.1539,0.1657,0.1754,0.1811,0.1892,0.1983,0.2128,0.2294,0.2476,0.2716,0.2995,0.3289,0.3616,0.4022,0.4506,0.5088,0.574,0.6445,0.7233,0.7932,0.8546,0.9092,0.9756,1.0519,1.1177,1.1925,1.2612,1.3026,1.3382,1.3688,1.3891,1.4017,1.411,1.4176,1.4228,1.4269,1.432,1.4336,1.435,1.4391,1.4445,1.4463,1.4494,1.4494,1.4542,1.4545,1.4579,1.4591,1.4593,1.4628,1.4651,1.4667,1.4678,1.4692,1.4707,1.4718,1.4742,1.4749,1.4777,1.478,1.4773,1.4793,1.4801,1.4821,1.4833,1.4838,1.4858,1.4876,1.4905,1.4903,1.492,1.4923,1.4934,1.4944,1.4964,1.4963,1.4975,1.499,1.501,1.5039,1.5026,1.5044,1.504,1.5054,1.5075,1.5075,1.5091,1.5096,1.5114,1.5113,1.5114,1.5132,1.5141,1.5149,1.5151,1.5177
,,,,,,,,,,,,,,,,,,,,,,,,,,,,,,,,,,,,,,,,,,,,,,,,,,,,,,,,,,,,,,,,,,,,,,,,,,,,,,,,,,,,,,,,,,,,,,,,
Cycles / Well,,,,,,,,,,,,,,,,,,,,,,,,,,,,,,,,,,,,,,,,,,,,,,,,,,,,,,,,,,,,,,,,,,,,,,,,,,,,,,,,,,,,,,,,,,,,,,,,
H7,1,2,3,4,5,6,7,8,9,10,11,12,13,14,15,16,17,18,19,20,21,22,23,24,25,26,27,28,29,30,31,32,33,34,35,36,37,38,39,40,41,42,43,44,45,46,47,48,49,50,51,52,53,54,55,56,57,58,59,60,61,62,63,64,65,66,67,68,69,70,71,72,73,74,75,76,77,78,79,80,81,82,83,84,85,86,87,88,89,90,91,92,93,94,95,96
Time [s],0,1799.821,3599.758,5399.669,7199.591,8999.513,10799.454,12599.368,14399.281,16199.217,17999.132,19799.048,21598.968,23398.907,25198.816,26998.729,28798.66,30598.612,32398.504,34198.422,35998.348,37798.293,39598.197,41398.12,43198.051,44997.975,46797.9,48597.816,50397.749,52197.631,53997.556,55797.465,57597.39,59397.304,61197.232,62997.141,64797.066,66596.996,68396.927,70196.835,71996.75,73796.684,75596.611,77396.528,79196.461,80996.395,82796.296,84596.214,86396.144,88196.085,89995.979,91795.899,93595.822,95395.741,97195.669,98995.594,100795.52,102595.43,104395.36,106195.269,107995.204,109795.106,111595.047,113394.962,115194.873,116994.792,118794.719,120594.63,122394.557,124194.487,125994.397,127794.312,129594.227,131394.143,133194.064,134993.983,136793.918,138593.83,140393.768,142193.687,143993.61,145793.539,147593.44,149393.349,151193.294,152993.201,154793.136,156593.059,158392.972,160192.914,161992.825,163792.732,165592.675,167392.569,169192.493,170992.414
Temp. [°C],19.6,29.9,29.9,30,30,30,30,29.9,30,30,30,30.1,30.1,30,30,30,30,30,30,30,30,30,30,30,30,30.1,30.1,30,30,30,30,30,30,30,30,30,30,30,30,30,30,30,30,30,30,30,30,30,30,30,30,30,30,30,30,30,30,30,30,29.9,30,30,30,30,30,30,30,30,30.1,30,30.1,30.1,30,30,30,30,30,29.9,30,30,30,30,30,30,30,30,30,30,30.1,30,30,30,30,30,30,30
Mean,0.13382,0.1396,0.15006,0.15806,0.1656,0.17386,0.18286,0.19248,0.2038,0.2157,0.22936,0.24522,0.26368,0.28442,0.30772,0.33264,0.36058,0.39166,0.42488,0.4602,0.49994,0.54164,0.58716,0.63854,0.69572,0.75862,0.82312,0.8858,0.9426,0.99476,1.03646,1.0762,1.11088,1.1416,1.17234,1.19828,1.22246,1.24456,1.26678,1.28456,1.30164,1.31632,1.33384,1.34744,1.36178,1.37142,1.38178,1.39084,1.3994,1.40538,1.41172,1.41836,1.42388,1.42942,1.4347,1.44026,1.44548,1.44846,1.4536,1.45586,1.45924,1.46376,1.46718,1.47122,1.47376,1.47676,1.48014,1.48288,1.48616,1.4879,1.49128,1.49326,1.49598,1.49794,1.49962,1.50106,1.50386,1.50636,1.50842,1.50998,1.51146,1.51328,1.51466,1.5164,1.51776,1.5188,1.52096,1.52188,1.52344,1.52468,1.52574,1.52732,1.52882,1.52992,1.53086,1.5331
StDev,0.005082519,0.002585537,0.003810249,0.006559954,0.00902635,0.011996166,0.01535653,0.018995052,0.022912988,0.028017851,0.033985924,0.041145498,0.049882482,0.060395588,0.072337902,0.08603411,0.100353959,0.116607088,0.132797767,0.149633018,0.167061106,0.184867839,0.202731517,0.220117123,0.23871231,0.257069907,0.271914117,0.281907272,0.287709949,0.290357629,0.291122462,0.288810362,0.284929109,0.279844332,0.274101912,0.26626167,0.258634342,0.251783057,0.244379934,0.236274032,0.228208267,0.220094223,0.211566309,0.202325488,0.193085414,0.187643071,0.182859925,0.177928379,0.174298322,0.170975048,0.168682207,0.165786468,0.16369263,0.161185614,0.158676605,0.157352655,0.155560638,0.154660961,0.152656608,0.152078986,0.151125057,0.149668995,0.149416639,0.147854851,0.14753099,0.145067667,0.144205697,0.142955227,0.141512219,0.14022309,0.140436292,0.138968011,0.138785615,0.137308041,0.135971273,0.135817554,0.13484507,0.133485947,0.132925908,0.132169331,0.131023597,0.129649882,0.129216303,0.128108255,0.127613295,0.12666134,0.12571797,0.125425783,0.124611729,0.124454719,0.123417272,0.122939688,0.122234782,0.121828884,0.121054484,0.120083117
1;2,0.141,0.1394,0.1534,0.1645,0.1746,0.1861,0.1983,0.2116,0.2271,0.244,0.2627,0.2855,0.3121,0.3423,0.3759,0.4147,0.4553,0.5033,0.551,0.6037,0.6616,0.7209,0.7865,0.8537,0.9319,1.0169,1.0964,1.1669,1.2301,1.2833,1.3254,1.3596,1.3884,1.4147,1.4377,1.453,1.4684,1.4815,1.4954,1.506,1.5134,1.5211,1.5275,1.532,1.535,1.5412,1.5456,1.5489,1.5547,1.5568,1.5605,1.5654,1.5691,1.5722,1.5749,1.579,1.5811,1.5839,1.585,1.5878,1.5918,1.5931,1.5974,1.5991,1.6016,1.6011,1.6026,1.6041,1.6051,1.6055,1.6086,1.6104,1.6135,1.6134,1.6132,1.6153,1.6171,1.6177,1.6183,1.6187,1.6191,1.6193,1.6205,1.6208,1.6218,1.6213,1.6224,1.623,1.625,1.6254,1.6247,1.627,1.6264,1.6282,1.6287,1.6294
2;1,0.1306,0.1386,0.1484,0.1566,0.163,0.1701,0.1769,0.185,0.1936,0.2022,0.2112,0.2227,0.2349,0.2472,0.2608,0.2763,0.2934,0.3135,0.3326,0.3539,0.3779,0.4039,0.4312,0.4627,0.5014,0.5425,0.5877,0.6331,0.6788,0.722,0.763,0.7976,0.8357,0.8681,0.9024,0.9347,0.9657,0.9929,1.0212,1.0451,1.0667,1.0924,1.1195,1.1473,1.1713,1.1906,1.2067,1.2199,1.2353,1.2465,1.2561,1.2696,1.2784,1.2876,1.2964,1.3048,1.3117,1.3201,1.3256,1.33,1.3357,1.3431,1.347,1.352,1.3555,1.3605,1.3627,1.3668,1.3694,1.3755,1.376,1.3826,1.3855,1.3888,1.3919,1.3963,1.3992,1.4007,1.4034,1.4075,1.4089,1.4117,1.4147,1.4176,1.4198,1.4218,1.4232,1.4274,1.4298,1.4306,1.4322,1.4347,1.4344,1.4376,1.4405,1.441
2;2,0.131,0.1401,0.1546,0.1653,0.1757,0.1871,0.2003,0.214,0.2297,0.2478,0.2694,0.2937,0.3229,0.3568,0.3951,0.4355,0.4815,0.5309,0.5841,0.6385,0.6975,0.7598,0.8233,0.8947,0.9702,1.0491,1.1285,1.2029,1.2648,1.3188,1.3628,1.3986,1.4304,1.4545,1.4784,1.4972,1.5123,1.5294,1.545,1.5539,1.5624,1.5704,1.5808,1.5877,1.5935,1.5983,1.604,1.6077,1.6132,1.6164,1.6208,1.6243,1.6274,1.6298,1.6325,1.637,1.6405,1.6432,1.647,1.6485,1.6498,1.6537,1.6562,1.6591,1.661,1.6621,1.6647,1.6662,1.6679,1.6688,1.6722,1.6721,1.6742,1.6749,1.6756,1.6767,1.6779,1.679,1.6813,1.6825,1.6825,1.6829,1.6842,1.6844,1.6856,1.686,1.6868,1.6881,1.6877,1.6893,1.6897,1.6902,1.6913,1.6915,1.6915,1.6925
2;3,0.1292,0.1364,0.1455,0.1511,0.1574,0.1635,0.1706,0.178,0.1876,0.1959,0.2068,0.2191,0.2333,0.2499,0.2699,0.289,0.3104,0.3328,0.361,0.3889,0.4229,0.4581,0.4999,0.5513,0.6047,0.6672,0.7336,0.799,0.8569,0.9166,0.9545,1.0081,1.0451,1.0779,1.1168,1.1476,1.1784,1.2003,1.2221,1.2389,1.2605,1.2679,1.2878,1.2928,1.31,1.3112,1.3244,1.3368,1.3402,1.3455,1.3512,1.3545,1.36,1.3675,1.3727,1.3772,1.3864,1.3834,1.3926,1.3912,1.3933,1.3999,1.402,1.4066,1.4093,1.4128,1.4197,1.4219,1.4287,1.4276,1.4342,1.4332,1.4358,1.4384,1.4399,1.4383,1.4441,1.4489,1.4503,1.4507,1.4534,1.4559,1.454,1.4587,1.4575,1.4588,1.4636,1.46,1.4621,1.4635,1.4651,1.4644,1.4706,1.469,1.4685,1.4751
3;2,0.1373,0.1435,0.1484,0.1528,0.1573,0.1625,0.1682,0.1738,0.181,0.1886,0.1967,0.2051,0.2152,0.2259,0.2369,0.2477,0.2623,0.2778,0.2957,0.316,0.3398,0.3655,0.3949,0.4303,0.4704,0.5174,0.5694,0.6271,0.6824,0.7331,0.7766,0.8171,0.8548,0.8928,0.9264,0.9589,0.9875,1.0187,1.0502,1.0789,1.1052,1.1298,1.1536,1.1774,1.1991,1.2158,1.2282,1.2409,1.2536,1.2617,1.27,1.278,1.2845,1.29,1.297,1.3033,1.3077,1.3117,1.3178,1.3218,1.3256,1.329,1.3333,1.3393,1.3414,1.3473,1.351,1.3554,1.3597,1.3621,1.3654,1.368,1.3709,1.3742,1.3775,1.3787,1.381,1.3855,1.3888,1.3905,1.3934,1.3966,1.3999,1.4005,1.4041,1.4061,1.4088,1.4109,1.4126,1.4146,1.417,1.4203,1.4214,1.4233,1.4251,1.4275
,,,,,,,,,,,,,,,,,,,,,,,,,,,,,,,,,,,,,,,,,,,,,,,,,,,,,,,,,,,,,,,,,,,,,,,,,,,,,,,,,,,,,,,,,,,,,,,,
Cycles / Well,,,,,,,,,,,,,,,,,,,,,,,,,,,,,,,,,,,,,,,,,,,,,,,,,,,,,,,,,,,,,,,,,,,,,,,,,,,,,,,,,,,,,,,,,,,,,,,,
H8,1,2,3,4,5,6,7,8,9,10,11,12,13,14,15,16,17,18,19,20,21,22,23,24,25,26,27,28,29,30,31,32,33,34,35,36,37,38,39,40,41,42,43,44,45,46,47,48,49,50,51,52,53,54,55,56,57,58,59,60,61,62,63,64,65,66,67,68,69,70,71,72,73,74,75,76,77,78,79,80,81,82,83,84,85,86,87,88,89,90,91,92,93,94,95,96
Time [s],0,1799.821,3599.758,5399.669,7199.591,8999.513,10799.454,12599.368,14399.281,16199.217,17999.132,19799.048,21598.968,23398.907,25198.816,26998.729,28798.66,30598.612,32398.504,34198.422,35998.348,37798.293,39598.197,41398.12,43198.051,44997.975,46797.9,48597.816,50397.749,52197.631,53997.556,55797.465,57597.39,59397.304,61197.232,62997.141,64797.066,66596.996,68396.927,70196.835,71996.75,73796.684,75596.611,77396.528,79196.461,80996.395,82796.296,84596.214,86396.144,88196.085,89995.979,91795.899,93595.822,95395.741,97195.669,98995.594,100795.52,102595.43,104395.36,106195.269,107995.204,109795.106,111595.047,113394.962,115194.873,116994.792,118794.719,120594.63,122394.557,124194.487,125994.397,127794.312,129594.227,131394.143,133194.064,134993.983,136793.918,138593.83,140393.768,142193.687,143993.61,145793.539,147593.44,149393.349,151193.294,152993.201,154793.136,156593.059,158392.972,160192.914,161992.825,163792.732,165592.675,167392.569,169192.493,170992.414
Temp. [°C],19.6,29.9,29.9,30,30,30,30,29.9,30,30,30,30.1,30.1,30,30,30,30,30,30,30,30,30,30,30,30,30.1,30.1,30,30,30,30,30,30,30,30,30,30,30,30,30,30,30,30,30,30,30,30,30,30,30,30,30,30,30,30,30,30,30,30,29.9,30,30,30,30,30,30,30,30,30.1,30,30.1,30.1,30,30,30,30,30,29.9,30,30,30,30,30,30,30,30,30,30,30.1,30,30,30,30,30,30,30
Mean,0.139,0.1426,0.15246,0.16086,0.16936,0.1793,0.19228,0.2081,0.23006,0.2594,0.29716,0.34498,0.40166,0.469,0.54402,0.62544,0.71306,0.79956,0.88574,0.9638,1.03318,1.08742,1.13438,1.16884,1.19326,1.21546,1.23412,1.24912,1.26164,1.27364,1.28268,1.29186,1.29802,1.30274,1.30712,1.30898,1.31262,1.31468,1.31756,1.3203,1.32476,1.32608,1.33006,1.32982,1.33446,1.33434,1.3378,1.33988,1.34098,1.34282,1.34458,1.34504,1.34684,1.34778,1.34966,1.35042,1.35252,1.35216,1.35416,1.35416,1.35414,1.35634,1.35736,1.35874,1.36002,1.36028,1.3624,1.36336,1.36468,1.36428,1.36628,1.36558,1.36616,1.36706,1.3682,1.36692,1.36888,1.37054,1.37144,1.37136,1.3718,1.3729,1.37306,1.3738,1.374,1.37368,1.37542,1.37444,1.37544,1.37586,1.3764,1.37662,1.3779,1.37742,1.37774,1.37992
StDev,0.005693856,0.004414182,0.005194998,0.00765526,0.010671598,0.013933413,0.017805814,0.022881871,0.030130433,0.039836353,0.053738469,0.072939681,0.097572962,0.125167668,0.155837887,0.189460558,0.223765185,0.25778222,0.279131328,0.291540838,0.293054683,0.291251656,0.283775927,0.277613856,0.274150867,0.268129648,0.263153619,0.257286605,0.253963606,0.250000366,0.247584353,0.242213755,0.240806991,0.238921228,0.236481557,0.234663242,0.231087985,0.23013264,0.22784017,0.225046862,0.22117166,0.221189629,0.218960939,0.220155506,0.217814951,0.219280216,0.217412891,0.215916968,0.216918422,0.216096187,0.215014458,0.216684316,0.215904824,0.214889837,0.214241763,0.215342093,0.214308777,0.21600922,0.214081393,0.214445256,0.214087512,0.213615432,0.212931158,0.212857389,0.211864667,0.212401617,0.210786764,0.209993459,0.209786098,0.210677519,0.208169251,0.210298436,0.211593154,0.209998245,0.209823497,0.212141479,0.210752609,0.208539488,0.208929995,0.207900452,0.208666013,0.208259538,0.208353097,0.208335571,0.209592259,0.21001904,0.208286562,0.210206406,0.209572095,0.209176547,0.209367416,0.210010897,0.208089884,0.209238684,0.209727092,0.207719648
1;2,0.1475,0.142,0.1548,0.1669,0.1793,0.1929,0.21,0.2313,0.2612,0.3007,0.3554,0.4258,0.5109,0.6084,0.7151,0.8295,0.9465,1.061,1.1586,1.2384,1.2995,1.3431,1.3778,1.4031,1.4222,1.4377,1.4509,1.4608,1.4698,1.4781,1.4847,1.4894,1.4943,1.4991,1.5015,1.5013,1.5022,1.5038,1.5054,1.5068,1.5084,1.5098,1.5126,1.5139,1.5154,1.5167,1.5189,1.5207,1.5228,1.5226,1.5239,1.5257,1.5276,1.5272,1.5289,1.5296,1.532,1.5332,1.5324,1.5331,1.5329,1.5338,1.5351,1.5352,1.5366,1.5371,1.5375,1.5375,1.5394,1.5387,1.5393,1.5397,1.542,1.5408,1.5417,1.5433,1.5432,1.5438,1.5445,1.5447,1.5448,1.5457,1.5457,1.5471,1.5483,1.5476,1.5478,1.549,1.5497,1.55,1.5498,1.5501,1.5505,1.5513,1.5521,1.5533
2;1,0.138,0.1471,0.1588,0.1687,0.1786,0.1899,0.2042,0.2219,0.2463,0.2778,0.3147,0.3636,0.4222,0.4914,0.5718,0.6638,0.7676,0.8745,0.978,1.0694,1.1438,1.2025,1.2455,1.279,1.3035,1.3225,1.338,1.3508,1.3625,1.372,1.3804,1.3867,1.3933,1.3953,1.3994,1.4012,1.402,1.4052,1.4058,1.4078,1.4098,1.411,1.4137,1.4146,1.4187,1.4194,1.4212,1.4209,1.4236,1.4264,1.4265,1.4288,1.4307,1.4313,1.4328,1.4335,1.4335,1.4366,1.4363,1.4371,1.4357,1.4384,1.4383,1.44,1.4407,1.4426,1.4429,1.4429,1.445,1.4452,1.4444,1.4465,1.4471,1.4487,1.4484,1.4494,1.4509,1.45,1.4518,1.4517,1.4533,1.4525,1.4537,1.4543,1.4551,1.4555,1.4553,1.4564,1.457,1.4575,1.4586,1.4584,1.4586,1.4596,1.4598,1.4603
2;2,0.1337,0.1385,0.1504,0.1607,0.1712,0.1835,0.1995,0.2189,0.2464,0.2839,0.3338,0.3967,0.4729,0.5637,0.6647,0.7728,0.8882,0.9996,1.1022,1.1886,1.259,1.3112,1.3516,1.3808,1.4012,1.4187,1.4341,1.4455,1.4542,1.4652,1.4721,1.4789,1.483,1.4872,1.4888,1.4898,1.4915,1.4916,1.4941,1.4942,1.4969,1.498,1.5007,1.501,1.5037,1.5043,1.5074,1.5094,1.5108,1.5113,1.5131,1.5135,1.5133,1.5152,1.5159,1.5183,1.5199,1.5179,1.5212,1.521,1.5209,1.5237,1.524,1.5256,1.5256,1.5259,1.5279,1.5286,1.5287,1.5297,1.531,1.5301,1.5316,1.5313,1.5335,1.531,1.5333,1.5344,1.5353,1.5329,1.5343,1.5362,1.5353,1.5357,1.536,1.5362,1.5374,1.5364,1.536,1.5366,1.5375,1.5385,1.5382,1.5375,1.538,1.5391
2;3,0.1343,0.1382,0.1449,0.1494,0.154,0.1597,0.1675,0.1769,0.1911,0.2084,0.2312,0.2571,0.2862,0.3199,0.357,0.3932,0.432,0.4683,0.5152,0.5616,0.6141,0.66,0.7073,0.7465,0.7728,0.8015,0.826,0.8508,0.8666,0.8857,0.8979,0.9166,0.9245,0.9335,0.9412,0.9463,0.9555,0.9592,0.9668,0.9747,0.9862,0.9872,0.9956,0.9943,1.0012,0.9988,1.006,1.0114,1.0116,1.0132,1.0172,1.0144,1.017,1.021,1.0234,1.0218,1.0259,1.0219,1.0274,1.0273,1.0272,1.0307,1.0329,1.0335,1.0367,1.0366,1.0411,1.0428,1.0448,1.0428,1.0495,1.0441,1.043,1.0465,1.0481,1.042,1.0467,1.0527,1.0526,1.054,1.0532,1.055,1.0542,1.0553,1.0526,1.0514,1.0556,1.0517,1.0528,1.0548,1.0546,1.0531,1.0578,1.0555,1.0547,1.0606
3;2,0.1415,0.1472,0.1534,0.1586,0.1637,0.1705,0.1802,0.1915,0.2053,0.2262,0.2507,0.2817,0.3161,0.3616,0.4115,0.4679,0.531,0.5944,0.6747,0.761,0.8495,0.9203,0.9897,1.0348,1.0666,1.0969,1.1216,1.1377,1.1551,1.1672,1.1783,1.1877,1.195,1.1986,1.2047,1.2063,1.2119,1.2136,1.2157,1.218,1.2225,1.2244,1.2277,1.2253,1.2333,1.2325,1.2355,1.237,1.2361,1.2406,1.2422,1.2428,1.2456,1.2442,1.2473,1.2489,1.2513,1.2512,1.2535,1.2523,1.254,1.2551,1.2565,1.2594,1.2605,1.2592,1.2626,1.265,1.2655,1.265,1.2672,1.2675,1.2671,1.268,1.2693,1.2689,1.2703,1.2718,1.273,1.2735,1.2734,1.2751,1.2764,1.2766,1.278,1.2777,1.281,1.2787,1.2817,1.2804,1.2815,1.283,1.2844,1.2832,1.2841,1.2863
,,,,,,,,,,,,,,,,,,,,,,,,,,,,,,,,,,,,,,,,,,,,,,,,,,,,,,,,,,,,,,,,,,,,,,,,,,,,,,,,,,,,,,,,,,,,,,,,
Cycles / Well,,,,,,,,,,,,,,,,,,,,,,,,,,,,,,,,,,,,,,,,,,,,,,,,,,,,,,,,,,,,,,,,,,,,,,,,,,,,,,,,,,,,,,,,,,,,,,,,
H9,1,2,3,4,5,6,7,8,9,10,11,12,13,14,15,16,17,18,19,20,21,22,23,24,25,26,27,28,29,30,31,32,33,34,35,36,37,38,39,40,41,42,43,44,45,46,47,48,49,50,51,52,53,54,55,56,57,58,59,60,61,62,63,64,65,66,67,68,69,70,71,72,73,74,75,76,77,78,79,80,81,82,83,84,85,86,87,88,89,90,91,92,93,94,95,96
Time [s],0,1799.821,3599.758,5399.669,7199.591,8999.513,10799.454,12599.368,14399.281,16199.217,17999.132,19799.048,21598.968,23398.907,25198.816,26998.729,28798.66,30598.612,32398.504,34198.422,35998.348,37798.293,39598.197,41398.12,43198.051,44997.975,46797.9,48597.816,50397.749,52197.631,53997.556,55797.465,57597.39,59397.304,61197.232,62997.141,64797.066,66596.996,68396.927,70196.835,71996.75,73796.684,75596.611,77396.528,79196.461,80996.395,82796.296,84596.214,86396.144,88196.085,89995.979,91795.899,93595.822,95395.741,97195.669,98995.594,100795.52,102595.43,104395.36,106195.269,107995.204,109795.106,111595.047,113394.962,115194.873,116994.792,118794.719,120594.63,122394.557,124194.487,125994.397,127794.312,129594.227,131394.143,133194.064,134993.983,136793.918,138593.83,140393.768,142193.687,143993.61,145793.539,147593.44,149393.349,151193.294,152993.201,154793.136,156593.059,158392.972,160192.914,161992.825,163792.732,165592.675,167392.569,169192.493,170992.414
Temp. [°C],19.6,29.9,29.9,30,30,30,30,29.9,30,30,30,30.1,30.1,30,30,30,30,30,30,30,30,30,30,30,30,30.1,30.1,30,30,30,30,30,30,30,30,30,30,30,30,30,30,30,30,30,30,30,30,30,30,30,30,30,30,30,30,30,30,30,30,29.9,30,30,30,30,30,30,30,30,30.1,30,30.1,30.1,30,30,30,30,30,29.9,30,30,30,30,30,30,30,30,30,30,30.1,30,30,30,30,30,30,30
Mean,0.13718,0.14122,0.15154,0.16074,0.1714,0.18574,0.20616,0.23218,0.26602,0.31034,0.36328,0.42706,0.49924,0.5804,0.66886,0.76182,0.85416,0.93864,1.01612,1.08178,1.13416,1.17142,1.20018,1.22408,1.24118,1.25962,1.27416,1.28886,1.30064,1.31446,1.32366,1.33382,1.3414,1.3467,1.35446,1.35842,1.36354,1.3664,1.36838,1.37216,1.3762,1.37702,1.37994,1.37962,1.3844,1.38454,1.38722,1.38974,1.3898,1.3919,1.3937,1.3939,1.39504,1.39584,1.39734,1.39836,1.40022,1.40034,1.40202,1.40296,1.40178,1.4036,1.40454,1.4058,1.4069,1.40682,1.40844,1.40938,1.4105,1.4105,1.41224,1.41156,1.41236,1.41352,1.41446,1.41342,1.41514,1.41606,1.41664,1.41686,1.41704,1.41788,1.41858,1.41928,1.41926,1.41978,1.42096,1.42126,1.42162,1.42156,1.4219,1.42206,1.42386,1.42316,1.42386,1.42452
StDev,0.004307784,0.004930213,0.003806311,0.004027779,0.005525848,0.007898291,0.011923213,0.017693134,0.025798779,0.037654389,0.05274554,0.072649246,0.096721626,0.120720276,0.146121877,0.173082948,0.196219336,0.214692974,0.219180193,0.218717848,0.21032648,0.203673383,0.197808043,0.190974009,0.189689264,0.184325655,0.181252788,0.175375976,0.173343007,0.165318157,0.162664879,0.154436838,0.149819675,0.144865662,0.135251444,0.132017147,0.125890004,0.123071382,0.120142902,0.116728266,0.112694166,0.113510295,0.110478835,0.111006698,0.106956019,0.10771278,0.105114328,0.103237193,0.105078613,0.10375406,0.101733303,0.102290786,0.101533187,0.101236668,0.100485138,0.099727218,0.097325726,0.098884367,0.096989572,0.097438458,0.096977662,0.096202079,0.096129798,0.094893598,0.094559003,0.094988141,0.093460703,0.092631107,0.092617358,0.093735506,0.092067845,0.093209833,0.093415111,0.092146036,0.091436442,0.092925545,0.091662495,0.090743584,0.090794647,0.090799411,0.091011554,0.090497635,0.089942743,0.089515233,0.089228432,0.089969895,0.089554079,0.089541683,0.089761835,0.089926598,0.089258389,0.089405665,0.088015697,0.088979593,0.089025406,0.087470235
1;2,0.1426,0.1377,0.1508,0.1624,0.1758,0.1928,0.2174,0.2495,0.2915,0.3483,0.4166,0.5007,0.5973,0.701,0.8143,0.9308,1.0403,1.1362,1.2113,1.2699,1.3123,1.3407,1.3625,1.3791,1.3931,1.4065,1.4171,1.4272,1.4359,1.445,1.4509,1.4563,1.4598,1.4624,1.4631,1.465,1.4655,1.4674,1.4677,1.4704,1.4709,1.4724,1.4739,1.4743,1.4759,1.4767,1.4774,1.4791,1.4809,1.4826,1.4821,1.4826,1.4842,1.484,1.4849,1.4854,1.4864,1.4868,1.4871,1.4881,1.4877,1.4881,1.49,1.49,1.4899,1.4906,1.4915,1.4908,1.4926,1.4927,1.4939,1.4933,1.495,1.4945,1.4949,1.4954,1.4967,1.4962,1.4965,1.4968,1.4973,1.4973,1.4978,1.4978,1.4978,1.498,1.4992,1.4998,1.5009,1.5006,1.5001,1.5006,1.5014,1.5017,1.5023,1.5015
2;1,0.1361,0.1436,0.1539,0.1632,0.1747,0.1893,0.2103,0.2365,0.2717,0.3153,0.3668,0.4315,0.5048,0.5878,0.6789,0.7785,0.8822,0.9801,1.0675,1.1396,1.1913,1.2286,1.256,1.2773,1.2956,1.3113,1.3252,1.3367,1.3497,1.3592,1.3673,1.3742,1.3801,1.3818,1.3854,1.3895,1.3908,1.3927,1.3936,1.3948,1.3962,1.3981,1.3981,1.399,1.4015,1.4023,1.4032,1.4046,1.4054,1.4067,1.4072,1.4101,1.4096,1.4112,1.4127,1.4131,1.4123,1.4128,1.4141,1.4155,1.4133,1.4149,1.4156,1.4164,1.4179,1.4181,1.4183,1.4189,1.4198,1.4228,1.4217,1.4235,1.4241,1.4247,1.4248,1.4249,1.4247,1.4259,1.4265,1.4269,1.4269,1.4279,1.4285,1.4289,1.4283,1.4308,1.4311,1.4308,1.432,1.4324,1.4324,1.4324,1.4333,1.4345,1.4342,1.4341
2;2,0.1328,0.1373,0.1486,0.1599,0.1724,0.1896,0.2139,0.2458,0.2878,0.3435,0.4124,0.4949,0.5894,0.6943,0.8064,0.9245,1.0369,1.1364,1.2166,1.2801,1.3237,1.3547,1.3778,1.3961,1.4106,1.4248,1.4364,1.4475,1.4563,1.4653,1.4718,1.4759,1.4796,1.4824,1.4837,1.4842,1.4857,1.4861,1.4858,1.4868,1.4893,1.4901,1.4911,1.4906,1.4924,1.493,1.494,1.4952,1.4965,1.4967,1.4979,1.4971,1.4976,1.4986,1.499,1.4995,1.4997,1.5017,1.5018,1.5034,1.5011,1.5031,1.5032,1.5037,1.505,1.5049,1.5052,1.5064,1.5067,1.507,1.5078,1.5074,1.5081,1.5087,1.5095,1.5088,1.5097,1.5104,1.5111,1.5111,1.5116,1.5122,1.5119,1.5128,1.5124,1.5133,1.5144,1.5147,1.5141,1.5144,1.5144,1.5145,1.5154,1.5145,1.5159,1.5154
2;3,0.1337,0.1387,0.1476,0.1541,0.1619,0.1727,0.1876,0.2066,0.2323,0.262,0.2992,0.3396,0.3815,0.4324,0.4884,0.5437,0.5991,0.6527,0.7174,0.7742,0.8329,0.8758,0.9096,0.9414,0.9569,0.9823,0.9996,1.0243,1.0372,1.0667,1.0778,1.1036,1.1177,1.1332,1.1585,1.1681,1.1843,1.1936,1.2017,1.2128,1.2256,1.2244,1.2338,1.2331,1.2447,1.2438,1.2513,1.2592,1.256,1.2592,1.2651,1.2632,1.2666,1.2687,1.2703,1.2727,1.2805,1.2762,1.2824,1.2832,1.2824,1.2862,1.2875,1.2912,1.2924,1.2919,1.2964,1.2992,1.2989,1.2965,1.3017,1.297,1.2986,1.3015,1.3047,1.2995,1.3038,1.3076,1.307,1.3069,1.3074,1.3091,1.3096,1.3119,1.3117,1.3098,1.3128,1.3131,1.3119,1.3119,1.313,1.3125,1.3177,1.3151,1.3158,1.3187
3;2,0.1407,0.1488,0.1568,0.1641,0.1722,0.1843,0.2016,0.2225,0.2468,0.2826,0.3214,0.3686,0.4232,0.4865,0.5563,0.6316,0.7123,0.7878,0.8678,0.9451,1.0106,1.0573,1.095,1.1265,1.1497,1.1732,1.1925,1.2086,1.2241,1.2361,1.2505,1.2591,1.2698,1.2737,1.2816,1.2853,1.2914,1.2922,1.2931,1.296,1.299,1.3001,1.3028,1.3011,1.3075,1.3069,1.3102,1.3106,1.3102,1.3143,1.3162,1.3165,1.3172,1.3167,1.3198,1.3211,1.3222,1.3242,1.3247,1.3246,1.3244,1.3257,1.3264,1.3277,1.3293,1.3286,1.3308,1.3316,1.3345,1.3335,1.3361,1.3366,1.336,1.3382,1.3384,1.3385,1.3408,1.3402,1.3421,1.3426,1.342,1.3429,1.3451,1.345,1.3461,1.347,1.3473,1.3479,1.3492,1.3485,1.3496,1.3503,1.3515,1.35,1.3511,1.3529
,,,,,,,,,,,,,,,,,,,,,,,,,,,,,,,,,,,,,,,,,,,,,,,,,,,,,,,,,,,,,,,,,,,,,,,,,,,,,,,,,,,,,,,,,,,,,,,,
Cycles / Well,,,,,,,,,,,,,,,,,,,,,,,,,,,,,,,,,,,,,,,,,,,,,,,,,,,,,,,,,,,,,,,,,,,,,,,,,,,,,,,,,,,,,,,,,,,,,,,,
H10,1,2,3,4,5,6,7,8,9,10,11,12,13,14,15,16,17,18,19,20,21,22,23,24,25,26,27,28,29,30,31,32,33,34,35,36,37,38,39,40,41,42,43,44,45,46,47,48,49,50,51,52,53,54,55,56,57,58,59,60,61,62,63,64,65,66,67,68,69,70,71,72,73,74,75,76,77,78,79,80,81,82,83,84,85,86,87,88,89,90,91,92,93,94,95,96
Time [s],0,1799.821,3599.758,5399.669,7199.591,8999.513,10799.454,12599.368,14399.281,16199.217,17999.132,19799.048,21598.968,23398.907,25198.816,26998.729,28798.66,30598.612,32398.504,34198.422,35998.348,37798.293,39598.197,41398.12,43198.051,44997.975,46797.9,48597.816,50397.749,52197.631,53997.556,55797.465,57597.39,59397.304,61197.232,62997.141,64797.066,66596.996,68396.927,70196.835,71996.75,73796.684,75596.611,77396.528,79196.461,80996.395,82796.296,84596.214,86396.144,88196.085,89995.979,91795.899,93595.822,95395.741,97195.669,98995.594,100795.52,102595.43,104395.36,106195.269,107995.204,109795.106,111595.047,113394.962,115194.873,116994.792,118794.719,120594.63,122394.557,124194.487,125994.397,127794.312,129594.227,131394.143,133194.064,134993.983,136793.918,138593.83,140393.768,142193.687,143993.61,145793.539,147593.44,149393.349,151193.294,152993.201,154793.136,156593.059,158392.972,160192.914,161992.825,163792.732,165592.675,167392.569,169192.493,170992.414
Temp. [°C],19.6,29.9,29.9,30,30,30,30,29.9,30,30,30,30.1,30.1,30,30,30,30,30,30,30,30,30,30,30,30,30.1,30.1,30,30,30,30,30,30,30,30,30,30,30,30,30,30,30,30,30,30,30,30,30,30,30,30,30,30,30,30,30,30,30,30,29.9,30,30,30,30,30,30,30,30,30.1,30,30.1,30.1,30,30,30,30,30,29.9,30,30,30,30,30,30,30,30,30,30,30.1,30,30,30,30,30,30,30
Mean,0.13678,0.13956,0.1465,0.1505,0.15344,0.15656,0.16068,0.16598,0.17302,0.1818,0.1938,0.20942,0.22962,0.25542,0.28808,0.3282,0.37692,0.43368,0.50208,0.57638,0.65762,0.74442,0.83682,0.92362,0.99984,1.06328,1.1115,1.14724,1.17442,1.1953,1.21248,1.22672,1.23966,1.24908,1.25856,1.26704,1.27456,1.28092,1.28682,1.29282,1.29766,1.30022,1.3035,1.3061,1.31012,1.31254,1.3162,1.31806,1.32,1.32166,1.32442,1.3262,1.32878,1.33066,1.33244,1.33466,1.3367,1.3382,1.34016,1.3413,1.3408,1.34322,1.34472,1.34544,1.34624,1.34616,1.34732,1.34788,1.3483,1.34874,1.34922,1.34968,1.34974,1.35048,1.35068,1.34996,1.35058,1.35112,1.35018,1.35116,1.34998,1.3495,1.34876,1.34924,1.34888,1.34832,1.34872,1.34778,1.3484,1.34716,1.34674,1.34624,1.34598,1.34546,1.34476,1.3445
StDev,0.004472919,0.005282802,0.004711157,0.004497221,0.00453299,0.004830424,0.005291219,0.005518786,0.006105489,0.006508456,0.007430007,0.008427455,0.010176787,0.012690035,0.016006311,0.021205306,0.027698863,0.036209073,0.045040393,0.05383119,0.062507896,0.071458918,0.078776627,0.083183183,0.085459335,0.086532058,0.085608557,0.083883658,0.083269184,0.082955771,0.081630276,0.081356542,0.080204694,0.080551797,0.079670088,0.079882307,0.078662939,0.077866854,0.078554516,0.077799177,0.076759775,0.075313857,0.075632731,0.074989233,0.073977274,0.074009918,0.07333103,0.073206782,0.073354959,0.073023407,0.073127471,0.073447771,0.073843158,0.073821562,0.07469269,0.074198807,0.074297712,0.074089338,0.074267308,0.074561887,0.075048251,0.075523685,0.07545003,0.075670655,0.075701341,0.076004,0.075387214,0.075810171,0.075926313,0.076362805,0.076595476,0.076353042,0.076479363,0.076629185,0.076029646,0.077251492,0.076931833,0.076858422,0.077198038,0.07627613,0.077161823,0.077196988,0.077454038,0.077820646,0.07730121,0.077514979,0.077729866,0.077865088,0.078006666,0.078245115,0.078089519,0.078961402,0.078801028,0.07844637,0.078993183,0.078669975
1;2,0.1414,0.1351,0.1434,0.1487,0.1529,0.1564,0.1609,0.1666,0.1732,0.1829,0.1956,0.2126,0.2345,0.2634,0.2997,0.3451,0.4012,0.466,0.5448,0.6284,0.7192,0.8159,0.9143,1.0048,1.0835,1.1458,1.1922,1.2255,1.2513,1.2704,1.2869,1.2996,1.3109,1.3194,1.3274,1.3369,1.3417,1.347,1.3546,1.3598,1.3621,1.364,1.3678,1.3697,1.3722,1.3746,1.3775,1.3786,1.3815,1.383,1.3851,1.3876,1.3904,1.3923,1.3955,1.3963,1.3982,1.4002,1.4026,1.4033,1.4042,1.4057,1.4081,1.4091,1.4092,1.409,1.4105,1.4115,1.4122,1.4126,1.4131,1.4132,1.4135,1.4151,1.414,1.4154,1.4152,1.4153,1.4161,1.4153,1.416,1.415,1.4152,1.4158,1.4145,1.4142,1.4147,1.4141,1.4159,1.4158,1.4134,1.4154,1.4134,1.4138,1.4136,1.4125
2;1,0.1391,0.1451,0.1527,0.1568,0.1597,0.163,0.1676,0.1731,0.1811,0.1895,0.202,0.2175,0.2377,0.2631,0.2948,0.334,0.3792,0.4323,0.4943,0.5619,0.6363,0.7163,0.8031,0.8858,0.9595,1.0206,1.0687,1.1037,1.1306,1.1522,1.1708,1.184,1.1997,1.2088,1.2175,1.2262,1.2345,1.2411,1.2487,1.2534,1.2591,1.2627,1.2655,1.2691,1.2715,1.276,1.2779,1.2795,1.2833,1.2844,1.2862,1.2898,1.291,1.2942,1.2955,1.2966,1.2974,1.3003,1.3013,1.3027,1.3025,1.3051,1.3053,1.3069,1.3064,1.3071,1.3073,1.3067,1.3077,1.3086,1.3079,1.3089,1.3094,1.3082,1.3106,1.3096,1.3097,1.309,1.3088,1.3117,1.3093,1.3087,1.3079,1.3086,1.3084,1.3097,1.3085,1.3085,1.3087,1.3077,1.3075,1.3062,1.3062,1.3064,1.3044,1.3038
2;2,0.1331,0.1368,0.1445,0.1491,0.1531,0.1567,0.1612,0.1667,0.1738,0.1839,0.1971,0.2144,0.237,0.2664,0.3035,0.35,0.4067,0.4741,0.5522,0.6367,0.7273,0.8234,0.9246,1.0164,1.0947,1.1603,1.2072,1.2409,1.2681,1.2884,1.3039,1.3187,1.3303,1.3408,1.3491,1.3577,1.3644,1.3702,1.3758,1.3807,1.3854,1.3865,1.3894,1.3916,1.3944,1.3972,1.3999,1.402,1.4037,1.4054,1.4085,1.411,1.4137,1.4155,1.4177,1.4199,1.4216,1.4231,1.4246,1.4264,1.4257,1.4297,1.43,1.4307,1.4323,1.4339,1.4332,1.4346,1.4347,1.436,1.4363,1.4373,1.4372,1.4381,1.4381,1.4383,1.4385,1.439,1.4382,1.4388,1.438,1.4379,1.4373,1.4377,1.4376,1.4377,1.4379,1.4375,1.4375,1.4355,1.4365,1.4357,1.4363,1.4351,1.4348,1.4347
2;3,0.131,0.1353,0.1417,0.145,0.147,0.1494,0.1527,0.1576,0.1639,0.1716,0.1821,0.1962,0.2138,0.2373,0.2669,0.3033,0.3484,0.401,0.4666,0.5386,0.6182,0.7033,0.7968,0.8854,0.9627,1.0305,1.0827,1.1225,1.1504,1.1748,1.1911,1.207,1.22,1.2304,1.2428,1.2496,1.2593,1.2659,1.2704,1.2786,1.2843,1.2854,1.29,1.2918,1.2989,1.2992,1.3052,1.3077,1.3076,1.3087,1.313,1.3117,1.316,1.317,1.3186,1.3226,1.3268,1.3257,1.3291,1.3305,1.3293,1.3316,1.3346,1.335,1.3364,1.3335,1.3365,1.3367,1.3373,1.3372,1.3396,1.3384,1.3385,1.3391,1.3386,1.3364,1.3387,1.3407,1.3369,1.3375,1.3359,1.3358,1.3339,1.3355,1.3344,1.3313,1.3339,1.3309,1.3314,1.3303,1.3299,1.3289,1.3294,1.3267,1.3271,1.3272
3;2,0.1393,0.1455,0.1502,0.1529,0.1545,0.1573,0.161,0.1659,0.1731,0.1811,0.1922,0.2064,0.2251,0.2469,0.2755,0.3086,0.3491,0.395,0.4525,0.5163,0.5871,0.6632,0.7453,0.8257,0.8988,0.9592,1.0067,1.0436,1.0717,1.0907,1.1097,1.1243,1.1374,1.146,1.156,1.1648,1.1729,1.1804,1.1846,1.1916,1.1974,1.2025,1.2048,1.2083,1.2136,1.2157,1.2205,1.2225,1.2239,1.2268,1.2293,1.2309,1.2328,1.2343,1.2349,1.2379,1.2395,1.2417,1.2432,1.2436,1.2423,1.244,1.2456,1.2455,1.2469,1.2473,1.2491,1.2499,1.2496,1.2493,1.2492,1.2506,1.2501,1.2519,1.2521,1.2501,1.2508,1.2516,1.2509,1.2525,1.2507,1.2501,1.2495,1.2486,1.2495,1.2487,1.2486,1.2479,1.2485,1.2465,1.2464,1.245,1.2446,1.2453,1.2439,1.2443
,,,,,,,,,,,,,,,,,,,,,,,,,,,,,,,,,,,,,,,,,,,,,,,,,,,,,,,,,,,,,,,,,,,,,,,,,,,,,,,,,,,,,,,,,,,,,,,,
Cycles / Well,,,,,,,,,,,,,,,,,,,,,,,,,,,,,,,,,,,,,,,,,,,,,,,,,,,,,,,,,,,,,,,,,,,,,,,,,,,,,,,,,,,,,,,,,,,,,,,,
H11,1,2,3,4,5,6,7,8,9,10,11,12,13,14,15,16,17,18,19,20,21,22,23,24,25,26,27,28,29,30,31,32,33,34,35,36,37,38,39,40,41,42,43,44,45,46,47,48,49,50,51,52,53,54,55,56,57,58,59,60,61,62,63,64,65,66,67,68,69,70,71,72,73,74,75,76,77,78,79,80,81,82,83,84,85,86,87,88,89,90,91,92,93,94,95,96
Time [s],0,1799.821,3599.758,5399.669,7199.591,8999.513,10799.454,12599.368,14399.281,16199.217,17999.132,19799.048,21598.968,23398.907,25198.816,26998.729,28798.66,30598.612,32398.504,34198.422,35998.348,37798.293,39598.197,41398.12,43198.051,44997.975,46797.9,48597.816,50397.749,52197.631,53997.556,55797.465,57597.39,59397.304,61197.232,62997.141,64797.066,66596.996,68396.927,70196.835,71996.75,73796.684,75596.611,77396.528,79196.461,80996.395,82796.296,84596.214,86396.144,88196.085,89995.979,91795.899,93595.822,95395.741,97195.669,98995.594,100795.52,102595.43,104395.36,106195.269,107995.204,109795.106,111595.047,113394.962,115194.873,116994.792,118794.719,120594.63,122394.557,124194.487,125994.397,127794.312,129594.227,131394.143,133194.064,134993.983,136793.918,138593.83,140393.768,142193.687,143993.61,145793.539,147593.44,149393.349,151193.294,152993.201,154793.136,156593.059,158392.972,160192.914,161992.825,163792.732,165592.675,167392.569,169192.493,170992.414
Temp. [°C],19.6,29.9,29.9,30,30,30,30,29.9,30,30,30,30.1,30.1,30,30,30,30,30,30,30,30,30,30,30,30,30.1,30.1,30,30,30,30,30,30,30,30,30,30,30,30,30,30,30,30,30,30,30,30,30,30,30,30,30,30,30,30,30,30,30,30,29.9,30,30,30,30,30,30,30,30,30.1,30,30.1,30.1,30,30,30,30,30,29.9,30,30,30,30,30,30,30,30,30,30,30.1,30,30,30,30,30,30,30
Mean,0.15252,0.15212,0.15862,0.16314,0.16912,0.17844,0.19072,0.20702,0.2315,0.26116,0.30192,0.3553,0.42014,0.49962,0.58818,0.68658,0.79314,0.89764,0.99192,1.07142,1.13612,1.1826,1.22004,1.24808,1.26998,1.28894,1.30336,1.31734,1.32922,1.33834,1.3465,1.35338,1.35876,1.36154,1.36444,1.366,1.36782,1.3682,1.36946,1.37136,1.37344,1.3749,1.37648,1.3774,1.37896,1.38038,1.38282,1.3837,1.38498,1.38648,1.38762,1.38894,1.39014,1.3916,1.39278,1.39406,1.39484,1.39596,1.39722,1.39842,1.398,1.39974,1.40052,1.402,1.40304,1.40408,1.40524,1.40664,1.4072,1.40838,1.40994,1.41066,1.41166,1.41246,1.41346,1.41382,1.41462,1.4163,1.41754,1.41868,1.41902,1.42004,1.42078,1.42108,1.42272,1.42394,1.42508,1.42522,1.42588,1.42658,1.4276,1.42822,1.42928,1.42932,1.43014,1.43096
StDev,0.007295684,0.012472851,0.013172395,0.013816041,0.014175401,0.015289964,0.016397164,0.017814517,0.021563743,0.021045736,0.02188817,0.022637138,0.022692796,0.023802458,0.025810695,0.029113519,0.033139523,0.037042651,0.037231667,0.036526251,0.03519321,0.034168919,0.033040778,0.031171253,0.031329172,0.030446231,0.03054477,0.029536554,0.029096598,0.028871664,0.028539534,0.028171475,0.02728943,0.026881369,0.026484014,0.026577434,0.025458142,0.026001538,0.026426086,0.026061332,0.025400059,0.025885517,0.026155726,0.02547695,0.026228763,0.026022625,0.025623271,0.025999615,0.02565155,0.025958659,0.026157638,0.025623193,0.025761075,0.025568242,0.025447338,0.025297688,0.025135692,0.025679817,0.025097052,0.025339041,0.025211505,0.025273464,0.025386847,0.025309781,0.025252386,0.024971524,0.024909898,0.025187755,0.025204365,0.024940569,0.024821422,0.024930463,0.025030042,0.024643214,0.025313396,0.024753626,0.024730689,0.024500816,0.024285757,0.024664083,0.024063292,0.02367674,0.02362704,0.023523754,0.023496957,0.02379376,0.023459689,0.023507701,0.022989063,0.023399188,0.023056561,0.023317204,0.022988084,0.02308088,0.022710416,0.022567189
1;2,0.154,0.1424,0.1481,0.1524,0.1583,0.1676,0.18,0.1963,0.2201,0.2523,0.2963,0.354,0.4267,0.5137,0.612,0.7189,0.8331,0.9439,1.0374,1.1144,1.1763,1.2189,1.2557,1.2795,1.3009,1.3173,1.332,1.3433,1.355,1.3634,1.3705,1.3771,1.3812,1.3819,1.3848,1.3871,1.3872,1.388,1.3902,1.3915,1.3928,1.3948,1.3972,1.3977,1.3995,1.4006,1.4031,1.4038,1.4046,1.4065,1.4076,1.408,1.4097,1.4111,1.4121,1.4133,1.4128,1.4155,1.416,1.418,1.4174,1.4185,1.42,1.4214,1.4224,1.422,1.4237,1.4255,1.4251,1.4269,1.4272,1.4294,1.4302,1.4305,1.4323,1.432,1.4325,1.4344,1.4353,1.4363,1.4359,1.4375,1.4374,1.4371,1.439,1.44,1.4406,1.4408,1.4412,1.4421,1.4428,1.4439,1.4447,1.4448,1.4448,1.4463
2;1,0.1523,0.1602,0.169,0.1755,0.1835,0.1938,0.2078,0.226,0.2545,0.2848,0.3275,0.3824,0.445,0.5237,0.6078,0.7021,0.8037,0.9035,0.9954,1.0735,1.1373,1.1849,1.2212,1.2499,1.2709,1.2896,1.3047,1.3184,1.3304,1.3395,1.3476,1.355,1.3602,1.3638,1.3653,1.3675,1.3707,1.3705,1.3717,1.373,1.3754,1.3774,1.3795,1.3796,1.3818,1.3829,1.3851,1.3866,1.3874,1.389,1.3904,1.3925,1.3935,1.3952,1.3952,1.3967,1.3972,1.3984,1.3996,1.4,1.4002,1.402,1.4017,1.404,1.4046,1.4073,1.4081,1.408,1.4089,1.4106,1.4123,1.413,1.4135,1.4138,1.4144,1.416,1.4162,1.4178,1.4192,1.4202,1.4212,1.4215,1.4228,1.4234,1.4251,1.4268,1.4284,1.4282,1.4288,1.43,1.4307,1.4305,1.4317,1.4322,1.4337,1.4337
2;2,0.147,0.1434,0.1484,0.1523,0.158,0.1666,0.1784,0.1942,0.2158,0.2478,0.2893,0.3447,0.4134,0.4973,0.5923,0.6968,0.8105,0.9203,1.0176,1.0992,1.1643,1.2118,1.2475,1.2756,1.2984,1.3179,1.3316,1.3464,1.3574,1.3661,1.3747,1.381,1.3859,1.3894,1.392,1.3929,1.3929,1.3945,1.3964,1.3982,1.3995,1.4015,1.4023,1.403,1.4053,1.4065,1.4081,1.4092,1.4108,1.4125,1.4138,1.4146,1.4157,1.417,1.4185,1.4196,1.4212,1.4221,1.423,1.4245,1.4236,1.4254,1.4267,1.4281,1.4292,1.43,1.4308,1.433,1.4345,1.4344,1.4365,1.4366,1.4382,1.439,1.4406,1.4403,1.4414,1.4424,1.4436,1.4458,1.4456,1.4456,1.4467,1.447,1.4484,1.4503,1.4509,1.4516,1.4519,1.4524,1.4532,1.4543,1.455,1.4551,1.4556,1.456
2;3,0.1454,0.1444,0.1512,0.1548,0.1601,0.1677,0.1779,0.1917,0.2118,0.2386,0.2754,0.3244,0.3849,0.4612,0.5476,0.645,0.7529,0.8587,0.9577,1.0405,1.1093,1.1586,1.1996,1.2298,1.253,1.2738,1.2887,1.3034,1.3159,1.3268,1.3351,1.3418,1.348,1.3508,1.3549,1.3559,1.3593,1.3589,1.3584,1.3613,1.3639,1.364,1.3659,1.3669,1.3681,1.3704,1.3735,1.3747,1.3757,1.3769,1.3781,1.3794,1.3806,1.3815,1.3836,1.3846,1.3859,1.3862,1.3878,1.3887,1.3884,1.3914,1.3915,1.3919,1.3933,1.3944,1.3956,1.3975,1.3974,1.3986,1.4008,1.4004,1.4015,1.4026,1.4036,1.403,1.4045,1.4066,1.4076,1.4081,1.408,1.4099,1.4105,1.4112,1.4127,1.4131,1.4147,1.414,1.4141,1.4158,1.4172,1.4179,1.4189,1.4183,1.4191,1.4203
3;2,0.1639,0.1702,0.1764,0.1807,0.1857,0.1965,0.2095,0.2269,0.2553,0.2823,0.3211,0.371,0.4307,0.5022,0.5812,0.6701,0.7655,0.8618,0.9515,1.0295,1.0934,1.1388,1.1762,1.2056,1.2267,1.2461,1.2598,1.2752,1.2874,1.2959,1.3046,1.312,1.3185,1.3218,1.3252,1.3266,1.329,1.3291,1.3306,1.3328,1.3356,1.3368,1.3375,1.3398,1.3401,1.3415,1.3443,1.3442,1.3464,1.3475,1.3482,1.3502,1.3512,1.3532,1.3545,1.3561,1.3571,1.3576,1.3597,1.3609,1.3604,1.3614,1.3627,1.3646,1.3657,1.3667,1.368,1.3692,1.3701,1.3714,1.3729,1.3739,1.3749,1.3764,1.3764,1.3778,1.3785,1.3803,1.382,1.383,1.3844,1.3857,1.3865,1.3867,1.3884,1.3895,1.3908,1.3915,1.3934,1.3926,1.3941,1.3945,1.3961,1.3962,1.3975,1.3985
,,,,,,,,,,,,,,,,,,,,,,,,,,,,,,,,,,,,,,,,,,,,,,,,,,,,,,,,,,,,,,,,,,,,,,,,,,,,,,,,,,,,,,,,,,,,,,,,
Cycles / Well,,,,,,,,,,,,,,,,,,,,,,,,,,,,,,,,,,,,,,,,,,,,,,,,,,,,,,,,,,,,,,,,,,,,,,,,,,,,,,,,,,,,,,,,,,,,,,,,
H12,1,2,3,4,5,6,7,8,9,10,11,12,13,14,15,16,17,18,19,20,21,22,23,24,25,26,27,28,29,30,31,32,33,34,35,36,37,38,39,40,41,42,43,44,45,46,47,48,49,50,51,52,53,54,55,56,57,58,59,60,61,62,63,64,65,66,67,68,69,70,71,72,73,74,75,76,77,78,79,80,81,82,83,84,85,86,87,88,89,90,91,92,93,94,95,96
Time [s],0,1799.821,3599.758,5399.669,7199.591,8999.513,10799.454,12599.368,14399.281,16199.217,17999.132,19799.048,21598.968,23398.907,25198.816,26998.729,28798.66,30598.612,32398.504,34198.422,35998.348,37798.293,39598.197,41398.12,43198.051,44997.975,46797.9,48597.816,50397.749,52197.631,53997.556,55797.465,57597.39,59397.304,61197.232,62997.141,64797.066,66596.996,68396.927,70196.835,71996.75,73796.684,75596.611,77396.528,79196.461,80996.395,82796.296,84596.214,86396.144,88196.085,89995.979,91795.899,93595.822,95395.741,97195.669,98995.594,100795.52,102595.43,104395.36,106195.269,107995.204,109795.106,111595.047,113394.962,115194.873,116994.792,118794.719,120594.63,122394.557,124194.487,125994.397,127794.312,129594.227,131394.143,133194.064,134993.983,136793.918,138593.83,140393.768,142193.687,143993.61,145793.539,147593.44,149393.349,151193.294,152993.201,154793.136,156593.059,158392.972,160192.914,161992.825,163792.732,165592.675,167392.569,169192.493,170992.414
Temp. [°C],19.6,29.9,29.9,30,30,30,30,29.9,30,30,30,30.1,30.1,30,30,30,30,30,30,30,30,30,30,30,30,30.1,30.1,30,30,30,30,30,30,30,30,30,30,30,30,30,30,30,30,30,30,30,30,30,30,30,30,30,30,30,30,30,30,30,30,29.9,30,30,30,30,30,30,30,30,30.1,30,30.1,30.1,30,30,30,30,30,29.9,30,30,30,30,30,30,30,30,30,30,30.1,30,30,30,30,30,30,30
Mean,0.13776,0.14328,0.15074,0.1579,0.16752,0.18024,0.1986,0.22312,0.2563,0.29952,0.35308,0.4185,0.49852,0.58776,0.68938,0.79576,0.90328,0.99878,1.08342,1.15166,1.20238,1.2386,1.26654,1.28758,1.30632,1.32332,1.33714,1.35066,1.36242,1.3732,1.38222,1.38896,1.39444,1.39868,1.4021,1.4042,1.40616,1.40742,1.40838,1.40998,1.41142,1.4126,1.41408,1.41502,1.41568,1.41738,1.41962,1.42116,1.42242,1.42326,1.42376,1.42536,1.42644,1.42796,1.42892,1.4298,1.43022,1.43146,1.4323,1.4325,1.4317,1.43356,1.43404,1.43562,1.43604,1.4368,1.43752,1.43808,1.439,1.44008,1.44056,1.4415,1.44242,1.4433,1.44462,1.44468,1.44532,1.44596,1.44662,1.4482,1.44838,1.4495,1.4498,1.45074,1.4517,1.45246,1.45312,1.45412,1.45478,1.45506,1.45606,1.45704,1.45762,1.4579,1.45878,1.45996
StDev,0.005920557,0.007930132,0.0089041,0.009298656,0.010144555,0.010227561,0.011184588,0.011532216,0.013201894,0.010390236,0.008037848,0.0055933,0.009103681,0.015374264,0.023739671,0.031435219,0.036668542,0.039825582,0.040903264,0.039891202,0.03888447,0.037876378,0.037271678,0.035753349,0.034634621,0.034055499,0.033412094,0.033235719,0.031983699,0.03170142,0.030774779,0.029953347,0.029095842,0.027656771,0.027531255,0.02676565,0.026316782,0.025535015,0.024887487,0.024481769,0.024230497,0.024065432,0.024120261,0.023885812,0.023976384,0.023283406,0.02328405,0.022803684,0.02272646,0.022621737,0.022256415,0.022180803,0.022165356,0.02235415,0.022379164,0.022395535,0.022226718,0.022097918,0.022264658,0.021675101,0.021435135,0.021698571,0.022029707,0.021834651,0.021344742,0.021247,0.021623066,0.021412777,0.021375687,0.020830554,0.02134357,0.021599884,0.021192853,0.021144148,0.021684949,0.020694613,0.02077756,0.020645411,0.020282431,0.020767643,0.020708501,0.02060728,0.020739937,0.020603471,0.020084945,0.01954899,0.019677576,0.019552545,0.020092088,0.019692334,0.019295155,0.019562924,0.019450758,0.019477808,0.019303549,0.01915406
1;2,0.1342,0.1369,0.1432,0.1492,0.1576,0.17,0.1873,0.2113,0.2424,0.2877,0.343,0.412,0.4981,0.5914,0.6984,0.8108,0.9211,1.022,1.1064,1.1748,1.2248,1.2591,1.288,1.3068,1.3236,1.342,1.3552,1.3682,1.3781,1.3898,1.398,1.4027,1.4076,1.4116,1.4144,1.4163,1.4186,1.4192,1.4189,1.4199,1.4211,1.423,1.4247,1.4262,1.425,1.4262,1.4289,1.4299,1.4318,1.4327,1.4314,1.4335,1.4344,1.4352,1.4364,1.4371,1.4373,1.4382,1.4387,1.4386,1.4383,1.4392,1.4401,1.4419,1.4414,1.4421,1.4421,1.4431,1.4439,1.4445,1.4448,1.4456,1.4469,1.447,1.4493,1.4481,1.4496,1.4487,1.4506,1.4496,1.4512,1.4524,1.4526,1.4524,1.4537,1.453,1.4536,1.4551,1.457,1.4568,1.4563,1.4591,1.4584,1.4591,1.4595,1.4603
2;1,0.1421,0.148,0.158,0.1641,0.1728,0.1869,0.206,0.2313,0.2648,0.3054,0.3565,0.4157,0.4862,0.5673,0.6602,0.7567,0.8591,0.9519,1.0339,1.1036,1.1554,1.1928,1.2212,1.2448,1.2652,1.2832,1.2982,1.3108,1.3246,1.3352,1.3468,1.3536,1.3604,1.3657,1.3694,1.3725,1.3751,1.377,1.3781,1.3806,1.382,1.3827,1.3848,1.3854,1.3859,1.388,1.39,1.3921,1.3931,1.3944,1.3958,1.3977,1.3979,1.3995,1.3999,1.4005,1.4011,1.4026,1.4031,1.4044,1.4034,1.4051,1.4049,1.4061,1.4075,1.4085,1.4084,1.4098,1.4107,1.4119,1.4114,1.4117,1.4127,1.4137,1.4151,1.416,1.4167,1.4172,1.4183,1.4203,1.419,1.4201,1.4204,1.4217,1.4234,1.4253,1.4257,1.4269,1.4262,1.4272,1.4292,1.4294,1.4303,1.4303,1.4313,1.4325
2;2,0.1335,0.1377,0.1437,0.1507,0.16,0.1728,0.191,0.2159,0.2484,0.2952,0.3525,0.4237,0.5119,0.6095,0.7203,0.8345,0.9485,1.0462,1.1318,1.1985,1.2484,1.2835,1.3098,1.3304,1.3489,1.3649,1.3782,1.3917,1.4017,1.4118,1.4207,1.426,1.4308,1.4332,1.4366,1.4384,1.439,1.4397,1.4398,1.4412,1.4422,1.4429,1.4448,1.4453,1.4466,1.4479,1.4495,1.4505,1.4514,1.4519,1.4528,1.4538,1.4551,1.4569,1.4578,1.4587,1.4588,1.46,1.4612,1.4606,1.4593,1.4613,1.4627,1.4635,1.4637,1.4642,1.4654,1.4659,1.4669,1.4669,1.4676,1.4692,1.4692,1.4698,1.4721,1.4713,1.472,1.4724,1.4724,1.476,1.4748,1.4754,1.4761,1.4772,1.4773,1.4779,1.4785,1.4795,1.4801,1.4802,1.4811,1.4821,1.4826,1.4826,1.4834,1.4843
2;3,0.133,0.1388,0.1463,0.1546,0.1648,0.177,0.1945,0.2182,0.2511,0.295,0.349,0.4161,0.4978,0.5891,0.6964,0.8056,0.9149,1.0101,1.0963,1.164,1.2139,1.2513,1.279,1.2991,1.3172,1.3326,1.3462,1.3595,1.3729,1.3828,1.3905,1.3994,1.4042,1.4074,1.4112,1.4117,1.4144,1.4149,1.4166,1.4181,1.4197,1.4202,1.4211,1.4212,1.423,1.4235,1.4264,1.428,1.4288,1.4301,1.4308,1.4329,1.4332,1.4357,1.4363,1.4372,1.4379,1.4392,1.4401,1.4405,1.4391,1.4425,1.4417,1.4435,1.4439,1.445,1.4463,1.4464,1.4471,1.4485,1.45,1.4503,1.451,1.4529,1.454,1.4532,1.4535,1.455,1.4549,1.4568,1.457,1.4586,1.4588,1.4599,1.4608,1.4615,1.4626,1.463,1.464,1.4639,1.4652,1.4655,1.4668,1.4672,1.4678,1.469
3;2,0.146,0.155,0.1625,0.1709,0.1824,0.1945,0.2142,0.2389,0.2748,0.3143,0.3644,0.425,0.4986,0.5815,0.6716,0.7712,0.8728,0.9637,1.0487,1.1174,1.1694,1.2063,1.2347,1.2568,1.2767,1.2939,1.3079,1.3231,1.3348,1.3464,1.3551,1.3631,1.3692,1.3755,1.3789,1.3821,1.3837,1.3863,1.3885,1.3901,1.3921,1.3942,1.395,1.397,1.3979,1.4013,1.4033,1.4053,1.407,1.4072,1.408,1.4089,1.4116,1.4125,1.4142,1.4155,1.416,1.4173,1.4184,1.4184,1.4184,1.4197,1.4208,1.4231,1.4237,1.4242,1.4254,1.4252,1.4264,1.4286,1.429,1.4307,1.4323,1.4331,1.4326,1.4348,1.4348,1.4365,1.4369,1.4383,1.4399,1.441,1.4411,1.4425,1.4433,1.4446,1.4452,1.4461,1.4466,1.4472,1.4485,1.4491,1.45,1.4503,1.4519,1.4537
,,,,,,,,,,,,,,,,,,,,,,,,,,,,,,,,,,,,,,,,,,,,,,,,,,,,,,,,,,,,,,,,,,,,,,,,,,,,,,,,,,,,,,,,,,,,,,,,
End Time,,,,2025-12-13 12:02:10,,,,,,,,,,,,,,,,,,,,,,,,,,,,,,,,,,,,,,,,,,,,,,,,,,,,,,,,,,,,,,,,,,,,,,,,,,,,,,,,,,,,,,,,,,,,
,,,,,,,,,,,,,,,,,,,,,,,,,,,,,,,,,,,,,,,,,,,,,,,,,,,,,,,,,,,,,,,,,,,,,,,,,,,,,,,,,,,,,,,,,,,,,,,,
,,,,,,,,,,,,,,,,,,,,,,,,,,,,,,,,,,,,,,,,,,,,,,,,,,,,,,,,,,,,,,,,,,,,,,,,,,,,,,,,,,,,,,,,,,,,,,,,
