  ,,,,,,,,,,,,,,,,,,,,,,,,,,,,,,,,,,,,,,,,,,,,,,,,,,,,,,,,,,,,,,,,,,,,,,,,,,,,,,,,,,,,,,,,,,,,,,,,
Application: SparkControl,,,,V2.3,,,,,,,,,,,,,,,,,,,,,,,,,,,,,,,,,,,,,,,,,,,,,,,,,,,,,,,,,,,,,,,,,,,,,,,,,,,,,,,,,,,,,,,,,,,,
Device: Spark,,,,Serial number: 1807000105,,,,,,,,,,,,,,,,,,,,,,,,,,,,,,,,,,,,,,,,,,,,,,,,,,,,,,,,,,,,,,,,,,,,,,,,,,,,,,,,,,,,,,,,,,,,
Firmware:,,,,LUM:V5.2.3|ABS:V4.3.2|ABS_MEX:V5.0.7|MTP:V13.1.5|FLUOR:V5.1.3|FLUOR_BOTTOM:V5.0.2,,,,,,,,,,,,,,,,,,,,,,,,,,,,,,,,,,,,,,,,,,,,,,,,,,,,,,,,,,,,,,,,,,,,,,,,,,,,,,,,,,,,,,,,,,,,
,,,,,,,,,,,,,,,,,,,,,,,,,,,,,,,,,,,,,,,,,,,,,,,,,,,,,,,,,,,,,,,,,,,,,,,,,,,,,,,,,,,,,,,,,,,,,,,,
Date:,,,,2025-08-24,,,,,,,,,,,,,,,,,,,,,,,,,,,,,,,,,,,,,,,,,,,,,,,,,,,,,,,,,,,,,,,,,,,,,,,,,,,,,,,,,,,,,,,,,,,,
Time:,,,,12:15 PM,,,,,,,,,,,,,,,,,,,,,,,,,,,,,,,,,,,,,,,,,,,,,,,,,,,,,,,,,,,,,,,,,,,,,,,,,,,,,,,,,,,,,,,,,,,,
System,,,,CORD2104-PC2,,,,,,,,,,,,,,,,,,,,,,,,,,,,,,,,,,,,,,,,,,,,,,,,,,,,,,,,,,,,,,,,,,,,,,,,,,,,,,,,,,,,,,,,,,,,
User,,,,CORD2104-PC2\burketo,,,,,,,,,,,,,,,,,,,,,,,,,,,,,,,,,,,,,,,,,,,,,,,,,,,,,,,,,,,,,,,,,,,,,,,,,,,,,,,,,,,,,,,,,,,,
Plate,,,,[BD96ft_FluoroBlok] - BD Falcon 96 Flat Transparent Cat. No.: 351161/351162/351163/351164,,,,,,,,,,,,,,,,,,,,,,,,,,,,,,,,,,,,,,,,,,,,,,,,,,,,,,,,,,,,,,,,,,,,,,,,,,,,,,,,,,,,,,,,,,,,
Lid lifter,,,,Lid,,,,,,,,,,,,,,,,,,,,,,,,,,,,,,,,,,,,,,,,,,,,,,,,,,,,,,,,,,,,,,,,,,,,,,,,,,,,,,,,,,,,,,,,,,,,
Humidity Cassette,,,,No humidity cassette,,,,,,,,,,,,,,,,,,,,,,,,,,,,,,,,,,,,,,,,,,,,,,,,,,,,,,,,,,,,,,,,,,,,,,,,,,,,,,,,,,,,,,,,,,,,
Smooth mode,,,,Selected,,,,,,,,,,,,,,,,,,,,,,,,,,,,,,,,,,,,,,,,,,,,,,,,,,,,,,,,,,,,,,,,,,,,,,,,,,,,,,,,,,,,,,,,,,,,
,,,,,,,,,,,,,,,,,,,,,,,,,,,,,,,,,,,,,,,,,,,,,,,,,,,,,,,,,,,,,,,,,,,,,,,,,,,,,,,,,,,,,,,,,,,,,,,,
List of actions in this measurement script:,,,,,,,,,,,,,,,,,,,,,,,,,,,,,,,,,,,,,,,,,,,,,,,,,,,,,,,,,,,,,,,,,,,,,,,,,,,,,,,,,,,,,,,,,,,,,,,,
Plate,,,,,,,,,,,,,,,,,,,,,,,,,,,,,,,,,,,,,,,,,,,,,,,,,,,,,,,,,,,,,,,,,,,,,,,,,,,,,,,,,,,,,,,,,,,,,,,,
,Shaking,,,,,,,,,,,,,,,,,,,,,,,,,,,,,,,,,,,,,,,,,,,,,,,,,,,,,,,,,,,,,,,,,,,,,,,,,,,,,,,,,,,,,,,,,,,,,,,
,Absorbance,,,,,Initial,,,,,,,,,,,,,,,,,,,,,,,,,,,,,,,,,,,,,,,,,,,,,,,,,,,,,,,,,,,,,,,,,,,,,,,,,,,,,,,,,,,,,,,,,,
,Kinetic,,,,,,,,,,,,,,,,,,,,,,,,,,,,,,,,,,,,,,,,,,,,,,,,,,,,,,,,,,,,,,,,,,,,,,,,,,,,,,,,,,,,,,,,,,,,,,,
,,Condition,,,,,,,,,,,,,,,,,,,,,,,,,,,,,,,,,,,,,,,,,,,,,,,,,,,,,,,,,,,,,,,,,,,,,,,,,,,,,,,,,,,,,,,,,,,,,,
,,,Temperature,,,,,,,,,,,,,,,,,,,,,,,,,,,,,,,,,,,,,,,,,,,,,,,,,,,,,,,,,,,,,,,,,,,,,,,,,,,,,,,,,,,,,,,,,,,,,
,,,Shaking,,,,,,,,,,,,,,,,,,,,,,,,,,,,,,,,,,,,,,,,,,,,,,,,,,,,,,,,,,,,,,,,,,,,,,,,,,,,,,,,,,,,,,,,,,,,,
,,,Absorbance,,,Growth,,,,,,,,,,,,,,,,,,,,,,,,,,,,,,,,,,,,,,,,,,,,,,,,,,,,,,,,,,,,,,,,,,,,,,,,,,,,,,,,,,,,,,,,,,
,,,,,,,,,,,,,,,,,,,,,,,,,,,,,,,,,,,,,,,,,,,,,,,,,,,,,,,,,,,,,,,,,,,,,,,,,,,,,,,,,,,,,,,,,,,,,,,,
Name,,,,BD96ft_FluoroBlok,,,,,,,,,,,,,,,,,,,,,,,,,,,,,,,,,,,,,,,,,,,,,,,,,,,,,,,,,,,,,,,,,,,,,,,,,,,,,,,,,,,,,,,,,,,,
Plate layout,,,,,,,,,,,,,,,,,,,,,,,,,,,,,,,,,,,,,,,,,,,,,,,,,,,,,,,,,,,,,,,,,,,,,,,,,,,,,,,,,,,,,,,,,,,,,,,,
Plate area,,,,A1-H12,,,,,,,,,,,,,,,,,,,,,,,,,,,,,,,,,,,,,,,,,,,,,,,,,,,,,,,,,,,,,,,,,,,,,,,,,,,,,,,,,,,,,,,,,,,,
,,,,,,,,,,,,,,,,,,,,,,,,,,,,,,,,,,,,,,,,,,,,,,,,,,,,,,,,,,,,,,,,,,,,,,,,,,,,,,,,,,,,,,,,,,,,,,,,
Start Time,,,,2025-08-22 12:41:32,,,,,,,,,,,,,,,,,,,,,,,,,,,,,,,,,,,,,,,,,,,,,,,,,,,,,,,,,,,,,,,,,,,,,,,,,,,,,,,,,,,,,,,,,,,,
Shaking (Orbital) Duration,,,,5,s,,,,,,,,,,,,,,,,,,,,,,,,,,,,,,,,,,,,,,,,,,,,,,,,,,,,,,,,,,,,,,,,,,,,,,,,,,,,,,,,,,,,,,,,,,,
Shaking (Orbital) Position,,,,Current,,,,,,,,,,,,,,,,,,,,,,,,,,,,,,,,,,,,,,,,,,,,,,,,,,,,,,,,,,,,,,,,,,,,,,,,,,,,,,,,,,,,,,,,,,,,
Shaking (Orbital) Amplitude,,,,1,mm,,,,,,,,,,,,,,,,,,,,,,,,,,,,,,,,,,,,,,,,,,,,,,,,,,,,,,,,,,,,,,,,,,,,,,,,,,,,,,,,,,,,,,,,,,,
Shaking (Orbital) Frequency,,,,510,rpm,,,,,,,,,,,,,,,,,,,,,,,,,,,,,,,,,,,,,,,,,,,,,,,,,,,,,,,,,,,,,,,,,,,,,,,,,,,,,,,,,,,,,,,,,,,
End Time,,,,2025-08-22 12:41:37,,,,,,,,,,,,,,,,,,,,,,,,,,,,,,,,,,,,,,,,,,,,,,,,,,,,,,,,,,,,,,,,,,,,,,,,,,,,,,,,,,,,,,,,,,,,
,,,,,,,,,,,,,,,,,,,,,,,,,,,,,,,,,,,,,,,,,,,,,,,,,,,,,,,,,,,,,,,,,,,,,,,,,,,,,,,,,,,,,,,,,,,,,,,,
Mode,Absorbance,,,,,,,,,,,,,,,,,,,,,,,,,,,,,,,,,,,,,,,,,,,,,,,,,,,,,,,,,,,,,,,,,,,,,,,,,,,,,,,,,,,,,,,,,,,,,,,
Measurement wavelength,,,,600,nm,,,,,,,,,,,,,,,,,,,,,,,,,,,,,,,,,,,,,,,,,,,,,,,,,,,,,,,,,,,,,,,,,,,,,,,,,,,,,,,,,,,,,,,,,,,
Number of flashes,,,,10,,,,,,,,,,,,,,,,,,,,,,,,,,,,,,,,,,,,,,,,,,,,,,,,,,,,,,,,,,,,,,,,,,,,,,,,,,,,,,,,,,,,,,,,,,,,
Settle time,,,,50,ms,,,,,,,,,,,,,,,,,,,,,,,,,,,,,,,,,,,,,,,,,,,,,,,,,,,,,,,,,,,,,,,,,,,,,,,,,,,,,,,,,,,,,,,,,,,
Multiple Reads per Well (Circle (filled)),,,,3 x 3,,,,,,,,,,,,,,,,,,,,,,,,,,,,,,,,,,,,,,,,,,,,,,,,,,,,,,,,,,,,,,,,,,,,,,,,,,,,,,,,,,,,,,,,,,,,
Multiple Reads per Well (Border),,,,500,µm,,,,,,,,,,,,,,,,,,,,,,,,,,,,,,,,,,,,,,,,,,,,,,,,,,,,,,,,,,,,,,,,,,,,,,,,,,,,,,,,,,,,,,,,,,,
Part of Plate,,,,A1-H12,,,,,,,,,,,,,,,,,,,,,,,,,,,,,,,,,,,,,,,,,,,,,,,,,,,,,,,,,,,,,,,,,,,,,,,,,,,,,,,,,,,,,,,,,,,,
,,,,,,,,,,,,,,,,,,,,,,,,,,,,,,,,,,,,,,,,,,,,,,,,,,,,,,,,,,,,,,,,,,,,,,,,,,,,,,,,,,,,,,,,,,,,,,,,
Start Time,,,,2025-08-22 12:41:40,,,,,,,,,,,,,,,,,,,,,,,,,,,,,,,,,,,,,,,,,,,,,,,,,,,,,,,,,,,,,,,,,,,,,,,,,,,,,,,,,,,,,,,,,,,,
Temperature,,,,40.3,°C,,,,,,,,,,,,,,,,,,,,,,,,,,,,,,,,,,,,,,,,,,,,,,,,,,,,,,,,,,,,,,,,,,,,,,,,,,,,,,,,,,,,,,,,,,,
,,,,,,,,,,,,,,,,,,,,,,,,,,,,,,,,,,,,,,,,,,,,,,,,,,,,,,,,,,,,,,,,,,,,,,,,,,,,,,,,,,,,,,,,,,,,,,,,
,1;2,,,,,,,,,,,,,,,,,,,,,,,,,,,,,,,,,,,,,,,,,,,,,,,,,,,,,,,,,,,,,,,,,,,,,,,,,,,,,,,,,,,,,,,,,,,,,,,
2;1,2;2,2;3,,,,,,,,,,,,,,,,,,,,,,,,,,,,,,,,,,,,,,,,,,,,,,,,,,,,,,,,,,,,,,,,,,,,,,,,,,,,,,,,,,,,,,,,,,,,,,
,3;2,,,,,,,,,,,,,,,,,,,,,,,,,,,,,,,,,,,,,,,,,,,,,,,,,,,,,,,,,,,,,,,,,,,,,,,,,,,,,,,,,,,,,,,,,,,,,,,
Well,A1,A2,A3,A4,A5,A6,A7,A8,A9,A10,A11,A12,B1,B2,B3,B4,B5,B6,B7,B8,B9,B10,B11,B12,C1,C2,C3,C4,C5,C6,C7,C8,C9,C10,C11,C12,D1,D2,D3,D4,D5,D6,D7,D8,D9,D10,D11,D12,E1,E2,E3,E4,E5,E6,E7,E8,E9,E10,E11,E12,F1,F2,F3,F4,F5,F6,F7,F8,F9,F10,F11,F12,G1,G2,G3,G4,G5,G6,G7,G8,G9,G10,G11,G12,H1,H2,H3,H4,H5,H6,H7,H8,H9,H10,H11,H12
Mean,0.09934,0.09958,0.10052,0.09978,0.09996,0.10034,0.1007,0.10146,0.1015,0.10164,0.10214,0.10034,0.10018,0.12146,0.12308,0.12038,0.12292,0.12596,0.12598,0.1207,0.1192,0.12156,0.10058,0.1026,0.09898,0.11772,0.12258,0.12144,0.11932,0.12076,0.1198,0.1228,0.12794,0.12544,0.10224,0.10094,0.09936,0.11692,0.11764,0.12144,0.11726,0.11794,0.11656,0.12398,0.12332,0.12418,0.10096,0.10054,0.09962,0.11562,0.11478,0.12114,0.1136,0.11708,0.11254,0.10114,0.10178,0.10084,0.1005,0.10094,0.09996,0.11538,0.11892,0.1182,0.1156,0.11582,0.11868,0.1001,0.10278,0.10138,0.10064,0.10248,0.09926,0.118,0.1179,0.1176,0.11556,0.11862,0.11708,0.10122,0.101,0.10112,0.10192,0.10224,0.09942,0.09984,0.1003,0.09972,0.0996,0.0996,0.10038,0.10476,0.10078,0.10026,0.10262,0.10118
StDev,0.001624192,0.002087343,0.002720662,0.002725252,0.003072133,0.00263875,0.00249299,0.001820165,0.002522895,0.002200682,0.002169793,0.002204087,0.002127675,0.006871172,0.007029723,0.006920043,0.00862421,0.010132275,0.009225346,0.005771915,0.004829596,0.007879911,0.002904651,0.004374929,0.001643776,0.004796561,0.007884922,0.009082015,0.007909614,0.009356709,0.009795918,0.005432771,0.012438971,0.006744479,0.002350106,0.003406318,0.000594138,0.002946523,0.005437187,0.005394256,0.004933863,0.004202737,0.003332116,0.006502461,0.005718566,0.005053415,0.002587083,0.00281567,0.001130044,0.001731185,0.003205776,0.005460128,0.002329163,0.003717123,0.002260088,0.002589015,0.002916676,0.003479655,0.001079352,0.002722683,0.002762788,0.002475278,0.004890501,0.004268489,0.003558792,0.003928358,0.004663904,0.003203123,0.003176004,0.00292438,0.00228976,0.002226432,0.001782695,0.004442409,0.004782782,0.00492189,0.002860594,0.003836926,0.003520937,0.003155471,0.003065126,0.003097095,0.002373184,0.002946693,0.002363684,0.001641036,0.002210204,0.002462113,0.001724819,0.001973575,0.000923038,0.003824003,0.002823473,0.00338275,0.002865659,0.002935473
1;2,0.1008,0.102,0.1023,0.1034,0.1035,0.102,0.1039,0.103,0.1043,0.1038,0.1029,0.1026,0.1017,0.1175,0.1175,0.1162,0.1175,0.1193,0.1201,0.1169,0.1179,0.1172,0.1038,0.1033,0.1012,0.1155,0.1176,0.1162,0.1147,0.1152,0.1148,0.119,0.1198,0.1215,0.1046,0.1043,0.1002,0.1161,0.1146,0.1181,0.1139,0.1143,0.1144,0.1195,0.1199,0.1206,0.1024,0.1039,0.1004,0.1154,0.1128,0.1177,0.1126,0.1146,0.1124,0.1047,0.1047,0.1037,0.1009,0.1038,0.1022,0.1156,0.1154,0.1167,0.1148,0.1148,0.1164,0.1042,0.1059,0.1043,0.1032,0.103,0.1006,0.1253,0.1156,0.1152,0.1136,0.1167,0.1159,0.1047,0.1044,0.1038,0.1049,0.1053,0.1022,0.1008,0.1023,0.1023,0.1018,0.1018,0.1013,0.107,0.1034,0.1036,0.1047,0.1037
2;1,0.1004,0.1001,0.1034,0.0983,0.0983,0.1032,0.0988,0.1005,0.0988,0.0988,0.1003,0.0988,0.1021,0.1231,0.1264,0.1225,0.1245,0.1289,0.1294,0.1226,0.1186,0.122,0.0992,0.0981,0.0981,0.1172,0.1246,0.1223,0.1214,0.1217,0.119,0.1262,0.13,0.1265,0.0999,0.0989,0.0992,0.1167,0.1198,0.124,0.1201,0.1208,0.1188,0.1282,0.1253,0.1272,0.0989,0.0985,0.1009,0.1157,0.117,0.1257,0.1147,0.1195,0.1133,0.099,0.0997,0.0989,0.1021,0.0987,0.0985,0.1164,0.121,0.1195,0.1165,0.1152,0.1203,0.0976,0.1007,0.1001,0.0988,0.1028,0.1011,0.1158,0.12,0.1186,0.1166,0.1196,0.1188,0.0995,0.0996,0.1,0.1005,0.1024,0.0991,0.1018,0.1007,0.099,0.0989,0.0993,0.1011,0.1077,0.0981,0.098,0.0997,0.0975
2;2,0.1,0.1006,0.1015,0.1019,0.1029,0.1013,0.1029,0.1031,0.1039,0.1037,0.1055,0.1029,0.1012,0.1194,0.1204,0.1179,0.1196,0.1214,0.1217,0.1189,0.1188,0.1187,0.1035,0.106,0.1,0.1166,0.1195,0.1182,0.1163,0.1173,0.116,0.1209,0.1228,0.1231,0.1046,0.1048,0.0997,0.1158,0.1157,0.1197,0.1162,0.1181,0.1161,0.122,0.1213,0.1229,0.1046,0.1033,0.0999,0.1149,0.1143,0.1197,0.1149,0.117,0.1134,0.1031,0.1052,0.1049,0.1002,0.104,0.1032,0.1141,0.1178,0.1169,0.1152,0.1164,0.1177,0.1028,0.106,0.1047,0.1023,0.1057,0.0998,0.114,0.1167,0.1165,0.1151,0.1178,0.1168,0.1046,0.1039,0.1046,0.1039,0.1046,0.1011,0.1002,0.1016,0.1021,0.101,0.1013,0.1007,0.1078,0.1042,0.1039,0.1051,0.1032
2;3,0.0987,0.0987,0.0985,0.0983,0.0986,0.0983,0.0988,0.0988,0.0994,0.1001,0.1017,0.0988,0.0987,0.1148,0.1173,0.1139,0.1158,0.1178,0.1181,0.1153,0.1137,0.115,0.0991,0.1075,0.0986,0.1134,0.1158,0.1138,0.1121,0.1131,0.1124,0.1174,0.1184,0.1195,0.0999,0.0995,0.0987,0.1141,0.1121,0.1159,0.1119,0.1133,0.1126,0.1172,0.1178,0.1189,0.1006,0.0989,0.0986,0.1137,0.1109,0.1148,0.11,0.1125,0.1088,0.0994,0.1001,0.1003,0.0992,0.0987,0.0995,0.1121,0.1141,0.1132,0.1108,0.1109,0.1133,0.0988,0.1025,0.0995,0.1011,0.1011,0.0978,0.116,0.1123,0.1123,0.1126,0.1144,0.1122,0.0989,0.0999,0.1002,0.101,0.1009,0.0986,0.0987,0.1003,0.0987,0.0986,0.0986,0.0995,0.0997,0.0996,0.0995,0.0993,0.0985
3;2,0.0968,0.0965,0.0969,0.097,0.0965,0.0969,0.0991,0.1019,0.1011,0.1018,0.1003,0.0986,0.0972,0.1325,0.1338,0.1314,0.1372,0.1424,0.1406,0.1298,0.127,0.1349,0.0973,0.0981,0.097,0.1259,0.1354,0.1367,0.1321,0.1365,0.1368,0.1305,0.1487,0.1366,0.1022,0.0972,0.099,0.1219,0.126,0.1295,0.1242,0.1232,0.1209,0.133,0.1323,0.1313,0.0983,0.0981,0.0983,0.1184,0.1189,0.1278,0.1158,0.1218,0.1148,0.0995,0.0992,0.0964,0.1001,0.0995,0.0964,0.1187,0.1263,0.1247,0.1207,0.1218,0.1257,0.0971,0.0988,0.0983,0.0978,0.0998,0.097,0.1189,0.1249,0.1254,0.1199,0.1246,0.1217,0.0984,0.0972,0.097,0.0993,0.098,0.0961,0.0977,0.0966,0.0965,0.0977,0.097,0.0993,0.1016,0.0986,0.0963,0.1043,0.103
,,,,,,,,,,,,,,,,,,,,,,,,,,,,,,,,,,,,,,,,,,,,,,,,,,,,,,,,,,,,,,,,,,,,,,,,,,,,,,,,,,,,,,,,,,,,,,,,
End Time,,,,2025-08-22 12:43:41,,,,,,,,,,,,,,,,,,,,,,,,,,,,,,,,,,,,,,,,,,,,,,,,,,,,,,,,,,,,,,,,,,,,,,,,,,,,,,,,,,,,,,,,,,,,
,,,,,,,,,,,,,,,,,,,,,,,,,,,,,,,,,,,,,,,,,,,,,,,,,,,,,,,,,,,,,,,,,,,,,,,,,,,,,,,,,,,,,,,,,,,,,,,,
Mode,Kinetic,,,,,,,,,,,,,,,,,,,,,,,,,,,,,,,,,,,,,,,,,,,,,,,,,,,,,,,,,,,,,,,,,,,,,,,,,,,,,,,,,,,,,,,,,,,,,,,
Kinetic cycles,,,,96,,,,,,,,,,,,,,,,,,,,,,,,,,,,,,,,,,,,,,,,,,,,,,,,,,,,,,,,,,,,,,,,,,,,,,,,,,,,,,,,,,,,,,,,,,,,
Interval time,,,,00:30:00,hh:mm:ss,,,,,,,,,,,,,,,,,,,,,,,,,,,,,,,,,,,,,,,,,,,,,,,,,,,,,,,,,,,,,,,,,,,,,,,,,,,,,,,,,,,,,,,,,,,
,,,,,,,,,,,,,,,,,,,,,,,,,,,,,,,,,,,,,,,,,,,,,,,,,,,,,,,,,,,,,,,,,,,,,,,,,,,,,,,,,,,,,,,,,,,,,,,,
Mode,Condition,,,,,,,,,,,,,,,,,,,,,,,,,,,,,,,,,,,,,,,,,,,,,,,,,,,,,,,,,,,,,,,,,,,,,,,,,,,,,,,,,,,,,,,,,,,,,,,
Type,,,,Start at cycle,,,,,,,,,,,,,,,,,,,,,,,,,,,,,,,,,,,,,,,,,,,,,,,,,,,,,,,,,,,,,,,,,,,,,,,,,,,,,,,,,,,,,,,,,,,,
Executed continuously,,,,,,,,,,,,,,,,,,,,,,,,,,,,,,,,,,,,,,,,,,,,,,,,,,,,,,,,,,,,,,,,,,,,,,,,,,,,,,,,,,,,,,,,,,,,,,,,
Operation,,,,at cycle 1,,,,,,,,,,,,,,,,,,,,,,,,,,,,,,,,,,,,,,,,,,,,,,,,,,,,,,,,,,,,,,,,,,,,,,,,,,,,,,,,,,,,,,,,,,,,
,,,,,,,,,,,,,,,,,,,,,,,,,,,,,,,,,,,,,,,,,,,,,,,,,,,,,,,,,,,,,,,,,,,,,,,,,,,,,,,,,,,,,,,,,,,,,,,,
Temperature control,,,,On,,,,,,,,,,,,,,,,,,,,,,,,,,,,,,,,,,,,,,,,,,,,,,,,,,,,,,,,,,,,,,,,,,,,,,,,,,,,,,,,,,,,,,,,,,,,
Target temperature,,,,30,°C,,,,,,,,,,,,,,,,,,,,,,,,,,,,,,,,,,,,,,,,,,,,,,,,,,,,,,,,,,,,,,,,,,,,,,,,,,,,,,,,,,,,,,,,,,,
,,,,,,,,,,,,,,,,,,,,,,,,,,,,,,,,,,,,,,,,,,,,,,,,,,,,,,,,,,,,,,,,,,,,,,,,,,,,,,,,,,,,,,,,,,,,,,,,
Shaking (Orbital) Duration,,,,5,s,,,,,,,,,,,,,,,,,,,,,,,,,,,,,,,,,,,,,,,,,,,,,,,,,,,,,,,,,,,,,,,,,,,,,,,,,,,,,,,,,,,,,,,,,,,
Shaking (Orbital) Position,,,,Current,,,,,,,,,,,,,,,,,,,,,,,,,,,,,,,,,,,,,,,,,,,,,,,,,,,,,,,,,,,,,,,,,,,,,,,,,,,,,,,,,,,,,,,,,,,,
Shaking (Orbital) Amplitude,,,,1,mm,,,,,,,,,,,,,,,,,,,,,,,,,,,,,,,,,,,,,,,,,,,,,,,,,,,,,,,,,,,,,,,,,,,,,,,,,,,,,,,,,,,,,,,,,,,
Shaking (Orbital) Frequency,,,,510,rpm,,,,,,,,,,,,,,,,,,,,,,,,,,,,,,,,,,,,,,,,,,,,,,,,,,,,,,,,,,,,,,,,,,,,,,,,,,,,,,,,,,,,,,,,,,,
,,,,,,,,,,,,,,,,,,,,,,,,,,,,,,,,,,,,,,,,,,,,,,,,,,,,,,,,,,,,,,,,,,,,,,,,,,,,,,,,,,,,,,,,,,,,,,,,
Mode,Absorbance,,,,,,,,,,,,,,,,,,,,,,,,,,,,,,,,,,,,,,,,,,,,,,,,,,,,,,,,,,,,,,,,,,,,,,,,,,,,,,,,,,,,,,,,,,,,,,,
Measurement wavelength,,,,600,nm,,,,,,,,,,,,,,,,,,,,,,,,,,,,,,,,,,,,,,,,,,,,,,,,,,,,,,,,,,,,,,,,,,,,,,,,,,,,,,,,,,,,,,,,,,,
Number of flashes,,,,10,,,,,,,,,,,,,,,,,,,,,,,,,,,,,,,,,,,,,,,,,,,,,,,,,,,,,,,,,,,,,,,,,,,,,,,,,,,,,,,,,,,,,,,,,,,,
Settle time,,,,50,ms,,,,,,,,,,,,,,,,,,,,,,,,,,,,,,,,,,,,,,,,,,,,,,,,,,,,,,,,,,,,,,,,,,,,,,,,,,,,,,,,,,,,,,,,,,,
Multiple Reads per Well (Circle (filled)),,,,3 x 3,,,,,,,,,,,,,,,,,,,,,,,,,,,,,,,,,,,,,,,,,,,,,,,,,,,,,,,,,,,,,,,,,,,,,,,,,,,,,,,,,,,,,,,,,,,,
Multiple Reads per Well (Border),,,,500,µm,,,,,,,,,,,,,,,,,,,,,,,,,,,,,,,,,,,,,,,,,,,,,,,,,,,,,,,,,,,,,,,,,,,,,,,,,,,,,,,,,,,,,,,,,,,
Part of Plate,,,,A1-H12,,,,,,,,,,,,,,,,,,,,,,,,,,,,,,,,,,,,,,,,,,,,,,,,,,,,,,,,,,,,,,,,,,,,,,,,,,,,,,,,,,,,,,,,,,,,
,,,,,,,,,,,,,,,,,,,,,,,,,,,,,,,,,,,,,,,,,,,,,,,,,,,,,,,,,,,,,,,,,,,,,,,,,,,,,,,,,,,,,,,,,,,,,,,,
Start Time,,,,2025-08-22 12:43:47,,,,,,,,,,,,,,,,,,,,,,,,,,,,,,,,,,,,,,,,,,,,,,,,,,,,,,,,,,,,,,,,,,,,,,,,,,,,,,,,,,,,,,,,,,,,
,,,,,,,,,,,,,,,,,,,,,,,,,,,,,,,,,,,,,,,,,,,,,,,,,,,,,,,,,,,,,,,,,,,,,,,,,,,,,,,,,,,,,,,,,,,,,,,,
Growth,,,,,,,,,,,,,,,,,,,,,,,,,,,,,,,,,,,,,,,,,,,,,,,,,,,,,,,,,,,,,,,,,,,,,,,,,,,,,,,,,,,,,,,,,,,,,,,,
,1;2,,,,,,,,,,,,,,,,,,,,,,,,,,,,,,,,,,,,,,,,,,,,,,,,,,,,,,,,,,,,,,,,,,,,,,,,,,,,,,,,,,,,,,,,,,,,,,,
2;1,2;2,2;3,,,,,,,,,,,,,,,,,,,,,,,,,,,,,,,,,,,,,,,,,,,,,,,,,,,,,,,,,,,,,,,,,,,,,,,,,,,,,,,,,,,,,,,,,,,,,,
,3;2,,,,,,,,,,,,,,,,,,,,,,,,,,,,,,,,,,,,,,,,,,,,,,,,,,,,,,,,,,,,,,,,,,,,,,,,,,,,,,,,,,,,,,,,,,,,,,,
Cycles / Well,,,,,,,,,,,,,,,,,,,,,,,,,,,,,,,,,,,,,,,,,,,,,,,,,,,,,,,,,,,,,,,,,,,,,,,,,,,,,,,,,,,,,,,,,,,,,,,,
A1,1,2,3,4,5,6,7,8,9,10,11,12,13,14,15,16,17,18,19,20,21,22,23,24,25,26,27,28,29,30,31,32,33,34,35,36,37,38,39,40,41,42,43,44,45,46,47,48,49,50,51,52,53,54,55,56,57,58,59,60,61,62,63,64,65,66,67,68,69,70,71,72,73,74,75,76,77,78,79,80,81,82,83,84,85,86,87,88,89,90,91,92,93,94,95,96
Time [s],0,1799.804,3599.705,5399.641,7199.561,8999.49,10799.409,12599.333,14399.26,16199.194,17999.109,19799.039,21598.958,23398.892,25198.808,26998.725,28798.661,30598.589,32398.489,34198.443,35998.374,37798.286,39598.224,41398.149,43198.081,44997.99,46797.917,48597.842,50397.765,52197.702,53997.621,55797.552,57597.468,59397.391,61197.317,62997.249,64797.163,66597.084,68397.028,70196.935,71996.864,73796.783,75596.71,77396.649,79196.565,80996.494,82796.414,84596.354,86396.27,88196.204,89996.112,91796.061,93595.971,95395.897,97195.829,98995.747,100795.679,102595.601,104395.534,106195.445,107995.377,109795.307,111595.236,113395.157,115195.076,116995.019,118794.937,120594.848,122394.785,124194.722,125994.648,127794.579,129594.494,131394.41,133194.341,134994.266,136794.185,138594.122,140394.047,142193.959,143993.87,145793.805,147593.724,149393.655,151193.569,152993.504,154793.443,156593.376,158393.277,160193.21,161993.13,163793.052,165592.982,167392.906,169192.831,170992.755
Temp. [°C],40.8,29.9,29.9,30,30,30.1,30,30.1,30,29.9,30,30,30,30,30,29.9,30,30,30.1,30.1,29.9,30,30,30,30.1,30.1,30,30.1,30.1,30,30,30,29.9,30.1,30,29.9,29.8,29.8,29.8,29.9,30.1,30.1,30,30.1,29.8,29.9,30,30,30,30.1,30,30,29.8,30,30,30.1,30.1,30,30.1,29.9,30,30.1,30.1,30,30,29.9,29.9,30.1,30,30,29.9,29.9,30,30,29.9,30.1,29.9,29.8,29.9,30,30,30.1,30,30,30.1,30.1,30.2,30.1,29.9,30,29.9,29.9,30.1,29.9,30,30
Mean,0.09912,0.0992,0.0994,0.0994,0.09946,0.09946,0.09934,0.0994,0.09942,0.09924,0.0993,0.09936,0.09918,0.09926,0.0991,0.09924,0.09912,0.0992,0.09924,0.09906,0.09912,0.099,0.09904,0.09908,0.09894,0.09902,0.09894,0.099,0.09896,0.09888,0.09894,0.09902,0.099,0.09902,0.0991,0.099,0.09904,0.09906,0.09904,0.09908,0.09916,0.09918,0.09912,0.09916,0.09908,0.0992,0.09914,0.09916,0.09916,0.09926,0.09926,0.09928,0.09946,0.09938,0.09938,0.09944,0.09944,0.09942,0.0996,0.09958,0.09954,0.09964,0.09966,0.09966,0.09958,0.0998,0.09986,0.09992,0.0999,0.10018,0.09996,0.10002,0.10022,0.1002,0.10038,0.10032,0.10046,0.1004,0.10066,0.1006,0.10054,0.10068,0.10054,0.10044,0.10066,0.1009,0.1009,0.10078,0.10104,0.10116,0.1012,0.1012,0.10122,0.10128,0.10132,0.1015
StDev,0.001546609,0.001837117,0.001954482,0.002070024,0.00205864,0.00215824,0.002207487,0.002260531,0.002199318,0.002307163,0.002372762,0.002338376,0.002380546,0.002402707,0.002438237,0.002568657,0.002483345,0.002518928,0.002529427,0.002592875,0.002636665,0.002638181,0.002687564,0.002628117,0.002725436,0.002669644,0.002759167,0.002736786,0.00272727,0.002777049,0.002726353,0.002758079,0.002853069,0.002732581,0.002692582,0.002779388,0.002776329,0.002759167,0.002742809,0.002786037,0.002759167,0.00277074,0.002684586,0.002700555,0.002692025,0.002699074,0.00266233,0.002724518,0.002617824,0.002512568,0.002557929,0.00252824,0.002439877,0.002471235,0.002493391,0.002408942,0.002414125,0.002376342,0.002304344,0.002317758,0.002315815,0.002333024,0.002236739,0.002244549,0.002266495,0.002225983,0.00224232,0.002202726,0.002257211,0.002306946,0.002256768,0.002249889,0.002349894,0.002327015,0.00243146,0.002384743,0.002564761,0.002563201,0.002866705,0.002799107,0.002834255,0.002857796,0.002779029,0.002720845,0.003090793,0.003186691,0.003333917,0.003351418,0.003510413,0.003775977,0.003949051,0.003865876,0.003875177,0.004255232,0.004269309,0.004649193
1;2,0.1007,0.1013,0.1017,0.1019,0.102,0.1021,0.102,0.1022,0.1022,0.1021,0.1022,0.1023,0.1021,0.1021,0.1021,0.1023,0.1021,0.1022,0.1022,0.1021,0.1022,0.1021,0.1022,0.1022,0.1021,0.1021,0.1021,0.1022,0.1021,0.1021,0.102,0.1021,0.1022,0.1021,0.1022,0.102,0.1021,0.102,0.102,0.1021,0.1021,0.1022,0.102,0.102,0.1019,0.1021,0.102,0.1021,0.1019,0.1019,0.1019,0.1019,0.102,0.1019,0.1018,0.1018,0.1019,0.1018,0.1019,0.1019,0.1018,0.1018,0.1018,0.1018,0.1017,0.1019,0.1018,0.1018,0.1017,0.1018,0.1016,0.1016,0.1016,0.1017,0.1018,0.1017,0.1016,0.1015,0.1016,0.1015,0.1015,0.1015,0.1015,0.1014,0.1013,0.1015,0.1014,0.1012,0.1014,0.1015,0.1013,0.1012,0.1012,0.1012,0.1012,0.1012
2;1,0.0999,0.0997,0.0997,0.0996,0.0994,0.0992,0.0989,0.0989,0.0988,0.0986,0.0986,0.0987,0.0984,0.0985,0.0982,0.0982,0.0982,0.0982,0.0983,0.0979,0.0979,0.0979,0.0979,0.0978,0.0976,0.0977,0.0975,0.0977,0.0975,0.0975,0.0975,0.0976,0.0976,0.0976,0.0976,0.0974,0.0974,0.0975,0.0974,0.0975,0.0976,0.0975,0.0976,0.0975,0.0974,0.0975,0.0974,0.0974,0.0974,0.0975,0.0974,0.0973,0.0975,0.0975,0.0976,0.0975,0.0975,0.0973,0.0975,0.0975,0.0974,0.0974,0.0974,0.0974,0.0973,0.0974,0.0974,0.0975,0.0973,0.0974,0.0973,0.0973,0.0974,0.0974,0.0974,0.0974,0.0974,0.0973,0.0973,0.0974,0.0973,0.0974,0.0974,0.0973,0.0973,0.0975,0.0973,0.0972,0.0974,0.0973,0.0973,0.0974,0.0974,0.0973,0.0973,0.0973
2;2,0.0997,0.1,0.1004,0.1005,0.1006,0.1008,0.1009,0.1009,0.1009,0.1008,0.101,0.1009,0.1009,0.1011,0.1009,0.1013,0.101,0.1012,0.1013,0.1012,0.1013,0.1011,0.1012,0.1012,0.1012,0.1013,0.1013,0.1013,0.1013,0.1013,0.1014,0.1015,0.1016,0.1015,0.1015,0.1017,0.1017,0.1018,0.1017,0.1018,0.1019,0.1019,0.1018,0.102,0.1019,0.102,0.1019,0.102,0.102,0.102,0.1021,0.1021,0.1022,0.1022,0.1023,0.1023,0.1022,0.1022,0.1023,0.1023,0.1023,0.1025,0.1023,0.1023,0.1023,0.1023,0.1024,0.1025,0.1025,0.1024,0.1024,0.1024,0.1026,0.1025,0.1026,0.1026,0.1026,0.1025,0.1026,0.1026,0.1025,0.1026,0.1025,0.1025,0.1026,0.1026,0.1026,0.1024,0.1026,0.1025,0.1026,0.1026,0.1027,0.1024,0.1026,0.1025
2;3,0.0986,0.0986,0.0987,0.0986,0.0988,0.0988,0.0986,0.0987,0.0987,0.0986,0.0986,0.0987,0.0985,0.0986,0.0984,0.0985,0.0985,0.0985,0.0985,0.0984,0.0985,0.0984,0.0984,0.0985,0.0984,0.0984,0.0984,0.0983,0.0984,0.0981,0.0983,0.0984,0.0982,0.0983,0.0984,0.0983,0.0983,0.0983,0.0984,0.0983,0.0984,0.0984,0.0983,0.0982,0.0982,0.0982,0.0982,0.0981,0.0981,0.0982,0.0982,0.0982,0.0983,0.0982,0.0983,0.0982,0.0983,0.0981,0.0983,0.0981,0.0981,0.0981,0.0981,0.098,0.098,0.098,0.0979,0.0981,0.098,0.098,0.0979,0.098,0.098,0.098,0.0981,0.0981,0.098,0.098,0.098,0.0979,0.0978,0.098,0.0978,0.0978,0.0977,0.0979,0.0979,0.0978,0.0979,0.0979,0.0978,0.0979,0.0979,0.0977,0.0977,0.0977
3;2,0.0967,0.0964,0.0965,0.0964,0.0965,0.0964,0.0963,0.0963,0.0965,0.0961,0.0961,0.0962,0.096,0.096,0.0959,0.0959,0.0958,0.0959,0.0959,0.0957,0.0957,0.0955,0.0955,0.0957,0.0954,0.0956,0.0954,0.0955,0.0955,0.0954,0.0955,0.0955,0.0954,0.0956,0.0958,0.0956,0.0957,0.0957,0.0957,0.0957,0.0958,0.0959,0.0959,0.0961,0.096,0.0962,0.0962,0.0962,0.0964,0.0967,0.0967,0.0969,0.0973,0.0971,0.0969,0.0974,0.0973,0.0977,0.098,0.0981,0.0981,0.0984,0.0987,0.0988,0.0986,0.0994,0.0998,0.0997,0.1,0.1013,0.1006,0.1008,0.1015,0.1014,0.102,0.1018,0.1027,0.1027,0.1038,0.1036,0.1036,0.1039,0.1035,0.1032,0.1044,0.105,0.1053,0.1053,0.1059,0.1066,0.107,0.1069,0.1069,0.1078,0.1078,0.1088
,,,,,,,,,,,,,,,,,,,,,,,,,,,,,,,,,,,,,,,,,,,,,,,,,,,,,,,,,,,,,,,,,,,,,,,,,,,,,,,,,,,,,,,,,,,,,,,,
Cycles / Well,,,,,,,,,,,,,,,,,,,,,,,,,,,,,,,,,,,,,,,,,,,,,,,,,,,,,,,,,,,,,,,,,,,,,,,,,,,,,,,,,,,,,,,,,,,,,,,,
A2,1,2,3,4,5,6,7,8,9,10,11,12,13,14,15,16,17,18,19,20,21,22,23,24,25,26,27,28,29,30,31,32,33,34,35,36,37,38,39,40,41,42,43,44,45,46,47,48,49,50,51,52,53,54,55,56,57,58,59,60,61,62,63,64,65,66,67,68,69,70,71,72,73,74,75,76,77,78,79,80,81,82,83,84,85,86,87,88,89,90,91,92,93,94,95,96
Time [s],0,1799.804,3599.705,5399.641,7199.561,8999.49,10799.409,12599.333,14399.26,16199.194,17999.109,19799.039,21598.958,23398.892,25198.808,26998.725,28798.661,30598.589,32398.489,34198.443,35998.374,37798.286,39598.224,41398.149,43198.081,44997.99,46797.917,48597.842,50397.765,52197.702,53997.621,55797.552,57597.468,59397.391,61197.317,62997.249,64797.163,66597.084,68397.028,70196.935,71996.864,73796.783,75596.71,77396.649,79196.565,80996.494,82796.414,84596.354,86396.27,88196.204,89996.112,91796.061,93595.971,95395.897,97195.829,98995.747,100795.679,102595.601,104395.534,106195.445,107995.377,109795.307,111595.236,113395.157,115195.076,116995.019,118794.937,120594.848,122394.785,124194.722,125994.648,127794.579,129594.494,131394.41,133194.341,134994.266,136794.185,138594.122,140394.047,142193.959,143993.87,145793.805,147593.724,149393.655,151193.569,152993.504,154793.443,156593.376,158393.277,160193.21,161993.13,163793.052,165592.982,167392.906,169192.831,170992.755
Temp. [°C],40.8,29.9,29.9,30,30,30.1,30,30.1,30,29.9,30,30,30,30,30,29.9,30,30,30.1,30.1,29.9,30,30,30,30.1,30.1,30,30.1,30.1,30,30,30,29.9,30.1,30,29.9,29.8,29.8,29.8,29.9,30.1,30.1,30,30.1,29.8,29.9,30,30,30,30.1,30,30,29.8,30,30,30.1,30.1,30,30.1,29.9,30,30.1,30.1,30,30,29.9,29.9,30.1,30,30,29.9,29.9,30,30,29.9,30.1,29.9,29.8,29.9,30,30,30.1,30,30,30.1,30.1,30.2,30.1,29.9,30,29.9,29.9,30.1,29.9,30,30
Mean,0.09926,0.10482,0.09946,0.09956,0.09956,0.09956,0.0996,0.0996,0.09962,0.09954,0.09956,0.09956,0.09942,0.09948,0.09932,0.09942,0.0993,0.0995,0.09944,0.0993,0.09934,0.09932,0.0993,0.09932,0.0992,0.09932,0.09928,0.09928,0.09922,0.09912,0.09928,0.0993,0.09932,0.09926,0.09938,0.09926,0.09938,0.09938,0.09934,0.09938,0.09942,0.09948,0.0994,0.09942,0.09934,0.09948,0.09938,0.0994,0.0994,0.09952,0.09948,0.09952,0.09962,0.0996,0.0996,0.09962,0.09966,0.09954,0.0997,0.09972,0.09964,0.09966,0.09972,0.0997,0.09976,0.09978,0.09992,0.09988,0.09998,0.10008,0.1,0.10002,0.10008,0.10012,0.10022,0.10016,0.10036,0.10032,0.10054,0.10038,0.10038,0.10046,0.10036,0.10026,0.1005,0.10062,0.10064,0.10046,0.10086,0.10082,0.1008,0.10092,0.10086,0.10106,0.10104,0.101
StDev,0.002187007,0.005282234,0.002576432,0.002597691,0.002660451,0.002729102,0.002735873,0.002758623,0.002725252,0.002735507,0.002830724,0.002843941,0.002820815,0.002820815,0.002894305,0.002872629,0.002883574,0.002911185,0.002876282,0.002774887,0.002922841,0.002950763,0.002935984,0.002866531,0.002904307,0.002927798,0.002865659,0.002849035,0.002929505,0.002960912,0.002891712,0.002950424,0.002870017,0.002871933,0.00290293,0.002886694,0.002880451,0.002849912,0.002857096,0.00286304,0.002887386,0.00279589,0.002785678,0.002768935,0.002831607,0.002726169,0.002774347,0.00275681,0.002708321,0.002731666,0.002667771,0.002611896,0.002555778,0.002627737,0.002640076,0.002567489,0.002577402,0.002629258,0.002528834,0.002511374,0.002494594,0.002479516,0.002478306,0.002447448,0.002451122,0.002433516,0.002348829,0.002404579,0.002442744,0.002314519,0.002392697,0.002389979,0.002363684,0.002400417,0.002368966,0.002369177,0.00242755,0.002428374,0.002519524,0.002386839,0.00251734,0.0024986,0.002503597,0.002418264,0.002562226,0.002675257,0.002744631,0.002665145,0.002898793,0.002904651,0.002950424,0.003099516,0.002987139,0.003355294,0.003294389,0.003214809
1;2,0.102,0.1026,0.1028,0.1029,0.103,0.1031,0.1031,0.1031,0.1032,0.1031,0.1031,0.1032,0.103,0.103,0.1029,0.103,0.1029,0.1031,0.103,0.1027,0.1029,0.103,0.103,0.1029,0.1029,0.103,0.1028,0.1028,0.1028,0.1028,0.1028,0.1029,0.1028,0.1028,0.103,0.1028,0.1029,0.1029,0.1029,0.1029,0.1029,0.1029,0.1028,0.1028,0.1027,0.1028,0.1027,0.1028,0.1027,0.1028,0.1028,0.1027,0.1027,0.1027,0.1028,0.1027,0.1028,0.1027,0.1027,0.1027,0.1026,0.1026,0.1027,0.1025,0.1027,0.1026,0.1026,0.1027,0.1028,0.1026,0.1026,0.1026,0.1025,0.1027,0.1027,0.1026,0.1025,0.1026,0.1027,0.1025,0.1025,0.1026,0.1025,0.1024,0.1025,0.1025,0.1025,0.1023,0.1025,0.1025,0.1024,0.1025,0.1026,0.1024,0.1024,0.1024
2;1,0.0988,0.1017,0.0989,0.0989,0.0987,0.0989,0.0986,0.0987,0.0984,0.0985,0.0984,0.0984,0.0983,0.0984,0.0982,0.0982,0.098,0.0982,0.098,0.0978,0.098,0.0978,0.0978,0.0978,0.0978,0.0978,0.0978,0.0977,0.0976,0.0975,0.0975,0.0975,0.0977,0.0976,0.0977,0.0977,0.0976,0.0976,0.0975,0.0976,0.0977,0.0976,0.0975,0.0976,0.0974,0.0976,0.0975,0.0975,0.0974,0.0975,0.0976,0.0975,0.0975,0.0976,0.0975,0.0975,0.0976,0.0975,0.0975,0.0975,0.0974,0.0974,0.0974,0.0974,0.0974,0.0974,0.0975,0.0975,0.0975,0.0975,0.0974,0.0974,0.0974,0.0973,0.0975,0.0974,0.0975,0.0974,0.0975,0.0975,0.0973,0.0974,0.0973,0.0974,0.0975,0.0974,0.0974,0.0973,0.0974,0.0975,0.0973,0.0973,0.0974,0.0974,0.0973,0.0973
2;2,0.1007,0.1052,0.101,0.1012,0.1013,0.1013,0.1014,0.1015,0.1015,0.1014,0.1017,0.1016,0.1015,0.1016,0.1015,0.1016,0.1015,0.1018,0.1017,0.1016,0.1017,0.1016,0.1016,0.1016,0.1014,0.1016,0.1016,0.1016,0.1017,0.1015,0.1017,0.1018,0.1018,0.1017,0.1018,0.1017,0.1019,0.1018,0.1018,0.1019,0.102,0.102,0.1019,0.1019,0.102,0.102,0.102,0.1019,0.1019,0.1021,0.1019,0.102,0.1021,0.1022,0.1021,0.1021,0.1021,0.1021,0.1022,0.1022,0.1021,0.1021,0.1021,0.1022,0.1021,0.1022,0.1022,0.1022,0.1023,0.1022,0.1023,0.1023,0.1024,0.1022,0.1023,0.1023,0.1024,0.1024,0.1023,0.1022,0.1023,0.1023,0.1023,0.1022,0.1024,0.1025,0.1024,0.1023,0.1025,0.1024,0.1024,0.1024,0.1025,0.1025,0.1024,0.1025
2;3,0.0985,0.1008,0.0986,0.0987,0.0987,0.0985,0.0989,0.0987,0.0987,0.0986,0.0986,0.0986,0.0984,0.0985,0.0984,0.0985,0.0984,0.0985,0.0986,0.0984,0.0984,0.0985,0.0983,0.0984,0.0982,0.0984,0.0984,0.0984,0.0982,0.0982,0.0985,0.0984,0.0983,0.0982,0.0983,0.0982,0.0983,0.0984,0.0982,0.0982,0.0983,0.0983,0.0983,0.0983,0.0982,0.0982,0.0981,0.0981,0.0982,0.0983,0.0981,0.0981,0.0981,0.0982,0.0983,0.0983,0.0983,0.098,0.0982,0.0982,0.0981,0.0982,0.0981,0.098,0.0981,0.0981,0.0981,0.0981,0.098,0.0981,0.098,0.098,0.0981,0.0981,0.0981,0.0981,0.098,0.0981,0.0981,0.0981,0.098,0.0981,0.098,0.0979,0.0979,0.098,0.0979,0.0978,0.0981,0.0979,0.098,0.098,0.0979,0.0978,0.098,0.098
3;2,0.0963,0.1138,0.096,0.0961,0.0961,0.096,0.096,0.096,0.0963,0.0961,0.096,0.096,0.0959,0.0959,0.0956,0.0958,0.0957,0.0959,0.0959,0.096,0.0957,0.0957,0.0958,0.0959,0.0957,0.0958,0.0958,0.0959,0.0958,0.0956,0.0959,0.0959,0.096,0.096,0.0961,0.0959,0.0962,0.0962,0.0963,0.0963,0.0962,0.0966,0.0965,0.0965,0.0964,0.0968,0.0966,0.0967,0.0968,0.0969,0.097,0.0973,0.0977,0.0973,0.0973,0.0975,0.0975,0.0974,0.0979,0.098,0.098,0.098,0.0983,0.0984,0.0985,0.0986,0.0992,0.0989,0.0993,0.1,0.0997,0.0998,0.1,0.1003,0.1005,0.1004,0.1014,0.1011,0.1021,0.1016,0.1018,0.1019,0.1017,0.1014,0.1022,0.1027,0.103,0.1026,0.1038,0.1038,0.1039,0.1044,0.1039,0.1052,0.1051,0.1048
,,,,,,,,,,,,,,,,,,,,,,,,,,,,,,,,,,,,,,,,,,,,,,,,,,,,,,,,,,,,,,,,,,,,,,,,,,,,,,,,,,,,,,,,,,,,,,,,
Cycles / Well,,,,,,,,,,,,,,,,,,,,,,,,,,,,,,,,,,,,,,,,,,,,,,,,,,,,,,,,,,,,,,,,,,,,,,,,,,,,,,,,,,,,,,,,,,,,,,,,
A3,1,2,3,4,5,6,7,8,9,10,11,12,13,14,15,16,17,18,19,20,21,22,23,24,25,26,27,28,29,30,31,32,33,34,35,36,37,38,39,40,41,42,43,44,45,46,47,48,49,50,51,52,53,54,55,56,57,58,59,60,61,62,63,64,65,66,67,68,69,70,71,72,73,74,75,76,77,78,79,80,81,82,83,84,85,86,87,88,89,90,91,92,93,94,95,96
Time [s],0,1799.804,3599.705,5399.641,7199.561,8999.49,10799.409,12599.333,14399.26,16199.194,17999.109,19799.039,21598.958,23398.892,25198.808,26998.725,28798.661,30598.589,32398.489,34198.443,35998.374,37798.286,39598.224,41398.149,43198.081,44997.99,46797.917,48597.842,50397.765,52197.702,53997.621,55797.552,57597.468,59397.391,61197.317,62997.249,64797.163,66597.084,68397.028,70196.935,71996.864,73796.783,75596.71,77396.649,79196.565,80996.494,82796.414,84596.354,86396.27,88196.204,89996.112,91796.061,93595.971,95395.897,97195.829,98995.747,100795.679,102595.601,104395.534,106195.445,107995.377,109795.307,111595.236,113395.157,115195.076,116995.019,118794.937,120594.848,122394.785,124194.722,125994.648,127794.579,129594.494,131394.41,133194.341,134994.266,136794.185,138594.122,140394.047,142193.959,143993.87,145793.805,147593.724,149393.655,151193.569,152993.504,154793.443,156593.376,158393.277,160193.21,161993.13,163793.052,165592.982,167392.906,169192.831,170992.755
Temp. [°C],40.8,29.9,29.9,30,30,30.1,30,30.1,30,29.9,30,30,30,30,30,29.9,30,30,30.1,30.1,29.9,30,30,30,30.1,30.1,30,30.1,30.1,30,30,30,29.9,30.1,30,29.9,29.8,29.8,29.8,29.9,30.1,30.1,30,30.1,29.8,29.9,30,30,30,30.1,30,30,29.8,30,30,30.1,30.1,30,30.1,29.9,30,30.1,30.1,30,30,29.9,29.9,30.1,30,30,29.9,29.9,30,30,29.9,30.1,29.9,29.8,29.9,30,30,30.1,30,30,30.1,30.1,30.2,30.1,29.9,30,29.9,29.9,30.1,29.9,30,30
Mean,0.10032,0.10282,0.1002,0.10026,0.10026,0.10038,0.1002,0.10026,0.10026,0.10016,0.10016,0.10004,0.09992,0.10004,0.09992,0.09994,0.0999,0.10002,0.09994,0.09984,0.0998,0.09966,0.09982,0.09976,0.0996,0.09968,0.09972,0.09964,0.0996,0.09942,0.09952,0.09966,0.09962,0.09962,0.09968,0.09946,0.09962,0.09952,0.09958,0.09958,0.09956,0.09962,0.09952,0.09958,0.09948,0.09958,0.09948,0.09944,0.09942,0.0995,0.0995,0.09954,0.09966,0.09956,0.09954,0.09956,0.09958,0.09956,0.09966,0.09962,0.09962,0.09964,0.09966,0.09964,0.09964,0.09958,0.09972,0.09976,0.09982,0.09996,0.09972,0.09982,0.10002,0.09996,0.10002,0.09998,0.10012,0.10008,0.10024,0.10016,0.10022,0.10028,0.1001,0.09996,0.10014,0.1003,0.10034,0.1002,0.1005,0.10048,0.10058,0.10058,0.10062,0.1007,0.10066,0.10068
StDev,0.002540079,0.002778849,0.002691654,0.002658571,0.002795174,0.002658383,0.002622022,0.002605379,0.002670768,0.002639697,0.002680112,0.002681977,0.002634768,0.002703331,0.002697592,0.002640644,0.002641969,0.002661203,0.002615913,0.00269963,0.002622022,0.002661391,0.002599423,0.002634957,0.002602883,0.002571381,0.002606147,0.002640644,0.002623928,0.002583021,0.002603267,0.002625452,0.002531205,0.002591718,0.002605187,0.002579341,0.002541063,0.002571381,0.0025014,0.002537124,0.002561835,0.002529229,0.002524282,0.0024994,0.002554799,0.002551862,0.00254303,0.002478508,0.002523292,0.002462722,0.00249299,0.002402707,0.002338376,0.002382855,0.002502599,0.002477499,0.002450918,0.002422396,0.0023755,0.002368966,0.002362626,0.002347978,0.002329807,0.002355419,0.002354358,0.002331738,0.002313439,0.002273324,0.00232422,0.002261194,0.002274203,0.002244326,0.002282981,0.002236739,0.002255438,0.002262079,0.002308029,0.002274203,0.002320129,0.002369177,0.002375289,0.002342435,0.002310844,0.002250111,0.002396456,0.002436186,0.00241723,0.002475884,0.00256125,0.002593646,0.002692954,0.002659323,0.002707767,0.002932576,0.002919418,0.002906372
1;2,0.1022,0.1025,0.1027,0.103,0.1031,0.1031,0.103,0.1032,0.1031,0.1031,0.1032,0.103,0.1029,0.1031,0.103,0.1029,0.1029,0.1032,0.1031,0.103,0.1028,0.1029,0.1029,0.1029,0.1027,0.1028,0.1028,0.1029,0.1028,0.1026,0.1028,0.1029,0.1027,0.1028,0.1029,0.1027,0.1028,0.1027,0.1027,0.1027,0.1027,0.1027,0.1027,0.1026,0.1026,0.1028,0.1026,0.1025,0.1025,0.1025,0.1025,0.1025,0.1026,0.1025,0.1026,0.1026,0.1025,0.1025,0.1025,0.1025,0.1024,0.1024,0.1024,0.1023,0.1024,0.1023,0.1023,0.1024,0.1024,0.1024,0.1022,0.1023,0.1024,0.1024,0.1024,0.1023,0.1023,0.1023,0.1023,0.1024,0.1022,0.1022,0.1022,0.102,0.1021,0.1022,0.1022,0.1021,0.1023,0.1022,0.1022,0.1021,0.1021,0.1021,0.1021,0.102
2;1,0.1029,0.103,0.1021,0.1018,0.1018,0.1017,0.1013,0.1012,0.1012,0.101,0.1009,0.1008,0.1005,0.1007,0.1005,0.1005,0.1003,0.1002,0.1001,0.1002,0.0998,0.0997,0.0998,0.0997,0.0994,0.0994,0.0995,0.0992,0.0992,0.0989,0.0989,0.099,0.099,0.099,0.0989,0.0986,0.0987,0.0985,0.0985,0.0985,0.0984,0.0984,0.0982,0.0983,0.0981,0.0982,0.098,0.098,0.0978,0.098,0.0979,0.0979,0.098,0.0977,0.0978,0.0977,0.0977,0.0977,0.0977,0.0977,0.0977,0.0977,0.0977,0.0975,0.0976,0.0974,0.0975,0.0976,0.0976,0.0975,0.0974,0.0975,0.0975,0.0976,0.0976,0.0974,0.0974,0.0975,0.0975,0.0974,0.0974,0.0975,0.0975,0.0974,0.0973,0.0974,0.0975,0.0973,0.0975,0.0974,0.0975,0.0975,0.0975,0.0974,0.0973,0.0974
2;2,0.1011,0.1024,0.1014,0.1015,0.1017,0.1018,0.1017,0.1016,0.1019,0.1017,0.1017,0.1017,0.1016,0.1017,0.1016,0.1016,0.1017,0.1018,0.1016,0.1016,0.1018,0.1014,0.1017,0.1016,0.1016,0.1016,0.1017,0.1016,0.1016,0.1014,0.1015,0.1017,0.1017,0.1017,0.1018,0.1015,0.1017,0.1017,0.1017,0.1018,0.1018,0.1019,0.1017,0.1019,0.1018,0.1018,0.1018,0.1017,0.1018,0.1018,0.1019,0.1018,0.1018,0.1018,0.1019,0.1019,0.102,0.1019,0.102,0.1019,0.102,0.102,0.102,0.1021,0.102,0.1019,0.1021,0.102,0.1022,0.1021,0.102,0.102,0.1022,0.1021,0.1021,0.1021,0.1022,0.1021,0.1022,0.1022,0.1022,0.1023,0.1022,0.1021,0.1022,0.1023,0.1022,0.1022,0.1023,0.1023,0.1024,0.1023,0.1023,0.1022,0.1023,0.1023
2;3,0.0985,0.0992,0.0984,0.0984,0.0983,0.0987,0.0984,0.0987,0.0986,0.0985,0.0986,0.0984,0.0983,0.0984,0.0983,0.0985,0.0983,0.0984,0.0985,0.0982,0.0983,0.0982,0.0983,0.0984,0.098,0.0982,0.0983,0.0982,0.0981,0.098,0.098,0.0983,0.0981,0.0981,0.0982,0.0981,0.0982,0.0981,0.0982,0.0981,0.0982,0.0982,0.0981,0.0981,0.0981,0.0981,0.0981,0.098,0.0979,0.0981,0.098,0.098,0.0981,0.0981,0.0981,0.0981,0.0981,0.098,0.0981,0.0981,0.098,0.0982,0.098,0.098,0.0979,0.0979,0.0979,0.098,0.0979,0.098,0.0978,0.0979,0.098,0.098,0.0979,0.098,0.098,0.0979,0.098,0.0979,0.0979,0.098,0.0978,0.0978,0.0978,0.0979,0.0979,0.0977,0.0979,0.0979,0.0978,0.0979,0.0979,0.0978,0.0978,0.0978
3;2,0.0969,0.107,0.0964,0.0966,0.0964,0.0966,0.0966,0.0966,0.0965,0.0965,0.0964,0.0963,0.0963,0.0963,0.0962,0.0962,0.0963,0.0965,0.0964,0.0962,0.0963,0.0961,0.0964,0.0962,0.0963,0.0964,0.0963,0.0963,0.0963,0.0962,0.0964,0.0964,0.0966,0.0965,0.0966,0.0964,0.0967,0.0966,0.0968,0.0968,0.0967,0.0969,0.0969,0.097,0.0968,0.097,0.0969,0.097,0.0971,0.0971,0.0972,0.0975,0.0978,0.0977,0.0973,0.0975,0.0976,0.0977,0.098,0.0979,0.098,0.0979,0.0982,0.0983,0.0983,0.0984,0.0988,0.0988,0.099,0.0998,0.0992,0.0994,0.1,0.0997,0.1001,0.1001,0.1007,0.1006,0.1012,0.1009,0.1014,0.1014,0.1008,0.1005,0.1013,0.1017,0.1019,0.1017,0.1025,0.1026,0.103,0.1031,0.1033,0.104,0.1038,0.1039
,,,,,,,,,,,,,,,,,,,,,,,,,,,,,,,,,,,,,,,,,,,,,,,,,,,,,,,,,,,,,,,,,,,,,,,,,,,,,,,,,,,,,,,,,,,,,,,,
Cycles / Well,,,,,,,,,,,,,,,,,,,,,,,,,,,,,,,,,,,,,,,,,,,,,,,,,,,,,,,,,,,,,,,,,,,,,,,,,,,,,,,,,,,,,,,,,,,,,,,,
A4,1,2,3,4,5,6,7,8,9,10,11,12,13,14,15,16,17,18,19,20,21,22,23,24,25,26,27,28,29,30,31,32,33,34,35,36,37,38,39,40,41,42,43,44,45,46,47,48,49,50,51,52,53,54,55,56,57,58,59,60,61,62,63,64,65,66,67,68,69,70,71,72,73,74,75,76,77,78,79,80,81,82,83,84,85,86,87,88,89,90,91,92,93,94,95,96
Time [s],0,1799.804,3599.705,5399.641,7199.561,8999.49,10799.409,12599.333,14399.26,16199.194,17999.109,19799.039,21598.958,23398.892,25198.808,26998.725,28798.661,30598.589,32398.489,34198.443,35998.374,37798.286,39598.224,41398.149,43198.081,44997.99,46797.917,48597.842,50397.765,52197.702,53997.621,55797.552,57597.468,59397.391,61197.317,62997.249,64797.163,66597.084,68397.028,70196.935,71996.864,73796.783,75596.71,77396.649,79196.565,80996.494,82796.414,84596.354,86396.27,88196.204,89996.112,91796.061,93595.971,95395.897,97195.829,98995.747,100795.679,102595.601,104395.534,106195.445,107995.377,109795.307,111595.236,113395.157,115195.076,116995.019,118794.937,120594.848,122394.785,124194.722,125994.648,127794.579,129594.494,131394.41,133194.341,134994.266,136794.185,138594.122,140394.047,142193.959,143993.87,145793.805,147593.724,149393.655,151193.569,152993.504,154793.443,156593.376,158393.277,160193.21,161993.13,163793.052,165592.982,167392.906,169192.831,170992.755
Temp. [°C],40.8,29.9,29.9,30,30,30.1,30,30.1,30,29.9,30,30,30,30,30,29.9,30,30,30.1,30.1,29.9,30,30,30,30.1,30.1,30,30.1,30.1,30,30,30,29.9,30.1,30,29.9,29.8,29.8,29.8,29.9,30.1,30.1,30,30.1,29.8,29.9,30,30,30,30.1,30,30,29.8,30,30,30.1,30.1,30,30.1,29.9,30,30.1,30.1,30,30,29.9,29.9,30.1,30,30,29.9,29.9,30,30,29.9,30.1,29.9,29.8,29.9,30,30,30.1,30,30,30.1,30.1,30.2,30.1,29.9,30,29.9,29.9,30.1,29.9,30,30
Mean,0.0995,0.1003,0.09966,0.09962,0.09966,0.09978,0.0998,0.09976,0.09978,0.0997,0.09986,0.0998,0.09964,0.0998,0.09966,0.09976,0.09986,0.09984,0.09994,0.09976,0.0998,0.09976,0.0998,0.09962,0.09966,0.10008,0.09972,0.0999,0.09982,0.09964,0.09998,0.0998,0.10004,0.10002,0.10012,0.09994,0.1002,0.10022,0.10022,0.1002,0.10028,0.10038,0.10028,0.1004,0.10026,0.10044,0.10034,0.10038,0.10048,0.10054,0.10062,0.10068,0.10098,0.1007,0.1006,0.1008,0.10074,0.10078,0.101,0.10102,0.10102,0.10092,0.10112,0.10114,0.10106,0.10124,0.10134,0.10138,0.10138,0.1017,0.10138,0.10152,0.10188,0.10174,0.10188,0.10194,0.10206,0.10212,0.10226,0.10222,0.10226,0.10232,0.10204,0.10204,0.10218,0.10258,0.10252,0.10234,0.1026,0.10266,0.10278,0.10292,0.10278,0.10302,0.10302,0.10298
StDev,0.002788369,0.002182888,0.002740985,0.002772544,0.002761883,0.00279052,0.002799107,0.002902241,0.002783343,0.002689796,0.002748272,0.00271201,0.002713485,0.002796426,0.002741897,0.002742809,0.002612087,0.002695923,0.002757354,0.002640644,0.002747726,0.002589981,0.002631539,0.002682722,0.002717168,0.002600385,0.002591718,0.00253081,0.002583021,0.002639697,0.002550882,0.002570019,0.002632109,0.002565541,0.002590753,0.002654807,0.002701851,0.002649906,0.002783343,0.00273313,0.002703146,0.002772544,0.002773446,0.002868798,0.00278801,0.002961925,0.002855346,0.00299533,0.003058921,0.003063168,0.003203436,0.003246845,0.003658825,0.003306055,0.003074085,0.003381568,0.003253152,0.003429577,0.003678994,0.003649932,0.003787743,0.003544291,0.003871305,0.004133159,0.003992242,0.00424535,0.004455109,0.004371155,0.004463967,0.004993996,0.004551044,0.004842727,0.005345278,0.005133517,0.005303961,0.005483885,0.005816184,0.005935655,0.006280366,0.006199355,0.006279968,0.00627949,0.005916756,0.006078075,0.00615849,0.006874009,0.006952122,0.006669558,0.007033491,0.00718735,0.007492463,0.007620171,0.007331235,0.007996062,0.008040958,0.008001687
1;2,0.1032,0.1031,0.1033,0.1033,0.1033,0.1035,0.1034,0.1036,0.1034,0.1033,0.1035,0.1034,0.1032,0.1034,0.1032,0.1033,0.1032,0.1033,0.1035,0.1031,0.1033,0.1029,0.1032,0.103,0.1031,0.1031,0.1029,0.1029,0.1028,0.1028,0.1029,0.1029,0.1029,0.1028,0.1029,0.1026,0.1029,0.1028,0.1029,0.1029,0.1029,0.1029,0.1028,0.1028,0.1027,0.1028,0.1027,0.1026,0.1027,0.1027,0.1027,0.1027,0.1027,0.1027,0.1026,0.1026,0.1027,0.1026,0.1026,0.1026,0.1026,0.1025,0.1026,0.1024,0.1025,0.1025,0.1025,0.1025,0.1025,0.1025,0.1024,0.1024,0.1024,0.1025,0.1025,0.1025,0.1024,0.1024,0.1025,0.1024,0.1024,0.1025,0.1023,0.1022,0.1023,0.1023,0.1023,0.1021,0.1023,0.1022,0.1022,0.1022,0.1022,0.1022,0.1021,0.102
2;1,0.0979,0.0981,0.098,0.0978,0.0977,0.0977,0.0977,0.0973,0.0975,0.0974,0.0974,0.0974,0.0974,0.0972,0.0971,0.0972,0.0973,0.0971,0.0971,0.097,0.0969,0.097,0.097,0.0968,0.0969,0.0969,0.0968,0.0969,0.0968,0.0965,0.0969,0.0968,0.0968,0.0968,0.0969,0.0964,0.0967,0.0968,0.0967,0.0967,0.0968,0.0968,0.0967,0.0967,0.0967,0.0966,0.0967,0.0966,0.0966,0.0966,0.0966,0.0966,0.0966,0.0966,0.0967,0.0967,0.0967,0.0966,0.0967,0.0968,0.0967,0.0967,0.0967,0.0965,0.0966,0.0966,0.0965,0.0967,0.0966,0.0967,0.0966,0.0966,0.0966,0.0966,0.0967,0.0966,0.0966,0.0966,0.0965,0.0965,0.0965,0.0966,0.0965,0.0964,0.0965,0.0965,0.0965,0.0964,0.0965,0.0964,0.0965,0.0966,0.0965,0.0965,0.0965,0.0965
2;2,0.1016,0.102,0.1018,0.1018,0.1019,0.102,0.1022,0.1021,0.1021,0.1018,0.1021,0.102,0.1019,0.1022,0.102,0.1021,0.1021,0.1021,0.1022,0.102,0.1021,0.1021,0.1019,0.1019,0.102,0.1019,0.1019,0.1019,0.1021,0.1017,0.102,0.1019,0.1021,0.102,0.1021,0.102,0.1021,0.102,0.1022,0.1021,0.1021,0.1021,0.1021,0.1023,0.102,0.1021,0.1021,0.102,0.102,0.1022,0.1022,0.1021,0.1022,0.1022,0.1023,0.1023,0.1022,0.1022,0.1023,0.1023,0.1022,0.1022,0.1023,0.1023,0.1022,0.1022,0.1023,0.1024,0.1023,0.1023,0.1023,0.1022,0.1024,0.1023,0.1024,0.1024,0.1024,0.1024,0.1023,0.1024,0.1024,0.1023,0.1023,0.1023,0.1024,0.1025,0.1023,0.1023,0.1025,0.1024,0.1024,0.1025,0.1025,0.1024,0.1024,0.1024
2;3,0.0983,0.0985,0.0983,0.0983,0.0983,0.0984,0.0984,0.0984,0.0985,0.0985,0.0983,0.0983,0.0982,0.0982,0.098,0.0982,0.0983,0.0982,0.0982,0.0981,0.0982,0.0981,0.0981,0.0979,0.098,0.098,0.098,0.098,0.098,0.0977,0.098,0.098,0.0979,0.098,0.098,0.098,0.098,0.098,0.0978,0.0979,0.098,0.098,0.0979,0.0979,0.0978,0.0979,0.0978,0.0977,0.0978,0.0979,0.0978,0.0979,0.0979,0.0978,0.0979,0.0978,0.0979,0.0978,0.0978,0.0978,0.0977,0.0979,0.0978,0.0977,0.0976,0.0977,0.0977,0.0977,0.0977,0.0977,0.0976,0.0976,0.0978,0.0977,0.0977,0.0977,0.0976,0.0976,0.0976,0.0976,0.0976,0.0977,0.0976,0.0975,0.0976,0.0977,0.0975,0.0976,0.0975,0.0977,0.0975,0.0976,0.0977,0.0975,0.0975,0.0975
3;2,0.0965,0.0998,0.0969,0.0969,0.0971,0.0973,0.0973,0.0974,0.0974,0.0975,0.098,0.0979,0.0975,0.098,0.098,0.098,0.0984,0.0985,0.0987,0.0986,0.0985,0.0987,0.0988,0.0985,0.0983,0.1005,0.099,0.0998,0.0994,0.0995,0.1001,0.0994,0.1005,0.1005,0.1007,0.1007,0.1013,0.1015,0.1015,0.1014,0.1016,0.1021,0.1019,0.1023,0.1021,0.1028,0.1024,0.103,0.1033,0.1033,0.1038,0.1041,0.1055,0.1042,0.1035,0.1046,0.1042,0.1047,0.1056,0.1056,0.1059,0.1053,0.1062,0.1068,0.1064,0.1072,0.1077,0.1076,0.1078,0.1093,0.108,0.1088,0.1102,0.1096,0.1101,0.1105,0.1113,0.1116,0.1124,0.1122,0.1124,0.1125,0.1115,0.1118,0.1121,0.1139,0.114,0.1133,0.1142,0.1146,0.1153,0.1157,0.115,0.1165,0.1166,0.1165
,,,,,,,,,,,,,,,,,,,,,,,,,,,,,,,,,,,,,,,,,,,,,,,,,,,,,,,,,,,,,,,,,,,,,,,,,,,,,,,,,,,,,,,,,,,,,,,,
Cycles / Well,,,,,,,,,,,,,,,,,,,,,,,,,,,,,,,,,,,,,,,,,,,,,,,,,,,,,,,,,,,,,,,,,,,,,,,,,,,,,,,,,,,,,,,,,,,,,,,,
A5,1,2,3,4,5,6,7,8,9,10,11,12,13,14,15,16,17,18,19,20,21,22,23,24,25,26,27,28,29,30,31,32,33,34,35,36,37,38,39,40,41,42,43,44,45,46,47,48,49,50,51,52,53,54,55,56,57,58,59,60,61,62,63,64,65,66,67,68,69,70,71,72,73,74,75,76,77,78,79,80,81,82,83,84,85,86,87,88,89,90,91,92,93,94,95,96
Time [s],0,1799.804,3599.705,5399.641,7199.561,8999.49,10799.409,12599.333,14399.26,16199.194,17999.109,19799.039,21598.958,23398.892,25198.808,26998.725,28798.661,30598.589,32398.489,34198.443,35998.374,37798.286,39598.224,41398.149,43198.081,44997.99,46797.917,48597.842,50397.765,52197.702,53997.621,55797.552,57597.468,59397.391,61197.317,62997.249,64797.163,66597.084,68397.028,70196.935,71996.864,73796.783,75596.71,77396.649,79196.565,80996.494,82796.414,84596.354,86396.27,88196.204,89996.112,91796.061,93595.971,95395.897,97195.829,98995.747,100795.679,102595.601,104395.534,106195.445,107995.377,109795.307,111595.236,113395.157,115195.076,116995.019,118794.937,120594.848,122394.785,124194.722,125994.648,127794.579,129594.494,131394.41,133194.341,134994.266,136794.185,138594.122,140394.047,142193.959,143993.87,145793.805,147593.724,149393.655,151193.569,152993.504,154793.443,156593.376,158393.277,160193.21,161993.13,163793.052,165592.982,167392.906,169192.831,170992.755
Temp. [°C],40.8,29.9,29.9,30,30,30.1,30,30.1,30,29.9,30,30,30,30,30,29.9,30,30,30.1,30.1,29.9,30,30,30,30.1,30.1,30,30.1,30.1,30,30,30,29.9,30.1,30,29.9,29.8,29.8,29.8,29.9,30.1,30.1,30,30.1,29.8,29.9,30,30,30,30.1,30,30,29.8,30,30,30.1,30.1,30,30.1,29.9,30,30.1,30.1,30,30,29.9,29.9,30.1,30,30,29.9,29.9,30,30,29.9,30.1,29.9,29.8,29.9,30,30,30.1,30,30,30.1,30.1,30.2,30.1,29.9,30,29.9,29.9,30.1,29.9,30,30
Mean,0.09988,0.10132,0.09982,0.09986,0.09988,0.1,0.1,0.09998,0.1,0.0999,0.09996,0.09996,0.09982,0.09996,0.09972,0.09986,0.09988,0.09992,0.09994,0.09984,0.09982,0.09978,0.09984,0.09974,0.09958,0.0999,0.09972,0.09992,0.09972,0.09962,0.0998,0.0998,0.09986,0.0999,0.09996,0.09978,0.09996,0.09998,0.09992,0.09992,0.09998,0.10004,0.09996,0.10004,0.1,0.10004,0.09998,0.09996,0.1,0.10008,0.10016,0.10012,0.10032,0.1002,0.10012,0.10024,0.1002,0.10014,0.1003,0.10026,0.10028,0.10032,0.1003,0.10022,0.10022,0.1004,0.10048,0.10046,0.10056,0.10068,0.10038,0.10054,0.1008,0.10072,0.10074,0.10074,0.10082,0.10088,0.10104,0.10094,0.10088,0.10098,0.10088,0.10068,0.10096,0.10118,0.10104,0.10096,0.10112,0.1011,0.10128,0.10132,0.1014,0.10144,0.10138,0.10132
StDev,0.003149921,0.002593646,0.003152301,0.003172223,0.003176791,0.00309435,0.003095158,0.003101129,0.003145632,0.003007491,0.003109341,0.003071319,0.00311721,0.003088365,0.002981107,0.003034469,0.002980268,0.00303348,0.003098871,0.00289793,0.003035128,0.002920959,0.002910842,0.00292113,0.003001999,0.002614383,0.002870017,0.002849912,0.002869146,0.002914104,0.002777589,0.002778489,0.002752817,0.002672078,0.002702406,0.002590753,0.002644428,0.002583989,0.002601346,0.002636665,0.002630019,0.002573519,0.002506591,0.002533377,0.002481935,0.002453161,0.002507389,0.002494594,0.0025,0.002447856,0.00242549,0.002429403,0.002344568,0.002392697,0.002409772,0.002396456,0.002331309,0.002376552,0.002343075,0.002328734,0.002359449,0.002291724,0.00236326,0.002320991,0.002320991,0.002387467,0.002385791,0.002396456,0.00244806,0.002551862,0.002426314,0.00252448,0.002616295,0.002546959,0.002608256,0.002610172,0.002698518,0.002768935,0.002956856,0.002836018,0.002840246,0.002987809,0.00289862,0.00272158,0.002943297,0.003203436,0.003116569,0.003203592,0.003220559,0.003285575,0.003440494,0.003612063,0.003648972,0.003913183,0.003781137,0.003729879
1;2,0.1034,0.1032,0.1034,0.1034,0.1034,0.1036,0.1035,0.1034,0.1034,0.1032,0.1033,0.1034,0.1032,0.1034,0.103,0.1032,0.1031,0.1032,0.1034,0.1031,0.1032,0.1029,0.103,0.1029,0.1028,0.1028,0.1027,0.1029,0.1027,0.1027,0.1028,0.1027,0.1028,0.1027,0.1028,0.1025,0.1028,0.1027,0.1026,0.1027,0.1027,0.1027,0.1026,0.1027,0.1025,0.1025,0.1025,0.1025,0.1025,0.1025,0.1026,0.1025,0.1024,0.1024,0.1024,0.1024,0.1023,0.1023,0.1023,0.1023,0.1024,0.1023,0.1024,0.1022,0.1022,0.1023,0.1023,0.1023,0.1022,0.1023,0.1021,0.1022,0.1023,0.1022,0.1023,0.1022,0.1022,0.1022,0.1022,0.1022,0.102,0.1022,0.102,0.1019,0.1021,0.102,0.102,0.1019,0.102,0.1019,0.1019,0.1019,0.102,0.1019,0.1018,0.1019
2;1,0.0983,0.0981,0.0981,0.0979,0.098,0.0982,0.0981,0.0981,0.0981,0.0979,0.0981,0.0979,0.0979,0.0979,0.0977,0.0978,0.0979,0.0979,0.0979,0.0979,0.0978,0.0979,0.0979,0.0979,0.0976,0.0977,0.0978,0.0979,0.0976,0.0974,0.0977,0.0979,0.0978,0.0979,0.0978,0.0979,0.0978,0.0978,0.0978,0.0978,0.0979,0.0979,0.0979,0.0978,0.0978,0.0978,0.0977,0.0976,0.0976,0.0977,0.0977,0.0977,0.0978,0.0977,0.0978,0.0978,0.0978,0.0977,0.0978,0.0978,0.0977,0.0978,0.0977,0.0977,0.0977,0.0977,0.0977,0.0977,0.0977,0.0977,0.0976,0.0977,0.0978,0.0978,0.0977,0.0977,0.0976,0.0977,0.0977,0.0977,0.0977,0.0975,0.0975,0.0975,0.0976,0.0976,0.0976,0.0974,0.0976,0.0976,0.0977,0.0976,0.0976,0.0976,0.0976,0.0975
2;2,0.1029,0.103,0.1028,0.103,0.103,0.1029,0.103,0.1031,0.1032,0.103,0.1032,0.103,0.103,0.1031,0.1028,0.103,0.103,0.1031,0.1031,0.1028,0.1029,0.1029,0.1029,0.1028,0.1028,0.1027,0.1029,0.1031,0.1029,0.1028,0.1028,0.1029,0.1029,0.1029,0.103,0.1027,0.1029,0.1029,0.1029,0.1029,0.103,0.103,0.1028,0.1029,0.1029,0.1029,0.1029,0.1028,0.1029,0.1029,0.1029,0.1029,0.103,0.103,0.103,0.1031,0.103,0.1029,0.103,0.103,0.1028,0.1029,0.1029,0.1029,0.1029,0.1029,0.1029,0.103,0.1031,0.1029,0.1029,0.1029,0.103,0.103,0.103,0.1029,0.1029,0.1028,0.103,0.1029,0.1029,0.103,0.1029,0.1028,0.1028,0.103,0.1029,0.1028,0.103,0.1029,0.103,0.1028,0.1031,0.1029,0.1029,0.1028
2;3,0.0987,0.0989,0.0987,0.0987,0.0988,0.0988,0.0989,0.0988,0.0989,0.0987,0.0987,0.0989,0.0987,0.0987,0.0985,0.0986,0.0987,0.0987,0.0986,0.0985,0.0986,0.0985,0.0986,0.0985,0.0982,0.0984,0.0984,0.0985,0.0985,0.0984,0.0985,0.0984,0.0984,0.0985,0.0985,0.0983,0.0983,0.0984,0.0985,0.0983,0.0984,0.0984,0.0983,0.0983,0.0983,0.0983,0.0982,0.0981,0.0983,0.0982,0.0984,0.0982,0.0983,0.0983,0.0983,0.0983,0.0984,0.0981,0.0982,0.0983,0.0981,0.0983,0.0982,0.0982,0.0982,0.0981,0.0982,0.0982,0.0982,0.0981,0.098,0.0979,0.0981,0.0981,0.0981,0.0981,0.0982,0.0981,0.0981,0.0981,0.098,0.0981,0.0981,0.098,0.0981,0.0982,0.098,0.0979,0.098,0.0979,0.098,0.098,0.098,0.0978,0.0979,0.0979
3;2,0.0961,0.1034,0.0961,0.0963,0.0962,0.0965,0.0965,0.0965,0.0964,0.0967,0.0965,0.0966,0.0963,0.0967,0.0966,0.0967,0.0967,0.0967,0.0967,0.0969,0.0966,0.0967,0.0968,0.0966,0.0965,0.0979,0.0968,0.0972,0.0969,0.0968,0.0972,0.0971,0.0974,0.0975,0.0977,0.0975,0.098,0.0981,0.0978,0.0979,0.0979,0.0982,0.0982,0.0985,0.0985,0.0987,0.0986,0.0988,0.0987,0.0991,0.0992,0.0993,0.1001,0.0996,0.0991,0.0996,0.0995,0.0997,0.1002,0.0999,0.1004,0.1003,0.1003,0.1001,0.1001,0.101,0.1013,0.1011,0.1016,0.1024,0.1013,0.102,0.1028,0.1025,0.1026,0.1028,0.1032,0.1036,0.1042,0.1038,0.1038,0.1041,0.1039,0.1032,0.1042,0.1051,0.1047,0.1048,0.105,0.1052,0.1058,0.1063,0.1063,0.107,0.1067,0.1065
,,,,,,,,,,,,,,,,,,,,,,,,,,,,,,,,,,,,,,,,,,,,,,,,,,,,,,,,,,,,,,,,,,,,,,,,,,,,,,,,,,,,,,,,,,,,,,,,
Cycles / Well,,,,,,,,,,,,,,,,,,,,,,,,,,,,,,,,,,,,,,,,,,,,,,,,,,,,,,,,,,,,,,,,,,,,,,,,,,,,,,,,,,,,,,,,,,,,,,,,
A6,1,2,3,4,5,6,7,8,9,10,11,12,13,14,15,16,17,18,19,20,21,22,23,24,25,26,27,28,29,30,31,32,33,34,35,36,37,38,39,40,41,42,43,44,45,46,47,48,49,50,51,52,53,54,55,56,57,58,59,60,61,62,63,64,65,66,67,68,69,70,71,72,73,74,75,76,77,78,79,80,81,82,83,84,85,86,87,88,89,90,91,92,93,94,95,96
Time [s],0,1799.804,3599.705,5399.641,7199.561,8999.49,10799.409,12599.333,14399.26,16199.194,17999.109,19799.039,21598.958,23398.892,25198.808,26998.725,28798.661,30598.589,32398.489,34198.443,35998.374,37798.286,39598.224,41398.149,43198.081,44997.99,46797.917,48597.842,50397.765,52197.702,53997.621,55797.552,57597.468,59397.391,61197.317,62997.249,64797.163,66597.084,68397.028,70196.935,71996.864,73796.783,75596.71,77396.649,79196.565,80996.494,82796.414,84596.354,86396.27,88196.204,89996.112,91796.061,93595.971,95395.897,97195.829,98995.747,100795.679,102595.601,104395.534,106195.445,107995.377,109795.307,111595.236,113395.157,115195.076,116995.019,118794.937,120594.848,122394.785,124194.722,125994.648,127794.579,129594.494,131394.41,133194.341,134994.266,136794.185,138594.122,140394.047,142193.959,143993.87,145793.805,147593.724,149393.655,151193.569,152993.504,154793.443,156593.376,158393.277,160193.21,161993.13,163793.052,165592.982,167392.906,169192.831,170992.755
Temp. [°C],40.8,29.9,29.9,30,30,30.1,30,30.1,30,29.9,30,30,30,30,30,29.9,30,30,30.1,30.1,29.9,30,30,30,30.1,30.1,30,30.1,30.1,30,30,30,29.9,30.1,30,29.9,29.8,29.8,29.8,29.9,30.1,30.1,30,30.1,29.8,29.9,30,30,30,30.1,30,30,29.8,30,30,30.1,30.1,30,30.1,29.9,30,30.1,30.1,30,30,29.9,29.9,30.1,30,30,29.9,29.9,30,30,29.9,30.1,29.9,29.8,29.9,30,30,30.1,30,30,30.1,30.1,30.2,30.1,29.9,30,29.9,29.9,30.1,29.9,30,30
Mean,0.1002,0.10108,0.10016,0.10024,0.10024,0.10028,0.10024,0.10028,0.1002,0.1001,0.1002,0.10014,0.09994,0.09996,0.09988,0.09998,0.09984,0.09998,0.09994,0.09978,0.09978,0.09968,0.0997,0.09972,0.09956,0.09964,0.09966,0.09976,0.0996,0.09938,0.09954,0.09964,0.09966,0.09964,0.09968,0.09954,0.09964,0.09968,0.09962,0.0996,0.09968,0.09964,0.0996,0.09966,0.0995,0.09966,0.09958,0.0996,0.09958,0.09964,0.0997,0.09968,0.09984,0.0998,0.0998,0.0998,0.09982,0.09974,0.1,0.09992,0.09988,0.09988,0.1,0.09996,0.09994,0.1,0.10024,0.10016,0.10024,0.1004,0.10016,0.10034,0.10048,0.10044,0.10054,0.10054,0.10056,0.10068,0.10092,0.10074,0.10084,0.10086,0.10072,0.10072,0.10084,0.1011,0.10112,0.10094,0.1013,0.10134,0.10134,0.10144,0.10138,0.1016,0.10164,0.10152
StDev,0.002514955,0.001599062,0.002645373,0.00265198,0.002651038,0.002651792,0.002610172,0.002520317,0.002598076,0.002575849,0.002656125,0.002669831,0.002608256,0.002590946,0.002669644,0.002579147,0.002634957,0.00265556,0.002614001,0.002610939,0.002752635,0.002662142,0.002622022,0.00263856,0.002556951,0.002596729,0.002567684,0.002655748,0.002580698,0.002548921,0.002554016,0.002509582,0.002504596,0.002457234,0.002508386,0.00252448,0.002421363,0.002370021,0.002440697,0.002495997,0.002376342,0.002354358,0.002380126,0.002314735,0.002314087,0.002302824,0.002284075,0.002297825,0.002270903,0.002254551,0.00223942,0.002212917,0.002124382,0.002156386,0.002193171,0.002198863,0.002137054,0.002124382,0.002096426,0.002092128,0.002101666,0.002161481,0.002131901,0.002110213,0.002087582,0.002127205,0.002125559,0.002087582,0.002164024,0.002288012,0.002157081,0.002261194,0.002270903,0.002328734,0.002322283,0.002322283,0.002438852,0.002525272,0.002887386,0.002614001,0.002847455,0.002857096,0.002710535,0.002710535,0.002853594,0.003172538,0.003204996,0.003178522,0.003482097,0.003579525,0.003521789,0.00376404,0.003537231,0.004090843,0.004194401,0.004005247
1;2,0.1021,0.1022,0.1025,0.1025,0.1027,0.1028,0.1027,0.1029,0.1029,0.1028,0.1029,0.1029,0.1027,0.1027,0.1028,0.1028,0.1027,0.1029,0.1027,0.1026,0.1029,0.1026,0.1027,0.1027,0.1025,0.1025,0.1025,0.1028,0.1025,0.1023,0.1025,0.1025,0.1025,0.1025,0.1026,0.1024,0.1025,0.1024,0.1025,0.1025,0.1024,0.1023,0.1024,0.1023,0.1022,0.1023,0.1023,0.1023,0.1022,0.1022,0.1022,0.1022,0.1022,0.1022,0.1023,0.1022,0.1022,0.1021,0.1022,0.1021,0.102,0.1022,0.1022,0.1021,0.102,0.102,0.1021,0.102,0.102,0.102,0.1019,0.1021,0.102,0.102,0.1021,0.1021,0.102,0.102,0.102,0.1019,0.1019,0.102,0.1018,0.1018,0.1018,0.1019,0.1019,0.1017,0.1019,0.1019,0.1019,0.1018,0.1018,0.1018,0.1018,0.1017
2;1,0.1027,0.1026,0.1023,0.1024,0.1021,0.102,0.1018,0.1015,0.1013,0.1013,0.1014,0.1012,0.1009,0.1009,0.1007,0.1006,0.1006,0.1006,0.1005,0.1003,0.1002,0.1,0.0997,0.0999,0.0997,0.0998,0.0997,0.0997,0.0995,0.0992,0.0992,0.0993,0.0992,0.0993,0.0991,0.0989,0.099,0.099,0.0987,0.0989,0.0987,0.0987,0.0985,0.0986,0.0983,0.0985,0.0984,0.0983,0.0983,0.0983,0.0982,0.0982,0.0982,0.0983,0.0982,0.0983,0.0981,0.0981,0.0982,0.0982,0.098,0.0982,0.098,0.098,0.0981,0.0979,0.0981,0.0981,0.0981,0.098,0.098,0.0981,0.0981,0.0981,0.0981,0.0981,0.098,0.0981,0.098,0.0981,0.098,0.098,0.098,0.098,0.098,0.0981,0.0981,0.0979,0.098,0.0981,0.0982,0.0981,0.0982,0.0981,0.098,0.098
2;2,0.101,0.1015,0.1012,0.1014,0.1015,0.1016,0.1017,0.1016,0.1017,0.1015,0.1018,0.1018,0.1016,0.1016,0.1016,0.1017,0.1016,0.1018,0.1019,0.1016,0.1017,0.1017,0.1017,0.1017,0.1014,0.1017,0.1018,0.1019,0.1017,0.1015,0.1017,0.1018,0.1019,0.1017,0.1019,0.1019,0.1018,0.1019,0.1019,0.1019,0.102,0.102,0.1019,0.102,0.1018,0.102,0.1018,0.1019,0.1019,0.102,0.1021,0.102,0.1021,0.1021,0.1021,0.1022,0.1021,0.102,0.1022,0.1022,0.1022,0.1022,0.1022,0.1022,0.1022,0.1022,0.1023,0.1023,0.1024,0.1023,0.1022,0.1024,0.1024,0.1024,0.1024,0.1024,0.1024,0.1024,0.1025,0.1024,0.1025,0.1025,0.1024,0.1024,0.1026,0.1026,0.1026,0.1024,0.1027,0.1026,0.1026,0.1027,0.1027,0.1026,0.1027,0.1027
2;3,0.0984,0.0986,0.0983,0.0983,0.0983,0.0984,0.0984,0.0987,0.0986,0.0984,0.0984,0.0984,0.0981,0.0982,0.098,0.0984,0.098,0.0982,0.0982,0.0983,0.098,0.098,0.0982,0.0981,0.0981,0.098,0.0979,0.098,0.0981,0.0977,0.0979,0.0981,0.0981,0.0981,0.0981,0.0979,0.098,0.0981,0.098,0.0979,0.0982,0.098,0.098,0.098,0.0979,0.098,0.0979,0.0978,0.0979,0.0979,0.0979,0.0979,0.098,0.0979,0.0981,0.0979,0.0981,0.0979,0.0979,0.0979,0.0979,0.0978,0.0979,0.0979,0.0978,0.0978,0.0979,0.0979,0.0978,0.0978,0.0977,0.0977,0.0979,0.0977,0.0979,0.0979,0.0978,0.0978,0.0978,0.0978,0.0977,0.0977,0.0977,0.0977,0.0977,0.0977,0.0977,0.0976,0.0978,0.0977,0.0977,0.0977,0.0978,0.0977,0.0977,0.0977
3;2,0.0968,0.1005,0.0965,0.0966,0.0966,0.0966,0.0966,0.0967,0.0965,0.0965,0.0965,0.0964,0.0964,0.0964,0.0963,0.0964,0.0963,0.0964,0.0964,0.0961,0.0961,0.0961,0.0962,0.0962,0.0961,0.0962,0.0964,0.0964,0.0962,0.0962,0.0964,0.0965,0.0966,0.0966,0.0967,0.0966,0.0969,0.097,0.097,0.0968,0.0971,0.0972,0.0972,0.0974,0.0973,0.0975,0.0975,0.0977,0.0976,0.0978,0.0981,0.0981,0.0987,0.0985,0.0983,0.0984,0.0986,0.0986,0.0995,0.0992,0.0993,0.099,0.0997,0.0996,0.0996,0.1001,0.1008,0.1005,0.1009,0.1019,0.101,0.1014,0.102,0.102,0.1022,0.1022,0.1026,0.1031,0.1043,0.1035,0.1041,0.1041,0.1037,0.1037,0.1041,0.1052,0.1053,0.1051,0.1061,0.1064,0.1063,0.1069,0.1064,0.1078,0.108,0.1075
,,,,,,,,,,,,,,,,,,,,,,,,,,,,,,,,,,,,,,,,,,,,,,,,,,,,,,,,,,,,,,,,,,,,,,,,,,,,,,,,,,,,,,,,,,,,,,,,
Cycles / Well,,,,,,,,,,,,,,,,,,,,,,,,,,,,,,,,,,,,,,,,,,,,,,,,,,,,,,,,,,,,,,,,,,,,,,,,,,,,,,,,,,,,,,,,,,,,,,,,
A7,1,2,3,4,5,6,7,8,9,10,11,12,13,14,15,16,17,18,19,20,21,22,23,24,25,26,27,28,29,30,31,32,33,34,35,36,37,38,39,40,41,42,43,44,45,46,47,48,49,50,51,52,53,54,55,56,57,58,59,60,61,62,63,64,65,66,67,68,69,70,71,72,73,74,75,76,77,78,79,80,81,82,83,84,85,86,87,88,89,90,91,92,93,94,95,96
Time [s],0,1799.804,3599.705,5399.641,7199.561,8999.49,10799.409,12599.333,14399.26,16199.194,17999.109,19799.039,21598.958,23398.892,25198.808,26998.725,28798.661,30598.589,32398.489,34198.443,35998.374,37798.286,39598.224,41398.149,43198.081,44997.99,46797.917,48597.842,50397.765,52197.702,53997.621,55797.552,57597.468,59397.391,61197.317,62997.249,64797.163,66597.084,68397.028,70196.935,71996.864,73796.783,75596.71,77396.649,79196.565,80996.494,82796.414,84596.354,86396.27,88196.204,89996.112,91796.061,93595.971,95395.897,97195.829,98995.747,100795.679,102595.601,104395.534,106195.445,107995.377,109795.307,111595.236,113395.157,115195.076,116995.019,118794.937,120594.848,122394.785,124194.722,125994.648,127794.579,129594.494,131394.41,133194.341,134994.266,136794.185,138594.122,140394.047,142193.959,143993.87,145793.805,147593.724,149393.655,151193.569,152993.504,154793.443,156593.376,158393.277,160193.21,161993.13,163793.052,165592.982,167392.906,169192.831,170992.755
Temp. [°C],40.8,29.9,29.9,30,30,30.1,30,30.1,30,29.9,30,30,30,30,30,29.9,30,30,30.1,30.1,29.9,30,30,30,30.1,30.1,30,30.1,30.1,30,30,30,29.9,30.1,30,29.9,29.8,29.8,29.8,29.9,30.1,30.1,30,30.1,29.8,29.9,30,30,30,30.1,30,30,29.8,30,30,30.1,30.1,30,30.1,29.9,30,30.1,30.1,30,30,29.9,29.9,30.1,30,30,29.9,29.9,30,30,29.9,30.1,29.9,29.8,29.9,30,30,30.1,30,30,30.1,30.1,30.2,30.1,29.9,30,29.9,29.9,30.1,29.9,30,30
Mean,0.1004,0.10092,0.1004,0.10046,0.1006,0.10058,0.1006,0.10068,0.10062,0.1005,0.10068,0.10066,0.1005,0.10058,0.1005,0.10064,0.10058,0.10058,0.1008,0.10066,0.10044,0.10042,0.10058,0.10042,0.10036,0.10058,0.10056,0.10058,0.10046,0.10038,0.10054,0.1005,0.10056,0.10052,0.10066,0.1005,0.10066,0.10064,0.1006,0.10068,0.10068,0.10076,0.1007,0.10082,0.10068,0.1008,0.1007,0.1007,0.10066,0.10078,0.10088,0.10084,0.10106,0.10088,0.10082,0.10092,0.10096,0.10092,0.10104,0.10108,0.10088,0.10108,0.1011,0.10096,0.101,0.10112,0.10128,0.10122,0.10136,0.10152,0.1012,0.10132,0.10146,0.1015,0.10154,0.10156,0.10156,0.10164,0.10182,0.10174,0.10174,0.1019,0.10172,0.10154,0.10174,0.10192,0.10196,0.10188,0.10214,0.10208,0.10214,0.10232,0.10216,0.10224,0.10234,0.10232
StDev,0.002685144,0.0022687,0.002631539,0.002565736,0.002624881,0.002733496,0.002610555,0.002643293,0.002598461,0.002614383,0.002536139,0.002554016,0.00261247,0.00244479,0.002471841,0.00252349,0.002402499,0.002398333,0.00239583,0.002381806,0.002478508,0.002360508,0.002498399,0.002452957,0.002459268,0.002293905,0.002335166,0.002380546,0.002390188,0.002368966,0.002347978,0.002308679,0.00227662,0.002345634,0.002306079,0.002344142,0.002241205,0.002214272,0.002293469,0.002217431,0.002217431,0.002252332,0.00227706,0.002279693,0.00220386,0.002278157,0.002230471,0.002268259,0.002281009,0.002259867,0.002276401,0.002243435,0.002346913,0.002240982,0.002214046,0.002264288,0.002263405,0.002373184,0.002374447,0.002362626,0.002325296,0.002332809,0.002477902,0.002402707,0.00238642,0.002515353,0.002676191,0.002605187,0.002795174,0.003025227,0.002715695,0.002877846,0.003007158,0.002980772,0.003169858,0.003069691,0.00320125,0.003214498,0.003666333,0.003415113,0.00364184,0.003691206,0.003523067,0.003327612,0.003617734,0.003820602,0.004048827,0.004051173,0.004230603,0.004184137,0.004329896,0.004740991,0.004336243,0.004618225,0.004857263,0.004782991
1;2,0.1037,0.1036,0.1036,0.1036,0.1038,0.1039,0.1036,0.1039,0.1037,0.1036,0.1037,0.1037,0.1035,0.1035,0.1034,0.1035,0.1034,0.1034,0.1037,0.1035,0.1033,0.1031,0.1034,0.1033,0.1032,0.1032,0.1032,0.1033,0.1031,0.103,0.1031,0.103,0.103,0.103,0.103,0.1029,0.1029,0.1029,0.1029,0.1029,0.1029,0.103,0.1029,0.1029,0.1027,0.1029,0.1027,0.1026,0.1027,0.1028,0.1027,0.1027,0.1027,0.1027,0.1025,0.1026,0.1026,0.1027,0.1025,0.1026,0.1024,0.1025,0.1025,0.1024,0.1024,0.1023,0.1025,0.1025,0.1024,0.1024,0.1023,0.1023,0.1024,0.1024,0.1024,0.1024,0.1024,0.1024,0.1023,0.1024,0.1022,0.1024,0.1022,0.1021,0.1022,0.1022,0.1021,0.1021,0.1022,0.1021,0.1021,0.1021,0.1021,0.1021,0.102,0.102
2;1,0.0987,0.0987,0.0987,0.0988,0.0989,0.0988,0.0989,0.0988,0.0988,0.0988,0.0989,0.0988,0.0986,0.0988,0.0986,0.0986,0.0986,0.0988,0.0987,0.0987,0.0985,0.0985,0.0985,0.0985,0.0985,0.0986,0.0986,0.0986,0.0985,0.0984,0.0985,0.0985,0.0985,0.0985,0.0985,0.0984,0.0985,0.0986,0.0985,0.0986,0.0986,0.0985,0.0984,0.0985,0.0985,0.0985,0.0984,0.0984,0.0984,0.0985,0.0985,0.0985,0.0985,0.0985,0.0986,0.0985,0.0986,0.0984,0.0985,0.0985,0.0984,0.0986,0.0984,0.0984,0.0984,0.0984,0.0985,0.0985,0.0985,0.0984,0.0984,0.0983,0.0984,0.0985,0.0984,0.0984,0.0984,0.0985,0.0984,0.0984,0.0983,0.0985,0.0984,0.0983,0.0984,0.0985,0.0983,0.0983,0.0984,0.0984,0.0984,0.0983,0.0984,0.0983,0.0983,0.0984
2;2,0.1029,0.1028,0.1029,0.1029,0.1031,0.1032,0.1033,0.1032,0.1032,0.1031,0.1032,0.1032,0.1032,0.103,0.103,0.1033,0.103,0.103,0.1031,0.103,0.103,0.1029,0.1032,0.1029,0.1029,0.1029,0.103,0.103,0.103,0.1029,0.103,0.103,0.103,0.1031,0.1032,0.1031,0.1031,0.103,0.1031,0.1031,0.1031,0.1031,0.1031,0.1032,0.103,0.1032,0.1031,0.1031,0.1031,0.1031,0.1031,0.103,0.1031,0.1031,0.1032,0.1032,0.1033,0.1031,0.1031,0.1031,0.103,0.1033,0.1032,0.1032,0.1031,0.1031,0.1032,0.1032,0.1032,0.1032,0.1031,0.1031,0.1031,0.1033,0.1032,0.1033,0.1032,0.1032,0.1032,0.1033,0.1031,0.1033,0.1032,0.1031,0.1032,0.1032,0.1032,0.1029,0.1032,0.1033,0.1032,0.1032,0.1033,0.1031,0.1031,0.1032
2;3,0.0988,0.0987,0.0988,0.0987,0.0989,0.0988,0.0988,0.0991,0.099,0.0987,0.0989,0.0989,0.0989,0.0987,0.0986,0.0989,0.0988,0.0987,0.0991,0.0988,0.0986,0.0987,0.0986,0.0986,0.0985,0.0986,0.0987,0.0985,0.0984,0.0984,0.0984,0.0986,0.0986,0.0985,0.0986,0.0984,0.0986,0.0985,0.0984,0.0986,0.0986,0.0986,0.0985,0.0985,0.0984,0.0985,0.0985,0.0983,0.0983,0.0984,0.0984,0.0984,0.0985,0.0985,0.0984,0.0985,0.0985,0.0983,0.0984,0.0985,0.0983,0.0985,0.0984,0.0983,0.0984,0.0984,0.0983,0.0983,0.0983,0.0984,0.0982,0.0983,0.0983,0.0983,0.0982,0.0984,0.0982,0.0983,0.0982,0.0983,0.0982,0.0982,0.0982,0.0982,0.0981,0.0982,0.0982,0.0981,0.0983,0.0982,0.0982,0.0982,0.0982,0.0982,0.0982,0.0981
3;2,0.0979,0.1008,0.098,0.0983,0.0983,0.0982,0.0984,0.0984,0.0984,0.0983,0.0987,0.0987,0.0983,0.0989,0.0989,0.0989,0.0991,0.099,0.0994,0.0993,0.0988,0.0989,0.0992,0.0988,0.0987,0.0996,0.0993,0.0995,0.0993,0.0992,0.0997,0.0994,0.0997,0.0995,0.1,0.0997,0.1002,0.1002,0.1001,0.1002,0.1002,0.1006,0.1006,0.101,0.1008,0.1009,0.1008,0.1011,0.1008,0.1011,0.1017,0.1016,0.1025,0.1016,0.1014,0.1018,0.1018,0.1021,0.1027,0.1027,0.1023,0.1025,0.103,0.1025,0.1027,0.1034,0.1039,0.1036,0.1044,0.1052,0.104,0.1046,0.1051,0.105,0.1055,0.1053,0.1056,0.1058,0.107,0.1063,0.1069,0.1071,0.1066,0.106,0.1068,0.1075,0.108,0.108,0.1086,0.1084,0.1088,0.1098,0.1088,0.1095,0.1101,0.1099
,,,,,,,,,,,,,,,,,,,,,,,,,,,,,,,,,,,,,,,,,,,,,,,,,,,,,,,,,,,,,,,,,,,,,,,,,,,,,,,,,,,,,,,,,,,,,,,,
Cycles / Well,,,,,,,,,,,,,,,,,,,,,,,,,,,,,,,,,,,,,,,,,,,,,,,,,,,,,,,,,,,,,,,,,,,,,,,,,,,,,,,,,,,,,,,,,,,,,,,,
A8,1,2,3,4,5,6,7,8,9,10,11,12,13,14,15,16,17,18,19,20,21,22,23,24,25,26,27,28,29,30,31,32,33,34,35,36,37,38,39,40,41,42,43,44,45,46,47,48,49,50,51,52,53,54,55,56,57,58,59,60,61,62,63,64,65,66,67,68,69,70,71,72,73,74,75,76,77,78,79,80,81,82,83,84,85,86,87,88,89,90,91,92,93,94,95,96
Time [s],0,1799.804,3599.705,5399.641,7199.561,8999.49,10799.409,12599.333,14399.26,16199.194,17999.109,19799.039,21598.958,23398.892,25198.808,26998.725,28798.661,30598.589,32398.489,34198.443,35998.374,37798.286,39598.224,41398.149,43198.081,44997.99,46797.917,48597.842,50397.765,52197.702,53997.621,55797.552,57597.468,59397.391,61197.317,62997.249,64797.163,66597.084,68397.028,70196.935,71996.864,73796.783,75596.71,77396.649,79196.565,80996.494,82796.414,84596.354,86396.27,88196.204,89996.112,91796.061,93595.971,95395.897,97195.829,98995.747,100795.679,102595.601,104395.534,106195.445,107995.377,109795.307,111595.236,113395.157,115195.076,116995.019,118794.937,120594.848,122394.785,124194.722,125994.648,127794.579,129594.494,131394.41,133194.341,134994.266,136794.185,138594.122,140394.047,142193.959,143993.87,145793.805,147593.724,149393.655,151193.569,152993.504,154793.443,156593.376,158393.277,160193.21,161993.13,163793.052,165592.982,167392.906,169192.831,170992.755
Temp. [°C],40.8,29.9,29.9,30,30,30.1,30,30.1,30,29.9,30,30,30,30,30,29.9,30,30,30.1,30.1,29.9,30,30,30,30.1,30.1,30,30.1,30.1,30,30,30,29.9,30.1,30,29.9,29.8,29.8,29.8,29.9,30.1,30.1,30,30.1,29.8,29.9,30,30,30,30.1,30,30,29.8,30,30,30.1,30.1,30,30.1,29.9,30,30.1,30.1,30,30,29.9,29.9,30.1,30,30,29.9,29.9,30,30,29.9,30.1,29.9,29.8,29.9,30,30,30.1,30,30,30.1,30.1,30.2,30.1,29.9,30,29.9,29.9,30.1,29.9,30,30
Mean,0.10112,0.10144,0.1013,0.1013,0.1014,0.10154,0.10138,0.10154,0.10136,0.10144,0.10154,0.10158,0.10136,0.10152,0.10138,0.10158,0.10156,0.10162,0.1018,0.10156,0.1015,0.10152,0.10162,0.10156,0.10144,0.10162,0.1017,0.10182,0.1017,0.10156,0.10182,0.1018,0.10184,0.10188,0.10198,0.10174,0.10202,0.10204,0.1021,0.10206,0.1022,0.10228,0.10202,0.10238,0.10212,0.10238,0.1022,0.1022,0.10236,0.10238,0.1025,0.10256,0.1028,0.1026,0.1023,0.10248,0.1025,0.1026,0.1029,0.10298,0.10262,0.10266,0.10274,0.10266,0.1026,0.10282,0.10318,0.10298,0.10314,0.10334,0.10298,0.10312,0.1032,0.10322,0.1033,0.10332,0.10336,0.10352,0.1037,0.10348,0.10362,0.10352,0.10338,0.10326,0.10334,0.10366,0.10354,0.10348,0.10378,0.1037,0.1037,0.10376,0.10386,0.10386,0.10382,0.10374
StDev,0.001839021,0.001807761,0.001831666,0.001839837,0.001901315,0.001858225,0.001914941,0.001957805,0.001973069,0.002057426,0.002015688,0.002207261,0.002123205,0.002274203,0.002278596,0.002368966,0.002347978,0.002450918,0.002604803,0.002502599,0.002529822,0.002647074,0.002720662,0.002663269,0.002626404,0.002785139,0.00291719,0.003105157,0.003057777,0.003167491,0.003163384,0.003115285,0.003309532,0.003271391,0.003510983,0.003345594,0.003636894,0.003730013,0.003919821,0.003762047,0.003947784,0.004120316,0.003809462,0.004394542,0.00416137,0.004361995,0.004308132,0.004338779,0.004640366,0.004583339,0.004713279,0.004976746,0.005358171,0.004967394,0.004277265,0.004581703,0.00464489,0.005053217,0.005436451,0.005557607,0.005216991,0.00512328,0.00533882,0.005279015,0.005162364,0.005760816,0.006287845,0.005860631,0.00624924,0.006662057,0.006167009,0.00625036,0.006310705,0.006396249,0.006579134,0.006541559,0.006685282,0.007082161,0.007402702,0.007041094,0.007410601,0.007127201,0.006905939,0.006629329,0.006796175,0.007500867,0.007121657,0.007328165,0.007708891,0.007644279,0.00781281,0.007866575,0.007821317,0.008019227,0.008054936,0.007874516
1;2,0.1031,0.1031,0.1031,0.1031,0.1031,0.1034,0.1032,0.1033,0.1032,0.1032,0.1033,0.1033,0.1033,0.1033,0.1032,0.1033,0.1033,0.1033,0.1034,0.1032,0.1032,0.1033,0.1034,0.1032,0.1031,0.1033,0.1034,0.1032,0.1032,0.1032,0.1033,0.1034,0.1033,0.1034,0.1033,0.1033,0.1034,0.1034,0.1033,0.1033,0.1034,0.1034,0.1033,0.1033,0.1032,0.1033,0.1033,0.1032,0.1032,0.1033,0.1032,0.1033,0.1032,0.1032,0.1033,0.1033,0.1033,0.1032,0.1031,0.1032,0.1029,0.1031,0.1031,0.103,0.103,0.1029,0.1031,0.1029,0.1029,0.1029,0.1028,0.1028,0.1029,0.1028,0.1029,0.1028,0.1028,0.1027,0.1026,0.1027,0.1025,0.1026,0.1024,0.1025,0.1025,0.1023,0.1024,0.1023,0.1024,0.1024,0.1023,0.1022,0.1023,0.1022,0.1022,0.102
2;1,0.1005,0.1007,0.1006,0.1005,0.1004,0.1004,0.1001,0.1,0.0999,0.0997,0.0998,0.0997,0.0995,0.0994,0.0992,0.0993,0.0992,0.0992,0.0993,0.0991,0.0989,0.0988,0.0988,0.0988,0.0987,0.0988,0.0986,0.0986,0.0984,0.0982,0.0985,0.0985,0.0983,0.0985,0.0983,0.0982,0.0983,0.0982,0.0981,0.0982,0.0983,0.0982,0.0981,0.0981,0.098,0.0981,0.098,0.098,0.0979,0.098,0.0981,0.0979,0.0981,0.098,0.098,0.0981,0.0981,0.0979,0.0981,0.0981,0.0979,0.0979,0.098,0.098,0.0979,0.0978,0.098,0.098,0.0979,0.0979,0.0978,0.0979,0.098,0.0979,0.0979,0.098,0.098,0.098,0.098,0.098,0.098,0.098,0.098,0.0979,0.0979,0.098,0.0981,0.0979,0.098,0.0979,0.0978,0.0979,0.0981,0.098,0.0979,0.098
2;2,0.1029,0.1029,0.103,0.103,0.1032,0.1033,0.1031,0.1033,0.1032,0.1032,0.1033,0.1033,0.1031,0.1033,0.1028,0.1031,0.103,0.1032,0.1032,0.103,0.103,0.103,0.1029,0.1029,0.1029,0.1029,0.103,0.1031,0.103,0.1028,0.103,0.103,0.103,0.1031,0.1031,0.1029,0.103,0.103,0.103,0.1031,0.103,0.1031,0.1029,0.1031,0.103,0.1032,0.1029,0.1029,0.1029,0.1029,0.1031,0.1031,0.1031,0.1031,0.1032,0.1031,0.1032,0.1032,0.1032,0.1032,0.103,0.1031,0.1031,0.1031,0.1031,0.1031,0.1031,0.1032,0.1032,0.1032,0.103,0.1032,0.1032,0.1032,0.1032,0.1032,0.1032,0.1033,0.1034,0.1032,0.1031,0.1033,0.1032,0.1033,0.1033,0.1033,0.1032,0.1031,0.1033,0.1032,0.1032,0.1032,0.1034,0.1032,0.1032,0.1033
2;3,0.0988,0.0987,0.0987,0.0987,0.0987,0.0991,0.0988,0.099,0.0988,0.0988,0.099,0.0987,0.0987,0.0987,0.0986,0.0987,0.0988,0.0987,0.0987,0.0986,0.0986,0.0985,0.0986,0.0986,0.0985,0.0985,0.0986,0.0986,0.0986,0.0983,0.0986,0.0986,0.0986,0.0985,0.0986,0.0984,0.0985,0.0985,0.0985,0.0985,0.0985,0.0985,0.0985,0.0985,0.0983,0.0985,0.0983,0.0983,0.0984,0.0984,0.0984,0.0983,0.0983,0.0984,0.0985,0.0985,0.0984,0.0983,0.0985,0.0985,0.0984,0.0985,0.0983,0.0982,0.0983,0.0982,0.0982,0.0983,0.0983,0.0983,0.0982,0.0983,0.0983,0.0984,0.0983,0.0984,0.0983,0.0982,0.0983,0.0982,0.0983,0.0982,0.0983,0.0983,0.0983,0.0983,0.0984,0.0982,0.0983,0.0983,0.0982,0.0983,0.0983,0.0983,0.0982,0.0982
3;2,0.1003,0.1018,0.1011,0.1012,0.1016,0.1015,0.1017,0.1021,0.1017,0.1023,0.1023,0.1029,0.1022,0.1029,0.1031,0.1035,0.1035,0.1037,0.1044,0.1039,0.1038,0.104,0.1044,0.1043,0.104,0.1046,0.1049,0.1056,0.1053,0.1053,0.1057,0.1055,0.106,0.1059,0.1066,0.1059,0.1069,0.1071,0.1076,0.1072,0.1078,0.1082,0.1073,0.1089,0.1081,0.1088,0.1085,0.1086,0.1094,0.1093,0.1097,0.1102,0.1113,0.1103,0.1085,0.1094,0.1095,0.1104,0.1116,0.1119,0.1109,0.1107,0.1112,0.111,0.1107,0.1121,0.1135,0.1125,0.1134,0.1144,0.1131,0.1134,0.1136,0.1138,0.1142,0.1142,0.1145,0.1154,0.1162,0.1153,0.1162,0.1155,0.115,0.1143,0.1147,0.1164,0.1156,0.1159,0.1169,0.1167,0.117,0.1172,0.1172,0.1176,0.1176,0.1172
,,,,,,,,,,,,,,,,,,,,,,,,,,,,,,,,,,,,,,,,,,,,,,,,,,,,,,,,,,,,,,,,,,,,,,,,,,,,,,,,,,,,,,,,,,,,,,,,
Cycles / Well,,,,,,,,,,,,,,,,,,,,,,,,,,,,,,,,,,,,,,,,,,,,,,,,,,,,,,,,,,,,,,,,,,,,,,,,,,,,,,,,,,,,,,,,,,,,,,,,
A9,1,2,3,4,5,6,7,8,9,10,11,12,13,14,15,16,17,18,19,20,21,22,23,24,25,26,27,28,29,30,31,32,33,34,35,36,37,38,39,40,41,42,43,44,45,46,47,48,49,50,51,52,53,54,55,56,57,58,59,60,61,62,63,64,65,66,67,68,69,70,71,72,73,74,75,76,77,78,79,80,81,82,83,84,85,86,87,88,89,90,91,92,93,94,95,96
Time [s],0,1799.804,3599.705,5399.641,7199.561,8999.49,10799.409,12599.333,14399.26,16199.194,17999.109,19799.039,21598.958,23398.892,25198.808,26998.725,28798.661,30598.589,32398.489,34198.443,35998.374,37798.286,39598.224,41398.149,43198.081,44997.99,46797.917,48597.842,50397.765,52197.702,53997.621,55797.552,57597.468,59397.391,61197.317,62997.249,64797.163,66597.084,68397.028,70196.935,71996.864,73796.783,75596.71,77396.649,79196.565,80996.494,82796.414,84596.354,86396.27,88196.204,89996.112,91796.061,93595.971,95395.897,97195.829,98995.747,100795.679,102595.601,104395.534,106195.445,107995.377,109795.307,111595.236,113395.157,115195.076,116995.019,118794.937,120594.848,122394.785,124194.722,125994.648,127794.579,129594.494,131394.41,133194.341,134994.266,136794.185,138594.122,140394.047,142193.959,143993.87,145793.805,147593.724,149393.655,151193.569,152993.504,154793.443,156593.376,158393.277,160193.21,161993.13,163793.052,165592.982,167392.906,169192.831,170992.755
Temp. [°C],40.8,29.9,29.9,30,30,30.1,30,30.1,30,29.9,30,30,30,30,30,29.9,30,30,30.1,30.1,29.9,30,30,30,30.1,30.1,30,30.1,30.1,30,30,30,29.9,30.1,30,29.9,29.8,29.8,29.8,29.9,30.1,30.1,30,30.1,29.8,29.9,30,30,30,30.1,30,30,29.8,30,30,30.1,30.1,30,30.1,29.9,30,30.1,30.1,30,30,29.9,29.9,30.1,30,30,29.9,29.9,30,30,29.9,30.1,29.9,29.8,29.9,30,30,30.1,30,30,30.1,30.1,30.2,30.1,29.9,30,29.9,29.9,30.1,29.9,30,30
Mean,0.10088,0.1005,0.1006,0.10068,0.1007,0.10088,0.10082,0.1009,0.1008,0.10088,0.101,0.10088,0.10074,0.1008,0.10082,0.10098,0.10084,0.10112,0.10128,0.10112,0.101,0.10094,0.10104,0.10096,0.1009,0.10176,0.10114,0.10132,0.10116,0.10102,0.10124,0.10106,0.10128,0.10118,0.10136,0.10114,0.10132,0.10128,0.10134,0.10126,0.1014,0.10148,0.10134,0.10148,0.10136,0.10146,0.10134,0.10132,0.10136,0.10138,0.10156,0.10156,0.10168,0.10154,0.10142,0.10154,0.10152,0.10156,0.1017,0.10172,0.10162,0.10164,0.10178,0.1017,0.10164,0.1017,0.102,0.10194,0.10202,0.1023,0.10206,0.10218,0.10238,0.10224,0.10236,0.10238,0.10254,0.10248,0.10268,0.10258,0.1026,0.10272,0.10252,0.1024,0.1026,0.10286,0.10282,0.1027,0.10314,0.10312,0.10326,0.10332,0.10338,0.10328,0.10334,0.10338
StDev,0.00283496,0.003231873,0.003169385,0.003183866,0.003169385,0.003212787,0.003230635,0.003113679,0.00308626,0.002971027,0.002912902,0.002893441,0.002903963,0.002909467,0.002901207,0.002717904,0.002668895,0.00256164,0.002540079,0.002583989,0.002569047,0.002546174,0.002608256,0.00252448,0.002469818,0.002619733,0.00242755,0.002388933,0.00241516,0.00243557,0.002344781,0.002361779,0.002320991,0.002350957,0.002368122,0.002335166,0.00243146,0.002354145,0.002293033,0.002361779,0.002457641,0.002470223,0.00241516,0.002565541,0.002424459,0.0025006,0.002485558,0.002384743,0.002462316,0.002434543,0.002629258,0.002682909,0.002796784,0.002623547,0.00239729,0.002520516,0.002453976,0.00269685,0.002804461,0.002794996,0.002744449,0.002762788,0.002950763,0.002864437,0.002834255,0.00317805,0.003446012,0.003393081,0.003508133,0.00385746,0.003756727,0.003886129,0.00402455,0.003943729,0.004075905,0.004176362,0.004413389,0.004437003,0.004727261,0.004605649,0.004871858,0.004911924,0.00463163,0.00439659,0.004793746,0.005276647,0.00525709,0.005261179,0.00577434,0.00577382,0.006050868,0.006176731,0.006255158,0.006370008,0.006400234,0.006391557
1;2,0.1041,0.1041,0.1041,0.1041,0.1043,0.1045,0.1042,0.1042,0.1041,0.1041,0.1042,0.104,0.1039,0.104,0.1039,0.1039,0.1037,0.1039,0.1041,0.104,0.1037,0.1037,0.1037,0.1036,0.1035,0.1036,0.1035,0.1036,0.1034,0.1031,0.1034,0.1032,0.1033,0.1033,0.1033,0.103,0.1033,0.1031,0.1031,0.103,0.1031,0.103,0.103,0.103,0.1029,0.103,0.1028,0.1027,0.1028,0.1027,0.1026,0.1026,0.1025,0.1025,0.1025,0.1025,0.1025,0.1025,0.1026,0.1025,0.1024,0.1024,0.1025,0.1024,0.1024,0.1023,0.1024,0.1023,0.1023,0.1024,0.1022,0.1022,0.1022,0.1022,0.1022,0.1022,0.1023,0.1021,0.1022,0.1021,0.102,0.1021,0.1019,0.1019,0.1019,0.102,0.102,0.1018,0.102,0.102,0.1019,0.1019,0.102,0.1017,0.1019,0.1018
2;1,0.0986,0.0984,0.0986,0.0986,0.0985,0.0987,0.0988,0.0989,0.0987,0.0988,0.0988,0.0986,0.0985,0.0985,0.0986,0.0988,0.0986,0.0987,0.0987,0.0985,0.0988,0.0985,0.0985,0.0986,0.0984,0.0986,0.0986,0.0986,0.0985,0.0981,0.0985,0.0985,0.0986,0.0985,0.0985,0.0984,0.0984,0.0985,0.0986,0.0984,0.0984,0.0985,0.0984,0.0983,0.0984,0.0984,0.0983,0.0984,0.0983,0.0984,0.0984,0.0983,0.0984,0.0984,0.0985,0.0985,0.0985,0.0984,0.0984,0.0985,0.0984,0.0984,0.0984,0.0985,0.0984,0.0981,0.0983,0.0984,0.0984,0.0985,0.0983,0.0984,0.0985,0.0983,0.0985,0.0984,0.0984,0.0984,0.0985,0.0985,0.0983,0.0984,0.0985,0.0984,0.0984,0.0984,0.0983,0.0982,0.0985,0.0984,0.0985,0.0985,0.0985,0.0984,0.0984,0.0986
2;2,0.1038,0.1037,0.1038,0.104,0.1038,0.1041,0.1043,0.1042,0.104,0.104,0.1041,0.104,0.1038,0.1039,0.104,0.104,0.1038,0.1039,0.1039,0.1038,0.1039,0.1037,0.104,0.1038,0.1036,0.1037,0.1039,0.1038,0.1038,0.1037,0.1037,0.1038,0.1038,0.1038,0.1038,0.1037,0.1037,0.1037,0.1036,0.1038,0.1037,0.1037,0.1037,0.1037,0.1037,0.1037,0.1036,0.1036,0.1036,0.1036,0.1037,0.1037,0.1037,0.1036,0.1037,0.1037,0.1037,0.1036,0.1037,0.1037,0.1036,0.1037,0.1036,0.1035,0.1035,0.1035,0.1036,0.1035,0.1036,0.1036,0.1035,0.1034,0.1036,0.1036,0.1035,0.1035,0.1036,0.1036,0.1036,0.1035,0.1035,0.1036,0.1035,0.1035,0.1035,0.1035,0.1035,0.1034,0.1037,0.1036,0.1036,0.1036,0.1036,0.1036,0.1036,0.1035
2;3,0.0995,0.0994,0.0994,0.0995,0.0996,0.0996,0.0995,0.0997,0.0998,0.0997,0.0996,0.0996,0.0996,0.0994,0.0995,0.0993,0.0993,0.0995,0.0995,0.0995,0.0995,0.0994,0.0992,0.0993,0.0992,0.0992,0.0993,0.0993,0.0991,0.0991,0.0993,0.0992,0.0993,0.0993,0.0993,0.0991,0.0991,0.0991,0.0992,0.0992,0.0991,0.0991,0.0991,0.0991,0.0991,0.0991,0.099,0.0991,0.0991,0.0991,0.0991,0.0991,0.0991,0.0991,0.0992,0.0992,0.0993,0.099,0.0991,0.0991,0.0991,0.0991,0.0991,0.099,0.099,0.0989,0.099,0.0989,0.0989,0.099,0.0988,0.0989,0.0991,0.099,0.099,0.099,0.099,0.0989,0.0989,0.0989,0.0988,0.0989,0.0988,0.0989,0.0989,0.0989,0.0989,0.0988,0.0988,0.0989,0.0989,0.0989,0.0989,0.0987,0.0987,0.0988
3;2,0.0984,0.0969,0.0971,0.0972,0.0973,0.0975,0.0973,0.0975,0.0974,0.0978,0.0983,0.0982,0.0979,0.0982,0.0981,0.0989,0.0988,0.0996,0.1002,0.0998,0.0991,0.0994,0.0998,0.0995,0.0998,0.1037,0.1004,0.1013,0.101,0.1011,0.1013,0.1006,0.1014,0.101,0.1019,0.1015,0.1021,0.102,0.1022,0.1019,0.1027,0.1031,0.1025,0.1033,0.1027,0.1031,0.103,0.1028,0.103,0.1031,0.104,0.1041,0.1047,0.1041,0.1032,0.1038,0.1036,0.1043,0.1047,0.1048,0.1046,0.1046,0.1053,0.1051,0.1049,0.1057,0.1067,0.1066,0.1069,0.108,0.1075,0.108,0.1085,0.1081,0.1086,0.1088,0.1094,0.1094,0.1102,0.1099,0.1104,0.1106,0.1099,0.1093,0.1103,0.1115,0.1114,0.1113,0.1127,0.1127,0.1134,0.1137,0.1139,0.114,0.1141,0.1142
,,,,,,,,,,,,,,,,,,,,,,,,,,,,,,,,,,,,,,,,,,,,,,,,,,,,,,,,,,,,,,,,,,,,,,,,,,,,,,,,,,,,,,,,,,,,,,,,
Cycles / Well,,,,,,,,,,,,,,,,,,,,,,,,,,,,,,,,,,,,,,,,,,,,,,,,,,,,,,,,,,,,,,,,,,,,,,,,,,,,,,,,,,,,,,,,,,,,,,,,
A10,1,2,3,4,5,6,7,8,9,10,11,12,13,14,15,16,17,18,19,20,21,22,23,24,25,26,27,28,29,30,31,32,33,34,35,36,37,38,39,40,41,42,43,44,45,46,47,48,49,50,51,52,53,54,55,56,57,58,59,60,61,62,63,64,65,66,67,68,69,70,71,72,73,74,75,76,77,78,79,80,81,82,83,84,85,86,87,88,89,90,91,92,93,94,95,96
Time [s],0,1799.804,3599.705,5399.641,7199.561,8999.49,10799.409,12599.333,14399.26,16199.194,17999.109,19799.039,21598.958,23398.892,25198.808,26998.725,28798.661,30598.589,32398.489,34198.443,35998.374,37798.286,39598.224,41398.149,43198.081,44997.99,46797.917,48597.842,50397.765,52197.702,53997.621,55797.552,57597.468,59397.391,61197.317,62997.249,64797.163,66597.084,68397.028,70196.935,71996.864,73796.783,75596.71,77396.649,79196.565,80996.494,82796.414,84596.354,86396.27,88196.204,89996.112,91796.061,93595.971,95395.897,97195.829,98995.747,100795.679,102595.601,104395.534,106195.445,107995.377,109795.307,111595.236,113395.157,115195.076,116995.019,118794.937,120594.848,122394.785,124194.722,125994.648,127794.579,129594.494,131394.41,133194.341,134994.266,136794.185,138594.122,140394.047,142193.959,143993.87,145793.805,147593.724,149393.655,151193.569,152993.504,154793.443,156593.376,158393.277,160193.21,161993.13,163793.052,165592.982,167392.906,169192.831,170992.755
Temp. [°C],40.8,29.9,29.9,30,30,30.1,30,30.1,30,29.9,30,30,30,30,30,29.9,30,30,30.1,30.1,29.9,30,30,30,30.1,30.1,30,30.1,30.1,30,30,30,29.9,30.1,30,29.9,29.8,29.8,29.8,29.9,30.1,30.1,30,30.1,29.8,29.9,30,30,30,30.1,30,30,29.8,30,30,30.1,30.1,30,30.1,29.9,30,30.1,30.1,30,30,29.9,29.9,30.1,30,30,29.9,29.9,30,30,29.9,30.1,29.9,29.8,29.9,30,30,30.1,30,30,30.1,30.1,30.2,30.1,29.9,30,29.9,29.9,30.1,29.9,30,30
Mean,0.10092,0.10082,0.10078,0.10086,0.10082,0.10096,0.10094,0.10092,0.101,0.10092,0.101,0.10102,0.10078,0.10084,0.10078,0.1009,0.10098,0.10106,0.101,0.10094,0.1009,0.10082,0.101,0.10088,0.10078,0.10418,0.10098,0.10106,0.1011,0.10092,0.10114,0.10114,0.10124,0.10106,0.10116,0.10118,0.10122,0.1012,0.1013,0.10136,0.10152,0.10146,0.10126,0.10156,0.10126,0.1014,0.10134,0.10132,0.1014,0.10144,0.1016,0.10146,0.1017,0.10174,0.10136,0.10136,0.1015,0.10134,0.10176,0.10166,0.1015,0.10148,0.10152,0.10158,0.10134,0.1015,0.10178,0.1018,0.10178,0.10188,0.10164,0.1018,0.10202,0.10182,0.10188,0.10196,0.10212,0.10208,0.10202,0.10204,0.10202,0.102,0.10186,0.1018,0.10198,0.10208,0.10202,0.1019,0.10216,0.10218,0.1023,0.1023,0.10228,0.10224,0.10234,0.10234
StDev,0.002610939,0.002576238,0.002802142,0.002800536,0.002791415,0.002793385,0.002971195,0.00297859,0.002852192,0.0029626,0.002912902,0.002929505,0.002876978,0.002985465,0.002870888,0.002839894,0.00274718,0.002829841,0.002777589,0.002860594,0.002833725,0.002704071,0.00271201,0.002756266,0.002738978,0.006359009,0.002680858,0.002606338,0.002473863,0.002587856,0.002659511,0.002619733,0.002521507,0.002632109,0.002496598,0.002488373,0.002386839,0.002457641,0.002342008,0.002388095,0.002383695,0.002374447,0.002390188,0.002404787,0.00236072,0.002322714,0.002317973,0.002317758,0.002350532,0.002315815,0.00234094,0.002328734,0.002327015,0.002401666,0.002243435,0.002215401,0.002260531,0.002210882,0.002334095,0.002339444,0.002285826,0.002293905,0.0022687,0.002326371,0.002223286,0.002297825,0.00239729,0.00245255,0.002428374,0.002591718,0.002442949,0.00247083,0.002636665,0.00253318,0.002582053,0.00273916,0.002950763,0.002890848,0.002920103,0.002861468,0.002914104,0.002699074,0.002651038,0.002608639,0.002861293,0.003017781,0.002921815,0.003021589,0.003142929,0.003270627,0.00338969,0.003446012,0.003288161,0.003435549,0.003554293,0.003628085
1;2,0.104,0.1038,0.1039,0.104,0.104,0.1042,0.1043,0.1043,0.1044,0.1044,0.1044,0.1044,0.1041,0.1043,0.1042,0.1043,0.1043,0.1043,0.1044,0.1043,0.1042,0.1039,0.1041,0.1041,0.104,0.1041,0.1042,0.1042,0.1041,0.104,0.1043,0.1042,0.1042,0.1042,0.1041,0.104,0.104,0.1041,0.1039,0.104,0.1041,0.1041,0.104,0.104,0.1038,0.1038,0.1038,0.1037,0.1038,0.1038,0.1037,0.1037,0.1037,0.1036,0.1036,0.1035,0.1036,0.1034,0.1035,0.1035,0.1034,0.1034,0.1034,0.1034,0.1033,0.1032,0.1033,0.1034,0.1033,0.1032,0.1031,0.1031,0.103,0.1031,0.103,0.1029,0.103,0.103,0.1029,0.1028,0.1028,0.1028,0.1027,0.1025,0.1027,0.1025,0.1025,0.1024,0.1025,0.1024,0.1024,0.1024,0.1025,0.1023,0.1024,0.1022
2;1,0.0985,0.0987,0.0987,0.0987,0.0988,0.099,0.0989,0.0987,0.099,0.0987,0.0988,0.0987,0.0985,0.0986,0.0986,0.0986,0.0987,0.0988,0.0987,0.0987,0.0986,0.0985,0.0986,0.0986,0.0984,0.0987,0.0986,0.0985,0.0986,0.0984,0.0986,0.0985,0.0987,0.0987,0.0987,0.0986,0.0986,0.0985,0.0986,0.0985,0.0985,0.0986,0.0985,0.0985,0.0985,0.0985,0.0985,0.0985,0.0984,0.0986,0.0986,0.0985,0.0986,0.0986,0.0987,0.0987,0.0987,0.0986,0.0987,0.0986,0.0985,0.0985,0.0986,0.0986,0.0985,0.0985,0.0986,0.0986,0.0987,0.0986,0.0985,0.0986,0.0987,0.0986,0.0985,0.0986,0.0986,0.0986,0.0985,0.0986,0.0986,0.0988,0.0986,0.0986,0.0986,0.0986,0.0986,0.0984,0.0987,0.0986,0.0987,0.0987,0.0988,0.0986,0.0986,0.0986
2;2,0.1034,0.1033,0.1035,0.1036,0.1035,0.1035,0.1037,0.1037,0.1035,0.1036,0.1037,0.1038,0.1035,0.1036,0.1034,0.1035,0.1035,0.1038,0.1035,0.1036,0.1036,0.1035,0.1037,0.1035,0.1034,0.1034,0.1035,0.1035,0.1034,0.1034,0.1037,0.1037,0.1037,0.1036,0.1036,0.1037,0.1035,0.1035,0.1036,0.1036,0.1036,0.1036,0.1035,0.1036,0.1036,0.1036,0.1035,0.1036,0.1035,0.1037,0.1037,0.1035,0.1037,0.1036,0.1037,0.1037,0.1038,0.1036,0.1037,0.1036,0.1036,0.1037,0.1037,0.1037,0.1036,0.1036,0.1037,0.1037,0.1038,0.1037,0.1036,0.1036,0.1038,0.1037,0.1037,0.1037,0.1037,0.1037,0.1038,0.1038,0.1036,0.1037,0.1036,0.1036,0.1037,0.1037,0.1037,0.1035,0.1037,0.1037,0.1036,0.1036,0.1037,0.1036,0.1037,0.1037
2;3,0.1,0.1,0.1001,0.1001,0.1,0.1003,0.1003,0.1003,0.1003,0.1002,0.1002,0.1002,0.1,0.1001,0.0999,0.1,0.1,0.1002,0.1,0.1001,0.1,0.0999,0.1,0.1,0.0998,0.0999,0.0999,0.0999,0.0998,0.0997,0.0999,0.0999,0.0999,0.0998,0.0998,0.0998,0.0999,0.0998,0.0999,0.0998,0.0999,0.0998,0.0998,0.0997,0.0997,0.0998,0.0997,0.0997,0.0997,0.0998,0.0997,0.0996,0.0999,0.0997,0.0998,0.0998,0.0998,0.0997,0.0998,0.0997,0.0997,0.0997,0.0997,0.0996,0.0997,0.0996,0.0998,0.0997,0.0996,0.0996,0.0995,0.0997,0.0998,0.0996,0.0998,0.0996,0.0996,0.0996,0.0995,0.0996,0.0995,0.0996,0.0996,0.0996,0.0995,0.0996,0.0996,0.0994,0.0995,0.0995,0.0996,0.0995,0.0995,0.0995,0.0995,0.0995
3;2,0.0987,0.0983,0.0977,0.0979,0.0978,0.0978,0.0975,0.0976,0.0978,0.0977,0.0979,0.098,0.0978,0.0976,0.0978,0.0981,0.0984,0.0982,0.0984,0.098,0.0981,0.0983,0.0986,0.0982,0.0983,0.1148,0.0987,0.0992,0.0996,0.0991,0.0992,0.0994,0.0997,0.099,0.0996,0.0998,0.1001,0.1001,0.1005,0.1009,0.1015,0.1012,0.1005,0.102,0.1007,0.1013,0.1012,0.1011,0.1016,0.1013,0.1023,0.102,0.1026,0.1032,0.101,0.1011,0.1016,0.1014,0.1031,0.1029,0.1023,0.1021,0.1022,0.1026,0.1016,0.1026,0.1035,0.1036,0.1035,0.1043,0.1035,0.104,0.1048,0.1041,0.1044,0.105,0.1057,0.1055,0.1054,0.1054,0.1056,0.1051,0.1048,0.1047,0.1054,0.106,0.1057,0.1058,0.1064,0.1067,0.1072,0.1073,0.1069,0.1072,0.1075,0.1077
,,,,,,,,,,,,,,,,,,,,,,,,,,,,,,,,,,,,,,,,,,,,,,,,,,,,,,,,,,,,,,,,,,,,,,,,,,,,,,,,,,,,,,,,,,,,,,,,
Cycles / Well,,,,,,,,,,,,,,,,,,,,,,,,,,,,,,,,,,,,,,,,,,,,,,,,,,,,,,,,,,,,,,,,,,,,,,,,,,,,,,,,,,,,,,,,,,,,,,,,
A11,1,2,3,4,5,6,7,8,9,10,11,12,13,14,15,16,17,18,19,20,21,22,23,24,25,26,27,28,29,30,31,32,33,34,35,36,37,38,39,40,41,42,43,44,45,46,47,48,49,50,51,52,53,54,55,56,57,58,59,60,61,62,63,64,65,66,67,68,69,70,71,72,73,74,75,76,77,78,79,80,81,82,83,84,85,86,87,88,89,90,91,92,93,94,95,96
Time [s],0,1799.804,3599.705,5399.641,7199.561,8999.49,10799.409,12599.333,14399.26,16199.194,17999.109,19799.039,21598.958,23398.892,25198.808,26998.725,28798.661,30598.589,32398.489,34198.443,35998.374,37798.286,39598.224,41398.149,43198.081,44997.99,46797.917,48597.842,50397.765,52197.702,53997.621,55797.552,57597.468,59397.391,61197.317,62997.249,64797.163,66597.084,68397.028,70196.935,71996.864,73796.783,75596.71,77396.649,79196.565,80996.494,82796.414,84596.354,86396.27,88196.204,89996.112,91796.061,93595.971,95395.897,97195.829,98995.747,100795.679,102595.601,104395.534,106195.445,107995.377,109795.307,111595.236,113395.157,115195.076,116995.019,118794.937,120594.848,122394.785,124194.722,125994.648,127794.579,129594.494,131394.41,133194.341,134994.266,136794.185,138594.122,140394.047,142193.959,143993.87,145793.805,147593.724,149393.655,151193.569,152993.504,154793.443,156593.376,158393.277,160193.21,161993.13,163793.052,165592.982,167392.906,169192.831,170992.755
Temp. [°C],40.8,29.9,29.9,30,30,30.1,30,30.1,30,29.9,30,30,30,30,30,29.9,30,30,30.1,30.1,29.9,30,30,30,30.1,30.1,30,30.1,30.1,30,30,30,29.9,30.1,30,29.9,29.8,29.8,29.8,29.9,30.1,30.1,30,30.1,29.8,29.9,30,30,30,30.1,30,30,29.8,30,30,30.1,30.1,30,30.1,29.9,30,30.1,30.1,30,30,29.9,29.9,30.1,30,30,29.9,29.9,30,30,29.9,30.1,29.9,29.8,29.9,30,30,30.1,30,30,30.1,30.1,30.2,30.1,29.9,30,29.9,29.9,30.1,29.9,30,30
Mean,0.10146,0.10166,0.10156,0.10152,0.10166,0.1017,0.10164,0.10166,0.10168,0.10158,0.10168,0.10162,0.10152,0.10152,0.10144,0.10156,0.10146,0.10162,0.10158,0.10156,0.10142,0.1014,0.10148,0.10148,0.10132,0.10168,0.10144,0.10144,0.10138,0.10124,0.10144,0.10144,0.1015,0.10134,0.10144,0.1013,0.10146,0.10146,0.10146,0.10138,0.10154,0.1015,0.10146,0.1015,0.1014,0.10148,0.10144,0.1014,0.10144,0.10154,0.10156,0.10148,0.10162,0.1016,0.10148,0.10152,0.1015,0.10142,0.10162,0.10162,0.10154,0.1015,0.1016,0.10156,0.10148,0.10144,0.10168,0.10174,0.10168,0.10176,0.10162,0.10164,0.10186,0.10176,0.10186,0.1019,0.1019,0.1018,0.10182,0.10186,0.1019,0.1018,0.10172,0.10166,0.1018,0.10202,0.1019,0.10184,0.10196,0.102,0.10206,0.10202,0.10204,0.10206,0.10208,0.10206
StDev,0.002931382,0.002672639,0.003294389,0.003365561,0.00332686,0.003257299,0.003212943,0.003276889,0.003266803,0.003170489,0.003208115,0.003236047,0.003201874,0.00312522,0.003207491,0.003082694,0.003118974,0.003239907,0.003086584,0.003107732,0.003047458,0.003070016,0.003003664,0.003050738,0.002882187,0.002519325,0.00291599,0.003006327,0.002854295,0.002812117,0.002909983,0.002874543,0.002713853,0.002764598,0.002672639,0.002695366,0.002702406,0.00258515,0.002596729,0.002570409,0.002422396,0.002460691,0.0024996,0.002442335,0.002520913,0.002376342,0.002433721,0.002471841,0.002315815,0.002368122,0.002253442,0.002288449,0.00220159,0.002218107,0.002274203,0.002255438,0.002271563,0.002225309,0.002174167,0.002144062,0.002133776,0.002158703,0.002054264,0.00211731,0.00212297,0.002160555,0.002077739,0.002100714,0.002058397,0.002079183,0.002031502,0.002080385,0.00204646,0.002070749,0.00206228,0.002040833,0.002011219,0.002011219,0.002074126,0.00206228,0.002072438,0.002070024,0.002046216,0.002023116,0.002056696,0.002162637,0.002164486,0.002140794,0.002075572,0.002159861,0.002250111,0.002159167,0.002125559,0.002313655,0.002319914,0.002270022
1;2,0.1028,0.1033,0.1037,0.1039,0.104,0.104,0.1037,0.104,0.104,0.1038,0.104,0.1038,0.1038,0.1038,0.1038,0.1038,0.1037,0.1039,0.1038,0.1037,0.1037,0.1036,0.1035,0.1038,0.1033,0.1037,0.1035,0.1036,0.1034,0.1033,0.1034,0.1035,0.1034,0.1033,0.1032,0.1031,0.1034,0.1031,0.1033,0.1032,0.1031,0.1031,0.1031,0.1031,0.103,0.103,0.1029,0.1029,0.1029,0.103,0.1029,0.1028,0.1029,0.1029,0.1027,0.1026,0.1026,0.1026,0.1028,0.1027,0.1028,0.1026,0.1027,0.1026,0.1026,0.1026,0.1027,0.1027,0.1026,0.1026,0.1024,0.1025,0.1025,0.1025,0.1026,0.1025,0.1025,0.1024,0.1024,0.1023,0.1024,0.1025,0.1022,0.1021,0.1021,0.1023,0.1022,0.1021,0.1022,0.1022,0.1022,0.102,0.1021,0.1021,0.102,0.1021
2;1,0.1003,0.1003,0.1003,0.1004,0.1005,0.1005,0.1004,0.1003,0.1004,0.1005,0.1004,0.1004,0.1003,0.1004,0.1003,0.1005,0.1005,0.1004,0.1005,0.1005,0.1003,0.1002,0.1003,0.1003,0.1002,0.1001,0.1003,0.1003,0.1002,0.1,0.1003,0.1003,0.1003,0.1001,0.1003,0.1,0.1002,0.1002,0.1002,0.1001,0.1002,0.1002,0.1002,0.1001,0.1001,0.1002,0.1001,0.1001,0.1001,0.1002,0.1002,0.1,0.1002,0.1002,0.1003,0.1003,0.1002,0.1001,0.1001,0.1002,0.1001,0.1001,0.1002,0.1001,0.1,0.0999,0.1001,0.1001,0.1001,0.1001,0.1,0.0999,0.1003,0.1002,0.1001,0.1002,0.1002,0.1001,0.1,0.1001,0.1,0.1,0.1,0.0999,0.1001,0.1001,0.1,0.1,0.1002,0.1001,0.1001,0.1002,0.1002,0.1,0.1001,0.1001
2;2,0.1053,0.1052,0.1056,0.1055,0.1056,0.1056,0.1056,0.1056,0.1056,0.1054,0.1056,0.1056,0.1055,0.1053,0.1053,0.1053,0.1053,0.1057,0.1054,0.1055,0.1052,0.1053,0.1054,0.1052,0.105,0.105,0.1052,0.1053,0.1051,0.1049,0.1053,0.1052,0.1051,0.105,0.1051,0.105,0.1051,0.1051,0.105,0.1049,0.105,0.105,0.105,0.105,0.105,0.1049,0.105,0.105,0.1048,0.105,0.1049,0.1049,0.1049,0.1049,0.1049,0.105,0.105,0.1048,0.1049,0.1049,0.1047,0.1048,0.1047,0.1048,0.1047,0.1047,0.1048,0.1049,0.1048,0.1049,0.1047,0.1047,0.1049,0.1049,0.1048,0.1048,0.1047,0.1046,0.1047,0.1047,0.1047,0.1047,0.1046,0.1046,0.1046,0.1047,0.1047,0.1045,0.1046,0.1047,0.1046,0.1046,0.1047,0.1046,0.1047,0.1046
2;3,0.1015,0.1012,0.1012,0.101,0.1012,0.1012,0.1013,0.1012,0.1012,0.101,0.101,0.1011,0.1007,0.1008,0.1007,0.1008,0.1005,0.1007,0.1007,0.1006,0.1004,0.1004,0.1005,0.1006,0.1005,0.1004,0.1004,0.1003,0.1003,0.1001,0.1003,0.1002,0.1004,0.1002,0.1002,0.1001,0.1001,0.1002,0.1001,0.1,0.1002,0.1001,0.1,0.1,0.1,0.1,0.1,0.0999,0.1,0.1,0.0999,0.0999,0.0999,0.0999,0.1,0.0999,0.1,0.0998,0.0999,0.0999,0.0998,0.0998,0.0999,0.0998,0.0998,0.0997,0.0998,0.0998,0.0998,0.0998,0.0997,0.0996,0.0997,0.0997,0.0997,0.0997,0.0997,0.0996,0.0996,0.0996,0.0997,0.0996,0.0995,0.0996,0.0995,0.0996,0.0995,0.0994,0.0996,0.0996,0.0995,0.0996,0.0997,0.0995,0.0995,0.0995
3;2,0.0974,0.0983,0.097,0.0968,0.097,0.0972,0.0972,0.0972,0.0972,0.0972,0.0974,0.0972,0.0973,0.0973,0.0971,0.0974,0.0973,0.0974,0.0975,0.0975,0.0975,0.0975,0.0977,0.0975,0.0976,0.0992,0.0978,0.0977,0.0979,0.0979,0.0979,0.098,0.0983,0.0981,0.0984,0.0983,0.0985,0.0987,0.0987,0.0987,0.0992,0.0991,0.099,0.0993,0.0989,0.0993,0.0992,0.0991,0.0994,0.0995,0.0999,0.0998,0.1002,0.1001,0.0995,0.0998,0.0997,0.0998,0.1004,0.1004,0.1003,0.1002,0.1005,0.1005,0.1003,0.1003,0.101,0.1012,0.1011,0.1014,0.1013,0.1015,0.1019,0.1015,0.1021,0.1023,0.1024,0.1023,0.1024,0.1026,0.1027,0.1022,0.1023,0.1021,0.1027,0.1034,0.1031,0.1032,0.1032,0.1034,0.1039,0.1037,0.1035,0.1041,0.1041,0.104
,,,,,,,,,,,,,,,,,,,,,,,,,,,,,,,,,,,,,,,,,,,,,,,,,,,,,,,,,,,,,,,,,,,,,,,,,,,,,,,,,,,,,,,,,,,,,,,,
Cycles / Well,,,,,,,,,,,,,,,,,,,,,,,,,,,,,,,,,,,,,,,,,,,,,,,,,,,,,,,,,,,,,,,,,,,,,,,,,,,,,,,,,,,,,,,,,,,,,,,,
A12,1,2,3,4,5,6,7,8,9,10,11,12,13,14,15,16,17,18,19,20,21,22,23,24,25,26,27,28,29,30,31,32,33,34,35,36,37,38,39,40,41,42,43,44,45,46,47,48,49,50,51,52,53,54,55,56,57,58,59,60,61,62,63,64,65,66,67,68,69,70,71,72,73,74,75,76,77,78,79,80,81,82,83,84,85,86,87,88,89,90,91,92,93,94,95,96
Time [s],0,1799.804,3599.705,5399.641,7199.561,8999.49,10799.409,12599.333,14399.26,16199.194,17999.109,19799.039,21598.958,23398.892,25198.808,26998.725,28798.661,30598.589,32398.489,34198.443,35998.374,37798.286,39598.224,41398.149,43198.081,44997.99,46797.917,48597.842,50397.765,52197.702,53997.621,55797.552,57597.468,59397.391,61197.317,62997.249,64797.163,66597.084,68397.028,70196.935,71996.864,73796.783,75596.71,77396.649,79196.565,80996.494,82796.414,84596.354,86396.27,88196.204,89996.112,91796.061,93595.971,95395.897,97195.829,98995.747,100795.679,102595.601,104395.534,106195.445,107995.377,109795.307,111595.236,113395.157,115195.076,116995.019,118794.937,120594.848,122394.785,124194.722,125994.648,127794.579,129594.494,131394.41,133194.341,134994.266,136794.185,138594.122,140394.047,142193.959,143993.87,145793.805,147593.724,149393.655,151193.569,152993.504,154793.443,156593.376,158393.277,160193.21,161993.13,163793.052,165592.982,167392.906,169192.831,170992.755
Temp. [°C],40.8,29.9,29.9,30,30,30.1,30,30.1,30,29.9,30,30,30,30,30,29.9,30,30,30.1,30.1,29.9,30,30,30,30.1,30.1,30,30.1,30.1,30,30,30,29.9,30.1,30,29.9,29.8,29.8,29.8,29.9,30.1,30.1,30,30.1,29.8,29.9,30,30,30,30.1,30,30,29.8,30,30,30.1,30.1,30,30.1,29.9,30,30.1,30.1,30,30,29.9,29.9,30.1,30,30,29.9,29.9,30,30,29.9,30.1,29.9,29.8,29.9,30,30,30.1,30,30,30.1,30.1,30.2,30.1,29.9,30,29.9,29.9,30.1,29.9,30,30
Mean,0.10026,0.09988,0.09996,0.10002,0.1001,0.10008,0.10018,0.10024,0.1002,0.10014,0.10014,0.10018,0.09998,0.10006,0.1,0.10004,0.09996,0.10006,0.10008,0.10016,0.10002,0.1,0.10006,0.10006,0.0999,0.1041,0.10016,0.10006,0.1,0.09986,0.10006,0.10008,0.10014,0.10004,0.10016,0.10004,0.10006,0.10012,0.10018,0.10016,0.10024,0.10022,0.10014,0.10022,0.10014,0.10024,0.10012,0.10002,0.10004,0.10014,0.10024,0.10024,0.1003,0.10034,0.10012,0.10012,0.10008,0.10002,0.10024,0.10036,0.10016,0.10014,0.10018,0.10018,0.10014,0.10004,0.10018,0.10032,0.1003,0.1003,0.1002,0.1003,0.10052,0.1004,0.10048,0.10058,0.10066,0.10046,0.10062,0.10064,0.1006,0.1006,0.1005,0.10048,0.10068,0.10082,0.10078,0.1006,0.10086,0.10084,0.10102,0.101,0.10104,0.10098,0.10104,0.10114
StDev,0.002228901,0.002564566,0.002632109,0.002673387,0.002685144,0.002695737,0.002701296,0.002737334,0.002709243,0.002791595,0.002857096,0.002752635,0.002844644,0.002768212,0.002750455,0.002829841,0.002843941,0.002803212,0.002831431,0.002719007,0.00274718,0.002786575,0.002655748,0.00277092,0.002710166,0.007842194,0.002651038,0.002654807,0.002665521,0.002612087,0.002622594,0.002598461,0.002497599,0.002610172,0.00247548,0.00235117,0.00247548,0.002418057,0.002347765,0.002322283,0.002247888,0.002264288,0.002246775,0.002179908,0.002295212,0.002162868,0.002130023,0.002175316,0.002204087,0.002082787,0.002015688,0.001950128,0.001991231,0.001879628,0.002007984,0.00196901,0.001925357,0.001990477,0.001862257,0.001809143,0.001847431,0.001807761,0.001776795,0.001822635,0.00182291,0.00174442,0.001771158,0.001749857,0.001824829,0.001798611,0.001838478,0.001860108,0.001893938,0.001837117,0.001938298,0.002065672,0.002116129,0.001917811,0.002167256,0.002222161,0.002242766,0.002123676,0.00211542,0.002192487,0.002402499,0.002612853,0.002544995,0.002524876,0.002666083,0.002666083,0.003034304,0.002979094,0.002966985,0.003090631,0.003159589,0.003468141
1;2,0.1027,0.1025,0.1026,0.1027,0.103,0.1028,0.1031,0.1032,0.1032,0.1031,0.1033,0.1031,0.103,0.1031,0.1032,0.1031,0.1032,0.1032,0.1033,0.1033,0.1032,0.1032,0.1032,0.1032,0.103,0.1031,0.1032,0.1032,0.1031,0.1029,0.103,0.103,0.103,0.103,0.103,0.1028,0.1029,0.1028,0.1028,0.1028,0.1028,0.1027,0.1026,0.1026,0.1025,0.1025,0.1024,0.1023,0.1023,0.1022,0.1022,0.102,0.1021,0.102,0.102,0.1019,0.1017,0.1017,0.1018,0.1017,0.1016,0.1015,0.1015,0.1014,0.1013,0.1011,0.1012,0.1013,0.1012,0.1011,0.101,0.101,0.101,0.1009,0.101,0.1009,0.1009,0.1007,0.1009,0.1008,0.1007,0.1006,0.1005,0.1005,0.1004,0.1005,0.1005,0.1003,0.1004,0.1004,0.1003,0.1002,0.1004,0.1002,0.1003,0.1001
2;1,0.0987,0.0988,0.0988,0.0988,0.0988,0.0988,0.0987,0.0989,0.0987,0.0989,0.0985,0.0988,0.0986,0.0986,0.0987,0.0987,0.0985,0.0987,0.0987,0.0987,0.0984,0.0986,0.0987,0.0986,0.0987,0.0986,0.0986,0.0986,0.0986,0.0984,0.0988,0.0989,0.0986,0.0986,0.0987,0.0986,0.0986,0.0986,0.0986,0.0986,0.0987,0.0986,0.0986,0.0986,0.0986,0.0987,0.0986,0.0985,0.0985,0.0986,0.0987,0.0987,0.0986,0.0987,0.0988,0.0988,0.0988,0.0986,0.0988,0.0988,0.0987,0.0987,0.0987,0.0986,0.0987,0.0986,0.0987,0.0988,0.0987,0.0987,0.0986,0.0986,0.0988,0.0988,0.0987,0.0987,0.0988,0.0988,0.0987,0.0987,0.0986,0.0989,0.0987,0.0986,0.0987,0.0987,0.0987,0.0986,0.0988,0.0987,0.0988,0.0988,0.0988,0.0988,0.0988,0.0987
2;2,0.1027,0.1026,0.1028,0.1029,0.1028,0.103,0.1029,0.103,0.1029,0.103,0.103,0.103,0.1029,0.1029,0.1026,0.1029,0.1027,0.1028,0.1028,0.1028,0.1027,0.1027,0.1026,0.1028,0.1025,0.1026,0.1028,0.1026,0.1026,0.1024,0.1027,0.1027,0.1027,0.1027,0.1027,0.1024,0.1026,0.1027,0.1027,0.1026,0.1026,0.1027,0.1026,0.1026,0.1028,0.1027,0.1025,0.1025,0.1026,0.1026,0.1026,0.1026,0.1027,0.1026,0.1026,0.1026,0.1026,0.1026,0.1026,0.1026,0.1025,0.1025,0.1025,0.1025,0.1026,0.1024,0.1025,0.1025,0.1026,0.1025,0.1024,0.1024,0.1026,0.1025,0.1025,0.1026,0.1026,0.1024,0.1026,0.1025,0.1025,0.1025,0.1024,0.1024,0.1025,0.1024,0.1024,0.1022,0.1024,0.1025,0.1025,0.1025,0.1025,0.1024,0.1024,0.1025
2;3,0.0987,0.0987,0.0988,0.0989,0.099,0.0989,0.0992,0.0991,0.0991,0.0989,0.099,0.0991,0.0988,0.0987,0.0986,0.0988,0.0987,0.0988,0.0988,0.0988,0.0987,0.0986,0.0985,0.0987,0.0985,0.0986,0.0988,0.0986,0.0985,0.0985,0.0986,0.0985,0.0986,0.0985,0.0985,0.0984,0.0984,0.0986,0.0984,0.0985,0.0985,0.0985,0.0984,0.0984,0.0984,0.0984,0.0984,0.0983,0.0983,0.0983,0.0983,0.0983,0.0984,0.0985,0.0984,0.0984,0.0984,0.0982,0.0984,0.0984,0.0982,0.0983,0.0984,0.0982,0.0982,0.0982,0.0982,0.0983,0.0982,0.0982,0.098,0.0981,0.0983,0.0982,0.0982,0.0982,0.0982,0.0982,0.0981,0.0981,0.0981,0.0981,0.0981,0.098,0.0981,0.0981,0.0981,0.0979,0.0981,0.0981,0.098,0.0981,0.0981,0.0979,0.0979,0.0979
3;2,0.0985,0.0968,0.0968,0.0968,0.0969,0.0969,0.097,0.097,0.0971,0.0968,0.0969,0.0969,0.0966,0.097,0.0969,0.0967,0.0967,0.0968,0.0968,0.0972,0.0971,0.0969,0.0973,0.097,0.0968,0.1176,0.0974,0.0973,0.0972,0.0971,0.0972,0.0973,0.0978,0.0974,0.0979,0.098,0.0978,0.0979,0.0984,0.0983,0.0986,0.0986,0.0985,0.0989,0.0984,0.0989,0.0987,0.0985,0.0985,0.099,0.0994,0.0996,0.0997,0.0999,0.0988,0.0989,0.0989,0.099,0.0996,0.1003,0.0998,0.0997,0.0998,0.1002,0.0999,0.0999,0.1003,0.1007,0.1008,0.101,0.101,0.1014,0.1019,0.1016,0.102,0.1025,0.1028,0.1022,0.1028,0.1031,0.1031,0.1029,0.1028,0.1029,0.1037,0.1044,0.1042,0.104,0.1046,0.1045,0.1055,0.1054,0.1054,0.1056,0.1058,0.1065
,,,,,,,,,,,,,,,,,,,,,,,,,,,,,,,,,,,,,,,,,,,,,,,,,,,,,,,,,,,,,,,,,,,,,,,,,,,,,,,,,,,,,,,,,,,,,,,,
Cycles / Well,,,,,,,,,,,,,,,,,,,,,,,,,,,,,,,,,,,,,,,,,,,,,,,,,,,,,,,,,,,,,,,,,,,,,,,,,,,,,,,,,,,,,,,,,,,,,,,,
B1,1,2,3,4,5,6,7,8,9,10,11,12,13,14,15,16,17,18,19,20,21,22,23,24,25,26,27,28,29,30,31,32,33,34,35,36,37,38,39,40,41,42,43,44,45,46,47,48,49,50,51,52,53,54,55,56,57,58,59,60,61,62,63,64,65,66,67,68,69,70,71,72,73,74,75,76,77,78,79,80,81,82,83,84,85,86,87,88,89,90,91,92,93,94,95,96
Time [s],0,1799.804,3599.705,5399.641,7199.561,8999.49,10799.409,12599.333,14399.26,16199.194,17999.109,19799.039,21598.958,23398.892,25198.808,26998.725,28798.661,30598.589,32398.489,34198.443,35998.374,37798.286,39598.224,41398.149,43198.081,44997.99,46797.917,48597.842,50397.765,52197.702,53997.621,55797.552,57597.468,59397.391,61197.317,62997.249,64797.163,66597.084,68397.028,70196.935,71996.864,73796.783,75596.71,77396.649,79196.565,80996.494,82796.414,84596.354,86396.27,88196.204,89996.112,91796.061,93595.971,95395.897,97195.829,98995.747,100795.679,102595.601,104395.534,106195.445,107995.377,109795.307,111595.236,113395.157,115195.076,116995.019,118794.937,120594.848,122394.785,124194.722,125994.648,127794.579,129594.494,131394.41,133194.341,134994.266,136794.185,138594.122,140394.047,142193.959,143993.87,145793.805,147593.724,149393.655,151193.569,152993.504,154793.443,156593.376,158393.277,160193.21,161993.13,163793.052,165592.982,167392.906,169192.831,170992.755
Temp. [°C],40.8,29.9,29.9,30,30,30.1,30,30.1,30,29.9,30,30,30,30,30,29.9,30,30,30.1,30.1,29.9,30,30,30,30.1,30.1,30,30.1,30.1,30,30,30,29.9,30.1,30,29.9,29.8,29.8,29.8,29.9,30.1,30.1,30,30.1,29.8,29.9,30,30,30,30.1,30,30,29.8,30,30,30.1,30.1,30,30.1,29.9,30,30.1,30.1,30,30,29.9,29.9,30.1,30,30,29.9,29.9,30,30,29.9,30.1,29.9,29.8,29.9,30,30,30.1,30,30,30.1,30.1,30.2,30.1,29.9,30,29.9,29.9,30.1,29.9,30,30
Mean,0.09984,0.1037,0.1001,0.10014,0.10024,0.10026,0.10018,0.1003,0.10028,0.10018,0.10044,0.10022,0.10012,0.10014,0.09996,0.10016,0.1,0.10014,0.1002,0.10008,0.09988,0.09982,0.09992,0.09998,0.09964,0.09998,0.0999,0.0999,0.09972,0.09952,0.09982,0.09982,0.0998,0.0997,0.09976,0.09968,0.09972,0.09964,0.09968,0.09968,0.09968,0.09964,0.09962,0.0996,0.09952,0.09962,0.09958,0.09944,0.09952,0.09954,0.09952,0.09952,0.0996,0.09956,0.09952,0.0995,0.09954,0.0994,0.0996,0.09958,0.09948,0.09958,0.09952,0.09946,0.09942,0.09952,0.09964,0.09964,0.09964,0.09958,0.09952,0.09956,0.09976,0.09968,0.09976,0.09972,0.0998,0.09976,0.09982,0.09978,0.09976,0.0998,0.0997,0.09974,0.09988,0.0999,0.09994,0.09984,0.10004,0.10004,0.09992,0.10008,0.1001,0.10016,0.1001,0.10008
StDev,0.002070749,0.006846167,0.002258318,0.002275522,0.002322283,0.002422396,0.002353083,0.002298913,0.002218558,0.002331738,0.002407904,0.002391025,0.002357329,0.002358601,0.002403747,0.002443972,0.002437212,0.002486564,0.002523886,0.002478306,0.002591718,0.002374237,0.002476288,0.002529229,0.002471437,0.002420124,0.00250699,0.00249299,0.002459065,0.002534167,0.002552842,0.002639508,0.002604803,0.002620115,0.00256963,0.002603267,0.002581085,0.002602499,0.002562616,0.002601346,0.002646129,0.002630209,0.002692025,0.002664583,0.002676191,0.002641401,0.002669644,0.002704256,0.002680858,0.002709797,0.002688308,0.002730751,0.002743173,0.002742809,0.002785139,0.0028,0.002850088,0.002841654,0.002744995,0.002762607,0.002901207,0.002768935,0.002827897,0.00284921,0.002875239,0.002840246,0.002824535,0.002737334,0.002837781,0.002877846,0.00280927,0.002818333,0.002804996,0.002863913,0.002824535,0.002803926,0.002744995,0.002818333,0.002817268,0.002854295,0.002813006,0.002839014,0.002802677,0.002828957,0.002849035,0.002857446,0.002863215,0.002855346,0.002788907,0.00278801,0.002842886,0.002843765,0.002853945,0.002828957,0.002847806,0.002863913
1;2,0.1019,0.103,0.1027,0.1028,0.103,0.1032,0.1031,0.1031,0.1031,0.103,0.1034,0.1031,0.1032,0.103,0.103,0.1034,0.103,0.1033,0.1033,0.1032,0.1032,0.1029,0.1031,0.1032,0.1028,0.1031,0.1031,0.1031,0.1029,0.1028,0.1031,0.1032,0.1032,0.1031,0.1031,0.103,0.1031,0.103,0.103,0.1031,0.1031,0.103,0.1031,0.103,0.1029,0.103,0.103,0.1029,0.103,0.103,0.103,0.103,0.1031,0.1031,0.103,0.103,0.1031,0.1029,0.103,0.103,0.1031,0.103,0.103,0.103,0.1029,0.103,0.1031,0.1029,0.1031,0.1031,0.1029,0.1029,0.1031,0.1031,0.1031,0.103,0.1029,0.103,0.1031,0.1031,0.1029,0.1031,0.1029,0.1029,0.103,0.103,0.103,0.1029,0.103,0.103,0.1029,0.1029,0.103,0.103,0.1029,0.1029
2;1,0.101,0.101,0.1009,0.1008,0.1009,0.1008,0.1006,0.1005,0.1005,0.1005,0.1005,0.1004,0.1001,0.1001,0.0999,0.0998,0.0999,0.0999,0.0999,0.0997,0.0994,0.0993,0.0993,0.0995,0.0989,0.0993,0.099,0.0991,0.0988,0.0985,0.0989,0.0987,0.0987,0.0984,0.0986,0.0983,0.0983,0.0981,0.0982,0.098,0.098,0.0979,0.0978,0.0977,0.0976,0.0977,0.0975,0.0974,0.0974,0.0973,0.0973,0.0972,0.0973,0.0972,0.097,0.0969,0.097,0.0968,0.097,0.097,0.0968,0.0969,0.0968,0.0966,0.0966,0.0966,0.0967,0.0967,0.0966,0.0966,0.0965,0.0965,0.0966,0.0965,0.0965,0.0965,0.0966,0.0965,0.0964,0.0965,0.0964,0.0965,0.0964,0.0964,0.0963,0.0964,0.0964,0.0963,0.0965,0.0965,0.0963,0.0964,0.0965,0.0965,0.0964,0.0963
2;2,0.1009,0.102,0.1013,0.1014,0.1015,0.1016,0.1015,0.1017,0.1015,0.1016,0.1021,0.1018,0.1015,0.1018,0.1015,0.1017,0.1017,0.1018,0.1021,0.1019,0.1017,0.1015,0.1017,0.1018,0.1015,0.1018,0.1019,0.1018,0.1016,0.1015,0.1018,0.1019,0.1018,0.1018,0.1018,0.1018,0.1018,0.1018,0.1018,0.1018,0.1019,0.1019,0.1019,0.1019,0.1019,0.1019,0.1019,0.1018,0.1018,0.1019,0.1018,0.1019,0.102,0.1019,0.102,0.102,0.1021,0.102,0.1021,0.1021,0.1021,0.1021,0.1021,0.102,0.1021,0.1021,0.1022,0.1022,0.1022,0.1022,0.1021,0.1022,0.1023,0.1023,0.1023,0.1023,0.1024,0.1024,0.1023,0.1024,0.1024,0.1024,0.1023,0.1024,0.1024,0.1025,0.1026,0.1024,0.1025,0.1024,0.1025,0.1026,0.1027,0.1025,0.1026,0.1025
2;3,0.0985,0.1153,0.0985,0.0986,0.0986,0.0986,0.0985,0.099,0.0989,0.0987,0.0987,0.0987,0.0986,0.0987,0.0985,0.0987,0.0985,0.0987,0.0986,0.0985,0.0984,0.0984,0.0986,0.0985,0.0983,0.0985,0.0984,0.0985,0.0984,0.0981,0.0984,0.0985,0.0984,0.0983,0.0983,0.0985,0.0983,0.0983,0.0983,0.0983,0.0983,0.0983,0.0982,0.0983,0.0981,0.0983,0.0982,0.098,0.0981,0.0982,0.0982,0.0982,0.0982,0.0982,0.0983,0.0982,0.0982,0.0981,0.0982,0.0982,0.098,0.0982,0.0982,0.0981,0.0981,0.0981,0.0981,0.0982,0.0981,0.098,0.0979,0.098,0.0981,0.0981,0.0981,0.0981,0.0981,0.0981,0.0982,0.098,0.098,0.0981,0.098,0.0979,0.098,0.0979,0.098,0.0978,0.0981,0.098,0.098,0.098,0.098,0.098,0.098,0.098
3;2,0.0969,0.0972,0.0971,0.0971,0.0972,0.0971,0.0972,0.0972,0.0974,0.0971,0.0975,0.0971,0.0972,0.0971,0.0969,0.0972,0.0969,0.097,0.0971,0.0971,0.0967,0.097,0.0969,0.0969,0.0967,0.0972,0.0971,0.097,0.0969,0.0967,0.0969,0.0968,0.0969,0.0969,0.097,0.0968,0.0971,0.097,0.0971,0.0972,0.0971,0.0971,0.0971,0.0971,0.0971,0.0972,0.0973,0.0971,0.0973,0.0973,0.0973,0.0973,0.0974,0.0974,0.0973,0.0974,0.0973,0.0972,0.0977,0.0976,0.0974,0.0977,0.0975,0.0976,0.0974,0.0978,0.0981,0.0982,0.0982,0.098,0.0982,0.0982,0.0987,0.0984,0.0988,0.0987,0.099,0.0988,0.0991,0.0989,0.0991,0.0989,0.0989,0.0991,0.0997,0.0997,0.0997,0.0998,0.1001,0.1003,0.0999,0.1005,0.1003,0.1008,0.1006,0.1007
,,,,,,,,,,,,,,,,,,,,,,,,,,,,,,,,,,,,,,,,,,,,,,,,,,,,,,,,,,,,,,,,,,,,,,,,,,,,,,,,,,,,,,,,,,,,,,,,
Cycles / Well,,,,,,,,,,,,,,,,,,,,,,,,,,,,,,,,,,,,,,,,,,,,,,,,,,,,,,,,,,,,,,,,,,,,,,,,,,,,,,,,,,,,,,,,,,,,,,,,
B2,1,2,3,4,5,6,7,8,9,10,11,12,13,14,15,16,17,18,19,20,21,22,23,24,25,26,27,28,29,30,31,32,33,34,35,36,37,38,39,40,41,42,43,44,45,46,47,48,49,50,51,52,53,54,55,56,57,58,59,60,61,62,63,64,65,66,67,68,69,70,71,72,73,74,75,76,77,78,79,80,81,82,83,84,85,86,87,88,89,90,91,92,93,94,95,96
Time [s],0,1799.804,3599.705,5399.641,7199.561,8999.49,10799.409,12599.333,14399.26,16199.194,17999.109,19799.039,21598.958,23398.892,25198.808,26998.725,28798.661,30598.589,32398.489,34198.443,35998.374,37798.286,39598.224,41398.149,43198.081,44997.99,46797.917,48597.842,50397.765,52197.702,53997.621,55797.552,57597.468,59397.391,61197.317,62997.249,64797.163,66597.084,68397.028,70196.935,71996.864,73796.783,75596.71,77396.649,79196.565,80996.494,82796.414,84596.354,86396.27,88196.204,89996.112,91796.061,93595.971,95395.897,97195.829,98995.747,100795.679,102595.601,104395.534,106195.445,107995.377,109795.307,111595.236,113395.157,115195.076,116995.019,118794.937,120594.848,122394.785,124194.722,125994.648,127794.579,129594.494,131394.41,133194.341,134994.266,136794.185,138594.122,140394.047,142193.959,143993.87,145793.805,147593.724,149393.655,151193.569,152993.504,154793.443,156593.376,158393.277,160193.21,161993.13,163793.052,165592.982,167392.906,169192.831,170992.755
Temp. [°C],40.8,29.9,29.9,30,30,30.1,30,30.1,30,29.9,30,30,30,30,30,29.9,30,30,30.1,30.1,29.9,30,30,30,30.1,30.1,30,30.1,30.1,30,30,30,29.9,30.1,30,29.9,29.8,29.8,29.8,29.9,30.1,30.1,30,30.1,29.8,29.9,30,30,30,30.1,30,30,29.8,30,30,30.1,30.1,30,30.1,29.9,30,30.1,30.1,30,30,29.9,29.9,30.1,30,30,29.9,29.9,30,30,29.9,30.1,29.9,29.8,29.9,30,30,30.1,30,30,30.1,30.1,30.2,30.1,29.9,30,29.9,29.9,30.1,29.9,30,30
Mean,0.12084,0.14718,0.1701,0.1351,0.13602,0.14338,0.15204,0.16262,0.1744,0.19044,0.21138,0.238,0.27212,0.31646,0.37026,0.43536,0.51836,0.6229,0.59362,0.70158,0.8196,0.93546,1.03566,1.11936,1.18594,1.23808,1.27942,1.31218,1.3378,1.35646,1.37042,1.38192,1.39032,1.39604,1.4,1.40252,1.40392,1.40568,1.4068,1.4084,1.40882,1.41024,1.41136,1.4124,1.41432,1.4162,1.41798,1.41966,1.4216,1.42334,1.42566,1.42738,1.42932,1.43104,1.4329,1.43482,1.43644,1.43746,1.43928,1.44066,1.44238,1.44378,1.44532,1.44662,1.44808,1.44926,1.4513,1.45304,1.4543,1.45558,1.45652,1.45816,1.45944,1.46112,1.46244,1.46392,1.46552,1.46638,1.46788,1.46896,1.47,1.47086,1.4722,1.4731,1.47458,1.47566,1.47696,1.47806,1.47922,1.48064,1.4819,1.48256,1.48436,1.48492,1.4868,1.4869
StDev,0.005559496,0.007249966,0.00927847,0.013235558,0.007910563,0.009291771,0.010657063,0.012525454,0.013997321,0.015984148,0.018044861,0.020640252,0.024353172,0.030260915,0.037443798,0.04621199,0.056737404,0.067107302,0.048158561,0.053120683,0.055409385,0.057580448,0.055566789,0.053294962,0.05041347,0.048351391,0.047547786,0.04600388,0.043870434,0.042882141,0.041666017,0.040950604,0.039065355,0.038403555,0.037074857,0.03704122,0.036875154,0.036589507,0.036509451,0.036679149,0.036018426,0.036163559,0.03588221,0.035710433,0.035738103,0.035605477,0.035493478,0.035623068,0.034933723,0.035137558,0.035093703,0.035070458,0.035181558,0.034872238,0.034696398,0.034753158,0.034552757,0.034486708,0.034060344,0.034082444,0.034360544,0.034019289,0.033807055,0.03425897,0.033953822,0.033444402,0.033165569,0.033080704,0.032690442,0.033021236,0.032536549,0.032077453,0.031617211,0.031904341,0.031923393,0.031872669,0.031866707,0.031369523,0.031248152,0.031113711,0.031058735,0.030849846,0.031059862,0.031206089,0.030968161,0.030858759,0.030871718,0.030681721,0.030517814,0.030158299,0.030335458,0.029962777,0.030353797,0.029656062,0.029719102,0.029734155
1;2,0.1175,0.1416,0.1628,0.1277,0.1314,0.1377,0.1458,0.1555,0.1675,0.1838,0.2064,0.2371,0.2766,0.3285,0.3914,0.4658,0.5614,0.6726,0.6336,0.7465,0.8669,0.9866,1.0869,1.1693,1.2329,1.2834,1.3242,1.3557,1.3785,1.3958,1.4089,1.4191,1.4259,1.4304,1.4331,1.4352,1.4374,1.4391,1.4395,1.4413,1.4418,1.443,1.4442,1.4449,1.4469,1.4487,1.4509,1.4529,1.4545,1.4558,1.4586,1.4603,1.4625,1.4639,1.4651,1.4668,1.4684,1.4692,1.4706,1.4722,1.4737,1.4753,1.4764,1.4789,1.48,1.4806,1.4819,1.4838,1.4843,1.4862,1.4869,1.4878,1.4891,1.491,1.4922,1.4936,1.4951,1.4948,1.4957,1.4985,1.4984,1.4993,1.5007,1.5016,1.5029,1.5038,1.505,1.5057,1.5067,1.5084,1.5093,1.5106,1.5115,1.5119,1.514,1.5142
2;1,0.1224,0.1502,0.1756,0.1367,0.144,0.1528,0.1637,0.1769,0.1917,0.211,0.2357,0.2669,0.3066,0.3584,0.4193,0.4921,0.5781,0.6745,0.6521,0.764,0.8831,0.9982,1.0939,1.1736,1.2378,1.2879,1.3286,1.3595,1.3842,1.4022,1.4152,1.4271,1.4336,1.4394,1.4421,1.4453,1.4457,1.4471,1.4487,1.4505,1.4498,1.4516,1.4525,1.4534,1.4554,1.4569,1.4584,1.4603,1.461,1.4637,1.4654,1.4672,1.4691,1.4705,1.4725,1.4749,1.4762,1.4771,1.4786,1.4796,1.4821,1.4825,1.4841,1.4854,1.4865,1.4873,1.4894,1.4909,1.4919,1.4935,1.4937,1.4951,1.4955,1.4976,1.4991,1.5006,1.5022,1.5029,1.5046,1.5048,1.5062,1.5066,1.5083,1.5096,1.5107,1.5118,1.5131,1.5141,1.5152,1.5158,1.5176,1.5169,1.5204,1.5195,1.5213,1.5214
2;2,0.1191,0.1464,0.1686,0.1323,0.1323,0.1387,0.1467,0.1559,0.1664,0.181,0.2007,0.2269,0.2611,0.3063,0.3632,0.4323,0.5283,0.6636,0.5864,0.6964,0.8165,0.9342,1.0347,1.1206,1.1868,1.2386,1.279,1.312,1.3369,1.3555,1.3678,1.3783,1.3857,1.3913,1.3944,1.3961,1.3972,1.3991,1.3998,1.4015,1.4017,1.4032,1.4036,1.4052,1.4065,1.4091,1.4101,1.4112,1.4139,1.4152,1.4181,1.4194,1.4214,1.4232,1.4255,1.4268,1.4283,1.4298,1.4314,1.4335,1.435,1.4369,1.4384,1.4393,1.4411,1.442,1.4443,1.4458,1.4476,1.4484,1.4494,1.4512,1.4522,1.4539,1.4552,1.4565,1.4582,1.4597,1.4613,1.46,1.4625,1.4636,1.465,1.4656,1.4672,1.4683,1.4699,1.4713,1.4721,1.4733,1.475,1.4759,1.477,1.4785,1.4804,1.4804
2;3,0.1155,0.1398,0.1605,0.1221,0.1275,0.1338,0.1408,0.1496,0.1596,0.1731,0.1907,0.2122,0.2401,0.2759,0.3198,0.3727,0.4396,0.528,0.5433,0.6425,0.7557,0.8656,0.9665,1.0531,1.1238,1.1793,1.2216,1.2563,1.2854,1.305,1.3201,1.3333,1.3435,1.3508,1.3558,1.3589,1.3602,1.3629,1.3637,1.3654,1.3671,1.3681,1.3703,1.3717,1.3733,1.3753,1.3776,1.3796,1.3822,1.384,1.3866,1.3883,1.3901,1.3922,1.3943,1.3962,1.3981,1.3989,1.4015,1.4027,1.4041,1.4057,1.4078,1.4091,1.4109,1.4126,1.415,1.4168,1.4183,1.4198,1.4212,1.4235,1.4249,1.4267,1.4282,1.4297,1.431,1.4321,1.4334,1.4361,1.4362,1.4375,1.4388,1.4398,1.4412,1.4429,1.444,1.4453,1.4467,1.4488,1.45,1.4509,1.4521,1.4533,1.4551,1.4554
3;2,0.1297,0.1579,0.183,0.1567,0.1449,0.1539,0.1632,0.1752,0.1868,0.2033,0.2234,0.2469,0.2762,0.3132,0.3576,0.4139,0.4844,0.5758,0.5527,0.6585,0.7758,0.8927,0.9963,1.0802,1.1484,1.2012,1.2437,1.2774,1.304,1.3238,1.3401,1.3518,1.3629,1.3683,1.3746,1.3771,1.3791,1.3802,1.3823,1.3833,1.3837,1.3853,1.3862,1.3868,1.3895,1.391,1.3929,1.3943,1.3964,1.398,1.3996,1.4017,1.4035,1.4054,1.4071,1.4094,1.4112,1.4123,1.4143,1.4153,1.417,1.4185,1.4199,1.4204,1.4219,1.4238,1.4259,1.4279,1.4294,1.43,1.4314,1.4332,1.4355,1.4364,1.4375,1.4392,1.4411,1.4424,1.4444,1.4454,1.4467,1.4473,1.4482,1.4489,1.4509,1.4515,1.4528,1.4539,1.4554,1.4569,1.4576,1.4585,1.4608,1.4614,1.4632,1.4631
,,,,,,,,,,,,,,,,,,,,,,,,,,,,,,,,,,,,,,,,,,,,,,,,,,,,,,,,,,,,,,,,,,,,,,,,,,,,,,,,,,,,,,,,,,,,,,,,
Cycles / Well,,,,,,,,,,,,,,,,,,,,,,,,,,,,,,,,,,,,,,,,,,,,,,,,,,,,,,,,,,,,,,,,,,,,,,,,,,,,,,,,,,,,,,,,,,,,,,,,
B3,1,2,3,4,5,6,7,8,9,10,11,12,13,14,15,16,17,18,19,20,21,22,23,24,25,26,27,28,29,30,31,32,33,34,35,36,37,38,39,40,41,42,43,44,45,46,47,48,49,50,51,52,53,54,55,56,57,58,59,60,61,62,63,64,65,66,67,68,69,70,71,72,73,74,75,76,77,78,79,80,81,82,83,84,85,86,87,88,89,90,91,92,93,94,95,96
Time [s],0,1799.804,3599.705,5399.641,7199.561,8999.49,10799.409,12599.333,14399.26,16199.194,17999.109,19799.039,21598.958,23398.892,25198.808,26998.725,28798.661,30598.589,32398.489,34198.443,35998.374,37798.286,39598.224,41398.149,43198.081,44997.99,46797.917,48597.842,50397.765,52197.702,53997.621,55797.552,57597.468,59397.391,61197.317,62997.249,64797.163,66597.084,68397.028,70196.935,71996.864,73796.783,75596.71,77396.649,79196.565,80996.494,82796.414,84596.354,86396.27,88196.204,89996.112,91796.061,93595.971,95395.897,97195.829,98995.747,100795.679,102595.601,104395.534,106195.445,107995.377,109795.307,111595.236,113395.157,115195.076,116995.019,118794.937,120594.848,122394.785,124194.722,125994.648,127794.579,129594.494,131394.41,133194.341,134994.266,136794.185,138594.122,140394.047,142193.959,143993.87,145793.805,147593.724,149393.655,151193.569,152993.504,154793.443,156593.376,158393.277,160193.21,161993.13,163793.052,165592.982,167392.906,169192.831,170992.755
Temp. [°C],40.8,29.9,29.9,30,30,30.1,30,30.1,30,29.9,30,30,30,30,30,29.9,30,30,30.1,30.1,29.9,30,30,30,30.1,30.1,30,30.1,30.1,30,30,30,29.9,30.1,30,29.9,29.8,29.8,29.8,29.9,30.1,30.1,30,30.1,29.8,29.9,30,30,30,30.1,30,30,29.8,30,30,30.1,30.1,30,30.1,29.9,30,30.1,30.1,30,30,29.9,29.9,30.1,30,30,29.9,29.9,30,30,29.9,30.1,29.9,29.8,29.9,30,30,30.1,30,30,30.1,30.1,30.2,30.1,29.9,30,29.9,29.9,30.1,29.9,30,30
Mean,0.12266,0.1409,0.15746,0.12596,0.12986,0.13534,0.1429,0.1528,0.16416,0.17942,0.19926,0.22468,0.25702,0.29724,0.34656,0.4048,0.47248,0.54926,0.6366,0.73312,0.8359,0.93666,1.02906,1.10742,1.1712,1.22278,1.26184,1.2939,1.31798,1.33584,1.34954,1.35992,1.36908,1.37458,1.37812,1.38056,1.38224,1.38362,1.38508,1.3863,1.3874,1.38864,1.39006,1.39114,1.39326,1.39484,1.39708,1.39878,1.40088,1.4033,1.4059,1.40782,1.40984,1.41188,1.41426,1.41642,1.41806,1.41936,1.42154,1.42302,1.42464,1.42656,1.42866,1.43006,1.43178,1.43344,1.43534,1.43692,1.43836,1.43996,1.4411,1.44302,1.44458,1.44616,1.4477,1.44924,1.45086,1.45228,1.4535,1.45496,1.45618,1.45722,1.4588,1.45988,1.46186,1.46326,1.46428,1.4656,1.46714,1.46808,1.46936,1.47094,1.47226,1.47278,1.475,1.47504
StDev,0.00618975,0.008830345,0.011558244,0.006900942,0.008344639,0.009461659,0.011104278,0.013329291,0.015047857,0.018092733,0.021217399,0.025465702,0.030356416,0.035187967,0.039827792,0.043819288,0.047685082,0.050911227,0.054808713,0.058255489,0.059625582,0.05835159,0.05575126,0.052740468,0.049651536,0.047875589,0.045365769,0.043865134,0.042675836,0.041421468,0.040519785,0.039708463,0.039420578,0.038136951,0.037742509,0.037478234,0.037213479,0.037071175,0.037585729,0.0372939,0.037567406,0.037424898,0.036870693,0.037115401,0.036614519,0.036808056,0.036471729,0.036838119,0.036493862,0.036535531,0.036118693,0.036072178,0.035582341,0.035223955,0.035274041,0.035653289,0.035650498,0.035139622,0.035089215,0.0347225,0.034552178,0.034559051,0.034393575,0.034391685,0.03470219,0.034439991,0.034248401,0.034101642,0.034078996,0.03395148,0.033891813,0.033588644,0.033498537,0.033440066,0.033359781,0.033246398,0.033129413,0.033129549,0.032702599,0.032941661,0.032686572,0.032700948,0.032557488,0.032719215,0.032523422,0.032238068,0.031862784,0.031841875,0.031519407,0.031241431,0.031183457,0.031087023,0.031807672,0.030870164,0.030950525,0.030789089
1;2,0.1175,0.133,0.1487,0.1209,0.1231,0.1278,0.1343,0.1429,0.1535,0.1673,0.1868,0.2118,0.2441,0.2857,0.3376,0.4001,0.4741,0.5589,0.6556,0.7612,0.8702,0.975,1.0682,1.1451,1.2086,1.2602,1.2994,1.3308,1.3551,1.3723,1.3869,1.3968,1.4055,1.4103,1.4136,1.4172,1.4179,1.4204,1.4221,1.4231,1.4249,1.4263,1.4269,1.4289,1.4308,1.4331,1.4351,1.4375,1.4391,1.4418,1.4435,1.4459,1.4478,1.4494,1.4525,1.4549,1.4568,1.4578,1.4597,1.4612,1.4626,1.4651,1.467,1.469,1.4716,1.4728,1.4743,1.4759,1.4774,1.4787,1.4793,1.4815,1.4828,1.4841,1.4857,1.4872,1.4891,1.4902,1.492,1.494,1.4936,1.4951,1.4967,1.4977,1.4997,1.5013,1.5018,1.5033,1.5042,1.5052,1.5063,1.5083,1.5104,1.5092,1.5117,1.5115
2;1,0.1263,0.1458,0.1646,0.1313,0.1361,0.1426,0.1524,0.1641,0.1777,0.1952,0.219,0.2501,0.2888,0.334,0.3871,0.4471,0.5145,0.5897,0.6749,0.7699,0.8734,0.9724,1.0647,1.1427,1.2035,1.2541,1.2906,1.322,1.3452,1.3632,1.376,1.3861,1.3954,1.4002,1.4044,1.4069,1.4087,1.4096,1.4116,1.4134,1.4141,1.4154,1.4165,1.4177,1.4195,1.4204,1.4231,1.4243,1.4267,1.4293,1.4315,1.4332,1.4347,1.4365,1.4382,1.4409,1.4428,1.4438,1.4463,1.4466,1.4488,1.4503,1.4524,1.4533,1.4554,1.457,1.4588,1.4597,1.4615,1.463,1.4643,1.466,1.4672,1.4691,1.4704,1.4716,1.473,1.4747,1.4749,1.4772,1.4788,1.4793,1.4808,1.4822,1.4837,1.4845,1.4856,1.4868,1.4884,1.4886,1.4898,1.4904,1.493,1.4937,1.4957,1.4957
2;2,0.1202,0.1377,0.1533,0.1212,0.1243,0.1287,0.1349,0.1431,0.1531,0.1667,0.1852,0.2091,0.24,0.2796,0.3294,0.3896,0.4606,0.5418,0.6326,0.7327,0.8372,0.938,1.0303,1.1094,1.1712,1.2226,1.262,1.2946,1.3176,1.3353,1.3473,1.3569,1.3665,1.371,1.3727,1.3743,1.3756,1.3766,1.3784,1.3786,1.3795,1.3808,1.3821,1.383,1.3852,1.3865,1.3884,1.3901,1.3935,1.3951,1.3983,1.4,1.4019,1.4044,1.4064,1.4084,1.4098,1.4112,1.4131,1.4154,1.4163,1.4187,1.4208,1.4228,1.4238,1.4251,1.4274,1.4294,1.4305,1.4326,1.4339,1.4351,1.4376,1.4389,1.4403,1.4424,1.4442,1.4452,1.4458,1.4461,1.4487,1.4499,1.4513,1.4525,1.4544,1.4559,1.4569,1.4582,1.4601,1.4608,1.4625,1.4643,1.4639,1.4653,1.468,1.4673
2;3,0.1176,0.1341,0.1467,0.121,0.1244,0.1293,0.1355,0.1436,0.1532,0.1651,0.1799,0.1985,0.2228,0.2539,0.2934,0.3417,0.3988,0.466,0.5438,0.6325,0.7324,0.8356,0.933,1.0168,1.0864,1.1414,1.1851,1.2199,1.2465,1.2669,1.2829,1.2949,1.3045,1.3125,1.3173,1.3211,1.323,1.3252,1.3257,1.3279,1.3286,1.3303,1.3325,1.3336,1.3367,1.338,1.3412,1.3422,1.3448,1.3475,1.3503,1.3526,1.3556,1.3581,1.3606,1.3622,1.3642,1.3665,1.3688,1.3706,1.3729,1.375,1.3774,1.379,1.3809,1.3829,1.3849,1.3865,1.3883,1.3899,1.3908,1.3938,1.3951,1.3968,1.3985,1.4001,1.4022,1.4035,1.406,1.4079,1.4084,1.4095,1.4115,1.4122,1.4145,1.4166,1.4183,1.4198,1.4217,1.4231,1.4243,1.426,1.4268,1.4285,1.4306,1.4309
3;2,0.1317,0.1539,0.174,0.1354,0.1414,0.1483,0.1574,0.1703,0.1833,0.2028,0.2254,0.2539,0.2894,0.333,0.3853,0.4455,0.5144,0.5899,0.6761,0.7693,0.8663,0.9623,1.0491,1.1231,1.1863,1.2356,1.2721,1.3022,1.3255,1.3415,1.3546,1.3649,1.3735,1.3789,1.3826,1.3833,1.386,1.3863,1.3876,1.3885,1.3899,1.3904,1.3923,1.3925,1.3941,1.3962,1.3976,1.3998,1.4003,1.4028,1.4059,1.4074,1.4092,1.411,1.4136,1.4157,1.4167,1.4175,1.4198,1.4213,1.4226,1.4237,1.4257,1.4262,1.4272,1.4294,1.4313,1.4331,1.4341,1.4356,1.4372,1.4387,1.4402,1.4419,1.4436,1.4449,1.4458,1.4478,1.4488,1.4496,1.4514,1.4523,1.4537,1.4548,1.457,1.458,1.4588,1.4599,1.4613,1.4627,1.4639,1.4657,1.4672,1.4672,1.469,1.4698
,,,,,,,,,,,,,,,,,,,,,,,,,,,,,,,,,,,,,,,,,,,,,,,,,,,,,,,,,,,,,,,,,,,,,,,,,,,,,,,,,,,,,,,,,,,,,,,,
Cycles / Well,,,,,,,,,,,,,,,,,,,,,,,,,,,,,,,,,,,,,,,,,,,,,,,,,,,,,,,,,,,,,,,,,,,,,,,,,,,,,,,,,,,,,,,,,,,,,,,,
B4,1,2,3,4,5,6,7,8,9,10,11,12,13,14,15,16,17,18,19,20,21,22,23,24,25,26,27,28,29,30,31,32,33,34,35,36,37,38,39,40,41,42,43,44,45,46,47,48,49,50,51,52,53,54,55,56,57,58,59,60,61,62,63,64,65,66,67,68,69,70,71,72,73,74,75,76,77,78,79,80,81,82,83,84,85,86,87,88,89,90,91,92,93,94,95,96
Time [s],0,1799.804,3599.705,5399.641,7199.561,8999.49,10799.409,12599.333,14399.26,16199.194,17999.109,19799.039,21598.958,23398.892,25198.808,26998.725,28798.661,30598.589,32398.489,34198.443,35998.374,37798.286,39598.224,41398.149,43198.081,44997.99,46797.917,48597.842,50397.765,52197.702,53997.621,55797.552,57597.468,59397.391,61197.317,62997.249,64797.163,66597.084,68397.028,70196.935,71996.864,73796.783,75596.71,77396.649,79196.565,80996.494,82796.414,84596.354,86396.27,88196.204,89996.112,91796.061,93595.971,95395.897,97195.829,98995.747,100795.679,102595.601,104395.534,106195.445,107995.377,109795.307,111595.236,113395.157,115195.076,116995.019,118794.937,120594.848,122394.785,124194.722,125994.648,127794.579,129594.494,131394.41,133194.341,134994.266,136794.185,138594.122,140394.047,142193.959,143993.87,145793.805,147593.724,149393.655,151193.569,152993.504,154793.443,156593.376,158393.277,160193.21,161993.13,163793.052,165592.982,167392.906,169192.831,170992.755
Temp. [°C],40.8,29.9,29.9,30,30,30.1,30,30.1,30,29.9,30,30,30,30,30,29.9,30,30,30.1,30.1,29.9,30,30,30,30.1,30.1,30,30.1,30.1,30,30,30,29.9,30.1,30,29.9,29.8,29.8,29.8,29.9,30.1,30.1,30,30.1,29.8,29.9,30,30,30,30.1,30,30,29.8,30,30,30.1,30.1,30,30.1,29.9,30,30.1,30.1,30,30,29.9,29.9,30.1,30,30,29.9,29.9,30,30,29.9,30.1,29.9,29.8,29.9,30,30,30.1,30,30,30.1,30.1,30.2,30.1,29.9,30,29.9,29.9,30.1,29.9,30,30
Mean,0.12024,0.13622,0.15068,0.12376,0.128,0.1331,0.14054,0.14994,0.16044,0.17436,0.19222,0.21572,0.24568,0.28448,0.332,0.38908,0.4552,0.53122,0.61582,0.709,0.80696,0.90104,0.98478,1.05592,1.11276,1.1575,1.19238,1.21974,1.24124,1.25536,1.26616,1.2731,1.28006,1.28502,1.28752,1.28952,1.29014,1.29178,1.2926,1.29278,1.29278,1.2932,1.29356,1.29482,1.29638,1.29764,1.29862,1.3,1.30144,1.30302,1.30574,1.30642,1.30776,1.30926,1.31144,1.3131,1.31418,1.315,1.3161,1.3174,1.31904,1.31972,1.32164,1.32258,1.32376,1.32462,1.32634,1.3277,1.32898,1.33032,1.3308,1.33268,1.33358,1.33546,1.33624,1.3376,1.33904,1.3407,1.34204,1.3425,1.3439,1.34476,1.34608,1.34742,1.34912,1.35028,1.35144,1.3526,1.35432,1.35522,1.35638,1.3573,1.35788,1.35932,1.36076,1.36074
StDev,0.00622037,0.007567827,0.009220737,0.00650715,0.007703571,0.008593602,0.010576531,0.013045421,0.015308429,0.018597796,0.022805306,0.028166949,0.034923302,0.042351057,0.050316846,0.057801531,0.065553146,0.074162369,0.081962626,0.090050097,0.096504368,0.099139462,0.098995212,0.096826995,0.092202836,0.090030828,0.087047326,0.085401423,0.083060358,0.081255664,0.079799674,0.07980661,0.078212199,0.077332509,0.076627293,0.07645634,0.076995799,0.076833014,0.076542243,0.076880732,0.077405278,0.077544697,0.077715719,0.077841262,0.078237344,0.078124855,0.078559067,0.078124772,0.07842731,0.077972091,0.078127351,0.078525295,0.078387773,0.078128279,0.077947951,0.078197155,0.078523926,0.078077301,0.078008814,0.077675962,0.077810334,0.077992641,0.077921165,0.077918528,0.07766375,0.077854428,0.077730901,0.077484289,0.077638921,0.077542485,0.077573385,0.077297426,0.077395588,0.077256734,0.077198141,0.076786001,0.076892607,0.076778643,0.076643839,0.076679169,0.076470517,0.076239412,0.07630057,0.076288348,0.076026719,0.0756301,0.075768252,0.075461215,0.075216966,0.075293871,0.075490443,0.075243903,0.075303831,0.075392122,0.075279566,0.075183595
1;2,0.1166,0.1289,0.1413,0.1197,0.1227,0.1272,0.1338,0.1421,0.1524,0.1653,0.183,0.2066,0.2376,0.279,0.331,0.3944,0.4686,0.5561,0.652,0.7587,0.8673,0.9693,1.057,1.129,1.1846,1.2291,1.2629,1.2893,1.3089,1.3228,1.3318,1.3399,1.3446,1.3495,1.3515,1.3539,1.355,1.3568,1.3575,1.3579,1.3584,1.36,1.3599,1.361,1.364,1.365,1.3669,1.3678,1.3708,1.3717,1.3743,1.3754,1.3762,1.3774,1.38,1.3813,1.3839,1.3843,1.3861,1.3872,1.3883,1.3894,1.3913,1.3922,1.3937,1.3951,1.3961,1.3979,1.3992,1.4004,1.4013,1.403,1.4043,1.4054,1.4062,1.4079,1.4093,1.4101,1.4115,1.4119,1.4137,1.4148,1.416,1.4178,1.4188,1.4196,1.421,1.4223,1.4236,1.4249,1.4265,1.4279,1.4294,1.4298,1.4309,1.4307
2;1,0.1225,0.1397,0.1573,0.1288,0.134,0.1411,0.1521,0.165,0.1799,0.1985,0.2234,0.2559,0.2971,0.3472,0.4062,0.4722,0.5476,0.6323,0.7224,0.82,0.9211,1.0134,1.0926,1.159,1.2098,1.2508,1.2823,1.3077,1.3264,1.3375,1.3476,1.3539,1.3597,1.3636,1.3667,1.3677,1.3695,1.3706,1.3712,1.3719,1.3721,1.3714,1.3729,1.3744,1.3756,1.3769,1.3779,1.379,1.3797,1.3813,1.3842,1.386,1.3874,1.3888,1.3901,1.3923,1.393,1.3938,1.3938,1.3947,1.3973,1.398,1.3997,1.4007,1.4013,1.4021,1.4042,1.4048,1.4062,1.4074,1.4079,1.4096,1.4104,1.413,1.4134,1.4133,1.4155,1.4179,1.4195,1.4194,1.4199,1.4204,1.4223,1.4229,1.4247,1.4257,1.4269,1.4275,1.429,1.4296,1.4311,1.4314,1.4311,1.4336,1.435,1.4348
2;2,0.1182,0.1335,0.1462,0.1196,0.1228,0.127,0.1329,0.1407,0.1493,0.1611,0.1762,0.1968,0.2237,0.2592,0.3045,0.36,0.426,0.5026,0.589,0.6865,0.7894,0.8876,0.9757,1.0494,1.1084,1.1544,1.19,1.2176,1.2412,1.2552,1.2652,1.2716,1.2784,1.2838,1.284,1.2867,1.2857,1.2876,1.2888,1.2885,1.2886,1.29,1.2888,1.291,1.292,1.2938,1.2943,1.2954,1.2969,1.2981,1.3017,1.3009,1.3029,1.3044,1.3072,1.3086,1.3085,1.309,1.3109,1.3128,1.3137,1.3146,1.3169,1.3176,1.3188,1.3193,1.3213,1.3228,1.3242,1.3257,1.3255,1.3274,1.3283,1.3301,1.3309,1.3331,1.3336,1.3349,1.3358,1.3362,1.3385,1.3396,1.3405,1.342,1.3441,1.3451,1.3463,1.3472,1.3494,1.3503,1.351,1.3511,1.3518,1.3534,1.3552,1.3553
2;3,0.114,0.1313,0.1453,0.1181,0.122,0.1264,0.1318,0.1386,0.1467,0.157,0.1699,0.1868,0.208,0.2364,0.2716,0.3157,0.3685,0.4296,0.4997,0.5783,0.6654,0.7547,0.8374,0.9115,0.9763,1.0242,1.0646,1.0945,1.1196,1.1362,1.1492,1.1564,1.1652,1.1721,1.1767,1.1787,1.1789,1.1807,1.1823,1.182,1.1809,1.181,1.1812,1.1824,1.1835,1.1851,1.1854,1.1874,1.1886,1.191,1.1935,1.1942,1.1957,1.1977,1.2001,1.201,1.2018,1.2037,1.2047,1.2067,1.2082,1.2088,1.2108,1.2117,1.2135,1.2141,1.216,1.2179,1.2188,1.2202,1.2209,1.2234,1.2243,1.2267,1.2272,1.2289,1.2306,1.2325,1.2347,1.2341,1.2359,1.2376,1.2392,1.2402,1.2423,1.2443,1.2453,1.247,1.249,1.2497,1.251,1.2524,1.2528,1.254,1.2555,1.2554
3;2,0.1299,0.1477,0.1633,0.1326,0.1385,0.1438,0.1521,0.1633,0.1739,0.1899,0.2086,0.2325,0.262,0.3006,0.3467,0.4031,0.4653,0.5355,0.616,0.7015,0.7916,0.8802,0.9612,1.0307,1.0847,1.129,1.1621,1.1896,1.2101,1.2251,1.237,1.2437,1.2524,1.2561,1.2587,1.2606,1.2616,1.2632,1.2632,1.2636,1.2639,1.2636,1.265,1.2653,1.2668,1.2674,1.2686,1.2704,1.2712,1.273,1.275,1.2756,1.2766,1.278,1.2798,1.2823,1.2837,1.2842,1.285,1.2856,1.2877,1.2878,1.2895,1.2907,1.2915,1.2925,1.2941,1.2951,1.2965,1.2979,1.2984,1.3,1.3006,1.3021,1.3035,1.3048,1.3062,1.3081,1.3087,1.3109,1.3115,1.3114,1.3124,1.3142,1.3157,1.3167,1.3177,1.319,1.3206,1.3216,1.3223,1.3237,1.3243,1.3258,1.3272,1.3275
,,,,,,,,,,,,,,,,,,,,,,,,,,,,,,,,,,,,,,,,,,,,,,,,,,,,,,,,,,,,,,,,,,,,,,,,,,,,,,,,,,,,,,,,,,,,,,,,
Cycles / Well,,,,,,,,,,,,,,,,,,,,,,,,,,,,,,,,,,,,,,,,,,,,,,,,,,,,,,,,,,,,,,,,,,,,,,,,,,,,,,,,,,,,,,,,,,,,,,,,
B5,1,2,3,4,5,6,7,8,9,10,11,12,13,14,15,16,17,18,19,20,21,22,23,24,25,26,27,28,29,30,31,32,33,34,35,36,37,38,39,40,41,42,43,44,45,46,47,48,49,50,51,52,53,54,55,56,57,58,59,60,61,62,63,64,65,66,67,68,69,70,71,72,73,74,75,76,77,78,79,80,81,82,83,84,85,86,87,88,89,90,91,92,93,94,95,96
Time [s],0,1799.804,3599.705,5399.641,7199.561,8999.49,10799.409,12599.333,14399.26,16199.194,17999.109,19799.039,21598.958,23398.892,25198.808,26998.725,28798.661,30598.589,32398.489,34198.443,35998.374,37798.286,39598.224,41398.149,43198.081,44997.99,46797.917,48597.842,50397.765,52197.702,53997.621,55797.552,57597.468,59397.391,61197.317,62997.249,64797.163,66597.084,68397.028,70196.935,71996.864,73796.783,75596.71,77396.649,79196.565,80996.494,82796.414,84596.354,86396.27,88196.204,89996.112,91796.061,93595.971,95395.897,97195.829,98995.747,100795.679,102595.601,104395.534,106195.445,107995.377,109795.307,111595.236,113395.157,115195.076,116995.019,118794.937,120594.848,122394.785,124194.722,125994.648,127794.579,129594.494,131394.41,133194.341,134994.266,136794.185,138594.122,140394.047,142193.959,143993.87,145793.805,147593.724,149393.655,151193.569,152993.504,154793.443,156593.376,158393.277,160193.21,161993.13,163793.052,165592.982,167392.906,169192.831,170992.755
Temp. [°C],40.8,29.9,29.9,30,30,30.1,30,30.1,30,29.9,30,30,30,30,30,29.9,30,30,30.1,30.1,29.9,30,30,30,30.1,30.1,30,30.1,30.1,30,30,30,29.9,30.1,30,29.9,29.8,29.8,29.8,29.9,30.1,30.1,30,30.1,29.8,29.9,30,30,30,30.1,30,30,29.8,30,30,30.1,30.1,30,30.1,29.9,30,30.1,30.1,30,30,29.9,29.9,30.1,30,30,29.9,29.9,30,30,29.9,30.1,29.9,29.8,29.9,30,30,30.1,30,30,30.1,30.1,30.2,30.1,29.9,30,29.9,29.9,30.1,29.9,30,30
Mean,0.1226,0.13766,0.15102,0.12566,0.12938,0.13422,0.14148,0.1511,0.1615,0.17586,0.19484,0.21852,0.24944,0.28848,0.33594,0.39382,0.46054,0.5374,0.62354,0.71818,0.81762,0.91162,0.99616,1.06516,1.12076,1.16484,1.19848,1.22562,1.24674,1.26176,1.2726,1.28008,1.28802,1.29296,1.296,1.29858,1.30014,1.30198,1.30372,1.30494,1.3057,1.30756,1.30888,1.31058,1.31292,1.31456,1.31678,1.31934,1.32142,1.32388,1.32644,1.32772,1.33042,1.33268,1.33512,1.33716,1.3387,1.34036,1.3424,1.34452,1.34596,1.34742,1.3499,1.35144,1.35294,1.35494,1.3573,1.35884,1.3604,1.36262,1.36348,1.36576,1.36756,1.36938,1.3714,1.37292,1.37468,1.37662,1.37836,1.37972,1.38084,1.38248,1.38364,1.38554,1.38774,1.38916,1.39058,1.39212,1.39408,1.39586,1.39656,1.39898,1.39936,1.40152,1.40286,1.40318
StDev,0.007641989,0.010504904,0.01268373,0.008151871,0.008895336,0.00937374,0.011061284,0.013524053,0.015272033,0.0183237,0.02172632,0.026180852,0.031425913,0.037160288,0.043384075,0.049195447,0.055370958,0.061226873,0.066640551,0.071666289,0.074548152,0.075743363,0.074463736,0.071823172,0.068732838,0.067469349,0.065434448,0.064171076,0.062918264,0.06155106,0.060714125,0.059892295,0.059462106,0.058849919,0.05806858,0.05835488,0.058320391,0.058896027,0.058847787,0.05948246,0.059636273,0.059805919,0.059674676,0.059910575,0.060704629,0.060188894,0.060733574,0.060778022,0.060708912,0.060927802,0.061099738,0.060831464,0.060522616,0.060682716,0.060889055,0.061371638,0.061110719,0.061090695,0.060615716,0.060690543,0.060921778,0.060395505,0.060698394,0.060777405,0.06102125,0.06055822,0.060685707,0.060232242,0.060146031,0.060334377,0.060040919,0.060191968,0.060129094,0.059664118,0.059756548,0.059708182,0.060036131,0.059630336,0.059277213,0.059489302,0.059377673,0.05902175,0.059254561,0.059795593,0.059101548,0.059048226,0.058761144,0.058994,0.058474627,0.058671825,0.057882061,0.058312151,0.057959624,0.058169081,0.058003819,0.05768277
1;2,0.1174,0.1299,0.1403,0.1208,0.1235,0.1279,0.1344,0.1426,0.1532,0.1666,0.1852,0.2092,0.2417,0.2834,0.3352,0.3998,0.4746,0.5635,0.6604,0.7677,0.8763,0.9782,1.065,1.1343,1.1898,1.2344,1.2671,1.2935,1.3152,1.3298,1.3401,1.3454,1.3532,1.3573,1.3595,1.3633,1.3643,1.3668,1.3685,1.3703,1.3714,1.3746,1.3742,1.3769,1.3796,1.3819,1.3842,1.3865,1.3898,1.3914,1.3935,1.3948,1.3978,1.4001,1.402,1.4051,1.4068,1.4084,1.4102,1.4127,1.4139,1.415,1.4181,1.4197,1.4213,1.4228,1.4251,1.4261,1.428,1.4299,1.4309,1.4329,1.4348,1.4367,1.4383,1.4401,1.4422,1.4438,1.4452,1.4464,1.4473,1.4491,1.45,1.4527,1.4545,1.4556,1.4574,1.459,1.4603,1.4623,1.4619,1.4649,1.4641,1.4673,1.4684,1.469
2;1,0.1246,0.1395,0.1532,0.1289,0.1343,0.1411,0.1517,0.1645,0.1793,0.1976,0.2226,0.2545,0.2953,0.3443,0.4024,0.4685,0.5442,0.6275,0.7181,0.8155,0.9147,1.0057,1.0861,1.15,1.1994,1.2402,1.2706,1.2958,1.3138,1.3263,1.336,1.344,1.3513,1.3559,1.3582,1.3599,1.3623,1.3646,1.3663,1.3684,1.3692,1.3702,1.3728,1.3739,1.3777,1.3776,1.3811,1.3838,1.3846,1.3882,1.3917,1.3926,1.3943,1.3968,1.4001,1.4021,1.403,1.4046,1.4059,1.4077,1.4099,1.4107,1.4131,1.4148,1.4168,1.4183,1.421,1.422,1.423,1.4259,1.426,1.4288,1.4305,1.4312,1.4338,1.4349,1.4371,1.4384,1.4398,1.4416,1.4428,1.4434,1.4454,1.4477,1.4487,1.4503,1.4506,1.4526,1.4539,1.456,1.456,1.4588,1.4599,1.4612,1.4625,1.4618
2;2,0.1198,0.133,0.1454,0.1203,0.1232,0.1272,0.1329,0.1404,0.1489,0.1604,0.1765,0.196,0.2225,0.257,0.2998,0.3534,0.4167,0.4921,0.5768,0.6715,0.7734,0.8691,0.9559,1.0279,1.0855,1.1324,1.1675,1.1955,1.2166,1.2325,1.2426,1.2499,1.2578,1.262,1.2647,1.2679,1.2677,1.2704,1.2721,1.2725,1.2729,1.2744,1.2759,1.2782,1.2799,1.2814,1.2826,1.286,1.2877,1.2906,1.2933,1.2931,1.297,1.2995,1.3026,1.3037,1.3052,1.3068,1.309,1.3115,1.3128,1.314,1.3171,1.3187,1.3195,1.3216,1.3241,1.3264,1.3283,1.3306,1.3313,1.3343,1.3353,1.3375,1.3398,1.3418,1.3429,1.3457,1.3474,1.3493,1.3501,1.3523,1.3531,1.3551,1.3576,1.359,1.361,1.3622,1.3657,1.3667,1.3682,1.3709,1.37,1.3733,1.3745,1.3751
2;3,0.1162,0.1307,0.1441,0.1197,0.1231,0.1276,0.1331,0.1408,0.1492,0.1609,0.1764,0.1959,0.2215,0.2543,0.295,0.3452,0.4045,0.4734,0.5521,0.6414,0.7375,0.8316,0.9181,0.9917,1.0507,1.0961,1.1328,1.1615,1.1843,1.201,1.2127,1.2211,1.2302,1.236,1.2401,1.2413,1.2441,1.2451,1.247,1.2479,1.2487,1.2512,1.2515,1.2527,1.2547,1.2571,1.2595,1.261,1.2638,1.2649,1.2679,1.2702,1.2735,1.2753,1.277,1.2782,1.2805,1.2817,1.2845,1.2862,1.2874,1.2899,1.2918,1.2936,1.295,1.2974,1.2997,1.3013,1.303,1.3047,1.3059,1.3078,1.3101,1.3124,1.3141,1.3158,1.3174,1.3195,1.322,1.3223,1.3239,1.3256,1.3267,1.3286,1.3309,1.3321,1.3336,1.3348,1.3369,1.3387,1.3398,1.3424,1.3437,1.3451,1.3469,1.3476
3;2,0.135,0.1552,0.1721,0.1386,0.1428,0.1473,0.1553,0.1672,0.1769,0.1938,0.2135,0.237,0.2662,0.3034,0.3473,0.4022,0.4627,0.5305,0.6103,0.6948,0.7862,0.8735,0.9557,1.0219,1.0784,1.1211,1.1544,1.1818,1.2038,1.2192,1.2316,1.24,1.2476,1.2536,1.2575,1.2605,1.2623,1.263,1.2647,1.2656,1.2663,1.2674,1.27,1.2712,1.2727,1.2748,1.2765,1.2794,1.2812,1.2843,1.2858,1.2879,1.2895,1.2917,1.2939,1.2967,1.298,1.3003,1.3024,1.3045,1.3058,1.3075,1.3094,1.3104,1.3121,1.3146,1.3166,1.3184,1.3197,1.322,1.3233,1.325,1.3271,1.3291,1.331,1.332,1.3338,1.3357,1.3374,1.339,1.3401,1.342,1.343,1.3436,1.347,1.3488,1.3503,1.352,1.3536,1.3556,1.3569,1.3579,1.3591,1.3607,1.362,1.3624
,,,,,,,,,,,,,,,,,,,,,,,,,,,,,,,,,,,,,,,,,,,,,,,,,,,,,,,,,,,,,,,,,,,,,,,,,,,,,,,,,,,,,,,,,,,,,,,,
Cycles / Well,,,,,,,,,,,,,,,,,,,,,,,,,,,,,,,,,,,,,,,,,,,,,,,,,,,,,,,,,,,,,,,,,,,,,,,,,,,,,,,,,,,,,,,,,,,,,,,,
B6,1,2,3,4,5,6,7,8,9,10,11,12,13,14,15,16,17,18,19,20,21,22,23,24,25,26,27,28,29,30,31,32,33,34,35,36,37,38,39,40,41,42,43,44,45,46,47,48,49,50,51,52,53,54,55,56,57,58,59,60,61,62,63,64,65,66,67,68,69,70,71,72,73,74,75,76,77,78,79,80,81,82,83,84,85,86,87,88,89,90,91,92,93,94,95,96
Time [s],0,1799.804,3599.705,5399.641,7199.561,8999.49,10799.409,12599.333,14399.26,16199.194,17999.109,19799.039,21598.958,23398.892,25198.808,26998.725,28798.661,30598.589,32398.489,34198.443,35998.374,37798.286,39598.224,41398.149,43198.081,44997.99,46797.917,48597.842,50397.765,52197.702,53997.621,55797.552,57597.468,59397.391,61197.317,62997.249,64797.163,66597.084,68397.028,70196.935,71996.864,73796.783,75596.71,77396.649,79196.565,80996.494,82796.414,84596.354,86396.27,88196.204,89996.112,91796.061,93595.971,95395.897,97195.829,98995.747,100795.679,102595.601,104395.534,106195.445,107995.377,109795.307,111595.236,113395.157,115195.076,116995.019,118794.937,120594.848,122394.785,124194.722,125994.648,127794.579,129594.494,131394.41,133194.341,134994.266,136794.185,138594.122,140394.047,142193.959,143993.87,145793.805,147593.724,149393.655,151193.569,152993.504,154793.443,156593.376,158393.277,160193.21,161993.13,163793.052,165592.982,167392.906,169192.831,170992.755
Temp. [°C],40.8,29.9,29.9,30,30,30.1,30,30.1,30,29.9,30,30,30,30,30,29.9,30,30,30.1,30.1,29.9,30,30,30,30.1,30.1,30,30.1,30.1,30,30,30,29.9,30.1,30,29.9,29.8,29.8,29.8,29.9,30.1,30.1,30,30.1,29.8,29.9,30,30,30,30.1,30,30,29.8,30,30,30.1,30.1,30,30.1,29.9,30,30.1,30.1,30,30,29.9,29.9,30.1,30,30,29.9,29.9,30,30,29.9,30.1,29.9,29.8,29.9,30,30,30.1,30,30,30.1,30.1,30.2,30.1,29.9,30,29.9,29.9,30.1,29.9,30,30
Mean,0.12548,0.14184,0.15396,0.1294,0.13376,0.13998,0.14874,0.15976,0.17264,0.1888,0.21036,0.23764,0.27296,0.31656,0.36916,0.43172,0.5033,0.58498,0.6751,0.77144,0.87076,0.96454,1.04664,1.11488,1.17074,1.21556,1.25016,1.27858,1.29926,1.31486,1.32618,1.3354,1.34254,1.34644,1.34764,1.34928,1.3509,1.35216,1.35306,1.35388,1.35376,1.35474,1.35578,1.35708,1.35882,1.36024,1.3619,1.36372,1.3648,1.36742,1.3699,1.37132,1.37312,1.37506,1.37672,1.37908,1.38002,1.38074,1.38232,1.38378,1.38548,1.3863,1.38842,1.3898,1.39116,1.39194,1.3937,1.39536,1.39632,1.39824,1.39888,1.40076,1.40198,1.40392,1.40504,1.40618,1.40786,1.40892,1.41034,1.41072,1.41202,1.41338,1.41444,1.41596,1.41724,1.41838,1.41976,1.42066,1.4225,1.42364,1.42528,1.42584,1.42642,1.42864,1.4298,1.42998
StDev,0.0092107,0.01086614,0.013926342,0.008320757,0.009171587,0.010211366,0.012068471,0.014585198,0.017029181,0.020023736,0.024297901,0.029433111,0.036462625,0.043552302,0.052106075,0.059529757,0.068591253,0.076884504,0.084961226,0.091999391,0.095674594,0.096080711,0.093477446,0.088904539,0.087443942,0.084568865,0.08282761,0.080131904,0.078908827,0.077287276,0.075915822,0.075203923,0.074022787,0.072884347,0.072501814,0.072875867,0.072785404,0.073335278,0.073420079,0.073654783,0.073737935,0.073749902,0.074009168,0.074397426,0.075152691,0.074691552,0.075100333,0.075168058,0.074590515,0.075205997,0.075339001,0.075567632,0.075424081,0.074969114,0.075492596,0.075477791,0.075523122,0.074929387,0.074646715,0.074646078,0.075061555,0.075094574,0.074946461,0.074903471,0.075020484,0.07484015,0.074641543,0.074468604,0.074331131,0.074270472,0.074220395,0.074237949,0.073689938,0.074044392,0.073901204,0.073479262,0.073996946,0.074023625,0.074498644,0.073745861,0.073769418,0.073575315,0.073639819,0.073738884,0.073157351,0.073007719,0.07298269,0.073127102,0.072668975,0.072847876,0.072712152,0.072219928,0.071971293,0.072388694,0.072093516,0.071724068
1;2,0.1195,0.1335,0.1392,0.1242,0.1277,0.1334,0.1415,0.1517,0.1649,0.1817,0.2045,0.2349,0.2736,0.3228,0.3834,0.456,0.5382,0.6337,0.7374,0.8453,0.954,1.053,1.1361,1.203,1.2601,1.3026,1.3369,1.3636,1.3833,1.3983,1.4082,1.4165,1.423,1.4255,1.4255,1.4284,1.4295,1.4313,1.432,1.4331,1.4333,1.4344,1.435,1.437,1.4394,1.4405,1.4429,1.4442,1.4446,1.448,1.4507,1.4521,1.4541,1.4554,1.4572,1.4598,1.4609,1.4609,1.4627,1.4642,1.4667,1.4671,1.4691,1.4702,1.4719,1.4722,1.4744,1.4757,1.4766,1.4785,1.4793,1.4808,1.4814,1.4841,1.4844,1.486,1.4878,1.4886,1.4908,1.4909,1.4915,1.4929,1.4939,1.4958,1.4963,1.4973,1.4986,1.5,1.5013,1.5029,1.5036,1.5045,1.5045,1.5071,1.5076,1.5076
2;1,0.1286,0.148,0.1621,0.1349,0.1411,0.15,0.1624,0.1769,0.1951,0.2159,0.2448,0.2813,0.3278,0.3815,0.446,0.516,0.598,0.6862,0.7815,0.8823,0.9813,1.0714,1.1474,1.2084,1.2603,1.3018,1.3336,1.3581,1.3769,1.3904,1.3999,1.4086,1.4143,1.4173,1.4192,1.4202,1.422,1.424,1.4254,1.4264,1.426,1.4271,1.4288,1.4303,1.433,1.4341,1.4356,1.4384,1.4391,1.442,1.4442,1.4464,1.4475,1.4491,1.4514,1.4532,1.4542,1.4547,1.4555,1.4571,1.4586,1.4601,1.4616,1.4633,1.4646,1.4656,1.4664,1.468,1.469,1.4706,1.4714,1.4734,1.4739,1.4761,1.4776,1.4773,1.4798,1.4813,1.4828,1.4821,1.484,1.485,1.4862,1.4878,1.4885,1.4896,1.4908,1.4915,1.4927,1.4939,1.4958,1.4955,1.496,1.4987,1.4999,1.4995
2;2,0.1214,0.1356,0.1473,0.1232,0.1263,0.1313,0.1384,0.147,0.1578,0.1708,0.1887,0.2123,0.2431,0.2826,0.3313,0.3908,0.4602,0.541,0.6306,0.7287,0.8309,0.9281,1.0134,1.0843,1.1416,1.1874,1.2243,1.2534,1.2762,1.2911,1.3026,1.3127,1.3191,1.3227,1.3234,1.3258,1.3272,1.3284,1.3288,1.3296,1.3297,1.3306,1.3311,1.3325,1.3339,1.3353,1.337,1.3387,1.3393,1.3424,1.3459,1.346,1.3487,1.3512,1.3536,1.3559,1.357,1.3571,1.359,1.3603,1.3622,1.3626,1.3658,1.3673,1.3682,1.3687,1.371,1.373,1.374,1.3758,1.3757,1.378,1.3799,1.3818,1.383,1.3844,1.3862,1.3871,1.3886,1.3883,1.3904,1.3915,1.393,1.3945,1.3962,1.3968,1.3989,1.3998,1.4021,1.4032,1.4051,1.4048,1.4057,1.4078,1.4095,1.4096
2;3,0.1177,0.134,0.1472,0.1233,0.1276,0.133,0.14,0.1489,0.159,0.1721,0.1889,0.21,0.2368,0.2707,0.3117,0.3624,0.4211,0.4903,0.5684,0.6546,0.7489,0.8419,0.9271,1.0022,1.0604,1.1093,1.1474,1.179,1.201,1.2197,1.2318,1.2421,1.2512,1.2564,1.2584,1.2596,1.2609,1.2618,1.2627,1.2632,1.2628,1.2642,1.2641,1.2652,1.2661,1.2687,1.2694,1.2717,1.2736,1.2752,1.2771,1.2785,1.2803,1.2828,1.2834,1.2852,1.2864,1.2882,1.2903,1.2921,1.2929,1.2939,1.2956,1.2973,1.2985,1.2996,1.3016,1.3034,1.3051,1.3066,1.308,1.3093,1.3109,1.3131,1.314,1.3156,1.3164,1.3176,1.3183,1.3198,1.3209,1.3226,1.3236,1.3256,1.3273,1.3287,1.3299,1.3307,1.3327,1.334,1.3349,1.3369,1.3375,1.3392,1.3408,1.3414
3;2,0.1402,0.1581,0.174,0.1414,0.1461,0.1522,0.1614,0.1743,0.1864,0.2035,0.2249,0.2497,0.2835,0.3252,0.3734,0.4334,0.499,0.5737,0.6576,0.7463,0.8387,0.9283,1.0092,1.0765,1.1313,1.1767,1.2086,1.2388,1.2589,1.2748,1.2884,1.2971,1.3051,1.3103,1.3117,1.3124,1.3149,1.3153,1.3164,1.3171,1.317,1.3174,1.3199,1.3204,1.3217,1.3226,1.3246,1.3256,1.3274,1.3295,1.3316,1.3336,1.335,1.3368,1.338,1.3413,1.3416,1.3428,1.3441,1.3452,1.347,1.3478,1.35,1.3509,1.3526,1.3536,1.3551,1.3567,1.3569,1.3597,1.36,1.3623,1.3638,1.3645,1.3662,1.3676,1.3691,1.37,1.3712,1.3725,1.3733,1.3749,1.3755,1.3761,1.3779,1.3795,1.3806,1.3813,1.3837,1.3842,1.387,1.3875,1.3884,1.3904,1.3912,1.3918
,,,,,,,,,,,,,,,,,,,,,,,,,,,,,,,,,,,,,,,,,,,,,,,,,,,,,,,,,,,,,,,,,,,,,,,,,,,,,,,,,,,,,,,,,,,,,,,,
Cycles / Well,,,,,,,,,,,,,,,,,,,,,,,,,,,,,,,,,,,,,,,,,,,,,,,,,,,,,,,,,,,,,,,,,,,,,,,,,,,,,,,,,,,,,,,,,,,,,,,,
B7,1,2,3,4,5,6,7,8,9,10,11,12,13,14,15,16,17,18,19,20,21,22,23,24,25,26,27,28,29,30,31,32,33,34,35,36,37,38,39,40,41,42,43,44,45,46,47,48,49,50,51,52,53,54,55,56,57,58,59,60,61,62,63,64,65,66,67,68,69,70,71,72,73,74,75,76,77,78,79,80,81,82,83,84,85,86,87,88,89,90,91,92,93,94,95,96
Time [s],0,1799.804,3599.705,5399.641,7199.561,8999.49,10799.409,12599.333,14399.26,16199.194,17999.109,19799.039,21598.958,23398.892,25198.808,26998.725,28798.661,30598.589,32398.489,34198.443,35998.374,37798.286,39598.224,41398.149,43198.081,44997.99,46797.917,48597.842,50397.765,52197.702,53997.621,55797.552,57597.468,59397.391,61197.317,62997.249,64797.163,66597.084,68397.028,70196.935,71996.864,73796.783,75596.71,77396.649,79196.565,80996.494,82796.414,84596.354,86396.27,88196.204,89996.112,91796.061,93595.971,95395.897,97195.829,98995.747,100795.679,102595.601,104395.534,106195.445,107995.377,109795.307,111595.236,113395.157,115195.076,116995.019,118794.937,120594.848,122394.785,124194.722,125994.648,127794.579,129594.494,131394.41,133194.341,134994.266,136794.185,138594.122,140394.047,142193.959,143993.87,145793.805,147593.724,149393.655,151193.569,152993.504,154793.443,156593.376,158393.277,160193.21,161993.13,163793.052,165592.982,167392.906,169192.831,170992.755
Temp. [°C],40.8,29.9,29.9,30,30,30.1,30,30.1,30,29.9,30,30,30,30,30,29.9,30,30,30.1,30.1,29.9,30,30,30,30.1,30.1,30,30.1,30.1,30,30,30,29.9,30.1,30,29.9,29.8,29.8,29.8,29.9,30.1,30.1,30,30.1,29.8,29.9,30,30,30,30.1,30,30,29.8,30,30,30.1,30.1,30,30.1,29.9,30,30.1,30.1,30,30,29.9,29.9,30.1,30,30,29.9,29.9,30,30,29.9,30.1,29.9,29.8,29.9,30,30,30.1,30,30,30.1,30.1,30.2,30.1,29.9,30,29.9,29.9,30.1,29.9,30,30
Mean,0.12558,0.14064,0.14838,0.1282,0.13262,0.13844,0.14654,0.15686,0.16884,0.18384,0.20402,0.22978,0.2623,0.30386,0.35432,0.41406,0.4824,0.56074,0.64724,0.7419,0.84052,0.93292,1.01576,1.08514,1.14048,1.18564,1.22028,1.24724,1.26882,1.28344,1.295,1.30472,1.31212,1.31688,1.3194,1.32172,1.32362,1.32588,1.3277,1.32864,1.32958,1.33072,1.33238,1.33402,1.33612,1.33822,1.3405,1.34252,1.34498,1.34808,1.35114,1.35246,1.35486,1.35798,1.36,1.36236,1.36394,1.36522,1.36776,1.3692,1.37128,1.37294,1.37538,1.3772,1.3792,1.38084,1.3829,1.3849,1.38604,1.38874,1.38968,1.39206,1.39382,1.3959,1.3972,1.39844,1.4004,1.4025,1.40394,1.40546,1.40676,1.40866,1.4102,1.41146,1.4139,1.41568,1.41718,1.41834,1.4202,1.42218,1.42358,1.42538,1.42554,1.42768,1.42974,1.43004
StDev,0.008437535,0.009441027,0.013836076,0.006641912,0.007638194,0.008284805,0.00973206,0.011602715,0.013284126,0.015184136,0.018102679,0.021968204,0.026507452,0.031870566,0.038043291,0.044516604,0.051019163,0.058334578,0.065675779,0.07240694,0.077832108,0.079776262,0.079686843,0.077247414,0.076415816,0.074504248,0.073841668,0.073063862,0.072633305,0.071717871,0.070258024,0.069370685,0.068836669,0.068533437,0.068287444,0.068154692,0.068651089,0.068230983,0.069404431,0.069442696,0.069920326,0.069984405,0.070269958,0.070894901,0.071237715,0.071477143,0.071601222,0.071978379,0.071599351,0.071546887,0.071791281,0.071505091,0.071173366,0.071563482,0.071299299,0.071069776,0.071289782,0.070859629,0.071141957,0.071004648,0.070868519,0.070699738,0.070439953,0.070849559,0.070948855,0.070511581,0.070240409,0.069963776,0.069714869,0.069964155,0.069802414,0.069861205,0.070259569,0.06954477,0.069590984,0.068945979,0.069172068,0.068830807,0.069088371,0.069360241,0.068861767,0.068300315,0.068289641,0.067675682,0.067705871,0.067883039,0.067934652,0.067765721,0.067365793,0.067426382,0.067286418,0.067835367,0.067163554,0.066950967,0.066595781,0.0663598
1;2,0.12,0.1325,0.1308,0.1248,0.1284,0.1342,0.1424,0.1527,0.1661,0.1831,0.206,0.236,0.2737,0.3226,0.3819,0.4518,0.5322,0.6245,0.7245,0.8312,0.9413,1.0392,1.1244,1.1921,1.2474,1.2899,1.3249,1.3505,1.3722,1.3858,1.3962,1.4035,1.4105,1.4147,1.4169,1.4182,1.4217,1.4225,1.4262,1.4272,1.4285,1.4293,1.4318,1.4343,1.4363,1.4383,1.4412,1.4434,1.4451,1.4484,1.4511,1.452,1.4542,1.4574,1.4589,1.4608,1.4624,1.4632,1.4668,1.4676,1.4695,1.4713,1.473,1.4753,1.477,1.4782,1.4798,1.4814,1.482,1.4852,1.4858,1.4885,1.4909,1.4915,1.4927,1.4932,1.4954,1.4967,1.4989,1.5007,1.5012,1.5021,1.5032,1.5034,1.5059,1.5078,1.5094,1.5102,1.5115,1.5135,1.5146,1.5173,1.5153,1.518,1.5195,1.5199
2;1,0.1294,0.1454,0.1541,0.1342,0.1399,0.1467,0.1582,0.1713,0.1871,0.2049,0.2297,0.2613,0.2999,0.3475,0.4043,0.4698,0.542,0.6237,0.7132,0.8103,0.908,0.9977,1.0766,1.1415,1.1938,1.2375,1.2691,1.2957,1.3157,1.329,1.3387,1.3495,1.3562,1.3609,1.363,1.3665,1.3677,1.3708,1.3729,1.374,1.3758,1.3774,1.3787,1.3808,1.3837,1.3866,1.3883,1.391,1.3936,1.3961,1.4001,1.4014,1.403,1.407,1.4091,1.4116,1.4135,1.4143,1.4161,1.418,1.4202,1.421,1.4237,1.4257,1.4285,1.4297,1.4315,1.4334,1.4345,1.4372,1.4381,1.4403,1.4424,1.4442,1.4457,1.4461,1.4486,1.4507,1.4517,1.4541,1.4547,1.4562,1.4584,1.4594,1.4617,1.4636,1.4651,1.4665,1.4679,1.4699,1.4714,1.4736,1.4748,1.4754,1.4772,1.4768
2;2,0.1217,0.1359,0.1459,0.1222,0.1252,0.1297,0.1361,0.1439,0.1535,0.1653,0.1819,0.2034,0.2312,0.2676,0.3131,0.3684,0.4336,0.5102,0.5957,0.6913,0.7918,0.8877,0.9738,1.0458,1.1047,1.1514,1.1884,1.2163,1.2385,1.2543,1.2651,1.2759,1.2824,1.2877,1.2908,1.2933,1.2939,1.297,1.2991,1.2992,1.3,1.3019,1.3035,1.3045,1.3076,1.3096,1.3119,1.314,1.3164,1.3202,1.3237,1.3251,1.328,1.331,1.3332,1.3355,1.3375,1.3393,1.3415,1.3432,1.3448,1.3472,1.3499,1.3522,1.3539,1.3556,1.3582,1.36,1.3617,1.3643,1.3656,1.3677,1.3689,1.3723,1.3738,1.3757,1.377,1.3797,1.3811,1.3812,1.384,1.3869,1.3883,1.39,1.3929,1.3951,1.3965,1.3972,1.3998,1.4021,1.4034,1.4046,1.4055,1.4082,1.4108,1.411
2;3,0.1182,0.1344,0.143,0.1233,0.1278,0.1337,0.1405,0.1498,0.1607,0.1748,0.1928,0.2158,0.245,0.2821,0.3269,0.381,0.4431,0.5147,0.5953,0.685,0.7796,0.8711,0.9535,1.0262,1.0836,1.1294,1.1657,1.1936,1.2161,1.2317,1.2441,1.2534,1.2626,1.267,1.2702,1.2721,1.2739,1.2762,1.2765,1.2784,1.2782,1.279,1.2794,1.2816,1.2827,1.2846,1.2867,1.2885,1.2913,1.2939,1.2973,1.2976,1.3009,1.3041,1.3057,1.3078,1.3098,1.3104,1.3133,1.315,1.3168,1.3183,1.3214,1.3229,1.3247,1.3261,1.3287,1.3313,1.3324,1.3345,1.3354,1.3375,1.3385,1.3421,1.3432,1.3451,1.3463,1.3491,1.3506,1.3513,1.3532,1.3557,1.3571,1.3592,1.3612,1.3627,1.3644,1.3659,1.3677,1.3694,1.371,1.3719,1.3724,1.375,1.3768,1.3775
3;2,0.1386,0.155,0.1681,0.1365,0.1418,0.1479,0.1555,0.1666,0.1768,0.1911,0.2097,0.2324,0.2617,0.2995,0.3454,0.3993,0.4611,0.5306,0.6075,0.6917,0.7819,0.8689,0.9505,1.0201,1.0729,1.12,1.1533,1.1801,1.2016,1.2164,1.2309,1.2413,1.2489,1.2541,1.2561,1.2585,1.2609,1.2629,1.2638,1.2644,1.2654,1.266,1.2685,1.2689,1.2703,1.272,1.2744,1.2757,1.2785,1.2818,1.2835,1.2862,1.2882,1.2904,1.2931,1.2961,1.2965,1.2989,1.3011,1.3022,1.3051,1.3069,1.3089,1.3099,1.3119,1.3146,1.3163,1.3184,1.3196,1.3225,1.3235,1.3263,1.3284,1.3294,1.3306,1.3321,1.3347,1.3363,1.3374,1.34,1.3407,1.3424,1.344,1.3453,1.3478,1.3492,1.3505,1.3519,1.3541,1.356,1.3575,1.3595,1.3597,1.3618,1.3644,1.365
,,,,,,,,,,,,,,,,,,,,,,,,,,,,,,,,,,,,,,,,,,,,,,,,,,,,,,,,,,,,,,,,,,,,,,,,,,,,,,,,,,,,,,,,,,,,,,,,
Cycles / Well,,,,,,,,,,,,,,,,,,,,,,,,,,,,,,,,,,,,,,,,,,,,,,,,,,,,,,,,,,,,,,,,,,,,,,,,,,,,,,,,,,,,,,,,,,,,,,,,
B8,1,2,3,4,5,6,7,8,9,10,11,12,13,14,15,16,17,18,19,20,21,22,23,24,25,26,27,28,29,30,31,32,33,34,35,36,37,38,39,40,41,42,43,44,45,46,47,48,49,50,51,52,53,54,55,56,57,58,59,60,61,62,63,64,65,66,67,68,69,70,71,72,73,74,75,76,77,78,79,80,81,82,83,84,85,86,87,88,89,90,91,92,93,94,95,96
Time [s],0,1799.804,3599.705,5399.641,7199.561,8999.49,10799.409,12599.333,14399.26,16199.194,17999.109,19799.039,21598.958,23398.892,25198.808,26998.725,28798.661,30598.589,32398.489,34198.443,35998.374,37798.286,39598.224,41398.149,43198.081,44997.99,46797.917,48597.842,50397.765,52197.702,53997.621,55797.552,57597.468,59397.391,61197.317,62997.249,64797.163,66597.084,68397.028,70196.935,71996.864,73796.783,75596.71,77396.649,79196.565,80996.494,82796.414,84596.354,86396.27,88196.204,89996.112,91796.061,93595.971,95395.897,97195.829,98995.747,100795.679,102595.601,104395.534,106195.445,107995.377,109795.307,111595.236,113395.157,115195.076,116995.019,118794.937,120594.848,122394.785,124194.722,125994.648,127794.579,129594.494,131394.41,133194.341,134994.266,136794.185,138594.122,140394.047,142193.959,143993.87,145793.805,147593.724,149393.655,151193.569,152993.504,154793.443,156593.376,158393.277,160193.21,161993.13,163793.052,165592.982,167392.906,169192.831,170992.755
Temp. [°C],40.8,29.9,29.9,30,30,30.1,30,30.1,30,29.9,30,30,30,30,30,29.9,30,30,30.1,30.1,29.9,30,30,30,30.1,30.1,30,30.1,30.1,30,30,30,29.9,30.1,30,29.9,29.8,29.8,29.8,29.9,30.1,30.1,30,30.1,29.8,29.9,30,30,30,30.1,30,30,29.8,30,30,30.1,30.1,30,30.1,29.9,30,30.1,30.1,30,30,29.9,29.9,30.1,30,30,29.9,29.9,30,30,29.9,30.1,29.9,29.8,29.9,30,30,30.1,30,30,30.1,30.1,30.2,30.1,29.9,30,29.9,29.9,30.1,29.9,30,30
Mean,0.12036,0.13344,0.13548,0.1233,0.12618,0.13072,0.1375,0.14644,0.15846,0.17518,0.19828,0.22936,0.27,0.32352,0.38882,0.46734,0.55906,0.66152,0.76888,0.8687,0.95838,1.02958,1.0817,1.12204,1.15126,1.17572,1.19456,1.2132,1.2288,1.24236,1.25426,1.2642,1.27494,1.28528,1.29438,1.29982,1.30432,1.30716,1.3095,1.31092,1.31176,1.313,1.31412,1.31552,1.31686,1.31806,1.3192,1.32032,1.3215,1.32242,1.32386,1.3242,1.32476,1.3259,1.32722,1.32794,1.328,1.32834,1.32884,1.3288,1.32962,1.3301,1.33086,1.33136,1.3319,1.33262,1.33368,1.33388,1.33422,1.33554,1.33538,1.33618,1.33736,1.33802,1.33822,1.33862,1.33972,1.3407,1.34142,1.34154,1.3425,1.3432,1.34394,1.34382,1.34528,1.34618,1.3469,1.34734,1.3482,1.34914,1.34962,1.35022,1.3509,1.35128,1.3528,1.35216
StDev,0.005069813,0.007364306,0.013470969,0.004947221,0.005652168,0.006742181,0.008742139,0.010606272,0.013032766,0.016661242,0.021441595,0.027102915,0.033784316,0.039874328,0.045583517,0.050015428,0.053807927,0.055776626,0.056030858,0.054879094,0.051938444,0.049044286,0.046447336,0.043707814,0.042962228,0.042008297,0.041206589,0.041388223,0.041037239,0.040016784,0.039647799,0.038825958,0.039291577,0.038587265,0.037325554,0.036312698,0.03584267,0.035253837,0.034566602,0.035053844,0.03449555,0.034647439,0.03450358,0.034886057,0.034416755,0.034378816,0.034289867,0.034596633,0.034567904,0.034251599,0.034253876,0.034246387,0.034041343,0.034520791,0.034556504,0.034421912,0.034508477,0.034629077,0.034234968,0.034131144,0.034208946,0.034442198,0.034213199,0.034094032,0.034264048,0.033973033,0.033877603,0.034123848,0.033449768,0.033660036,0.03332322,0.033466356,0.033582778,0.033310914,0.033191821,0.032865666,0.032962812,0.033147926,0.032543847,0.03289921,0.032640389,0.032682641,0.032637754,0.032406126,0.032343577,0.032028846,0.031457352,0.03213982,0.031295766,0.031704227,0.031229425,0.031419532,0.031247,0.030894773,0.030727593,0.030886291
1;2,0.1171,0.128,0.1209,0.1201,0.1225,0.1261,0.1318,0.1393,0.1503,0.1648,0.1853,0.214,0.2527,0.3051,0.3719,0.4518,0.5483,0.6589,0.772,0.8796,0.975,1.049,1.1026,1.1426,1.1738,1.197,1.218,1.2374,1.2537,1.2675,1.2797,1.2887,1.3013,1.3112,1.3196,1.3236,1.3284,1.3311,1.333,1.3341,1.3351,1.3362,1.3374,1.3392,1.3415,1.3408,1.3426,1.3441,1.3434,1.3456,1.3474,1.3478,1.3476,1.3498,1.352,1.3525,1.352,1.3533,1.3542,1.3524,1.3541,1.3541,1.3557,1.3556,1.3563,1.3563,1.3573,1.3574,1.3564,1.3598,1.3593,1.36,1.3609,1.3615,1.3623,1.3617,1.3635,1.3641,1.3648,1.3646,1.3656,1.3664,1.3672,1.366,1.3678,1.3684,1.3688,1.3701,1.3704,1.372,1.3719,1.3737,1.3735,1.3724,1.3747,1.3737
2;1,0.122,0.1365,0.1362,0.128,0.1324,0.138,0.1477,0.1594,0.1753,0.197,0.2277,0.2674,0.3193,0.3823,0.4578,0.5445,0.6427,0.7485,0.8563,0.9527,1.0355,1.1015,1.1485,1.1843,1.2112,1.2349,1.2509,1.2693,1.2842,1.2954,1.3065,1.3155,1.3259,1.3354,1.3425,1.3476,1.351,1.353,1.3544,1.3571,1.3567,1.3585,1.3592,1.361,1.361,1.3633,1.3636,1.3649,1.3672,1.367,1.3682,1.3681,1.3689,1.3701,1.3712,1.3715,1.3723,1.3721,1.3719,1.3729,1.3735,1.3744,1.3742,1.3752,1.376,1.3765,1.3773,1.3781,1.3779,1.3785,1.3777,1.379,1.3808,1.3811,1.3805,1.3813,1.382,1.3834,1.3834,1.3842,1.3848,1.385,1.3859,1.3859,1.387,1.3877,1.3875,1.3885,1.3882,1.3897,1.3898,1.3895,1.3904,1.3914,1.392,1.392
2;2,0.119,0.1299,0.1338,0.1204,0.1224,0.1259,0.1311,0.1387,0.1488,0.1629,0.1829,0.2102,0.2467,0.2965,0.3587,0.4361,0.5269,0.6303,0.7425,0.8457,0.9396,1.0136,1.0686,1.111,1.1423,1.1668,1.1869,1.2062,1.2217,1.2371,1.2491,1.2596,1.2705,1.2806,1.2902,1.2953,1.2998,1.3025,1.3047,1.3065,1.3072,1.308,1.3091,1.3106,1.3115,1.3133,1.3149,1.316,1.3177,1.3179,1.3191,1.3201,1.3208,1.3221,1.3227,1.3237,1.3234,1.3238,1.324,1.3241,1.3241,1.3254,1.3259,1.3259,1.3261,1.3275,1.329,1.329,1.3307,1.3304,1.3308,1.3311,1.332,1.3326,1.3332,1.3329,1.3344,1.3356,1.3359,1.3362,1.3371,1.3389,1.3385,1.3394,1.3406,1.3411,1.3422,1.3427,1.3435,1.3438,1.3444,1.346,1.3463,1.3467,1.3481,1.3477
2;3,0.1154,0.1278,0.1293,0.1187,0.1213,0.1254,0.1305,0.1382,0.1481,0.1619,0.1809,0.2066,0.2406,0.2873,0.3453,0.4177,0.5026,0.5997,0.704,0.8031,0.8944,0.9698,1.0247,1.0682,1.0987,1.1247,1.1442,1.1627,1.1796,1.1942,1.2067,1.2176,1.2283,1.2395,1.2495,1.2574,1.2621,1.2658,1.2686,1.2708,1.2714,1.2728,1.2736,1.2747,1.2767,1.278,1.2788,1.2792,1.2806,1.2822,1.2834,1.283,1.2842,1.2848,1.2866,1.2865,1.2868,1.2868,1.2885,1.2886,1.2895,1.2893,1.2902,1.2914,1.2917,1.2926,1.2937,1.2938,1.2953,1.296,1.2957,1.2965,1.2981,1.2993,1.2994,1.3005,1.3016,1.3019,1.3042,1.3034,1.3051,1.3049,1.3056,1.3059,1.3071,1.3085,1.3097,1.3093,1.3108,1.3118,1.3131,1.3131,1.3132,1.3147,1.316,1.3158
3;2,0.1283,0.145,0.1572,0.1293,0.1323,0.1382,0.1464,0.1566,0.1698,0.1893,0.2146,0.2486,0.2907,0.3464,0.4104,0.4866,0.5748,0.6702,0.7696,0.8624,0.9474,1.014,1.0641,1.1041,1.1303,1.1552,1.1728,1.1904,1.2048,1.2176,1.2293,1.2396,1.2487,1.2597,1.2701,1.2752,1.2803,1.2834,1.2868,1.2861,1.2884,1.2895,1.2913,1.2921,1.2936,1.2949,1.2961,1.2974,1.2986,1.2994,1.3012,1.302,1.3023,1.3027,1.3036,1.3055,1.3055,1.3057,1.3056,1.306,1.3069,1.3073,1.3083,1.3087,1.3094,1.3102,1.3111,1.3111,1.3108,1.313,1.3134,1.3143,1.315,1.3156,1.3157,1.3167,1.3171,1.3185,1.3188,1.3193,1.3199,1.3208,1.3225,1.3219,1.3239,1.3252,1.3263,1.3261,1.3281,1.3284,1.3289,1.3288,1.3311,1.3312,1.3332,1.3316
,,,,,,,,,,,,,,,,,,,,,,,,,,,,,,,,,,,,,,,,,,,,,,,,,,,,,,,,,,,,,,,,,,,,,,,,,,,,,,,,,,,,,,,,,,,,,,,,
Cycles / Well,,,,,,,,,,,,,,,,,,,,,,,,,,,,,,,,,,,,,,,,,,,,,,,,,,,,,,,,,,,,,,,,,,,,,,,,,,,,,,,,,,,,,,,,,,,,,,,,
B9,1,2,3,4,5,6,7,8,9,10,11,12,13,14,15,16,17,18,19,20,21,22,23,24,25,26,27,28,29,30,31,32,33,34,35,36,37,38,39,40,41,42,43,44,45,46,47,48,49,50,51,52,53,54,55,56,57,58,59,60,61,62,63,64,65,66,67,68,69,70,71,72,73,74,75,76,77,78,79,80,81,82,83,84,85,86,87,88,89,90,91,92,93,94,95,96
Time [s],0,1799.804,3599.705,5399.641,7199.561,8999.49,10799.409,12599.333,14399.26,16199.194,17999.109,19799.039,21598.958,23398.892,25198.808,26998.725,28798.661,30598.589,32398.489,34198.443,35998.374,37798.286,39598.224,41398.149,43198.081,44997.99,46797.917,48597.842,50397.765,52197.702,53997.621,55797.552,57597.468,59397.391,61197.317,62997.249,64797.163,66597.084,68397.028,70196.935,71996.864,73796.783,75596.71,77396.649,79196.565,80996.494,82796.414,84596.354,86396.27,88196.204,89996.112,91796.061,93595.971,95395.897,97195.829,98995.747,100795.679,102595.601,104395.534,106195.445,107995.377,109795.307,111595.236,113395.157,115195.076,116995.019,118794.937,120594.848,122394.785,124194.722,125994.648,127794.579,129594.494,131394.41,133194.341,134994.266,136794.185,138594.122,140394.047,142193.959,143993.87,145793.805,147593.724,149393.655,151193.569,152993.504,154793.443,156593.376,158393.277,160193.21,161993.13,163793.052,165592.982,167392.906,169192.831,170992.755
Temp. [°C],40.8,29.9,29.9,30,30,30.1,30,30.1,30,29.9,30,30,30,30,30,29.9,30,30,30.1,30.1,29.9,30,30,30,30.1,30.1,30,30.1,30.1,30,30,30,29.9,30.1,30,29.9,29.8,29.8,29.8,29.9,30.1,30.1,30,30.1,29.8,29.9,30,30,30,30.1,30,30,29.8,30,30,30.1,30.1,30,30.1,29.9,30,30.1,30.1,30,30,29.9,29.9,30.1,30,30,29.9,29.9,30,30,29.9,30.1,29.9,29.8,29.9,30,30,30.1,30,30,30.1,30.1,30.2,30.1,29.9,30,29.9,29.9,30.1,29.9,30,30
Mean,0.11878,0.13002,0.12672,0.12136,0.12428,0.12826,0.1339,0.14172,0.15234,0.16694,0.18648,0.21218,0.24414,0.2819,0.32382,0.36856,0.41416,0.45986,0.50206,0.5409,0.574,0.602,0.62448,0.64376,0.65984,0.67576,0.6846,0.6945,0.70318,0.71036,0.71638,0.72228,0.72756,0.73288,0.73734,0.74252,0.74806,0.75482,0.76114,0.7685,0.77694,0.78728,0.7979,0.81204,0.82784,0.84324,0.86082,0.87808,0.89332,0.9073,0.91994,0.92966,0.93552,0.9418,0.94596,0.94904,0.94954,0.94904,0.9506,0.95008,0.9505,0.94904,0.95106,0.9509,0.95088,0.94964,0.94966,0.95018,0.95006,0.9501,0.94912,0.94976,0.95096,0.951,0.95042,0.95096,0.95214,0.9525,0.95314,0.95244,0.95278,0.95386,0.95462,0.95488,0.95612,0.95692,0.95764,0.95764,0.95828,0.95916,0.96076,0.96084,0.96056,0.96188,0.96296,0.96246
StDev,0.003715104,0.004732547,0.010680215,0.002808558,0.003348432,0.004187243,0.005403702,0.006849599,0.0088189,0.011150247,0.014423141,0.018160727,0.021866939,0.025467921,0.028822509,0.032198882,0.034350517,0.037158619,0.038817174,0.040992194,0.042104097,0.043766254,0.044430192,0.045406971,0.046938023,0.047916208,0.048427523,0.049273167,0.050363399,0.051505563,0.052351428,0.053243422,0.054199889,0.055700781,0.056853522,0.058172047,0.059553908,0.062196801,0.063736905,0.066214349,0.069344993,0.072667648,0.075479335,0.080629325,0.08545603,0.090037231,0.095780567,0.100697949,0.105231825,0.108565579,0.11197155,0.114555458,0.114760498,0.11630935,0.118228203,0.118554599,0.118630742,0.117993932,0.118424765,0.118040235,0.118359558,0.118110512,0.118162443,0.118031924,0.118345034,0.117353134,0.117446043,0.117353875,0.116449143,0.117166356,0.116522582,0.116486106,0.116556823,0.116407882,0.116101667,0.115705501,0.115820996,0.115641883,0.115466653,0.11440753,0.113922877,0.113691877,0.113869012,0.113634775,0.112898702,0.112611087,0.112613956,0.111859658,0.111330261,0.111578416,0.11179487,0.111634797,0.110725011,0.110890924,0.110371613,0.109957642
1;2,0.1182,0.1262,0.1205,0.1211,0.1236,0.1272,0.1322,0.1393,0.1491,0.1629,0.1814,0.2064,0.2385,0.2772,0.3223,0.3699,0.4201,0.4711,0.5173,0.5604,0.5964,0.6275,0.6528,0.6736,0.6932,0.7092,0.7218,0.734,0.7456,0.7542,0.7622,0.7697,0.7766,0.7848,0.7905,0.7976,0.8063,0.8169,0.8267,0.8379,0.8518,0.8677,0.883,0.9051,0.9298,0.9509,0.9778,1.0028,1.024,1.0433,1.06,1.074,1.0795,1.0872,1.0956,1.0993,1.0997,1.0975,1.1002,1.0978,1.0999,1.0982,1.1017,1.1012,1.1016,1.0983,1.0985,1.0992,1.0979,1.0997,1.0973,1.0988,1.0998,1.0998,1.0994,1.0993,1.1015,1.1017,1.102,1.0997,1.1,1.1013,1.1034,1.1025,1.1031,1.1035,1.1047,1.104,1.1039,1.1055,1.1076,1.1083,1.1062,1.1079,1.1082,1.1072
2;1,0.1182,0.132,0.1218,0.1233,0.1274,0.1325,0.1401,0.1506,0.1642,0.1821,0.2068,0.2386,0.2768,0.3204,0.3678,0.4186,0.4667,0.516,0.5596,0.6004,0.6339,0.6633,0.6851,0.7048,0.7213,0.739,0.7455,0.7553,0.7636,0.7718,0.7776,0.7839,0.7898,0.7956,0.8015,0.8077,0.8133,0.8222,0.8288,0.8378,0.848,0.86,0.8724,0.8897,0.9071,0.9269,0.9475,0.9673,0.9864,1.002,1.0178,1.0287,1.0355,1.0439,1.0477,1.0511,1.0518,1.0519,1.053,1.0539,1.0531,1.0512,1.0516,1.0515,1.0516,1.0505,1.0504,1.0503,1.0494,1.0491,1.0482,1.0476,1.0493,1.0488,1.0472,1.0474,1.0476,1.0477,1.0482,1.0468,1.046,1.0463,1.0458,1.0468,1.0468,1.0474,1.0474,1.0465,1.0466,1.0471,1.0486,1.0475,1.0471,1.0482,1.0491,1.0483
2;2,0.1191,0.1293,0.1262,0.1205,0.1228,0.1259,0.1304,0.1372,0.1463,0.1591,0.1764,0.1998,0.2296,0.2655,0.3067,0.3507,0.3963,0.4423,0.4862,0.5268,0.5615,0.5898,0.6135,0.6344,0.6509,0.6655,0.6777,0.6875,0.6964,0.7036,0.71,0.7157,0.7204,0.7252,0.7287,0.7332,0.7379,0.743,0.7475,0.7534,0.7588,0.767,0.7744,0.7852,0.7966,0.8082,0.8213,0.8356,0.8479,0.8593,0.8703,0.8782,0.8833,0.889,0.8921,0.8946,0.8948,0.8935,0.8953,0.8946,0.8946,0.893,0.8955,0.8955,0.8958,0.8942,0.8941,0.8954,0.8959,0.8948,0.8941,0.8944,0.8954,0.8958,0.8945,0.8958,0.8969,0.8974,0.898,0.8972,0.8975,0.898,0.8982,0.8985,0.9008,0.9018,0.9024,0.9024,0.9034,0.9038,0.9057,0.9055,0.9053,0.9073,0.908,0.9069
2;3,0.114,0.1255,0.1198,0.1173,0.1198,0.1231,0.1278,0.1344,0.1433,0.1557,0.1721,0.1939,0.2217,0.2549,0.2915,0.3323,0.3741,0.4163,0.4561,0.4927,0.5248,0.552,0.5741,0.5925,0.6081,0.6219,0.6326,0.6427,0.6509,0.6583,0.664,0.6702,0.6754,0.6803,0.6848,0.6896,0.6941,0.6992,0.7057,0.7118,0.7197,0.7289,0.7394,0.7511,0.7653,0.7792,0.794,0.8088,0.8213,0.8345,0.8454,0.8535,0.8602,0.8645,0.8667,0.8686,0.8701,0.8714,0.8726,0.8725,0.8729,0.8727,0.8736,0.8736,0.8733,0.8739,0.8746,0.875,0.8754,0.8757,0.8757,0.8773,0.8783,0.8791,0.8801,0.8809,0.882,0.8825,0.884,0.8852,0.8862,0.888,0.8892,0.8903,0.8921,0.893,0.8943,0.8949,0.8964,0.8978,0.8988,0.8993,0.9007,0.9016,0.9033,0.9036
3;2,0.1244,0.1371,0.1453,0.1246,0.1278,0.1326,0.139,0.1471,0.1588,0.1749,0.1957,0.2222,0.2541,0.2915,0.3308,0.3713,0.4136,0.4536,0.4911,0.5242,0.5534,0.5774,0.5969,0.6135,0.6257,0.6432,0.6454,0.653,0.6594,0.6639,0.6681,0.6719,0.6756,0.6785,0.6812,0.6845,0.6887,0.6928,0.697,0.7016,0.7064,0.7128,0.7203,0.7291,0.7404,0.751,0.7635,0.7759,0.787,0.7974,0.8062,0.8139,0.8191,0.8244,0.8277,0.8316,0.8313,0.8309,0.8319,0.8316,0.832,0.8301,0.8329,0.8327,0.8321,0.8313,0.8307,0.831,0.8317,0.8312,0.8303,0.8307,0.832,0.8315,0.8309,0.8314,0.8327,0.8332,0.8335,0.8333,0.8342,0.8357,0.8365,0.8363,0.8378,0.8389,0.8394,0.8404,0.8411,0.8416,0.8431,0.8436,0.8435,0.8444,0.8462,0.8463
,,,,,,,,,,,,,,,,,,,,,,,,,,,,,,,,,,,,,,,,,,,,,,,,,,,,,,,,,,,,,,,,,,,,,,,,,,,,,,,,,,,,,,,,,,,,,,,,
Cycles / Well,,,,,,,,,,,,,,,,,,,,,,,,,,,,,,,,,,,,,,,,,,,,,,,,,,,,,,,,,,,,,,,,,,,,,,,,,,,,,,,,,,,,,,,,,,,,,,,,
B10,1,2,3,4,5,6,7,8,9,10,11,12,13,14,15,16,17,18,19,20,21,22,23,24,25,26,27,28,29,30,31,32,33,34,35,36,37,38,39,40,41,42,43,44,45,46,47,48,49,50,51,52,53,54,55,56,57,58,59,60,61,62,63,64,65,66,67,68,69,70,71,72,73,74,75,76,77,78,79,80,81,82,83,84,85,86,87,88,89,90,91,92,93,94,95,96
Time [s],0,1799.804,3599.705,5399.641,7199.561,8999.49,10799.409,12599.333,14399.26,16199.194,17999.109,19799.039,21598.958,23398.892,25198.808,26998.725,28798.661,30598.589,32398.489,34198.443,35998.374,37798.286,39598.224,41398.149,43198.081,44997.99,46797.917,48597.842,50397.765,52197.702,53997.621,55797.552,57597.468,59397.391,61197.317,62997.249,64797.163,66597.084,68397.028,70196.935,71996.864,73796.783,75596.71,77396.649,79196.565,80996.494,82796.414,84596.354,86396.27,88196.204,89996.112,91796.061,93595.971,95395.897,97195.829,98995.747,100795.679,102595.601,104395.534,106195.445,107995.377,109795.307,111595.236,113395.157,115195.076,116995.019,118794.937,120594.848,122394.785,124194.722,125994.648,127794.579,129594.494,131394.41,133194.341,134994.266,136794.185,138594.122,140394.047,142193.959,143993.87,145793.805,147593.724,149393.655,151193.569,152993.504,154793.443,156593.376,158393.277,160193.21,161993.13,163793.052,165592.982,167392.906,169192.831,170992.755
Temp. [°C],40.8,29.9,29.9,30,30,30.1,30,30.1,30,29.9,30,30,30,30,30,29.9,30,30,30.1,30.1,29.9,30,30,30,30.1,30.1,30,30.1,30.1,30,30,30,29.9,30.1,30,29.9,29.8,29.8,29.8,29.9,30.1,30.1,30,30.1,29.8,29.9,30,30,30,30.1,30,30,29.8,30,30,30.1,30.1,30,30.1,29.9,30,30.1,30.1,30,30,29.9,29.9,30.1,30,30,29.9,29.9,30,30,29.9,30.1,29.9,29.8,29.9,30,30,30.1,30,30,30.1,30.1,30.2,30.1,29.9,30,29.9,29.9,30.1,29.9,30,30
Mean,0.12108,0.13482,0.1268,0.12342,0.1263,0.13036,0.13632,0.14422,0.15506,0.17002,0.1906,0.21846,0.25618,0.3066,0.36932,0.44548,0.53578,0.63692,0.74168,0.84124,0.93048,1.00082,1.05024,1.08794,1.11834,1.14332,1.16268,1.18146,1.19728,1.21088,1.22316,1.23608,1.24876,1.2614,1.27022,1.27832,1.28334,1.28666,1.2892,1.29038,1.29106,1.29292,1.29428,1.2955,1.29722,1.29808,1.29948,1.30046,1.30142,1.30238,1.30424,1.3043,1.30386,1.30506,1.30596,1.30644,1.30734,1.30688,1.30852,1.30816,1.30904,1.30926,1.3101,1.31062,1.31136,1.31156,1.3123,1.31314,1.31296,1.31364,1.314,1.31498,1.3162,1.31676,1.3168,1.31736,1.3187,1.31934,1.32008,1.31996,1.3208,1.3218,1.32224,1.32312,1.3238,1.32484,1.32538,1.3256,1.32666,1.32704,1.32808,1.32852,1.32896,1.3299,1.33086,1.33032
StDev,0.005415441,0.006637921,0.01119933,0.003786423,0.004147891,0.004720487,0.005955418,0.007031145,0.00860802,0.010629534,0.013596507,0.017556423,0.022268633,0.027370696,0.032410677,0.037203656,0.042720452,0.047856995,0.051943306,0.053966036,0.054488641,0.053150842,0.052293432,0.052265314,0.051217702,0.050421146,0.051177993,0.05113358,0.050704803,0.051131712,0.049985078,0.050355705,0.050450104,0.050529199,0.049739592,0.048158665,0.047649428,0.046732301,0.046219206,0.046177451,0.046364512,0.046237723,0.045588014,0.046143255,0.046446065,0.046261236,0.045934377,0.04628005,0.046604206,0.046062208,0.046831912,0.046186903,0.046317362,0.046250546,0.046921882,0.04686281,0.046962304,0.047087121,0.047595031,0.047037889,0.047427872,0.047332526,0.04716487,0.047053661,0.047572713,0.047028906,0.046767029,0.047046339,0.046978431,0.047107356,0.047145095,0.047295158,0.047138254,0.047478342,0.047218429,0.047043097,0.047357048,0.047564829,0.047649732,0.047267039,0.047293763,0.047319816,0.047650005,0.047270519,0.04752815,0.047734139,0.047268668,0.04729815,0.046939408,0.04697098,0.04730668,0.047584787,0.047240375,0.046937671,0.047012583,0.046963624
1;2,0.1181,0.1297,0.1218,0.1225,0.1256,0.1296,0.1354,0.1437,0.1557,0.1717,0.1945,0.2257,0.2687,0.326,0.3981,0.4834,0.5863,0.7,0.8153,0.9204,1.0121,1.0814,1.1302,1.1683,1.1972,1.2213,1.2418,1.2603,1.2759,1.2894,1.3005,1.3133,1.3266,1.339,1.3472,1.3521,1.3567,1.3584,1.3605,1.3609,1.3619,1.3637,1.3646,1.3666,1.3688,1.3697,1.3702,1.3716,1.3734,1.3731,1.3757,1.3751,1.3754,1.3758,1.3779,1.378,1.3794,1.3792,1.3813,1.3801,1.3814,1.382,1.3824,1.3827,1.3849,1.3839,1.384,1.385,1.3845,1.3854,1.3854,1.3871,1.3877,1.3895,1.3887,1.3892,1.3908,1.3917,1.3924,1.3918,1.3929,1.3942,1.395,1.3947,1.3964,1.3977,1.3973,1.398,1.3984,1.3985,1.3999,1.4017,1.4005,1.401,1.4024,1.402
2;1,0.1222,0.138,0.1239,0.1266,0.1305,0.1354,0.1433,0.153,0.1666,0.1841,0.2091,0.2429,0.2861,0.3418,0.408,0.4866,0.577,0.6758,0.7758,0.8716,0.9559,1.0219,1.0677,1.1027,1.1317,1.1561,1.1724,1.1905,1.2056,1.22,1.2303,1.2432,1.2548,1.2666,1.2737,1.2827,1.2867,1.2904,1.2922,1.294,1.2941,1.296,1.2959,1.2974,1.2985,1.2996,1.3013,1.3023,1.3038,1.3046,1.3069,1.306,1.305,1.3068,1.308,1.3092,1.309,1.3078,1.3104,1.31,1.3103,1.31,1.3115,1.3121,1.3118,1.3126,1.3125,1.3142,1.3148,1.3149,1.3156,1.3158,1.3174,1.3178,1.3171,1.3172,1.319,1.3202,1.3202,1.3206,1.3205,1.3217,1.3218,1.3239,1.3232,1.3245,1.3255,1.3248,1.3252,1.3258,1.3272,1.3267,1.3278,1.3287,1.3289,1.3281
2;2,0.1196,0.1328,0.1225,0.1204,0.1226,0.1258,0.1304,0.1368,0.1456,0.158,0.175,0.1987,0.2313,0.2759,0.3339,0.4054,0.4925,0.5924,0.6981,0.8009,0.8949,0.968,1.0208,1.0603,1.0934,1.1189,1.1402,1.1604,1.1762,1.1904,1.2035,1.2172,1.2304,1.2438,1.2533,1.262,1.2669,1.2702,1.2728,1.2742,1.2743,1.2765,1.2787,1.2792,1.2817,1.2823,1.2842,1.2855,1.2857,1.2871,1.289,1.289,1.288,1.2897,1.2896,1.2895,1.2906,1.291,1.2926,1.2926,1.294,1.2934,1.2937,1.2946,1.2945,1.2953,1.2961,1.2964,1.2964,1.2972,1.298,1.2988,1.3,1.3,1.3007,1.3011,1.3026,1.3035,1.3038,1.3043,1.3051,1.3056,1.3062,1.308,1.3083,1.3093,1.3098,1.3091,1.3107,1.3116,1.3123,1.3133,1.3132,1.3147,1.3159,1.3153
2;3,0.1157,0.1288,0.1192,0.1195,0.1221,0.1259,0.1309,0.1381,0.1478,0.1611,0.1796,0.2047,0.2385,0.2859,0.3459,0.4214,0.5107,0.6126,0.7208,0.8215,0.9141,0.9878,1.0393,1.0788,1.1093,1.1339,1.1561,1.1753,1.191,1.205,1.2179,1.2319,1.2443,1.2582,1.2672,1.276,1.2815,1.2851,1.2877,1.2897,1.2913,1.2926,1.2938,1.2953,1.297,1.2971,1.2988,1.2997,1.2998,1.3017,1.3039,1.3044,1.3037,1.3055,1.3063,1.3071,1.3082,1.3077,1.309,1.3085,1.3099,1.3101,1.3111,1.3114,1.3122,1.3123,1.3144,1.3153,1.3147,1.3158,1.3164,1.3172,1.3189,1.3184,1.3197,1.3204,1.3216,1.3216,1.3237,1.3225,1.3238,1.3244,1.3253,1.3257,1.3266,1.3275,1.3282,1.329,1.3306,1.3311,1.3323,1.3312,1.3338,1.3344,1.3352,1.3345
3;2,0.1298,0.1448,0.1466,0.1281,0.1307,0.1351,0.1416,0.1495,0.1596,0.1752,0.1948,0.2203,0.2563,0.3034,0.3607,0.4306,0.5124,0.6038,0.6984,0.7918,0.8754,0.945,0.9932,1.0296,1.0601,1.0864,1.1029,1.1208,1.1377,1.1496,1.1636,1.1748,1.1877,1.1994,1.2097,1.2188,1.2249,1.2292,1.2328,1.2331,1.2337,1.2358,1.2384,1.239,1.2401,1.2417,1.2429,1.2432,1.2444,1.2454,1.2457,1.247,1.2472,1.2475,1.248,1.2484,1.2495,1.2487,1.2493,1.2496,1.2496,1.2508,1.2518,1.2523,1.2534,1.2537,1.2545,1.2548,1.2544,1.2549,1.2546,1.256,1.257,1.2581,1.2578,1.2589,1.2595,1.2597,1.2603,1.2606,1.2617,1.2631,1.2629,1.2633,1.2645,1.2652,1.2661,1.2671,1.2684,1.2682,1.2687,1.2697,1.2695,1.2707,1.2719,1.2717
,,,,,,,,,,,,,,,,,,,,,,,,,,,,,,,,,,,,,,,,,,,,,,,,,,,,,,,,,,,,,,,,,,,,,,,,,,,,,,,,,,,,,,,,,,,,,,,,
Cycles / Well,,,,,,,,,,,,,,,,,,,,,,,,,,,,,,,,,,,,,,,,,,,,,,,,,,,,,,,,,,,,,,,,,,,,,,,,,,,,,,,,,,,,,,,,,,,,,,,,
B11,1,2,3,4,5,6,7,8,9,10,11,12,13,14,15,16,17,18,19,20,21,22,23,24,25,26,27,28,29,30,31,32,33,34,35,36,37,38,39,40,41,42,43,44,45,46,47,48,49,50,51,52,53,54,55,56,57,58,59,60,61,62,63,64,65,66,67,68,69,70,71,72,73,74,75,76,77,78,79,80,81,82,83,84,85,86,87,88,89,90,91,92,93,94,95,96
Time [s],0,1799.804,3599.705,5399.641,7199.561,8999.49,10799.409,12599.333,14399.26,16199.194,17999.109,19799.039,21598.958,23398.892,25198.808,26998.725,28798.661,30598.589,32398.489,34198.443,35998.374,37798.286,39598.224,41398.149,43198.081,44997.99,46797.917,48597.842,50397.765,52197.702,53997.621,55797.552,57597.468,59397.391,61197.317,62997.249,64797.163,66597.084,68397.028,70196.935,71996.864,73796.783,75596.71,77396.649,79196.565,80996.494,82796.414,84596.354,86396.27,88196.204,89996.112,91796.061,93595.971,95395.897,97195.829,98995.747,100795.679,102595.601,104395.534,106195.445,107995.377,109795.307,111595.236,113395.157,115195.076,116995.019,118794.937,120594.848,122394.785,124194.722,125994.648,127794.579,129594.494,131394.41,133194.341,134994.266,136794.185,138594.122,140394.047,142193.959,143993.87,145793.805,147593.724,149393.655,151193.569,152993.504,154793.443,156593.376,158393.277,160193.21,161993.13,163793.052,165592.982,167392.906,169192.831,170992.755
Temp. [°C],40.8,29.9,29.9,30,30,30.1,30,30.1,30,29.9,30,30,30,30,30,29.9,30,30,30.1,30.1,29.9,30,30,30,30.1,30.1,30,30.1,30.1,30,30,30,29.9,30.1,30,29.9,29.8,29.8,29.8,29.9,30.1,30.1,30,30.1,29.8,29.9,30,30,30,30.1,30,30,29.8,30,30,30.1,30.1,30,30.1,29.9,30,30.1,30.1,30,30,29.9,29.9,30.1,30,30,29.9,29.9,30,30,29.9,30.1,29.9,29.8,29.9,30,30,30.1,30,30,30.1,30.1,30.2,30.1,29.9,30,29.9,29.9,30.1,29.9,30,30
Mean,0.10046,0.11334,0.10066,0.10046,0.10056,0.10044,0.10054,0.10062,0.10064,0.10042,0.1006,0.10056,0.10046,0.10046,0.10034,0.1004,0.10044,0.1005,0.10048,0.10036,0.10034,0.10034,0.1003,0.10032,0.10018,0.10302,0.10032,0.10036,0.10026,0.10008,0.10028,0.10034,0.10026,0.10028,0.10024,0.10012,0.10022,0.10022,0.10024,0.10018,0.10026,0.1002,0.10018,0.10016,0.10004,0.1002,0.10008,0.10008,0.10002,0.10008,0.10012,0.1001,0.10014,0.1001,0.10018,0.10012,0.10014,0.1,0.10014,0.10014,0.10014,0.10006,0.10004,0.10006,0.10002,0.09992,0.10004,0.10004,0.1001,0.10008,0.09994,0.1,0.10004,0.1,0.10004,0.10006,0.10006,0.10006,0.09998,0.10006,0.09994,0.10002,0.09998,0.09998,0.09998,0.09998,0.10006,0.09988,0.1,0.10002,0.09998,0.09996,0.09996,0.09992,0.09994,0.09994
StDev,0.00282365,0.002536336,0.002616868,0.002933087,0.00291599,0.002960236,0.002963613,0.002896032,0.003016289,0.002917533,0.003003331,0.003005495,0.002989649,0.002950932,0.002944147,0.002895686,0.002960236,0.003003331,0.002997833,0.002917705,0.002979597,0.002908264,0.002892231,0.002896032,0.002882187,0.004963567,0.00297355,0.002897067,0.002875413,0.003014465,0.002881319,0.002828957,0.002855346,0.002958378,0.002925406,0.002925235,0.002952457,0.002914961,0.002922841,0.002937176,0.002933087,0.002909467,0.002882187,0.002911701,0.002922841,0.00296395,0.002900345,0.002843765,0.002858671,0.002882187,0.002896895,0.00296395,0.002977919,0.002925748,0.002881319,0.002896032,0.002828957,0.00287054,0.002828957,0.002866705,0.002740985,0.002894478,0.002922841,0.002855346,0.002896895,0.002896895,0.002884961,0.002886694,0.00296395,0.002920959,0.002922841,0.002925748,0.002813006,0.002946184,0.002905684,0.002893614,0.002911701,0.002893614,0.002937176,0.002893614,0.002905684,0.002841127,0.002937176,0.00286304,0.002882187,0.002881319,0.002873674,0.002881319,0.002869669,0.002858671,0.002882187,0.002855346,0.002874543,0.002878715,0.002921986,0.002921986
1;2,0.1036,0.1136,0.1036,0.1037,0.1037,0.1036,0.1038,0.1037,0.1039,0.1036,0.1039,0.1038,0.1038,0.1037,0.1035,0.1037,0.1036,0.1038,0.1038,0.1036,0.1036,0.1036,0.1035,0.1034,0.1033,0.1033,0.1036,0.1036,0.1034,0.1034,0.1033,0.1033,0.1033,0.1035,0.1035,0.1035,0.1034,0.1033,0.1034,0.1033,0.1035,0.1034,0.1033,0.1033,0.1031,0.1034,0.1032,0.1031,0.103,0.1032,0.1032,0.1033,0.1033,0.1032,0.1032,0.1031,0.1031,0.1031,0.1031,0.1032,0.1031,0.1032,0.1031,0.1031,0.1031,0.103,0.1031,0.1032,0.1033,0.1033,0.1031,0.1031,0.1031,0.1032,0.1032,0.1032,0.1032,0.1032,0.1031,0.1032,0.1031,0.103,0.1031,0.103,0.1031,0.103,0.1031,0.1029,0.103,0.103,0.1031,0.1029,0.103,0.103,0.103,0.103
2;1,0.0991,0.1118,0.0991,0.099,0.0992,0.0991,0.0993,0.0993,0.0993,0.099,0.0993,0.0991,0.0991,0.099,0.0988,0.099,0.099,0.099,0.099,0.0988,0.099,0.0989,0.0989,0.099,0.0989,0.0989,0.0989,0.0989,0.099,0.0986,0.099,0.0991,0.099,0.0989,0.0989,0.0986,0.0989,0.0989,0.0989,0.0989,0.0988,0.0989,0.0989,0.0989,0.0988,0.0988,0.0988,0.0988,0.0988,0.0988,0.0989,0.0988,0.0988,0.0988,0.0989,0.0988,0.0989,0.0987,0.0988,0.0988,0.0988,0.0988,0.0988,0.0988,0.0988,0.0987,0.0988,0.0988,0.0988,0.0987,0.0986,0.0987,0.0988,0.0986,0.0987,0.0987,0.0988,0.0987,0.0987,0.0987,0.0986,0.0988,0.0987,0.0988,0.0987,0.0987,0.0988,0.0986,0.0987,0.0988,0.0987,0.0987,0.0988,0.0986,0.0986,0.0986
2;2,0.1033,0.1161,0.1034,0.1034,0.1036,0.1035,0.1035,0.1036,0.1037,0.1034,0.1036,0.1036,0.1034,0.1034,0.1034,0.1032,0.1035,0.1035,0.1035,0.1033,0.1033,0.1032,0.1032,0.1033,0.1031,0.1031,0.1033,0.1032,0.1031,0.1031,0.1033,0.1033,0.1032,0.1033,0.1031,0.1029,0.1032,0.1032,0.1032,0.1032,0.1032,0.1031,0.1031,0.1031,0.1031,0.1032,0.103,0.103,0.103,0.103,0.1031,0.1031,0.1032,0.1031,0.1032,0.1032,0.1031,0.1029,0.1031,0.1031,0.103,0.103,0.1031,0.103,0.103,0.1029,0.103,0.1029,0.1031,0.103,0.1029,0.103,0.1029,0.103,0.103,0.103,0.103,0.103,0.103,0.103,0.1029,0.103,0.103,0.1029,0.1029,0.103,0.103,0.1029,0.103,0.103,0.1029,0.103,0.1029,0.1029,0.103,0.103
2;3,0.099,0.1099,0.099,0.0991,0.099,0.099,0.099,0.0993,0.0992,0.099,0.0991,0.0993,0.099,0.0992,0.099,0.099,0.0991,0.0992,0.099,0.099,0.099,0.099,0.0989,0.099,0.0988,0.0988,0.0989,0.0991,0.099,0.0987,0.0989,0.099,0.0989,0.0988,0.0989,0.0988,0.0989,0.099,0.0989,0.0988,0.0989,0.0988,0.0988,0.0988,0.0986,0.0989,0.0988,0.0988,0.0987,0.0987,0.0987,0.0987,0.0988,0.0988,0.0988,0.0988,0.0988,0.0987,0.0989,0.0988,0.0987,0.0986,0.0986,0.0987,0.0986,0.0985,0.0987,0.0987,0.0987,0.0987,0.0986,0.0987,0.0986,0.0986,0.0986,0.0987,0.0987,0.0987,0.0986,0.0987,0.0985,0.0986,0.0986,0.0987,0.0986,0.0986,0.0988,0.0985,0.0987,0.0987,0.0986,0.0986,0.0986,0.0985,0.0986,0.0986
3;2,0.0973,0.1153,0.0982,0.0971,0.0973,0.097,0.0971,0.0972,0.0971,0.0971,0.0971,0.097,0.097,0.097,0.097,0.0971,0.097,0.097,0.0971,0.0971,0.0968,0.097,0.097,0.0969,0.0968,0.111,0.0969,0.097,0.0968,0.0966,0.0969,0.097,0.0969,0.0969,0.0968,0.0968,0.0967,0.0967,0.0968,0.0967,0.0969,0.0968,0.0968,0.0967,0.0966,0.0967,0.0966,0.0967,0.0966,0.0967,0.0967,0.0966,0.0966,0.0966,0.0968,0.0967,0.0968,0.0966,0.0968,0.0968,0.0971,0.0967,0.0966,0.0967,0.0966,0.0965,0.0966,0.0966,0.0966,0.0967,0.0965,0.0965,0.0968,0.0966,0.0967,0.0967,0.0966,0.0967,0.0965,0.0967,0.0966,0.0967,0.0965,0.0965,0.0966,0.0966,0.0966,0.0965,0.0966,0.0966,0.0966,0.0966,0.0965,0.0966,0.0965,0.0965
,,,,,,,,,,,,,,,,,,,,,,,,,,,,,,,,,,,,,,,,,,,,,,,,,,,,,,,,,,,,,,,,,,,,,,,,,,,,,,,,,,,,,,,,,,,,,,,,
Cycles / Well,,,,,,,,,,,,,,,,,,,,,,,,,,,,,,,,,,,,,,,,,,,,,,,,,,,,,,,,,,,,,,,,,,,,,,,,,,,,,,,,,,,,,,,,,,,,,,,,
B12,1,2,3,4,5,6,7,8,9,10,11,12,13,14,15,16,17,18,19,20,21,22,23,24,25,26,27,28,29,30,31,32,33,34,35,36,37,38,39,40,41,42,43,44,45,46,47,48,49,50,51,52,53,54,55,56,57,58,59,60,61,62,63,64,65,66,67,68,69,70,71,72,73,74,75,76,77,78,79,80,81,82,83,84,85,86,87,88,89,90,91,92,93,94,95,96
Time [s],0,1799.804,3599.705,5399.641,7199.561,8999.49,10799.409,12599.333,14399.26,16199.194,17999.109,19799.039,21598.958,23398.892,25198.808,26998.725,28798.661,30598.589,32398.489,34198.443,35998.374,37798.286,39598.224,41398.149,43198.081,44997.99,46797.917,48597.842,50397.765,52197.702,53997.621,55797.552,57597.468,59397.391,61197.317,62997.249,64797.163,66597.084,68397.028,70196.935,71996.864,73796.783,75596.71,77396.649,79196.565,80996.494,82796.414,84596.354,86396.27,88196.204,89996.112,91796.061,93595.971,95395.897,97195.829,98995.747,100795.679,102595.601,104395.534,106195.445,107995.377,109795.307,111595.236,113395.157,115195.076,116995.019,118794.937,120594.848,122394.785,124194.722,125994.648,127794.579,129594.494,131394.41,133194.341,134994.266,136794.185,138594.122,140394.047,142193.959,143993.87,145793.805,147593.724,149393.655,151193.569,152993.504,154793.443,156593.376,158393.277,160193.21,161993.13,163793.052,165592.982,167392.906,169192.831,170992.755
Temp. [°C],40.8,29.9,29.9,30,30,30.1,30,30.1,30,29.9,30,30,30,30,30,29.9,30,30,30.1,30.1,29.9,30,30,30,30.1,30.1,30,30.1,30.1,30,30,30,29.9,30.1,30,29.9,29.8,29.8,29.8,29.9,30.1,30.1,30,30.1,29.8,29.9,30,30,30,30.1,30,30,29.8,30,30,30.1,30.1,30,30.1,29.9,30,30.1,30.1,30,30,29.9,29.9,30.1,30,30,29.9,29.9,30,30,29.9,30.1,29.9,29.8,29.9,30,30,30.1,30,30,30.1,30.1,30.2,30.1,29.9,30,29.9,29.9,30.1,29.9,30,30
Mean,0.10098,0.10228,0.1021,0.10274,0.10236,0.10334,0.10346,0.10382,0.1036,0.10372,0.10372,0.10372,0.10364,0.10334,0.10342,0.1034,0.10344,0.1036,0.10338,0.10348,0.10324,0.1032,0.10336,0.10358,0.10314,0.10376,0.10366,0.10396,0.10374,0.1036,0.10374,0.1038,0.10388,0.10382,0.10362,0.10368,0.10378,0.10366,0.10374,0.10416,0.10368,0.10394,0.1045,0.10428,0.10402,0.10414,0.10442,0.10374,0.10418,0.10416,0.10298,0.10358,0.10438,0.10454,0.10436,0.10392,0.10438,0.10336,0.1046,0.10414,0.10416,0.10382,0.10366,0.10436,0.10388,0.104,0.10352,0.10438,0.10206,0.10078,0.1007,0.10076,0.10082,0.10082,0.1009,0.10094,0.101,0.10118,0.10116,0.1012,0.10128,0.10122,0.10128,0.10128,0.10124,0.1012,0.10132,0.10104,0.10132,0.10132,0.10126,0.1013,0.10146,0.10132,0.1013,0.10138
StDev,0.004766235,0.00558095,0.006959167,0.007325162,0.007238992,0.008064304,0.008125762,0.008232982,0.008250152,0.008187002,0.008079418,0.008285349,0.008352125,0.00811591,0.00805059,0.008044563,0.008252757,0.008138489,0.007976653,0.008103826,0.007930195,0.00799062,0.007992684,0.008136154,0.007920417,0.007644148,0.008080099,0.008426328,0.008227576,0.008273754,0.008187674,0.00831685,0.008138304,0.008319675,0.008148742,0.008065792,0.00820317,0.008047546,0.008223625,0.008551783,0.008019476,0.008113754,0.009211949,0.008747685,0.008414392,0.008600174,0.008885212,0.007924519,0.008717626,0.008601337,0.007395066,0.007904872,0.008782483,0.009212112,0.008784247,0.008286254,0.008890276,0.007625484,0.008948743,0.008435816,0.008397797,0.007806536,0.007693374,0.008816632,0.00820378,0.008386298,0.007292256,0.008765101,0.00658354,0.002949068,0.002966479,0.002923696,0.002892577,0.002887386,0.002822233,0.002796963,0.002888771,0.002849912,0.002816558,0.002878368,0.002690167,0.002874369,0.002744449,0.002759891,0.002728186,0.002712932,0.002637613,0.002665145,0.002647074,0.00263856,0.002610172,0.0026,0.002557929,0.0025014,0.002531798,0.002570409
1;2,0.103,0.1033,0.1036,0.1038,0.104,0.1075,0.108,0.1096,0.1086,0.1094,0.1092,0.1095,0.1095,0.108,0.1085,0.1083,0.1087,0.1091,0.1082,0.1087,0.1077,0.1081,0.1087,0.1095,0.1079,0.1088,0.1105,0.1118,0.1112,0.111,0.1107,0.1113,0.1114,0.1116,0.1106,0.1114,0.1117,0.1107,0.1112,0.1136,0.1114,0.1129,0.1167,0.1154,0.1138,0.1145,0.1157,0.1122,0.115,0.1153,0.1069,0.1107,0.1155,0.1165,0.1154,0.1139,0.1153,0.11,0.1164,0.1147,0.115,0.1128,0.1112,0.1161,0.1141,0.1153,0.1103,0.1164,0.1026,0.1025,0.1025,0.1026,0.1025,0.1025,0.1024,0.1025,0.1025,0.1024,0.1024,0.1026,0.1025,0.1026,0.1025,0.1024,0.1024,0.1023,0.1024,0.1021,0.1024,0.1023,0.1022,0.1022,0.1025,0.1022,0.1022,0.1023
2;1,0.0977,0.1013,0.0977,0.098,0.0979,0.0979,0.0979,0.0982,0.0979,0.0981,0.0982,0.098,0.0979,0.0978,0.0979,0.0978,0.0977,0.098,0.0981,0.0979,0.0979,0.0977,0.098,0.0981,0.0978,0.0985,0.0982,0.0982,0.0981,0.098,0.0982,0.0983,0.0984,0.0981,0.0981,0.0982,0.0983,0.0981,0.098,0.0982,0.0982,0.0984,0.0985,0.0985,0.0982,0.0984,0.0985,0.0984,0.0983,0.0984,0.0982,0.0981,0.0985,0.0981,0.0982,0.0981,0.0983,0.0982,0.0985,0.0984,0.0984,0.0986,0.0984,0.0983,0.0982,0.0984,0.0986,0.0985,0.0979,0.1006,0.1002,0.1002,0.1003,0.0999,0.1006,0.1008,0.101,0.1018,0.1018,0.1021,0.1019,0.1018,0.1019,0.1024,0.1018,0.1017,0.1018,0.1013,0.1018,0.1023,0.1019,0.1015,0.1022,0.1015,0.1016,0.1019
2;2,0.1084,0.1112,0.1136,0.1149,0.1143,0.1156,0.1156,0.1154,0.1157,0.1153,0.1152,0.1154,0.1154,0.1154,0.1151,0.1152,0.1154,0.1152,0.1151,0.1152,0.1151,0.1149,0.1148,0.1149,0.1148,0.1148,0.1142,0.1144,0.1141,0.1141,0.1144,0.1143,0.114,0.1141,0.1142,0.1135,0.1137,0.114,0.1141,0.1134,0.1134,0.1127,0.1121,0.1121,0.1126,0.1125,0.1124,0.1126,0.1123,0.1116,0.1142,0.1136,0.1123,0.1125,0.1124,0.112,0.1128,0.1132,0.1121,0.1119,0.1115,0.1119,0.1129,0.1116,0.1115,0.1107,0.1126,0.1111,0.1133,0.1048,0.1048,0.1048,0.1049,0.105,0.1049,0.1048,0.105,0.105,0.1049,0.1048,0.1048,0.105,0.1049,0.1047,0.1049,0.1049,0.1049,0.1048,0.1049,0.1047,0.1048,0.105,0.1047,0.1048,0.1048,0.1048
2;3,0.0989,0.099,0.099,0.1004,0.099,0.099,0.0992,0.0992,0.0992,0.099,0.0993,0.0991,0.0989,0.099,0.0991,0.099,0.0989,0.099,0.0989,0.0989,0.0988,0.0988,0.0987,0.0988,0.0987,0.0987,0.0988,0.0987,0.0986,0.0984,0.0988,0.0985,0.0988,0.0986,0.0986,0.0985,0.0985,0.0987,0.0986,0.0987,0.0986,0.0987,0.0985,0.0985,0.0986,0.0985,0.0984,0.0984,0.0984,0.0985,0.0985,0.0984,0.0985,0.0984,0.0985,0.0985,0.0985,0.0984,0.0985,0.0985,0.0984,0.0984,0.0984,0.0984,0.0983,0.0983,0.0984,0.0984,0.0987,0.0983,0.0984,0.0982,0.0982,0.0984,0.0983,0.0983,0.0982,0.0983,0.0983,0.0983,0.0982,0.0982,0.0982,0.0981,0.0982,0.0982,0.0983,0.0982,0.0982,0.0983,0.0983,0.0982,0.0981,0.0981,0.0981,0.098
3;2,0.0969,0.0966,0.0966,0.0966,0.0966,0.0967,0.0966,0.0967,0.0966,0.0968,0.0967,0.0966,0.0965,0.0965,0.0965,0.0967,0.0965,0.0967,0.0966,0.0967,0.0967,0.0965,0.0966,0.0966,0.0965,0.098,0.0966,0.0967,0.0967,0.0965,0.0966,0.0966,0.0968,0.0967,0.0966,0.0968,0.0967,0.0968,0.0968,0.0969,0.0968,0.097,0.0967,0.0969,0.0969,0.0968,0.0971,0.0971,0.0969,0.097,0.0971,0.0971,0.0971,0.0972,0.0973,0.0971,0.097,0.097,0.0975,0.0972,0.0975,0.0974,0.0974,0.0974,0.0973,0.0973,0.0977,0.0975,0.0978,0.0977,0.0976,0.098,0.0982,0.0983,0.0983,0.0983,0.0983,0.0984,0.0984,0.0982,0.099,0.0985,0.0989,0.0988,0.0989,0.0989,0.0992,0.0988,0.0993,0.099,0.0991,0.0996,0.0998,0.1,0.0998,0.0999
,,,,,,,,,,,,,,,,,,,,,,,,,,,,,,,,,,,,,,,,,,,,,,,,,,,,,,,,,,,,,,,,,,,,,,,,,,,,,,,,,,,,,,,,,,,,,,,,
Cycles / Well,,,,,,,,,,,,,,,,,,,,,,,,,,,,,,,,,,,,,,,,,,,,,,,,,,,,,,,,,,,,,,,,,,,,,,,,,,,,,,,,,,,,,,,,,,,,,,,,
C1,1,2,3,4,5,6,7,8,9,10,11,12,13,14,15,16,17,18,19,20,21,22,23,24,25,26,27,28,29,30,31,32,33,34,35,36,37,38,39,40,41,42,43,44,45,46,47,48,49,50,51,52,53,54,55,56,57,58,59,60,61,62,63,64,65,66,67,68,69,70,71,72,73,74,75,76,77,78,79,80,81,82,83,84,85,86,87,88,89,90,91,92,93,94,95,96
Time [s],0,1799.804,3599.705,5399.641,7199.561,8999.49,10799.409,12599.333,14399.26,16199.194,17999.109,19799.039,21598.958,23398.892,25198.808,26998.725,28798.661,30598.589,32398.489,34198.443,35998.374,37798.286,39598.224,41398.149,43198.081,44997.99,46797.917,48597.842,50397.765,52197.702,53997.621,55797.552,57597.468,59397.391,61197.317,62997.249,64797.163,66597.084,68397.028,70196.935,71996.864,73796.783,75596.71,77396.649,79196.565,80996.494,82796.414,84596.354,86396.27,88196.204,89996.112,91796.061,93595.971,95395.897,97195.829,98995.747,100795.679,102595.601,104395.534,106195.445,107995.377,109795.307,111595.236,113395.157,115195.076,116995.019,118794.937,120594.848,122394.785,124194.722,125994.648,127794.579,129594.494,131394.41,133194.341,134994.266,136794.185,138594.122,140394.047,142193.959,143993.87,145793.805,147593.724,149393.655,151193.569,152993.504,154793.443,156593.376,158393.277,160193.21,161993.13,163793.052,165592.982,167392.906,169192.831,170992.755
Temp. [°C],40.8,29.9,29.9,30,30,30.1,30,30.1,30,29.9,30,30,30,30,30,29.9,30,30,30.1,30.1,29.9,30,30,30,30.1,30.1,30,30.1,30.1,30,30,30,29.9,30.1,30,29.9,29.8,29.8,29.8,29.9,30.1,30.1,30,30.1,29.8,29.9,30,30,30,30.1,30,30,29.8,30,30,30.1,30.1,30,30.1,29.9,30,30.1,30.1,30,30,29.9,29.9,30.1,30,30,29.9,29.9,30,30,29.9,30.1,29.9,29.8,29.9,30,30,30.1,30,30,30.1,30.1,30.2,30.1,29.9,30,29.9,29.9,30.1,29.9,30,30
Mean,0.0989,0.09964,0.09914,0.09918,0.09932,0.09918,0.09928,0.09928,0.09928,0.09924,0.09942,0.09942,0.09926,0.09926,0.09914,0.0993,0.0992,0.09938,0.09946,0.09932,0.09906,0.09912,0.09914,0.0993,0.09902,0.09916,0.0992,0.09916,0.09902,0.0989,0.09912,0.09922,0.09916,0.09912,0.09912,0.09906,0.09908,0.09908,0.09908,0.09906,0.09912,0.09904,0.09902,0.09902,0.09902,0.09902,0.09904,0.099,0.09896,0.09902,0.09906,0.09906,0.09912,0.09904,0.09912,0.09902,0.09906,0.09894,0.09912,0.09912,0.099,0.09912,0.09906,0.09904,0.09902,0.09898,0.09916,0.09916,0.09916,0.09916,0.09908,0.09912,0.09926,0.09926,0.09928,0.09932,0.09936,0.09932,0.09944,0.09932,0.09932,0.09936,0.09942,0.0994,0.09944,0.09956,0.0996,0.0995,0.09962,0.09968,0.09964,0.09978,0.09976,0.09984,0.0998,0.09986
StDev,0.001683746,0.002336236,0.002368122,0.002462113,0.002514359,0.002537124,0.002563591,0.002656501,0.002648018,0.002640644,0.002692025,0.002819042,0.002737334,0.002796069,0.002796963,0.002770379,0.00278478,0.002868275,0.002919418,0.002914104,0.002931382,0.002883921,0.002911701,0.00297069,0.002971027,0.002931382,0.002943637,0.002961925,0.003022747,0.002972373,0.002965974,0.00299366,0.003043518,0.002952457,0.003078474,0.003038585,0.003137196,0.003165754,0.003118814,0.003115766,0.003134007,0.003156422,0.003181509,0.003168122,0.003168122,0.003126819,0.003154838,0.003184337,0.003184023,0.003163384,0.003178522,0.003223818,0.003205776,0.003145314,0.00312602,0.003166544,0.003143724,0.003131773,0.003188573,0.003221335,0.003226453,0.003184651,0.003209829,0.003176948,0.003132411,0.003213565,0.003186377,0.003121378,0.003169069,0.003169069,0.003097095,0.003165754,0.003162752,0.003111752,0.003088203,0.003096288,0.003066431,0.003062189,0.003126979,0.003092248,0.003003664,0.003063168,0.002960068,0.003043846,0.002914275,0.00291599,0.002948729,0.002893959,0.002870017,0.002836723,0.002862342,0.002869146,0.002822765,0.00285972,0.002852192,0.00283249
1;2,0.1013,0.1022,0.1024,0.1026,0.1027,0.1025,0.1028,0.1028,0.1027,0.1027,0.1029,0.1032,0.1028,0.1028,0.1028,0.1028,0.1028,0.103,0.1033,0.1031,0.1028,0.1027,0.1029,0.1031,0.1029,0.103,0.103,0.1028,0.1028,0.1026,0.1028,0.1029,0.103,0.1028,0.1029,0.1029,0.1029,0.1029,0.1029,0.1029,0.1029,0.1028,0.1028,0.1028,0.1028,0.1027,0.1027,0.1028,0.1027,0.1028,0.1027,0.1028,0.1028,0.1026,0.1027,0.1026,0.1026,0.1025,0.1028,0.1028,0.1027,0.1027,0.1027,0.1026,0.1025,0.1026,0.1028,0.1027,0.1027,0.1027,0.1025,0.1027,0.1029,0.1027,0.1027,0.1028,0.1028,0.1026,0.1029,0.1027,0.1026,0.1027,0.1026,0.1026,0.1026,0.1026,0.1027,0.1025,0.1027,0.1026,0.1025,0.1027,0.1026,0.1027,0.1027,0.1026
2;1,0.0979,0.0977,0.0976,0.0974,0.0975,0.0972,0.0972,0.097,0.0971,0.0972,0.0971,0.0972,0.0971,0.097,0.0969,0.0971,0.0969,0.097,0.0971,0.0969,0.0967,0.0969,0.0968,0.0971,0.0966,0.0969,0.0969,0.0967,0.0966,0.0965,0.0967,0.0968,0.0968,0.0968,0.0967,0.0966,0.0965,0.0965,0.0965,0.0965,0.0965,0.0964,0.0964,0.0965,0.0965,0.0964,0.0965,0.0963,0.0964,0.0964,0.0965,0.0963,0.0965,0.0964,0.0966,0.0963,0.0965,0.0964,0.0965,0.0965,0.0963,0.0965,0.0965,0.0964,0.0964,0.0963,0.0964,0.0964,0.0964,0.0964,0.0963,0.0963,0.0963,0.0963,0.0964,0.0964,0.0964,0.0963,0.0963,0.0963,0.0963,0.0963,0.0964,0.0962,0.0963,0.0963,0.0962,0.0962,0.0964,0.0964,0.0962,0.0963,0.0963,0.0963,0.0963,0.0963
2;2,0.0998,0.1005,0.1007,0.1008,0.1011,0.1011,0.101,0.1011,0.1013,0.1012,0.1014,0.1015,0.1014,0.1015,0.1013,0.1015,0.1014,0.1017,0.1016,0.1016,0.1014,0.1016,0.1014,0.1016,0.1013,0.1014,0.1015,0.1017,0.1015,0.1014,0.1016,0.1018,0.1017,0.1016,0.1018,0.1016,0.1018,0.1019,0.1018,0.1017,0.1019,0.1019,0.1019,0.1019,0.1019,0.1019,0.102,0.1019,0.1019,0.1019,0.1021,0.1021,0.1022,0.1021,0.1021,0.1021,0.1021,0.102,0.1022,0.1023,0.1021,0.1023,0.1022,0.1022,0.1022,0.1022,0.1023,0.1023,0.1024,0.1024,0.1023,0.1023,0.1024,0.1025,0.1025,0.1025,0.1025,0.1026,0.1027,0.1026,0.1025,0.1026,0.1026,0.1027,0.1025,0.1027,0.1027,0.1026,0.1026,0.1027,0.1027,0.1027,0.1027,0.1027,0.1026,0.1027
2;3,0.0985,0.1011,0.0984,0.0984,0.0986,0.0985,0.0986,0.0989,0.0987,0.0986,0.099,0.0985,0.0985,0.0986,0.0983,0.0987,0.0984,0.0987,0.0988,0.0985,0.0983,0.0982,0.0984,0.0986,0.0982,0.0983,0.0984,0.0984,0.0983,0.0981,0.0984,0.0984,0.0982,0.0983,0.0982,0.0981,0.0983,0.0982,0.0982,0.0983,0.0983,0.0982,0.0982,0.0981,0.0981,0.0982,0.0982,0.0981,0.0981,0.0981,0.0982,0.0982,0.0982,0.0982,0.0983,0.0982,0.0983,0.098,0.0981,0.098,0.0981,0.0981,0.0981,0.0981,0.098,0.0979,0.0981,0.098,0.098,0.098,0.0979,0.098,0.098,0.098,0.098,0.098,0.0981,0.0981,0.098,0.0979,0.0979,0.098,0.098,0.0981,0.098,0.098,0.098,0.0979,0.0979,0.098,0.098,0.0979,0.0981,0.0979,0.0978,0.0979
3;2,0.097,0.0967,0.0966,0.0967,0.0967,0.0966,0.0968,0.0966,0.0966,0.0965,0.0967,0.0967,0.0965,0.0964,0.0964,0.0964,0.0965,0.0965,0.0965,0.0965,0.0961,0.0962,0.0962,0.0961,0.0961,0.0962,0.0962,0.0962,0.0959,0.0959,0.0961,0.0962,0.0961,0.0961,0.096,0.0961,0.0959,0.0959,0.096,0.0959,0.096,0.0959,0.0958,0.0958,0.0958,0.0959,0.0958,0.0959,0.0957,0.0959,0.0958,0.0959,0.0959,0.0959,0.0959,0.0959,0.0958,0.0958,0.096,0.096,0.0958,0.096,0.0958,0.0959,0.096,0.0959,0.0962,0.0964,0.0963,0.0963,0.0964,0.0963,0.0967,0.0968,0.0968,0.0969,0.097,0.097,0.0973,0.0971,0.0973,0.0972,0.0975,0.0974,0.0978,0.0982,0.0984,0.0983,0.0985,0.0987,0.0988,0.0993,0.0991,0.0996,0.0996,0.0998
,,,,,,,,,,,,,,,,,,,,,,,,,,,,,,,,,,,,,,,,,,,,,,,,,,,,,,,,,,,,,,,,,,,,,,,,,,,,,,,,,,,,,,,,,,,,,,,,
Cycles / Well,,,,,,,,,,,,,,,,,,,,,,,,,,,,,,,,,,,,,,,,,,,,,,,,,,,,,,,,,,,,,,,,,,,,,,,,,,,,,,,,,,,,,,,,,,,,,,,,
C2,1,2,3,4,5,6,7,8,9,10,11,12,13,14,15,16,17,18,19,20,21,22,23,24,25,26,27,28,29,30,31,32,33,34,35,36,37,38,39,40,41,42,43,44,45,46,47,48,49,50,51,52,53,54,55,56,57,58,59,60,61,62,63,64,65,66,67,68,69,70,71,72,73,74,75,76,77,78,79,80,81,82,83,84,85,86,87,88,89,90,91,92,93,94,95,96
Time [s],0,1799.804,3599.705,5399.641,7199.561,8999.49,10799.409,12599.333,14399.26,16199.194,17999.109,19799.039,21598.958,23398.892,25198.808,26998.725,28798.661,30598.589,32398.489,34198.443,35998.374,37798.286,39598.224,41398.149,43198.081,44997.99,46797.917,48597.842,50397.765,52197.702,53997.621,55797.552,57597.468,59397.391,61197.317,62997.249,64797.163,66597.084,68397.028,70196.935,71996.864,73796.783,75596.71,77396.649,79196.565,80996.494,82796.414,84596.354,86396.27,88196.204,89996.112,91796.061,93595.971,95395.897,97195.829,98995.747,100795.679,102595.601,104395.534,106195.445,107995.377,109795.307,111595.236,113395.157,115195.076,116995.019,118794.937,120594.848,122394.785,124194.722,125994.648,127794.579,129594.494,131394.41,133194.341,134994.266,136794.185,138594.122,140394.047,142193.959,143993.87,145793.805,147593.724,149393.655,151193.569,152993.504,154793.443,156593.376,158393.277,160193.21,161993.13,163793.052,165592.982,167392.906,169192.831,170992.755
Temp. [°C],40.8,29.9,29.9,30,30,30.1,30,30.1,30,29.9,30,30,30,30,30,29.9,30,30,30.1,30.1,29.9,30,30,30,30.1,30.1,30,30.1,30.1,30,30,30,29.9,30.1,30,29.9,29.8,29.8,29.8,29.9,30.1,30.1,30,30.1,29.8,29.9,30,30,30,30.1,30,30,29.8,30,30,30.1,30.1,30,30.1,29.9,30,30.1,30.1,30,30,29.9,29.9,30.1,30,30,29.9,29.9,30,30,29.9,30.1,29.9,29.8,29.9,30,30,30.1,30,30,30.1,30.1,30.2,30.1,29.9,30,29.9,29.9,30.1,29.9,30,30
Mean,0.117,0.1347,0.15522,0.12754,0.1255,0.12996,0.13616,0.14444,0.15412,0.16682,0.18334,0.20374,0.22908,0.25928,0.29414,0.33394,0.37936,0.43264,0.49244,0.56262,0.64846,0.75106,0.85536,0.94512,1.01534,1.0738,1.12252,1.16222,1.19516,1.22506,1.2504,1.27386,1.2932,1.31482,1.33374,1.34816,1.35956,1.36918,1.37628,1.38268,1.38794,1.39334,1.39804,1.40188,1.40636,1.40912,1.41336,1.41612,1.4199,1.42242,1.42544,1.42822,1.43078,1.43266,1.4349,1.43838,1.44012,1.4427,1.44524,1.44722,1.44958,1.45124,1.45298,1.4553,1.45682,1.459,1.46122,1.46302,1.46452,1.46654,1.46766,1.46982,1.47196,1.47386,1.47472,1.4765,1.4778,1.47938,1.48074,1.48232,1.48312,1.48532,1.486,1.4879,1.48898,1.49062,1.49202,1.49282,1.49438,1.49584,1.49666,1.49852,1.49984,1.50064,1.503,1.50302
StDev,0.003957272,0.007557777,0.012927761,0.010755603,0.0062518,0.007112876,0.008386477,0.010272439,0.011975475,0.015088472,0.018884994,0.023967958,0.030078597,0.037188735,0.044674635,0.054724702,0.065837436,0.077780094,0.093263085,0.116424469,0.146901236,0.184639332,0.21117452,0.22466293,0.225935019,0.223803619,0.216095447,0.207960542,0.199642864,0.188657369,0.17805947,0.165574494,0.15376152,0.139935331,0.126040799,0.114998796,0.107145196,0.100653152,0.095644718,0.091703909,0.088684683,0.085846858,0.083313222,0.081374302,0.079332484,0.078474053,0.077054124,0.075480938,0.074277924,0.073526573,0.072405166,0.070941011,0.069868748,0.070048576,0.069290512,0.068429029,0.067552069,0.066761441,0.065912047,0.065062293,0.064439716,0.064260237,0.06409553,0.063378703,0.062890079,0.062360444,0.062022875,0.06159474,0.061441126,0.060865204,0.060584718,0.059727523,0.059049539,0.058834794,0.058572792,0.057963739,0.057441666,0.057698891,0.056932838,0.056567632,0.056538456,0.056287317,0.056232508,0.055677599,0.055577037,0.055303363,0.054607619,0.054617506,0.054560306,0.05447213,0.054074144,0.053549949,0.054064804,0.053251976,0.052881235,0.052695987
1;2,0.115,0.128,0.1435,0.1179,0.1205,0.1238,0.1284,0.1342,0.1407,0.1482,0.1577,0.1684,0.1819,0.1985,0.2196,0.2423,0.2695,0.3035,0.34,0.378,0.4284,0.4909,0.5675,0.6418,0.7145,0.7739,0.8325,0.8815,0.9242,0.9674,1.0034,1.0423,1.0775,1.1151,1.1527,1.1828,1.2042,1.2222,1.2367,1.249,1.2581,1.2667,1.276,1.2827,1.29,1.294,1.3003,1.3051,1.3104,1.3141,1.3185,1.3241,1.3279,1.3299,1.3329,1.3368,1.3411,1.3443,1.3487,1.3518,1.3545,1.3567,1.3587,1.362,1.3649,1.3683,1.3704,1.373,1.3747,1.3768,1.379,1.3821,1.3849,1.3873,1.3887,1.3916,1.3932,1.3946,1.3969,1.399,1.4005,1.4029,1.4041,1.4067,1.408,1.4102,1.4128,1.4131,1.4151,1.4164,1.418,1.4206,1.4211,1.423,1.4258,1.4262
2;1,0.117,0.138,0.1638,0.1342,0.1292,0.1345,0.1427,0.1525,0.1633,0.1768,0.1945,0.2151,0.2391,0.2669,0.2981,0.3324,0.3717,0.4195,0.4703,0.5255,0.5897,0.6657,0.746,0.8245,0.8854,0.9475,1.0006,1.0473,1.088,1.1254,1.1621,1.1944,1.2234,1.2561,1.2825,1.3027,1.32,1.3329,1.3423,1.3505,1.3581,1.3649,1.3699,1.3748,1.3794,1.3825,1.3876,1.3915,1.3954,1.3986,1.4027,1.4043,1.4078,1.4097,1.4128,1.418,1.4185,1.4214,1.4225,1.425,1.4284,1.4295,1.432,1.4339,1.4352,1.437,1.4398,1.4422,1.4433,1.4463,1.4466,1.4495,1.4519,1.4534,1.4545,1.4563,1.4587,1.4596,1.4613,1.4623,1.4628,1.4651,1.4656,1.4674,1.4684,1.4694,1.4708,1.4727,1.4738,1.4753,1.4767,1.4783,1.4794,1.4809,1.4832,1.4833
2;2,0.1162,0.134,0.1533,0.1263,0.1225,0.1266,0.1321,0.1401,0.1503,0.1636,0.1817,0.2053,0.2358,0.2732,0.3165,0.3654,0.4203,0.4826,0.5487,0.6185,0.6915,0.7715,0.8573,0.9401,1.0111,1.0688,1.1183,1.1582,1.1896,1.2211,1.247,1.2714,1.2868,1.3107,1.3308,1.3447,1.3557,1.3672,1.3737,1.3794,1.3844,1.3919,1.3954,1.3988,1.4046,1.4074,1.4113,1.414,1.4188,1.4207,1.4237,1.427,1.4296,1.4305,1.4331,1.4369,1.4374,1.4414,1.4447,1.4466,1.4493,1.4511,1.4519,1.4554,1.4556,1.4574,1.4607,1.4616,1.4637,1.4667,1.467,1.4697,1.4725,1.4748,1.4749,1.4765,1.478,1.4798,1.4815,1.4834,1.4835,1.4862,1.4858,1.4887,1.4895,1.4919,1.4931,1.4935,1.495,1.4972,1.4971,1.4997,1.5011,1.5016,1.5045,1.5042
2;3,0.1132,0.1277,0.1429,0.1171,0.1206,0.1247,0.1302,0.1374,0.1467,0.1589,0.1754,0.1967,0.2245,0.2587,0.2989,0.3463,0.4003,0.4616,0.5304,0.6149,0.7174,0.8498,1.0009,1.1189,1.2,1.2623,1.3061,1.3386,1.3659,1.3861,1.4018,1.4135,1.4229,1.4302,1.436,1.4392,1.444,1.4469,1.4496,1.4528,1.4558,1.4578,1.4604,1.4626,1.4651,1.4671,1.4701,1.4715,1.4742,1.4759,1.4774,1.4794,1.4812,1.4832,1.484,1.4864,1.4883,1.4896,1.4917,1.4933,1.495,1.4966,1.4982,1.4996,1.5016,1.5037,1.5049,1.5062,1.5077,1.5087,1.5109,1.5114,1.5133,1.5145,1.5157,1.5168,1.5169,1.5189,1.5197,1.5228,1.5224,1.5241,1.5256,1.5262,1.5279,1.529,1.5302,1.5311,1.5323,1.5335,1.5337,1.535,1.537,1.5371,1.5391,1.5391
3;2,0.1236,0.1458,0.1726,0.1422,0.1347,0.1402,0.1474,0.158,0.1696,0.1866,0.2074,0.2332,0.2641,0.2991,0.3376,0.3833,0.435,0.496,0.5728,0.6762,0.8153,0.9774,1.1051,1.2003,1.2657,1.3165,1.3551,1.3855,1.4081,1.4253,1.4377,1.4477,1.4554,1.462,1.4667,1.4714,1.4739,1.4767,1.4791,1.4817,1.4833,1.4854,1.4885,1.4905,1.4927,1.4946,1.4975,1.4985,1.5007,1.5028,1.5049,1.5063,1.5074,1.51,1.5117,1.5138,1.5153,1.5168,1.5186,1.5194,1.5207,1.5223,1.5241,1.5256,1.5268,1.5286,1.5303,1.5321,1.5332,1.5342,1.5348,1.5364,1.5372,1.5393,1.5398,1.5413,1.5422,1.544,1.5443,1.5441,1.5464,1.5483,1.5489,1.5505,1.5511,1.5526,1.5532,1.5537,1.5557,1.5568,1.5578,1.559,1.5606,1.5606,1.5624,1.5623
,,,,,,,,,,,,,,,,,,,,,,,,,,,,,,,,,,,,,,,,,,,,,,,,,,,,,,,,,,,,,,,,,,,,,,,,,,,,,,,,,,,,,,,,,,,,,,,,
Cycles / Well,,,,,,,,,,,,,,,,,,,,,,,,,,,,,,,,,,,,,,,,,,,,,,,,,,,,,,,,,,,,,,,,,,,,,,,,,,,,,,,,,,,,,,,,,,,,,,,,
C3,1,2,3,4,5,6,7,8,9,10,11,12,13,14,15,16,17,18,19,20,21,22,23,24,25,26,27,28,29,30,31,32,33,34,35,36,37,38,39,40,41,42,43,44,45,46,47,48,49,50,51,52,53,54,55,56,57,58,59,60,61,62,63,64,65,66,67,68,69,70,71,72,73,74,75,76,77,78,79,80,81,82,83,84,85,86,87,88,89,90,91,92,93,94,95,96
Time [s],0,1799.804,3599.705,5399.641,7199.561,8999.49,10799.409,12599.333,14399.26,16199.194,17999.109,19799.039,21598.958,23398.892,25198.808,26998.725,28798.661,30598.589,32398.489,34198.443,35998.374,37798.286,39598.224,41398.149,43198.081,44997.99,46797.917,48597.842,50397.765,52197.702,53997.621,55797.552,57597.468,59397.391,61197.317,62997.249,64797.163,66597.084,68397.028,70196.935,71996.864,73796.783,75596.71,77396.649,79196.565,80996.494,82796.414,84596.354,86396.27,88196.204,89996.112,91796.061,93595.971,95395.897,97195.829,98995.747,100795.679,102595.601,104395.534,106195.445,107995.377,109795.307,111595.236,113395.157,115195.076,116995.019,118794.937,120594.848,122394.785,124194.722,125994.648,127794.579,129594.494,131394.41,133194.341,134994.266,136794.185,138594.122,140394.047,142193.959,143993.87,145793.805,147593.724,149393.655,151193.569,152993.504,154793.443,156593.376,158393.277,160193.21,161993.13,163793.052,165592.982,167392.906,169192.831,170992.755
Temp. [°C],40.8,29.9,29.9,30,30,30.1,30,30.1,30,29.9,30,30,30,30,30,29.9,30,30,30.1,30.1,29.9,30,30,30,30.1,30.1,30,30.1,30.1,30,30,30,29.9,30.1,30,29.9,29.8,29.8,29.8,29.9,30.1,30.1,30,30.1,29.8,29.9,30,30,30,30.1,30,30,29.8,30,30,30.1,30.1,30,30.1,29.9,30,30.1,30.1,30,30,29.9,29.9,30.1,30,30,29.9,29.9,30,30,29.9,30.1,29.9,29.8,29.9,30,30,30.1,30,30,30.1,30.1,30.2,30.1,29.9,30,29.9,29.9,30.1,29.9,30,30
Mean,0.12168,0.13666,0.15758,0.13182,0.1318,0.13726,0.14472,0.15482,0.16696,0.18298,0.2047,0.23266,0.2696,0.31586,0.37128,0.43802,0.51646,0.60542,0.70466,0.811,0.91894,1.02372,1.11898,1.19726,1.25658,1.3045,1.34164,1.3708,1.39178,1.40832,1.41984,1.42902,1.43638,1.44084,1.44488,1.4484,1.45144,1.45412,1.45682,1.45954,1.46148,1.46428,1.46664,1.46902,1.47154,1.47448,1.47662,1.47878,1.48156,1.48346,1.48582,1.4878,1.4896,1.49184,1.49328,1.49552,1.4976,1.49912,1.50104,1.50272,1.5042,1.50628,1.50806,1.50942,1.51076,1.51298,1.51544,1.51652,1.518,1.5193,1.52106,1.5225,1.52436,1.52578,1.527,1.52812,1.53026,1.53126,1.53216,1.53332,1.5351,1.53638,1.53726,1.53884,1.54044,1.54168,1.5427,1.54416,1.54564,1.5468,1.54782,1.54932,1.5498,1.55182,1.55336,1.5533
StDev,0.006351929,0.006874082,0.010884944,0.012356456,0.009139748,0.009735143,0.011305618,0.013503222,0.015765564,0.019045524,0.02295855,0.027864637,0.033290689,0.038334749,0.042172942,0.045557348,0.049086689,0.051093757,0.05243003,0.053909229,0.054293213,0.052835708,0.050143364,0.045060548,0.041065703,0.038142693,0.036426817,0.034362189,0.033241721,0.032027754,0.030582806,0.029867491,0.02896018,0.028524428,0.028256893,0.028059669,0.027509507,0.027311115,0.027071147,0.027053429,0.026595338,0.026960007,0.027067748,0.026675588,0.026420409,0.025916539,0.026144158,0.025872998,0.025732528,0.02593594,0.025835286,0.02570817,0.02532558,0.025374948,0.025431811,0.02538537,0.025034976,0.025284422,0.025036933,0.024828653,0.025107867,0.024849084,0.024645243,0.024755949,0.024604735,0.024746454,0.024658528,0.024692651,0.024240256,0.024521929,0.024737381,0.024311109,0.024657615,0.024354096,0.02393721,0.023841183,0.024083459,0.024328851,0.024488732,0.024478807,0.023905334,0.024093505,0.024183114,0.023671143,0.023854413,0.023761776,0.023737418,0.023770738,0.023633303,0.023784133,0.023632012,0.023417451,0.02381827,0.02352758,0.023265919,0.023612179
1;2,0.1174,0.1319,0.1488,0.1222,0.1248,0.1293,0.1352,0.143,0.1527,0.1651,0.1823,0.2048,0.2347,0.2743,0.3236,0.3848,0.4567,0.541,0.6369,0.7406,0.8487,0.9563,1.0555,1.1413,1.2058,1.2591,1.2982,1.3298,1.3525,1.371,1.3849,1.3946,1.4041,1.4093,1.4133,1.417,1.4212,1.4235,1.4269,1.4302,1.4324,1.4345,1.4365,1.4396,1.4424,1.4455,1.4479,1.4503,1.4531,1.4551,1.4578,1.4599,1.4614,1.4638,1.4652,1.4666,1.4703,1.4705,1.4737,1.4755,1.4766,1.4786,1.4811,1.4818,1.4837,1.4859,1.4879,1.4894,1.4911,1.4919,1.4932,1.4952,1.4969,1.499,1.5003,1.5014,1.503,1.5038,1.5043,1.5053,1.5085,1.5092,1.5101,1.5123,1.5136,1.5149,1.5163,1.5173,1.5189,1.5199,1.5214,1.5222,1.5225,1.5251,1.527,1.5264
2;1,0.124,0.1412,0.1622,0.1459,0.1362,0.1428,0.1513,0.1625,0.175,0.1909,0.2129,0.2405,0.2775,0.3235,0.3786,0.4428,0.5174,0.6006,0.6929,0.7931,0.8942,0.9952,1.0894,1.1683,1.2298,1.2774,1.3161,1.3468,1.3677,1.3857,1.3973,1.4081,1.4149,1.4194,1.4242,1.4283,1.431,1.4344,1.4371,1.4394,1.4419,1.4446,1.4469,1.4493,1.4522,1.4556,1.4573,1.4597,1.4624,1.464,1.4658,1.4681,1.4707,1.4725,1.474,1.4771,1.4785,1.4807,1.4817,1.4837,1.4852,1.488,1.4893,1.4911,1.4919,1.4937,1.4966,1.4974,1.5,1.501,1.5026,1.5046,1.5059,1.5072,1.5093,1.5107,1.5132,1.5135,1.5155,1.5169,1.5169,1.5187,1.5191,1.5214,1.5225,1.5239,1.5247,1.5262,1.5282,1.529,1.53,1.5325,1.5323,1.5347,1.5364,1.5359
2;2,0.1192,0.133,0.1524,0.1252,0.1267,0.1315,0.1378,0.1464,0.157,0.1715,0.1911,0.2168,0.252,0.2965,0.3514,0.4199,0.5001,0.5933,0.6977,0.808,0.9197,1.0271,1.1224,1.2016,1.2602,1.3069,1.3431,1.3714,1.3929,1.4074,1.4189,1.4273,1.4343,1.4385,1.4421,1.4452,1.4485,1.451,1.4541,1.4564,1.4583,1.4611,1.464,1.4663,1.4689,1.4718,1.4737,1.4761,1.4795,1.481,1.4838,1.4855,1.4878,1.4903,1.4917,1.494,1.4957,1.4977,1.4997,1.5015,1.5027,1.5045,1.5063,1.5077,1.5092,1.5117,1.5147,1.5153,1.5161,1.5181,1.5201,1.5213,1.5231,1.5248,1.5255,1.5267,1.5297,1.53,1.53,1.5316,1.5342,1.5353,1.5363,1.5375,1.5398,1.5411,1.5418,1.5439,1.545,1.5466,1.5473,1.5491,1.5494,1.5512,1.5525,1.5528
2;3,0.1161,0.1307,0.1499,0.1212,0.1254,0.1309,0.1378,0.1473,0.1593,0.1749,0.1966,0.2244,0.2615,0.3086,0.3655,0.4332,0.5155,0.6086,0.7127,0.8237,0.936,1.0425,1.1401,1.2165,1.2748,1.3228,1.3598,1.389,1.4095,1.4256,1.4367,1.445,1.4523,1.457,1.4613,1.4645,1.4671,1.4704,1.4714,1.4743,1.4763,1.4797,1.4818,1.484,1.4858,1.4896,1.4914,1.4931,1.4956,1.4977,1.5002,1.5021,1.5037,1.5059,1.5071,1.5098,1.5111,1.5128,1.5143,1.5156,1.5173,1.5195,1.5213,1.5229,1.5244,1.5266,1.5288,1.53,1.5313,1.5323,1.5344,1.5352,1.5374,1.5381,1.5397,1.5405,1.5409,1.5441,1.5443,1.5447,1.5479,1.549,1.5504,1.5514,1.5531,1.5541,1.5552,1.5567,1.5578,1.5589,1.5598,1.5614,1.5625,1.5636,1.5653,1.5657
3;2,0.1317,0.1465,0.1746,0.1446,0.1459,0.1518,0.1615,0.1749,0.1908,0.2125,0.2406,0.2768,0.3223,0.3764,0.4373,0.5094,0.5926,0.6836,0.7831,0.8896,0.9961,1.0975,1.1875,1.2586,1.3123,1.3563,1.391,1.417,1.4363,1.4519,1.4614,1.4701,1.4763,1.48,1.4835,1.487,1.4894,1.4913,1.4946,1.4974,1.4985,1.5015,1.504,1.5059,1.5084,1.5099,1.5128,1.5147,1.5172,1.5195,1.5215,1.5234,1.5244,1.5267,1.5284,1.5301,1.5324,1.5339,1.5358,1.5373,1.5392,1.5408,1.5423,1.5436,1.5446,1.547,1.5492,1.5505,1.5515,1.5532,1.555,1.5562,1.5585,1.5598,1.5602,1.5613,1.5645,1.5649,1.5667,1.5681,1.568,1.5697,1.5704,1.5716,1.5732,1.5744,1.5755,1.5767,1.5783,1.5796,1.5806,1.5814,1.5823,1.5845,1.5856,1.5857
,,,,,,,,,,,,,,,,,,,,,,,,,,,,,,,,,,,,,,,,,,,,,,,,,,,,,,,,,,,,,,,,,,,,,,,,,,,,,,,,,,,,,,,,,,,,,,,,
Cycles / Well,,,,,,,,,,,,,,,,,,,,,,,,,,,,,,,,,,,,,,,,,,,,,,,,,,,,,,,,,,,,,,,,,,,,,,,,,,,,,,,,,,,,,,,,,,,,,,,,
C4,1,2,3,4,5,6,7,8,9,10,11,12,13,14,15,16,17,18,19,20,21,22,23,24,25,26,27,28,29,30,31,32,33,34,35,36,37,38,39,40,41,42,43,44,45,46,47,48,49,50,51,52,53,54,55,56,57,58,59,60,61,62,63,64,65,66,67,68,69,70,71,72,73,74,75,76,77,78,79,80,81,82,83,84,85,86,87,88,89,90,91,92,93,94,95,96
Time [s],0,1799.804,3599.705,5399.641,7199.561,8999.49,10799.409,12599.333,14399.26,16199.194,17999.109,19799.039,21598.958,23398.892,25198.808,26998.725,28798.661,30598.589,32398.489,34198.443,35998.374,37798.286,39598.224,41398.149,43198.081,44997.99,46797.917,48597.842,50397.765,52197.702,53997.621,55797.552,57597.468,59397.391,61197.317,62997.249,64797.163,66597.084,68397.028,70196.935,71996.864,73796.783,75596.71,77396.649,79196.565,80996.494,82796.414,84596.354,86396.27,88196.204,89996.112,91796.061,93595.971,95395.897,97195.829,98995.747,100795.679,102595.601,104395.534,106195.445,107995.377,109795.307,111595.236,113395.157,115195.076,116995.019,118794.937,120594.848,122394.785,124194.722,125994.648,127794.579,129594.494,131394.41,133194.341,134994.266,136794.185,138594.122,140394.047,142193.959,143993.87,145793.805,147593.724,149393.655,151193.569,152993.504,154793.443,156593.376,158393.277,160193.21,161993.13,163793.052,165592.982,167392.906,169192.831,170992.755
Temp. [°C],40.8,29.9,29.9,30,30,30.1,30,30.1,30,29.9,30,30,30,30,30,29.9,30,30,30.1,30.1,29.9,30,30,30,30.1,30.1,30,30.1,30.1,30,30,30,29.9,30.1,30,29.9,29.8,29.8,29.8,29.9,30.1,30.1,30,30.1,29.8,29.9,30,30,30,30.1,30,30,29.8,30,30,30.1,30.1,30,30.1,29.9,30,30.1,30.1,30,30,29.9,29.9,30.1,30,30,29.9,29.9,30,30,29.9,30.1,29.9,29.8,29.9,30,30,30.1,30,30,30.1,30.1,30.2,30.1,29.9,30,29.9,29.9,30.1,29.9,30,30
Mean,0.12058,0.13348,0.15058,0.12866,0.13364,0.1398,0.14908,0.16114,0.17534,0.19464,0.21908,0.24968,0.28808,0.33264,0.3876,0.45246,0.52434,0.60578,0.6966,0.7994,0.90468,1.01172,1.1179,1.20436,1.26742,1.31372,1.34796,1.37432,1.39344,1.40824,1.41944,1.428,1.4353,1.44054,1.44452,1.4477,1.4504,1.45238,1.45488,1.45708,1.45884,1.46058,1.46286,1.46412,1.46664,1.46872,1.47038,1.47262,1.47442,1.47606,1.47808,1.47978,1.48144,1.48314,1.48488,1.48648,1.4879,1.48928,1.49074,1.49226,1.49328,1.49496,1.49624,1.49754,1.49878,1.50056,1.50212,1.50344,1.50442,1.50588,1.50732,1.5085,1.50964,1.5112,1.51226,1.51312,1.51404,1.51578,1.5169,1.51776,1.519,1.52004,1.52078,1.52194,1.52298,1.5242,1.525,1.52586,1.5274,1.52856,1.52922,1.53072,1.53132,1.53282,1.53452,1.5344
StDev,0.007743191,0.009351043,0.012513872,0.009702732,0.011070817,0.011614,0.012989496,0.015486543,0.017282303,0.020996738,0.025675708,0.032293297,0.04146718,0.053626607,0.070620075,0.087574642,0.109222104,0.133401675,0.158396622,0.182599576,0.196909845,0.189096846,0.152290348,0.119728706,0.098525413,0.085180497,0.075951781,0.069892396,0.065815371,0.061442111,0.058079669,0.05532034,0.052687617,0.050419619,0.049012774,0.047973847,0.046992925,0.046716988,0.046144198,0.04555872,0.045095488,0.045090376,0.044868062,0.044951218,0.043866308,0.043809325,0.043378993,0.042979495,0.042901946,0.043073228,0.042411932,0.041739154,0.041727485,0.041663389,0.041391992,0.04107246,0.040644741,0.040932224,0.040768652,0.040550376,0.040528225,0.040463663,0.040328315,0.040185607,0.039590996,0.039767487,0.039674198,0.039488517,0.039551574,0.03904564,0.038954743,0.038925442,0.038910191,0.038723249,0.038680525,0.038252869,0.038301997,0.038200223,0.037917278,0.038084091,0.037794709,0.037524499,0.037331046,0.037267989,0.037062137,0.036850916,0.036855325,0.03622034,0.036710217,0.036683007,0.036338024,0.036643444,0.036321302,0.036141555,0.036439086,0.036197237
1;2,0.1157,0.1263,0.14,0.1213,0.1249,0.1304,0.1393,0.1509,0.1664,0.1864,0.2139,0.2499,0.2972,0.3526,0.4196,0.4932,0.575,0.6663,0.7622,0.863,0.9639,1.0614,1.1554,1.2288,1.2887,1.3341,1.3662,1.3899,1.4079,1.4204,1.4306,1.4388,1.4452,1.4488,1.4519,1.455,1.4563,1.4585,1.4608,1.4625,1.4634,1.465,1.4667,1.4676,1.4704,1.4724,1.474,1.4756,1.4773,1.4796,1.4802,1.4817,1.4834,1.4846,1.485,1.4868,1.4882,1.4893,1.4908,1.4919,1.4923,1.495,1.4964,1.4967,1.4973,1.499,1.5017,1.5026,1.503,1.5049,1.5061,1.5072,1.5078,1.51,1.5102,1.5113,1.5116,1.5133,1.5143,1.5153,1.5168,1.5177,1.5177,1.5193,1.5194,1.5199,1.5209,1.5215,1.5227,1.5244,1.5252,1.526,1.5259,1.5282,1.5298,1.5294
2;1,0.1222,0.137,0.1571,0.1315,0.1374,0.1437,0.1536,0.1665,0.1816,0.2027,0.2283,0.2582,0.2948,0.3351,0.3814,0.4331,0.4932,0.5679,0.6537,0.7574,0.8727,0.9882,1.0926,1.1782,1.2451,1.2908,1.3299,1.3563,1.3754,1.3931,1.4059,1.415,1.4222,1.4286,1.4319,1.4358,1.439,1.4418,1.4432,1.4454,1.4478,1.4493,1.4508,1.4519,1.4553,1.457,1.4586,1.4611,1.4628,1.4645,1.4663,1.4688,1.47,1.471,1.4725,1.4742,1.4757,1.4781,1.4796,1.4812,1.4822,1.4837,1.4849,1.4864,1.4876,1.4888,1.4905,1.491,1.4918,1.4939,1.4955,1.4966,1.4981,1.4991,1.5007,1.5021,1.5032,1.504,1.507,1.5067,1.507,1.5089,1.5092,1.5107,1.5117,1.5127,1.5137,1.5154,1.5165,1.5176,1.5184,1.5199,1.5208,1.5216,1.5232,1.5231
2;2,0.1177,0.1293,0.1459,0.1244,0.1284,0.1347,0.1442,0.1568,0.1726,0.1942,0.223,0.26,0.3091,0.3677,0.4432,0.532,0.6314,0.7396,0.8543,0.9699,1.0786,1.1751,1.2528,1.3143,1.3583,1.3924,1.4168,1.4386,1.4538,1.4645,1.4725,1.4776,1.4825,1.4858,1.4879,1.4902,1.4924,1.4937,1.4962,1.4976,1.4992,1.501,1.5037,1.5047,1.5056,1.5086,1.5093,1.5118,1.5133,1.5143,1.5167,1.5177,1.52,1.5213,1.5235,1.5245,1.5257,1.5268,1.5283,1.5298,1.5309,1.5327,1.5339,1.5347,1.536,1.5377,1.5386,1.5398,1.5415,1.5422,1.5432,1.5442,1.5458,1.5471,1.5483,1.5483,1.5489,1.5513,1.552,1.5532,1.5548,1.5549,1.5563,1.5565,1.5578,1.5587,1.5596,1.5599,1.562,1.5634,1.5635,1.5655,1.5661,1.5671,1.569,1.5687
2;3,0.114,0.1265,0.1406,0.1217,0.1261,0.1318,0.1386,0.1462,0.1551,0.1664,0.1799,0.1965,0.2166,0.2398,0.2679,0.3092,0.3499,0.3935,0.4435,0.5033,0.5804,0.6986,0.8687,1.0122,1.1094,1.1782,1.226,1.263,1.2891,1.3104,1.3267,1.3396,1.3515,1.3604,1.3672,1.3718,1.3763,1.3783,1.3823,1.3856,1.3881,1.39,1.3932,1.3945,1.3983,1.4007,1.4031,1.4061,1.4081,1.4092,1.4129,1.4154,1.4173,1.4196,1.4224,1.4244,1.4265,1.427,1.4287,1.4307,1.432,1.4335,1.435,1.4368,1.4393,1.4411,1.4423,1.4445,1.4457,1.4475,1.4491,1.4504,1.4516,1.4535,1.4547,1.4559,1.4569,1.4593,1.46,1.4611,1.4632,1.4643,1.4659,1.4668,1.4686,1.4706,1.4712,1.4728,1.4739,1.4749,1.476,1.4773,1.4786,1.4804,1.4817,1.4821
3;2,0.1333,0.1483,0.1693,0.1444,0.1514,0.1584,0.1697,0.1853,0.201,0.2235,0.2503,0.2838,0.3227,0.368,0.4259,0.4948,0.5722,0.6616,0.7693,0.9034,1.0278,1.1353,1.22,1.2883,1.3356,1.3731,1.4009,1.4238,1.441,1.4528,1.4615,1.469,1.4751,1.4791,1.4837,1.4857,1.488,1.4896,1.4919,1.4943,1.4957,1.4976,1.4999,1.5019,1.5036,1.5049,1.5069,1.5085,1.5106,1.5127,1.5143,1.5153,1.5165,1.5192,1.521,1.5225,1.5234,1.5252,1.5263,1.5277,1.529,1.5299,1.531,1.5331,1.5337,1.5362,1.5375,1.5393,1.5401,1.5409,1.5427,1.5441,1.5449,1.5463,1.5474,1.548,1.5496,1.551,1.5512,1.5525,1.5532,1.5544,1.5548,1.5564,1.5574,1.5591,1.5596,1.5597,1.5619,1.5625,1.563,1.5649,1.5652,1.5668,1.5689,1.5687
,,,,,,,,,,,,,,,,,,,,,,,,,,,,,,,,,,,,,,,,,,,,,,,,,,,,,,,,,,,,,,,,,,,,,,,,,,,,,,,,,,,,,,,,,,,,,,,,
Cycles / Well,,,,,,,,,,,,,,,,,,,,,,,,,,,,,,,,,,,,,,,,,,,,,,,,,,,,,,,,,,,,,,,,,,,,,,,,,,,,,,,,,,,,,,,,,,,,,,,,
C5,1,2,3,4,5,6,7,8,9,10,11,12,13,14,15,16,17,18,19,20,21,22,23,24,25,26,27,28,29,30,31,32,33,34,35,36,37,38,39,40,41,42,43,44,45,46,47,48,49,50,51,52,53,54,55,56,57,58,59,60,61,62,63,64,65,66,67,68,69,70,71,72,73,74,75,76,77,78,79,80,81,82,83,84,85,86,87,88,89,90,91,92,93,94,95,96
Time [s],0,1799.804,3599.705,5399.641,7199.561,8999.49,10799.409,12599.333,14399.26,16199.194,17999.109,19799.039,21598.958,23398.892,25198.808,26998.725,28798.661,30598.589,32398.489,34198.443,35998.374,37798.286,39598.224,41398.149,43198.081,44997.99,46797.917,48597.842,50397.765,52197.702,53997.621,55797.552,57597.468,59397.391,61197.317,62997.249,64797.163,66597.084,68397.028,70196.935,71996.864,73796.783,75596.71,77396.649,79196.565,80996.494,82796.414,84596.354,86396.27,88196.204,89996.112,91796.061,93595.971,95395.897,97195.829,98995.747,100795.679,102595.601,104395.534,106195.445,107995.377,109795.307,111595.236,113395.157,115195.076,116995.019,118794.937,120594.848,122394.785,124194.722,125994.648,127794.579,129594.494,131394.41,133194.341,134994.266,136794.185,138594.122,140394.047,142193.959,143993.87,145793.805,147593.724,149393.655,151193.569,152993.504,154793.443,156593.376,158393.277,160193.21,161993.13,163793.052,165592.982,167392.906,169192.831,170992.755
Temp. [°C],40.8,29.9,29.9,30,30,30.1,30,30.1,30,29.9,30,30,30,30,30,29.9,30,30,30.1,30.1,29.9,30,30,30,30.1,30.1,30,30.1,30.1,30,30,30,29.9,30.1,30,29.9,29.8,29.8,29.8,29.9,30.1,30.1,30,30.1,29.8,29.9,30,30,30,30.1,30,30,29.8,30,30,30.1,30.1,30,30.1,29.9,30,30.1,30.1,30,30,29.9,29.9,30.1,30,30,29.9,29.9,30,30,29.9,30.1,29.9,29.8,29.9,30,30,30.1,30,30,30.1,30.1,30.2,30.1,29.9,30,29.9,29.9,30.1,29.9,30,30
Mean,0.11856,0.13116,0.14544,0.12496,0.12852,0.1332,0.14006,0.14922,0.15986,0.17432,0.19378,0.21898,0.25248,0.29528,0.34736,0.41106,0.48674,0.57372,0.67198,0.78026,0.8919,1.00128,1.1009,1.18244,1.24378,1.29022,1.32632,1.35418,1.37502,1.3896,1.40074,1.40906,1.4164,1.42036,1.42454,1.4283,1.431,1.43318,1.4367,1.4397,1.44192,1.44456,1.44758,1.44974,1.45292,1.45542,1.45804,1.46006,1.46258,1.4649,1.46762,1.46972,1.47204,1.4738,1.47606,1.47826,1.48044,1.48222,1.48386,1.48594,1.48732,1.48932,1.4909,1.49234,1.4943,1.49622,1.498,1.4999,1.50102,1.50254,1.50442,1.50594,1.50746,1.5092,1.5109,1.5115,1.51326,1.51542,1.51642,1.51776,1.51924,1.52068,1.5215,1.5233,1.5246,1.52644,1.52728,1.52884,1.53012,1.53136,1.53236,1.53442,1.53536,1.53698,1.53886,1.53894
StDev,0.006470162,0.007400203,0.009344945,0.008135601,0.009004554,0.00966954,0.011179803,0.013413687,0.015055995,0.018334858,0.022114181,0.026456322,0.032142682,0.038598666,0.044358911,0.050293021,0.056541693,0.062408429,0.067698131,0.072198359,0.074640539,0.073730028,0.06897949,0.063571126,0.057940763,0.053042596,0.049756025,0.047074908,0.044840239,0.042708254,0.041697758,0.040404121,0.039522462,0.038485166,0.038700039,0.037926837,0.037735461,0.037399893,0.036556532,0.03681793,0.036413075,0.035820497,0.035533533,0.035210126,0.035419938,0.035135552,0.034909712,0.034610591,0.034198933,0.033611605,0.033461575,0.033566829,0.033401093,0.032705428,0.032767942,0.03283425,0.032652458,0.03272143,0.032129472,0.032061862,0.03217642,0.032012216,0.031208172,0.031395668,0.031231875,0.031209726,0.031027568,0.03081339,0.030639958,0.030357009,0.030305066,0.030069137,0.030030201,0.029889547,0.030051289,0.029676506,0.029615418,0.029312745,0.029458988,0.029536892,0.029005655,0.028799253,0.028216485,0.028344047,0.028119477,0.028188437,0.027703014,0.0278041,0.027810645,0.027530946,0.02727596,0.027796349,0.027407353,0.027470384,0.027214941,0.026735893
1;2,0.1149,0.1258,0.1382,0.1204,0.1233,0.1274,0.1335,0.1417,0.1521,0.1656,0.1841,0.2093,0.2431,0.2874,0.3425,0.4124,0.4962,0.5925,0.7024,0.8221,0.9416,1.0541,1.1532,1.2304,1.2894,1.3328,1.3669,1.392,1.412,1.4244,1.4353,1.4423,1.4493,1.4505,1.4553,1.4585,1.4615,1.4634,1.4662,1.4695,1.4722,1.4738,1.4769,1.478,1.4815,1.4836,1.4864,1.4876,1.4894,1.4911,1.4945,1.4967,1.4992,1.5002,1.5022,1.5038,1.5064,1.5073,1.5084,1.5111,1.5115,1.5139,1.5152,1.516,1.5182,1.5196,1.5211,1.5228,1.5228,1.5245,1.5264,1.5282,1.5301,1.5318,1.5327,1.5332,1.5345,1.5368,1.5375,1.539,1.5404,1.5414,1.5415,1.5433,1.5441,1.5457,1.5457,1.5486,1.5492,1.5499,1.5503,1.5534,1.5533,1.5558,1.557,1.5565
2;1,0.121,0.1348,0.1508,0.1288,0.1339,0.1403,0.1493,0.1612,0.1751,0.1935,0.2183,0.2495,0.2913,0.3426,0.4024,0.4735,0.5562,0.6483,0.7495,0.8578,0.9666,1.0718,1.164,1.2391,1.2946,1.3351,1.3681,1.3943,1.4121,1.426,1.436,1.4442,1.4496,1.4541,1.458,1.4612,1.464,1.4662,1.4682,1.4712,1.4727,1.4752,1.4777,1.4802,1.4837,1.4851,1.4883,1.4897,1.4915,1.4937,1.4958,1.4983,1.5002,1.501,1.5031,1.5058,1.5075,1.5099,1.5107,1.5125,1.5146,1.5162,1.5168,1.5182,1.5203,1.5221,1.5237,1.5253,1.5267,1.5277,1.5293,1.5311,1.5318,1.5332,1.5358,1.5359,1.5389,1.5395,1.5404,1.5412,1.5427,1.5441,1.5442,1.546,1.5472,1.5493,1.55,1.5506,1.5528,1.5538,1.5546,1.5571,1.5576,1.5593,1.5611,1.5605
2;2,0.1162,0.1274,0.1398,0.1208,0.1235,0.1277,0.1333,0.1411,0.1505,0.163,0.1804,0.2034,0.2349,0.2751,0.3264,0.3896,0.4663,0.5555,0.6582,0.771,0.8868,0.9996,1.1005,1.1845,1.2456,1.2917,1.3276,1.3548,1.3767,1.3907,1.4011,1.4083,1.4164,1.4195,1.4238,1.4273,1.4297,1.4318,1.4358,1.439,1.4409,1.4432,1.4461,1.4487,1.4519,1.4549,1.4569,1.4598,1.4627,1.4649,1.4677,1.4692,1.4716,1.4743,1.477,1.4791,1.4818,1.4835,1.4852,1.4874,1.4883,1.4911,1.4925,1.4948,1.4958,1.4984,1.5,1.5025,1.5037,1.5047,1.5073,1.5079,1.5099,1.5117,1.5134,1.5137,1.5148,1.5178,1.5188,1.52,1.5225,1.5231,1.5248,1.5263,1.528,1.5293,1.5304,1.532,1.5332,1.5349,1.5361,1.5376,1.5385,1.5404,1.5425,1.5429
2;3,0.1121,0.1253,0.139,0.1174,0.1202,0.1241,0.1295,0.1361,0.1446,0.1551,0.1698,0.1888,0.2137,0.2465,0.2883,0.3406,0.4039,0.4791,0.5667,0.6663,0.7727,0.8831,0.99,1.0793,1.1503,1.2041,1.2457,1.2779,1.3023,1.3207,1.3336,1.3444,1.3527,1.3581,1.3619,1.367,1.3704,1.3733,1.3777,1.3802,1.3833,1.3868,1.3903,1.3929,1.3959,1.3983,1.4019,1.4039,1.4067,1.4101,1.4132,1.4153,1.4179,1.4205,1.4224,1.4244,1.427,1.4285,1.4309,1.4333,1.4343,1.4367,1.4396,1.4403,1.4428,1.4445,1.4465,1.4487,1.4499,1.4519,1.4538,1.4561,1.4575,1.4594,1.4608,1.462,1.4643,1.4665,1.467,1.468,1.4707,1.4724,1.474,1.4755,1.4771,1.4788,1.4804,1.4818,1.4832,1.4848,1.4861,1.4875,1.4888,1.4906,1.4928,1.4935
3;2,0.1286,0.1425,0.1594,0.1374,0.1417,0.1465,0.1547,0.166,0.177,0.1944,0.2163,0.2439,0.2794,0.3248,0.3772,0.4392,0.5111,0.5932,0.6831,0.7841,0.8918,0.9978,1.0968,1.1789,1.239,1.2874,1.3233,1.3519,1.372,1.3862,1.3977,1.4061,1.414,1.4196,1.4237,1.4275,1.4294,1.4312,1.4356,1.4386,1.4405,1.4438,1.4469,1.4489,1.4516,1.4552,1.4567,1.4593,1.4626,1.4647,1.4669,1.4691,1.4713,1.473,1.4756,1.4782,1.4795,1.4819,1.4841,1.4854,1.4879,1.4887,1.4904,1.4924,1.4944,1.4965,1.4987,1.5002,1.502,1.5039,1.5053,1.5064,1.508,1.5099,1.5118,1.5127,1.5138,1.5165,1.5184,1.5206,1.5199,1.5224,1.523,1.5254,1.5266,1.5291,1.5299,1.5312,1.5322,1.5334,1.5347,1.5365,1.5386,1.5388,1.5409,1.5413
,,,,,,,,,,,,,,,,,,,,,,,,,,,,,,,,,,,,,,,,,,,,,,,,,,,,,,,,,,,,,,,,,,,,,,,,,,,,,,,,,,,,,,,,,,,,,,,,
Cycles / Well,,,,,,,,,,,,,,,,,,,,,,,,,,,,,,,,,,,,,,,,,,,,,,,,,,,,,,,,,,,,,,,,,,,,,,,,,,,,,,,,,,,,,,,,,,,,,,,,
C6,1,2,3,4,5,6,7,8,9,10,11,12,13,14,15,16,17,18,19,20,21,22,23,24,25,26,27,28,29,30,31,32,33,34,35,36,37,38,39,40,41,42,43,44,45,46,47,48,49,50,51,52,53,54,55,56,57,58,59,60,61,62,63,64,65,66,67,68,69,70,71,72,73,74,75,76,77,78,79,80,81,82,83,84,85,86,87,88,89,90,91,92,93,94,95,96
Time [s],0,1799.804,3599.705,5399.641,7199.561,8999.49,10799.409,12599.333,14399.26,16199.194,17999.109,19799.039,21598.958,23398.892,25198.808,26998.725,28798.661,30598.589,32398.489,34198.443,35998.374,37798.286,39598.224,41398.149,43198.081,44997.99,46797.917,48597.842,50397.765,52197.702,53997.621,55797.552,57597.468,59397.391,61197.317,62997.249,64797.163,66597.084,68397.028,70196.935,71996.864,73796.783,75596.71,77396.649,79196.565,80996.494,82796.414,84596.354,86396.27,88196.204,89996.112,91796.061,93595.971,95395.897,97195.829,98995.747,100795.679,102595.601,104395.534,106195.445,107995.377,109795.307,111595.236,113395.157,115195.076,116995.019,118794.937,120594.848,122394.785,124194.722,125994.648,127794.579,129594.494,131394.41,133194.341,134994.266,136794.185,138594.122,140394.047,142193.959,143993.87,145793.805,147593.724,149393.655,151193.569,152993.504,154793.443,156593.376,158393.277,160193.21,161993.13,163793.052,165592.982,167392.906,169192.831,170992.755
Temp. [°C],40.8,29.9,29.9,30,30,30.1,30,30.1,30,29.9,30,30,30,30,30,29.9,30,30,30.1,30.1,29.9,30,30,30,30.1,30.1,30,30.1,30.1,30,30,30,29.9,30.1,30,29.9,29.8,29.8,29.8,29.9,30.1,30.1,30,30.1,29.8,29.9,30,30,30,30.1,30,30,29.8,30,30,30.1,30.1,30,30.1,29.9,30,30.1,30.1,30,30,29.9,29.9,30.1,30,30,29.9,29.9,30,30,29.9,30.1,29.9,29.8,29.9,30,30,30.1,30,30,30.1,30.1,30.2,30.1,29.9,30,29.9,29.9,30.1,29.9,30,30
Mean,0.12018,0.13278,0.1451,0.12666,0.13046,0.1358,0.14312,0.15224,0.1626,0.17612,0.19422,0.21696,0.24692,0.28484,0.32998,0.38556,0.45126,0.52746,0.61558,0.715,0.82254,0.93522,1.04644,1.1432,1.21786,1.2779,1.32242,1.36014,1.3885,1.41176,1.4298,1.44498,1.45764,1.46578,1.47206,1.47706,1.48146,1.48498,1.48852,1.49168,1.49414,1.4967,1.4996,1.50214,1.5041,1.50724,1.50902,1.51076,1.51286,1.5155,1.51748,1.51944,1.52154,1.52382,1.52608,1.52818,1.53036,1.53154,1.53284,1.53424,1.53594,1.53794,1.53952,1.54118,1.5427,1.54452,1.5462,1.54774,1.54882,1.54996,1.5518,1.55316,1.55462,1.55558,1.5575,1.55852,1.55902,1.56144,1.56122,1.56338,1.56494,1.56582,1.56686,1.56802,1.56918,1.5704,1.5712,1.57258,1.57366,1.57468,1.57572,1.577,1.57816,1.57968,1.58176,1.58112
StDev,0.007960025,0.009345962,0.010925887,0.008819467,0.009648212,0.00997547,0.010921859,0.012496119,0.014023373,0.016850875,0.02147899,0.027910894,0.037447924,0.049560095,0.06524923,0.083787726,0.105385521,0.129984722,0.15626563,0.182581078,0.202052216,0.207628676,0.193126793,0.165784137,0.141577481,0.125913006,0.112357051,0.102780168,0.094463247,0.08891194,0.08309308,0.078300236,0.073229659,0.069507748,0.067094881,0.066059466,0.064782119,0.063657969,0.062471489,0.062243088,0.061413541,0.061033679,0.060378349,0.059880364,0.059853279,0.058992398,0.059132199,0.058985108,0.058499,0.058275381,0.057770165,0.058053406,0.057762297,0.057345941,0.056812648,0.056713244,0.056320272,0.056300648,0.055551625,0.055230997,0.055262944,0.054905309,0.054569561,0.054372024,0.054443411,0.054262621,0.054154547,0.053738562,0.053370095,0.053035205,0.052802131,0.052883201,0.0524783,0.052129857,0.052208859,0.0520278,0.051890433,0.051495854,0.05145738,0.051040053,0.050992186,0.05107237,0.050911325,0.050936156,0.050591076,0.050345953,0.050092864,0.04973547,0.04963394,0.049722701,0.049561548,0.049220016,0.048139204,0.048799201,0.048703829,0.048545824
1;2,0.1154,0.1262,0.1362,0.1217,0.1248,0.1301,0.1376,0.147,0.1595,0.1759,0.1982,0.2287,0.2692,0.3212,0.3842,0.4592,0.5461,0.6458,0.7549,0.8737,0.9908,1.1025,1.1989,1.2745,1.3294,1.3779,1.4108,1.4414,1.4629,1.4812,1.4934,1.5032,1.511,1.5164,1.5193,1.5231,1.526,1.5286,1.5316,1.5335,1.5356,1.5378,1.5397,1.5414,1.5426,1.5455,1.5464,1.5478,1.5491,1.5513,1.5528,1.5548,1.5568,1.5579,1.5607,1.561,1.5643,1.5637,1.5655,1.5662,1.5675,1.5688,1.5708,1.5719,1.5735,1.5743,1.5761,1.5774,1.5778,1.579,1.5809,1.5818,1.5833,1.5843,1.585,1.5856,1.5851,1.5879,1.587,1.5897,1.5912,1.5909,1.5918,1.5934,1.5934,1.5946,1.5956,1.5965,1.5974,1.5984,1.5986,1.6001,1.6006,1.6024,1.6038,1.6032
2;1,0.1216,0.1345,0.1489,0.1296,0.1345,0.1415,0.1519,0.164,0.178,0.1961,0.2209,0.2513,0.2912,0.3396,0.3976,0.4682,0.5506,0.644,0.7511,0.8681,0.9887,1.1022,1.2025,1.2791,1.3371,1.3844,1.4197,1.449,1.4704,1.4888,1.5032,1.5148,1.5238,1.5275,1.5334,1.5376,1.5409,1.5432,1.5451,1.5491,1.5503,1.5526,1.5544,1.5566,1.5585,1.5602,1.5629,1.5645,1.5666,1.5691,1.5704,1.5733,1.5747,1.5763,1.5777,1.5802,1.5812,1.5834,1.5832,1.5847,1.5863,1.5879,1.5888,1.5906,1.592,1.594,1.5956,1.596,1.5975,1.5982,1.5992,1.6008,1.6023,1.6024,1.6048,1.6058,1.6066,1.6079,1.6078,1.6089,1.6107,1.6121,1.6131,1.614,1.6157,1.6162,1.617,1.6177,1.6189,1.6196,1.621,1.6217,1.6213,1.6231,1.6258,1.6248
2;2,0.1174,0.1291,0.1406,0.1221,0.125,0.1299,0.1362,0.1443,0.154,0.1664,0.1835,0.2056,0.2348,0.2727,0.3184,0.3758,0.444,0.523,0.6158,0.7205,0.834,0.9513,1.0629,1.1551,1.2273,1.2851,1.3283,1.3657,1.3955,1.4179,1.4362,1.4519,1.4652,1.4733,1.4793,1.4839,1.4888,1.4925,1.4962,1.4996,1.502,1.5046,1.5082,1.5107,1.513,1.5159,1.5185,1.5204,1.5219,1.5251,1.5276,1.5285,1.5309,1.5344,1.5368,1.539,1.5413,1.5421,1.543,1.5446,1.546,1.5489,1.55,1.5515,1.5538,1.5555,1.5569,1.5589,1.5595,1.5605,1.5626,1.5644,1.5655,1.566,1.5687,1.5696,1.5701,1.5728,1.574,1.5748,1.5767,1.5781,1.5786,1.5799,1.5808,1.5817,1.5823,1.5842,1.585,1.5864,1.5876,1.5886,1.5906,1.5917,1.5934,1.5933
2;3,0.1132,0.1258,0.1373,0.1191,0.1224,0.1269,0.1324,0.1389,0.1456,0.1539,0.1642,0.1765,0.1921,0.2119,0.2342,0.2623,0.2944,0.3303,0.373,0.4253,0.4956,0.5943,0.7282,0.8711,0.9869,1.0731,1.1405,1.1939,1.2359,1.2677,1.2954,1.3179,1.3389,1.3524,1.3629,1.3694,1.3757,1.3809,1.3862,1.3899,1.3935,1.3967,1.4002,1.4034,1.4051,1.4094,1.4111,1.413,1.4159,1.4189,1.4216,1.4233,1.4257,1.4283,1.4316,1.4335,1.4364,1.4375,1.4399,1.4419,1.4433,1.4458,1.4479,1.4499,1.4513,1.4533,1.4552,1.4571,1.459,1.4607,1.4627,1.4639,1.4663,1.4676,1.4693,1.4706,1.4713,1.4742,1.4741,1.4767,1.4785,1.4792,1.4805,1.4816,1.4835,1.4849,1.4863,1.4881,1.4894,1.4901,1.4915,1.4933,1.4961,1.4963,1.4987,1.4983
3;2,0.1333,0.1483,0.1625,0.1408,0.1456,0.1506,0.1575,0.167,0.1759,0.1883,0.2043,0.2227,0.2473,0.2788,0.3155,0.3623,0.4212,0.4942,0.5831,0.6874,0.8036,0.9258,1.0397,1.1362,1.2086,1.269,1.3128,1.3507,1.3778,1.4032,1.4208,1.4371,1.4493,1.4593,1.4654,1.4713,1.4759,1.4797,1.4835,1.4863,1.4893,1.4918,1.4955,1.4986,1.5013,1.5052,1.5062,1.5081,1.5108,1.5131,1.515,1.5173,1.5196,1.5222,1.5236,1.5272,1.5286,1.531,1.5326,1.5338,1.5366,1.5383,1.5401,1.542,1.5429,1.5455,1.5472,1.5493,1.5503,1.5514,1.5536,1.5549,1.5557,1.5576,1.5597,1.561,1.562,1.5644,1.5632,1.5668,1.5676,1.5688,1.5703,1.5712,1.5725,1.5746,1.5748,1.5764,1.5776,1.5789,1.5799,1.5813,1.5822,1.5849,1.5871,1.586
,,,,,,,,,,,,,,,,,,,,,,,,,,,,,,,,,,,,,,,,,,,,,,,,,,,,,,,,,,,,,,,,,,,,,,,,,,,,,,,,,,,,,,,,,,,,,,,,
Cycles / Well,,,,,,,,,,,,,,,,,,,,,,,,,,,,,,,,,,,,,,,,,,,,,,,,,,,,,,,,,,,,,,,,,,,,,,,,,,,,,,,,,,,,,,,,,,,,,,,,
C7,1,2,3,4,5,6,7,8,9,10,11,12,13,14,15,16,17,18,19,20,21,22,23,24,25,26,27,28,29,30,31,32,33,34,35,36,37,38,39,40,41,42,43,44,45,46,47,48,49,50,51,52,53,54,55,56,57,58,59,60,61,62,63,64,65,66,67,68,69,70,71,72,73,74,75,76,77,78,79,80,81,82,83,84,85,86,87,88,89,90,91,92,93,94,95,96
Time [s],0,1799.804,3599.705,5399.641,7199.561,8999.49,10799.409,12599.333,14399.26,16199.194,17999.109,19799.039,21598.958,23398.892,25198.808,26998.725,28798.661,30598.589,32398.489,34198.443,35998.374,37798.286,39598.224,41398.149,43198.081,44997.99,46797.917,48597.842,50397.765,52197.702,53997.621,55797.552,57597.468,59397.391,61197.317,62997.249,64797.163,66597.084,68397.028,70196.935,71996.864,73796.783,75596.71,77396.649,79196.565,80996.494,82796.414,84596.354,86396.27,88196.204,89996.112,91796.061,93595.971,95395.897,97195.829,98995.747,100795.679,102595.601,104395.534,106195.445,107995.377,109795.307,111595.236,113395.157,115195.076,116995.019,118794.937,120594.848,122394.785,124194.722,125994.648,127794.579,129594.494,131394.41,133194.341,134994.266,136794.185,138594.122,140394.047,142193.959,143993.87,145793.805,147593.724,149393.655,151193.569,152993.504,154793.443,156593.376,158393.277,160193.21,161993.13,163793.052,165592.982,167392.906,169192.831,170992.755
Temp. [°C],40.8,29.9,29.9,30,30,30.1,30,30.1,30,29.9,30,30,30,30,30,29.9,30,30,30.1,30.1,29.9,30,30,30,30.1,30.1,30,30.1,30.1,30,30,30,29.9,30.1,30,29.9,29.8,29.8,29.8,29.9,30.1,30.1,30,30.1,29.8,29.9,30,30,30,30.1,30,30,29.8,30,30,30.1,30.1,30,30.1,29.9,30,30.1,30.1,30,30,29.9,29.9,30.1,30,30,29.9,29.9,30,30,29.9,30.1,29.9,29.8,29.9,30,30,30.1,30,30,30.1,30.1,30.2,30.1,29.9,30,29.9,29.9,30.1,29.9,30,30
Mean,0.11908,0.13094,0.14164,0.12496,0.12818,0.13278,0.1391,0.14748,0.15702,0.16966,0.1865,0.20808,0.23682,0.27406,0.31996,0.37586,0.44248,0.51942,0.60778,0.70622,0.81076,0.9168,1.0199,1.1122,1.1875,1.2477,1.29252,1.3286,1.35702,1.37744,1.39274,1.40416,1.41214,1.41718,1.42188,1.42576,1.42898,1.4311,1.43358,1.43646,1.43812,1.44018,1.4435,1.4458,1.44762,1.45062,1.4536,1.45518,1.45778,1.45974,1.46258,1.4642,1.46656,1.46876,1.47084,1.47336,1.47552,1.47658,1.47782,1.47956,1.48116,1.4833,1.48492,1.4865,1.48854,1.49062,1.49222,1.49408,1.49518,1.49688,1.49848,1.49996,1.5012,1.5027,1.50476,1.5056,1.50736,1.50904,1.5102,1.51216,1.51334,1.51428,1.51576,1.51718,1.51872,1.51974,1.52102,1.5222,1.52324,1.52492,1.52618,1.52718,1.52892,1.52978,1.53196,1.53232
StDev,0.008041269,0.008537154,0.010427032,0.009001833,0.009405158,0.009602448,0.010233523,0.011807921,0.012795585,0.014705033,0.01687987,0.019189893,0.023326637,0.028138817,0.033403862,0.039272866,0.046241561,0.054038847,0.062522012,0.071227993,0.078576192,0.083663911,0.085334137,0.085257199,0.080831955,0.076051266,0.07258889,0.070313619,0.068164338,0.066506902,0.065378842,0.064783277,0.063144976,0.062944158,0.061590965,0.061468024,0.06065622,0.060719313,0.060359026,0.059989607,0.060032508,0.060331559,0.059554051,0.059621179,0.060369918,0.059553228,0.059736086,0.059097267,0.059244679,0.058689079,0.058418251,0.059031729,0.05811332,0.057990068,0.057495939,0.057292827,0.056922026,0.057144134,0.057231914,0.056941224,0.057198322,0.056799868,0.056679776,0.057064481,0.056353465,0.056171229,0.056095071,0.056356206,0.056070197,0.05593422,0.055529875,0.055423488,0.055619286,0.055261153,0.055146786,0.055381766,0.054673467,0.055124115,0.054670193,0.054800666,0.054326586,0.054538353,0.054162515,0.054114481,0.054026447,0.054047183,0.053667793,0.053542413,0.053620453,0.053476976,0.053100348,0.053095216,0.053296688,0.052578151,0.052766211,0.052292896
1;2,0.115,0.1262,0.1336,0.1209,0.1238,0.128,0.1343,0.1423,0.1522,0.1654,0.1836,0.2078,0.24,0.282,0.3341,0.3993,0.4784,0.5681,0.6718,0.7855,0.9021,1.0173,1.1225,1.2149,1.2846,1.3389,1.38,1.4138,1.4395,1.4572,1.4712,1.4805,1.4869,1.4911,1.4941,1.4975,1.4997,1.5017,1.5034,1.5061,1.5079,1.5101,1.5123,1.5142,1.5162,1.5191,1.5211,1.5221,1.5244,1.5264,1.5285,1.5298,1.5315,1.5333,1.5354,1.5373,1.5396,1.54,1.5423,1.5431,1.5444,1.5466,1.5478,1.5498,1.5503,1.5519,1.5534,1.5557,1.5559,1.5574,1.5588,1.5597,1.5611,1.5627,1.5644,1.5649,1.5652,1.568,1.5679,1.5707,1.5711,1.5716,1.5732,1.5747,1.5754,1.5762,1.5769,1.5785,1.579,1.5811,1.5811,1.5826,1.5847,1.5838,1.586,1.5856
2;1,0.1193,0.1309,0.1424,0.1264,0.1301,0.1361,0.1444,0.1546,0.1666,0.1814,0.202,0.2279,0.262,0.3049,0.3567,0.4178,0.4885,0.57,0.6609,0.7604,0.8651,0.9689,1.0703,1.1605,1.2312,1.2876,1.3297,1.3637,1.391,1.4106,1.4261,1.438,1.4444,1.4496,1.4546,1.458,1.4614,1.4638,1.4661,1.4687,1.4703,1.4724,1.4757,1.4782,1.4809,1.4824,1.4869,1.4879,1.4906,1.4916,1.4949,1.498,1.4993,1.5013,1.5031,1.5057,1.5075,1.5094,1.5095,1.5114,1.514,1.5149,1.5172,1.5185,1.5206,1.5228,1.5244,1.5265,1.528,1.5295,1.5306,1.5324,1.5336,1.5342,1.5365,1.5382,1.5388,1.5408,1.5409,1.5442,1.5448,1.5463,1.5473,1.5484,1.5506,1.5518,1.5525,1.5538,1.5552,1.556,1.5575,1.5579,1.5605,1.5609,1.5634,1.5635
2;2,0.1163,0.1282,0.1391,0.1206,0.1232,0.1273,0.1326,0.1396,0.1483,0.1592,0.1741,0.1943,0.2206,0.2557,0.2998,0.3544,0.4209,0.4991,0.5908,0.6936,0.8042,0.9157,1.0246,1.1194,1.1971,1.2584,1.304,1.3398,1.3689,1.3898,1.4045,1.4164,1.424,1.4291,1.433,1.4381,1.4404,1.4426,1.4454,1.448,1.4494,1.4522,1.4557,1.4578,1.4602,1.4629,1.4665,1.4679,1.471,1.4729,1.4759,1.4775,1.4799,1.4829,1.4846,1.4875,1.4898,1.4903,1.4917,1.4936,1.495,1.4975,1.4988,1.5009,1.5039,1.506,1.5071,1.5089,1.5099,1.5117,1.5135,1.5149,1.5166,1.5179,1.5201,1.5205,1.5238,1.5248,1.5274,1.527,1.5298,1.5305,1.5317,1.5334,1.5349,1.5359,1.5377,1.5381,1.5392,1.5411,1.5427,1.5438,1.5454,1.547,1.5493,1.5496
2;3,0.1121,0.1239,0.134,0.117,0.1201,0.1244,0.1297,0.1363,0.1439,0.1539,0.1672,0.1843,0.2063,0.2355,0.2727,0.319,0.3745,0.4398,0.5164,0.6033,0.6983,0.798,0.8986,0.9905,1.0711,1.1377,1.1881,1.2274,1.2593,1.2814,1.2989,1.31,1.3202,1.3249,1.332,1.3359,1.3403,1.3423,1.345,1.3486,1.3501,1.3517,1.3564,1.3579,1.3583,1.3627,1.3653,1.3678,1.3698,1.373,1.3763,1.3765,1.3804,1.3828,1.3863,1.389,1.3926,1.3922,1.3937,1.3954,1.3964,1.3992,1.4011,1.4019,1.4051,1.4073,1.4087,1.4104,1.4116,1.4134,1.4159,1.4172,1.4182,1.4202,1.4225,1.4225,1.4248,1.4262,1.4273,1.4296,1.432,1.4319,1.4343,1.4359,1.4372,1.438,1.4397,1.4415,1.4419,1.444,1.4454,1.4466,1.4488,1.45,1.4519,1.4527
3;2,0.1327,0.1455,0.1591,0.1399,0.1437,0.1481,0.1545,0.1646,0.1741,0.1884,0.2056,0.2261,0.2552,0.2922,0.3365,0.3888,0.4501,0.5201,0.599,0.6883,0.7841,0.8841,0.9835,1.0757,1.1535,1.2159,1.2608,1.2983,1.3264,1.3482,1.363,1.3759,1.3852,1.3912,1.3957,1.3993,1.4031,1.4051,1.408,1.4109,1.4129,1.4145,1.4174,1.4209,1.4225,1.426,1.4282,1.4302,1.4331,1.4348,1.4373,1.4392,1.4417,1.4435,1.4448,1.4473,1.4481,1.451,1.4519,1.4543,1.456,1.4583,1.4597,1.4614,1.4628,1.4651,1.4675,1.4689,1.4705,1.4724,1.4736,1.4756,1.4765,1.4785,1.4803,1.4819,1.4842,1.4854,1.4875,1.4893,1.489,1.4911,1.4923,1.4935,1.4955,1.4968,1.4983,1.4991,1.5009,1.5024,1.5042,1.505,1.5052,1.5072,1.5092,1.5102
,,,,,,,,,,,,,,,,,,,,,,,,,,,,,,,,,,,,,,,,,,,,,,,,,,,,,,,,,,,,,,,,,,,,,,,,,,,,,,,,,,,,,,,,,,,,,,,,
Cycles / Well,,,,,,,,,,,,,,,,,,,,,,,,,,,,,,,,,,,,,,,,,,,,,,,,,,,,,,,,,,,,,,,,,,,,,,,,,,,,,,,,,,,,,,,,,,,,,,,,
C8,1,2,3,4,5,6,7,8,9,10,11,12,13,14,15,16,17,18,19,20,21,22,23,24,25,26,27,28,29,30,31,32,33,34,35,36,37,38,39,40,41,42,43,44,45,46,47,48,49,50,51,52,53,54,55,56,57,58,59,60,61,62,63,64,65,66,67,68,69,70,71,72,73,74,75,76,77,78,79,80,81,82,83,84,85,86,87,88,89,90,91,92,93,94,95,96
Time [s],0,1799.804,3599.705,5399.641,7199.561,8999.49,10799.409,12599.333,14399.26,16199.194,17999.109,19799.039,21598.958,23398.892,25198.808,26998.725,28798.661,30598.589,32398.489,34198.443,35998.374,37798.286,39598.224,41398.149,43198.081,44997.99,46797.917,48597.842,50397.765,52197.702,53997.621,55797.552,57597.468,59397.391,61197.317,62997.249,64797.163,66597.084,68397.028,70196.935,71996.864,73796.783,75596.71,77396.649,79196.565,80996.494,82796.414,84596.354,86396.27,88196.204,89996.112,91796.061,93595.971,95395.897,97195.829,98995.747,100795.679,102595.601,104395.534,106195.445,107995.377,109795.307,111595.236,113395.157,115195.076,116995.019,118794.937,120594.848,122394.785,124194.722,125994.648,127794.579,129594.494,131394.41,133194.341,134994.266,136794.185,138594.122,140394.047,142193.959,143993.87,145793.805,147593.724,149393.655,151193.569,152993.504,154793.443,156593.376,158393.277,160193.21,161993.13,163793.052,165592.982,167392.906,169192.831,170992.755
Temp. [°C],40.8,29.9,29.9,30,30,30.1,30,30.1,30,29.9,30,30,30,30,30,29.9,30,30,30.1,30.1,29.9,30,30,30,30.1,30.1,30,30.1,30.1,30,30,30,29.9,30.1,30,29.9,29.8,29.8,29.8,29.9,30.1,30.1,30,30.1,29.8,29.9,30,30,30,30.1,30,30,29.8,30,30,30.1,30.1,30,30.1,29.9,30,30.1,30.1,30,30,29.9,29.9,30.1,30,30,29.9,29.9,30,30,29.9,30.1,29.9,29.8,29.9,30,30,30.1,30,30,30.1,30.1,30.2,30.1,29.9,30,29.9,29.9,30.1,29.9,30,30
Mean,0.12284,0.13448,0.14392,0.12966,0.13432,0.14076,0.15,0.1629,0.18056,0.20486,0.2385,0.28194,0.33914,0.40932,0.49184,0.58866,0.69644,0.80954,0.91482,1.00782,1.08322,1.1368,1.1776,1.20806,1.23192,1.25386,1.27056,1.28642,1.30018,1.31254,1.32284,1.33246,1.34292,1.35134,1.35792,1.36088,1.3634,1.36576,1.36676,1.36796,1.36948,1.37064,1.37224,1.37264,1.37386,1.37554,1.3765,1.3768,1.37792,1.379,1.37982,1.38106,1.38192,1.38236,1.38312,1.3848,1.38492,1.38614,1.3861,1.38674,1.38754,1.3884,1.38882,1.3893,1.39002,1.39136,1.39208,1.39284,1.3933,1.3936,1.39418,1.39548,1.39606,1.39714,1.3982,1.3979,1.39934,1.3997,1.40042,1.40092,1.40174,1.40238,1.40334,1.40388,1.4044,1.40548,1.4061,1.40634,1.4073,1.40858,1.40898,1.4099,1.41102,1.41096,1.4126,1.41284
StDev,0.004938421,0.005889143,0.009521397,0.006095326,0.007173005,0.008533639,0.010275943,0.01289845,0.01592429,0.019888514,0.024912146,0.028735048,0.033479815,0.03545366,0.035088716,0.033614253,0.030212961,0.026483353,0.02284802,0.02043727,0.018489916,0.017745422,0.017627819,0.017140683,0.016827418,0.017390601,0.017526637,0.018217766,0.017788114,0.018482235,0.017501657,0.017345547,0.017710223,0.018137199,0.016593734,0.016937001,0.017071175,0.016925218,0.01677969,0.016245707,0.015890941,0.015795822,0.015947351,0.015763502,0.016071652,0.016020705,0.015929846,0.015965118,0.016106272,0.015850552,0.015758077,0.015716329,0.015728859,0.015743665,0.015602468,0.015169377,0.015083004,0.015772381,0.015690284,0.015192531,0.015264763,0.015302778,0.015360892,0.015397889,0.015341349,0.015016258,0.015491514,0.01553216,0.01553657,0.01595666,0.015777421,0.016063841,0.015835498,0.015231152,0.015128285,0.015424169,0.015525882,0.015148432,0.015575526,0.015358939,0.015402695,0.015306927,0.01520569,0.015133308,0.015277598,0.015221761,0.01528267,0.01527786,0.014972308,0.015101225,0.015284535,0.01536278,0.015602468,0.015100596,0.015273179,0.014870037
1;2,0.1195,0.1292,0.1331,0.1254,0.1291,0.1343,0.1423,0.153,0.168,0.1887,0.2178,0.2581,0.3121,0.3813,0.4659,0.5666,0.68,0.8008,0.913,1.0096,1.0872,1.1433,1.1861,1.2177,1.2419,1.2635,1.283,1.2992,1.3124,1.3263,1.3357,1.3451,1.3558,1.3655,1.3702,1.3736,1.376,1.3789,1.3797,1.3795,1.3805,1.3817,1.3828,1.3833,1.385,1.3866,1.3886,1.3886,1.39,1.3901,1.3912,1.3926,1.3932,1.394,1.3941,1.3955,1.3949,1.3974,1.3974,1.3971,1.399,1.3998,1.4,1.4005,1.4014,1.4025,1.4035,1.4037,1.4041,1.405,1.4059,1.4068,1.4073,1.4078,1.4085,1.4095,1.4111,1.4107,1.4109,1.4129,1.4126,1.4139,1.4141,1.4148,1.4161,1.4167,1.4174,1.4179,1.4188,1.4203,1.4193,1.421,1.4227,1.4219,1.423,1.4231
2;1,0.1259,0.1373,0.1441,0.1333,0.1387,0.1462,0.1576,0.1722,0.1926,0.2199,0.2573,0.3051,0.3668,0.4369,0.5193,0.613,0.717,0.8239,0.9236,1.012,1.0827,1.1342,1.1717,1.2007,1.2237,1.2467,1.2614,1.2765,1.2894,1.3004,1.3109,1.3221,1.3306,1.3392,1.345,1.3473,1.3502,1.3528,1.3535,1.3554,1.3562,1.3586,1.3591,1.3597,1.3609,1.3637,1.3631,1.3639,1.365,1.3664,1.3667,1.3687,1.3699,1.3694,1.3695,1.3717,1.3719,1.3733,1.3725,1.3736,1.3751,1.3757,1.3763,1.3763,1.3764,1.3783,1.3792,1.3799,1.3798,1.3798,1.38,1.3813,1.3818,1.383,1.3839,1.3834,1.3842,1.3844,1.3861,1.3851,1.3861,1.3876,1.3881,1.3886,1.389,1.3901,1.3898,1.3902,1.3921,1.3925,1.3931,1.3933,1.3942,1.3947,1.3957,1.3957
2;2,0.1209,0.1313,0.1408,0.1256,0.1295,0.135,0.143,0.1545,0.1705,0.1931,0.2245,0.2669,0.323,0.395,0.4805,0.582,0.6966,0.816,0.927,1.0232,1.1011,1.1555,1.1974,1.228,1.2523,1.2757,1.2913,1.3088,1.3229,1.3357,1.3451,1.3545,1.366,1.3744,1.3798,1.3829,1.3856,1.3876,1.3883,1.3894,1.3903,1.3915,1.3939,1.3935,1.3952,1.397,1.397,1.3974,1.3984,1.3999,1.4003,1.401,1.4021,1.4023,1.4034,1.4045,1.405,1.4066,1.4064,1.4069,1.4069,1.408,1.4086,1.4088,1.4093,1.4106,1.4118,1.4132,1.4137,1.4141,1.4141,1.4164,1.4166,1.417,1.4182,1.4175,1.4189,1.4193,1.4214,1.42,1.4218,1.422,1.4234,1.4237,1.4236,1.4249,1.4254,1.4255,1.4264,1.4276,1.4291,1.4297,1.4311,1.4305,1.4329,1.4321
2;3,0.118,0.1311,0.1424,0.1253,0.1294,0.1351,0.1428,0.1538,0.1692,0.1904,0.2202,0.2594,0.3108,0.3769,0.456,0.5497,0.6559,0.7688,0.8763,0.9728,1.0525,1.1081,1.1507,1.1831,1.2085,1.2296,1.2469,1.2627,1.2783,1.2905,1.3025,1.3115,1.3232,1.331,1.341,1.3435,1.3453,1.3482,1.3493,1.3508,1.3529,1.3537,1.3563,1.3561,1.3572,1.3585,1.3604,1.36,1.3606,1.3623,1.3635,1.3637,1.3644,1.3654,1.3672,1.3692,1.3696,1.3694,1.3701,1.3715,1.3712,1.3724,1.3725,1.3728,1.3741,1.3761,1.3756,1.3767,1.3776,1.377,1.3781,1.3793,1.3803,1.3824,1.384,1.3831,1.3848,1.3865,1.386,1.3874,1.3883,1.3884,1.3904,1.3911,1.3907,1.3919,1.3932,1.3933,1.3946,1.3964,1.396,1.3977,1.3991,1.3991,1.4017,1.4023
3;2,0.1299,0.1435,0.1592,0.1387,0.1449,0.1532,0.1643,0.181,0.2025,0.2322,0.2727,0.3202,0.383,0.4565,0.5375,0.632,0.7327,0.8382,0.9342,1.0215,1.0926,1.1429,1.1821,1.2108,1.2332,1.2538,1.2702,1.2849,1.2979,1.3098,1.32,1.3291,1.339,1.3466,1.3536,1.3571,1.3599,1.3613,1.363,1.3647,1.3675,1.3677,1.3691,1.3706,1.371,1.3719,1.3734,1.3741,1.3756,1.3763,1.3774,1.3793,1.38,1.3807,1.3814,1.3831,1.3832,1.384,1.3841,1.3846,1.3855,1.3861,1.3867,1.3881,1.3889,1.3893,1.3903,1.3907,1.3913,1.3921,1.3928,1.3936,1.3943,1.3955,1.3964,1.396,1.3977,1.3976,1.3977,1.3992,1.3999,1.4,1.4007,1.4012,1.4026,1.4038,1.4047,1.4048,1.4046,1.4061,1.4074,1.4078,1.408,1.4086,1.4097,1.411
,,,,,,,,,,,,,,,,,,,,,,,,,,,,,,,,,,,,,,,,,,,,,,,,,,,,,,,,,,,,,,,,,,,,,,,,,,,,,,,,,,,,,,,,,,,,,,,,
Cycles / Well,,,,,,,,,,,,,,,,,,,,,,,,,,,,,,,,,,,,,,,,,,,,,,,,,,,,,,,,,,,,,,,,,,,,,,,,,,,,,,,,,,,,,,,,,,,,,,,,
C9,1,2,3,4,5,6,7,8,9,10,11,12,13,14,15,16,17,18,19,20,21,22,23,24,25,26,27,28,29,30,31,32,33,34,35,36,37,38,39,40,41,42,43,44,45,46,47,48,49,50,51,52,53,54,55,56,57,58,59,60,61,62,63,64,65,66,67,68,69,70,71,72,73,74,75,76,77,78,79,80,81,82,83,84,85,86,87,88,89,90,91,92,93,94,95,96
Time [s],0,1799.804,3599.705,5399.641,7199.561,8999.49,10799.409,12599.333,14399.26,16199.194,17999.109,19799.039,21598.958,23398.892,25198.808,26998.725,28798.661,30598.589,32398.489,34198.443,35998.374,37798.286,39598.224,41398.149,43198.081,44997.99,46797.917,48597.842,50397.765,52197.702,53997.621,55797.552,57597.468,59397.391,61197.317,62997.249,64797.163,66597.084,68397.028,70196.935,71996.864,73796.783,75596.71,77396.649,79196.565,80996.494,82796.414,84596.354,86396.27,88196.204,89996.112,91796.061,93595.971,95395.897,97195.829,98995.747,100795.679,102595.601,104395.534,106195.445,107995.377,109795.307,111595.236,113395.157,115195.076,116995.019,118794.937,120594.848,122394.785,124194.722,125994.648,127794.579,129594.494,131394.41,133194.341,134994.266,136794.185,138594.122,140394.047,142193.959,143993.87,145793.805,147593.724,149393.655,151193.569,152993.504,154793.443,156593.376,158393.277,160193.21,161993.13,163793.052,165592.982,167392.906,169192.831,170992.755
Temp. [°C],40.8,29.9,29.9,30,30,30.1,30,30.1,30,29.9,30,30,30,30,30,29.9,30,30,30.1,30.1,29.9,30,30,30,30.1,30.1,30,30.1,30.1,30,30,30,29.9,30.1,30,29.9,29.8,29.8,29.8,29.9,30.1,30.1,30,30.1,29.8,29.9,30,30,30,30.1,30,30,29.8,30,30,30.1,30.1,30,30.1,29.9,30,30.1,30.1,30,30,29.9,29.9,30.1,30,30,29.9,29.9,30,30,29.9,30.1,29.9,29.8,29.9,30,30,30.1,30,30,30.1,30.1,30.2,30.1,29.9,30,29.9,29.9,30.1,29.9,30,30
Mean,0.128,0.13776,0.14006,0.13452,0.13902,0.1451,0.15408,0.16698,0.18392,0.20692,0.23762,0.2768,0.3235,0.37666,0.43282,0.49218,0.54956,0.60262,0.64998,0.69074,0.72362,0.75102,0.77364,0.79226,0.80844,0.82394,0.83476,0.8471,0.85756,0.8678,0.87706,0.88596,0.89528,0.90502,0.9158,0.92698,0.9403,0.9542,0.97018,0.98652,1.00346,1.01938,1.03528,1.04778,1.05866,1.0681,1.07598,1.08112,1.08432,1.0869,1.08804,1.0878,1.0876,1.08712,1.08686,1.08546,1.08512,1.08296,1.0807,1.07974,1.0786,1.078,1.07742,1.07584,1.07466,1.0739,1.07324,1.07246,1.07154,1.07064,1.0699,1.06914,1.06862,1.06868,1.0683,1.0677,1.0677,1.0676,1.06762,1.06658,1.06734,1.06686,1.06688,1.06698,1.06694,1.0673,1.06694,1.06712,1.06736,1.06774,1.06808,1.0681,1.06832,1.06846,1.06896,1.06902
StDev,0.011091664,0.010860157,0.013222065,0.011854408,0.012959437,0.014043326,0.015771398,0.018749053,0.021446142,0.025548816,0.029735955,0.034341447,0.03842805,0.041182921,0.043841499,0.046248859,0.047731049,0.048586799,0.049557108,0.051024827,0.052066275,0.052873831,0.053555046,0.05425641,0.054948412,0.056105731,0.056236892,0.05720743,0.058039323,0.059166629,0.059924603,0.060846224,0.061725254,0.063194992,0.06412827,0.065942869,0.067948767,0.069394812,0.071191727,0.072575113,0.074530215,0.076137816,0.078000077,0.079136667,0.079509578,0.079911451,0.080408408,0.080226162,0.079464155,0.079888453,0.079091327,0.078490668,0.077935197,0.077446898,0.077153244,0.076442874,0.076340664,0.075898538,0.07545048,0.074902223,0.075272007,0.074648208,0.074706138,0.074308532,0.074181352,0.073185518,0.073049216,0.072461562,0.072157245,0.071921888,0.070940997,0.070973537,0.070284187,0.069939846,0.069469094,0.069377482,0.068783683,0.068597704,0.067981152,0.067860423,0.067045567,0.066716362,0.066568288,0.066349883,0.065686665,0.065361724,0.064804151,0.064507263,0.06408052,0.06352435,0.062948328,0.063025154,0.062974177,0.062111094,0.062031024,0.061234035
1;2,0.12,0.1295,0.1275,0.1271,0.1307,0.1363,0.1446,0.1563,0.1726,0.1941,0.2242,0.2641,0.3125,0.37,0.4316,0.4973,0.5615,0.6218,0.6745,0.7193,0.7564,0.7872,0.8127,0.8336,0.8517,0.8675,0.8834,0.899,0.9114,0.9241,0.9349,0.9471,0.9581,0.971,0.9846,0.999,1.0163,1.0336,1.0529,1.0726,1.0932,1.1114,1.131,1.146,1.1582,1.1695,1.1784,1.1831,1.1845,1.1887,1.1881,1.188,1.188,1.1865,1.1867,1.1839,1.1834,1.1809,1.1778,1.1769,1.1767,1.1759,1.1753,1.1737,1.1729,1.1712,1.1708,1.1696,1.1687,1.1675,1.1654,1.1649,1.1638,1.1631,1.1634,1.163,1.1627,1.1628,1.1617,1.1604,1.1607,1.1601,1.1602,1.1605,1.1599,1.16,1.1592,1.1592,1.1588,1.159,1.1587,1.1592,1.1594,1.158,1.1593,1.1582
2;1,0.1313,0.1439,0.1435,0.1418,0.1477,0.1556,0.1684,0.1847,0.2065,0.2349,0.2718,0.3192,0.3719,0.4295,0.4914,0.5548,0.6144,0.6675,0.7156,0.7575,0.7905,0.8182,0.8406,0.8592,0.8757,0.8925,0.9008,0.9128,0.9235,0.9339,0.9432,0.9507,0.9604,0.9699,0.9798,0.9909,1.0038,1.0171,1.0326,1.0473,1.0637,1.0803,1.095,1.1062,1.1155,1.1232,1.1308,1.1354,1.1389,1.1396,1.1413,1.1392,1.1372,1.1369,1.136,1.1345,1.1338,1.1311,1.1287,1.1267,1.125,1.123,1.1228,1.1201,1.1181,1.1164,1.1149,1.1134,1.1117,1.1107,1.1092,1.1081,1.1067,1.1071,1.1049,1.1035,1.1025,1.1018,1.1016,1.1009,1.1005,1.0994,1.0989,1.0982,1.097,1.0971,1.096,1.0957,1.0959,1.095,1.0951,1.0945,1.0945,1.0945,1.0938,1.0937
2;2,0.1236,0.1318,0.1356,0.1272,0.1307,0.1356,0.143,0.1534,0.168,0.1878,0.2149,0.2505,0.294,0.3449,0.3999,0.4581,0.5158,0.5695,0.6184,0.6595,0.6934,0.7218,0.7448,0.764,0.7815,0.7944,0.8086,0.8212,0.8327,0.8431,0.8538,0.8636,0.8736,0.8845,0.8961,0.9088,0.9241,0.9383,0.9562,0.975,0.9933,1.0107,1.0284,1.0424,1.0553,1.0652,1.0734,1.0797,1.0834,1.0869,1.0879,1.0882,1.0882,1.088,1.0865,1.0855,1.086,1.0835,1.0819,1.0804,1.0794,1.0794,1.0783,1.0769,1.076,1.0749,1.0743,1.0735,1.0725,1.0713,1.0711,1.0704,1.0699,1.0701,1.069,1.0689,1.0688,1.0683,1.0689,1.0675,1.0679,1.0673,1.0674,1.0673,1.0676,1.0676,1.0672,1.0673,1.0674,1.0679,1.0677,1.0678,1.0682,1.0688,1.0687,1.0685
2;3,0.1192,0.1296,0.1324,0.1246,0.1284,0.1335,0.1405,0.1506,0.1646,0.1835,0.2097,0.243,0.2839,0.3318,0.3827,0.4374,0.4913,0.542,0.5875,0.6262,0.6575,0.6843,0.7063,0.7241,0.7396,0.7534,0.7648,0.7767,0.7866,0.7957,0.804,0.8116,0.8205,0.8286,0.8388,0.8474,0.8587,0.8715,0.8854,0.9005,0.9154,0.931,0.9448,0.956,0.9675,0.9768,0.9845,0.9894,0.9931,0.9946,0.9966,0.9975,0.9979,0.9983,0.9987,0.9976,0.9979,0.9958,0.9946,0.9948,0.9931,0.9943,0.9932,0.992,0.9921,0.9926,0.9919,0.9926,0.9921,0.9909,0.9915,0.9908,0.9914,0.9926,0.9933,0.9933,0.9945,0.9946,0.9954,0.9946,0.9971,0.9972,0.998,0.9986,0.9994,1.0001,1.0011,1.0018,1.0025,1.0047,1.0054,1.006,1.0065,1.0076,1.0093,1.0098
3;2,0.1459,0.154,0.1613,0.1519,0.1576,0.1645,0.1739,0.1899,0.2079,0.2343,0.2675,0.3072,0.3552,0.4071,0.4585,0.5133,0.5648,0.6123,0.6539,0.6912,0.7203,0.7436,0.7638,0.7804,0.7937,0.8119,0.8162,0.8258,0.8336,0.8422,0.8494,0.8568,0.8638,0.8711,0.8797,0.8888,0.8986,0.9105,0.9238,0.9372,0.9517,0.9635,0.9772,0.9883,0.9968,1.0058,1.0128,1.018,1.0217,1.0247,1.0263,1.0261,1.0267,1.0259,1.0264,1.0258,1.0245,1.0235,1.0205,1.0199,1.0188,1.0174,1.0175,1.0165,1.0142,1.0144,1.0143,1.0132,1.0127,1.0128,1.0123,1.0115,1.0113,1.0105,1.0109,1.0098,1.01,1.0105,1.0105,1.0095,1.0105,1.0103,1.0099,1.0103,1.0108,1.0117,1.0112,1.0116,1.0122,1.0121,1.0135,1.013,1.013,1.0134,1.0137,1.0149
,,,,,,,,,,,,,,,,,,,,,,,,,,,,,,,,,,,,,,,,,,,,,,,,,,,,,,,,,,,,,,,,,,,,,,,,,,,,,,,,,,,,,,,,,,,,,,,,
Cycles / Well,,,,,,,,,,,,,,,,,,,,,,,,,,,,,,,,,,,,,,,,,,,,,,,,,,,,,,,,,,,,,,,,,,,,,,,,,,,,,,,,,,,,,,,,,,,,,,,,
C10,1,2,3,4,5,6,7,8,9,10,11,12,13,14,15,16,17,18,19,20,21,22,23,24,25,26,27,28,29,30,31,32,33,34,35,36,37,38,39,40,41,42,43,44,45,46,47,48,49,50,51,52,53,54,55,56,57,58,59,60,61,62,63,64,65,66,67,68,69,70,71,72,73,74,75,76,77,78,79,80,81,82,83,84,85,86,87,88,89,90,91,92,93,94,95,96
Time [s],0,1799.804,3599.705,5399.641,7199.561,8999.49,10799.409,12599.333,14399.26,16199.194,17999.109,19799.039,21598.958,23398.892,25198.808,26998.725,28798.661,30598.589,32398.489,34198.443,35998.374,37798.286,39598.224,41398.149,43198.081,44997.99,46797.917,48597.842,50397.765,52197.702,53997.621,55797.552,57597.468,59397.391,61197.317,62997.249,64797.163,66597.084,68397.028,70196.935,71996.864,73796.783,75596.71,77396.649,79196.565,80996.494,82796.414,84596.354,86396.27,88196.204,89996.112,91796.061,93595.971,95395.897,97195.829,98995.747,100795.679,102595.601,104395.534,106195.445,107995.377,109795.307,111595.236,113395.157,115195.076,116995.019,118794.937,120594.848,122394.785,124194.722,125994.648,127794.579,129594.494,131394.41,133194.341,134994.266,136794.185,138594.122,140394.047,142193.959,143993.87,145793.805,147593.724,149393.655,151193.569,152993.504,154793.443,156593.376,158393.277,160193.21,161993.13,163793.052,165592.982,167392.906,169192.831,170992.755
Temp. [°C],40.8,29.9,29.9,30,30,30.1,30,30.1,30,29.9,30,30,30,30,30,29.9,30,30,30.1,30.1,29.9,30,30,30,30.1,30.1,30,30.1,30.1,30,30,30,29.9,30.1,30,29.9,29.8,29.8,29.8,29.9,30.1,30.1,30,30.1,29.8,29.9,30,30,30,30.1,30,30,29.8,30,30,30.1,30.1,30,30.1,29.9,30,30.1,30.1,30,30,29.9,29.9,30.1,30,30,29.9,29.9,30,30,29.9,30.1,29.9,29.8,29.9,30,30,30.1,30,30,30.1,30.1,30.2,30.1,29.9,30,29.9,29.9,30.1,29.9,30,30
Mean,0.12532,0.13814,0.13566,0.13232,0.13684,0.14326,0.15226,0.16512,0.18192,0.20564,0.2382,0.2823,0.33924,0.41048,0.49434,0.59392,0.70536,0.81824,0.92318,1.01614,1.08916,1.14014,1.17878,1.2073,1.23138,1.25252,1.27,1.28604,1.29952,1.31208,1.323,1.3352,1.34634,1.35574,1.36244,1.36526,1.36838,1.37026,1.37114,1.3727,1.37434,1.37544,1.37696,1.37808,1.37916,1.3802,1.3815,1.3825,1.38392,1.38458,1.3853,1.3867,1.38728,1.38814,1.38894,1.38962,1.39032,1.39118,1.3915,1.39222,1.39296,1.39406,1.39444,1.39528,1.39576,1.39662,1.39758,1.39834,1.39896,1.39962,1.4001,1.4012,1.40166,1.40316,1.40338,1.40406,1.4051,1.40578,1.40626,1.40736,1.4077,1.40846,1.4089,1.40944,1.41076,1.41182,1.41208,1.41234,1.41368,1.41448,1.41476,1.41586,1.41632,1.41672,1.41836,1.4183
StDev,0.005339195,0.007400541,0.00994349,0.005329822,0.006170737,0.007068097,0.0081892,0.010078045,0.011325944,0.013664297,0.016069848,0.018478095,0.019728989,0.018816137,0.016283826,0.013105609,0.012059768,0.01583613,0.020476499,0.02393393,0.025531118,0.026369452,0.026179228,0.027496454,0.0273435,0.026772224,0.027902778,0.028438847,0.02875686,0.028319463,0.028319869,0.027904032,0.029057065,0.028839695,0.028584139,0.028562703,0.028035549,0.028458443,0.028079405,0.028060649,0.027833307,0.028225396,0.027751811,0.027420831,0.027781253,0.027828852,0.027690522,0.027859917,0.027576475,0.028331731,0.027552223,0.027871222,0.027865516,0.028058831,0.027886968,0.027899767,0.02779446,0.028286251,0.028288955,0.028101548,0.028484083,0.028659082,0.027340958,0.028177154,0.028894775,0.02903088,0.028906695,0.028863524,0.029054483,0.028934616,0.028657721,0.028523148,0.028896851,0.028449042,0.028614542,0.028915878,0.028758999,0.02883621,0.028644424,0.029098076,0.028998965,0.029210666,0.02928754,0.029283835,0.029146235,0.028841931,0.029202089,0.029241802,0.029560227,0.029549907,0.029426655,0.029668215,0.02942188,0.029146046,0.029257358,0.02917259
1;2,0.1218,0.1317,0.1272,0.1288,0.1327,0.1382,0.1466,0.1584,0.1746,0.197,0.2287,0.2724,0.3301,0.4042,0.4934,0.6018,0.7213,0.843,0.9533,1.0496,1.1233,1.1747,1.2125,1.2425,1.2662,1.2861,1.3045,1.3212,1.3344,1.347,1.3577,1.3689,1.3812,1.3892,1.3958,1.3982,1.4,1.4026,1.4031,1.4045,1.4055,1.4074,1.4094,1.4089,1.4106,1.411,1.4123,1.4127,1.4145,1.4159,1.4153,1.4176,1.418,1.4192,1.4201,1.4213,1.4206,1.4222,1.4218,1.4229,1.4245,1.4249,1.4239,1.4259,1.4267,1.4277,1.4291,1.4292,1.4298,1.4301,1.4297,1.4311,1.4322,1.4328,1.4331,1.4355,1.4357,1.4362,1.4352,1.4379,1.4375,1.4388,1.4397,1.4398,1.441,1.4416,1.4421,1.4426,1.4441,1.4452,1.4455,1.4468,1.4465,1.4463,1.4477,1.448
2;1,0.1265,0.14,0.1326,0.1348,0.1401,0.1476,0.1585,0.1729,0.192,0.2183,0.2535,0.3017,0.3603,0.4301,0.5099,0.6044,0.7097,0.8143,0.9123,1.0017,1.0694,1.1199,1.1578,1.1844,1.2085,1.2299,1.2455,1.2613,1.2735,1.2877,1.2977,1.3106,1.3209,1.3294,1.336,1.3389,1.341,1.3422,1.3436,1.3457,1.3467,1.3475,1.3499,1.3512,1.3519,1.3527,1.354,1.3549,1.3564,1.3561,1.3575,1.3587,1.3593,1.3604,1.3616,1.3619,1.3627,1.363,1.3627,1.364,1.3642,1.3653,1.3676,1.3669,1.3663,1.3668,1.368,1.3692,1.3692,1.3701,1.3706,1.3715,1.3718,1.373,1.3732,1.3727,1.3752,1.3754,1.3755,1.3767,1.3766,1.3775,1.3773,1.3777,1.3797,1.3807,1.3801,1.3806,1.3813,1.3823,1.3829,1.3835,1.3846,1.3851,1.3862,1.3862
2;2,0.1237,0.135,0.1335,0.1283,0.1319,0.1374,0.1449,0.1562,0.1713,0.1925,0.2224,0.2632,0.3178,0.3872,0.4715,0.5726,0.6884,0.8064,0.9166,1.0129,1.0901,1.1417,1.1826,1.2116,1.2369,1.2588,1.2766,1.2935,1.3076,1.3191,1.3306,1.3434,1.3546,1.3645,1.3703,1.373,1.3764,1.3785,1.3787,1.3801,1.3821,1.3832,1.3848,1.3857,1.3867,1.3882,1.3891,1.3905,1.3917,1.3926,1.3934,1.3947,1.395,1.3962,1.3967,1.3971,1.3979,1.399,1.4,1.4001,1.4008,1.4022,1.4021,1.4029,1.4038,1.4048,1.4053,1.4061,1.4071,1.4075,1.4081,1.4093,1.4094,1.4118,1.4116,1.4123,1.4128,1.4137,1.4145,1.4153,1.416,1.4165,1.4169,1.4172,1.4189,1.4197,1.4196,1.4197,1.4218,1.4221,1.4228,1.4236,1.4242,1.4247,1.4268,1.4264
2;3,0.1206,0.1338,0.1321,0.1291,0.1333,0.1395,0.1479,0.1593,0.1755,0.198,0.2289,0.2716,0.3278,0.4013,0.487,0.5901,0.7065,0.8236,0.9331,1.0286,1.1031,1.1551,1.193,1.2225,1.2458,1.2667,1.2856,1.3013,1.3156,1.3277,1.3386,1.3506,1.3629,1.3734,1.3804,1.3838,1.3873,1.3891,1.3901,1.3919,1.3936,1.3946,1.3943,1.3969,1.3981,1.3997,1.401,1.4028,1.4033,1.4046,1.4051,1.4062,1.4072,1.4078,1.4083,1.4086,1.4107,1.4116,1.4123,1.4126,1.4132,1.4153,1.4147,1.4161,1.4175,1.4184,1.4189,1.4203,1.4211,1.4221,1.4229,1.4233,1.4241,1.425,1.4258,1.4251,1.4272,1.4281,1.4296,1.4301,1.4308,1.4316,1.4317,1.4329,1.4338,1.4349,1.4359,1.4361,1.4374,1.4382,1.4379,1.4395,1.4402,1.4406,1.4424,1.442
3;2,0.134,0.1502,0.1529,0.1406,0.1462,0.1536,0.1634,0.1788,0.1962,0.2224,0.2575,0.3026,0.3602,0.4296,0.5099,0.6007,0.7009,0.8039,0.9006,0.9879,1.0599,1.1093,1.148,1.1755,1.1995,1.2211,1.2378,1.2529,1.2665,1.2789,1.2904,1.3025,1.3121,1.3222,1.3297,1.3324,1.3372,1.3389,1.3402,1.3413,1.3438,1.3445,1.3464,1.3477,1.3485,1.3494,1.3511,1.3516,1.3537,1.3537,1.3552,1.3563,1.3569,1.3571,1.358,1.3592,1.3597,1.3601,1.3607,1.3615,1.3621,1.3626,1.3639,1.3646,1.3645,1.3654,1.3666,1.3669,1.3676,1.3683,1.3692,1.3708,1.3708,1.3732,1.3732,1.3747,1.3746,1.3755,1.3765,1.3768,1.3776,1.3779,1.3789,1.3796,1.3804,1.3822,1.3827,1.3827,1.3838,1.3846,1.3847,1.3859,1.3861,1.3869,1.3887,1.3889
,,,,,,,,,,,,,,,,,,,,,,,,,,,,,,,,,,,,,,,,,,,,,,,,,,,,,,,,,,,,,,,,,,,,,,,,,,,,,,,,,,,,,,,,,,,,,,,,
Cycles / Well,,,,,,,,,,,,,,,,,,,,,,,,,,,,,,,,,,,,,,,,,,,,,,,,,,,,,,,,,,,,,,,,,,,,,,,,,,,,,,,,,,,,,,,,,,,,,,,,
C11,1,2,3,4,5,6,7,8,9,10,11,12,13,14,15,16,17,18,19,20,21,22,23,24,25,26,27,28,29,30,31,32,33,34,35,36,37,38,39,40,41,42,43,44,45,46,47,48,49,50,51,52,53,54,55,56,57,58,59,60,61,62,63,64,65,66,67,68,69,70,71,72,73,74,75,76,77,78,79,80,81,82,83,84,85,86,87,88,89,90,91,92,93,94,95,96
Time [s],0,1799.804,3599.705,5399.641,7199.561,8999.49,10799.409,12599.333,14399.26,16199.194,17999.109,19799.039,21598.958,23398.892,25198.808,26998.725,28798.661,30598.589,32398.489,34198.443,35998.374,37798.286,39598.224,41398.149,43198.081,44997.99,46797.917,48597.842,50397.765,52197.702,53997.621,55797.552,57597.468,59397.391,61197.317,62997.249,64797.163,66597.084,68397.028,70196.935,71996.864,73796.783,75596.71,77396.649,79196.565,80996.494,82796.414,84596.354,86396.27,88196.204,89996.112,91796.061,93595.971,95395.897,97195.829,98995.747,100795.679,102595.601,104395.534,106195.445,107995.377,109795.307,111595.236,113395.157,115195.076,116995.019,118794.937,120594.848,122394.785,124194.722,125994.648,127794.579,129594.494,131394.41,133194.341,134994.266,136794.185,138594.122,140394.047,142193.959,143993.87,145793.805,147593.724,149393.655,151193.569,152993.504,154793.443,156593.376,158393.277,160193.21,161993.13,163793.052,165592.982,167392.906,169192.831,170992.755
Temp. [°C],40.8,29.9,29.9,30,30,30.1,30,30.1,30,29.9,30,30,30,30,30,29.9,30,30,30.1,30.1,29.9,30,30,30,30.1,30.1,30,30.1,30.1,30,30,30,29.9,30.1,30,29.9,29.8,29.8,29.8,29.9,30.1,30.1,30,30.1,29.8,29.9,30,30,30,30.1,30,30,29.8,30,30,30.1,30.1,30,30.1,29.9,30,30.1,30.1,30,30,29.9,29.9,30.1,30,30,29.9,29.9,30,30,29.9,30.1,29.9,29.8,29.9,30,30,30.1,30,30,30.1,30.1,30.2,30.1,29.9,30,29.9,29.9,30.1,29.9,30,30
Mean,0.10204,0.11296,0.10114,0.1011,0.10138,0.10112,0.10134,0.10136,0.10136,0.1013,0.10138,0.10146,0.10126,0.1012,0.10132,0.10124,0.10112,0.10136,0.10134,0.1012,0.10098,0.10098,0.1012,0.10132,0.10092,0.10464,0.10112,0.10106,0.10098,0.1009,0.10102,0.10108,0.10112,0.10098,0.10098,0.10094,0.10098,0.10092,0.10094,0.10094,0.10098,0.10092,0.10088,0.10088,0.10086,0.1009,0.1008,0.10076,0.1008,0.10084,0.10082,0.10082,0.10104,0.10086,0.10088,0.10094,0.1009,0.10074,0.1009,0.10086,0.10078,0.10086,0.10086,0.1008,0.10082,0.10066,0.1008,0.10082,0.1009,0.1008,0.10072,0.10078,0.1009,0.10078,0.10084,0.1009,0.10084,0.10086,0.10096,0.10084,0.10078,0.10084,0.10074,0.10076,0.10078,0.10084,0.10074,0.1008,0.10084,0.10092,0.10076,0.10078,0.10088,0.10082,0.1008,0.10078
StDev,0.002429609,0.001973069,0.003204372,0.003244226,0.003183866,0.003253767,0.003223042,0.003137356,0.003246999,0.00318826,0.003089013,0.003198906,0.00316038,0.003213254,0.002996164,0.003185593,0.003141178,0.003174587,0.003203592,0.003104835,0.00318622,0.003224438,0.00308788,0.003034304,0.00315943,0.006576321,0.003214343,0.003197343,0.003129217,0.003170962,0.003161803,0.003079286,0.003035951,0.00309144,0.003131613,0.003043518,0.003062189,0.003062189,0.003130974,0.003116569,0.003048278,0.003089822,0.00314595,0.003077661,0.003130176,0.003101612,0.003117691,0.003089175,0.00314086,0.003047622,0.003076849,0.003075224,0.002982113,0.003074573,0.00309144,0.003076199,0.003116087,0.003093218,0.003009153,0.003102902,0.00302192,0.003036116,0.003090793,0.003089498,0.003022747,0.003102902,0.003101612,0.003062189,0.00304795,0.003035622,0.003021093,0.003048278,0.002969848,0.003060556,0.002994662,0.002909467,0.002997165,0.00296867,0.002906544,0.002972036,0.002933769,0.00298379,0.003048442,0.003021258,0.002955842,0.002931382,0.003089175,0.002958885,0.00292113,0.002842886,0.002947541,0.00295415,0.002932064,0.002944826,0.002907748,0.002932064
1;2,0.1046,0.112,0.1046,0.1046,0.1048,0.1045,0.1047,0.1048,0.1048,0.1046,0.1046,0.1047,0.1048,0.1048,0.1046,0.1046,0.1044,0.1047,0.1047,0.1044,0.1043,0.1045,0.1044,0.1046,0.1042,0.1046,0.1045,0.1045,0.1043,0.1043,0.1044,0.1045,0.1044,0.1042,0.1043,0.104,0.1043,0.1042,0.1043,0.1043,0.1043,0.1042,0.1042,0.1042,0.1042,0.1042,0.1041,0.104,0.1041,0.1041,0.1041,0.104,0.1042,0.1042,0.1041,0.1042,0.1042,0.104,0.1041,0.1041,0.1039,0.104,0.104,0.104,0.1039,0.1039,0.1041,0.1041,0.1041,0.104,0.1039,0.104,0.1041,0.104,0.1041,0.104,0.1041,0.104,0.1041,0.104,0.1039,0.104,0.1039,0.104,0.1039,0.104,0.104,0.104,0.1039,0.1039,0.1039,0.1039,0.1041,0.104,0.104,0.1039
2;1,0.0995,0.1131,0.0995,0.0995,0.0997,0.0994,0.0997,0.0998,0.0998,0.0997,0.0998,0.0997,0.0996,0.0995,0.0996,0.0996,0.0995,0.0997,0.0997,0.0994,0.0992,0.0992,0.0995,0.0997,0.0993,0.0993,0.0995,0.0993,0.0993,0.0993,0.0993,0.0993,0.0994,0.0993,0.0992,0.0992,0.0992,0.0991,0.0993,0.0992,0.0992,0.0992,0.0992,0.0991,0.099,0.0992,0.0991,0.099,0.0991,0.0991,0.099,0.0991,0.0993,0.0991,0.0992,0.0993,0.0993,0.0991,0.0992,0.0992,0.0991,0.0991,0.0991,0.099,0.0991,0.099,0.0991,0.099,0.0992,0.099,0.099,0.099,0.0991,0.0991,0.0991,0.099,0.099,0.0991,0.0991,0.099,0.0989,0.099,0.099,0.099,0.099,0.099,0.0989,0.099,0.099,0.0991,0.0989,0.0991,0.0991,0.099,0.099,0.099
2;2,0.1044,0.1153,0.1044,0.1044,0.1047,0.1046,0.1047,0.1045,0.1047,0.1047,0.1046,0.105,0.1044,0.1044,0.1045,0.1046,0.1044,0.1047,0.1047,0.1046,0.1044,0.1043,0.1046,0.1045,0.1043,0.1043,0.1045,0.1044,0.1043,0.1042,0.1043,0.1042,0.1043,0.1043,0.1043,0.1043,0.1042,0.1042,0.1042,0.1042,0.1042,0.1042,0.1042,0.1041,0.1042,0.1042,0.1041,0.1041,0.1042,0.1041,0.1041,0.1042,0.1043,0.1041,0.1042,0.1042,0.1042,0.104,0.1041,0.1042,0.1041,0.1042,0.1043,0.1042,0.1042,0.104,0.1041,0.1041,0.1042,0.1041,0.104,0.1041,0.1041,0.1041,0.104,0.1041,0.104,0.1041,0.1041,0.1041,0.104,0.1041,0.1041,0.104,0.104,0.104,0.1041,0.104,0.1041,0.1041,0.104,0.104,0.104,0.104,0.1039,0.104
2;3,0.0998,0.1102,0.0998,0.0997,0.0999,0.0997,0.1001,0.1,0.1,0.0999,0.1002,0.1,0.0998,0.0997,0.0996,0.0998,0.0999,0.1,0.1,0.0998,0.0996,0.0995,0.0996,0.0998,0.0995,0.0995,0.0997,0.0996,0.0995,0.0994,0.0997,0.0997,0.0997,0.0996,0.0996,0.0997,0.0995,0.0994,0.0995,0.0995,0.0994,0.0995,0.0995,0.0995,0.0994,0.0994,0.0994,0.0993,0.0992,0.0993,0.0994,0.0993,0.0994,0.0993,0.0995,0.0995,0.0994,0.0994,0.0995,0.0994,0.0993,0.0994,0.0994,0.0993,0.0993,0.0992,0.0993,0.0993,0.0994,0.0993,0.0992,0.0992,0.0993,0.0992,0.0993,0.0993,0.0994,0.0993,0.0994,0.0992,0.0992,0.0993,0.0992,0.0992,0.0993,0.0993,0.0992,0.0991,0.0992,0.0993,0.0991,0.0992,0.0992,0.0992,0.0991,0.0991
3;2,0.1019,0.1142,0.0974,0.0973,0.0978,0.0974,0.0975,0.0977,0.0975,0.0976,0.0977,0.0979,0.0977,0.0976,0.0983,0.0976,0.0974,0.0977,0.0976,0.0978,0.0974,0.0974,0.0979,0.098,0.0973,0.1155,0.0974,0.0975,0.0975,0.0973,0.0974,0.0977,0.0978,0.0975,0.0975,0.0975,0.0977,0.0977,0.0974,0.0975,0.0978,0.0975,0.0973,0.0975,0.0975,0.0975,0.0973,0.0974,0.0974,0.0976,0.0975,0.0975,0.098,0.0976,0.0974,0.0975,0.0974,0.0972,0.0976,0.0974,0.0975,0.0976,0.0975,0.0975,0.0976,0.0972,0.0974,0.0976,0.0976,0.0976,0.0975,0.0976,0.0979,0.0975,0.0977,0.0981,0.0977,0.0978,0.0981,0.0979,0.0979,0.0978,0.0975,0.0976,0.0977,0.0979,0.0975,0.0979,0.098,0.0982,0.0979,0.0977,0.098,0.0979,0.098,0.0979
,,,,,,,,,,,,,,,,,,,,,,,,,,,,,,,,,,,,,,,,,,,,,,,,,,,,,,,,,,,,,,,,,,,,,,,,,,,,,,,,,,,,,,,,,,,,,,,,
Cycles / Well,,,,,,,,,,,,,,,,,,,,,,,,,,,,,,,,,,,,,,,,,,,,,,,,,,,,,,,,,,,,,,,,,,,,,,,,,,,,,,,,,,,,,,,,,,,,,,,,
C12,1,2,3,4,5,6,7,8,9,10,11,12,13,14,15,16,17,18,19,20,21,22,23,24,25,26,27,28,29,30,31,32,33,34,35,36,37,38,39,40,41,42,43,44,45,46,47,48,49,50,51,52,53,54,55,56,57,58,59,60,61,62,63,64,65,66,67,68,69,70,71,72,73,74,75,76,77,78,79,80,81,82,83,84,85,86,87,88,89,90,91,92,93,94,95,96
Time [s],0,1799.804,3599.705,5399.641,7199.561,8999.49,10799.409,12599.333,14399.26,16199.194,17999.109,19799.039,21598.958,23398.892,25198.808,26998.725,28798.661,30598.589,32398.489,34198.443,35998.374,37798.286,39598.224,41398.149,43198.081,44997.99,46797.917,48597.842,50397.765,52197.702,53997.621,55797.552,57597.468,59397.391,61197.317,62997.249,64797.163,66597.084,68397.028,70196.935,71996.864,73796.783,75596.71,77396.649,79196.565,80996.494,82796.414,84596.354,86396.27,88196.204,89996.112,91796.061,93595.971,95395.897,97195.829,98995.747,100795.679,102595.601,104395.534,106195.445,107995.377,109795.307,111595.236,113395.157,115195.076,116995.019,118794.937,120594.848,122394.785,124194.722,125994.648,127794.579,129594.494,131394.41,133194.341,134994.266,136794.185,138594.122,140394.047,142193.959,143993.87,145793.805,147593.724,149393.655,151193.569,152993.504,154793.443,156593.376,158393.277,160193.21,161993.13,163793.052,165592.982,167392.906,169192.831,170992.755
Temp. [°C],40.8,29.9,29.9,30,30,30.1,30,30.1,30,29.9,30,30,30,30,30,29.9,30,30,30.1,30.1,29.9,30,30,30,30.1,30.1,30,30.1,30.1,30,30,30,29.9,30.1,30,29.9,29.8,29.8,29.8,29.9,30.1,30.1,30,30.1,29.8,29.9,30,30,30,30.1,30,30,29.8,30,30,30.1,30.1,30,30.1,29.9,30,30.1,30.1,30,30,29.9,29.9,30.1,30,30,29.9,29.9,30,30,29.9,30.1,29.9,29.8,29.9,30,30,30.1,30,30,30.1,30.1,30.2,30.1,29.9,30,29.9,29.9,30.1,29.9,30,30
Mean,0.10084,0.10108,0.10088,0.10086,0.1009,0.10092,0.10098,0.10108,0.10104,0.10086,0.10106,0.10102,0.1009,0.10094,0.1008,0.1009,0.1009,0.10102,0.101,0.1009,0.10078,0.10068,0.10088,0.10098,0.10068,0.10078,0.10076,0.10074,0.10066,0.10062,0.10078,0.10072,0.10078,0.10072,0.10068,0.1005,0.10058,0.10058,0.10062,0.10062,0.10062,0.10064,0.10056,0.10052,0.10048,0.1006,0.10048,0.10048,0.10054,0.10058,0.10058,0.1005,0.10064,0.1006,0.1006,0.10064,0.1006,0.10052,0.10078,0.10068,0.10058,0.1007,0.10062,0.10056,0.10064,0.10052,0.10076,0.10076,0.10082,0.10076,0.10068,0.10078,0.10088,0.1008,0.10082,0.1009,0.10088,0.1009,0.10102,0.10096,0.10086,0.10096,0.1008,0.10088,0.10092,0.10106,0.101,0.10096,0.1011,0.10112,0.1011,0.101,0.1012,0.10116,0.10116,0.10112
StDev,0.003415845,0.003183866,0.003306358,0.00337387,0.003287096,0.003417163,0.003401764,0.003441947,0.003426076,0.003486115,0.003370905,0.003401029,0.003403674,0.003434822,0.003351865,0.00351639,0.003408079,0.003449928,0.00341687,0.003461214,0.003403968,0.003443399,0.00346078,0.00330106,0.003396616,0.003327461,0.00345297,0.003344099,0.003367937,0.003359613,0.003341706,0.003296513,0.003383342,0.00334021,0.003378165,0.003290137,0.003341706,0.003328213,0.003385558,0.003336465,0.003290441,0.003317077,0.003295148,0.003278262,0.003279024,0.003303029,0.003213565,0.003259908,0.003152459,0.003059739,0.00315943,0.003134486,0.003093218,0.0031265,0.003152777,0.003153252,0.003149603,0.003073597,0.003011976,0.003016123,0.003007823,0.002988311,0.003020265,0.003031996,0.0030005,0.002925235,0.002939047,0.002933087,0.002883921,0.002902241,0.002883921,0.002819042,0.002862167,0.002839014,0.002784241,0.002809804,0.002819042,0.002732215,0.002710535,0.002707951,0.002707951,0.002778129,0.002717536,0.002674322,0.002710535,0.002768212,0.002664583,0.002691282,0.002698148,0.002661203,0.002644806,0.002755903,0.002717536,0.002694995,0.002691282,0.002680858
1;2,0.1041,0.1042,0.1041,0.1042,0.1041,0.1043,0.1043,0.1044,0.1045,0.1043,0.1045,0.1044,0.1043,0.1042,0.104,0.1043,0.1042,0.1044,0.1044,0.1043,0.1041,0.1041,0.1042,0.1042,0.104,0.1041,0.1041,0.1039,0.1039,0.1038,0.104,0.1038,0.104,0.104,0.104,0.1037,0.1038,0.1038,0.1039,0.1038,0.1038,0.1038,0.1037,0.1037,0.1036,0.1038,0.1036,0.1036,0.1036,0.1036,0.1036,0.1035,0.1036,0.1036,0.1035,0.1035,0.1035,0.1034,0.1036,0.1034,0.1034,0.1035,0.1034,0.1033,0.1034,0.1032,0.1034,0.1035,0.1035,0.1034,0.1033,0.1033,0.1034,0.1034,0.1032,0.1032,0.1034,0.1033,0.1033,0.1033,0.1032,0.1033,0.1031,0.1031,0.1032,0.1031,0.1031,0.103,0.103,0.1029,0.103,0.1029,0.103,0.1031,0.103,0.103
2;1,0.0987,0.0998,0.0987,0.0986,0.0986,0.0986,0.0985,0.0988,0.0987,0.0984,0.0988,0.0987,0.0985,0.0986,0.0986,0.0987,0.0985,0.0988,0.0989,0.0987,0.0988,0.0986,0.0985,0.0989,0.0985,0.0986,0.0985,0.0987,0.0986,0.0985,0.0987,0.0986,0.0987,0.0986,0.0986,0.0984,0.0985,0.0985,0.0984,0.0984,0.0985,0.0986,0.0984,0.0984,0.0984,0.0985,0.0984,0.0983,0.0984,0.0985,0.0984,0.0984,0.0984,0.0983,0.0984,0.0984,0.0985,0.0984,0.0984,0.0984,0.0983,0.0984,0.0984,0.0982,0.0983,0.0983,0.0985,0.0984,0.0985,0.0983,0.0982,0.0982,0.0983,0.0983,0.0984,0.0983,0.0983,0.0984,0.0984,0.0984,0.0983,0.0983,0.0982,0.0983,0.0982,0.0981,0.0984,0.0983,0.0984,0.0983,0.0983,0.0981,0.0983,0.0984,0.0983,0.0982
2;2,0.1048,0.1046,0.1047,0.1047,0.1047,0.1048,0.1049,0.1051,0.1049,0.1049,0.1048,0.1049,0.1048,0.105,0.1047,0.105,0.1049,0.105,0.1049,0.1049,0.1047,0.1046,0.105,0.1048,0.1046,0.1046,0.1048,0.1047,0.1046,0.1046,0.1047,0.1047,0.1048,0.1046,0.1046,0.1043,0.1045,0.1045,0.1046,0.1046,0.1045,0.1046,0.1045,0.1044,0.1044,0.1045,0.1043,0.1044,0.1043,0.1042,0.1044,0.1043,0.1044,0.1044,0.1045,0.1046,0.1045,0.1043,0.1045,0.1045,0.1043,0.1044,0.1044,0.1044,0.1044,0.1042,0.1045,0.1044,0.1044,0.1044,0.1043,0.1043,0.1045,0.1043,0.1044,0.1045,0.1044,0.1043,0.1044,0.1043,0.1042,0.1044,0.1042,0.1042,0.1042,0.1044,0.1043,0.1043,0.1044,0.1043,0.1042,0.1044,0.1044,0.1043,0.1042,0.1042
2;3,0.0995,0.0995,0.0995,0.0995,0.0996,0.0996,0.0997,0.0996,0.0996,0.0993,0.0997,0.0996,0.0994,0.0995,0.0995,0.0993,0.0994,0.0995,0.0994,0.0993,0.0992,0.0991,0.0992,0.0995,0.0992,0.0992,0.0992,0.0992,0.0991,0.0991,0.0992,0.0991,0.0991,0.0991,0.099,0.0991,0.099,0.0989,0.099,0.099,0.099,0.0989,0.0989,0.0988,0.0988,0.0989,0.0987,0.0987,0.0988,0.0988,0.0988,0.0986,0.0988,0.0987,0.0989,0.0988,0.0988,0.0987,0.099,0.0988,0.0987,0.0988,0.0987,0.0986,0.0987,0.0985,0.0987,0.0987,0.0986,0.0986,0.0986,0.0986,0.0987,0.0985,0.0986,0.0985,0.0987,0.0986,0.0987,0.0986,0.0985,0.0985,0.0985,0.0985,0.0985,0.0985,0.0985,0.0984,0.0984,0.0985,0.0985,0.0984,0.0985,0.0984,0.0984,0.0985
3;2,0.0971,0.0973,0.0974,0.0973,0.0975,0.0973,0.0975,0.0975,0.0975,0.0974,0.0975,0.0975,0.0975,0.0974,0.0972,0.0972,0.0975,0.0974,0.0974,0.0973,0.0971,0.097,0.0975,0.0975,0.0971,0.0974,0.0972,0.0972,0.0971,0.0971,0.0973,0.0974,0.0973,0.0973,0.0972,0.097,0.0971,0.0972,0.0972,0.0973,0.0973,0.0973,0.0973,0.0973,0.0972,0.0973,0.0974,0.0974,0.0976,0.0978,0.0977,0.0977,0.098,0.098,0.0977,0.0979,0.0977,0.0978,0.0984,0.0983,0.0982,0.0984,0.0982,0.0983,0.0984,0.0984,0.0987,0.0988,0.0991,0.0991,0.099,0.0995,0.0995,0.0995,0.0995,0.1,0.0996,0.0999,0.1003,0.1002,0.1001,0.1003,0.1,0.1003,0.1005,0.1012,0.1007,0.1008,0.1013,0.1016,0.1015,0.1012,0.1018,0.1016,0.1019,0.1017
,,,,,,,,,,,,,,,,,,,,,,,,,,,,,,,,,,,,,,,,,,,,,,,,,,,,,,,,,,,,,,,,,,,,,,,,,,,,,,,,,,,,,,,,,,,,,,,,
Cycles / Well,,,,,,,,,,,,,,,,,,,,,,,,,,,,,,,,,,,,,,,,,,,,,,,,,,,,,,,,,,,,,,,,,,,,,,,,,,,,,,,,,,,,,,,,,,,,,,,,
D1,1,2,3,4,5,6,7,8,9,10,11,12,13,14,15,16,17,18,19,20,21,22,23,24,25,26,27,28,29,30,31,32,33,34,35,36,37,38,39,40,41,42,43,44,45,46,47,48,49,50,51,52,53,54,55,56,57,58,59,60,61,62,63,64,65,66,67,68,69,70,71,72,73,74,75,76,77,78,79,80,81,82,83,84,85,86,87,88,89,90,91,92,93,94,95,96
Time [s],0,1799.804,3599.705,5399.641,7199.561,8999.49,10799.409,12599.333,14399.26,16199.194,17999.109,19799.039,21598.958,23398.892,25198.808,26998.725,28798.661,30598.589,32398.489,34198.443,35998.374,37798.286,39598.224,41398.149,43198.081,44997.99,46797.917,48597.842,50397.765,52197.702,53997.621,55797.552,57597.468,59397.391,61197.317,62997.249,64797.163,66597.084,68397.028,70196.935,71996.864,73796.783,75596.71,77396.649,79196.565,80996.494,82796.414,84596.354,86396.27,88196.204,89996.112,91796.061,93595.971,95395.897,97195.829,98995.747,100795.679,102595.601,104395.534,106195.445,107995.377,109795.307,111595.236,113395.157,115195.076,116995.019,118794.937,120594.848,122394.785,124194.722,125994.648,127794.579,129594.494,131394.41,133194.341,134994.266,136794.185,138594.122,140394.047,142193.959,143993.87,145793.805,147593.724,149393.655,151193.569,152993.504,154793.443,156593.376,158393.277,160193.21,161993.13,163793.052,165592.982,167392.906,169192.831,170992.755
Temp. [°C],40.8,29.9,29.9,30,30,30.1,30,30.1,30,29.9,30,30,30,30,30,29.9,30,30,30.1,30.1,29.9,30,30,30,30.1,30.1,30,30.1,30.1,30,30,30,29.9,30.1,30,29.9,29.8,29.8,29.8,29.9,30.1,30.1,30,30.1,29.8,29.9,30,30,30,30.1,30,30,29.8,30,30,30.1,30.1,30,30.1,29.9,30,30.1,30.1,30,30,29.9,29.9,30.1,30,30,29.9,29.9,30,30,29.9,30.1,29.9,29.8,29.9,30,30,30.1,30,30,30.1,30.1,30.2,30.1,29.9,30,29.9,29.9,30.1,29.9,30,30
Mean,0.0992,0.1003,0.09928,0.0993,0.09944,0.0995,0.0994,0.09954,0.0994,0.09942,0.09948,0.09948,0.09936,0.09936,0.09922,0.09942,0.09932,0.09954,0.09942,0.09938,0.09904,0.09916,0.09926,0.09952,0.0995,0.09922,0.09926,0.0993,0.09922,0.0991,0.09918,0.09936,0.09916,0.09918,0.09916,0.0992,0.09916,0.09916,0.09916,0.09914,0.09912,0.09918,0.09912,0.0991,0.09904,0.09912,0.09908,0.09904,0.09908,0.09904,0.0991,0.09902,0.0992,0.0991,0.09916,0.09914,0.09922,0.09902,0.0992,0.09918,0.09906,0.09916,0.09916,0.09908,0.09914,0.09904,0.09916,0.09916,0.09916,0.09914,0.09908,0.0991,0.0992,0.09914,0.09918,0.09918,0.09924,0.09924,0.09924,0.09922,0.09914,0.09928,0.09918,0.09922,0.09918,0.09924,0.09926,0.09924,0.0993,0.09934,0.09934,0.09942,0.09946,0.09942,0.09944,0.0994
StDev,0.000857321,0.001979899,0.00155467,0.001713184,0.001778482,0.001720465,0.001822087,0.001969264,0.001933908,0.002043771,0.002037646,0.002042547,0.002067124,0.002146625,0.002232039,0.002216303,0.002139392,0.002165179,0.002153369,0.002246553,0.002317973,0.002236739,0.002338376,0.002327445,0.002339872,0.002360508,0.002413089,0.002430021,0.002457031,0.002473863,0.002452957,0.002441925,0.002527449,0.002531205,0.002527449,0.00253673,0.002575461,0.002588049,0.002559883,0.002623547,0.002545977,0.002676191,0.002658383,0.002658007,0.002672639,0.002691096,0.002637613,0.002760072,0.002669644,0.002722683,0.002701851,0.002777949,0.002707397,0.002739526,0.002742809,0.00278801,0.002777949,0.002759891,0.00289655,0.002856046,0.002867577,0.002931382,0.00287802,0.002938027,0.002894478,0.002884961,0.002909983,0.002902241,0.002864961,0.002917705,0.002935473,0.002901724,0.002961419,0.00292626,0.002919246,0.003023574,0.003014631,0.002954319,0.002946693,0.002971868,0.002998833,0.002926944,0.002955842,0.002965131,0.002943977,0.002890156,0.002909983,0.002886694,0.002868798,0.002925406,0.00281567,0.002792311,0.002847455,0.002832314,0.002773626,0.002759529
1;2,0.1005,0.1016,0.1016,0.1018,0.102,0.1019,0.1019,0.1022,0.1021,0.1023,0.1023,0.1023,0.1022,0.1022,0.1022,0.1024,0.1021,0.1024,0.1023,0.1023,0.1021,0.1021,0.1022,0.1026,0.1025,0.1022,0.1023,0.1024,0.1023,0.1021,0.1023,0.1025,0.1023,0.1023,0.1023,0.1025,0.1023,0.1023,0.1022,0.1023,0.1021,0.1024,0.1024,0.1023,0.1022,0.1023,0.1022,0.1023,0.1022,0.1022,0.1022,0.1023,0.1024,0.1023,0.1022,0.1023,0.1023,0.1021,0.1025,0.1023,0.1023,0.1025,0.1024,0.1024,0.1024,0.1023,0.1024,0.1024,0.1023,0.1023,0.1023,0.1023,0.1024,0.1023,0.1024,0.1024,0.1025,0.1024,0.1024,0.1024,0.1023,0.1024,0.1023,0.1024,0.1023,0.1023,0.1023,0.1023,0.1024,0.1024,0.1022,0.1023,0.1024,0.1024,0.1023,0.1022
2;1,0.0989,0.0984,0.0983,0.0981,0.0982,0.0983,0.098,0.098,0.0979,0.0979,0.0979,0.098,0.0979,0.0978,0.0976,0.0977,0.0978,0.0979,0.0979,0.0977,0.0975,0.0974,0.0974,0.0978,0.0978,0.0975,0.0975,0.0974,0.0974,0.0973,0.0975,0.0976,0.0973,0.0973,0.0973,0.0976,0.0973,0.0973,0.0972,0.0972,0.0973,0.0972,0.0972,0.0972,0.0971,0.0971,0.0973,0.0971,0.0971,0.0971,0.0972,0.097,0.0973,0.0972,0.0972,0.0972,0.0973,0.0971,0.0971,0.0972,0.0971,0.0971,0.0973,0.097,0.0972,0.097,0.0971,0.0972,0.0972,0.0971,0.097,0.0971,0.0971,0.097,0.0971,0.0971,0.0971,0.0972,0.0971,0.0971,0.097,0.0973,0.0971,0.097,0.0969,0.097,0.0971,0.0969,0.0969,0.097,0.0969,0.0971,0.097,0.097,0.097,0.0971
2;2,0.0996,0.1008,0.1001,0.1003,0.1005,0.1007,0.1007,0.101,0.1007,0.1007,0.1009,0.1009,0.1008,0.101,0.1009,0.101,0.101,0.1012,0.101,0.1012,0.1008,0.1009,0.1012,0.1013,0.1014,0.1012,0.1013,0.1013,0.1013,0.1013,0.1012,0.1013,0.1013,0.1014,0.1013,0.1012,0.1014,0.1015,0.1015,0.1015,0.1015,0.1016,0.1014,0.1015,0.1015,0.1016,0.1015,0.1016,0.1016,0.1016,0.1017,0.1016,0.1017,0.1017,0.1019,0.1019,0.102,0.1018,0.102,0.1021,0.1019,0.102,0.102,0.102,0.102,0.1019,0.1021,0.1021,0.1021,0.1022,0.1021,0.1021,0.1023,0.1022,0.1022,0.1024,0.1024,0.1024,0.1024,0.1024,0.1024,0.1024,0.1024,0.1024,0.1024,0.1024,0.1025,0.1024,0.1024,0.1026,0.1026,0.1026,0.1027,0.1026,0.1026,0.1026
2;3,0.0986,0.1026,0.0986,0.0986,0.0988,0.0987,0.0987,0.0988,0.0987,0.0988,0.0987,0.0987,0.0986,0.0986,0.0984,0.0988,0.0986,0.0988,0.0987,0.0985,0.0982,0.0984,0.0986,0.0987,0.0987,0.0984,0.0984,0.0985,0.0984,0.0983,0.0983,0.0986,0.0984,0.0983,0.0984,0.0982,0.0984,0.0982,0.0984,0.0983,0.0983,0.0983,0.0983,0.0982,0.0982,0.0983,0.0982,0.0981,0.0982,0.0982,0.0982,0.0981,0.0983,0.0981,0.0983,0.0981,0.0983,0.098,0.0983,0.0982,0.098,0.0982,0.0981,0.098,0.0981,0.098,0.0981,0.098,0.0981,0.098,0.098,0.0979,0.0981,0.0981,0.098,0.098,0.0981,0.098,0.098,0.098,0.0979,0.0981,0.0979,0.098,0.0979,0.098,0.0979,0.098,0.098,0.098,0.0978,0.098,0.098,0.0979,0.098,0.0979
3;2,0.0984,0.0981,0.0978,0.0977,0.0977,0.0979,0.0977,0.0977,0.0976,0.0974,0.0976,0.0975,0.0973,0.0972,0.097,0.0972,0.0971,0.0974,0.0972,0.0972,0.0966,0.097,0.0969,0.0972,0.0971,0.0968,0.0968,0.0969,0.0967,0.0965,0.0966,0.0968,0.0965,0.0966,0.0965,0.0965,0.0964,0.0965,0.0965,0.0964,0.0964,0.0964,0.0963,0.0963,0.0962,0.0963,0.0962,0.0961,0.0963,0.0961,0.0962,0.0961,0.0963,0.0962,0.0962,0.0962,0.0962,0.0961,0.0961,0.0961,0.096,0.096,0.096,0.096,0.096,0.096,0.0961,0.0961,0.0961,0.0961,0.096,0.0961,0.0961,0.0961,0.0962,0.096,0.0961,0.0962,0.0963,0.0962,0.0961,0.0962,0.0962,0.0963,0.0964,0.0965,0.0965,0.0966,0.0968,0.0967,0.0972,0.0971,0.0972,0.0972,0.0973,0.0972
,,,,,,,,,,,,,,,,,,,,,,,,,,,,,,,,,,,,,,,,,,,,,,,,,,,,,,,,,,,,,,,,,,,,,,,,,,,,,,,,,,,,,,,,,,,,,,,,
Cycles / Well,,,,,,,,,,,,,,,,,,,,,,,,,,,,,,,,,,,,,,,,,,,,,,,,,,,,,,,,,,,,,,,,,,,,,,,,,,,,,,,,,,,,,,,,,,,,,,,,
D2,1,2,3,4,5,6,7,8,9,10,11,12,13,14,15,16,17,18,19,20,21,22,23,24,25,26,27,28,29,30,31,32,33,34,35,36,37,38,39,40,41,42,43,44,45,46,47,48,49,50,51,52,53,54,55,56,57,58,59,60,61,62,63,64,65,66,67,68,69,70,71,72,73,74,75,76,77,78,79,80,81,82,83,84,85,86,87,88,89,90,91,92,93,94,95,96
Time [s],0,1799.804,3599.705,5399.641,7199.561,8999.49,10799.409,12599.333,14399.26,16199.194,17999.109,19799.039,21598.958,23398.892,25198.808,26998.725,28798.661,30598.589,32398.489,34198.443,35998.374,37798.286,39598.224,41398.149,43198.081,44997.99,46797.917,48597.842,50397.765,52197.702,53997.621,55797.552,57597.468,59397.391,61197.317,62997.249,64797.163,66597.084,68397.028,70196.935,71996.864,73796.783,75596.71,77396.649,79196.565,80996.494,82796.414,84596.354,86396.27,88196.204,89996.112,91796.061,93595.971,95395.897,97195.829,98995.747,100795.679,102595.601,104395.534,106195.445,107995.377,109795.307,111595.236,113395.157,115195.076,116995.019,118794.937,120594.848,122394.785,124194.722,125994.648,127794.579,129594.494,131394.41,133194.341,134994.266,136794.185,138594.122,140394.047,142193.959,143993.87,145793.805,147593.724,149393.655,151193.569,152993.504,154793.443,156593.376,158393.277,160193.21,161993.13,163793.052,165592.982,167392.906,169192.831,170992.755
Temp. [°C],40.8,29.9,29.9,30,30,30.1,30,30.1,30,29.9,30,30,30,30,30,29.9,30,30,30.1,30.1,29.9,30,30,30,30.1,30.1,30,30.1,30.1,30,30,30,29.9,30.1,30,29.9,29.8,29.8,29.8,29.9,30.1,30.1,30,30.1,29.8,29.9,30,30,30,30.1,30,30,29.8,30,30,30.1,30.1,30,30.1,29.9,30,30.1,30.1,30,30,29.9,29.9,30.1,30,30,29.9,29.9,30,30,29.9,30.1,29.9,29.8,29.9,30,30,30.1,30,30,30.1,30.1,30.2,30.1,29.9,30,29.9,29.9,30.1,29.9,30,30
Mean,0.11674,0.13552,0.15778,0.14846,0.12736,0.1329,0.14014,0.14952,0.161,0.1763,0.19686,0.22308,0.25756,0.30018,0.351,0.41138,0.48036,0.55984,0.6478,0.74436,0.84268,0.93976,1.02936,1.10942,1.17544,1.22872,1.27138,1.30794,1.33964,1.36628,1.38846,1.40852,1.4244,1.43734,1.44736,1.45484,1.4618,1.46646,1.4717,1.47606,1.47996,1.48358,1.4865,1.48894,1.49158,1.49486,1.49688,1.49962,1.50252,1.50502,1.50748,1.50986,1.51238,1.51428,1.51588,1.51814,1.51962,1.5217,1.5241,1.52538,1.52684,1.52872,1.5302,1.53198,1.533,1.53508,1.5369,1.5385,1.53948,1.54116,1.54256,1.54358,1.5455,1.5468,1.54864,1.54942,1.55086,1.55234,1.55324,1.55306,1.55576,1.55704,1.55758,1.55892,1.5601,1.56104,1.5624,1.56302,1.56476,1.56602,1.5668,1.56814,1.56912,1.56994,1.57218,1.57178
StDev,0.002751,0.005217471,0.008762249,0.013669053,0.005648717,0.006766831,0.008259722,0.010030553,0.012043878,0.01595995,0.020314724,0.025904961,0.033445299,0.0415862,0.050777456,0.060693056,0.07309961,0.087697965,0.105981107,0.126289125,0.148043362,0.167043402,0.180529009,0.187264644,0.189669101,0.187001476,0.185580271,0.180370516,0.173207269,0.165013006,0.151835908,0.13801209,0.124887029,0.113941226,0.102817304,0.095049029,0.089461109,0.084979309,0.080266712,0.075956981,0.072582939,0.070385702,0.068504343,0.066786511,0.065250188,0.062875456,0.062591789,0.061717801,0.060338686,0.059868957,0.059043433,0.057890396,0.056628986,0.056748322,0.056168915,0.055959208,0.055279173,0.05453971,0.053750209,0.0533922,0.053082982,0.052587613,0.051915942,0.05156076,0.05081299,0.050455099,0.050402579,0.050229324,0.04963252,0.049453797,0.049025228,0.048006947,0.04838724,0.047571788,0.047103163,0.047532168,0.046924386,0.046654453,0.046649845,0.045981388,0.046154285,0.045921977,0.046118619,0.045641834,0.045482964,0.045347139,0.04496304,0.044595594,0.044561564,0.043940608,0.043898975,0.043570495,0.043520535,0.043644163,0.043657726,0.043509505
1;2,0.1159,0.1339,0.1544,0.1411,0.1232,0.1272,0.1327,0.1392,0.1474,0.1569,0.1701,0.1869,0.2088,0.2371,0.2707,0.3121,0.3584,0.4114,0.4676,0.529,0.5901,0.6545,0.7199,0.7865,0.8469,0.9038,0.9479,0.9927,1.0361,1.0765,1.1217,1.1659,1.2049,1.2371,1.2669,1.2883,1.305,1.3179,1.3315,1.3438,1.3538,1.3614,1.3676,1.3732,1.3785,1.386,1.3886,1.393,1.3984,1.4016,1.4057,1.41,1.4148,1.4165,1.419,1.4217,1.4244,1.4278,1.4315,1.4334,1.4354,1.4383,1.4408,1.4433,1.4455,1.4484,1.4503,1.4523,1.4543,1.4563,1.4584,1.4614,1.4627,1.4652,1.4678,1.4679,1.4704,1.4724,1.4735,1.4743,1.4767,1.4783,1.4787,1.4808,1.4822,1.4835,1.4856,1.4867,1.4886,1.4909,1.4916,1.4935,1.4946,1.4955,1.4977,1.4975
2;1,0.1167,0.1389,0.1662,0.1616,0.1294,0.1354,0.1436,0.154,0.1665,0.1826,0.2041,0.2312,0.2659,0.3111,0.3625,0.4231,0.4906,0.5691,0.6541,0.7472,0.8419,0.9373,1.0279,1.1141,1.1851,1.2418,1.2897,1.3316,1.3667,1.3965,1.4183,1.4385,1.4529,1.4657,1.4745,1.4802,1.4869,1.4906,1.4954,1.499,1.5027,1.5057,1.5089,1.51,1.5124,1.516,1.5171,1.5211,1.5238,1.525,1.5274,1.5298,1.5327,1.5348,1.5366,1.5395,1.5405,1.5424,1.5445,1.5454,1.5477,1.5494,1.5513,1.5534,1.5535,1.5557,1.5573,1.5595,1.56,1.5615,1.5628,1.5649,1.5656,1.5668,1.5692,1.5696,1.5714,1.5732,1.5735,1.573,1.5767,1.5777,1.5781,1.5797,1.5799,1.5816,1.5828,1.5834,1.5858,1.5865,1.5868,1.5883,1.5891,1.5913,1.593,1.5923
2;2,0.1159,0.1317,0.1505,0.1459,0.1234,0.1282,0.1343,0.1432,0.154,0.1682,0.1883,0.2145,0.2497,0.2937,0.3489,0.4158,0.4932,0.5825,0.6818,0.7913,0.9014,1.0063,1.103,1.1857,1.2522,1.305,1.3444,1.3755,1.4034,1.4251,1.4411,1.454,1.4641,1.4718,1.4759,1.4797,1.4847,1.4862,1.4897,1.4917,1.4936,1.4963,1.4983,1.5007,1.5031,1.5047,1.5069,1.5086,1.5112,1.5144,1.5161,1.5185,1.5202,1.5223,1.5241,1.5257,1.5271,1.5288,1.5314,1.5329,1.5337,1.5353,1.537,1.5388,1.5404,1.5416,1.5435,1.5445,1.5458,1.5475,1.5489,1.5486,1.5513,1.5526,1.5544,1.5557,1.5571,1.5581,1.5587,1.5588,1.5612,1.563,1.5631,1.5644,1.5658,1.5664,1.5674,1.5685,1.5698,1.5708,1.5724,1.5735,1.5745,1.5742,1.5769,1.5765
2;3,0.1139,0.1303,0.1497,0.1309,0.1244,0.1301,0.1372,0.1466,0.1585,0.1744,0.1965,0.2246,0.2617,0.3065,0.3618,0.4278,0.5039,0.5922,0.6906,0.7998,0.9128,1.0244,1.1254,1.2094,1.2783,1.3296,1.3715,1.4035,1.4311,1.4521,1.4662,1.4782,1.4864,1.4919,1.4959,1.4993,1.5029,1.5053,1.5072,1.5083,1.5103,1.5127,1.5146,1.5158,1.5175,1.5199,1.5219,1.5231,1.5247,1.5277,1.5294,1.531,1.5326,1.5341,1.5352,1.5372,1.5384,1.5403,1.5423,1.5433,1.5446,1.5458,1.5467,1.5474,1.5483,1.5502,1.5521,1.5534,1.5539,1.5555,1.5568,1.5569,1.5589,1.5605,1.5618,1.5623,1.563,1.5644,1.5653,1.5652,1.5677,1.5687,1.5692,1.5703,1.572,1.5722,1.5735,1.5739,1.5753,1.5769,1.5776,1.5789,1.5798,1.58,1.5821,1.582
3;2,0.1213,0.1428,0.1681,0.1628,0.1364,0.1436,0.1529,0.1646,0.1786,0.1994,0.2253,0.2582,0.3017,0.3525,0.4111,0.4781,0.5557,0.644,0.7449,0.8545,0.9672,1.0763,1.1706,1.2514,1.3147,1.3634,1.4034,1.4364,1.4609,1.4812,1.495,1.506,1.5137,1.5202,1.5236,1.5267,1.5295,1.5323,1.5347,1.5375,1.5394,1.5418,1.5431,1.545,1.5464,1.5477,1.5499,1.5523,1.5545,1.5564,1.5588,1.56,1.5616,1.5637,1.5645,1.5666,1.5677,1.5692,1.5708,1.5719,1.5728,1.5748,1.5752,1.577,1.5773,1.5795,1.5813,1.5828,1.5834,1.585,1.5859,1.5861,1.589,1.5889,1.59,1.5916,1.5924,1.5936,1.5952,1.594,1.5965,1.5975,1.5988,1.5994,1.6006,1.6015,1.6027,1.6026,1.6043,1.605,1.6056,1.6065,1.6076,1.6087,1.6112,1.6106
,,,,,,,,,,,,,,,,,,,,,,,,,,,,,,,,,,,,,,,,,,,,,,,,,,,,,,,,,,,,,,,,,,,,,,,,,,,,,,,,,,,,,,,,,,,,,,,,
Cycles / Well,,,,,,,,,,,,,,,,,,,,,,,,,,,,,,,,,,,,,,,,,,,,,,,,,,,,,,,,,,,,,,,,,,,,,,,,,,,,,,,,,,,,,,,,,,,,,,,,
D3,1,2,3,4,5,6,7,8,9,10,11,12,13,14,15,16,17,18,19,20,21,22,23,24,25,26,27,28,29,30,31,32,33,34,35,36,37,38,39,40,41,42,43,44,45,46,47,48,49,50,51,52,53,54,55,56,57,58,59,60,61,62,63,64,65,66,67,68,69,70,71,72,73,74,75,76,77,78,79,80,81,82,83,84,85,86,87,88,89,90,91,92,93,94,95,96
Time [s],0,1799.804,3599.705,5399.641,7199.561,8999.49,10799.409,12599.333,14399.26,16199.194,17999.109,19799.039,21598.958,23398.892,25198.808,26998.725,28798.661,30598.589,32398.489,34198.443,35998.374,37798.286,39598.224,41398.149,43198.081,44997.99,46797.917,48597.842,50397.765,52197.702,53997.621,55797.552,57597.468,59397.391,61197.317,62997.249,64797.163,66597.084,68397.028,70196.935,71996.864,73796.783,75596.71,77396.649,79196.565,80996.494,82796.414,84596.354,86396.27,88196.204,89996.112,91796.061,93595.971,95395.897,97195.829,98995.747,100795.679,102595.601,104395.534,106195.445,107995.377,109795.307,111595.236,113395.157,115195.076,116995.019,118794.937,120594.848,122394.785,124194.722,125994.648,127794.579,129594.494,131394.41,133194.341,134994.266,136794.185,138594.122,140394.047,142193.959,143993.87,145793.805,147593.724,149393.655,151193.569,152993.504,154793.443,156593.376,158393.277,160193.21,161993.13,163793.052,165592.982,167392.906,169192.831,170992.755
Temp. [°C],40.8,29.9,29.9,30,30,30.1,30,30.1,30,29.9,30,30,30,30,30,29.9,30,30,30.1,30.1,29.9,30,30,30,30.1,30.1,30,30.1,30.1,30,30,30,29.9,30.1,30,29.9,29.8,29.8,29.8,29.9,30.1,30.1,30,30.1,29.8,29.9,30,30,30,30.1,30,30,29.8,30,30,30.1,30.1,30,30.1,29.9,30,30.1,30.1,30,30,29.9,29.9,30.1,30,30,29.9,29.9,30,30,29.9,30.1,29.9,29.8,29.9,30,30,30.1,30,30,30.1,30.1,30.2,30.1,29.9,30,29.9,29.9,30.1,29.9,30,30
Mean,0.11682,0.13208,0.15262,0.1339,0.1245,0.12908,0.13552,0.14392,0.15352,0.16656,0.18378,0.2056,0.23526,0.2708,0.31514,0.36888,0.43086,0.50312,0.58416,0.67424,0.7708,0.87066,0.96736,1.05696,1.13464,1.19856,1.25012,1.29174,1.32324,1.34944,1.36834,1.38388,1.39506,1.40172,1.40636,1.40774,1.4083,1.40824,1.408,1.40766,1.40714,1.4069,1.40748,1.40708,1.40774,1.4084,1.4091,1.4096,1.41078,1.41196,1.4127,1.41356,1.41486,1.41586,1.41662,1.41774,1.41878,1.41984,1.42074,1.4216,1.42202,1.42314,1.42402,1.425,1.42538,1.42672,1.4282,1.42882,1.42916,1.43018,1.431,1.43212,1.43258,1.43324,1.4343,1.4348,1.43564,1.43648,1.43694,1.4375,1.4383,1.4386,1.43904,1.43968,1.44094,1.44132,1.44198,1.4426,1.44376,1.44398,1.44488,1.44578,1.4463,1.44688,1.44792,1.44774
StDev,0.004245233,0.005247094,0.008636377,0.01571512,0.007201389,0.00826662,0.009893533,0.012366164,0.014595273,0.018124376,0.022454554,0.027216539,0.034814982,0.040370782,0.046492182,0.052503305,0.056797782,0.05980056,0.061358561,0.062180568,0.061973502,0.060107554,0.057311587,0.054807326,0.052145498,0.049439893,0.047497968,0.045877369,0.045129901,0.044518906,0.043377563,0.042661247,0.041077342,0.040345904,0.039655933,0.03899273,0.039284921,0.039278276,0.039253981,0.039665262,0.039864621,0.04015551,0.040251112,0.04064003,0.041152801,0.040746534,0.040558538,0.040902323,0.040627478,0.040757613,0.041060626,0.041073325,0.041051407,0.041012535,0.040457966,0.040530211,0.040516071,0.040548835,0.040797095,0.040240962,0.04029593,0.040320627,0.040127634,0.040539549,0.040533899,0.04037545,0.04080435,0.04066137,0.040401708,0.040613754,0.040639328,0.040741036,0.040323963,0.040026404,0.040356846,0.040281013,0.040280367,0.040438064,0.04046842,0.040576902,0.040107481,0.04023071,0.040467926,0.040490332,0.04030134,0.039991274,0.040243472,0.040199565,0.040287008,0.040225825,0.040933812,0.040509283,0.040417014,0.040390432,0.040252665,0.040320813
1;2,0.1144,0.129,0.1466,0.1217,0.1194,0.1231,0.1281,0.1345,0.1425,0.1524,0.1659,0.1838,0.2079,0.2387,0.2774,0.3266,0.3857,0.4565,0.5388,0.6308,0.7287,0.8332,0.9356,1.0283,1.1081,1.1757,1.228,1.27,1.3034,1.3293,1.3493,1.3649,1.3762,1.3827,1.3876,1.3891,1.3901,1.3894,1.3893,1.3879,1.3879,1.3872,1.3876,1.3875,1.3874,1.3887,1.3896,1.3895,1.3909,1.3921,1.3929,1.3934,1.3947,1.3958,1.3971,1.3972,1.3986,1.399,1.4005,1.4015,1.4018,1.4025,1.4038,1.4047,1.4051,1.4068,1.4077,1.4081,1.4085,1.4093,1.4102,1.4118,1.4124,1.4131,1.4141,1.4146,1.4158,1.4165,1.4166,1.4174,1.4186,1.4187,1.4186,1.4197,1.4208,1.4214,1.4219,1.4226,1.4238,1.4241,1.4244,1.426,1.4263,1.4268,1.4279,1.4277
2;1,0.1196,0.1345,0.1587,0.1518,0.1294,0.1346,0.1424,0.1521,0.1632,0.1766,0.1947,0.2176,0.2474,0.2837,0.3287,0.383,0.4444,0.515,0.592,0.6783,0.7706,0.865,0.9571,1.0431,1.1175,1.1808,1.2293,1.2702,1.3004,1.3271,1.346,1.3622,1.3732,1.3804,1.3857,1.3873,1.3886,1.388,1.3881,1.3879,1.387,1.3877,1.3876,1.3863,1.3869,1.3866,1.3876,1.3878,1.3894,1.3908,1.3903,1.3917,1.3928,1.394,1.3947,1.3963,1.397,1.3985,1.399,1.3998,1.4009,1.4022,1.4033,1.4042,1.4038,1.4049,1.407,1.4072,1.4077,1.4086,1.4092,1.41,1.4109,1.4116,1.4132,1.4136,1.4144,1.4146,1.4148,1.4149,1.4162,1.4165,1.4164,1.4176,1.4191,1.4189,1.4199,1.4209,1.422,1.4215,1.4219,1.4233,1.4242,1.4249,1.4254,1.425
2;2,0.1158,0.1311,0.1513,0.1332,0.1208,0.1246,0.1301,0.1369,0.1451,0.1563,0.1718,0.192,0.2185,0.2537,0.2978,0.3515,0.415,0.4904,0.5757,0.67,0.7722,0.8781,0.9795,1.0724,1.153,1.2182,1.2706,1.3125,1.3448,1.371,1.3893,1.4051,1.4159,1.4221,1.426,1.4273,1.4275,1.4279,1.4272,1.4267,1.4268,1.4266,1.4272,1.4272,1.4276,1.4287,1.4289,1.4291,1.4298,1.4314,1.4322,1.4335,1.4348,1.4356,1.4358,1.437,1.4384,1.4399,1.4409,1.4415,1.4416,1.4429,1.4442,1.4458,1.4457,1.4468,1.4484,1.4492,1.449,1.4504,1.4517,1.4524,1.453,1.4536,1.454,1.455,1.4558,1.4567,1.4577,1.4577,1.4583,1.459,1.4598,1.4601,1.4616,1.4617,1.4626,1.463,1.4645,1.4646,1.4669,1.4668,1.4674,1.4672,1.4684,1.468
2;3,0.1118,0.1261,0.1427,0.1155,0.1182,0.1222,0.1275,0.1344,0.1423,0.1537,0.1682,0.1866,0.2115,0.2422,0.2817,0.3296,0.3864,0.4537,0.5303,0.6167,0.7114,0.81,0.9067,0.9984,1.0794,1.1445,1.2004,1.2447,1.2766,1.3036,1.3237,1.3397,1.3536,1.3613,1.3666,1.3688,1.3681,1.3688,1.3684,1.3682,1.367,1.3659,1.367,1.3663,1.3669,1.3683,1.3691,1.3699,1.3712,1.3718,1.373,1.3735,1.375,1.3759,1.3774,1.3788,1.3797,1.3807,1.381,1.3828,1.3828,1.384,1.3845,1.3847,1.3859,1.3875,1.3882,1.3895,1.3903,1.3911,1.3918,1.3928,1.3934,1.3945,1.3949,1.3954,1.396,1.3972,1.3979,1.3987,1.3996,1.3997,1.4005,1.4004,1.4018,1.4031,1.4031,1.4035,1.4044,1.4053,1.4054,1.4064,1.4069,1.4078,1.4094,1.4094
3;2,0.1225,0.1397,0.1638,0.1473,0.1347,0.1409,0.1495,0.1617,0.1745,0.1938,0.2183,0.248,0.291,0.3357,0.3901,0.4537,0.5228,0.6,0.684,0.7754,0.8711,0.967,1.0579,1.1426,1.2152,1.2736,1.3223,1.3613,1.391,1.4162,1.4334,1.4475,1.4564,1.4621,1.4659,1.4662,1.4672,1.4671,1.467,1.4676,1.467,1.4671,1.468,1.4681,1.4699,1.4697,1.4703,1.4717,1.4726,1.4737,1.4751,1.4757,1.477,1.478,1.4781,1.4794,1.4802,1.4811,1.4823,1.4824,1.483,1.4841,1.4843,1.4856,1.4864,1.4876,1.4897,1.4901,1.4903,1.4915,1.4921,1.4936,1.4932,1.4934,1.4953,1.4954,1.4962,1.4974,1.4977,1.4988,1.4988,1.4991,1.4999,1.5006,1.5014,1.5015,1.5024,1.503,1.5041,1.5044,1.5058,1.5064,1.5067,1.5077,1.5085,1.5086
,,,,,,,,,,,,,,,,,,,,,,,,,,,,,,,,,,,,,,,,,,,,,,,,,,,,,,,,,,,,,,,,,,,,,,,,,,,,,,,,,,,,,,,,,,,,,,,,
Cycles / Well,,,,,,,,,,,,,,,,,,,,,,,,,,,,,,,,,,,,,,,,,,,,,,,,,,,,,,,,,,,,,,,,,,,,,,,,,,,,,,,,,,,,,,,,,,,,,,,,
D4,1,2,3,4,5,6,7,8,9,10,11,12,13,14,15,16,17,18,19,20,21,22,23,24,25,26,27,28,29,30,31,32,33,34,35,36,37,38,39,40,41,42,43,44,45,46,47,48,49,50,51,52,53,54,55,56,57,58,59,60,61,62,63,64,65,66,67,68,69,70,71,72,73,74,75,76,77,78,79,80,81,82,83,84,85,86,87,88,89,90,91,92,93,94,95,96
Time [s],0,1799.804,3599.705,5399.641,7199.561,8999.49,10799.409,12599.333,14399.26,16199.194,17999.109,19799.039,21598.958,23398.892,25198.808,26998.725,28798.661,30598.589,32398.489,34198.443,35998.374,37798.286,39598.224,41398.149,43198.081,44997.99,46797.917,48597.842,50397.765,52197.702,53997.621,55797.552,57597.468,59397.391,61197.317,62997.249,64797.163,66597.084,68397.028,70196.935,71996.864,73796.783,75596.71,77396.649,79196.565,80996.494,82796.414,84596.354,86396.27,88196.204,89996.112,91796.061,93595.971,95395.897,97195.829,98995.747,100795.679,102595.601,104395.534,106195.445,107995.377,109795.307,111595.236,113395.157,115195.076,116995.019,118794.937,120594.848,122394.785,124194.722,125994.648,127794.579,129594.494,131394.41,133194.341,134994.266,136794.185,138594.122,140394.047,142193.959,143993.87,145793.805,147593.724,149393.655,151193.569,152993.504,154793.443,156593.376,158393.277,160193.21,161993.13,163793.052,165592.982,167392.906,169192.831,170992.755
Temp. [°C],40.8,29.9,29.9,30,30,30.1,30,30.1,30,29.9,30,30,30,30,30,29.9,30,30,30.1,30.1,29.9,30,30,30,30.1,30.1,30,30.1,30.1,30,30,30,29.9,30.1,30,29.9,29.8,29.8,29.8,29.9,30.1,30.1,30,30.1,29.8,29.9,30,30,30,30.1,30,30,29.8,30,30,30.1,30.1,30,30.1,29.9,30,30.1,30.1,30,30,29.9,29.9,30.1,30,30,29.9,29.9,30,30,29.9,30.1,29.9,29.8,29.9,30,30,30.1,30,30,30.1,30.1,30.2,30.1,29.9,30,29.9,29.9,30.1,29.9,30,30
Mean,0.12104,0.13384,0.15058,0.12908,0.13464,0.1417,0.15156,0.16372,0.17836,0.19774,0.2235,0.2565,0.2997,0.35076,0.41256,0.48566,0.5688,0.66298,0.7659,0.87488,0.97794,1.0732,1.15016,1.20968,1.25532,1.28934,1.31528,1.3354,1.35158,1.3634,1.37254,1.37988,1.38352,1.3853,1.38822,1.3892,1.39148,1.39304,1.39498,1.39666,1.39808,1.40012,1.40268,1.40384,1.40588,1.4076,1.4095,1.41094,1.41322,1.4153,1.41712,1.41836,1.42036,1.42194,1.42316,1.42498,1.42646,1.42818,1.4297,1.43096,1.43226,1.43418,1.43532,1.43664,1.4381,1.4395,1.4415,1.44248,1.4435,1.44502,1.44658,1.44754,1.44896,1.45032,1.4516,1.45278,1.45354,1.45488,1.4555,1.45714,1.45794,1.45868,1.45966,1.46062,1.46208,1.46284,1.46406,1.46476,1.46612,1.46726,1.46848,1.4694,1.47076,1.47074,1.47272,1.47234
StDev,0.004820581,0.006917586,0.009506682,0.007349626,0.00847691,0.009806375,0.011443907,0.013731424,0.015533126,0.018984546,0.022335286,0.026410888,0.031709305,0.033760006,0.036699428,0.038780833,0.039552813,0.041363776,0.043668467,0.045676821,0.046074429,0.045878372,0.043634367,0.041044512,0.039764142,0.038070632,0.036761012,0.035597191,0.035305623,0.034965197,0.034664002,0.033480397,0.032999424,0.032048167,0.032133192,0.032408872,0.032195683,0.032186146,0.032136692,0.032273023,0.031826985,0.032303746,0.032155202,0.031656642,0.031932538,0.032059866,0.031301198,0.031452313,0.031755425,0.031894043,0.031389441,0.031156107,0.031527337,0.031474085,0.031221515,0.031203237,0.031176081,0.031109757,0.03125364,0.031306756,0.030876334,0.031252312,0.030662387,0.031063532,0.030999597,0.030963608,0.031038686,0.030677141,0.030585618,0.030310757,0.030861659,0.030922209,0.030736835,0.030342989,0.030816797,0.030250074,0.030180755,0.03029013,0.030414059,0.029929049,0.029983462,0.030189352,0.029828225,0.0299292,0.030155713,0.030097226,0.029836773,0.029915765,0.029500966,0.029057753,0.02999895,0.029589187,0.029748832,0.029039594,0.029207824,0.029122466
1;2,0.1181,0.1283,0.1439,0.1234,0.1277,0.1335,0.1421,0.1523,0.1659,0.183,0.2062,0.2369,0.2768,0.3279,0.3895,0.4645,0.5526,0.652,0.7621,0.8767,0.9837,1.0817,1.1581,1.2185,1.2626,1.2964,1.3207,1.3399,1.356,1.3666,1.3753,1.3814,1.3853,1.3857,1.389,1.3904,1.3919,1.3933,1.3953,1.3967,1.3974,1.3996,1.4018,1.4026,1.4044,1.4064,1.4083,1.4096,1.4117,1.4125,1.4148,1.4147,1.418,1.4188,1.4206,1.4208,1.4228,1.4247,1.4258,1.4276,1.4283,1.4299,1.4313,1.4323,1.4335,1.4347,1.4374,1.4372,1.4389,1.4402,1.442,1.4421,1.4434,1.4449,1.4464,1.4483,1.4486,1.4499,1.4497,1.4532,1.4528,1.4535,1.454,1.4552,1.457,1.4566,1.4583,1.459,1.4602,1.4615,1.4628,1.4631,1.4648,1.4644,1.466,1.4654
2;1,0.1235,0.139,0.1575,0.133,0.1389,0.1462,0.1562,0.1675,0.181,0.198,0.2224,0.2536,0.2928,0.3418,0.399,0.4664,0.5429,0.6297,0.7257,0.8285,0.9289,1.023,1.1011,1.1621,1.2084,1.2433,1.2693,1.2905,1.3067,1.3193,1.3285,1.3386,1.3409,1.3444,1.348,1.3486,1.3517,1.3531,1.3549,1.3572,1.3592,1.3604,1.3629,1.3647,1.3663,1.3676,1.3707,1.3726,1.3738,1.3766,1.3785,1.3811,1.3822,1.3837,1.3842,1.3868,1.3884,1.3901,1.3922,1.3929,1.3957,1.3975,1.3987,1.4003,1.4012,1.4033,1.4046,1.4063,1.4073,1.4091,1.4102,1.4112,1.4125,1.4146,1.4153,1.4171,1.418,1.419,1.4197,1.4218,1.4222,1.4225,1.4245,1.4254,1.4265,1.4275,1.429,1.4297,1.4316,1.4329,1.4335,1.4349,1.4365,1.4374,1.439,1.4388
2;2,0.1199,0.1306,0.1452,0.1251,0.1299,0.136,0.145,0.1563,0.1705,0.1893,0.2141,0.2464,0.2892,0.3423,0.4073,0.4859,0.5748,0.6764,0.7873,0.9033,1.0106,1.1088,1.1848,1.2419,1.2881,1.3215,1.3461,1.3651,1.3808,1.392,1.3992,1.4058,1.4088,1.4107,1.4118,1.4129,1.415,1.4165,1.4188,1.4208,1.4209,1.423,1.4255,1.426,1.4295,1.4305,1.4318,1.4337,1.4362,1.4384,1.4408,1.4406,1.4432,1.4442,1.4447,1.4472,1.448,1.4499,1.452,1.4532,1.4535,1.4562,1.4563,1.4582,1.4603,1.4605,1.4632,1.4638,1.4649,1.4664,1.4684,1.4688,1.4707,1.4718,1.473,1.4746,1.4749,1.4765,1.4774,1.4776,1.4787,1.4798,1.4804,1.4815,1.4836,1.4836,1.4849,1.4854,1.4866,1.4872,1.4904,1.4901,1.492,1.4909,1.4939,1.493
2;3,0.1157,0.128,0.1425,0.1237,0.1291,0.1359,0.1449,0.1564,0.1701,0.1881,0.2127,0.2431,0.2843,0.3317,0.3901,0.4589,0.5387,0.6286,0.7258,0.8317,0.9336,1.0286,1.1091,1.1721,1.2202,1.2569,1.2865,1.3084,1.3253,1.3376,1.3479,1.3551,1.3615,1.3639,1.3659,1.3665,1.3687,1.3706,1.3727,1.3734,1.3758,1.3778,1.381,1.3828,1.3846,1.3866,1.3887,1.3892,1.3923,1.394,1.3963,1.3976,1.3989,1.4014,1.4039,1.4057,1.4069,1.4086,1.4092,1.4107,1.4117,1.413,1.4154,1.4156,1.4179,1.419,1.421,1.4228,1.4235,1.4254,1.4261,1.4277,1.4296,1.4308,1.4317,1.4326,1.4338,1.4353,1.4361,1.4372,1.4392,1.44,1.4409,1.4415,1.4425,1.4442,1.4452,1.4458,1.4475,1.4494,1.4488,1.4508,1.4511,1.452,1.4541,1.454
3;2,0.128,0.1433,0.1638,0.1402,0.1476,0.1569,0.1696,0.1861,0.2043,0.2303,0.2621,0.3025,0.3554,0.4101,0.4769,0.5526,0.635,0.7282,0.8286,0.9342,1.0329,1.1239,1.1977,1.2538,1.2973,1.3286,1.3538,1.3731,1.3891,1.4015,1.4118,1.4185,1.4211,1.4218,1.4264,1.4276,1.4301,1.4317,1.4332,1.4352,1.4371,1.4398,1.4422,1.4431,1.4446,1.4469,1.448,1.4496,1.4521,1.455,1.4552,1.4578,1.4595,1.4616,1.4624,1.4644,1.4662,1.4676,1.4693,1.4704,1.4721,1.4743,1.4749,1.4768,1.4776,1.48,1.4813,1.4823,1.4829,1.484,1.4862,1.4879,1.4886,1.4895,1.4916,1.4913,1.4924,1.4937,1.4946,1.4959,1.4968,1.4976,1.4985,1.4995,1.5008,1.5023,1.5029,1.5039,1.5047,1.5053,1.5069,1.5081,1.5094,1.509,1.5106,1.5105
,,,,,,,,,,,,,,,,,,,,,,,,,,,,,,,,,,,,,,,,,,,,,,,,,,,,,,,,,,,,,,,,,,,,,,,,,,,,,,,,,,,,,,,,,,,,,,,,
Cycles / Well,,,,,,,,,,,,,,,,,,,,,,,,,,,,,,,,,,,,,,,,,,,,,,,,,,,,,,,,,,,,,,,,,,,,,,,,,,,,,,,,,,,,,,,,,,,,,,,,
D5,1,2,3,4,5,6,7,8,9,10,11,12,13,14,15,16,17,18,19,20,21,22,23,24,25,26,27,28,29,30,31,32,33,34,35,36,37,38,39,40,41,42,43,44,45,46,47,48,49,50,51,52,53,54,55,56,57,58,59,60,61,62,63,64,65,66,67,68,69,70,71,72,73,74,75,76,77,78,79,80,81,82,83,84,85,86,87,88,89,90,91,92,93,94,95,96
Time [s],0,1799.804,3599.705,5399.641,7199.561,8999.49,10799.409,12599.333,14399.26,16199.194,17999.109,19799.039,21598.958,23398.892,25198.808,26998.725,28798.661,30598.589,32398.489,34198.443,35998.374,37798.286,39598.224,41398.149,43198.081,44997.99,46797.917,48597.842,50397.765,52197.702,53997.621,55797.552,57597.468,59397.391,61197.317,62997.249,64797.163,66597.084,68397.028,70196.935,71996.864,73796.783,75596.71,77396.649,79196.565,80996.494,82796.414,84596.354,86396.27,88196.204,89996.112,91796.061,93595.971,95395.897,97195.829,98995.747,100795.679,102595.601,104395.534,106195.445,107995.377,109795.307,111595.236,113395.157,115195.076,116995.019,118794.937,120594.848,122394.785,124194.722,125994.648,127794.579,129594.494,131394.41,133194.341,134994.266,136794.185,138594.122,140394.047,142193.959,143993.87,145793.805,147593.724,149393.655,151193.569,152993.504,154793.443,156593.376,158393.277,160193.21,161993.13,163793.052,165592.982,167392.906,169192.831,170992.755
Temp. [°C],40.8,29.9,29.9,30,30,30.1,30,30.1,30,29.9,30,30,30,30,30,29.9,30,30,30.1,30.1,29.9,30,30,30,30.1,30.1,30,30.1,30.1,30,30,30,29.9,30.1,30,29.9,29.8,29.8,29.8,29.9,30.1,30.1,30,30.1,29.8,29.9,30,30,30,30.1,30,30,29.8,30,30,30.1,30.1,30,30.1,29.9,30,30.1,30.1,30,30,29.9,29.9,30.1,30,30,29.9,29.9,30,30,29.9,30.1,29.9,29.8,29.9,30,30,30.1,30,30,30.1,30.1,30.2,30.1,29.9,30,29.9,29.9,30.1,29.9,30,30
Mean,0.11706,0.12708,0.14172,0.12258,0.12658,0.13204,0.13988,0.14982,0.1617,0.17738,0.19762,0.22342,0.2568,0.29784,0.34788,0.40788,0.47728,0.55604,0.6443,0.7399,0.8389,0.9378,1.02804,1.10516,1.16844,1.2167,1.25626,1.2871,1.31028,1.32998,1.34476,1.35702,1.36574,1.37212,1.37534,1.3767,1.37704,1.37744,1.377,1.37694,1.37634,1.3763,1.37676,1.37738,1.37798,1.37908,1.37964,1.38088,1.38176,1.38286,1.3846,1.3853,1.38628,1.3871,1.3885,1.38966,1.39018,1.39128,1.39206,1.39242,1.3935,1.39442,1.39554,1.39596,1.3971,1.398,1.39938,1.40024,1.40088,1.40192,1.40264,1.40374,1.40404,1.40514,1.40562,1.40628,1.40734,1.40852,1.40896,1.40986,1.41074,1.41182,1.41216,1.41224,1.41342,1.41454,1.41514,1.41562,1.41646,1.41726,1.41756,1.4188,1.41934,1.41998,1.42162,1.42152
StDev,0.004263567,0.005671155,0.007976967,0.006570921,0.00783339,0.009182211,0.011413457,0.014019165,0.017061653,0.021478175,0.026803302,0.032892203,0.040464738,0.047993104,0.056778975,0.065390917,0.073489911,0.081338109,0.089498268,0.097047411,0.101991715,0.105506114,0.105745558,0.103167282,0.100047104,0.095812917,0.093685287,0.092039584,0.090566589,0.089407897,0.088053353,0.086651901,0.08534722,0.084437119,0.083217444,0.082180868,0.082586912,0.082800109,0.082844161,0.083455156,0.084170975,0.084374819,0.084473475,0.085057757,0.084973361,0.085174392,0.085958932,0.086337663,0.085974519,0.086314356,0.086352302,0.086486675,0.086390694,0.086527077,0.086932445,0.087609235,0.08709341,0.0870562,0.087152412,0.086951032,0.087570001,0.087330676,0.087294834,0.087263813,0.087473224,0.087231617,0.087424979,0.087063586,0.087208583,0.087261601,0.087181896,0.087384684,0.087330023,0.087378333,0.087648115,0.087583372,0.087681201,0.087694196,0.086878208,0.087615084,0.087404966,0.087330877,0.087456549,0.087471956,0.087717912,0.087589743,0.087811776,0.087597043,0.087603841,0.08760952,0.087315422,0.087612185,0.087349201,0.087724381,0.08808761,0.087963811
1;2,0.1144,0.123,0.1347,0.1176,0.1205,0.125,0.1314,0.1399,0.1508,0.1644,0.1824,0.2061,0.2381,0.2785,0.3296,0.3913,0.4661,0.5519,0.6499,0.7537,0.8616,0.9664,1.0613,1.1413,1.2055,1.2536,1.2927,1.3233,1.3465,1.3652,1.3783,1.3905,1.4005,1.4063,1.4077,1.409,1.4095,1.4099,1.4105,1.4103,1.4094,1.4096,1.4101,1.4112,1.4117,1.4121,1.4133,1.4149,1.4149,1.416,1.4191,1.4195,1.4205,1.4203,1.4222,1.424,1.4244,1.4253,1.4258,1.4273,1.4278,1.4282,1.4287,1.4294,1.4314,1.4314,1.4334,1.4338,1.4343,1.4362,1.4362,1.4375,1.4372,1.4384,1.4388,1.4399,1.4408,1.4417,1.4415,1.4427,1.4447,1.4454,1.4465,1.446,1.4478,1.4484,1.4489,1.4496,1.4498,1.4507,1.4515,1.4527,1.4529,1.4539,1.4555,1.4559
2;1,0.1201,0.1305,0.1467,0.1265,0.1316,0.1379,0.1471,0.1574,0.1702,0.1874,0.2103,0.2391,0.2753,0.3188,0.3711,0.4327,0.5036,0.5825,0.6689,0.764,0.8626,0.961,1.0486,1.1256,1.1866,1.2321,1.271,1.3019,1.3238,1.3433,1.3586,1.3709,1.3772,1.3844,1.3895,1.3899,1.3911,1.3905,1.39,1.3901,1.3892,1.3892,1.3895,1.3894,1.3905,1.3916,1.3921,1.3935,1.3948,1.3954,1.3961,1.3985,1.3993,1.4003,1.4004,1.4012,1.4021,1.4028,1.4046,1.4032,1.4067,1.4075,1.4078,1.408,1.4091,1.4108,1.4111,1.4124,1.4128,1.4132,1.4141,1.415,1.4166,1.4181,1.4184,1.4186,1.4201,1.4203,1.4196,1.4202,1.4216,1.4227,1.4229,1.4236,1.4244,1.4257,1.4263,1.4277,1.4292,1.4285,1.4283,1.4299,1.4312,1.4317,1.4333,1.4322
2;2,0.1166,0.1261,0.1401,0.1201,0.1232,0.1281,0.1348,0.1439,0.1546,0.169,0.1877,0.2126,0.2448,0.2863,0.3371,0.3997,0.4736,0.558,0.6533,0.7556,0.8612,0.9654,1.0596,1.1371,1.2024,1.2517,1.2909,1.322,1.3453,1.3646,1.3797,1.3905,1.3998,1.4055,1.4072,1.4082,1.4083,1.4088,1.408,1.4083,1.4083,1.4088,1.4089,1.4096,1.4109,1.4126,1.4122,1.4137,1.4145,1.4156,1.4181,1.417,1.4184,1.4194,1.4221,1.4232,1.4234,1.4245,1.4253,1.426,1.4257,1.4267,1.4284,1.4287,1.4297,1.4307,1.433,1.4332,1.4333,1.4348,1.4362,1.4362,1.4367,1.4378,1.4384,1.4391,1.4397,1.4413,1.4431,1.4439,1.444,1.4454,1.4449,1.4449,1.4466,1.4475,1.4485,1.448,1.4481,1.4499,1.4508,1.4514,1.4525,1.4522,1.4549,1.4547
2;3,0.1118,0.1209,0.1343,0.1166,0.1198,0.124,0.1298,0.1372,0.1455,0.1562,0.1699,0.1873,0.2098,0.2387,0.2737,0.318,0.3698,0.4311,0.5011,0.5804,0.6673,0.758,0.8465,0.9269,0.995,1.0504,1.0936,1.127,1.1528,1.1746,1.1916,1.2063,1.2174,1.2252,1.2304,1.2337,1.2332,1.2335,1.2329,1.2318,1.2301,1.2296,1.23,1.2298,1.2303,1.2311,1.2305,1.231,1.2325,1.2332,1.2348,1.2352,1.2363,1.237,1.2378,1.2379,1.2392,1.2405,1.2409,1.2418,1.2416,1.243,1.2444,1.2449,1.2456,1.2468,1.2479,1.2494,1.25,1.2509,1.2517,1.2527,1.2528,1.2537,1.2538,1.2546,1.2555,1.2569,1.2588,1.2586,1.2596,1.2608,1.261,1.261,1.2617,1.2631,1.2633,1.264,1.2649,1.2659,1.2666,1.2674,1.2681,1.2683,1.2692,1.2695
3;2,0.1224,0.1349,0.1528,0.1321,0.1378,0.1452,0.1563,0.1707,0.1874,0.2099,0.2378,0.272,0.316,0.3669,0.4279,0.4977,0.5733,0.6567,0.7483,0.8458,0.9418,1.0382,1.1242,1.1949,1.2527,1.2957,1.3331,1.3613,1.383,1.4022,1.4156,1.4269,1.4338,1.4392,1.4419,1.4427,1.4431,1.4445,1.4436,1.4442,1.4447,1.4443,1.4453,1.4469,1.4465,1.448,1.4501,1.4513,1.4521,1.4541,1.4549,1.4563,1.4569,1.4585,1.46,1.462,1.4618,1.4633,1.4637,1.4638,1.4657,1.4667,1.4684,1.4688,1.4697,1.4703,1.4715,1.4724,1.474,1.4745,1.475,1.4773,1.4769,1.4777,1.4787,1.4792,1.4806,1.4824,1.4818,1.4839,1.4838,1.4848,1.4855,1.4857,1.4866,1.488,1.4887,1.4888,1.4903,1.4913,1.4906,1.4926,1.492,1.4938,1.4952,1.4953
,,,,,,,,,,,,,,,,,,,,,,,,,,,,,,,,,,,,,,,,,,,,,,,,,,,,,,,,,,,,,,,,,,,,,,,,,,,,,,,,,,,,,,,,,,,,,,,,
Cycles / Well,,,,,,,,,,,,,,,,,,,,,,,,,,,,,,,,,,,,,,,,,,,,,,,,,,,,,,,,,,,,,,,,,,,,,,,,,,,,,,,,,,,,,,,,,,,,,,,,
D6,1,2,3,4,5,6,7,8,9,10,11,12,13,14,15,16,17,18,19,20,21,22,23,24,25,26,27,28,29,30,31,32,33,34,35,36,37,38,39,40,41,42,43,44,45,46,47,48,49,50,51,52,53,54,55,56,57,58,59,60,61,62,63,64,65,66,67,68,69,70,71,72,73,74,75,76,77,78,79,80,81,82,83,84,85,86,87,88,89,90,91,92,93,94,95,96
Time [s],0,1799.804,3599.705,5399.641,7199.561,8999.49,10799.409,12599.333,14399.26,16199.194,17999.109,19799.039,21598.958,23398.892,25198.808,26998.725,28798.661,30598.589,32398.489,34198.443,35998.374,37798.286,39598.224,41398.149,43198.081,44997.99,46797.917,48597.842,50397.765,52197.702,53997.621,55797.552,57597.468,59397.391,61197.317,62997.249,64797.163,66597.084,68397.028,70196.935,71996.864,73796.783,75596.71,77396.649,79196.565,80996.494,82796.414,84596.354,86396.27,88196.204,89996.112,91796.061,93595.971,95395.897,97195.829,98995.747,100795.679,102595.601,104395.534,106195.445,107995.377,109795.307,111595.236,113395.157,115195.076,116995.019,118794.937,120594.848,122394.785,124194.722,125994.648,127794.579,129594.494,131394.41,133194.341,134994.266,136794.185,138594.122,140394.047,142193.959,143993.87,145793.805,147593.724,149393.655,151193.569,152993.504,154793.443,156593.376,158393.277,160193.21,161993.13,163793.052,165592.982,167392.906,169192.831,170992.755
Temp. [°C],40.8,29.9,29.9,30,30,30.1,30,30.1,30,29.9,30,30,30,30,30,29.9,30,30,30.1,30.1,29.9,30,30,30,30.1,30.1,30,30.1,30.1,30,30,30,29.9,30.1,30,29.9,29.8,29.8,29.8,29.9,30.1,30.1,30,30.1,29.8,29.9,30,30,30,30.1,30,30,29.8,30,30,30.1,30.1,30,30.1,29.9,30,30.1,30.1,30,30,29.9,29.9,30.1,30,30,29.9,29.9,30,30,29.9,30.1,29.9,29.8,29.9,30,30,30.1,30,30,30.1,30.1,30.2,30.1,29.9,30,29.9,29.9,30.1,29.9,30,30
Mean,0.11856,0.12716,0.1403,0.12536,0.1309,0.13746,0.14634,0.15684,0.16946,0.18644,0.20868,0.2376,0.2748,0.3212,0.37646,0.44206,0.51812,0.60514,0.70118,0.80692,0.91494,1.0209,1.11632,1.19646,1.2588,1.30694,1.34522,1.3754,1.39848,1.41868,1.43244,1.4432,1.44864,1.45334,1.45696,1.45932,1.46212,1.46452,1.46654,1.4688,1.4707,1.47236,1.475,1.47646,1.47872,1.4807,1.48298,1.48436,1.48608,1.48814,1.49004,1.49138,1.49334,1.49504,1.49666,1.4987,1.50022,1.50178,1.50278,1.50438,1.50606,1.5078,1.50894,1.50998,1.51116,1.51316,1.5148,1.5162,1.5171,1.5185,1.51958,1.52122,1.52258,1.52336,1.52468,1.52518,1.52676,1.52784,1.52928,1.52916,1.53084,1.53188,1.53266,1.53406,1.53524,1.53626,1.5376,1.53808,1.53954,1.54052,1.5417,1.54244,1.54334,1.5443,1.54614,1.546
StDev,0.004765291,0.004674184,0.006506151,0.006358302,0.007384782,0.008558797,0.010928083,0.013801196,0.016842298,0.020949773,0.026107796,0.032410415,0.038951059,0.045406222,0.052259191,0.058457959,0.064044063,0.069433191,0.072641152,0.078325966,0.081688175,0.080892985,0.077961253,0.072500641,0.06681553,0.062618871,0.058102384,0.055389078,0.053881648,0.052426491,0.050836237,0.04868054,0.04663607,0.045544901,0.045216181,0.044602321,0.044052548,0.042648998,0.042072176,0.041983628,0.042093824,0.041360766,0.041241484,0.041070038,0.040844914,0.041023225,0.04045673,0.040409071,0.040552645,0.04050911,0.03949048,0.039580639,0.039649691,0.039791745,0.039412473,0.039638554,0.039514959,0.039315162,0.038975723,0.03846137,0.039027657,0.039091687,0.039044884,0.038829525,0.038382522,0.03853924,0.03796505,0.037915564,0.037762217,0.037419781,0.037371741,0.037842595,0.037179457,0.037072604,0.03713909,0.037165939,0.037148055,0.037004365,0.036329974,0.036645573,0.03643066,0.036122182,0.036399629,0.036514559,0.036103504,0.03591522,0.035792248,0.035943177,0.036053821,0.035526145,0.035187356,0.0353033,0.03484599,0.034863663,0.034701916,0.03442608
1;2,0.1145,0.1231,0.1346,0.1194,0.1239,0.1291,0.1365,0.146,0.1573,0.1718,0.1915,0.218,0.2536,0.2987,0.3549,0.4228,0.5025,0.5954,0.6989,0.8096,0.9238,1.0319,1.1274,1.2046,1.2648,1.3141,1.3509,1.3789,1.4024,1.4211,1.4345,1.4438,1.4498,1.4544,1.4566,1.4587,1.4618,1.4642,1.4661,1.4687,1.469,1.4715,1.4737,1.4746,1.4772,1.4794,1.4805,1.4823,1.4837,1.4861,1.4881,1.4893,1.491,1.4925,1.494,1.4955,1.4969,1.4981,1.5,1.501,1.502,1.5036,1.5045,1.5058,1.5077,1.5092,1.5106,1.5119,1.5125,1.5149,1.5158,1.517,1.5179,1.5191,1.5198,1.5198,1.5215,1.5228,1.5248,1.5237,1.5256,1.5268,1.5273,1.5292,1.5301,1.5308,1.532,1.5326,1.534,1.5346,1.536,1.5362,1.5374,1.5382,1.5403,1.5396
2;1,0.1213,0.1301,0.1446,0.1313,0.1365,0.1451,0.1572,0.1718,0.189,0.2116,0.2414,0.2792,0.3248,0.3785,0.4418,0.5127,0.5922,0.6818,0.7749,0.8808,0.9846,1.0842,1.1742,1.2503,1.3063,1.3498,1.3854,1.4123,1.4334,1.4529,1.4666,1.475,1.479,1.4843,1.4879,1.4894,1.4919,1.493,1.4954,1.4966,1.4998,1.5008,1.5029,1.5036,1.5063,1.5073,1.51,1.5114,1.5135,1.5154,1.5163,1.5181,1.5198,1.522,1.5225,1.5246,1.5257,1.5278,1.5279,1.5287,1.5319,1.5343,1.5354,1.5361,1.5365,1.539,1.5396,1.5417,1.5425,1.5427,1.5438,1.5452,1.5469,1.5476,1.5486,1.5489,1.5507,1.5513,1.5512,1.5515,1.5538,1.5546,1.5558,1.557,1.5578,1.5589,1.5609,1.5613,1.563,1.563,1.5638,1.5646,1.5649,1.5663,1.5676,1.5672
2;2,0.1193,0.126,0.1392,0.1233,0.1289,0.1354,0.1425,0.1509,0.1626,0.1784,0.1994,0.2277,0.2648,0.3134,0.3705,0.4399,0.5213,0.615,0.7186,0.8301,0.9431,1.0518,1.1467,1.2254,1.2859,1.3331,1.3693,1.3991,1.421,1.4392,1.4514,1.4618,1.4665,1.47,1.4726,1.4747,1.477,1.479,1.4804,1.4828,1.4846,1.4864,1.4889,1.4906,1.4923,1.494,1.4967,1.4982,1.4992,1.5014,1.5031,1.504,1.5062,1.508,1.5092,1.5121,1.5141,1.515,1.5159,1.518,1.5198,1.5213,1.5219,1.523,1.5241,1.5261,1.5278,1.5291,1.5298,1.5315,1.5327,1.5341,1.5359,1.5367,1.5378,1.5381,1.5394,1.5408,1.5419,1.5441,1.544,1.545,1.5464,1.5469,1.5485,1.5492,1.5508,1.5507,1.5521,1.5539,1.5549,1.556,1.5567,1.5569,1.5595,1.5591
2;3,0.1131,0.1229,0.134,0.1199,0.1246,0.13,0.1367,0.1439,0.1525,0.1647,0.1805,0.2006,0.2277,0.2628,0.3054,0.3579,0.4211,0.4951,0.5812,0.6747,0.7742,0.8801,0.9801,1.0701,1.1424,1.1974,1.2438,1.279,1.3046,1.3278,1.3445,1.3593,1.3681,1.3748,1.3795,1.383,1.3867,1.3915,1.3946,1.3969,1.3991,1.4017,1.4047,1.4066,1.4092,1.4109,1.4144,1.4157,1.4174,1.4194,1.423,1.4243,1.4262,1.4277,1.4301,1.4318,1.4335,1.4356,1.4369,1.4395,1.4404,1.4421,1.4435,1.4448,1.4465,1.4484,1.4511,1.4526,1.4539,1.4555,1.4567,1.4578,1.4603,1.4611,1.4626,1.4633,1.4649,1.4661,1.4686,1.4679,1.4701,1.4716,1.4719,1.4731,1.475,1.4765,1.478,1.4783,1.4796,1.4815,1.4832,1.4839,1.4855,1.4866,1.4885,1.4891
3;2,0.1246,0.1337,0.1491,0.1329,0.1406,0.1477,0.1588,0.1716,0.1859,0.2057,0.2306,0.2625,0.3031,0.3526,0.4097,0.477,0.5535,0.6384,0.7323,0.8394,0.949,1.0565,1.1532,1.2319,1.2946,1.3403,1.3767,1.4077,1.431,1.4524,1.4652,1.4761,1.4798,1.4832,1.4882,1.4908,1.4932,1.4949,1.4962,1.499,1.501,1.5014,1.5048,1.5069,1.5086,1.5119,1.5133,1.5142,1.5166,1.5184,1.5197,1.5212,1.5235,1.525,1.5275,1.5295,1.5309,1.5324,1.5332,1.5347,1.5362,1.5377,1.5394,1.5402,1.541,1.5431,1.5449,1.5457,1.5468,1.5479,1.5489,1.552,1.5519,1.5523,1.5546,1.5558,1.5573,1.5582,1.5599,1.5586,1.5607,1.5614,1.5619,1.5641,1.5648,1.5659,1.5663,1.5675,1.569,1.5696,1.5706,1.5715,1.5722,1.5735,1.5748,1.575
,,,,,,,,,,,,,,,,,,,,,,,,,,,,,,,,,,,,,,,,,,,,,,,,,,,,,,,,,,,,,,,,,,,,,,,,,,,,,,,,,,,,,,,,,,,,,,,,
Cycles / Well,,,,,,,,,,,,,,,,,,,,,,,,,,,,,,,,,,,,,,,,,,,,,,,,,,,,,,,,,,,,,,,,,,,,,,,,,,,,,,,,,,,,,,,,,,,,,,,,
D7,1,2,3,4,5,6,7,8,9,10,11,12,13,14,15,16,17,18,19,20,21,22,23,24,25,26,27,28,29,30,31,32,33,34,35,36,37,38,39,40,41,42,43,44,45,46,47,48,49,50,51,52,53,54,55,56,57,58,59,60,61,62,63,64,65,66,67,68,69,70,71,72,73,74,75,76,77,78,79,80,81,82,83,84,85,86,87,88,89,90,91,92,93,94,95,96
Time [s],0,1799.804,3599.705,5399.641,7199.561,8999.49,10799.409,12599.333,14399.26,16199.194,17999.109,19799.039,21598.958,23398.892,25198.808,26998.725,28798.661,30598.589,32398.489,34198.443,35998.374,37798.286,39598.224,41398.149,43198.081,44997.99,46797.917,48597.842,50397.765,52197.702,53997.621,55797.552,57597.468,59397.391,61197.317,62997.249,64797.163,66597.084,68397.028,70196.935,71996.864,73796.783,75596.71,77396.649,79196.565,80996.494,82796.414,84596.354,86396.27,88196.204,89996.112,91796.061,93595.971,95395.897,97195.829,98995.747,100795.679,102595.601,104395.534,106195.445,107995.377,109795.307,111595.236,113395.157,115195.076,116995.019,118794.937,120594.848,122394.785,124194.722,125994.648,127794.579,129594.494,131394.41,133194.341,134994.266,136794.185,138594.122,140394.047,142193.959,143993.87,145793.805,147593.724,149393.655,151193.569,152993.504,154793.443,156593.376,158393.277,160193.21,161993.13,163793.052,165592.982,167392.906,169192.831,170992.755
Temp. [°C],40.8,29.9,29.9,30,30,30.1,30,30.1,30,29.9,30,30,30,30,30,29.9,30,30,30.1,30.1,29.9,30,30,30,30.1,30.1,30,30.1,30.1,30,30,30,29.9,30.1,30,29.9,29.8,29.8,29.8,29.9,30.1,30.1,30,30.1,29.8,29.9,30,30,30,30.1,30,30,29.8,30,30,30.1,30.1,30,30.1,29.9,30,30.1,30.1,30,30,29.9,29.9,30.1,30,30,29.9,29.9,30,30,29.9,30.1,29.9,29.8,29.9,30,30,30.1,30,30,30.1,30.1,30.2,30.1,29.9,30,29.9,29.9,30.1,29.9,30,30
Mean,0.1165,0.1257,0.13518,0.12208,0.12636,0.1321,0.14012,0.15026,0.16234,0.17856,0.19958,0.22654,0.26134,0.3044,0.357,0.41946,0.4912,0.5725,0.66274,0.76094,0.86334,0.96416,1.05808,1.13964,1.20682,1.26024,1.30352,1.3377,1.36452,1.38652,1.40136,1.41404,1.42092,1.42538,1.42778,1.42834,1.4279,1.42774,1.42756,1.42756,1.42756,1.42706,1.42836,1.42866,1.42916,1.43038,1.43174,1.4324,1.4335,1.43458,1.43622,1.4369,1.43832,1.4393,1.44032,1.44194,1.44276,1.4435,1.44398,1.44494,1.44618,1.4472,1.4477,1.44818,1.44914,1.45006,1.45116,1.45232,1.45276,1.45346,1.45438,1.45478,1.45596,1.45662,1.45758,1.45768,1.45884,1.45966,1.46024,1.4608,1.4616,1.46252,1.46264,1.46326,1.46416,1.46494,1.46554,1.46582,1.46682,1.46746,1.46778,1.46908,1.46904,1.46964,1.4711,1.4711
StDev,0.003184337,0.005436451,0.007265122,0.005688761,0.007051808,0.008465814,0.010627888,0.013427881,0.016334412,0.020199579,0.025090576,0.03080013,0.037252557,0.04389738,0.050319181,0.055652655,0.060146405,0.063143606,0.064874209,0.066392831,0.066105771,0.064846149,0.062047377,0.059922391,0.056256173,0.053116363,0.051272624,0.049963537,0.048842113,0.048240978,0.047798305,0.046412477,0.045241485,0.043825529,0.043754166,0.042719176,0.042825343,0.043472094,0.043412072,0.043686417,0.044020257,0.043849151,0.044008897,0.043427791,0.043866479,0.043606387,0.044161895,0.04434253,0.044328095,0.044317344,0.044000761,0.044603195,0.044545561,0.044550982,0.044518333,0.044095272,0.043559419,0.044130998,0.044343286,0.04375412,0.044445832,0.044470946,0.044338076,0.044695268,0.044699474,0.044353557,0.044207273,0.04425779,0.04431273,0.044091983,0.043829066,0.043855524,0.044441231,0.044336351,0.044342271,0.044106371,0.044841588,0.044284681,0.044784797,0.043258294,0.043885362,0.043969273,0.043938343,0.044512055,0.043717422,0.043788789,0.043975823,0.044067868,0.044793716,0.04406005,0.043989453,0.044270046,0.044367026,0.044173329,0.044200057,0.043669898
1;2,0.1144,0.1209,0.1268,0.1177,0.1207,0.1252,0.1316,0.1396,0.1499,0.1635,0.1814,0.2049,0.2363,0.2763,0.3275,0.3896,0.4633,0.5477,0.6443,0.7481,0.8571,0.964,1.0607,1.1449,1.2121,1.2689,1.3115,1.3456,1.3739,1.3959,1.4107,1.4239,1.4307,1.4355,1.4376,1.4374,1.4367,1.4374,1.4374,1.4386,1.4374,1.4371,1.4383,1.4386,1.4403,1.4397,1.4417,1.4422,1.4437,1.4449,1.4464,1.4475,1.4489,1.449,1.4509,1.452,1.4521,1.4534,1.4541,1.4542,1.4566,1.457,1.4573,1.4581,1.4593,1.4602,1.4615,1.4631,1.4623,1.4638,1.4648,1.4643,1.4668,1.4673,1.4681,1.4675,1.4696,1.4699,1.4697,1.4721,1.4718,1.473,1.4732,1.4735,1.4743,1.4752,1.4757,1.4759,1.4778,1.4775,1.4782,1.4796,1.4797,1.4801,1.4822,1.4818
2;1,0.1188,0.1299,0.137,0.126,0.1317,0.1389,0.1496,0.1626,0.1778,0.1978,0.224,0.2574,0.2988,0.3485,0.4077,0.4749,0.5507,0.6353,0.7265,0.8253,0.925,1.0209,1.1104,1.1872,1.2505,1.2994,1.3384,1.3717,1.3968,1.4176,1.4328,1.4442,1.4517,1.4544,1.4572,1.4576,1.4588,1.4581,1.4578,1.4578,1.4587,1.4582,1.4594,1.4592,1.4597,1.4613,1.4628,1.4639,1.4643,1.4662,1.4676,1.468,1.4692,1.4706,1.4708,1.4721,1.4732,1.4744,1.4751,1.4759,1.4774,1.4782,1.479,1.4795,1.4802,1.4807,1.4814,1.4823,1.4831,1.4827,1.4837,1.4847,1.4859,1.4869,1.4873,1.4883,1.4892,1.4893,1.4912,1.4893,1.4915,1.492,1.4915,1.493,1.4934,1.4938,1.4947,1.4957,1.4967,1.4968,1.497,1.4985,1.4987,1.4996,1.5005,1.4996
2;2,0.1159,0.1233,0.1335,0.1193,0.1227,0.1276,0.1342,0.1427,0.1532,0.1674,0.1861,0.211,0.2438,0.2854,0.3375,0.4004,0.4743,0.5592,0.6545,0.7587,0.8664,0.9726,1.0698,1.1542,1.2228,1.2769,1.3213,1.3556,1.3829,1.4047,1.4201,1.4321,1.4395,1.4446,1.4467,1.4466,1.4456,1.4459,1.4454,1.4451,1.4458,1.4456,1.447,1.4469,1.4473,1.4482,1.4498,1.4509,1.4519,1.4523,1.4543,1.4553,1.4566,1.458,1.4593,1.4606,1.4613,1.4619,1.4626,1.4638,1.4643,1.4657,1.4661,1.4665,1.4673,1.4684,1.47,1.471,1.4711,1.4723,1.4728,1.4737,1.4742,1.4753,1.4763,1.4758,1.478,1.4789,1.4803,1.4787,1.4804,1.4821,1.4821,1.4831,1.4836,1.4846,1.4852,1.4854,1.4867,1.4874,1.4875,1.4887,1.4888,1.4888,1.4907,1.4906
2;3,0.1128,0.1214,0.1322,0.1173,0.1207,0.1254,0.1316,0.1394,0.1485,0.161,0.1769,0.1972,0.2239,0.2579,0.3,0.3528,0.414,0.4863,0.5678,0.6585,0.7569,0.8561,0.953,1.0367,1.1097,1.1675,1.2137,1.2501,1.2785,1.3015,1.3171,1.3321,1.3411,1.3479,1.3505,1.353,1.3526,1.3511,1.351,1.3504,1.35,1.3498,1.3508,1.3521,1.3517,1.3536,1.3539,1.3543,1.3553,1.3565,1.3587,1.3582,1.3597,1.3608,1.3617,1.3641,1.366,1.3657,1.3658,1.3679,1.3678,1.3688,1.3696,1.3694,1.3703,1.3718,1.3731,1.3741,1.3746,1.3755,1.3769,1.3774,1.3774,1.3783,1.3792,1.3799,1.3796,1.3814,1.3813,1.3842,1.3841,1.3848,1.3849,1.3846,1.3869,1.3875,1.3878,1.388,1.3876,1.3896,1.39,1.3908,1.3906,1.3916,1.3929,1.3938
3;2,0.1206,0.133,0.1464,0.1301,0.136,0.1434,0.1536,0.167,0.1823,0.2031,0.2295,0.2622,0.3039,0.3539,0.4123,0.4796,0.5537,0.634,0.7206,0.8141,0.9113,1.0072,1.0965,1.1752,1.239,1.2885,1.3327,1.3655,1.3905,1.4129,1.4261,1.4379,1.4416,1.4445,1.4469,1.4471,1.4458,1.4462,1.4462,1.4459,1.4459,1.4446,1.4463,1.4465,1.4468,1.4491,1.4505,1.4507,1.4523,1.453,1.4541,1.4555,1.4572,1.4581,1.4589,1.4609,1.4612,1.4621,1.4623,1.4629,1.4648,1.4663,1.4665,1.4674,1.4686,1.4692,1.4698,1.4711,1.4727,1.473,1.4737,1.4738,1.4755,1.4753,1.477,1.4769,1.4778,1.4788,1.4787,1.4797,1.4802,1.4807,1.4815,1.4821,1.4826,1.4836,1.4843,1.4841,1.4853,1.486,1.4862,1.4878,1.4874,1.4881,1.4892,1.4897
,,,,,,,,,,,,,,,,,,,,,,,,,,,,,,,,,,,,,,,,,,,,,,,,,,,,,,,,,,,,,,,,,,,,,,,,,,,,,,,,,,,,,,,,,,,,,,,,
Cycles / Well,,,,,,,,,,,,,,,,,,,,,,,,,,,,,,,,,,,,,,,,,,,,,,,,,,,,,,,,,,,,,,,,,,,,,,,,,,,,,,,,,,,,,,,,,,,,,,,,
D8,1,2,3,4,5,6,7,8,9,10,11,12,13,14,15,16,17,18,19,20,21,22,23,24,25,26,27,28,29,30,31,32,33,34,35,36,37,38,39,40,41,42,43,44,45,46,47,48,49,50,51,52,53,54,55,56,57,58,59,60,61,62,63,64,65,66,67,68,69,70,71,72,73,74,75,76,77,78,79,80,81,82,83,84,85,86,87,88,89,90,91,92,93,94,95,96
Time [s],0,1799.804,3599.705,5399.641,7199.561,8999.49,10799.409,12599.333,14399.26,16199.194,17999.109,19799.039,21598.958,23398.892,25198.808,26998.725,28798.661,30598.589,32398.489,34198.443,35998.374,37798.286,39598.224,41398.149,43198.081,44997.99,46797.917,48597.842,50397.765,52197.702,53997.621,55797.552,57597.468,59397.391,61197.317,62997.249,64797.163,66597.084,68397.028,70196.935,71996.864,73796.783,75596.71,77396.649,79196.565,80996.494,82796.414,84596.354,86396.27,88196.204,89996.112,91796.061,93595.971,95395.897,97195.829,98995.747,100795.679,102595.601,104395.534,106195.445,107995.377,109795.307,111595.236,113395.157,115195.076,116995.019,118794.937,120594.848,122394.785,124194.722,125994.648,127794.579,129594.494,131394.41,133194.341,134994.266,136794.185,138594.122,140394.047,142193.959,143993.87,145793.805,147593.724,149393.655,151193.569,152993.504,154793.443,156593.376,158393.277,160193.21,161993.13,163793.052,165592.982,167392.906,169192.831,170992.755
Temp. [°C],40.8,29.9,29.9,30,30,30.1,30,30.1,30,29.9,30,30,30,30,30,29.9,30,30,30.1,30.1,29.9,30,30,30,30.1,30.1,30,30.1,30.1,30,30,30,29.9,30.1,30,29.9,29.8,29.8,29.8,29.9,30.1,30.1,30,30.1,29.8,29.9,30,30,30,30.1,30,30,29.8,30,30,30.1,30.1,30,30.1,29.9,30,30.1,30.1,30,30,29.9,29.9,30.1,30,30,29.9,29.9,30,30,29.9,30.1,29.9,29.8,29.9,30,30,30.1,30,30,30.1,30.1,30.2,30.1,29.9,30,29.9,29.9,30.1,29.9,30,30
Mean,0.1243,0.1352,0.13842,0.1322,0.1366,0.14302,0.15248,0.16568,0.18282,0.2068,0.23968,0.2823,0.33718,0.40546,0.48598,0.5799,0.6859,0.79734,0.90212,0.99544,1.07078,1.12688,1.16906,1.19992,1.22452,1.24574,1.26514,1.28094,1.29456,1.30786,1.31842,1.32842,1.33844,1.34668,1.35332,1.35704,1.35942,1.36174,1.3627,1.3643,1.36536,1.36604,1.36804,1.3686,1.36922,1.37108,1.37236,1.3726,1.374,1.37498,1.37526,1.37612,1.3768,1.37754,1.37864,1.37964,1.38028,1.38084,1.38078,1.38166,1.38234,1.38334,1.38322,1.38388,1.38464,1.38556,1.38616,1.3868,1.38732,1.3881,1.38806,1.38906,1.3897,1.39048,1.39164,1.3917,1.39272,1.3931,1.39404,1.3942,1.39492,1.39524,1.3961,1.39678,1.3973,1.39804,1.3989,1.39946,1.4003,1.40126,1.40144,1.40238,1.40296,1.40354,1.40486,1.40496
StDev,0.006462585,0.00802465,0.009861389,0.008748143,0.00986585,0.011392629,0.013649066,0.016830538,0.020139811,0.024864634,0.030811151,0.03644441,0.041882837,0.046431326,0.049107403,0.048942568,0.047336667,0.044185099,0.039968638,0.03462424,0.030495442,0.027001981,0.023751695,0.02279807,0.020991117,0.020679047,0.019708323,0.019766335,0.01864626,0.018877579,0.018078634,0.018567498,0.018969265,0.017904525,0.017349553,0.017212292,0.01697018,0.016791903,0.01679747,0.016059732,0.016238319,0.016545181,0.0169509,0.016180698,0.015990372,0.015710411,0.015631635,0.016139857,0.015905502,0.016708441,0.016562699,0.016158496,0.016896005,0.016749119,0.016058425,0.015935275,0.015787083,0.016145681,0.015708819,0.016005718,0.015530229,0.015379142,0.01555336,0.015496838,0.015429452,0.015454384,0.015544871,0.015137041,0.015462115,0.014651109,0.01494433,0.014944999,0.014890937,0.014793647,0.014337468,0.013871554,0.014221885,0.014149028,0.014371778,0.013696715,0.014460187,0.014043967,0.014235168,0.014184569,0.014495689,0.013854349,0.01369562,0.01379141,0.014088116,0.014025085,0.013899029,0.013829027,0.013411301,0.013445557,0.013254169,0.013011456
1;2,0.1192,0.1276,0.1265,0.1249,0.128,0.133,0.1406,0.1508,0.165,0.1844,0.2115,0.2483,0.2979,0.3614,0.4394,0.5323,0.6406,0.7555,0.8655,0.964,1.0446,1.104,1.1489,1.1802,1.2072,1.2278,1.2488,1.2655,1.2802,1.2949,1.3053,1.3149,1.3246,1.3351,1.3412,1.3448,1.3475,1.3489,1.3498,1.352,1.3531,1.3525,1.3541,1.3557,1.3563,1.3582,1.3599,1.3598,1.3611,1.3619,1.362,1.3634,1.3622,1.3637,1.3658,1.3668,1.3669,1.3669,1.3677,1.3675,1.3691,1.3706,1.3701,1.3713,1.3718,1.3714,1.3726,1.3739,1.3736,1.3749,1.3741,1.3753,1.3766,1.3771,1.3788,1.379,1.3795,1.3795,1.3813,1.3815,1.3807,1.3812,1.3822,1.3824,1.3821,1.3844,1.3854,1.386,1.3861,1.3871,1.3878,1.3888,1.3899,1.3902,1.3917,1.3913
2;1,0.1289,0.1418,0.1416,0.1393,0.1447,0.1532,0.1653,0.1818,0.2034,0.2325,0.2724,0.3216,0.3841,0.4588,0.5437,0.638,0.744,0.8532,0.9547,1.0421,1.1118,1.1629,1.2,1.229,1.2512,1.2711,1.2894,1.3041,1.3169,1.3295,1.3392,1.3499,1.3608,1.3671,1.3727,1.3762,1.3777,1.3805,1.3815,1.3823,1.3832,1.3838,1.3867,1.3869,1.3868,1.3881,1.3899,1.3905,1.3916,1.3933,1.3933,1.3942,1.3959,1.3964,1.3964,1.3972,1.3979,1.3982,1.3976,1.3989,1.3992,1.3998,1.3996,1.4003,1.4009,1.4021,1.4021,1.4023,1.4035,1.404,1.404,1.4043,1.4046,1.4053,1.406,1.4048,1.4071,1.4073,1.4096,1.4089,1.4096,1.4093,1.4098,1.4102,1.4113,1.4117,1.4122,1.4127,1.4138,1.4147,1.4146,1.4156,1.4155,1.4157,1.4169,1.4167
2;2,0.1225,0.1319,0.1368,0.1277,0.1315,0.1369,0.1451,0.1567,0.1718,0.1933,0.2236,0.2641,0.3175,0.3856,0.4671,0.5652,0.6757,0.7928,0.9035,1.0003,1.0777,1.1352,1.1792,1.2116,1.2359,1.2591,1.2789,1.2957,1.3085,1.3233,1.3329,1.3435,1.3536,1.3619,1.3686,1.3719,1.3747,1.3767,1.3774,1.378,1.3792,1.3812,1.3834,1.3822,1.3828,1.385,1.3849,1.3857,1.387,1.3887,1.3891,1.3893,1.3906,1.3911,1.3919,1.3925,1.3929,1.3946,1.3941,1.395,1.3952,1.396,1.3963,1.3972,1.3979,1.3987,1.3998,1.4003,1.4006,1.4005,1.401,1.4023,1.4032,1.4039,1.4045,1.4051,1.4053,1.406,1.4061,1.4057,1.4078,1.408,1.4092,1.4102,1.4102,1.4105,1.4117,1.4121,1.413,1.414,1.4145,1.4152,1.4156,1.4163,1.4175,1.4173
2;3,0.1179,0.1291,0.1341,0.1253,0.1292,0.1346,0.1422,0.1531,0.1679,0.1887,0.2171,0.2556,0.3057,0.3696,0.4465,0.5389,0.6432,0.7547,0.8608,0.9589,1.0368,1.0962,1.1417,1.1738,1.1999,1.2221,1.2426,1.2571,1.2724,1.2844,1.2962,1.3059,1.3157,1.3244,1.3322,1.3359,1.3384,1.3421,1.3429,1.3451,1.3455,1.3469,1.3488,1.3496,1.3502,1.3527,1.3535,1.353,1.3549,1.3545,1.3552,1.3566,1.3575,1.3578,1.3593,1.3603,1.3617,1.362,1.362,1.3631,1.364,1.3647,1.3645,1.3651,1.3661,1.3681,1.3678,1.3688,1.3693,1.3715,1.3715,1.372,1.3722,1.3734,1.3749,1.3758,1.3765,1.3775,1.3775,1.3788,1.3792,1.3802,1.3803,1.3816,1.382,1.3828,1.384,1.3841,1.3849,1.386,1.3861,1.3871,1.388,1.3886,1.3902,1.3912
3;2,0.133,0.1456,0.1531,0.1438,0.1496,0.1574,0.1692,0.186,0.206,0.2351,0.2738,0.3219,0.3807,0.4519,0.5332,0.6251,0.726,0.8305,0.9261,1.0119,1.083,1.1361,1.1755,1.205,1.2284,1.2486,1.266,1.2823,1.2948,1.3072,1.3185,1.3279,1.3375,1.3449,1.3519,1.3564,1.3588,1.3605,1.3619,1.3641,1.3658,1.3658,1.3672,1.3686,1.37,1.3714,1.3736,1.374,1.3754,1.3765,1.3767,1.3771,1.3778,1.3787,1.3798,1.3814,1.382,1.3825,1.3825,1.3838,1.3842,1.3856,1.3856,1.3855,1.3865,1.3875,1.3885,1.3887,1.3896,1.3896,1.3897,1.3914,1.3919,1.3927,1.394,1.3938,1.3952,1.3952,1.3957,1.3961,1.3973,1.3975,1.399,1.3995,1.4009,1.4008,1.4012,1.4024,1.4037,1.4045,1.4042,1.4052,1.4058,1.4069,1.408,1.4083
,,,,,,,,,,,,,,,,,,,,,,,,,,,,,,,,,,,,,,,,,,,,,,,,,,,,,,,,,,,,,,,,,,,,,,,,,,,,,,,,,,,,,,,,,,,,,,,,
Cycles / Well,,,,,,,,,,,,,,,,,,,,,,,,,,,,,,,,,,,,,,,,,,,,,,,,,,,,,,,,,,,,,,,,,,,,,,,,,,,,,,,,,,,,,,,,,,,,,,,,
D9,1,2,3,4,5,6,7,8,9,10,11,12,13,14,15,16,17,18,19,20,21,22,23,24,25,26,27,28,29,30,31,32,33,34,35,36,37,38,39,40,41,42,43,44,45,46,47,48,49,50,51,52,53,54,55,56,57,58,59,60,61,62,63,64,65,66,67,68,69,70,71,72,73,74,75,76,77,78,79,80,81,82,83,84,85,86,87,88,89,90,91,92,93,94,95,96
Time [s],0,1799.804,3599.705,5399.641,7199.561,8999.49,10799.409,12599.333,14399.26,16199.194,17999.109,19799.039,21598.958,23398.892,25198.808,26998.725,28798.661,30598.589,32398.489,34198.443,35998.374,37798.286,39598.224,41398.149,43198.081,44997.99,46797.917,48597.842,50397.765,52197.702,53997.621,55797.552,57597.468,59397.391,61197.317,62997.249,64797.163,66597.084,68397.028,70196.935,71996.864,73796.783,75596.71,77396.649,79196.565,80996.494,82796.414,84596.354,86396.27,88196.204,89996.112,91796.061,93595.971,95395.897,97195.829,98995.747,100795.679,102595.601,104395.534,106195.445,107995.377,109795.307,111595.236,113395.157,115195.076,116995.019,118794.937,120594.848,122394.785,124194.722,125994.648,127794.579,129594.494,131394.41,133194.341,134994.266,136794.185,138594.122,140394.047,142193.959,143993.87,145793.805,147593.724,149393.655,151193.569,152993.504,154793.443,156593.376,158393.277,160193.21,161993.13,163793.052,165592.982,167392.906,169192.831,170992.755
Temp. [°C],40.8,29.9,29.9,30,30,30.1,30,30.1,30,29.9,30,30,30,30,30,29.9,30,30,30.1,30.1,29.9,30,30,30,30.1,30.1,30,30.1,30.1,30,30,30,29.9,30.1,30,29.9,29.8,29.8,29.8,29.9,30.1,30.1,30,30.1,29.8,29.9,30,30,30,30.1,30,30,29.8,30,30,30.1,30.1,30,30.1,29.9,30,30.1,30.1,30,30,29.9,29.9,30.1,30,30,29.9,29.9,30,30,29.9,30.1,29.9,29.8,29.9,30,30,30.1,30,30,30.1,30.1,30.2,30.1,29.9,30,29.9,29.9,30.1,29.9,30,30
Mean,0.1243,0.1346,0.13116,0.13152,0.13542,0.14138,0.14996,0.16178,0.1779,0.19982,0.22914,0.26578,0.31032,0.3612,0.41458,0.46952,0.52394,0.57428,0.61894,0.65666,0.68918,0.71614,0.73846,0.75714,0.77316,0.78926,0.80006,0.81136,0.82104,0.8306,0.84002,0.84814,0.85756,0.86636,0.87574,0.88502,0.8966,0.91032,0.92466,0.94064,0.95832,0.976,0.9952,1.01284,1.02904,1.04384,1.05458,1.06366,1.07068,1.07568,1.07884,1.08034,1.08114,1.08172,1.08214,1.08174,1.08146,1.08114,1.07946,1.07954,1.0786,1.07766,1.07674,1.07514,1.0746,1.07406,1.07296,1.073,1.07246,1.07126,1.07122,1.0709,1.07048,1.0701,1.0703,1.06926,1.06956,1.06978,1.06942,1.0686,1.0689,1.06942,1.06934,1.06948,1.06996,1.07048,1.07022,1.07056,1.07098,1.07172,1.07172,1.07254,1.07192,1.07256,1.07308,1.07362
StDev,0.005746738,0.007692854,0.008460083,0.007626074,0.008630585,0.009835497,0.011734692,0.014051406,0.016411429,0.019681387,0.02367072,0.027177049,0.031056674,0.033560915,0.035794511,0.037363311,0.03813244,0.038863312,0.039755792,0.040436469,0.041021299,0.041279087,0.041949589,0.042816971,0.043485894,0.04487965,0.044766483,0.045240115,0.045829936,0.046413091,0.047762402,0.048181303,0.049326595,0.050612874,0.051894248,0.053121954,0.054733217,0.057222653,0.059529724,0.062429544,0.065143012,0.067796054,0.069254639,0.071391337,0.073785283,0.074849603,0.075888846,0.076384049,0.076981569,0.07705681,0.075679178,0.075061062,0.074504215,0.074773237,0.073820275,0.072750828,0.07198488,0.072038136,0.072083514,0.07057066,0.070584736,0.070620911,0.069046854,0.068955623,0.06833963,0.06824385,0.06722539,0.066689392,0.066042282,0.066041487,0.064996861,0.06485769,0.06425307,0.063649195,0.063309675,0.062491103,0.062754984,0.061360875,0.061882041,0.060841926,0.060321058,0.060293549,0.059885249,0.059790401,0.059169612,0.05875157,0.058667811,0.058038375,0.05746157,0.057191538,0.056601564,0.056235158,0.056287006,0.055716856,0.055070291,0.054929245
1;2,0.1205,0.1288,0.125,0.1264,0.1297,0.135,0.1429,0.1536,0.1692,0.1897,0.2178,0.2546,0.3001,0.3533,0.4103,0.4691,0.5292,0.585,0.6341,0.6751,0.7122,0.7417,0.7666,0.7869,0.8057,0.8212,0.8358,0.8486,0.86,0.8712,0.8827,0.8926,0.9037,0.9152,0.9277,0.9386,0.9536,0.9703,0.9887,1.0086,1.0318,1.0534,1.0732,1.0942,1.1141,1.1304,1.143,1.1522,1.1603,1.1653,1.1665,1.1672,1.1669,1.1685,1.1668,1.1654,1.164,1.1645,1.1628,1.1612,1.1609,1.16,1.1581,1.1566,1.1557,1.1555,1.1524,1.1521,1.1511,1.1502,1.1484,1.1482,1.1476,1.1471,1.147,1.1451,1.1463,1.145,1.1456,1.1437,1.1428,1.1444,1.1439,1.1436,1.143,1.144,1.1437,1.1442,1.1441,1.1448,1.1438,1.1445,1.1438,1.1438,1.1441,1.1442
2;1,0.1263,0.1384,0.1341,0.1372,0.1423,0.1499,0.1612,0.1757,0.1951,0.221,0.2553,0.297,0.3476,0.4028,0.4597,0.5168,0.5725,0.6231,0.6694,0.7076,0.739,0.7654,0.788,0.8073,0.8225,0.8409,0.8494,0.8606,0.87,0.879,0.8888,0.8962,0.9062,0.9143,0.9235,0.9324,0.9428,0.9578,0.9719,0.9883,1.0046,1.0228,1.0422,1.0595,1.0754,1.09,1.1001,1.1093,1.1161,1.1202,1.1222,1.1232,1.1234,1.123,1.1243,1.1231,1.1221,1.121,1.1189,1.1178,1.1164,1.1151,1.1127,1.1108,1.1098,1.1084,1.1077,1.107,1.1058,1.1043,1.1042,1.1035,1.1027,1.1014,1.101,1.099,1.0993,1.0979,1.0976,1.0967,1.0968,1.0962,1.0959,1.0965,1.0968,1.0957,1.0956,1.094,1.0943,1.0945,1.0941,1.0944,1.094,1.0942,1.0936,1.0944
2;2,0.1229,0.1318,0.1279,0.1273,0.1302,0.1348,0.1418,0.1518,0.1661,0.1855,0.2119,0.246,0.288,0.338,0.3908,0.4462,0.5016,0.5534,0.5998,0.6388,0.6721,0.7007,0.7245,0.744,0.7608,0.7757,0.7902,0.8024,0.8131,0.8233,0.8339,0.8426,0.8527,0.8628,0.873,0.8844,0.8979,0.9131,0.9289,0.9467,0.9656,0.9843,1.0063,1.0255,1.0429,1.0585,1.0704,1.081,1.0878,1.0937,1.0981,1.0995,1.1014,1.1023,1.1025,1.1018,1.1025,1.1016,1.1006,1.1005,1.0994,1.0987,1.0969,1.0954,1.0946,1.0943,1.0931,1.0933,1.0922,1.091,1.0911,1.0908,1.0896,1.0888,1.0891,1.0884,1.0883,1.0887,1.0885,1.0868,1.0878,1.088,1.0877,1.0881,1.0886,1.089,1.0884,1.0887,1.0887,1.0893,1.0898,1.0903,1.0896,1.0904,1.0907,1.0914
2;3,0.1186,0.1278,0.1242,0.1247,0.1279,0.1331,0.1397,0.1494,0.1628,0.1816,0.2066,0.2386,0.2775,0.3234,0.3717,0.4222,0.4733,0.5206,0.5633,0.5996,0.6307,0.657,0.6786,0.6961,0.711,0.7248,0.7362,0.7472,0.7563,0.7649,0.7724,0.7803,0.7884,0.7952,0.804,0.811,0.8205,0.8311,0.8429,0.8547,0.8692,0.8837,0.8997,0.9148,0.9277,0.9409,0.9507,0.9593,0.9651,0.9693,0.9747,0.9767,0.9782,0.9786,0.9802,0.9815,0.9827,0.9821,0.9803,0.9824,0.982,0.9807,0.9825,0.9813,0.9822,0.982,0.982,0.9832,0.9833,0.9824,0.9838,0.984,0.9849,0.9856,0.9861,0.9864,0.9871,0.9889,0.9885,0.9895,0.9902,0.9917,0.9922,0.9929,0.9937,0.9953,0.9952,0.9966,0.9983,0.9995,1.0003,1.0017,1.0007,1.0026,1.0044,1.0052
3;2,0.1332,0.1462,0.1446,0.142,0.147,0.1541,0.1642,0.1784,0.1963,0.2213,0.2541,0.2927,0.3384,0.3885,0.4404,0.4933,0.5431,0.5893,0.6281,0.6622,0.6919,0.7159,0.7346,0.7514,0.7658,0.7837,0.7887,0.798,0.8058,0.8146,0.8223,0.829,0.8368,0.8443,0.8505,0.8587,0.8682,0.8793,0.8909,0.9049,0.9204,0.9358,0.9546,0.9702,0.9851,0.9994,1.0087,1.0165,1.0241,1.0299,1.0327,1.0351,1.0358,1.0362,1.0369,1.0369,1.036,1.0365,1.0347,1.0358,1.0343,1.0338,1.0335,1.0316,1.0307,1.0301,1.0296,1.0294,1.0299,1.0284,1.0286,1.028,1.0276,1.0276,1.0283,1.0274,1.0268,1.0284,1.0269,1.0263,1.0269,1.0268,1.027,1.0263,1.0277,1.0284,1.0282,1.0293,1.0295,1.0305,1.0306,1.0318,1.0315,1.0318,1.0326,1.0329
,,,,,,,,,,,,,,,,,,,,,,,,,,,,,,,,,,,,,,,,,,,,,,,,,,,,,,,,,,,,,,,,,,,,,,,,,,,,,,,,,,,,,,,,,,,,,,,,
Cycles / Well,,,,,,,,,,,,,,,,,,,,,,,,,,,,,,,,,,,,,,,,,,,,,,,,,,,,,,,,,,,,,,,,,,,,,,,,,,,,,,,,,,,,,,,,,,,,,,,,
D10,1,2,3,4,5,6,7,8,9,10,11,12,13,14,15,16,17,18,19,20,21,22,23,24,25,26,27,28,29,30,31,32,33,34,35,36,37,38,39,40,41,42,43,44,45,46,47,48,49,50,51,52,53,54,55,56,57,58,59,60,61,62,63,64,65,66,67,68,69,70,71,72,73,74,75,76,77,78,79,80,81,82,83,84,85,86,87,88,89,90,91,92,93,94,95,96
Time [s],0,1799.804,3599.705,5399.641,7199.561,8999.49,10799.409,12599.333,14399.26,16199.194,17999.109,19799.039,21598.958,23398.892,25198.808,26998.725,28798.661,30598.589,32398.489,34198.443,35998.374,37798.286,39598.224,41398.149,43198.081,44997.99,46797.917,48597.842,50397.765,52197.702,53997.621,55797.552,57597.468,59397.391,61197.317,62997.249,64797.163,66597.084,68397.028,70196.935,71996.864,73796.783,75596.71,77396.649,79196.565,80996.494,82796.414,84596.354,86396.27,88196.204,89996.112,91796.061,93595.971,95395.897,97195.829,98995.747,100795.679,102595.601,104395.534,106195.445,107995.377,109795.307,111595.236,113395.157,115195.076,116995.019,118794.937,120594.848,122394.785,124194.722,125994.648,127794.579,129594.494,131394.41,133194.341,134994.266,136794.185,138594.122,140394.047,142193.959,143993.87,145793.805,147593.724,149393.655,151193.569,152993.504,154793.443,156593.376,158393.277,160193.21,161993.13,163793.052,165592.982,167392.906,169192.831,170992.755
Temp. [°C],40.8,29.9,29.9,30,30,30.1,30,30.1,30,29.9,30,30,30,30,30,29.9,30,30,30.1,30.1,29.9,30,30,30,30.1,30.1,30,30.1,30.1,30,30,30,29.9,30.1,30,29.9,29.8,29.8,29.8,29.9,30.1,30.1,30,30.1,29.8,29.9,30,30,30,30.1,30,30,29.8,30,30,30.1,30.1,30,30.1,29.9,30,30.1,30.1,30,30,29.9,29.9,30.1,30,30,29.9,29.9,30,30,29.9,30.1,29.9,29.8,29.9,30,30,30.1,30,30,30.1,30.1,30.2,30.1,29.9,30,29.9,29.9,30.1,29.9,30,30
Mean,0.12514,0.13532,0.13038,0.13288,0.13768,0.14456,0.15442,0.16792,0.18576,0.21066,0.24522,0.29108,0.34988,0.42344,0.5096,0.61098,0.72474,0.83892,0.94342,1.03606,1.10794,1.16092,1.1975,1.22644,1.2496,1.27058,1.28864,1.30398,1.31708,1.32916,1.3405,1.35274,1.36428,1.37354,1.3789,1.38308,1.38494,1.38716,1.38832,1.3902,1.39184,1.39234,1.39424,1.39522,1.39638,1.39828,1.39928,1.39984,1.4013,1.40182,1.40266,1.40346,1.40428,1.40472,1.40528,1.40658,1.4074,1.4081,1.40866,1.40854,1.40982,1.41126,1.41122,1.4126,1.41282,1.41348,1.41424,1.41522,1.41618,1.41644,1.41748,1.41852,1.41956,1.4203,1.42158,1.4218,1.4227,1.42278,1.4244,1.4242,1.42518,1.4262,1.42638,1.4275,1.4281,1.42904,1.42944,1.42982,1.4314,1.43228,1.43262,1.43434,1.43482,1.43488,1.43654,1.43628
StDev,0.005427522,0.005101666,0.00402455,0.00497765,0.005986819,0.007238301,0.00863985,0.010727395,0.012297276,0.014837217,0.017985188,0.020329461,0.022061097,0.022601504,0.019931508,0.016145185,0.01246447,0.012248143,0.014189679,0.01687107,0.017975901,0.018552008,0.019251364,0.020316077,0.020286079,0.019590865,0.019940236,0.020662454,0.021497721,0.020826738,0.020742227,0.021139726,0.020871679,0.021363122,0.020830266,0.020957385,0.02015299,0.020555486,0.019984044,0.019926992,0.019966297,0.020194876,0.020320876,0.020067685,0.019947732,0.019929551,0.019835751,0.019541315,0.019498205,0.020029778,0.019912132,0.020103681,0.020131989,0.019922148,0.019764918,0.019957254,0.020408699,0.019917957,0.020310416,0.020305984,0.019510177,0.020035044,0.020440205,0.020390194,0.020139439,0.020388526,0.020090869,0.020102164,0.019920517,0.02027999,0.020141425,0.019943345,0.020019316,0.020349816,0.020078521,0.020443581,0.020384921,0.020008798,0.020687677,0.019964594,0.020637999,0.020157505,0.02063703,0.020868996,0.020509876,0.020609415,0.020524936,0.020683012,0.02048353,0.020567985,0.020653741,0.020188685,0.020618487,0.020751554,0.020535043,0.020643328
1;2,0.1214,0.1302,0.1275,0.1291,0.1328,0.1387,0.1476,0.1597,0.1767,0.1997,0.2322,0.2778,0.3367,0.4119,0.5033,0.6111,0.7327,0.8539,0.9635,1.0591,1.1311,1.1845,1.2205,1.2503,1.2733,1.2925,1.3116,1.3261,1.3403,1.351,1.3623,1.374,1.3854,1.3952,1.3989,1.4027,1.4037,1.4069,1.4067,1.4085,1.4092,1.4105,1.4117,1.413,1.4136,1.4144,1.4158,1.4164,1.4183,1.4196,1.4194,1.4206,1.4215,1.4222,1.4224,1.4232,1.4242,1.4245,1.4258,1.4255,1.4258,1.4282,1.4284,1.4297,1.4295,1.4299,1.4302,1.4307,1.4322,1.4323,1.4334,1.4342,1.4352,1.4362,1.4373,1.438,1.4387,1.438,1.4403,1.4382,1.4397,1.4407,1.4409,1.4432,1.4431,1.4441,1.4446,1.4451,1.446,1.4467,1.4474,1.448,1.4493,1.4492,1.4509,1.4503
2;1,0.1278,0.1393,0.1325,0.1356,0.1413,0.1488,0.1604,0.1762,0.1958,0.2229,0.2614,0.3097,0.3703,0.4433,0.526,0.6211,0.7289,0.8356,0.933,1.02,1.089,1.1407,1.1757,1.2032,1.226,1.2478,1.2655,1.2789,1.292,1.3044,1.3153,1.327,1.339,1.3472,1.3527,1.3561,1.3589,1.3604,1.3619,1.3636,1.3652,1.3649,1.3668,1.368,1.3693,1.3704,1.372,1.3729,1.3744,1.374,1.3752,1.3757,1.3762,1.3768,1.3776,1.3787,1.3788,1.3796,1.38,1.38,1.3819,1.383,1.3822,1.3841,1.3846,1.3845,1.3855,1.3864,1.3879,1.3874,1.3888,1.3899,1.391,1.3907,1.3928,1.3923,1.3934,1.3938,1.3939,1.395,1.3952,1.3966,1.396,1.3973,1.398,1.3985,1.3991,1.3991,1.4007,1.4014,1.4017,1.4039,1.404,1.4036,1.4053,1.405
2;2,0.1232,0.1328,0.128,0.1297,0.1337,0.1396,0.1485,0.1604,0.1771,0.2003,0.2323,0.2768,0.3351,0.4095,0.4983,0.604,0.7238,0.8441,0.9527,1.0486,1.1223,1.1756,1.2138,1.2434,1.2667,1.288,1.3056,1.3226,1.3367,1.3485,1.3595,1.3723,1.3837,1.3931,1.3981,1.4021,1.4037,1.4049,1.4064,1.4082,1.4104,1.4106,1.4129,1.4132,1.415,1.4167,1.4171,1.4177,1.4188,1.419,1.4205,1.4212,1.4222,1.422,1.4226,1.4246,1.4255,1.4258,1.4267,1.4266,1.4271,1.4291,1.4285,1.4308,1.4304,1.4308,1.432,1.4325,1.4337,1.4345,1.4356,1.436,1.4372,1.4379,1.4392,1.4397,1.4404,1.4405,1.4419,1.4427,1.4433,1.444,1.4447,1.446,1.4459,1.4466,1.4473,1.4474,1.4491,1.4501,1.45,1.4515,1.4528,1.4526,1.4541,1.4538
2;3,0.12,0.1322,0.1274,0.1296,0.1341,0.1404,0.1489,0.1607,0.177,0.2,0.2321,0.2745,0.3301,0.4007,0.4862,0.5883,0.7037,0.8206,0.9302,1.0273,1.1017,1.156,1.1942,1.2247,1.2476,1.2692,1.2873,1.3039,1.3165,1.3292,1.3407,1.3546,1.3657,1.3753,1.3823,1.3876,1.3886,1.3921,1.3929,1.3947,1.3971,1.3972,1.4001,1.4008,1.4014,1.4047,1.4061,1.4056,1.4068,1.4081,1.4093,1.4102,1.4105,1.4108,1.4114,1.413,1.4147,1.4147,1.4151,1.4153,1.4165,1.4175,1.419,1.4193,1.4203,1.4221,1.4219,1.4242,1.4238,1.4243,1.4249,1.4265,1.4277,1.4286,1.4297,1.4297,1.4311,1.431,1.4334,1.4325,1.4353,1.4353,1.4359,1.4363,1.4375,1.4387,1.4384,1.4393,1.4408,1.4419,1.4427,1.4447,1.4444,1.4451,1.4461,1.4467
3;2,0.1333,0.1421,0.1365,0.1404,0.1465,0.1553,0.1667,0.1826,0.2022,0.2304,0.2681,0.3166,0.3772,0.4518,0.5342,0.6304,0.7346,0.8404,0.9377,1.0253,1.0956,1.1478,1.1833,1.2106,1.2344,1.2554,1.2732,1.2884,1.2999,1.3127,1.3247,1.3358,1.3476,1.3569,1.3625,1.3669,1.3698,1.3715,1.3737,1.376,1.3773,1.3785,1.3797,1.3811,1.3826,1.3852,1.3854,1.3866,1.3882,1.3884,1.3889,1.3896,1.391,1.3918,1.3924,1.3934,1.3938,1.3959,1.3957,1.3953,1.3978,1.3985,1.398,1.3991,1.3993,1.4001,1.4016,1.4023,1.4033,1.4037,1.4047,1.406,1.4067,1.4081,1.4089,1.4093,1.4099,1.4106,1.4125,1.4126,1.4124,1.4144,1.4144,1.4147,1.416,1.4173,1.4178,1.4182,1.4204,1.4213,1.4213,1.4236,1.4236,1.4239,1.4263,1.4256
,,,,,,,,,,,,,,,,,,,,,,,,,,,,,,,,,,,,,,,,,,,,,,,,,,,,,,,,,,,,,,,,,,,,,,,,,,,,,,,,,,,,,,,,,,,,,,,,
Cycles / Well,,,,,,,,,,,,,,,,,,,,,,,,,,,,,,,,,,,,,,,,,,,,,,,,,,,,,,,,,,,,,,,,,,,,,,,,,,,,,,,,,,,,,,,,,,,,,,,,
D11,1,2,3,4,5,6,7,8,9,10,11,12,13,14,15,16,17,18,19,20,21,22,23,24,25,26,27,28,29,30,31,32,33,34,35,36,37,38,39,40,41,42,43,44,45,46,47,48,49,50,51,52,53,54,55,56,57,58,59,60,61,62,63,64,65,66,67,68,69,70,71,72,73,74,75,76,77,78,79,80,81,82,83,84,85,86,87,88,89,90,91,92,93,94,95,96
Time [s],0,1799.804,3599.705,5399.641,7199.561,8999.49,10799.409,12599.333,14399.26,16199.194,17999.109,19799.039,21598.958,23398.892,25198.808,26998.725,28798.661,30598.589,32398.489,34198.443,35998.374,37798.286,39598.224,41398.149,43198.081,44997.99,46797.917,48597.842,50397.765,52197.702,53997.621,55797.552,57597.468,59397.391,61197.317,62997.249,64797.163,66597.084,68397.028,70196.935,71996.864,73796.783,75596.71,77396.649,79196.565,80996.494,82796.414,84596.354,86396.27,88196.204,89996.112,91796.061,93595.971,95395.897,97195.829,98995.747,100795.679,102595.601,104395.534,106195.445,107995.377,109795.307,111595.236,113395.157,115195.076,116995.019,118794.937,120594.848,122394.785,124194.722,125994.648,127794.579,129594.494,131394.41,133194.341,134994.266,136794.185,138594.122,140394.047,142193.959,143993.87,145793.805,147593.724,149393.655,151193.569,152993.504,154793.443,156593.376,158393.277,160193.21,161993.13,163793.052,165592.982,167392.906,169192.831,170992.755
Temp. [°C],40.8,29.9,29.9,30,30,30.1,30,30.1,30,29.9,30,30,30,30,30,29.9,30,30,30.1,30.1,29.9,30,30,30,30.1,30.1,30,30.1,30.1,30,30,30,29.9,30.1,30,29.9,29.8,29.8,29.8,29.9,30.1,30.1,30,30.1,29.8,29.9,30,30,30,30.1,30,30,29.8,30,30,30.1,30.1,30,30.1,29.9,30,30.1,30.1,30,30,29.9,29.9,30.1,30,30,29.9,29.9,30,30,29.9,30.1,29.9,29.8,29.9,30,30,30.1,30,30,30.1,30.1,30.2,30.1,29.9,30,29.9,29.9,30.1,29.9,30,30
Mean,0.10078,0.10984,0.10076,0.10082,0.10092,0.1008,0.10092,0.10104,0.10094,0.10084,0.10098,0.10092,0.10084,0.10082,0.10068,0.10086,0.1008,0.10098,0.10092,0.10084,0.10048,0.10056,0.10076,0.1009,0.10066,0.10058,0.10074,0.1007,0.10056,0.10056,0.10062,0.1006,0.10066,0.10056,0.10056,0.10056,0.1005,0.10046,0.10052,0.1005,0.1005,0.10048,0.10044,0.1004,0.10042,0.10042,0.10042,0.10034,0.10038,0.1004,0.10036,0.10038,0.10048,0.10038,0.10044,0.1004,0.1005,0.10028,0.1005,0.10046,0.10032,0.10038,0.10034,0.10032,0.10038,0.1002,0.10036,0.1004,0.10036,0.10034,0.10022,0.10028,0.10036,0.1003,0.10032,0.10034,0.10032,0.1003,0.1003,0.10032,0.1003,0.10034,0.10022,0.1003,0.10022,0.10028,0.10028,0.10018,0.1003,0.10028,0.10024,0.10026,0.1003,0.10028,0.10026,0.10024
StDev,0.002794101,0.002234502,0.002992156,0.00291067,0.003001166,0.002958885,0.002902068,0.002994662,0.002992156,0.00296867,0.003016123,0.002998666,0.002933087,0.003022747,0.003063005,0.003042696,0.003035622,0.003007823,0.003101129,0.00298379,0.002970185,0.002961081,0.002997999,0.003039737,0.003084315,0.002914104,0.002995497,0.00295804,0.003010482,0.003041874,0.002966816,0.002974054,0.002964456,0.002978758,0.002927969,0.002974559,0.003027375,0.003065616,0.003022747,0.002942788,0.002975735,0.002958378,0.002958547,0.002986637,0.002934621,0.002959223,0.003004497,0.002944996,0.003058921,0.002948729,0.00296867,0.002990318,0.00302688,0.00295161,0.002995497,0.002942788,0.002911185,0.002901207,0.002975735,0.002978758,0.00292609,0.002960068,0.002987976,0.002983622,0.003002832,0.002975735,0.002974559,0.002975735,0.002961081,0.003002166,0.003008654,0.002947372,0.003012142,0.003027375,0.003004497,0.002973718,0.002966816,0.002986637,0.002975735,0.002955842,0.002975735,0.002932235,0.003011146,0.003014133,0.002959223,0.002990318,0.00295161,0.002985297,0.002975735,0.00295161,0.002946693,0.002978758,0.002975735,0.00295161,0.003012142,0.002861468
1;2,0.1028,0.1104,0.1033,0.1034,0.1037,0.1033,0.1034,0.1038,0.1037,0.1037,0.1038,0.1036,0.1035,0.1037,0.1035,0.1038,0.1038,0.1038,0.1039,0.1036,0.1033,0.1034,0.1036,0.1038,0.1036,0.1034,0.1036,0.1034,0.1035,0.1033,0.1035,0.1034,0.1036,0.1034,0.1033,0.1035,0.1035,0.1034,0.1034,0.1033,0.1034,0.1034,0.1033,0.1033,0.1032,0.1033,0.1033,0.1031,0.1033,0.1031,0.1032,0.1032,0.1035,0.1032,0.1033,0.1032,0.1032,0.103,0.1034,0.1033,0.1031,0.1032,0.1032,0.1033,0.1033,0.1031,0.1033,0.1033,0.1032,0.1033,0.1032,0.1032,0.1033,0.1033,0.1032,0.1033,0.1032,0.1032,0.1032,0.1033,0.1032,0.1032,0.1032,0.1032,0.1031,0.1031,0.1031,0.1031,0.1032,0.1031,0.1032,0.1031,0.1032,0.1031,0.1032,0.103
2;1,0.0988,0.1094,0.0987,0.0988,0.0988,0.0989,0.0987,0.0989,0.0988,0.0987,0.0989,0.0987,0.0988,0.0988,0.0985,0.099,0.0987,0.099,0.0988,0.0988,0.0985,0.0986,0.0988,0.0988,0.0985,0.0986,0.0987,0.0986,0.0984,0.0986,0.0986,0.0987,0.0986,0.0986,0.0986,0.0986,0.0985,0.0983,0.0985,0.0985,0.0985,0.0986,0.0984,0.0985,0.0984,0.0985,0.0984,0.0983,0.0984,0.0984,0.0983,0.0984,0.0984,0.0984,0.0984,0.0984,0.0985,0.0983,0.0985,0.0985,0.0984,0.0983,0.0984,0.0983,0.0984,0.0982,0.0984,0.0984,0.0984,0.0984,0.0981,0.0983,0.0984,0.0983,0.0983,0.0983,0.0983,0.0984,0.0983,0.0984,0.0983,0.0984,0.0983,0.0983,0.0983,0.0983,0.0983,0.0982,0.0983,0.0983,0.0983,0.0983,0.0983,0.0983,0.0983,0.0983
2;2,0.1043,0.1134,0.1044,0.1043,0.1044,0.1044,0.1045,0.1045,0.1045,0.1042,0.1045,0.1045,0.1043,0.1043,0.1043,0.1043,0.1042,0.1045,0.1045,0.1043,0.1039,0.104,0.1042,0.1044,0.1042,0.1039,0.1042,0.1042,0.104,0.1042,0.104,0.1041,0.104,0.104,0.104,0.1039,0.1039,0.104,0.104,0.1039,0.1039,0.1038,0.1038,0.1038,0.1038,0.1038,0.1039,0.1038,0.1039,0.1039,0.1038,0.1039,0.1039,0.1038,0.1039,0.1038,0.1039,0.1037,0.1039,0.1039,0.1037,0.1038,0.1038,0.1037,0.1038,0.1036,0.1037,0.1038,0.1038,0.1037,0.1036,0.1036,0.1038,0.1037,0.1038,0.1037,0.1037,0.1037,0.1037,0.1036,0.1037,0.1037,0.1036,0.1038,0.1036,0.1038,0.1037,0.1036,0.1037,0.1037,0.1035,0.1037,0.1037,0.1037,0.1037,0.1035
2;3,0.1005,0.1081,0.1,0.1,0.1001,0.1,0.1001,0.1003,0.0999,0.1,0.1,0.1001,0.1,0.0998,0.0997,0.0998,0.0998,0.0999,0.0998,0.1,0.0995,0.0994,0.0998,0.0999,0.0997,0.0996,0.0997,0.0998,0.0995,0.0995,0.0996,0.0994,0.0996,0.0995,0.0995,0.0995,0.0994,0.0994,0.0995,0.0995,0.0994,0.0994,0.0995,0.0993,0.0995,0.0993,0.0993,0.0993,0.0993,0.0994,0.0993,0.0992,0.0993,0.0993,0.0994,0.0994,0.0996,0.0992,0.0994,0.0994,0.0993,0.0994,0.0992,0.0991,0.0993,0.0991,0.0993,0.0993,0.0992,0.0993,0.0992,0.0992,0.0992,0.0992,0.0992,0.0992,0.0993,0.0992,0.0992,0.0992,0.0992,0.0992,0.0991,0.0991,0.0991,0.0991,0.0992,0.099,0.0992,0.0992,0.0992,0.0992,0.0992,0.0992,0.0991,0.0993
3;2,0.0975,0.1079,0.0974,0.0976,0.0976,0.0974,0.0979,0.0977,0.0978,0.0976,0.0977,0.0977,0.0976,0.0975,0.0974,0.0974,0.0975,0.0977,0.0976,0.0975,0.0972,0.0974,0.0974,0.0976,0.0973,0.0974,0.0975,0.0975,0.0974,0.0972,0.0974,0.0974,0.0975,0.0973,0.0974,0.0973,0.0972,0.0972,0.0972,0.0973,0.0973,0.0972,0.0972,0.0971,0.0972,0.0972,0.0972,0.0972,0.097,0.0972,0.0972,0.0972,0.0973,0.0972,0.0972,0.0972,0.0973,0.0972,0.0973,0.0972,0.0971,0.0972,0.0971,0.0972,0.0971,0.097,0.0971,0.0972,0.0972,0.097,0.097,0.0971,0.0971,0.097,0.0971,0.0972,0.0971,0.097,0.0971,0.0971,0.0971,0.0972,0.0969,0.0971,0.097,0.0971,0.0971,0.097,0.0971,0.0971,0.097,0.097,0.0971,0.0971,0.097,0.0971
,,,,,,,,,,,,,,,,,,,,,,,,,,,,,,,,,,,,,,,,,,,,,,,,,,,,,,,,,,,,,,,,,,,,,,,,,,,,,,,,,,,,,,,,,,,,,,,,
Cycles / Well,,,,,,,,,,,,,,,,,,,,,,,,,,,,,,,,,,,,,,,,,,,,,,,,,,,,,,,,,,,,,,,,,,,,,,,,,,,,,,,,,,,,,,,,,,,,,,,,
D12,1,2,3,4,5,6,7,8,9,10,11,12,13,14,15,16,17,18,19,20,21,22,23,24,25,26,27,28,29,30,31,32,33,34,35,36,37,38,39,40,41,42,43,44,45,46,47,48,49,50,51,52,53,54,55,56,57,58,59,60,61,62,63,64,65,66,67,68,69,70,71,72,73,74,75,76,77,78,79,80,81,82,83,84,85,86,87,88,89,90,91,92,93,94,95,96
Time [s],0,1799.804,3599.705,5399.641,7199.561,8999.49,10799.409,12599.333,14399.26,16199.194,17999.109,19799.039,21598.958,23398.892,25198.808,26998.725,28798.661,30598.589,32398.489,34198.443,35998.374,37798.286,39598.224,41398.149,43198.081,44997.99,46797.917,48597.842,50397.765,52197.702,53997.621,55797.552,57597.468,59397.391,61197.317,62997.249,64797.163,66597.084,68397.028,70196.935,71996.864,73796.783,75596.71,77396.649,79196.565,80996.494,82796.414,84596.354,86396.27,88196.204,89996.112,91796.061,93595.971,95395.897,97195.829,98995.747,100795.679,102595.601,104395.534,106195.445,107995.377,109795.307,111595.236,113395.157,115195.076,116995.019,118794.937,120594.848,122394.785,124194.722,125994.648,127794.579,129594.494,131394.41,133194.341,134994.266,136794.185,138594.122,140394.047,142193.959,143993.87,145793.805,147593.724,149393.655,151193.569,152993.504,154793.443,156593.376,158393.277,160193.21,161993.13,163793.052,165592.982,167392.906,169192.831,170992.755
Temp. [°C],40.8,29.9,29.9,30,30,30.1,30,30.1,30,29.9,30,30,30,30,30,29.9,30,30,30.1,30.1,29.9,30,30,30,30.1,30.1,30,30.1,30.1,30,30,30,29.9,30.1,30,29.9,29.8,29.8,29.8,29.9,30.1,30.1,30,30.1,29.8,29.9,30,30,30,30.1,30,30,29.8,30,30,30.1,30.1,30,30.1,29.9,30,30.1,30.1,30,30,29.9,29.9,30.1,30,30,29.9,29.9,30,30,29.9,30.1,29.9,29.8,29.9,30,30,30.1,30,30,30.1,30.1,30.2,30.1,29.9,30,29.9,29.9,30.1,29.9,30,30
Mean,0.10032,0.10022,0.10038,0.10034,0.10044,0.10028,0.10054,0.10066,0.1006,0.10036,0.10062,0.10054,0.10034,0.10048,0.10032,0.10048,0.10038,0.10058,0.10048,0.10044,0.10012,0.10012,0.10028,0.10052,0.10022,0.10076,0.10026,0.1003,0.10016,0.10012,0.10032,0.10028,0.10028,0.10016,0.10022,0.10008,0.10012,0.10016,0.10014,0.1001,0.10014,0.1002,0.10008,0.10008,0.10006,0.10014,0.10004,0.09994,0.1,0.10012,0.1001,0.10004,0.10018,0.10006,0.10016,0.10014,0.10006,0.09992,0.10016,0.10008,0.10006,0.1001,0.10006,0.1001,0.10008,0.09996,0.1002,0.10012,0.10024,0.10012,0.10004,0.10012,0.10024,0.10018,0.10016,0.10018,0.10026,0.10024,0.10028,0.10018,0.10014,0.10026,0.10012,0.1002,0.10028,0.10026,0.1004,0.10036,0.10032,0.10038,0.10026,0.10042,0.10046,0.10046,0.10044,0.1005
StDev,0.00286304,0.002932064,0.002925235,0.002951779,0.002992156,0.002855171,0.002936495,0.003026219,0.00304877,0.002980436,0.002937176,0.002957702,0.002957702,0.003030182,0.003113198,0.002975231,0.002992825,0.002980268,0.003072784,0.003033645,0.00303348,0.002972709,0.003024401,0.002932064,0.003017781,0.002464346,0.002985465,0.003034798,0.002976239,0.003054832,0.003022747,0.003005329,0.002914104,0.003017118,0.003008654,0.002996164,0.002950763,0.002909983,0.002972036,0.002884441,0.00296867,0.002907748,0.00288652,0.002840246,0.002899655,0.002782625,0.002867577,0.002782625,0.002809804,0.002742626,0.002804461,0.002828957,0.002728003,0.002744631,0.00279875,0.002766406,0.002807668,0.002698518,0.002698703,0.002784241,0.002690353,0.002702776,0.002740985,0.002608639,0.002624309,0.002643483,0.002605763,0.002584956,0.002490582,0.002542046,0.002570603,0.002508386,0.002494594,0.00253811,0.002478508,0.002541063,0.002400625,0.002446017,0.002395204,0.002384743,0.00241516,0.002442949,0.002427344,0.00236326,0.002409772,0.002396456,0.002413504,0.00235648,0.002315599,0.002341367,0.0023755,0.002359449,0.002355419,0.002304995,0.002387048,0.002365375
1;2,0.1038,0.1037,0.1039,0.1037,0.1039,0.1037,0.1039,0.1042,0.1042,0.1038,0.1042,0.1041,0.1039,0.1041,0.1039,0.1039,0.1038,0.1041,0.104,0.104,0.1037,0.1036,0.1038,0.104,0.1037,0.1035,0.1038,0.1039,0.1036,0.1037,0.1039,0.1038,0.1037,0.1036,0.1037,0.1036,0.1035,0.1035,0.1036,0.1034,0.1035,0.1036,0.1033,0.1034,0.1033,0.1033,0.1033,0.1031,0.1032,0.1033,0.1033,0.1033,0.1033,0.1031,0.1033,0.1032,0.1031,0.1029,0.1031,0.1031,0.103,0.1031,0.103,0.1029,0.103,0.1029,0.1031,0.1029,0.1029,0.1029,0.1029,0.1028,0.1029,0.1029,0.1027,0.1029,0.1029,0.1028,0.1027,0.1027,0.1027,0.1028,0.1027,0.1026,0.1027,0.1026,0.1028,0.1026,0.1025,0.1026,0.1026,0.1026,0.1027,0.1026,0.1025,0.1026
2;1,0.0983,0.0983,0.0984,0.0984,0.0985,0.0985,0.0984,0.0986,0.0987,0.0984,0.0985,0.0987,0.0985,0.0985,0.0983,0.0987,0.0983,0.0988,0.0983,0.0985,0.0983,0.0981,0.0983,0.0986,0.0983,0.0982,0.0983,0.0984,0.0983,0.098,0.0984,0.0984,0.0984,0.0982,0.0982,0.0981,0.0982,0.0983,0.0981,0.0982,0.0981,0.0982,0.0981,0.0981,0.0981,0.0982,0.098,0.098,0.0981,0.0981,0.0981,0.098,0.0982,0.098,0.0982,0.0981,0.0981,0.0979,0.0982,0.0981,0.098,0.098,0.0981,0.098,0.098,0.0979,0.0981,0.0981,0.098,0.0981,0.0979,0.0979,0.098,0.098,0.0979,0.098,0.0981,0.0981,0.098,0.0979,0.0979,0.098,0.0979,0.098,0.0979,0.0979,0.098,0.0979,0.0979,0.098,0.0979,0.0979,0.0979,0.098,0.0979,0.0979
2;2,0.103,0.103,0.1031,0.1033,0.1034,0.1029,0.1035,0.1036,0.1035,0.1033,0.1033,0.1033,0.1031,0.1033,0.1034,0.1034,0.1033,0.1034,0.1035,0.1034,0.103,0.103,0.1032,0.1033,0.1032,0.1032,0.1031,0.1032,0.1031,0.1031,0.1032,0.1032,0.1031,0.1032,0.1032,0.103,0.1031,0.1031,0.1031,0.103,0.1032,0.1031,0.1031,0.1029,0.1031,0.103,0.103,0.1028,0.1029,0.1029,0.103,0.1029,0.103,0.103,0.1031,0.1031,0.1031,0.1028,0.1031,0.1031,0.103,0.103,0.1031,0.103,0.1029,0.1028,0.103,0.103,0.103,0.1029,0.1028,0.1029,0.103,0.103,0.103,0.103,0.1028,0.103,0.103,0.1028,0.1028,0.103,0.1028,0.1029,0.103,0.103,0.1031,0.1029,0.1029,0.103,0.1029,0.103,0.1029,0.1029,0.1031,0.1029
2;3,0.0989,0.0989,0.0991,0.099,0.099,0.0991,0.0992,0.0993,0.0992,0.099,0.0994,0.0991,0.0989,0.0992,0.0989,0.0991,0.0993,0.0992,0.0993,0.0989,0.0987,0.0988,0.099,0.0992,0.0988,0.0988,0.0989,0.0988,0.0987,0.0987,0.0989,0.0988,0.0989,0.0987,0.0988,0.0986,0.0986,0.0986,0.0986,0.0987,0.0986,0.0986,0.0986,0.0986,0.0985,0.0987,0.0985,0.0985,0.0984,0.0986,0.0985,0.0986,0.0986,0.0985,0.0986,0.0986,0.0986,0.0985,0.0986,0.0986,0.0984,0.0985,0.0984,0.0985,0.0984,0.0983,0.0985,0.0983,0.0985,0.0985,0.0983,0.0983,0.0984,0.0984,0.0984,0.0983,0.0983,0.0984,0.0984,0.0984,0.0983,0.0984,0.0983,0.0984,0.0984,0.0983,0.0984,0.0982,0.0983,0.0983,0.0982,0.0983,0.0983,0.0983,0.0982,0.0982
3;2,0.0976,0.0972,0.0974,0.0973,0.0974,0.0972,0.0977,0.0976,0.0974,0.0973,0.0977,0.0975,0.0973,0.0973,0.0971,0.0973,0.0972,0.0974,0.0973,0.0974,0.0969,0.0971,0.0971,0.0975,0.0971,0.1001,0.0972,0.0972,0.0971,0.0971,0.0972,0.0972,0.0973,0.0971,0.0972,0.0971,0.0972,0.0973,0.0973,0.0972,0.0973,0.0975,0.0973,0.0974,0.0973,0.0975,0.0974,0.0973,0.0974,0.0977,0.0976,0.0974,0.0978,0.0977,0.0976,0.0977,0.0974,0.0975,0.0978,0.0975,0.0979,0.0979,0.0977,0.0981,0.0981,0.0979,0.0983,0.0983,0.0988,0.0982,0.0983,0.0987,0.0989,0.0986,0.0988,0.0987,0.0992,0.0989,0.0993,0.0991,0.099,0.0991,0.0989,0.0991,0.0994,0.0995,0.0997,0.1002,0.1,0.1,0.0997,0.1003,0.1005,0.1005,0.1005,0.1009
,,,,,,,,,,,,,,,,,,,,,,,,,,,,,,,,,,,,,,,,,,,,,,,,,,,,,,,,,,,,,,,,,,,,,,,,,,,,,,,,,,,,,,,,,,,,,,,,
Cycles / Well,,,,,,,,,,,,,,,,,,,,,,,,,,,,,,,,,,,,,,,,,,,,,,,,,,,,,,,,,,,,,,,,,,,,,,,,,,,,,,,,,,,,,,,,,,,,,,,,
E1,1,2,3,4,5,6,7,8,9,10,11,12,13,14,15,16,17,18,19,20,21,22,23,24,25,26,27,28,29,30,31,32,33,34,35,36,37,38,39,40,41,42,43,44,45,46,47,48,49,50,51,52,53,54,55,56,57,58,59,60,61,62,63,64,65,66,67,68,69,70,71,72,73,74,75,76,77,78,79,80,81,82,83,84,85,86,87,88,89,90,91,92,93,94,95,96
Time [s],0,1799.804,3599.705,5399.641,7199.561,8999.49,10799.409,12599.333,14399.26,16199.194,17999.109,19799.039,21598.958,23398.892,25198.808,26998.725,28798.661,30598.589,32398.489,34198.443,35998.374,37798.286,39598.224,41398.149,43198.081,44997.99,46797.917,48597.842,50397.765,52197.702,53997.621,55797.552,57597.468,59397.391,61197.317,62997.249,64797.163,66597.084,68397.028,70196.935,71996.864,73796.783,75596.71,77396.649,79196.565,80996.494,82796.414,84596.354,86396.27,88196.204,89996.112,91796.061,93595.971,95395.897,97195.829,98995.747,100795.679,102595.601,104395.534,106195.445,107995.377,109795.307,111595.236,113395.157,115195.076,116995.019,118794.937,120594.848,122394.785,124194.722,125994.648,127794.579,129594.494,131394.41,133194.341,134994.266,136794.185,138594.122,140394.047,142193.959,143993.87,145793.805,147593.724,149393.655,151193.569,152993.504,154793.443,156593.376,158393.277,160193.21,161993.13,163793.052,165592.982,167392.906,169192.831,170992.755
Temp. [°C],40.8,29.9,29.9,30,30,30.1,30,30.1,30,29.9,30,30,30,30,30,29.9,30,30,30.1,30.1,29.9,30,30,30,30.1,30.1,30,30.1,30.1,30,30,30,29.9,30.1,30,29.9,29.8,29.8,29.8,29.9,30.1,30.1,30,30.1,29.8,29.9,30,30,30,30.1,30,30,29.8,30,30,30.1,30.1,30,30.1,29.9,30,30.1,30.1,30,30,29.9,29.9,30.1,30,30,29.9,29.9,30,30,29.9,30.1,29.9,29.8,29.9,30,30,30.1,30,30,30.1,30.1,30.2,30.1,29.9,30,29.9,29.9,30.1,29.9,30,30
Mean,0.0994,0.10086,0.09958,0.09956,0.09962,0.09976,0.09958,0.0997,0.09962,0.09946,0.09962,0.09958,0.09948,0.09956,0.09944,0.0995,0.09948,0.09962,0.0996,0.09944,0.09914,0.0992,0.09942,0.09942,0.0996,0.0994,0.09934,0.09938,0.09924,0.09908,0.0993,0.09936,0.09928,0.09918,0.09922,0.09926,0.09916,0.09916,0.09922,0.09916,0.09916,0.09918,0.09914,0.0991,0.09908,0.09914,0.09906,0.09894,0.09902,0.09908,0.0991,0.099,0.09922,0.09904,0.0991,0.0991,0.09906,0.09892,0.0992,0.0992,0.09898,0.09908,0.0991,0.09904,0.0991,0.09898,0.0991,0.09914,0.09912,0.09908,0.09904,0.09906,0.09914,0.09908,0.0991,0.09912,0.0992,0.09916,0.0992,0.09916,0.09906,0.09922,0.09912,0.09914,0.09916,0.0992,0.0992,0.0991,0.09928,0.09926,0.0993,0.09932,0.0993,0.0994,0.0993,0.09936
StDev,0.001053565,0.001930803,0.001458424,0.001569395,0.001666433,0.00171406,0.001664932,0.001702939,0.00172974,0.001854184,0.001821263,0.00189921,0.001974082,0.001956528,0.001993239,0.002021138,0.002075331,0.00212297,0.001968502,0.00206228,0.002109028,0.002103568,0.002125324,0.002211787,0.002130728,0.002305428,0.002126735,0.002207261,0.002243435,0.002234278,0.002286919,0.002328734,0.002328519,0.002343502,0.002350957,0.002386001,0.002404787,0.002398541,0.002404579,0.002435775,0.002438852,0.002438647,0.002484552,0.002464752,0.002446835,0.002476489,0.002520516,0.002514558,0.002542046,0.00258689,0.002614383,0.002614383,0.00258689,0.00253239,0.002602883,0.002608639,0.002634008,0.002637613,0.002704626,0.002699074,0.002710535,0.002624309,0.002743173,0.002718088,0.002738613,0.002714222,0.002738613,0.002751908,0.002763512,0.002789624,0.002791595,0.002800536,0.002788907,0.002735324,0.002853945,0.002799464,0.002853945,0.002760978,0.002853945,0.002745542,0.00279875,0.002841127,0.002787831,0.002761883,0.002824535,0.002748636,0.002822233,0.002777589,0.00265556,0.002768212,0.00271201,0.002703146,0.002762245,0.002706474,0.002659887,0.002601538
1;2,0.1005,0.1017,0.1015,0.1016,0.1019,0.1021,0.1018,0.102,0.102,0.102,0.1021,0.1023,0.1022,0.1022,0.1021,0.1022,0.1022,0.1025,0.1022,0.1022,0.1019,0.102,0.1023,0.1023,0.1024,0.1025,0.102,0.1022,0.1022,0.102,0.1022,0.1023,0.1023,0.1022,0.1023,0.1023,0.1022,0.1021,0.1022,0.1022,0.1022,0.1021,0.1022,0.1021,0.1021,0.1021,0.1021,0.1019,0.102,0.1022,0.1022,0.1021,0.1023,0.102,0.1022,0.1021,0.1021,0.102,0.1024,0.1023,0.102,0.1021,0.1023,0.1022,0.1023,0.1021,0.1022,0.1023,0.1022,0.1022,0.1022,0.1022,0.1022,0.1021,0.1023,0.1022,0.1024,0.1021,0.1024,0.1021,0.1021,0.1023,0.1021,0.1021,0.1021,0.102,0.1022,0.1021,0.1021,0.1022,0.1022,0.1022,0.1022,0.1022,0.102,0.1021
2;1,0.1002,0.1002,0.0999,0.0997,0.0995,0.0996,0.0994,0.0994,0.099,0.099,0.099,0.0989,0.0989,0.099,0.0988,0.0989,0.0988,0.0988,0.0989,0.0986,0.0983,0.0984,0.0986,0.0983,0.0986,0.0986,0.0983,0.0984,0.0982,0.098,0.0981,0.0983,0.098,0.098,0.0979,0.0981,0.0979,0.0978,0.0978,0.0979,0.0978,0.0977,0.0977,0.0977,0.0976,0.0977,0.0977,0.0974,0.0975,0.0976,0.0975,0.0974,0.0976,0.0975,0.0974,0.0975,0.0974,0.0973,0.0976,0.0976,0.0973,0.0974,0.0974,0.0974,0.0975,0.0973,0.0974,0.0975,0.0974,0.0973,0.0973,0.0973,0.0974,0.0973,0.0973,0.0974,0.0974,0.0974,0.0974,0.0974,0.0973,0.0974,0.0973,0.0973,0.0974,0.0974,0.0972,0.0972,0.0975,0.0973,0.0973,0.0974,0.0973,0.0974,0.0973,0.0973
2;2,0.0997,0.1012,0.1002,0.1004,0.1005,0.1007,0.1006,0.1007,0.1007,0.1006,0.1008,0.1006,0.1007,0.1008,0.1008,0.1009,0.101,0.1011,0.101,0.1009,0.1007,0.1007,0.1008,0.1011,0.1012,0.101,0.1011,0.1011,0.1009,0.1008,0.1012,0.1012,0.1011,0.101,0.101,0.1012,0.1011,0.1012,0.1013,0.1012,0.1012,0.1014,0.1013,0.1013,0.1012,0.1014,0.1013,0.1013,0.1014,0.1014,0.1015,0.1014,0.1016,0.1014,0.1015,0.1016,0.1016,0.1014,0.1017,0.1018,0.1017,0.1016,0.1017,0.1016,0.1017,0.1016,0.1018,0.1018,0.1019,0.1019,0.1018,0.1019,0.102,0.1019,0.102,0.102,0.1021,0.1021,0.1021,0.1021,0.102,0.1022,0.1021,0.1021,0.1023,0.1023,0.1023,0.1021,0.1022,0.1023,0.1023,0.1023,0.1024,0.1025,0.1024,0.1023
2;3,0.0985,0.1032,0.0985,0.0985,0.0986,0.0987,0.0985,0.0988,0.0988,0.0984,0.0987,0.0987,0.0984,0.0986,0.0984,0.0983,0.0983,0.0984,0.0986,0.0984,0.0981,0.0981,0.0985,0.0985,0.0986,0.0981,0.0984,0.0984,0.0982,0.098,0.0982,0.0984,0.0983,0.0982,0.0983,0.0981,0.0982,0.0983,0.0982,0.0981,0.0982,0.0982,0.0981,0.098,0.0981,0.0981,0.098,0.0979,0.098,0.098,0.0981,0.098,0.0982,0.0981,0.0981,0.0981,0.098,0.0979,0.0981,0.0981,0.0979,0.0981,0.098,0.098,0.0979,0.0979,0.098,0.098,0.098,0.0979,0.0979,0.0978,0.098,0.0979,0.0978,0.0979,0.0979,0.098,0.0979,0.0979,0.0978,0.098,0.0979,0.0979,0.0977,0.0979,0.0978,0.0977,0.0979,0.0979,0.0978,0.0979,0.0978,0.0978,0.0977,0.0978
3;2,0.0981,0.098,0.0978,0.0976,0.0976,0.0977,0.0976,0.0976,0.0976,0.0973,0.0975,0.0974,0.0972,0.0972,0.0971,0.0972,0.0971,0.0973,0.0973,0.0971,0.0967,0.0968,0.0969,0.0969,0.0972,0.0968,0.0969,0.0968,0.0967,0.0966,0.0968,0.0966,0.0967,0.0965,0.0966,0.0966,0.0964,0.0964,0.0966,0.0964,0.0964,0.0965,0.0964,0.0964,0.0964,0.0964,0.0962,0.0962,0.0962,0.0962,0.0962,0.0961,0.0964,0.0962,0.0963,0.0962,0.0962,0.096,0.0962,0.0962,0.096,0.0962,0.0961,0.096,0.0961,0.096,0.0961,0.0961,0.0961,0.0961,0.096,0.0961,0.0961,0.0962,0.0961,0.0961,0.0962,0.0962,0.0962,0.0963,0.0961,0.0962,0.0962,0.0963,0.0963,0.0964,0.0965,0.0964,0.0967,0.0966,0.0969,0.0968,0.0968,0.0971,0.0971,0.0973
,,,,,,,,,,,,,,,,,,,,,,,,,,,,,,,,,,,,,,,,,,,,,,,,,,,,,,,,,,,,,,,,,,,,,,,,,,,,,,,,,,,,,,,,,,,,,,,,
Cycles / Well,,,,,,,,,,,,,,,,,,,,,,,,,,,,,,,,,,,,,,,,,,,,,,,,,,,,,,,,,,,,,,,,,,,,,,,,,,,,,,,,,,,,,,,,,,,,,,,,
E2,1,2,3,4,5,6,7,8,9,10,11,12,13,14,15,16,17,18,19,20,21,22,23,24,25,26,27,28,29,30,31,32,33,34,35,36,37,38,39,40,41,42,43,44,45,46,47,48,49,50,51,52,53,54,55,56,57,58,59,60,61,62,63,64,65,66,67,68,69,70,71,72,73,74,75,76,77,78,79,80,81,82,83,84,85,86,87,88,89,90,91,92,93,94,95,96
Time [s],0,1799.804,3599.705,5399.641,7199.561,8999.49,10799.409,12599.333,14399.26,16199.194,17999.109,19799.039,21598.958,23398.892,25198.808,26998.725,28798.661,30598.589,32398.489,34198.443,35998.374,37798.286,39598.224,41398.149,43198.081,44997.99,46797.917,48597.842,50397.765,52197.702,53997.621,55797.552,57597.468,59397.391,61197.317,62997.249,64797.163,66597.084,68397.028,70196.935,71996.864,73796.783,75596.71,77396.649,79196.565,80996.494,82796.414,84596.354,86396.27,88196.204,89996.112,91796.061,93595.971,95395.897,97195.829,98995.747,100795.679,102595.601,104395.534,106195.445,107995.377,109795.307,111595.236,113395.157,115195.076,116995.019,118794.937,120594.848,122394.785,124194.722,125994.648,127794.579,129594.494,131394.41,133194.341,134994.266,136794.185,138594.122,140394.047,142193.959,143993.87,145793.805,147593.724,149393.655,151193.569,152993.504,154793.443,156593.376,158393.277,160193.21,161993.13,163793.052,165592.982,167392.906,169192.831,170992.755
Temp. [°C],40.8,29.9,29.9,30,30,30.1,30,30.1,30,29.9,30,30,30,30,30,29.9,30,30,30.1,30.1,29.9,30,30,30,30.1,30.1,30,30.1,30.1,30,30,30,29.9,30.1,30,29.9,29.8,29.8,29.8,29.9,30.1,30.1,30,30.1,29.8,29.9,30,30,30,30.1,30,30,29.8,30,30,30.1,30.1,30,30.1,29.9,30,30.1,30.1,30,30,29.9,29.9,30.1,30,30,29.9,29.9,30,30,29.9,30.1,29.9,29.8,29.9,30,30,30.1,30,30,30.1,30.1,30.2,30.1,29.9,30,29.9,29.9,30.1,29.9,30,30
Mean,0.11558,0.13432,0.1566,0.1544,0.12266,0.12708,0.13288,0.14084,0.15024,0.16222,0.17816,0.19818,0.22408,0.25566,0.29444,0.33908,0.39162,0.45108,0.51698,0.5891,0.66714,0.75154,0.83944,0.92854,1.0112,1.08012,1.13854,1.18754,1.22764,1.25862,1.28452,1.30502,1.3222,1.33916,1.35238,1.36062,1.3682,1.37348,1.3781,1.38166,1.38494,1.38744,1.3913,1.39312,1.3957,1.39846,1.40142,1.40462,1.40778,1.41064,1.41366,1.41606,1.419,1.42164,1.42438,1.42678,1.42938,1.43136,1.43402,1.43568,1.43748,1.43956,1.44168,1.44404,1.44602,1.44784,1.45088,1.4523,1.45396,1.45518,1.4575,1.45946,1.4614,1.46268,1.46438,1.46606,1.46816,1.46954,1.4712,1.47274,1.47392,1.47502,1.47604,1.47764,1.47956,1.48082,1.48214,1.48354,1.4848,1.48638,1.48852,1.48994,1.49074,1.49154,1.4939,1.49428
StDev,0.001559487,0.003194057,0.006489992,0.010309704,0.003179308,0.003888059,0.004737827,0.005799397,0.006500615,0.007686482,0.008872035,0.010687235,0.012560931,0.015110361,0.018592014,0.023976488,0.030741129,0.040208855,0.052711972,0.067302786,0.081574218,0.095422864,0.104504751,0.107502037,0.104657059,0.100951929,0.09651302,0.092245287,0.08817025,0.084258513,0.079813138,0.07709142,0.072624445,0.068186641,0.062726565,0.059664789,0.056197019,0.05266514,0.050701726,0.049087809,0.047723977,0.046728664,0.045691301,0.045377605,0.044568935,0.043578297,0.042824491,0.042568615,0.042046248,0.041553496,0.040754423,0.04060133,0.039876873,0.039973529,0.039768983,0.040659525,0.039765085,0.038753232,0.037840481,0.037443785,0.037119294,0.037253899,0.037227167,0.036997067,0.036326395,0.036235245,0.036053252,0.03520561,0.035921901,0.035069674,0.034683714,0.03514204,0.034052092,0.03446327,0.034176995,0.033726888,0.032760311,0.033639456,0.032772168,0.033258052,0.032633985,0.032479871,0.032551467,0.032055,0.032370558,0.031861058,0.031447146,0.031582084,0.03150246,0.03149519,0.031041215,0.030822119,0.030944919,0.030427422,0.030836423,0.030417873
1;2,0.1156,0.1339,0.1536,0.1487,0.1214,0.1255,0.1306,0.1376,0.146,0.1564,0.1703,0.1876,0.2103,0.2397,0.2762,0.3189,0.3706,0.428,0.4916,0.5622,0.6363,0.7135,0.7961,0.8799,0.9568,1.0254,1.0771,1.1264,1.1633,1.1949,1.223,1.2442,1.2621,1.2805,1.2956,1.3038,1.3138,1.3209,1.328,1.3314,1.3348,1.3381,1.3429,1.3445,1.3489,1.3522,1.3554,1.3577,1.3633,1.3659,1.3703,1.3719,1.3754,1.3774,1.3804,1.381,1.3856,1.388,1.3926,1.3943,1.3955,1.3968,1.3983,1.4008,1.4036,1.4052,1.4093,1.4117,1.4117,1.4132,1.4166,1.4181,1.4206,1.4212,1.4227,1.425,1.4293,1.4281,1.4312,1.4324,1.4338,1.4346,1.4349,1.4374,1.4385,1.4405,1.4429,1.4438,1.445,1.4464,1.4498,1.4513,1.4511,1.4522,1.4546,1.4551
2;1,0.1161,0.1377,0.1636,0.1649,0.1254,0.1306,0.1373,0.1464,0.1565,0.1691,0.1853,0.2061,0.2324,0.265,0.3054,0.3528,0.4091,0.4725,0.5432,0.6216,0.7022,0.7892,0.8782,0.9695,1.046,1.1102,1.1669,1.2135,1.2508,1.2809,1.3048,1.3255,1.3433,1.3598,1.3683,1.3769,1.3858,1.3898,1.3945,1.3985,1.3995,1.4034,1.4069,1.409,1.4124,1.4138,1.4159,1.4204,1.4227,1.4246,1.4286,1.4311,1.4336,1.4357,1.4386,1.4425,1.4446,1.4472,1.4494,1.4509,1.4522,1.4543,1.4552,1.4579,1.4591,1.4612,1.4646,1.4669,1.4678,1.4672,1.4704,1.4725,1.4748,1.4758,1.4771,1.4783,1.4812,1.4821,1.4844,1.4856,1.4867,1.4871,1.4882,1.4893,1.4902,1.4919,1.4943,1.4954,1.4967,1.4977,1.5008,1.5024,1.5025,1.5036,1.5063,1.506
2;2,0.1148,0.1309,0.1518,0.152,0.1192,0.123,0.1281,0.1353,0.1445,0.1562,0.1728,0.1939,0.2232,0.2591,0.3047,0.3593,0.4243,0.4987,0.5835,0.6757,0.7749,0.8777,0.9764,1.0655,1.1442,1.2088,1.2587,1.3013,1.3346,1.3607,1.3801,1.3955,1.4043,1.4147,1.4208,1.4238,1.4257,1.427,1.4281,1.4288,1.4304,1.4311,1.4326,1.434,1.4352,1.4377,1.4393,1.4411,1.444,1.4465,1.4483,1.4503,1.4523,1.4544,1.4577,1.4592,1.4613,1.4621,1.4652,1.4662,1.4669,1.4694,1.4717,1.4738,1.4747,1.4773,1.4796,1.4793,1.4813,1.4831,1.4846,1.4864,1.4871,1.4891,1.4897,1.4911,1.4927,1.4946,1.4955,1.4972,1.4974,1.4986,1.4997,1.5016,1.5036,1.5041,1.5056,1.5064,1.5076,1.5093,1.5105,1.5115,1.5123,1.5128,1.5152,1.5154
2;3,0.1136,0.1316,0.1504,0.1415,0.1207,0.1245,0.1298,0.1371,0.1461,0.1574,0.1724,0.1907,0.214,0.2406,0.2727,0.3077,0.3493,0.3953,0.444,0.4951,0.5539,0.6189,0.6933,0.7771,0.8664,0.9418,1.01,1.0658,1.1147,1.1522,1.1843,1.2085,1.2322,1.2559,1.2786,1.2923,1.3038,1.3146,1.3206,1.3273,1.3338,1.3371,1.3422,1.3448,1.347,1.3516,1.3561,1.3604,1.3624,1.3668,1.3698,1.3733,1.3773,1.3806,1.3834,1.3855,1.388,1.3915,1.3941,1.3966,1.3999,1.4025,1.4057,1.4083,1.4111,1.4132,1.4154,1.4174,1.4196,1.4228,1.4245,1.426,1.4296,1.4308,1.4336,1.4357,1.4371,1.4397,1.4414,1.4424,1.4448,1.4468,1.4485,1.4502,1.4528,1.4542,1.4547,1.4566,1.4581,1.4601,1.4615,1.4633,1.4653,1.4668,1.4681,1.4695
3;2,0.1178,0.1375,0.1636,0.1649,0.1266,0.1318,0.1386,0.1478,0.1581,0.172,0.19,0.2126,0.2405,0.2739,0.3132,0.3567,0.4048,0.4609,0.5226,0.5909,0.6684,0.7584,0.8532,0.9507,1.0426,1.1144,1.18,1.2307,1.2748,1.3044,1.3304,1.3514,1.3691,1.3849,1.3986,1.4063,1.4119,1.4151,1.4193,1.4223,1.4262,1.4275,1.4319,1.4333,1.435,1.437,1.4404,1.4435,1.4465,1.4494,1.4513,1.4537,1.4564,1.4601,1.4618,1.4657,1.4674,1.468,1.4688,1.4704,1.4729,1.4748,1.4775,1.4794,1.4816,1.4823,1.4855,1.4862,1.4894,1.4896,1.4914,1.4943,1.4949,1.4965,1.4988,1.5002,1.5005,1.5032,1.5035,1.5061,1.5069,1.508,1.5089,1.5097,1.5127,1.5134,1.5132,1.5155,1.5166,1.5184,1.52,1.5212,1.5225,1.5223,1.5253,1.5254
,,,,,,,,,,,,,,,,,,,,,,,,,,,,,,,,,,,,,,,,,,,,,,,,,,,,,,,,,,,,,,,,,,,,,,,,,,,,,,,,,,,,,,,,,,,,,,,,
Cycles / Well,,,,,,,,,,,,,,,,,,,,,,,,,,,,,,,,,,,,,,,,,,,,,,,,,,,,,,,,,,,,,,,,,,,,,,,,,,,,,,,,,,,,,,,,,,,,,,,,
E3,1,2,3,4,5,6,7,8,9,10,11,12,13,14,15,16,17,18,19,20,21,22,23,24,25,26,27,28,29,30,31,32,33,34,35,36,37,38,39,40,41,42,43,44,45,46,47,48,49,50,51,52,53,54,55,56,57,58,59,60,61,62,63,64,65,66,67,68,69,70,71,72,73,74,75,76,77,78,79,80,81,82,83,84,85,86,87,88,89,90,91,92,93,94,95,96
Time [s],0,1799.804,3599.705,5399.641,7199.561,8999.49,10799.409,12599.333,14399.26,16199.194,17999.109,19799.039,21598.958,23398.892,25198.808,26998.725,28798.661,30598.589,32398.489,34198.443,35998.374,37798.286,39598.224,41398.149,43198.081,44997.99,46797.917,48597.842,50397.765,52197.702,53997.621,55797.552,57597.468,59397.391,61197.317,62997.249,64797.163,66597.084,68397.028,70196.935,71996.864,73796.783,75596.71,77396.649,79196.565,80996.494,82796.414,84596.354,86396.27,88196.204,89996.112,91796.061,93595.971,95395.897,97195.829,98995.747,100795.679,102595.601,104395.534,106195.445,107995.377,109795.307,111595.236,113395.157,115195.076,116995.019,118794.937,120594.848,122394.785,124194.722,125994.648,127794.579,129594.494,131394.41,133194.341,134994.266,136794.185,138594.122,140394.047,142193.959,143993.87,145793.805,147593.724,149393.655,151193.569,152993.504,154793.443,156593.376,158393.277,160193.21,161993.13,163793.052,165592.982,167392.906,169192.831,170992.755
Temp. [°C],40.8,29.9,29.9,30,30,30.1,30,30.1,30,29.9,30,30,30,30,30,29.9,30,30,30.1,30.1,29.9,30,30,30,30.1,30.1,30,30.1,30.1,30,30,30,29.9,30.1,30,29.9,29.8,29.8,29.8,29.9,30.1,30.1,30,30.1,29.8,29.9,30,30,30,30.1,30,30,29.8,30,30,30.1,30.1,30,30.1,29.9,30,30.1,30.1,30,30,29.9,29.9,30.1,30,30,29.9,29.9,30,30,29.9,30.1,29.9,29.8,29.9,30,30,30.1,30,30,30.1,30.1,30.2,30.1,29.9,30,29.9,29.9,30.1,29.9,30,30
Mean,0.11412,0.12988,0.1512,0.14546,0.12118,0.12506,0.13028,0.13712,0.14502,0.15496,0.16836,0.18544,0.20846,0.23704,0.2731,0.31634,0.36708,0.42516,0.4913,0.56692,0.64674,0.73484,0.82734,0.92018,1.0072,1.08498,1.15054,1.2055,1.24818,1.28382,1.31122,1.33412,1.35266,1.36634,1.37592,1.38318,1.38956,1.39262,1.3947,1.39712,1.39818,1.40024,1.40204,1.40354,1.40642,1.40754,1.41006,1.41186,1.41506,1.41716,1.4205,1.42228,1.4253,1.42724,1.42934,1.43182,1.43398,1.43644,1.43856,1.4406,1.44192,1.44424,1.44584,1.44744,1.44862,1.4513,1.45386,1.4555,1.45652,1.4576,1.45944,1.46156,1.46242,1.46402,1.46562,1.46704,1.46942,1.47006,1.47162,1.47314,1.4745,1.47532,1.47594,1.47788,1.4787,1.48016,1.48184,1.48296,1.48434,1.4857,1.4875,1.48854,1.48932,1.4902,1.4925,1.4928
StDev,0.002813716,0.004569136,0.007817608,0.013308381,0.005638883,0.006731493,0.008217786,0.010288197,0.012173414,0.015172442,0.019052769,0.024278344,0.032621051,0.041230971,0.051756207,0.062742274,0.07384634,0.084873689,0.096241441,0.108675834,0.119785529,0.130569399,0.138839757,0.142421687,0.142022322,0.139751841,0.13713272,0.133755243,0.130917825,0.128440656,0.126489948,0.123061598,0.118373743,0.115044157,0.112091333,0.107860498,0.103137302,0.101479688,0.09863729,0.097019854,0.096185612,0.09454683,0.093010768,0.092349543,0.090554746,0.090263326,0.089050031,0.088268301,0.087439139,0.086637884,0.086156398,0.085555988,0.084249243,0.083641425,0.083352642,0.082692726,0.081398753,0.08104661,0.080559314,0.0797471,0.079295315,0.078868676,0.078368157,0.078017774,0.077272324,0.07680778,0.076244167,0.075561531,0.075661298,0.075400663,0.074698748,0.074512368,0.073957975,0.07366191,0.073238562,0.072936637,0.072115546,0.072473809,0.071482739,0.071699672,0.071236613,0.071209669,0.07096924,0.070094165,0.070397905,0.070142056,0.069375486,0.069035484,0.06881401,0.068845588,0.068150569,0.068500314,0.068196642,0.067782188,0.067587462,0.067442383
1;2,0.1128,0.128,0.1469,0.1395,0.1173,0.1201,0.1241,0.1288,0.1349,0.1418,0.1512,0.1631,0.1781,0.1978,0.2234,0.2563,0.2971,0.3458,0.4024,0.4692,0.5423,0.6231,0.71,0.7965,0.8809,0.9589,1.0243,1.0834,1.1271,1.1651,1.1949,1.2192,1.2417,1.257,1.2706,1.2809,1.2906,1.2958,1.3013,1.3039,1.3059,1.3097,1.3128,1.3144,1.318,1.3199,1.3229,1.3258,1.33,1.3325,1.3354,1.3382,1.3423,1.3451,1.3472,1.3493,1.353,1.3555,1.3581,1.3609,1.3626,1.3645,1.3672,1.3688,1.3718,1.3745,1.3775,1.3798,1.3799,1.3816,1.384,1.3868,1.3873,1.3893,1.3911,1.3926,1.3968,1.3964,1.3988,1.4003,1.402,1.403,1.4039,1.4069,1.4073,1.409,1.4107,1.4124,1.4139,1.4149,1.4186,1.4183,1.4187,1.4204,1.4233,1.4228
2;1,0.1165,0.1336,0.1584,0.1594,0.1245,0.1289,0.1351,0.1428,0.151,0.1605,0.1737,0.1893,0.2098,0.2351,0.2668,0.3048,0.3474,0.395,0.4493,0.5106,0.5733,0.6455,0.7202,0.8011,0.8774,0.9511,1.0149,1.0695,1.1138,1.1502,1.1774,1.2055,1.2288,1.2469,1.2584,1.2716,1.285,1.2902,1.2951,1.3017,1.3032,1.308,1.3122,1.3154,1.3218,1.3232,1.3274,1.3295,1.3341,1.3372,1.3421,1.3444,1.3488,1.3515,1.3543,1.3587,1.362,1.3654,1.3676,1.3707,1.3729,1.3762,1.3776,1.3798,1.3808,1.3845,1.3879,1.39,1.3919,1.3928,1.3959,1.3983,1.3994,1.4013,1.4038,1.4059,1.408,1.4089,1.412,1.4128,1.4155,1.4158,1.4165,1.4193,1.4194,1.4215,1.4248,1.4259,1.4274,1.429,1.4304,1.4329,1.4334,1.4347,1.4368,1.438
2;2,0.114,0.1294,0.1506,0.1461,0.1188,0.1221,0.1263,0.1322,0.1394,0.1482,0.1605,0.1764,0.1973,0.2256,0.2613,0.3057,0.3597,0.4221,0.4949,0.5791,0.669,0.7681,0.869,0.9686,1.0557,1.1348,1.2003,1.2539,1.2956,1.3308,1.3561,1.3769,1.3944,1.405,1.4125,1.4179,1.4216,1.4219,1.4219,1.4227,1.423,1.4241,1.4245,1.4252,1.4277,1.4276,1.43,1.4317,1.4341,1.4356,1.4395,1.4402,1.4431,1.4444,1.4463,1.4486,1.4499,1.4528,1.4553,1.4571,1.4574,1.4605,1.4616,1.4633,1.4637,1.4668,1.4697,1.4715,1.4721,1.4732,1.4748,1.4744,1.4766,1.4788,1.4798,1.4814,1.484,1.4841,1.4848,1.4871,1.4876,1.4885,1.4887,1.4903,1.4916,1.4929,1.4949,1.4957,1.4976,1.4995,1.5012,1.5017,1.5027,1.5026,1.5054,1.5059
2;3,0.1102,0.1235,0.1408,0.1263,0.1159,0.1192,0.1235,0.1293,0.1362,0.1453,0.1573,0.1729,0.1939,0.2201,0.2533,0.2922,0.3389,0.3941,0.4568,0.5276,0.6052,0.6912,0.7895,0.894,1.0015,1.0907,1.1674,1.2272,1.2749,1.3132,1.345,1.368,1.3859,1.4016,1.4113,1.4163,1.4201,1.4227,1.4238,1.4243,1.4262,1.4256,1.4265,1.4274,1.4282,1.4294,1.4318,1.4335,1.4355,1.4381,1.4403,1.4421,1.4447,1.4461,1.448,1.4499,1.4519,1.4532,1.4554,1.4568,1.4582,1.4601,1.462,1.4635,1.4646,1.4664,1.468,1.4695,1.4708,1.4718,1.4727,1.4761,1.4776,1.4782,1.4797,1.4805,1.4822,1.4838,1.4849,1.4863,1.4869,1.4883,1.4894,1.4908,1.4923,1.4931,1.4939,1.4953,1.4964,1.4974,1.4985,1.499,1.5017,1.5025,1.5041,1.5046
3;2,0.1171,0.1349,0.1593,0.156,0.1294,0.135,0.1424,0.1525,0.1636,0.179,0.1991,0.2255,0.2632,0.3066,0.3607,0.4227,0.4923,0.5688,0.6531,0.7481,0.8439,0.9463,1.048,1.1407,1.2205,1.2894,1.3458,1.3935,1.4295,1.4598,1.4827,1.501,1.5125,1.5212,1.5268,1.5292,1.5305,1.5325,1.5314,1.533,1.5326,1.5338,1.5342,1.5353,1.5364,1.5376,1.5382,1.5388,1.5416,1.5424,1.5452,1.5465,1.5476,1.5491,1.5509,1.5526,1.5531,1.5553,1.5564,1.5575,1.5585,1.5599,1.5608,1.5618,1.5622,1.5643,1.5662,1.5667,1.5679,1.5686,1.5698,1.5722,1.5712,1.5725,1.5737,1.5748,1.5761,1.5771,1.5776,1.5792,1.5805,1.581,1.5812,1.5821,1.5829,1.5843,1.5849,1.5855,1.5864,1.5877,1.5888,1.5908,1.5901,1.5908,1.5929,1.5927
,,,,,,,,,,,,,,,,,,,,,,,,,,,,,,,,,,,,,,,,,,,,,,,,,,,,,,,,,,,,,,,,,,,,,,,,,,,,,,,,,,,,,,,,,,,,,,,,
Cycles / Well,,,,,,,,,,,,,,,,,,,,,,,,,,,,,,,,,,,,,,,,,,,,,,,,,,,,,,,,,,,,,,,,,,,,,,,,,,,,,,,,,,,,,,,,,,,,,,,,
E4,1,2,3,4,5,6,7,8,9,10,11,12,13,14,15,16,17,18,19,20,21,22,23,24,25,26,27,28,29,30,31,32,33,34,35,36,37,38,39,40,41,42,43,44,45,46,47,48,49,50,51,52,53,54,55,56,57,58,59,60,61,62,63,64,65,66,67,68,69,70,71,72,73,74,75,76,77,78,79,80,81,82,83,84,85,86,87,88,89,90,91,92,93,94,95,96
Time [s],0,1799.804,3599.705,5399.641,7199.561,8999.49,10799.409,12599.333,14399.26,16199.194,17999.109,19799.039,21598.958,23398.892,25198.808,26998.725,28798.661,30598.589,32398.489,34198.443,35998.374,37798.286,39598.224,41398.149,43198.081,44997.99,46797.917,48597.842,50397.765,52197.702,53997.621,55797.552,57597.468,59397.391,61197.317,62997.249,64797.163,66597.084,68397.028,70196.935,71996.864,73796.783,75596.71,77396.649,79196.565,80996.494,82796.414,84596.354,86396.27,88196.204,89996.112,91796.061,93595.971,95395.897,97195.829,98995.747,100795.679,102595.601,104395.534,106195.445,107995.377,109795.307,111595.236,113395.157,115195.076,116995.019,118794.937,120594.848,122394.785,124194.722,125994.648,127794.579,129594.494,131394.41,133194.341,134994.266,136794.185,138594.122,140394.047,142193.959,143993.87,145793.805,147593.724,149393.655,151193.569,152993.504,154793.443,156593.376,158393.277,160193.21,161993.13,163793.052,165592.982,167392.906,169192.831,170992.755
Temp. [°C],40.8,29.9,29.9,30,30,30.1,30,30.1,30,29.9,30,30,30,30,30,29.9,30,30,30.1,30.1,29.9,30,30,30,30.1,30.1,30,30.1,30.1,30,30,30,29.9,30.1,30,29.9,29.8,29.8,29.8,29.9,30.1,30.1,30,30.1,29.8,29.9,30,30,30,30.1,30,30,29.8,30,30,30.1,30.1,30,30.1,29.9,30,30.1,30.1,30,30,29.9,29.9,30.1,30,30,29.9,29.9,30,30,29.9,30.1,29.9,29.8,29.9,30,30,30.1,30,30,30.1,30.1,30.2,30.1,29.9,30,29.9,29.9,30.1,29.9,30,30
Mean,0.1209,0.13556,0.15432,0.12774,0.13238,0.13866,0.14702,0.15836,0.17152,0.1892,0.21232,0.24204,0.27948,0.32622,0.3813,0.44682,0.52122,0.6043,0.69628,0.79642,0.8972,0.99572,1.08266,1.15536,1.21306,1.25728,1.29314,1.32074,1.3425,1.35804,1.36848,1.3772,1.38396,1.38868,1.3918,1.39382,1.39504,1.39578,1.39682,1.39714,1.3978,1.3986,1.3998,1.4008,1.40226,1.40384,1.40592,1.40702,1.40906,1.4106,1.41226,1.4138,1.41582,1.41692,1.41852,1.42024,1.42148,1.42316,1.42518,1.42666,1.42798,1.4297,1.4306,1.43184,1.43302,1.43518,1.43724,1.43824,1.43974,1.4408,1.442,1.44328,1.44532,1.44582,1.44742,1.448,1.44982,1.4513,1.45236,1.45324,1.45488,1.456,1.45674,1.45836,1.45926,1.46048,1.46182,1.46234,1.464,1.46526,1.46626,1.46794,1.46862,1.46948,1.47144,1.47158
StDev,0.005246427,0.006514062,0.009627149,0.00777901,0.009147513,0.010727908,0.012693187,0.015471684,0.018115104,0.021967931,0.026821484,0.031350965,0.036758904,0.042882945,0.047760025,0.05306823,0.056201575,0.058608574,0.060995057,0.062630081,0.0635759,0.06240919,0.059776944,0.056762866,0.053405973,0.0508672,0.049559136,0.047808922,0.047091135,0.045986661,0.04465117,0.043368133,0.041921033,0.041710095,0.041265058,0.041012949,0.04007478,0.040395136,0.040109251,0.040219746,0.040128357,0.040755368,0.040064011,0.040386322,0.040316969,0.040173536,0.04016064,0.039794497,0.039692669,0.039858061,0.03974705,0.039600063,0.039345673,0.039303079,0.03918612,0.039191619,0.038752381,0.039080596,0.039138178,0.038705723,0.03834367,0.038445351,0.038461344,0.038470222,0.038217169,0.03822286,0.038277121,0.038356525,0.038326727,0.038540239,0.038350815,0.037787988,0.03766805,0.037776143,0.037628407,0.037402607,0.03736137,0.037235668,0.037107452,0.037147113,0.036678359,0.036963496,0.037051626,0.036593346,0.036738713,0.03648845,0.036402157,0.0360663,0.036278919,0.036114582,0.036033915,0.036186227,0.03597898,0.035809035,0.035679027,0.035827741
1;2,0.1171,0.1304,0.1467,0.1211,0.1242,0.1287,0.1352,0.1439,0.1546,0.1689,0.1882,0.2142,0.2476,0.2897,0.3426,0.4064,0.4817,0.5671,0.6628,0.7665,0.8718,0.9726,1.0599,1.1354,1.1936,1.2389,1.274,1.3019,1.3238,1.339,1.3495,1.3578,1.3647,1.3695,1.3726,1.3746,1.3759,1.3762,1.3779,1.3785,1.3783,1.3788,1.381,1.3817,1.3825,1.3846,1.3861,1.3882,1.3902,1.3917,1.3928,1.3945,1.3972,1.3979,1.4004,1.4008,1.4027,1.4035,1.4069,1.408,1.4094,1.4111,1.4123,1.4133,1.4144,1.4167,1.4185,1.4196,1.421,1.4221,1.4232,1.4248,1.4275,1.4271,1.4294,1.4299,1.4323,1.4339,1.435,1.4343,1.4373,1.4379,1.4383,1.441,1.4409,1.4424,1.444,1.4446,1.4466,1.4477,1.4491,1.4513,1.4513,1.4529,1.4543,1.4535
2;1,0.1252,0.1402,0.1607,0.1329,0.1381,0.1451,0.1547,0.1664,0.1791,0.1957,0.2178,0.2457,0.2806,0.3244,0.3763,0.4375,0.5059,0.581,0.6665,0.7611,0.8553,0.9508,1.0362,1.1091,1.168,1.2113,1.2482,1.2761,1.2986,1.3139,1.3251,1.3358,1.342,1.3472,1.3516,1.3538,1.3569,1.3565,1.358,1.3577,1.3582,1.3592,1.3612,1.3618,1.3636,1.3646,1.367,1.3683,1.37,1.3715,1.3739,1.3758,1.3776,1.3791,1.3797,1.3823,1.3836,1.3853,1.386,1.3885,1.3905,1.3921,1.3922,1.3933,1.3952,1.3974,1.3995,1.4002,1.4015,1.4019,1.4036,1.4046,1.4075,1.4083,1.4095,1.41,1.4123,1.4133,1.4144,1.4163,1.4176,1.4187,1.4193,1.4209,1.4222,1.4239,1.4255,1.4256,1.427,1.4286,1.4291,1.4309,1.4319,1.433,1.4354,1.4353
2;2,0.1194,0.1335,0.1517,0.1242,0.1281,0.1335,0.1407,0.151,0.1637,0.1805,0.203,0.2328,0.2704,0.3197,0.3778,0.4479,0.5287,0.6195,0.7188,0.8257,0.9328,1.0347,1.1209,1.1932,1.2504,1.2929,1.3268,1.3528,1.3739,1.3885,1.3986,1.4051,1.4116,1.4155,1.4181,1.4194,1.4198,1.4202,1.4206,1.4211,1.4221,1.422,1.4231,1.4237,1.4252,1.4276,1.4287,1.4294,1.4314,1.4334,1.434,1.4352,1.4375,1.4377,1.4401,1.4412,1.4422,1.4436,1.4462,1.4478,1.4479,1.4498,1.4506,1.4519,1.4522,1.4549,1.4575,1.4579,1.459,1.4605,1.4612,1.4636,1.4641,1.4644,1.4664,1.4666,1.4691,1.4706,1.4709,1.4732,1.4733,1.4746,1.4757,1.4767,1.478,1.4791,1.4803,1.4801,1.4822,1.4833,1.4847,1.4854,1.4868,1.4868,1.4886,1.4895
2;3,0.1153,0.1293,0.1449,0.1217,0.1259,0.1317,0.139,0.1489,0.1606,0.1765,0.1964,0.2234,0.2575,0.2988,0.348,0.4065,0.4754,0.5543,0.6407,0.7368,0.8356,0.9358,1.0286,1.1043,1.1665,1.2159,1.2543,1.2851,1.3075,1.326,1.3382,1.3483,1.3585,1.3633,1.366,1.3686,1.3697,1.3717,1.3724,1.3729,1.3746,1.3746,1.3753,1.3766,1.3784,1.3801,1.3828,1.3836,1.3863,1.3874,1.3894,1.3908,1.3928,1.3943,1.3961,1.3983,1.3998,1.4018,1.4037,1.4051,1.4068,1.4084,1.41,1.4116,1.4129,1.4146,1.4165,1.4179,1.42,1.4212,1.4225,1.4244,1.4257,1.4266,1.4281,1.4295,1.4299,1.4321,1.4337,1.4341,1.4365,1.4375,1.4384,1.4402,1.4411,1.442,1.443,1.445,1.446,1.4474,1.4486,1.4498,1.4508,1.4514,1.4537,1.4544
3;2,0.1275,0.1444,0.1676,0.1388,0.1456,0.1543,0.1655,0.1816,0.1996,0.2244,0.2562,0.2941,0.3413,0.3985,0.4618,0.5358,0.6144,0.6996,0.7926,0.892,0.9905,1.0847,1.1677,1.2348,1.2868,1.3274,1.3624,1.3878,1.4087,1.4228,1.431,1.439,1.443,1.4479,1.4507,1.4527,1.4529,1.4543,1.4552,1.4555,1.4558,1.4584,1.4584,1.4602,1.4616,1.4623,1.465,1.4656,1.4674,1.469,1.4712,1.4727,1.474,1.4756,1.4763,1.4786,1.4791,1.4816,1.4831,1.4839,1.4853,1.4871,1.4879,1.4891,1.4904,1.4923,1.4942,1.4956,1.4972,1.4983,1.4995,1.499,1.5018,1.5027,1.5037,1.504,1.5055,1.5066,1.5078,1.5083,1.5097,1.5113,1.512,1.513,1.5141,1.515,1.5163,1.5164,1.5182,1.5193,1.5198,1.5223,1.5223,1.5233,1.5252,1.5252
,,,,,,,,,,,,,,,,,,,,,,,,,,,,,,,,,,,,,,,,,,,,,,,,,,,,,,,,,,,,,,,,,,,,,,,,,,,,,,,,,,,,,,,,,,,,,,,,
Cycles / Well,,,,,,,,,,,,,,,,,,,,,,,,,,,,,,,,,,,,,,,,,,,,,,,,,,,,,,,,,,,,,,,,,,,,,,,,,,,,,,,,,,,,,,,,,,,,,,,,
E5,1,2,3,4,5,6,7,8,9,10,11,12,13,14,15,16,17,18,19,20,21,22,23,24,25,26,27,28,29,30,31,32,33,34,35,36,37,38,39,40,41,42,43,44,45,46,47,48,49,50,51,52,53,54,55,56,57,58,59,60,61,62,63,64,65,66,67,68,69,70,71,72,73,74,75,76,77,78,79,80,81,82,83,84,85,86,87,88,89,90,91,92,93,94,95,96
Time [s],0,1799.804,3599.705,5399.641,7199.561,8999.49,10799.409,12599.333,14399.26,16199.194,17999.109,19799.039,21598.958,23398.892,25198.808,26998.725,28798.661,30598.589,32398.489,34198.443,35998.374,37798.286,39598.224,41398.149,43198.081,44997.99,46797.917,48597.842,50397.765,52197.702,53997.621,55797.552,57597.468,59397.391,61197.317,62997.249,64797.163,66597.084,68397.028,70196.935,71996.864,73796.783,75596.71,77396.649,79196.565,80996.494,82796.414,84596.354,86396.27,88196.204,89996.112,91796.061,93595.971,95395.897,97195.829,98995.747,100795.679,102595.601,104395.534,106195.445,107995.377,109795.307,111595.236,113395.157,115195.076,116995.019,118794.937,120594.848,122394.785,124194.722,125994.648,127794.579,129594.494,131394.41,133194.341,134994.266,136794.185,138594.122,140394.047,142193.959,143993.87,145793.805,147593.724,149393.655,151193.569,152993.504,154793.443,156593.376,158393.277,160193.21,161993.13,163793.052,165592.982,167392.906,169192.831,170992.755
Temp. [°C],40.8,29.9,29.9,30,30,30.1,30,30.1,30,29.9,30,30,30,30,30,29.9,30,30,30.1,30.1,29.9,30,30,30,30.1,30.1,30,30.1,30.1,30,30,30,29.9,30.1,30,29.9,29.8,29.8,29.8,29.9,30.1,30.1,30,30.1,29.8,29.9,30,30,30,30.1,30,30,29.8,30,30,30.1,30.1,30,30.1,29.9,30,30.1,30.1,30,30,29.9,29.9,30.1,30,30,29.9,29.9,30,30,29.9,30.1,29.9,29.8,29.9,30,30,30.1,30,30,30.1,30.1,30.2,30.1,29.9,30,29.9,29.9,30.1,29.9,30,30
Mean,0.11342,0.12498,0.14006,0.11836,0.12186,0.12646,0.13228,0.14014,0.14892,0.16046,0.17608,0.19608,0.22296,0.2547,0.29474,0.34216,0.39768,0.46118,0.53362,0.61408,0.70072,0.79334,0.88982,0.98212,1.0671,1.13456,1.19154,1.23754,1.27288,1.29998,1.32196,1.33744,1.34954,1.35964,1.3668,1.37112,1.37428,1.37628,1.37694,1.37712,1.37848,1.37838,1.37914,1.37974,1.38058,1.38192,1.38334,1.3853,1.38722,1.38922,1.39066,1.3928,1.39466,1.39708,1.39964,1.4016,1.40318,1.40398,1.40544,1.40738,1.40912,1.41072,1.4124,1.41414,1.41528,1.41684,1.4188,1.42008,1.42174,1.42324,1.42458,1.42658,1.42832,1.42962,1.43102,1.432,1.43288,1.43556,1.43586,1.43754,1.43896,1.43996,1.44102,1.44256,1.44416,1.44554,1.44616,1.44808,1.4495,1.4506,1.4517,1.45298,1.454,1.45504,1.45726,1.4571
StDev,0.00225322,0.003279787,0.005240038,0.00386303,0.004926764,0.006095326,0.007832433,0.010322936,0.012951718,0.016527492,0.021601551,0.027801655,0.035862696,0.044001875,0.053830781,0.065012022,0.077341076,0.090294612,0.104411934,0.120292028,0.135032281,0.149693797,0.161503984,0.168343539,0.168226915,0.164127475,0.158363926,0.153203763,0.148777542,0.145180877,0.140855823,0.138322316,0.135170459,0.132063083,0.128930757,0.125420341,0.12414591,0.122287763,0.121140922,0.120682754,0.119661489,0.119700071,0.119499259,0.119672524,0.118896644,0.118590059,0.118480644,0.117933519,0.116488334,0.11612365,0.1160715,0.115632284,0.114917919,0.114269646,0.11390032,0.113659469,0.113603486,0.113092648,0.112259846,0.111790483,0.111694973,0.110905419,0.110566428,0.110015603,0.109582786,0.109122101,0.10870345,0.108605097,0.107872925,0.106852108,0.106892876,0.105606662,0.106027765,0.105624296,0.105201459,0.104615893,0.104073397,0.104048465,0.104171436,0.103634709,0.103043234,0.102874404,0.102360378,0.102228264,0.101230322,0.101183635,0.100890946,0.100391768,0.099913913,0.099663559,0.098918072,0.098805096,0.098101784,0.098161337,0.098142768,0.097232685
1;2,0.1123,0.1237,0.1372,0.1158,0.1185,0.1222,0.1271,0.1335,0.1412,0.1512,0.1652,0.1836,0.2087,0.2405,0.2815,0.3322,0.3925,0.4629,0.5432,0.6336,0.7298,0.835,0.9388,1.0353,1.1197,1.1838,1.2378,1.2802,1.3137,1.3399,1.3594,1.3717,1.3823,1.3907,1.3965,1.3991,1.4018,1.4022,1.4015,1.4012,1.4025,1.4015,1.402,1.4033,1.4026,1.4048,1.4052,1.4074,1.4092,1.4098,1.4121,1.4144,1.4159,1.4182,1.4213,1.4224,1.4245,1.4233,1.4254,1.4268,1.4288,1.4297,1.4306,1.4328,1.4334,1.4356,1.4375,1.438,1.4389,1.4405,1.4415,1.444,1.4459,1.4466,1.447,1.4479,1.4492,1.4518,1.4506,1.4533,1.4539,1.4544,1.4557,1.4576,1.4584,1.4592,1.4596,1.4612,1.4636,1.4636,1.465,1.4658,1.4662,1.468,1.4691,1.4688
2;1,0.1146,0.1259,0.1418,0.1216,0.1264,0.1319,0.1402,0.1512,0.1637,0.18,0.2028,0.2304,0.2646,0.3037,0.3502,0.4043,0.4656,0.5341,0.6092,0.694,0.7777,0.868,0.9631,1.0597,1.1467,1.2171,1.2743,1.3203,1.3544,1.3802,1.4006,1.4168,1.4279,1.4359,1.4415,1.4447,1.4497,1.4498,1.451,1.452,1.4517,1.4535,1.4538,1.4545,1.4562,1.4567,1.4583,1.4587,1.4592,1.4621,1.4631,1.4648,1.4671,1.4682,1.4702,1.4723,1.4736,1.476,1.4765,1.4792,1.4799,1.4813,1.4828,1.4839,1.4855,1.4869,1.4886,1.4904,1.492,1.4924,1.4943,1.4944,1.4958,1.4987,1.4997,1.5004,1.5006,1.5026,1.5047,1.5046,1.5061,1.5073,1.5079,1.5093,1.5091,1.512,1.5131,1.5145,1.5146,1.5164,1.5165,1.5186,1.5186,1.5196,1.5223,1.5223
2;2,0.1147,0.1251,0.1394,0.1178,0.1207,0.1248,0.1298,0.1369,0.145,0.156,0.171,0.1912,0.2184,0.254,0.2991,0.3531,0.4169,0.4911,0.5759,0.6686,0.7696,0.8741,0.9794,1.0738,1.1579,1.2209,1.2741,1.316,1.3486,1.373,1.392,1.4053,1.415,1.423,1.4281,1.4297,1.4297,1.4311,1.4309,1.4307,1.4315,1.4298,1.4313,1.432,1.4318,1.4335,1.434,1.4362,1.4382,1.4398,1.4408,1.4421,1.4435,1.4462,1.4488,1.4511,1.4524,1.4524,1.4532,1.4547,1.4568,1.4579,1.4593,1.461,1.4622,1.4628,1.4645,1.4658,1.4666,1.4683,1.4687,1.4701,1.4731,1.474,1.475,1.476,1.4774,1.4801,1.479,1.4817,1.483,1.4838,1.4847,1.4863,1.4877,1.4878,1.4883,1.4906,1.4923,1.4927,1.4937,1.4951,1.4962,1.4972,1.499,1.4981
2;3,0.11,0.1206,0.134,0.1137,0.1162,0.1197,0.1235,0.1284,0.1337,0.1404,0.1489,0.1594,0.1733,0.1899,0.2113,0.237,0.2685,0.3066,0.3518,0.4024,0.4614,0.5269,0.6021,0.682,0.7672,0.8421,0.9095,0.9649,1.0082,1.0417,1.0715,1.0918,1.1096,1.1253,1.1381,1.1488,1.1544,1.1598,1.1627,1.1638,1.1669,1.167,1.1681,1.1683,1.1708,1.1725,1.1743,1.1771,1.1815,1.1844,1.1858,1.1887,1.1919,1.1954,1.1985,1.201,1.2026,1.2047,1.2075,1.2104,1.2122,1.2153,1.2177,1.2203,1.2223,1.2246,1.2273,1.2289,1.232,1.2352,1.2366,1.2407,1.2416,1.2438,1.2461,1.2481,1.2498,1.2525,1.253,1.2553,1.2579,1.2593,1.2612,1.2629,1.2663,1.268,1.2692,1.272,1.274,1.2758,1.2781,1.2797,1.282,1.2828,1.2853,1.2868
3;2,0.1155,0.1296,0.1479,0.1229,0.1275,0.1337,0.1408,0.1507,0.161,0.1747,0.1925,0.2158,0.2498,0.2854,0.3316,0.3842,0.4449,0.5112,0.588,0.6718,0.7651,0.8627,0.9657,1.0598,1.144,1.2089,1.262,1.3063,1.3395,1.3651,1.3863,1.4016,1.4129,1.4233,1.4298,1.4333,1.4358,1.4385,1.4386,1.4379,1.4398,1.4401,1.4405,1.4406,1.4415,1.4421,1.4449,1.4471,1.448,1.45,1.4515,1.454,1.4549,1.4574,1.4594,1.4612,1.4628,1.4635,1.4646,1.4658,1.4679,1.4694,1.4716,1.4727,1.473,1.4743,1.4761,1.4773,1.4792,1.4798,1.4818,1.4837,1.4852,1.485,1.4873,1.4876,1.4874,1.4908,1.492,1.4928,1.4939,1.495,1.4956,1.4967,1.4993,1.5007,1.5006,1.5021,1.503,1.5045,1.5052,1.5057,1.507,1.5076,1.5106,1.5095
,,,,,,,,,,,,,,,,,,,,,,,,,,,,,,,,,,,,,,,,,,,,,,,,,,,,,,,,,,,,,,,,,,,,,,,,,,,,,,,,,,,,,,,,,,,,,,,,
Cycles / Well,,,,,,,,,,,,,,,,,,,,,,,,,,,,,,,,,,,,,,,,,,,,,,,,,,,,,,,,,,,,,,,,,,,,,,,,,,,,,,,,,,,,,,,,,,,,,,,,
E6,1,2,3,4,5,6,7,8,9,10,11,12,13,14,15,16,17,18,19,20,21,22,23,24,25,26,27,28,29,30,31,32,33,34,35,36,37,38,39,40,41,42,43,44,45,46,47,48,49,50,51,52,53,54,55,56,57,58,59,60,61,62,63,64,65,66,67,68,69,70,71,72,73,74,75,76,77,78,79,80,81,82,83,84,85,86,87,88,89,90,91,92,93,94,95,96
Time [s],0,1799.804,3599.705,5399.641,7199.561,8999.49,10799.409,12599.333,14399.26,16199.194,17999.109,19799.039,21598.958,23398.892,25198.808,26998.725,28798.661,30598.589,32398.489,34198.443,35998.374,37798.286,39598.224,41398.149,43198.081,44997.99,46797.917,48597.842,50397.765,52197.702,53997.621,55797.552,57597.468,59397.391,61197.317,62997.249,64797.163,66597.084,68397.028,70196.935,71996.864,73796.783,75596.71,77396.649,79196.565,80996.494,82796.414,84596.354,86396.27,88196.204,89996.112,91796.061,93595.971,95395.897,97195.829,98995.747,100795.679,102595.601,104395.534,106195.445,107995.377,109795.307,111595.236,113395.157,115195.076,116995.019,118794.937,120594.848,122394.785,124194.722,125994.648,127794.579,129594.494,131394.41,133194.341,134994.266,136794.185,138594.122,140394.047,142193.959,143993.87,145793.805,147593.724,149393.655,151193.569,152993.504,154793.443,156593.376,158393.277,160193.21,161993.13,163793.052,165592.982,167392.906,169192.831,170992.755
Temp. [°C],40.8,29.9,29.9,30,30,30.1,30,30.1,30,29.9,30,30,30,30,30,29.9,30,30,30.1,30.1,29.9,30,30,30,30.1,30.1,30,30.1,30.1,30,30,30,29.9,30.1,30,29.9,29.8,29.8,29.8,29.9,30.1,30.1,30,30.1,29.8,29.9,30,30,30,30.1,30,30,29.8,30,30,30.1,30.1,30,30.1,29.9,30,30.1,30.1,30,30,29.9,29.9,30.1,30,30,29.9,29.9,30,30,29.9,30.1,29.9,29.8,29.9,30,30,30.1,30,30,30.1,30.1,30.2,30.1,29.9,30,29.9,29.9,30.1,29.9,30,30
Mean,0.11738,0.12968,0.1423,0.12344,0.12754,0.13306,0.1404,0.15,0.16116,0.1753,0.19392,0.21794,0.24936,0.28806,0.3349,0.39156,0.45646,0.52994,0.61238,0.70334,0.80228,0.90432,1.00646,1.0969,1.17596,1.23906,1.29226,1.33514,1.3699,1.39658,1.41722,1.43226,1.44402,1.45212,1.45696,1.46048,1.46278,1.4646,1.46588,1.46634,1.46788,1.46862,1.47008,1.47106,1.47204,1.47464,1.4762,1.47798,1.4801,1.48166,1.48384,1.48568,1.48772,1.48976,1.49192,1.49388,1.495,1.49646,1.49758,1.49968,1.50078,1.50278,1.50404,1.50552,1.50728,1.50848,1.50986,1.51124,1.51232,1.51326,1.5147,1.5164,1.51788,1.51862,1.52036,1.52092,1.522,1.52372,1.5244,1.52554,1.52716,1.52764,1.52882,1.52984,1.5313,1.53238,1.53338,1.5344,1.53554,1.5369,1.53786,1.53886,1.54028,1.54082,1.54278,1.54282
StDev,0.003547112,0.005948697,0.007562738,0.006605528,0.007869117,0.00936392,0.011610986,0.01455146,0.017762967,0.021865955,0.027519393,0.034845416,0.044340535,0.054137168,0.064792322,0.076078137,0.087301449,0.099385653,0.111822368,0.124233743,0.131353805,0.132429366,0.126915496,0.117625252,0.108992491,0.100202959,0.093122731,0.088337268,0.084331459,0.080402904,0.077595921,0.075581797,0.07228715,0.070087531,0.067645015,0.066267428,0.065643865,0.064835985,0.064048083,0.063940699,0.063571354,0.063133882,0.062640219,0.062759127,0.0629249,0.062429865,0.062667934,0.061574402,0.061118246,0.061201904,0.060897644,0.060546693,0.060508198,0.060238136,0.060057905,0.060538104,0.059804348,0.059891844,0.058546281,0.058746464,0.058805757,0.058406909,0.058408844,0.058308378,0.058304777,0.057395531,0.056839361,0.056643031,0.056584512,0.0564174,0.056644417,0.056788643,0.056005598,0.055555711,0.055541408,0.055304313,0.054889571,0.054484925,0.05435683,0.054817771,0.055044146,0.054556145,0.054307799,0.054077935,0.05347116,0.053709934,0.054129862,0.053316742,0.053137821,0.053019242,0.052387527,0.052496695,0.052429686,0.052043655,0.052564408,0.052034383
1;2,0.1154,0.1247,0.1353,0.1179,0.1206,0.1247,0.1301,0.1373,0.1462,0.1574,0.1722,0.1917,0.2178,0.2521,0.2946,0.3487,0.4131,0.4874,0.5719,0.6669,0.7699,0.8762,0.9792,1.0714,1.1496,1.2158,1.2716,1.3153,1.3493,1.3784,1.3989,1.4131,1.4256,1.4327,1.4381,1.4422,1.4436,1.4456,1.4462,1.4473,1.4481,1.449,1.4506,1.4515,1.4512,1.4545,1.4561,1.459,1.461,1.462,1.4643,1.4659,1.469,1.4709,1.4721,1.4746,1.476,1.4772,1.4793,1.481,1.4827,1.4842,1.4848,1.4864,1.4888,1.4908,1.492,1.4934,1.4945,1.4958,1.4956,1.4975,1.5004,1.5006,1.5019,1.5026,1.5048,1.5062,1.5068,1.5079,1.5091,1.51,1.5109,1.5128,1.5141,1.5152,1.5154,1.5171,1.5183,1.5187,1.5206,1.5219,1.5228,1.5241,1.5252,1.5251
2;1,0.1194,0.131,0.1473,0.1285,0.1341,0.1411,0.1516,0.1648,0.1805,0.1992,0.2263,0.2607,0.3052,0.3566,0.4171,0.487,0.5637,0.6492,0.7442,0.845,0.9475,1.0481,1.1421,1.2235,1.2939,1.3469,1.3927,1.43,1.4606,1.4837,1.5016,1.5134,1.5219,1.5271,1.5298,1.5319,1.5342,1.5351,1.5349,1.5354,1.5368,1.5371,1.5373,1.5382,1.5396,1.5417,1.5433,1.5441,1.5448,1.5465,1.5484,1.5501,1.5519,1.5532,1.5553,1.5575,1.5577,1.5597,1.5589,1.5612,1.562,1.5637,1.5653,1.5666,1.5675,1.5681,1.5693,1.5701,1.5718,1.5719,1.5739,1.5753,1.5761,1.5761,1.5773,1.5783,1.5786,1.5797,1.5804,1.5821,1.583,1.5836,1.5843,1.5848,1.5855,1.5874,1.5892,1.5887,1.5895,1.5914,1.5911,1.5918,1.5935,1.593,1.5957,1.5955
2;2,0.1173,0.129,0.1401,0.1212,0.1243,0.129,0.1352,0.1435,0.1536,0.1664,0.1837,0.2066,0.2365,0.2761,0.3251,0.3851,0.455,0.5342,0.6224,0.7203,0.8254,0.9296,1.0317,1.1192,1.1967,1.2572,1.3092,1.3511,1.3846,1.4097,1.4288,1.4442,1.4544,1.4623,1.4671,1.4685,1.4701,1.4717,1.4735,1.4735,1.4743,1.4754,1.4775,1.4784,1.4795,1.4821,1.4833,1.4843,1.4878,1.4897,1.4916,1.4933,1.4949,1.4976,1.499,1.5021,1.5031,1.5042,1.5049,1.5072,1.5086,1.511,1.5119,1.5137,1.5156,1.5172,1.5179,1.5194,1.52,1.5211,1.5228,1.5249,1.5266,1.5268,1.5293,1.529,1.5305,1.5322,1.5331,1.5343,1.5363,1.5363,1.5374,1.5391,1.5406,1.5411,1.5418,1.543,1.5445,1.545,1.5467,1.5478,1.5493,1.55,1.5525,1.5522
2;3,0.1128,0.1246,0.136,0.1174,0.121,0.1255,0.1309,0.1378,0.1454,0.1551,0.1672,0.1822,0.2017,0.2259,0.2564,0.294,0.3382,0.389,0.4482,0.5146,0.5981,0.6958,0.806,0.9116,1.0054,1.0819,1.1459,1.1963,1.2381,1.2707,1.2963,1.3146,1.3318,1.3438,1.3525,1.3585,1.3625,1.3656,1.3682,1.3687,1.3714,1.3727,1.3746,1.3754,1.3767,1.3798,1.381,1.3843,1.3867,1.3883,1.391,1.3936,1.3953,1.3976,1.4007,1.4013,1.4035,1.4051,1.408,1.4099,1.4105,1.4133,1.415,1.4165,1.4178,1.4201,1.4227,1.4243,1.4257,1.4266,1.4284,1.4296,1.4317,1.4335,1.4352,1.4364,1.4375,1.44,1.4409,1.4413,1.4425,1.4438,1.4455,1.4463,1.4488,1.4497,1.4505,1.4524,1.4537,1.456,1.4573,1.4579,1.4597,1.4604,1.4618,1.4629
3;2,0.122,0.1391,0.1528,0.1322,0.1377,0.145,0.1542,0.1666,0.1801,0.1984,0.2202,0.2485,0.2856,0.3296,0.3813,0.443,0.5123,0.5899,0.6752,0.7699,0.8705,0.9719,1.0733,1.1588,1.2342,1.2935,1.3419,1.383,1.4169,1.4404,1.4605,1.476,1.4864,1.4947,1.4973,1.5013,1.5035,1.505,1.5066,1.5068,1.5088,1.5089,1.5104,1.5118,1.5132,1.5151,1.5173,1.5182,1.5202,1.5218,1.5239,1.5255,1.5275,1.5295,1.5325,1.5339,1.5347,1.5361,1.5368,1.5391,1.5401,1.5417,1.5432,1.5444,1.5467,1.5462,1.5474,1.549,1.5496,1.5509,1.5528,1.5547,1.5546,1.5561,1.5581,1.5583,1.5586,1.5605,1.5608,1.5621,1.5649,1.5645,1.566,1.5662,1.5675,1.5685,1.57,1.5708,1.5717,1.5734,1.5736,1.5749,1.5761,1.5766,1.5787,1.5784
,,,,,,,,,,,,,,,,,,,,,,,,,,,,,,,,,,,,,,,,,,,,,,,,,,,,,,,,,,,,,,,,,,,,,,,,,,,,,,,,,,,,,,,,,,,,,,,,
Cycles / Well,,,,,,,,,,,,,,,,,,,,,,,,,,,,,,,,,,,,,,,,,,,,,,,,,,,,,,,,,,,,,,,,,,,,,,,,,,,,,,,,,,,,,,,,,,,,,,,,
E7,1,2,3,4,5,6,7,8,9,10,11,12,13,14,15,16,17,18,19,20,21,22,23,24,25,26,27,28,29,30,31,32,33,34,35,36,37,38,39,40,41,42,43,44,45,46,47,48,49,50,51,52,53,54,55,56,57,58,59,60,61,62,63,64,65,66,67,68,69,70,71,72,73,74,75,76,77,78,79,80,81,82,83,84,85,86,87,88,89,90,91,92,93,94,95,96
Time [s],0,1799.804,3599.705,5399.641,7199.561,8999.49,10799.409,12599.333,14399.26,16199.194,17999.109,19799.039,21598.958,23398.892,25198.808,26998.725,28798.661,30598.589,32398.489,34198.443,35998.374,37798.286,39598.224,41398.149,43198.081,44997.99,46797.917,48597.842,50397.765,52197.702,53997.621,55797.552,57597.468,59397.391,61197.317,62997.249,64797.163,66597.084,68397.028,70196.935,71996.864,73796.783,75596.71,77396.649,79196.565,80996.494,82796.414,84596.354,86396.27,88196.204,89996.112,91796.061,93595.971,95395.897,97195.829,98995.747,100795.679,102595.601,104395.534,106195.445,107995.377,109795.307,111595.236,113395.157,115195.076,116995.019,118794.937,120594.848,122394.785,124194.722,125994.648,127794.579,129594.494,131394.41,133194.341,134994.266,136794.185,138594.122,140394.047,142193.959,143993.87,145793.805,147593.724,149393.655,151193.569,152993.504,154793.443,156593.376,158393.277,160193.21,161993.13,163793.052,165592.982,167392.906,169192.831,170992.755
Temp. [°C],40.8,29.9,29.9,30,30,30.1,30,30.1,30,29.9,30,30,30,30,30,29.9,30,30,30.1,30.1,29.9,30,30,30,30.1,30.1,30,30.1,30.1,30,30,30,29.9,30.1,30,29.9,29.8,29.8,29.8,29.9,30.1,30.1,30,30.1,29.8,29.9,30,30,30,30.1,30,30,29.8,30,30,30.1,30.1,30,30.1,29.9,30,30.1,30.1,30,30,29.9,29.9,30.1,30,30,29.9,29.9,30,30,29.9,30.1,29.9,29.8,29.9,30,30,30.1,30,30,30.1,30.1,30.2,30.1,29.9,30,29.9,29.9,30.1,29.9,30,30
Mean,0.11236,0.12266,0.132,0.11608,0.11898,0.12286,0.1279,0.13446,0.14214,0.1518,0.16478,0.18176,0.20442,0.2331,0.26942,0.31336,0.36534,0.42584,0.49482,0.57458,0.66106,0.75492,0.8538,0.95076,1.04424,1.12612,1.1976,1.25508,1.30226,1.33984,1.36996,1.39364,1.40868,1.42138,1.43134,1.4363,1.43824,1.43938,1.44008,1.43996,1.44058,1.44062,1.44162,1.44096,1.4426,1.44282,1.4438,1.44518,1.44706,1.44878,1.44988,1.45246,1.45396,1.45584,1.4574,1.45984,1.46078,1.46178,1.46246,1.46448,1.46592,1.46736,1.46888,1.47016,1.47126,1.47252,1.47388,1.47456,1.47578,1.47708,1.47828,1.4798,1.4815,1.48202,1.4836,1.48386,1.48432,1.4865,1.48732,1.48844,1.48954,1.49072,1.49114,1.49212,1.49356,1.49442,1.49512,1.49614,1.49746,1.499,1.4986,1.49978,1.50086,1.50154,1.50344,1.50338
StDev,0.002167487,0.003775977,0.006183446,0.003359613,0.004130012,0.004877807,0.005970762,0.007313207,0.008812661,0.010730098,0.013433242,0.017480932,0.023312915,0.029863188,0.038234435,0.046750326,0.055146242,0.065102673,0.075963689,0.088314393,0.099443441,0.111310094,0.12169583,0.129782483,0.1298102,0.125907653,0.118998908,0.113083827,0.108424919,0.105273254,0.100770844,0.098075267,0.09451977,0.091499765,0.088007943,0.085254179,0.08436731,0.08313397,0.082133258,0.08198895,0.080447604,0.081026397,0.080447946,0.080562851,0.081380065,0.0810977,0.081386516,0.080334407,0.079958164,0.079771812,0.080059834,0.079733105,0.079585539,0.078920675,0.078714357,0.078698685,0.078087688,0.078260124,0.077511341,0.077792815,0.077307645,0.07716656,0.077058465,0.076508483,0.076656787,0.076164079,0.075845448,0.076003737,0.075513323,0.075141546,0.075435118,0.074782117,0.075456212,0.074843751,0.074694879,0.074199683,0.074230297,0.073786821,0.073765758,0.074203524,0.073448744,0.07359108,0.073103509,0.073096491,0.072361613,0.07259595,0.07303901,0.072105984,0.072358607,0.072955363,0.072301279,0.072050378,0.071662215,0.07153295,0.071450703,0.071448667
1;2,0.1119,0.1201,0.1256,0.1139,0.116,0.1192,0.1234,0.1287,0.1354,0.1438,0.1554,0.1703,0.1902,0.2171,0.2516,0.2952,0.3485,0.4115,0.4846,0.5701,0.6614,0.7615,0.8642,0.9656,1.0599,1.1403,1.2106,1.2664,1.3117,1.3481,1.3786,1.3997,1.4148,1.427,1.4366,1.4397,1.4408,1.4418,1.4424,1.4418,1.4421,1.4412,1.4419,1.4415,1.443,1.443,1.444,1.4457,1.4485,1.449,1.4501,1.4533,1.4542,1.4555,1.4573,1.4588,1.4602,1.4613,1.4625,1.4637,1.4655,1.4677,1.468,1.4693,1.47,1.4719,1.4732,1.4742,1.4746,1.4764,1.4764,1.4788,1.48,1.4805,1.4821,1.4828,1.4837,1.4853,1.4861,1.4864,1.488,1.4894,1.4896,1.4906,1.4916,1.4919,1.4922,1.4941,1.4947,1.4954,1.4968,1.4973,1.4982,1.4989,1.5003,1.5003
2;1,0.1129,0.1226,0.1296,0.1176,0.121,0.1257,0.132,0.1403,0.1502,0.1622,0.1796,0.2028,0.2344,0.273,0.321,0.375,0.4359,0.5055,0.5838,0.6711,0.7628,0.862,0.9675,1.0684,1.1589,1.2366,1.3022,1.3553,1.3968,1.4327,1.4584,1.4813,1.4934,1.5035,1.5103,1.5143,1.5159,1.5161,1.5162,1.5166,1.5152,1.5171,1.5167,1.5169,1.5207,1.5195,1.5218,1.5215,1.5229,1.5246,1.5266,1.5277,1.5303,1.5312,1.5319,1.5349,1.5354,1.5373,1.5364,1.5387,1.5397,1.5409,1.5429,1.5437,1.5445,1.5454,1.5464,1.5471,1.5482,1.5487,1.5504,1.5518,1.5536,1.554,1.555,1.555,1.5555,1.5571,1.5577,1.5609,1.5602,1.5619,1.5612,1.5626,1.563,1.5646,1.5659,1.5654,1.5675,1.5701,1.5684,1.5699,1.5704,1.5713,1.573,1.5732
2;2,0.1131,0.1232,0.1334,0.1155,0.1179,0.1213,0.1256,0.1314,0.1385,0.1476,0.1601,0.1767,0.199,0.2294,0.2684,0.3166,0.3745,0.4419,0.5188,0.6067,0.7016,0.8029,0.9074,1.0087,1.1023,1.1822,1.2504,1.3045,1.3503,1.3851,1.413,1.435,1.4477,1.4585,1.4658,1.4686,1.4694,1.47,1.4694,1.468,1.4694,1.4686,1.4697,1.4688,1.4694,1.4704,1.4705,1.4717,1.4739,1.4755,1.4762,1.4787,1.4799,1.482,1.4831,1.4856,1.4867,1.4875,1.488,1.4904,1.4914,1.4929,1.4942,1.4957,1.4972,1.498,1.499,1.5003,1.5013,1.5027,1.5042,1.5047,1.5073,1.5069,1.5087,1.5077,1.5088,1.5108,1.5118,1.5133,1.5132,1.5144,1.5149,1.5159,1.5166,1.518,1.5186,1.5201,1.5213,1.522,1.522,1.523,1.5243,1.5246,1.5268,1.5268
2;3,0.109,0.1188,0.1295,0.1124,0.1149,0.1182,0.1223,0.1278,0.1337,0.1411,0.1504,0.162,0.177,0.1956,0.2189,0.2481,0.2847,0.3267,0.3756,0.4315,0.4965,0.5676,0.6476,0.7294,0.8218,0.9102,0.9936,1.0615,1.1164,1.1597,1.1973,1.2263,1.2474,1.2653,1.2812,1.2915,1.2952,1.2985,1.301,1.3014,1.3045,1.3041,1.3059,1.3052,1.3059,1.3063,1.3071,1.31,1.3123,1.3146,1.3154,1.3181,1.3203,1.3233,1.325,1.3278,1.3297,1.3306,1.3322,1.3339,1.3361,1.3376,1.3397,1.3419,1.3427,1.3447,1.3466,1.3469,1.3492,1.3509,1.3519,1.3545,1.355,1.3567,1.3584,1.3595,1.3598,1.3628,1.3636,1.3646,1.3666,1.3676,1.3687,1.3698,1.3725,1.3732,1.3733,1.3755,1.3767,1.3776,1.3777,1.3796,1.3813,1.3823,1.3844,1.3844
3;2,0.1149,0.1286,0.1419,0.121,0.1251,0.1299,0.1362,0.1441,0.1529,0.1643,0.1784,0.197,0.2215,0.2504,0.2872,0.3319,0.3831,0.4436,0.5113,0.5935,0.683,0.7806,0.8823,0.9817,1.0783,1.1613,1.2312,1.2877,1.3361,1.3736,1.4025,1.4259,1.4401,1.4526,1.4628,1.4674,1.4699,1.4705,1.4714,1.472,1.4717,1.4721,1.4739,1.4724,1.474,1.4749,1.4756,1.477,1.4777,1.4802,1.4811,1.4845,1.4851,1.4872,1.4897,1.4921,1.4919,1.4922,1.4932,1.4957,1.4969,1.4977,1.4996,1.5002,1.5019,1.5026,1.5042,1.5043,1.5056,1.5067,1.5085,1.5092,1.5116,1.512,1.5138,1.5143,1.5138,1.5165,1.5174,1.517,1.5197,1.5203,1.5213,1.5217,1.5241,1.5244,1.5256,1.5256,1.5271,1.5299,1.5281,1.5291,1.5301,1.5306,1.5327,1.5322
,,,,,,,,,,,,,,,,,,,,,,,,,,,,,,,,,,,,,,,,,,,,,,,,,,,,,,,,,,,,,,,,,,,,,,,,,,,,,,,,,,,,,,,,,,,,,,,,
Cycles / Well,,,,,,,,,,,,,,,,,,,,,,,,,,,,,,,,,,,,,,,,,,,,,,,,,,,,,,,,,,,,,,,,,,,,,,,,,,,,,,,,,,,,,,,,,,,,,,,,
E8,1,2,3,4,5,6,7,8,9,10,11,12,13,14,15,16,17,18,19,20,21,22,23,24,25,26,27,28,29,30,31,32,33,34,35,36,37,38,39,40,41,42,43,44,45,46,47,48,49,50,51,52,53,54,55,56,57,58,59,60,61,62,63,64,65,66,67,68,69,70,71,72,73,74,75,76,77,78,79,80,81,82,83,84,85,86,87,88,89,90,91,92,93,94,95,96
Time [s],0,1799.804,3599.705,5399.641,7199.561,8999.49,10799.409,12599.333,14399.26,16199.194,17999.109,19799.039,21598.958,23398.892,25198.808,26998.725,28798.661,30598.589,32398.489,34198.443,35998.374,37798.286,39598.224,41398.149,43198.081,44997.99,46797.917,48597.842,50397.765,52197.702,53997.621,55797.552,57597.468,59397.391,61197.317,62997.249,64797.163,66597.084,68397.028,70196.935,71996.864,73796.783,75596.71,77396.649,79196.565,80996.494,82796.414,84596.354,86396.27,88196.204,89996.112,91796.061,93595.971,95395.897,97195.829,98995.747,100795.679,102595.601,104395.534,106195.445,107995.377,109795.307,111595.236,113395.157,115195.076,116995.019,118794.937,120594.848,122394.785,124194.722,125994.648,127794.579,129594.494,131394.41,133194.341,134994.266,136794.185,138594.122,140394.047,142193.959,143993.87,145793.805,147593.724,149393.655,151193.569,152993.504,154793.443,156593.376,158393.277,160193.21,161993.13,163793.052,165592.982,167392.906,169192.831,170992.755
Temp. [°C],40.8,29.9,29.9,30,30,30.1,30,30.1,30,29.9,30,30,30,30,30,29.9,30,30,30.1,30.1,29.9,30,30,30,30.1,30.1,30,30.1,30.1,30,30,30,29.9,30.1,30,29.9,29.8,29.8,29.8,29.9,30.1,30.1,30,30.1,29.8,29.9,30,30,30,30.1,30,30,29.8,30,30,30.1,30.1,30,30.1,29.9,30,30.1,30.1,30,30,29.9,29.9,30.1,30,30,29.9,29.9,30,30,29.9,30.1,29.9,29.8,29.9,30,30,30.1,30,30,30.1,30.1,30.2,30.1,29.9,30,29.9,29.9,30.1,29.9,30,30
Mean,0.10094,0.10878,0.10946,0.101,0.10102,0.10108,0.10114,0.1012,0.10116,0.101,0.1011,0.10106,0.101,0.10102,0.10092,0.1009,0.10102,0.1009,0.10102,0.10102,0.10066,0.10074,0.10094,0.10108,0.10118,0.10078,0.10082,0.10088,0.10082,0.10062,0.10076,0.10092,0.10082,0.10072,0.10076,0.10106,0.10068,0.10082,0.1007,0.10072,0.10072,0.10076,0.10068,0.10064,0.10066,0.10072,0.10064,0.10052,0.10064,0.10066,0.1006,0.10062,0.1007,0.10066,0.1007,0.10068,0.1007,0.10056,0.10074,0.10068,0.10056,0.10062,0.1006,0.10054,0.10058,0.10048,0.10054,0.1006,0.10056,0.10058,0.10052,0.10058,0.1006,0.1006,0.10058,0.1006,0.10062,0.10058,0.10062,0.10058,0.1005,0.10058,0.1005,0.10044,0.10046,0.10054,0.10052,0.10042,0.10054,0.10054,0.10048,0.10054,0.10056,0.10056,0.10046,0.10046
StDev,0.002642537,0.002331738,0.005118887,0.002693511,0.002766225,0.002767128,0.002751,0.002678619,0.002695923,0.002689796,0.002643861,0.002691282,0.00255245,0.002662142,0.002685517,0.002643861,0.002667771,0.002639129,0.002587856,0.002624309,0.002691282,0.002605379,0.002605379,0.002601346,0.002663081,0.002601346,0.002678992,0.002658383,0.002624309,0.002678992,0.002671704,0.002604227,0.002658383,0.002625262,0.002640644,0.002565736,0.002676191,0.002674322,0.002657066,0.002675257,0.002678992,0.002640644,0.002622403,0.002710719,0.002640644,0.002625262,0.002605379,0.002674322,0.002660451,0.002640644,0.002693511,0.002728919,0.002602883,0.002677312,0.002698148,0.002601346,0.002606722,0.002640644,0.00256963,0.00262145,0.002623547,0.002625262,0.002606722,0.002605379,0.00262145,0.002609023,0.002605379,0.002602883,0.002605379,0.002620496,0.002674322,0.002654619,0.002602883,0.002661766,0.002658383,0.002657066,0.00263856,0.002567489,0.002620496,0.002622403,0.002654242,0.002626214,0.002639129,0.002623547,0.002550098,0.002655748,0.002620496,0.002674322,0.002602499,0.002605379,0.002620496,0.002655748,0.002640644,0.002623547,0.002623547,0.002637802
1;2,0.1046,0.1127,0.1077,0.1048,0.1049,0.105,0.105,0.1049,0.105,0.1048,0.1048,0.1049,0.1046,0.1047,0.1047,0.1046,0.1047,0.1046,0.1047,0.1047,0.1045,0.1044,0.1046,0.1047,0.1049,0.1044,0.1046,0.1046,0.1045,0.1044,0.1045,0.1047,0.1045,0.1044,0.1045,0.1047,0.1045,0.1046,0.1045,0.1045,0.1045,0.1045,0.1044,0.1045,0.1044,0.1044,0.1043,0.1043,0.1044,0.1044,0.1044,0.1045,0.1044,0.1044,0.1045,0.1043,0.1044,0.1043,0.1044,0.1044,0.1042,0.1043,0.1043,0.1042,0.1043,0.1041,0.1042,0.1043,0.1043,0.1043,0.1043,0.1043,0.1043,0.1044,0.1043,0.1044,0.1044,0.1042,0.1043,0.1043,0.1043,0.1043,0.1042,0.1042,0.1041,0.1043,0.1042,0.1042,0.1042,0.1042,0.1042,0.1043,0.1043,0.1042,0.1041,0.1042
2;1,0.0989,0.1068,0.1013,0.0989,0.0988,0.0989,0.099,0.099,0.0992,0.099,0.0991,0.099,0.099,0.099,0.0989,0.0989,0.0989,0.0989,0.0991,0.099,0.0986,0.0987,0.099,0.0992,0.0991,0.0988,0.0987,0.0988,0.0988,0.0985,0.0987,0.0989,0.0987,0.0986,0.0987,0.0988,0.0986,0.0988,0.0987,0.0986,0.0986,0.0987,0.0986,0.0985,0.0986,0.0986,0.0986,0.0985,0.0985,0.0986,0.0985,0.0985,0.0987,0.0986,0.0986,0.0987,0.0987,0.0985,0.0987,0.0987,0.0985,0.0985,0.0986,0.0985,0.0986,0.0984,0.0985,0.0986,0.0985,0.0985,0.0985,0.0986,0.0986,0.0986,0.0985,0.0986,0.0986,0.0987,0.0986,0.0985,0.0985,0.0986,0.0985,0.0984,0.0985,0.0986,0.0985,0.0984,0.0985,0.0986,0.0984,0.0985,0.0985,0.0985,0.0984,0.0984
2;2,0.1029,0.109,0.112,0.1029,0.103,0.103,0.1031,0.1032,0.103,0.1029,0.103,0.1029,0.1028,0.103,0.1028,0.1028,0.103,0.1028,0.1028,0.1029,0.1025,0.1026,0.1028,0.103,0.1031,0.1027,0.1027,0.1028,0.1027,0.1025,0.1027,0.1026,0.1028,0.1026,0.1026,0.1028,0.1025,0.1027,0.1025,0.1026,0.1026,0.1026,0.1025,0.1025,0.1025,0.1026,0.1025,0.1024,0.1025,0.1025,0.1025,0.1025,0.1025,0.1026,0.1026,0.1026,0.1025,0.1024,0.1025,0.1025,0.1025,0.1025,0.1024,0.1024,0.1024,0.1024,0.1024,0.1024,0.1023,0.1024,0.1024,0.1025,0.1024,0.1024,0.1025,0.1024,0.1024,0.1024,0.1025,0.1024,0.1023,0.1024,0.1024,0.1022,0.1022,0.1024,0.1024,0.1023,0.1024,0.1024,0.1023,0.1024,0.1024,0.1025,0.1024,0.1023
2;3,0.0994,0.1075,0.1123,0.0994,0.0994,0.0995,0.0996,0.0996,0.0996,0.0993,0.0996,0.0994,0.0995,0.0995,0.0995,0.0994,0.0996,0.0993,0.0995,0.0995,0.099,0.0992,0.0994,0.0994,0.0997,0.0991,0.0993,0.0993,0.0993,0.0991,0.099,0.0993,0.0992,0.0992,0.0992,0.0997,0.0991,0.0992,0.0991,0.0991,0.0992,0.0992,0.0991,0.099,0.0991,0.0992,0.0991,0.0989,0.0991,0.0991,0.099,0.099,0.0991,0.0991,0.0992,0.099,0.0992,0.099,0.0992,0.0991,0.099,0.0991,0.0991,0.099,0.099,0.099,0.099,0.099,0.099,0.0989,0.0989,0.0989,0.099,0.0991,0.099,0.099,0.099,0.099,0.099,0.099,0.0988,0.0991,0.0989,0.0989,0.0989,0.0989,0.0989,0.0988,0.0989,0.099,0.0988,0.0989,0.099,0.099,0.0989,0.0988
3;2,0.0989,0.1079,0.114,0.099,0.099,0.099,0.099,0.0993,0.099,0.099,0.099,0.0991,0.0991,0.0989,0.0987,0.0988,0.0989,0.0989,0.099,0.099,0.0987,0.0988,0.0989,0.0991,0.0991,0.0989,0.0988,0.0989,0.0988,0.0986,0.0989,0.0991,0.0989,0.0988,0.0988,0.0993,0.0987,0.0988,0.0987,0.0988,0.0987,0.0988,0.0988,0.0987,0.0987,0.0988,0.0987,0.0985,0.0987,0.0987,0.0986,0.0986,0.0988,0.0986,0.0986,0.0988,0.0987,0.0986,0.0989,0.0987,0.0986,0.0987,0.0986,0.0986,0.0986,0.0985,0.0986,0.0987,0.0987,0.0988,0.0985,0.0986,0.0987,0.0985,0.0986,0.0986,0.0987,0.0986,0.0987,0.0987,0.0986,0.0985,0.0985,0.0985,0.0986,0.0985,0.0986,0.0984,0.0987,0.0985,0.0987,0.0986,0.0986,0.0986,0.0985,0.0986
,,,,,,,,,,,,,,,,,,,,,,,,,,,,,,,,,,,,,,,,,,,,,,,,,,,,,,,,,,,,,,,,,,,,,,,,,,,,,,,,,,,,,,,,,,,,,,,,
Cycles / Well,,,,,,,,,,,,,,,,,,,,,,,,,,,,,,,,,,,,,,,,,,,,,,,,,,,,,,,,,,,,,,,,,,,,,,,,,,,,,,,,,,,,,,,,,,,,,,,,
E9,1,2,3,4,5,6,7,8,9,10,11,12,13,14,15,16,17,18,19,20,21,22,23,24,25,26,27,28,29,30,31,32,33,34,35,36,37,38,39,40,41,42,43,44,45,46,47,48,49,50,51,52,53,54,55,56,57,58,59,60,61,62,63,64,65,66,67,68,69,70,71,72,73,74,75,76,77,78,79,80,81,82,83,84,85,86,87,88,89,90,91,92,93,94,95,96
Time [s],0,1799.804,3599.705,5399.641,7199.561,8999.49,10799.409,12599.333,14399.26,16199.194,17999.109,19799.039,21598.958,23398.892,25198.808,26998.725,28798.661,30598.589,32398.489,34198.443,35998.374,37798.286,39598.224,41398.149,43198.081,44997.99,46797.917,48597.842,50397.765,52197.702,53997.621,55797.552,57597.468,59397.391,61197.317,62997.249,64797.163,66597.084,68397.028,70196.935,71996.864,73796.783,75596.71,77396.649,79196.565,80996.494,82796.414,84596.354,86396.27,88196.204,89996.112,91796.061,93595.971,95395.897,97195.829,98995.747,100795.679,102595.601,104395.534,106195.445,107995.377,109795.307,111595.236,113395.157,115195.076,116995.019,118794.937,120594.848,122394.785,124194.722,125994.648,127794.579,129594.494,131394.41,133194.341,134994.266,136794.185,138594.122,140394.047,142193.959,143993.87,145793.805,147593.724,149393.655,151193.569,152993.504,154793.443,156593.376,158393.277,160193.21,161993.13,163793.052,165592.982,167392.906,169192.831,170992.755
Temp. [°C],40.8,29.9,29.9,30,30,30.1,30,30.1,30,29.9,30,30,30,30,30,29.9,30,30,30.1,30.1,29.9,30,30,30,30.1,30.1,30,30.1,30.1,30,30,30,29.9,30.1,30,29.9,29.8,29.8,29.8,29.9,30.1,30.1,30,30.1,29.8,29.9,30,30,30,30.1,30,30,29.8,30,30,30.1,30.1,30,30.1,29.9,30,30.1,30.1,30,30,29.9,29.9,30.1,30,30,29.9,29.9,30,30,29.9,30.1,29.9,29.8,29.9,30,30,30.1,30,30,30.1,30.1,30.2,30.1,29.9,30,29.9,29.9,30.1,29.9,30,30
Mean,0.1017,0.10824,0.10204,0.1018,0.10188,0.10194,0.10188,0.102,0.10196,0.10172,0.10204,0.10186,0.1018,0.1018,0.10166,0.10182,0.10178,0.1017,0.10188,0.10178,0.10148,0.10158,0.10172,0.10194,0.10198,0.10152,0.10174,0.1017,0.10162,0.10154,0.10158,0.10176,0.10152,0.10154,0.10158,0.1021,0.10148,0.10158,0.10156,0.1015,0.10152,0.10152,0.1015,0.10144,0.10144,0.10142,0.10138,0.1013,0.10138,0.10138,0.10144,0.10136,0.1015,0.10144,0.1015,0.10148,0.10146,0.10136,0.10146,0.10148,0.10138,0.1014,0.10138,0.10132,0.10136,0.10126,0.10142,0.10144,0.10144,0.10138,0.10132,0.1014,0.10132,0.10134,0.10134,0.10132,0.10138,0.1014,0.10144,0.10128,0.10132,0.10138,0.1013,0.1013,0.10128,0.10138,0.10136,0.10126,0.10136,0.10132,0.10128,0.1013,0.10138,0.10134,0.10124,0.10126
StDev,0.002856571,0.002780827,0.002855346,0.002893959,0.002865659,0.002909124,0.002901207,0.002893959,0.002874543,0.002820815,0.002860594,0.002828957,0.002845171,0.002977415,0.002839542,0.002917533,0.002859545,0.002841654,0.002914961,0.002865659,0.002859545,0.00286042,0.002778849,0.002764598,0.002903791,0.002863913,0.002804996,0.002893959,0.002868275,0.002853594,0.00280927,0.00283249,0.00292267,0.002853594,0.002817268,0.002893959,0.002865659,0.002859545,0.002839542,0.002845171,0.002825243,0.0028735,0.002839894,0.002853594,0.002853594,0.0028735,0.002859545,0.002893959,0.00290293,0.002819042,0.002848333,0.002833373,0.002839894,0.002804996,0.002848684,0.002819042,0.002833373,0.002833373,0.002833373,0.002819042,0.002819042,0.002847806,0.00280927,0.002825243,0.00278801,0.002828957,0.002825243,0.002807668,0.002853594,0.00286042,0.002868275,0.002793743,0.002825243,0.002853594,0.002851842,0.002778849,0.00280927,0.002799107,0.002853594,0.002855171,0.002785139,0.002813716,0.002750455,0.002751363,0.002868275,0.002813716,0.002833373,0.002790699,0.002837781,0.002825243,0.002859545,0.002888771,0.002865659,0.002759167,0.002804996,0.002833373
1;2,0.1046,0.1102,0.105,0.1048,0.1049,0.1049,0.105,0.105,0.105,0.1047,0.105,0.1048,0.1048,0.1049,0.1046,0.1048,0.1048,0.1047,0.1049,0.1048,0.1045,0.1046,0.1046,0.1048,0.105,0.1045,0.1048,0.1047,0.1046,0.1045,0.1045,0.1048,0.1045,0.1045,0.1046,0.1051,0.1045,0.1046,0.1045,0.1045,0.1045,0.1045,0.1045,0.1044,0.1044,0.1044,0.1044,0.1043,0.1044,0.1043,0.1044,0.1043,0.1045,0.1044,0.1044,0.1044,0.1044,0.1043,0.1044,0.1044,0.1043,0.1043,0.1043,0.1043,0.1042,0.1042,0.1044,0.1043,0.1044,0.1044,0.1043,0.1043,0.1043,0.1043,0.1044,0.1042,0.1043,0.1043,0.1044,0.1043,0.1042,0.1043,0.1042,0.1042,0.1042,0.1043,0.1043,0.1042,0.1044,0.1043,0.1043,0.1043,0.1044,0.1042,0.1042,0.1042
2;1,0.0995,0.1075,0.0996,0.0994,0.0995,0.0995,0.0996,0.0997,0.0997,0.0994,0.0996,0.0997,0.0995,0.0995,0.0994,0.0996,0.0995,0.0996,0.0996,0.0995,0.0992,0.0994,0.0995,0.0997,0.0998,0.0993,0.0994,0.0994,0.0993,0.0993,0.0994,0.0996,0.0992,0.0993,0.0993,0.0997,0.0991,0.0993,0.0993,0.0992,0.0992,0.0992,0.0993,0.0992,0.0992,0.0991,0.0991,0.099,0.0991,0.0991,0.0992,0.0991,0.0993,0.0992,0.0991,0.0992,0.0992,0.0991,0.0992,0.0992,0.0991,0.0991,0.0992,0.0991,0.0992,0.0991,0.0992,0.0992,0.0991,0.099,0.099,0.0992,0.0991,0.099,0.0991,0.0991,0.0992,0.0991,0.0992,0.099,0.099,0.0991,0.0991,0.0992,0.0989,0.0991,0.0991,0.099,0.099,0.099,0.099,0.0989,0.0991,0.0991,0.099,0.099
2;2,0.105,0.112,0.1053,0.1051,0.1051,0.1053,0.1051,0.1053,0.1052,0.1049,0.1053,0.1051,0.105,0.1052,0.1049,0.1052,0.105,0.1049,0.1052,0.105,0.1047,0.1048,0.1049,0.1051,0.1053,0.1048,0.1048,0.105,0.1049,0.1048,0.1048,0.1049,0.1049,0.1048,0.1047,0.1054,0.1047,0.1048,0.1048,0.1047,0.1047,0.1048,0.1047,0.1047,0.1047,0.1047,0.1046,0.1046,0.1047,0.1046,0.1047,0.1046,0.1047,0.1046,0.1048,0.1047,0.1047,0.1046,0.1047,0.1047,0.1046,0.1047,0.1046,0.1045,0.1046,0.1045,0.1046,0.1047,0.1047,0.1046,0.1046,0.1046,0.1045,0.1046,0.1045,0.1045,0.1046,0.1046,0.1047,0.1045,0.1045,0.1046,0.1044,0.1044,0.1046,0.1046,0.1046,0.1044,0.1045,0.1045,0.1045,0.1046,0.1046,0.1045,0.1044,0.1045
2;3,0.1002,0.1058,0.1004,0.1002,0.1003,0.1004,0.1001,0.1004,0.1002,0.1,0.1005,0.1001,0.1002,0.1,0.1001,0.1001,0.1001,0.1,0.1003,0.1002,0.0998,0.0999,0.1001,0.1004,0.1002,0.0997,0.1001,0.1001,0.0999,0.0999,0.0998,0.1001,0.0999,0.0999,0.1,0.1005,0.0999,0.0999,0.1,0.0999,0.0999,0.0999,0.0998,0.0998,0.0998,0.0998,0.0997,0.0997,0.0996,0.0998,0.0997,0.0997,0.0998,0.0998,0.0999,0.0999,0.0998,0.0997,0.0998,0.0999,0.0998,0.0998,0.0996,0.0997,0.0997,0.0995,0.0998,0.0998,0.0998,0.0997,0.0996,0.0997,0.0997,0.0997,0.0997,0.0997,0.0996,0.0998,0.0998,0.0995,0.0998,0.0997,0.0997,0.0997,0.0997,0.0997,0.0997,0.0997,0.0998,0.0997,0.0996,0.0996,0.0998,0.0997,0.0996,0.0996
3;2,0.0992,0.1057,0.0999,0.0995,0.0996,0.0996,0.0996,0.0996,0.0997,0.0996,0.0998,0.0996,0.0995,0.0994,0.0993,0.0994,0.0995,0.0993,0.0994,0.0994,0.0992,0.0992,0.0995,0.0997,0.0996,0.0993,0.0996,0.0993,0.0994,0.0992,0.0994,0.0994,0.0991,0.0992,0.0993,0.0998,0.0992,0.0993,0.0992,0.0992,0.0993,0.0992,0.0992,0.0991,0.0991,0.0991,0.0991,0.0989,0.0991,0.0991,0.0992,0.0991,0.0992,0.0992,0.0993,0.0992,0.0992,0.0991,0.0992,0.0992,0.0991,0.0991,0.0992,0.099,0.0991,0.099,0.0991,0.0992,0.0992,0.0992,0.0991,0.0992,0.099,0.0991,0.099,0.0991,0.0992,0.0992,0.0991,0.0991,0.0991,0.0992,0.0991,0.099,0.099,0.0992,0.0991,0.099,0.0991,0.0991,0.099,0.0991,0.099,0.0992,0.099,0.099
,,,,,,,,,,,,,,,,,,,,,,,,,,,,,,,,,,,,,,,,,,,,,,,,,,,,,,,,,,,,,,,,,,,,,,,,,,,,,,,,,,,,,,,,,,,,,,,,
Cycles / Well,,,,,,,,,,,,,,,,,,,,,,,,,,,,,,,,,,,,,,,,,,,,,,,,,,,,,,,,,,,,,,,,,,,,,,,,,,,,,,,,,,,,,,,,,,,,,,,,
E10,1,2,3,4,5,6,7,8,9,10,11,12,13,14,15,16,17,18,19,20,21,22,23,24,25,26,27,28,29,30,31,32,33,34,35,36,37,38,39,40,41,42,43,44,45,46,47,48,49,50,51,52,53,54,55,56,57,58,59,60,61,62,63,64,65,66,67,68,69,70,71,72,73,74,75,76,77,78,79,80,81,82,83,84,85,86,87,88,89,90,91,92,93,94,95,96
Time [s],0,1799.804,3599.705,5399.641,7199.561,8999.49,10799.409,12599.333,14399.26,16199.194,17999.109,19799.039,21598.958,23398.892,25198.808,26998.725,28798.661,30598.589,32398.489,34198.443,35998.374,37798.286,39598.224,41398.149,43198.081,44997.99,46797.917,48597.842,50397.765,52197.702,53997.621,55797.552,57597.468,59397.391,61197.317,62997.249,64797.163,66597.084,68397.028,70196.935,71996.864,73796.783,75596.71,77396.649,79196.565,80996.494,82796.414,84596.354,86396.27,88196.204,89996.112,91796.061,93595.971,95395.897,97195.829,98995.747,100795.679,102595.601,104395.534,106195.445,107995.377,109795.307,111595.236,113395.157,115195.076,116995.019,118794.937,120594.848,122394.785,124194.722,125994.648,127794.579,129594.494,131394.41,133194.341,134994.266,136794.185,138594.122,140394.047,142193.959,143993.87,145793.805,147593.724,149393.655,151193.569,152993.504,154793.443,156593.376,158393.277,160193.21,161993.13,163793.052,165592.982,167392.906,169192.831,170992.755
Temp. [°C],40.8,29.9,29.9,30,30,30.1,30,30.1,30,29.9,30,30,30,30,30,29.9,30,30,30.1,30.1,29.9,30,30,30,30.1,30.1,30,30.1,30.1,30,30,30,29.9,30.1,30,29.9,29.8,29.8,29.8,29.9,30.1,30.1,30,30.1,29.8,29.9,30,30,30,30.1,30,30,29.8,30,30,30.1,30.1,30,30.1,29.9,30,30.1,30.1,30,30,29.9,29.9,30.1,30,30,29.9,29.9,30,30,29.9,30.1,29.9,29.8,29.9,30,30,30.1,30,30,30.1,30.1,30.2,30.1,29.9,30,29.9,29.9,30.1,29.9,30,30
Mean,0.10076,0.10796,0.1008,0.1008,0.10088,0.10094,0.1009,0.10094,0.10092,0.10082,0.10096,0.1008,0.10078,0.10082,0.1006,0.1007,0.10074,0.1007,0.10092,0.10082,0.10048,0.10068,0.10078,0.10088,0.10106,0.10056,0.10066,0.10074,0.10056,0.10058,0.1006,0.1008,0.10054,0.1006,0.10058,0.10112,0.10054,0.10056,0.10058,0.10052,0.10056,0.10056,0.10056,0.1005,0.1004,0.10052,0.10042,0.1003,0.1004,0.1004,0.10044,0.10042,0.10054,0.10046,0.10054,0.10044,0.10052,0.10034,0.10048,0.10046,0.10038,0.10042,0.1004,0.10036,0.10036,0.1003,0.10046,0.10044,0.10042,0.10036,0.10028,0.10036,0.10038,0.10034,0.10038,0.10036,0.1004,0.10042,0.10044,0.10032,0.10032,0.10042,0.1003,0.10032,0.10024,0.10036,0.10036,0.10028,0.10038,0.10032,0.10026,0.10028,0.10036,0.10028,0.1003,0.10022
StDev,0.003367937,0.002711642,0.003522783,0.003606938,0.003637582,0.003643213,0.003629738,0.003570434,0.003504568,0.003616213,0.00367192,0.003626293,0.003613447,0.00364033,0.003646231,0.003609016,0.003656228,0.003655817,0.003585666,0.003679266,0.003564688,0.003572394,0.003556262,0.003667015,0.003585108,0.003563425,0.003586502,0.003674643,0.003652123,0.003668378,0.003613862,0.003564407,0.003610125,0.003604858,0.003596804,0.003570294,0.003617043,0.003610817,0.003635519,0.003631391,0.00364184,0.003586502,0.003610817,0.003599305,0.003508561,0.003631391,0.00362243,0.003606938,0.00356581,0.003597221,0.003599722,0.00362243,0.00361566,0.003603193,0.003584411,0.003586502,0.003568893,0.003617043,0.003572394,0.003601805,0.003627947,0.003592631,0.003654449,0.003601805,0.003545843,0.003564407,0.003586502,0.003656228,0.003533695,0.003586502,0.003578687,0.003586502,0.003611371,0.003599722,0.003570994,0.003634969,0.003597221,0.00362381,0.003592075,0.003553449,0.003590543,0.003590543,0.003541892,0.003631391,0.003559916,0.003586502,0.003579525,0.003578687,0.00353935,0.00362243,0.003610817,0.003515252,0.003586502,0.003596804,0.003629738,0.003607908
1;2,0.1035,0.1105,0.1041,0.1043,0.1044,0.1045,0.1043,0.1044,0.1043,0.1044,0.1044,0.1043,0.1044,0.1044,0.1042,0.1043,0.1044,0.1043,0.1044,0.1045,0.104,0.1042,0.1043,0.1046,0.1047,0.1041,0.1042,0.1043,0.1041,0.1042,0.1043,0.1044,0.1041,0.1042,0.1041,0.1046,0.1041,0.1041,0.1042,0.1041,0.1042,0.1041,0.1041,0.104,0.1039,0.1041,0.1041,0.1038,0.1039,0.104,0.1041,0.1041,0.1042,0.104,0.1041,0.1039,0.104,0.1039,0.104,0.1041,0.104,0.1039,0.104,0.104,0.1039,0.1039,0.104,0.1041,0.104,0.1039,0.1039,0.1039,0.104,0.104,0.104,0.104,0.104,0.104,0.1041,0.1038,0.1039,0.104,0.1038,0.1039,0.1038,0.1039,0.1039,0.1039,0.1039,0.104,0.1038,0.1038,0.1039,0.1038,0.104,0.1038
2;1,0.099,0.1064,0.0987,0.0987,0.0988,0.0987,0.0986,0.0988,0.0989,0.0986,0.0989,0.0985,0.0986,0.0986,0.0984,0.0985,0.0986,0.0986,0.0987,0.0988,0.0985,0.0987,0.0987,0.0988,0.099,0.0987,0.0986,0.0987,0.0984,0.0985,0.0987,0.0988,0.0986,0.0985,0.0986,0.0993,0.0985,0.0985,0.0985,0.0984,0.0985,0.0985,0.0985,0.0985,0.0984,0.0984,0.0984,0.0982,0.0984,0.0984,0.0983,0.0984,0.0985,0.0985,0.0985,0.0984,0.0985,0.0983,0.0985,0.0985,0.0984,0.0984,0.0984,0.0984,0.0984,0.0983,0.0984,0.0983,0.0984,0.0983,0.0982,0.0983,0.0983,0.0982,0.0984,0.0984,0.0984,0.0984,0.0984,0.0982,0.0983,0.0984,0.0983,0.0982,0.0982,0.0983,0.0984,0.0982,0.0984,0.0983,0.0982,0.0983,0.0983,0.0983,0.0983,0.0981
2;2,0.1046,0.1112,0.1047,0.1047,0.1048,0.1049,0.1049,0.1048,0.1047,0.1047,0.105,0.1047,0.1045,0.1047,0.1045,0.1044,0.1046,0.1045,0.1048,0.1047,0.1042,0.1045,0.1046,0.1047,0.1048,0.1043,0.1045,0.1047,0.1045,0.1045,0.1043,0.1045,0.1044,0.1044,0.1044,0.1049,0.1044,0.1044,0.1044,0.1044,0.1044,0.1044,0.1044,0.1044,0.1041,0.1044,0.1042,0.1042,0.1042,0.1042,0.1042,0.1042,0.1043,0.1043,0.1043,0.1043,0.1044,0.1042,0.1043,0.1042,0.1042,0.1043,0.1043,0.1041,0.1041,0.104,0.1043,0.1043,0.1041,0.1042,0.104,0.1042,0.1042,0.1041,0.1041,0.1042,0.1042,0.1043,0.1042,0.1042,0.1041,0.1042,0.1041,0.1042,0.104,0.1042,0.1042,0.104,0.1041,0.1041,0.1041,0.104,0.1042,0.1041,0.1041,0.1041
2;3,0.1004,0.1066,0.1,0.0999,0.1,0.1,0.1002,0.1001,0.1001,0.0999,0.1001,0.1001,0.1001,0.1,0.0997,0.1001,0.0998,0.1,0.1001,0.0998,0.0997,0.0997,0.0998,0.0999,0.1001,0.0996,0.0997,0.0998,0.0997,0.0996,0.0996,0.0999,0.0995,0.0997,0.0997,0.1002,0.0996,0.0997,0.0997,0.0996,0.0996,0.0996,0.0997,0.0995,0.0995,0.0996,0.0994,0.0994,0.0995,0.0994,0.0995,0.0994,0.0996,0.0995,0.0997,0.0996,0.0995,0.0994,0.0995,0.0995,0.0994,0.0995,0.0994,0.0994,0.0994,0.0994,0.0995,0.0995,0.0995,0.0994,0.0994,0.0994,0.0994,0.0994,0.0994,0.0993,0.0994,0.0994,0.0994,0.0993,0.0994,0.0995,0.0993,0.0994,0.0993,0.0994,0.0993,0.0994,0.0995,0.0993,0.0994,0.0993,0.0994,0.0994,0.0992,0.0992
3;2,0.0963,0.1051,0.0965,0.0964,0.0964,0.0966,0.0965,0.0966,0.0966,0.0965,0.0964,0.0964,0.0963,0.0964,0.0962,0.0962,0.0963,0.0961,0.0966,0.0963,0.096,0.0963,0.0965,0.0964,0.0967,0.0961,0.0963,0.0962,0.0961,0.0961,0.0961,0.0964,0.0961,0.0962,0.0961,0.0966,0.0961,0.0961,0.0961,0.0961,0.0961,0.0962,0.0961,0.0961,0.0961,0.0961,0.096,0.0959,0.096,0.096,0.0961,0.096,0.0961,0.096,0.0961,0.096,0.0962,0.0959,0.0961,0.096,0.0959,0.096,0.0959,0.0959,0.096,0.0959,0.0961,0.096,0.0961,0.096,0.0959,0.096,0.096,0.096,0.096,0.0959,0.096,0.096,0.0961,0.0961,0.0959,0.096,0.096,0.0959,0.0959,0.096,0.096,0.0959,0.096,0.0959,0.0958,0.096,0.096,0.0958,0.0959,0.0959
,,,,,,,,,,,,,,,,,,,,,,,,,,,,,,,,,,,,,,,,,,,,,,,,,,,,,,,,,,,,,,,,,,,,,,,,,,,,,,,,,,,,,,,,,,,,,,,,
Cycles / Well,,,,,,,,,,,,,,,,,,,,,,,,,,,,,,,,,,,,,,,,,,,,,,,,,,,,,,,,,,,,,,,,,,,,,,,,,,,,,,,,,,,,,,,,,,,,,,,,
E11,1,2,3,4,5,6,7,8,9,10,11,12,13,14,15,16,17,18,19,20,21,22,23,24,25,26,27,28,29,30,31,32,33,34,35,36,37,38,39,40,41,42,43,44,45,46,47,48,49,50,51,52,53,54,55,56,57,58,59,60,61,62,63,64,65,66,67,68,69,70,71,72,73,74,75,76,77,78,79,80,81,82,83,84,85,86,87,88,89,90,91,92,93,94,95,96
Time [s],0,1799.804,3599.705,5399.641,7199.561,8999.49,10799.409,12599.333,14399.26,16199.194,17999.109,19799.039,21598.958,23398.892,25198.808,26998.725,28798.661,30598.589,32398.489,34198.443,35998.374,37798.286,39598.224,41398.149,43198.081,44997.99,46797.917,48597.842,50397.765,52197.702,53997.621,55797.552,57597.468,59397.391,61197.317,62997.249,64797.163,66597.084,68397.028,70196.935,71996.864,73796.783,75596.71,77396.649,79196.565,80996.494,82796.414,84596.354,86396.27,88196.204,89996.112,91796.061,93595.971,95395.897,97195.829,98995.747,100795.679,102595.601,104395.534,106195.445,107995.377,109795.307,111595.236,113395.157,115195.076,116995.019,118794.937,120594.848,122394.785,124194.722,125994.648,127794.579,129594.494,131394.41,133194.341,134994.266,136794.185,138594.122,140394.047,142193.959,143993.87,145793.805,147593.724,149393.655,151193.569,152993.504,154793.443,156593.376,158393.277,160193.21,161993.13,163793.052,165592.982,167392.906,169192.831,170992.755
Temp. [°C],40.8,29.9,29.9,30,30,30.1,30,30.1,30,29.9,30,30,30,30,30,29.9,30,30,30.1,30.1,29.9,30,30,30,30.1,30.1,30,30.1,30.1,30,30,30,29.9,30.1,30,29.9,29.8,29.8,29.8,29.9,30.1,30.1,30,30.1,29.8,29.9,30,30,30,30.1,30,30,29.8,30,30,30.1,30.1,30,30.1,29.9,30,30.1,30.1,30,30,29.9,29.9,30.1,30,30,29.9,29.9,30,30,29.9,30.1,29.9,29.8,29.9,30,30,30.1,30,30,30.1,30.1,30.2,30.1,29.9,30,29.9,29.9,30.1,29.9,30,30
Mean,0.10032,0.10876,0.10058,0.10064,0.10072,0.10082,0.10068,0.10076,0.1007,0.10052,0.10076,0.10074,0.10064,0.10056,0.10058,0.10058,0.10068,0.10054,0.10072,0.10062,0.10028,0.10046,0.10054,0.10076,0.10088,0.10044,0.10054,0.10066,0.10054,0.10036,0.1004,0.10056,0.10046,0.10036,0.10042,0.10096,0.10034,0.10044,0.10038,0.10036,0.10032,0.10034,0.10028,0.10026,0.10024,0.10032,0.10026,0.10012,0.10016,0.10022,0.10024,0.10022,0.10034,0.10026,0.10028,0.10024,0.10028,0.10016,0.10034,0.10026,0.10014,0.10026,0.10016,0.1002,0.10018,0.10008,0.10026,0.10022,0.1002,0.10018,0.10008,0.10018,0.10022,0.10018,0.10016,0.10016,0.10022,0.10018,0.10018,0.10012,0.10012,0.10018,0.1001,0.10012,0.10008,0.10008,0.10016,0.1,0.10014,0.10012,0.10008,0.10014,0.10014,0.10016,0.10004,0.1
StDev,0.000881476,0.001545316,0.001181948,0.001248199,0.001277498,0.001198749,0.001173456,0.001262141,0.001226784,0.001291124,0.001384919,0.00121161,0.001306905,0.001266096,0.001245793,0.001291124,0.001465264,0.001379493,0.001227599,0.001283355,0.001275539,0.001384919,0.001287633,0.001444991,0.001398928,0.001424079,0.001314534,0.001325896,0.001312631,0.001432829,0.001383835,0.001339029,0.001374045,0.001374045,0.001331165,0.001316435,0.001399286,0.001340895,0.001349815,0.001432829,0.001366382,0.001393915,0.001437707,0.001404635,0.001402854,0.001388164,0.001404635,0.001360882,0.001344619,0.001420211,0.001393915,0.001420211,0.001393915,0.001344619,0.001342386,0.001397498,0.001342386,0.001425833,0.001418802,0.001401071,0.001457052,0.001404635,0.001485934,0.001354622,0.001402498,0.001468673,0.001431084,0.001475466,0.001445683,0.001528725,0.001512283,0.001473771,0.001478851,0.001437707,0.001504327,0.001527416,0.001515586,0.001420211,0.00153688,0.001523811,0.001523811,0.001473771,0.001547579,0.001515586,0.001507315,0.001444645,0.001504327,0.001544345,0.001497665,0.00155467,0.00153688,0.001533949,0.001586821,0.001514265,0.001596246,0.001589025
1;2,0.101,0.1099,0.1019,0.1021,0.1023,0.1023,0.1022,0.1025,0.1023,0.1022,0.1026,0.1024,0.1024,0.1023,0.1023,0.1022,0.1027,0.1023,0.1024,0.1023,0.102,0.1023,0.1022,0.1027,0.1027,0.1023,0.1022,0.1024,0.1023,0.1023,0.1023,0.1024,0.1023,0.1022,0.1022,0.1027,0.1022,0.1022,0.1022,0.1023,0.1021,0.1022,0.1022,0.1021,0.1021,0.1022,0.1021,0.1019,0.1019,0.1021,0.1021,0.1021,0.1022,0.102,0.1021,0.1021,0.1021,0.1021,0.1023,0.1021,0.1021,0.1021,0.1022,0.102,0.1021,0.102,0.1022,0.1022,0.1021,0.1022,0.102,0.1021,0.1022,0.1021,0.1021,0.1022,0.1022,0.102,0.1022,0.1021,0.1021,0.1021,0.1021,0.1021,0.1021,0.102,0.1021,0.102,0.1021,0.1021,0.1021,0.1021,0.1022,0.1021,0.1021,0.102
2;1,0.1014,0.1107,0.1017,0.1017,0.1017,0.1017,0.1014,0.1015,0.1014,0.1012,0.1015,0.1014,0.1014,0.1012,0.1012,0.1014,0.1015,0.1014,0.1013,0.1013,0.1009,0.1012,0.1012,0.1015,0.1017,0.1013,0.1012,0.1014,0.1012,0.101,0.101,0.1011,0.1011,0.101,0.101,0.1016,0.101,0.1011,0.101,0.101,0.101,0.1009,0.1009,0.1009,0.1009,0.1009,0.1009,0.1007,0.1007,0.1008,0.1008,0.1008,0.1009,0.1008,0.1007,0.1006,0.1007,0.1006,0.1008,0.1007,0.1006,0.1007,0.1006,0.1006,0.1006,0.1006,0.1008,0.1007,0.1007,0.1007,0.1006,0.1007,0.1007,0.1006,0.1006,0.1006,0.1007,0.1007,0.1006,0.1006,0.1006,0.1007,0.1005,0.1006,0.1005,0.1005,0.1006,0.1005,0.1005,0.1006,0.1005,0.1006,0.1006,0.1006,0.1005,0.1004
2;2,0.1001,0.1083,0.1003,0.1005,0.1006,0.1008,0.1007,0.1006,0.1008,0.1007,0.1009,0.1007,0.1006,0.1006,0.1006,0.1007,0.1006,0.1006,0.1008,0.1008,0.1004,0.1006,0.1008,0.1009,0.101,0.1005,0.1009,0.1008,0.1007,0.1006,0.1006,0.1008,0.1007,0.1006,0.1007,0.1012,0.1006,0.1007,0.1006,0.1006,0.1006,0.1007,0.1006,0.1006,0.1005,0.1006,0.1006,0.1005,0.1006,0.1006,0.1006,0.1006,0.1007,0.1007,0.1007,0.1008,0.1007,0.1006,0.1007,0.1008,0.1006,0.1008,0.1006,0.1007,0.1006,0.1006,0.1006,0.1007,0.1007,0.1007,0.1007,0.1007,0.1007,0.1007,0.1008,0.1007,0.1008,0.1007,0.1008,0.1007,0.1007,0.1007,0.1008,0.1007,0.1006,0.1006,0.1008,0.1006,0.1008,0.1008,0.1007,0.1008,0.1008,0.1008,0.1007,0.1008
2;3,0.0992,0.1068,0.0992,0.0992,0.0993,0.0995,0.0993,0.0994,0.0993,0.099,0.0993,0.0994,0.0992,0.0992,0.0992,0.0991,0.0992,0.0989,0.0993,0.0992,0.0988,0.099,0.0991,0.0992,0.0994,0.0989,0.0992,0.0993,0.0992,0.099,0.0991,0.0993,0.0991,0.099,0.099,0.0997,0.099,0.0991,0.099,0.0989,0.0989,0.099,0.0988,0.0988,0.099,0.099,0.0988,0.0988,0.0989,0.0989,0.0989,0.0989,0.099,0.099,0.099,0.099,0.099,0.0988,0.099,0.0989,0.0989,0.099,0.0988,0.099,0.0989,0.0987,0.099,0.0988,0.0989,0.0988,0.0988,0.0989,0.0989,0.0989,0.0989,0.0989,0.0989,0.099,0.0989,0.0989,0.0989,0.0989,0.0988,0.0988,0.0989,0.0989,0.0989,0.0987,0.0989,0.0988,0.0988,0.0989,0.0988,0.099,0.0988,0.0987
3;2,0.0999,0.1081,0.0998,0.0997,0.0997,0.0998,0.0998,0.0998,0.0997,0.0995,0.0995,0.0998,0.0996,0.0995,0.0996,0.0995,0.0994,0.0995,0.0998,0.0995,0.0993,0.0992,0.0994,0.0995,0.0996,0.0992,0.0992,0.0994,0.0993,0.0989,0.099,0.0992,0.0991,0.099,0.0992,0.0996,0.0989,0.0991,0.0991,0.099,0.099,0.0989,0.0989,0.0989,0.0987,0.0989,0.0989,0.0987,0.0987,0.0987,0.0988,0.0987,0.0989,0.0988,0.0989,0.0987,0.0989,0.0987,0.0989,0.0988,0.0985,0.0987,0.0986,0.0987,0.0987,0.0985,0.0987,0.0987,0.0986,0.0985,0.0983,0.0985,0.0986,0.0986,0.0984,0.0984,0.0985,0.0985,0.0984,0.0983,0.0983,0.0985,0.0983,0.0984,0.0983,0.0984,0.0984,0.0982,0.0984,0.0983,0.0983,0.0983,0.0983,0.0983,0.0981,0.0981
,,,,,,,,,,,,,,,,,,,,,,,,,,,,,,,,,,,,,,,,,,,,,,,,,,,,,,,,,,,,,,,,,,,,,,,,,,,,,,,,,,,,,,,,,,,,,,,,
Cycles / Well,,,,,,,,,,,,,,,,,,,,,,,,,,,,,,,,,,,,,,,,,,,,,,,,,,,,,,,,,,,,,,,,,,,,,,,,,,,,,,,,,,,,,,,,,,,,,,,,
E12,1,2,3,4,5,6,7,8,9,10,11,12,13,14,15,16,17,18,19,20,21,22,23,24,25,26,27,28,29,30,31,32,33,34,35,36,37,38,39,40,41,42,43,44,45,46,47,48,49,50,51,52,53,54,55,56,57,58,59,60,61,62,63,64,65,66,67,68,69,70,71,72,73,74,75,76,77,78,79,80,81,82,83,84,85,86,87,88,89,90,91,92,93,94,95,96
Time [s],0,1799.804,3599.705,5399.641,7199.561,8999.49,10799.409,12599.333,14399.26,16199.194,17999.109,19799.039,21598.958,23398.892,25198.808,26998.725,28798.661,30598.589,32398.489,34198.443,35998.374,37798.286,39598.224,41398.149,43198.081,44997.99,46797.917,48597.842,50397.765,52197.702,53997.621,55797.552,57597.468,59397.391,61197.317,62997.249,64797.163,66597.084,68397.028,70196.935,71996.864,73796.783,75596.71,77396.649,79196.565,80996.494,82796.414,84596.354,86396.27,88196.204,89996.112,91796.061,93595.971,95395.897,97195.829,98995.747,100795.679,102595.601,104395.534,106195.445,107995.377,109795.307,111595.236,113395.157,115195.076,116995.019,118794.937,120594.848,122394.785,124194.722,125994.648,127794.579,129594.494,131394.41,133194.341,134994.266,136794.185,138594.122,140394.047,142193.959,143993.87,145793.805,147593.724,149393.655,151193.569,152993.504,154793.443,156593.376,158393.277,160193.21,161993.13,163793.052,165592.982,167392.906,169192.831,170992.755
Temp. [°C],40.8,29.9,29.9,30,30,30.1,30,30.1,30,29.9,30,30,30,30,30,29.9,30,30,30.1,30.1,29.9,30,30,30,30.1,30.1,30,30.1,30.1,30,30,30,29.9,30.1,30,29.9,29.8,29.8,29.8,29.9,30.1,30.1,30,30.1,29.8,29.9,30,30,30,30.1,30,30,29.8,30,30,30.1,30.1,30,30.1,29.9,30,30.1,30.1,30,30,29.9,29.9,30.1,30,30,29.9,29.9,30,30,29.9,30.1,29.9,29.8,29.9,30,30,30.1,30,30,30.1,30.1,30.2,30.1,29.9,30,29.9,29.9,30.1,29.9,30,30
Mean,0.1007,0.10034,0.10038,0.10042,0.10054,0.10062,0.10052,0.1007,0.10058,0.10042,0.10056,0.10052,0.10182,0.1005,0.10032,0.1005,0.10032,0.10032,0.10054,0.10036,0.10006,0.10024,0.10034,0.10054,0.10064,0.10062,0.10046,0.10034,0.10028,0.1001,0.10022,0.10038,0.1003,0.10022,0.10026,0.10076,0.10016,0.10024,0.1002,0.10016,0.10022,0.10022,0.10012,0.10012,0.1001,0.10016,0.1001,0.09992,0.10012,0.10008,0.10016,0.10008,0.1002,0.10004,0.10008,0.10008,0.10004,0.10002,0.10026,0.1002,0.10008,0.1001,0.1,0.1,0.09998,0.09998,0.10008,0.1002,0.10008,0.10008,0.1,0.1001,0.10018,0.10014,0.1002,0.10012,0.10026,0.10016,0.1003,0.1001,0.10014,0.10018,0.10008,0.10014,0.10016,0.1002,0.10036,0.1001,0.10028,0.10016,0.10028,0.10028,0.1003,0.10036,0.10034,0.10038
StDev,0.002739526,0.003263127,0.003222111,0.003236047,0.003281463,0.003261441,0.003262208,0.003101612,0.00311721,0.003305601,0.00320905,0.003261441,0.002896032,0.003128098,0.003155471,0.003168596,0.003208894,0.003250692,0.003173799,0.003248538,0.003144519,0.00315563,0.003100484,0.003077012,0.003141337,0.002585923,0.003022085,0.003087556,0.003088203,0.00302407,0.003061372,0.003035951,0.00292831,0.003049098,0.00296867,0.003021258,0.003010482,0.00292113,0.002960574,0.002947541,0.002885654,0.002893441,0.002893441,0.002835842,0.002859196,0.002897067,0.002853069,0.002835842,0.002736238,0.002779748,0.002735507,0.00268179,0.002754088,0.002714406,0.00274718,0.002728919,0.002770018,0.002590753,0.002640644,0.002652357,0.002634768,0.002605763,0.002751363,0.002659887,0.002725252,0.002582053,0.00253318,0.002524876,0.002535153,0.002539094,0.002514955,0.002524876,0.002465157,0.002401666,0.002434132,0.002428374,0.002343715,0.002383904,0.002307596,0.002380126,0.002433721,0.002340299,0.002338162,0.002324435,0.002300652,0.002333452,0.00224232,0.002319483,0.002293905,0.002285388,0.002293905,0.002314519,0.002246108,0.002274423,0.002267818,0.002304778
1;2,0.1036,0.1037,0.1038,0.1038,0.1038,0.104,0.1039,0.1039,0.1037,0.1037,0.1039,0.104,0.1038,0.1038,0.1036,0.1038,0.1036,0.1036,0.1037,0.1039,0.1032,0.1035,0.1037,0.1037,0.1039,0.1035,0.1036,0.1037,0.1036,0.1032,0.1034,0.1036,0.1034,0.1035,0.1034,0.104,0.1034,0.1033,0.1034,0.1033,0.1032,0.1033,0.1032,0.1031,0.1031,0.1032,0.1031,0.1029,0.103,0.103,0.1031,0.1029,0.1031,0.1029,0.1029,0.1028,0.1029,0.1027,0.1031,0.103,0.1027,0.1029,0.1029,0.1027,0.1028,0.1027,0.1027,0.1028,0.1027,0.1026,0.1026,0.1027,0.1026,0.1026,0.1027,0.1025,0.1026,0.1025,0.1025,0.1024,0.1025,0.1024,0.1024,0.1023,0.1023,0.1024,0.1023,0.1023,0.1023,0.1023,0.1023,0.1023,0.1021,0.1022,0.1022,0.1022
2;1,0.0987,0.0987,0.0987,0.0988,0.099,0.0989,0.0987,0.0991,0.0989,0.0986,0.0987,0.0987,0.0987,0.0989,0.0985,0.0988,0.0986,0.0985,0.0988,0.0985,0.0985,0.0987,0.0987,0.0988,0.099,0.0987,0.0989,0.0987,0.0986,0.0985,0.0986,0.0987,0.0987,0.0986,0.0987,0.0992,0.0986,0.0986,0.0986,0.0985,0.0985,0.0986,0.0985,0.0985,0.0985,0.0985,0.0985,0.0983,0.0985,0.0984,0.0984,0.0985,0.0986,0.0984,0.0985,0.0984,0.0984,0.0984,0.0985,0.0985,0.0985,0.0984,0.0983,0.0984,0.0983,0.0984,0.0984,0.0984,0.0984,0.0984,0.0982,0.0983,0.0983,0.0984,0.0984,0.0984,0.0983,0.0984,0.0985,0.0983,0.0983,0.0983,0.0983,0.0982,0.0982,0.0982,0.0984,0.0982,0.0983,0.0983,0.0983,0.0982,0.0982,0.0983,0.0982,0.0982
2;2,0.1038,0.1039,0.1038,0.1039,0.1042,0.1042,0.1041,0.1041,0.1041,0.1042,0.1041,0.104,0.1039,0.1039,0.1038,0.104,0.1039,0.104,0.1042,0.1038,0.1036,0.1037,0.1036,0.104,0.1041,0.1034,0.1038,0.1036,0.1036,0.1035,0.1036,0.1037,0.1035,0.1035,0.1035,0.104,0.1034,0.1035,0.1034,0.1034,0.1035,0.1034,0.1033,0.1033,0.1033,0.1034,0.1033,0.1031,0.1032,0.1032,0.1032,0.1031,0.1033,0.1031,0.1032,0.1033,0.1032,0.103,0.1032,0.1032,0.1032,0.103,0.1031,0.1031,0.1031,0.1029,0.103,0.1031,0.103,0.1031,0.1029,0.103,0.1031,0.1029,0.103,0.103,0.1029,0.103,0.103,0.1029,0.103,0.103,0.1028,0.1029,0.1029,0.1029,0.1029,0.1028,0.1029,0.1028,0.1029,0.1029,0.1029,0.1029,0.1029,0.1029
2;3,0.0987,0.0987,0.0988,0.0988,0.0989,0.0989,0.0989,0.0991,0.099,0.0987,0.0989,0.0989,0.0986,0.0987,0.0987,0.0987,0.0986,0.0986,0.0987,0.0986,0.0984,0.0985,0.0987,0.0988,0.0989,0.0986,0.0987,0.0986,0.0985,0.0983,0.0985,0.0986,0.0986,0.0984,0.0985,0.099,0.0983,0.0984,0.0983,0.0983,0.0984,0.0984,0.0983,0.0982,0.0982,0.0983,0.0981,0.098,0.0982,0.0983,0.0982,0.0982,0.0982,0.0981,0.0984,0.0982,0.0982,0.098,0.0982,0.0982,0.0981,0.0982,0.0981,0.098,0.0981,0.098,0.0981,0.098,0.098,0.098,0.098,0.0979,0.098,0.098,0.0981,0.0979,0.098,0.0981,0.098,0.0978,0.0978,0.0981,0.0979,0.0979,0.098,0.0979,0.0979,0.0978,0.0978,0.0978,0.0978,0.0978,0.0979,0.0978,0.0979,0.0978
3;2,0.0987,0.0967,0.0968,0.0968,0.0968,0.0971,0.097,0.0973,0.0972,0.0969,0.0972,0.097,0.1041,0.0972,0.097,0.0972,0.0969,0.0969,0.0973,0.097,0.0966,0.0968,0.097,0.0974,0.0973,0.0989,0.0973,0.0971,0.0971,0.097,0.097,0.0973,0.0973,0.0971,0.0972,0.0976,0.0971,0.0974,0.0973,0.0973,0.0975,0.0974,0.0973,0.0975,0.0974,0.0974,0.0975,0.0973,0.0977,0.0975,0.0979,0.0977,0.0978,0.0977,0.0974,0.0977,0.0975,0.098,0.0983,0.0981,0.0979,0.098,0.0976,0.0978,0.0976,0.0979,0.0982,0.0987,0.0983,0.0983,0.0983,0.0986,0.0989,0.0988,0.0988,0.0988,0.0995,0.0988,0.0995,0.0991,0.0991,0.0991,0.099,0.0994,0.0994,0.0996,0.1003,0.0994,0.1001,0.0996,0.1001,0.1002,0.1004,0.1006,0.1005,0.1008
,,,,,,,,,,,,,,,,,,,,,,,,,,,,,,,,,,,,,,,,,,,,,,,,,,,,,,,,,,,,,,,,,,,,,,,,,,,,,,,,,,,,,,,,,,,,,,,,
Cycles / Well,,,,,,,,,,,,,,,,,,,,,,,,,,,,,,,,,,,,,,,,,,,,,,,,,,,,,,,,,,,,,,,,,,,,,,,,,,,,,,,,,,,,,,,,,,,,,,,,
F1,1,2,3,4,5,6,7,8,9,10,11,12,13,14,15,16,17,18,19,20,21,22,23,24,25,26,27,28,29,30,31,32,33,34,35,36,37,38,39,40,41,42,43,44,45,46,47,48,49,50,51,52,53,54,55,56,57,58,59,60,61,62,63,64,65,66,67,68,69,70,71,72,73,74,75,76,77,78,79,80,81,82,83,84,85,86,87,88,89,90,91,92,93,94,95,96
Time [s],0,1799.804,3599.705,5399.641,7199.561,8999.49,10799.409,12599.333,14399.26,16199.194,17999.109,19799.039,21598.958,23398.892,25198.808,26998.725,28798.661,30598.589,32398.489,34198.443,35998.374,37798.286,39598.224,41398.149,43198.081,44997.99,46797.917,48597.842,50397.765,52197.702,53997.621,55797.552,57597.468,59397.391,61197.317,62997.249,64797.163,66597.084,68397.028,70196.935,71996.864,73796.783,75596.71,77396.649,79196.565,80996.494,82796.414,84596.354,86396.27,88196.204,89996.112,91796.061,93595.971,95395.897,97195.829,98995.747,100795.679,102595.601,104395.534,106195.445,107995.377,109795.307,111595.236,113395.157,115195.076,116995.019,118794.937,120594.848,122394.785,124194.722,125994.648,127794.579,129594.494,131394.41,133194.341,134994.266,136794.185,138594.122,140394.047,142193.959,143993.87,145793.805,147593.724,149393.655,151193.569,152993.504,154793.443,156593.376,158393.277,160193.21,161993.13,163793.052,165592.982,167392.906,169192.831,170992.755
Temp. [°C],40.8,29.9,29.9,30,30,30.1,30,30.1,30,29.9,30,30,30,30,30,29.9,30,30,30.1,30.1,29.9,30,30,30,30.1,30.1,30,30.1,30.1,30,30,30,29.9,30.1,30,29.9,29.8,29.8,29.8,29.9,30.1,30.1,30,30.1,29.8,29.9,30,30,30,30.1,30,30,29.8,30,30,30.1,30.1,30,30.1,29.9,30,30.1,30.1,30,30,29.9,29.9,30.1,30,30,29.9,29.9,30,30,29.9,30.1,29.9,29.8,29.9,30,30,30.1,30,30,30.1,30.1,30.2,30.1,29.9,30,29.9,29.9,30.1,29.9,30,30
Mean,0.09982,0.10334,0.09996,0.09996,0.1,0.1001,0.10004,0.10008,0.09994,0.09988,0.10008,0.10004,0.09988,0.1,0.0998,0.09998,0.09982,0.09986,0.1001,0.09994,0.09966,0.09966,0.09984,0.10006,0.10006,0.09984,0.09984,0.0999,0.0998,0.09972,0.09972,0.09998,0.09978,0.09972,0.09986,0.10034,0.0997,0.09982,0.09982,0.0998,0.0998,0.09986,0.09984,0.09974,0.09972,0.09988,0.09978,0.0997,0.09976,0.09988,0.09984,0.0998,0.0999,0.0999,0.09988,0.09998,0.09988,0.09984,0.09998,0.10004,0.09984,0.10002,0.10002,0.09988,0.09982,0.09988,0.09998,0.10012,0.10012,0.10012,0.10004,0.10022,0.10022,0.10018,0.10018,0.10024,0.10026,0.10034,0.1004,0.10024,0.10032,0.1004,0.1004,0.10016,0.1003,0.10042,0.1004,0.10028,0.10052,0.10038,0.10052,0.10052,0.10056,0.10058,0.10056,0.10062
StDev,0.002782445,0.005012285,0.002951779,0.002896204,0.002949576,0.002891366,0.00304023,0.002958378,0.00298379,0.003096288,0.003132411,0.002987976,0.002945675,0.002955503,0.002971532,0.003067083,0.003054014,0.002957702,0.003026549,0.003038585,0.003038585,0.003077012,0.003065616,0.003063168,0.003146109,0.002829841,0.003048442,0.002994161,0.00302407,0.003025227,0.002982784,0.002932064,0.003011976,0.002957533,0.002958547,0.002942448,0.002918047,0.002945675,0.00294822,0.002867054,0.002816913,0.002853594,0.002818333,0.00281922,0.002827013,0.002766225,0.002864786,0.002799107,0.002827189,0.00281105,0.002751908,0.002742262,0.00274135,0.002742262,0.002768935,0.002668708,0.002759891,0.002704256,0.002712379,0.002620687,0.002613044,0.002632869,0.002588822,0.00268179,0.002676191,0.002593646,0.002600385,0.002578178,0.002579147,0.002504396,0.002546174,0.002487368,0.002485357,0.002448877,0.002486363,0.002463331,0.002483546,0.002478508,0.002501,0.002502599,0.002525272,0.002456624,0.002544602,0.002531403,0.002513961,0.002536139,0.002462722,0.002540079,0.002551862,0.002554799,0.002570409,0.002556756,0.002562811,0.002612853,0.002634957,0.002722499
1;2,0.1022,0.1059,0.103,0.103,0.1033,0.1032,0.1034,0.1033,0.1031,0.1034,0.1035,0.1033,0.1032,0.1032,0.103,0.1035,0.1032,0.1032,0.1035,0.1033,0.1031,0.103,0.1033,0.1035,0.1036,0.1031,0.1032,0.1032,0.1032,0.1031,0.103,0.1033,0.1032,0.103,0.1032,0.1036,0.1029,0.1031,0.1031,0.103,0.103,0.103,0.1029,0.1029,0.1028,0.1029,0.1029,0.1028,0.1029,0.103,0.1029,0.1028,0.1029,0.1029,0.1028,0.1028,0.1028,0.1028,0.1029,0.1029,0.1027,0.1029,0.1028,0.1028,0.1027,0.1026,0.1028,0.1028,0.1028,0.1027,0.1026,0.1027,0.1027,0.1026,0.1026,0.1027,0.1026,0.1027,0.1028,0.1026,0.1028,0.1026,0.1026,0.1026,0.1025,0.1027,0.1026,0.1025,0.1026,0.1025,0.1024,0.1025,0.1025,0.1025,0.1024,0.1024
2;1,0.0982,0.0983,0.0984,0.0984,0.0985,0.0986,0.0984,0.0986,0.0983,0.0982,0.0983,0.0983,0.0983,0.0983,0.0981,0.0982,0.0981,0.0983,0.0985,0.0984,0.0979,0.0978,0.0981,0.0983,0.0983,0.0981,0.0981,0.0983,0.098,0.0979,0.098,0.0983,0.098,0.0979,0.0981,0.0986,0.0979,0.098,0.0979,0.098,0.098,0.0981,0.098,0.0979,0.0978,0.098,0.0979,0.0979,0.0978,0.0979,0.0979,0.0978,0.098,0.0979,0.0979,0.098,0.0979,0.0977,0.0979,0.0979,0.0978,0.0979,0.098,0.0976,0.0978,0.0977,0.0978,0.0979,0.0978,0.0979,0.0977,0.0978,0.0979,0.0979,0.0978,0.0979,0.0978,0.0979,0.0979,0.0977,0.0978,0.0979,0.0977,0.0977,0.0977,0.0978,0.0979,0.0977,0.0978,0.0977,0.0977,0.0978,0.0979,0.0978,0.0977,0.0977
2;2,0.103,0.1065,0.1031,0.103,0.1029,0.1031,0.1031,0.1031,0.1031,0.1029,0.1033,0.1031,0.1028,0.1031,0.1029,0.103,0.1029,0.1028,0.1031,0.103,0.1027,0.1029,0.1029,0.1032,0.1032,0.1027,0.103,0.103,0.1029,0.1028,0.1028,0.1029,0.1028,0.1028,0.1029,0.1034,0.1028,0.1029,0.1029,0.1028,0.1027,0.1029,0.1029,0.1027,0.1028,0.1029,0.1029,0.1027,0.1028,0.1029,0.1028,0.1028,0.1029,0.1029,0.103,0.103,0.103,0.1028,0.103,0.1029,0.1027,0.1029,0.1029,0.1028,0.1028,0.1028,0.1028,0.103,0.103,0.1029,0.1029,0.1029,0.103,0.1029,0.1029,0.1029,0.103,0.103,0.103,0.1029,0.1029,0.103,0.103,0.1029,0.1029,0.103,0.1029,0.1029,0.103,0.103,0.103,0.1031,0.103,0.103,0.103,0.103
2;3,0.0994,0.1084,0.0988,0.0988,0.0987,0.0988,0.0987,0.0987,0.0986,0.0985,0.0987,0.0988,0.0985,0.0986,0.0985,0.0985,0.0985,0.0984,0.0987,0.0985,0.0982,0.0982,0.0984,0.0984,0.0986,0.0982,0.0983,0.0983,0.0982,0.0983,0.0983,0.0986,0.0983,0.0982,0.0982,0.0988,0.0981,0.0982,0.0983,0.0982,0.0982,0.0982,0.0982,0.0981,0.098,0.0981,0.098,0.0979,0.0979,0.0981,0.098,0.098,0.098,0.0981,0.0982,0.0982,0.098,0.098,0.098,0.098,0.0979,0.0981,0.098,0.0978,0.0978,0.0978,0.0978,0.0979,0.098,0.0979,0.0978,0.0979,0.098,0.0979,0.0978,0.0979,0.0979,0.0979,0.0979,0.0978,0.0978,0.0979,0.0978,0.0977,0.0977,0.0978,0.0978,0.0976,0.0978,0.0977,0.0978,0.0978,0.0977,0.0977,0.0977,0.0976
3;2,0.0963,0.0976,0.0965,0.0966,0.0966,0.0968,0.0966,0.0967,0.0966,0.0964,0.0966,0.0967,0.0966,0.0968,0.0965,0.0967,0.0964,0.0966,0.0967,0.0965,0.0964,0.0964,0.0965,0.0969,0.0966,0.0971,0.0966,0.0967,0.0967,0.0965,0.0965,0.0968,0.0966,0.0967,0.0969,0.0973,0.0968,0.0969,0.0969,0.097,0.0971,0.0971,0.0972,0.0971,0.0972,0.0975,0.0972,0.0972,0.0974,0.0975,0.0976,0.0976,0.0977,0.0977,0.0975,0.0979,0.0977,0.0979,0.0981,0.0985,0.0981,0.0983,0.0984,0.0984,0.098,0.0985,0.0987,0.099,0.099,0.0992,0.0992,0.0998,0.0995,0.0996,0.0998,0.0998,0.1,0.1002,0.1004,0.1002,0.1003,0.1006,0.1009,0.0999,0.1007,0.1008,0.1008,0.1007,0.1014,0.101,0.1017,0.1014,0.1017,0.1019,0.102,0.1024
,,,,,,,,,,,,,,,,,,,,,,,,,,,,,,,,,,,,,,,,,,,,,,,,,,,,,,,,,,,,,,,,,,,,,,,,,,,,,,,,,,,,,,,,,,,,,,,,
Cycles / Well,,,,,,,,,,,,,,,,,,,,,,,,,,,,,,,,,,,,,,,,,,,,,,,,,,,,,,,,,,,,,,,,,,,,,,,,,,,,,,,,,,,,,,,,,,,,,,,,
F2,1,2,3,4,5,6,7,8,9,10,11,12,13,14,15,16,17,18,19,20,21,22,23,24,25,26,27,28,29,30,31,32,33,34,35,36,37,38,39,40,41,42,43,44,45,46,47,48,49,50,51,52,53,54,55,56,57,58,59,60,61,62,63,64,65,66,67,68,69,70,71,72,73,74,75,76,77,78,79,80,81,82,83,84,85,86,87,88,89,90,91,92,93,94,95,96
Time [s],0,1799.804,3599.705,5399.641,7199.561,8999.49,10799.409,12599.333,14399.26,16199.194,17999.109,19799.039,21598.958,23398.892,25198.808,26998.725,28798.661,30598.589,32398.489,34198.443,35998.374,37798.286,39598.224,41398.149,43198.081,44997.99,46797.917,48597.842,50397.765,52197.702,53997.621,55797.552,57597.468,59397.391,61197.317,62997.249,64797.163,66597.084,68397.028,70196.935,71996.864,73796.783,75596.71,77396.649,79196.565,80996.494,82796.414,84596.354,86396.27,88196.204,89996.112,91796.061,93595.971,95395.897,97195.829,98995.747,100795.679,102595.601,104395.534,106195.445,107995.377,109795.307,111595.236,113395.157,115195.076,116995.019,118794.937,120594.848,122394.785,124194.722,125994.648,127794.579,129594.494,131394.41,133194.341,134994.266,136794.185,138594.122,140394.047,142193.959,143993.87,145793.805,147593.724,149393.655,151193.569,152993.504,154793.443,156593.376,158393.277,160193.21,161993.13,163793.052,165592.982,167392.906,169192.831,170992.755
Temp. [°C],40.8,29.9,29.9,30,30,30.1,30,30.1,30,29.9,30,30,30,30,30,29.9,30,30,30.1,30.1,29.9,30,30,30,30.1,30.1,30,30.1,30.1,30,30,30,29.9,30.1,30,29.9,29.8,29.8,29.8,29.9,30.1,30.1,30,30.1,29.8,29.9,30,30,30,30.1,30,30,29.8,30,30,30.1,30.1,30,30.1,29.9,30,30.1,30.1,30,30,29.9,29.9,30.1,30,30,29.9,29.9,30,30,29.9,30.1,29.9,29.8,29.9,30,30,30.1,30,30,30.1,30.1,30.2,30.1,29.9,30,29.9,29.9,30.1,29.9,30,30
Mean,0.1155,0.14044,0.16454,0.16692,0.12406,0.12848,0.1347,0.14356,0.15334,0.16644,0.18312,0.20376,0.22956,0.26084,0.29606,0.33798,0.38392,0.43654,0.4926,0.55594,0.62636,0.70544,0.7864,0.8645,0.93012,0.98518,1.0332,1.07094,1.10202,1.12602,1.14676,1.16146,1.17708,1.19082,1.20392,1.2152,1.22234,1.23216,1.24222,1.24848,1.25564,1.26408,1.27178,1.27734,1.28504,1.28964,1.2963,1.30338,1.3101,1.31634,1.32248,1.33,1.33576,1.34114,1.348,1.35326,1.35894,1.36492,1.37116,1.37484,1.3799,1.38506,1.38834,1.39356,1.3974,1.40136,1.40588,1.40996,1.41376,1.41702,1.41996,1.42346,1.42656,1.4297,1.4318,1.4345,1.43712,1.44096,1.4435,1.44556,1.44808,1.45042,1.45286,1.45394,1.4564,1.4582,1.45992,1.46192,1.46388,1.46596,1.46788,1.46984,1.47118,1.47294,1.47608,1.47606
StDev,0.00244949,0.004939939,0.008268797,0.009329362,0.005684013,0.006233538,0.007481644,0.009654688,0.011811139,0.015315123,0.020018541,0.026914736,0.035580936,0.046000467,0.059243844,0.074114992,0.091035059,0.11042852,0.133367219,0.158908867,0.186287541,0.214818384,0.239163647,0.256630425,0.270891264,0.279649391,0.285609865,0.289290482,0.292992964,0.294737141,0.294997768,0.29466182,0.291234316,0.286457784,0.280598542,0.275141627,0.26879595,0.261819275,0.255195116,0.250140624,0.244676139,0.238424185,0.233281337,0.228707156,0.22348636,0.219913945,0.21534318,0.210705071,0.205995971,0.200976648,0.196677406,0.191613204,0.186532686,0.183276957,0.179061163,0.17607451,0.170560145,0.165537615,0.160316727,0.157321702,0.153334553,0.149108863,0.146663059,0.143408762,0.139582932,0.136289647,0.132209292,0.129145588,0.126605087,0.124491032,0.121773983,0.119895467,0.117292894,0.115012304,0.112997102,0.110677753,0.109105921,0.106493981,0.10427821,0.103340326,0.101677687,0.100124657,0.098663332,0.097228149,0.095868791,0.09446899,0.094116375,0.092719318,0.090714122,0.090121102,0.089534585,0.088092156,0.087924098,0.086997402,0.08565277,0.085297263
1;2,0.1166,0.1408,0.1622,0.1627,0.1208,0.1242,0.1289,0.1345,0.1408,0.1478,0.1563,0.1659,0.1776,0.193,0.2076,0.2269,0.2473,0.2712,0.2959,0.3259,0.3623,0.4065,0.456,0.5094,0.556,0.5976,0.6358,0.6663,0.6899,0.7122,0.7286,0.7432,0.761,0.7772,0.7957,0.812,0.8277,0.8447,0.8599,0.8723,0.8852,0.9011,0.9134,0.9251,0.9382,0.9493,0.9609,0.9741,0.9876,1.0017,1.0131,1.0279,1.0416,1.0512,1.0627,1.0717,1.0862,1.0999,1.1147,1.1233,1.1337,1.1461,1.1531,1.1624,1.173,1.1826,1.1937,1.2026,1.2105,1.2168,1.225,1.2313,1.2383,1.2458,1.2513,1.2583,1.2636,1.2713,1.2774,1.2815,1.2861,1.2913,1.2955,1.2993,1.3041,1.3087,1.3113,1.3153,1.3211,1.3237,1.3265,1.3311,1.3325,1.3356,1.3406,1.3415
2;1,0.1154,0.1479,0.1767,0.18,0.1296,0.1344,0.1422,0.1534,0.1645,0.1795,0.1968,0.2184,0.2437,0.2733,0.3035,0.3391,0.3757,0.417,0.4574,0.5019,0.5519,0.6085,0.6713,0.7373,0.7913,0.8396,0.8848,0.921,0.951,0.9721,0.996,1.0126,1.0326,1.0541,1.0731,1.0899,1.1025,1.1201,1.139,1.1511,1.1653,1.1783,1.1933,1.2034,1.2165,1.2212,1.2333,1.2434,1.2528,1.2605,1.2713,1.2809,1.2891,1.2977,1.3101,1.3192,1.3259,1.3338,1.3406,1.3455,1.3541,1.3589,1.3648,1.3733,1.377,1.3817,1.3874,1.3937,1.3973,1.4027,1.4044,1.409,1.4135,1.4154,1.4184,1.4211,1.4241,1.4285,1.4319,1.4335,1.4391,1.4401,1.4441,1.4452,1.4472,1.4481,1.4497,1.4531,1.4539,1.4572,1.4602,1.4613,1.4631,1.4657,1.4689,1.4682
2;2,0.1145,0.1368,0.158,0.1604,0.1205,0.1246,0.1303,0.1387,0.1481,0.1609,0.1783,0.1988,0.226,0.2586,0.2962,0.3421,0.3931,0.451,0.5103,0.5765,0.6461,0.7213,0.7979,0.8757,0.942,1.0012,1.0515,1.0929,1.1283,1.1526,1.1781,1.1911,1.2096,1.2258,1.2421,1.2564,1.2607,1.2716,1.2855,1.2895,1.2958,1.3065,1.3156,1.3187,1.3283,1.331,1.338,1.3455,1.3519,1.3578,1.3636,1.3717,1.3751,1.3795,1.3874,1.3909,1.3962,1.4013,1.4077,1.4095,1.414,1.4186,1.4197,1.4255,1.4275,1.4301,1.4338,1.4353,1.4402,1.4422,1.4441,1.4471,1.4496,1.4524,1.4531,1.4546,1.4569,1.4617,1.4636,1.4648,1.4666,1.4692,1.4714,1.471,1.474,1.4746,1.4762,1.4771,1.4784,1.481,1.4825,1.4842,1.4855,1.4872,1.4915,1.4907
2;3,0.1122,0.1352,0.1569,0.1582,0.1186,0.1231,0.1286,0.1366,0.146,0.1592,0.1761,0.1975,0.2248,0.2577,0.2985,0.3461,0.4011,0.4655,0.5366,0.6169,0.7072,0.8137,0.9257,1.0291,1.115,1.1828,1.2383,1.2815,1.316,1.3446,1.3654,1.3808,1.3921,1.4014,1.408,1.4135,1.4152,1.4168,1.4186,1.4197,1.4212,1.423,1.424,1.4254,1.4282,1.4302,1.4318,1.4349,1.4368,1.4384,1.4393,1.4426,1.4448,1.4473,1.4475,1.4503,1.4517,1.4539,1.4552,1.457,1.4582,1.4608,1.4614,1.4626,1.4647,1.4659,1.4671,1.4694,1.4707,1.4721,1.4737,1.4758,1.477,1.4789,1.4796,1.4805,1.4815,1.4831,1.4839,1.4854,1.4851,1.4872,1.4888,1.4895,1.4908,1.4929,1.4937,1.495,1.4965,1.4972,1.4979,1.4997,1.501,1.5016,1.5036,1.5042
3;2,0.1188,0.1415,0.1689,0.1733,0.1308,0.1361,0.1435,0.1546,0.1673,0.1848,0.2081,0.2382,0.2757,0.3216,0.3745,0.4357,0.5024,0.578,0.6628,0.7585,0.8643,0.9772,1.0811,1.171,1.2463,1.3047,1.3556,1.393,1.4249,1.4486,1.4657,1.4796,1.4901,1.4956,1.5007,1.5042,1.5056,1.5076,1.5081,1.5098,1.5107,1.5115,1.5126,1.5141,1.514,1.5165,1.5175,1.519,1.5214,1.5233,1.5251,1.5269,1.5282,1.53,1.5323,1.5342,1.5347,1.5357,1.5376,1.5389,1.5395,1.5409,1.5427,1.544,1.5448,1.5465,1.5474,1.5488,1.5501,1.5513,1.5526,1.5541,1.5544,1.556,1.5566,1.558,1.5595,1.5602,1.5607,1.5626,1.5635,1.5643,1.5645,1.5647,1.5659,1.5667,1.5687,1.5691,1.5695,1.5707,1.5723,1.5729,1.5738,1.5746,1.5758,1.5757
,,,,,,,,,,,,,,,,,,,,,,,,,,,,,,,,,,,,,,,,,,,,,,,,,,,,,,,,,,,,,,,,,,,,,,,,,,,,,,,,,,,,,,,,,,,,,,,,
Cycles / Well,,,,,,,,,,,,,,,,,,,,,,,,,,,,,,,,,,,,,,,,,,,,,,,,,,,,,,,,,,,,,,,,,,,,,,,,,,,,,,,,,,,,,,,,,,,,,,,,
F3,1,2,3,4,5,6,7,8,9,10,11,12,13,14,15,16,17,18,19,20,21,22,23,24,25,26,27,28,29,30,31,32,33,34,35,36,37,38,39,40,41,42,43,44,45,46,47,48,49,50,51,52,53,54,55,56,57,58,59,60,61,62,63,64,65,66,67,68,69,70,71,72,73,74,75,76,77,78,79,80,81,82,83,84,85,86,87,88,89,90,91,92,93,94,95,96
Time [s],0,1799.804,3599.705,5399.641,7199.561,8999.49,10799.409,12599.333,14399.26,16199.194,17999.109,19799.039,21598.958,23398.892,25198.808,26998.725,28798.661,30598.589,32398.489,34198.443,35998.374,37798.286,39598.224,41398.149,43198.081,44997.99,46797.917,48597.842,50397.765,52197.702,53997.621,55797.552,57597.468,59397.391,61197.317,62997.249,64797.163,66597.084,68397.028,70196.935,71996.864,73796.783,75596.71,77396.649,79196.565,80996.494,82796.414,84596.354,86396.27,88196.204,89996.112,91796.061,93595.971,95395.897,97195.829,98995.747,100795.679,102595.601,104395.534,106195.445,107995.377,109795.307,111595.236,113395.157,115195.076,116995.019,118794.937,120594.848,122394.785,124194.722,125994.648,127794.579,129594.494,131394.41,133194.341,134994.266,136794.185,138594.122,140394.047,142193.959,143993.87,145793.805,147593.724,149393.655,151193.569,152993.504,154793.443,156593.376,158393.277,160193.21,161993.13,163793.052,165592.982,167392.906,169192.831,170992.755
Temp. [°C],40.8,29.9,29.9,30,30,30.1,30,30.1,30,29.9,30,30,30,30,30,29.9,30,30,30.1,30.1,29.9,30,30,30,30.1,30.1,30,30.1,30.1,30,30,30,29.9,30.1,30,29.9,29.8,29.8,29.8,29.9,30.1,30.1,30,30.1,29.8,29.9,30,30,30,30.1,30,30,29.8,30,30,30.1,30.1,30,30.1,29.9,30,30.1,30.1,30,30,29.9,29.9,30.1,30,30,29.9,29.9,30,30,29.9,30.1,29.9,29.8,29.9,30,30,30.1,30,30,30.1,30.1,30.2,30.1,29.9,30,29.9,29.9,30.1,29.9,30,30
Mean,0.11922,0.14092,0.16362,0.16342,0.12976,0.13554,0.14316,0.154,0.16656,0.18352,0.20622,0.23632,0.27638,0.32494,0.38462,0.45618,0.53764,0.63132,0.73398,0.84424,0.9558,1.0608,1.15396,1.23342,1.29624,1.34544,1.38586,1.41734,1.44104,1.45772,1.47024,1.47868,1.4841,1.48778,1.49072,1.49348,1.495,1.49676,1.49916,1.5007,1.50266,1.50454,1.5067,1.50834,1.51038,1.51234,1.51444,1.51672,1.51846,1.52032,1.52234,1.52438,1.52586,1.52814,1.52972,1.5313,1.53282,1.53464,1.53682,1.53782,1.5397,1.5414,1.5429,1.54432,1.54532,1.54702,1.54888,1.55014,1.5515,1.5526,1.55408,1.55576,1.55804,1.5582,1.55946,1.56024,1.56168,1.56304,1.5642,1.56516,1.56648,1.56716,1.56826,1.56958,1.57078,1.57174,1.5727,1.57384,1.57502,1.57636,1.5771,1.57832,1.57956,1.58006,1.58204,1.582
StDev,0.004586611,0.006099344,0.010407545,0.011364946,0.008089994,0.009418492,0.011256243,0.014298951,0.016546692,0.019995424,0.024089562,0.029805318,0.036757611,0.043144559,0.048028658,0.052242483,0.054206485,0.055212743,0.05563427,0.05491009,0.053789404,0.050571286,0.046615909,0.04264636,0.039111993,0.037046903,0.035364855,0.034239349,0.034079363,0.033700697,0.032942268,0.03228145,0.032002344,0.032219823,0.032097383,0.032194829,0.032373986,0.031945313,0.031540973,0.032122811,0.031991921,0.032150086,0.032294117,0.031867507,0.031991202,0.031684113,0.031697287,0.031760856,0.031444284,0.031932617,0.031831478,0.031533189,0.031116202,0.0310198,0.030943772,0.031271233,0.031167563,0.031070613,0.031127833,0.030992531,0.031145224,0.031029744,0.030953756,0.031192579,0.030874698,0.030606731,0.030500361,0.030433748,0.030459235,0.03032499,0.030320735,0.030528315,0.031103424,0.030458825,0.030199636,0.030129603,0.029812866,0.029720919,0.03026987,0.029705606,0.029806912,0.030083766,0.030056081,0.029748563,0.029570965,0.029713179,0.029746344,0.029492423,0.029529765,0.029494203,0.029546573,0.029257256,0.029375977,0.029262314,0.028983668,0.028750043
1;2,0.1158,0.1355,0.1558,0.1551,0.1225,0.1266,0.1324,0.1399,0.1502,0.1632,0.1809,0.2046,0.2372,0.2775,0.3312,0.3975,0.4758,0.5681,0.6699,0.7817,0.8954,1.0046,1.1017,1.1876,1.2534,1.3052,1.3484,1.3816,1.4052,1.4227,1.4356,1.4443,1.4504,1.4537,1.4573,1.4584,1.4604,1.4626,1.465,1.4662,1.4681,1.4702,1.472,1.4746,1.476,1.4779,1.4798,1.4825,1.4843,1.4858,1.4877,1.4907,1.4926,1.495,1.4961,1.497,1.4995,1.5012,1.5032,1.5043,1.5058,1.5076,1.5088,1.5099,1.5116,1.5139,1.5161,1.5166,1.5181,1.5197,1.5214,1.5225,1.5232,1.5255,1.527,1.5275,1.5294,1.5308,1.5317,1.5332,1.5341,1.5349,1.5359,1.5371,1.5384,1.5393,1.5399,1.5417,1.5431,1.5442,1.5452,1.5476,1.5476,1.5482,1.5504,1.5504
2;1,0.1213,0.1438,0.1692,0.1716,0.1337,0.1402,0.1489,0.1605,0.1731,0.1897,0.2126,0.2425,0.2823,0.3309,0.389,0.4586,0.5361,0.6248,0.7213,0.8265,0.9354,1.0395,1.1341,1.2134,1.2769,1.3265,1.3669,1.3985,1.423,1.439,1.4526,1.4617,1.4673,1.4712,1.4739,1.478,1.4787,1.4805,1.4835,1.4849,1.4874,1.4888,1.4914,1.4926,1.4954,1.4974,1.4993,1.5014,1.5037,1.5049,1.5074,1.5094,1.511,1.5134,1.5152,1.5164,1.5184,1.5199,1.5225,1.523,1.5256,1.5271,1.5291,1.5305,1.531,1.5327,1.535,1.5361,1.538,1.5391,1.5401,1.5433,1.5447,1.5444,1.5456,1.5472,1.5485,1.5501,1.5499,1.5513,1.5535,1.5534,1.5547,1.5567,1.5583,1.5589,1.5602,1.5608,1.5621,1.5636,1.5645,1.5648,1.567,1.5677,1.5701,1.57
2;2,0.1181,0.1351,0.1509,0.1516,0.1258,0.1307,0.137,0.1463,0.1576,0.173,0.1939,0.2227,0.2604,0.3089,0.3697,0.4436,0.5294,0.6293,0.7393,0.8564,0.9734,1.0811,1.175,1.2549,1.3171,1.368,1.4069,1.437,1.4597,1.4756,1.4863,1.4951,1.4992,1.5018,1.5045,1.5069,1.508,1.5098,1.5124,1.5138,1.5155,1.5173,1.5196,1.5214,1.5237,1.5254,1.5271,1.5293,1.5311,1.5335,1.535,1.5372,1.5381,1.5402,1.5424,1.5442,1.5457,1.5479,1.5502,1.5515,1.5529,1.5548,1.5557,1.5576,1.5583,1.5599,1.5617,1.5635,1.5646,1.565,1.5668,1.5676,1.5708,1.5707,1.5722,1.5724,1.5737,1.5755,1.5766,1.578,1.5791,1.5802,1.5811,1.5816,1.5832,1.584,1.5852,1.5862,1.587,1.589,1.5896,1.5906,1.5918,1.5923,1.594,1.5937
2;3,0.1148,0.1405,0.1653,0.1602,0.1247,0.1304,0.1374,0.1475,0.1597,0.1767,0.1995,0.228,0.2666,0.3134,0.3714,0.4409,0.522,0.6144,0.7171,0.8265,0.9364,1.0416,1.1358,1.2148,1.2807,1.3296,1.3706,1.4027,1.4265,1.444,1.4574,1.466,1.4716,1.4757,1.4784,1.482,1.4836,1.4856,1.4881,1.4891,1.491,1.4928,1.4946,1.4962,1.4979,1.5007,1.5035,1.5053,1.507,1.5087,1.5109,1.5122,1.5142,1.5165,1.5183,1.5204,1.5203,1.5226,1.5244,1.5259,1.5275,1.5294,1.5313,1.5324,1.5338,1.5353,1.5365,1.5388,1.5395,1.5406,1.5421,1.5431,1.5467,1.5459,1.5473,1.5481,1.5498,1.5508,1.5526,1.5533,1.5542,1.5547,1.5559,1.5578,1.5586,1.5598,1.5607,1.5621,1.563,1.5642,1.5644,1.5657,1.5674,1.5678,1.5698,1.5704
3;2,0.1261,0.1497,0.1769,0.1786,0.1421,0.1498,0.1601,0.1758,0.1922,0.215,0.2442,0.2838,0.3354,0.394,0.4618,0.5403,0.6249,0.72,0.8223,0.9301,1.0384,1.1372,1.2232,1.2964,1.3531,1.3979,1.4365,1.4669,1.4908,1.5073,1.5193,1.5263,1.532,1.5365,1.5395,1.5421,1.5443,1.5453,1.5468,1.5495,1.5513,1.5536,1.5559,1.5569,1.5589,1.5603,1.5625,1.5651,1.5662,1.5687,1.5707,1.5724,1.5734,1.5756,1.5766,1.5785,1.5802,1.5816,1.5838,1.5844,1.5867,1.5881,1.5896,1.5912,1.5919,1.5933,1.5951,1.5957,1.5973,1.5986,1.6,1.6023,1.6048,1.6045,1.6052,1.606,1.607,1.608,1.6102,1.61,1.6115,1.6126,1.6137,1.6147,1.6154,1.6167,1.6175,1.6184,1.6199,1.6208,1.6218,1.6229,1.624,1.6243,1.6259,1.6255
,,,,,,,,,,,,,,,,,,,,,,,,,,,,,,,,,,,,,,,,,,,,,,,,,,,,,,,,,,,,,,,,,,,,,,,,,,,,,,,,,,,,,,,,,,,,,,,,
Cycles / Well,,,,,,,,,,,,,,,,,,,,,,,,,,,,,,,,,,,,,,,,,,,,,,,,,,,,,,,,,,,,,,,,,,,,,,,,,,,,,,,,,,,,,,,,,,,,,,,,
F4,1,2,3,4,5,6,7,8,9,10,11,12,13,14,15,16,17,18,19,20,21,22,23,24,25,26,27,28,29,30,31,32,33,34,35,36,37,38,39,40,41,42,43,44,45,46,47,48,49,50,51,52,53,54,55,56,57,58,59,60,61,62,63,64,65,66,67,68,69,70,71,72,73,74,75,76,77,78,79,80,81,82,83,84,85,86,87,88,89,90,91,92,93,94,95,96
Time [s],0,1799.804,3599.705,5399.641,7199.561,8999.49,10799.409,12599.333,14399.26,16199.194,17999.109,19799.039,21598.958,23398.892,25198.808,26998.725,28798.661,30598.589,32398.489,34198.443,35998.374,37798.286,39598.224,41398.149,43198.081,44997.99,46797.917,48597.842,50397.765,52197.702,53997.621,55797.552,57597.468,59397.391,61197.317,62997.249,64797.163,66597.084,68397.028,70196.935,71996.864,73796.783,75596.71,77396.649,79196.565,80996.494,82796.414,84596.354,86396.27,88196.204,89996.112,91796.061,93595.971,95395.897,97195.829,98995.747,100795.679,102595.601,104395.534,106195.445,107995.377,109795.307,111595.236,113395.157,115195.076,116995.019,118794.937,120594.848,122394.785,124194.722,125994.648,127794.579,129594.494,131394.41,133194.341,134994.266,136794.185,138594.122,140394.047,142193.959,143993.87,145793.805,147593.724,149393.655,151193.569,152993.504,154793.443,156593.376,158393.277,160193.21,161993.13,163793.052,165592.982,167392.906,169192.831,170992.755
Temp. [°C],40.8,29.9,29.9,30,30,30.1,30,30.1,30,29.9,30,30,30,30,30,29.9,30,30,30.1,30.1,29.9,30,30,30,30.1,30.1,30,30.1,30.1,30,30,30,29.9,30.1,30,29.9,29.8,29.8,29.8,29.9,30.1,30.1,30,30.1,29.8,29.9,30,30,30,30.1,30,30,29.8,30,30,30.1,30.1,30,30.1,29.9,30,30.1,30.1,30,30,29.9,29.9,30.1,30,30,29.9,29.9,30,30,29.9,30.1,29.9,29.8,29.9,30,30,30.1,30,30,30.1,30.1,30.2,30.1,29.9,30,29.9,29.9,30.1,29.9,30,30
Mean,0.11754,0.13462,0.1532,0.13078,0.1268,0.13192,0.13884,0.14848,0.15848,0.17242,0.1913,0.21534,0.24674,0.28568,0.33316,0.38798,0.45148,0.52362,0.60372,0.69062,0.78282,0.87826,0.96912,1.05154,1.12086,1.17576,1.21998,1.25412,1.28134,1.30268,1.31798,1.3292,1.33758,1.34552,1.35114,1.35522,1.35666,1.35834,1.35962,1.36004,1.36116,1.36184,1.36312,1.36458,1.3657,1.368,1.36938,1.37132,1.37376,1.37568,1.37768,1.37986,1.3819,1.38398,1.38576,1.38784,1.38908,1.391,1.39286,1.3945,1.39642,1.39788,1.39966,1.40058,1.40222,1.40448,1.40606,1.40754,1.4089,1.41034,1.41176,1.41334,1.4144,1.4166,1.41788,1.41894,1.42132,1.42234,1.42326,1.42494,1.42628,1.4275,1.42832,1.42976,1.43146,1.43278,1.43414,1.4352,1.4365,1.43804,1.43898,1.4398,1.44232,1.44284,1.44488,1.44552
StDev,0.003716584,0.005678644,0.007773995,0.011536334,0.007460898,0.008555817,0.010448588,0.013218812,0.014994399,0.018661645,0.023118283,0.029724115,0.037873843,0.047510073,0.057899551,0.068992478,0.080789182,0.09462218,0.108493811,0.123838552,0.138370922,0.150215206,0.155072586,0.152396417,0.144697263,0.136996562,0.131450493,0.126068105,0.122586043,0.118245072,0.114339875,0.110668288,0.108081876,0.105660338,0.102073812,0.09996988,0.097044155,0.096405617,0.095801915,0.094806635,0.09446927,0.094092364,0.093768742,0.093622978,0.092989704,0.092243563,0.092315692,0.091429465,0.091255646,0.090331871,0.089538355,0.089048487,0.088662704,0.087762162,0.08709663,0.086632113,0.086621285,0.086046731,0.085801125,0.084825321,0.084678462,0.08474218,0.08398582,0.083790286,0.083398153,0.083010132,0.082627374,0.082130037,0.082154063,0.081388961,0.080988042,0.080846076,0.080034399,0.079518237,0.079102794,0.078724634,0.078133008,0.078218527,0.07795058,0.077346997,0.076701186,0.076301999,0.076182951,0.075772541,0.075260235,0.074810975,0.074870842,0.074222874,0.073837321,0.073742545,0.073222927,0.072340065,0.072804821,0.072333554,0.072706788,0.072231897
1;2,0.1165,0.1307,0.1469,0.1219,0.1214,0.1257,0.1314,0.1394,0.1485,0.1602,0.1774,0.1995,0.2291,0.2664,0.3137,0.371,0.4396,0.5192,0.6089,0.7067,0.8103,0.916,1.0126,1.0975,1.1642,1.2177,1.2597,1.292,1.3176,1.3378,1.3511,1.3603,1.3681,1.3744,1.3787,1.3821,1.3822,1.3829,1.384,1.3839,1.3848,1.3852,1.3864,1.3878,1.3891,1.3913,1.3926,1.3943,1.396,1.398,1.3996,1.4015,1.4038,1.406,1.407,1.4076,1.4095,1.4111,1.4134,1.4143,1.4161,1.4183,1.4194,1.4199,1.422,1.4241,1.4251,1.4262,1.4277,1.4289,1.4304,1.4312,1.4332,1.4353,1.4366,1.4372,1.4394,1.4402,1.4404,1.4423,1.4435,1.4443,1.4451,1.4468,1.4481,1.4491,1.451,1.452,1.453,1.4545,1.4555,1.4558,1.4579,1.4582,1.4601,1.4602
2;1,0.1195,0.1354,0.1558,0.1437,0.131,0.1367,0.1442,0.1541,0.1643,0.1771,0.1949,0.2163,0.245,0.2818,0.3266,0.3792,0.4394,0.5086,0.5854,0.6711,0.7624,0.8588,0.9518,1.0364,1.1066,1.1609,1.2061,1.2408,1.2694,1.2904,1.307,1.3171,1.326,1.3336,1.3388,1.3424,1.343,1.3447,1.3472,1.347,1.3477,1.3482,1.3507,1.3508,1.3519,1.3546,1.3565,1.3576,1.3598,1.361,1.3637,1.3661,1.3679,1.3695,1.3714,1.3724,1.3743,1.3773,1.3799,1.3808,1.3838,1.3857,1.386,1.3876,1.3888,1.3913,1.3933,1.3947,1.3964,1.3977,1.3994,1.4006,1.4016,1.4029,1.404,1.4052,1.4079,1.4084,1.4107,1.4112,1.4123,1.4133,1.4144,1.4159,1.4179,1.4188,1.4201,1.4211,1.4224,1.4245,1.4253,1.426,1.4285,1.4299,1.4314,1.4319
2;2,0.1164,0.1319,0.1484,0.129,0.1232,0.1276,0.1337,0.1424,0.1518,0.1648,0.1838,0.2086,0.2406,0.2828,0.3341,0.3954,0.469,0.5517,0.644,0.7448,0.8496,0.955,1.0503,1.133,1.1998,1.2521,1.2933,1.324,1.3496,1.368,1.3814,1.3916,1.396,1.4035,1.4063,1.4091,1.409,1.4102,1.4105,1.4095,1.4105,1.4107,1.4118,1.4132,1.414,1.4157,1.4169,1.4179,1.421,1.4225,1.4235,1.4252,1.4265,1.4282,1.4298,1.4325,1.433,1.4344,1.4361,1.4381,1.44,1.4412,1.4424,1.443,1.4441,1.4468,1.4476,1.4495,1.45,1.4516,1.4524,1.4545,1.4552,1.4575,1.4582,1.4588,1.4606,1.4626,1.4631,1.4646,1.4653,1.4668,1.4675,1.4687,1.4702,1.471,1.4725,1.473,1.4737,1.4754,1.4762,1.4764,1.4797,1.4792,1.4816,1.4827
2;3,0.1127,0.1309,0.1492,0.1178,0.1205,0.1249,0.1302,0.1374,0.1457,0.1571,0.1709,0.1874,0.2092,0.2343,0.2661,0.3011,0.3418,0.3875,0.4406,0.4972,0.5612,0.6332,0.7134,0.7984,0.8803,0.9481,1.0015,1.0447,1.0774,1.1063,1.1279,1.1459,1.1588,1.1711,1.1832,1.1911,1.198,1.201,1.2029,1.2055,1.2074,1.2089,1.2102,1.2125,1.2146,1.218,1.2191,1.223,1.2259,1.2296,1.2328,1.2358,1.2386,1.2423,1.2453,1.2489,1.2498,1.2523,1.2541,1.2577,1.2594,1.2604,1.2643,1.2654,1.2678,1.2705,1.2728,1.2751,1.2764,1.2791,1.2811,1.2832,1.2853,1.2887,1.2908,1.2926,1.2959,1.2969,1.2979,1.301,1.3036,1.3056,1.3065,1.3085,1.311,1.3134,1.3145,1.3167,1.3188,1.3202,1.322,1.3245,1.3263,1.3274,1.3291,1.3306
3;2,0.1226,0.1442,0.1657,0.1415,0.1379,0.1447,0.1547,0.1691,0.1821,0.2029,0.2295,0.2649,0.3098,0.3631,0.4253,0.4932,0.5676,0.6511,0.7397,0.8333,0.9306,1.0283,1.1175,1.1924,1.2534,1.3,1.3393,1.3691,1.3927,1.4109,1.4225,1.4311,1.439,1.445,1.4487,1.4514,1.4511,1.4529,1.4535,1.4543,1.4554,1.4562,1.4565,1.4586,1.4589,1.4604,1.4618,1.4638,1.4661,1.4673,1.4688,1.4707,1.4727,1.4739,1.4753,1.4778,1.4788,1.4799,1.4808,1.4816,1.4828,1.4838,1.4862,1.487,1.4884,1.4897,1.4915,1.4922,1.494,1.4944,1.4955,1.4972,1.4967,1.4986,1.4998,1.5009,1.5028,1.5036,1.5042,1.5056,1.5067,1.5075,1.5081,1.5089,1.5101,1.5116,1.5126,1.5132,1.5146,1.5156,1.5159,1.5163,1.5192,1.5195,1.5222,1.5222
,,,,,,,,,,,,,,,,,,,,,,,,,,,,,,,,,,,,,,,,,,,,,,,,,,,,,,,,,,,,,,,,,,,,,,,,,,,,,,,,,,,,,,,,,,,,,,,,
Cycles / Well,,,,,,,,,,,,,,,,,,,,,,,,,,,,,,,,,,,,,,,,,,,,,,,,,,,,,,,,,,,,,,,,,,,,,,,,,,,,,,,,,,,,,,,,,,,,,,,,
F5,1,2,3,4,5,6,7,8,9,10,11,12,13,14,15,16,17,18,19,20,21,22,23,24,25,26,27,28,29,30,31,32,33,34,35,36,37,38,39,40,41,42,43,44,45,46,47,48,49,50,51,52,53,54,55,56,57,58,59,60,61,62,63,64,65,66,67,68,69,70,71,72,73,74,75,76,77,78,79,80,81,82,83,84,85,86,87,88,89,90,91,92,93,94,95,96
Time [s],0,1799.804,3599.705,5399.641,7199.561,8999.49,10799.409,12599.333,14399.26,16199.194,17999.109,19799.039,21598.958,23398.892,25198.808,26998.725,28798.661,30598.589,32398.489,34198.443,35998.374,37798.286,39598.224,41398.149,43198.081,44997.99,46797.917,48597.842,50397.765,52197.702,53997.621,55797.552,57597.468,59397.391,61197.317,62997.249,64797.163,66597.084,68397.028,70196.935,71996.864,73796.783,75596.71,77396.649,79196.565,80996.494,82796.414,84596.354,86396.27,88196.204,89996.112,91796.061,93595.971,95395.897,97195.829,98995.747,100795.679,102595.601,104395.534,106195.445,107995.377,109795.307,111595.236,113395.157,115195.076,116995.019,118794.937,120594.848,122394.785,124194.722,125994.648,127794.579,129594.494,131394.41,133194.341,134994.266,136794.185,138594.122,140394.047,142193.959,143993.87,145793.805,147593.724,149393.655,151193.569,152993.504,154793.443,156593.376,158393.277,160193.21,161993.13,163793.052,165592.982,167392.906,169192.831,170992.755
Temp. [°C],40.8,29.9,29.9,30,30,30.1,30,30.1,30,29.9,30,30,30,30,30,29.9,30,30,30.1,30.1,29.9,30,30,30,30.1,30.1,30,30.1,30.1,30,30,30,29.9,30.1,30,29.9,29.8,29.8,29.8,29.9,30.1,30.1,30,30.1,29.8,29.9,30,30,30,30.1,30,30,29.8,30,30,30.1,30.1,30,30.1,29.9,30,30.1,30.1,30,30,29.9,29.9,30.1,30,30,29.9,29.9,30,30,29.9,30.1,29.9,29.8,29.9,30,30,30.1,30,30,30.1,30.1,30.2,30.1,29.9,30,29.9,29.9,30.1,29.9,30,30
Mean,0.11528,0.13082,0.14608,0.1198,0.12256,0.12694,0.13268,0.1408,0.14992,0.1621,0.17836,0.19898,0.22702,0.26172,0.30616,0.36074,0.4258,0.50226,0.59008,0.68602,0.79022,0.89772,0.9992,1.09068,1.16814,1.22816,1.27602,1.31326,1.34224,1.3645,1.37988,1.39316,1.4009,1.40648,1.41012,1.41426,1.41596,1.41794,1.41992,1.42238,1.42496,1.42704,1.42946,1.43158,1.43468,1.43762,1.4395,1.4423,1.4451,1.44718,1.44982,1.45226,1.45406,1.45674,1.45878,1.4613,1.46276,1.46516,1.4669,1.4687,1.47044,1.4723,1.47432,1.47564,1.47744,1.4796,1.4813,1.483,1.4843,1.4862,1.48734,1.49014,1.49166,1.49288,1.49456,1.4956,1.49746,1.49866,1.49962,1.50108,1.50282,1.50442,1.50528,1.50652,1.50816,1.50986,1.51134,1.51272,1.5138,1.515,1.51618,1.5177,1.51942,1.52044,1.52204,1.5229
StDev,0.003316172,0.003746598,0.00585551,0.004775458,0.005684013,0.006844925,0.008687174,0.011348788,0.013818538,0.01760994,0.021763341,0.027191672,0.035060833,0.042879972,0.052316374,0.062240043,0.072420888,0.082001817,0.09149042,0.100023807,0.106756531,0.109507726,0.108718513,0.10391803,0.096423042,0.088375381,0.083384543,0.078923906,0.074622001,0.071167935,0.069031565,0.065602538,0.064395652,0.062901963,0.062357413,0.061361861,0.059992566,0.059939828,0.059397407,0.058815491,0.058477628,0.058524679,0.05833295,0.057994543,0.057311622,0.05668895,0.056647595,0.056340172,0.055849038,0.054865581,0.055214464,0.054817406,0.05467365,0.054069982,0.054083473,0.053929027,0.053664867,0.05325883,0.052613164,0.05293359,0.052866984,0.053082153,0.052549282,0.053039683,0.052586339,0.051854604,0.052110028,0.051814959,0.051545902,0.051249049,0.050832499,0.051365339,0.050791909,0.050290526,0.050264431,0.04999425,0.049977325,0.049806104,0.049611259,0.049440995,0.049548784,0.049213332,0.048827677,0.048741481,0.048651906,0.048118219,0.048002948,0.048195456,0.047665501,0.047738192,0.047302505,0.046334221,0.04690775,0.046951283,0.046607381,0.046313119
1;2,0.1145,0.1284,0.1408,0.1175,0.1193,0.1227,0.1273,0.1338,0.1417,0.1516,0.1654,0.1836,0.208,0.2399,0.2821,0.3359,0.4015,0.4812,0.5741,0.6766,0.7891,0.903,1.0092,1.1028,1.1803,1.2413,1.2888,1.3239,1.3526,1.3742,1.388,1.401,1.4093,1.414,1.4164,1.4216,1.4234,1.4249,1.4273,1.4294,1.4321,1.4341,1.4369,1.4387,1.4423,1.4454,1.4476,1.4509,1.4533,1.4554,1.4573,1.4601,1.4616,1.4649,1.4666,1.4683,1.4711,1.4729,1.4745,1.4771,1.4781,1.4807,1.4818,1.4832,1.4853,1.4875,1.4889,1.4906,1.4912,1.4936,1.495,1.4992,1.4984,1.4999,1.5019,1.502,1.5044,1.5052,1.5061,1.5075,1.5086,1.5099,1.5117,1.5129,1.5143,1.5159,1.518,1.5196,1.5197,1.5213,1.5225,1.5233,1.5256,1.5266,1.5277,1.5294
2;1,0.1163,0.1313,0.1481,0.1225,0.1263,0.1318,0.1397,0.15,0.1623,0.1778,0.1985,0.2249,0.2606,0.3037,0.3576,0.4218,0.4966,0.5805,0.6771,0.7792,0.8866,0.9933,1.0916,1.1779,1.2488,1.3011,1.3442,1.3793,1.4053,1.4241,1.4383,1.4488,1.4553,1.4601,1.464,1.467,1.4682,1.4709,1.4725,1.4746,1.4762,1.4793,1.4817,1.4831,1.4861,1.4884,1.4908,1.4927,1.4952,1.4957,1.4998,1.5017,1.5036,1.5048,1.508,1.5101,1.5114,1.5137,1.515,1.5169,1.5191,1.5208,1.5223,1.5239,1.5254,1.5271,1.5293,1.5305,1.5317,1.5329,1.5341,1.5368,1.5394,1.5397,1.541,1.5418,1.5433,1.5448,1.5456,1.5467,1.5492,1.5502,1.5505,1.552,1.5539,1.5545,1.5556,1.5577,1.5589,1.5597,1.5604,1.5611,1.5631,1.5649,1.5663,1.566
2;2,0.1152,0.1299,0.1442,0.118,0.1201,0.124,0.1286,0.1353,0.1433,0.1537,0.1685,0.1872,0.2122,0.2457,0.2892,0.3435,0.4097,0.4902,0.5824,0.6841,0.7945,0.9069,1.0121,1.1045,1.1829,1.2431,1.29,1.3267,1.3536,1.3755,1.3898,1.4021,1.4093,1.4138,1.4169,1.4202,1.4206,1.4224,1.4235,1.426,1.4287,1.4301,1.432,1.4349,1.4375,1.4401,1.441,1.4447,1.4467,1.45,1.4525,1.4545,1.4556,1.4596,1.4614,1.4639,1.4647,1.4676,1.4687,1.4709,1.4725,1.474,1.4767,1.4771,1.4789,1.4814,1.4822,1.4845,1.4858,1.4878,1.4891,1.4927,1.4923,1.4948,1.4965,1.4974,1.4998,1.5007,1.5025,1.5036,1.5049,1.5072,1.5075,1.5085,1.5101,1.5122,1.5137,1.5147,1.5151,1.5164,1.5179,1.5201,1.5215,1.522,1.5227,1.5245
2;3,0.1106,0.1275,0.142,0.1144,0.1166,0.1199,0.1238,0.1293,0.1354,0.1436,0.155,0.1687,0.1871,0.2104,0.2402,0.2782,0.325,0.3818,0.4498,0.527,0.6153,0.7149,0.8154,0.914,1.0036,1.0766,1.1329,1.1782,1.2148,1.2429,1.2624,1.2816,1.2913,1.2998,1.3048,1.3105,1.3148,1.3171,1.3201,1.3236,1.3266,1.3289,1.3317,1.3342,1.3385,1.3425,1.3447,1.3476,1.3515,1.3548,1.3572,1.3603,1.3626,1.3657,1.368,1.3709,1.3727,1.3758,1.3788,1.3798,1.3819,1.3833,1.3862,1.3869,1.3894,1.3927,1.3943,1.3963,1.3982,1.4004,1.4022,1.4036,1.4072,1.4088,1.4104,1.4121,1.4137,1.4154,1.4165,1.4183,1.4202,1.4222,1.4236,1.4251,1.427,1.4294,1.4309,1.4321,1.4345,1.4354,1.4372,1.4403,1.441,1.4422,1.4447,1.4455
3;2,0.1198,0.137,0.1553,0.1266,0.1305,0.1363,0.144,0.1556,0.1669,0.1838,0.2044,0.2305,0.2672,0.3089,0.3617,0.4243,0.4962,0.5776,0.667,0.7632,0.8656,0.9705,1.0677,1.1542,1.2251,1.2787,1.3242,1.3582,1.3849,1.4058,1.4209,1.4323,1.4393,1.4447,1.4485,1.452,1.4528,1.4544,1.4562,1.4583,1.4612,1.4628,1.465,1.467,1.469,1.4717,1.4734,1.4756,1.4788,1.48,1.4823,1.4847,1.4869,1.4887,1.4899,1.4933,1.4939,1.4958,1.4975,1.4988,1.5006,1.5027,1.5046,1.5071,1.5082,1.5093,1.5118,1.5131,1.5146,1.5163,1.5163,1.5184,1.521,1.5212,1.523,1.5247,1.5261,1.5272,1.5274,1.5293,1.5312,1.5326,1.5331,1.5341,1.5355,1.5373,1.5385,1.5395,1.5408,1.5422,1.5429,1.5437,1.5459,1.5465,1.5488,1.5491
,,,,,,,,,,,,,,,,,,,,,,,,,,,,,,,,,,,,,,,,,,,,,,,,,,,,,,,,,,,,,,,,,,,,,,,,,,,,,,,,,,,,,,,,,,,,,,,,
Cycles / Well,,,,,,,,,,,,,,,,,,,,,,,,,,,,,,,,,,,,,,,,,,,,,,,,,,,,,,,,,,,,,,,,,,,,,,,,,,,,,,,,,,,,,,,,,,,,,,,,
F6,1,2,3,4,5,6,7,8,9,10,11,12,13,14,15,16,17,18,19,20,21,22,23,24,25,26,27,28,29,30,31,32,33,34,35,36,37,38,39,40,41,42,43,44,45,46,47,48,49,50,51,52,53,54,55,56,57,58,59,60,61,62,63,64,65,66,67,68,69,70,71,72,73,74,75,76,77,78,79,80,81,82,83,84,85,86,87,88,89,90,91,92,93,94,95,96
Time [s],0,1799.804,3599.705,5399.641,7199.561,8999.49,10799.409,12599.333,14399.26,16199.194,17999.109,19799.039,21598.958,23398.892,25198.808,26998.725,28798.661,30598.589,32398.489,34198.443,35998.374,37798.286,39598.224,41398.149,43198.081,44997.99,46797.917,48597.842,50397.765,52197.702,53997.621,55797.552,57597.468,59397.391,61197.317,62997.249,64797.163,66597.084,68397.028,70196.935,71996.864,73796.783,75596.71,77396.649,79196.565,80996.494,82796.414,84596.354,86396.27,88196.204,89996.112,91796.061,93595.971,95395.897,97195.829,98995.747,100795.679,102595.601,104395.534,106195.445,107995.377,109795.307,111595.236,113395.157,115195.076,116995.019,118794.937,120594.848,122394.785,124194.722,125994.648,127794.579,129594.494,131394.41,133194.341,134994.266,136794.185,138594.122,140394.047,142193.959,143993.87,145793.805,147593.724,149393.655,151193.569,152993.504,154793.443,156593.376,158393.277,160193.21,161993.13,163793.052,165592.982,167392.906,169192.831,170992.755
Temp. [°C],40.8,29.9,29.9,30,30,30.1,30,30.1,30,29.9,30,30,30,30,30,29.9,30,30,30.1,30.1,29.9,30,30,30,30.1,30.1,30,30.1,30.1,30,30,30,29.9,30.1,30,29.9,29.8,29.8,29.8,29.9,30.1,30.1,30,30.1,29.8,29.9,30,30,30,30.1,30,30,29.8,30,30,30.1,30.1,30,30.1,29.9,30,30.1,30.1,30,30,29.9,29.9,30.1,30,30,29.9,29.9,30,30,29.9,30.1,29.9,29.8,29.9,30,30,30.1,30,30,30.1,30.1,30.2,30.1,29.9,30,29.9,29.9,30.1,29.9,30,30
Mean,0.1155,0.12884,0.14222,0.11926,0.1222,0.1262,0.13182,0.13906,0.14696,0.15726,0.17086,0.18854,0.21216,0.24068,0.27704,0.3211,0.37298,0.43318,0.50282,0.5798,0.66336,0.75494,0.84826,0.94214,1.03094,1.10882,1.17414,1.22788,1.2702,1.30534,1.33224,1.35344,1.36952,1.38158,1.38986,1.39528,1.39832,1.39976,1.39978,1.40104,1.40174,1.4014,1.40202,1.40246,1.40296,1.40444,1.40588,1.40746,1.40932,1.41098,1.41282,1.41544,1.41696,1.41896,1.42114,1.42338,1.42446,1.42582,1.42696,1.42912,1.43054,1.43188,1.4339,1.43454,1.43604,1.4379,1.4393,1.44082,1.44186,1.44314,1.44418,1.4459,1.44662,1.44802,1.44924,1.45044,1.45168,1.45326,1.45416,1.45566,1.45656,1.45758,1.45798,1.4594,1.46104,1.46252,1.46358,1.46462,1.46528,1.4668,1.46752,1.46924,1.47012,1.47072,1.47204,1.47272
StDev,0.003580503,0.005114,0.006563307,0.004321227,0.005111262,0.005881751,0.007391008,0.009241915,0.010991497,0.013387419,0.016261703,0.020553175,0.027113521,0.033370751,0.041089816,0.050200448,0.059510394,0.069793674,0.081247505,0.093833283,0.106556243,0.118411499,0.127790035,0.131116849,0.12781965,0.121421526,0.114477478,0.109069322,0.104491244,0.101283972,0.098764077,0.095660901,0.092693107,0.089962448,0.086820723,0.084634491,0.082287101,0.081180558,0.081163274,0.080368856,0.079014701,0.079467069,0.079427055,0.078827425,0.079234229,0.078440474,0.078528161,0.078502471,0.07782639,0.077763243,0.077689555,0.077332516,0.077221487,0.076765963,0.076642371,0.076196174,0.075987157,0.075140182,0.07471712,0.074477594,0.074541317,0.074166583,0.07358033,0.07405392,0.073684211,0.072832857,0.072826918,0.072218744,0.072196835,0.071801274,0.071505154,0.071672414,0.070743918,0.070605503,0.07034844,0.07043492,0.070018762,0.069932131,0.069795079,0.069861456,0.06951858,0.06888158,0.068723082,0.068858442,0.068492138,0.068209875,0.067835035,0.067486939,0.067185132,0.067250576,0.066753929,0.066708905,0.066168059,0.06628791,0.066477011,0.065665531
1;2,0.1148,0.1262,0.1373,0.1171,0.1194,0.1226,0.1271,0.1326,0.1395,0.148,0.1603,0.1765,0.1978,0.2253,0.2617,0.3065,0.36,0.4239,0.4978,0.5818,0.6713,0.7694,0.8686,0.9689,1.0597,1.1403,1.2049,1.2577,1.2996,1.334,1.3602,1.3799,1.3949,1.406,1.4138,1.4182,1.4197,1.4212,1.4209,1.422,1.4218,1.4217,1.4222,1.422,1.4231,1.4248,1.4261,1.4276,1.4286,1.431,1.4319,1.4343,1.4361,1.4378,1.4395,1.4415,1.443,1.4449,1.4462,1.4481,1.4497,1.451,1.4523,1.4536,1.4554,1.4569,1.4576,1.4592,1.46,1.4612,1.4621,1.466,1.4639,1.4661,1.4675,1.4682,1.4694,1.4705,1.4702,1.4735,1.4738,1.4753,1.4763,1.4772,1.478,1.4793,1.4808,1.4809,1.4817,1.4826,1.4839,1.485,1.4858,1.4867,1.488,1.4889
2;1,0.115,0.1296,0.1444,0.1208,0.1246,0.1295,0.1365,0.1456,0.156,0.1687,0.1863,0.2093,0.2415,0.2784,0.3248,0.378,0.4372,0.5058,0.5833,0.6674,0.7555,0.8515,0.9497,1.0435,1.1283,1.2016,1.2628,1.3128,1.3519,1.3847,1.411,1.4286,1.4438,1.4536,1.46,1.4643,1.466,1.4671,1.4672,1.468,1.4677,1.4686,1.4699,1.4703,1.4716,1.4722,1.4737,1.4756,1.4774,1.4785,1.4803,1.4825,1.4839,1.4855,1.4879,1.4889,1.4905,1.4911,1.4924,1.4941,1.4962,1.4969,1.4979,1.4993,1.5,1.5014,1.5034,1.5045,1.5059,1.5063,1.5076,1.5077,1.5094,1.5107,1.5115,1.5129,1.5136,1.5153,1.5165,1.5176,1.5192,1.5193,1.519,1.5209,1.5226,1.5236,1.524,1.5252,1.526,1.5275,1.5276,1.5289,1.5296,1.531,1.5328,1.5319
2;2,0.1161,0.1283,0.1406,0.1185,0.1205,0.1238,0.1284,0.1347,0.1416,0.1512,0.164,0.1808,0.2028,0.2326,0.2702,0.3169,0.3731,0.4395,0.5161,0.6022,0.6964,0.7975,0.8969,0.9935,1.0811,1.1549,1.2171,1.2686,1.3091,1.3432,1.3679,1.3889,1.4031,1.413,1.4189,1.423,1.4252,1.4251,1.4242,1.4247,1.4254,1.4241,1.4237,1.4245,1.4247,1.4256,1.4268,1.4288,1.4303,1.4322,1.4344,1.4375,1.4387,1.4404,1.4425,1.4448,1.4456,1.4463,1.4474,1.4501,1.4504,1.4517,1.4543,1.4548,1.4562,1.4584,1.4596,1.4607,1.4613,1.4632,1.4641,1.4656,1.4654,1.4676,1.469,1.4701,1.4721,1.4733,1.474,1.4752,1.4759,1.4767,1.4768,1.4784,1.4802,1.4818,1.4825,1.4835,1.4837,1.4855,1.4864,1.4885,1.4892,1.4891,1.4897,1.4908
2;3,0.1108,0.1232,0.1363,0.1142,0.1167,0.1203,0.1247,0.1305,0.1364,0.1441,0.1537,0.1651,0.1796,0.1973,0.2203,0.2478,0.2819,0.322,0.3696,0.4219,0.4808,0.5498,0.6257,0.7127,0.8068,0.8957,0.9734,1.0367,1.0871,1.1279,1.1595,1.1859,1.2075,1.2243,1.2382,1.2476,1.2549,1.2584,1.2585,1.2612,1.2643,1.2634,1.2643,1.2659,1.2658,1.2686,1.2699,1.2716,1.2748,1.2764,1.2784,1.2816,1.2833,1.2861,1.2886,1.2914,1.293,1.2958,1.2978,1.3003,1.3018,1.3037,1.3066,1.3065,1.3085,1.3119,1.3135,1.3161,1.3173,1.3191,1.3208,1.3217,1.3246,1.3262,1.3278,1.3289,1.3308,1.3326,1.3339,1.3351,1.3369,1.3389,1.3394,1.3407,1.3431,1.345,1.3466,1.3484,1.3497,1.3511,1.3526,1.3543,1.3562,1.3568,1.3579,1.3597
3;2,0.1208,0.1369,0.1525,0.1257,0.1298,0.1348,0.1424,0.1519,0.1613,0.1743,0.19,0.211,0.2391,0.2698,0.3082,0.3563,0.4127,0.4747,0.5473,0.6257,0.7128,0.8065,0.9004,0.9921,1.0788,1.1516,1.2125,1.2636,1.3033,1.3369,1.3626,1.3839,1.3983,1.411,1.4184,1.4233,1.4258,1.427,1.4281,1.4293,1.4295,1.4292,1.43,1.4296,1.4296,1.431,1.4329,1.4337,1.4355,1.4368,1.4391,1.4413,1.4428,1.445,1.4472,1.4503,1.4502,1.451,1.451,1.453,1.4546,1.4561,1.4584,1.4585,1.4601,1.4609,1.4624,1.4636,1.4648,1.4659,1.4663,1.4685,1.4698,1.4695,1.4704,1.4721,1.4725,1.4746,1.4762,1.4769,1.477,1.4777,1.4784,1.4798,1.4813,1.4829,1.484,1.4851,1.4853,1.4873,1.4871,1.4895,1.4898,1.49,1.4918,1.4923
,,,,,,,,,,,,,,,,,,,,,,,,,,,,,,,,,,,,,,,,,,,,,,,,,,,,,,,,,,,,,,,,,,,,,,,,,,,,,,,,,,,,,,,,,,,,,,,,
Cycles / Well,,,,,,,,,,,,,,,,,,,,,,,,,,,,,,,,,,,,,,,,,,,,,,,,,,,,,,,,,,,,,,,,,,,,,,,,,,,,,,,,,,,,,,,,,,,,,,,,
F7,1,2,3,4,5,6,7,8,9,10,11,12,13,14,15,16,17,18,19,20,21,22,23,24,25,26,27,28,29,30,31,32,33,34,35,36,37,38,39,40,41,42,43,44,45,46,47,48,49,50,51,52,53,54,55,56,57,58,59,60,61,62,63,64,65,66,67,68,69,70,71,72,73,74,75,76,77,78,79,80,81,82,83,84,85,86,87,88,89,90,91,92,93,94,95,96
Time [s],0,1799.804,3599.705,5399.641,7199.561,8999.49,10799.409,12599.333,14399.26,16199.194,17999.109,19799.039,21598.958,23398.892,25198.808,26998.725,28798.661,30598.589,32398.489,34198.443,35998.374,37798.286,39598.224,41398.149,43198.081,44997.99,46797.917,48597.842,50397.765,52197.702,53997.621,55797.552,57597.468,59397.391,61197.317,62997.249,64797.163,66597.084,68397.028,70196.935,71996.864,73796.783,75596.71,77396.649,79196.565,80996.494,82796.414,84596.354,86396.27,88196.204,89996.112,91796.061,93595.971,95395.897,97195.829,98995.747,100795.679,102595.601,104395.534,106195.445,107995.377,109795.307,111595.236,113395.157,115195.076,116995.019,118794.937,120594.848,122394.785,124194.722,125994.648,127794.579,129594.494,131394.41,133194.341,134994.266,136794.185,138594.122,140394.047,142193.959,143993.87,145793.805,147593.724,149393.655,151193.569,152993.504,154793.443,156593.376,158393.277,160193.21,161993.13,163793.052,165592.982,167392.906,169192.831,170992.755
Temp. [°C],40.8,29.9,29.9,30,30,30.1,30,30.1,30,29.9,30,30,30,30,30,29.9,30,30,30.1,30.1,29.9,30,30,30,30.1,30.1,30,30.1,30.1,30,30,30,29.9,30.1,30,29.9,29.8,29.8,29.8,29.9,30.1,30.1,30,30.1,29.8,29.9,30,30,30,30.1,30,30,29.8,30,30,30.1,30.1,30,30.1,29.9,30,30.1,30.1,30,30,29.9,29.9,30.1,30,30,29.9,29.9,30,30,29.9,30.1,29.9,29.8,29.9,30,30,30.1,30,30,30.1,30.1,30.2,30.1,29.9,30,29.9,29.9,30.1,29.9,30,30
Mean,0.1182,0.13088,0.14238,0.12214,0.12508,0.12968,0.1358,0.14394,0.15342,0.16584,0.18254,0.20384,0.23268,0.26888,0.31518,0.37118,0.43784,0.51428,0.60372,0.70166,0.8067,0.9138,1.01552,1.10818,1.18828,1.25164,1.30284,1.34364,1.37428,1.39774,1.41518,1.42866,1.43572,1.4413,1.44576,1.44936,1.4509,1.45352,1.45586,1.45858,1.46046,1.4626,1.46516,1.46694,1.469,1.4717,1.47358,1.47538,1.47812,1.47998,1.48254,1.48448,1.48638,1.4884,1.49088,1.49302,1.49462,1.49622,1.4981,1.49986,1.50184,1.50324,1.5052,1.50688,1.5085,1.51004,1.5122,1.51364,1.51516,1.51676,1.51812,1.5194,1.52092,1.52264,1.52426,1.52532,1.52678,1.5285,1.52962,1.53126,1.5322,1.53356,1.53446,1.5361,1.53768,1.53896,1.53996,1.54112,1.5425,1.54388,1.54474,1.54678,1.54762,1.54856,1.55018,1.55062
StDev,0.004094509,0.005664539,0.007629024,0.005115955,0.00579025,0.006808598,0.00811172,0.009977374,0.011574843,0.014030609,0.016757178,0.020470662,0.025810889,0.030942964,0.037158202,0.043127914,0.0496153,0.055701679,0.062349234,0.068775417,0.073377858,0.07522905,0.074333485,0.070733281,0.064998938,0.060275434,0.054691023,0.05232249,0.049940084,0.04759147,0.04696932,0.044508685,0.043117943,0.04181758,0.041386507,0.04106949,0.040443046,0.040114673,0.039665199,0.038906323,0.038599974,0.038946566,0.03887368,0.038040084,0.038287204,0.038029988,0.037768532,0.037181003,0.037226563,0.036466176,0.036687709,0.036677268,0.036633277,0.036158263,0.036153658,0.035755517,0.035829136,0.035786478,0.035599157,0.035218646,0.035257949,0.035264401,0.034385389,0.03495078,0.034889253,0.034546534,0.034825278,0.034632687,0.034563319,0.033773777,0.033791079,0.033596652,0.032617817,0.033239329,0.033049705,0.032978281,0.032895015,0.033024839,0.033746215,0.032551621,0.032716739,0.032423572,0.032763135,0.032480225,0.032375176,0.031668881,0.031302923,0.031470812,0.031546711,0.031676758,0.031251848,0.031300591,0.030760478,0.031515044,0.031422158,0.03066092
1;2,0.1164,0.1277,0.1363,0.1193,0.1216,0.1255,0.1309,0.1382,0.1474,0.1589,0.1755,0.1973,0.2263,0.2645,0.3141,0.3745,0.4473,0.5321,0.6309,0.737,0.8512,0.9623,1.0644,1.1555,1.2321,1.2929,1.3404,1.3788,1.4088,1.4306,1.4472,1.4592,1.4641,1.4692,1.4725,1.4763,1.4775,1.4798,1.4812,1.4832,1.4848,1.4866,1.4893,1.4905,1.4931,1.4952,1.4963,1.4984,1.501,1.502,1.5049,1.506,1.5083,1.5107,1.5123,1.514,1.516,1.517,1.5187,1.5205,1.523,1.5239,1.5254,1.5274,1.5283,1.5294,1.5312,1.5324,1.5336,1.5346,1.5362,1.5378,1.5382,1.5402,1.5421,1.5425,1.5432,1.5459,1.5458,1.547,1.5488,1.5499,1.5509,1.5517,1.5529,1.5544,1.555,1.5562,1.5575,1.5586,1.5604,1.5618,1.5621,1.5629,1.5643,1.5648
2;1,0.1196,0.1332,0.1438,0.1249,0.1288,0.1348,0.1428,0.1528,0.1647,0.1797,0.2003,0.2265,0.2626,0.3049,0.3583,0.4199,0.4921,0.572,0.6646,0.7654,0.8694,0.9761,1.075,1.1628,1.2381,1.2961,1.3423,1.3812,1.4103,1.4324,1.4501,1.4617,1.4695,1.4732,1.4776,1.4816,1.4831,1.4854,1.4876,1.4896,1.4916,1.4937,1.4969,1.498,1.4997,1.5024,1.5048,1.5055,1.5085,1.5098,1.5123,1.5143,1.5161,1.5174,1.52,1.5213,1.5235,1.5254,1.5266,1.5283,1.5298,1.5315,1.5333,1.5352,1.5366,1.538,1.5408,1.5418,1.5434,1.5442,1.5458,1.5465,1.5475,1.5501,1.551,1.5526,1.5542,1.5552,1.5579,1.5586,1.5592,1.5603,1.5612,1.5627,1.5643,1.5649,1.5654,1.5672,1.569,1.5701,1.5702,1.5735,1.5728,1.5753,1.5771,1.5757
2;2,0.1174,0.1282,0.1396,0.1202,0.1224,0.1262,0.1315,0.1384,0.1468,0.1579,0.1734,0.1931,0.2195,0.2552,0.3013,0.3576,0.4257,0.5058,0.6004,0.7031,0.8142,0.9242,1.0284,1.1226,1.2031,1.266,1.3171,1.358,1.3883,1.4117,1.4281,1.4407,1.4464,1.452,1.4564,1.4594,1.4605,1.4621,1.4646,1.4673,1.4688,1.4717,1.4738,1.4756,1.4775,1.4803,1.4816,1.4839,1.4866,1.4887,1.4909,1.4935,1.4956,1.4975,1.5003,1.5018,1.5035,1.5056,1.5078,1.5095,1.5111,1.5119,1.5144,1.5162,1.5182,1.5195,1.5216,1.5237,1.525,1.5268,1.5283,1.5305,1.5297,1.5326,1.5341,1.5345,1.5374,1.5386,1.5398,1.5406,1.5422,1.5432,1.5443,1.5456,1.5478,1.5491,1.5499,1.5506,1.5523,1.5543,1.5552,1.5555,1.5573,1.5584,1.5595,1.561
2;3,0.1133,0.1256,0.1372,0.1167,0.1193,0.123,0.1277,0.1339,0.1413,0.1508,0.1634,0.1789,0.2001,0.227,0.2619,0.3065,0.3604,0.424,0.5001,0.586,0.6823,0.7863,0.8891,0.9875,1.0775,1.1485,1.2091,1.2537,1.2889,1.3166,1.3351,1.3528,1.3624,1.37,1.375,1.3795,1.3823,1.3853,1.3883,1.3922,1.3947,1.396,1.399,1.4022,1.4037,1.4068,1.4092,1.412,1.4147,1.4178,1.4199,1.4217,1.4238,1.4267,1.429,1.4315,1.4333,1.435,1.437,1.4396,1.4414,1.4427,1.4465,1.4471,1.4486,1.4507,1.4524,1.4541,1.4557,1.4586,1.4601,1.4618,1.4647,1.4656,1.4674,1.4686,1.4703,1.4716,1.4715,1.4752,1.4759,1.4777,1.4779,1.4799,1.4817,1.4843,1.4858,1.4868,1.4882,1.4892,1.4909,1.493,1.4944,1.4943,1.4961,1.4976
3;2,0.1243,0.1397,0.155,0.1296,0.1333,0.1389,0.1461,0.1564,0.1669,0.1819,0.2001,0.2234,0.2549,0.2928,0.3403,0.3974,0.4637,0.5375,0.6226,0.7168,0.8164,0.9201,1.0207,1.1125,1.1906,1.2547,1.3053,1.3465,1.3751,1.3974,1.4154,1.4289,1.4362,1.4421,1.4473,1.45,1.4511,1.455,1.4576,1.4606,1.4624,1.465,1.4668,1.4684,1.471,1.4738,1.476,1.4771,1.4798,1.4816,1.4847,1.4869,1.4881,1.4897,1.4928,1.4965,1.4968,1.4981,1.5004,1.5014,1.5039,1.5062,1.5064,1.5085,1.5108,1.5126,1.515,1.5162,1.5181,1.5196,1.5202,1.5204,1.5245,1.5247,1.5267,1.5284,1.5288,1.5312,1.5331,1.5349,1.5349,1.5367,1.538,1.5406,1.5417,1.5421,1.5437,1.5448,1.5455,1.5472,1.547,1.5501,1.5515,1.5519,1.5539,1.554
,,,,,,,,,,,,,,,,,,,,,,,,,,,,,,,,,,,,,,,,,,,,,,,,,,,,,,,,,,,,,,,,,,,,,,,,,,,,,,,,,,,,,,,,,,,,,,,,
Cycles / Well,,,,,,,,,,,,,,,,,,,,,,,,,,,,,,,,,,,,,,,,,,,,,,,,,,,,,,,,,,,,,,,,,,,,,,,,,,,,,,,,,,,,,,,,,,,,,,,,
F8,1,2,3,4,5,6,7,8,9,10,11,12,13,14,15,16,17,18,19,20,21,22,23,24,25,26,27,28,29,30,31,32,33,34,35,36,37,38,39,40,41,42,43,44,45,46,47,48,49,50,51,52,53,54,55,56,57,58,59,60,61,62,63,64,65,66,67,68,69,70,71,72,73,74,75,76,77,78,79,80,81,82,83,84,85,86,87,88,89,90,91,92,93,94,95,96
Time [s],0,1799.804,3599.705,5399.641,7199.561,8999.49,10799.409,12599.333,14399.26,16199.194,17999.109,19799.039,21598.958,23398.892,25198.808,26998.725,28798.661,30598.589,32398.489,34198.443,35998.374,37798.286,39598.224,41398.149,43198.081,44997.99,46797.917,48597.842,50397.765,52197.702,53997.621,55797.552,57597.468,59397.391,61197.317,62997.249,64797.163,66597.084,68397.028,70196.935,71996.864,73796.783,75596.71,77396.649,79196.565,80996.494,82796.414,84596.354,86396.27,88196.204,89996.112,91796.061,93595.971,95395.897,97195.829,98995.747,100795.679,102595.601,104395.534,106195.445,107995.377,109795.307,111595.236,113395.157,115195.076,116995.019,118794.937,120594.848,122394.785,124194.722,125994.648,127794.579,129594.494,131394.41,133194.341,134994.266,136794.185,138594.122,140394.047,142193.959,143993.87,145793.805,147593.724,149393.655,151193.569,152993.504,154793.443,156593.376,158393.277,160193.21,161993.13,163793.052,165592.982,167392.906,169192.831,170992.755
Temp. [°C],40.8,29.9,29.9,30,30,30.1,30,30.1,30,29.9,30,30,30,30,30,29.9,30,30,30.1,30.1,29.9,30,30,30,30.1,30.1,30,30.1,30.1,30,30,30,29.9,30.1,30,29.9,29.8,29.8,29.8,29.9,30.1,30.1,30,30.1,29.8,29.9,30,30,30,30.1,30,30,29.8,30,30,30.1,30.1,30,30.1,29.9,30,30.1,30.1,30,30,29.9,29.9,30.1,30,30,29.9,29.9,30,30,29.9,30.1,29.9,29.8,29.9,30,30,30.1,30,30,30.1,30.1,30.2,30.1,29.9,30,29.9,29.9,30.1,29.9,30,30
Mean,0.09996,0.10958,0.11224,0.10014,0.10026,0.10032,0.10022,0.10038,0.10018,0.10014,0.10032,0.10026,0.10012,0.1001,0.10008,0.1002,0.10004,0.10008,0.10028,0.10018,0.09986,0.09988,0.10014,0.10024,0.10032,0.10002,0.10014,0.10008,0.09994,0.09994,0.09994,0.10014,0.09982,0.09992,0.09998,0.10052,0.09988,0.09998,0.10006,0.09996,0.09996,0.09998,0.0999,0.09986,0.09986,0.09992,0.09986,0.09972,0.09982,0.09984,0.09986,0.09986,0.09992,0.09988,0.09986,0.09984,0.09988,0.09976,0.09994,0.09996,0.09984,0.09988,0.09986,0.09976,0.09982,0.09968,0.09986,0.09982,0.09988,0.09984,0.09976,0.0998,0.09982,0.09974,0.09972,0.09978,0.09978,0.09982,0.09984,0.09982,0.09974,0.09978,0.09976,0.09972,0.09974,0.09974,0.09982,0.09966,0.09972,0.09982,0.0997,0.09976,0.09976,0.09974,0.09972,0.09968
StDev,0.003202031,0.002443768,0.005748304,0.003195778,0.003185593,0.003161012,0.003296513,0.003282073,0.003246075,0.003256225,0.00318308,0.003191081,0.003226763,0.003144042,0.003126819,0.003203123,0.003197343,0.003176004,0.003145155,0.003250692,0.003108537,0.0031697,0.003214498,0.00309241,0.003176004,0.003120417,0.003191081,0.003218229,0.003116569,0.003165122,0.003165122,0.003118173,0.003131613,0.003120417,0.003129217,0.003165754,0.003112395,0.003162594,0.003186377,0.003141337,0.003150079,0.003130815,0.003150397,0.003141337,0.003130974,0.003215898,0.003179308,0.003120417,0.003176004,0.003154838,0.003186377,0.003186377,0.003176004,0.003150714,0.003141337,0.003150079,0.003162594,0.003173799,0.003142133,0.003118974,0.003147698,0.003158639,0.003130974,0.003130974,0.003176004,0.003107571,0.003130974,0.003165754,0.003208115,0.003114964,0.003179308,0.003177263,0.003133209,0.003197343,0.003161012,0.003162594,0.003236819,0.003173641,0.003147698,0.003221335,0.003181666,0.003208115,0.003130176,0.003165754,0.003191081,0.003243147,0.003120417,0.003181666,0.003176004,0.003261441,0.003184337,0.003136559,0.003141337,0.003237746,0.003221335,0.003168122
1;2,0.1041,0.1124,0.1085,0.1041,0.1042,0.1043,0.1045,0.1045,0.1043,0.1043,0.1043,0.1043,0.1043,0.1041,0.1041,0.1043,0.1041,0.1041,0.1043,0.1043,0.1038,0.104,0.1043,0.1041,0.1044,0.104,0.1042,0.1042,0.104,0.104,0.104,0.1041,0.1039,0.1039,0.104,0.1045,0.1038,0.104,0.1041,0.104,0.104,0.104,0.1039,0.1039,0.1038,0.104,0.1039,0.1037,0.1039,0.1038,0.1039,0.1039,0.104,0.1039,0.1039,0.1038,0.1039,0.1038,0.1039,0.1039,0.1038,0.1038,0.1038,0.1037,0.1039,0.1036,0.1038,0.1038,0.1039,0.1038,0.1038,0.1038,0.1038,0.1038,0.1037,0.1038,0.1038,0.1038,0.1038,0.1039,0.1037,0.1038,0.1037,0.1037,0.1038,0.1038,0.1038,0.1037,0.1038,0.1039,0.1037,0.1037,0.1038,0.1038,0.1038,0.1037
2;1,0.0974,0.1073,0.1041,0.0977,0.0978,0.0979,0.0974,0.0978,0.0977,0.0976,0.0978,0.0977,0.0977,0.0978,0.0976,0.0977,0.0977,0.0977,0.0979,0.0978,0.0975,0.0974,0.0979,0.098,0.098,0.0977,0.0979,0.0977,0.0975,0.0976,0.0976,0.0977,0.0975,0.0976,0.0978,0.0982,0.0976,0.0976,0.0977,0.0976,0.0975,0.0976,0.0977,0.0975,0.0975,0.0975,0.0976,0.0974,0.0975,0.0975,0.0975,0.0975,0.0976,0.0975,0.0975,0.0974,0.0975,0.0974,0.0976,0.0976,0.0976,0.0976,0.0975,0.0974,0.0975,0.0973,0.0975,0.0975,0.0975,0.0976,0.0975,0.0975,0.0975,0.0974,0.0973,0.0974,0.0973,0.0974,0.0976,0.0975,0.0975,0.0974,0.0976,0.0974,0.0975,0.0974,0.0975,0.0972,0.0974,0.0974,0.0973,0.0975,0.0974,0.0973,0.0974,0.0974
2;2,0.1026,0.112,0.117,0.103,0.1031,0.1031,0.1029,0.1032,0.103,0.1029,0.1031,0.103,0.1028,0.1028,0.1027,0.1029,0.1028,0.1028,0.1029,0.103,0.1026,0.1025,0.1028,0.103,0.103,0.1027,0.1029,0.1028,0.1025,0.1026,0.1026,0.1028,0.1024,0.1026,0.1026,0.1033,0.1026,0.1027,0.1028,0.1026,0.1026,0.1026,0.1026,0.1025,0.1026,0.1027,0.1026,0.1024,0.1025,0.1026,0.1026,0.1026,0.1026,0.1026,0.1025,0.1026,0.1026,0.1025,0.1027,0.1027,0.1026,0.1027,0.1026,0.1025,0.1025,0.1024,0.1026,0.1026,0.1027,0.1025,0.1025,0.1026,0.1025,0.1025,0.1025,0.1025,0.1027,0.1026,0.1026,0.1026,0.1026,0.1026,0.1025,0.1025,0.1025,0.1026,0.1025,0.1024,0.1024,0.1027,0.1025,0.1025,0.1024,0.1026,0.1025,0.1024
2;3,0.0987,0.1086,0.1144,0.0988,0.099,0.0989,0.099,0.0992,0.0987,0.0988,0.0991,0.099,0.0987,0.0987,0.0988,0.0989,0.0986,0.0988,0.0991,0.0987,0.0983,0.0985,0.0987,0.0988,0.0989,0.0986,0.0986,0.0987,0.0986,0.0986,0.0986,0.0989,0.0984,0.0985,0.0986,0.0991,0.0985,0.0986,0.0987,0.0986,0.0987,0.0987,0.0985,0.0985,0.0985,0.0985,0.0984,0.0983,0.0984,0.0985,0.0985,0.0985,0.0985,0.0984,0.0985,0.0985,0.0985,0.0983,0.0985,0.0985,0.0984,0.0985,0.0985,0.0984,0.0984,0.0983,0.0985,0.0984,0.0985,0.0985,0.0983,0.0983,0.0985,0.0983,0.0983,0.0984,0.0983,0.0985,0.0984,0.0984,0.0982,0.0984,0.0983,0.0983,0.0982,0.0983,0.0984,0.0983,0.0983,0.0984,0.0983,0.0984,0.0984,0.0983,0.0983,0.0983
3;2,0.097,0.1076,0.1172,0.0971,0.0972,0.0974,0.0973,0.0972,0.0972,0.0971,0.0973,0.0973,0.0971,0.0971,0.0972,0.0972,0.097,0.097,0.0972,0.0971,0.0971,0.097,0.097,0.0973,0.0973,0.0971,0.0971,0.097,0.0971,0.0969,0.0969,0.0972,0.0969,0.097,0.0969,0.0975,0.0969,0.097,0.097,0.097,0.097,0.097,0.0968,0.0969,0.0969,0.0969,0.0968,0.0968,0.0968,0.0968,0.0968,0.0968,0.0969,0.097,0.0969,0.0969,0.0969,0.0968,0.097,0.0971,0.0968,0.0968,0.0969,0.0968,0.0968,0.0968,0.0969,0.0968,0.0968,0.0968,0.0967,0.0968,0.0968,0.0967,0.0968,0.0968,0.0968,0.0968,0.0968,0.0967,0.0967,0.0967,0.0967,0.0967,0.0967,0.0966,0.0969,0.0967,0.0967,0.0967,0.0967,0.0967,0.0968,0.0967,0.0966,0.0966
,,,,,,,,,,,,,,,,,,,,,,,,,,,,,,,,,,,,,,,,,,,,,,,,,,,,,,,,,,,,,,,,,,,,,,,,,,,,,,,,,,,,,,,,,,,,,,,,
Cycles / Well,,,,,,,,,,,,,,,,,,,,,,,,,,,,,,,,,,,,,,,,,,,,,,,,,,,,,,,,,,,,,,,,,,,,,,,,,,,,,,,,,,,,,,,,,,,,,,,,
F9,1,2,3,4,5,6,7,8,9,10,11,12,13,14,15,16,17,18,19,20,21,22,23,24,25,26,27,28,29,30,31,32,33,34,35,36,37,38,39,40,41,42,43,44,45,46,47,48,49,50,51,52,53,54,55,56,57,58,59,60,61,62,63,64,65,66,67,68,69,70,71,72,73,74,75,76,77,78,79,80,81,82,83,84,85,86,87,88,89,90,91,92,93,94,95,96
Time [s],0,1799.804,3599.705,5399.641,7199.561,8999.49,10799.409,12599.333,14399.26,16199.194,17999.109,19799.039,21598.958,23398.892,25198.808,26998.725,28798.661,30598.589,32398.489,34198.443,35998.374,37798.286,39598.224,41398.149,43198.081,44997.99,46797.917,48597.842,50397.765,52197.702,53997.621,55797.552,57597.468,59397.391,61197.317,62997.249,64797.163,66597.084,68397.028,70196.935,71996.864,73796.783,75596.71,77396.649,79196.565,80996.494,82796.414,84596.354,86396.27,88196.204,89996.112,91796.061,93595.971,95395.897,97195.829,98995.747,100795.679,102595.601,104395.534,106195.445,107995.377,109795.307,111595.236,113395.157,115195.076,116995.019,118794.937,120594.848,122394.785,124194.722,125994.648,127794.579,129594.494,131394.41,133194.341,134994.266,136794.185,138594.122,140394.047,142193.959,143993.87,145793.805,147593.724,149393.655,151193.569,152993.504,154793.443,156593.376,158393.277,160193.21,161993.13,163793.052,165592.982,167392.906,169192.831,170992.755
Temp. [°C],40.8,29.9,29.9,30,30,30.1,30,30.1,30,29.9,30,30,30,30,30,29.9,30,30,30.1,30.1,29.9,30,30,30,30.1,30.1,30,30.1,30.1,30,30,30,29.9,30.1,30,29.9,29.8,29.8,29.8,29.9,30.1,30.1,30,30.1,29.8,29.9,30,30,30,30.1,30,30,29.8,30,30,30.1,30.1,30,30.1,29.9,30,30.1,30.1,30,30,29.9,29.9,30.1,30,30,29.9,29.9,30,30,29.9,30.1,29.9,29.8,29.9,30,30,30.1,30,30,30.1,30.1,30.2,30.1,29.9,30,29.9,29.9,30.1,29.9,30,30
Mean,0.1026,0.10996,0.103,0.1027,0.10282,0.10288,0.1028,0.10294,0.10278,0.10266,0.10296,0.10284,0.10278,0.10276,0.10262,0.10274,0.10256,0.1027,0.10284,0.1027,0.10236,0.1025,0.10262,0.10274,0.10288,0.1024,0.1026,0.10266,0.10246,0.1025,0.1024,0.1027,0.10248,0.10246,0.10252,0.10308,0.10244,0.1025,0.1025,0.10248,0.10246,0.1025,0.10238,0.10242,0.10234,0.10242,0.1024,0.1023,0.10238,0.10242,0.10236,0.10236,0.10246,0.10246,0.10246,0.10246,0.10244,0.10228,0.1025,0.10252,0.10236,0.10238,0.10242,0.10232,0.10236,0.10228,0.10244,0.10242,0.10246,0.10244,0.10232,0.10234,0.10238,0.10236,0.10236,0.1024,0.10242,0.10244,0.10242,0.1023,0.10238,0.10246,0.10228,0.10238,0.10232,0.10236,0.10244,0.1023,0.10236,0.10238,0.1023,0.10238,0.10238,0.1024,0.10234,0.10234
StDev,0.003189828,0.003068876,0.003357827,0.003410279,0.003334966,0.003462225,0.003400735,0.003357529,0.003256839,0.003460202,0.003392344,0.003431909,0.00341277,0.003411451,0.003389248,0.003426806,0.003260828,0.003355592,0.003447898,0.003354847,0.003434094,0.003338413,0.003336465,0.003419503,0.003423741,0.003349627,0.00337046,0.003434094,0.003347088,0.00332265,0.003426368,0.003408079,0.003407638,0.003416577,0.003409839,0.003385558,0.003373129,0.003349627,0.003376389,0.003380385,0.003384967,0.003408079,0.003365561,0.003403968,0.003373129,0.003366304,0.003419795,0.003408079,0.003353655,0.003366304,0.003380533,0.003401176,0.003390133,0.003369421,0.003354549,0.003326109,0.003353804,0.003380385,0.003354847,0.003420088,0.003357529,0.00341277,0.003403968,0.003350672,0.003369421,0.003439041,0.003373129,0.003345445,0.003357529,0.003388658,0.003345445,0.003373129,0.003380385,0.00337387,0.003357529,0.003365264,0.003336465,0.003388658,0.003403968,0.003424179,0.003334217,0.00337387,0.003380385,0.003353655,0.003334217,0.003314815,0.003329865,0.003333917,0.003384967,0.003353655,0.003376389,0.003337963,0.003310891,0.003419795,0.003357529,0.003384228
1;2,0.1058,0.1133,0.1066,0.1064,0.1065,0.1066,0.1064,0.1066,0.1064,0.1066,0.1066,0.1067,0.1066,0.1065,0.1064,0.1065,0.1062,0.1064,0.1067,0.1065,0.1063,0.1062,0.1064,0.1066,0.1067,0.1061,0.1064,0.1066,0.1062,0.1062,0.1063,0.1065,0.1062,0.1063,0.1064,0.1069,0.1062,0.1062,0.1062,0.1062,0.1062,0.1063,0.1061,0.1062,0.1061,0.1062,0.1062,0.1061,0.1061,0.1062,0.106,0.1061,0.1063,0.1062,0.1061,0.1061,0.106,0.106,0.1063,0.1063,0.1061,0.1062,0.1062,0.1061,0.1061,0.1061,0.1062,0.1061,0.1062,0.1062,0.106,0.1061,0.1061,0.1061,0.1061,0.1061,0.1062,0.1062,0.1062,0.1061,0.106,0.1062,0.106,0.1061,0.106,0.106,0.1061,0.1059,0.1061,0.1061,0.106,0.106,0.106,0.1062,0.106,0.106
2;1,0.1006,0.1077,0.1008,0.1008,0.1008,0.1008,0.1007,0.1009,0.1008,0.1005,0.1008,0.1007,0.1007,0.1007,0.1004,0.1006,0.1006,0.1008,0.1008,0.1006,0.1002,0.1005,0.1004,0.1005,0.1007,0.1003,0.1006,0.1005,0.1005,0.1004,0.1002,0.1006,0.1004,0.1004,0.1004,0.101,0.1003,0.1004,0.1004,0.1004,0.1004,0.1004,0.1002,0.1003,0.1002,0.1004,0.1002,0.1002,0.1003,0.1004,0.1003,0.1004,0.1004,0.1003,0.1004,0.1004,0.1004,0.1002,0.1004,0.1005,0.1003,0.1003,0.1003,0.1002,0.1002,0.1002,0.1003,0.1003,0.1004,0.1004,0.1002,0.1002,0.1003,0.1004,0.1003,0.1004,0.1002,0.1004,0.1003,0.1003,0.1002,0.1005,0.1002,0.1003,0.1003,0.1004,0.1004,0.1003,0.1003,0.1003,0.1002,0.1004,0.1004,0.1002,0.1003,0.1003
2;2,0.1057,0.1131,0.1062,0.1058,0.1058,0.1061,0.106,0.1061,0.1057,0.1057,0.1062,0.1059,0.1059,0.1059,0.1057,0.1059,0.1055,0.1058,0.1059,0.1057,0.1054,0.1055,0.1056,0.1059,0.106,0.1055,0.1056,0.1057,0.1055,0.1055,0.1055,0.1058,0.1056,0.1055,0.1055,0.1061,0.1055,0.1056,0.1056,0.1056,0.1055,0.1056,0.1055,0.1055,0.1054,0.1054,0.1055,0.1054,0.1054,0.1054,0.1055,0.1055,0.1055,0.1055,0.1055,0.1055,0.1056,0.1054,0.1055,0.1056,0.1054,0.1054,0.1055,0.1053,0.1054,0.1054,0.1055,0.1055,0.1055,0.1055,0.1054,0.1054,0.1055,0.1054,0.1054,0.1055,0.1054,0.1055,0.1055,0.1054,0.1055,0.1055,0.1054,0.1054,0.1054,0.1054,0.1055,0.1054,0.1054,0.1054,0.1054,0.1055,0.1054,0.1055,0.1054,0.1055
2;3,0.1024,0.109,0.1025,0.1022,0.1024,0.1024,0.1024,0.1023,0.1023,0.1021,0.1024,0.1023,0.1021,0.1022,0.1021,0.1022,0.102,0.102,0.1023,0.1021,0.1017,0.102,0.1021,0.102,0.1023,0.1018,0.102,0.102,0.1018,0.102,0.1017,0.1021,0.102,0.1019,0.102,0.1025,0.1019,0.1019,0.102,0.1019,0.102,0.1019,0.1018,0.1019,0.1018,0.1019,0.1019,0.1017,0.1019,0.1019,0.1019,0.1017,0.1018,0.102,0.1021,0.102,0.102,0.1017,0.1019,0.102,0.1018,0.1019,0.1019,0.1018,0.1019,0.1017,0.1019,0.1019,0.1019,0.1019,0.1018,0.1018,0.1018,0.1018,0.1018,0.1018,0.1019,0.1019,0.1019,0.1017,0.1019,0.1019,0.1017,0.1019,0.1017,0.1018,0.1019,0.1018,0.1019,0.1019,0.1018,0.1018,0.1019,0.1019,0.1019,0.1018
3;2,0.0985,0.1067,0.0989,0.0983,0.0986,0.0985,0.0985,0.0988,0.0987,0.0984,0.0988,0.0986,0.0986,0.0985,0.0985,0.0985,0.0985,0.0985,0.0985,0.0986,0.0982,0.0983,0.0986,0.0987,0.0987,0.0983,0.0984,0.0985,0.0983,0.0984,0.0983,0.0985,0.0982,0.0982,0.0983,0.0989,0.0983,0.0984,0.0983,0.0983,0.0982,0.0983,0.0983,0.0982,0.0982,0.0982,0.0982,0.0981,0.0982,0.0982,0.0981,0.0981,0.0983,0.0983,0.0982,0.0983,0.0982,0.0981,0.0984,0.0982,0.0982,0.0981,0.0982,0.0982,0.0982,0.098,0.0983,0.0983,0.0983,0.0982,0.0982,0.0982,0.0982,0.0981,0.0982,0.0982,0.0984,0.0982,0.0982,0.098,0.0983,0.0982,0.0981,0.0982,0.0982,0.0982,0.0983,0.0981,0.0981,0.0982,0.0981,0.0982,0.0982,0.0982,0.0981,0.0981
,,,,,,,,,,,,,,,,,,,,,,,,,,,,,,,,,,,,,,,,,,,,,,,,,,,,,,,,,,,,,,,,,,,,,,,,,,,,,,,,,,,,,,,,,,,,,,,,
Cycles / Well,,,,,,,,,,,,,,,,,,,,,,,,,,,,,,,,,,,,,,,,,,,,,,,,,,,,,,,,,,,,,,,,,,,,,,,,,,,,,,,,,,,,,,,,,,,,,,,,
F10,1,2,3,4,5,6,7,8,9,10,11,12,13,14,15,16,17,18,19,20,21,22,23,24,25,26,27,28,29,30,31,32,33,34,35,36,37,38,39,40,41,42,43,44,45,46,47,48,49,50,51,52,53,54,55,56,57,58,59,60,61,62,63,64,65,66,67,68,69,70,71,72,73,74,75,76,77,78,79,80,81,82,83,84,85,86,87,88,89,90,91,92,93,94,95,96
Time [s],0,1799.804,3599.705,5399.641,7199.561,8999.49,10799.409,12599.333,14399.26,16199.194,17999.109,19799.039,21598.958,23398.892,25198.808,26998.725,28798.661,30598.589,32398.489,34198.443,35998.374,37798.286,39598.224,41398.149,43198.081,44997.99,46797.917,48597.842,50397.765,52197.702,53997.621,55797.552,57597.468,59397.391,61197.317,62997.249,64797.163,66597.084,68397.028,70196.935,71996.864,73796.783,75596.71,77396.649,79196.565,80996.494,82796.414,84596.354,86396.27,88196.204,89996.112,91796.061,93595.971,95395.897,97195.829,98995.747,100795.679,102595.601,104395.534,106195.445,107995.377,109795.307,111595.236,113395.157,115195.076,116995.019,118794.937,120594.848,122394.785,124194.722,125994.648,127794.579,129594.494,131394.41,133194.341,134994.266,136794.185,138594.122,140394.047,142193.959,143993.87,145793.805,147593.724,149393.655,151193.569,152993.504,154793.443,156593.376,158393.277,160193.21,161993.13,163793.052,165592.982,167392.906,169192.831,170992.755
Temp. [°C],40.8,29.9,29.9,30,30,30.1,30,30.1,30,29.9,30,30,30,30,30,29.9,30,30,30.1,30.1,29.9,30,30,30,30.1,30.1,30,30.1,30.1,30,30,30,29.9,30.1,30,29.9,29.8,29.8,29.8,29.9,30.1,30.1,30,30.1,29.8,29.9,30,30,30,30.1,30,30,29.8,30,30,30.1,30.1,30,30.1,29.9,30,30.1,30.1,30,30,29.9,29.9,30.1,30,30,29.9,29.9,30,30,29.9,30.1,29.9,29.8,29.9,30,30,30.1,30,30,30.1,30.1,30.2,30.1,29.9,30,29.9,29.9,30.1,29.9,30,30
Mean,0.10106,0.10872,0.1013,0.10126,0.10138,0.10136,0.1014,0.10166,0.10146,0.10132,0.10148,0.10138,0.10134,0.10136,0.1012,0.10134,0.10124,0.10126,0.10144,0.10124,0.10092,0.10112,0.10114,0.10132,0.1014,0.10112,0.10118,0.10122,0.10104,0.10098,0.10104,0.10118,0.10104,0.10092,0.10098,0.1016,0.101,0.101,0.10098,0.101,0.101,0.10102,0.10092,0.1009,0.10086,0.10092,0.1009,0.10082,0.10084,0.10092,0.10092,0.10086,0.10102,0.10088,0.10094,0.10096,0.10094,0.1008,0.10094,0.10098,0.10082,0.10086,0.10086,0.1008,0.1008,0.1007,0.10092,0.10086,0.1009,0.10086,0.1008,0.1008,0.10082,0.10082,0.10086,0.1008,0.10088,0.10088,0.10084,0.1008,0.1008,0.10078,0.10072,0.1008,0.10078,0.10082,0.1009,0.10076,0.1008,0.10078,0.10076,0.10078,0.10086,0.10078,0.1007,0.1007
StDev,0.003296665,0.002181055,0.003308323,0.003370905,0.003304088,0.003373129,0.003273377,0.003326109,0.003429723,0.003390723,0.003358124,0.003403968,0.003194214,0.003341856,0.003297726,0.003253921,0.003282986,0.003159589,0.003253921,0.003344099,0.003227538,0.00342739,0.003230015,0.003261441,0.003306055,0.003203436,0.003361101,0.003259908,0.00328527,0.003336465,0.003342604,0.003339461,0.003376092,0.00331994,0.003337214,0.003293175,0.003248846,0.003362291,0.003375944,0.003329414,0.003387477,0.00335589,0.00338851,0.003325658,0.003365709,0.0033544,0.003329414,0.00327521,0.003380533,0.00335589,0.00329803,0.003278414,0.003274447,0.003281311,0.003310287,0.003336615,0.003286031,0.003329414,0.003344099,0.003279787,0.00331768,0.003277652,0.003311042,0.003324906,0.003363778,0.003306055,0.00329803,0.003311042,0.003349627,0.003335116,0.003363778,0.003306055,0.003294237,0.003332717,0.003332867,0.003325658,0.003318433,0.003279787,0.003357529,0.003359315,0.003306055,0.003356635,0.003236819,0.003328663,0.003318433,0.00329803,0.003306055,0.00332686,0.003362291,0.003337214,0.003288313,0.003337214,0.003345594,0.003314664,0.003362291,0.003329414
1;2,0.1042,0.1102,0.1045,0.1045,0.1045,0.1047,0.1046,0.1048,0.1047,0.1046,0.1048,0.1048,0.1045,0.1046,0.1044,0.1045,0.1045,0.1045,0.1046,0.1045,0.1041,0.1045,0.1043,0.1045,0.1047,0.1043,0.1045,0.1045,0.1044,0.1044,0.1044,0.1044,0.1045,0.1041,0.1043,0.1048,0.1043,0.1044,0.1043,0.1043,0.1043,0.1043,0.1043,0.1042,0.1042,0.1043,0.1042,0.1041,0.1042,0.1042,0.1042,0.1041,0.1044,0.1041,0.1042,0.1042,0.1042,0.1041,0.1042,0.1043,0.1041,0.1042,0.1042,0.1042,0.1041,0.104,0.1042,0.1042,0.1042,0.1042,0.1041,0.1041,0.1041,0.1041,0.1041,0.1041,0.1042,0.1042,0.1042,0.1042,0.1041,0.1042,0.104,0.1042,0.1041,0.1041,0.1042,0.1041,0.1042,0.1041,0.1041,0.1041,0.1042,0.1041,0.1041,0.104
2;1,0.1,0.1076,0.1002,0.1002,0.1003,0.1004,0.1004,0.1008,0.1004,0.1002,0.1004,0.1005,0.1003,0.1005,0.1003,0.1004,0.1001,0.1002,0.1005,0.1002,0.1,0.1,0.1001,0.1003,0.1003,0.1001,0.1002,0.1002,0.1,0.0999,0.1,0.1001,0.0999,0.0999,0.0999,0.1006,0.0999,0.0999,0.0999,0.1,0.1,0.1,0.0998,0.0998,0.0997,0.0999,0.0999,0.0997,0.0998,0.0999,0.0999,0.0999,0.0999,0.0998,0.1,0.1,0.0999,0.0998,0.0999,0.0999,0.0998,0.0999,0.0998,0.0997,0.0997,0.0996,0.0999,0.0998,0.0999,0.0999,0.0997,0.0997,0.0997,0.0997,0.0998,0.0997,0.0998,0.0998,0.0997,0.0996,0.0997,0.0997,0.0996,0.0998,0.0997,0.0998,0.0998,0.0996,0.0997,0.0997,0.0996,0.0997,0.0997,0.0996,0.0996,0.0997
2;2,0.1047,0.1117,0.1049,0.1049,0.105,0.1049,0.1049,0.1053,0.1052,0.105,0.1051,0.1049,0.1048,0.1049,0.1047,0.1048,0.1047,0.1045,0.1049,0.1048,0.1043,0.1048,0.1046,0.1048,0.1049,0.1045,0.1047,0.1046,0.1044,0.1044,0.1045,0.1048,0.1045,0.1045,0.1045,0.1051,0.1044,0.1045,0.1046,0.1045,0.1046,0.1046,0.1045,0.1044,0.1044,0.1044,0.1044,0.1043,0.1044,0.1045,0.1044,0.1043,0.1044,0.1044,0.1044,0.1045,0.1044,0.1043,0.1045,0.1044,0.1043,0.1042,0.1043,0.1042,0.1044,0.1042,0.1044,0.1043,0.1044,0.1043,0.1044,0.1043,0.1043,0.1044,0.1044,0.1043,0.1044,0.1043,0.1044,0.1043,0.1043,0.1042,0.1041,0.1042,0.1043,0.1043,0.1044,0.1043,0.1043,0.1043,0.1042,0.1043,0.1044,0.1043,0.1042,0.1042
2;3,0.0994,0.1078,0.0997,0.0997,0.0999,0.0997,0.0998,0.0999,0.0999,0.0997,0.0997,0.0996,0.0996,0.0997,0.0996,0.0998,0.0998,0.0998,0.0999,0.0997,0.0994,0.0994,0.0996,0.0998,0.0998,0.0996,0.0996,0.0997,0.0995,0.0994,0.0995,0.0996,0.0995,0.0994,0.0994,0.1001,0.0994,0.0994,0.0993,0.0994,0.0994,0.0994,0.0993,0.0994,0.0994,0.0993,0.0993,0.0992,0.0992,0.0993,0.0993,0.0993,0.0994,0.0993,0.0994,0.0994,0.0994,0.0992,0.0994,0.0994,0.0993,0.0993,0.0993,0.0993,0.0992,0.0991,0.0993,0.0993,0.0994,0.0993,0.0992,0.0992,0.0993,0.0992,0.0994,0.0993,0.0992,0.0993,0.0992,0.0993,0.0992,0.0993,0.0992,0.0992,0.0991,0.0992,0.0993,0.0991,0.0992,0.0992,0.0992,0.0992,0.0993,0.0992,0.0991,0.0991
3;2,0.097,0.1063,0.0972,0.097,0.0972,0.0971,0.0973,0.0975,0.0971,0.0971,0.0974,0.0971,0.0975,0.0971,0.097,0.0972,0.0971,0.0973,0.0973,0.097,0.0968,0.0969,0.0971,0.0972,0.0973,0.0971,0.0969,0.0971,0.0969,0.0968,0.0968,0.097,0.0968,0.0967,0.0968,0.0974,0.097,0.0968,0.0968,0.0968,0.0967,0.0968,0.0967,0.0967,0.0966,0.0967,0.0967,0.0968,0.0966,0.0967,0.0968,0.0967,0.097,0.0968,0.0967,0.0967,0.0968,0.0966,0.0967,0.0969,0.0966,0.0967,0.0967,0.0966,0.0966,0.0966,0.0968,0.0967,0.0966,0.0966,0.0966,0.0967,0.0967,0.0967,0.0966,0.0966,0.0968,0.0968,0.0967,0.0966,0.0967,0.0965,0.0967,0.0966,0.0967,0.0967,0.0968,0.0967,0.0966,0.0966,0.0967,0.0966,0.0967,0.0967,0.0965,0.0965
,,,,,,,,,,,,,,,,,,,,,,,,,,,,,,,,,,,,,,,,,,,,,,,,,,,,,,,,,,,,,,,,,,,,,,,,,,,,,,,,,,,,,,,,,,,,,,,,
Cycles / Well,,,,,,,,,,,,,,,,,,,,,,,,,,,,,,,,,,,,,,,,,,,,,,,,,,,,,,,,,,,,,,,,,,,,,,,,,,,,,,,,,,,,,,,,,,,,,,,,
F11,1,2,3,4,5,6,7,8,9,10,11,12,13,14,15,16,17,18,19,20,21,22,23,24,25,26,27,28,29,30,31,32,33,34,35,36,37,38,39,40,41,42,43,44,45,46,47,48,49,50,51,52,53,54,55,56,57,58,59,60,61,62,63,64,65,66,67,68,69,70,71,72,73,74,75,76,77,78,79,80,81,82,83,84,85,86,87,88,89,90,91,92,93,94,95,96
Time [s],0,1799.804,3599.705,5399.641,7199.561,8999.49,10799.409,12599.333,14399.26,16199.194,17999.109,19799.039,21598.958,23398.892,25198.808,26998.725,28798.661,30598.589,32398.489,34198.443,35998.374,37798.286,39598.224,41398.149,43198.081,44997.99,46797.917,48597.842,50397.765,52197.702,53997.621,55797.552,57597.468,59397.391,61197.317,62997.249,64797.163,66597.084,68397.028,70196.935,71996.864,73796.783,75596.71,77396.649,79196.565,80996.494,82796.414,84596.354,86396.27,88196.204,89996.112,91796.061,93595.971,95395.897,97195.829,98995.747,100795.679,102595.601,104395.534,106195.445,107995.377,109795.307,111595.236,113395.157,115195.076,116995.019,118794.937,120594.848,122394.785,124194.722,125994.648,127794.579,129594.494,131394.41,133194.341,134994.266,136794.185,138594.122,140394.047,142193.959,143993.87,145793.805,147593.724,149393.655,151193.569,152993.504,154793.443,156593.376,158393.277,160193.21,161993.13,163793.052,165592.982,167392.906,169192.831,170992.755
Temp. [°C],40.8,29.9,29.9,30,30,30.1,30,30.1,30,29.9,30,30,30,30,30,29.9,30,30,30.1,30.1,29.9,30,30,30,30.1,30.1,30,30.1,30.1,30,30,30,29.9,30.1,30,29.9,29.8,29.8,29.8,29.9,30.1,30.1,30,30.1,29.8,29.9,30,30,30,30.1,30,30,29.8,30,30,30.1,30.1,30,30.1,29.9,30,30.1,30.1,30,30,29.9,29.9,30.1,30,30,29.9,29.9,30,30,29.9,30.1,29.9,29.8,29.9,30,30,30.1,30,30,30.1,30.1,30.2,30.1,29.9,30,29.9,29.9,30.1,29.9,30,30
Mean,0.1004,0.10932,0.10072,0.10074,0.10082,0.10094,0.10078,0.1009,0.1008,0.10068,0.10102,0.10092,0.10082,0.10076,0.1007,0.10078,0.10076,0.10078,0.10098,0.10076,0.1005,0.1006,0.10074,0.10094,0.1011,0.10054,0.10086,0.10084,0.1007,0.1007,0.10062,0.10086,0.10064,0.10062,0.10064,0.1012,0.1006,0.1006,0.10058,0.1006,0.1006,0.10066,0.10052,0.1005,0.10052,0.10054,0.10048,0.10036,0.1004,0.10052,0.1005,0.10054,0.10058,0.10052,0.10056,0.10052,0.10052,0.1004,0.10058,0.1006,0.10042,0.10052,0.10046,0.10044,0.10042,0.10032,0.10052,0.10056,0.10054,0.1005,0.10036,0.10044,0.10048,0.10042,0.10046,0.10048,0.10042,0.10048,0.10048,0.10044,0.10038,0.10042,0.10038,0.10046,0.10038,0.10044,0.10044,0.10034,0.10046,0.10038,0.1004,0.10042,0.10048,0.10044,0.10038,0.10038
StDev,0.002437212,0.002548921,0.00267058,0.002676378,0.002733496,0.002807668,0.002729835,0.002776689,0.002829311,0.002849912,0.002835842,0.002783343,0.002750818,0.00279875,0.002862691,0.002899483,0.002841303,0.002869146,0.00279589,0.002831607,0.002909467,0.002849561,0.002909983,0.00282365,0.002839894,0.00278801,0.002840423,0.002919418,0.002921472,0.002792848,0.002916676,0.002890156,0.002833373,0.002890848,0.002871063,0.002887906,0.002887906,0.002839894,0.002899483,0.002862691,0.002815138,0.002899655,0.002882187,0.002921472,0.002842886,0.002909983,0.002859545,0.002879757,0.002829311,0.002890848,0.002845171,0.00288756,0.002883054,0.002857796,0.002831607,0.002893441,0.002882187,0.002912902,0.002883054,0.002829311,0.002882187,0.002907232,0.002913417,0.002909983,0.002925235,0.002882187,0.002882187,0.002879757,0.00288756,0.00285482,0.002879757,0.002851842,0.002859545,0.002859545,0.002913417,0.002851666,0.002890848,0.002893441,0.002885654,0.002927115,0.00291839,0.002940578,0.00291839,0.002929676,0.002899483,0.002885827,0.002838662,0.002846577,0.002855346,0.002875239,0.002912902,0.002907232,0.002845523,0.002851842,0.002851666,0.002885654
1;2,0.1031,0.1122,0.1039,0.1039,0.104,0.1042,0.104,0.1042,0.104,0.1039,0.1043,0.1041,0.104,0.104,0.1039,0.1041,0.1042,0.1041,0.1041,0.1039,0.1039,0.1039,0.104,0.1043,0.1043,0.1036,0.1041,0.1042,0.104,0.1038,0.104,0.1041,0.1039,0.1039,0.1039,0.1045,0.1039,0.1038,0.1038,0.1038,0.1037,0.104,0.1037,0.1038,0.1037,0.1038,0.1037,0.1036,0.1036,0.1038,0.1036,0.1038,0.1038,0.1038,0.1037,0.1037,0.1037,0.1036,0.1038,0.1038,0.1036,0.1038,0.1037,0.1037,0.1037,0.1035,0.1037,0.1038,0.1038,0.1036,0.1036,0.1036,0.1037,0.1036,0.1037,0.1036,0.1037,0.1037,0.1036,0.1037,0.1037,0.1037,0.1037,0.1037,0.1036,0.1036,0.1035,0.1035,0.1036,0.1035,0.1036,0.1037,0.1035,0.1036,0.1035,0.1035
2;1,0.0985,0.1061,0.0987,0.0986,0.0988,0.0987,0.0985,0.0986,0.0985,0.0983,0.0988,0.0986,0.0985,0.0984,0.0984,0.0983,0.0986,0.0985,0.0988,0.0985,0.0983,0.0984,0.0984,0.0989,0.0989,0.0983,0.0986,0.0985,0.0984,0.0986,0.0983,0.0986,0.0985,0.0983,0.0984,0.0989,0.0983,0.0984,0.0982,0.0983,0.0984,0.0984,0.0982,0.0982,0.0983,0.0982,0.0982,0.098,0.0981,0.0982,0.0981,0.0983,0.0982,0.0982,0.0983,0.0983,0.0982,0.0981,0.0982,0.0983,0.0981,0.0982,0.0981,0.0981,0.0981,0.098,0.0982,0.0982,0.0983,0.0982,0.098,0.0981,0.0982,0.0982,0.0981,0.0982,0.0981,0.0982,0.0982,0.0981,0.0981,0.0981,0.0981,0.0981,0.098,0.0981,0.0982,0.0981,0.0981,0.098,0.0981,0.0981,0.0982,0.0981,0.0981,0.0981
2;2,0.1021,0.1116,0.1025,0.1026,0.1028,0.1029,0.1028,0.1028,0.103,0.1029,0.1032,0.103,0.1029,0.1029,0.1029,0.103,0.1027,0.1029,0.1031,0.103,0.1026,0.1027,0.103,0.1029,0.1033,0.1027,0.103,0.103,0.1029,0.1029,0.1028,0.1031,0.1027,0.1028,0.1028,0.1034,0.1028,0.1028,0.1029,0.1028,0.1028,0.1028,0.1028,0.1027,0.1027,0.1028,0.1027,0.1026,0.1026,0.1027,0.1028,0.1028,0.1028,0.1027,0.1028,0.1028,0.1028,0.1027,0.1028,0.1028,0.1027,0.1028,0.1027,0.1027,0.1026,0.1026,0.1028,0.1028,0.1028,0.1028,0.1026,0.1027,0.1027,0.1027,0.1027,0.1028,0.1026,0.1027,0.1028,0.1028,0.1026,0.1027,0.1026,0.1028,0.1027,0.1027,0.1027,0.1025,0.1027,0.1027,0.1027,0.1027,0.1029,0.1027,0.1027,0.1027
2;3,0.101,0.1087,0.1011,0.1011,0.1011,0.1014,0.101,0.1013,0.1011,0.101,0.1012,0.1013,0.1011,0.101,0.1011,0.1011,0.101,0.1011,0.1014,0.1011,0.1008,0.1009,0.1011,0.1012,0.1014,0.101,0.1012,0.1012,0.1011,0.101,0.1009,0.1012,0.101,0.101,0.101,0.1015,0.1009,0.1009,0.1009,0.101,0.101,0.101,0.1009,0.1009,0.1009,0.1009,0.1008,0.1007,0.1007,0.1009,0.1009,0.1008,0.101,0.1008,0.1009,0.1009,0.1009,0.1008,0.101,0.1009,0.1008,0.1008,0.1009,0.1008,0.1009,0.1007,0.1009,0.1009,0.1008,0.1009,0.1007,0.1008,0.1008,0.1007,0.1009,0.1008,0.1008,0.1009,0.1009,0.1007,0.1007,0.1008,0.1007,0.1008,0.1007,0.1009,0.1009,0.1008,0.1009,0.1008,0.1008,0.1007,0.1008,0.1008,0.1007,0.1008
3;2,0.0973,0.108,0.0974,0.0975,0.0974,0.0975,0.0976,0.0976,0.0974,0.0973,0.0976,0.0976,0.0976,0.0975,0.0972,0.0974,0.0973,0.0973,0.0975,0.0973,0.0969,0.0971,0.0972,0.0974,0.0976,0.0971,0.0974,0.0973,0.0971,0.0972,0.0971,0.0973,0.0971,0.0971,0.0971,0.0977,0.0971,0.0971,0.0971,0.0971,0.0971,0.0971,0.097,0.0969,0.097,0.097,0.097,0.0969,0.097,0.097,0.0971,0.097,0.0971,0.0971,0.0971,0.0969,0.097,0.0968,0.0971,0.0972,0.0969,0.097,0.0969,0.0969,0.0968,0.0968,0.097,0.0971,0.097,0.097,0.0969,0.097,0.097,0.0969,0.0969,0.097,0.0969,0.0969,0.0969,0.0969,0.0968,0.0968,0.0968,0.0969,0.0969,0.0969,0.0969,0.0968,0.097,0.0969,0.0968,0.0969,0.097,0.097,0.0969,0.0968
,,,,,,,,,,,,,,,,,,,,,,,,,,,,,,,,,,,,,,,,,,,,,,,,,,,,,,,,,,,,,,,,,,,,,,,,,,,,,,,,,,,,,,,,,,,,,,,,
Cycles / Well,,,,,,,,,,,,,,,,,,,,,,,,,,,,,,,,,,,,,,,,,,,,,,,,,,,,,,,,,,,,,,,,,,,,,,,,,,,,,,,,,,,,,,,,,,,,,,,,
F12,1,2,3,4,5,6,7,8,9,10,11,12,13,14,15,16,17,18,19,20,21,22,23,24,25,26,27,28,29,30,31,32,33,34,35,36,37,38,39,40,41,42,43,44,45,46,47,48,49,50,51,52,53,54,55,56,57,58,59,60,61,62,63,64,65,66,67,68,69,70,71,72,73,74,75,76,77,78,79,80,81,82,83,84,85,86,87,88,89,90,91,92,93,94,95,96
Time [s],0,1799.804,3599.705,5399.641,7199.561,8999.49,10799.409,12599.333,14399.26,16199.194,17999.109,19799.039,21598.958,23398.892,25198.808,26998.725,28798.661,30598.589,32398.489,34198.443,35998.374,37798.286,39598.224,41398.149,43198.081,44997.99,46797.917,48597.842,50397.765,52197.702,53997.621,55797.552,57597.468,59397.391,61197.317,62997.249,64797.163,66597.084,68397.028,70196.935,71996.864,73796.783,75596.71,77396.649,79196.565,80996.494,82796.414,84596.354,86396.27,88196.204,89996.112,91796.061,93595.971,95395.897,97195.829,98995.747,100795.679,102595.601,104395.534,106195.445,107995.377,109795.307,111595.236,113395.157,115195.076,116995.019,118794.937,120594.848,122394.785,124194.722,125994.648,127794.579,129594.494,131394.41,133194.341,134994.266,136794.185,138594.122,140394.047,142193.959,143993.87,145793.805,147593.724,149393.655,151193.569,152993.504,154793.443,156593.376,158393.277,160193.21,161993.13,163793.052,165592.982,167392.906,169192.831,170992.755
Temp. [°C],40.8,29.9,29.9,30,30,30.1,30,30.1,30,29.9,30,30,30,30,30,29.9,30,30,30.1,30.1,29.9,30,30,30,30.1,30.1,30,30.1,30.1,30,30,30,29.9,30.1,30,29.9,29.8,29.8,29.8,29.9,30.1,30.1,30,30.1,29.8,29.9,30,30,30,30.1,30,30,29.8,30,30,30.1,30.1,30,30.1,29.9,30,30.1,30.1,30,30,29.9,29.9,30.1,30,30,29.9,29.9,30,30,29.9,30.1,29.9,29.8,29.9,30,30,30.1,30,30,30.1,30.1,30.2,30.1,29.9,30,29.9,29.9,30.1,29.9,30,30
Mean,0.10278,0.102,0.10212,0.1022,0.1023,0.10234,0.10228,0.1024,0.10224,0.10216,0.10242,0.1023,0.10206,0.1022,0.10208,0.10226,0.1022,0.10212,0.10224,0.10208,0.1018,0.10192,0.10208,0.10226,0.1024,0.1022,0.1021,0.1021,0.10202,0.10196,0.10192,0.10206,0.10194,0.10192,0.10198,0.10252,0.10192,0.10192,0.10188,0.10186,0.1019,0.10194,0.10182,0.10184,0.10176,0.10188,0.10176,0.1017,0.10176,0.10178,0.10174,0.10178,0.10194,0.10184,0.10184,0.10182,0.10182,0.10174,0.10188,0.10184,0.10186,0.10188,0.10172,0.10172,0.10174,0.1017,0.10186,0.10188,0.10188,0.1018,0.10194,0.10182,0.10188,0.10184,0.10186,0.1019,0.10192,0.10194,0.10214,0.10194,0.10192,0.10196,0.1019,0.10182,0.102,0.10202,0.10204,0.10194,0.1021,0.1021,0.102,0.10212,0.102,0.10208,0.10208,0.1021
StDev,0.002359449,0.002508984,0.002575267,0.002591332,0.002609598,0.002640644,0.002615722,0.002503997,0.002600577,0.002664207,0.002659323,0.0026,0.002567684,0.0026,0.002658383,0.002502599,0.002581666,0.002574296,0.002551078,0.002707767,0.002594224,0.00266402,0.00253318,0.002687564,0.002592296,0.002257211,0.002628688,0.002639129,0.002616677,0.002680112,0.002564566,0.002616868,0.002682909,0.002620496,0.002598461,0.002525272,0.002519325,0.002515353,0.002556756,0.00252547,0.002481935,0.002544209,0.002510378,0.002488574,0.00242755,0.0024994,0.002471437,0.002432077,0.002471437,0.002413918,0.002396456,0.002450918,0.002401666,0.002388095,0.002451122,0.002328519,0.002374237,0.002398541,0.002313439,0.002306079,0.002342648,0.002273104,0.002325296,0.00232422,0.002311493,0.002344142,0.002287575,0.002319914,0.002278596,0.002296737,0.002159398,0.002246553,0.002171866,0.002236739,0.002190434,0.002124853,0.00212297,0.002180138,0.002105469,0.002137288,0.00213237,0.002192715,0.002181742,0.002184491,0.002070024,0.002113528,0.002040343,0.002040343,0.001989975,0.002084466,0.002088061,0.002128849,0.002088061,0.002071714,0.002124147,0.002077258
1;2,0.1029,0.1046,0.1047,0.1048,0.105,0.1051,0.1049,0.1051,0.1049,0.1049,0.1052,0.1049,0.1047,0.1048,0.1047,0.1049,0.1049,0.1049,0.1049,0.1048,0.1043,0.1047,0.1046,0.1051,0.1051,0.1045,0.1049,0.1049,0.1047,0.1048,0.1046,0.1048,0.1048,0.1045,0.1046,0.1051,0.1045,0.1045,0.1044,0.1044,0.1044,0.1045,0.1044,0.1044,0.1042,0.1044,0.1042,0.1041,0.1042,0.1041,0.1041,0.1042,0.1043,0.1043,0.1041,0.104,0.1041,0.104,0.1041,0.104,0.104,0.104,0.1039,0.1039,0.1039,0.1039,0.1041,0.1041,0.104,0.104,0.1039,0.1039,0.1038,0.1038,0.1038,0.1037,0.1038,0.1039,0.1039,0.1038,0.1037,0.1037,0.1038,0.1035,0.1036,0.1037,0.1036,0.1035,0.1035,0.1036,0.1035,0.1036,0.1036,0.1035,0.1035,0.1035
2;1,0.1042,0.1008,0.1007,0.1008,0.101,0.1008,0.1009,0.1011,0.1008,0.1007,0.101,0.1009,0.1005,0.1008,0.1006,0.101,0.1008,0.1008,0.1009,0.1006,0.1003,0.1006,0.1008,0.1008,0.1011,0.1005,0.1006,0.1007,0.1006,0.1006,0.1005,0.1005,0.1004,0.1005,0.1005,0.1012,0.1006,0.1005,0.1004,0.1005,0.1004,0.1005,0.1004,0.1004,0.1004,0.1004,0.1003,0.1002,0.1003,0.1004,0.1003,0.1003,0.1006,0.1003,0.1003,0.1004,0.1004,0.1002,0.1004,0.1003,0.1002,0.1004,0.1002,0.1001,0.1001,0.1001,0.1003,0.1002,0.1003,0.1002,0.1001,0.1001,0.1003,0.1002,0.1002,0.1002,0.1002,0.1001,0.1003,0.1002,0.1002,0.1001,0.1001,0.1001,0.1003,0.1003,0.1003,0.1002,0.1003,0.1001,0.1001,0.1001,0.1002,0.1001,0.1001,0.1001
2;2,0.1058,0.1048,0.1051,0.1052,0.1052,0.1053,0.1053,0.1051,0.1052,0.1052,0.1054,0.1053,0.105,0.1052,0.1052,0.105,0.1051,0.1049,0.1051,0.1052,0.1049,0.1049,0.105,0.1052,0.1053,0.1048,0.105,0.105,0.105,0.1049,0.1048,0.105,0.1049,0.105,0.105,0.1054,0.1048,0.1048,0.1049,0.1048,0.1048,0.1049,0.1047,0.1047,0.1046,0.1048,0.1047,0.1046,0.1047,0.1047,0.1046,0.1047,0.1048,0.1046,0.1049,0.1047,0.1047,0.1047,0.1047,0.1047,0.1048,0.1047,0.1046,0.1046,0.1046,0.1046,0.1046,0.1047,0.1047,0.1046,0.1045,0.1046,0.1046,0.1047,0.1046,0.1046,0.1045,0.1046,0.1047,0.1046,0.1046,0.1047,0.1046,0.1047,0.1046,0.1046,0.1046,0.1045,0.1045,0.1046,0.1045,0.1045,0.1046,0.1045,0.1047,0.1045
2;3,0.1011,0.1003,0.1005,0.1005,0.1007,0.1007,0.1006,0.1008,0.1006,0.1003,0.1006,0.1007,0.1004,0.1006,0.1004,0.1007,0.1004,0.1004,0.1005,0.1004,0.1002,0.1,0.1005,0.1007,0.1006,0.1002,0.1004,0.1004,0.1003,0.1002,0.1002,0.1004,0.1002,0.1002,0.1002,0.1008,0.1001,0.1002,0.1002,0.1,0.1002,0.1002,0.1,0.1,0.0999,0.1001,0.0999,0.0999,0.0999,0.1,0.0999,0.0999,0.1,0.1,0.1001,0.1,0.1001,0.0999,0.1001,0.1001,0.0999,0.1,0.0999,0.0999,0.0998,0.0998,0.0999,0.0999,0.0999,0.0999,0.0998,0.0999,0.0998,0.0999,0.0998,0.0999,0.0998,0.0999,0.1,0.0999,0.0998,0.0997,0.0998,0.0997,0.0998,0.0997,0.0999,0.0998,0.0999,0.0999,0.0997,0.0997,0.0998,0.0998,0.0998,0.0998
3;2,0.0999,0.0995,0.0996,0.0997,0.0996,0.0998,0.0997,0.0999,0.0997,0.0997,0.0999,0.0997,0.0997,0.0996,0.0995,0.0997,0.0998,0.0996,0.0998,0.0994,0.0993,0.0994,0.0995,0.0995,0.0999,0.101,0.0996,0.0995,0.0995,0.0993,0.0995,0.0996,0.0994,0.0994,0.0996,0.1001,0.0996,0.0996,0.0995,0.0996,0.0997,0.0996,0.0996,0.0997,0.0997,0.0997,0.0997,0.0997,0.0997,0.0997,0.0998,0.0998,0.1,0.1,0.0998,0.1,0.0998,0.0999,0.1001,0.1001,0.1004,0.1003,0.1,0.1001,0.1003,0.1001,0.1004,0.1005,0.1005,0.1003,0.1014,0.1006,0.1009,0.1006,0.1009,0.1011,0.1013,0.1012,0.1018,0.1012,0.1013,0.1016,0.1012,0.1011,0.1017,0.1018,0.1018,0.1017,0.1023,0.1023,0.1022,0.1027,0.1018,0.1025,0.1023,0.1026
,,,,,,,,,,,,,,,,,,,,,,,,,,,,,,,,,,,,,,,,,,,,,,,,,,,,,,,,,,,,,,,,,,,,,,,,,,,,,,,,,,,,,,,,,,,,,,,,
Cycles / Well,,,,,,,,,,,,,,,,,,,,,,,,,,,,,,,,,,,,,,,,,,,,,,,,,,,,,,,,,,,,,,,,,,,,,,,,,,,,,,,,,,,,,,,,,,,,,,,,
G1,1,2,3,4,5,6,7,8,9,10,11,12,13,14,15,16,17,18,19,20,21,22,23,24,25,26,27,28,29,30,31,32,33,34,35,36,37,38,39,40,41,42,43,44,45,46,47,48,49,50,51,52,53,54,55,56,57,58,59,60,61,62,63,64,65,66,67,68,69,70,71,72,73,74,75,76,77,78,79,80,81,82,83,84,85,86,87,88,89,90,91,92,93,94,95,96
Time [s],0,1799.804,3599.705,5399.641,7199.561,8999.49,10799.409,12599.333,14399.26,16199.194,17999.109,19799.039,21598.958,23398.892,25198.808,26998.725,28798.661,30598.589,32398.489,34198.443,35998.374,37798.286,39598.224,41398.149,43198.081,44997.99,46797.917,48597.842,50397.765,52197.702,53997.621,55797.552,57597.468,59397.391,61197.317,62997.249,64797.163,66597.084,68397.028,70196.935,71996.864,73796.783,75596.71,77396.649,79196.565,80996.494,82796.414,84596.354,86396.27,88196.204,89996.112,91796.061,93595.971,95395.897,97195.829,98995.747,100795.679,102595.601,104395.534,106195.445,107995.377,109795.307,111595.236,113395.157,115195.076,116995.019,118794.937,120594.848,122394.785,124194.722,125994.648,127794.579,129594.494,131394.41,133194.341,134994.266,136794.185,138594.122,140394.047,142193.959,143993.87,145793.805,147593.724,149393.655,151193.569,152993.504,154793.443,156593.376,158393.277,160193.21,161993.13,163793.052,165592.982,167392.906,169192.831,170992.755
Temp. [°C],40.8,29.9,29.9,30,30,30.1,30,30.1,30,29.9,30,30,30,30,30,29.9,30,30,30.1,30.1,29.9,30,30,30,30.1,30.1,30,30.1,30.1,30,30,30,29.9,30.1,30,29.9,29.8,29.8,29.8,29.9,30.1,30.1,30,30.1,29.8,29.9,30,30,30,30.1,30,30,29.8,30,30,30.1,30.1,30,30.1,29.9,30,30.1,30.1,30,30,29.9,29.9,30.1,30,30,29.9,29.9,30,30,29.9,30.1,29.9,29.8,29.9,30,30,30.1,30,30,30.1,30.1,30.2,30.1,29.9,30,29.9,29.9,30.1,29.9,30,30
Mean,0.09908,0.10588,0.09928,0.09926,0.09936,0.0995,0.09928,0.09938,0.09918,0.09924,0.09944,0.09928,0.09928,0.09928,0.09914,0.09928,0.09922,0.0992,0.0995,0.0992,0.09898,0.09906,0.09916,0.0993,0.09942,0.09916,0.09922,0.09916,0.09904,0.09902,0.09906,0.09924,0.09904,0.09902,0.09904,0.0996,0.09904,0.09904,0.09898,0.099,0.09898,0.09898,0.09894,0.0989,0.09886,0.09894,0.0988,0.09874,0.09884,0.09888,0.0989,0.09882,0.09896,0.0989,0.09892,0.0989,0.09892,0.09876,0.09894,0.0989,0.09884,0.09888,0.09886,0.0988,0.0988,0.09872,0.09888,0.09892,0.09892,0.09888,0.0988,0.0989,0.09892,0.0988,0.09888,0.09888,0.0988,0.09894,0.09898,0.09888,0.09884,0.09896,0.09892,0.09892,0.09894,0.09898,0.09904,0.09894,0.09902,0.0991,0.09902,0.09904,0.09914,0.09912,0.09906,0.09916
StDev,0.001599062,0.006013901,0.001870027,0.001894202,0.001942421,0.001920937,0.001874033,0.001987964,0.001949872,0.001973069,0.002045238,0.002189064,0.002040098,0.00208854,0.00216864,0.002058397,0.002111161,0.002151743,0.002171405,0.002182888,0.002174167,0.002187007,0.002192715,0.00221698,0.002126499,0.00229739,0.002223061,0.002272224,0.002165179,0.002210656,0.002370232,0.002235621,0.002336236,0.002327445,0.002345847,0.002359025,0.002392279,0.002322283,0.002373184,0.00238642,0.002400417,0.002422189,0.002398541,0.002426932,0.002424459,0.002437827,0.002475884,0.002423427,0.002487569,0.002519325,0.002505993,0.002487368,0.002470425,0.002513961,0.002512369,0.002548529,0.002509382,0.002604419,0.002534364,0.002631539,0.002625452,0.002550882,0.002564761,0.002614383,0.002570992,0.002593646,0.002678059,0.002579147,0.002636665,0.002620496,0.002692582,0.002663644,0.002623357,0.002664583,0.002614766,0.002699444,0.00258747,0.002726353,0.002697592,0.002653677,0.002681977,0.002651038,0.002696665,0.002645184,0.002615913,0.00266402,0.002579341,0.002559883,0.002575267,0.00253673,0.002567489,0.002508585,0.002548137,0.002555778,0.00252448,0.002464346
1;2,0.1007,0.107,0.1016,0.1016,0.1018,0.1019,0.1017,0.102,0.1018,0.1019,0.1021,0.1022,0.1019,0.102,0.1019,0.102,0.1021,0.102,0.1024,0.102,0.1019,0.1019,0.102,0.1021,0.1022,0.1021,0.1022,0.102,0.1018,0.1019,0.1022,0.1021,0.1021,0.102,0.102,0.1026,0.1021,0.102,0.102,0.102,0.102,0.102,0.1019,0.102,0.1019,0.102,0.1019,0.1018,0.1019,0.102,0.102,0.1018,0.102,0.1019,0.102,0.1019,0.102,0.102,0.102,0.1021,0.102,0.102,0.102,0.102,0.1019,0.1018,0.1021,0.102,0.1021,0.102,0.1021,0.1021,0.1021,0.102,0.1019,0.1021,0.1018,0.1022,0.1022,0.1019,0.102,0.102,0.1021,0.1021,0.102,0.102,0.1021,0.1019,0.102,0.1021,0.102,0.1019,0.102,0.102,0.1019,0.102
2;1,0.1002,0.1002,0.1,0.0998,0.0999,0.1,0.0995,0.0996,0.0992,0.0994,0.0996,0.0994,0.0993,0.0993,0.0992,0.0992,0.099,0.0991,0.0993,0.0991,0.0987,0.0988,0.0988,0.0991,0.0991,0.0989,0.0989,0.0988,0.0986,0.0986,0.0986,0.0987,0.0984,0.0985,0.0985,0.0989,0.0985,0.0984,0.0983,0.0982,0.0982,0.0983,0.0982,0.098,0.098,0.0981,0.0979,0.0979,0.098,0.0979,0.0979,0.0979,0.0979,0.0979,0.0979,0.0979,0.0978,0.0975,0.0979,0.0978,0.0977,0.0978,0.0978,0.0976,0.0976,0.0975,0.0977,0.0977,0.0977,0.0977,0.0975,0.0976,0.0977,0.0976,0.0977,0.0976,0.0976,0.0976,0.0976,0.0977,0.0975,0.0976,0.0976,0.0975,0.0976,0.0975,0.0978,0.0975,0.0976,0.0977,0.0976,0.0977,0.0977,0.0976,0.0976,0.0976
2;2,0.0997,0.1068,0.1,0.1002,0.1002,0.1004,0.1003,0.1003,0.1002,0.1002,0.1005,0.1004,0.1005,0.1005,0.1004,0.1005,0.1004,0.1005,0.1008,0.1006,0.1003,0.1005,0.1006,0.1008,0.1008,0.1007,0.1006,0.1008,0.1006,0.1005,0.1006,0.1009,0.1007,0.1007,0.1008,0.1014,0.1008,0.1008,0.1008,0.1009,0.1009,0.1009,0.1009,0.1008,0.1008,0.1009,0.1008,0.1007,0.1009,0.101,0.101,0.101,0.1011,0.1011,0.1011,0.1012,0.1011,0.101,0.1012,0.1012,0.1012,0.1011,0.1011,0.1011,0.1011,0.1011,0.1013,0.1013,0.1013,0.1013,0.1012,0.1013,0.1013,0.1012,0.1014,0.1014,0.1013,0.1015,0.1015,0.1015,0.1014,0.1016,0.1015,0.1014,0.1015,0.1017,0.1015,0.1015,0.1016,0.1016,0.1016,0.1016,0.1018,0.1018,0.1017,0.1017
2;3,0.0978,0.1149,0.0979,0.0978,0.0981,0.0982,0.0979,0.0982,0.0979,0.0978,0.0982,0.0978,0.098,0.0979,0.0979,0.0979,0.0979,0.0979,0.0981,0.0978,0.0976,0.0977,0.098,0.098,0.0982,0.0978,0.0978,0.0979,0.0978,0.0978,0.0977,0.0979,0.0977,0.0977,0.0977,0.0983,0.0976,0.0977,0.0976,0.0977,0.0976,0.0976,0.0976,0.0976,0.0976,0.0976,0.0975,0.0973,0.0975,0.0975,0.0976,0.0975,0.0976,0.0977,0.0975,0.0976,0.0976,0.0974,0.0975,0.0975,0.0974,0.0975,0.0974,0.0974,0.0975,0.0974,0.0974,0.0975,0.0975,0.0974,0.0973,0.0976,0.0974,0.0974,0.0974,0.0973,0.0973,0.0973,0.0975,0.0973,0.0973,0.0974,0.0973,0.0974,0.0973,0.0974,0.0974,0.0974,0.0974,0.0973,0.0973,0.0974,0.0975,0.0974,0.0974,0.0974
3;2,0.097,0.1005,0.0969,0.0969,0.0968,0.097,0.097,0.0968,0.0968,0.0969,0.0968,0.0966,0.0967,0.0967,0.0963,0.0968,0.0967,0.0965,0.0969,0.0965,0.0964,0.0964,0.0964,0.0965,0.0968,0.0963,0.0966,0.0963,0.0964,0.0963,0.0962,0.0966,0.0963,0.0962,0.0962,0.0968,0.0962,0.0963,0.0962,0.0962,0.0962,0.0961,0.0961,0.0961,0.096,0.0961,0.0959,0.096,0.0959,0.096,0.096,0.0959,0.0962,0.0959,0.0961,0.0959,0.0961,0.0959,0.0961,0.0959,0.0959,0.096,0.096,0.0959,0.0959,0.0958,0.0959,0.0961,0.096,0.096,0.0959,0.0959,0.0961,0.0958,0.096,0.096,0.096,0.0961,0.0961,0.096,0.096,0.0962,0.0961,0.0962,0.0963,0.0963,0.0964,0.0964,0.0965,0.0968,0.0966,0.0966,0.0967,0.0968,0.0967,0.0971
,,,,,,,,,,,,,,,,,,,,,,,,,,,,,,,,,,,,,,,,,,,,,,,,,,,,,,,,,,,,,,,,,,,,,,,,,,,,,,,,,,,,,,,,,,,,,,,,
Cycles / Well,,,,,,,,,,,,,,,,,,,,,,,,,,,,,,,,,,,,,,,,,,,,,,,,,,,,,,,,,,,,,,,,,,,,,,,,,,,,,,,,,,,,,,,,,,,,,,,,
G2,1,2,3,4,5,6,7,8,9,10,11,12,13,14,15,16,17,18,19,20,21,22,23,24,25,26,27,28,29,30,31,32,33,34,35,36,37,38,39,40,41,42,43,44,45,46,47,48,49,50,51,52,53,54,55,56,57,58,59,60,61,62,63,64,65,66,67,68,69,70,71,72,73,74,75,76,77,78,79,80,81,82,83,84,85,86,87,88,89,90,91,92,93,94,95,96
Time [s],0,1799.804,3599.705,5399.641,7199.561,8999.49,10799.409,12599.333,14399.26,16199.194,17999.109,19799.039,21598.958,23398.892,25198.808,26998.725,28798.661,30598.589,32398.489,34198.443,35998.374,37798.286,39598.224,41398.149,43198.081,44997.99,46797.917,48597.842,50397.765,52197.702,53997.621,55797.552,57597.468,59397.391,61197.317,62997.249,64797.163,66597.084,68397.028,70196.935,71996.864,73796.783,75596.71,77396.649,79196.565,80996.494,82796.414,84596.354,86396.27,88196.204,89996.112,91796.061,93595.971,95395.897,97195.829,98995.747,100795.679,102595.601,104395.534,106195.445,107995.377,109795.307,111595.236,113395.157,115195.076,116995.019,118794.937,120594.848,122394.785,124194.722,125994.648,127794.579,129594.494,131394.41,133194.341,134994.266,136794.185,138594.122,140394.047,142193.959,143993.87,145793.805,147593.724,149393.655,151193.569,152993.504,154793.443,156593.376,158393.277,160193.21,161993.13,163793.052,165592.982,167392.906,169192.831,170992.755
Temp. [°C],40.8,29.9,29.9,30,30,30.1,30,30.1,30,29.9,30,30,30,30,30,29.9,30,30,30.1,30.1,29.9,30,30,30,30.1,30.1,30,30.1,30.1,30,30,30,29.9,30.1,30,29.9,29.8,29.8,29.8,29.9,30.1,30.1,30,30.1,29.8,29.9,30,30,30,30.1,30,30,29.8,30,30,30.1,30.1,30,30.1,29.9,30,30.1,30.1,30,30,29.9,29.9,30.1,30,30,29.9,29.9,30,30,29.9,30.1,29.9,29.8,29.9,30,30,30.1,30,30,30.1,30.1,30.2,30.1,29.9,30,29.9,29.9,30.1,29.9,30,30
Mean,0.11664,0.14558,0.16828,0.1704,0.12348,0.12802,0.13396,0.14194,0.15138,0.16372,0.18008,0.2015,0.22972,0.26462,0.30682,0.3584,0.4183,0.4869,0.56572,0.65316,0.74908,0.85042,0.94838,1.05156,1.12368,1.18246,1.22808,1.26532,1.29418,1.3171,1.33444,1.34824,1.35952,1.36774,1.3739,1.37872,1.38084,1.38358,1.38556,1.38714,1.3884,1.38948,1.391,1.39236,1.39428,1.39642,1.3981,1.40036,1.40274,1.40514,1.407,1.40934,1.4113,1.41388,1.4155,1.4179,1.41962,1.42154,1.4233,1.42502,1.42694,1.42876,1.43044,1.43184,1.43354,1.43542,1.43696,1.43916,1.44042,1.44212,1.44334,1.44478,1.44672,1.4477,1.44924,1.45054,1.45236,1.45366,1.45508,1.45622,1.45742,1.4591,1.45996,1.4617,1.46318,1.46426,1.46544,1.4663,1.46802,1.46924,1.47018,1.47234,1.47318,1.47456,1.47614,1.47688
StDev,0.0016772,0.004557631,0.00710929,0.007606247,0.00366224,0.004191301,0.005172814,0.005999,0.006618686,0.007140868,0.007892845,0.008639734,0.009476656,0.010889766,0.012433704,0.016156268,0.021611802,0.028451362,0.03733426,0.045370067,0.051887975,0.055409629,0.05504777,0.047463649,0.042885219,0.041089938,0.037376423,0.034956573,0.03226588,0.029753655,0.027240099,0.025465133,0.02283806,0.022166709,0.020859051,0.020251716,0.019242999,0.019564432,0.018861681,0.018892671,0.018553571,0.018462313,0.017848249,0.018152631,0.018147369,0.018382791,0.017752042,0.018207498,0.017775489,0.017765219,0.017391521,0.017174487,0.017361596,0.017313781,0.017015434,0.017311412,0.017163974,0.016900533,0.016842654,0.016563725,0.016703682,0.016602952,0.016495545,0.016798452,0.016623568,0.016296994,0.016166107,0.016629432,0.016078153,0.016203302,0.016032249,0.017057462,0.017387122,0.016067825,0.016142274,0.016326757,0.016397195,0.016180019,0.016846869,0.01619574,0.016288247,0.016065024,0.01577666,0.016257921,0.016071465,0.016035211,0.015944215,0.015946316,0.015767276,0.015708533,0.015924572,0.015788857,0.015611758,0.015612271,0.01576144,0.015482151
1;2,0.1168,0.1474,0.1706,0.173,0.1216,0.1258,0.1313,0.1391,0.1489,0.1619,0.1798,0.2035,0.235,0.2752,0.3241,0.3852,0.4566,0.5371,0.6304,0.7301,0.8355,0.9417,1.0386,1.129,1.1939,1.2497,1.2892,1.3233,1.3476,1.3662,1.3798,1.3899,1.3969,1.4032,1.407,1.4103,1.4101,1.4132,1.4135,1.4152,1.4158,1.4163,1.4171,1.4182,1.42,1.4225,1.423,1.426,1.4268,1.4297,1.4304,1.432,1.4343,1.4361,1.4375,1.4401,1.441,1.4421,1.4437,1.4446,1.4465,1.4479,1.4495,1.451,1.4522,1.4533,1.4542,1.4573,1.4577,1.4594,1.4594,1.4623,1.463,1.4632,1.4646,1.4658,1.468,1.4678,1.4699,1.4698,1.471,1.4721,1.4724,1.474,1.4751,1.476,1.4765,1.4772,1.4786,1.4791,1.4803,1.4834,1.4833,1.4841,1.4858,1.4861
2;1,0.117,0.1516,0.1779,0.1814,0.1267,0.1317,0.1386,0.1474,0.1571,0.1692,0.1858,0.2067,0.2344,0.2663,0.3057,0.352,0.4068,0.4675,0.5384,0.6176,0.7065,0.8032,0.8997,0.9991,1.0765,1.1371,1.1867,1.2283,1.2601,1.2857,1.3074,1.3228,1.3383,1.3469,1.3557,1.3626,1.366,1.37,1.3716,1.3743,1.3758,1.378,1.3809,1.3819,1.3842,1.3866,1.3885,1.3908,1.3938,1.3965,1.3989,1.4011,1.404,1.4068,1.4088,1.4114,1.4133,1.4155,1.4172,1.4189,1.4218,1.4235,1.4252,1.4272,1.4293,1.4314,1.4332,1.4361,1.4371,1.4392,1.4407,1.4421,1.4442,1.4448,1.4475,1.4489,1.451,1.452,1.4538,1.4555,1.4573,1.4589,1.4601,1.4615,1.4635,1.4642,1.4655,1.4665,1.4681,1.4693,1.4707,1.4739,1.4743,1.4761,1.4771,1.478
2;2,0.1146,0.1393,0.1587,0.161,0.1189,0.1226,0.1273,0.134,0.1422,0.1537,0.1684,0.1888,0.2159,0.2501,0.2921,0.3439,0.4051,0.4751,0.5548,0.6416,0.7366,0.8361,0.9319,1.0435,1.1165,1.1778,1.2241,1.2605,1.29,1.3126,1.3293,1.3432,1.3546,1.3623,1.3678,1.3727,1.3747,1.3769,1.3799,1.3814,1.3822,1.3833,1.3844,1.3871,1.3881,1.3895,1.3918,1.3941,1.397,1.3991,1.4015,1.4037,1.4059,1.4081,1.4102,1.4129,1.4142,1.4161,1.4192,1.4209,1.4227,1.4241,1.4263,1.4272,1.429,1.4308,1.4325,1.4342,1.4364,1.4381,1.4391,1.4401,1.443,1.4445,1.4452,1.4466,1.4482,1.4501,1.4504,1.4528,1.4534,1.4555,1.4556,1.458,1.4597,1.461,1.4623,1.463,1.4645,1.4658,1.4671,1.4696,1.4702,1.4712,1.4733,1.474
2;3,0.1157,0.1436,0.1649,0.1665,0.1225,0.1273,0.1329,0.1408,0.1502,0.1619,0.1777,0.1975,0.2242,0.2572,0.299,0.3501,0.4104,0.4807,0.5619,0.6536,0.7539,0.8587,0.9585,1.0483,1.1191,1.1754,1.2202,1.2562,1.2837,1.3062,1.3221,1.3348,1.3452,1.3531,1.3586,1.3617,1.3638,1.3651,1.3676,1.3683,1.3701,1.3702,1.3721,1.3721,1.3742,1.3762,1.3783,1.3798,1.3818,1.3844,1.386,1.3887,1.3897,1.3922,1.3939,1.3955,1.3974,1.3995,1.4007,1.4028,1.404,1.4062,1.4078,1.4086,1.4103,1.4126,1.4141,1.4155,1.4173,1.4186,1.42,1.42,1.4208,1.4239,1.4252,1.4261,1.4278,1.4293,1.43,1.4314,1.4325,1.4344,1.436,1.4368,1.4383,1.4395,1.4408,1.4417,1.4439,1.4453,1.4455,1.4472,1.4487,1.4502,1.4515,1.4527
3;2,0.1191,0.146,0.1693,0.1701,0.1277,0.1327,0.1397,0.1484,0.1585,0.1719,0.1887,0.211,0.2391,0.2743,0.3132,0.3608,0.4126,0.4741,0.5431,0.6229,0.7129,0.8124,0.9132,1.0379,1.1124,1.1723,1.2202,1.2583,1.2895,1.3148,1.3336,1.3505,1.3626,1.3732,1.3804,1.3863,1.3896,1.3927,1.3952,1.3965,1.3981,1.3996,1.4005,1.4025,1.4049,1.4073,1.4089,1.4111,1.4143,1.416,1.4182,1.4212,1.4226,1.4262,1.4271,1.4296,1.4322,1.4345,1.4357,1.4379,1.4397,1.4421,1.4434,1.4452,1.4469,1.449,1.4508,1.4527,1.4536,1.4553,1.4575,1.4594,1.4626,1.4621,1.4637,1.4653,1.4668,1.4691,1.4713,1.4716,1.4729,1.4746,1.4757,1.4782,1.4793,1.4806,1.4821,1.4831,1.485,1.4867,1.4873,1.4876,1.4894,1.4912,1.493,1.4936
,,,,,,,,,,,,,,,,,,,,,,,,,,,,,,,,,,,,,,,,,,,,,,,,,,,,,,,,,,,,,,,,,,,,,,,,,,,,,,,,,,,,,,,,,,,,,,,,
Cycles / Well,,,,,,,,,,,,,,,,,,,,,,,,,,,,,,,,,,,,,,,,,,,,,,,,,,,,,,,,,,,,,,,,,,,,,,,,,,,,,,,,,,,,,,,,,,,,,,,,
G3,1,2,3,4,5,6,7,8,9,10,11,12,13,14,15,16,17,18,19,20,21,22,23,24,25,26,27,28,29,30,31,32,33,34,35,36,37,38,39,40,41,42,43,44,45,46,47,48,49,50,51,52,53,54,55,56,57,58,59,60,61,62,63,64,65,66,67,68,69,70,71,72,73,74,75,76,77,78,79,80,81,82,83,84,85,86,87,88,89,90,91,92,93,94,95,96
Time [s],0,1799.804,3599.705,5399.641,7199.561,8999.49,10799.409,12599.333,14399.26,16199.194,17999.109,19799.039,21598.958,23398.892,25198.808,26998.725,28798.661,30598.589,32398.489,34198.443,35998.374,37798.286,39598.224,41398.149,43198.081,44997.99,46797.917,48597.842,50397.765,52197.702,53997.621,55797.552,57597.468,59397.391,61197.317,62997.249,64797.163,66597.084,68397.028,70196.935,71996.864,73796.783,75596.71,77396.649,79196.565,80996.494,82796.414,84596.354,86396.27,88196.204,89996.112,91796.061,93595.971,95395.897,97195.829,98995.747,100795.679,102595.601,104395.534,106195.445,107995.377,109795.307,111595.236,113395.157,115195.076,116995.019,118794.937,120594.848,122394.785,124194.722,125994.648,127794.579,129594.494,131394.41,133194.341,134994.266,136794.185,138594.122,140394.047,142193.959,143993.87,145793.805,147593.724,149393.655,151193.569,152993.504,154793.443,156593.376,158393.277,160193.21,161993.13,163793.052,165592.982,167392.906,169192.831,170992.755
Temp. [°C],40.8,29.9,29.9,30,30,30.1,30,30.1,30,29.9,30,30,30,30,30,29.9,30,30,30.1,30.1,29.9,30,30,30,30.1,30.1,30,30.1,30.1,30,30,30,29.9,30.1,30,29.9,29.8,29.8,29.8,29.9,30.1,30.1,30,30.1,29.8,29.9,30,30,30,30.1,30,30,29.8,30,30,30.1,30.1,30,30.1,29.9,30,30.1,30.1,30,30,29.9,29.9,30.1,30,30,29.9,29.9,30,30,29.9,30.1,29.9,29.8,29.9,30,30,30.1,30,30,30.1,30.1,30.2,30.1,29.9,30,29.9,29.9,30.1,29.9,30,30
Mean,0.11738,0.1389,0.1592,0.15378,0.12398,0.12814,0.13382,0.14124,0.14984,0.16158,0.17698,0.1965,0.22224,0.2553,0.29458,0.34306,0.39842,0.46262,0.53748,0.62162,0.71514,0.81438,0.91252,1.00386,1.08418,1.14876,1.20198,1.2467,1.28086,1.30932,1.33146,1.35026,1.36558,1.37842,1.38806,1.39636,1.4005,1.40496,1.40802,1.41152,1.41382,1.41596,1.41818,1.42006,1.4225,1.42532,1.42752,1.43016,1.43298,1.43594,1.43802,1.44114,1.44362,1.44638,1.44858,1.45106,1.453,1.45518,1.4571,1.45878,1.4608,1.46264,1.46442,1.4663,1.46788,1.47014,1.472,1.47422,1.47572,1.47726,1.4786,1.47992,1.4823,1.48354,1.48522,1.48654,1.48806,1.4895,1.49114,1.49238,1.49376,1.49516,1.49592,1.4975,1.4994,1.50082,1.50194,1.50308,1.5045,1.50596,1.50706,1.50856,1.50974,1.5112,1.51336,1.51374
StDev,0.004724087,0.006276942,0.00916024,0.011591678,0.007499133,0.008478679,0.010444233,0.012702283,0.015430587,0.019585632,0.025227108,0.033010983,0.042181667,0.0547392,0.067761656,0.082526529,0.097238403,0.113455859,0.130647338,0.146878375,0.161922969,0.172050536,0.176094057,0.172174644,0.163346478,0.154225867,0.147399956,0.141712579,0.1366811,0.131271463,0.125698461,0.120522293,0.114995943,0.108915527,0.103989245,0.099599162,0.096812086,0.094147188,0.093019498,0.091337818,0.090630387,0.089444609,0.08853348,0.088057328,0.087460362,0.086771263,0.086078493,0.085102662,0.084380193,0.083872689,0.082937519,0.082345601,0.081424855,0.080615303,0.080229776,0.08002792,0.07948547,0.079085694,0.078003974,0.078081669,0.077372637,0.077098268,0.076454411,0.076009703,0.075514449,0.07537359,0.074610958,0.074115093,0.073739047,0.073345572,0.073373326,0.072557233,0.072621002,0.071981303,0.071732991,0.071303668,0.07092759,0.070523932,0.071071886,0.069702991,0.069498043,0.06920302,0.068669659,0.068389509,0.068047153,0.067511421,0.06726149,0.06696691,0.066679495,0.066633723,0.066144448,0.066734084,0.065327085,0.064979343,0.064993446,0.064385775
1;2,0.1149,0.1331,0.1513,0.1496,0.1176,0.1205,0.1244,0.1297,0.1361,0.1446,0.1554,0.1695,0.1885,0.2128,0.2436,0.2846,0.3331,0.3914,0.4618,0.5421,0.633,0.7308,0.8306,0.9233,1.0099,1.0779,1.131,1.1803,1.2164,1.2466,1.2707,1.2914,1.3059,1.3203,1.331,1.3386,1.341,1.3472,1.3496,1.3548,1.3565,1.3598,1.361,1.3633,1.3667,1.3703,1.3724,1.3755,1.3778,1.3827,1.3831,1.3874,1.3911,1.394,1.3962,1.3988,1.4012,1.4021,1.4046,1.4064,1.4092,1.411,1.413,1.4151,1.4172,1.4199,1.4211,1.4257,1.4268,1.4282,1.4286,1.4305,1.4319,1.4343,1.4366,1.4387,1.4403,1.441,1.4417,1.4447,1.4451,1.4471,1.4481,1.451,1.4525,1.4542,1.4551,1.4567,1.458,1.4596,1.4611,1.4625,1.4641,1.4661,1.4679,1.4688
2;1,0.1193,0.144,0.1693,0.1703,0.1277,0.1324,0.1394,0.148,0.1569,0.1691,0.1849,0.2054,0.2326,0.2684,0.3104,0.3612,0.4214,0.4918,0.5749,0.6706,0.7799,0.8927,0.9984,1.0937,1.172,1.231,1.2843,1.3261,1.3579,1.3846,1.4046,1.4199,1.433,1.4423,1.4501,1.4546,1.4579,1.4612,1.4631,1.4652,1.4674,1.4689,1.4711,1.4728,1.475,1.4783,1.48,1.4818,1.4849,1.4864,1.4888,1.4916,1.493,1.4956,1.4976,1.4996,1.501,1.5035,1.5048,1.5065,1.508,1.5091,1.5107,1.512,1.5139,1.5156,1.5171,1.5195,1.521,1.5219,1.5226,1.5237,1.5264,1.5269,1.5289,1.5295,1.531,1.5324,1.5347,1.5347,1.5363,1.5373,1.5379,1.5396,1.5414,1.5422,1.544,1.5444,1.5461,1.5474,1.5481,1.5483,1.5503,1.5512,1.5535,1.5532
2;2,0.116,0.1348,0.1532,0.1517,0.1205,0.124,0.1284,0.1349,0.1426,0.1533,0.1679,0.1867,0.2122,0.2459,0.2877,0.3398,0.3997,0.47,0.5516,0.6419,0.7396,0.8424,0.9424,1.0321,1.1104,1.1735,1.2237,1.2672,1.3001,1.3255,1.3446,1.3621,1.3742,1.3849,1.3917,1.3979,1.4004,1.4028,1.4048,1.408,1.4101,1.4113,1.4136,1.4154,1.4173,1.4197,1.4221,1.4243,1.4271,1.43,1.4324,1.4352,1.4373,1.4393,1.4427,1.4458,1.447,1.4487,1.4509,1.4525,1.4543,1.456,1.4581,1.4603,1.4611,1.463,1.4654,1.4672,1.4689,1.4709,1.4723,1.4733,1.4746,1.4773,1.4786,1.4799,1.481,1.4833,1.485,1.486,1.4871,1.4885,1.4892,1.4903,1.4922,1.4935,1.4948,1.4962,1.4971,1.4985,1.4999,1.5023,1.5027,1.5044,1.5062,1.5068
2;3,0.1122,0.1354,0.1531,0.1389,0.1187,0.1228,0.1274,0.1333,0.14,0.1485,0.1594,0.1713,0.1879,0.207,0.2302,0.2587,0.2921,0.3301,0.3754,0.4304,0.4956,0.5747,0.6627,0.7587,0.8498,0.9281,0.993,1.0447,1.0864,1.1237,1.1549,1.1818,1.2081,1.2311,1.2494,1.267,1.2778,1.2865,1.2927,1.2981,1.3021,1.3059,1.3103,1.3127,1.3157,1.3191,1.3225,1.3268,1.3311,1.3338,1.3384,1.3418,1.3453,1.3497,1.3519,1.3544,1.3574,1.3614,1.3646,1.3661,1.3689,1.3715,1.374,1.3764,1.3787,1.3812,1.3846,1.3859,1.3882,1.3904,1.3926,1.395,1.3986,1.3993,1.401,1.4026,1.4049,1.4071,1.4084,1.4109,1.4135,1.415,1.4165,1.4177,1.4205,1.4228,1.4242,1.4255,1.4277,1.4292,1.4307,1.4312,1.4345,1.4361,1.4387,1.4397
3;2,0.1245,0.1472,0.1691,0.1584,0.1354,0.141,0.1495,0.1603,0.1736,0.1924,0.2173,0.2496,0.29,0.3424,0.401,0.471,0.5458,0.6298,0.7237,0.8231,0.9276,1.0313,1.1285,1.2115,1.2788,1.3333,1.3779,1.4152,1.4435,1.4662,1.4825,1.4961,1.5067,1.5135,1.5181,1.5237,1.5254,1.5271,1.5299,1.5315,1.533,1.5339,1.5349,1.5361,1.5378,1.5392,1.5406,1.5424,1.544,1.5468,1.5474,1.5497,1.5514,1.5533,1.5545,1.5567,1.5584,1.5602,1.5606,1.5624,1.5636,1.5656,1.5663,1.5677,1.5685,1.571,1.5718,1.5728,1.5737,1.5749,1.5769,1.5771,1.58,1.5799,1.581,1.582,1.5831,1.5837,1.5859,1.5856,1.5868,1.5879,1.5879,1.5889,1.5904,1.5914,1.5916,1.5926,1.5936,1.5951,1.5955,1.5985,1.5971,1.5982,1.6005,1.6002
,,,,,,,,,,,,,,,,,,,,,,,,,,,,,,,,,,,,,,,,,,,,,,,,,,,,,,,,,,,,,,,,,,,,,,,,,,,,,,,,,,,,,,,,,,,,,,,,
Cycles / Well,,,,,,,,,,,,,,,,,,,,,,,,,,,,,,,,,,,,,,,,,,,,,,,,,,,,,,,,,,,,,,,,,,,,,,,,,,,,,,,,,,,,,,,,,,,,,,,,
G4,1,2,3,4,5,6,7,8,9,10,11,12,13,14,15,16,17,18,19,20,21,22,23,24,25,26,27,28,29,30,31,32,33,34,35,36,37,38,39,40,41,42,43,44,45,46,47,48,49,50,51,52,53,54,55,56,57,58,59,60,61,62,63,64,65,66,67,68,69,70,71,72,73,74,75,76,77,78,79,80,81,82,83,84,85,86,87,88,89,90,91,92,93,94,95,96
Time [s],0,1799.804,3599.705,5399.641,7199.561,8999.49,10799.409,12599.333,14399.26,16199.194,17999.109,19799.039,21598.958,23398.892,25198.808,26998.725,28798.661,30598.589,32398.489,34198.443,35998.374,37798.286,39598.224,41398.149,43198.081,44997.99,46797.917,48597.842,50397.765,52197.702,53997.621,55797.552,57597.468,59397.391,61197.317,62997.249,64797.163,66597.084,68397.028,70196.935,71996.864,73796.783,75596.71,77396.649,79196.565,80996.494,82796.414,84596.354,86396.27,88196.204,89996.112,91796.061,93595.971,95395.897,97195.829,98995.747,100795.679,102595.601,104395.534,106195.445,107995.377,109795.307,111595.236,113395.157,115195.076,116995.019,118794.937,120594.848,122394.785,124194.722,125994.648,127794.579,129594.494,131394.41,133194.341,134994.266,136794.185,138594.122,140394.047,142193.959,143993.87,145793.805,147593.724,149393.655,151193.569,152993.504,154793.443,156593.376,158393.277,160193.21,161993.13,163793.052,165592.982,167392.906,169192.831,170992.755
Temp. [°C],40.8,29.9,29.9,30,30,30.1,30,30.1,30,29.9,30,30,30,30,30,29.9,30,30,30.1,30.1,29.9,30,30,30,30.1,30.1,30,30.1,30.1,30,30,30,29.9,30.1,30,29.9,29.8,29.8,29.8,29.9,30.1,30.1,30,30.1,29.8,29.9,30,30,30,30.1,30,30,29.8,30,30,30.1,30.1,30,30.1,29.9,30,30.1,30.1,30,30,29.9,29.9,30.1,30,30,29.9,29.9,30,30,29.9,30.1,29.9,29.8,29.9,30,30,30.1,30,30,30.1,30.1,30.2,30.1,29.9,30,29.9,29.9,30.1,29.9,30,30
Mean,0.11668,0.13564,0.15198,0.12064,0.1235,0.12784,0.13378,0.14158,0.15088,0.16302,0.17924,0.20008,0.22738,0.26058,0.30126,0.35018,0.40536,0.46888,0.5398,0.61836,0.70374,0.79436,0.88464,0.96976,1.0426,1.10198,1.15068,1.1883,1.21842,1.243,1.26068,1.27518,1.28728,1.29658,1.30458,1.31148,1.31484,1.31722,1.3202,1.32264,1.32488,1.32676,1.32866,1.33074,1.33306,1.33572,1.33838,1.3413,1.3444,1.34724,1.3501,1.35318,1.35616,1.35868,1.36106,1.36408,1.3666,1.36938,1.37166,1.374,1.37614,1.37848,1.38062,1.38244,1.38466,1.38666,1.38962,1.39116,1.39346,1.39518,1.39724,1.39894,1.40134,1.40326,1.405,1.40664,1.40868,1.41028,1.41172,1.4139,1.41578,1.41708,1.41836,1.41984,1.42216,1.42376,1.4252,1.42694,1.42852,1.43036,1.4318,1.43328,1.43474,1.436,1.43874,1.43952
StDev,0.00389705,0.005404905,0.007824768,0.005926888,0.006563155,0.007626139,0.009260508,0.011558849,0.013755254,0.016684933,0.020946312,0.026609153,0.034456306,0.042297719,0.051633642,0.061705648,0.071729234,0.081579268,0.092413067,0.101860066,0.109345887,0.114008653,0.114786685,0.111793036,0.107250221,0.101499296,0.097959415,0.095493769,0.092740859,0.089713962,0.087670902,0.085085586,0.08247804,0.081261104,0.078831732,0.077628712,0.075740597,0.075170885,0.073582063,0.073334494,0.073183687,0.072078867,0.071721043,0.070743572,0.070753678,0.070040181,0.069619085,0.068455606,0.067289041,0.067204486,0.066335549,0.065717669,0.06441291,0.064061705,0.063869265,0.063512416,0.062518717,0.061623591,0.060943113,0.060375699,0.05972075,0.059292807,0.058922466,0.058894338,0.05799425,0.057492721,0.056914207,0.056782682,0.056287237,0.055893622,0.055648567,0.055090861,0.054247608,0.054193062,0.053885341,0.053462398,0.052953536,0.053161142,0.052364988,0.052301195,0.051832297,0.051691266,0.051510465,0.051295058,0.050226816,0.050291083,0.050269573,0.049662743,0.049113664,0.048784762,0.048381608,0.049183707,0.04793723,0.047520048,0.047373653,0.047058549
1;2,0.1148,0.1325,0.1456,0.1161,0.1184,0.1215,0.1264,0.1321,0.14,0.1499,0.163,0.1799,0.2016,0.2293,0.2642,0.3067,0.3567,0.4153,0.4814,0.5544,0.6364,0.722,0.8066,0.8901,0.9645,1.0284,1.0771,1.1156,1.1486,1.174,1.1937,1.2097,1.2252,1.2339,1.2446,1.2524,1.2582,1.2608,1.2658,1.2683,1.2711,1.2733,1.2754,1.2783,1.2818,1.2848,1.2887,1.2926,1.2961,1.2988,1.303,1.3066,1.3104,1.3125,1.3158,1.3176,1.3219,1.3255,1.3283,1.3308,1.3334,1.3361,1.3385,1.3402,1.3432,1.3465,1.3505,1.3518,1.3546,1.3561,1.3586,1.3612,1.3649,1.3658,1.3678,1.3697,1.3732,1.3738,1.3763,1.3785,1.3811,1.3822,1.384,1.3855,1.3895,1.3904,1.392,1.3947,1.3963,1.3986,1.4011,1.4028,1.4038,1.4053,1.4083,1.4103
2;1,0.1179,0.1366,0.1549,0.1233,0.1272,0.1327,0.1402,0.1498,0.16,0.1725,0.189,0.2096,0.2359,0.2678,0.3052,0.3501,0.3986,0.4544,0.5153,0.5834,0.6573,0.7352,0.8167,0.8972,0.9675,1.0265,1.0766,1.1149,1.1449,1.172,1.1909,1.2067,1.2214,1.2324,1.242,1.25,1.2551,1.2581,1.2626,1.2649,1.2669,1.2706,1.2734,1.2765,1.2782,1.2824,1.2845,1.2893,1.2934,1.2966,1.3001,1.3041,1.3085,1.3123,1.3151,1.3197,1.3223,1.3268,1.3298,1.3329,1.3354,1.3382,1.3412,1.3427,1.3461,1.3477,1.3507,1.3523,1.3555,1.358,1.36,1.3616,1.3653,1.3678,1.3699,1.3715,1.3742,1.3764,1.3791,1.3811,1.3837,1.385,1.3864,1.3879,1.3909,1.393,1.3945,1.3965,1.3993,1.4011,1.402,1.4024,1.4057,1.4072,1.4107,1.4114
2;2,0.1159,0.1318,0.1467,0.1181,0.1201,0.1236,0.1285,0.1351,0.1435,0.1551,0.1704,0.1911,0.2173,0.2525,0.2953,0.3484,0.4083,0.4784,0.5566,0.6419,0.7325,0.8267,0.9172,1.001,1.0738,1.1324,1.1814,1.219,1.2474,1.2712,1.2868,1.3001,1.3097,1.3189,1.3249,1.3311,1.3339,1.3346,1.3366,1.3398,1.3406,1.3422,1.3438,1.3455,1.3483,1.3503,1.352,1.3544,1.3577,1.3606,1.3641,1.3662,1.3685,1.3706,1.373,1.3756,1.3794,1.3815,1.3839,1.3855,1.3886,1.3907,1.3927,1.3946,1.3966,1.3988,1.4029,1.4038,1.4052,1.4082,1.4098,1.4119,1.4138,1.4154,1.4169,1.4185,1.4192,1.4218,1.4221,1.4256,1.4266,1.4283,1.4298,1.431,1.433,1.4346,1.4355,1.4375,1.438,1.4406,1.4419,1.4436,1.445,1.4458,1.4482,1.4496
2;3,0.1122,0.1326,0.1483,0.1159,0.1185,0.1225,0.1269,0.1331,0.1403,0.1498,0.1624,0.1778,0.199,0.224,0.2557,0.2944,0.34,0.3939,0.4552,0.528,0.6108,0.7074,0.81,0.9076,0.9899,1.0561,1.1099,1.1506,1.1841,1.2113,1.2306,1.2478,1.2596,1.2701,1.2792,1.2866,1.2891,1.2928,1.2954,1.2979,1.3011,1.3028,1.3043,1.3064,1.3077,1.31,1.3134,1.3156,1.3192,1.3219,1.3237,1.327,1.3304,1.3329,1.3341,1.3377,1.3391,1.3412,1.3433,1.3462,1.348,1.3504,1.3521,1.3544,1.3563,1.3581,1.3602,1.3626,1.3649,1.3659,1.3683,1.3699,1.3714,1.3741,1.3759,1.3781,1.3797,1.3807,1.3819,1.3835,1.3853,1.3868,1.3876,1.3896,1.3916,1.3933,1.3949,1.3963,1.3983,1.3998,1.4015,1.4023,1.4046,1.4064,1.4086,1.4084
3;2,0.1226,0.1447,0.1644,0.1298,0.1333,0.1389,0.1469,0.1578,0.1706,0.1878,0.2114,0.242,0.2831,0.3293,0.3859,0.4513,0.5232,0.6024,0.6905,0.7841,0.8817,0.9805,1.0727,1.1529,1.2173,1.2665,1.3084,1.3414,1.3671,1.3865,1.4014,1.4116,1.4205,1.4276,1.4322,1.4373,1.4379,1.4398,1.4406,1.4423,1.4447,1.4449,1.4464,1.447,1.4493,1.4511,1.4533,1.4546,1.4556,1.4583,1.4596,1.462,1.463,1.4651,1.4673,1.4698,1.4703,1.4719,1.473,1.4746,1.4753,1.477,1.4786,1.4803,1.4811,1.4822,1.4838,1.4853,1.4871,1.4877,1.4895,1.4901,1.4913,1.4932,1.4945,1.4954,1.4971,1.4987,1.4992,1.5008,1.5022,1.5031,1.504,1.5052,1.5058,1.5075,1.5091,1.5097,1.5107,1.5117,1.5125,1.5153,1.5146,1.5153,1.5179,1.5179
,,,,,,,,,,,,,,,,,,,,,,,,,,,,,,,,,,,,,,,,,,,,,,,,,,,,,,,,,,,,,,,,,,,,,,,,,,,,,,,,,,,,,,,,,,,,,,,,
Cycles / Well,,,,,,,,,,,,,,,,,,,,,,,,,,,,,,,,,,,,,,,,,,,,,,,,,,,,,,,,,,,,,,,,,,,,,,,,,,,,,,,,,,,,,,,,,,,,,,,,
G5,1,2,3,4,5,6,7,8,9,10,11,12,13,14,15,16,17,18,19,20,21,22,23,24,25,26,27,28,29,30,31,32,33,34,35,36,37,38,39,40,41,42,43,44,45,46,47,48,49,50,51,52,53,54,55,56,57,58,59,60,61,62,63,64,65,66,67,68,69,70,71,72,73,74,75,76,77,78,79,80,81,82,83,84,85,86,87,88,89,90,91,92,93,94,95,96
Time [s],0,1799.804,3599.705,5399.641,7199.561,8999.49,10799.409,12599.333,14399.26,16199.194,17999.109,19799.039,21598.958,23398.892,25198.808,26998.725,28798.661,30598.589,32398.489,34198.443,35998.374,37798.286,39598.224,41398.149,43198.081,44997.99,46797.917,48597.842,50397.765,52197.702,53997.621,55797.552,57597.468,59397.391,61197.317,62997.249,64797.163,66597.084,68397.028,70196.935,71996.864,73796.783,75596.71,77396.649,79196.565,80996.494,82796.414,84596.354,86396.27,88196.204,89996.112,91796.061,93595.971,95395.897,97195.829,98995.747,100795.679,102595.601,104395.534,106195.445,107995.377,109795.307,111595.236,113395.157,115195.076,116995.019,118794.937,120594.848,122394.785,124194.722,125994.648,127794.579,129594.494,131394.41,133194.341,134994.266,136794.185,138594.122,140394.047,142193.959,143993.87,145793.805,147593.724,149393.655,151193.569,152993.504,154793.443,156593.376,158393.277,160193.21,161993.13,163793.052,165592.982,167392.906,169192.831,170992.755
Temp. [°C],40.8,29.9,29.9,30,30,30.1,30,30.1,30,29.9,30,30,30,30,30,29.9,30,30,30.1,30.1,29.9,30,30,30,30.1,30.1,30,30.1,30.1,30,30,30,29.9,30.1,30,29.9,29.8,29.8,29.8,29.9,30.1,30.1,30,30.1,29.8,29.9,30,30,30,30.1,30,30,29.8,30,30,30.1,30.1,30,30.1,29.9,30,30.1,30.1,30,30,29.9,29.9,30.1,30,30,29.9,29.9,30,30,29.9,30.1,29.9,29.8,29.9,30,30,30.1,30,30,30.1,30.1,30.2,30.1,29.9,30,29.9,29.9,30.1,29.9,30,30
Mean,0.1158,0.13432,0.1468,0.12134,0.12464,0.12968,0.13638,0.14474,0.15454,0.16754,0.18504,0.20758,0.23716,0.27502,0.32148,0.3767,0.44188,0.51586,0.60088,0.69586,0.79804,0.90546,1.00792,1.09798,1.1713,1.22726,1.2718,1.30762,1.33566,1.35656,1.37242,1.38328,1.39112,1.39838,1.40372,1.4081,1.41028,1.41234,1.4142,1.41606,1.41724,1.41882,1.42096,1.42214,1.42354,1.42558,1.42758,1.42878,1.4309,1.43336,1.43496,1.43712,1.4389,1.4407,1.4432,1.44498,1.44646,1.44816,1.44928,1.45106,1.4527,1.45394,1.45566,1.45752,1.4584,1.4606,1.46176,1.46382,1.4649,1.46616,1.46742,1.46924,1.4691,1.47184,1.47326,1.4744,1.47586,1.47688,1.4785,1.47966,1.48108,1.4819,1.4827,1.48424,1.48604,1.48682,1.488,1.4889,1.49056,1.4917,1.49274,1.49354,1.49556,1.4965,1.49842,1.49862
StDev,0.0031,0.006228724,0.008668333,0.005119863,0.00607643,0.006842295,0.008586443,0.009768726,0.010703411,0.011562353,0.013365927,0.015876933,0.01882586,0.023819992,0.028784579,0.03576982,0.042869651,0.052452197,0.063687691,0.074305033,0.083692192,0.085971699,0.082018181,0.074311991,0.067343782,0.061114589,0.057774778,0.054888405,0.052053463,0.049652422,0.047376861,0.046785062,0.04479433,0.04455482,0.042882129,0.042494823,0.041417412,0.041361673,0.040920838,0.039751893,0.039628563,0.039796319,0.039876284,0.039849567,0.039877914,0.03982169,0.039487238,0.039052938,0.038836645,0.038865705,0.038847111,0.038784236,0.038702326,0.038689275,0.038886952,0.038761153,0.038110143,0.037864403,0.037765487,0.037517169,0.03726976,0.037347664,0.037432312,0.03726442,0.037062717,0.037050506,0.03695799,0.037323411,0.037219215,0.036606529,0.036542263,0.036707329,0.03635863,0.036002819,0.036210399,0.036270856,0.036149385,0.036035288,0.036500205,0.035482432,0.035701499,0.035342255,0.03529483,0.035492858,0.035019823,0.034829183,0.034999286,0.035128692,0.035176526,0.03497206,0.034554783,0.034681522,0.034596358,0.034089661,0.034462255,0.034089691
1;2,0.1141,0.1297,0.1394,0.1175,0.1194,0.1236,0.129,0.1363,0.1459,0.1584,0.1751,0.1963,0.226,0.2633,0.3114,0.3696,0.4389,0.5204,0.6139,0.7149,0.8212,0.9319,1.0329,1.1204,1.1905,1.2453,1.289,1.3231,1.3501,1.3696,1.3851,1.3945,1.4014,1.407,1.4126,1.4168,1.4179,1.4186,1.4207,1.4237,1.4242,1.4246,1.4269,1.4268,1.4277,1.4302,1.4326,1.4348,1.4362,1.4392,1.4404,1.4416,1.4432,1.4455,1.4486,1.4489,1.4523,1.4533,1.4543,1.4556,1.4582,1.4587,1.4614,1.4628,1.4634,1.466,1.4666,1.4695,1.4701,1.4711,1.4719,1.4752,1.4742,1.476,1.478,1.4792,1.4814,1.4816,1.4826,1.4849,1.4854,1.4855,1.4866,1.4886,1.4908,1.4913,1.4919,1.4927,1.4947,1.4959,1.4972,1.4986,1.4993,1.5005,1.5017,1.5031
2;1,0.1173,0.1368,0.1512,0.1233,0.1278,0.1334,0.1413,0.1505,0.1614,0.1755,0.1957,0.2218,0.2561,0.2992,0.3504,0.4116,0.481,0.5601,0.6511,0.7522,0.8582,0.9639,1.0653,1.1508,1.2183,1.2704,1.3136,1.3477,1.3746,1.3932,1.4076,1.4204,1.4266,1.4337,1.4386,1.4422,1.4446,1.4474,1.4486,1.4489,1.4502,1.4529,1.4556,1.4572,1.4583,1.4614,1.4639,1.4638,1.4659,1.4683,1.4697,1.4723,1.4746,1.4771,1.4791,1.481,1.4809,1.4828,1.4845,1.4856,1.4867,1.4895,1.4906,1.4924,1.4936,1.4958,1.4967,1.4992,1.5008,1.5011,1.5023,1.5036,1.504,1.5066,1.5079,1.5096,1.5109,1.5113,1.5137,1.5133,1.5161,1.5166,1.5175,1.5193,1.5199,1.5213,1.5228,1.5241,1.5257,1.5267,1.527,1.5278,1.5309,1.5306,1.5333,1.5325
2;2,0.1153,0.1307,0.142,0.1193,0.1219,0.1265,0.1322,0.1401,0.1498,0.1632,0.1813,0.2053,0.2367,0.2782,0.3296,0.3916,0.4658,0.5501,0.6449,0.7474,0.8553,0.9636,1.0609,1.1458,1.2155,1.2665,1.3092,1.3418,1.3679,1.3866,1.4011,1.4095,1.4156,1.4224,1.4249,1.4297,1.4307,1.4324,1.4339,1.4347,1.436,1.4373,1.4379,1.4397,1.4411,1.4427,1.4432,1.4445,1.4467,1.4484,1.4499,1.4521,1.4534,1.4549,1.4576,1.4595,1.4602,1.4618,1.4626,1.4642,1.4663,1.4659,1.4687,1.4703,1.4707,1.473,1.4742,1.4758,1.4768,1.4785,1.4796,1.481,1.4808,1.4841,1.4851,1.4859,1.4872,1.4887,1.4904,1.4916,1.492,1.4929,1.4933,1.4953,1.4969,1.4969,1.4985,1.4998,1.5007,1.5016,1.5027,1.5035,1.5055,1.5071,1.5086,1.5091
2;3,0.1121,0.1302,0.1414,0.1172,0.1203,0.125,0.1303,0.1377,0.1457,0.157,0.171,0.1889,0.2122,0.2406,0.2768,0.3185,0.3704,0.4274,0.4932,0.5698,0.6546,0.757,0.866,0.9696,1.0548,1.1215,1.1723,1.2127,1.2459,1.2705,1.2904,1.3025,1.3136,1.3212,1.3294,1.3344,1.3387,1.3411,1.3436,1.3472,1.3487,1.3503,1.3523,1.3538,1.3551,1.3575,1.3602,1.3618,1.3644,1.3667,1.3683,1.3708,1.3729,1.3749,1.3768,1.379,1.3811,1.3834,1.3849,1.387,1.3889,1.3905,1.3918,1.394,1.3954,1.3976,1.3989,1.4003,1.4018,1.404,1.4054,1.4066,1.4074,1.4109,1.4118,1.413,1.4146,1.4157,1.4167,1.4193,1.4208,1.4223,1.4232,1.4244,1.4267,1.4281,1.4291,1.4299,1.4314,1.4329,1.4345,1.435,1.4377,1.4392,1.4407,1.4412
3;2,0.1202,0.1442,0.16,0.1294,0.1338,0.1399,0.1491,0.1591,0.1699,0.1836,0.2021,0.2256,0.2548,0.2938,0.3392,0.3922,0.4533,0.5213,0.6013,0.695,0.8009,0.9109,1.0145,1.1033,1.1774,1.2326,1.2749,1.3128,1.3398,1.3629,1.3779,1.3895,1.3984,1.4076,1.4131,1.4174,1.4195,1.4222,1.4242,1.4258,1.4271,1.429,1.4321,1.4332,1.4355,1.4361,1.438,1.439,1.4413,1.4442,1.4465,1.4488,1.4504,1.4511,1.4539,1.4565,1.4578,1.4595,1.4601,1.4629,1.4634,1.4651,1.4658,1.4681,1.4689,1.4706,1.4724,1.4743,1.475,1.4761,1.4779,1.4798,1.4791,1.4816,1.4835,1.4843,1.4852,1.4871,1.4891,1.4892,1.4911,1.4922,1.4929,1.4936,1.4959,1.4965,1.4977,1.498,1.5003,1.5014,1.5023,1.5028,1.5044,1.5051,1.5078,1.5072
,,,,,,,,,,,,,,,,,,,,,,,,,,,,,,,,,,,,,,,,,,,,,,,,,,,,,,,,,,,,,,,,,,,,,,,,,,,,,,,,,,,,,,,,,,,,,,,,
Cycles / Well,,,,,,,,,,,,,,,,,,,,,,,,,,,,,,,,,,,,,,,,,,,,,,,,,,,,,,,,,,,,,,,,,,,,,,,,,,,,,,,,,,,,,,,,,,,,,,,,
G6,1,2,3,4,5,6,7,8,9,10,11,12,13,14,15,16,17,18,19,20,21,22,23,24,25,26,27,28,29,30,31,32,33,34,35,36,37,38,39,40,41,42,43,44,45,46,47,48,49,50,51,52,53,54,55,56,57,58,59,60,61,62,63,64,65,66,67,68,69,70,71,72,73,74,75,76,77,78,79,80,81,82,83,84,85,86,87,88,89,90,91,92,93,94,95,96
Time [s],0,1799.804,3599.705,5399.641,7199.561,8999.49,10799.409,12599.333,14399.26,16199.194,17999.109,19799.039,21598.958,23398.892,25198.808,26998.725,28798.661,30598.589,32398.489,34198.443,35998.374,37798.286,39598.224,41398.149,43198.081,44997.99,46797.917,48597.842,50397.765,52197.702,53997.621,55797.552,57597.468,59397.391,61197.317,62997.249,64797.163,66597.084,68397.028,70196.935,71996.864,73796.783,75596.71,77396.649,79196.565,80996.494,82796.414,84596.354,86396.27,88196.204,89996.112,91796.061,93595.971,95395.897,97195.829,98995.747,100795.679,102595.601,104395.534,106195.445,107995.377,109795.307,111595.236,113395.157,115195.076,116995.019,118794.937,120594.848,122394.785,124194.722,125994.648,127794.579,129594.494,131394.41,133194.341,134994.266,136794.185,138594.122,140394.047,142193.959,143993.87,145793.805,147593.724,149393.655,151193.569,152993.504,154793.443,156593.376,158393.277,160193.21,161993.13,163793.052,165592.982,167392.906,169192.831,170992.755
Temp. [°C],40.8,29.9,29.9,30,30,30.1,30,30.1,30,29.9,30,30,30,30,30,29.9,30,30,30.1,30.1,29.9,30,30,30,30.1,30.1,30,30.1,30.1,30,30,30,29.9,30.1,30,29.9,29.8,29.8,29.8,29.9,30.1,30.1,30,30.1,29.8,29.9,30,30,30,30.1,30,30,29.8,30,30,30.1,30.1,30,30.1,29.9,30,30.1,30.1,30,30,29.9,29.9,30.1,30,30,29.9,29.9,30,30,29.9,30.1,29.9,29.8,29.9,30,30,30.1,30,30,30.1,30.1,30.2,30.1,29.9,30,29.9,29.9,30.1,29.9,30,30
Mean,0.11858,0.13446,0.14414,0.12298,0.12652,0.13126,0.13812,0.14668,0.1565,0.16952,0.1868,0.20862,0.23672,0.27102,0.3119,0.35958,0.4134,0.47464,0.54222,0.61694,0.6975,0.78462,0.87354,0.96062,1.03542,1.09908,1.15176,1.19392,1.2278,1.25654,1.27976,1.30014,1.31794,1.336,1.34878,1.36106,1.37144,1.3793,1.38602,1.3908,1.3957,1.39944,1.40368,1.40764,1.41114,1.4144,1.41748,1.42034,1.42414,1.42686,1.43012,1.43278,1.43544,1.43836,1.44098,1.44306,1.44548,1.448,1.45028,1.45228,1.45398,1.45644,1.4584,1.46028,1.46218,1.46442,1.46628,1.46788,1.4694,1.47082,1.47248,1.47508,1.47602,1.47796,1.47942,1.48072,1.48214,1.48368,1.48542,1.48634,1.48844,1.4896,1.49058,1.49202,1.49406,1.49544,1.49628,1.49744,1.49938,1.50076,1.50164,1.50368,1.50462,1.50574,1.50798,1.50802
StDev,0.003185436,0.005935739,0.005538321,0.005439393,0.006292217,0.007412355,0.009331774,0.011398114,0.013505925,0.016066642,0.019280949,0.022958593,0.027822599,0.031798538,0.036965592,0.043087202,0.051019604,0.060731771,0.072378498,0.086373509,0.101329068,0.113517078,0.121580788,0.125546772,0.126856817,0.124806158,0.122419966,0.120768382,0.117611054,0.114425316,0.110549595,0.104022368,0.096676176,0.087111021,0.080356064,0.071693884,0.064062025,0.05781959,0.054080838,0.051610803,0.048132266,0.046009705,0.043748966,0.041922941,0.040712443,0.039461374,0.038679607,0.03805835,0.036832092,0.036422218,0.03612751,0.035791228,0.035503986,0.035301671,0.035096681,0.035227943,0.034644004,0.034003603,0.033718052,0.033768876,0.033519129,0.033358252,0.033227775,0.033075701,0.032649916,0.032327573,0.032371392,0.032157612,0.032285136,0.031713278,0.031498841,0.032002062,0.030581645,0.031057334,0.030949023,0.031045966,0.030695081,0.030531819,0.030725836,0.030099551,0.030877953,0.030380174,0.030528953,0.030070783,0.030098223,0.030328337,0.030203096,0.030153822,0.030028437,0.02975757,0.029317623,0.02905937,0.029052831,0.029547978,0.029619875,0.029140813
1;2,0.1174,0.1307,0.1392,0.1191,0.1217,0.1257,0.1307,0.1373,0.1458,0.1568,0.1718,0.1912,0.2158,0.2475,0.2839,0.3271,0.3739,0.4286,0.4865,0.5488,0.6162,0.6903,0.7674,0.8496,0.9221,0.9872,1.0412,1.0837,1.1211,1.1528,1.1803,1.2061,1.232,1.2587,1.2785,1.2995,1.3171,1.3302,1.3413,1.3485,1.3569,1.3628,1.3703,1.3756,1.3806,1.3855,1.39,1.3944,1.399,1.4022,1.4069,1.4095,1.413,1.4162,1.419,1.4209,1.425,1.4292,1.4312,1.433,1.4356,1.4378,1.4392,1.4421,1.4442,1.4474,1.4495,1.4516,1.4531,1.4545,1.4577,1.4592,1.4642,1.4641,1.4655,1.4664,1.469,1.4701,1.4727,1.4736,1.4755,1.4768,1.4779,1.4798,1.4817,1.4826,1.4835,1.4852,1.4875,1.489,1.4908,1.4931,1.4929,1.4945,1.4972,1.4971
2;1,0.1197,0.1377,0.1465,0.1267,0.1311,0.1367,0.1457,0.1558,0.167,0.1814,0.2013,0.2251,0.2542,0.2876,0.3223,0.3611,0.4021,0.4476,0.4965,0.5521,0.6114,0.679,0.7563,0.8313,0.8995,0.963,1.0166,1.0599,1.0961,1.1277,1.1548,1.1839,1.2096,1.2407,1.2617,1.285,1.3076,1.3252,1.3375,1.3468,1.3565,1.3649,1.3727,1.3809,1.3871,1.3933,1.3982,1.4024,1.4082,1.4118,1.4174,1.4207,1.4237,1.4286,1.4315,1.4343,1.4382,1.4412,1.4438,1.4469,1.4485,1.4533,1.4549,1.4579,1.4601,1.462,1.4644,1.4656,1.4691,1.4701,1.4718,1.4762,1.4775,1.4789,1.48,1.483,1.4834,1.4863,1.4872,1.4885,1.492,1.4932,1.4948,1.4959,1.4978,1.5003,1.5007,1.5025,1.5047,1.5062,1.5062,1.507,1.5095,1.5102,1.5135,1.5131
2;2,0.1178,0.1321,0.143,0.12,0.1228,0.1264,0.1321,0.1396,0.148,0.1601,0.1762,0.1969,0.224,0.26,0.304,0.357,0.4168,0.4864,0.5634,0.6501,0.7388,0.8357,0.9294,1.0202,1.0973,1.1623,1.2162,1.2567,1.2908,1.3197,1.3381,1.3553,1.3703,1.3857,1.3943,1.4009,1.4074,1.4111,1.4164,1.4202,1.4227,1.4259,1.4283,1.4312,1.4339,1.4361,1.4384,1.4414,1.4455,1.4471,1.4507,1.4525,1.4548,1.4578,1.4596,1.4615,1.464,1.4657,1.4693,1.4707,1.472,1.4743,1.4762,1.4782,1.4796,1.4816,1.4839,1.4848,1.4867,1.4875,1.4892,1.4908,1.4932,1.4949,1.4954,1.4968,1.4977,1.4998,1.5026,1.5024,1.5047,1.5063,1.507,1.508,1.5102,1.5111,1.5122,1.5136,1.5152,1.5169,1.5171,1.519,1.5204,1.5213,1.5234,1.5239
2;3,0.1147,0.1286,0.1395,0.1184,0.1217,0.1259,0.1315,0.1387,0.1468,0.1575,0.1714,0.1893,0.2127,0.2417,0.2789,0.3225,0.3755,0.435,0.5046,0.5805,0.6673,0.7647,0.8652,0.967,1.0527,1.12,1.1758,1.2221,1.2553,1.2835,1.3072,1.3236,1.3367,1.3461,1.3548,1.3619,1.364,1.3677,1.3703,1.3721,1.3754,1.3758,1.3778,1.3799,1.3818,1.3834,1.3852,1.3865,1.3899,1.3926,1.3932,1.3963,1.3986,1.4002,1.4031,1.4047,1.4057,1.4079,1.4102,1.4118,1.4134,1.415,1.4178,1.4185,1.4209,1.4232,1.4244,1.4264,1.4266,1.4293,1.4302,1.4322,1.4321,1.4349,1.437,1.4376,1.4394,1.4407,1.4417,1.4437,1.4441,1.4458,1.4463,1.4484,1.4505,1.4515,1.4526,1.4532,1.4551,1.4567,1.4582,1.461,1.4619,1.4622,1.4637,1.4646
3;2,0.1233,0.1432,0.1525,0.1307,0.1353,0.1416,0.1506,0.162,0.1749,0.1918,0.2133,0.2406,0.2769,0.3183,0.3704,0.4302,0.4987,0.5756,0.6601,0.7532,0.8538,0.9534,1.0494,1.135,1.2055,1.2629,1.309,1.3472,1.3757,1.399,1.4184,1.4318,1.4411,1.4488,1.4546,1.458,1.4611,1.4623,1.4646,1.4664,1.467,1.4678,1.4693,1.4706,1.4723,1.4737,1.4756,1.477,1.4781,1.4806,1.4824,1.4849,1.4871,1.489,1.4917,1.4939,1.4945,1.496,1.4969,1.499,1.5004,1.5018,1.5039,1.5047,1.5061,1.5079,1.5092,1.511,1.5115,1.5127,1.5135,1.517,1.5131,1.517,1.5192,1.5198,1.5212,1.5215,1.5229,1.5235,1.5259,1.5259,1.5269,1.528,1.5301,1.5317,1.5324,1.5327,1.5344,1.535,1.5359,1.5383,1.5384,1.5405,1.5421,1.5414
,,,,,,,,,,,,,,,,,,,,,,,,,,,,,,,,,,,,,,,,,,,,,,,,,,,,,,,,,,,,,,,,,,,,,,,,,,,,,,,,,,,,,,,,,,,,,,,,
Cycles / Well,,,,,,,,,,,,,,,,,,,,,,,,,,,,,,,,,,,,,,,,,,,,,,,,,,,,,,,,,,,,,,,,,,,,,,,,,,,,,,,,,,,,,,,,,,,,,,,,
G7,1,2,3,4,5,6,7,8,9,10,11,12,13,14,15,16,17,18,19,20,21,22,23,24,25,26,27,28,29,30,31,32,33,34,35,36,37,38,39,40,41,42,43,44,45,46,47,48,49,50,51,52,53,54,55,56,57,58,59,60,61,62,63,64,65,66,67,68,69,70,71,72,73,74,75,76,77,78,79,80,81,82,83,84,85,86,87,88,89,90,91,92,93,94,95,96
Time [s],0,1799.804,3599.705,5399.641,7199.561,8999.49,10799.409,12599.333,14399.26,16199.194,17999.109,19799.039,21598.958,23398.892,25198.808,26998.725,28798.661,30598.589,32398.489,34198.443,35998.374,37798.286,39598.224,41398.149,43198.081,44997.99,46797.917,48597.842,50397.765,52197.702,53997.621,55797.552,57597.468,59397.391,61197.317,62997.249,64797.163,66597.084,68397.028,70196.935,71996.864,73796.783,75596.71,77396.649,79196.565,80996.494,82796.414,84596.354,86396.27,88196.204,89996.112,91796.061,93595.971,95395.897,97195.829,98995.747,100795.679,102595.601,104395.534,106195.445,107995.377,109795.307,111595.236,113395.157,115195.076,116995.019,118794.937,120594.848,122394.785,124194.722,125994.648,127794.579,129594.494,131394.41,133194.341,134994.266,136794.185,138594.122,140394.047,142193.959,143993.87,145793.805,147593.724,149393.655,151193.569,152993.504,154793.443,156593.376,158393.277,160193.21,161993.13,163793.052,165592.982,167392.906,169192.831,170992.755
Temp. [°C],40.8,29.9,29.9,30,30,30.1,30,30.1,30,29.9,30,30,30,30,30,29.9,30,30,30.1,30.1,29.9,30,30,30,30.1,30.1,30,30.1,30.1,30,30,30,29.9,30.1,30,29.9,29.8,29.8,29.8,29.9,30.1,30.1,30,30.1,29.8,29.9,30,30,30,30.1,30,30,29.8,30,30,30.1,30.1,30,30.1,29.9,30,30.1,30.1,30,30,29.9,29.9,30.1,30,30,29.9,29.9,30,30,29.9,30.1,29.9,29.8,29.9,30,30,30.1,30,30,30.1,30.1,30.2,30.1,29.9,30,29.9,29.9,30.1,29.9,30,30
Mean,0.11714,0.13224,0.13036,0.12188,0.12524,0.12996,0.13636,0.14468,0.1533,0.16488,0.18012,0.19934,0.22518,0.25848,0.2995,0.34864,0.40646,0.47274,0.54878,0.63482,0.72842,0.82988,0.93122,1.02574,1.1097,1.17644,1.23204,1.27676,1.31192,1.34012,1.36196,1.37882,1.39204,1.40256,1.41106,1.41752,1.42082,1.42478,1.42758,1.42976,1.43198,1.43354,1.43536,1.4368,1.4391,1.44084,1.4426,1.44418,1.4465,1.44896,1.45062,1.45318,1.45564,1.45738,1.45956,1.46236,1.46334,1.46492,1.4669,1.46846,1.4703,1.47166,1.47344,1.47498,1.47662,1.47836,1.47946,1.48168,1.48314,1.4845,1.48572,1.48686,1.48806,1.49048,1.49226,1.49288,1.4941,1.49586,1.49664,1.49802,1.49968,1.50078,1.50192,1.50278,1.50454,1.5059,1.50724,1.50804,1.50992,1.51096,1.51168,1.5134,1.51494,1.51582,1.51764,1.5178
StDev,0.003240062,0.005610971,0.005056975,0.005289802,0.006021046,0.007193608,0.008888926,0.010883795,0.012960903,0.015588521,0.019429797,0.024347751,0.03167068,0.039310838,0.049535745,0.06009703,0.072156795,0.087146245,0.10289294,0.120376086,0.135334039,0.146427532,0.150230596,0.144899631,0.134673086,0.125359236,0.117128617,0.110328568,0.105346035,0.099897633,0.095950341,0.09183508,0.088428236,0.08564434,0.080934189,0.078306079,0.075714807,0.074495617,0.073482631,0.07239857,0.071578712,0.071365174,0.070712432,0.070064791,0.069504065,0.069331436,0.069235396,0.068452918,0.068390752,0.068046403,0.067342832,0.067636063,0.066718423,0.066343101,0.066435405,0.066339076,0.065830905,0.065348695,0.064821948,0.064475561,0.064323713,0.064017794,0.063659194,0.06328311,0.063400883,0.062694202,0.062377023,0.062083065,0.062157043,0.061406881,0.06112043,0.061016006,0.060886107,0.060241531,0.059945208,0.060100225,0.059877375,0.05959474,0.059028408,0.059050377,0.058274454,0.058267804,0.058557211,0.058022341,0.05759026,0.057633801,0.057609313,0.057023092,0.057443337,0.056546998,0.056239372,0.056405186,0.056141589,0.055848115,0.056033945,0.055316046
1;2,0.1158,0.1289,0.1257,0.1189,0.1216,0.1256,0.1308,0.1376,0.1457,0.1561,0.1706,0.1893,0.2136,0.248,0.2904,0.342,0.4057,0.4794,0.5648,0.6614,0.7642,0.8746,0.9811,1.0746,1.1579,1.221,1.2756,1.3178,1.3517,1.3774,1.3973,1.413,1.4248,1.4329,1.4396,1.446,1.4483,1.451,1.4531,1.4556,1.4564,1.4583,1.4602,1.4607,1.4623,1.4643,1.4662,1.4684,1.47,1.4724,1.4739,1.4757,1.4787,1.48,1.4821,1.4838,1.4859,1.4872,1.4887,1.489,1.491,1.4928,1.4944,1.4954,1.4968,1.4984,1.4993,1.5022,1.5024,1.5043,1.5052,1.5065,1.5076,1.51,1.5115,1.5118,1.5137,1.5141,1.5144,1.517,1.5179,1.519,1.5185,1.5208,1.522,1.5231,1.5241,1.5252,1.5262,1.5274,1.528,1.5293,1.5308,1.5319,1.5329,1.5334
2;1,0.1189,0.134,0.1274,0.125,0.1296,0.1355,0.1437,0.1542,0.1659,0.1812,0.2025,0.2287,0.2658,0.3101,0.364,0.4251,0.4952,0.5756,0.6647,0.763,0.864,0.9677,1.0675,1.1562,1.2296,1.2883,1.3371,1.3765,1.4064,1.4307,1.4481,1.4608,1.4725,1.4816,1.4848,1.4887,1.4905,1.4941,1.4954,1.4968,1.4986,1.4999,1.5005,1.5028,1.5052,1.506,1.5078,1.5092,1.5115,1.5126,1.5135,1.5171,1.5181,1.5199,1.5216,1.5239,1.5247,1.5257,1.5273,1.5291,1.5308,1.5316,1.5331,1.5339,1.5356,1.5367,1.5381,1.5395,1.5408,1.5413,1.5428,1.544,1.5459,1.5459,1.5476,1.5488,1.5493,1.5514,1.5509,1.5522,1.5533,1.5544,1.5564,1.5561,1.5579,1.5592,1.5604,1.5609,1.5633,1.5633,1.5635,1.5655,1.5668,1.5671,1.5696,1.5688
2;2,0.1172,0.1314,0.1348,0.1203,0.123,0.1267,0.1323,0.1397,0.1472,0.1583,0.1727,0.1913,0.2157,0.2511,0.2947,0.3482,0.4113,0.4846,0.5687,0.6626,0.7618,0.8653,0.9663,1.0583,1.1374,1.2007,1.2529,1.2954,1.3297,1.356,1.3775,1.3937,1.404,1.4128,1.4203,1.4257,1.4285,1.4319,1.4351,1.4363,1.4385,1.4401,1.4415,1.4426,1.4452,1.4469,1.4492,1.4498,1.4515,1.455,1.456,1.4593,1.4612,1.4629,1.4664,1.4696,1.4699,1.4711,1.4731,1.474,1.4766,1.4779,1.4797,1.4818,1.4837,1.4858,1.4861,1.4888,1.4901,1.4912,1.4921,1.4929,1.4938,1.4969,1.499,1.4995,1.5011,1.5031,1.5042,1.5055,1.5074,1.5077,1.5094,1.5106,1.5126,1.5136,1.5155,1.5158,1.518,1.5189,1.5194,1.522,1.5234,1.5241,1.5257,1.5256
2;3,0.1126,0.1261,0.1271,0.1159,0.1187,0.1225,0.1272,0.1336,0.1394,0.1473,0.1568,0.1684,0.1842,0.2043,0.228,0.2585,0.2944,0.3338,0.3814,0.4354,0.5005,0.5799,0.6731,0.7765,0.8778,0.9607,1.0308,1.0875,1.131,1.1689,1.1972,1.221,1.2407,1.2564,1.2727,1.2837,1.2917,1.298,1.3023,1.3065,1.3102,1.3121,1.3149,1.3179,1.3213,1.3231,1.325,1.3282,1.3307,1.3333,1.3362,1.3384,1.3423,1.3448,1.3465,1.3493,1.3513,1.3537,1.3566,1.359,1.361,1.3628,1.3652,1.3672,1.3686,1.3715,1.3734,1.3759,1.3772,1.3798,1.3817,1.3831,1.3848,1.3877,1.39,1.3905,1.3919,1.3943,1.3958,1.3971,1.4001,1.4013,1.4021,1.4036,1.4062,1.4075,1.4088,1.4107,1.4119,1.4144,1.4156,1.417,1.419,1.4203,1.422,1.4233
3;2,0.1212,0.1408,0.1368,0.1293,0.1333,0.1395,0.1478,0.1583,0.1683,0.1815,0.198,0.219,0.2466,0.2789,0.3204,0.3694,0.4257,0.4903,0.5643,0.6517,0.7516,0.8619,0.9681,1.0631,1.1458,1.2115,1.2638,1.3066,1.3408,1.3676,1.3897,1.4056,1.4182,1.4291,1.4379,1.4435,1.4451,1.4489,1.452,1.4536,1.4562,1.4573,1.4597,1.46,1.4615,1.4639,1.4648,1.4653,1.4688,1.4715,1.4735,1.4754,1.4779,1.4793,1.4812,1.4852,1.4849,1.4869,1.4888,1.4912,1.4921,1.4932,1.4948,1.4966,1.4984,1.4994,1.5004,1.502,1.5052,1.5059,1.5068,1.5078,1.5082,1.5119,1.5132,1.5138,1.5145,1.5164,1.5179,1.5183,1.5197,1.5215,1.5232,1.5228,1.524,1.5261,1.5274,1.5276,1.5302,1.5308,1.5319,1.5332,1.5347,1.5357,1.538,1.5379
,,,,,,,,,,,,,,,,,,,,,,,,,,,,,,,,,,,,,,,,,,,,,,,,,,,,,,,,,,,,,,,,,,,,,,,,,,,,,,,,,,,,,,,,,,,,,,,,
Cycles / Well,,,,,,,,,,,,,,,,,,,,,,,,,,,,,,,,,,,,,,,,,,,,,,,,,,,,,,,,,,,,,,,,,,,,,,,,,,,,,,,,,,,,,,,,,,,,,,,,
G8,1,2,3,4,5,6,7,8,9,10,11,12,13,14,15,16,17,18,19,20,21,22,23,24,25,26,27,28,29,30,31,32,33,34,35,36,37,38,39,40,41,42,43,44,45,46,47,48,49,50,51,52,53,54,55,56,57,58,59,60,61,62,63,64,65,66,67,68,69,70,71,72,73,74,75,76,77,78,79,80,81,82,83,84,85,86,87,88,89,90,91,92,93,94,95,96
Time [s],0,1799.804,3599.705,5399.641,7199.561,8999.49,10799.409,12599.333,14399.26,16199.194,17999.109,19799.039,21598.958,23398.892,25198.808,26998.725,28798.661,30598.589,32398.489,34198.443,35998.374,37798.286,39598.224,41398.149,43198.081,44997.99,46797.917,48597.842,50397.765,52197.702,53997.621,55797.552,57597.468,59397.391,61197.317,62997.249,64797.163,66597.084,68397.028,70196.935,71996.864,73796.783,75596.71,77396.649,79196.565,80996.494,82796.414,84596.354,86396.27,88196.204,89996.112,91796.061,93595.971,95395.897,97195.829,98995.747,100795.679,102595.601,104395.534,106195.445,107995.377,109795.307,111595.236,113395.157,115195.076,116995.019,118794.937,120594.848,122394.785,124194.722,125994.648,127794.579,129594.494,131394.41,133194.341,134994.266,136794.185,138594.122,140394.047,142193.959,143993.87,145793.805,147593.724,149393.655,151193.569,152993.504,154793.443,156593.376,158393.277,160193.21,161993.13,163793.052,165592.982,167392.906,169192.831,170992.755
Temp. [°C],40.8,29.9,29.9,30,30,30.1,30,30.1,30,29.9,30,30,30,30,30,29.9,30,30,30.1,30.1,29.9,30,30,30,30.1,30.1,30,30.1,30.1,30,30,30,29.9,30.1,30,29.9,29.8,29.8,29.8,29.9,30.1,30.1,30,30.1,29.8,29.9,30,30,30,30.1,30,30,29.8,30,30,30.1,30.1,30,30.1,29.9,30,30.1,30.1,30,30,29.9,29.9,30.1,30,30,29.9,29.9,30,30,29.9,30.1,29.9,29.8,29.9,30,30,30.1,30,30,30.1,30.1,30.2,30.1,29.9,30,29.9,29.9,30.1,29.9,30,30
Mean,0.10104,0.11238,0.10162,0.10102,0.10114,0.10124,0.1012,0.10128,0.10116,0.10116,0.10128,0.10116,0.101,0.10116,0.10108,0.10104,0.10104,0.10098,0.10122,0.1011,0.10074,0.10076,0.10086,0.10102,0.10126,0.10086,0.101,0.10096,0.10092,0.1008,0.10086,0.10106,0.10082,0.10086,0.10016,0.1014,0.10076,0.10084,0.10086,0.10082,0.10084,0.10086,0.10076,0.10076,0.10068,0.10084,0.10074,0.10062,0.10076,0.10076,0.1007,0.10074,0.1008,0.1008,0.1008,0.10078,0.10078,0.10062,0.10082,0.1008,0.10064,0.10076,0.1007,0.10064,0.10062,0.10054,0.1007,0.1008,0.10066,0.10066,0.10058,0.10066,0.10076,0.10056,0.10064,0.10062,0.10068,0.10078,0.10074,0.10064,0.10058,0.10064,0.10052,0.10058,0.10062,0.10064,0.10068,0.10062,0.10062,0.10058,0.10062,0.10064,0.10064,0.10066,0.10064,0.10058
StDev,0.003254689,0.001544992,0.003278262,0.003269098,0.003317831,0.003318584,0.003386001,0.003267568,0.003357529,0.003263893,0.003358869,0.003384967,0.003150397,0.003283748,0.003329715,0.003368679,0.003265425,0.003224438,0.003196404,0.003302272,0.003274599,0.003330616,0.003303483,0.003225213,0.003302726,0.003145314,0.003249615,0.003248538,0.00319484,0.003168596,0.003237746,0.003301969,0.003208115,0.003228467,0.003289073,0.003291656,0.003250077,0.003253152,0.003195778,0.003236047,0.003263127,0.003237746,0.003237746,0.003196561,0.003224438,0.003200469,0.003210607,0.003236819,0.003185593,0.003248538,0.00324037,0.00320125,0.00324037,0.003238827,0.00321014,0.00318308,0.003214343,0.003214343,0.003225213,0.003156739,0.003158006,0.003154838,0.003167807,0.003222266,0.003235274,0.003210607,0.003239599,0.003197655,0.003238518,0.003184808,0.003182295,0.003236974,0.003133369,0.003196561,0.003210607,0.003183866,0.003222887,0.003171277,0.003209829,0.003200469,0.003222887,0.003169069,0.00318308,0.003222887,0.003224438,0.003253152,0.003222887,0.003227538,0.003236047,0.003213565,0.003225213,0.003158006,0.003210607,0.003196561,0.003158006,0.003212009
1;2,0.1047,0.1134,0.105,0.1045,0.1047,0.1047,0.105,0.1049,0.1046,0.1047,0.1049,0.1047,0.1044,0.1046,0.1047,0.1047,0.1046,0.1044,0.1048,0.1047,0.1043,0.1043,0.1045,0.1046,0.1048,0.1043,0.1045,0.1045,0.1044,0.1043,0.1044,0.1047,0.1043,0.1044,0.1037,0.105,0.1043,0.1044,0.1043,0.1044,0.1044,0.1044,0.1043,0.1043,0.1042,0.1044,0.1043,0.1042,0.1042,0.1043,0.1043,0.1042,0.1044,0.1043,0.1044,0.1043,0.1044,0.1041,0.1044,0.1043,0.1041,0.1042,0.1041,0.1042,0.1041,0.1041,0.1043,0.1043,0.1043,0.1041,0.1041,0.1042,0.1042,0.1041,0.1042,0.1041,0.1042,0.1043,0.1042,0.1042,0.1041,0.1041,0.104,0.1041,0.1041,0.1043,0.1042,0.1043,0.1042,0.1042,0.1042,0.1041,0.1042,0.1042,0.1041,0.1041
2;1,0.0993,0.1107,0.0998,0.0993,0.0995,0.0996,0.0993,0.0996,0.0995,0.0996,0.0995,0.0994,0.0994,0.0995,0.0994,0.0993,0.0994,0.0993,0.0994,0.0993,0.0989,0.0989,0.0992,0.0992,0.0996,0.0992,0.0992,0.0992,0.0992,0.0991,0.0991,0.0993,0.0992,0.0991,0.0983,0.0996,0.0991,0.0991,0.0991,0.099,0.0991,0.0991,0.099,0.099,0.099,0.099,0.0989,0.0989,0.099,0.099,0.0989,0.099,0.099,0.0989,0.099,0.0991,0.099,0.0987,0.099,0.099,0.0988,0.099,0.099,0.0988,0.0988,0.0987,0.0988,0.099,0.0988,0.0988,0.0988,0.0988,0.0989,0.0987,0.0988,0.0989,0.0989,0.099,0.0989,0.0987,0.0988,0.0989,0.0987,0.0987,0.0988,0.0987,0.0989,0.0988,0.0988,0.0987,0.0987,0.0988,0.0988,0.0989,0.0988,0.0987
2;2,0.1044,0.1145,0.1053,0.1046,0.1047,0.1049,0.1047,0.1047,0.1049,0.1046,0.1049,0.1049,0.1044,0.1048,0.1046,0.1046,0.1045,0.1045,0.1045,0.1046,0.1042,0.1044,0.1043,0.1044,0.1048,0.1042,0.1045,0.1044,0.1043,0.1041,0.1043,0.1045,0.1042,0.1043,0.1037,0.1049,0.1042,0.1043,0.1043,0.1042,0.1043,0.1043,0.1042,0.1041,0.1041,0.1042,0.1041,0.104,0.1042,0.1042,0.1041,0.1042,0.1042,0.1043,0.1041,0.1041,0.1041,0.1041,0.1042,0.1041,0.104,0.1041,0.1041,0.104,0.1041,0.1039,0.1041,0.1042,0.104,0.1041,0.1039,0.1041,0.1041,0.1039,0.104,0.104,0.1041,0.1041,0.1042,0.104,0.104,0.104,0.1039,0.104,0.1041,0.104,0.1041,0.1039,0.104,0.1039,0.104,0.104,0.104,0.104,0.104,0.104
2;3,0.099,0.1119,0.0997,0.0989,0.0991,0.0992,0.0992,0.0992,0.0992,0.0992,0.0992,0.0991,0.0989,0.099,0.0991,0.0991,0.099,0.099,0.0995,0.0992,0.099,0.0988,0.0989,0.0991,0.0993,0.0989,0.0991,0.0991,0.0991,0.099,0.0989,0.0992,0.099,0.0988,0.0983,0.0994,0.0988,0.0988,0.099,0.099,0.0989,0.0989,0.0988,0.0989,0.0987,0.0989,0.0989,0.0987,0.0988,0.0989,0.0987,0.0987,0.0988,0.0989,0.099,0.0989,0.0988,0.0987,0.0989,0.099,0.0988,0.099,0.0989,0.0989,0.0988,0.0987,0.0988,0.0989,0.0988,0.0988,0.0988,0.0988,0.0989,0.0988,0.0988,0.0987,0.0988,0.0989,0.0989,0.0988,0.0987,0.0988,0.0987,0.0988,0.0987,0.0988,0.0988,0.0987,0.0988,0.0987,0.0988,0.0988,0.0988,0.0988,0.0988,0.0987
3;2,0.0978,0.1114,0.0983,0.0978,0.0977,0.0978,0.0978,0.098,0.0976,0.0977,0.0979,0.0977,0.0979,0.0979,0.0976,0.0975,0.0977,0.0977,0.0979,0.0977,0.0973,0.0974,0.0974,0.0978,0.0978,0.0977,0.0977,0.0976,0.0976,0.0975,0.0976,0.0976,0.0974,0.0977,0.0968,0.0981,0.0974,0.0976,0.0976,0.0975,0.0975,0.0976,0.0975,0.0975,0.0974,0.0977,0.0975,0.0973,0.0976,0.0974,0.0975,0.0976,0.0976,0.0976,0.0975,0.0975,0.0976,0.0975,0.0976,0.0976,0.0975,0.0975,0.0974,0.0973,0.0973,0.0973,0.0975,0.0976,0.0974,0.0975,0.0973,0.0974,0.0977,0.0973,0.0974,0.0974,0.0974,0.0976,0.0975,0.0975,0.0973,0.0974,0.0973,0.0973,0.0974,0.0974,0.0974,0.0974,0.0973,0.0974,0.0974,0.0975,0.0974,0.0974,0.0975,0.0974
,,,,,,,,,,,,,,,,,,,,,,,,,,,,,,,,,,,,,,,,,,,,,,,,,,,,,,,,,,,,,,,,,,,,,,,,,,,,,,,,,,,,,,,,,,,,,,,,
Cycles / Well,,,,,,,,,,,,,,,,,,,,,,,,,,,,,,,,,,,,,,,,,,,,,,,,,,,,,,,,,,,,,,,,,,,,,,,,,,,,,,,,,,,,,,,,,,,,,,,,
G9,1,2,3,4,5,6,7,8,9,10,11,12,13,14,15,16,17,18,19,20,21,22,23,24,25,26,27,28,29,30,31,32,33,34,35,36,37,38,39,40,41,42,43,44,45,46,47,48,49,50,51,52,53,54,55,56,57,58,59,60,61,62,63,64,65,66,67,68,69,70,71,72,73,74,75,76,77,78,79,80,81,82,83,84,85,86,87,88,89,90,91,92,93,94,95,96
Time [s],0,1799.804,3599.705,5399.641,7199.561,8999.49,10799.409,12599.333,14399.26,16199.194,17999.109,19799.039,21598.958,23398.892,25198.808,26998.725,28798.661,30598.589,32398.489,34198.443,35998.374,37798.286,39598.224,41398.149,43198.081,44997.99,46797.917,48597.842,50397.765,52197.702,53997.621,55797.552,57597.468,59397.391,61197.317,62997.249,64797.163,66597.084,68397.028,70196.935,71996.864,73796.783,75596.71,77396.649,79196.565,80996.494,82796.414,84596.354,86396.27,88196.204,89996.112,91796.061,93595.971,95395.897,97195.829,98995.747,100795.679,102595.601,104395.534,106195.445,107995.377,109795.307,111595.236,113395.157,115195.076,116995.019,118794.937,120594.848,122394.785,124194.722,125994.648,127794.579,129594.494,131394.41,133194.341,134994.266,136794.185,138594.122,140394.047,142193.959,143993.87,145793.805,147593.724,149393.655,151193.569,152993.504,154793.443,156593.376,158393.277,160193.21,161993.13,163793.052,165592.982,167392.906,169192.831,170992.755
Temp. [°C],40.8,29.9,29.9,30,30,30.1,30,30.1,30,29.9,30,30,30,30,30,29.9,30,30,30.1,30.1,29.9,30,30,30,30.1,30.1,30,30.1,30.1,30,30,30,29.9,30.1,30,29.9,29.8,29.8,29.8,29.9,30.1,30.1,30,30.1,29.8,29.9,30,30,30,30.1,30,30,29.8,30,30,30.1,30.1,30,30.1,29.9,30,30.1,30.1,30,30,29.9,29.9,30.1,30,30,29.9,29.9,30,30,29.9,30.1,29.9,29.8,29.9,30,30,30.1,30,30,30.1,30.1,30.2,30.1,29.9,30,29.9,29.9,30.1,29.9,30,30
Mean,0.10084,0.11034,0.10104,0.10106,0.1011,0.1013,0.10106,0.10138,0.1012,0.1011,0.1013,0.10106,0.1011,0.10118,0.10102,0.1011,0.10106,0.10108,0.1013,0.1011,0.1008,0.1009,0.10108,0.10106,0.10132,0.10084,0.10106,0.10102,0.10084,0.1009,0.10092,0.10114,0.101,0.10088,0.10022,0.1015,0.10086,0.10088,0.1009,0.1009,0.1009,0.10092,0.10088,0.10086,0.10076,0.10082,0.1008,0.1007,0.10078,0.10076,0.10078,0.10074,0.10076,0.10084,0.10084,0.1008,0.10086,0.1007,0.10092,0.10082,0.10078,0.10078,0.1008,0.10068,0.10072,0.10066,0.10082,0.10074,0.10076,0.1007,0.1007,0.10072,0.10078,0.10066,0.10074,0.1007,0.10072,0.1008,0.1008,0.1007,0.10078,0.10078,0.10068,0.10066,0.1007,0.1007,0.1008,0.10066,0.10072,0.10072,0.10068,0.10074,0.10074,0.10072,0.10066,0.10074
StDev,0.002986302,0.002254551,0.003207491,0.003273072,0.003340659,0.003287096,0.003310287,0.003285118,0.003207024,0.003170173,0.003232646,0.003195778,0.003189044,0.003254535,0.003316172,0.003246537,0.003172223,0.003161012,0.003230325,0.003221025,0.003213254,0.003294693,0.003261441,0.003232337,0.003185436,0.003184023,0.003292871,0.003235274,0.00323311,0.003213254,0.003202655,0.003263893,0.003264966,0.00319484,0.003205776,0.003207024,0.003232337,0.003215121,0.003183551,0.003246537,0.003192961,0.003175217,0.003235274,0.003226143,0.003195778,0.003246075,0.003274141,0.003223352,0.003254535,0.003226143,0.003254535,0.003219161,0.003226143,0.003272308,0.003198124,0.003238055,0.003190298,0.003223352,0.003209673,0.003175217,0.00327521,0.003254535,0.003204684,0.00319484,0.003266037,0.003246999,0.003212009,0.003184023,0.003195778,0.003243455,0.003277194,0.003206556,0.003266803,0.00326619,0.003266956,0.003215587,0.003215121,0.003258067,0.003189828,0.003181981,0.003226763,0.003254535,0.003249154,0.003203592,0.003223352,0.003254996,0.003243455,0.003203592,0.003304088,0.003266037,0.00319484,0.003261595,0.003253152,0.003206556,0.003226143,0.003203592
1;2,0.1041,0.1121,0.1047,0.1049,0.1049,0.1051,0.1048,0.1052,0.1048,0.1048,0.105,0.1047,0.1048,0.1049,0.1049,0.1048,0.1047,0.1047,0.1051,0.1049,0.1045,0.1048,0.1049,0.1048,0.105,0.1045,0.1049,0.1047,0.1044,0.1046,0.1046,0.1049,0.1047,0.1045,0.1039,0.1051,0.1046,0.1045,0.1045,0.1046,0.1046,0.1045,0.1046,0.1045,0.1044,0.1045,0.1046,0.1044,0.1045,0.1044,0.1045,0.1043,0.1044,0.1046,0.1044,0.1044,0.1044,0.1044,0.1045,0.1044,0.1045,0.1045,0.1044,0.1043,0.1044,0.1043,0.1045,0.1044,0.1044,0.1044,0.1044,0.1043,0.1045,0.1044,0.1044,0.1043,0.1044,0.1045,0.1045,0.1042,0.1044,0.1045,0.1043,0.1043,0.1044,0.1044,0.1045,0.1043,0.1044,0.1044,0.1043,0.1044,0.1043,0.1043,0.1043,0.1044
2;1,0.0995,0.1109,0.0995,0.0995,0.0995,0.0997,0.0996,0.0999,0.0998,0.0996,0.0996,0.0996,0.0996,0.0997,0.0994,0.0996,0.0996,0.0997,0.0998,0.0997,0.0994,0.0993,0.0996,0.0996,0.0998,0.0993,0.0996,0.0996,0.0993,0.0995,0.0996,0.0997,0.0997,0.0994,0.0988,0.1001,0.0994,0.0995,0.0995,0.0994,0.0994,0.0995,0.0993,0.0994,0.0993,0.0993,0.0994,0.0992,0.0993,0.0993,0.0993,0.0994,0.0993,0.0994,0.0994,0.0994,0.0994,0.0992,0.0994,0.0994,0.0994,0.0993,0.0995,0.0992,0.0993,0.0993,0.0994,0.0992,0.0993,0.0993,0.0992,0.0993,0.0992,0.0991,0.0993,0.0993,0.0992,0.0992,0.0994,0.0992,0.0993,0.0993,0.0992,0.0992,0.0992,0.0992,0.0994,0.0992,0.0991,0.0993,0.0992,0.0992,0.0993,0.0993,0.0992,0.0993
2;2,0.1037,0.1123,0.1039,0.1039,0.1041,0.1042,0.104,0.1042,0.1041,0.1039,0.1042,0.1039,0.1038,0.1041,0.1039,0.104,0.1039,0.1039,0.1041,0.1038,0.1036,0.1037,0.1039,0.1039,0.1041,0.1037,0.1039,0.1039,0.1039,0.1037,0.1037,0.104,0.1039,0.1038,0.103,0.1044,0.1037,0.1038,0.1038,0.1038,0.1037,0.1038,0.1038,0.1038,0.1036,0.1038,0.1036,0.1036,0.1037,0.1037,0.1037,0.1037,0.1037,0.1038,0.1038,0.1038,0.1038,0.1036,0.1039,0.1037,0.1037,0.1037,0.1037,0.1036,0.1037,0.1036,0.1037,0.1036,0.1036,0.1036,0.1037,0.1037,0.1038,0.1036,0.1038,0.1037,0.1036,0.1038,0.1036,0.1037,0.1038,0.1037,0.1037,0.1036,0.1036,0.1037,0.1037,0.1036,0.1038,0.1037,0.1036,0.1037,0.1038,0.1037,0.1036,0.1036
2;3,0.0998,0.1096,0.1001,0.1,0.1001,0.1003,0.1001,0.1004,0.1002,0.1,0.1004,0.1001,0.1003,0.1001,0.1,0.1001,0.1,0.1,0.1002,0.1001,0.0998,0.0999,0.1,0.1,0.1004,0.0998,0.1,0.1,0.0998,0.0999,0.0999,0.1001,0.0999,0.0998,0.0993,0.1005,0.0998,0.0998,0.0998,0.0999,0.0999,0.0999,0.0998,0.0998,0.0998,0.0997,0.0998,0.0996,0.0997,0.0997,0.0997,0.0997,0.0997,0.0996,0.0998,0.0997,0.0999,0.0996,0.0999,0.0998,0.0997,0.0997,0.0997,0.0996,0.0996,0.0996,0.0997,0.0997,0.0998,0.0996,0.0996,0.0996,0.0996,0.0996,0.0995,0.0995,0.0997,0.0997,0.0997,0.0997,0.0996,0.0997,0.0996,0.0995,0.0996,0.0995,0.0997,0.0995,0.0997,0.0996,0.0996,0.0998,0.0997,0.0996,0.0996,0.0997
3;2,0.0971,0.1068,0.097,0.097,0.0969,0.0972,0.0968,0.0972,0.0971,0.0972,0.0973,0.097,0.097,0.0971,0.0969,0.097,0.0971,0.0971,0.0973,0.097,0.0967,0.0968,0.097,0.097,0.0973,0.0969,0.0969,0.0969,0.0968,0.0968,0.0968,0.097,0.0968,0.0969,0.0961,0.0974,0.0968,0.0968,0.0969,0.0968,0.0969,0.0969,0.0969,0.0968,0.0967,0.0968,0.0966,0.0967,0.0967,0.0967,0.0967,0.0966,0.0967,0.0968,0.0968,0.0967,0.0968,0.0967,0.0969,0.0968,0.0966,0.0967,0.0967,0.0967,0.0966,0.0965,0.0968,0.0968,0.0967,0.0966,0.0966,0.0967,0.0968,0.0966,0.0967,0.0967,0.0967,0.0968,0.0968,0.0967,0.0968,0.0967,0.0966,0.0967,0.0967,0.0967,0.0967,0.0967,0.0966,0.0966,0.0967,0.0966,0.0966,0.0967,0.0966,0.0967
,,,,,,,,,,,,,,,,,,,,,,,,,,,,,,,,,,,,,,,,,,,,,,,,,,,,,,,,,,,,,,,,,,,,,,,,,,,,,,,,,,,,,,,,,,,,,,,,
Cycles / Well,,,,,,,,,,,,,,,,,,,,,,,,,,,,,,,,,,,,,,,,,,,,,,,,,,,,,,,,,,,,,,,,,,,,,,,,,,,,,,,,,,,,,,,,,,,,,,,,
G10,1,2,3,4,5,6,7,8,9,10,11,12,13,14,15,16,17,18,19,20,21,22,23,24,25,26,27,28,29,30,31,32,33,34,35,36,37,38,39,40,41,42,43,44,45,46,47,48,49,50,51,52,53,54,55,56,57,58,59,60,61,62,63,64,65,66,67,68,69,70,71,72,73,74,75,76,77,78,79,80,81,82,83,84,85,86,87,88,89,90,91,92,93,94,95,96
Time [s],0,1799.804,3599.705,5399.641,7199.561,8999.49,10799.409,12599.333,14399.26,16199.194,17999.109,19799.039,21598.958,23398.892,25198.808,26998.725,28798.661,30598.589,32398.489,34198.443,35998.374,37798.286,39598.224,41398.149,43198.081,44997.99,46797.917,48597.842,50397.765,52197.702,53997.621,55797.552,57597.468,59397.391,61197.317,62997.249,64797.163,66597.084,68397.028,70196.935,71996.864,73796.783,75596.71,77396.649,79196.565,80996.494,82796.414,84596.354,86396.27,88196.204,89996.112,91796.061,93595.971,95395.897,97195.829,98995.747,100795.679,102595.601,104395.534,106195.445,107995.377,109795.307,111595.236,113395.157,115195.076,116995.019,118794.937,120594.848,122394.785,124194.722,125994.648,127794.579,129594.494,131394.41,133194.341,134994.266,136794.185,138594.122,140394.047,142193.959,143993.87,145793.805,147593.724,149393.655,151193.569,152993.504,154793.443,156593.376,158393.277,160193.21,161993.13,163793.052,165592.982,167392.906,169192.831,170992.755
Temp. [°C],40.8,29.9,29.9,30,30,30.1,30,30.1,30,29.9,30,30,30,30,30,29.9,30,30,30.1,30.1,29.9,30,30,30,30.1,30.1,30,30.1,30.1,30,30,30,29.9,30.1,30,29.9,29.8,29.8,29.8,29.9,30.1,30.1,30,30.1,29.8,29.9,30,30,30,30.1,30,30,29.8,30,30,30.1,30.1,30,30.1,29.9,30,30.1,30.1,30,30,29.9,29.9,30.1,30,30,29.9,29.9,30,30,29.9,30.1,29.9,29.8,29.9,30,30,30.1,30,30,30.1,30.1,30.2,30.1,29.9,30,29.9,29.9,30.1,29.9,30,30
Mean,0.10088,0.10954,0.10096,0.10102,0.10102,0.10112,0.10102,0.10112,0.10106,0.10098,0.10108,0.10102,0.101,0.10094,0.10092,0.10088,0.10094,0.1009,0.1012,0.10092,0.10062,0.10068,0.10086,0.1009,0.10116,0.1007,0.10086,0.10078,0.10074,0.1007,0.10066,0.10088,0.1008,0.1006,0.10006,0.10124,0.10064,0.1007,0.10068,0.10064,0.10064,0.1007,0.10068,0.10056,0.1005,0.10062,0.10056,0.10042,0.1006,0.10058,0.10056,0.10056,0.1006,0.10062,0.10056,0.10056,0.10058,0.10042,0.10062,0.10058,0.10046,0.10058,0.10052,0.10042,0.1004,0.10036,0.10058,0.10056,0.10056,0.10044,0.1005,0.10054,0.10062,0.10042,0.10048,0.10046,0.10052,0.1005,0.1005,0.10048,0.1005,0.10052,0.10042,0.10044,0.10046,0.10048,0.10052,0.10038,0.10046,0.1005,0.1005,0.10046,0.10056,0.10048,0.10046,0.10056
StDev,0.003164174,0.002290851,0.00332009,0.003282073,0.003314664,0.003336465,0.003279024,0.003337963,0.003420965,0.003288161,0.003334966,0.003279024,0.003219472,0.00332686,0.003278262,0.003319187,0.003268486,0.003230325,0.003309834,0.003347686,0.003244534,0.003310136,0.00329363,0.003403674,0.00329363,0.003248846,0.003260061,0.003250692,0.003280701,0.003301515,0.00329363,0.003284357,0.003310589,0.003275668,0.003250077,0.003268486,0.00330424,0.003252691,0.003285118,0.003268486,0.003268486,0.003252691,0.003261441,0.003202031,0.003251923,0.003220559,0.003202811,0.003256839,0.003287096,0.003262208,0.003236201,0.003271544,0.00325346,0.003233728,0.003259294,0.003264659,0.003264506,0.003255303,0.003278262,0.003170489,0.003236201,0.003239907,0.0032912,0.003277499,0.003287096,0.003271544,0.003262208,0.003213721,0.003260061,0.003223818,0.003276431,0.003246999,0.003233728,0.003312401,0.003262208,0.003306509,0.00319875,0.003230325,0.003229551,0.003204216,0.003288617,0.003278262,0.003256839,0.00318873,0.003250077,0.003319187,0.003277499,0.003240679,0.003271544,0.003196091,0.003230325,0.003236201,0.003237746,0.003262208,0.003271544,0.003179308
1;2,0.1036,0.1119,0.1041,0.1041,0.1043,0.1044,0.1042,0.1043,0.1045,0.1042,0.1043,0.1042,0.1043,0.1042,0.1042,0.1042,0.1042,0.1041,0.1045,0.1043,0.1039,0.104,0.1042,0.1044,0.1045,0.104,0.1042,0.104,0.1041,0.1039,0.104,0.1042,0.1041,0.1039,0.1033,0.1045,0.1039,0.104,0.104,0.1039,0.1039,0.104,0.104,0.1037,0.1038,0.1038,0.1037,0.1036,0.1039,0.1038,0.1038,0.1038,0.1038,0.1039,0.1038,0.1036,0.1037,0.1037,0.1039,0.1037,0.1037,0.1038,0.1038,0.1037,0.1037,0.1036,0.1038,0.1038,0.1038,0.1037,0.1037,0.1037,0.104,0.1038,0.1037,0.1038,0.1037,0.1037,0.1038,0.1037,0.1037,0.1038,0.1036,0.1036,0.1037,0.1038,0.1038,0.1036,0.1037,0.1036,0.1037,0.1037,0.1037,0.1037,0.1037,0.1037
2;1,0.0998,0.1087,0.0998,0.0998,0.0999,0.1,0.0998,0.0999,0.0997,0.1,0.0998,0.0998,0.1,0.0998,0.0998,0.0996,0.0998,0.0997,0.1,0.0996,0.0996,0.0997,0.0996,0.0998,0.1,0.0999,0.0998,0.0997,0.0995,0.0997,0.0994,0.0997,0.0997,0.0995,0.0988,0.1001,0.0995,0.0996,0.0996,0.0995,0.0995,0.0996,0.0995,0.0994,0.0993,0.0994,0.0995,0.0991,0.0994,0.0994,0.0994,0.0993,0.0995,0.0993,0.0994,0.0995,0.0994,0.0992,0.0995,0.0995,0.0992,0.0993,0.0992,0.0992,0.0992,0.0991,0.0994,0.0993,0.0995,0.0992,0.0994,0.0993,0.0993,0.0992,0.0993,0.0991,0.0992,0.0993,0.0993,0.0993,0.0993,0.0994,0.0992,0.0992,0.0992,0.0993,0.0993,0.0992,0.0992,0.0993,0.0993,0.0993,0.0994,0.0993,0.0992,0.0994
2;2,0.1044,0.1119,0.1045,0.1046,0.1045,0.1046,0.1045,0.1047,0.1046,0.1044,0.1047,0.1045,0.1042,0.1044,0.1043,0.1043,0.1043,0.1043,0.1046,0.1044,0.1039,0.104,0.1042,0.1043,0.1045,0.1039,0.1041,0.1041,0.1041,0.1041,0.104,0.1042,0.1042,0.1039,0.1035,0.1046,0.1041,0.104,0.104,0.104,0.104,0.104,0.104,0.1039,0.1038,0.104,0.1039,0.1039,0.104,0.104,0.1039,0.104,0.104,0.104,0.1039,0.1041,0.1041,0.1038,0.104,0.1039,0.1038,0.104,0.104,0.1038,0.1038,0.1038,0.104,0.1039,0.1039,0.1038,0.1039,0.104,0.1039,0.1038,0.1039,0.1039,0.1039,0.1039,0.1038,0.1038,0.104,0.1039,0.1039,0.1038,0.1039,0.1039,0.1039,0.1038,0.1039,0.1039,0.1039,0.1038,0.104,0.1039,0.1039,0.1039
2;3,0.1,0.1085,0.0998,0.0998,0.0996,0.0998,0.0998,0.0999,0.0998,0.0996,0.0997,0.0998,0.0997,0.0997,0.0996,0.0997,0.0997,0.0996,0.1,0.0996,0.0993,0.0994,0.0997,0.0995,0.0999,0.0993,0.0996,0.0996,0.0994,0.0995,0.0995,0.0997,0.0995,0.0994,0.0987,0.1,0.0993,0.0994,0.0994,0.0994,0.0994,0.0994,0.0994,0.0994,0.0993,0.0994,0.0993,0.0992,0.0993,0.0993,0.0993,0.0993,0.0993,0.0993,0.0994,0.0993,0.0993,0.0991,0.0993,0.0993,0.0993,0.0993,0.0992,0.0992,0.0991,0.0991,0.0993,0.0993,0.0993,0.0991,0.0993,0.0993,0.0993,0.0991,0.0992,0.0992,0.0993,0.0992,0.0992,0.0992,0.0992,0.0992,0.0991,0.0992,0.0991,0.0992,0.0993,0.099,0.0992,0.0993,0.0992,0.0992,0.0993,0.0992,0.0992,0.0993
3;2,0.0966,0.1067,0.0966,0.0968,0.0968,0.0968,0.0968,0.0968,0.0967,0.0967,0.0969,0.0968,0.0968,0.0966,0.0967,0.0966,0.0967,0.0968,0.0969,0.0967,0.0964,0.0963,0.0966,0.0965,0.0969,0.0964,0.0966,0.0965,0.0966,0.0963,0.0964,0.0966,0.0965,0.0963,0.096,0.097,0.0964,0.0965,0.0964,0.0964,0.0964,0.0965,0.0965,0.0964,0.0963,0.0965,0.0964,0.0963,0.0964,0.0964,0.0964,0.0964,0.0964,0.0966,0.0963,0.0963,0.0964,0.0963,0.0964,0.0965,0.0963,0.0965,0.0964,0.0962,0.0962,0.0962,0.0964,0.0965,0.0963,0.0964,0.0962,0.0964,0.0966,0.0962,0.0963,0.0963,0.0965,0.0964,0.0964,0.0964,0.0963,0.0963,0.0963,0.0964,0.0964,0.0962,0.0963,0.0963,0.0963,0.0964,0.0964,0.0963,0.0964,0.0963,0.0963,0.0965
,,,,,,,,,,,,,,,,,,,,,,,,,,,,,,,,,,,,,,,,,,,,,,,,,,,,,,,,,,,,,,,,,,,,,,,,,,,,,,,,,,,,,,,,,,,,,,,,
Cycles / Well,,,,,,,,,,,,,,,,,,,,,,,,,,,,,,,,,,,,,,,,,,,,,,,,,,,,,,,,,,,,,,,,,,,,,,,,,,,,,,,,,,,,,,,,,,,,,,,,
G11,1,2,3,4,5,6,7,8,9,10,11,12,13,14,15,16,17,18,19,20,21,22,23,24,25,26,27,28,29,30,31,32,33,34,35,36,37,38,39,40,41,42,43,44,45,46,47,48,49,50,51,52,53,54,55,56,57,58,59,60,61,62,63,64,65,66,67,68,69,70,71,72,73,74,75,76,77,78,79,80,81,82,83,84,85,86,87,88,89,90,91,92,93,94,95,96
Time [s],0,1799.804,3599.705,5399.641,7199.561,8999.49,10799.409,12599.333,14399.26,16199.194,17999.109,19799.039,21598.958,23398.892,25198.808,26998.725,28798.661,30598.589,32398.489,34198.443,35998.374,37798.286,39598.224,41398.149,43198.081,44997.99,46797.917,48597.842,50397.765,52197.702,53997.621,55797.552,57597.468,59397.391,61197.317,62997.249,64797.163,66597.084,68397.028,70196.935,71996.864,73796.783,75596.71,77396.649,79196.565,80996.494,82796.414,84596.354,86396.27,88196.204,89996.112,91796.061,93595.971,95395.897,97195.829,98995.747,100795.679,102595.601,104395.534,106195.445,107995.377,109795.307,111595.236,113395.157,115195.076,116995.019,118794.937,120594.848,122394.785,124194.722,125994.648,127794.579,129594.494,131394.41,133194.341,134994.266,136794.185,138594.122,140394.047,142193.959,143993.87,145793.805,147593.724,149393.655,151193.569,152993.504,154793.443,156593.376,158393.277,160193.21,161993.13,163793.052,165592.982,167392.906,169192.831,170992.755
Temp. [°C],40.8,29.9,29.9,30,30,30.1,30,30.1,30,29.9,30,30,30,30,30,29.9,30,30,30.1,30.1,29.9,30,30,30,30.1,30.1,30,30.1,30.1,30,30,30,29.9,30.1,30,29.9,29.8,29.8,29.8,29.9,30.1,30.1,30,30.1,29.8,29.9,30,30,30,30.1,30,30,29.8,30,30,30.1,30.1,30,30.1,29.9,30,30.1,30.1,30,30,29.9,29.9,30.1,30,30,29.9,29.9,30,30,29.9,30.1,29.9,29.8,29.9,30,30,30.1,30,30,30.1,30.1,30.2,30.1,29.9,30,29.9,29.9,30.1,29.9,30,30
Mean,0.10182,0.11306,0.10206,0.102,0.10212,0.10224,0.10208,0.10222,0.10206,0.10204,0.10222,0.1021,0.10214,0.10212,0.10202,0.10192,0.10202,0.102,0.10228,0.10208,0.10172,0.10184,0.10204,0.10206,0.10226,0.10188,0.1021,0.10204,0.10188,0.10186,0.1018,0.10204,0.10198,0.10184,0.10112,0.10238,0.10176,0.10184,0.10182,0.1018,0.10176,0.1018,0.10174,0.10176,0.10164,0.1017,0.1017,0.10156,0.10168,0.1017,0.10164,0.10164,0.10172,0.10168,0.10168,0.10166,0.10164,0.10156,0.10176,0.10172,0.10162,0.10168,0.10164,0.10148,0.1016,0.10152,0.10166,0.1016,0.10168,0.1016,0.10154,0.10158,0.10166,0.10152,0.10158,0.1015,0.10148,0.10164,0.10166,0.10156,0.10158,0.10158,0.10154,0.10148,0.10144,0.10152,0.10154,0.10148,0.10154,0.10158,0.10152,0.1016,0.10154,0.10154,0.10146,0.10154
StDev,0.002297172,0.001818791,0.002493592,0.002628688,0.002647074,0.002602499,0.002486363,0.002574296,0.002547155,0.002521507,0.002609981,0.002620115,0.002562811,0.002568463,0.002524282,0.00248133,0.002521309,0.002590367,0.002540079,0.002582053,0.002569436,0.002554016,0.00258515,0.002643483,0.002587083,0.002493391,0.002605763,0.002602499,0.002576238,0.002652923,0.002516943,0.002547155,0.002527251,0.002564761,0.002510378,0.002558711,0.002583215,0.002506591,0.002629068,0.002596151,0.002604419,0.002594224,0.002614001,0.002544209,0.002614001,0.002604803,0.002596151,0.002629258,0.002623357,0.002639129,0.002602499,0.002606338,0.002629068,0.002572353,0.002563591,0.002626404,0.002559883,0.002621641,0.002527449,0.002556756,0.002629068,0.002665896,0.002694995,0.002654619,0.002644806,0.002629068,0.002693139,0.002614383,0.002665896,0.002631539,0.002666083,0.002765321,0.002680112,0.00268179,0.00267058,0.002698148,0.00270037,0.002648207,0.002685703,0.002680112,0.002658383,0.00274718,0.002694995,0.002712379,0.002701481,0.002710535,0.002701481,0.002658383,0.002683841,0.002658383,0.002629068,0.002690725,0.002730934,0.002694995,0.00272727,0.002683841
1;2,0.1047,0.1139,0.1054,0.1055,0.1056,0.1057,0.1053,0.1057,0.1053,0.1055,0.1057,0.1056,0.1056,0.1056,0.1054,0.1052,0.1053,0.1055,0.1057,0.1056,0.1051,0.1052,0.1056,0.1056,0.1057,0.1052,0.1056,0.1055,0.1054,0.1054,0.1052,0.1053,0.1054,0.1053,0.1044,0.1057,0.1052,0.1051,0.1053,0.1052,0.1052,0.1053,0.1052,0.1051,0.1051,0.1051,0.1051,0.105,0.1051,0.1052,0.1051,0.105,0.1052,0.1051,0.105,0.105,0.105,0.105,0.1051,0.105,0.1051,0.1052,0.1051,0.105,0.1051,0.105,0.1052,0.105,0.1052,0.105,0.105,0.1051,0.1051,0.105,0.105,0.105,0.105,0.105,0.1051,0.105,0.105,0.1051,0.105,0.105,0.1049,0.105,0.105,0.1049,0.105,0.105,0.105,0.1051,0.105,0.105,0.105,0.105
2;1,0.1005,0.1133,0.1006,0.1003,0.1005,0.1006,0.1003,0.1005,0.1003,0.1003,0.1004,0.1003,0.1008,0.1005,0.1004,0.1003,0.1005,0.1005,0.1009,0.1004,0.1001,0.1003,0.1005,0.1006,0.1007,0.1006,0.1006,0.1004,0.1003,0.1002,0.1003,0.1004,0.1005,0.1004,0.0995,0.1009,0.1003,0.1004,0.1002,0.1002,0.1002,0.1002,0.1002,0.1002,0.1001,0.1003,0.1001,0.1001,0.1001,0.1001,0.1,0.1,0.1001,0.1002,0.1001,0.1,0.1,0.0999,0.1002,0.1001,0.1,0.1001,0.1,0.0998,0.0999,0.0999,0.1001,0.1,0.1001,0.0999,0.0999,0.0999,0.1001,0.0998,0.1,0.1,0.0998,0.1001,0.1,0.1,0.0999,0.0999,0.0999,0.0999,0.0997,0.0998,0.0998,0.0998,0.0998,0.0999,0.0999,0.0999,0.0998,0.0999,0.0998,0.0998
2;2,0.1037,0.1155,0.1039,0.104,0.1041,0.1042,0.1041,0.1041,0.1041,0.1038,0.1042,0.1041,0.104,0.104,0.1039,0.1038,0.104,0.1039,0.1041,0.1039,0.1037,0.1038,0.1038,0.104,0.1042,0.1037,0.104,0.104,0.1037,0.1038,0.1036,0.1041,0.1038,0.1037,0.1031,0.1044,0.1037,0.1038,0.1038,0.1038,0.1037,0.1037,0.1037,0.1037,0.1036,0.1037,0.1037,0.1036,0.1037,0.1037,0.1036,0.1037,0.1037,0.1036,0.1037,0.1038,0.1036,0.1036,0.1037,0.1038,0.1036,0.1037,0.1038,0.1035,0.1036,0.1035,0.1037,0.1036,0.1037,0.1037,0.1036,0.1038,0.1038,0.1036,0.1037,0.1036,0.1036,0.1038,0.1038,0.1037,0.1037,0.1038,0.1037,0.1036,0.1036,0.1037,0.1037,0.1036,0.1037,0.1037,0.1035,0.1037,0.1038,0.1037,0.1036,0.1037
2;3,0.101,0.1109,0.101,0.1009,0.1012,0.1012,0.1011,0.1012,0.1013,0.1011,0.1012,0.101,0.1009,0.101,0.101,0.101,0.101,0.1008,0.1012,0.1011,0.1007,0.1008,0.101,0.1009,0.1012,0.1008,0.101,0.101,0.1008,0.1009,0.1008,0.1011,0.1009,0.1007,0.1001,0.1013,0.1006,0.1008,0.1008,0.1008,0.1008,0.1007,0.1007,0.1008,0.1006,0.1006,0.1007,0.1004,0.1007,0.1006,0.1006,0.1007,0.1007,0.1006,0.1007,0.1007,0.1007,0.1005,0.1007,0.1007,0.1006,0.1006,0.1006,0.1004,0.1006,0.1005,0.1006,0.1007,0.1006,0.1006,0.1006,0.1006,0.1006,0.1006,0.1006,0.1004,0.1004,0.1006,0.1007,0.1005,0.1006,0.1005,0.1005,0.1004,0.1005,0.1005,0.1006,0.1005,0.1005,0.1006,0.1005,0.1006,0.1005,0.1005,0.1004,0.1005
3;2,0.0992,0.1117,0.0994,0.0993,0.0992,0.0995,0.0996,0.0996,0.0993,0.0995,0.0996,0.0995,0.0994,0.0995,0.0994,0.0993,0.0993,0.0993,0.0995,0.0994,0.099,0.0991,0.0993,0.0992,0.0995,0.0991,0.0993,0.0993,0.0992,0.099,0.0991,0.0993,0.0993,0.0991,0.0985,0.0996,0.099,0.0991,0.099,0.099,0.0989,0.0991,0.0989,0.099,0.0988,0.0988,0.0989,0.0987,0.0988,0.0989,0.0989,0.0988,0.0989,0.0989,0.0989,0.0988,0.0989,0.0988,0.0991,0.099,0.0988,0.0988,0.0987,0.0987,0.0988,0.0987,0.0987,0.0987,0.0988,0.0988,0.0986,0.0985,0.0987,0.0986,0.0986,0.0985,0.0986,0.0987,0.0987,0.0986,0.0987,0.0986,0.0986,0.0985,0.0985,0.0986,0.0986,0.0986,0.0987,0.0987,0.0987,0.0987,0.0986,0.0986,0.0985,0.0987
,,,,,,,,,,,,,,,,,,,,,,,,,,,,,,,,,,,,,,,,,,,,,,,,,,,,,,,,,,,,,,,,,,,,,,,,,,,,,,,,,,,,,,,,,,,,,,,,
Cycles / Well,,,,,,,,,,,,,,,,,,,,,,,,,,,,,,,,,,,,,,,,,,,,,,,,,,,,,,,,,,,,,,,,,,,,,,,,,,,,,,,,,,,,,,,,,,,,,,,,
G12,1,2,3,4,5,6,7,8,9,10,11,12,13,14,15,16,17,18,19,20,21,22,23,24,25,26,27,28,29,30,31,32,33,34,35,36,37,38,39,40,41,42,43,44,45,46,47,48,49,50,51,52,53,54,55,56,57,58,59,60,61,62,63,64,65,66,67,68,69,70,71,72,73,74,75,76,77,78,79,80,81,82,83,84,85,86,87,88,89,90,91,92,93,94,95,96
Time [s],0,1799.804,3599.705,5399.641,7199.561,8999.49,10799.409,12599.333,14399.26,16199.194,17999.109,19799.039,21598.958,23398.892,25198.808,26998.725,28798.661,30598.589,32398.489,34198.443,35998.374,37798.286,39598.224,41398.149,43198.081,44997.99,46797.917,48597.842,50397.765,52197.702,53997.621,55797.552,57597.468,59397.391,61197.317,62997.249,64797.163,66597.084,68397.028,70196.935,71996.864,73796.783,75596.71,77396.649,79196.565,80996.494,82796.414,84596.354,86396.27,88196.204,89996.112,91796.061,93595.971,95395.897,97195.829,98995.747,100795.679,102595.601,104395.534,106195.445,107995.377,109795.307,111595.236,113395.157,115195.076,116995.019,118794.937,120594.848,122394.785,124194.722,125994.648,127794.579,129594.494,131394.41,133194.341,134994.266,136794.185,138594.122,140394.047,142193.959,143993.87,145793.805,147593.724,149393.655,151193.569,152993.504,154793.443,156593.376,158393.277,160193.21,161993.13,163793.052,165592.982,167392.906,169192.831,170992.755
Temp. [°C],40.8,29.9,29.9,30,30,30.1,30,30.1,30,29.9,30,30,30,30,30,29.9,30,30,30.1,30.1,29.9,30,30,30,30.1,30.1,30,30.1,30.1,30,30,30,29.9,30.1,30,29.9,29.8,29.8,29.8,29.9,30.1,30.1,30,30.1,29.8,29.9,30,30,30,30.1,30,30,29.8,30,30,30.1,30.1,30,30.1,29.9,30,30.1,30.1,30,30,29.9,29.9,30.1,30,30,29.9,29.9,30,30,29.9,30.1,29.9,29.8,29.9,30,30,30.1,30,30,30.1,30.1,30.2,30.1,29.9,30,29.9,29.9,30.1,29.9,30,30
Mean,0.1021,0.10312,0.10238,0.1023,0.1025,0.10254,0.1025,0.10256,0.10252,0.10244,0.1026,0.10234,0.10238,0.10242,0.10238,0.10226,0.10234,0.10228,0.10246,0.10236,0.10204,0.10216,0.10226,0.1024,0.10254,0.10224,0.10228,0.1023,0.10216,0.1022,0.10208,0.10234,0.10232,0.10212,0.10154,0.10276,0.10214,0.10224,0.10222,0.10214,0.10214,0.10216,0.10216,0.10208,0.1021,0.1022,0.1021,0.10208,0.10214,0.1021,0.10226,0.10218,0.10216,0.10224,0.10216,0.1021,0.10218,0.10206,0.10226,0.10228,0.10214,0.10212,0.1022,0.10208,0.10206,0.102,0.10224,0.10228,0.1022,0.10222,0.10198,0.10218,0.10234,0.10224,0.1022,0.10218,0.10218,0.10226,0.10238,0.1023,0.10224,0.10232,0.10218,0.10224,0.10224,0.10232,0.10234,0.1023,0.10234,0.1024,0.1023,0.10242,0.1024,0.10242,0.10242,0.1024
StDev,0.002926602,0.003709043,0.003021093,0.003038914,0.003101612,0.003031171,0.003056141,0.003086746,0.003004497,0.002990485,0.00308626,0.002982952,0.002864786,0.003002832,0.003020265,0.002987976,0.003005495,0.002981107,0.002971195,0.002972877,0.002904824,0.002861468,0.002915133,0.002906888,0.002950932,0.002693139,0.00297355,0.002906888,0.002931382,0.002860944,0.002888252,0.002828074,0.00286304,0.002839366,0.002746452,0.002793385,0.002788907,0.002657631,0.002673387,0.002746452,0.002710719,0.00265198,0.002668895,0.002609023,0.002611513,0.002582634,0.002629639,0.002465157,0.002528438,0.002638181,0.002393324,0.002413918,0.002456217,0.002335166,0.002582247,0.002585537,0.002516347,0.002464346,0.002452142,0.002336022,0.002463331,0.002415988,0.002446426,0.002493391,0.002527449,0.002384324,0.002194994,0.002270903,0.002327015,0.002248777,0.002305862,0.002187921,0.002124382,0.002137288,0.002240536,0.002141728,0.002142895,0.002137288,0.002068091,0.00200125,0.002114947,0.002020396,0.002167256,0.002052559,0.00195397,0.002001749,0.00191259,0.001959592,0.001916507,0.001919635,0.001911805,0.00188202,0.001784657,0.00184716,0.001829481,0.001860108
1;2,0.1051,0.1053,0.1056,0.1056,0.1058,0.1057,0.1056,0.1058,0.1056,0.1056,0.1059,0.1054,0.1055,0.1056,0.1056,0.1056,0.1055,0.1055,0.1057,0.1055,0.1051,0.1052,0.1054,0.1056,0.1057,0.1051,0.1055,0.1055,0.1053,0.1053,0.1051,0.1054,0.1054,0.1051,0.1047,0.1058,0.1052,0.1052,0.1052,0.1051,0.1051,0.105,0.1052,0.105,0.105,0.1051,0.105,0.1049,0.105,0.1051,0.105,0.1049,0.1049,0.1049,0.105,0.1049,0.105,0.1049,0.1051,0.1049,0.1049,0.1048,0.1049,0.1049,0.1048,0.1047,0.1048,0.1049,0.1048,0.1048,0.1046,0.1047,0.1049,0.1047,0.1048,0.1047,0.1047,0.1047,0.1048,0.1046,0.1047,0.1047,0.1047,0.1046,0.1045,0.1046,0.1046,0.1046,0.1045,0.1047,0.1045,0.1046,0.1045,0.1045,0.1044,0.1045
2;1,0.1023,0.1071,0.1029,0.1027,0.103,0.1031,0.103,0.1029,0.1029,0.1029,0.103,0.1028,0.1028,0.1027,0.1027,0.1026,0.1027,0.1027,0.1027,0.1025,0.1025,0.1026,0.1026,0.1027,0.1029,0.1028,0.1026,0.1026,0.1024,0.1026,0.1025,0.1026,0.1026,0.1025,0.1016,0.103,0.1024,0.1024,0.1024,0.1024,0.1023,0.1024,0.1023,0.1022,0.1022,0.1023,0.1023,0.1022,0.1023,0.1023,0.1023,0.1022,0.1022,0.1022,0.1024,0.1023,0.1023,0.1021,0.1023,0.1024,0.1022,0.1021,0.1022,0.102,0.1022,0.102,0.1021,0.1022,0.1022,0.1022,0.102,0.102,0.1021,0.1021,0.1021,0.102,0.102,0.102,0.1021,0.102,0.102,0.102,0.1019,0.1019,0.1019,0.1019,0.102,0.102,0.102,0.102,0.1019,0.102,0.1018,0.1019,0.1019,0.1019
2;2,0.1044,0.1044,0.1045,0.1045,0.1047,0.1047,0.1048,0.1049,0.1048,0.1046,0.1048,0.1046,0.1044,0.1047,0.1046,0.1043,0.1046,0.1044,0.1047,0.1047,0.1042,0.1042,0.1044,0.1045,0.1047,0.1042,0.1045,0.1044,0.1044,0.1043,0.1043,0.1045,0.1045,0.1043,0.1036,0.1049,0.1043,0.1043,0.1043,0.1043,0.1043,0.1043,0.1042,0.1041,0.1042,0.1043,0.1042,0.104,0.1041,0.1041,0.1042,0.1042,0.1042,0.1042,0.1042,0.1042,0.1042,0.104,0.1042,0.1042,0.1042,0.1042,0.1043,0.1042,0.1042,0.104,0.1041,0.1042,0.1042,0.1041,0.1039,0.1041,0.1041,0.1041,0.1041,0.104,0.104,0.1042,0.1042,0.1041,0.1041,0.1041,0.1041,0.1041,0.104,0.1042,0.104,0.104,0.1041,0.104,0.104,0.1041,0.104,0.1041,0.1041,0.1041
2;3,0.1009,0.101,0.1009,0.1007,0.101,0.1011,0.1011,0.1011,0.1012,0.101,0.1012,0.1009,0.1009,0.101,0.101,0.1008,0.1009,0.1008,0.1009,0.101,0.1005,0.1008,0.1008,0.1009,0.1011,0.1006,0.1007,0.1008,0.1007,0.1006,0.1005,0.1008,0.1008,0.1006,0.0999,0.1012,0.1004,0.1006,0.1005,0.1005,0.1005,0.1005,0.1004,0.1005,0.1004,0.1003,0.1003,0.1003,0.1004,0.1003,0.1004,0.1003,0.1004,0.1004,0.1004,0.1004,0.1004,0.1003,0.1004,0.1004,0.1002,0.1003,0.1004,0.1002,0.1002,0.1001,0.1003,0.1003,0.1003,0.1003,0.1001,0.1001,0.1002,0.1002,0.1001,0.1001,0.1002,0.1002,0.1003,0.1001,0.1002,0.1003,0.1002,0.1,0.1001,0.1002,0.1002,0.1001,0.1001,0.1001,0.1,0.1002,0.1003,0.1001,0.1,0.1001
3;2,0.0978,0.0978,0.098,0.098,0.098,0.0981,0.098,0.0981,0.0981,0.0981,0.0981,0.098,0.0983,0.0981,0.098,0.098,0.098,0.098,0.0983,0.0981,0.0979,0.098,0.0981,0.0983,0.0983,0.0985,0.0981,0.0982,0.098,0.0982,0.098,0.0984,0.0983,0.0981,0.0979,0.0989,0.0984,0.0987,0.0987,0.0984,0.0985,0.0986,0.0987,0.0986,0.0987,0.099,0.0987,0.099,0.0989,0.0987,0.0994,0.0993,0.0991,0.0995,0.0988,0.0987,0.099,0.099,0.0993,0.0995,0.0992,0.0992,0.0992,0.0991,0.0989,0.0992,0.0999,0.0998,0.0995,0.0997,0.0993,0.1,0.1004,0.1001,0.0999,0.1001,0.1,0.1002,0.1005,0.1007,0.1002,0.1005,0.1,0.1006,0.1007,0.1007,0.1009,0.1008,0.101,0.1012,0.1011,0.1012,0.1014,0.1015,0.1017,0.1014
,,,,,,,,,,,,,,,,,,,,,,,,,,,,,,,,,,,,,,,,,,,,,,,,,,,,,,,,,,,,,,,,,,,,,,,,,,,,,,,,,,,,,,,,,,,,,,,,
Cycles / Well,,,,,,,,,,,,,,,,,,,,,,,,,,,,,,,,,,,,,,,,,,,,,,,,,,,,,,,,,,,,,,,,,,,,,,,,,,,,,,,,,,,,,,,,,,,,,,,,
H1,1,2,3,4,5,6,7,8,9,10,11,12,13,14,15,16,17,18,19,20,21,22,23,24,25,26,27,28,29,30,31,32,33,34,35,36,37,38,39,40,41,42,43,44,45,46,47,48,49,50,51,52,53,54,55,56,57,58,59,60,61,62,63,64,65,66,67,68,69,70,71,72,73,74,75,76,77,78,79,80,81,82,83,84,85,86,87,88,89,90,91,92,93,94,95,96
Time [s],0,1799.804,3599.705,5399.641,7199.561,8999.49,10799.409,12599.333,14399.26,16199.194,17999.109,19799.039,21598.958,23398.892,25198.808,26998.725,28798.661,30598.589,32398.489,34198.443,35998.374,37798.286,39598.224,41398.149,43198.081,44997.99,46797.917,48597.842,50397.765,52197.702,53997.621,55797.552,57597.468,59397.391,61197.317,62997.249,64797.163,66597.084,68397.028,70196.935,71996.864,73796.783,75596.71,77396.649,79196.565,80996.494,82796.414,84596.354,86396.27,88196.204,89996.112,91796.061,93595.971,95395.897,97195.829,98995.747,100795.679,102595.601,104395.534,106195.445,107995.377,109795.307,111595.236,113395.157,115195.076,116995.019,118794.937,120594.848,122394.785,124194.722,125994.648,127794.579,129594.494,131394.41,133194.341,134994.266,136794.185,138594.122,140394.047,142193.959,143993.87,145793.805,147593.724,149393.655,151193.569,152993.504,154793.443,156593.376,158393.277,160193.21,161993.13,163793.052,165592.982,167392.906,169192.831,170992.755
Temp. [°C],40.8,29.9,29.9,30,30,30.1,30,30.1,30,29.9,30,30,30,30,30,29.9,30,30,30.1,30.1,29.9,30,30,30,30.1,30.1,30,30.1,30.1,30,30,30,29.9,30.1,30,29.9,29.8,29.8,29.8,29.9,30.1,30.1,30,30.1,29.8,29.9,30,30,30,30.1,30,30,29.8,30,30,30.1,30.1,30,30.1,29.9,30,30.1,30.1,30,30,29.9,29.9,30.1,30,30,29.9,29.9,30,30,29.9,30.1,29.9,29.8,29.9,30,30,30.1,30,30,30.1,30.1,30.2,30.1,29.9,30,29.9,29.9,30.1,29.9,30,30
Mean,0.0992,0.09928,0.0993,0.09928,0.0994,0.09946,0.09938,0.09946,0.09938,0.09926,0.09946,0.0993,0.09926,0.0993,0.0993,0.09924,0.09936,0.09938,0.0994,0.09936,0.09892,0.09902,0.09906,0.09916,0.09952,0.09908,0.09932,0.09926,0.09906,0.09914,0.0991,0.09934,0.09936,0.0991,0.09854,0.09976,0.09914,0.09924,0.09936,0.09928,0.09936,0.09936,0.09942,0.09934,0.09932,0.0995,0.09948,0.09948,0.09962,0.0997,0.09976,0.0998,0.09982,0.09994,0.0999,0.10002,0.09998,0.10006,0.10014,0.10022,0.10036,0.10032,0.10044,0.10048,0.1004,0.10054,0.1008,0.10076,0.10084,0.10096,0.10094,0.10112,0.10122,0.10122,0.10142,0.1013,0.10128,0.10144,0.10184,0.10156,0.10168,0.10164,0.10172,0.10152,0.10196,0.10192,0.1022,0.10216,0.10226,0.10216,0.10238,0.10256,0.10254,0.10276,0.1029,0.1028
StDev,0.002390607,0.002474268,0.002597114,0.002675257,0.002688866,0.002691282,0.002794996,0.00283249,0.002824358,0.002862342,0.002871063,0.002912902,0.002871933,0.002946184,0.002946184,0.003050902,0.003038585,0.003032656,0.003019934,0.003003831,0.003039243,0.003155471,0.003050902,0.003090793,0.003122819,0.003137196,0.003112395,0.003223042,0.003154838,0.003173011,0.00308545,0.003242376,0.003097257,0.00311127,0.003043518,0.003075386,0.003049262,0.003085936,0.002944996,0.003021093,0.002938197,0.002998833,0.002843765,0.002914275,0.002830548,0.002864437,0.002811939,0.00279052,0.002803926,0.002724885,0.002731849,0.002671142,0.002719743,0.002762788,0.002683282,0.002743538,0.002675257,0.00275826,0.002766406,0.00280125,0.003036939,0.002955842,0.003061536,0.003142769,0.003019106,0.003312552,0.003426368,0.003356039,0.003460202,0.003629463,0.003944997,0.003963206,0.004033237,0.004434185,0.004462286,0.004544777,0.004446572,0.004552252,0.005256234,0.004856748,0.00504797,0.004907953,0.005160136,0.005029612,0.005777802,0.005694471,0.006015812,0.006108846,0.006186922,0.006070667,0.006615663,0.006876627,0.00667293,0.007329939,0.007663876,0.007451174
1;2,0.1022,0.1025,0.1027,0.1028,0.103,0.103,0.1031,0.1031,0.1031,0.103,0.1032,0.1031,0.1029,0.1031,0.1031,0.1032,0.1032,0.1032,0.1033,0.1032,0.1028,0.103,0.1029,0.1029,0.1034,0.103,0.1032,0.1032,0.103,0.1031,0.103,0.1034,0.1032,0.1029,0.1024,0.1035,0.1029,0.1031,0.103,0.103,0.103,0.1031,0.103,0.103,0.1028,0.103,0.1029,0.1028,0.1029,0.1028,0.1029,0.1029,0.1029,0.103,0.1029,0.1029,0.1028,0.1028,0.1029,0.1029,0.1028,0.1029,0.1029,0.1029,0.1028,0.1028,0.1029,0.1029,0.1028,0.1028,0.1027,0.1028,0.1028,0.1026,0.1029,0.1026,0.1026,0.1027,0.1028,0.1027,0.1025,0.1027,0.1026,0.1025,0.1025,0.1026,0.1027,0.1025,0.1025,0.1026,0.1026,0.1025,0.1026,0.1025,0.1024,0.1024
2;1,0.0982,0.0984,0.0983,0.0981,0.0981,0.0981,0.0979,0.098,0.0978,0.0976,0.0977,0.0976,0.0976,0.0975,0.0975,0.0975,0.0975,0.0975,0.0975,0.0974,0.097,0.0968,0.0969,0.0972,0.0973,0.0969,0.0972,0.097,0.0968,0.0968,0.0968,0.0969,0.0971,0.0968,0.096,0.0973,0.0966,0.0966,0.0967,0.0965,0.0966,0.0966,0.0966,0.0965,0.0965,0.0965,0.0964,0.0963,0.0964,0.0965,0.0965,0.0966,0.0965,0.0965,0.0966,0.0965,0.0965,0.0964,0.0965,0.0966,0.0963,0.0964,0.0964,0.0964,0.0964,0.0963,0.0965,0.0964,0.0965,0.0965,0.0962,0.0964,0.0965,0.0962,0.0964,0.0962,0.0963,0.0964,0.0964,0.0964,0.0965,0.0965,0.0963,0.0962,0.0962,0.0963,0.0963,0.0963,0.0964,0.0963,0.0962,0.0963,0.0964,0.0963,0.0963,0.0964
2;2,0.1009,0.1009,0.101,0.101,0.1011,0.1013,0.1013,0.1015,0.1013,0.1013,0.1015,0.1014,0.1014,0.1015,0.1015,0.1015,0.1017,0.1017,0.1017,0.1017,0.1013,0.1015,0.1015,0.1018,0.1021,0.1017,0.1019,0.102,0.1017,0.1018,0.1017,0.102,0.102,0.1018,0.1011,0.1025,0.1018,0.1019,0.102,0.102,0.102,0.102,0.1019,0.1019,0.1019,0.1021,0.102,0.102,0.1022,0.1022,0.1022,0.1021,0.1022,0.1023,0.1022,0.1023,0.1022,0.1022,0.1022,0.1023,0.1022,0.1022,0.1022,0.1022,0.1023,0.1022,0.1022,0.1024,0.1024,0.1024,0.1022,0.1025,0.1024,0.1022,0.1024,0.1023,0.1023,0.1024,0.1024,0.1023,0.1024,0.1024,0.1024,0.1023,0.1024,0.1023,0.1025,0.1024,0.1024,0.1024,0.1023,0.1025,0.1025,0.1024,0.1024,0.1024
2;3,0.0986,0.0985,0.0985,0.0986,0.0987,0.0987,0.0985,0.0987,0.0987,0.0985,0.0988,0.0985,0.0986,0.0985,0.0985,0.0983,0.0986,0.0987,0.0985,0.0985,0.098,0.0983,0.0983,0.0983,0.0987,0.0981,0.0984,0.0984,0.0981,0.0982,0.098,0.0985,0.0984,0.0982,0.0975,0.0988,0.0982,0.0982,0.0982,0.0981,0.0981,0.0982,0.0981,0.098,0.0979,0.098,0.098,0.0979,0.098,0.0979,0.098,0.098,0.098,0.098,0.098,0.098,0.0981,0.098,0.098,0.0979,0.0979,0.0979,0.0979,0.0978,0.0979,0.0977,0.0979,0.098,0.0979,0.0979,0.0977,0.0978,0.0979,0.0977,0.0978,0.0977,0.0977,0.0978,0.0978,0.0977,0.0977,0.0977,0.0978,0.0976,0.0977,0.0976,0.0978,0.0977,0.0978,0.0977,0.0977,0.0977,0.0978,0.0977,0.0977,0.0976
3;2,0.0961,0.0961,0.096,0.0959,0.0961,0.0962,0.0961,0.096,0.096,0.0959,0.0961,0.0959,0.0958,0.0959,0.0959,0.0957,0.0958,0.0958,0.096,0.096,0.0955,0.0955,0.0957,0.0956,0.0961,0.0957,0.0959,0.0957,0.0957,0.0958,0.096,0.0959,0.0961,0.0958,0.0957,0.0967,0.0962,0.0964,0.0969,0.0968,0.0971,0.0969,0.0975,0.0973,0.0975,0.0979,0.0981,0.0984,0.0986,0.0991,0.0992,0.0994,0.0995,0.0999,0.0998,0.1004,0.1003,0.1009,0.1011,0.1014,0.1026,0.1022,0.1028,0.1031,0.1026,0.1037,0.1045,0.1041,0.1046,0.1052,0.1059,0.1061,0.1065,0.1074,0.1076,0.1077,0.1075,0.1079,0.1098,0.1087,0.1093,0.1089,0.1095,0.109,0.111,0.1108,0.1117,0.1119,0.1122,0.1118,0.1131,0.1138,0.1134,0.1149,0.1157,0.1152
,,,,,,,,,,,,,,,,,,,,,,,,,,,,,,,,,,,,,,,,,,,,,,,,,,,,,,,,,,,,,,,,,,,,,,,,,,,,,,,,,,,,,,,,,,,,,,,,
Cycles / Well,,,,,,,,,,,,,,,,,,,,,,,,,,,,,,,,,,,,,,,,,,,,,,,,,,,,,,,,,,,,,,,,,,,,,,,,,,,,,,,,,,,,,,,,,,,,,,,,
H2,1,2,3,4,5,6,7,8,9,10,11,12,13,14,15,16,17,18,19,20,21,22,23,24,25,26,27,28,29,30,31,32,33,34,35,36,37,38,39,40,41,42,43,44,45,46,47,48,49,50,51,52,53,54,55,56,57,58,59,60,61,62,63,64,65,66,67,68,69,70,71,72,73,74,75,76,77,78,79,80,81,82,83,84,85,86,87,88,89,90,91,92,93,94,95,96
Time [s],0,1799.804,3599.705,5399.641,7199.561,8999.49,10799.409,12599.333,14399.26,16199.194,17999.109,19799.039,21598.958,23398.892,25198.808,26998.725,28798.661,30598.589,32398.489,34198.443,35998.374,37798.286,39598.224,41398.149,43198.081,44997.99,46797.917,48597.842,50397.765,52197.702,53997.621,55797.552,57597.468,59397.391,61197.317,62997.249,64797.163,66597.084,68397.028,70196.935,71996.864,73796.783,75596.71,77396.649,79196.565,80996.494,82796.414,84596.354,86396.27,88196.204,89996.112,91796.061,93595.971,95395.897,97195.829,98995.747,100795.679,102595.601,104395.534,106195.445,107995.377,109795.307,111595.236,113395.157,115195.076,116995.019,118794.937,120594.848,122394.785,124194.722,125994.648,127794.579,129594.494,131394.41,133194.341,134994.266,136794.185,138594.122,140394.047,142193.959,143993.87,145793.805,147593.724,149393.655,151193.569,152993.504,154793.443,156593.376,158393.277,160193.21,161993.13,163793.052,165592.982,167392.906,169192.831,170992.755
Temp. [°C],40.8,29.9,29.9,30,30,30.1,30,30.1,30,29.9,30,30,30,30,30,29.9,30,30,30.1,30.1,29.9,30,30,30,30.1,30.1,30,30.1,30.1,30,30,30,29.9,30.1,30,29.9,29.8,29.8,29.8,29.9,30.1,30.1,30,30.1,29.8,29.9,30,30,30,30.1,30,30,29.8,30,30,30.1,30.1,30,30.1,29.9,30,30.1,30.1,30,30,29.9,29.9,30.1,30,30,29.9,29.9,30,30,29.9,30.1,29.9,29.8,29.9,30,30,30.1,30,30,30.1,30.1,30.2,30.1,29.9,30,29.9,29.9,30.1,29.9,30,30
Mean,0.09958,0.10446,0.09992,0.09986,0.10006,0.10016,0.09988,0.09998,0.09992,0.0999,0.10012,0.09988,0.09996,0.09988,0.09982,0.0998,0.09984,0.09984,0.10008,0.09986,0.0995,0.09954,0.09974,0.09978,0.10008,0.09958,0.09978,0.09974,0.09964,0.09958,0.09958,0.09976,0.0998,0.09954,0.09892,0.10012,0.09946,0.09954,0.09948,0.09948,0.0995,0.09954,0.0995,0.09942,0.09928,0.09942,0.09928,0.0993,0.09936,0.09932,0.0993,0.09934,0.09932,0.09938,0.09926,0.0993,0.09928,0.09916,0.09938,0.09934,0.09922,0.0993,0.09926,0.0992,0.09924,0.09914,0.0993,0.09932,0.0993,0.09926,0.09916,0.09924,0.09928,0.09912,0.09926,0.09914,0.09922,0.09934,0.09938,0.09922,0.09932,0.09932,0.09928,0.09918,0.09922,0.09924,0.0994,0.0992,0.09934,0.09936,0.09928,0.09942,0.09938,0.09942,0.09942,0.09944
StDev,0.001483914,0.00720368,0.001654388,0.001721337,0.001738678,0.001700882,0.001666433,0.001702058,0.00162696,0.001734935,0.00168434,0.0017936,0.001836573,0.001769746,0.001768333,0.001762101,0.001781292,0.00187163,0.001776795,0.001809143,0.001831666,0.001839293,0.00186494,0.001861988,0.001857956,0.001868689,0.001861988,0.001932097,0.00186494,0.001948589,0.001975348,0.001836573,0.00190263,0.001942421,0.002075331,0.00201668,0.001960357,0.002065914,0.001990477,0.00199925,0.002021138,0.002034207,0.00204817,0.002021633,0.002032732,0.002068091,0.002093323,0.002062765,0.002104281,0.002099286,0.002147091,0.00208878,0.002141728,0.002158008,0.002160555,0.002145926,0.002218558,0.002273324,0.002206128,0.002247888,0.002270903,0.002279254,0.002227779,0.002278157,0.002328734,0.00229739,0.002307596,0.002297172,0.002289105,0.002328734,0.002320129,0.002279912,0.00239207,0.002342435,0.002342648,0.002355419,0.002418057,0.002355419,0.00235202,0.002353083,0.002388933,0.002356268,0.002325296,0.002373184,0.002361567,0.002401666,0.002382226,0.002338803,0.002337306,0.002362837,0.002354145,0.002344568,0.002340299,0.002290633,0.002254329,0.00226892
1;2,0.1007,0.1163,0.1014,0.1016,0.1017,0.1018,0.1017,0.1019,0.1017,0.1018,0.1021,0.1018,0.1018,0.1018,0.1017,0.1018,0.1018,0.1019,0.1021,0.1019,0.1015,0.1017,0.102,0.102,0.1023,0.1017,0.102,0.102,0.1019,0.1019,0.1018,0.102,0.1021,0.102,0.1015,0.1027,0.1018,0.1021,0.1019,0.102,0.102,0.1021,0.102,0.1019,0.1019,0.102,0.1019,0.1019,0.102,0.102,0.102,0.102,0.102,0.1021,0.102,0.102,0.1021,0.102,0.1021,0.1021,0.1021,0.1022,0.1021,0.1021,0.1022,0.102,0.1022,0.1022,0.1022,0.1022,0.102,0.1021,0.1023,0.102,0.1022,0.1021,0.1022,0.1023,0.1023,0.1022,0.1023,0.1023,0.1022,0.1021,0.1021,0.1023,0.1024,0.1021,0.1022,0.1023,0.1023,0.1023,0.1023,0.1023,0.1023,0.1022
2;1,0.1012,0.1049,0.1015,0.1013,0.1016,0.1016,0.101,0.101,0.1009,0.101,0.101,0.101,0.101,0.101,0.1009,0.1007,0.1007,0.1008,0.101,0.1007,0.1004,0.1002,0.1003,0.1003,0.1007,0.1002,0.1003,0.1003,0.1001,0.1001,0.1002,0.1001,0.1001,0.0998,0.0991,0.1002,0.0997,0.0997,0.0997,0.0994,0.0995,0.0994,0.0995,0.0992,0.0991,0.0993,0.0989,0.099,0.099,0.099,0.0988,0.0989,0.0989,0.0989,0.0986,0.0985,0.0985,0.0984,0.0986,0.0986,0.0985,0.0985,0.0984,0.0983,0.0983,0.0982,0.0984,0.0984,0.0982,0.0982,0.098,0.0981,0.0981,0.0979,0.0981,0.0979,0.0979,0.0981,0.098,0.0979,0.0979,0.0979,0.0978,0.0977,0.0976,0.0976,0.0978,0.0976,0.0977,0.0976,0.0976,0.0977,0.0976,0.0976,0.0976,0.0976
2;2,0.0998,0.1034,0.1002,0.1001,0.1004,0.1005,0.1003,0.1005,0.1004,0.1004,0.1006,0.1005,0.1009,0.1004,0.1005,0.1004,0.1006,0.1006,0.1006,0.1006,0.1003,0.1003,0.1006,0.1007,0.1009,0.1006,0.1007,0.1007,0.1005,0.1005,0.1006,0.1007,0.1008,0.1005,0.1,0.1012,0.1006,0.1007,0.1006,0.1007,0.1007,0.1008,0.1008,0.1008,0.1005,0.1007,0.1007,0.1006,0.1008,0.1007,0.1008,0.1008,0.1008,0.1009,0.1008,0.1009,0.1009,0.1008,0.1011,0.1011,0.1009,0.101,0.1009,0.1009,0.101,0.101,0.1011,0.1011,0.1011,0.1011,0.1011,0.1011,0.1012,0.1011,0.1012,0.1011,0.1013,0.1013,0.1014,0.1012,0.1014,0.1013,0.1013,0.1013,0.1014,0.1013,0.1015,0.1013,0.1015,0.1015,0.1013,0.1016,0.1015,0.1015,0.1014,0.1016
2;3,0.0986,0.1001,0.0988,0.0988,0.0989,0.0991,0.0988,0.0988,0.099,0.0988,0.0991,0.0987,0.0987,0.0988,0.0986,0.0988,0.0988,0.0987,0.0992,0.0988,0.0984,0.0986,0.0986,0.0987,0.099,0.0984,0.0987,0.0987,0.0987,0.0986,0.0986,0.0988,0.0989,0.0985,0.098,0.0991,0.0985,0.0985,0.0985,0.0985,0.0986,0.0986,0.0985,0.0985,0.0983,0.0985,0.0984,0.0985,0.0984,0.0983,0.0984,0.0983,0.0984,0.0984,0.0984,0.0985,0.0984,0.0984,0.0985,0.0984,0.0982,0.0983,0.0984,0.0983,0.0983,0.0981,0.0983,0.0984,0.0984,0.0983,0.0983,0.0983,0.0983,0.0982,0.0982,0.0981,0.0982,0.0983,0.0984,0.0981,0.0982,0.0983,0.0982,0.0981,0.0981,0.0981,0.0982,0.0981,0.0982,0.0982,0.0981,0.0982,0.0982,0.0981,0.0982,0.0982
3;2,0.0976,0.0976,0.0977,0.0975,0.0977,0.0978,0.0976,0.0977,0.0976,0.0975,0.0978,0.0974,0.0974,0.0974,0.0974,0.0973,0.0973,0.0972,0.0975,0.0973,0.0969,0.0969,0.0972,0.0972,0.0975,0.097,0.0972,0.097,0.097,0.0968,0.0967,0.0972,0.0971,0.0969,0.096,0.0974,0.0967,0.0967,0.0967,0.0968,0.0967,0.0968,0.0967,0.0967,0.0966,0.0966,0.0965,0.0965,0.0966,0.0966,0.0965,0.0967,0.0965,0.0966,0.0965,0.0966,0.0965,0.0962,0.0966,0.0965,0.0964,0.0965,0.0965,0.0964,0.0964,0.0964,0.0965,0.0965,0.0966,0.0965,0.0964,0.0966,0.0965,0.0964,0.0966,0.0965,0.0965,0.0967,0.0968,0.0967,0.0968,0.0968,0.0969,0.0967,0.0969,0.0969,0.0971,0.0969,0.0971,0.0972,0.0971,0.0973,0.0973,0.0976,0.0976,0.0976
,,,,,,,,,,,,,,,,,,,,,,,,,,,,,,,,,,,,,,,,,,,,,,,,,,,,,,,,,,,,,,,,,,,,,,,,,,,,,,,,,,,,,,,,,,,,,,,,
Cycles / Well,,,,,,,,,,,,,,,,,,,,,,,,,,,,,,,,,,,,,,,,,,,,,,,,,,,,,,,,,,,,,,,,,,,,,,,,,,,,,,,,,,,,,,,,,,,,,,,,
H3,1,2,3,4,5,6,7,8,9,10,11,12,13,14,15,16,17,18,19,20,21,22,23,24,25,26,27,28,29,30,31,32,33,34,35,36,37,38,39,40,41,42,43,44,45,46,47,48,49,50,51,52,53,54,55,56,57,58,59,60,61,62,63,64,65,66,67,68,69,70,71,72,73,74,75,76,77,78,79,80,81,82,83,84,85,86,87,88,89,90,91,92,93,94,95,96
Time [s],0,1799.804,3599.705,5399.641,7199.561,8999.49,10799.409,12599.333,14399.26,16199.194,17999.109,19799.039,21598.958,23398.892,25198.808,26998.725,28798.661,30598.589,32398.489,34198.443,35998.374,37798.286,39598.224,41398.149,43198.081,44997.99,46797.917,48597.842,50397.765,52197.702,53997.621,55797.552,57597.468,59397.391,61197.317,62997.249,64797.163,66597.084,68397.028,70196.935,71996.864,73796.783,75596.71,77396.649,79196.565,80996.494,82796.414,84596.354,86396.27,88196.204,89996.112,91796.061,93595.971,95395.897,97195.829,98995.747,100795.679,102595.601,104395.534,106195.445,107995.377,109795.307,111595.236,113395.157,115195.076,116995.019,118794.937,120594.848,122394.785,124194.722,125994.648,127794.579,129594.494,131394.41,133194.341,134994.266,136794.185,138594.122,140394.047,142193.959,143993.87,145793.805,147593.724,149393.655,151193.569,152993.504,154793.443,156593.376,158393.277,160193.21,161993.13,163793.052,165592.982,167392.906,169192.831,170992.755
Temp. [°C],40.8,29.9,29.9,30,30,30.1,30,30.1,30,29.9,30,30,30,30,30,29.9,30,30,30.1,30.1,29.9,30,30,30,30.1,30.1,30,30.1,30.1,30,30,30,29.9,30.1,30,29.9,29.8,29.8,29.8,29.9,30.1,30.1,30,30.1,29.8,29.9,30,30,30,30.1,30,30,29.8,30,30,30.1,30.1,30,30.1,29.9,30,30.1,30.1,30,30,29.9,29.9,30.1,30,30,29.9,29.9,30,30,29.9,30.1,29.9,29.8,29.9,30,30,30.1,30,30,30.1,30.1,30.2,30.1,29.9,30,29.9,29.9,30.1,29.9,30,30
Mean,0.10006,0.10246,0.10034,0.1003,0.10042,0.10056,0.10032,0.1004,0.10044,0.1003,0.10054,0.1003,0.1003,0.10034,0.10026,0.10024,0.10028,0.10034,0.10044,0.10038,0.09996,0.10004,0.10016,0.10008,0.10052,0.1,0.10022,0.10016,0.10002,0.09998,0.10008,0.10016,0.1002,0.09998,0.09944,0.10054,0.09994,0.09998,0.09996,0.09992,0.09996,0.09994,0.09992,0.09988,0.09978,0.09986,0.09976,0.09976,0.09984,0.0998,0.0998,0.0998,0.09984,0.0999,0.09982,0.0998,0.09978,0.09966,0.09986,0.0999,0.09982,0.09982,0.09978,0.09976,0.09976,0.0997,0.09988,0.0998,0.0998,0.09978,0.09972,0.0998,0.09986,0.0997,0.09986,0.09976,0.09976,0.0999,0.09996,0.0998,0.09988,0.0999,0.09984,0.09974,0.09986,0.09986,0.0999,0.09988,0.09986,0.09986,0.0999,0.09992,0.09994,0.09996,0.09994,0.09992
StDev,0.002086384,0.005760035,0.002263405,0.002413504,0.002450918,0.002543226,0.002567489,0.002504995,0.002354358,0.002468805,0.002509582,0.002448469,0.002526856,0.002528438,0.002643483,0.002517538,0.002616677,0.002619733,0.002642537,0.002628117,0.002614001,0.002650094,0.002688494,0.002716984,0.002633819,0.002620115,0.002695737,0.002702406,0.002750818,0.002704995,0.002774347,0.00275554,0.002758623,0.002704995,0.00275554,0.002831607,0.002803212,0.002877846,0.002861468,0.00286042,0.002874543,0.002954319,0.0028735,0.002936324,0.002920959,0.00291599,0.002923696,0.002966985,0.002984627,0.00303315,0.002935132,0.002969007,0.002982113,0.003008322,0.003043353,0.003025723,0.003074411,0.003063168,0.003029521,0.003042203,0.003043353,0.003032656,0.003105962,0.003090793,0.00300882,0.00304959,0.003063005,0.00311127,0.003063495,0.003044996,0.003032656,0.003041381,0.003051721,0.003052048,0.003069691,0.003059902,0.003118974,0.003040559,0.003012142,0.003079773,0.003050738,0.00305041,0.00308026,0.00308026,0.003017946,0.003007989,0.003037269,0.002925235,0.003030347,0.003059902,0.002952118,0.00295161,0.002951779,0.002902241,0.00292626,0.00291839
1;2,0.1022,0.112,0.1028,0.1031,0.1031,0.1034,0.1033,0.1032,0.1032,0.1031,0.1035,0.1031,0.1031,0.1032,0.1033,0.1031,0.1032,0.1033,0.1034,0.1034,0.1031,0.1031,0.1032,0.1032,0.1036,0.1029,0.1033,0.1034,0.1032,0.1031,0.1034,0.1034,0.1035,0.1032,0.1027,0.1039,0.1032,0.1034,0.1033,0.1033,0.1034,0.1034,0.1033,0.1033,0.1032,0.1033,0.1031,0.1032,0.1033,0.1033,0.1032,0.1032,0.1033,0.1035,0.1034,0.1034,0.1034,0.1032,0.1034,0.1035,0.1034,0.1033,0.1035,0.1034,0.1034,0.1032,0.1035,0.1035,0.1034,0.1034,0.1033,0.1033,0.1035,0.1032,0.1035,0.1034,0.1035,0.1035,0.1036,0.1034,0.1035,0.1035,0.1035,0.1034,0.1035,0.1034,0.1035,0.1033,0.1034,0.1035,0.1034,0.1034,0.1034,0.1034,0.1034,0.1033
2;1,0.1,0.1007,0.1003,0.1001,0.1003,0.1004,0.0997,0.0999,0.1001,0.0998,0.1,0.0999,0.0997,0.0999,0.0997,0.0996,0.0996,0.0997,0.0997,0.0997,0.0992,0.0991,0.0994,0.0993,0.0996,0.099,0.0992,0.0991,0.0989,0.0989,0.0989,0.0989,0.099,0.0987,0.0982,0.0992,0.0986,0.0986,0.0985,0.0985,0.0985,0.0984,0.0984,0.0982,0.0982,0.0981,0.0981,0.098,0.0981,0.0981,0.098,0.0979,0.098,0.098,0.0978,0.0978,0.0978,0.0976,0.0978,0.0979,0.0978,0.0978,0.0976,0.0977,0.0977,0.0976,0.0977,0.0975,0.0976,0.0976,0.0975,0.0975,0.0975,0.0972,0.0975,0.0973,0.0973,0.0975,0.0975,0.0973,0.0974,0.0974,0.0973,0.0972,0.0972,0.0972,0.0972,0.0972,0.0971,0.0971,0.0971,0.0971,0.0971,0.097,0.0971,0.097
2;2,0.1013,0.1026,0.1017,0.1016,0.1019,0.102,0.1019,0.102,0.1018,0.1019,0.102,0.1018,0.102,0.1019,0.1019,0.1019,0.1021,0.102,0.1022,0.1021,0.1016,0.1018,0.102,0.1019,0.1022,0.1019,0.102,0.1018,0.1019,0.1018,0.1019,0.102,0.1019,0.1017,0.1013,0.1024,0.1018,0.1019,0.1019,0.1019,0.1018,0.102,0.1019,0.1019,0.1018,0.1019,0.1019,0.1019,0.1019,0.102,0.1019,0.102,0.102,0.102,0.102,0.1019,0.102,0.1019,0.1021,0.1021,0.102,0.1021,0.102,0.102,0.1019,0.102,0.1022,0.1021,0.1021,0.102,0.102,0.1022,0.1021,0.1021,0.1022,0.1021,0.1021,0.1022,0.1022,0.1022,0.1023,0.1023,0.1022,0.1021,0.1022,0.1023,0.1023,0.1023,0.1023,0.1023,0.1023,0.1023,0.1023,0.1023,0.1023,0.1024
2;3,0.1001,0.1004,0.1001,0.1001,0.1002,0.1004,0.1002,0.1003,0.1002,0.1001,0.1004,0.1001,0.1002,0.1002,0.1001,0.1001,0.1001,0.1003,0.1004,0.1002,0.0997,0.1,0.1,0.0999,0.1005,0.1,0.1003,0.1002,0.1,0.1,0.1,0.1002,0.1003,0.1001,0.0994,0.1006,0.1001,0.1,0.1001,0.0999,0.1001,0.1,0.1,0.1001,0.0999,0.1,0.0999,0.0999,0.1001,0.0999,0.1,0.1,0.1,0.1,0.1,0.1,0.0999,0.0999,0.1,0.1,0.1,0.1,0.0999,0.0999,0.0998,0.0999,0.0999,0.0999,0.0999,0.0999,0.0998,0.0999,0.1,0.0999,0.0999,0.0998,0.0998,0.1,0.1,0.0999,0.0998,0.0999,0.0999,0.0998,0.0998,0.0998,0.0999,0.0998,0.0999,0.0998,0.0998,0.0999,0.1,0.0999,0.0999,0.0998
3;2,0.0967,0.0966,0.0968,0.0966,0.0966,0.0966,0.0965,0.0966,0.0969,0.0966,0.0968,0.0966,0.0965,0.0965,0.0963,0.0965,0.0964,0.0964,0.0965,0.0965,0.0962,0.0962,0.0962,0.0961,0.0967,0.0962,0.0963,0.0963,0.0961,0.0961,0.0962,0.0963,0.0963,0.0962,0.0956,0.0966,0.096,0.096,0.096,0.096,0.096,0.0959,0.096,0.0959,0.0958,0.096,0.0958,0.0958,0.0958,0.0957,0.0959,0.0959,0.0959,0.096,0.0959,0.0959,0.0958,0.0957,0.096,0.096,0.0959,0.0959,0.0959,0.0958,0.096,0.0958,0.0961,0.096,0.096,0.096,0.096,0.0961,0.0962,0.0961,0.0962,0.0962,0.0961,0.0963,0.0965,0.0962,0.0964,0.0964,0.0963,0.0962,0.0966,0.0966,0.0966,0.0968,0.0966,0.0966,0.0969,0.0969,0.0969,0.0972,0.097,0.0971
,,,,,,,,,,,,,,,,,,,,,,,,,,,,,,,,,,,,,,,,,,,,,,,,,,,,,,,,,,,,,,,,,,,,,,,,,,,,,,,,,,,,,,,,,,,,,,,,
Cycles / Well,,,,,,,,,,,,,,,,,,,,,,,,,,,,,,,,,,,,,,,,,,,,,,,,,,,,,,,,,,,,,,,,,,,,,,,,,,,,,,,,,,,,,,,,,,,,,,,,
H4,1,2,3,4,5,6,7,8,9,10,11,12,13,14,15,16,17,18,19,20,21,22,23,24,25,26,27,28,29,30,31,32,33,34,35,36,37,38,39,40,41,42,43,44,45,46,47,48,49,50,51,52,53,54,55,56,57,58,59,60,61,62,63,64,65,66,67,68,69,70,71,72,73,74,75,76,77,78,79,80,81,82,83,84,85,86,87,88,89,90,91,92,93,94,95,96
Time [s],0,1799.804,3599.705,5399.641,7199.561,8999.49,10799.409,12599.333,14399.26,16199.194,17999.109,19799.039,21598.958,23398.892,25198.808,26998.725,28798.661,30598.589,32398.489,34198.443,35998.374,37798.286,39598.224,41398.149,43198.081,44997.99,46797.917,48597.842,50397.765,52197.702,53997.621,55797.552,57597.468,59397.391,61197.317,62997.249,64797.163,66597.084,68397.028,70196.935,71996.864,73796.783,75596.71,77396.649,79196.565,80996.494,82796.414,84596.354,86396.27,88196.204,89996.112,91796.061,93595.971,95395.897,97195.829,98995.747,100795.679,102595.601,104395.534,106195.445,107995.377,109795.307,111595.236,113395.157,115195.076,116995.019,118794.937,120594.848,122394.785,124194.722,125994.648,127794.579,129594.494,131394.41,133194.341,134994.266,136794.185,138594.122,140394.047,142193.959,143993.87,145793.805,147593.724,149393.655,151193.569,152993.504,154793.443,156593.376,158393.277,160193.21,161993.13,163793.052,165592.982,167392.906,169192.831,170992.755
Temp. [°C],40.8,29.9,29.9,30,30,30.1,30,30.1,30,29.9,30,30,30,30,30,29.9,30,30,30.1,30.1,29.9,30,30,30,30.1,30.1,30,30.1,30.1,30,30,30,29.9,30.1,30,29.9,29.8,29.8,29.8,29.9,30.1,30.1,30,30.1,29.8,29.9,30,30,30,30.1,30,30,29.8,30,30,30.1,30.1,30,30.1,29.9,30,30.1,30.1,30,30,29.9,29.9,30.1,30,30,29.9,29.9,30,30,29.9,30.1,29.9,29.8,29.9,30,30,30.1,30,30,30.1,30.1,30.2,30.1,29.9,30,29.9,29.9,30.1,29.9,30,30
Mean,0.09946,0.10014,0.09966,0.09968,0.0998,0.09986,0.09984,0.0998,0.09976,0.09972,0.09986,0.09964,0.09964,0.0998,0.09966,0.09958,0.09974,0.09964,0.09982,0.09962,0.09922,0.09932,0.09958,0.09948,0.09984,0.09944,0.09954,0.09954,0.09936,0.09934,0.09944,0.09962,0.0996,0.09934,0.09886,0.1,0.09934,0.09938,0.09938,0.09934,0.0994,0.09942,0.09944,0.0993,0.09924,0.09936,0.09928,0.09924,0.09932,0.0993,0.09932,0.09934,0.09934,0.09932,0.09932,0.09934,0.09934,0.0992,0.0994,0.0994,0.09936,0.09938,0.09932,0.09932,0.09926,0.09924,0.09942,0.09942,0.09936,0.09936,0.09936,0.09942,0.09946,0.09932,0.09944,0.09934,0.0993,0.09946,0.09948,0.0994,0.09944,0.09946,0.09936,0.0993,0.0994,0.09948,0.09956,0.09942,0.09948,0.09948,0.0995,0.0995,0.09956,0.09956,0.09948,0.09954
StDev,0.002518531,0.003673282,0.002706104,0.002716063,0.002746816,0.002735507,0.002768212,0.002748636,0.00283249,0.00281016,0.00272727,0.002769115,0.00253535,0.002728553,0.00272727,0.002774347,0.002707951,0.002691282,0.002645184,0.002752635,0.002738065,0.002820815,0.002711457,0.002751727,0.002770018,0.002628307,0.002784421,0.002742809,0.002746452,0.002770018,0.002746452,0.002690167,0.002760435,0.002760978,0.0028369,0.002721213,0.002779928,0.002752635,0.002695737,0.00279428,0.002717536,0.002715143,0.002620687,0.00272672,0.002676378,0.002664207,0.002704995,0.002715327,0.002692954,0.002661766,0.002673387,0.002660451,0.002666083,0.002732581,0.002725252,0.002654807,0.002720845,0.002690725,0.002690725,0.002701851,0.002623547,0.002663081,0.002673387,0.002667771,0.002673574,0.002586117,0.002567489,0.002567489,0.002579341,0.002570603,0.002520516,0.002559687,0.002519524,0.002465157,0.002494594,0.002489578,0.002528834,0.002565736,0.002497399,0.002434132,0.0025006,0.002565736,0.002472448,0.002526856,0.002458658,0.002513364,0.002451122,0.002438647,0.002384743,0.002427344,0.002420744,0.002409357,0.002367066,0.002341581,0.002399375,0.002377604
1;2,0.1023,0.1057,0.103,0.1031,0.1031,0.1032,0.1033,0.1032,0.1034,0.1033,0.1033,0.1031,0.1029,0.1033,0.1031,0.1031,0.1031,0.103,0.1031,0.103,0.1026,0.1027,0.103,0.1028,0.1033,0.1028,0.103,0.1029,0.1028,0.1028,0.1028,0.103,0.1031,0.1027,0.1024,0.1034,0.1028,0.1028,0.1027,0.1028,0.1028,0.1028,0.1027,0.1027,0.1026,0.1027,0.1027,0.1026,0.1027,0.1026,0.1026,0.1026,0.1026,0.1027,0.1026,0.1026,0.1027,0.1025,0.1027,0.1027,0.1026,0.1027,0.1026,0.1026,0.1025,0.1024,0.1026,0.1026,0.1025,0.1025,0.1024,0.1026,0.1025,0.1023,0.1025,0.1023,0.1024,0.1026,0.1024,0.1023,0.1025,0.1026,0.1023,0.1023,0.1023,0.1024,0.1025,0.1023,0.1023,0.1024,0.1024,0.1023,0.1024,0.1023,0.1023,0.1023
2;1,0.0985,0.0987,0.0987,0.0986,0.0988,0.0988,0.0986,0.0986,0.0984,0.0984,0.0986,0.0983,0.0985,0.0986,0.0984,0.0981,0.0985,0.0983,0.0987,0.0983,0.0979,0.0981,0.0982,0.0981,0.0983,0.098,0.0981,0.0981,0.0977,0.0978,0.0979,0.0981,0.0981,0.0978,0.0972,0.0984,0.0976,0.0977,0.0977,0.0976,0.0976,0.0977,0.0977,0.0976,0.0975,0.0976,0.0976,0.0974,0.0975,0.0975,0.0975,0.0975,0.0974,0.0974,0.0974,0.0974,0.0974,0.0973,0.0975,0.0975,0.0974,0.0974,0.0973,0.0974,0.0974,0.0973,0.0974,0.0974,0.0974,0.0973,0.0973,0.0973,0.0973,0.0972,0.0973,0.0972,0.0972,0.0973,0.0973,0.0973,0.0972,0.0973,0.0972,0.0971,0.097,0.0971,0.0972,0.0971,0.0972,0.0972,0.0972,0.0972,0.0973,0.0972,0.097,0.0971
2;2,0.1017,0.1017,0.1018,0.1018,0.1021,0.1021,0.1021,0.1021,0.1019,0.1019,0.102,0.1019,0.1016,0.1019,0.1018,0.1018,0.102,0.1019,0.102,0.102,0.1015,0.1018,0.1018,0.1019,0.1022,0.1016,0.1019,0.1019,0.1017,0.1017,0.1018,0.1019,0.1019,0.1018,0.1013,0.1023,0.1018,0.1018,0.1018,0.1018,0.1018,0.1018,0.1018,0.1017,0.1016,0.1017,0.1016,0.1017,0.1017,0.1017,0.1018,0.1018,0.1018,0.1018,0.1019,0.1018,0.1018,0.1017,0.1019,0.1019,0.1018,0.1018,0.1018,0.1018,0.1018,0.1017,0.1018,0.1018,0.1018,0.1018,0.1018,0.1018,0.1019,0.1017,0.1018,0.1018,0.1017,0.1019,0.102,0.1018,0.1018,0.1019,0.1018,0.1018,0.1018,0.102,0.1019,0.1018,0.1018,0.1018,0.1018,0.1019,0.1018,0.1018,0.1017,0.1018
2;3,0.0986,0.0984,0.0985,0.0985,0.0986,0.0987,0.0986,0.0985,0.0987,0.0986,0.0988,0.0985,0.0985,0.0986,0.0986,0.0985,0.0985,0.0984,0.0986,0.0983,0.0981,0.098,0.0984,0.0983,0.0986,0.0982,0.0983,0.0984,0.0982,0.0981,0.0984,0.0984,0.0983,0.0981,0.0976,0.0989,0.098,0.0981,0.0981,0.0981,0.0981,0.0982,0.0981,0.098,0.0979,0.0981,0.098,0.0979,0.098,0.098,0.0979,0.098,0.0981,0.098,0.098,0.098,0.0981,0.0978,0.098,0.0981,0.0979,0.098,0.098,0.0979,0.0978,0.0977,0.098,0.098,0.098,0.0979,0.0979,0.0978,0.0979,0.0978,0.0978,0.0978,0.0977,0.0978,0.0979,0.0978,0.0978,0.0978,0.0977,0.0977,0.0978,0.0978,0.0979,0.0977,0.0978,0.0978,0.0977,0.0978,0.0978,0.0978,0.0976,0.0977
3;2,0.0962,0.0962,0.0963,0.0964,0.0964,0.0965,0.0966,0.0966,0.0964,0.0964,0.0966,0.0964,0.0967,0.0966,0.0964,0.0964,0.0966,0.0966,0.0967,0.0965,0.096,0.096,0.0965,0.0963,0.0968,0.0966,0.0964,0.0964,0.0964,0.0963,0.0963,0.0967,0.0966,0.0963,0.0958,0.097,0.0965,0.0965,0.0966,0.0964,0.0967,0.0966,0.0969,0.0965,0.0966,0.0967,0.0965,0.0966,0.0967,0.0967,0.0968,0.0968,0.0968,0.0967,0.0967,0.0969,0.0967,0.0967,0.0969,0.0968,0.0971,0.097,0.0969,0.0969,0.0968,0.0971,0.0973,0.0973,0.0971,0.0973,0.0974,0.0976,0.0977,0.0976,0.0978,0.0976,0.0975,0.0977,0.0978,0.0978,0.0979,0.0977,0.0978,0.0976,0.0981,0.0981,0.0983,0.0982,0.0983,0.0982,0.0984,0.0983,0.0985,0.0987,0.0988,0.0988
,,,,,,,,,,,,,,,,,,,,,,,,,,,,,,,,,,,,,,,,,,,,,,,,,,,,,,,,,,,,,,,,,,,,,,,,,,,,,,,,,,,,,,,,,,,,,,,,
Cycles / Well,,,,,,,,,,,,,,,,,,,,,,,,,,,,,,,,,,,,,,,,,,,,,,,,,,,,,,,,,,,,,,,,,,,,,,,,,,,,,,,,,,,,,,,,,,,,,,,,
H5,1,2,3,4,5,6,7,8,9,10,11,12,13,14,15,16,17,18,19,20,21,22,23,24,25,26,27,28,29,30,31,32,33,34,35,36,37,38,39,40,41,42,43,44,45,46,47,48,49,50,51,52,53,54,55,56,57,58,59,60,61,62,63,64,65,66,67,68,69,70,71,72,73,74,75,76,77,78,79,80,81,82,83,84,85,86,87,88,89,90,91,92,93,94,95,96
Time [s],0,1799.804,3599.705,5399.641,7199.561,8999.49,10799.409,12599.333,14399.26,16199.194,17999.109,19799.039,21598.958,23398.892,25198.808,26998.725,28798.661,30598.589,32398.489,34198.443,35998.374,37798.286,39598.224,41398.149,43198.081,44997.99,46797.917,48597.842,50397.765,52197.702,53997.621,55797.552,57597.468,59397.391,61197.317,62997.249,64797.163,66597.084,68397.028,70196.935,71996.864,73796.783,75596.71,77396.649,79196.565,80996.494,82796.414,84596.354,86396.27,88196.204,89996.112,91796.061,93595.971,95395.897,97195.829,98995.747,100795.679,102595.601,104395.534,106195.445,107995.377,109795.307,111595.236,113395.157,115195.076,116995.019,118794.937,120594.848,122394.785,124194.722,125994.648,127794.579,129594.494,131394.41,133194.341,134994.266,136794.185,138594.122,140394.047,142193.959,143993.87,145793.805,147593.724,149393.655,151193.569,152993.504,154793.443,156593.376,158393.277,160193.21,161993.13,163793.052,165592.982,167392.906,169192.831,170992.755
Temp. [°C],40.8,29.9,29.9,30,30,30.1,30,30.1,30,29.9,30,30,30,30,30,29.9,30,30,30.1,30.1,29.9,30,30,30,30.1,30.1,30,30.1,30.1,30,30,30,29.9,30.1,30,29.9,29.8,29.8,29.8,29.9,30.1,30.1,30,30.1,29.8,29.9,30,30,30,30.1,30,30,29.8,30,30,30.1,30.1,30,30.1,29.9,30,30.1,30.1,30,30,29.9,29.9,30.1,30,30,29.9,29.9,30,30,29.9,30.1,29.9,29.8,29.9,30,30,30.1,30,30,30.1,30.1,30.2,30.1,29.9,30,29.9,29.9,30.1,29.9,30,30
Mean,0.0996,0.10088,0.0999,0.09996,0.10008,0.10018,0.10014,0.10024,0.10014,0.10004,0.10022,0.10006,0.1,0.10016,0.10004,0.10002,0.10002,0.09998,0.10026,0.10008,0.09974,0.09982,0.09998,0.10008,0.10022,0.09974,0.09994,0.09992,0.09982,0.09984,0.0998,0.1001,0.09998,0.09982,0.09932,0.10044,0.09978,0.09984,0.09988,0.09984,0.09988,0.09988,0.09982,0.09976,0.0997,0.09982,0.09974,0.09968,0.09978,0.0998,0.09976,0.09976,0.09978,0.09988,0.09986,0.09984,0.09982,0.09968,0.09982,0.0998,0.09978,0.0998,0.0998,0.09978,0.09972,0.09968,0.09984,0.09982,0.09982,0.09976,0.09972,0.0998,0.09988,0.09976,0.0999,0.09976,0.09976,0.09988,0.09996,0.09974,0.09982,0.09986,0.0998,0.09976,0.09982,0.09994,0.09998,0.09986,0.0999,0.09988,0.09988,0.09998,0.1,0.10002,0.09994,0.09998
StDev,0.001802776,0.003882267,0.002061553,0.002189292,0.002107605,0.002113528,0.002129084,0.002166333,0.00211967,0.002210882,0.002237633,0.002206354,0.002205675,0.002200682,0.0022832,0.002339231,0.002318836,0.002264288,0.002336236,0.002368966,0.002408942,0.002275302,0.002454995,0.002366854,0.002378445,0.002247888,0.002350106,0.002403539,0.002433516,0.002350106,0.002454588,0.002434132,0.002393115,0.002439672,0.002457031,0.002469413,0.002485357,0.002470425,0.002477297,0.0024613,0.002477297,0.002524282,0.002531205,0.0025006,0.002546566,0.002569436,0.0025006,0.002601346,0.002601346,0.0025387,0.002484552,0.002577402,0.002515353,0.002602307,0.002571575,0.002592875,0.002609023,0.002641401,0.002609023,0.0025387,0.002596536,0.002624881,0.002620115,0.002641401,0.002659323,0.00268179,0.002715327,0.002597499,0.002593646,0.002657631,0.002641401,0.002661766,0.002628117,0.002602499,0.002656125,0.002645373,0.002645373,0.002674322,0.002593839,0.002663269,0.002637613,0.002644428,0.002656125,0.00264159,0.002540079,0.002575461,0.002537124,0.002507588,0.002606722,0.002581085,0.002540079,0.002546959,0.002614383,0.002472246,0.002536336,0.002596536
1;2,0.1019,0.1074,0.1027,0.1029,0.1029,0.103,0.1029,0.1031,0.1029,0.1029,0.1031,0.1029,0.1029,0.103,0.1031,0.103,0.1031,0.1029,0.1033,0.1032,0.1029,0.1027,0.1032,0.1031,0.1034,0.1026,0.1029,0.103,0.103,0.1029,0.1029,0.1032,0.103,0.1029,0.1024,0.1035,0.1029,0.103,0.103,0.1029,0.103,0.1031,0.103,0.1029,0.1029,0.103,0.1028,0.1029,0.103,0.1029,0.1028,0.1029,0.1029,0.1031,0.103,0.103,0.103,0.1029,0.103,0.1029,0.103,0.103,0.103,0.103,0.1031,0.1029,0.1031,0.1029,0.1029,0.103,0.1029,0.103,0.103,0.1029,0.1031,0.1029,0.1029,0.1031,0.1029,0.1029,0.103,0.103,0.103,0.1028,0.1027,0.103,0.103,0.1028,0.1029,0.1029,0.1029,0.1029,0.1031,0.1028,0.1029,0.103
2;1,0.0988,0.0992,0.099,0.0991,0.0991,0.0993,0.099,0.099,0.099,0.0988,0.0991,0.0991,0.0988,0.0991,0.0989,0.0988,0.0989,0.0987,0.099,0.0988,0.0985,0.0987,0.0987,0.0988,0.0989,0.0985,0.0987,0.0986,0.0986,0.0985,0.0983,0.0987,0.0986,0.0984,0.098,0.099,0.0983,0.0983,0.0984,0.0983,0.0984,0.0983,0.0982,0.0982,0.0981,0.0982,0.0981,0.098,0.0981,0.0982,0.0982,0.0981,0.0982,0.0981,0.0981,0.0982,0.0982,0.098,0.0982,0.0982,0.098,0.0981,0.098,0.098,0.098,0.0979,0.098,0.0981,0.0981,0.098,0.0978,0.0979,0.098,0.0978,0.098,0.0979,0.0979,0.0979,0.098,0.0978,0.0979,0.0979,0.0979,0.0979,0.0979,0.0979,0.098,0.0979,0.0979,0.0979,0.0979,0.0979,0.0979,0.0979,0.0978,0.0978
2;2,0.1011,0.1014,0.1014,0.1016,0.1017,0.1018,0.1019,0.102,0.1019,0.1019,0.1021,0.1019,0.1018,0.102,0.1018,0.102,0.1018,0.1019,0.1022,0.102,0.1017,0.1018,0.102,0.1021,0.1021,0.1017,0.102,0.102,0.1018,0.1018,0.102,0.1022,0.1021,0.102,0.1015,0.1027,0.102,0.102,0.1021,0.1021,0.1021,0.1021,0.1021,0.102,0.102,0.1022,0.1021,0.1021,0.1022,0.1022,0.1021,0.1022,0.1021,0.1023,0.1023,0.1023,0.1023,0.1022,0.1023,0.1022,0.1022,0.1023,0.1023,0.1023,0.1021,0.1023,0.1025,0.1024,0.1024,0.1023,0.1023,0.1024,0.1025,0.1023,0.1025,0.1024,0.1024,0.1025,0.1027,0.1024,0.1024,0.1025,0.1024,0.1025,0.1025,0.1025,0.1025,0.1024,0.1026,0.1025,0.1024,0.1026,0.1026,0.1026,0.1025,0.1026
2;3,0.0985,0.0986,0.0986,0.0984,0.0987,0.0987,0.0989,0.0989,0.0988,0.0987,0.0988,0.0985,0.0986,0.0987,0.0986,0.0987,0.0987,0.0986,0.0988,0.0986,0.0982,0.0983,0.0983,0.0987,0.0987,0.0983,0.0985,0.0983,0.0983,0.0984,0.0982,0.0987,0.0985,0.0982,0.0978,0.0989,0.0983,0.0983,0.0983,0.0983,0.0983,0.0983,0.0983,0.0983,0.0981,0.0982,0.0982,0.098,0.0981,0.0982,0.0982,0.0982,0.0982,0.0983,0.0983,0.0982,0.0981,0.0979,0.0981,0.0982,0.0981,0.0981,0.0981,0.0981,0.0979,0.0979,0.098,0.0981,0.098,0.098,0.098,0.0981,0.0981,0.098,0.098,0.0979,0.0979,0.098,0.0981,0.0979,0.0979,0.098,0.0979,0.0979,0.0979,0.098,0.0981,0.098,0.0979,0.0979,0.0979,0.0979,0.098,0.098,0.098,0.0979
3;2,0.0977,0.0978,0.0978,0.0978,0.098,0.0981,0.098,0.0982,0.0981,0.0979,0.098,0.0979,0.0979,0.098,0.0978,0.0976,0.0976,0.0978,0.098,0.0978,0.0974,0.0976,0.0977,0.0977,0.098,0.0976,0.0976,0.0977,0.0974,0.0976,0.0976,0.0977,0.0977,0.0976,0.0969,0.0981,0.0974,0.0976,0.0976,0.0976,0.0976,0.0976,0.0975,0.0974,0.0974,0.0975,0.0975,0.0974,0.0975,0.0975,0.0975,0.0974,0.0975,0.0976,0.0976,0.0975,0.0975,0.0974,0.0975,0.0975,0.0976,0.0975,0.0976,0.0975,0.0975,0.0974,0.0976,0.0976,0.0977,0.0975,0.0976,0.0976,0.0978,0.0978,0.0979,0.0977,0.0977,0.0979,0.0981,0.0977,0.0979,0.0979,0.0978,0.0977,0.0981,0.0983,0.0983,0.0982,0.0982,0.0982,0.0983,0.0986,0.0984,0.0988,0.0985,0.0986
,,,,,,,,,,,,,,,,,,,,,,,,,,,,,,,,,,,,,,,,,,,,,,,,,,,,,,,,,,,,,,,,,,,,,,,,,,,,,,,,,,,,,,,,,,,,,,,,
Cycles / Well,,,,,,,,,,,,,,,,,,,,,,,,,,,,,,,,,,,,,,,,,,,,,,,,,,,,,,,,,,,,,,,,,,,,,,,,,,,,,,,,,,,,,,,,,,,,,,,,
H6,1,2,3,4,5,6,7,8,9,10,11,12,13,14,15,16,17,18,19,20,21,22,23,24,25,26,27,28,29,30,31,32,33,34,35,36,37,38,39,40,41,42,43,44,45,46,47,48,49,50,51,52,53,54,55,56,57,58,59,60,61,62,63,64,65,66,67,68,69,70,71,72,73,74,75,76,77,78,79,80,81,82,83,84,85,86,87,88,89,90,91,92,93,94,95,96
Time [s],0,1799.804,3599.705,5399.641,7199.561,8999.49,10799.409,12599.333,14399.26,16199.194,17999.109,19799.039,21598.958,23398.892,25198.808,26998.725,28798.661,30598.589,32398.489,34198.443,35998.374,37798.286,39598.224,41398.149,43198.081,44997.99,46797.917,48597.842,50397.765,52197.702,53997.621,55797.552,57597.468,59397.391,61197.317,62997.249,64797.163,66597.084,68397.028,70196.935,71996.864,73796.783,75596.71,77396.649,79196.565,80996.494,82796.414,84596.354,86396.27,88196.204,89996.112,91796.061,93595.971,95395.897,97195.829,98995.747,100795.679,102595.601,104395.534,106195.445,107995.377,109795.307,111595.236,113395.157,115195.076,116995.019,118794.937,120594.848,122394.785,124194.722,125994.648,127794.579,129594.494,131394.41,133194.341,134994.266,136794.185,138594.122,140394.047,142193.959,143993.87,145793.805,147593.724,149393.655,151193.569,152993.504,154793.443,156593.376,158393.277,160193.21,161993.13,163793.052,165592.982,167392.906,169192.831,170992.755
Temp. [°C],40.8,29.9,29.9,30,30,30.1,30,30.1,30,29.9,30,30,30,30,30,29.9,30,30,30.1,30.1,29.9,30,30,30,30.1,30.1,30,30.1,30.1,30,30,30,29.9,30.1,30,29.9,29.8,29.8,29.8,29.9,30.1,30.1,30,30.1,29.8,29.9,30,30,30,30.1,30,30,29.8,30,30,30.1,30.1,30,30.1,29.9,30,30.1,30.1,30,30,29.9,29.9,30.1,30,30,29.9,29.9,30,30,29.9,30.1,29.9,29.8,29.9,30,30,30.1,30,30,30.1,30.1,30.2,30.1,29.9,30,29.9,29.9,30.1,29.9,30,30
Mean,0.09944,0.10026,0.09978,0.09974,0.09994,0.10004,0.09992,0.10008,0.1,0.09986,0.10008,0.09982,0.09982,0.09992,0.09992,0.09982,0.09992,0.0999,0.1001,0.09982,0.09956,0.09962,0.09982,0.09978,0.10008,0.0996,0.09976,0.09978,0.09964,0.09956,0.09962,0.09982,0.09978,0.09962,0.09902,0.1002,0.09954,0.0996,0.09962,0.0996,0.09962,0.09964,0.0996,0.09954,0.09944,0.09954,0.0995,0.09938,0.09954,0.0995,0.09948,0.09948,0.09952,0.09954,0.09952,0.09952,0.09952,0.09934,0.09958,0.09948,0.09942,0.09954,0.09946,0.09938,0.0994,0.09936,0.09954,0.0995,0.09946,0.09944,0.09936,0.0994,0.0995,0.09934,0.09944,0.09936,0.09934,0.09956,0.09952,0.09946,0.09938,0.09944,0.09942,0.09938,0.0994,0.09948,0.09954,0.0994,0.0995,0.09946,0.09944,0.09948,0.0995,0.0995,0.09944,0.09946
StDev,0.001971801,0.003216053,0.002427344,0.002405826,0.002502599,0.002437827,0.002525272,0.002582053,0.002535744,0.002542243,0.002558711,0.002496397,0.002563591,0.002581085,0.002611896,0.002651792,0.002614766,0.002685144,0.002679552,0.002739891,0.002665145,0.002737152,0.00274718,0.002658383,0.00266402,0.002651415,0.002702406,0.002693882,0.002730018,0.002814782,0.002767128,0.00274718,0.002758985,0.002703146,0.002704995,0.002771281,0.002827189,0.002782086,0.002737152,0.002745906,0.002739891,0.002763693,0.002804461,0.002799643,0.00281922,0.002796963,0.002768574,0.002813716,0.002855346,0.002804461,0.002777949,0.00283496,0.002828781,0.002833373,0.002806599,0.002851666,0.002887386,0.002855346,0.002777949,0.002812828,0.002828781,0.002853594,0.002857971,0.002848157,0.002873152,0.00284482,0.00283249,0.002838133,0.002821879,0.002868449,0.002857971,0.002873152,0.002873152,0.00286932,0.002888425,0.0028369,0.002848333,0.002857096,0.002822587,0.002893614,0.002937176,0.002811227,0.002858671,0.002827013,0.002815138,0.002827897,0.00279249,0.00279732,0.002759529,0.002874543,0.002757354,0.002771642,0.002777589,0.002704626,0.002812117,0.002690353
1;2,0.1016,0.1051,0.1026,0.1025,0.1028,0.1028,0.1027,0.103,0.1028,0.1027,0.103,0.1025,0.1027,0.1027,0.1027,0.1028,0.1027,0.1028,0.103,0.1028,0.1025,0.1025,0.1029,0.1027,0.1031,0.1025,0.1028,0.1028,0.1026,0.1026,0.1027,0.1029,0.1028,0.1025,0.1019,0.1032,0.1027,0.1026,0.1025,0.1025,0.1026,0.1026,0.1026,0.1026,0.1024,0.1025,0.1024,0.1024,0.1026,0.1025,0.1024,0.1024,0.1025,0.1026,0.1024,0.1025,0.1026,0.1024,0.1025,0.1024,0.1024,0.1025,0.1025,0.1024,0.1024,0.1023,0.1025,0.1025,0.1024,0.1025,0.1023,0.1024,0.1025,0.1023,0.1024,0.1023,0.1024,0.1025,0.1024,0.1024,0.1024,0.1024,0.1024,0.1022,0.1023,0.1023,0.1024,0.1022,0.1024,0.1024,0.1023,0.1023,0.1023,0.1023,0.1023,0.1022
2;1,0.0988,0.0991,0.0991,0.099,0.0993,0.0993,0.0992,0.0993,0.0993,0.099,0.0992,0.099,0.0991,0.0992,0.0991,0.0989,0.0992,0.0992,0.0992,0.0989,0.0986,0.0987,0.099,0.099,0.0993,0.0989,0.0988,0.0989,0.0987,0.0987,0.0987,0.099,0.0988,0.0987,0.0982,0.0992,0.0986,0.0985,0.0987,0.0986,0.0987,0.0987,0.0986,0.0985,0.0984,0.0985,0.0985,0.0983,0.0985,0.0985,0.0985,0.0985,0.0985,0.0984,0.0985,0.0985,0.0984,0.0983,0.0986,0.0985,0.0984,0.0985,0.0983,0.0982,0.0983,0.0984,0.0985,0.0984,0.0983,0.0983,0.0983,0.0983,0.0984,0.0983,0.0983,0.0982,0.0981,0.0984,0.0984,0.0983,0.098,0.0983,0.0982,0.0982,0.0982,0.0984,0.0984,0.0983,0.0983,0.0983,0.0982,0.0982,0.0983,0.0983,0.0981,0.0982
2;2,0.1012,0.1016,0.1018,0.1018,0.1021,0.1022,0.1022,0.1024,0.1023,0.1021,0.1024,0.1022,0.1021,0.1023,0.1024,0.1022,0.1024,0.1024,0.1026,0.1024,0.102,0.1023,0.1023,0.1022,0.1024,0.102,0.1022,0.1022,0.1022,0.1022,0.1021,0.1023,0.1024,0.1022,0.1016,0.1028,0.1021,0.1023,0.1023,0.1023,0.1022,0.1023,0.1023,0.1022,0.1022,0.1023,0.1022,0.1021,0.1023,0.1022,0.1022,0.1023,0.1023,0.1023,0.1024,0.1023,0.1023,0.1021,0.1023,0.1023,0.1022,0.1024,0.1023,0.1022,0.1023,0.1022,0.1024,0.1023,0.1023,0.1023,0.1023,0.1023,0.1024,0.1023,0.1024,0.1023,0.1022,0.1025,0.1025,0.1025,0.1025,0.1023,0.1024,0.1024,0.1024,0.1025,0.1025,0.1024,0.1024,0.1025,0.1024,0.1025,0.1025,0.1024,0.1025,0.1024
2;3,0.0988,0.0988,0.0988,0.0988,0.0988,0.099,0.0989,0.0989,0.0989,0.099,0.0989,0.0988,0.0987,0.0989,0.0989,0.0988,0.0988,0.0987,0.0991,0.0987,0.0986,0.0985,0.0986,0.0987,0.099,0.0985,0.0987,0.0987,0.0986,0.0984,0.0986,0.0986,0.0986,0.0986,0.0979,0.0992,0.0984,0.0985,0.0985,0.0985,0.0985,0.0985,0.0985,0.0984,0.0984,0.0984,0.0985,0.0983,0.0984,0.0984,0.0984,0.0984,0.0984,0.0984,0.0983,0.0985,0.0985,0.0982,0.0985,0.0983,0.0983,0.0984,0.0983,0.0983,0.0982,0.0982,0.0983,0.0984,0.0984,0.0982,0.0981,0.0982,0.0983,0.098,0.0983,0.0981,0.0981,0.0984,0.0982,0.0982,0.0981,0.0982,0.0981,0.0982,0.098,0.0982,0.0982,0.0981,0.0981,0.0981,0.098,0.0981,0.0982,0.0981,0.0981,0.0981
3;2,0.0968,0.0967,0.0966,0.0966,0.0967,0.0969,0.0966,0.0968,0.0967,0.0965,0.0969,0.0966,0.0965,0.0965,0.0965,0.0964,0.0965,0.0964,0.0966,0.0963,0.0961,0.0961,0.0963,0.0963,0.0966,0.0961,0.0963,0.0963,0.0961,0.0959,0.096,0.0963,0.0963,0.0961,0.0955,0.0966,0.0959,0.0961,0.0961,0.0961,0.0961,0.0961,0.096,0.096,0.0958,0.096,0.0959,0.0958,0.0959,0.0959,0.0959,0.0958,0.0959,0.096,0.096,0.0958,0.0958,0.0957,0.096,0.0959,0.0958,0.0959,0.0959,0.0958,0.0958,0.0957,0.096,0.0959,0.0959,0.0959,0.0958,0.0958,0.0959,0.0958,0.0958,0.0959,0.0959,0.096,0.0961,0.0959,0.0959,0.096,0.096,0.0959,0.0961,0.096,0.0962,0.096,0.0963,0.096,0.0963,0.0963,0.0962,0.0964,0.0962,0.0964
,,,,,,,,,,,,,,,,,,,,,,,,,,,,,,,,,,,,,,,,,,,,,,,,,,,,,,,,,,,,,,,,,,,,,,,,,,,,,,,,,,,,,,,,,,,,,,,,
Cycles / Well,,,,,,,,,,,,,,,,,,,,,,,,,,,,,,,,,,,,,,,,,,,,,,,,,,,,,,,,,,,,,,,,,,,,,,,,,,,,,,,,,,,,,,,,,,,,,,,,
H7,1,2,3,4,5,6,7,8,9,10,11,12,13,14,15,16,17,18,19,20,21,22,23,24,25,26,27,28,29,30,31,32,33,34,35,36,37,38,39,40,41,42,43,44,45,46,47,48,49,50,51,52,53,54,55,56,57,58,59,60,61,62,63,64,65,66,67,68,69,70,71,72,73,74,75,76,77,78,79,80,81,82,83,84,85,86,87,88,89,90,91,92,93,94,95,96
Time [s],0,1799.804,3599.705,5399.641,7199.561,8999.49,10799.409,12599.333,14399.26,16199.194,17999.109,19799.039,21598.958,23398.892,25198.808,26998.725,28798.661,30598.589,32398.489,34198.443,35998.374,37798.286,39598.224,41398.149,43198.081,44997.99,46797.917,48597.842,50397.765,52197.702,53997.621,55797.552,57597.468,59397.391,61197.317,62997.249,64797.163,66597.084,68397.028,70196.935,71996.864,73796.783,75596.71,77396.649,79196.565,80996.494,82796.414,84596.354,86396.27,88196.204,89996.112,91796.061,93595.971,95395.897,97195.829,98995.747,100795.679,102595.601,104395.534,106195.445,107995.377,109795.307,111595.236,113395.157,115195.076,116995.019,118794.937,120594.848,122394.785,124194.722,125994.648,127794.579,129594.494,131394.41,133194.341,134994.266,136794.185,138594.122,140394.047,142193.959,143993.87,145793.805,147593.724,149393.655,151193.569,152993.504,154793.443,156593.376,158393.277,160193.21,161993.13,163793.052,165592.982,167392.906,169192.831,170992.755
Temp. [°C],40.8,29.9,29.9,30,30,30.1,30,30.1,30,29.9,30,30,30,30,30,29.9,30,30,30.1,30.1,29.9,30,30,30,30.1,30.1,30,30.1,30.1,30,30,30,29.9,30.1,30,29.9,29.8,29.8,29.8,29.9,30.1,30.1,30,30.1,29.8,29.9,30,30,30,30.1,30,30,29.8,30,30,30.1,30.1,30,30.1,29.9,30,30.1,30.1,30,30,29.9,29.9,30.1,30,30,29.9,29.9,30,30,29.9,30.1,29.9,29.8,29.9,30,30,30.1,30,30,30.1,30.1,30.2,30.1,29.9,30,29.9,29.9,30.1,29.9,30,30
Mean,0.10014,0.1006,0.10034,0.10032,0.10038,0.10052,0.10042,0.10058,0.10042,0.1003,0.10052,0.10042,0.10026,0.10046,0.10032,0.10032,0.10036,0.10032,0.10052,0.10034,0.09996,0.10008,0.10024,0.10036,0.10052,0.10012,0.10026,0.10024,0.1001,0.10014,0.10004,0.10026,0.10026,0.10008,0.0995,0.10066,0.10002,0.10008,0.10006,0.10004,0.10006,0.10004,0.1001,0.1,0.09994,0.10004,0.09996,0.09984,0.09996,0.09998,0.09994,0.09996,0.09998,0.10002,0.09996,0.09996,0.09988,0.0998,0.09998,0.09998,0.09986,0.09994,0.09996,0.0999,0.09984,0.09982,0.09998,0.09994,0.09996,0.09994,0.09984,0.09988,0.09996,0.0998,0.09992,0.09982,0.09986,0.09992,0.1,0.0999,0.09992,0.09992,0.09986,0.09982,0.09986,0.0999,0.09992,0.09986,0.09982,0.09986,0.0998,0.0999,0.0999,0.0999,0.09984,0.09978
StDev,0.000838451,0.0019,0.001448447,0.001505656,0.001493988,0.001548225,0.001531992,0.001657408,0.001595932,0.001689675,0.001841738,0.001694698,0.001752997,0.0017358,0.001860645,0.00173407,0.00195269,0.00188202,0.001940876,0.001916507,0.001903418,0.001922758,0.002001999,0.002035436,0.002058397,0.001975348,0.002105469,0.00204646,0.00199875,0.002069541,0.002069541,0.002080385,0.002103093,0.002137054,0.002070024,0.002109028,0.002190205,0.002208393,0.002174396,0.002207487,0.002198409,0.002250111,0.002247221,0.002247221,0.002234502,0.002326585,0.002240089,0.002345847,0.002358601,0.002391025,0.002366009,0.002388095,0.00239729,0.002387886,0.002394368,0.002457234,0.002494394,0.002462722,0.002457031,0.002519325,0.002463331,0.00253239,0.002520516,0.0025387,0.002556951,0.002519325,0.002519325,0.002594802,0.002593839,0.002600577,0.002589015,0.002639508,0.002713485,0.00257779,0.002616677,0.002663081,0.002676378,0.002608064,0.002632489,0.00272672,0.002686447,0.002729835,0.00272727,0.002723417,0.002703331,0.002760435,0.002781546,0.002744631,0.002781546,0.002744631,0.002752272,0.002812472,0.002795532,0.002728553,0.002803212,0.002802142
1;2,0.1012,0.1037,0.1024,0.1025,0.1025,0.1027,0.1026,0.1029,0.1027,0.1027,0.1032,0.1028,0.1027,0.103,0.1029,0.1028,0.103,0.1029,0.1031,0.103,0.1026,0.1027,0.103,0.1032,0.1033,0.1027,0.1031,0.103,0.1028,0.1029,0.1028,0.1031,0.1031,0.103,0.1022,0.1034,0.1029,0.103,0.1029,0.1029,0.1029,0.103,0.103,0.1029,0.1028,0.103,0.1029,0.1028,0.103,0.1031,0.103,0.103,0.103,0.103,0.103,0.1031,0.103,0.1029,0.103,0.1031,0.1029,0.1031,0.1032,0.103,0.1031,0.103,0.1031,0.1031,0.1032,0.1032,0.103,0.1031,0.1033,0.1029,0.103,0.1031,0.1031,0.1031,0.1032,0.1032,0.1031,0.1032,0.103,0.1031,0.1031,0.1032,0.1032,0.1031,0.1031,0.1031,0.103,0.1032,0.1032,0.1031,0.1031,0.1031
2;1,0.1005,0.1005,0.1004,0.1002,0.1004,0.1004,0.1001,0.1002,0.1,0.0998,0.1001,0.1002,0.0998,0.1,0.0999,0.1,0.0999,0.0999,0.1003,0.0999,0.0993,0.0996,0.0997,0.0997,0.1,0.0997,0.0997,0.0996,0.0995,0.0995,0.0993,0.0996,0.0996,0.0993,0.0987,0.1,0.0993,0.0992,0.0993,0.0992,0.0993,0.0991,0.0994,0.0992,0.099,0.099,0.0991,0.099,0.0989,0.0989,0.0989,0.0988,0.099,0.0989,0.0987,0.0987,0.0987,0.0986,0.0988,0.0988,0.0987,0.0988,0.0987,0.0987,0.0985,0.0986,0.0988,0.0986,0.0987,0.0987,0.0986,0.0986,0.0986,0.0984,0.0986,0.0985,0.0985,0.0985,0.0987,0.0985,0.0985,0.0984,0.0984,0.0984,0.0985,0.0984,0.0984,0.0983,0.0983,0.0983,0.0983,0.0984,0.0983,0.0984,0.0983,0.0982
2;2,0.1004,0.1006,0.1008,0.1008,0.1008,0.1012,0.1011,0.1014,0.1012,0.1011,0.1013,0.1012,0.1012,0.1011,0.1013,0.101,0.1014,0.1013,0.1016,0.1013,0.101,0.1012,0.1013,0.1014,0.1016,0.1013,0.1014,0.1014,0.1012,0.1014,0.1013,0.1014,0.1015,0.1013,0.1009,0.102,0.1014,0.1015,0.1015,0.1015,0.1015,0.1015,0.1016,0.1015,0.1015,0.1017,0.1014,0.1015,0.1016,0.1016,0.1016,0.1017,0.1017,0.1018,0.1017,0.1017,0.1017,0.1016,0.1019,0.1019,0.1017,0.1018,0.1018,0.1019,0.1017,0.1017,0.1019,0.102,0.1019,0.1019,0.1019,0.102,0.1021,0.1019,0.1021,0.1019,0.102,0.102,0.1021,0.1021,0.1022,0.1022,0.1022,0.1021,0.1021,0.1022,0.1023,0.1022,0.1022,0.1022,0.1022,0.1023,0.1023,0.1023,0.1023,0.1022
2;3,0.0995,0.0995,0.0996,0.0997,0.0998,0.0997,0.0998,0.0999,0.0997,0.0997,0.0997,0.0996,0.0995,0.0999,0.0995,0.0997,0.0997,0.0996,0.0996,0.0996,0.0993,0.0992,0.0995,0.0997,0.0999,0.0994,0.0996,0.0996,0.0995,0.0994,0.0994,0.0996,0.0995,0.0994,0.0988,0.1,0.0993,0.0994,0.0993,0.0994,0.0994,0.0994,0.0993,0.0993,0.0993,0.0994,0.0993,0.0991,0.0993,0.0993,0.0992,0.0993,0.0993,0.0994,0.0994,0.0994,0.0993,0.0992,0.0993,0.0993,0.0993,0.0993,0.0992,0.0992,0.0992,0.0991,0.0993,0.0993,0.0993,0.0992,0.0991,0.0991,0.0992,0.0992,0.0993,0.0991,0.0992,0.0993,0.0993,0.0992,0.0992,0.0992,0.0993,0.099,0.0991,0.0992,0.0992,0.0992,0.0991,0.0992,0.0991,0.0992,0.0992,0.0991,0.0991,0.099
3;2,0.0991,0.0987,0.0985,0.0984,0.0984,0.0986,0.0985,0.0985,0.0985,0.0982,0.0983,0.0983,0.0981,0.0983,0.098,0.0981,0.0978,0.0979,0.098,0.0979,0.0976,0.0977,0.0977,0.0978,0.0978,0.0975,0.0975,0.0976,0.0975,0.0975,0.0974,0.0976,0.0976,0.0974,0.0969,0.0979,0.0972,0.0973,0.0973,0.0972,0.0972,0.0972,0.0972,0.0971,0.0971,0.0971,0.0971,0.0968,0.097,0.097,0.097,0.097,0.0969,0.097,0.097,0.0969,0.0967,0.0967,0.0969,0.0968,0.0967,0.0967,0.0969,0.0967,0.0967,0.0967,0.0968,0.0967,0.0967,0.0967,0.0966,0.0966,0.0966,0.0966,0.0966,0.0965,0.0965,0.0967,0.0967,0.0965,0.0966,0.0966,0.0964,0.0965,0.0965,0.0965,0.0965,0.0965,0.0964,0.0965,0.0964,0.0964,0.0965,0.0966,0.0964,0.0964
,,,,,,,,,,,,,,,,,,,,,,,,,,,,,,,,,,,,,,,,,,,,,,,,,,,,,,,,,,,,,,,,,,,,,,,,,,,,,,,,,,,,,,,,,,,,,,,,
Cycles / Well,,,,,,,,,,,,,,,,,,,,,,,,,,,,,,,,,,,,,,,,,,,,,,,,,,,,,,,,,,,,,,,,,,,,,,,,,,,,,,,,,,,,,,,,,,,,,,,,
H8,1,2,3,4,5,6,7,8,9,10,11,12,13,14,15,16,17,18,19,20,21,22,23,24,25,26,27,28,29,30,31,32,33,34,35,36,37,38,39,40,41,42,43,44,45,46,47,48,49,50,51,52,53,54,55,56,57,58,59,60,61,62,63,64,65,66,67,68,69,70,71,72,73,74,75,76,77,78,79,80,81,82,83,84,85,86,87,88,89,90,91,92,93,94,95,96
Time [s],0,1799.804,3599.705,5399.641,7199.561,8999.49,10799.409,12599.333,14399.26,16199.194,17999.109,19799.039,21598.958,23398.892,25198.808,26998.725,28798.661,30598.589,32398.489,34198.443,35998.374,37798.286,39598.224,41398.149,43198.081,44997.99,46797.917,48597.842,50397.765,52197.702,53997.621,55797.552,57597.468,59397.391,61197.317,62997.249,64797.163,66597.084,68397.028,70196.935,71996.864,73796.783,75596.71,77396.649,79196.565,80996.494,82796.414,84596.354,86396.27,88196.204,89996.112,91796.061,93595.971,95395.897,97195.829,98995.747,100795.679,102595.601,104395.534,106195.445,107995.377,109795.307,111595.236,113395.157,115195.076,116995.019,118794.937,120594.848,122394.785,124194.722,125994.648,127794.579,129594.494,131394.41,133194.341,134994.266,136794.185,138594.122,140394.047,142193.959,143993.87,145793.805,147593.724,149393.655,151193.569,152993.504,154793.443,156593.376,158393.277,160193.21,161993.13,163793.052,165592.982,167392.906,169192.831,170992.755
Temp. [°C],40.8,29.9,29.9,30,30,30.1,30,30.1,30,29.9,30,30,30,30,30,29.9,30,30,30.1,30.1,29.9,30,30,30,30.1,30.1,30,30.1,30.1,30,30,30,29.9,30.1,30,29.9,29.8,29.8,29.8,29.9,30.1,30.1,30,30.1,29.8,29.9,30,30,30,30.1,30,30,29.8,30,30,30.1,30.1,30,30.1,29.9,30,30.1,30.1,30,30,29.9,29.9,30.1,30,30,29.9,29.9,30,30,29.9,30.1,29.9,29.8,29.9,30,30,30.1,30,30,30.1,30.1,30.2,30.1,29.9,30,29.9,29.9,30.1,29.9,30,30
Mean,0.1047,0.1049,0.1049,0.10488,0.10498,0.10504,0.10506,0.10514,0.1051,0.10498,0.10522,0.10504,0.10496,0.10504,0.10492,0.10494,0.105,0.10492,0.10518,0.10508,0.10462,0.10472,0.10488,0.10502,0.1052,0.10484,0.10494,0.1049,0.10478,0.10472,0.10484,0.105,0.10496,0.10482,0.1042,0.10536,0.10468,0.10478,0.10476,0.10474,0.10474,0.10478,0.10476,0.10468,0.1046,0.10474,0.10464,0.10458,0.10468,0.10466,0.10466,0.10464,0.10468,0.10474,0.10474,0.10482,0.10476,0.10462,0.10482,0.10476,0.10472,0.10466,0.10472,0.1047,0.1047,0.10454,0.10472,0.10474,0.10478,0.10474,0.10466,0.1047,0.10476,0.10464,0.10474,0.10468,0.10466,0.1048,0.10486,0.10468,0.10468,0.10478,0.10474,0.10468,0.10466,0.10478,0.10478,0.10472,0.10474,0.10476,0.10474,0.10484,0.10478,0.1048,0.10476,0.10474
StDev,0.003691206,0.003950949,0.003815102,0.003848636,0.003775844,0.003966485,0.003774652,0.003775977,0.003937004,0.003887416,0.003873887,0.003768687,0.00382923,0.003866911,0.003848636,0.003855256,0.003922372,0.003886772,0.003887416,0.003944236,0.003842135,0.003834971,0.003898333,0.003900897,0.003854218,0.003866911,0.003834449,0.003781534,0.003796972,0.00389063,0.003855256,0.003855516,0.003835101,0.003875822,0.0037343,0.00393103,0.003855775,0.003870013,0.003838359,0.003874661,0.003874661,0.003859015,0.003838359,0.003859015,0.003836014,0.003823349,0.003874661,0.003866135,0.003862253,0.003895895,0.003859145,0.003878531,0.003870013,0.003826617,0.003789195,0.00377187,0.003848116,0.003868074,0.00382714,0.00380434,0.00383888,0.003855256,0.00382714,0.003894226,0.00385746,0.00385331,0.00383888,0.00386044,0.003840182,0.003820733,0.003789855,0.003768952,0.003783253,0.003772002,0.003820733,0.003820602,0.003785895,0.003881366,0.003772002,0.003824526,0.003741256,0.003736576,0.00381615,0.00381143,0.003766696,0.003725856,0.003755263,0.003760585,0.003763376,0.003723305,0.00377399,0.00374473,0.003783781,0.003731622,0.003746732,0.00368958
1;2,0.1069,0.1078,0.1073,0.1073,0.1073,0.1076,0.1076,0.1076,0.1075,0.1074,0.1076,0.1073,0.1074,0.1074,0.1073,0.1073,0.1074,0.1073,0.1076,0.1074,0.1072,0.1071,0.1074,0.1075,0.1076,0.1072,0.1072,0.1072,0.1072,0.1072,0.1072,0.1074,0.1073,0.1072,0.1065,0.1076,0.107,0.1071,0.107,0.107,0.107,0.107,0.107,0.1069,0.1069,0.107,0.1069,0.1067,0.1069,0.1069,0.1069,0.1068,0.107,0.1069,0.1069,0.1069,0.1069,0.1067,0.1069,0.1069,0.1069,0.1069,0.1068,0.1069,0.1069,0.1068,0.1069,0.1069,0.107,0.1069,0.1067,0.1068,0.107,0.1067,0.1069,0.1068,0.1068,0.1069,0.1069,0.1068,0.1067,0.1068,0.1067,0.1067,0.1066,0.1067,0.1068,0.1067,0.1067,0.1067,0.1068,0.1068,0.1067,0.1067,0.1067,0.1065
2;1,0.1075,0.1076,0.1077,0.1077,0.1077,0.1079,0.1078,0.1077,0.1079,0.1079,0.1081,0.1077,0.1078,0.1079,0.1077,0.1077,0.1078,0.1078,0.1081,0.1081,0.1074,0.1075,0.1077,0.1077,0.1081,0.1077,0.1077,0.1076,0.1075,0.1073,0.1076,0.1078,0.1077,0.1076,0.1067,0.1083,0.1074,0.1075,0.1076,0.1075,0.1075,0.1076,0.1076,0.1075,0.1073,0.1074,0.1074,0.1074,0.1074,0.1074,0.1073,0.1075,0.1074,0.1075,0.1074,0.1076,0.1075,0.1074,0.1076,0.1076,0.1074,0.1074,0.1075,0.1075,0.1074,0.1072,0.1074,0.1074,0.1074,0.1074,0.1074,0.1074,0.1073,0.1073,0.1074,0.1074,0.1073,0.1075,0.1075,0.1073,0.1072,0.1074,0.1074,0.1074,0.1072,0.1074,0.1074,0.1073,0.1073,0.1074,0.1073,0.1074,0.1074,0.1074,0.1073,0.1073
2;2,0.1076,0.1078,0.1079,0.1079,0.108,0.1081,0.1079,0.1082,0.1083,0.108,0.1083,0.1082,0.1079,0.1081,0.108,0.1081,0.1082,0.108,0.1082,0.1082,0.1075,0.1078,0.1079,0.1082,0.1082,0.1079,0.1081,0.108,0.1078,0.108,0.108,0.1081,0.1081,0.108,0.1074,0.1086,0.1079,0.108,0.1079,0.108,0.108,0.108,0.1079,0.1079,0.1078,0.108,0.1079,0.1079,0.108,0.108,0.108,0.1079,0.1079,0.108,0.108,0.108,0.1081,0.108,0.1081,0.1079,0.108,0.1079,0.108,0.108,0.108,0.1078,0.108,0.1081,0.1081,0.108,0.1079,0.1079,0.108,0.1079,0.108,0.1079,0.1079,0.1082,0.1081,0.108,0.108,0.108,0.1081,0.108,0.108,0.108,0.108,0.108,0.1081,0.108,0.108,0.1081,0.1081,0.108,0.1081,0.108
2;3,0.0997,0.0996,0.0998,0.0997,0.0998,0.0996,0.1,0.1,0.0997,0.0998,0.1001,0.1,0.0998,0.0998,0.0997,0.0998,0.0997,0.0997,0.1,0.0998,0.0994,0.0996,0.0996,0.0997,0.1001,0.0996,0.0997,0.0998,0.0997,0.0995,0.0997,0.0999,0.0998,0.0997,0.0992,0.1001,0.0995,0.0995,0.0996,0.0995,0.0995,0.0996,0.0996,0.0995,0.0994,0.0996,0.0994,0.0994,0.0995,0.0994,0.0994,0.0994,0.0994,0.0996,0.0996,0.0997,0.0996,0.0994,0.0996,0.0996,0.0994,0.0994,0.0995,0.0994,0.0994,0.0992,0.0994,0.0994,0.0995,0.0994,0.0994,0.0995,0.0995,0.0994,0.0994,0.0993,0.0994,0.0994,0.0995,0.0993,0.0994,0.0995,0.0993,0.0994,0.0992,0.0994,0.0994,0.0993,0.0994,0.0995,0.0993,0.0994,0.0993,0.0993,0.0994,0.0993
3;2,0.1018,0.1017,0.1018,0.1018,0.1021,0.102,0.102,0.1022,0.1021,0.1018,0.102,0.102,0.1019,0.102,0.1019,0.1018,0.1019,0.1018,0.102,0.1019,0.1016,0.1016,0.1018,0.102,0.102,0.1018,0.102,0.1019,0.1017,0.1016,0.1017,0.1018,0.1019,0.1016,0.1012,0.1022,0.1016,0.1018,0.1017,0.1017,0.1017,0.1017,0.1017,0.1016,0.1016,0.1017,0.1016,0.1015,0.1016,0.1016,0.1017,0.1016,0.1017,0.1017,0.1018,0.1019,0.1017,0.1016,0.1019,0.1018,0.1019,0.1017,0.1018,0.1017,0.1018,0.1017,0.1019,0.1019,0.1019,0.102,0.1019,0.1019,0.102,0.1019,0.102,0.102,0.1019,0.102,0.1023,0.102,0.1021,0.1022,0.1022,0.1019,0.1023,0.1024,0.1023,0.1023,0.1022,0.1022,0.1023,0.1025,0.1024,0.1026,0.1023,0.1026
,,,,,,,,,,,,,,,,,,,,,,,,,,,,,,,,,,,,,,,,,,,,,,,,,,,,,,,,,,,,,,,,,,,,,,,,,,,,,,,,,,,,,,,,,,,,,,,,
Cycles / Well,,,,,,,,,,,,,,,,,,,,,,,,,,,,,,,,,,,,,,,,,,,,,,,,,,,,,,,,,,,,,,,,,,,,,,,,,,,,,,,,,,,,,,,,,,,,,,,,
H9,1,2,3,4,5,6,7,8,9,10,11,12,13,14,15,16,17,18,19,20,21,22,23,24,25,26,27,28,29,30,31,32,33,34,35,36,37,38,39,40,41,42,43,44,45,46,47,48,49,50,51,52,53,54,55,56,57,58,59,60,61,62,63,64,65,66,67,68,69,70,71,72,73,74,75,76,77,78,79,80,81,82,83,84,85,86,87,88,89,90,91,92,93,94,95,96
Time [s],0,1799.804,3599.705,5399.641,7199.561,8999.49,10799.409,12599.333,14399.26,16199.194,17999.109,19799.039,21598.958,23398.892,25198.808,26998.725,28798.661,30598.589,32398.489,34198.443,35998.374,37798.286,39598.224,41398.149,43198.081,44997.99,46797.917,48597.842,50397.765,52197.702,53997.621,55797.552,57597.468,59397.391,61197.317,62997.249,64797.163,66597.084,68397.028,70196.935,71996.864,73796.783,75596.71,77396.649,79196.565,80996.494,82796.414,84596.354,86396.27,88196.204,89996.112,91796.061,93595.971,95395.897,97195.829,98995.747,100795.679,102595.601,104395.534,106195.445,107995.377,109795.307,111595.236,113395.157,115195.076,116995.019,118794.937,120594.848,122394.785,124194.722,125994.648,127794.579,129594.494,131394.41,133194.341,134994.266,136794.185,138594.122,140394.047,142193.959,143993.87,145793.805,147593.724,149393.655,151193.569,152993.504,154793.443,156593.376,158393.277,160193.21,161993.13,163793.052,165592.982,167392.906,169192.831,170992.755
Temp. [°C],40.8,29.9,29.9,30,30,30.1,30,30.1,30,29.9,30,30,30,30,30,29.9,30,30,30.1,30.1,29.9,30,30,30,30.1,30.1,30,30.1,30.1,30,30,30,29.9,30.1,30,29.9,29.8,29.8,29.8,29.9,30.1,30.1,30,30.1,29.8,29.9,30,30,30,30.1,30,30,29.8,30,30,30.1,30.1,30,30.1,29.9,30,30.1,30.1,30,30,29.9,29.9,30.1,30,30,29.9,29.9,30,30,29.9,30.1,29.9,29.8,29.9,30,30,30.1,30,30,30.1,30.1,30.2,30.1,29.9,30,29.9,29.9,30.1,29.9,30,30
Mean,0.1005,0.10038,0.10052,0.10048,0.1006,0.10068,0.10058,0.10068,0.10054,0.10056,0.10068,0.1005,0.10064,0.10068,0.1005,0.10046,0.10058,0.10062,0.10074,0.10056,0.10022,0.10026,0.10046,0.1006,0.1008,0.10042,0.10054,0.10044,0.10038,0.10044,0.10042,0.10054,0.10066,0.10034,0.09982,0.10096,0.1004,0.10042,0.1004,0.1004,0.10036,0.10042,0.10036,0.10028,0.10024,0.10028,0.1002,0.10024,0.1003,0.10032,0.10032,0.1003,0.1003,0.10038,0.1003,0.10034,0.1003,0.1002,0.1004,0.1003,0.10024,0.10032,0.1003,0.10024,0.10016,0.10012,0.10038,0.10036,0.10028,0.10028,0.10026,0.10036,0.1004,0.1002,0.10032,0.10036,0.10028,0.1004,0.10042,0.10028,0.10036,0.10036,0.1003,0.10022,0.10036,0.10038,0.10038,0.10032,0.10034,0.1003,0.10034,0.10038,0.1004,0.10042,0.10038,0.1004
StDev,0.0031233,0.003314664,0.003340958,0.00329803,0.003376389,0.003418625,0.003288161,0.003244534,0.003315569,0.003300455,0.003383342,0.003376389,0.003176948,0.003312401,0.003305299,0.003242376,0.003217452,0.003336465,0.003244688,0.003222266,0.003264506,0.003287552,0.003271544,0.003167807,0.003217142,0.00309144,0.003176948,0.003153252,0.003088203,0.003180094,0.003178364,0.003183237,0.003098871,0.003176948,0.003136399,0.003114964,0.003055323,0.003130815,0.003142451,0.00310564,0.003088365,0.003130815,0.003088365,0.003030182,0.003063168,0.003031006,0.00305041,0.003051721,0.003046309,0.002981107,0.002932917,0.003009153,0.002952118,0.003016123,0.00296395,0.002973718,0.002954657,0.00295973,0.002952118,0.002950424,0.002866705,0.002943977,0.00287663,0.002959392,0.002944996,0.002927798,0.00283496,0.002899655,0.002878715,0.002913246,0.002810338,0.00281922,0.002775788,0.002816026,0.002768935,0.002789803,0.002752635,0.00272672,0.002723417,0.002752635,0.002685703,0.002698703,0.002744995,0.002751727,0.002686634,0.002728003,0.002684586,0.002705919,0.002711642,0.00272305,0.002616868,0.002605187,0.002651415,0.002587856,0.002632869,0.002554408
1;2,0.1032,0.1036,0.1038,0.1038,0.104,0.1041,0.1038,0.1038,0.1038,0.1039,0.1041,0.1039,0.104,0.1042,0.1039,0.1037,0.1038,0.1041,0.1039,0.1038,0.1036,0.1036,0.1038,0.1038,0.1041,0.1036,0.1037,0.1036,0.1035,0.1037,0.1037,0.1038,0.1038,0.1035,0.1029,0.104,0.1035,0.1036,0.1036,0.1035,0.1035,0.1036,0.1035,0.1033,0.1033,0.1033,0.1032,0.1034,0.1034,0.1033,0.1033,0.1033,0.1033,0.1034,0.1032,0.1032,0.1032,0.1031,0.1034,0.1033,0.1031,0.1032,0.1031,0.1032,0.103,0.1031,0.1032,0.1033,0.1032,0.1033,0.103,0.1031,0.1032,0.1031,0.103,0.1031,0.103,0.1031,0.1031,0.103,0.103,0.103,0.1029,0.103,0.1029,0.103,0.1029,0.1029,0.1031,0.1028,0.1028,0.1029,0.1029,0.1029,0.1029,0.1027
2;1,0.0981,0.0979,0.0979,0.0978,0.0979,0.098,0.098,0.0982,0.0979,0.0978,0.098,0.0978,0.0979,0.098,0.0978,0.0979,0.098,0.0979,0.0983,0.0982,0.0975,0.0976,0.0978,0.0981,0.0983,0.0978,0.0981,0.098,0.0978,0.0978,0.0978,0.098,0.0981,0.0979,0.0973,0.0984,0.0978,0.0978,0.0978,0.0977,0.0977,0.0978,0.0977,0.0977,0.0976,0.0978,0.0977,0.0976,0.0977,0.0977,0.0977,0.0977,0.0977,0.0977,0.0977,0.0977,0.0979,0.0975,0.0978,0.0978,0.0977,0.0977,0.0975,0.0977,0.0976,0.0975,0.0977,0.0976,0.0976,0.0977,0.0976,0.0976,0.0977,0.0975,0.0976,0.0975,0.0976,0.0978,0.0977,0.0976,0.0977,0.0976,0.0976,0.0976,0.0975,0.0976,0.0977,0.0975,0.0976,0.0975,0.0976,0.0977,0.0976,0.0977,0.0976,0.0976
2;2,0.1043,0.1041,0.1043,0.1041,0.1043,0.1045,0.1043,0.1044,0.1043,0.1042,0.1044,0.1042,0.1041,0.1042,0.1041,0.1041,0.1042,0.1043,0.1045,0.1042,0.1038,0.1039,0.1041,0.1042,0.1044,0.1039,0.1042,0.104,0.1039,0.104,0.104,0.1041,0.1042,0.104,0.1035,0.1046,0.1039,0.104,0.104,0.104,0.1039,0.104,0.1039,0.1038,0.1038,0.1038,0.1038,0.1037,0.1038,0.1038,0.1037,0.1038,0.1037,0.1039,0.1038,0.1039,0.1038,0.1037,0.1038,0.1037,0.1036,0.1038,0.1037,0.1037,0.1037,0.1035,0.1037,0.1037,0.1036,0.1036,0.1036,0.1037,0.1036,0.1034,0.1036,0.1036,0.1035,0.1036,0.1036,0.1035,0.1035,0.1035,0.1036,0.1034,0.1035,0.1036,0.1036,0.1035,0.1034,0.1036,0.1034,0.1034,0.1035,0.1034,0.1034,0.1034
2;3,0.0997,0.0995,0.0995,0.0996,0.0997,0.0996,0.0996,0.0997,0.0995,0.0996,0.0997,0.0996,0.0994,0.0996,0.0995,0.0994,0.0995,0.0993,0.0995,0.0993,0.0991,0.0992,0.0993,0.0993,0.0995,0.0991,0.0992,0.0993,0.0991,0.0992,0.099,0.0993,0.0993,0.099,0.0984,0.0997,0.099,0.099,0.0989,0.099,0.0989,0.099,0.0989,0.0989,0.0988,0.0989,0.0987,0.0987,0.0988,0.0988,0.0988,0.0989,0.0988,0.0988,0.0989,0.0989,0.0988,0.0987,0.0989,0.0988,0.0987,0.0989,0.0988,0.0987,0.0986,0.0985,0.0986,0.0987,0.0987,0.0986,0.0985,0.0987,0.0987,0.0985,0.0985,0.0986,0.0985,0.0987,0.0987,0.0985,0.0986,0.0986,0.0985,0.0985,0.0985,0.0986,0.0985,0.0985,0.0985,0.0985,0.0984,0.0985,0.0985,0.0985,0.0984,0.0985
3;2,0.0972,0.0968,0.0971,0.0971,0.0971,0.0972,0.0972,0.0973,0.0972,0.0973,0.0972,0.097,0.0978,0.0974,0.0972,0.0972,0.0974,0.0975,0.0975,0.0973,0.0971,0.097,0.0973,0.0976,0.0977,0.0977,0.0975,0.0973,0.0976,0.0975,0.0976,0.0975,0.0979,0.0973,0.097,0.0981,0.0978,0.0977,0.0977,0.0978,0.0978,0.0977,0.0978,0.0977,0.0977,0.0976,0.0976,0.0978,0.0978,0.098,0.0981,0.0978,0.098,0.0981,0.0979,0.098,0.0978,0.098,0.0981,0.0979,0.0981,0.098,0.0984,0.0979,0.0979,0.098,0.0987,0.0985,0.0983,0.0982,0.0986,0.0987,0.0988,0.0985,0.0989,0.099,0.0988,0.0988,0.099,0.0988,0.099,0.0991,0.0989,0.0986,0.0994,0.0991,0.0992,0.0992,0.0991,0.0991,0.0995,0.0994,0.0995,0.0996,0.0996,0.0998
,,,,,,,,,,,,,,,,,,,,,,,,,,,,,,,,,,,,,,,,,,,,,,,,,,,,,,,,,,,,,,,,,,,,,,,,,,,,,,,,,,,,,,,,,,,,,,,,
Cycles / Well,,,,,,,,,,,,,,,,,,,,,,,,,,,,,,,,,,,,,,,,,,,,,,,,,,,,,,,,,,,,,,,,,,,,,,,,,,,,,,,,,,,,,,,,,,,,,,,,
H10,1,2,3,4,5,6,7,8,9,10,11,12,13,14,15,16,17,18,19,20,21,22,23,24,25,26,27,28,29,30,31,32,33,34,35,36,37,38,39,40,41,42,43,44,45,46,47,48,49,50,51,52,53,54,55,56,57,58,59,60,61,62,63,64,65,66,67,68,69,70,71,72,73,74,75,76,77,78,79,80,81,82,83,84,85,86,87,88,89,90,91,92,93,94,95,96
Time [s],0,1799.804,3599.705,5399.641,7199.561,8999.49,10799.409,12599.333,14399.26,16199.194,17999.109,19799.039,21598.958,23398.892,25198.808,26998.725,28798.661,30598.589,32398.489,34198.443,35998.374,37798.286,39598.224,41398.149,43198.081,44997.99,46797.917,48597.842,50397.765,52197.702,53997.621,55797.552,57597.468,59397.391,61197.317,62997.249,64797.163,66597.084,68397.028,70196.935,71996.864,73796.783,75596.71,77396.649,79196.565,80996.494,82796.414,84596.354,86396.27,88196.204,89996.112,91796.061,93595.971,95395.897,97195.829,98995.747,100795.679,102595.601,104395.534,106195.445,107995.377,109795.307,111595.236,113395.157,115195.076,116995.019,118794.937,120594.848,122394.785,124194.722,125994.648,127794.579,129594.494,131394.41,133194.341,134994.266,136794.185,138594.122,140394.047,142193.959,143993.87,145793.805,147593.724,149393.655,151193.569,152993.504,154793.443,156593.376,158393.277,160193.21,161993.13,163793.052,165592.982,167392.906,169192.831,170992.755
Temp. [°C],40.8,29.9,29.9,30,30,30.1,30,30.1,30,29.9,30,30,30,30,30,29.9,30,30,30.1,30.1,29.9,30,30,30,30.1,30.1,30,30.1,30.1,30,30,30,29.9,30.1,30,29.9,29.8,29.8,29.8,29.9,30.1,30.1,30,30.1,29.8,29.9,30,30,30,30.1,30,30,29.8,30,30,30.1,30.1,30,30.1,29.9,30,30.1,30.1,30,30,29.9,29.9,30.1,30,30,29.9,29.9,30,30,29.9,30.1,29.9,29.8,29.9,30,30,30.1,30,30,30.1,30.1,30.2,30.1,29.9,30,29.9,29.9,30.1,29.9,30,30
Mean,0.10018,0.10018,0.10026,0.1002,0.10036,0.10042,0.10036,0.1004,0.10036,0.10034,0.10038,0.10026,0.10018,0.10034,0.1003,0.10028,0.10028,0.1002,0.10048,0.1003,0.09996,0.10006,0.1002,0.10022,0.10052,0.10006,0.10022,0.10024,0.10006,0.10006,0.10008,0.1003,0.10026,0.10002,0.0995,0.1006,0.10004,0.10004,0.10006,0.10008,0.10008,0.10008,0.10004,0.09996,0.0999,0.10004,0.09996,0.09984,0.09996,0.09996,0.09996,0.1,0.10006,0.10002,0.09996,0.1,0.09994,0.09984,0.10004,0.10004,0.0999,0.09996,0.09994,0.0999,0.0999,0.09984,0.10008,0.10002,0.09996,0.09996,0.09996,0.1,0.10012,0.09996,0.10002,0.09992,0.09996,0.09998,0.1001,0.09996,0.1,0.1,0.09994,0.09984,0.09996,0.09996,0.10006,0.10004,0.1,0.1,0.10002,0.10012,0.10006,0.1001,0.1,0.10004
StDev,0.003414967,0.003544996,0.003590682,0.003629738,0.003569734,0.003625879,0.003632217,0.003609709,0.003536665,0.003566231,0.003591935,0.003645271,0.003537937,0.00363978,0.003574213,0.003563987,0.003519517,0.003618701,0.003594023,0.003644859,0.003554996,0.003493279,0.003606938,0.003456443,0.003654723,0.003439186,0.0036245,0.003586502,0.003547252,0.003547252,0.003529448,0.003509273,0.003457311,0.003589847,0.003472031,0.003521363,0.00356132,0.003542316,0.003491132,0.003503855,0.00346078,0.003515964,0.003432637,0.003501857,0.00355176,0.003496141,0.003499714,0.003464535,0.003478218,0.003468141,0.003477499,0.003378609,0.003478218,0.003460058,0.003488983,0.003453259,0.003419503,0.00345297,0.003451521,0.003397499,0.003325658,0.003370905,0.003431181,0.003432929,0.003486402,0.003324605,0.003377425,0.003318433,0.003405584,0.003317077,0.003274599,0.003212476,0.003257606,0.003291352,0.003201874,0.00325223,0.003223818,0.003325207,0.003225678,0.00332686,0.003195309,0.003299242,0.003237746,0.003294389,0.003205932,0.003274599,0.003208271,0.003142929,0.003187475,0.003174902,0.003089822,0.00313879,0.003169069,0.003062679,0.003173326,0.003019603
1;2,0.1036,0.104,0.1041,0.1041,0.1043,0.1043,0.1042,0.1041,0.1042,0.1042,0.1042,0.1041,0.104,0.1043,0.1041,0.1042,0.1041,0.1041,0.1044,0.1043,0.1038,0.1038,0.1041,0.104,0.1044,0.1038,0.1041,0.1042,0.104,0.104,0.104,0.1041,0.104,0.1039,0.1033,0.1044,0.1039,0.1039,0.1039,0.1038,0.1038,0.1039,0.1038,0.1038,0.1037,0.1038,0.1037,0.1036,0.1037,0.1037,0.1036,0.1036,0.1038,0.1038,0.1037,0.1036,0.1035,0.1036,0.1037,0.1036,0.1035,0.1036,0.1036,0.1036,0.1036,0.1034,0.1037,0.1036,0.1037,0.1035,0.1035,0.1035,0.1037,0.1035,0.1035,0.1034,0.1035,0.1036,0.1036,0.1036,0.1035,0.1036,0.1034,0.1034,0.1035,0.1035,0.1035,0.1033,0.1035,0.1034,0.1034,0.1036,0.1034,0.1034,0.1035,0.1033
2;1,0.098,0.0979,0.0979,0.0977,0.098,0.0981,0.0979,0.098,0.098,0.098,0.098,0.0979,0.0978,0.0979,0.0978,0.0979,0.0978,0.0978,0.0981,0.0979,0.0975,0.0978,0.0977,0.0979,0.098,0.0978,0.0977,0.0978,0.0975,0.0977,0.0976,0.0979,0.0979,0.0976,0.0974,0.0983,0.0976,0.0977,0.0977,0.0976,0.0977,0.0977,0.0976,0.0975,0.0974,0.0975,0.0975,0.0973,0.0975,0.0976,0.0975,0.0976,0.0976,0.0976,0.0976,0.0976,0.0977,0.0974,0.0976,0.0976,0.0975,0.0975,0.0975,0.0975,0.0975,0.0974,0.0976,0.0976,0.0975,0.0975,0.0974,0.0975,0.0976,0.0974,0.0974,0.0973,0.0974,0.0975,0.0975,0.0974,0.0975,0.0975,0.0975,0.0972,0.0973,0.0974,0.0975,0.0974,0.0973,0.0974,0.0973,0.0974,0.0974,0.0975,0.0973,0.0974
2;2,0.1037,0.1036,0.1038,0.1038,0.1038,0.104,0.104,0.1041,0.1038,0.1038,0.104,0.1039,0.1037,0.1039,0.1039,0.1037,0.1037,0.1038,0.104,0.1038,0.1035,0.1035,0.1038,0.1035,0.1042,0.1034,0.1038,0.1037,0.1035,0.1035,0.1035,0.1038,0.1037,0.1036,0.1029,0.1041,0.1036,0.1035,0.1035,0.1037,0.1036,0.1036,0.1035,0.1034,0.1035,0.1036,0.1035,0.1033,0.1035,0.1035,0.1036,0.1035,0.1036,0.1035,0.1035,0.1036,0.1035,0.1033,0.1036,0.1036,0.1033,0.1034,0.1035,0.1034,0.1035,0.1033,0.1036,0.1034,0.1034,0.1034,0.1034,0.1033,0.1035,0.1034,0.1034,0.1034,0.1033,0.1034,0.1035,0.1034,0.1033,0.1034,0.1034,0.1033,0.1033,0.1034,0.1035,0.1035,0.1033,0.1034,0.1033,0.1034,0.1035,0.1034,0.1033,0.1033
2;3,0.0996,0.0995,0.0995,0.0994,0.0995,0.0996,0.0996,0.0997,0.0996,0.0996,0.0995,0.0995,0.0993,0.0995,0.0995,0.0995,0.0996,0.0993,0.0996,0.0995,0.0991,0.0993,0.0993,0.0996,0.0997,0.0993,0.0995,0.0994,0.0992,0.0991,0.0992,0.0994,0.0994,0.0991,0.0985,0.0997,0.0991,0.0992,0.0991,0.0991,0.0991,0.0991,0.099,0.0991,0.099,0.0991,0.0991,0.099,0.099,0.0989,0.099,0.099,0.0991,0.099,0.099,0.0991,0.099,0.0989,0.0991,0.0991,0.0989,0.099,0.0989,0.0989,0.0989,0.0988,0.099,0.0991,0.0989,0.099,0.0988,0.099,0.0989,0.0989,0.0988,0.0987,0.0988,0.0989,0.0989,0.0988,0.0989,0.0989,0.0987,0.0987,0.0987,0.0988,0.0988,0.0989,0.0989,0.0988,0.0987,0.0988,0.0989,0.0988,0.0988,0.0987
3;2,0.096,0.0959,0.096,0.096,0.0962,0.0961,0.0961,0.0961,0.0962,0.0961,0.0962,0.0959,0.0961,0.0961,0.0962,0.0961,0.0962,0.096,0.0963,0.096,0.0959,0.0959,0.0961,0.0961,0.0963,0.096,0.096,0.0961,0.0961,0.096,0.0961,0.0963,0.0963,0.0959,0.0954,0.0965,0.096,0.0959,0.0961,0.0962,0.0962,0.0961,0.0963,0.096,0.0959,0.0962,0.096,0.096,0.0961,0.0961,0.0961,0.0963,0.0962,0.0962,0.096,0.0961,0.096,0.096,0.0962,0.0963,0.0963,0.0963,0.0962,0.0961,0.096,0.0963,0.0965,0.0964,0.0963,0.0964,0.0967,0.0967,0.0969,0.0966,0.097,0.0968,0.0968,0.0965,0.097,0.0966,0.0968,0.0966,0.0967,0.0966,0.097,0.0967,0.097,0.0971,0.097,0.097,0.0974,0.0974,0.0971,0.0974,0.0971,0.0975
,,,,,,,,,,,,,,,,,,,,,,,,,,,,,,,,,,,,,,,,,,,,,,,,,,,,,,,,,,,,,,,,,,,,,,,,,,,,,,,,,,,,,,,,,,,,,,,,
Cycles / Well,,,,,,,,,,,,,,,,,,,,,,,,,,,,,,,,,,,,,,,,,,,,,,,,,,,,,,,,,,,,,,,,,,,,,,,,,,,,,,,,,,,,,,,,,,,,,,,,
H11,1,2,3,4,5,6,7,8,9,10,11,12,13,14,15,16,17,18,19,20,21,22,23,24,25,26,27,28,29,30,31,32,33,34,35,36,37,38,39,40,41,42,43,44,45,46,47,48,49,50,51,52,53,54,55,56,57,58,59,60,61,62,63,64,65,66,67,68,69,70,71,72,73,74,75,76,77,78,79,80,81,82,83,84,85,86,87,88,89,90,91,92,93,94,95,96
Time [s],0,1799.804,3599.705,5399.641,7199.561,8999.49,10799.409,12599.333,14399.26,16199.194,17999.109,19799.039,21598.958,23398.892,25198.808,26998.725,28798.661,30598.589,32398.489,34198.443,35998.374,37798.286,39598.224,41398.149,43198.081,44997.99,46797.917,48597.842,50397.765,52197.702,53997.621,55797.552,57597.468,59397.391,61197.317,62997.249,64797.163,66597.084,68397.028,70196.935,71996.864,73796.783,75596.71,77396.649,79196.565,80996.494,82796.414,84596.354,86396.27,88196.204,89996.112,91796.061,93595.971,95395.897,97195.829,98995.747,100795.679,102595.601,104395.534,106195.445,107995.377,109795.307,111595.236,113395.157,115195.076,116995.019,118794.937,120594.848,122394.785,124194.722,125994.648,127794.579,129594.494,131394.41,133194.341,134994.266,136794.185,138594.122,140394.047,142193.959,143993.87,145793.805,147593.724,149393.655,151193.569,152993.504,154793.443,156593.376,158393.277,160193.21,161993.13,163793.052,165592.982,167392.906,169192.831,170992.755
Temp. [°C],40.8,29.9,29.9,30,30,30.1,30,30.1,30,29.9,30,30,30,30,30,29.9,30,30,30.1,30.1,29.9,30,30,30,30.1,30.1,30,30.1,30.1,30,30,30,29.9,30.1,30,29.9,29.8,29.8,29.8,29.9,30.1,30.1,30,30.1,29.8,29.9,30,30,30,30.1,30,30,29.8,30,30,30.1,30.1,30,30.1,29.9,30,30.1,30.1,30,30,29.9,29.9,30.1,30,30,29.9,29.9,30,30,29.9,30.1,29.9,29.8,29.9,30,30,30.1,30,30,30.1,30.1,30.2,30.1,29.9,30,29.9,29.9,30.1,29.9,30,30
Mean,0.1016,0.10184,0.10152,0.10142,0.10164,0.1017,0.10152,0.10176,0.10164,0.1015,0.10176,0.10162,0.10192,0.10168,0.10168,0.10166,0.1016,0.1016,0.10184,0.10162,0.10144,0.10152,0.10152,0.10166,0.10188,0.10168,0.10166,0.10158,0.1015,0.10144,0.10164,0.10172,0.1017,0.1015,0.101,0.1021,0.1015,0.10156,0.1016,0.10156,0.10156,0.1017,0.10168,0.1015,0.10146,0.1016,0.10152,0.10138,0.10154,0.10154,0.1016,0.1016,0.10164,0.10164,0.10158,0.10154,0.10148,0.10142,0.1017,0.10162,0.10154,0.10162,0.10156,0.10144,0.10148,0.10156,0.10172,0.10168,0.10168,0.10168,0.10166,0.10172,0.1018,0.10166,0.10182,0.10166,0.10168,0.1018,0.102,0.10168,0.1017,0.10178,0.1017,0.10168,0.10174,0.10176,0.1019,0.10174,0.10188,0.1018,0.10178,0.10198,0.10186,0.1019,0.10196,0.10192
StDev,0.002935132,0.003861088,0.003145155,0.003168122,0.003119776,0.003148809,0.003146744,0.003242376,0.003077824,0.003162278,0.003078636,0.003084153,0.002688308,0.003058921,0.003004497,0.002925406,0.003029026,0.002982449,0.002943297,0.003064637,0.002899655,0.002964287,0.003058921,0.002978758,0.002904651,0.002678992,0.00301546,0.002904651,0.002926602,0.00284482,0.002795174,0.003002832,0.002834608,0.002880972,0.002926602,0.002878368,0.00283196,0.00282542,0.002835489,0.002834255,0.002826305,0.002711088,0.002712379,0.002794638,0.002740073,0.00275681,0.002704995,0.00281016,0.002733679,0.002684772,0.00272672,0.00272672,0.002704256,0.002780827,0.002730751,0.002759167,0.002764417,0.002730751,0.002615339,0.002669644,0.002671704,0.002676191,0.002683841,0.002691282,0.002671516,0.002640644,0.002601346,0.002580116,0.002662142,0.002648018,0.002606338,0.002610939,0.002604803,0.002582247,0.002605187,0.002632109,0.002656501,0.002632489,0.00257682,0.002633819,0.002610555,0.002554799,0.002610555,0.002602307,0.002582247,0.002604419,0.002614383,0.002582247,0.002620496,0.002614383,0.002620496,0.002678992,0.00258515,0.002633439,0.002694995,0.002642347
1;2,0.1046,0.1069,0.1047,0.1046,0.1048,0.1049,0.1047,0.1048,0.1048,0.1047,0.1049,0.1047,0.1048,0.1049,0.1048,0.1046,0.1048,0.1047,0.1049,0.1048,0.1045,0.1046,0.1047,0.1047,0.1049,0.1044,0.1048,0.1046,0.1046,0.1044,0.1046,0.1049,0.1046,0.1045,0.104,0.1051,0.1045,0.1045,0.1045,0.1045,0.1045,0.1045,0.1044,0.1044,0.1043,0.1045,0.1043,0.1043,0.1043,0.1043,0.1044,0.1044,0.1044,0.1045,0.1044,0.1043,0.1043,0.1043,0.1044,0.1043,0.1042,0.1044,0.1043,0.1041,0.1042,0.1042,0.1043,0.1043,0.1044,0.1043,0.1041,0.1043,0.1044,0.104,0.1042,0.1042,0.1043,0.1042,0.1042,0.1041,0.1041,0.1042,0.1041,0.1042,0.1041,0.1042,0.1042,0.1041,0.1042,0.1041,0.1041,0.1041,0.1042,0.104,0.1041,0.104
2;1,0.0998,0.0997,0.0998,0.0995,0.0999,0.0999,0.0999,0.0999,0.0998,0.0999,0.1,0.0998,0.0998,0.0998,0.0999,0.0998,0.0997,0.0998,0.1,0.0998,0.0997,0.0996,0.0997,0.0999,0.1,0.0996,0.0998,0.0997,0.0995,0.0996,0.0997,0.0998,0.0997,0.0996,0.0989,0.1001,0.0995,0.0996,0.0995,0.0994,0.0995,0.0996,0.0995,0.0994,0.0994,0.0994,0.0993,0.0993,0.0993,0.0994,0.0994,0.0994,0.0994,0.0994,0.0994,0.0995,0.0994,0.0993,0.0996,0.0995,0.0994,0.0994,0.0994,0.0994,0.0992,0.0992,0.0994,0.0994,0.0993,0.0993,0.0992,0.0994,0.0994,0.0992,0.0993,0.0992,0.0992,0.0993,0.0994,0.0992,0.0993,0.0994,0.0993,0.0992,0.0992,0.0993,0.0993,0.0992,0.0993,0.0992,0.0992,0.0992,0.0993,0.0993,0.0992,0.0993
2;2,0.105,0.105,0.1051,0.1051,0.1052,0.1053,0.1051,0.1057,0.1051,0.1051,0.1053,0.1052,0.1049,0.1051,0.1051,0.1051,0.105,0.105,0.1052,0.1051,0.1047,0.1049,0.105,0.1051,0.1052,0.1048,0.1051,0.1049,0.1048,0.1047,0.1048,0.1051,0.105,0.1048,0.1044,0.1054,0.1047,0.1048,0.1049,0.1048,0.1048,0.1048,0.1048,0.1047,0.1046,0.1047,0.1046,0.1046,0.1047,0.1046,0.1047,0.1047,0.1047,0.1048,0.1047,0.1048,0.1047,0.1045,0.1046,0.1047,0.1046,0.1046,0.1046,0.1046,0.1045,0.1044,0.1046,0.1045,0.1046,0.1046,0.1045,0.1045,0.1045,0.1045,0.1046,0.1045,0.1045,0.1047,0.1046,0.1046,0.1046,0.1045,0.1046,0.1044,0.1044,0.1045,0.1046,0.1044,0.1045,0.1045,0.1044,0.1045,0.1045,0.1045,0.1044,0.1045
2;3,0.0995,0.0995,0.0997,0.0995,0.0998,0.0998,0.0996,0.0998,0.1,0.0995,0.0997,0.0998,0.0997,0.0998,0.0996,0.0996,0.0996,0.0995,0.0998,0.0996,0.0994,0.0996,0.0994,0.0996,0.0999,0.0995,0.0995,0.0996,0.0995,0.0993,0.0996,0.0996,0.0995,0.0994,0.0987,0.0999,0.0993,0.0993,0.0994,0.0992,0.0993,0.0994,0.0992,0.0992,0.0992,0.0993,0.0992,0.0991,0.0992,0.0992,0.0992,0.0992,0.0992,0.0992,0.0993,0.0993,0.0993,0.0992,0.0992,0.0992,0.099,0.0992,0.0991,0.099,0.0991,0.0989,0.0992,0.0992,0.0992,0.0991,0.099,0.099,0.0991,0.099,0.0991,0.099,0.099,0.0991,0.0992,0.099,0.099,0.0991,0.099,0.099,0.099,0.099,0.0991,0.099,0.099,0.099,0.0989,0.099,0.0991,0.0989,0.0989,0.0989
3;2,0.0991,0.0981,0.0983,0.0984,0.0985,0.0986,0.0983,0.0986,0.0985,0.0983,0.0989,0.0986,0.1004,0.0988,0.099,0.0992,0.0989,0.099,0.0993,0.0988,0.0989,0.0989,0.0988,0.099,0.0994,0.1001,0.0991,0.0991,0.0991,0.0992,0.0995,0.0992,0.0997,0.0992,0.099,0.1,0.0995,0.0996,0.0997,0.0999,0.0997,0.1002,0.1005,0.0998,0.0998,0.1001,0.1002,0.0996,0.1002,0.1002,0.1003,0.1003,0.1005,0.1003,0.1001,0.0998,0.0997,0.0998,0.1007,0.1004,0.1005,0.1005,0.1004,0.1001,0.1004,0.1011,0.1011,0.101,0.1009,0.1011,0.1015,0.1014,0.1016,0.1016,0.1019,0.1014,0.1014,0.1017,0.1026,0.1015,0.1015,0.1017,0.1015,0.1016,0.102,0.1018,0.1023,0.102,0.1024,0.1022,0.1023,0.1031,0.1022,0.1028,0.1032,0.1029
,,,,,,,,,,,,,,,,,,,,,,,,,,,,,,,,,,,,,,,,,,,,,,,,,,,,,,,,,,,,,,,,,,,,,,,,,,,,,,,,,,,,,,,,,,,,,,,,
Cycles / Well,,,,,,,,,,,,,,,,,,,,,,,,,,,,,,,,,,,,,,,,,,,,,,,,,,,,,,,,,,,,,,,,,,,,,,,,,,,,,,,,,,,,,,,,,,,,,,,,
H12,1,2,3,4,5,6,7,8,9,10,11,12,13,14,15,16,17,18,19,20,21,22,23,24,25,26,27,28,29,30,31,32,33,34,35,36,37,38,39,40,41,42,43,44,45,46,47,48,49,50,51,52,53,54,55,56,57,58,59,60,61,62,63,64,65,66,67,68,69,70,71,72,73,74,75,76,77,78,79,80,81,82,83,84,85,86,87,88,89,90,91,92,93,94,95,96
Time [s],0,1799.804,3599.705,5399.641,7199.561,8999.49,10799.409,12599.333,14399.26,16199.194,17999.109,19799.039,21598.958,23398.892,25198.808,26998.725,28798.661,30598.589,32398.489,34198.443,35998.374,37798.286,39598.224,41398.149,43198.081,44997.99,46797.917,48597.842,50397.765,52197.702,53997.621,55797.552,57597.468,59397.391,61197.317,62997.249,64797.163,66597.084,68397.028,70196.935,71996.864,73796.783,75596.71,77396.649,79196.565,80996.494,82796.414,84596.354,86396.27,88196.204,89996.112,91796.061,93595.971,95395.897,97195.829,98995.747,100795.679,102595.601,104395.534,106195.445,107995.377,109795.307,111595.236,113395.157,115195.076,116995.019,118794.937,120594.848,122394.785,124194.722,125994.648,127794.579,129594.494,131394.41,133194.341,134994.266,136794.185,138594.122,140394.047,142193.959,143993.87,145793.805,147593.724,149393.655,151193.569,152993.504,154793.443,156593.376,158393.277,160193.21,161993.13,163793.052,165592.982,167392.906,169192.831,170992.755
Temp. [°C],40.8,29.9,29.9,30,30,30.1,30,30.1,30,29.9,30,30,30,30,30,29.9,30,30,30.1,30.1,29.9,30,30,30,30.1,30.1,30,30.1,30.1,30,30,30,29.9,30.1,30,29.9,29.8,29.8,29.8,29.9,30.1,30.1,30,30.1,29.8,29.9,30,30,30,30.1,30,30,29.8,30,30,30.1,30.1,30,30.1,29.9,30,30.1,30.1,30,30,29.9,29.9,30.1,30,30,29.9,29.9,30,30,29.9,30.1,29.9,29.8,29.9,30,30,30.1,30,30,30.1,30.1,30.2,30.1,29.9,30,29.9,29.9,30.1,29.9,30,30
Mean,0.09976,0.0998,0.0998,0.09992,0.10002,0.1001,0.1,0.1002,0.09996,0.09994,0.10016,0.09996,0.10032,0.10012,0.0999,0.09986,0.0999,0.09996,0.1002,0.09996,0.09964,0.09972,0.09986,0.10002,0.1002,0.10004,0.09996,0.09994,0.09984,0.09994,0.09988,0.10006,0.09998,0.09982,0.09924,0.10042,0.09986,0.09992,0.09986,0.0999,0.09992,0.1,0.09994,0.09986,0.09978,0.0999,0.0999,0.0998,0.0999,0.09984,0.10002,0.10004,0.10006,0.10006,0.10004,0.1,0.10004,0.0999,0.10008,0.1001,0.1001,0.10022,0.1001,0.10014,0.1001,0.10012,0.1003,0.1004,0.10036,0.10032,0.10038,0.10054,0.1007,0.10048,0.10062,0.10058,0.10056,0.1008,0.10088,0.10076,0.1007,0.10078,0.10074,0.10068,0.10074,0.10092,0.10112,0.10094,0.10108,0.10112,0.10104,0.10134,0.10128,0.10136,0.10158,0.10142
StDev,0.003296665,0.003384524,0.003507136,0.003472319,0.003434676,0.003482097,0.003495712,0.003354847,0.003480374,0.003336615,0.003458757,0.003305753,0.002958378,0.003294237,0.003337664,0.003251615,0.003311344,0.003216053,0.003350373,0.003250077,0.003165912,0.003236047,0.003082694,0.003183866,0.00318826,0.002807668,0.003122179,0.003085936,0.002950085,0.002988812,0.003012806,0.002993827,0.002913246,0.002927798,0.00289793,0.002930358,0.002855346,0.002793206,0.002813006,0.002777589,0.002803034,0.002715695,0.00269685,0.00274372,0.002706843,0.002723968,0.002661766,0.002654242,0.002695366,0.002648207,0.002620496,0.002645373,0.002619733,0.002644428,0.00259191,0.002634388,0.002573519,0.0026,0.002620496,0.002654242,0.002691654,0.002648018,0.002624881,0.002731849,0.002623928,0.002678059,0.002690725,0.002727636,0.00277092,0.002775248,0.002870017,0.002982113,0.003110466,0.00304171,0.00319484,0.003104352,0.003094834,0.003300757,0.003454996,0.003332867,0.003316625,0.003330465,0.003450072,0.003346192,0.003559213,0.00362381,0.003917525,0.003807624,0.004019577,0.004007119,0.004061157,0.004419615,0.004336127,0.004459036,0.005025137,0.00472144
1;2,0.1035,0.1036,0.1038,0.1039,0.1039,0.1041,0.1039,0.104,0.1039,0.1037,0.1042,0.1039,0.1039,0.104,0.1037,0.1037,0.1036,0.1036,0.104,0.1037,0.1032,0.1035,0.1034,0.1037,0.1039,0.1034,0.1036,0.1035,0.1032,0.1033,0.1033,0.1035,0.1033,0.1032,0.1025,0.1038,0.1031,0.1031,0.103,0.1031,0.1031,0.103,0.1029,0.1029,0.1028,0.1029,0.1027,0.1027,0.1028,0.1026,0.1027,0.1027,0.1027,0.1027,0.1026,0.1026,0.1027,0.1024,0.1026,0.1026,0.1025,0.1026,0.1024,0.1026,0.1025,0.1023,0.1025,0.1025,0.1025,0.1024,0.1023,0.1024,0.1025,0.1022,0.1023,0.1023,0.1021,0.1024,0.1024,0.1023,0.1022,0.1024,0.1021,0.1022,0.102,0.1022,0.1021,0.102,0.102,0.1022,0.1021,0.1021,0.1021,0.1019,0.1019,0.1019
2;1,0.0974,0.0976,0.0974,0.0976,0.0977,0.0978,0.0977,0.0979,0.0977,0.0976,0.0978,0.0976,0.0974,0.0977,0.0976,0.0975,0.0975,0.0975,0.0978,0.0974,0.0973,0.0972,0.0975,0.0975,0.0978,0.0972,0.0975,0.0975,0.0973,0.0975,0.0972,0.0974,0.0974,0.0972,0.0967,0.0977,0.0971,0.0973,0.0971,0.0972,0.0972,0.0972,0.0971,0.0971,0.0969,0.0971,0.097,0.097,0.0969,0.0969,0.097,0.097,0.097,0.097,0.0971,0.097,0.0971,0.0968,0.097,0.0969,0.0968,0.097,0.0969,0.0967,0.0969,0.0968,0.097,0.097,0.0969,0.0969,0.0969,0.0969,0.0969,0.0967,0.0968,0.0967,0.0968,0.0969,0.0968,0.0968,0.0968,0.0968,0.0967,0.0967,0.0967,0.0968,0.0968,0.0967,0.0967,0.0967,0.0967,0.0967,0.0968,0.0968,0.0967,0.0967
2;2,0.1031,0.1031,0.1032,0.1033,0.1034,0.1035,0.1035,0.1035,0.1034,0.1033,0.1035,0.1031,0.1031,0.1033,0.1032,0.103,0.1033,0.1032,0.1036,0.1032,0.1029,0.1029,0.103,0.1032,0.1034,0.1027,0.1031,0.1031,0.1029,0.1031,0.103,0.1031,0.103,0.1028,0.1023,0.1034,0.1028,0.1028,0.1028,0.1027,0.1028,0.1028,0.1027,0.1027,0.1025,0.1027,0.1027,0.1025,0.1026,0.1026,0.1026,0.1027,0.1026,0.1027,0.1027,0.1028,0.1026,0.1025,0.1027,0.1027,0.1025,0.1025,0.1026,0.1025,0.1025,0.1025,0.1026,0.1027,0.1025,0.1025,0.1025,0.1026,0.1026,0.1025,0.1025,0.1025,0.1025,0.1026,0.1027,0.1025,0.1025,0.1026,0.1025,0.1025,0.1026,0.1026,0.1026,0.1024,0.1025,0.1026,0.1024,0.1026,0.1025,0.1026,0.1025,0.1025
2;3,0.0983,0.0987,0.0986,0.0986,0.0988,0.0987,0.0987,0.099,0.0986,0.0986,0.0987,0.0985,0.0985,0.0987,0.0986,0.0984,0.0985,0.0987,0.0987,0.0986,0.0982,0.0983,0.0983,0.0986,0.0986,0.0983,0.0983,0.0982,0.0982,0.0982,0.0983,0.0986,0.0983,0.0982,0.0974,0.0987,0.0981,0.0981,0.0981,0.0981,0.0981,0.0981,0.098,0.0979,0.0979,0.0979,0.098,0.0978,0.0979,0.0979,0.0979,0.0979,0.0979,0.0979,0.0979,0.098,0.098,0.0978,0.0979,0.0979,0.0977,0.0978,0.0978,0.0978,0.0978,0.0977,0.0978,0.0979,0.0978,0.0977,0.0976,0.0977,0.0978,0.0977,0.0976,0.0978,0.0977,0.0977,0.0977,0.0977,0.0976,0.0977,0.0976,0.0976,0.0974,0.0976,0.0977,0.0976,0.0976,0.0976,0.0974,0.0976,0.0975,0.0976,0.0975,0.0975
3;2,0.0965,0.096,0.096,0.0962,0.0963,0.0964,0.0962,0.0966,0.0962,0.0965,0.0966,0.0967,0.0987,0.0969,0.0964,0.0967,0.0966,0.0968,0.0969,0.0969,0.0966,0.0967,0.0971,0.0971,0.0973,0.0986,0.0973,0.0974,0.0976,0.0976,0.0976,0.0977,0.0979,0.0977,0.0973,0.0985,0.0982,0.0983,0.0983,0.0984,0.0984,0.0989,0.099,0.0987,0.0988,0.0989,0.0991,0.099,0.0993,0.0992,0.0999,0.0999,0.1001,0.1,0.0999,0.0996,0.0998,0.1,0.1002,0.1004,0.101,0.1012,0.1008,0.1011,0.1008,0.1013,0.1016,0.1019,0.1021,0.1021,0.1026,0.1031,0.1037,0.1033,0.1039,0.1036,0.1037,0.1044,0.1048,0.1045,0.1044,0.1044,0.1048,0.1044,0.105,0.1054,0.1064,0.106,0.1066,0.1065,0.1066,0.1077,0.1075,0.1079,0.1093,0.1085
,,,,,,,,,,,,,,,,,,,,,,,,,,,,,,,,,,,,,,,,,,,,,,,,,,,,,,,,,,,,,,,,,,,,,,,,,,,,,,,,,,,,,,,,,,,,,,,,
End Time,,,,2025-08-24 12:15:53,,,,,,,,,,,,,,,,,,,,,,,,,,,,,,,,,,,,,,,,,,,,,,,,,,,,,,,,,,,,,,,,,,,,,,,,,,,,,,,,,,,,,,,,,,,,
,,,,,,,,,,,,,,,,,,,,,,,,,,,,,,,,,,,,,,,,,,,,,,,,,,,,,,,,,,,,,,,,,,,,,,,,,,,,,,,,,,,,,,,,,,,,,,,,
,,,,,,,,,,,,,,,,,,,,,,,,,,,,,,,,,,,,,,,,,,,,,,,,,,,,,,,,,,,,,,,,,,,,,,,,,,,,,,,,,,,,,,,,,,,,,,,,
