Method name: 48hr_growth_30C_withShaking,,,,,,,,,,,,,,,,,,,,,,,,,,,,,,,,,,,,,,,,,,,,,,,,,,,,,,,,,,,,,,,,,,,,,,,,,,,,,,,,,,,,,,,,,,,,,,,,
Application: SparkControl,,,,V2.3,,,,,,,,,,,,,,,,,,,,,,,,,,,,,,,,,,,,,,,,,,,,,,,,,,,,,,,,,,,,,,,,,,,,,,,,,,,,,,,,,,,,,,,,,,,,
Device: Spark,,,,Serial number: 1807000105,,,,,,,,,,,,,,,,,,,,,,,,,,,,,,,,,,,,,,,,,,,,,,,,,,,,,,,,,,,,,,,,,,,,,,,,,,,,,,,,,,,,,,,,,,,,
Firmware:,,,,LUM:V5.2.3|ABS:V4.3.2|ABS_MEX:V5.0.7|MTP:V13.1.5|FLUOR:V5.1.3|FLUOR_BOTTOM:V5.0.2,,,,,,,,,,,,,,,,,,,,,,,,,,,,,,,,,,,,,,,,,,,,,,,,,,,,,,,,,,,,,,,,,,,,,,,,,,,,,,,,,,,,,,,,,,,,
,,,,,,,,,,,,,,,,,,,,,,,,,,,,,,,,,,,,,,,,,,,,,,,,,,,,,,,,,,,,,,,,,,,,,,,,,,,,,,,,,,,,,,,,,,,,,,,,
Date:,,,,2025-07-31,,,,,,,,,,,,,,,,,,,,,,,,,,,,,,,,,,,,,,,,,,,,,,,,,,,,,,,,,,,,,,,,,,,,,,,,,,,,,,,,,,,,,,,,,,,,
Time:,,,,1:25 PM,,,,,,,,,,,,,,,,,,,,,,,,,,,,,,,,,,,,,,,,,,,,,,,,,,,,,,,,,,,,,,,,,,,,,,,,,,,,,,,,,,,,,,,,,,,,
System,,,,CORD2104-PC2,,,,,,,,,,,,,,,,,,,,,,,,,,,,,,,,,,,,,,,,,,,,,,,,,,,,,,,,,,,,,,,,,,,,,,,,,,,,,,,,,,,,,,,,,,,,
User,,,,CORD2104-PC2\burketo,,,,,,,,,,,,,,,,,,,,,,,,,,,,,,,,,,,,,,,,,,,,,,,,,,,,,,,,,,,,,,,,,,,,,,,,,,,,,,,,,,,,,,,,,,,,
Plate,,,,[BD96ft_FluoroBlok] - BD Falcon 96 Flat Transparent Cat. No.: 351161/351162/351163/351164,,,,,,,,,,,,,,,,,,,,,,,,,,,,,,,,,,,,,,,,,,,,,,,,,,,,,,,,,,,,,,,,,,,,,,,,,,,,,,,,,,,,,,,,,,,,
Lid lifter,,,,Lid,,,,,,,,,,,,,,,,,,,,,,,,,,,,,,,,,,,,,,,,,,,,,,,,,,,,,,,,,,,,,,,,,,,,,,,,,,,,,,,,,,,,,,,,,,,,
Humidity Cassette,,,,No humidity cassette,,,,,,,,,,,,,,,,,,,,,,,,,,,,,,,,,,,,,,,,,,,,,,,,,,,,,,,,,,,,,,,,,,,,,,,,,,,,,,,,,,,,,,,,,,,,
Smooth mode,,,,Selected,,,,,,,,,,,,,,,,,,,,,,,,,,,,,,,,,,,,,,,,,,,,,,,,,,,,,,,,,,,,,,,,,,,,,,,,,,,,,,,,,,,,,,,,,,,,
,,,,,,,,,,,,,,,,,,,,,,,,,,,,,,,,,,,,,,,,,,,,,,,,,,,,,,,,,,,,,,,,,,,,,,,,,,,,,,,,,,,,,,,,,,,,,,,,
List of actions in this measurement script:,,,,,,,,,,,,,,,,,,,,,,,,,,,,,,,,,,,,,,,,,,,,,,,,,,,,,,,,,,,,,,,,,,,,,,,,,,,,,,,,,,,,,,,,,,,,,,,,
Plate,,,,,,,,,,,,,,,,,,,,,,,,,,,,,,,,,,,,,,,,,,,,,,,,,,,,,,,,,,,,,,,,,,,,,,,,,,,,,,,,,,,,,,,,,,,,,,,,
,Shaking,,,,,,,,,,,,,,,,,,,,,,,,,,,,,,,,,,,,,,,,,,,,,,,,,,,,,,,,,,,,,,,,,,,,,,,,,,,,,,,,,,,,,,,,,,,,,,,
,Absorbance,,,,,Initial,,,,,,,,,,,,,,,,,,,,,,,,,,,,,,,,,,,,,,,,,,,,,,,,,,,,,,,,,,,,,,,,,,,,,,,,,,,,,,,,,,,,,,,,,,
,Kinetic,,,,,,,,,,,,,,,,,,,,,,,,,,,,,,,,,,,,,,,,,,,,,,,,,,,,,,,,,,,,,,,,,,,,,,,,,,,,,,,,,,,,,,,,,,,,,,,
,,Condition,,,,,,,,,,,,,,,,,,,,,,,,,,,,,,,,,,,,,,,,,,,,,,,,,,,,,,,,,,,,,,,,,,,,,,,,,,,,,,,,,,,,,,,,,,,,,,
,,,Temperature,,,,,,,,,,,,,,,,,,,,,,,,,,,,,,,,,,,,,,,,,,,,,,,,,,,,,,,,,,,,,,,,,,,,,,,,,,,,,,,,,,,,,,,,,,,,,
,,,Shaking,,,,,,,,,,,,,,,,,,,,,,,,,,,,,,,,,,,,,,,,,,,,,,,,,,,,,,,,,,,,,,,,,,,,,,,,,,,,,,,,,,,,,,,,,,,,,
,,,Absorbance,,,Growth,,,,,,,,,,,,,,,,,,,,,,,,,,,,,,,,,,,,,,,,,,,,,,,,,,,,,,,,,,,,,,,,,,,,,,,,,,,,,,,,,,,,,,,,,,
,,,,,,,,,,,,,,,,,,,,,,,,,,,,,,,,,,,,,,,,,,,,,,,,,,,,,,,,,,,,,,,,,,,,,,,,,,,,,,,,,,,,,,,,,,,,,,,,
Name,,,,BD96ft_FluoroBlok,,,,,,,,,,,,,,,,,,,,,,,,,,,,,,,,,,,,,,,,,,,,,,,,,,,,,,,,,,,,,,,,,,,,,,,,,,,,,,,,,,,,,,,,,,,,
Plate layout,,,,,,,,,,,,,,,,,,,,,,,,,,,,,,,,,,,,,,,,,,,,,,,,,,,,,,,,,,,,,,,,,,,,,,,,,,,,,,,,,,,,,,,,,,,,,,,,
Plate area,,,,A1-H12,,,,,,,,,,,,,,,,,,,,,,,,,,,,,,,,,,,,,,,,,,,,,,,,,,,,,,,,,,,,,,,,,,,,,,,,,,,,,,,,,,,,,,,,,,,,
,,,,,,,,,,,,,,,,,,,,,,,,,,,,,,,,,,,,,,,,,,,,,,,,,,,,,,,,,,,,,,,,,,,,,,,,,,,,,,,,,,,,,,,,,,,,,,,,
Start Time,,,,2025-07-29 13:50:56,,,,,,,,,,,,,,,,,,,,,,,,,,,,,,,,,,,,,,,,,,,,,,,,,,,,,,,,,,,,,,,,,,,,,,,,,,,,,,,,,,,,,,,,,,,,
Shaking (Orbital) Duration,,,,5,s,,,,,,,,,,,,,,,,,,,,,,,,,,,,,,,,,,,,,,,,,,,,,,,,,,,,,,,,,,,,,,,,,,,,,,,,,,,,,,,,,,,,,,,,,,,
Shaking (Orbital) Position,,,,Current,,,,,,,,,,,,,,,,,,,,,,,,,,,,,,,,,,,,,,,,,,,,,,,,,,,,,,,,,,,,,,,,,,,,,,,,,,,,,,,,,,,,,,,,,,,,
Shaking (Orbital) Amplitude,,,,1,mm,,,,,,,,,,,,,,,,,,,,,,,,,,,,,,,,,,,,,,,,,,,,,,,,,,,,,,,,,,,,,,,,,,,,,,,,,,,,,,,,,,,,,,,,,,,
Shaking (Orbital) Frequency,,,,510,rpm,,,,,,,,,,,,,,,,,,,,,,,,,,,,,,,,,,,,,,,,,,,,,,,,,,,,,,,,,,,,,,,,,,,,,,,,,,,,,,,,,,,,,,,,,,,
End Time,,,,2025-07-29 13:51:01,,,,,,,,,,,,,,,,,,,,,,,,,,,,,,,,,,,,,,,,,,,,,,,,,,,,,,,,,,,,,,,,,,,,,,,,,,,,,,,,,,,,,,,,,,,,
,,,,,,,,,,,,,,,,,,,,,,,,,,,,,,,,,,,,,,,,,,,,,,,,,,,,,,,,,,,,,,,,,,,,,,,,,,,,,,,,,,,,,,,,,,,,,,,,
Mode,Absorbance,,,,,,,,,,,,,,,,,,,,,,,,,,,,,,,,,,,,,,,,,,,,,,,,,,,,,,,,,,,,,,,,,,,,,,,,,,,,,,,,,,,,,,,,,,,,,,,
Measurement wavelength,,,,600,nm,,,,,,,,,,,,,,,,,,,,,,,,,,,,,,,,,,,,,,,,,,,,,,,,,,,,,,,,,,,,,,,,,,,,,,,,,,,,,,,,,,,,,,,,,,,
Number of flashes,,,,10,,,,,,,,,,,,,,,,,,,,,,,,,,,,,,,,,,,,,,,,,,,,,,,,,,,,,,,,,,,,,,,,,,,,,,,,,,,,,,,,,,,,,,,,,,,,
Settle time,,,,50,ms,,,,,,,,,,,,,,,,,,,,,,,,,,,,,,,,,,,,,,,,,,,,,,,,,,,,,,,,,,,,,,,,,,,,,,,,,,,,,,,,,,,,,,,,,,,
Multiple Reads per Well (Circle (filled)),,,,3 x 3,,,,,,,,,,,,,,,,,,,,,,,,,,,,,,,,,,,,,,,,,,,,,,,,,,,,,,,,,,,,,,,,,,,,,,,,,,,,,,,,,,,,,,,,,,,,
Multiple Reads per Well (Border),,,,500,µm,,,,,,,,,,,,,,,,,,,,,,,,,,,,,,,,,,,,,,,,,,,,,,,,,,,,,,,,,,,,,,,,,,,,,,,,,,,,,,,,,,,,,,,,,,,
Part of Plate,,,,A1-H12,,,,,,,,,,,,,,,,,,,,,,,,,,,,,,,,,,,,,,,,,,,,,,,,,,,,,,,,,,,,,,,,,,,,,,,,,,,,,,,,,,,,,,,,,,,,
,,,,,,,,,,,,,,,,,,,,,,,,,,,,,,,,,,,,,,,,,,,,,,,,,,,,,,,,,,,,,,,,,,,,,,,,,,,,,,,,,,,,,,,,,,,,,,,,
Start Time,,,,2025-07-29 13:51:04,,,,,,,,,,,,,,,,,,,,,,,,,,,,,,,,,,,,,,,,,,,,,,,,,,,,,,,,,,,,,,,,,,,,,,,,,,,,,,,,,,,,,,,,,,,,
Temperature,,,,19.7,°C,,,,,,,,,,,,,,,,,,,,,,,,,,,,,,,,,,,,,,,,,,,,,,,,,,,,,,,,,,,,,,,,,,,,,,,,,,,,,,,,,,,,,,,,,,,
,,,,,,,,,,,,,,,,,,,,,,,,,,,,,,,,,,,,,,,,,,,,,,,,,,,,,,,,,,,,,,,,,,,,,,,,,,,,,,,,,,,,,,,,,,,,,,,,
,1;2,,,,,,,,,,,,,,,,,,,,,,,,,,,,,,,,,,,,,,,,,,,,,,,,,,,,,,,,,,,,,,,,,,,,,,,,,,,,,,,,,,,,,,,,,,,,,,,
2;1,2;2,2;3,,,,,,,,,,,,,,,,,,,,,,,,,,,,,,,,,,,,,,,,,,,,,,,,,,,,,,,,,,,,,,,,,,,,,,,,,,,,,,,,,,,,,,,,,,,,,,
,3;2,,,,,,,,,,,,,,,,,,,,,,,,,,,,,,,,,,,,,,,,,,,,,,,,,,,,,,,,,,,,,,,,,,,,,,,,,,,,,,,,,,,,,,,,,,,,,,,
Well,A1,A2,A3,A4,A5,A6,A7,A8,A9,A10,A11,A12,B1,B2,B3,B4,B5,B6,B7,B8,B9,B10,B11,B12,C1,C2,C3,C4,C5,C6,C7,C8,C9,C10,C11,C12,D1,D2,D3,D4,D5,D6,D7,D8,D9,D10,D11,D12,E1,E2,E3,E4,E5,E6,E7,E8,E9,E10,E11,E12,F1,F2,F3,F4,F5,F6,F7,F8,F9,F10,F11,F12,G1,G2,G3,G4,G5,G6,G7,G8,G9,G10,G11,G12,H1,H2,H3,H4,H5,H6,H7,H8,H9,H10,H11,H12
Mean,0.0996,0.09988,0.09944,0.1,0.10038,0.10092,0.1002,0.09906,0.09934,0.09886,0.09898,0.09986,0.09966,0.11148,0.12048,0.11594,0.12308,0.1176,0.12442,0.11216,0.11352,0.12014,0.09948,0.09958,0.09954,0.12248,0.12648,0.12316,0.12542,0.13424,0.13206,0.1154,0.11822,0.1202,0.09994,0.09996,0.09926,0.114,0.1145,0.1196,0.11806,0.11946,0.11534,0.11874,0.11576,0.12412,0.10024,0.10038,0.09914,0.11102,0.11224,0.11508,0.10996,0.12296,0.1234,0.10004,0.10052,0.10092,0.10064,0.10094,0.09996,0.11638,0.12218,0.12194,0.12028,0.12404,0.12486,0.10014,0.10298,0.10052,0.10052,0.09926,0.1,0.1144,0.11634,0.11796,0.1174,0.12328,0.12506,0.10308,0.10176,0.10264,0.10656,0.10156,0.09926,0.09886,0.09948,0.09956,0.09912,0.0992,0.10288,0.1016,0.1011,0.10028,0.1002,0.10056
StDev,0.00292831,0.00274718,0.003265425,0.0029858,0.003970768,0.002537124,0.003712816,0.002966985,0.003169858,0.003240833,0.0033544,0.003077824,0.002896204,0.001531992,0.004786126,0.007994561,0.006580046,0.006560107,0.005943652,0.003590682,0.005107543,0.012434951,0.003072784,0.003605135,0.003152459,0.005746477,0.019171515,0.007075875,0.021704769,0.02517882,0.030351656,0.003843826,0.008552894,0.006871317,0.003260828,0.003017118,0.00354161,0.001698529,0.004243819,0.012283322,0.007709929,0.00447303,0.002367066,0.005499364,0.004314858,0.007181017,0.003094027,0.003171277,0.001962906,0.000831865,0.002605379,0.001914941,0.001957805,0.007918207,0.004401704,0.002467387,0.002852543,0.003271391,0.002835137,0.002189292,0.002694068,0.001642255,0.006688946,0.006742996,0.003554856,0.003659645,0.006643267,0.003177735,0.003853829,0.00345572,0.003024401,0.002775428,0.001466288,0.001461164,0.003219938,0.004038316,0.004898979,0.002819042,0.009994398,0.002887386,0.003569734,0.003583713,0.004174686,0.002612087,0.0017126,0.002811227,0.002382646,0.002421363,0.003011146,0.002662705,0.003377425,0.004349138,0.003096773,0.003227538,0.003567212,0.003079448
1;2,0.1018,0.1029,0.103,0.1035,0.1034,0.103,0.1041,0.1027,0.1031,0.1024,0.1026,0.1031,0.1029,0.1112,0.1176,0.1114,0.1211,0.1144,0.1208,0.1103,0.1101,0.1136,0.1029,0.1033,0.1026,0.1191,0.1157,0.1173,0.1139,0.1198,0.1174,0.1134,0.113,0.1162,0.1031,0.1028,0.103,0.1144,0.1122,0.1134,0.1134,0.1175,0.1147,0.1166,0.1137,0.1193,0.1041,0.1037,0.1017,0.1121,0.1105,0.1132,0.1098,0.1193,0.1211,0.1035,0.1033,0.1043,0.1036,0.1027,0.1027,0.1167,0.1176,0.1169,0.1175,0.1216,0.1204,0.1038,0.1069,0.1043,0.1034,0.1024,0.1013,0.1144,0.1143,0.1149,0.1144,0.1216,0.1188,0.1056,0.1051,0.1063,0.107,0.104,0.1007,0.1026,0.1021,0.1018,0.1029,0.1028,0.1082,0.1054,0.105,0.1035,0.104,0.1044
2;1,0.0964,0.0972,0.0968,0.0974,0.0971,0.098,0.0974,0.0973,0.0975,0.0965,0.0968,0.0974,0.0966,0.1106,0.1211,0.1159,0.1266,0.1168,0.1304,0.1154,0.118,0.1201,0.0974,0.0974,0.0956,0.1207,0.1266,0.1261,0.1225,0.1301,0.1221,0.1182,0.1205,0.1239,0.0981,0.0997,0.0965,0.1143,0.1149,0.1189,0.1191,0.1199,0.1158,0.1274,0.1211,0.1244,0.0982,0.0994,0.0985,0.1106,0.1135,0.116,0.1104,0.1236,0.1258,0.0991,0.0976,0.0997,0.1003,0.0992,0.0979,0.117,0.1236,0.1211,0.1238,0.1251,0.1278,0.0974,0.1011,0.0983,0.0999,0.0983,0.1009,0.1147,0.1176,0.1192,0.1195,0.126,0.122,0.1014,0.0994,0.1008,0.1033,0.099,0.1012,0.0974,0.1014,0.1016,0.0973,0.0979,0.102,0.098,0.0998,0.099,0.0979,0.0974
2;2,0.1032,0.1028,0.1029,0.103,0.1058,0.1028,0.1044,0.1016,0.1023,0.1021,0.1024,0.102,0.1026,0.1113,0.1191,0.1133,0.12,0.1153,0.1229,0.1117,0.1122,0.1142,0.1027,0.1035,0.1029,0.1203,0.1168,0.1208,0.1149,0.1236,0.1187,0.1151,0.1152,0.117,0.1038,0.1032,0.1031,0.114,0.1138,0.1143,0.1154,0.1185,0.1154,0.1175,0.1151,0.1213,0.103,0.1036,0.1004,0.1108,0.1125,0.1147,0.1113,0.1195,0.1212,0.1017,0.1038,0.1043,0.1035,0.1038,0.1031,0.1156,0.1196,0.1193,0.1194,0.1238,0.1221,0.1032,0.1073,0.1042,0.1038,0.1019,0.1005,0.1142,0.1162,0.1171,0.1163,0.1227,0.1248,0.1067,0.106,0.1066,0.1121,0.1039,0.0993,0.1009,0.0998,0.1003,0.1018,0.1011,0.1039,0.1072,0.1036,0.1036,0.1036,0.1032
2;3,0.0995,0.0984,0.0981,0.0982,0.0983,0.0983,0.098,0.098,0.0979,0.098,0.0979,0.1009,0.0984,0.1102,0.1162,0.1095,0.1153,0.1125,0.1173,0.1074,0.1077,0.1112,0.0979,0.0981,0.0988,0.1196,0.1137,0.1175,0.1122,0.1191,0.1159,0.1103,0.1104,0.1135,0.098,0.0977,0.0979,0.1113,0.1102,0.1105,0.1115,0.1147,0.1121,0.1125,0.1101,0.1192,0.0987,0.0987,0.0985,0.11,0.109,0.1136,0.1067,0.1161,0.119,0.0979,0.0995,0.0994,0.0981,0.0989,0.0983,0.1141,0.1169,0.1187,0.1165,0.1201,0.1189,0.0992,0.1007,0.0987,0.0987,0.0977,0.0997,0.1123,0.1126,0.1143,0.1121,0.1198,0.1175,0.1016,0.1003,0.1008,0.1017,0.0986,0.0974,0.0977,0.0974,0.0978,0.0974,0.0979,0.1007,0.0989,0.0996,0.0992,0.0997,0.0983
3;2,0.0971,0.0981,0.0964,0.0979,0.0973,0.1025,0.0971,0.0957,0.0959,0.0953,0.0952,0.0959,0.0978,0.1141,0.1284,0.1296,0.1324,0.129,0.1307,0.116,0.1196,0.1416,0.0965,0.0956,0.0978,0.1327,0.1596,0.1341,0.1636,0.1786,0.1862,0.12,0.132,0.1304,0.0967,0.0964,0.0958,0.116,0.1214,0.1409,0.1309,0.1267,0.1187,0.1197,0.1188,0.1364,0.0972,0.0965,0.0966,0.1116,0.1157,0.1179,0.1116,0.1363,0.1299,0.098,0.0984,0.0969,0.0977,0.1001,0.0978,0.1185,0.1332,0.1337,0.1242,0.1296,0.1351,0.0971,0.0989,0.0971,0.0968,0.096,0.0976,0.1164,0.121,0.1243,0.1247,0.1263,0.1422,0.1001,0.098,0.0987,0.1087,0.1023,0.0977,0.0957,0.0967,0.0963,0.0962,0.0963,0.0996,0.0985,0.0975,0.0961,0.0958,0.0995
,,,,,,,,,,,,,,,,,,,,,,,,,,,,,,,,,,,,,,,,,,,,,,,,,,,,,,,,,,,,,,,,,,,,,,,,,,,,,,,,,,,,,,,,,,,,,,,,
End Time,,,,2025-07-29 13:53:05,,,,,,,,,,,,,,,,,,,,,,,,,,,,,,,,,,,,,,,,,,,,,,,,,,,,,,,,,,,,,,,,,,,,,,,,,,,,,,,,,,,,,,,,,,,,
,,,,,,,,,,,,,,,,,,,,,,,,,,,,,,,,,,,,,,,,,,,,,,,,,,,,,,,,,,,,,,,,,,,,,,,,,,,,,,,,,,,,,,,,,,,,,,,,
Mode,Kinetic,,,,,,,,,,,,,,,,,,,,,,,,,,,,,,,,,,,,,,,,,,,,,,,,,,,,,,,,,,,,,,,,,,,,,,,,,,,,,,,,,,,,,,,,,,,,,,,
Kinetic cycles,,,,96,,,,,,,,,,,,,,,,,,,,,,,,,,,,,,,,,,,,,,,,,,,,,,,,,,,,,,,,,,,,,,,,,,,,,,,,,,,,,,,,,,,,,,,,,,,,
Interval time,,,,00:30:00,hh:mm:ss,,,,,,,,,,,,,,,,,,,,,,,,,,,,,,,,,,,,,,,,,,,,,,,,,,,,,,,,,,,,,,,,,,,,,,,,,,,,,,,,,,,,,,,,,,,
,,,,,,,,,,,,,,,,,,,,,,,,,,,,,,,,,,,,,,,,,,,,,,,,,,,,,,,,,,,,,,,,,,,,,,,,,,,,,,,,,,,,,,,,,,,,,,,,
Mode,Condition,,,,,,,,,,,,,,,,,,,,,,,,,,,,,,,,,,,,,,,,,,,,,,,,,,,,,,,,,,,,,,,,,,,,,,,,,,,,,,,,,,,,,,,,,,,,,,,
Type,,,,Start at cycle,,,,,,,,,,,,,,,,,,,,,,,,,,,,,,,,,,,,,,,,,,,,,,,,,,,,,,,,,,,,,,,,,,,,,,,,,,,,,,,,,,,,,,,,,,,,
Executed continuously,,,,,,,,,,,,,,,,,,,,,,,,,,,,,,,,,,,,,,,,,,,,,,,,,,,,,,,,,,,,,,,,,,,,,,,,,,,,,,,,,,,,,,,,,,,,,,,,
Operation,,,,at cycle 1,,,,,,,,,,,,,,,,,,,,,,,,,,,,,,,,,,,,,,,,,,,,,,,,,,,,,,,,,,,,,,,,,,,,,,,,,,,,,,,,,,,,,,,,,,,,
,,,,,,,,,,,,,,,,,,,,,,,,,,,,,,,,,,,,,,,,,,,,,,,,,,,,,,,,,,,,,,,,,,,,,,,,,,,,,,,,,,,,,,,,,,,,,,,,
Temperature control,,,,On,,,,,,,,,,,,,,,,,,,,,,,,,,,,,,,,,,,,,,,,,,,,,,,,,,,,,,,,,,,,,,,,,,,,,,,,,,,,,,,,,,,,,,,,,,,,
Target temperature,,,,30,°C,,,,,,,,,,,,,,,,,,,,,,,,,,,,,,,,,,,,,,,,,,,,,,,,,,,,,,,,,,,,,,,,,,,,,,,,,,,,,,,,,,,,,,,,,,,
,,,,,,,,,,,,,,,,,,,,,,,,,,,,,,,,,,,,,,,,,,,,,,,,,,,,,,,,,,,,,,,,,,,,,,,,,,,,,,,,,,,,,,,,,,,,,,,,
Shaking (Orbital) Duration,,,,5,s,,,,,,,,,,,,,,,,,,,,,,,,,,,,,,,,,,,,,,,,,,,,,,,,,,,,,,,,,,,,,,,,,,,,,,,,,,,,,,,,,,,,,,,,,,,
Shaking (Orbital) Position,,,,Current,,,,,,,,,,,,,,,,,,,,,,,,,,,,,,,,,,,,,,,,,,,,,,,,,,,,,,,,,,,,,,,,,,,,,,,,,,,,,,,,,,,,,,,,,,,,
Shaking (Orbital) Amplitude,,,,1,mm,,,,,,,,,,,,,,,,,,,,,,,,,,,,,,,,,,,,,,,,,,,,,,,,,,,,,,,,,,,,,,,,,,,,,,,,,,,,,,,,,,,,,,,,,,,
Shaking (Orbital) Frequency,,,,510,rpm,,,,,,,,,,,,,,,,,,,,,,,,,,,,,,,,,,,,,,,,,,,,,,,,,,,,,,,,,,,,,,,,,,,,,,,,,,,,,,,,,,,,,,,,,,,
,,,,,,,,,,,,,,,,,,,,,,,,,,,,,,,,,,,,,,,,,,,,,,,,,,,,,,,,,,,,,,,,,,,,,,,,,,,,,,,,,,,,,,,,,,,,,,,,
Mode,Absorbance,,,,,,,,,,,,,,,,,,,,,,,,,,,,,,,,,,,,,,,,,,,,,,,,,,,,,,,,,,,,,,,,,,,,,,,,,,,,,,,,,,,,,,,,,,,,,,,
Measurement wavelength,,,,600,nm,,,,,,,,,,,,,,,,,,,,,,,,,,,,,,,,,,,,,,,,,,,,,,,,,,,,,,,,,,,,,,,,,,,,,,,,,,,,,,,,,,,,,,,,,,,
Number of flashes,,,,10,,,,,,,,,,,,,,,,,,,,,,,,,,,,,,,,,,,,,,,,,,,,,,,,,,,,,,,,,,,,,,,,,,,,,,,,,,,,,,,,,,,,,,,,,,,,
Settle time,,,,50,ms,,,,,,,,,,,,,,,,,,,,,,,,,,,,,,,,,,,,,,,,,,,,,,,,,,,,,,,,,,,,,,,,,,,,,,,,,,,,,,,,,,,,,,,,,,,
Multiple Reads per Well (Circle (filled)),,,,3 x 3,,,,,,,,,,,,,,,,,,,,,,,,,,,,,,,,,,,,,,,,,,,,,,,,,,,,,,,,,,,,,,,,,,,,,,,,,,,,,,,,,,,,,,,,,,,,
Multiple Reads per Well (Border),,,,500,µm,,,,,,,,,,,,,,,,,,,,,,,,,,,,,,,,,,,,,,,,,,,,,,,,,,,,,,,,,,,,,,,,,,,,,,,,,,,,,,,,,,,,,,,,,,,
Part of Plate,,,,A1-H12,,,,,,,,,,,,,,,,,,,,,,,,,,,,,,,,,,,,,,,,,,,,,,,,,,,,,,,,,,,,,,,,,,,,,,,,,,,,,,,,,,,,,,,,,,,,
,,,,,,,,,,,,,,,,,,,,,,,,,,,,,,,,,,,,,,,,,,,,,,,,,,,,,,,,,,,,,,,,,,,,,,,,,,,,,,,,,,,,,,,,,,,,,,,,
Start Time,,,,2025-07-29 13:53:10,,,,,,,,,,,,,,,,,,,,,,,,,,,,,,,,,,,,,,,,,,,,,,,,,,,,,,,,,,,,,,,,,,,,,,,,,,,,,,,,,,,,,,,,,,,,
,,,,,,,,,,,,,,,,,,,,,,,,,,,,,,,,,,,,,,,,,,,,,,,,,,,,,,,,,,,,,,,,,,,,,,,,,,,,,,,,,,,,,,,,,,,,,,,,
Growth,,,,,,,,,,,,,,,,,,,,,,,,,,,,,,,,,,,,,,,,,,,,,,,,,,,,,,,,,,,,,,,,,,,,,,,,,,,,,,,,,,,,,,,,,,,,,,,,
,1;2,,,,,,,,,,,,,,,,,,,,,,,,,,,,,,,,,,,,,,,,,,,,,,,,,,,,,,,,,,,,,,,,,,,,,,,,,,,,,,,,,,,,,,,,,,,,,,,
2;1,2;2,2;3,,,,,,,,,,,,,,,,,,,,,,,,,,,,,,,,,,,,,,,,,,,,,,,,,,,,,,,,,,,,,,,,,,,,,,,,,,,,,,,,,,,,,,,,,,,,,,
,3;2,,,,,,,,,,,,,,,,,,,,,,,,,,,,,,,,,,,,,,,,,,,,,,,,,,,,,,,,,,,,,,,,,,,,,,,,,,,,,,,,,,,,,,,,,,,,,,,
Cycles / Well,,,,,,,,,,,,,,,,,,,,,,,,,,,,,,,,,,,,,,,,,,,,,,,,,,,,,,,,,,,,,,,,,,,,,,,,,,,,,,,,,,,,,,,,,,,,,,,,
A1,1,2,3,4,5,6,7,8,9,10,11,12,13,14,15,16,17,18,19,20,21,22,23,24,25,26,27,28,29,30,31,32,33,34,35,36,37,38,39,40,41,42,43,44,45,46,47,48,49,50,51,52,53,54,55,56,57,58,59,60,61,62,63,64,65,66,67,68,69,70,71,72,73,74,75,76,77,78,79,80,81,82,83,84,85,86,87,88,89,90,91,92,93,94,95,96
Time [s],0,1799.806,3599.729,5399.66,7199.597,8999.513,10799.458,12599.364,14399.311,16199.219,17999.129,19799.077,21599.014,23398.929,25198.853,26998.776,28798.721,30598.646,32398.579,34198.515,35998.426,37798.366,39598.295,41398.224,43198.149,44998.073,46797.997,48597.934,50397.855,52197.79,53997.709,55797.648,57597.562,59397.496,61197.415,62997.353,64797.279,66597.204,68397.129,70197.065,71996.967,73796.9,75596.814,77396.765,79196.693,80996.622,82796.528,84596.475,86396.393,88196.312,89996.248,91796.18,93596.114,95396.034,97195.966,98995.894,100795.82,102595.755,104395.67,106195.606,107995.535,109795.451,111595.395,113395.325,115195.239,116995.182,118795.096,120595.023,122394.949,124194.883,125994.805,127794.735,129594.672,131394.601,133194.53,134994.454,136794.373,138594.307,140394.225,142194.153,143994.083,145794.008,147593.92,149393.863,151193.795,152993.716,154793.66,156593.577,158393.507,160193.44,161993.355,163793.28,165593.216,167393.131,169193.06,170993.004
Temp. [°C],20,29.7,30.1,30,30,30.1,30,29.9,29.9,29.9,30,30,29.9,29.9,30.1,29.9,30,30,29.9,29.9,30,30,30,30.1,30,30.1,29.9,30,30,30.1,30,30.1,30.1,29.9,29.9,30,29.9,30.1,29.8,30,30.1,30.1,29.9,30.1,30,30.1,30.1,30.1,29.9,30,30,30,30,30.1,30,30,30.1,30,30,30,30,29.9,30.1,30.1,30,30,30,30,30,29.9,30,30,30,30,30,30.1,30.1,30.1,30.1,30.1,29.9,29.9,30.1,30.1,29.9,29.9,29.9,30.1,30,30,30.1,30,30.1,30,30.1,29.9
Mean,0.09938,0.09898,0.09916,0.09894,0.09902,0.09894,0.09898,0.09906,0.09904,0.0991,0.09928,0.0992,0.09922,0.09932,0.09946,0.09952,0.09938,0.09952,0.09944,0.09952,0.09958,0.09946,0.0994,0.09956,0.0996,0.09956,0.09958,0.0997,0.0998,0.09992,0.0999,0.10008,0.09992,0.10002,0.10024,0.10034,0.10018,0.10026,0.10028,0.1004,0.10048,0.10054,0.10058,0.1008,0.10058,0.10078,0.10086,0.1011,0.1008,0.10098,0.10098,0.10096,0.10064,0.10094,0.10082,0.10104,0.1011,0.1013,0.1013,0.1012,0.10112,0.1015,0.1015,0.10168,0.10184,0.1018,0.10166,0.10168,0.10194,0.102,0.10202,0.10216,0.10218,0.10214,0.10236,0.10244,0.10256,0.10288,0.10286,0.10276,0.10314,0.1036,0.10378,0.10348,0.10364,0.10388,0.10386,0.10426,0.10378,0.10414,0.10418,0.10438,0.10454,0.10488,0.10482,0.10474
StDev,0.003073597,0.003090631,0.00302043,0.002985465,0.002972709,0.002982113,0.002877846,0.00279875,0.002906544,0.002821347,0.002813716,0.002767671,0.002779748,0.002759891,0.00272727,0.002819042,0.002714222,0.002796784,0.002735507,0.002791415,0.002834078,0.002786216,0.002783882,0.002850088,0.0029,0.002789803,0.002929505,0.003023243,0.00310725,0.00318308,0.003257299,0.003434676,0.003301818,0.003408372,0.003754064,0.003926576,0.003679946,0.003861735,0.004020821,0.004032989,0.004033857,0.004343731,0.00433728,0.004820788,0.00444882,0.004830838,0.005047078,0.005485891,0.004849227,0.005210758,0.005363954,0.005272855,0.004805518,0.005214691,0.005134394,0.005547342,0.005600893,0.006133107,0.006011239,0.005809045,0.005816958,0.006736097,0.006858207,0.006939164,0.007229315,0.007336552,0.007294039,0.007249966,0.007419771,0.007754031,0.007711809,0.008152178,0.008134617,0.008154937,0.008711659,0.008747171,0.009167497,0.009901111,0.009770517,0.009518561,0.010340358,0.011346145,0.011787578,0.011186018,0.011570782,0.011885369,0.012221211,0.012697559,0.011828229,0.012605872,0.012582011,0.0130762,0.013422481,0.01439625,0.014257174,0.013962557
1;2,0.1017,0.1016,0.1019,0.1017,0.1016,0.1016,0.1016,0.1016,0.1017,0.1017,0.1018,0.1017,0.1017,0.1016,0.1017,0.1017,0.1015,0.1017,0.1017,0.1016,0.1016,0.1015,0.1015,0.1016,0.1015,0.1013,0.1014,0.1014,0.1014,0.1014,0.1015,0.1014,0.1013,0.1012,0.1013,0.1014,0.1014,0.1012,0.1012,0.1014,0.1013,0.1013,0.1012,0.1011,0.1012,0.1012,0.1011,0.1013,0.1011,0.1011,0.1011,0.101,0.1008,0.1009,0.1009,0.101,0.101,0.1009,0.1009,0.1009,0.1008,0.1008,0.1008,0.1009,0.1009,0.1007,0.1006,0.1007,0.1008,0.1007,0.1007,0.1007,0.1007,0.1006,0.1005,0.1006,0.1006,0.1005,0.1004,0.1006,0.1005,0.1006,0.1005,0.1004,0.1003,0.1005,0.1002,0.1003,0.1003,0.1002,0.1003,0.1004,0.1002,0.1002,0.1001,0.1001
2;1,0.0963,0.0959,0.0962,0.0962,0.0962,0.0961,0.0962,0.0963,0.0961,0.0961,0.0962,0.0961,0.096,0.096,0.0962,0.096,0.096,0.096,0.096,0.096,0.096,0.096,0.0959,0.0959,0.0959,0.096,0.0958,0.0958,0.0959,0.096,0.0958,0.0959,0.0959,0.0958,0.0958,0.0957,0.0958,0.0958,0.0958,0.0958,0.0959,0.0959,0.0958,0.0958,0.0958,0.0959,0.0958,0.0958,0.0958,0.0959,0.0958,0.0958,0.0958,0.0958,0.0958,0.0957,0.0958,0.0957,0.0958,0.0959,0.0957,0.0957,0.0956,0.0958,0.0958,0.0958,0.0957,0.0957,0.0959,0.0958,0.0959,0.0957,0.0957,0.0958,0.0958,0.0958,0.0957,0.0957,0.0959,0.0958,0.0958,0.0958,0.0958,0.0958,0.0959,0.0959,0.0958,0.0961,0.096,0.096,0.0961,0.0961,0.0961,0.096,0.0961,0.0962
2;2,0.1032,0.1028,0.1028,0.1025,0.1027,0.1026,0.1025,0.1025,0.1026,0.1025,0.1027,0.1025,0.1025,0.1026,0.1026,0.1026,0.1024,0.1025,0.1024,0.1024,0.1025,0.1024,0.1023,0.1024,0.1024,0.1024,0.1024,0.1024,0.1024,0.1024,0.1024,0.1024,0.1023,0.1023,0.1023,0.1024,0.1024,0.1023,0.1022,0.1023,0.1025,0.1023,0.1023,0.1023,0.1023,0.1022,0.1023,0.1023,0.1024,0.1023,0.1022,0.1023,0.1023,0.1023,0.1022,0.1023,0.1023,0.1022,0.1022,0.1022,0.1022,0.1021,0.1021,0.1021,0.1022,0.1021,0.1019,0.102,0.1022,0.1021,0.1023,0.1021,0.1021,0.1021,0.102,0.1022,0.1021,0.1021,0.102,0.102,0.1021,0.1021,0.1021,0.1021,0.102,0.1021,0.102,0.1021,0.1021,0.1021,0.1021,0.102,0.1021,0.102,0.102,0.102
2;3,0.0992,0.0982,0.0982,0.098,0.0981,0.0979,0.0978,0.0978,0.0975,0.0975,0.0977,0.0975,0.0975,0.0975,0.0974,0.0973,0.0973,0.0973,0.0974,0.0972,0.0972,0.0971,0.0971,0.0972,0.0971,0.0972,0.0971,0.0971,0.097,0.097,0.097,0.097,0.0969,0.0971,0.097,0.097,0.0969,0.0969,0.0967,0.0969,0.097,0.0967,0.097,0.0969,0.0968,0.0967,0.0967,0.0966,0.0968,0.0967,0.0966,0.0967,0.0966,0.0968,0.0966,0.0966,0.0966,0.0966,0.0967,0.0966,0.0966,0.0964,0.0963,0.0965,0.0965,0.0964,0.0963,0.0963,0.0965,0.0964,0.0963,0.0964,0.0965,0.0963,0.0963,0.0963,0.0962,0.0962,0.0963,0.0963,0.0963,0.0962,0.0962,0.0962,0.0962,0.0963,0.0961,0.0963,0.0961,0.0962,0.0962,0.0961,0.0962,0.096,0.096,0.0961
3;2,0.0965,0.0964,0.0967,0.0963,0.0965,0.0965,0.0968,0.0971,0.0973,0.0977,0.098,0.0982,0.0984,0.0989,0.0994,0.1,0.0997,0.1001,0.0997,0.1004,0.1006,0.1003,0.1002,0.1007,0.1011,0.1009,0.1012,0.1018,0.1023,0.1028,0.1028,0.1037,0.1032,0.1037,0.1048,0.1052,0.1044,0.1051,0.1055,0.1056,0.1057,0.1065,0.1066,0.1079,0.1068,0.1079,0.1084,0.1095,0.1079,0.1089,0.1092,0.109,0.1077,0.1089,0.1086,0.1096,0.1098,0.1111,0.1109,0.1104,0.1103,0.1125,0.1127,0.1131,0.1138,0.114,0.1138,0.1137,0.1143,0.115,0.1149,0.1159,0.1159,0.1159,0.1172,0.1173,0.1182,0.1199,0.1197,0.1191,0.121,0.1233,0.1243,0.1229,0.1238,0.1246,0.1252,0.1265,0.1244,0.1262,0.1262,0.1273,0.1281,0.1302,0.1299,0.1293
,,,,,,,,,,,,,,,,,,,,,,,,,,,,,,,,,,,,,,,,,,,,,,,,,,,,,,,,,,,,,,,,,,,,,,,,,,,,,,,,,,,,,,,,,,,,,,,,
Cycles / Well,,,,,,,,,,,,,,,,,,,,,,,,,,,,,,,,,,,,,,,,,,,,,,,,,,,,,,,,,,,,,,,,,,,,,,,,,,,,,,,,,,,,,,,,,,,,,,,,
A2,1,2,3,4,5,6,7,8,9,10,11,12,13,14,15,16,17,18,19,20,21,22,23,24,25,26,27,28,29,30,31,32,33,34,35,36,37,38,39,40,41,42,43,44,45,46,47,48,49,50,51,52,53,54,55,56,57,58,59,60,61,62,63,64,65,66,67,68,69,70,71,72,73,74,75,76,77,78,79,80,81,82,83,84,85,86,87,88,89,90,91,92,93,94,95,96
Time [s],0,1799.806,3599.729,5399.66,7199.597,8999.513,10799.458,12599.364,14399.311,16199.219,17999.129,19799.077,21599.014,23398.929,25198.853,26998.776,28798.721,30598.646,32398.579,34198.515,35998.426,37798.366,39598.295,41398.224,43198.149,44998.073,46797.997,48597.934,50397.855,52197.79,53997.709,55797.648,57597.562,59397.496,61197.415,62997.353,64797.279,66597.204,68397.129,70197.065,71996.967,73796.9,75596.814,77396.765,79196.693,80996.622,82796.528,84596.475,86396.393,88196.312,89996.248,91796.18,93596.114,95396.034,97195.966,98995.894,100795.82,102595.755,104395.67,106195.606,107995.535,109795.451,111595.395,113395.325,115195.239,116995.182,118795.096,120595.023,122394.949,124194.883,125994.805,127794.735,129594.672,131394.601,133194.53,134994.454,136794.373,138594.307,140394.225,142194.153,143994.083,145794.008,147593.92,149393.863,151193.795,152993.716,154793.66,156593.577,158393.507,160193.44,161993.355,163793.28,165593.216,167393.131,169193.06,170993.004
Temp. [°C],20,29.7,30.1,30,30,30.1,30,29.9,29.9,29.9,30,30,29.9,29.9,30.1,29.9,30,30,29.9,29.9,30,30,30,30.1,30,30.1,29.9,30,30,30.1,30,30.1,30.1,29.9,29.9,30,29.9,30.1,29.8,30,30.1,30.1,29.9,30.1,30,30.1,30.1,30.1,29.9,30,30,30,30,30.1,30,30,30.1,30,30,30,30,29.9,30.1,30.1,30,30,30,30,30,29.9,30,30,30,30,30,30.1,30.1,30.1,30.1,30.1,29.9,29.9,30.1,30.1,29.9,29.9,29.9,30.1,30,30,30.1,30,30.1,30,30.1,29.9
Mean,0.09968,0.0995,0.09964,0.09944,0.09952,0.09954,0.09954,0.09962,0.09948,0.09962,0.09976,0.09972,0.09978,0.09992,0.09998,0.10002,0.09992,0.09998,0.09984,0.09998,0.10016,0.0999,0.09996,0.10016,0.10022,0.10024,0.10038,0.1005,0.10052,0.10062,0.1006,0.10086,0.10072,0.10066,0.10088,0.10114,0.10088,0.10102,0.10098,0.10126,0.1013,0.10132,0.10148,0.10166,0.10156,0.10166,0.10174,0.10198,0.10198,0.10198,0.10178,0.10192,0.10156,0.10184,0.10176,0.10196,0.10184,0.10224,0.10226,0.10214,0.10188,0.10242,0.10238,0.10244,0.10246,0.10246,0.10234,0.10244,0.10232,0.10266,0.1024,0.10268,0.10276,0.1026,0.10274,0.10276,0.10296,0.10314,0.10316,0.103,0.10324,0.10362,0.1037,0.1033,0.10368,0.10358,0.1037,0.10394,0.10342,0.10368,0.10382,0.10402,0.10382,0.10412,0.104,0.1039
StDev,0.002835842,0.002700926,0.002664207,0.00272727,0.002668708,0.002644428,0.00259191,0.002513364,0.002591718,0.002582053,0.002542243,0.002494394,0.002437622,0.0025014,0.00254303,0.002572353,0.002507389,0.002558711,0.002559883,0.002602307,0.002582247,0.002580698,0.002636854,0.002740985,0.002793206,0.002850965,0.002818155,0.003070016,0.003072784,0.003393671,0.003484968,0.003737379,0.003530156,0.003478937,0.00379302,0.004211057,0.003673826,0.004113636,0.004072714,0.004338548,0.00446934,0.004635407,0.004773573,0.005275699,0.005238607,0.005410915,0.00553019,0.006068937,0.005907368,0.006010574,0.0056229,0.005912022,0.005131082,0.005746999,0.005689728,0.006110074,0.005906183,0.006668058,0.006787709,0.00656224,0.006086214,0.007162541,0.007348265,0.007158422,0.00724624,0.00730842,0.007204374,0.007309104,0.007012631,0.007606773,0.007060807,0.007800449,0.008045682,0.007753064,0.00795946,0.008091848,0.008364389,0.008960636,0.008883862,0.008586617,0.008901011,0.009826088,0.009951131,0.009307255,0.010125068,0.009874057,0.010313341,0.010628876,0.009564884,0.010173839,0.010367353,0.010825294,0.010404182,0.011129106,0.011048077,0.010649883
1;2,0.1028,0.1025,0.1025,0.1023,0.1023,0.1023,0.1022,0.1023,0.1022,0.1023,0.1024,0.1022,0.1021,0.1023,0.1023,0.1022,0.1022,0.1023,0.1022,0.1021,0.1022,0.102,0.102,0.1021,0.102,0.1021,0.102,0.102,0.1021,0.102,0.102,0.102,0.102,0.1019,0.102,0.1021,0.1019,0.102,0.1019,0.102,0.102,0.1019,0.102,0.102,0.102,0.1018,0.1019,0.102,0.102,0.1019,0.1019,0.1017,0.1017,0.1017,0.1016,0.1018,0.1018,0.1017,0.1017,0.1017,0.1017,0.1017,0.1016,0.1018,0.1017,0.1017,0.1016,0.1016,0.1017,0.1016,0.1016,0.1015,0.1016,0.1015,0.1016,0.1015,0.1016,0.1016,0.1015,0.1015,0.1016,0.1016,0.1016,0.1015,0.1015,0.1016,0.1013,0.1015,0.1014,0.1014,0.1015,0.1016,0.1014,0.1014,0.1014,0.1014
2;1,0.0971,0.0968,0.097,0.0969,0.0969,0.097,0.0968,0.0969,0.0968,0.0967,0.0969,0.0969,0.0968,0.0968,0.0968,0.0967,0.0967,0.0967,0.0967,0.0966,0.0968,0.0966,0.0966,0.0966,0.0966,0.0966,0.0967,0.0966,0.0967,0.0965,0.0965,0.0966,0.0967,0.0967,0.0966,0.0966,0.0968,0.0966,0.0966,0.0967,0.0967,0.0966,0.0967,0.0966,0.0965,0.0966,0.0966,0.0966,0.0967,0.0966,0.0967,0.0966,0.0967,0.0967,0.0966,0.0966,0.0966,0.0966,0.0966,0.0966,0.0967,0.0966,0.0965,0.0967,0.0966,0.0965,0.0965,0.0966,0.0967,0.0967,0.0967,0.0966,0.0965,0.0965,0.0965,0.0965,0.0966,0.0965,0.0966,0.0966,0.0967,0.0966,0.0967,0.0964,0.0965,0.0965,0.0965,0.0965,0.0966,0.0965,0.0966,0.0965,0.0966,0.0965,0.0964,0.0966
2;2,0.1027,0.1023,0.1025,0.1024,0.1024,0.1024,0.1024,0.1023,0.1023,0.1024,0.1025,0.1025,0.1024,0.1025,0.1025,0.1025,0.1023,0.1024,0.1024,0.1022,0.1024,0.1022,0.1024,0.1024,0.1024,0.1023,0.1024,0.1023,0.1023,0.1023,0.1022,0.1024,0.1023,0.1022,0.1023,0.1023,0.1024,0.1022,0.1022,0.1023,0.1023,0.1022,0.1024,0.1023,0.1022,0.1023,0.1023,0.1022,0.1023,0.1023,0.1021,0.1023,0.1023,0.1023,0.1023,0.1022,0.1021,0.1022,0.1023,0.1021,0.1021,0.1022,0.1021,0.1022,0.1022,0.1022,0.1021,0.1022,0.1022,0.1023,0.1023,0.1022,0.1022,0.1022,0.1023,0.1022,0.1023,0.1021,0.1022,0.1021,0.1023,0.1022,0.1023,0.1022,0.1022,0.1023,0.1021,0.1022,0.1023,0.1022,0.1022,0.1023,0.1021,0.1022,0.1022,0.1022
2;3,0.0983,0.0983,0.0985,0.0985,0.0987,0.0987,0.0985,0.0984,0.0984,0.0984,0.0984,0.0983,0.0982,0.0982,0.098,0.098,0.098,0.098,0.0978,0.0978,0.098,0.0977,0.0977,0.0978,0.0978,0.0977,0.098,0.0979,0.0978,0.0977,0.0975,0.0976,0.0975,0.0975,0.0976,0.0976,0.0976,0.0975,0.0975,0.0977,0.0976,0.0976,0.0976,0.0975,0.0974,0.0974,0.0974,0.0973,0.0974,0.0974,0.0974,0.0975,0.0975,0.0974,0.0974,0.0973,0.0973,0.0974,0.0972,0.0973,0.0971,0.0972,0.097,0.0971,0.0972,0.0972,0.0971,0.0971,0.097,0.0972,0.0972,0.0972,0.0971,0.0971,0.0971,0.0971,0.0971,0.097,0.0971,0.0971,0.0971,0.0971,0.097,0.0971,0.097,0.0969,0.097,0.0971,0.0969,0.097,0.097,0.0969,0.0971,0.097,0.0968,0.0969
3;2,0.0975,0.0976,0.0977,0.0971,0.0973,0.0973,0.0978,0.0982,0.0977,0.0983,0.0986,0.0987,0.0994,0.0998,0.1003,0.1007,0.1004,0.1005,0.1001,0.1012,0.1014,0.101,0.1011,0.1019,0.1023,0.1025,0.1028,0.1037,0.1037,0.1046,0.1048,0.1057,0.1051,0.105,0.1059,0.1071,0.1057,0.1068,0.1067,0.1076,0.1079,0.1083,0.1087,0.1099,0.1097,0.1102,0.1105,0.1118,0.1115,0.1117,0.1108,0.1115,0.1096,0.1111,0.1109,0.1119,0.1114,0.1133,0.1135,0.113,0.1118,0.1144,0.1147,0.1144,0.1146,0.1147,0.1144,0.1147,0.114,0.1155,0.1142,0.1159,0.1164,0.1157,0.1162,0.1165,0.1172,0.1185,0.1184,0.1177,0.1185,0.1206,0.1209,0.1193,0.1212,0.1206,0.1216,0.1224,0.1199,0.1213,0.1218,0.1228,0.1219,0.1235,0.1232,0.1224
,,,,,,,,,,,,,,,,,,,,,,,,,,,,,,,,,,,,,,,,,,,,,,,,,,,,,,,,,,,,,,,,,,,,,,,,,,,,,,,,,,,,,,,,,,,,,,,,
Cycles / Well,,,,,,,,,,,,,,,,,,,,,,,,,,,,,,,,,,,,,,,,,,,,,,,,,,,,,,,,,,,,,,,,,,,,,,,,,,,,,,,,,,,,,,,,,,,,,,,,
A3,1,2,3,4,5,6,7,8,9,10,11,12,13,14,15,16,17,18,19,20,21,22,23,24,25,26,27,28,29,30,31,32,33,34,35,36,37,38,39,40,41,42,43,44,45,46,47,48,49,50,51,52,53,54,55,56,57,58,59,60,61,62,63,64,65,66,67,68,69,70,71,72,73,74,75,76,77,78,79,80,81,82,83,84,85,86,87,88,89,90,91,92,93,94,95,96
Time [s],0,1799.806,3599.729,5399.66,7199.597,8999.513,10799.458,12599.364,14399.311,16199.219,17999.129,19799.077,21599.014,23398.929,25198.853,26998.776,28798.721,30598.646,32398.579,34198.515,35998.426,37798.366,39598.295,41398.224,43198.149,44998.073,46797.997,48597.934,50397.855,52197.79,53997.709,55797.648,57597.562,59397.496,61197.415,62997.353,64797.279,66597.204,68397.129,70197.065,71996.967,73796.9,75596.814,77396.765,79196.693,80996.622,82796.528,84596.475,86396.393,88196.312,89996.248,91796.18,93596.114,95396.034,97195.966,98995.894,100795.82,102595.755,104395.67,106195.606,107995.535,109795.451,111595.395,113395.325,115195.239,116995.182,118795.096,120595.023,122394.949,124194.883,125994.805,127794.735,129594.672,131394.601,133194.53,134994.454,136794.373,138594.307,140394.225,142194.153,143994.083,145794.008,147593.92,149393.863,151193.795,152993.716,154793.66,156593.577,158393.507,160193.44,161993.355,163793.28,165593.216,167393.131,169193.06,170993.004
Temp. [°C],20,29.7,30.1,30,30,30.1,30,29.9,29.9,29.9,30,30,29.9,29.9,30.1,29.9,30,30,29.9,29.9,30,30,30,30.1,30,30.1,29.9,30,30,30.1,30,30.1,30.1,29.9,29.9,30,29.9,30.1,29.8,30,30.1,30.1,29.9,30.1,30,30.1,30.1,30.1,29.9,30,30,30,30,30.1,30,30,30.1,30,30,30,30,29.9,30.1,30.1,30,30,30,30,30,29.9,30,30,30,30,30,30.1,30.1,30.1,30.1,30.1,29.9,29.9,30.1,30.1,29.9,29.9,29.9,30.1,30,30,30.1,30,30.1,30,30.1,29.9
Mean,0.0993,0.09888,0.09906,0.09892,0.099,0.09906,0.09898,0.099,0.09894,0.09902,0.09922,0.09916,0.0992,0.0992,0.09922,0.09928,0.0993,0.09934,0.0994,0.09948,0.09962,0.09946,0.09956,0.09972,0.09972,0.09984,0.09988,0.09984,0.10012,0.10016,0.10016,0.10032,0.1003,0.1001,0.1004,0.10062,0.10052,0.10052,0.10058,0.10076,0.10082,0.10088,0.10086,0.10126,0.1011,0.10126,0.10116,0.1013,0.10118,0.10128,0.10118,0.10112,0.10092,0.1012,0.10112,0.10124,0.10118,0.1015,0.10148,0.10134,0.10132,0.10154,0.10156,0.10174,0.10168,0.10172,0.10148,0.10168,0.10172,0.10192,0.10174,0.10194,0.10182,0.10196,0.10182,0.10198,0.10218,0.10238,0.10228,0.10216,0.10232,0.1027,0.1028,0.10266,0.10268,0.10278,0.10284,0.1029,0.10282,0.10288,0.10294,0.103,0.1031,0.10322,0.10328,0.10316
StDev,0.003284814,0.003164174,0.003134964,0.003206556,0.003091116,0.003036939,0.003058104,0.003043846,0.003050082,0.003020265,0.002929505,0.002939898,0.002920616,0.002918047,0.002822587,0.002820815,0.002749545,0.002812117,0.002748636,0.002752635,0.002736238,0.002749182,0.00273916,0.002847279,0.002837605,0.002871933,0.002889983,0.002943297,0.003108376,0.003322349,0.003264659,0.003505995,0.003466987,0.003314363,0.003711469,0.003969509,0.003721828,0.003833014,0.004007743,0.004181268,0.004246999,0.004525152,0.004340852,0.005184882,0.004855409,0.005189701,0.005002299,0.005323533,0.005043511,0.005199712,0.005235647,0.004959032,0.004625689,0.005296225,0.004906832,0.005375221,0.005136828,0.005868134,0.005745172,0.005588202,0.005458205,0.005961376,0.006263625,0.006324792,0.006200564,0.006321155,0.006038791,0.006544234,0.006321155,0.00674774,0.006345707,0.006929863,0.006687077,0.007076228,0.006891081,0.007074744,0.007323729,0.008007934,0.007590586,0.007472148,0.007780553,0.008576713,0.008834308,0.008553537,0.008793861,0.008897584,0.009196086,0.009155599,0.009044722,0.009264016,0.009238128,0.009321212,0.009689169,0.010054203,0.010242412,0.009815956
1;2,0.1029,0.1025,0.1026,0.1025,0.1024,0.1024,0.1024,0.1024,0.1023,0.1024,0.1024,0.1024,0.1024,0.1024,0.1023,0.1023,0.1022,0.1023,0.1022,0.1022,0.1022,0.1021,0.1021,0.1022,0.1022,0.1021,0.1021,0.102,0.1021,0.102,0.1021,0.1021,0.1021,0.1019,0.1019,0.102,0.1021,0.102,0.1018,0.102,0.1019,0.1018,0.102,0.1019,0.1019,0.1019,0.1019,0.1019,0.1018,0.1018,0.1016,0.1017,0.1018,0.1017,0.1017,0.1016,0.1017,0.1018,0.1017,0.1018,0.1017,0.1016,0.1015,0.1017,0.1017,0.1016,0.1016,0.1015,0.1016,0.1017,0.1017,0.1016,0.1015,0.1015,0.1014,0.1016,0.1016,0.1015,0.1016,0.1015,0.1015,0.1016,0.1015,0.1015,0.1013,0.1014,0.1013,0.1014,0.1014,0.1013,0.1014,0.1014,0.1013,0.1013,0.1013,0.1014
2;1,0.0966,0.0963,0.0964,0.0963,0.0964,0.0965,0.0963,0.0964,0.0963,0.0963,0.0965,0.0964,0.0963,0.0963,0.0963,0.0962,0.0963,0.0963,0.0963,0.0962,0.0963,0.0962,0.0962,0.0961,0.0962,0.0962,0.0963,0.0961,0.0962,0.0961,0.0961,0.0961,0.0961,0.096,0.096,0.0961,0.0961,0.0961,0.0961,0.096,0.0961,0.096,0.0961,0.0961,0.0961,0.096,0.096,0.096,0.0961,0.0961,0.096,0.0961,0.096,0.096,0.096,0.096,0.0961,0.0959,0.096,0.096,0.096,0.096,0.0958,0.0959,0.096,0.096,0.0959,0.0958,0.096,0.0959,0.0959,0.0959,0.0959,0.0958,0.0958,0.0958,0.0959,0.0958,0.0959,0.0958,0.0958,0.0958,0.0958,0.0958,0.0957,0.0958,0.0956,0.0957,0.0957,0.0957,0.0958,0.0958,0.0957,0.0956,0.0956,0.0957
2;2,0.1028,0.1021,0.1023,0.1023,0.1023,0.1023,0.1022,0.1022,0.1022,0.1022,0.1024,0.1023,0.1023,0.1023,0.1022,0.1022,0.1022,0.1023,0.1023,0.1022,0.1022,0.1022,0.1022,0.1022,0.1022,0.1023,0.1023,0.1022,0.1023,0.1021,0.1021,0.1022,0.1023,0.1021,0.1022,0.1022,0.1023,0.1021,0.1022,0.1023,0.1023,0.1022,0.1021,0.1022,0.1023,0.1022,0.1022,0.1022,0.1021,0.1022,0.1021,0.1023,0.1021,0.1021,0.1023,0.1022,0.1021,0.1022,0.1022,0.1021,0.1023,0.1022,0.1021,0.1022,0.1022,0.1022,0.102,0.102,0.1022,0.1022,0.1023,0.1021,0.1022,0.1021,0.1021,0.1021,0.1022,0.1021,0.1022,0.102,0.1022,0.1021,0.1021,0.1022,0.1021,0.1021,0.1021,0.1021,0.1021,0.102,0.1021,0.1022,0.1021,0.102,0.102,0.102
2;3,0.0978,0.0974,0.0976,0.0973,0.0975,0.0976,0.0974,0.0975,0.0974,0.0974,0.0976,0.0975,0.0973,0.0974,0.0975,0.0973,0.0974,0.0973,0.0974,0.0973,0.0973,0.0972,0.0973,0.0973,0.0972,0.0973,0.0972,0.0972,0.0973,0.0971,0.0972,0.0971,0.0971,0.0971,0.0971,0.0971,0.0972,0.0971,0.097,0.0972,0.0972,0.0971,0.0972,0.097,0.097,0.0971,0.0971,0.097,0.0971,0.0971,0.097,0.097,0.0971,0.0969,0.0972,0.0969,0.097,0.0969,0.097,0.0968,0.0969,0.0969,0.0968,0.097,0.0969,0.0969,0.0968,0.0968,0.0969,0.0969,0.0969,0.0968,0.0968,0.0968,0.0967,0.0968,0.0969,0.0967,0.0968,0.0969,0.0968,0.0968,0.0968,0.0967,0.0967,0.0967,0.0967,0.0968,0.0967,0.0967,0.0967,0.0967,0.0967,0.0967,0.0966,0.0967
3;2,0.0964,0.0961,0.0964,0.0962,0.0964,0.0965,0.0966,0.0965,0.0965,0.0968,0.0972,0.0972,0.0977,0.0976,0.0978,0.0984,0.0984,0.0985,0.0988,0.0995,0.1001,0.0996,0.1,0.1008,0.1008,0.1013,0.1015,0.1017,0.1027,0.1035,0.1033,0.1041,0.1039,0.1034,0.1048,0.1057,0.1049,0.1053,0.1058,0.1063,0.1066,0.1073,0.1069,0.1091,0.1082,0.1091,0.1086,0.1094,0.1088,0.1092,0.1092,0.1085,0.1076,0.1093,0.1084,0.1095,0.109,0.1107,0.1105,0.11,0.1097,0.111,0.1116,0.1119,0.1116,0.1119,0.1111,0.1123,0.1119,0.1129,0.1119,0.1133,0.1127,0.1136,0.1131,0.1136,0.1143,0.1158,0.1149,0.1146,0.1153,0.1172,0.1178,0.1171,0.1176,0.1179,0.1185,0.1185,0.1182,0.1187,0.1187,0.1189,0.1197,0.1205,0.1209,0.12
,,,,,,,,,,,,,,,,,,,,,,,,,,,,,,,,,,,,,,,,,,,,,,,,,,,,,,,,,,,,,,,,,,,,,,,,,,,,,,,,,,,,,,,,,,,,,,,,
Cycles / Well,,,,,,,,,,,,,,,,,,,,,,,,,,,,,,,,,,,,,,,,,,,,,,,,,,,,,,,,,,,,,,,,,,,,,,,,,,,,,,,,,,,,,,,,,,,,,,,,
A4,1,2,3,4,5,6,7,8,9,10,11,12,13,14,15,16,17,18,19,20,21,22,23,24,25,26,27,28,29,30,31,32,33,34,35,36,37,38,39,40,41,42,43,44,45,46,47,48,49,50,51,52,53,54,55,56,57,58,59,60,61,62,63,64,65,66,67,68,69,70,71,72,73,74,75,76,77,78,79,80,81,82,83,84,85,86,87,88,89,90,91,92,93,94,95,96
Time [s],0,1799.806,3599.729,5399.66,7199.597,8999.513,10799.458,12599.364,14399.311,16199.219,17999.129,19799.077,21599.014,23398.929,25198.853,26998.776,28798.721,30598.646,32398.579,34198.515,35998.426,37798.366,39598.295,41398.224,43198.149,44998.073,46797.997,48597.934,50397.855,52197.79,53997.709,55797.648,57597.562,59397.496,61197.415,62997.353,64797.279,66597.204,68397.129,70197.065,71996.967,73796.9,75596.814,77396.765,79196.693,80996.622,82796.528,84596.475,86396.393,88196.312,89996.248,91796.18,93596.114,95396.034,97195.966,98995.894,100795.82,102595.755,104395.67,106195.606,107995.535,109795.451,111595.395,113395.325,115195.239,116995.182,118795.096,120595.023,122394.949,124194.883,125994.805,127794.735,129594.672,131394.601,133194.53,134994.454,136794.373,138594.307,140394.225,142194.153,143994.083,145794.008,147593.92,149393.863,151193.795,152993.716,154793.66,156593.577,158393.507,160193.44,161993.355,163793.28,165593.216,167393.131,169193.06,170993.004
Temp. [°C],20,29.7,30.1,30,30,30.1,30,29.9,29.9,29.9,30,30,29.9,29.9,30.1,29.9,30,30,29.9,29.9,30,30,30,30.1,30,30.1,29.9,30,30,30.1,30,30.1,30.1,29.9,29.9,30,29.9,30.1,29.8,30,30.1,30.1,29.9,30.1,30,30.1,30.1,30.1,29.9,30,30,30,30,30.1,30,30,30.1,30,30,30,30,29.9,30.1,30.1,30,30,30,30,30,29.9,30,30,30,30,30,30.1,30.1,30.1,30.1,30.1,29.9,29.9,30.1,30.1,29.9,29.9,29.9,30.1,30,30,30.1,30,30.1,30,30.1,29.9
Mean,0.09986,0.09952,0.09966,0.0995,0.09954,0.09948,0.09952,0.0996,0.09956,0.09968,0.09984,0.09984,0.09992,0.09996,0.09996,0.10014,0.1,0.1001,0.10008,0.10032,0.10032,0.10024,0.10032,0.10042,0.10042,0.1005,0.1006,0.10068,0.10098,0.10116,0.10102,0.10126,0.10112,0.1011,0.10132,0.10166,0.10168,0.10182,0.1018,0.1021,0.10212,0.10212,0.10224,0.10252,0.10258,0.10266,0.10266,0.10298,0.1029,0.10328,0.10296,0.10284,0.10278,0.10318,0.10316,0.1032,0.10316,0.10362,0.10358,0.1035,0.10338,0.10384,0.104,0.10402,0.10402,0.1041,0.10396,0.10384,0.10418,0.10452,0.10424,0.10446,0.10432,0.10436,0.10438,0.10444,0.105,0.10506,0.10502,0.10494,0.10484,0.10552,0.1057,0.10528,0.10562,0.1058,0.10568,0.106,0.10538,0.10576,0.10586,0.10618,0.10616,0.10652,0.10674,0.10622
StDev,0.003076199,0.002932064,0.002936495,0.002904307,0.002909983,0.002876108,0.002811939,0.002825774,0.002872804,0.002774347,0.002770018,0.002735507,0.002756266,0.002761883,0.002749182,0.002799643,0.002775788,0.002815138,0.002776148,0.002919246,0.002927798,0.002907404,0.003012806,0.003053195,0.003053195,0.003228002,0.003361547,0.003454273,0.003831057,0.004260047,0.003999,0.004342004,0.004157162,0.004272587,0.004564756,0.005222834,0.005096273,0.005548603,0.00567142,0.005966993,0.005956257,0.006162142,0.006259233,0.007032567,0.00713211,0.007336416,0.007279286,0.007839452,0.007734985,0.00847036,0.008093392,0.007815561,0.007506464,0.008363731,0.008426328,0.008722672,0.008409697,0.009390261,0.009485884,0.009149044,0.00905936,0.009983386,0.010652465,0.01036904,0.010309316,0.010759879,0.010577003,0.010366919,0.010716669,0.011512254,0.010870511,0.011586975,0.011199643,0.011430792,0.011425498,0.01155673,0.012605753,0.013073752,0.012819009,0.012546633,0.012425498,0.013873428,0.014245701,0.013556806,0.014301294,0.014644624,0.014480401,0.015084429,0.013675416,0.014497517,0.014716929,0.015319171,0.015416971,0.016329329,0.016711463,0.015498935
1;2,0.1035,0.103,0.1031,0.1028,0.1029,0.1027,0.1027,0.1028,0.1028,0.1028,0.1029,0.1028,0.1028,0.1028,0.1027,0.1027,0.1026,0.1028,0.1026,0.1027,0.1027,0.1027,0.1026,0.1026,0.1026,0.1027,0.1025,0.1027,0.1025,0.1025,0.1024,0.1026,0.1025,0.1024,0.1024,0.1024,0.1026,0.1024,0.1024,0.1025,0.1025,0.1025,0.1024,0.1023,0.1024,0.1023,0.1024,0.1024,0.1024,0.1024,0.1021,0.1023,0.1022,0.1023,0.1022,0.1021,0.1021,0.1022,0.1022,0.1021,0.1022,0.1022,0.102,0.1022,0.1022,0.102,0.102,0.102,0.1021,0.1021,0.1022,0.1019,0.1021,0.1019,0.102,0.1019,0.102,0.1019,0.1019,0.102,0.102,0.102,0.102,0.1018,0.1018,0.102,0.1019,0.1019,0.1019,0.1019,0.1019,0.102,0.1018,0.1018,0.1019,0.1018
2;1,0.0973,0.0969,0.097,0.0968,0.0969,0.0968,0.0967,0.0968,0.0967,0.0968,0.0968,0.0968,0.0967,0.0967,0.0967,0.0966,0.0966,0.0966,0.0966,0.0967,0.0966,0.0966,0.0965,0.0966,0.0966,0.0965,0.0965,0.0965,0.0965,0.0964,0.0964,0.0965,0.0965,0.0963,0.0964,0.0964,0.0965,0.0965,0.0963,0.0964,0.0966,0.0964,0.0965,0.0964,0.0964,0.0965,0.0964,0.0965,0.0964,0.0965,0.0965,0.0964,0.0966,0.0965,0.0965,0.0964,0.0966,0.0965,0.0964,0.0965,0.0964,0.0964,0.0962,0.0965,0.0965,0.0963,0.0963,0.0962,0.0964,0.0964,0.0964,0.0964,0.0963,0.0963,0.0963,0.0963,0.0964,0.0963,0.0963,0.0963,0.0963,0.0962,0.0964,0.0962,0.0962,0.0962,0.0963,0.0962,0.0963,0.0963,0.0963,0.0963,0.0964,0.0962,0.0963,0.0964
2;2,0.1029,0.1024,0.1026,0.1025,0.1025,0.1025,0.1024,0.1025,0.1025,0.1025,0.1026,0.1026,0.1026,0.1027,0.1026,0.1026,0.1025,0.1025,0.1025,0.1025,0.1025,0.1025,0.1023,0.1025,0.1025,0.1025,0.1025,0.1024,0.1026,0.1025,0.1025,0.1025,0.1024,0.1024,0.1025,0.1024,0.1025,0.1025,0.1024,0.1026,0.1024,0.1025,0.1025,0.1024,0.1025,0.1025,0.1024,0.1025,0.1025,0.1025,0.1024,0.1024,0.1025,0.1025,0.1025,0.1024,0.1025,0.1024,0.1024,0.1026,0.1024,0.1024,0.1023,0.1024,0.1024,0.1024,0.1024,0.1023,0.1025,0.1025,0.1026,0.1024,0.1025,0.1024,0.1024,0.1025,0.1025,0.1024,0.1025,0.1026,0.1024,0.1026,0.1024,0.1025,0.1025,0.1024,0.1023,0.1025,0.1026,0.1025,0.1025,0.1026,0.1024,0.1024,0.1025,0.1025
2;3,0.0982,0.0979,0.0979,0.0979,0.0979,0.0979,0.0978,0.098,0.0976,0.0979,0.0979,0.0979,0.0978,0.0979,0.0977,0.0978,0.0976,0.0977,0.0977,0.0976,0.0977,0.0976,0.0976,0.0976,0.0976,0.0975,0.0975,0.0975,0.0976,0.0975,0.0976,0.0975,0.0975,0.0975,0.0975,0.0975,0.0975,0.0973,0.0973,0.0975,0.0975,0.0973,0.0975,0.0974,0.0973,0.0972,0.0974,0.0974,0.0974,0.0974,0.0972,0.0972,0.0973,0.0973,0.0972,0.0971,0.0972,0.0973,0.0971,0.0972,0.0971,0.0972,0.0971,0.0971,0.0972,0.0971,0.0969,0.097,0.0972,0.0971,0.097,0.097,0.097,0.097,0.097,0.097,0.0971,0.0968,0.097,0.097,0.097,0.097,0.097,0.0969,0.0969,0.0969,0.0968,0.0969,0.0968,0.0969,0.0969,0.0969,0.0969,0.0969,0.0968,0.0969
3;2,0.0974,0.0974,0.0977,0.0975,0.0975,0.0975,0.098,0.0979,0.0982,0.0984,0.099,0.0991,0.0997,0.0997,0.1001,0.101,0.1007,0.1009,0.101,0.1021,0.1021,0.1018,0.1026,0.1028,0.1028,0.1033,0.104,0.1043,0.1057,0.1069,0.1062,0.1072,0.1067,0.1069,0.1078,0.1096,0.1093,0.1104,0.1106,0.1115,0.1116,0.1119,0.1123,0.1141,0.1143,0.1148,0.1147,0.1161,0.1158,0.1176,0.1166,0.1159,0.1153,0.1173,0.1174,0.118,0.1174,0.1197,0.1198,0.1191,0.1188,0.121,0.1224,0.1219,0.1218,0.1227,0.1222,0.1217,0.1227,0.1245,0.123,0.1246,0.1237,0.1242,0.1242,0.1245,0.127,0.1279,0.1274,0.1268,0.1265,0.1298,0.1307,0.129,0.1307,0.1315,0.1311,0.1325,0.1293,0.1312,0.1317,0.1331,0.1333,0.1353,0.1362,0.1335
,,,,,,,,,,,,,,,,,,,,,,,,,,,,,,,,,,,,,,,,,,,,,,,,,,,,,,,,,,,,,,,,,,,,,,,,,,,,,,,,,,,,,,,,,,,,,,,,
Cycles / Well,,,,,,,,,,,,,,,,,,,,,,,,,,,,,,,,,,,,,,,,,,,,,,,,,,,,,,,,,,,,,,,,,,,,,,,,,,,,,,,,,,,,,,,,,,,,,,,,
A5,1,2,3,4,5,6,7,8,9,10,11,12,13,14,15,16,17,18,19,20,21,22,23,24,25,26,27,28,29,30,31,32,33,34,35,36,37,38,39,40,41,42,43,44,45,46,47,48,49,50,51,52,53,54,55,56,57,58,59,60,61,62,63,64,65,66,67,68,69,70,71,72,73,74,75,76,77,78,79,80,81,82,83,84,85,86,87,88,89,90,91,92,93,94,95,96
Time [s],0,1799.806,3599.729,5399.66,7199.597,8999.513,10799.458,12599.364,14399.311,16199.219,17999.129,19799.077,21599.014,23398.929,25198.853,26998.776,28798.721,30598.646,32398.579,34198.515,35998.426,37798.366,39598.295,41398.224,43198.149,44998.073,46797.997,48597.934,50397.855,52197.79,53997.709,55797.648,57597.562,59397.496,61197.415,62997.353,64797.279,66597.204,68397.129,70197.065,71996.967,73796.9,75596.814,77396.765,79196.693,80996.622,82796.528,84596.475,86396.393,88196.312,89996.248,91796.18,93596.114,95396.034,97195.966,98995.894,100795.82,102595.755,104395.67,106195.606,107995.535,109795.451,111595.395,113395.325,115195.239,116995.182,118795.096,120595.023,122394.949,124194.883,125994.805,127794.735,129594.672,131394.601,133194.53,134994.454,136794.373,138594.307,140394.225,142194.153,143994.083,145794.008,147593.92,149393.863,151193.795,152993.716,154793.66,156593.577,158393.507,160193.44,161993.355,163793.28,165593.216,167393.131,169193.06,170993.004
Temp. [°C],20,29.7,30.1,30,30,30.1,30,29.9,29.9,29.9,30,30,29.9,29.9,30.1,29.9,30,30,29.9,29.9,30,30,30,30.1,30,30.1,29.9,30,30,30.1,30,30.1,30.1,29.9,29.9,30,29.9,30.1,29.8,30,30.1,30.1,29.9,30.1,30,30.1,30.1,30.1,29.9,30,30,30,30,30.1,30,30,30.1,30,30,30,30,29.9,30.1,30.1,30,30,30,30,30,29.9,30,30,30,30,30,30.1,30.1,30.1,30.1,30.1,29.9,29.9,30.1,30.1,29.9,29.9,29.9,30.1,30,30,30.1,30,30.1,30,30.1,29.9
Mean,0.10024,0.0995,0.0997,0.09948,0.09948,0.09948,0.09944,0.09952,0.09954,0.09958,0.09976,0.09976,0.0998,0.09974,0.09994,0.09992,0.09988,0.09998,0.10008,0.10006,0.10008,0.1001,0.1001,0.10018,0.10014,0.10024,0.10026,0.10042,0.10066,0.10072,0.10058,0.10092,0.10072,0.10076,0.10094,0.10132,0.1011,0.1013,0.10142,0.10156,0.10176,0.10182,0.1018,0.10208,0.10218,0.1022,0.10226,0.10264,0.10242,0.10274,0.10268,0.10254,0.10212,0.1027,0.1026,0.10284,0.1029,0.10322,0.1033,0.10324,0.10316,0.10334,0.1036,0.10368,0.10368,0.10376,0.10376,0.10378,0.10398,0.10424,0.10414,0.10426,0.10446,0.10422,0.10428,0.10434,0.10462,0.1047,0.10494,0.10484,0.10504,0.10546,0.10558,0.10552,0.1054,0.10602,0.10582,0.10614,0.10554,0.10582,0.10622,0.10618,0.10626,0.10648,0.10666,0.10666
StDev,0.004129528,0.003317378,0.003414674,0.003242221,0.003212009,0.003173641,0.003148492,0.003313156,0.003336615,0.003258374,0.003386444,0.003441366,0.003427098,0.003264659,0.003551479,0.003321445,0.003390723,0.003507421,0.003683341,0.003433366,0.003336465,0.003563706,0.003477787,0.003452101,0.003307265,0.003346341,0.003274599,0.003482384,0.003559213,0.003515252,0.003596804,0.003741925,0.003661557,0.003770676,0.00381746,0.004275161,0.003921097,0.004115823,0.004490768,0.0045374,0.004737932,0.004931227,0.004862612,0.005376988,0.005534167,0.005642251,0.005770875,0.006336245,0.005947016,0.00658392,0.00647858,0.006217154,0.005575572,0.006643794,0.006484983,0.006848942,0.006930007,0.007717966,0.007683749,0.007679388,0.007575817,0.008030131,0.008674964,0.00853856,0.008610575,0.008786524,0.009038971,0.008851949,0.009243214,0.009843678,0.009584519,0.010069657,0.01035099,0.010099604,0.010123092,0.01026075,0.010620358,0.011003863,0.011519462,0.01132665,0.011630262,0.012374692,0.012936653,0.012724661,0.01255488,0.013747618,0.013511551,0.013951989,0.012647253,0.013305337,0.014190384,0.01394819,0.014233692,0.014794492,0.015182655,0.01507624
1;2,0.1032,0.1029,0.103,0.1028,0.1028,0.1027,0.1028,0.1028,0.1028,0.1027,0.1028,0.1028,0.1026,0.1027,0.1027,0.1026,0.1026,0.1026,0.1026,0.1026,0.1026,0.1024,0.1025,0.1025,0.1024,0.1024,0.1025,0.1024,0.1025,0.1024,0.1023,0.1025,0.1024,0.1023,0.1023,0.1024,0.1024,0.1023,0.1023,0.1025,0.1024,0.1023,0.1023,0.1022,0.1023,0.1022,0.1023,0.1023,0.1023,0.1022,0.1022,0.1021,0.1021,0.1021,0.102,0.1021,0.1021,0.1021,0.1021,0.1022,0.102,0.102,0.1018,0.102,0.102,0.102,0.1018,0.102,0.102,0.102,0.1021,0.102,0.1019,0.1018,0.1018,0.1019,0.102,0.1019,0.1018,0.1019,0.1018,0.1019,0.1018,0.1017,0.1017,0.1019,0.1016,0.1018,0.1017,0.1018,0.1017,0.1018,0.1017,0.1018,0.1016,0.1016
2;1,0.0968,0.0967,0.0968,0.0968,0.0966,0.0967,0.0966,0.0965,0.0965,0.0966,0.0966,0.0965,0.0965,0.0966,0.0965,0.0964,0.0964,0.0964,0.0964,0.0964,0.0964,0.0963,0.0962,0.0963,0.0964,0.0963,0.0963,0.0963,0.0963,0.0964,0.0962,0.0963,0.0962,0.0961,0.0963,0.0962,0.0963,0.0964,0.0961,0.0963,0.0964,0.0964,0.0964,0.0963,0.0963,0.0962,0.0963,0.0963,0.0964,0.0964,0.0962,0.0964,0.0965,0.0965,0.0965,0.0964,0.0965,0.0964,0.0963,0.0964,0.0963,0.0963,0.0962,0.0965,0.0963,0.0964,0.0963,0.0963,0.0963,0.0963,0.0965,0.0962,0.0964,0.0962,0.0963,0.0963,0.0965,0.0963,0.0964,0.0964,0.0964,0.0965,0.0964,0.0964,0.0964,0.0963,0.0964,0.0964,0.0965,0.0964,0.0964,0.0964,0.0966,0.0964,0.0965,0.0966
2;2,0.106,0.1033,0.1038,0.1032,0.1031,0.1031,0.1029,0.1034,0.1035,0.1035,0.104,0.1041,0.1043,0.1038,0.1047,0.1042,0.1043,0.1047,0.1052,0.1046,0.1044,0.105,0.1047,0.1047,0.1044,0.1045,0.1042,0.1049,0.1049,0.1045,0.1048,0.1051,0.1049,0.1049,0.1048,0.1049,0.1047,0.1048,0.1048,0.1047,0.1048,0.1047,0.1046,0.1051,0.105,0.1051,0.1046,0.1053,0.1048,0.1048,0.105,0.1049,0.1044,0.1043,0.1045,0.1047,0.1048,0.1047,0.1051,0.1048,0.1049,0.1048,0.1049,0.1048,0.1051,0.1049,0.1048,0.105,0.1049,0.1049,0.1046,0.1046,0.1049,0.1047,0.1048,0.1048,0.1048,0.1047,0.1048,0.1045,0.1049,0.105,0.1047,0.105,0.1048,0.1049,0.1048,0.105,0.105,0.1049,0.1051,0.1052,0.1048,0.1049,0.105,0.1051
2;3,0.0981,0.0978,0.0979,0.0978,0.098,0.0981,0.0979,0.0979,0.0978,0.0979,0.098,0.098,0.0978,0.0978,0.0978,0.0978,0.0977,0.0978,0.0977,0.0977,0.0978,0.0976,0.0977,0.0976,0.0976,0.0977,0.0977,0.0977,0.0977,0.0976,0.0975,0.0977,0.0976,0.0975,0.0975,0.0975,0.0976,0.0976,0.0975,0.0975,0.0976,0.0975,0.0976,0.0975,0.0975,0.0975,0.0975,0.0974,0.0975,0.0975,0.0976,0.0975,0.0974,0.0975,0.0974,0.0975,0.0974,0.0973,0.0975,0.0973,0.0974,0.0973,0.0973,0.0974,0.0973,0.0973,0.0972,0.0973,0.0974,0.0973,0.0973,0.0973,0.0972,0.0972,0.0972,0.0971,0.0972,0.0972,0.0971,0.0972,0.0972,0.0972,0.0971,0.0971,0.0971,0.0972,0.0971,0.0972,0.0972,0.0972,0.0971,0.0972,0.0972,0.0971,0.0971,0.0971
3;2,0.0971,0.0968,0.097,0.0968,0.0969,0.0968,0.097,0.097,0.0971,0.0972,0.0974,0.0974,0.0978,0.0978,0.098,0.0986,0.0984,0.0984,0.0985,0.099,0.0992,0.0992,0.0994,0.0998,0.0999,0.1003,0.1006,0.1008,0.1019,0.1027,0.1021,0.103,0.1025,0.103,0.1038,0.1056,0.1045,0.1054,0.1064,0.1068,0.1076,0.1082,0.1081,0.1093,0.1098,0.11,0.1106,0.1119,0.1111,0.1128,0.1124,0.1118,0.1102,0.1131,0.1126,0.1135,0.1137,0.1156,0.1155,0.1155,0.1152,0.1163,0.1178,0.1177,0.1177,0.1182,0.1187,0.1183,0.1193,0.1207,0.1202,0.1212,0.1219,0.1212,0.1213,0.1216,0.1226,0.1234,0.1246,0.1242,0.1249,0.1267,0.1279,0.1274,0.127,0.1298,0.1292,0.1303,0.1273,0.1288,0.1308,0.1303,0.131,0.1322,0.1331,0.1329
,,,,,,,,,,,,,,,,,,,,,,,,,,,,,,,,,,,,,,,,,,,,,,,,,,,,,,,,,,,,,,,,,,,,,,,,,,,,,,,,,,,,,,,,,,,,,,,,
Cycles / Well,,,,,,,,,,,,,,,,,,,,,,,,,,,,,,,,,,,,,,,,,,,,,,,,,,,,,,,,,,,,,,,,,,,,,,,,,,,,,,,,,,,,,,,,,,,,,,,,
A6,1,2,3,4,5,6,7,8,9,10,11,12,13,14,15,16,17,18,19,20,21,22,23,24,25,26,27,28,29,30,31,32,33,34,35,36,37,38,39,40,41,42,43,44,45,46,47,48,49,50,51,52,53,54,55,56,57,58,59,60,61,62,63,64,65,66,67,68,69,70,71,72,73,74,75,76,77,78,79,80,81,82,83,84,85,86,87,88,89,90,91,92,93,94,95,96
Time [s],0,1799.806,3599.729,5399.66,7199.597,8999.513,10799.458,12599.364,14399.311,16199.219,17999.129,19799.077,21599.014,23398.929,25198.853,26998.776,28798.721,30598.646,32398.579,34198.515,35998.426,37798.366,39598.295,41398.224,43198.149,44998.073,46797.997,48597.934,50397.855,52197.79,53997.709,55797.648,57597.562,59397.496,61197.415,62997.353,64797.279,66597.204,68397.129,70197.065,71996.967,73796.9,75596.814,77396.765,79196.693,80996.622,82796.528,84596.475,86396.393,88196.312,89996.248,91796.18,93596.114,95396.034,97195.966,98995.894,100795.82,102595.755,104395.67,106195.606,107995.535,109795.451,111595.395,113395.325,115195.239,116995.182,118795.096,120595.023,122394.949,124194.883,125994.805,127794.735,129594.672,131394.601,133194.53,134994.454,136794.373,138594.307,140394.225,142194.153,143994.083,145794.008,147593.92,149393.863,151193.795,152993.716,154793.66,156593.577,158393.507,160193.44,161993.355,163793.28,165593.216,167393.131,169193.06,170993.004
Temp. [°C],20,29.7,30.1,30,30,30.1,30,29.9,29.9,29.9,30,30,29.9,29.9,30.1,29.9,30,30,29.9,29.9,30,30,30,30.1,30,30.1,29.9,30,30,30.1,30,30.1,30.1,29.9,29.9,30,29.9,30.1,29.8,30,30.1,30.1,29.9,30.1,30,30.1,30.1,30.1,29.9,30,30,30,30,30.1,30,30,30.1,30,30,30,30,29.9,30.1,30.1,30,30,30,30,30,29.9,30,30,30,30,30,30.1,30.1,30.1,30.1,30.1,29.9,29.9,30.1,30.1,29.9,29.9,29.9,30.1,30,30,30.1,30,30.1,30,30.1,29.9
Mean,0.10074,0.10042,0.10048,0.1004,0.10044,0.1005,0.1004,0.1004,0.10036,0.1004,0.10064,0.10054,0.10054,0.10054,0.10054,0.10066,0.10058,0.10066,0.10058,0.10072,0.1008,0.10072,0.10082,0.10086,0.10096,0.10106,0.10112,0.10116,0.10142,0.10146,0.10142,0.10168,0.10154,0.1016,0.10172,0.10216,0.10202,0.10218,0.10222,0.1025,0.10252,0.1024,0.10248,0.10276,0.10272,0.103,0.10304,0.10322,0.1031,0.10336,0.10326,0.10316,0.1029,0.10342,0.10316,0.1035,0.10332,0.10376,0.1038,0.10374,0.10392,0.10408,0.10428,0.10428,0.10444,0.10438,0.10438,0.10434,0.10464,0.10468,0.10486,0.10478,0.10512,0.10506,0.10512,0.10528,0.10548,0.10546,0.1058,0.1058,0.10582,0.10652,0.10662,0.10638,0.10662,0.10692,0.1068,0.10704,0.10706,0.10676,0.10702,0.10742,0.10732,0.10776,0.10778,0.10758
StDev,0.002433721,0.002485357,0.002452957,0.002421776,0.00241516,0.002425902,0.00242384,0.002466779,0.002434748,0.002472853,0.002515552,0.002559883,0.002612087,0.002522499,0.002515552,0.002744631,0.002662142,0.002738248,0.002704071,0.002866531,0.00296395,0.002958378,0.003118012,0.003035292,0.003259294,0.003317831,0.003559073,0.003539491,0.003906021,0.004125894,0.004086808,0.004359702,0.004217582,0.004450281,0.004810094,0.005483885,0.005042519,0.005298773,0.005749522,0.006011655,0.006058218,0.006077417,0.006035478,0.006660931,0.006614151,0.007162053,0.007307051,0.007710188,0.007363423,0.007842066,0.007869117,0.007448691,0.007128464,0.00804562,0.007708307,0.008447189,0.008014175,0.009006553,0.009044059,0.008963983,0.009196575,0.009602448,0.010243388,0.010243144,0.01032342,0.010414029,0.010701028,0.010484894,0.010989677,0.010909262,0.011406489,0.011405569,0.011870215,0.012128603,0.012137421,0.012431894,0.012986993,0.012953687,0.013522574,0.013631031,0.013625784,0.015171091,0.015382685,0.014800236,0.015441729,0.016104565,0.016010153,0.016370186,0.01641411,0.015803892,0.016378706,0.017106928,0.017101374,0.01802243,0.018115104,0.017567783
1;2,0.1027,0.1023,0.1023,0.1022,0.1021,0.1022,0.102,0.1021,0.102,0.102,0.1022,0.1021,0.102,0.1019,0.102,0.102,0.102,0.1021,0.102,0.1018,0.1021,0.1018,0.1018,0.1018,0.1018,0.1019,0.1018,0.1017,0.1019,0.1019,0.1018,0.1018,0.1018,0.1018,0.1017,0.1018,0.1019,0.1019,0.1017,0.1019,0.1018,0.1017,0.1018,0.1017,0.1018,0.1018,0.1018,0.1017,0.1016,0.1017,0.1016,0.1016,0.1015,0.1016,0.1014,0.1015,0.1016,0.1015,0.1016,0.1015,0.1016,0.1016,0.1014,0.1014,0.1016,0.1014,0.1014,0.1013,0.1015,0.1015,0.1016,0.1014,0.1015,0.1013,0.1014,0.1013,0.1014,0.1014,0.1014,0.1014,0.1014,0.1013,0.1013,0.1014,0.1013,0.1013,0.1012,0.1013,0.1013,0.1012,0.1012,0.1014,0.1012,0.1013,0.1011,0.1012
2;1,0.0979,0.0976,0.0976,0.0976,0.0976,0.0976,0.0976,0.0976,0.0975,0.0975,0.0976,0.0975,0.0975,0.0976,0.0976,0.0975,0.0975,0.0974,0.0974,0.0974,0.0974,0.0974,0.0974,0.0975,0.0975,0.0975,0.0974,0.0975,0.0975,0.0974,0.0974,0.0976,0.0975,0.0974,0.0974,0.0975,0.0975,0.0977,0.0973,0.0976,0.0975,0.0974,0.0976,0.0976,0.0974,0.0975,0.0975,0.0974,0.0976,0.0976,0.0975,0.0975,0.0974,0.0976,0.0975,0.0975,0.0974,0.0975,0.0974,0.0974,0.0975,0.0975,0.0974,0.0975,0.0975,0.0974,0.0972,0.0973,0.0973,0.0975,0.0974,0.0973,0.0975,0.0973,0.0974,0.0975,0.0973,0.0973,0.0974,0.0974,0.0975,0.0974,0.0975,0.0975,0.0974,0.0974,0.0974,0.0976,0.0975,0.0975,0.0975,0.0974,0.0975,0.0975,0.0976,0.0976
2;2,0.1028,0.1021,0.1021,0.1021,0.1022,0.1023,0.1022,0.1022,0.1021,0.1022,0.1026,0.1025,0.1025,0.1025,0.1025,0.1026,0.1024,0.1026,0.1026,0.1025,0.1026,0.1026,0.1025,0.1027,0.1026,0.1027,0.1027,0.1027,0.1028,0.1027,0.1027,0.1028,0.1028,0.1028,0.1027,0.1028,0.1028,0.1028,0.1027,0.1028,0.1029,0.1028,0.1029,0.1029,0.103,0.1028,0.1028,0.103,0.1029,0.1031,0.1028,0.103,0.103,0.1029,0.1029,0.1029,0.1029,0.1029,0.1029,0.1029,0.103,0.103,0.1029,0.1029,0.103,0.103,0.1029,0.1029,0.103,0.1031,0.1029,0.103,0.1031,0.103,0.1029,0.103,0.1029,0.103,0.103,0.1029,0.103,0.1031,0.103,0.103,0.103,0.103,0.103,0.103,0.103,0.103,0.103,0.1031,0.103,0.103,0.103,0.1031
2;3,0.0983,0.0978,0.098,0.0979,0.098,0.0981,0.0979,0.0978,0.0979,0.0979,0.0982,0.098,0.0979,0.098,0.098,0.0979,0.0979,0.098,0.0979,0.098,0.0979,0.0978,0.0978,0.0979,0.0978,0.0979,0.0978,0.0979,0.0979,0.0978,0.0978,0.0979,0.0978,0.0977,0.0976,0.0977,0.0979,0.0978,0.0978,0.0978,0.0979,0.0977,0.0977,0.0977,0.0977,0.0978,0.0977,0.0977,0.0978,0.0977,0.0977,0.0979,0.0977,0.0978,0.0977,0.0976,0.0977,0.0976,0.0977,0.0977,0.0977,0.0976,0.0976,0.0975,0.0977,0.0976,0.0974,0.0976,0.0976,0.0976,0.0976,0.0975,0.0976,0.0974,0.0975,0.0975,0.0975,0.0974,0.0976,0.0975,0.0974,0.0975,0.0975,0.0975,0.0975,0.0975,0.0973,0.0973,0.0974,0.0974,0.0974,0.0975,0.0973,0.0973,0.0973,0.0973
3;2,0.102,0.1023,0.1024,0.1022,0.1023,0.1023,0.1023,0.1023,0.1023,0.1024,0.1026,0.1026,0.1028,0.1027,0.1026,0.1033,0.1031,0.1032,0.103,0.1039,0.104,0.104,0.1046,0.1044,0.1051,0.1053,0.1059,0.106,0.107,0.1075,0.1074,0.1083,0.1078,0.1083,0.1092,0.111,0.11,0.1107,0.1116,0.1124,0.1125,0.1124,0.1124,0.1139,0.1137,0.1151,0.1154,0.1163,0.1156,0.1167,0.1167,0.1158,0.1149,0.1172,0.1163,0.118,0.117,0.1193,0.1194,0.1192,0.1198,0.1207,0.1221,0.1221,0.1224,0.1225,0.123,0.1226,0.1238,0.1237,0.1248,0.1247,0.1259,0.1263,0.1264,0.1271,0.1283,0.1282,0.1296,0.1298,0.1298,0.1333,0.1338,0.1325,0.1339,0.1354,0.1351,0.136,0.1361,0.1347,0.136,0.1377,0.1376,0.1397,0.1399,0.1387
,,,,,,,,,,,,,,,,,,,,,,,,,,,,,,,,,,,,,,,,,,,,,,,,,,,,,,,,,,,,,,,,,,,,,,,,,,,,,,,,,,,,,,,,,,,,,,,,
Cycles / Well,,,,,,,,,,,,,,,,,,,,,,,,,,,,,,,,,,,,,,,,,,,,,,,,,,,,,,,,,,,,,,,,,,,,,,,,,,,,,,,,,,,,,,,,,,,,,,,,
A7,1,2,3,4,5,6,7,8,9,10,11,12,13,14,15,16,17,18,19,20,21,22,23,24,25,26,27,28,29,30,31,32,33,34,35,36,37,38,39,40,41,42,43,44,45,46,47,48,49,50,51,52,53,54,55,56,57,58,59,60,61,62,63,64,65,66,67,68,69,70,71,72,73,74,75,76,77,78,79,80,81,82,83,84,85,86,87,88,89,90,91,92,93,94,95,96
Time [s],0,1799.806,3599.729,5399.66,7199.597,8999.513,10799.458,12599.364,14399.311,16199.219,17999.129,19799.077,21599.014,23398.929,25198.853,26998.776,28798.721,30598.646,32398.579,34198.515,35998.426,37798.366,39598.295,41398.224,43198.149,44998.073,46797.997,48597.934,50397.855,52197.79,53997.709,55797.648,57597.562,59397.496,61197.415,62997.353,64797.279,66597.204,68397.129,70197.065,71996.967,73796.9,75596.814,77396.765,79196.693,80996.622,82796.528,84596.475,86396.393,88196.312,89996.248,91796.18,93596.114,95396.034,97195.966,98995.894,100795.82,102595.755,104395.67,106195.606,107995.535,109795.451,111595.395,113395.325,115195.239,116995.182,118795.096,120595.023,122394.949,124194.883,125994.805,127794.735,129594.672,131394.601,133194.53,134994.454,136794.373,138594.307,140394.225,142194.153,143994.083,145794.008,147593.92,149393.863,151193.795,152993.716,154793.66,156593.577,158393.507,160193.44,161993.355,163793.28,165593.216,167393.131,169193.06,170993.004
Temp. [°C],20,29.7,30.1,30,30,30.1,30,29.9,29.9,29.9,30,30,29.9,29.9,30.1,29.9,30,30,29.9,29.9,30,30,30,30.1,30,30.1,29.9,30,30,30.1,30,30.1,30.1,29.9,29.9,30,29.9,30.1,29.8,30,30.1,30.1,29.9,30.1,30,30.1,30.1,30.1,29.9,30,30,30,30,30.1,30,30,30.1,30,30,30,30,29.9,30.1,30.1,30,30,30,30,30,29.9,30,30,30,30,30,30.1,30.1,30.1,30.1,30.1,29.9,29.9,30.1,30.1,29.9,29.9,29.9,30.1,30,30,30.1,30,30.1,30,30.1,29.9
Mean,0.10006,0.0995,0.09968,0.09958,0.09954,0.09958,0.09946,0.0996,0.09954,0.09962,0.09976,0.09974,0.09972,0.09972,0.09982,0.09984,0.09978,0.09986,0.09986,0.09988,0.09998,0.09992,0.10006,0.1,0.10014,0.1002,0.10014,0.1003,0.1005,0.10066,0.10056,0.10076,0.1006,0.1007,0.10082,0.10122,0.1011,0.1013,0.10146,0.1017,0.10156,0.10152,0.10164,0.10206,0.10198,0.10222,0.1022,0.10248,0.10232,0.10256,0.10252,0.10258,0.10204,0.10254,0.10256,0.1027,0.10276,0.10308,0.10298,0.10302,0.1031,0.10314,0.1034,0.1035,0.10374,0.10362,0.10344,0.10354,0.10376,0.10414,0.10392,0.10424,0.1043,0.1044,0.10434,0.1044,0.10482,0.10496,0.10496,0.10506,0.10518,0.10554,0.10556,0.10554,0.10574,0.10606,0.1059,0.10638,0.10568,0.10622,0.10616,0.10636,0.10658,0.10698,0.10682,0.10668
StDev,0.003667833,0.003317378,0.003405437,0.003232955,0.003263893,0.003318433,0.003208271,0.003303029,0.003304996,0.003327461,0.003328363,0.003347835,0.003320693,0.00327521,0.003378905,0.003272308,0.003236047,0.003309532,0.00341804,0.003178364,0.003201094,0.003261441,0.003176161,0.003175689,0.003130974,0.0031241,0.003138152,0.003160696,0.003261135,0.003276126,0.003253152,0.003430452,0.003276431,0.003335416,0.003481666,0.003921989,0.003605551,0.003936369,0.004215804,0.004448595,0.004270012,0.004432494,0.004415088,0.005219962,0.005015177,0.005454539,0.005496817,0.006053264,0.005603303,0.006039288,0.006167009,0.006257156,0.00515199,0.006103524,0.006108437,0.006579134,0.006534753,0.007291913,0.007043934,0.007141919,0.007276675,0.007498533,0.008140946,0.008174044,0.008530709,0.008465636,0.008133449,0.008591449,0.008608891,0.00933397,0.009063222,0.009849518,0.009928494,0.010132374,0.010061213,0.010248902,0.010974151,0.011537677,0.011350903,0.011639287,0.011735502,0.01263321,0.012722539,0.012739427,0.013066293,0.013931726,0.013788038,0.014470556,0.013213137,0.01426734,0.014089464,0.014358029,0.014937101,0.015931792,0.015704362,0.01538626
1;2,0.1035,0.1036,0.1036,0.1034,0.1034,0.1034,0.1033,0.1035,0.1033,0.1035,0.1035,0.1034,0.1032,0.1032,0.1031,0.1032,0.1031,0.1031,0.1029,0.1031,0.103,0.1029,0.103,0.1029,0.1029,0.103,0.103,0.1028,0.1027,0.1029,0.1027,0.1027,0.1028,0.1026,0.1026,0.1026,0.1028,0.1025,0.1025,0.1028,0.1026,0.1025,0.1027,0.1026,0.1027,0.1025,0.1026,0.1025,0.1025,0.1027,0.1024,0.1024,0.1025,0.1026,0.1026,0.1024,0.1025,0.1025,0.1023,0.1024,0.1024,0.1023,0.1021,0.1023,0.1023,0.1023,0.1023,0.1021,0.1024,0.1025,0.1024,0.1022,0.1023,0.1021,0.1022,0.1022,0.1023,0.1021,0.1023,0.1023,0.1022,0.1022,0.1022,0.1022,0.1022,0.1021,0.102,0.1022,0.1021,0.1021,0.1021,0.1021,0.102,0.102,0.1019,0.1019
2;1,0.0973,0.0971,0.0972,0.0973,0.0971,0.097,0.0969,0.0971,0.0969,0.097,0.0971,0.097,0.097,0.097,0.097,0.097,0.0969,0.0969,0.0969,0.0969,0.0969,0.0968,0.097,0.0968,0.0969,0.097,0.0968,0.0968,0.0969,0.097,0.0968,0.0969,0.0969,0.0969,0.0968,0.0968,0.097,0.097,0.0969,0.097,0.097,0.0968,0.097,0.0969,0.0969,0.0969,0.0969,0.0969,0.0971,0.097,0.0969,0.097,0.0969,0.0969,0.097,0.0969,0.097,0.0969,0.0969,0.0969,0.097,0.0969,0.0969,0.097,0.097,0.0968,0.0969,0.0968,0.0969,0.097,0.0969,0.0968,0.0969,0.097,0.0968,0.0968,0.097,0.0969,0.0968,0.0969,0.097,0.0969,0.097,0.0969,0.097,0.0969,0.0968,0.0969,0.0968,0.097,0.097,0.097,0.0971,0.097,0.0968,0.0969
2;2,0.1046,0.1026,0.1032,0.1028,0.1028,0.103,0.1026,0.1029,0.103,0.103,0.1033,0.1034,0.1035,0.1034,0.1039,0.1036,0.1035,0.1038,0.1042,0.1035,0.1038,0.1039,0.1038,0.1038,0.1038,0.1038,0.1036,0.1039,0.1042,0.104,0.104,0.1041,0.104,0.104,0.104,0.1042,0.1041,0.1042,0.1042,0.1042,0.1043,0.1041,0.104,0.1042,0.1041,0.1043,0.1041,0.1043,0.1042,0.1042,0.1043,0.104,0.104,0.104,0.1041,0.1041,0.1041,0.1041,0.1043,0.1043,0.1042,0.1041,0.1042,0.1041,0.1043,0.1043,0.1042,0.1041,0.1044,0.1043,0.1041,0.1042,0.1042,0.1043,0.1042,0.1042,0.1042,0.1041,0.1043,0.104,0.1042,0.1042,0.1041,0.1041,0.1042,0.1042,0.104,0.1043,0.1041,0.1041,0.1042,0.1043,0.1042,0.1042,0.1043,0.1042
2;3,0.0977,0.0975,0.0975,0.0976,0.0975,0.0976,0.0976,0.0976,0.0975,0.0976,0.0976,0.0976,0.0974,0.0975,0.0975,0.0974,0.0975,0.0975,0.0974,0.0974,0.0975,0.0974,0.0973,0.0975,0.0974,0.0974,0.0973,0.0974,0.0973,0.0973,0.0974,0.0972,0.0973,0.0973,0.0973,0.0973,0.0974,0.0973,0.0973,0.0973,0.0973,0.0972,0.0973,0.0972,0.0973,0.0973,0.0972,0.0971,0.0972,0.0972,0.0971,0.0972,0.0974,0.0973,0.0972,0.0971,0.0972,0.0971,0.0972,0.0971,0.0971,0.0971,0.097,0.0971,0.0972,0.0971,0.097,0.0969,0.0971,0.0971,0.0971,0.0971,0.097,0.097,0.0971,0.097,0.097,0.0969,0.097,0.097,0.0971,0.097,0.0969,0.0969,0.0969,0.0968,0.0968,0.0969,0.0968,0.0968,0.0968,0.097,0.0969,0.0968,0.0968,0.0968
3;2,0.0972,0.0967,0.0969,0.0968,0.0969,0.0969,0.0969,0.0969,0.097,0.097,0.0973,0.0973,0.0975,0.0975,0.0976,0.098,0.0979,0.098,0.0979,0.0985,0.0987,0.0986,0.0992,0.099,0.0997,0.0998,0.1,0.1006,0.1014,0.1021,0.1019,0.1029,0.102,0.1027,0.1034,0.1052,0.1042,0.1055,0.1064,0.1072,0.1066,0.107,0.1072,0.1094,0.1089,0.1101,0.1102,0.1116,0.1106,0.1117,0.1119,0.1123,0.1094,0.1119,0.1119,0.113,0.113,0.1148,0.1142,0.1144,0.1148,0.1153,0.1168,0.117,0.1179,0.1176,0.1168,0.1178,0.118,0.1198,0.1191,0.1209,0.1211,0.1216,0.1214,0.1218,0.1236,0.1248,0.1244,0.1251,0.1254,0.1274,0.1276,0.1276,0.1284,0.1303,0.1299,0.1316,0.1286,0.1311,0.1307,0.1314,0.1327,0.1349,0.1343,0.1336
,,,,,,,,,,,,,,,,,,,,,,,,,,,,,,,,,,,,,,,,,,,,,,,,,,,,,,,,,,,,,,,,,,,,,,,,,,,,,,,,,,,,,,,,,,,,,,,,
Cycles / Well,,,,,,,,,,,,,,,,,,,,,,,,,,,,,,,,,,,,,,,,,,,,,,,,,,,,,,,,,,,,,,,,,,,,,,,,,,,,,,,,,,,,,,,,,,,,,,,,
A8,1,2,3,4,5,6,7,8,9,10,11,12,13,14,15,16,17,18,19,20,21,22,23,24,25,26,27,28,29,30,31,32,33,34,35,36,37,38,39,40,41,42,43,44,45,46,47,48,49,50,51,52,53,54,55,56,57,58,59,60,61,62,63,64,65,66,67,68,69,70,71,72,73,74,75,76,77,78,79,80,81,82,83,84,85,86,87,88,89,90,91,92,93,94,95,96
Time [s],0,1799.806,3599.729,5399.66,7199.597,8999.513,10799.458,12599.364,14399.311,16199.219,17999.129,19799.077,21599.014,23398.929,25198.853,26998.776,28798.721,30598.646,32398.579,34198.515,35998.426,37798.366,39598.295,41398.224,43198.149,44998.073,46797.997,48597.934,50397.855,52197.79,53997.709,55797.648,57597.562,59397.496,61197.415,62997.353,64797.279,66597.204,68397.129,70197.065,71996.967,73796.9,75596.814,77396.765,79196.693,80996.622,82796.528,84596.475,86396.393,88196.312,89996.248,91796.18,93596.114,95396.034,97195.966,98995.894,100795.82,102595.755,104395.67,106195.606,107995.535,109795.451,111595.395,113395.325,115195.239,116995.182,118795.096,120595.023,122394.949,124194.883,125994.805,127794.735,129594.672,131394.601,133194.53,134994.454,136794.373,138594.307,140394.225,142194.153,143994.083,145794.008,147593.92,149393.863,151193.795,152993.716,154793.66,156593.577,158393.507,160193.44,161993.355,163793.28,165593.216,167393.131,169193.06,170993.004
Temp. [°C],20,29.7,30.1,30,30,30.1,30,29.9,29.9,29.9,30,30,29.9,29.9,30.1,29.9,30,30,29.9,29.9,30,30,30,30.1,30,30.1,29.9,30,30,30.1,30,30.1,30.1,29.9,29.9,30,29.9,30.1,29.8,30,30.1,30.1,29.9,30.1,30,30.1,30.1,30.1,29.9,30,30,30,30,30.1,30,30,30.1,30,30,30,30,29.9,30.1,30.1,30,30,30,30,30,29.9,30,30,30,30,30,30.1,30.1,30.1,30.1,30.1,29.9,29.9,30.1,30.1,29.9,29.9,29.9,30.1,30,30,30.1,30,30.1,30,30.1,29.9
Mean,0.09896,0.09872,0.09878,0.09874,0.09878,0.09876,0.09872,0.09876,0.0987,0.09878,0.09886,0.09886,0.09876,0.09876,0.09878,0.09878,0.09878,0.09876,0.09876,0.09876,0.09882,0.09882,0.09882,0.0988,0.09888,0.09894,0.09892,0.09898,0.09918,0.09916,0.09908,0.09924,0.0992,0.09912,0.09936,0.09966,0.09954,0.09964,0.09968,0.09996,0.09992,0.0999,0.10002,0.10018,0.10018,0.10036,0.10048,0.1006,0.10058,0.10082,0.10078,0.10082,0.10044,0.10078,0.10074,0.10088,0.10096,0.10132,0.10128,0.10124,0.10112,0.10146,0.10168,0.10178,0.10184,0.10182,0.10174,0.10192,0.1021,0.10244,0.10244,0.10256,0.10262,0.10272,0.1025,0.10272,0.10316,0.103,0.10328,0.1033,0.10356,0.10396,0.10416,0.1042,0.10424,0.1044,0.10444,0.10472,0.10422,0.10466,0.1046,0.1049,0.10506,0.1051,0.10528,0.10514
StDev,0.002927969,0.002906372,0.002847279,0.002847455,0.002842006,0.002867577,0.002901207,0.002919418,0.002866182,0.002928652,0.002963613,0.002992156,0.002941598,0.002941598,0.002926944,0.002926944,0.002908092,0.002982952,0.002941598,0.002894478,0.002906372,0.002895168,0.002833196,0.002859196,0.002758079,0.002748272,0.00270869,0.002643293,0.002595573,0.00247447,0.002548921,0.002512568,0.002487971,0.002438647,0.002355419,0.002411016,0.002399583,0.002390188,0.002459065,0.00254126,0.00239729,0.002572936,0.002589788,0.002846401,0.002846401,0.003089984,0.00330106,0.003375648,0.003368531,0.00373055,0.003802236,0.003846037,0.003120577,0.003745931,0.00379447,0.003956893,0.00397907,0.004737827,0.00475363,0.00465489,0.004485198,0.005170397,0.005747782,0.005664097,0.005846623,0.00593397,0.005951722,0.006302539,0.006463745,0.00706739,0.007173075,0.007529475,0.007539032,0.00776447,0.007556785,0.007827963,0.008751743,0.008671217,0.009118498,0.009161605,0.009723322,0.010434702,0.011027375,0.011234545,0.011261572,0.011491954,0.01179822,0.012251816,0.011326164,0.012330775,0.012037649,0.01252737,0.013041204,0.013357021,0.013700985,0.013276408
1;2,0.1025,0.1022,0.1021,0.102,0.102,0.1019,0.102,0.102,0.1019,0.102,0.1021,0.1021,0.1019,0.1019,0.1019,0.1019,0.1019,0.1019,0.1018,0.1018,0.1019,0.1018,0.1017,0.1017,0.1017,0.1018,0.1018,0.1017,0.1017,0.1017,0.1016,0.1018,0.1017,0.1015,0.1015,0.1017,0.1018,0.1016,0.1016,0.1017,0.1017,0.1016,0.1017,0.1017,0.1017,0.1016,0.1017,0.1016,0.1015,0.1016,0.1015,0.1015,0.1014,0.1014,0.1014,0.1014,0.1015,0.1015,0.1015,0.1014,0.1014,0.1014,0.1013,0.1014,0.1014,0.1013,0.1012,0.1012,0.1014,0.1015,0.1014,0.1014,0.1013,0.1014,0.1012,0.1013,0.1013,0.1011,0.1012,0.1012,0.1012,0.1013,0.1012,0.1012,0.1012,0.1012,0.1011,0.1012,0.1012,0.101,0.1012,0.1012,0.101,0.101,0.1011,0.101
2;1,0.0972,0.097,0.0971,0.0971,0.0971,0.0971,0.0969,0.0972,0.097,0.0971,0.0971,0.0972,0.097,0.097,0.0971,0.0971,0.0971,0.0969,0.097,0.0969,0.0971,0.097,0.0969,0.0969,0.0969,0.0969,0.0969,0.0969,0.0969,0.0969,0.0968,0.0968,0.0969,0.0968,0.0969,0.0968,0.0969,0.0968,0.0967,0.0969,0.097,0.0968,0.0969,0.0968,0.0968,0.0968,0.0967,0.0968,0.0968,0.0969,0.0968,0.0968,0.0969,0.0969,0.0968,0.0968,0.0969,0.0968,0.0968,0.0968,0.0968,0.0967,0.0967,0.0969,0.0969,0.0967,0.0967,0.0967,0.0968,0.0968,0.0968,0.0968,0.0968,0.0968,0.0967,0.0968,0.0968,0.0967,0.0968,0.0968,0.0968,0.0968,0.0968,0.0967,0.0968,0.0968,0.0967,0.0968,0.0967,0.0968,0.0968,0.0969,0.0969,0.0967,0.0968,0.0969
2;2,0.1015,0.1013,0.1014,0.1014,0.1015,0.1016,0.1015,0.1016,0.1015,0.1017,0.1018,0.1019,0.1018,0.1018,0.1018,0.1018,0.1018,0.1019,0.1019,0.1019,0.1019,0.102,0.102,0.102,0.102,0.102,0.1019,0.102,0.1023,0.102,0.1021,0.1021,0.1021,0.102,0.1021,0.1021,0.1022,0.1021,0.102,0.1022,0.1022,0.1021,0.1022,0.1022,0.1022,0.1022,0.1022,0.1023,0.1023,0.1023,0.1021,0.1022,0.1023,0.1022,0.1022,0.1023,0.1024,0.1023,0.1022,0.1022,0.1022,0.1023,0.1022,0.1022,0.1022,0.1023,0.1021,0.1023,0.1023,0.1023,0.1023,0.1022,0.1023,0.1023,0.1022,0.1024,0.1023,0.1022,0.1023,0.1023,0.1023,0.1024,0.1023,0.1023,0.1023,0.1023,0.1022,0.1023,0.1022,0.1022,0.1022,0.1023,0.1023,0.1022,0.1022,0.1023
2;3,0.098,0.0977,0.0978,0.0978,0.0978,0.0978,0.0978,0.0977,0.0977,0.0977,0.0979,0.0977,0.0977,0.0977,0.0977,0.0977,0.0976,0.0977,0.0977,0.0975,0.0976,0.0976,0.0976,0.0976,0.0976,0.0977,0.0976,0.0976,0.0976,0.0976,0.0975,0.0975,0.0976,0.0974,0.0974,0.0975,0.0976,0.0975,0.0974,0.0975,0.0977,0.0974,0.0975,0.0974,0.0974,0.0974,0.0974,0.0975,0.0975,0.0974,0.0974,0.0974,0.0975,0.0974,0.0973,0.0974,0.0974,0.0974,0.0973,0.0974,0.0973,0.0973,0.0972,0.0974,0.0973,0.0973,0.0972,0.0971,0.0972,0.0973,0.0972,0.0971,0.0973,0.0972,0.0971,0.0971,0.0972,0.0971,0.0971,0.0971,0.0971,0.0972,0.0971,0.097,0.097,0.0972,0.0971,0.0971,0.097,0.097,0.0971,0.0972,0.0971,0.097,0.0969,0.097
3;2,0.0956,0.0954,0.0955,0.0954,0.0955,0.0954,0.0954,0.0953,0.0954,0.0954,0.0954,0.0954,0.0954,0.0954,0.0954,0.0954,0.0955,0.0954,0.0954,0.0957,0.0956,0.0957,0.0959,0.0958,0.0962,0.0963,0.0964,0.0967,0.0974,0.0976,0.0974,0.098,0.0977,0.0979,0.0989,0.1002,0.0992,0.1002,0.1007,0.1015,0.101,0.1016,0.1018,0.1028,0.1028,0.1038,0.1044,0.1048,0.1048,0.1059,0.1061,0.1062,0.1041,0.106,0.106,0.1065,0.1066,0.1086,0.1086,0.1084,0.1079,0.1096,0.111,0.111,0.1114,0.1115,0.1115,0.1123,0.1128,0.1143,0.1145,0.1153,0.1154,0.1159,0.1153,0.116,0.1182,0.1179,0.119,0.1191,0.1204,0.1221,0.1234,0.1238,0.1239,0.1245,0.1251,0.1262,0.124,0.1263,0.1257,0.1269,0.128,0.1286,0.1294,0.1285
,,,,,,,,,,,,,,,,,,,,,,,,,,,,,,,,,,,,,,,,,,,,,,,,,,,,,,,,,,,,,,,,,,,,,,,,,,,,,,,,,,,,,,,,,,,,,,,,
Cycles / Well,,,,,,,,,,,,,,,,,,,,,,,,,,,,,,,,,,,,,,,,,,,,,,,,,,,,,,,,,,,,,,,,,,,,,,,,,,,,,,,,,,,,,,,,,,,,,,,,
A9,1,2,3,4,5,6,7,8,9,10,11,12,13,14,15,16,17,18,19,20,21,22,23,24,25,26,27,28,29,30,31,32,33,34,35,36,37,38,39,40,41,42,43,44,45,46,47,48,49,50,51,52,53,54,55,56,57,58,59,60,61,62,63,64,65,66,67,68,69,70,71,72,73,74,75,76,77,78,79,80,81,82,83,84,85,86,87,88,89,90,91,92,93,94,95,96
Time [s],0,1799.806,3599.729,5399.66,7199.597,8999.513,10799.458,12599.364,14399.311,16199.219,17999.129,19799.077,21599.014,23398.929,25198.853,26998.776,28798.721,30598.646,32398.579,34198.515,35998.426,37798.366,39598.295,41398.224,43198.149,44998.073,46797.997,48597.934,50397.855,52197.79,53997.709,55797.648,57597.562,59397.496,61197.415,62997.353,64797.279,66597.204,68397.129,70197.065,71996.967,73796.9,75596.814,77396.765,79196.693,80996.622,82796.528,84596.475,86396.393,88196.312,89996.248,91796.18,93596.114,95396.034,97195.966,98995.894,100795.82,102595.755,104395.67,106195.606,107995.535,109795.451,111595.395,113395.325,115195.239,116995.182,118795.096,120595.023,122394.949,124194.883,125994.805,127794.735,129594.672,131394.601,133194.53,134994.454,136794.373,138594.307,140394.225,142194.153,143994.083,145794.008,147593.92,149393.863,151193.795,152993.716,154793.66,156593.577,158393.507,160193.44,161993.355,163793.28,165593.216,167393.131,169193.06,170993.004
Temp. [°C],20,29.7,30.1,30,30,30.1,30,29.9,29.9,29.9,30,30,29.9,29.9,30.1,29.9,30,30,29.9,29.9,30,30,30,30.1,30,30.1,29.9,30,30,30.1,30,30.1,30.1,29.9,29.9,30,29.9,30.1,29.8,30,30.1,30.1,29.9,30.1,30,30.1,30.1,30.1,29.9,30,30,30,30,30.1,30,30,30.1,30,30,30,30,29.9,30.1,30.1,30,30,30,30,30,29.9,30,30,30,30,30,30.1,30.1,30.1,30.1,30.1,29.9,29.9,30.1,30.1,29.9,29.9,29.9,30.1,30,30,30.1,30,30.1,30,30.1,29.9
Mean,0.09934,0.09892,0.09902,0.09892,0.09896,0.099,0.0989,0.09894,0.09888,0.09894,0.09906,0.09902,0.09892,0.09902,0.09902,0.09904,0.09898,0.09904,0.09902,0.09894,0.09906,0.09902,0.09902,0.09908,0.09912,0.09922,0.09918,0.09928,0.09944,0.0994,0.09948,0.09968,0.09954,0.0996,0.09978,0.10004,0.1,0.10022,0.10014,0.10052,0.10046,0.10044,0.1006,0.10096,0.10084,0.10102,0.1012,0.10136,0.10128,0.1016,0.1016,0.10154,0.10118,0.10174,0.1015,0.10168,0.10174,0.10222,0.10216,0.10216,0.1021,0.1023,0.10252,0.10278,0.10294,0.1028,0.10292,0.10302,0.1032,0.10342,0.10344,0.10368,0.1037,0.10364,0.10348,0.1039,0.10408,0.1043,0.10436,0.10446,0.10476,0.10542,0.10552,0.10564,0.10594,0.10584,0.10592,0.10608,0.10592,0.106,0.106,0.1063,0.10654,0.10672,0.10678,0.10678
StDev,0.003135761,0.003100323,0.003049098,0.003021093,0.00298379,0.002994161,0.002994161,0.003028696,0.003009485,0.003034469,0.003054996,0.003062189,0.003044175,0.003050738,0.003044175,0.003001333,0.00307197,0.002964456,0.003019437,0.002993827,0.002982952,0.002960912,0.002896032,0.002941428,0.002710535,0.002834078,0.00273441,0.002687378,0.002607297,0.002571964,0.002507389,0.002483345,0.00247548,0.002526856,0.002457031,0.002620687,0.002526856,0.00273441,0.002749182,0.00289862,0.00283249,0.003081071,0.003155155,0.00381615,0.003473903,0.00394487,0.004079216,0.004435989,0.004256407,0.004959335,0.004889785,0.004814354,0.004138478,0.005149078,0.004713279,0.00526944,0.005290369,0.006238349,0.006260831,0.006342949,0.006157516,0.006613244,0.007132812,0.007349626,0.007792496,0.007602631,0.00804189,0.008240874,0.008347455,0.008879865,0.008802727,0.009429051,0.00942311,0.009548455,0.009166897,0.009845557,0.010464559,0.011104729,0.011005589,0.011003318,0.011653669,0.013052088,0.013321862,0.013756926,0.014360467,0.01402758,0.014530038,0.01461855,0.014322954,0.014441953,0.014490514,0.014876155,0.015563033,0.015949514,0.016259059,0.016140539
1;2,0.1031,0.1025,0.1025,0.1022,0.1022,0.1022,0.1021,0.1022,0.1021,0.1022,0.1023,0.1022,0.1021,0.1022,0.1022,0.1022,0.1021,0.1021,0.1021,0.102,0.1021,0.102,0.102,0.102,0.1018,0.1021,0.1019,0.1019,0.102,0.1019,0.1018,0.102,0.1019,0.1018,0.1018,0.1019,0.102,0.1018,0.1018,0.1019,0.1019,0.1018,0.102,0.1019,0.1018,0.1018,0.1018,0.1017,0.1017,0.1016,0.1017,0.1016,0.1015,0.1015,0.1015,0.1016,0.1016,0.1016,0.1015,0.1015,0.1015,0.1014,0.1015,0.1015,0.1015,0.1014,0.1012,0.1013,0.1015,0.1015,0.1015,0.1014,0.1015,0.1012,0.1013,0.1014,0.1014,0.1012,0.1013,0.1015,0.1013,0.1014,0.1014,0.1013,0.1013,0.1014,0.1011,0.1013,0.1014,0.1013,0.1014,0.1014,0.1012,0.1011,0.1011,0.1011
2;1,0.0975,0.0971,0.0971,0.0971,0.0971,0.0972,0.0971,0.0971,0.097,0.097,0.0972,0.0971,0.097,0.097,0.0971,0.0971,0.097,0.0971,0.097,0.0969,0.097,0.0969,0.0969,0.0969,0.097,0.0969,0.0969,0.0969,0.0969,0.0968,0.097,0.097,0.097,0.0968,0.0969,0.0969,0.097,0.0969,0.0968,0.0971,0.097,0.0968,0.0969,0.0968,0.097,0.0968,0.097,0.0969,0.097,0.0969,0.0971,0.097,0.0971,0.0971,0.0971,0.0969,0.097,0.097,0.0969,0.0968,0.0969,0.097,0.0968,0.0971,0.0971,0.0971,0.0971,0.0969,0.0971,0.0971,0.0971,0.0972,0.0973,0.0973,0.0971,0.0973,0.0971,0.0971,0.0973,0.0974,0.0975,0.0975,0.0974,0.0974,0.0976,0.0975,0.0975,0.0975,0.0975,0.0975,0.0975,0.0978,0.0978,0.098,0.0979,0.0979
2;2,0.1022,0.1019,0.102,0.102,0.102,0.1021,0.102,0.1021,0.102,0.1021,0.1023,0.1023,0.1022,0.1023,0.1023,0.1023,0.1024,0.1023,0.1024,0.1023,0.1024,0.1024,0.1023,0.1025,0.1023,0.1025,0.1024,0.1025,0.1025,0.1024,0.1025,0.1025,0.1024,0.1025,0.1025,0.1027,0.1026,0.1025,0.1024,0.1026,0.1027,0.1025,0.1025,0.1026,0.1026,0.1026,0.1026,0.1027,0.1026,0.1026,0.1025,0.1025,0.1024,0.1026,0.1025,0.1025,0.1026,0.1025,0.1024,0.1025,0.1025,0.1025,0.1024,0.1026,0.1025,0.1025,0.1023,0.1025,0.1025,0.1025,0.1025,0.1025,0.1025,0.1024,0.1025,0.1025,0.1024,0.1024,0.1024,0.1024,0.1025,0.1025,0.1024,0.1024,0.1024,0.1024,0.1023,0.1025,0.1024,0.1025,0.1023,0.1025,0.1024,0.1023,0.1023,0.1023
2;3,0.098,0.0976,0.0978,0.0978,0.0979,0.0979,0.0978,0.0977,0.0978,0.0978,0.0978,0.0979,0.0977,0.0979,0.0978,0.0977,0.0977,0.0978,0.0977,0.0976,0.0978,0.0977,0.0976,0.0977,0.0978,0.0977,0.0977,0.0976,0.0977,0.0976,0.0976,0.0977,0.0976,0.0975,0.0977,0.0976,0.0977,0.0976,0.0975,0.0977,0.0978,0.0975,0.0976,0.0975,0.0976,0.0975,0.0976,0.0976,0.0976,0.0976,0.0975,0.0976,0.0976,0.0976,0.0976,0.0974,0.0974,0.0975,0.0975,0.0974,0.0974,0.0973,0.0974,0.0975,0.0974,0.0973,0.0973,0.0973,0.0974,0.0973,0.0975,0.0973,0.0972,0.0971,0.0972,0.0973,0.0972,0.0971,0.0972,0.0973,0.0973,0.0973,0.0974,0.0972,0.0971,0.0973,0.0971,0.0972,0.0971,0.0972,0.0972,0.0972,0.0972,0.0972,0.097,0.0972
3;2,0.0959,0.0955,0.0957,0.0955,0.0956,0.0956,0.0955,0.0956,0.0955,0.0956,0.0957,0.0956,0.0956,0.0957,0.0957,0.0959,0.0957,0.0959,0.0959,0.0959,0.096,0.0961,0.0963,0.0963,0.0967,0.0969,0.097,0.0975,0.0981,0.0983,0.0985,0.0992,0.0988,0.0994,0.1,0.1011,0.1007,0.1023,0.1022,0.1033,0.1029,0.1036,0.104,0.106,0.1052,0.1064,0.107,0.1079,0.1075,0.1093,0.1092,0.109,0.1073,0.1099,0.1088,0.11,0.1101,0.1125,0.1125,0.1126,0.1122,0.1133,0.1145,0.1152,0.1162,0.1157,0.1167,0.1171,0.1175,0.1187,0.1186,0.12,0.12,0.1202,0.1193,0.121,0.1223,0.1237,0.1236,0.1237,0.1252,0.1284,0.129,0.1299,0.1313,0.1306,0.1316,0.1319,0.1312,0.1315,0.1316,0.1326,0.1341,0.135,0.1356,0.1354
,,,,,,,,,,,,,,,,,,,,,,,,,,,,,,,,,,,,,,,,,,,,,,,,,,,,,,,,,,,,,,,,,,,,,,,,,,,,,,,,,,,,,,,,,,,,,,,,
Cycles / Well,,,,,,,,,,,,,,,,,,,,,,,,,,,,,,,,,,,,,,,,,,,,,,,,,,,,,,,,,,,,,,,,,,,,,,,,,,,,,,,,,,,,,,,,,,,,,,,,
A10,1,2,3,4,5,6,7,8,9,10,11,12,13,14,15,16,17,18,19,20,21,22,23,24,25,26,27,28,29,30,31,32,33,34,35,36,37,38,39,40,41,42,43,44,45,46,47,48,49,50,51,52,53,54,55,56,57,58,59,60,61,62,63,64,65,66,67,68,69,70,71,72,73,74,75,76,77,78,79,80,81,82,83,84,85,86,87,88,89,90,91,92,93,94,95,96
Time [s],0,1799.806,3599.729,5399.66,7199.597,8999.513,10799.458,12599.364,14399.311,16199.219,17999.129,19799.077,21599.014,23398.929,25198.853,26998.776,28798.721,30598.646,32398.579,34198.515,35998.426,37798.366,39598.295,41398.224,43198.149,44998.073,46797.997,48597.934,50397.855,52197.79,53997.709,55797.648,57597.562,59397.496,61197.415,62997.353,64797.279,66597.204,68397.129,70197.065,71996.967,73796.9,75596.814,77396.765,79196.693,80996.622,82796.528,84596.475,86396.393,88196.312,89996.248,91796.18,93596.114,95396.034,97195.966,98995.894,100795.82,102595.755,104395.67,106195.606,107995.535,109795.451,111595.395,113395.325,115195.239,116995.182,118795.096,120595.023,122394.949,124194.883,125994.805,127794.735,129594.672,131394.601,133194.53,134994.454,136794.373,138594.307,140394.225,142194.153,143994.083,145794.008,147593.92,149393.863,151193.795,152993.716,154793.66,156593.577,158393.507,160193.44,161993.355,163793.28,165593.216,167393.131,169193.06,170993.004
Temp. [°C],20,29.7,30.1,30,30,30.1,30,29.9,29.9,29.9,30,30,29.9,29.9,30.1,29.9,30,30,29.9,29.9,30,30,30,30.1,30,30.1,29.9,30,30,30.1,30,30.1,30.1,29.9,29.9,30,29.9,30.1,29.8,30,30.1,30.1,29.9,30.1,30,30.1,30.1,30.1,29.9,30,30,30,30,30.1,30,30,30.1,30,30,30,30,29.9,30.1,30.1,30,30,30,30,30,29.9,30,30,30,30,30,30.1,30.1,30.1,30.1,30.1,29.9,29.9,30.1,30.1,29.9,29.9,29.9,30.1,30,30,30.1,30,30.1,30,30.1,29.9
Mean,0.09882,0.0985,0.09862,0.0986,0.0987,0.09868,0.09856,0.09868,0.0986,0.09862,0.0987,0.09862,0.09862,0.09862,0.09862,0.09862,0.0986,0.09858,0.09862,0.09852,0.09864,0.09854,0.09856,0.0986,0.0986,0.09868,0.09864,0.09866,0.09876,0.09878,0.09878,0.09892,0.09884,0.09882,0.0989,0.09916,0.09908,0.0993,0.09926,0.0995,0.09948,0.09946,0.09966,0.09982,0.09984,0.0999,0.09998,0.10014,0.10002,0.10032,0.10026,0.10024,0.1,0.10028,0.10016,0.10034,0.10044,0.10068,0.1006,0.1007,0.10058,0.10084,0.10098,0.10122,0.10138,0.1013,0.10122,0.10146,0.1015,0.10166,0.1017,0.10192,0.10192,0.102,0.10186,0.10222,0.10236,0.1025,0.10258,0.10254,0.10284,0.10334,0.10358,0.1034,0.10364,0.10374,0.10368,0.1039,0.10364,0.10382,0.10372,0.10426,0.10434,0.10432,0.10462,0.1045
StDev,0.003230635,0.003149603,0.003089822,0.00308626,0.00308626,0.003095481,0.003111752,0.003136399,0.003174114,0.003147539,0.003208582,0.003147539,0.003191708,0.003201874,0.003213565,0.003204216,0.003224903,0.003184651,0.003196404,0.003191708,0.003237746,0.003225368,0.003167491,0.003142451,0.003152777,0.003104352,0.003098064,0.003014631,0.002993827,0.002927798,0.002883921,0.002819042,0.002857971,0.00277074,0.002717536,0.00257449,0.002599423,0.00250998,0.002512568,0.002532785,0.002572353,0.002570603,0.002600577,0.002782445,0.002750091,0.002806243,0.002901207,0.003079448,0.00295161,0.003336465,0.00323929,0.003233883,0.002945335,0.003305601,0.003237746,0.003544432,0.003694997,0.004043142,0.004020572,0.004078603,0.00398585,0.004404884,0.00468743,0.005035077,0.005373732,0.005385629,0.005348084,0.005792064,0.005710517,0.006198226,0.005891095,0.006612261,0.00654958,0.006968859,0.006570236,0.007114563,0.007551357,0.007995624,0.008046552,0.007897341,0.0086025,0.009559707,0.010261433,0.009965691,0.010497524,0.010544572,0.010637293,0.010886919,0.010436618,0.010830836,0.010602453,0.0116208,0.01194751,0.012056202,0.012569089,0.012348482
1;2,0.1023,0.1018,0.1019,0.1017,0.1018,0.1017,0.1016,0.1018,0.1018,0.1017,0.1018,0.1017,0.1017,0.1017,0.1017,0.1017,0.1016,0.1016,0.1016,0.1016,0.1016,0.1015,0.1014,0.1015,0.1015,0.1016,0.1015,0.1014,0.1015,0.1014,0.1014,0.1015,0.1014,0.1013,0.1013,0.1013,0.1014,0.1012,0.1012,0.1013,0.1014,0.1012,0.1012,0.1012,0.1012,0.1012,0.1011,0.1012,0.1011,0.1011,0.101,0.1011,0.1009,0.1008,0.1008,0.101,0.101,0.101,0.101,0.101,0.101,0.1008,0.1009,0.1009,0.1009,0.1008,0.1008,0.1008,0.1007,0.1008,0.1009,0.1008,0.1008,0.1006,0.1007,0.1008,0.1008,0.1008,0.1007,0.1008,0.1007,0.1007,0.1007,0.1006,0.1007,0.1008,0.1006,0.1006,0.1007,0.1006,0.1006,0.1007,0.1005,0.1003,0.1006,0.1005
2;1,0.0966,0.0963,0.0966,0.0966,0.0967,0.0967,0.0965,0.0966,0.0966,0.0966,0.0965,0.0966,0.0965,0.0964,0.0965,0.0966,0.0965,0.0964,0.0965,0.0964,0.0966,0.0964,0.0964,0.0964,0.0963,0.0964,0.0965,0.0964,0.0964,0.0965,0.0964,0.0964,0.0964,0.0963,0.0962,0.0963,0.0964,0.0963,0.0963,0.0963,0.0963,0.0962,0.0963,0.0962,0.0963,0.0963,0.0963,0.0963,0.0963,0.0963,0.0964,0.0963,0.0964,0.0964,0.0963,0.0963,0.0962,0.0963,0.0962,0.0963,0.0962,0.0963,0.0963,0.0963,0.0963,0.0963,0.0962,0.0962,0.0964,0.0962,0.0965,0.0963,0.0964,0.0964,0.0964,0.0965,0.0963,0.0962,0.0964,0.0964,0.0964,0.0965,0.0963,0.0964,0.0963,0.0964,0.0962,0.0965,0.0964,0.0965,0.0964,0.0966,0.0966,0.0966,0.0966,0.0965
2;2,0.1021,0.1018,0.1018,0.1019,0.102,0.1021,0.102,0.1021,0.102,0.1021,0.1023,0.1021,0.1022,0.1022,0.1022,0.1022,0.1023,0.1022,0.1023,0.1021,0.1024,0.1023,0.1023,0.1023,0.1023,0.1023,0.1023,0.1023,0.1024,0.1024,0.1023,0.1024,0.1024,0.1023,0.1023,0.1024,0.1023,0.1024,0.1023,0.1024,0.1025,0.1024,0.1025,0.1024,0.1024,0.1024,0.1024,0.1024,0.1023,0.1025,0.1023,0.1024,0.1024,0.1024,0.1024,0.1022,0.1023,0.1023,0.1023,0.1023,0.1023,0.1023,0.1023,0.1023,0.1024,0.1022,0.1022,0.1023,0.1022,0.1023,0.1024,0.1023,0.1023,0.1022,0.1022,0.1023,0.1024,0.1022,0.1023,0.1022,0.1023,0.1023,0.1023,0.1022,0.1022,0.1022,0.1022,0.1023,0.1022,0.1023,0.1022,0.1023,0.1022,0.1021,0.1022,0.1021
2;3,0.0979,0.0976,0.0977,0.0978,0.0979,0.0978,0.0977,0.0978,0.0977,0.0977,0.0978,0.0977,0.0977,0.0978,0.0978,0.0977,0.0977,0.0977,0.0977,0.0976,0.0977,0.0976,0.0977,0.0976,0.0977,0.0977,0.0976,0.0976,0.0976,0.0976,0.0977,0.0976,0.0976,0.0974,0.0976,0.0977,0.0976,0.0976,0.0974,0.0976,0.0976,0.0975,0.0976,0.0975,0.0975,0.0975,0.0975,0.0975,0.0975,0.0975,0.0975,0.0975,0.0974,0.0975,0.0974,0.0973,0.0974,0.0974,0.0973,0.0974,0.0973,0.0974,0.0973,0.0975,0.0974,0.0973,0.0972,0.0972,0.0974,0.0972,0.0974,0.0973,0.0973,0.0971,0.0972,0.0973,0.0972,0.0972,0.0972,0.0973,0.0972,0.0973,0.0972,0.0971,0.0971,0.0972,0.0972,0.0972,0.0971,0.097,0.0972,0.0971,0.0971,0.0971,0.097,0.0972
3;2,0.0952,0.095,0.0951,0.095,0.0951,0.0951,0.095,0.0951,0.0949,0.095,0.0951,0.095,0.095,0.095,0.0949,0.0949,0.0949,0.095,0.095,0.0949,0.0949,0.0949,0.095,0.0952,0.0952,0.0954,0.0953,0.0956,0.0959,0.096,0.0961,0.0967,0.0964,0.0968,0.0971,0.0981,0.0977,0.099,0.0991,0.0999,0.0996,0.1,0.1007,0.1018,0.1018,0.1021,0.1026,0.1033,0.1029,0.1042,0.1041,0.1039,0.1029,0.1043,0.1039,0.1049,0.1053,0.1064,0.1062,0.1065,0.1061,0.1074,0.1081,0.1091,0.1099,0.1099,0.1097,0.1108,0.1108,0.1118,0.1113,0.1129,0.1128,0.1137,0.1128,0.1142,0.1151,0.1161,0.1163,0.116,0.1176,0.1199,0.1214,0.1207,0.1219,0.1221,0.1222,0.1229,0.1218,0.1227,0.1222,0.1246,0.1253,0.1255,0.1267,0.1262
,,,,,,,,,,,,,,,,,,,,,,,,,,,,,,,,,,,,,,,,,,,,,,,,,,,,,,,,,,,,,,,,,,,,,,,,,,,,,,,,,,,,,,,,,,,,,,,,
Cycles / Well,,,,,,,,,,,,,,,,,,,,,,,,,,,,,,,,,,,,,,,,,,,,,,,,,,,,,,,,,,,,,,,,,,,,,,,,,,,,,,,,,,,,,,,,,,,,,,,,
A11,1,2,3,4,5,6,7,8,9,10,11,12,13,14,15,16,17,18,19,20,21,22,23,24,25,26,27,28,29,30,31,32,33,34,35,36,37,38,39,40,41,42,43,44,45,46,47,48,49,50,51,52,53,54,55,56,57,58,59,60,61,62,63,64,65,66,67,68,69,70,71,72,73,74,75,76,77,78,79,80,81,82,83,84,85,86,87,88,89,90,91,92,93,94,95,96
Time [s],0,1799.806,3599.729,5399.66,7199.597,8999.513,10799.458,12599.364,14399.311,16199.219,17999.129,19799.077,21599.014,23398.929,25198.853,26998.776,28798.721,30598.646,32398.579,34198.515,35998.426,37798.366,39598.295,41398.224,43198.149,44998.073,46797.997,48597.934,50397.855,52197.79,53997.709,55797.648,57597.562,59397.496,61197.415,62997.353,64797.279,66597.204,68397.129,70197.065,71996.967,73796.9,75596.814,77396.765,79196.693,80996.622,82796.528,84596.475,86396.393,88196.312,89996.248,91796.18,93596.114,95396.034,97195.966,98995.894,100795.82,102595.755,104395.67,106195.606,107995.535,109795.451,111595.395,113395.325,115195.239,116995.182,118795.096,120595.023,122394.949,124194.883,125994.805,127794.735,129594.672,131394.601,133194.53,134994.454,136794.373,138594.307,140394.225,142194.153,143994.083,145794.008,147593.92,149393.863,151193.795,152993.716,154793.66,156593.577,158393.507,160193.44,161993.355,163793.28,165593.216,167393.131,169193.06,170993.004
Temp. [°C],20,29.7,30.1,30,30,30.1,30,29.9,29.9,29.9,30,30,29.9,29.9,30.1,29.9,30,30,29.9,29.9,30,30,30,30.1,30,30.1,29.9,30,30,30.1,30,30.1,30.1,29.9,29.9,30,29.9,30.1,29.8,30,30.1,30.1,29.9,30.1,30,30.1,30.1,30.1,29.9,30,30,30,30,30.1,30,30,30.1,30,30,30,30,29.9,30.1,30.1,30,30,30,30,30,29.9,30,30,30,30,30,30.1,30.1,30.1,30.1,30.1,29.9,29.9,30.1,30.1,29.9,29.9,29.9,30.1,30,30,30.1,30,30.1,30,30.1,29.9
Mean,0.09886,0.09852,0.09868,0.09862,0.09866,0.09864,0.09852,0.09864,0.09858,0.0986,0.09872,0.09866,0.09868,0.0987,0.0987,0.09866,0.09864,0.0987,0.0989,0.09866,0.09876,0.0987,0.09874,0.09884,0.09888,0.09886,0.09888,0.09886,0.09906,0.09908,0.09914,0.09926,0.09916,0.09922,0.09938,0.09956,0.09938,0.09956,0.09956,0.09982,0.09978,0.0998,0.09998,0.10004,0.09994,0.1,0.10008,0.1002,0.1002,0.10042,0.10032,0.10016,0.10004,0.10024,0.10006,0.1002,0.1003,0.10042,0.10042,0.1005,0.10038,0.10056,0.10068,0.10076,0.10078,0.1008,0.10064,0.10072,0.1008,0.10096,0.10092,0.10104,0.10102,0.101,0.101,0.10104,0.10128,0.10122,0.10132,0.10124,0.10162,0.10194,0.10192,0.10214,0.10202,0.1022,0.10202,0.10224,0.10212,0.10214,0.10204,0.10226,0.10254,0.10246,0.10262,0.1025
StDev,0.003273836,0.003176004,0.003232182,0.003188573,0.003122179,0.003128578,0.003104352,0.003128578,0.003093865,0.003076524,0.003070342,0.003048442,0.003092248,0.003112073,0.002986637,0.003031996,0.002946693,0.002969007,0.00276315,0.002907404,0.002884961,0.002801785,0.002804104,0.002800536,0.002671516,0.002643483,0.002671516,0.002568657,0.00252448,0.002529229,0.002479516,0.002464346,0.002473459,0.002405618,0.002460081,0.002527449,0.002422189,0.002511573,0.002546174,0.002641401,0.002686447,0.002751363,0.00288652,0.003049262,0.002903102,0.002924038,0.003105962,0.003303786,0.003165438,0.003553449,0.003398823,0.003230015,0.002971195,0.003282225,0.003069691,0.003420526,0.003507136,0.003664969,0.003734568,0.00389551,0.003689444,0.003975299,0.004344767,0.004340852,0.004251706,0.004362912,0.004268841,0.004649409,0.004419842,0.004745313,0.00455379,0.004912535,0.004879242,0.005044304,0.004944189,0.004985278,0.005355091,0.005435715,0.005478777,0.005313473,0.006093193,0.00662065,0.006777684,0.007119902,0.007199097,0.007413838,0.007184497,0.007377533,0.007216093,0.007270007,0.007222396,0.007360571,0.008057791,0.008110672,0.008393867,0.008134187
1;2,0.1024,0.1018,0.102,0.1018,0.1017,0.1017,0.1015,0.1017,0.1016,0.1016,0.1018,0.1016,0.1017,0.1017,0.1016,0.1016,0.1014,0.1016,0.1016,0.1015,0.1015,0.1014,0.1015,0.1015,0.1014,0.1014,0.1014,0.1012,0.1014,0.1014,0.1013,0.1014,0.1013,0.1012,0.1013,0.1013,0.1012,0.1011,0.1011,0.1013,0.1012,0.1011,0.1013,0.1011,0.1012,0.1012,0.1011,0.1012,0.1011,0.1012,0.1011,0.101,0.1009,0.1009,0.1009,0.1008,0.101,0.101,0.1009,0.101,0.1009,0.1008,0.1008,0.1009,0.1009,0.1008,0.1007,0.1006,0.1008,0.1009,0.1008,0.1008,0.1007,0.1005,0.1006,0.1007,0.1008,0.1007,0.1007,0.1007,0.1007,0.1006,0.1007,0.1007,0.1006,0.1006,0.1005,0.1006,0.1005,0.1006,0.1006,0.1006,0.1004,0.1004,0.1004,0.1004
2;1,0.0967,0.0963,0.0965,0.0965,0.0965,0.0965,0.0964,0.0965,0.0964,0.0965,0.0965,0.0965,0.0963,0.0964,0.0964,0.0963,0.0964,0.0964,0.0964,0.0962,0.0963,0.0963,0.0963,0.0963,0.0963,0.0964,0.0963,0.0962,0.0964,0.0963,0.0963,0.0963,0.0963,0.0963,0.0963,0.0963,0.0963,0.0963,0.0962,0.0963,0.0963,0.0963,0.0963,0.0962,0.0962,0.0963,0.0963,0.0962,0.0963,0.0963,0.0963,0.0963,0.0964,0.0964,0.0963,0.0962,0.0962,0.0963,0.0962,0.0962,0.0962,0.0963,0.0962,0.0962,0.0964,0.0963,0.0964,0.0961,0.0963,0.0963,0.0964,0.0964,0.0964,0.0963,0.0963,0.0965,0.0964,0.0963,0.0964,0.0965,0.0964,0.0967,0.0964,0.0965,0.0963,0.0965,0.0964,0.0966,0.0965,0.0965,0.0964,0.0966,0.0966,0.0965,0.0966,0.0967
2;2,0.1022,0.1019,0.1021,0.1021,0.1021,0.1021,0.102,0.1021,0.102,0.102,0.1021,0.1021,0.1022,0.1022,0.1021,0.1021,0.1021,0.1021,0.1021,0.102,0.1022,0.102,0.102,0.1022,0.1021,0.102,0.1021,0.102,0.1021,0.1021,0.1021,0.1021,0.1021,0.102,0.1021,0.1023,0.1021,0.1021,0.102,0.1022,0.1022,0.1021,0.1021,0.1021,0.1022,0.1021,0.102,0.1021,0.1021,0.102,0.1021,0.1021,0.1021,0.102,0.102,0.102,0.1021,0.102,0.1021,0.1021,0.102,0.102,0.1019,0.1021,0.1021,0.102,0.1018,0.1018,0.102,0.102,0.1021,0.1019,0.102,0.102,0.102,0.1018,0.102,0.1019,0.102,0.102,0.102,0.102,0.102,0.102,0.1019,0.102,0.1019,0.102,0.1019,0.1019,0.1018,0.102,0.102,0.1019,0.1019,0.1019
2;3,0.0978,0.0976,0.0978,0.0977,0.0979,0.0978,0.0977,0.0978,0.0978,0.0978,0.0978,0.0978,0.0977,0.0979,0.0978,0.0978,0.0977,0.0977,0.0979,0.0977,0.0976,0.0976,0.0976,0.0976,0.0976,0.0977,0.0976,0.0975,0.0977,0.0976,0.0975,0.0976,0.0975,0.0975,0.0975,0.0976,0.0976,0.0975,0.0975,0.0977,0.0975,0.0974,0.0975,0.0975,0.0975,0.0975,0.0974,0.0974,0.0976,0.0975,0.0975,0.0974,0.0975,0.0975,0.0975,0.0974,0.0974,0.0974,0.0974,0.0973,0.0974,0.0974,0.0973,0.0974,0.0974,0.0975,0.0972,0.0972,0.0974,0.0973,0.0974,0.0973,0.0973,0.0972,0.0973,0.0972,0.0973,0.0972,0.0973,0.0972,0.0973,0.0973,0.0972,0.0973,0.0971,0.0971,0.0971,0.0972,0.0973,0.0972,0.0971,0.0973,0.0973,0.0971,0.0971,0.097
3;2,0.0952,0.095,0.095,0.095,0.0951,0.0951,0.095,0.0951,0.0951,0.0951,0.0954,0.0953,0.0955,0.0953,0.0956,0.0955,0.0956,0.0957,0.0965,0.0959,0.0962,0.0962,0.0963,0.0966,0.097,0.0968,0.097,0.0974,0.0977,0.098,0.0985,0.0989,0.0986,0.0991,0.0997,0.1003,0.0997,0.1008,0.101,0.1016,0.1017,0.1021,0.1027,0.1033,0.1026,0.1029,0.1036,0.1041,0.1039,0.1051,0.1046,0.104,0.1033,0.1044,0.1036,0.1046,0.1048,0.1054,0.1055,0.1059,0.1054,0.1063,0.1072,0.1072,0.1071,0.1074,0.1071,0.1079,0.1075,0.1083,0.1079,0.1088,0.1087,0.109,0.1088,0.109,0.1099,0.11,0.1102,0.1098,0.1117,0.1131,0.1133,0.1142,0.1142,0.1148,0.1142,0.1148,0.1144,0.1145,0.1143,0.1148,0.1164,0.1164,0.1171,0.1165
,,,,,,,,,,,,,,,,,,,,,,,,,,,,,,,,,,,,,,,,,,,,,,,,,,,,,,,,,,,,,,,,,,,,,,,,,,,,,,,,,,,,,,,,,,,,,,,,
Cycles / Well,,,,,,,,,,,,,,,,,,,,,,,,,,,,,,,,,,,,,,,,,,,,,,,,,,,,,,,,,,,,,,,,,,,,,,,,,,,,,,,,,,,,,,,,,,,,,,,,
A12,1,2,3,4,5,6,7,8,9,10,11,12,13,14,15,16,17,18,19,20,21,22,23,24,25,26,27,28,29,30,31,32,33,34,35,36,37,38,39,40,41,42,43,44,45,46,47,48,49,50,51,52,53,54,55,56,57,58,59,60,61,62,63,64,65,66,67,68,69,70,71,72,73,74,75,76,77,78,79,80,81,82,83,84,85,86,87,88,89,90,91,92,93,94,95,96
Time [s],0,1799.806,3599.729,5399.66,7199.597,8999.513,10799.458,12599.364,14399.311,16199.219,17999.129,19799.077,21599.014,23398.929,25198.853,26998.776,28798.721,30598.646,32398.579,34198.515,35998.426,37798.366,39598.295,41398.224,43198.149,44998.073,46797.997,48597.934,50397.855,52197.79,53997.709,55797.648,57597.562,59397.496,61197.415,62997.353,64797.279,66597.204,68397.129,70197.065,71996.967,73796.9,75596.814,77396.765,79196.693,80996.622,82796.528,84596.475,86396.393,88196.312,89996.248,91796.18,93596.114,95396.034,97195.966,98995.894,100795.82,102595.755,104395.67,106195.606,107995.535,109795.451,111595.395,113395.325,115195.239,116995.182,118795.096,120595.023,122394.949,124194.883,125994.805,127794.735,129594.672,131394.601,133194.53,134994.454,136794.373,138594.307,140394.225,142194.153,143994.083,145794.008,147593.92,149393.863,151193.795,152993.716,154793.66,156593.577,158393.507,160193.44,161993.355,163793.28,165593.216,167393.131,169193.06,170993.004
Temp. [°C],20,29.7,30.1,30,30,30.1,30,29.9,29.9,29.9,30,30,29.9,29.9,30.1,29.9,30,30,29.9,29.9,30,30,30,30.1,30,30.1,29.9,30,30,30.1,30,30.1,30.1,29.9,29.9,30,29.9,30.1,29.8,30,30.1,30.1,29.9,30.1,30,30.1,30.1,30.1,29.9,30,30,30,30,30.1,30,30,30.1,30,30,30,30,29.9,30.1,30.1,30,30,30,30,30,29.9,30,30,30,30,30,30.1,30.1,30.1,30.1,30.1,29.9,29.9,30.1,30.1,29.9,29.9,29.9,30.1,30,30,30.1,30,30.1,30,30.1,29.9
Mean,0.0997,0.09914,0.0994,0.09924,0.0993,0.09922,0.09924,0.09924,0.09926,0.0994,0.09938,0.09938,0.09942,0.09948,0.0995,0.09956,0.09966,0.09976,0.10034,0.09978,0.10012,0.10004,0.10018,0.10022,0.10042,0.10054,0.10068,0.10086,0.1012,0.10118,0.10152,0.10164,0.10156,0.1019,0.10212,0.10246,0.10234,0.10246,0.1027,0.1029,0.10314,0.1031,0.10364,0.10376,0.10368,0.10382,0.10414,0.1042,0.10432,0.10456,0.10458,0.10434,0.10426,0.1046,0.10422,0.1044,0.10448,0.10494,0.10516,0.10532,0.10518,0.1057,0.10588,0.10616,0.10616,0.10628,0.10618,0.10624,0.10638,0.1066,0.10674,0.10706,0.10692,0.10744,0.10704,0.10724,0.10742,0.1075,0.10798,0.10782,0.10858,0.1089,0.1092,0.10938,0.10974,0.10996,0.10988,0.11002,0.10994,0.11018,0.10994,0.11062,0.11088,0.11078,0.11116,0.11126
StDev,0.003035622,0.002997165,0.002953811,0.002939047,0.002892231,0.002909811,0.002902241,0.002923696,0.002871063,0.00276315,0.002819042,0.002698518,0.002665896,0.002636665,0.002484955,0.002429609,0.002264509,0.002213143,0.002110213,0.002137054,0.002068091,0.001996998,0.002020396,0.002053534,0.002128849,0.002146625,0.002338162,0.002567684,0.002947881,0.003009485,0.003800921,0.003982838,0.003726661,0.004601087,0.005008692,0.005516158,0.005216608,0.005567136,0.006240593,0.006516134,0.006743367,0.007038466,0.007924203,0.008305902,0.007940529,0.008253908,0.009285096,0.009022472,0.009105328,0.009696546,0.009835751,0.00925462,0.009117182,0.009869904,0.008969783,0.009653756,0.009795254,0.010613812,0.011221987,0.011413457,0.011147062,0.012125387,0.012811987,0.012815147,0.012706022,0.012971006,0.013080214,0.013157431,0.013082698,0.013857309,0.013882831,0.014317751,0.014010782,0.015230332,0.014334329,0.014620123,0.015137437,0.015535443,0.01611853,0.015659246,0.017018137,0.017690393,0.018250616,0.018438058,0.019251831,0.019684334,0.019316754,0.019509921,0.019396984,0.01971578,0.019460036,0.020581229,0.021080726,0.020775274,0.021447914,0.021574592
1;2,0.1029,0.1023,0.1025,0.1023,0.1023,0.1023,0.1022,0.1023,0.1022,0.1021,0.1022,0.1021,0.1021,0.1021,0.102,0.102,0.1019,0.1019,0.102,0.1018,0.102,0.1017,0.1018,0.1018,0.1017,0.1016,0.1016,0.1016,0.1017,0.1016,0.1014,0.1015,0.1015,0.1014,0.1015,0.1014,0.1015,0.1014,0.1013,0.1013,0.1014,0.1012,0.1013,0.1013,0.1012,0.1013,0.1011,0.1012,0.1012,0.1012,0.101,0.101,0.1008,0.1008,0.1008,0.1008,0.1009,0.1007,0.1008,0.1009,0.1007,0.1007,0.1006,0.1008,0.1008,0.1006,0.1006,0.1004,0.1006,0.1006,0.1006,0.1005,0.1005,0.1004,0.1004,0.1005,0.1006,0.1004,0.1005,0.1004,0.1005,0.1005,0.1004,0.1004,0.1003,0.1003,0.1002,0.1002,0.1001,0.1002,0.1001,0.1003,0.1001,0.1,0.1001,0.1
2;1,0.0973,0.097,0.0972,0.0971,0.0973,0.0972,0.0971,0.0973,0.0971,0.0972,0.0973,0.0972,0.0972,0.0972,0.0973,0.0972,0.0973,0.0973,0.0971,0.0971,0.0972,0.0972,0.0972,0.0972,0.0973,0.0973,0.0973,0.0973,0.0975,0.0974,0.0973,0.0974,0.0975,0.0974,0.0974,0.0977,0.0977,0.0976,0.0976,0.0977,0.0979,0.0978,0.098,0.0979,0.0982,0.0982,0.0982,0.0983,0.0987,0.0985,0.0988,0.0988,0.0991,0.099,0.0991,0.0987,0.0985,0.0993,0.099,0.099,0.0993,0.0996,0.0994,0.1,0.1001,0.1005,0.1002,0.1003,0.1007,0.1004,0.1008,0.1014,0.1014,0.1015,0.1014,0.1019,0.1016,0.1015,0.1023,0.1026,0.1029,0.1032,0.1034,0.1038,0.1039,0.1041,0.1047,0.1047,0.1048,0.105,0.1048,0.1051,0.1056,0.1061,0.1062,0.1064
2;2,0.1019,0.1017,0.1018,0.1018,0.1019,0.1019,0.1019,0.1019,0.1019,0.102,0.1021,0.102,0.1021,0.1021,0.1021,0.1021,0.1021,0.1021,0.1021,0.1021,0.1022,0.1021,0.1021,0.1021,0.1021,0.1022,0.1022,0.1023,0.1023,0.1023,0.1022,0.1022,0.1023,0.1022,0.1022,0.1022,0.1022,0.1021,0.1021,0.1023,0.1023,0.1022,0.1022,0.1022,0.1022,0.1022,0.1021,0.1022,0.1022,0.1022,0.1021,0.1022,0.1021,0.1021,0.1021,0.102,0.1022,0.102,0.102,0.1021,0.102,0.1019,0.1019,0.102,0.1021,0.102,0.1018,0.1019,0.102,0.102,0.1019,0.1018,0.1019,0.1019,0.1019,0.1017,0.1019,0.1018,0.1018,0.1018,0.1018,0.1018,0.1018,0.1017,0.1019,0.1016,0.1017,0.1017,0.1017,0.1018,0.1018,0.1017,0.1018,0.1016,0.1015,0.1017
2;3,0.1006,0.0994,0.0999,0.0995,0.0994,0.0991,0.0994,0.0992,0.0994,0.0997,0.0994,0.0994,0.0993,0.0995,0.0992,0.0993,0.0993,0.0996,0.0994,0.0993,0.0993,0.0991,0.0992,0.0991,0.0991,0.0994,0.0993,0.0993,0.0993,0.0993,0.0993,0.0992,0.0992,0.0991,0.0991,0.0992,0.0992,0.0993,0.0991,0.0991,0.0993,0.099,0.0992,0.0991,0.0992,0.0991,0.0988,0.0992,0.0991,0.0992,0.099,0.099,0.0989,0.099,0.099,0.099,0.099,0.0989,0.0989,0.099,0.0989,0.099,0.0988,0.099,0.099,0.0989,0.0988,0.0989,0.0989,0.0987,0.0989,0.099,0.0989,0.0988,0.0989,0.0988,0.0986,0.0986,0.0986,0.0986,0.0988,0.0986,0.0987,0.0988,0.0986,0.0988,0.0986,0.0988,0.0987,0.0987,0.0985,0.0988,0.0986,0.0986,0.0988,0.0987
3;2,0.0958,0.0953,0.0956,0.0955,0.0956,0.0956,0.0956,0.0955,0.0957,0.096,0.0959,0.0962,0.0964,0.0965,0.0969,0.0972,0.0977,0.0979,0.1011,0.0986,0.0999,0.1001,0.1006,0.1009,0.1019,0.1022,0.103,0.1038,0.1052,0.1053,0.1074,0.1079,0.1073,0.1094,0.1104,0.1118,0.1111,0.1119,0.1134,0.1141,0.1148,0.1153,0.1175,0.1183,0.1176,0.1183,0.1205,0.1201,0.1204,0.1217,0.122,0.1207,0.1204,0.1221,0.1201,0.1215,0.1218,0.1238,0.1251,0.1256,0.125,0.1273,0.1287,0.129,0.1288,0.1294,0.1295,0.1297,0.1297,0.1313,0.1315,0.1326,0.1319,0.1346,0.1326,0.1333,0.1344,0.1352,0.1367,0.1357,0.1389,0.1404,0.1417,0.1422,0.144,0.145,0.1442,0.1447,0.1444,0.1452,0.1445,0.1472,0.1483,0.1476,0.1492,0.1495
,,,,,,,,,,,,,,,,,,,,,,,,,,,,,,,,,,,,,,,,,,,,,,,,,,,,,,,,,,,,,,,,,,,,,,,,,,,,,,,,,,,,,,,,,,,,,,,,
Cycles / Well,,,,,,,,,,,,,,,,,,,,,,,,,,,,,,,,,,,,,,,,,,,,,,,,,,,,,,,,,,,,,,,,,,,,,,,,,,,,,,,,,,,,,,,,,,,,,,,,
B1,1,2,3,4,5,6,7,8,9,10,11,12,13,14,15,16,17,18,19,20,21,22,23,24,25,26,27,28,29,30,31,32,33,34,35,36,37,38,39,40,41,42,43,44,45,46,47,48,49,50,51,52,53,54,55,56,57,58,59,60,61,62,63,64,65,66,67,68,69,70,71,72,73,74,75,76,77,78,79,80,81,82,83,84,85,86,87,88,89,90,91,92,93,94,95,96
Time [s],0,1799.806,3599.729,5399.66,7199.597,8999.513,10799.458,12599.364,14399.311,16199.219,17999.129,19799.077,21599.014,23398.929,25198.853,26998.776,28798.721,30598.646,32398.579,34198.515,35998.426,37798.366,39598.295,41398.224,43198.149,44998.073,46797.997,48597.934,50397.855,52197.79,53997.709,55797.648,57597.562,59397.496,61197.415,62997.353,64797.279,66597.204,68397.129,70197.065,71996.967,73796.9,75596.814,77396.765,79196.693,80996.622,82796.528,84596.475,86396.393,88196.312,89996.248,91796.18,93596.114,95396.034,97195.966,98995.894,100795.82,102595.755,104395.67,106195.606,107995.535,109795.451,111595.395,113395.325,115195.239,116995.182,118795.096,120595.023,122394.949,124194.883,125994.805,127794.735,129594.672,131394.601,133194.53,134994.454,136794.373,138594.307,140394.225,142194.153,143994.083,145794.008,147593.92,149393.863,151193.795,152993.716,154793.66,156593.577,158393.507,160193.44,161993.355,163793.28,165593.216,167393.131,169193.06,170993.004
Temp. [°C],20,29.7,30.1,30,30,30.1,30,29.9,29.9,29.9,30,30,29.9,29.9,30.1,29.9,30,30,29.9,29.9,30,30,30,30.1,30,30.1,29.9,30,30,30.1,30,30.1,30.1,29.9,29.9,30,29.9,30.1,29.8,30,30.1,30.1,29.9,30.1,30,30.1,30.1,30.1,29.9,30,30,30,30,30.1,30,30,30.1,30,30,30,30,29.9,30.1,30.1,30,30,30,30,30,29.9,30,30,30,30,30,30.1,30.1,30.1,30.1,30.1,29.9,29.9,30.1,30.1,29.9,29.9,29.9,30.1,30,30,30.1,30,30.1,30,30.1,29.9
Mean,0.09958,0.09918,0.09936,0.09924,0.09924,0.09922,0.09918,0.09922,0.09914,0.09926,0.09932,0.09938,0.0993,0.09932,0.09936,0.09932,0.09924,0.0994,0.0994,0.09934,0.09938,0.09938,0.09926,0.09942,0.09942,0.09954,0.09936,0.09952,0.09954,0.09968,0.09958,0.09982,0.0996,0.09964,0.0999,0.10008,0.09998,0.10002,0.09992,0.10008,0.10014,0.10026,0.10032,0.10028,0.10042,0.10056,0.10058,0.10074,0.10074,0.10088,0.10082,0.1007,0.10062,0.10076,0.10084,0.10066,0.10088,0.10098,0.10102,0.10108,0.10112,0.10152,0.10126,0.10146,0.1015,0.10142,0.10138,0.1013,0.10148,0.10162,0.1017,0.1017,0.10164,0.10178,0.10192,0.1019,0.10178,0.10182,0.102,0.10208,0.10222,0.10254,0.1025,0.10248,0.10246,0.1027,0.10282,0.1029,0.10292,0.10314,0.10294,0.10338,0.1032,0.1032,0.10326,0.10334
StDev,0.002965974,0.003008654,0.002990485,0.003025393,0.002972036,0.002987809,0.00291839,0.003032656,0.002971195,0.002920274,0.00294822,0.002904651,0.002921472,0.00299533,0.002933087,0.002917533,0.002929676,0.00287054,0.002909467,0.002855346,0.002864786,0.002847279,0.002893614,0.002771642,0.002787831,0.002833373,0.002848333,0.002752635,0.002850088,0.002779748,0.002791415,0.002825243,0.002803569,0.002810338,0.002954657,0.003010316,0.002963444,0.0029626,0.0029626,0.002967659,0.003017118,0.003175374,0.003236819,0.003205776,0.003302575,0.003481092,0.003631391,0.003818115,0.00382923,0.003992743,0.004017711,0.003827532,0.003608601,0.003787215,0.004039554,0.003756727,0.004090477,0.00419309,0.004369439,0.004365432,0.004525152,0.005224175,0.004855203,0.005137412,0.005117128,0.005096273,0.00533076,0.005122499,0.005233259,0.005500636,0.005476313,0.005633826,0.005518424,0.005908215,0.006050785,0.0062494,0.005728176,0.005927647,0.006345077,0.006442981,0.006691562,0.007222742,0.007248448,0.007160796,0.007284435,0.007782994,0.00818517,0.008143095,0.008333187,0.008663313,0.008178203,0.009097362,0.008849576,0.008897753,0.009128143,0.009025132
1;2,0.1029,0.1025,0.1027,0.1026,0.1025,0.1024,0.1023,0.1025,0.1024,0.1025,0.1025,0.1025,0.1024,0.1025,0.1025,0.1024,0.1023,0.1024,0.1025,0.1023,0.1024,0.1024,0.1023,0.1022,0.1023,0.1024,0.1022,0.1022,0.1024,0.1023,0.1022,0.1024,0.1022,0.1023,0.1024,0.1023,0.1024,0.1023,0.1022,0.1024,0.1024,0.1025,0.1024,0.1022,0.1023,0.1024,0.1023,0.1022,0.1023,0.1023,0.1021,0.1022,0.1022,0.1022,0.1022,0.1022,0.1022,0.1022,0.1022,0.1022,0.1021,0.1022,0.1021,0.1022,0.1021,0.1021,0.102,0.102,0.1021,0.1021,0.1021,0.1021,0.102,0.102,0.1021,0.1019,0.102,0.1021,0.1021,0.1021,0.1021,0.1022,0.1021,0.1021,0.102,0.102,0.1019,0.102,0.1019,0.1021,0.1022,0.102,0.1021,0.1021,0.1019,0.1021
2;1,0.0965,0.0961,0.0963,0.0961,0.0962,0.0961,0.0962,0.0961,0.096,0.096,0.0961,0.0961,0.0961,0.096,0.096,0.096,0.096,0.096,0.096,0.0959,0.0961,0.096,0.0959,0.096,0.0961,0.096,0.0959,0.096,0.0959,0.096,0.096,0.096,0.0959,0.0959,0.0958,0.096,0.0959,0.096,0.0959,0.0961,0.0961,0.096,0.096,0.096,0.0961,0.0961,0.096,0.096,0.096,0.096,0.096,0.096,0.096,0.0961,0.0961,0.0961,0.096,0.0961,0.0961,0.0961,0.096,0.096,0.0961,0.0961,0.0962,0.0961,0.0959,0.0959,0.0961,0.0961,0.0962,0.0961,0.0961,0.0961,0.0961,0.096,0.0962,0.0961,0.0961,0.0962,0.0961,0.0961,0.0961,0.0962,0.0961,0.0961,0.096,0.0961,0.0961,0.0961,0.0962,0.0962,0.0961,0.096,0.0961,0.0962
2;2,0.1026,0.1023,0.1024,0.1023,0.1023,0.1024,0.1023,0.1024,0.1022,0.1022,0.1024,0.1024,0.1024,0.1025,0.1024,0.1024,0.1024,0.1024,0.1024,0.1023,0.1024,0.1023,0.1023,0.1023,0.1023,0.1024,0.1024,0.1023,0.1024,0.1023,0.1024,0.1024,0.1023,0.1022,0.1023,0.1023,0.1024,0.1023,0.1022,0.1024,0.1025,0.1023,0.1024,0.1024,0.1024,0.1023,0.1023,0.1024,0.1025,0.1025,0.1024,0.1023,0.1023,0.1024,0.1023,0.1023,0.1024,0.1024,0.1024,0.1026,0.1024,0.1024,0.1023,0.1023,0.1025,0.1023,0.1022,0.1022,0.1024,0.1024,0.1024,0.1023,0.1024,0.1024,0.1025,0.1024,0.1024,0.1023,0.1023,0.1023,0.1024,0.1026,0.1023,0.1024,0.1024,0.1024,0.1023,0.1024,0.1023,0.1024,0.1023,0.1024,0.1024,0.1023,0.1024,0.1024
2;3,0.0983,0.0979,0.0982,0.0982,0.0982,0.0981,0.098,0.0981,0.098,0.098,0.0981,0.0981,0.0981,0.0979,0.0981,0.098,0.0979,0.098,0.0979,0.0978,0.0979,0.0979,0.0978,0.0978,0.0977,0.0978,0.0978,0.0978,0.0979,0.0978,0.0977,0.0979,0.0977,0.0977,0.0978,0.0977,0.0978,0.0977,0.0976,0.0977,0.0977,0.0977,0.0977,0.0977,0.0977,0.0977,0.0976,0.0977,0.0976,0.0977,0.0976,0.0976,0.0978,0.0977,0.0975,0.0975,0.0976,0.0976,0.0974,0.0975,0.0976,0.0976,0.0974,0.0975,0.0975,0.0975,0.0973,0.0974,0.0974,0.0974,0.0976,0.0975,0.0975,0.0973,0.0974,0.0973,0.0975,0.0974,0.0973,0.0973,0.0974,0.0974,0.0975,0.0974,0.0973,0.0973,0.0973,0.0974,0.0973,0.0973,0.0973,0.0974,0.0972,0.0973,0.0971,0.0973
3;2,0.0976,0.0971,0.0972,0.097,0.097,0.0971,0.0971,0.097,0.0971,0.0976,0.0975,0.0978,0.0975,0.0977,0.0978,0.0978,0.0976,0.0982,0.0982,0.0984,0.0981,0.0983,0.098,0.0988,0.0987,0.0991,0.0985,0.0993,0.0991,0.1,0.0996,0.1004,0.0999,0.1001,0.1012,0.1021,0.1014,0.1018,0.1017,0.1018,0.102,0.1028,0.1031,0.1031,0.1036,0.1043,0.1047,0.1054,0.1053,0.1059,0.106,0.1054,0.1048,0.1054,0.1061,0.1052,0.1062,0.1066,0.107,0.107,0.1075,0.1094,0.1084,0.1092,0.1092,0.1091,0.1095,0.109,0.1094,0.1101,0.1102,0.1105,0.1102,0.1111,0.1115,0.1119,0.1108,0.1112,0.1122,0.1125,0.1131,0.1144,0.1145,0.1143,0.1145,0.1157,0.1166,0.1166,0.117,0.1178,0.1167,0.1189,0.1182,0.1183,0.1188,0.1187
,,,,,,,,,,,,,,,,,,,,,,,,,,,,,,,,,,,,,,,,,,,,,,,,,,,,,,,,,,,,,,,,,,,,,,,,,,,,,,,,,,,,,,,,,,,,,,,,
Cycles / Well,,,,,,,,,,,,,,,,,,,,,,,,,,,,,,,,,,,,,,,,,,,,,,,,,,,,,,,,,,,,,,,,,,,,,,,,,,,,,,,,,,,,,,,,,,,,,,,,
B2,1,2,3,4,5,6,7,8,9,10,11,12,13,14,15,16,17,18,19,20,21,22,23,24,25,26,27,28,29,30,31,32,33,34,35,36,37,38,39,40,41,42,43,44,45,46,47,48,49,50,51,52,53,54,55,56,57,58,59,60,61,62,63,64,65,66,67,68,69,70,71,72,73,74,75,76,77,78,79,80,81,82,83,84,85,86,87,88,89,90,91,92,93,94,95,96
Time [s],0,1799.806,3599.729,5399.66,7199.597,8999.513,10799.458,12599.364,14399.311,16199.219,17999.129,19799.077,21599.014,23398.929,25198.853,26998.776,28798.721,30598.646,32398.579,34198.515,35998.426,37798.366,39598.295,41398.224,43198.149,44998.073,46797.997,48597.934,50397.855,52197.79,53997.709,55797.648,57597.562,59397.496,61197.415,62997.353,64797.279,66597.204,68397.129,70197.065,71996.967,73796.9,75596.814,77396.765,79196.693,80996.622,82796.528,84596.475,86396.393,88196.312,89996.248,91796.18,93596.114,95396.034,97195.966,98995.894,100795.82,102595.755,104395.67,106195.606,107995.535,109795.451,111595.395,113395.325,115195.239,116995.182,118795.096,120595.023,122394.949,124194.883,125994.805,127794.735,129594.672,131394.601,133194.53,134994.454,136794.373,138594.307,140394.225,142194.153,143994.083,145794.008,147593.92,149393.863,151193.795,152993.716,154793.66,156593.577,158393.507,160193.44,161993.355,163793.28,165593.216,167393.131,169193.06,170993.004
Temp. [°C],20,29.7,30.1,30,30,30.1,30,29.9,29.9,29.9,30,30,29.9,29.9,30.1,29.9,30,30,29.9,29.9,30,30,30,30.1,30,30.1,29.9,30,30,30.1,30,30.1,30.1,29.9,29.9,30,29.9,30.1,29.8,30,30.1,30.1,29.9,30.1,30,30.1,30.1,30.1,29.9,30,30,30,30,30.1,30,30,30.1,30,30,30,30,29.9,30.1,30.1,30,30,30,30,30,29.9,30,30,30,30,30,30.1,30.1,30.1,30.1,30.1,29.9,29.9,30.1,30.1,29.9,29.9,29.9,30.1,30,30,30.1,30,30.1,30,30.1,29.9
Mean,0.11488,0.11158,0.11226,0.11262,0.1132,0.11408,0.1151,0.11662,0.11864,0.1214,0.12474,0.12908,0.13484,0.1432,0.15422,0.1697,0.19022,0.21776,0.25286,0.29582,0.34608,0.40306,0.46652,0.53512,0.6043,0.67176,0.72942,0.77318,0.80788,0.83466,0.85538,0.87136,0.88506,0.8962,0.90534,0.91444,0.92072,0.92778,0.93294,0.93656,0.9404,0.94292,0.94594,0.94888,0.9509,0.95394,0.95592,0.9585,0.96038,0.9609,0.96254,0.96472,0.96872,0.9705,0.9704,0.97058,0.97134,0.97216,0.973,0.97332,0.97474,0.97614,0.97646,0.97764,0.97806,0.97974,0.97924,0.98008,0.9807,0.98128,0.98258,0.98356,0.9836,0.98356,0.98452,0.98476,0.9862,0.98614,0.98646,0.98712,0.98744,0.98736,0.9886,0.9887,0.98876,0.99004,0.98996,0.9901,0.98956,0.9908,0.99192,0.99122,0.99218,0.99246,0.99368,0.99328
StDev,0.001768333,0.001687306,0.001971801,0.002022869,0.00232379,0.002896032,0.003234192,0.003868074,0.004660794,0.005863872,0.006744109,0.008368811,0.010426073,0.013838353,0.018257382,0.0250023,0.033378391,0.044475757,0.058374078,0.075257305,0.093834333,0.114486388,0.137199588,0.161323703,0.183849368,0.204894407,0.221593461,0.232616835,0.24131341,0.248689501,0.253345914,0.258337198,0.262639692,0.265220785,0.268090084,0.270981822,0.272501361,0.274222951,0.275461554,0.276944657,0.277693212,0.278169817,0.279030577,0.279681921,0.280541958,0.280880674,0.28114991,0.281505329,0.281491558,0.282404001,0.282631479,0.282590166,0.282666592,0.283604134,0.284823753,0.284341849,0.284900269,0.285465712,0.285663762,0.286304387,0.286201062,0.286320071,0.286554267,0.286559441,0.286417306,0.286977922,0.286847874,0.286998697,0.287443951,0.287695372,0.287704852,0.287769288,0.288241678,0.288391155,0.288429657,0.28855156,0.288504341,0.288664586,0.288818201,0.288780275,0.28864302,0.288820988,0.288832244,0.288686482,0.288248327,0.288850503,0.289357682,0.289726802,0.288994296,0.289558992,0.289458403,0.289992374,0.289943369,0.290043157,0.290300176,0.29013623
1;2,0.114,0.1116,0.1122,0.1129,0.1134,0.1143,0.1152,0.1166,0.1183,0.121,0.1245,0.1291,0.1355,0.1447,0.1565,0.1741,0.1969,0.2273,0.2661,0.3126,0.3677,0.4283,0.4952,0.5654,0.6332,0.7005,0.7574,0.798,0.8329,0.8579,0.8776,0.8917,0.9067,0.9181,0.9243,0.9356,0.9415,0.9499,0.9557,0.9582,0.964,0.9647,0.9669,0.9706,0.9708,0.9742,0.9771,0.9806,0.9837,0.9804,0.9837,0.9893,1.0005,0.9995,0.9981,0.9977,0.9965,0.9957,0.9953,0.9941,0.9983,0.9967,0.9962,0.9988,0.9998,1.004,1.0008,1.0019,1.0029,1.0024,1.0078,1.0084,1.0058,1.0038,1.0057,1.004,1.0091,1.0094,1.0085,1.0099,1.0101,1.007,1.0105,1.0109,1.0095,1.012,1.0093,1.0083,1.007,1.0095,1.0135,1.0087,1.0118,1.0111,1.0149,1.0127
2;1,0.1141,0.1119,0.112,0.1119,0.1126,0.1136,0.1144,0.1158,0.1178,0.1201,0.1231,0.127,0.1318,0.1383,0.1486,0.1617,0.1806,0.2059,0.2374,0.2756,0.3209,0.3756,0.4373,0.5065,0.5815,0.656,0.7228,0.7785,0.8211,0.8545,0.8795,0.8997,0.9153,0.9302,0.9424,0.9526,0.9603,0.9691,0.9743,0.9796,0.9852,0.9883,0.9916,0.9962,0.999,1.0028,1.0053,1.0078,1.0097,1.0116,1.0128,1.0145,1.0137,1.0155,1.0169,1.019,1.0222,1.0214,1.0227,1.0234,1.0243,1.0267,1.0274,1.0279,1.0281,1.0286,1.0292,1.0303,1.03,1.0314,1.031,1.0321,1.0328,1.0341,1.035,1.0367,1.0366,1.0361,1.0373,1.037,1.0384,1.0405,1.04,1.0406,1.0431,1.0431,1.0441,1.0438,1.0446,1.0444,1.0454,1.0457,1.0469,1.0471,1.0475,1.0473
2;2,0.1152,0.1108,0.1114,0.1119,0.1122,0.113,0.1138,0.1151,0.1168,0.1192,0.1221,0.126,0.1315,0.1394,0.1494,0.1639,0.1833,0.2098,0.2451,0.2908,0.3464,0.4101,0.4828,0.5607,0.641,0.7191,0.7894,0.8396,0.881,0.9129,0.9384,0.9573,0.9743,0.9866,0.997,1.0074,1.0159,1.0235,1.0309,1.0348,1.0392,1.0428,1.0468,1.0488,1.0518,1.0543,1.0566,1.0582,1.0607,1.0616,1.0646,1.0663,1.0741,1.076,1.0749,1.075,1.0743,1.0762,1.0768,1.0767,1.0795,1.08,1.0813,1.082,1.0816,1.0842,1.0841,1.0847,1.0866,1.0865,1.0877,1.089,1.0901,1.0893,1.0894,1.09,1.0922,1.0914,1.0915,1.0928,1.0928,1.0917,1.0936,1.0931,1.0922,1.0937,1.0931,1.095,1.0917,1.0953,1.0963,1.0951,1.0948,1.0967,1.0974,1.0979
2;3,0.1133,0.1095,0.1102,0.1105,0.1108,0.1108,0.1117,0.1126,0.1139,0.1155,0.118,0.1204,0.1236,0.1281,0.1334,0.1402,0.1492,0.1614,0.1769,0.1954,0.2171,0.241,0.2673,0.2964,0.3264,0.3563,0.3816,0.4034,0.4201,0.4327,0.444,0.451,0.4563,0.4619,0.4665,0.4698,0.4729,0.4762,0.4787,0.4799,0.4812,0.4832,0.4849,0.4863,0.4872,0.4895,0.4905,0.4925,0.4938,0.4938,0.4943,0.4956,0.4976,0.4989,0.4972,0.4977,0.4979,0.4987,0.4996,0.4995,0.4999,0.5021,0.502,0.503,0.5037,0.5038,0.504,0.5045,0.5043,0.5048,0.5052,0.5061,0.5059,0.5061,0.5069,0.5071,0.5076,0.5075,0.5078,0.5084,0.5087,0.509,0.5098,0.51,0.5107,0.511,0.5109,0.5106,0.5117,0.5115,0.5118,0.5116,0.5121,0.5122,0.5125,0.5127
3;2,0.1178,0.1141,0.1155,0.1159,0.117,0.1187,0.1204,0.123,0.1264,0.1312,0.136,0.1429,0.1518,0.1655,0.1832,0.2086,0.2411,0.2844,0.3388,0.4047,0.4783,0.5603,0.65,0.7466,0.8394,0.9269,0.9959,1.0464,1.0843,1.1153,1.1374,1.1571,1.1727,1.1842,1.1965,1.2068,1.213,1.2202,1.2251,1.2303,1.2324,1.2356,1.2395,1.2425,1.2457,1.2489,1.2501,1.2534,1.254,1.2571,1.2573,1.2579,1.2577,1.2626,1.2649,1.2635,1.2658,1.2688,1.2706,1.2729,1.2717,1.2752,1.2754,1.2765,1.2771,1.2781,1.2781,1.279,1.2797,1.2813,1.2812,1.2822,1.2834,1.2845,1.2856,1.286,1.2855,1.2863,1.2872,1.2875,1.2872,1.2886,1.2891,1.2889,1.2883,1.2904,1.2924,1.2928,1.2928,1.2933,1.2926,1.295,1.2953,1.2952,1.2961,1.2958
,,,,,,,,,,,,,,,,,,,,,,,,,,,,,,,,,,,,,,,,,,,,,,,,,,,,,,,,,,,,,,,,,,,,,,,,,,,,,,,,,,,,,,,,,,,,,,,,
Cycles / Well,,,,,,,,,,,,,,,,,,,,,,,,,,,,,,,,,,,,,,,,,,,,,,,,,,,,,,,,,,,,,,,,,,,,,,,,,,,,,,,,,,,,,,,,,,,,,,,,
B3,1,2,3,4,5,6,7,8,9,10,11,12,13,14,15,16,17,18,19,20,21,22,23,24,25,26,27,28,29,30,31,32,33,34,35,36,37,38,39,40,41,42,43,44,45,46,47,48,49,50,51,52,53,54,55,56,57,58,59,60,61,62,63,64,65,66,67,68,69,70,71,72,73,74,75,76,77,78,79,80,81,82,83,84,85,86,87,88,89,90,91,92,93,94,95,96
Time [s],0,1799.806,3599.729,5399.66,7199.597,8999.513,10799.458,12599.364,14399.311,16199.219,17999.129,19799.077,21599.014,23398.929,25198.853,26998.776,28798.721,30598.646,32398.579,34198.515,35998.426,37798.366,39598.295,41398.224,43198.149,44998.073,46797.997,48597.934,50397.855,52197.79,53997.709,55797.648,57597.562,59397.496,61197.415,62997.353,64797.279,66597.204,68397.129,70197.065,71996.967,73796.9,75596.814,77396.765,79196.693,80996.622,82796.528,84596.475,86396.393,88196.312,89996.248,91796.18,93596.114,95396.034,97195.966,98995.894,100795.82,102595.755,104395.67,106195.606,107995.535,109795.451,111595.395,113395.325,115195.239,116995.182,118795.096,120595.023,122394.949,124194.883,125994.805,127794.735,129594.672,131394.601,133194.53,134994.454,136794.373,138594.307,140394.225,142194.153,143994.083,145794.008,147593.92,149393.863,151193.795,152993.716,154793.66,156593.577,158393.507,160193.44,161993.355,163793.28,165593.216,167393.131,169193.06,170993.004
Temp. [°C],20,29.7,30.1,30,30,30.1,30,29.9,29.9,29.9,30,30,29.9,29.9,30.1,29.9,30,30,29.9,29.9,30,30,30,30.1,30,30.1,29.9,30,30,30.1,30,30.1,30.1,29.9,29.9,30,29.9,30.1,29.8,30,30.1,30.1,29.9,30.1,30,30.1,30.1,30.1,29.9,30,30,30,30,30.1,30,30,30.1,30,30,30,30,29.9,30.1,30.1,30,30,30,30,30,29.9,30,30,30,30,30,30.1,30.1,30.1,30.1,30.1,29.9,29.9,30.1,30.1,29.9,29.9,29.9,30.1,30,30,30.1,30,30.1,30,30.1,29.9
Mean,0.1239,0.12288,0.1254,0.1272,0.12916,0.13118,0.1334,0.13646,0.14034,0.1456,0.15186,0.15952,0.16892,0.18152,0.19712,0.21724,0.243,0.27586,0.31712,0.36716,0.42568,0.49124,0.56528,0.64396,0.72404,0.8031,0.87676,0.93696,0.98662,1.02494,1.0555,1.0783,1.09826,1.11302,1.12604,1.1375,1.14788,1.15648,1.1647,1.1719,1.1788,1.18324,1.18654,1.1885,1.1914,1.1941,1.19762,1.2,1.20374,1.20774,1.21128,1.21436,1.2177,1.22038,1.22282,1.2246,1.22668,1.22878,1.2307,1.23266,1.23442,1.23482,1.23596,1.2378,1.23838,1.23946,1.24016,1.24012,1.2417,1.24192,1.24244,1.2431,1.24336,1.24314,1.24326,1.2437,1.24368,1.24382,1.24368,1.24408,1.24384,1.2439,1.24462,1.24406,1.24388,1.24392,1.24396,1.2443,1.24368,1.24404,1.24416,1.24386,1.24356,1.24402,1.24336,1.24326
StDev,0.004967394,0.005137314,0.004587483,0.004178516,0.004015968,0.003992117,0.004110961,0.00408693,0.00432643,0.004755523,0.004607928,0.004354538,0.004343616,0.004881291,0.006201774,0.009025686,0.013121166,0.018793962,0.026183812,0.035331332,0.045951464,0.057279691,0.067995823,0.079045765,0.089964982,0.096617778,0.101364358,0.102178633,0.102573106,0.102678834,0.102305156,0.101805992,0.101765628,0.100931546,0.100402854,0.099707497,0.099564939,0.099442908,0.099099622,0.099154627,0.099713414,0.099033217,0.098466304,0.098037467,0.098238078,0.097906384,0.097740202,0.097418915,0.097780024,0.098294318,0.0987785,0.098936005,0.098895121,0.099118853,0.09944781,0.099316514,0.099711644,0.099349922,0.100207959,0.10053854,0.10056484,0.100216875,0.099930441,0.099667096,0.100218995,0.100319853,0.1005177,0.100840701,0.101310587,0.101235552,0.101249286,0.101588262,0.101835814,0.102394302,0.101882496,0.101961071,0.102866793,0.102580368,0.102427179,0.102710258,0.10270722,0.102831804,0.102369268,0.102551928,0.103402524,0.103349877,0.103291641,0.104039992,0.103477616,0.103910842,0.104290019,0.104047696,0.103895058,0.104425174,0.103967557,0.104039839
1;2,0.1201,0.1183,0.1217,0.1242,0.1267,0.1291,0.1311,0.1344,0.1384,0.1438,0.1509,0.16,0.1712,0.1861,0.2048,0.2298,0.2622,0.3036,0.3563,0.4199,0.4938,0.576,0.6647,0.7593,0.8553,0.9441,1.0231,1.0848,1.1335,1.1712,1.2014,1.2238,1.2424,1.2562,1.2676,1.2783,1.287,1.295,1.3029,1.3101,1.3174,1.3207,1.3233,1.3251,1.3283,1.3307,1.3334,1.3352,1.3396,1.3442,1.3479,1.3509,1.3526,1.3554,1.3597,1.361,1.3637,1.3649,1.3686,1.3704,1.3718,1.3725,1.3737,1.3746,1.3761,1.3766,1.3778,1.3778,1.3793,1.3803,1.3803,1.3818,1.382,1.3829,1.3824,1.3835,1.3843,1.3843,1.3844,1.3846,1.3845,1.3856,1.3853,1.3842,1.3863,1.386,1.3861,1.3873,1.386,1.3868,1.387,1.3873,1.3866,1.3875,1.3862,1.3861
2;1,0.1254,0.1247,0.1292,0.1311,0.1336,0.136,0.1383,0.1415,0.1457,0.1511,0.1576,0.1651,0.1745,0.1868,0.2021,0.2216,0.2462,0.2783,0.3178,0.3656,0.4214,0.4835,0.5547,0.6296,0.7066,0.781,0.8509,0.909,0.9578,0.9957,1.0251,1.0481,1.0672,1.0837,1.0961,1.1099,1.1192,1.1269,1.1348,1.1421,1.1483,1.1539,1.1563,1.1583,1.1621,1.1657,1.1685,1.172,1.1749,1.1783,1.1831,1.1858,1.1879,1.1905,1.1924,1.1951,1.1967,1.1989,1.201,1.203,1.2055,1.2052,1.2068,1.2085,1.2088,1.21,1.2109,1.2113,1.2127,1.2124,1.213,1.2142,1.2144,1.2151,1.2152,1.215,1.2152,1.2153,1.2161,1.2155,1.216,1.2156,1.2174,1.2167,1.2163,1.2156,1.2161,1.2165,1.2165,1.2162,1.2161,1.2148,1.215,1.2151,1.2154,1.2153
2;2,0.1225,0.1209,0.1232,0.1251,0.1273,0.1295,0.1315,0.1345,0.1382,0.1431,0.1494,0.1571,0.1669,0.1801,0.1961,0.2175,0.2446,0.2791,0.3221,0.375,0.4369,0.5058,0.5843,0.6667,0.7497,0.8323,0.9106,0.9718,1.0236,1.0624,1.0932,1.1146,1.1371,1.1509,1.165,1.175,1.1875,1.1969,1.2047,1.2119,1.2194,1.2234,1.2258,1.228,1.2311,1.2329,1.2385,1.2395,1.2435,1.2483,1.2517,1.2548,1.2599,1.263,1.2645,1.2663,1.2692,1.2714,1.2727,1.2756,1.2775,1.2766,1.2775,1.2801,1.2808,1.2823,1.2829,1.2833,1.2856,1.2852,1.2861,1.2865,1.2868,1.2863,1.2857,1.2862,1.2864,1.2863,1.286,1.2868,1.2862,1.2856,1.2862,1.2872,1.2853,1.2863,1.2862,1.2873,1.2866,1.2869,1.2879,1.2864,1.286,1.2869,1.2857,1.2859
2;3,0.1197,0.1195,0.1215,0.1233,0.1249,0.1266,0.1289,0.1319,0.1354,0.14,0.1461,0.1537,0.163,0.1752,0.1905,0.2095,0.2341,0.265,0.3041,0.3519,0.4087,0.4726,0.5454,0.6228,0.7015,0.7798,0.8542,0.9141,0.9652,1.0051,1.0359,1.0598,1.0799,1.0939,1.1079,1.1188,1.1305,1.1397,1.1484,1.1557,1.1633,1.1677,1.1728,1.1733,1.1751,1.1779,1.1803,1.184,1.1878,1.1915,1.1954,1.1995,1.2049,1.2075,1.2087,1.2103,1.2115,1.2142,1.2157,1.2177,1.2195,1.2206,1.2206,1.2227,1.2231,1.2251,1.2253,1.2252,1.2276,1.2272,1.2283,1.2281,1.2293,1.228,1.2289,1.2286,1.2292,1.2291,1.2273,1.2294,1.2287,1.2282,1.2289,1.228,1.2282,1.2281,1.2276,1.2273,1.2259,1.2274,1.2275,1.2277,1.2275,1.2284,1.2276,1.2273
3;2,0.1318,0.131,0.1314,0.1323,0.1333,0.1347,0.1372,0.14,0.144,0.15,0.1553,0.1617,0.169,0.1794,0.1921,0.2078,0.2279,0.2533,0.2853,0.3234,0.3676,0.4183,0.4773,0.5414,0.6071,0.6783,0.745,0.8051,0.853,0.8903,0.9219,0.9452,0.9647,0.9804,0.9936,1.0055,1.0152,1.0239,1.0327,1.0397,1.0456,1.0505,1.0545,1.0578,1.0604,1.0633,1.0674,1.0693,1.0729,1.0764,1.0783,1.0808,1.0832,1.0855,1.0888,1.0903,1.0923,1.0945,1.0955,1.0966,1.0978,1.0992,1.1012,1.1031,1.1031,1.1033,1.1039,1.103,1.1033,1.1045,1.1045,1.1049,1.1043,1.1034,1.1041,1.1052,1.1033,1.1041,1.1046,1.1041,1.1038,1.1045,1.1053,1.1042,1.1033,1.1036,1.1038,1.1031,1.1034,1.1029,1.1023,1.1031,1.1027,1.1022,1.1019,1.1017
,,,,,,,,,,,,,,,,,,,,,,,,,,,,,,,,,,,,,,,,,,,,,,,,,,,,,,,,,,,,,,,,,,,,,,,,,,,,,,,,,,,,,,,,,,,,,,,,
Cycles / Well,,,,,,,,,,,,,,,,,,,,,,,,,,,,,,,,,,,,,,,,,,,,,,,,,,,,,,,,,,,,,,,,,,,,,,,,,,,,,,,,,,,,,,,,,,,,,,,,
B4,1,2,3,4,5,6,7,8,9,10,11,12,13,14,15,16,17,18,19,20,21,22,23,24,25,26,27,28,29,30,31,32,33,34,35,36,37,38,39,40,41,42,43,44,45,46,47,48,49,50,51,52,53,54,55,56,57,58,59,60,61,62,63,64,65,66,67,68,69,70,71,72,73,74,75,76,77,78,79,80,81,82,83,84,85,86,87,88,89,90,91,92,93,94,95,96
Time [s],0,1799.806,3599.729,5399.66,7199.597,8999.513,10799.458,12599.364,14399.311,16199.219,17999.129,19799.077,21599.014,23398.929,25198.853,26998.776,28798.721,30598.646,32398.579,34198.515,35998.426,37798.366,39598.295,41398.224,43198.149,44998.073,46797.997,48597.934,50397.855,52197.79,53997.709,55797.648,57597.562,59397.496,61197.415,62997.353,64797.279,66597.204,68397.129,70197.065,71996.967,73796.9,75596.814,77396.765,79196.693,80996.622,82796.528,84596.475,86396.393,88196.312,89996.248,91796.18,93596.114,95396.034,97195.966,98995.894,100795.82,102595.755,104395.67,106195.606,107995.535,109795.451,111595.395,113395.325,115195.239,116995.182,118795.096,120595.023,122394.949,124194.883,125994.805,127794.735,129594.672,131394.601,133194.53,134994.454,136794.373,138594.307,140394.225,142194.153,143994.083,145794.008,147593.92,149393.863,151193.795,152993.716,154793.66,156593.577,158393.507,160193.44,161993.355,163793.28,165593.216,167393.131,169193.06,170993.004
Temp. [°C],20,29.7,30.1,30,30,30.1,30,29.9,29.9,29.9,30,30,29.9,29.9,30.1,29.9,30,30,29.9,29.9,30,30,30,30.1,30,30.1,29.9,30,30,30.1,30,30.1,30.1,29.9,29.9,30,29.9,30.1,29.8,30,30.1,30.1,29.9,30.1,30,30.1,30.1,30.1,29.9,30,30,30,30,30.1,30,30,30.1,30,30,30,30,29.9,30.1,30.1,30,30,30,30,30,29.9,30,30,30,30,30,30.1,30.1,30.1,30.1,30.1,29.9,29.9,30.1,30.1,29.9,29.9,29.9,30.1,30,30,30.1,30,30.1,30,30.1,29.9
Mean,0.12062,0.1183,0.11982,0.12058,0.12214,0.12388,0.1258,0.12902,0.13292,0.13902,0.1466,0.15652,0.16948,0.18734,0.21154,0.24436,0.2861,0.33878,0.40204,0.47708,0.56244,0.65702,0.75678,0.85534,0.94764,1.03036,1.09548,1.14122,1.17606,1.2023,1.22222,1.23912,1.25268,1.26376,1.27428,1.28292,1.29098,1.29746,1.30244,1.306,1.30906,1.31128,1.3141,1.31678,1.3202,1.32226,1.3247,1.32678,1.32886,1.33142,1.33278,1.33428,1.33536,1.33626,1.33894,1.34078,1.34242,1.34282,1.3441,1.34572,1.34618,1.3466,1.34764,1.34856,1.34984,1.35042,1.3513,1.35162,1.35272,1.35338,1.3542,1.35434,1.35566,1.35602,1.3565,1.3571,1.35776,1.3576,1.35832,1.3591,1.35912,1.35988,1.36038,1.36028,1.36054,1.36102,1.36208,1.36258,1.36258,1.3641,1.36382,1.36484,1.36392,1.36514,1.36516,1.3653
StDev,0.008480979,0.008090117,0.007298767,0.007568157,0.007235537,0.007454328,0.00727908,0.007294313,0.007377127,0.008502764,0.008340564,0.008358648,0.008190055,0.010898991,0.016825071,0.025593026,0.037424925,0.051406002,0.067352045,0.084377467,0.102106944,0.12007536,0.133973997,0.143956844,0.148590807,0.149776644,0.147309799,0.14482844,0.142330928,0.140980761,0.140072363,0.140250693,0.139530559,0.138046199,0.137859555,0.137260672,0.137303048,0.136415883,0.136445366,0.135219248,0.13547619,0.135404623,0.135092339,0.133386551,0.133368231,0.132710297,0.13239256,0.132268579,0.132215612,0.132724252,0.13304577,0.13288206,0.132959103,0.132980254,0.133429168,0.13334518,0.133817551,0.133722033,0.133958389,0.134766305,0.13393488,0.134245354,0.134294091,0.134390468,0.134814866,0.13487317,0.135072277,0.135016395,0.135596246,0.135498605,0.13540757,0.135449337,0.135746319,0.135477515,0.135616149,0.135995073,0.136036017,0.135888484,0.136082317,0.136302494,0.135776276,0.135657573,0.135349721,0.13546349,0.136093986,0.135363573,0.135495321,0.135694351,0.135103412,0.135329228,0.1351337,0.135724935,0.135252253,0.135514291,0.135338587,0.135703482
1;2,0.1159,0.1127,0.1153,0.1161,0.1176,0.1199,0.1223,0.1259,0.1302,0.1364,0.1459,0.1588,0.1772,0.2029,0.2376,0.2846,0.345,0.4193,0.5063,0.6057,0.7155,0.8334,0.948,1.0554,1.1496,1.2283,1.2872,1.329,1.3581,1.3819,1.4003,1.4169,1.429,1.437,1.4475,1.4546,1.4625,1.4669,1.4715,1.4742,1.477,1.4795,1.4825,1.4824,1.4859,1.4876,1.489,1.4907,1.493,1.4969,1.4969,1.4978,1.4968,1.4987,1.5022,1.5037,1.5064,1.5068,1.5088,1.5118,1.5102,1.5126,1.5135,1.5145,1.5153,1.5158,1.5178,1.5175,1.5187,1.5198,1.5195,1.5209,1.5224,1.5227,1.5228,1.5246,1.5243,1.5245,1.5253,1.5256,1.5256,1.5271,1.5264,1.5258,1.5279,1.5271,1.5291,1.5288,1.5281,1.5302,1.5297,1.5309,1.5302,1.5317,1.531,1.532
2;1,0.1215,0.12,0.1214,0.1226,0.1243,0.126,0.1278,0.1309,0.1349,0.1403,0.1472,0.1552,0.1661,0.181,0.1999,0.2252,0.2573,0.2975,0.3445,0.4008,0.4669,0.54,0.6204,0.7029,0.7845,0.8616,0.9277,0.9753,1.0119,1.0388,1.0591,1.0766,1.0912,1.1031,1.1129,1.122,1.1301,1.1369,1.1418,1.1474,1.1504,1.1529,1.1561,1.1601,1.1636,1.1668,1.1699,1.1717,1.1746,1.1767,1.1772,1.1787,1.1791,1.1805,1.1821,1.1836,1.1851,1.1856,1.1866,1.1878,1.189,1.1885,1.1898,1.1901,1.1905,1.1912,1.1918,1.1926,1.1931,1.1938,1.1943,1.1945,1.1953,1.1964,1.1964,1.1964,1.1972,1.1975,1.198,1.1978,1.1984,1.1992,1.2003,1.1996,1.1992,1.2002,1.2013,1.2017,1.2019,1.2035,1.2036,1.2037,1.2032,1.2043,1.2042,1.2041
2;2,0.1177,0.1154,0.117,0.1177,0.1191,0.121,0.123,0.1263,0.1301,0.1358,0.1437,0.1543,0.1688,0.1892,0.2167,0.2541,0.3017,0.361,0.4326,0.5175,0.6133,0.7201,0.8308,0.9368,1.0327,1.1178,1.182,1.2263,1.2605,1.286,1.3057,1.3231,1.3364,1.348,1.3578,1.3674,1.375,1.3812,1.3861,1.3889,1.3926,1.3943,1.3963,1.398,1.4029,1.4039,1.4072,1.4094,1.4112,1.4143,1.417,1.4187,1.4188,1.4193,1.4239,1.4258,1.4281,1.4278,1.4289,1.4307,1.4314,1.4308,1.4318,1.432,1.4345,1.4351,1.4356,1.4359,1.4379,1.4386,1.4394,1.4388,1.4403,1.4413,1.4423,1.4421,1.4437,1.4429,1.4448,1.445,1.4451,1.445,1.4461,1.4464,1.447,1.4464,1.4476,1.4487,1.4487,1.4494,1.4486,1.4519,1.449,1.4502,1.4502,1.4505
2;3,0.1132,0.1118,0.1136,0.1137,0.1159,0.1167,0.1185,0.1214,0.1249,0.1299,0.1366,0.1456,0.1579,0.1738,0.1947,0.2233,0.2604,0.3085,0.3681,0.4402,0.5268,0.6222,0.7301,0.8391,0.9405,1.0338,1.1047,1.1516,1.1904,1.2177,1.2376,1.2554,1.2699,1.281,1.2916,1.2998,1.3091,1.3169,1.3229,1.3251,1.3288,1.331,1.3335,1.337,1.338,1.3401,1.3424,1.3445,1.3466,1.3474,1.3507,1.3525,1.3594,1.3591,1.3587,1.3607,1.361,1.3621,1.363,1.3646,1.3659,1.3646,1.3663,1.3683,1.3702,1.3712,1.371,1.3726,1.3743,1.3736,1.3763,1.3751,1.3768,1.3755,1.3764,1.377,1.3785,1.3781,1.3776,1.3808,1.3788,1.3788,1.3799,1.3805,1.3787,1.3807,1.3801,1.3822,1.3813,1.3838,1.3841,1.3834,1.3832,1.3849,1.3857,1.3852
3;2,0.1348,0.1316,0.1318,0.1328,0.1338,0.1358,0.1374,0.1406,0.1445,0.1527,0.1596,0.1687,0.1774,0.1898,0.2088,0.2346,0.2661,0.3076,0.3587,0.4212,0.4897,0.5694,0.6546,0.7425,0.8309,0.9103,0.9758,1.0239,1.0594,1.0871,1.1084,1.1236,1.1369,1.1497,1.1616,1.1708,1.1782,1.1854,1.1899,1.1944,1.1965,1.1987,1.2021,1.2064,1.2106,1.2129,1.215,1.2176,1.2189,1.2218,1.2221,1.2237,1.2227,1.2237,1.2278,1.2301,1.2315,1.2318,1.2332,1.2337,1.2344,1.2365,1.2368,1.2379,1.2387,1.2388,1.2403,1.2395,1.2396,1.2411,1.2415,1.2424,1.2435,1.2442,1.2446,1.2454,1.2451,1.245,1.2459,1.2463,1.2477,1.2493,1.2492,1.2491,1.2499,1.2507,1.2523,1.2515,1.2529,1.2536,1.2531,1.2543,1.254,1.2546,1.2547,1.2547
,,,,,,,,,,,,,,,,,,,,,,,,,,,,,,,,,,,,,,,,,,,,,,,,,,,,,,,,,,,,,,,,,,,,,,,,,,,,,,,,,,,,,,,,,,,,,,,,
Cycles / Well,,,,,,,,,,,,,,,,,,,,,,,,,,,,,,,,,,,,,,,,,,,,,,,,,,,,,,,,,,,,,,,,,,,,,,,,,,,,,,,,,,,,,,,,,,,,,,,,
B5,1,2,3,4,5,6,7,8,9,10,11,12,13,14,15,16,17,18,19,20,21,22,23,24,25,26,27,28,29,30,31,32,33,34,35,36,37,38,39,40,41,42,43,44,45,46,47,48,49,50,51,52,53,54,55,56,57,58,59,60,61,62,63,64,65,66,67,68,69,70,71,72,73,74,75,76,77,78,79,80,81,82,83,84,85,86,87,88,89,90,91,92,93,94,95,96
Time [s],0,1799.806,3599.729,5399.66,7199.597,8999.513,10799.458,12599.364,14399.311,16199.219,17999.129,19799.077,21599.014,23398.929,25198.853,26998.776,28798.721,30598.646,32398.579,34198.515,35998.426,37798.366,39598.295,41398.224,43198.149,44998.073,46797.997,48597.934,50397.855,52197.79,53997.709,55797.648,57597.562,59397.496,61197.415,62997.353,64797.279,66597.204,68397.129,70197.065,71996.967,73796.9,75596.814,77396.765,79196.693,80996.622,82796.528,84596.475,86396.393,88196.312,89996.248,91796.18,93596.114,95396.034,97195.966,98995.894,100795.82,102595.755,104395.67,106195.606,107995.535,109795.451,111595.395,113395.325,115195.239,116995.182,118795.096,120595.023,122394.949,124194.883,125994.805,127794.735,129594.672,131394.601,133194.53,134994.454,136794.373,138594.307,140394.225,142194.153,143994.083,145794.008,147593.92,149393.863,151193.795,152993.716,154793.66,156593.577,158393.507,160193.44,161993.355,163793.28,165593.216,167393.131,169193.06,170993.004
Temp. [°C],20,29.7,30.1,30,30,30.1,30,29.9,29.9,29.9,30,30,29.9,29.9,30.1,29.9,30,30,29.9,29.9,30,30,30,30.1,30,30.1,29.9,30,30,30.1,30,30.1,30.1,29.9,29.9,30,29.9,30.1,29.8,30,30.1,30.1,29.9,30.1,30,30.1,30.1,30.1,29.9,30,30,30,30,30.1,30,30,30.1,30,30,30,30,29.9,30.1,30.1,30,30,30,30,30,29.9,30,30,30,30,30,30.1,30.1,30.1,30.1,30.1,29.9,29.9,30.1,30.1,29.9,29.9,29.9,30.1,30,30,30.1,30,30.1,30,30.1,29.9
Mean,0.12856,0.12946,0.13498,0.13864,0.14156,0.14414,0.14512,0.14604,0.14722,0.14874,0.1504,0.1521,0.15422,0.15646,0.15912,0.16198,0.16506,0.1687,0.17232,0.1762,0.1803,0.18452,0.18888,0.1939,0.19938,0.20512,0.2111,0.21788,0.22492,0.2325,0.24144,0.25106,0.26106,0.27234,0.28488,0.29766,0.31146,0.32654,0.3425,0.36062,0.37934,0.39906,0.4202,0.44168,0.4654,0.49008,0.51598,0.54432,0.57222,0.60328,0.63434,0.6657,0.69596,0.72802,0.75932,0.78868,0.81494,0.84002,0.8626,0.88346,0.8998,0.915,0.92992,0.94256,0.95508,0.9672,0.97898,0.98836,0.9978,1.00628,1.01392,1.02062,1.02786,1.03192,1.03496,1.03912,1.04128,1.0434,1.04444,1.04564,1.04468,1.04646,1.04614,1.047,1.0476,1.04688,1.04822,1.04984,1.04854,1.04948,1.04786,1.04904,1.04716,1.0483,1.04668,1.0463
StDev,0.006544693,0.006696118,0.0056229,0.004471353,0.003864324,0.003852661,0.003934717,0.003912544,0.004046851,0.004238868,0.004560702,0.004657252,0.005032594,0.005296036,0.005677764,0.006300952,0.006820044,0.007576609,0.008310054,0.009127705,0.009890652,0.0110144,0.012348158,0.013708756,0.01538691,0.017169799,0.019298964,0.021619944,0.02455111,0.027450774,0.030756918,0.034888795,0.039134167,0.043579215,0.049099969,0.054105295,0.059929817,0.066220563,0.071874996,0.078791795,0.085854953,0.093413532,0.100499179,0.107378755,0.116248828,0.124343001,0.132299875,0.139973576,0.148138675,0.158178545,0.166940388,0.173863582,0.180584213,0.188648077,0.194496085,0.199641371,0.205590304,0.210010945,0.213174893,0.217113503,0.218674358,0.220375486,0.222711297,0.222415856,0.225352761,0.22660502,0.229117812,0.229160714,0.230484631,0.230787201,0.230668511,0.230966853,0.233723743,0.232689282,0.231671617,0.233395709,0.232627303,0.233251442,0.232576531,0.233291166,0.230979809,0.232835743,0.230701231,0.230666242,0.231311424,0.229874818,0.23118254,0.23224477,0.231291911,0.232283592,0.230915456,0.233105616,0.2313693,0.233054243,0.231148214,0.231518606
1;2,0.1267,0.1261,0.1329,0.1386,0.1431,0.1468,0.1481,0.1491,0.1504,0.1519,0.1539,0.156,0.1584,0.1608,0.1638,0.1676,0.1711,0.1755,0.1801,0.1849,0.1901,0.1961,0.2018,0.2086,0.2159,0.2241,0.2328,0.2423,0.2529,0.2637,0.2765,0.2909,0.306,0.3226,0.3415,0.3605,0.3809,0.4031,0.4241,0.451,0.4783,0.5077,0.5378,0.5669,0.6039,0.6405,0.6751,0.7129,0.7504,0.7969,0.8391,0.8785,0.9147,0.9596,0.9985,1.0351,1.0734,1.1061,1.1343,1.1607,1.1782,1.201,1.2187,1.2284,1.2453,1.2563,1.2729,1.2814,1.2908,1.3003,1.3048,1.3143,1.3233,1.3288,1.3296,1.3392,1.3377,1.3403,1.3422,1.3428,1.3405,1.3473,1.3407,1.3408,1.3448,1.3414,1.3467,1.3474,1.348,1.3479,1.3439,1.3511,1.3462,1.35,1.344,1.3451
2;1,0.1313,0.1332,0.1381,0.1409,0.1428,0.1441,0.1441,0.1445,0.1455,0.1464,0.1475,0.1486,0.15,0.1516,0.1533,0.155,0.1571,0.1594,0.1618,0.1646,0.1677,0.1706,0.1731,0.1766,0.1802,0.1841,0.188,0.1929,0.1978,0.2026,0.2086,0.2141,0.2207,0.228,0.236,0.245,0.2534,0.2618,0.2721,0.285,0.297,0.3103,0.3252,0.34,0.3561,0.3721,0.3887,0.4055,0.4231,0.4426,0.4616,0.4829,0.5005,0.523,0.5476,0.568,0.5887,0.6055,0.6232,0.6384,0.651,0.666,0.6771,0.687,0.6954,0.7036,0.7125,0.7209,0.7266,0.7336,0.7389,0.7461,0.7477,0.7559,0.7591,0.7622,0.7639,0.7648,0.7684,0.7667,0.7699,0.7707,0.7712,0.772,0.7732,0.7731,0.7752,0.7744,0.7753,0.774,0.7733,0.7741,0.7733,0.7728,0.7721,0.7714
2;2,0.1264,0.1264,0.133,0.138,0.1425,0.1464,0.148,0.1491,0.1507,0.1522,0.1541,0.1561,0.1585,0.1613,0.1642,0.1676,0.1712,0.1755,0.1798,0.1848,0.19,0.1951,0.201,0.2072,0.2145,0.2216,0.2294,0.2386,0.2484,0.2589,0.2709,0.2843,0.298,0.3134,0.3311,0.3486,0.3679,0.3886,0.4112,0.4355,0.4599,0.4855,0.5123,0.5399,0.5682,0.5972,0.6298,0.6611,0.6948,0.7289,0.7643,0.7992,0.8319,0.8657,0.9006,0.9308,0.9559,0.979,0.9996,1.021,1.0381,1.0485,1.0649,1.0777,1.09,1.1036,1.1147,1.1248,1.1359,1.1435,1.1517,1.1572,1.1659,1.1697,1.1723,1.1747,1.1772,1.1802,1.1807,1.1815,1.1799,1.1803,1.1816,1.1832,1.1819,1.1797,1.1824,1.1858,1.1806,1.1842,1.1821,1.183,1.1803,1.1824,1.1812,1.1797
2;3,0.1204,0.1224,0.1281,0.1318,0.1348,0.1375,0.1387,0.1399,0.141,0.1424,0.1438,0.1458,0.1477,0.15,0.1527,0.1555,0.1585,0.162,0.1656,0.1693,0.1738,0.178,0.1828,0.1875,0.1932,0.1987,0.2046,0.2107,0.2175,0.2244,0.2329,0.2419,0.2515,0.2614,0.273,0.2833,0.2961,0.3109,0.3264,0.3415,0.3599,0.3783,0.3981,0.4198,0.4421,0.4655,0.4928,0.5272,0.5567,0.5889,0.623,0.6582,0.6977,0.7303,0.7618,0.7934,0.8184,0.8463,0.8716,0.8943,0.9124,0.9249,0.94,0.9571,0.9713,0.9878,0.9995,1.0096,1.0209,1.0291,1.0415,1.0452,1.0559,1.0543,1.0587,1.0602,1.0667,1.0686,1.0666,1.0717,1.0663,1.0664,1.069,1.0703,1.0691,1.0707,1.0669,1.0717,1.0686,1.0714,1.0703,1.0675,1.0666,1.0669,1.0667,1.0661
3;2,0.138,0.1392,0.1428,0.1439,0.1446,0.1459,0.1467,0.1476,0.1485,0.1508,0.1527,0.154,0.1565,0.1586,0.1616,0.1642,0.1674,0.1711,0.1743,0.1774,0.1799,0.1828,0.1857,0.1896,0.1931,0.1971,0.2007,0.2049,0.208,0.2129,0.2183,0.2241,0.2291,0.2363,0.2428,0.2509,0.259,0.2683,0.2787,0.2901,0.3016,0.3135,0.3276,0.3418,0.3567,0.3751,0.3935,0.4149,0.4361,0.4591,0.4837,0.5097,0.535,0.5615,0.5881,0.6161,0.6383,0.6632,0.6843,0.7029,0.7193,0.7346,0.7489,0.7626,0.7734,0.7847,0.7953,0.8051,0.8148,0.8249,0.8327,0.8403,0.8465,0.8509,0.8551,0.8593,0.8609,0.8631,0.8643,0.8655,0.8668,0.8676,0.8682,0.8687,0.869,0.8695,0.8699,0.8699,0.8702,0.8699,0.8697,0.8695,0.8694,0.8694,0.8694,0.8692
,,,,,,,,,,,,,,,,,,,,,,,,,,,,,,,,,,,,,,,,,,,,,,,,,,,,,,,,,,,,,,,,,,,,,,,,,,,,,,,,,,,,,,,,,,,,,,,,
Cycles / Well,,,,,,,,,,,,,,,,,,,,,,,,,,,,,,,,,,,,,,,,,,,,,,,,,,,,,,,,,,,,,,,,,,,,,,,,,,,,,,,,,,,,,,,,,,,,,,,,
B6,1,2,3,4,5,6,7,8,9,10,11,12,13,14,15,16,17,18,19,20,21,22,23,24,25,26,27,28,29,30,31,32,33,34,35,36,37,38,39,40,41,42,43,44,45,46,47,48,49,50,51,52,53,54,55,56,57,58,59,60,61,62,63,64,65,66,67,68,69,70,71,72,73,74,75,76,77,78,79,80,81,82,83,84,85,86,87,88,89,90,91,92,93,94,95,96
Time [s],0,1799.806,3599.729,5399.66,7199.597,8999.513,10799.458,12599.364,14399.311,16199.219,17999.129,19799.077,21599.014,23398.929,25198.853,26998.776,28798.721,30598.646,32398.579,34198.515,35998.426,37798.366,39598.295,41398.224,43198.149,44998.073,46797.997,48597.934,50397.855,52197.79,53997.709,55797.648,57597.562,59397.496,61197.415,62997.353,64797.279,66597.204,68397.129,70197.065,71996.967,73796.9,75596.814,77396.765,79196.693,80996.622,82796.528,84596.475,86396.393,88196.312,89996.248,91796.18,93596.114,95396.034,97195.966,98995.894,100795.82,102595.755,104395.67,106195.606,107995.535,109795.451,111595.395,113395.325,115195.239,116995.182,118795.096,120595.023,122394.949,124194.883,125994.805,127794.735,129594.672,131394.601,133194.53,134994.454,136794.373,138594.307,140394.225,142194.153,143994.083,145794.008,147593.92,149393.863,151193.795,152993.716,154793.66,156593.577,158393.507,160193.44,161993.355,163793.28,165593.216,167393.131,169193.06,170993.004
Temp. [°C],20,29.7,30.1,30,30,30.1,30,29.9,29.9,29.9,30,30,29.9,29.9,30.1,29.9,30,30,29.9,29.9,30,30,30,30.1,30,30.1,29.9,30,30,30.1,30,30.1,30.1,29.9,29.9,30,29.9,30.1,29.8,30,30.1,30.1,29.9,30.1,30,30.1,30.1,30.1,29.9,30,30,30,30,30.1,30,30,30.1,30,30,30,30,29.9,30.1,30.1,30,30,30,30,30,29.9,30,30,30,30,30,30.1,30.1,30.1,30.1,30.1,29.9,29.9,30.1,30.1,29.9,29.9,29.9,30.1,30,30,30.1,30,30.1,30,30.1,29.9
Mean,0.1226,0.11948,0.12102,0.1224,0.12372,0.12562,0.12826,0.13174,0.13592,0.1423,0.15074,0.16124,0.17626,0.19706,0.22562,0.26176,0.3087,0.36652,0.43578,0.51562,0.60714,0.70476,0.80682,0.904,0.99346,1.06122,1.10992,1.14336,1.17108,1.1914,1.2089,1.22316,1.2355,1.24598,1.25494,1.26338,1.27134,1.27732,1.2837,1.28774,1.29314,1.29808,1.30184,1.30588,1.3085,1.31068,1.31294,1.315,1.3159,1.31728,1.31898,1.32016,1.32368,1.32486,1.32488,1.32646,1.32724,1.3285,1.32876,1.33002,1.3311,1.33014,1.33098,1.3321,1.33334,1.33446,1.3351,1.3355,1.33704,1.33734,1.33848,1.3386,1.33992,1.33926,1.33988,1.33994,1.3416,1.34192,1.34168,1.34356,1.34288,1.34306,1.34464,1.34518,1.34504,1.34584,1.34644,1.34718,1.34686,1.34918,1.34948,1.34976,1.35016,1.35132,1.35188,1.35222
StDev,0.0058228,0.005318552,0.005467815,0.005707451,0.005830695,0.005944493,0.006669558,0.007293696,0.007434178,0.008750714,0.010127092,0.011014218,0.013246811,0.017199942,0.023511742,0.03216882,0.043656443,0.058301947,0.076310399,0.096969103,0.119619451,0.141034404,0.155051304,0.163353313,0.164546811,0.160760511,0.155824379,0.154066749,0.151025998,0.150369295,0.148473213,0.147865963,0.147247224,0.147228503,0.146791308,0.146413531,0.145782142,0.145398494,0.144364885,0.143342642,0.143220138,0.143914878,0.142780769,0.141944116,0.141205577,0.141340642,0.141270673,0.14055129,0.141026256,0.140896086,0.140987861,0.140991624,0.140399562,0.140684001,0.141821356,0.141235842,0.142618891,0.14303774,0.142333404,0.142008933,0.142661365,0.144114635,0.143777613,0.143380473,0.143468422,0.144115346,0.144598323,0.143974616,0.144006989,0.144198936,0.144315166,0.14449801,0.144737753,0.144852245,0.145517136,0.145331838,0.144772736,0.1445112,0.144969987,0.144514266,0.144569471,0.144657554,0.144778289,0.144712636,0.144508903,0.145066874,0.145299219,0.14484772,0.145867176,0.145007334,0.144632852,0.144528243,0.144868295,0.144482238,0.144006587,0.143721248
1;2,0.1196,0.116,0.1178,0.119,0.1203,0.1223,0.1246,0.1279,0.1322,0.1383,0.1472,0.1592,0.1766,0.2012,0.2358,0.2828,0.3444,0.4231,0.5182,0.628,0.7517,0.8796,0.9981,1.1049,1.1977,1.2586,1.2999,1.3322,1.3546,1.3732,1.3886,1.4023,1.4139,1.4241,1.4318,1.4392,1.4464,1.4514,1.4563,1.4591,1.4631,1.469,1.4718,1.475,1.4764,1.4796,1.4813,1.4826,1.4842,1.4846,1.4872,1.4884,1.4904,1.4918,1.4937,1.4944,1.496,1.4983,1.4977,1.4985,1.5001,1.5023,1.5026,1.5028,1.5044,1.506,1.5071,1.5066,1.5078,1.5085,1.5101,1.5106,1.5113,1.5119,1.5134,1.5133,1.5147,1.514,1.515,1.5164,1.5159,1.5158,1.5174,1.5181,1.518,1.5199,1.52,1.5196,1.5217,1.5223,1.5229,1.5221,1.5244,1.5244,1.524,1.5243
2;1,0.1226,0.1211,0.1228,0.1248,0.127,0.1298,0.1323,0.1364,0.1416,0.1489,0.159,0.1727,0.1921,0.2186,0.2534,0.2943,0.345,0.403,0.4697,0.5431,0.6259,0.7162,0.8112,0.9044,0.9878,1.0546,1.1006,1.1331,1.1614,1.1818,1.1989,1.2134,1.2248,1.2364,1.244,1.255,1.2607,1.2665,1.2717,1.2784,1.2842,1.2878,1.2928,1.297,1.3001,1.3021,1.3038,1.3054,1.3056,1.3084,1.3075,1.3089,1.3079,1.3089,1.3106,1.3135,1.3162,1.3168,1.3173,1.3181,1.3187,1.3189,1.3197,1.3203,1.3205,1.3209,1.3215,1.3219,1.3236,1.3236,1.3238,1.3242,1.3244,1.3259,1.326,1.3266,1.3282,1.3275,1.3282,1.3284,1.3309,1.3302,1.3318,1.3319,1.3322,1.3319,1.3341,1.3343,1.3333,1.3355,1.3363,1.3359,1.3355,1.3378,1.337,1.3377
2;2,0.1207,0.1175,0.1189,0.1201,0.1214,0.1231,0.1253,0.1284,0.1327,0.1387,0.147,0.1584,0.175,0.1984,0.2314,0.2748,0.3303,0.3992,0.482,0.5773,0.6855,0.797,0.9135,1.019,1.1103,1.1778,1.2256,1.257,1.2838,1.3045,1.3206,1.334,1.3461,1.3564,1.3664,1.3741,1.3826,1.3885,1.3945,1.3967,1.403,1.4084,1.4108,1.414,1.4163,1.4178,1.4207,1.4223,1.4237,1.4251,1.4271,1.4279,1.4333,1.435,1.4344,1.4356,1.4372,1.4385,1.4382,1.4393,1.4414,1.4401,1.441,1.4426,1.444,1.4461,1.4472,1.4472,1.4489,1.4494,1.4505,1.4505,1.453,1.4504,1.4517,1.4515,1.4525,1.4536,1.4532,1.4551,1.4533,1.4544,1.4564,1.4564,1.4559,1.4571,1.458,1.4592,1.4587,1.461,1.4603,1.462,1.4611,1.4624,1.4635,1.4632
2;3,0.1176,0.1148,0.1159,0.1169,0.1177,0.1192,0.1213,0.124,0.1275,0.132,0.1377,0.1453,0.1558,0.1706,0.1906,0.2173,0.2523,0.2969,0.3541,0.4224,0.5042,0.5935,0.6908,0.7854,0.8755,0.9497,1.0045,1.0395,1.0708,1.0924,1.1113,1.1262,1.1401,1.15,1.1604,1.168,1.1775,1.1855,1.1945,1.1978,1.2042,1.2108,1.2132,1.2176,1.2204,1.222,1.225,1.2278,1.2287,1.2303,1.233,1.2349,1.2426,1.2434,1.2423,1.2425,1.2426,1.2436,1.2441,1.2464,1.2472,1.2423,1.243,1.2446,1.2464,1.2479,1.2484,1.2496,1.2518,1.2517,1.2536,1.2533,1.2566,1.2542,1.2544,1.2538,1.2552,1.2571,1.2539,1.2577,1.2545,1.255,1.2559,1.2579,1.2567,1.2575,1.2576,1.2594,1.258,1.2618,1.2609,1.2614,1.2622,1.2629,1.2649,1.265
3;2,0.1325,0.128,0.1297,0.1312,0.1322,0.1337,0.1378,0.142,0.1456,0.1536,0.1628,0.1706,0.1818,0.1965,0.2169,0.2396,0.2715,0.3104,0.3549,0.4073,0.4684,0.5375,0.6205,0.7063,0.796,0.8654,0.919,0.955,0.9848,1.0051,1.0251,1.0399,1.0526,1.063,1.0721,1.0806,1.0895,1.0947,1.1015,1.1067,1.1112,1.1144,1.1206,1.1258,1.1293,1.1319,1.1339,1.1369,1.1373,1.138,1.1401,1.1407,1.1442,1.1452,1.1434,1.1463,1.1442,1.1453,1.1465,1.1478,1.1481,1.1471,1.1486,1.1502,1.1514,1.1514,1.1513,1.1522,1.1531,1.1535,1.1544,1.1544,1.1543,1.1539,1.1539,1.1545,1.1574,1.1574,1.1581,1.1602,1.1598,1.1599,1.1617,1.1616,1.1624,1.1628,1.1625,1.1634,1.1626,1.1653,1.167,1.1674,1.1676,1.1691,1.17,1.1709
,,,,,,,,,,,,,,,,,,,,,,,,,,,,,,,,,,,,,,,,,,,,,,,,,,,,,,,,,,,,,,,,,,,,,,,,,,,,,,,,,,,,,,,,,,,,,,,,
Cycles / Well,,,,,,,,,,,,,,,,,,,,,,,,,,,,,,,,,,,,,,,,,,,,,,,,,,,,,,,,,,,,,,,,,,,,,,,,,,,,,,,,,,,,,,,,,,,,,,,,
B7,1,2,3,4,5,6,7,8,9,10,11,12,13,14,15,16,17,18,19,20,21,22,23,24,25,26,27,28,29,30,31,32,33,34,35,36,37,38,39,40,41,42,43,44,45,46,47,48,49,50,51,52,53,54,55,56,57,58,59,60,61,62,63,64,65,66,67,68,69,70,71,72,73,74,75,76,77,78,79,80,81,82,83,84,85,86,87,88,89,90,91,92,93,94,95,96
Time [s],0,1799.806,3599.729,5399.66,7199.597,8999.513,10799.458,12599.364,14399.311,16199.219,17999.129,19799.077,21599.014,23398.929,25198.853,26998.776,28798.721,30598.646,32398.579,34198.515,35998.426,37798.366,39598.295,41398.224,43198.149,44998.073,46797.997,48597.934,50397.855,52197.79,53997.709,55797.648,57597.562,59397.496,61197.415,62997.353,64797.279,66597.204,68397.129,70197.065,71996.967,73796.9,75596.814,77396.765,79196.693,80996.622,82796.528,84596.475,86396.393,88196.312,89996.248,91796.18,93596.114,95396.034,97195.966,98995.894,100795.82,102595.755,104395.67,106195.606,107995.535,109795.451,111595.395,113395.325,115195.239,116995.182,118795.096,120595.023,122394.949,124194.883,125994.805,127794.735,129594.672,131394.601,133194.53,134994.454,136794.373,138594.307,140394.225,142194.153,143994.083,145794.008,147593.92,149393.863,151193.795,152993.716,154793.66,156593.577,158393.507,160193.44,161993.355,163793.28,165593.216,167393.131,169193.06,170993.004
Temp. [°C],20,29.7,30.1,30,30,30.1,30,29.9,29.9,29.9,30,30,29.9,29.9,30.1,29.9,30,30,29.9,29.9,30,30,30,30.1,30,30.1,29.9,30,30,30.1,30,30.1,30.1,29.9,29.9,30,29.9,30.1,29.8,30,30.1,30.1,29.9,30.1,30,30.1,30.1,30.1,29.9,30,30,30,30,30.1,30,30,30.1,30,30,30,30,29.9,30.1,30.1,30,30,30,30,30,29.9,30,30,30,30,30,30.1,30.1,30.1,30.1,30.1,29.9,29.9,30.1,30.1,29.9,29.9,29.9,30.1,30,30,30.1,30,30.1,30,30.1,29.9
Mean,0.13026,0.12864,0.13202,0.1351,0.13954,0.14644,0.15472,0.16652,0.18222,0.20482,0.23546,0.27514,0.32656,0.38642,0.45616,0.5322,0.618,0.71104,0.8056,0.89996,0.99024,1.0674,1.13072,1.17954,1.21832,1.24968,1.27644,1.29928,1.31804,1.33346,1.34738,1.3576,1.36684,1.37332,1.3803,1.38554,1.39016,1.39404,1.39672,1.39908,1.40198,1.40382,1.40614,1.40818,1.41082,1.41292,1.41506,1.41708,1.41908,1.4211,1.42342,1.42492,1.42686,1.42806,1.42962,1.43166,1.43246,1.433,1.4345,1.43616,1.4364,1.43762,1.4388,1.44014,1.44086,1.44228,1.44298,1.4438,1.44524,1.44612,1.44698,1.44768,1.44894,1.44902,1.45058,1.4512,1.45192,1.45242,1.453,1.4545,1.45464,1.45552,1.4566,1.4573,1.45812,1.45894,1.45988,1.4604,1.45922,1.4628,1.46188,1.46298,1.46396,1.46466,1.46536,1.4658
StDev,0.005965987,0.006477114,0.006570921,0.006791539,0.007294381,0.007465454,0.007176838,0.007284367,0.007350986,0.008540609,0.012290565,0.019602627,0.030703469,0.044426366,0.062225823,0.082468327,0.105066479,0.127089842,0.141856336,0.148797994,0.145745559,0.136292058,0.125921829,0.116293843,0.106363208,0.098535308,0.090681079,0.083483992,0.07953762,0.07682853,0.07384871,0.071557983,0.070172238,0.068567317,0.067125182,0.065355436,0.063179807,0.061569579,0.060275924,0.058829389,0.057695944,0.057615814,0.057120951,0.05642612,0.05576515,0.055312675,0.054847953,0.054587975,0.054164906,0.053422654,0.052915612,0.052585806,0.052913732,0.052921432,0.052851793,0.05239917,0.052021178,0.052024177,0.051585318,0.051475169,0.050990783,0.051318583,0.050803199,0.050111107,0.049892314,0.05039873,0.04999912,0.049677812,0.049660578,0.049396225,0.049264105,0.048861611,0.049227513,0.048725322,0.048691293,0.048859237,0.048554217,0.048050203,0.047767981,0.048407592,0.047628174,0.047582423,0.04779184,0.047467831,0.046668962,0.047430929,0.047228297,0.046569196,0.046990818,0.046887525,0.046274367,0.047174485,0.046390764,0.046199437,0.045816733,0.045772972
1;2,0.1261,0.1237,0.1276,0.1307,0.1346,0.1411,0.1491,0.1607,0.1777,0.2022,0.2364,0.2833,0.3455,0.4208,0.5124,0.6137,0.7275,0.8509,0.9651,1.0692,1.155,1.2241,1.2732,1.3098,1.3379,1.3607,1.3777,1.394,1.4063,1.4189,1.4286,1.4369,1.4441,1.4487,1.4535,1.4566,1.4574,1.4594,1.4608,1.4613,1.462,1.4652,1.4673,1.4679,1.4695,1.4725,1.4732,1.4743,1.4761,1.477,1.4784,1.4795,1.4811,1.4828,1.4838,1.4853,1.4857,1.4863,1.4873,1.489,1.4884,1.4909,1.4904,1.4916,1.4918,1.4942,1.4946,1.4938,1.4959,1.4961,1.4967,1.4973,1.4984,1.4982,1.499,1.4998,1.5002,1.5002,1.5009,1.5026,1.502,1.5036,1.5042,1.5047,1.5049,1.5063,1.5076,1.5071,1.5068,1.5099,1.5076,1.5094,1.5104,1.5103,1.5105,1.5113
2;1,0.1361,0.1354,0.1397,0.1429,0.148,0.155,0.1626,0.1755,0.1921,0.2146,0.2454,0.283,0.3312,0.3818,0.4385,0.5035,0.5761,0.659,0.7479,0.843,0.9391,1.0262,1.0973,1.1466,1.1863,1.2162,1.2433,1.2632,1.2822,1.2965,1.3095,1.3202,1.3292,1.3368,1.343,1.3493,1.354,1.3584,1.361,1.363,1.3667,1.3682,1.3723,1.373,1.3761,1.3775,1.3801,1.3823,1.3838,1.3864,1.3888,1.3903,1.391,1.3918,1.3936,1.3957,1.3967,1.3984,1.3988,1.401,1.4014,1.4013,1.4037,1.4051,1.4053,1.4062,1.4082,1.4085,1.4094,1.4104,1.4115,1.413,1.4129,1.4135,1.4142,1.4156,1.4167,1.4174,1.4183,1.4186,1.4202,1.4209,1.4214,1.4222,1.424,1.424,1.4249,1.4259,1.4237,1.4279,1.4276,1.4276,1.4292,1.4296,1.431,1.4311
2;2,0.1293,0.1259,0.1294,0.1321,0.1366,0.1438,0.1531,0.1666,0.185,0.2121,0.2494,0.299,0.3623,0.4344,0.5155,0.6008,0.6946,0.7921,0.8851,0.9738,1.0565,1.124,1.1806,1.2272,1.2637,1.2968,1.3242,1.3476,1.3677,1.3838,1.3984,1.408,1.4176,1.4233,1.4318,1.4369,1.4418,1.4459,1.4472,1.4498,1.453,1.4536,1.456,1.4582,1.4611,1.4619,1.4644,1.467,1.4687,1.4704,1.4727,1.4734,1.4755,1.476,1.4791,1.481,1.4822,1.4824,1.4838,1.4845,1.4846,1.4861,1.4876,1.488,1.4885,1.4898,1.4907,1.4923,1.4934,1.4944,1.4951,1.4952,1.4972,1.4969,1.4989,1.4997,1.4999,1.5,1.5004,1.5021,1.5025,1.5025,1.5044,1.5049,1.5049,1.5065,1.5071,1.5072,1.5055,1.5095,1.5086,1.5106,1.51,1.511,1.5112,1.5114
2;3,0.1232,0.1224,0.1251,0.128,0.1319,0.1386,0.147,0.1581,0.1728,0.1936,0.222,0.2599,0.3102,0.3737,0.4502,0.5334,0.63,0.7303,0.8353,0.9371,1.0319,1.1039,1.1672,1.2149,1.2494,1.2751,1.2977,1.3149,1.3324,1.3454,1.3582,1.3662,1.3748,1.3806,1.3856,1.3892,1.3938,1.3957,1.3991,1.4003,1.4028,1.4042,1.4043,1.4073,1.4091,1.4107,1.4132,1.415,1.4168,1.4188,1.4212,1.4238,1.4277,1.4294,1.429,1.4308,1.4303,1.4308,1.4325,1.4352,1.4356,1.4356,1.4371,1.4381,1.4397,1.4414,1.4404,1.442,1.443,1.444,1.4451,1.4454,1.4474,1.4468,1.4492,1.4494,1.4505,1.4509,1.4505,1.4539,1.4517,1.4528,1.4542,1.4545,1.4549,1.4561,1.4563,1.4571,1.4571,1.4602,1.4595,1.4611,1.4621,1.4632,1.4642,1.4644
3;2,0.1366,0.1358,0.1383,0.1418,0.1466,0.1537,0.1618,0.1717,0.1835,0.2016,0.2241,0.2505,0.2836,0.3214,0.3642,0.4096,0.4618,0.5229,0.5946,0.6767,0.7687,0.8588,0.9353,0.9992,1.0543,1.0996,1.1393,1.1767,1.2016,1.2227,1.2422,1.2567,1.2685,1.2772,1.2876,1.2957,1.3038,1.3108,1.3155,1.321,1.3254,1.3279,1.3308,1.3345,1.3383,1.342,1.3444,1.3468,1.35,1.3529,1.356,1.3576,1.359,1.3603,1.3626,1.3655,1.3674,1.3671,1.3701,1.3711,1.372,1.3742,1.3752,1.3779,1.379,1.3798,1.381,1.3824,1.3845,1.3857,1.3865,1.3875,1.3888,1.3897,1.3916,1.3915,1.3923,1.3936,1.3949,1.3953,1.3968,1.3978,1.3988,1.4002,1.4019,1.4018,1.4035,1.4047,1.403,1.4065,1.4061,1.4062,1.4081,1.4092,1.4099,1.4108
,,,,,,,,,,,,,,,,,,,,,,,,,,,,,,,,,,,,,,,,,,,,,,,,,,,,,,,,,,,,,,,,,,,,,,,,,,,,,,,,,,,,,,,,,,,,,,,,
Cycles / Well,,,,,,,,,,,,,,,,,,,,,,,,,,,,,,,,,,,,,,,,,,,,,,,,,,,,,,,,,,,,,,,,,,,,,,,,,,,,,,,,,,,,,,,,,,,,,,,,
B8,1,2,3,4,5,6,7,8,9,10,11,12,13,14,15,16,17,18,19,20,21,22,23,24,25,26,27,28,29,30,31,32,33,34,35,36,37,38,39,40,41,42,43,44,45,46,47,48,49,50,51,52,53,54,55,56,57,58,59,60,61,62,63,64,65,66,67,68,69,70,71,72,73,74,75,76,77,78,79,80,81,82,83,84,85,86,87,88,89,90,91,92,93,94,95,96
Time [s],0,1799.806,3599.729,5399.66,7199.597,8999.513,10799.458,12599.364,14399.311,16199.219,17999.129,19799.077,21599.014,23398.929,25198.853,26998.776,28798.721,30598.646,32398.579,34198.515,35998.426,37798.366,39598.295,41398.224,43198.149,44998.073,46797.997,48597.934,50397.855,52197.79,53997.709,55797.648,57597.562,59397.496,61197.415,62997.353,64797.279,66597.204,68397.129,70197.065,71996.967,73796.9,75596.814,77396.765,79196.693,80996.622,82796.528,84596.475,86396.393,88196.312,89996.248,91796.18,93596.114,95396.034,97195.966,98995.894,100795.82,102595.755,104395.67,106195.606,107995.535,109795.451,111595.395,113395.325,115195.239,116995.182,118795.096,120595.023,122394.949,124194.883,125994.805,127794.735,129594.672,131394.601,133194.53,134994.454,136794.373,138594.307,140394.225,142194.153,143994.083,145794.008,147593.92,149393.863,151193.795,152993.716,154793.66,156593.577,158393.507,160193.44,161993.355,163793.28,165593.216,167393.131,169193.06,170993.004
Temp. [°C],20,29.7,30.1,30,30,30.1,30,29.9,29.9,29.9,30,30,29.9,29.9,30.1,29.9,30,30,29.9,29.9,30,30,30,30.1,30,30.1,29.9,30,30,30.1,30,30.1,30.1,29.9,29.9,30,29.9,30.1,29.8,30,30.1,30.1,29.9,30.1,30,30.1,30.1,30.1,29.9,30,30,30,30,30.1,30,30,30.1,30,30,30,30,29.9,30.1,30.1,30,30,30,30,30,29.9,30,30,30,30,30,30.1,30.1,30.1,30.1,30.1,29.9,29.9,30.1,30.1,29.9,29.9,29.9,30.1,30,30,30.1,30,30.1,30,30.1,29.9
Mean,0.11674,0.11402,0.11592,0.11646,0.1167,0.1166,0.1159,0.1157,0.11536,0.11548,0.11524,0.11522,0.11518,0.11526,0.11522,0.11536,0.11544,0.11566,0.11576,0.11586,0.11628,0.11622,0.11668,0.1169,0.11706,0.11734,0.11742,0.11772,0.118,0.11822,0.1183,0.1186,0.11866,0.11892,0.1193,0.1195,0.11958,0.11984,0.11992,0.12024,0.12052,0.12078,0.12106,0.12118,0.1215,0.12182,0.12208,0.12236,0.12262,0.12314,0.12326,0.12352,0.12416,0.12472,0.1252,0.12558,0.12628,0.1267,0.12702,0.12776,0.12818,0.1289,0.12938,0.13032,0.13104,0.13192,0.13228,0.13328,0.13408,0.13514,0.13604,0.13682,0.1379,0.13872,0.14014,0.14132,0.14262,0.14392,0.14564,0.1474,0.1493,0.15112,0.15318,0.1548,0.15666,0.15932,0.16202,0.16526,0.16876,0.17272,0.17686,0.18062,0.18608,0.191,0.19708,0.20334
StDev,0.002458251,0.003563987,0.002785139,0.002555973,0.00255147,0.00258747,0.002136586,0.002152905,0.002110213,0.002046216,0.002054994,0.001991733,0.002062038,0.002069541,0.002049878,0.002041568,0.001993239,0.002025586,0.002069541,0.002059854,0.002130023,0.002100476,0.002138224,0.00223942,0.002263405,0.00235117,0.002275302,0.002464143,0.0025,0.002630969,0.00255245,0.002651415,0.002593839,0.002738978,0.00289655,0.002806243,0.002551862,0.00269963,0.002691096,0.00269963,0.002673387,0.002901207,0.002765502,0.002642347,0.002769476,0.002905512,0.002965974,0.002879757,0.002818155,0.002975399,0.002919418,0.002919246,0.002972036,0.002968501,0.003056141,0.003083342,0.003295755,0.003336915,0.003503855,0.003695673,0.003715777,0.003850325,0.004078848,0.004152951,0.004211651,0.004404203,0.004621363,0.004851495,0.005115858,0.005485253,0.005764807,0.006023869,0.006121683,0.006256756,0.006708055,0.006872918,0.007426776,0.007656827,0.008123608,0.008465223,0.008790336,0.009351845,0.010135926,0.010965856,0.011551104,0.012217283,0.013140282,0.014355765,0.015901824,0.017441531,0.019826951,0.021666726,0.02621368,0.029105412,0.032971154,0.036983956
1;2,0.1155,0.1124,0.1153,0.1171,0.1186,0.1172,0.117,0.1169,0.1167,0.1165,0.1166,0.1165,0.1165,0.1167,0.1166,0.1165,0.1167,0.1168,0.117,0.1171,0.1175,0.1175,0.1179,0.1181,0.1182,0.1185,0.1188,0.1191,0.1191,0.1195,0.1195,0.1199,0.1202,0.1206,0.1208,0.1211,0.1214,0.1217,0.1219,0.1223,0.1226,0.1229,0.1232,0.1235,0.1242,0.1244,0.1249,0.125,0.1254,0.1261,0.1263,0.1267,0.1275,0.1281,0.1287,0.1292,0.1299,0.1303,0.1308,0.1317,0.1317,0.1324,0.1333,0.1343,0.1351,0.1362,0.1368,0.1378,0.1389,0.1404,0.1416,0.1427,0.1437,0.1449,0.147,0.1482,0.15,0.1519,0.1541,0.1567,0.1588,0.1616,0.1647,0.1679,0.1708,0.1746,0.179,0.1844,0.1905,0.1973,0.2059,0.2128,0.227,0.2371,0.2498,0.2631
2;1,0.1199,0.1186,0.1195,0.1192,0.1192,0.12,0.1179,0.1177,0.1172,0.117,0.1167,0.1165,0.1166,0.1166,0.1164,0.1167,0.1165,0.1167,0.1166,0.1165,0.1168,0.1167,0.1171,0.1171,0.1174,0.1175,0.1175,0.1175,0.1177,0.1178,0.118,0.1182,0.1182,0.1183,0.1184,0.1189,0.119,0.1191,0.1191,0.1194,0.1197,0.1196,0.12,0.1202,0.1204,0.1204,0.1206,0.1209,0.1212,0.1216,0.1217,0.1221,0.123,0.1237,0.1241,0.1245,0.125,0.1252,0.1255,0.1261,0.1264,0.1266,0.1271,0.128,0.1287,0.1296,0.13,0.1311,0.1317,0.1322,0.1331,0.1339,0.1348,0.136,0.1368,0.1381,0.1393,0.1404,0.142,0.1441,0.147,0.149,0.1518,0.1533,0.1546,0.1569,0.1597,0.1632,0.1668,0.171,0.1749,0.1779,0.1822,0.1868,0.1931,0.1992
2;2,0.1166,0.1136,0.1162,0.1174,0.1171,0.1172,0.1169,0.1168,0.1164,0.1166,0.1164,0.1164,0.1164,0.1165,0.1165,0.1166,0.1166,0.1168,0.1169,0.1169,0.1172,0.1173,0.1176,0.1178,0.1179,0.1181,0.1182,0.1185,0.1188,0.1188,0.1191,0.1193,0.1195,0.1197,0.1201,0.1202,0.1205,0.1207,0.1209,0.1213,0.1217,0.1217,0.1222,0.1224,0.1227,0.1231,0.1235,0.1239,0.1243,0.1247,0.1251,0.1255,0.1261,0.1265,0.1271,0.1277,0.1287,0.1292,0.1295,0.1305,0.1312,0.1317,0.1326,0.1338,0.1347,0.1358,0.1365,0.1376,0.139,0.1402,0.1414,0.1424,0.1439,0.1446,0.1463,0.1478,0.1499,0.1514,0.1535,0.1551,0.157,0.1587,0.1607,0.1625,0.1644,0.1673,0.1697,0.1728,0.1759,0.1796,0.1831,0.1864,0.1903,0.1942,0.1994,0.2047
2;3,0.1135,0.1093,0.1118,0.1123,0.1128,0.1129,0.1125,0.1124,0.1121,0.112,0.1119,0.1119,0.1118,0.1119,0.1118,0.1119,0.112,0.1121,0.1121,0.1122,0.1125,0.1125,0.1129,0.113,0.1131,0.1133,0.1135,0.1136,0.1139,0.114,0.1141,0.1143,0.1144,0.1145,0.1148,0.115,0.1154,0.1155,0.1156,0.1159,0.1162,0.1163,0.1167,0.117,0.1172,0.1174,0.1176,0.118,0.1184,0.1187,0.119,0.1193,0.1198,0.1203,0.1207,0.1212,0.1215,0.1219,0.1219,0.1224,0.1227,0.1233,0.1235,0.1244,0.1251,0.1257,0.1258,0.1262,0.1269,0.1275,0.128,0.1284,0.1295,0.13,0.131,0.1319,0.1326,0.134,0.135,0.1363,0.1372,0.1381,0.1387,0.1396,0.1407,0.1427,0.1442,0.1461,0.1475,0.1501,0.1521,0.1535,0.1557,0.158,0.1605,0.1635
3;2,0.1182,0.1162,0.1168,0.1163,0.1158,0.1157,0.1152,0.1147,0.1144,0.1153,0.1146,0.1148,0.1146,0.1146,0.1148,0.1151,0.1154,0.1159,0.1162,0.1166,0.1174,0.1171,0.1179,0.1185,0.1187,0.1193,0.1191,0.1199,0.1205,0.121,0.1208,0.1213,0.121,0.1215,0.1224,0.1223,0.1216,0.1222,0.1221,0.1223,0.1224,0.1234,0.1232,0.1228,0.123,0.1238,0.1238,0.124,0.1238,0.1246,0.1242,0.124,0.1244,0.125,0.1254,0.1253,0.1263,0.1269,0.1274,0.1281,0.1289,0.1305,0.1304,0.1311,0.1316,0.1323,0.1323,0.1337,0.1339,0.1354,0.1361,0.1367,0.1376,0.1381,0.1396,0.1406,0.1413,0.1419,0.1436,0.1448,0.1465,0.1482,0.15,0.1507,0.1528,0.1551,0.1575,0.1598,0.1631,0.1656,0.1683,0.1725,0.1752,0.1789,0.1826,0.1862
,,,,,,,,,,,,,,,,,,,,,,,,,,,,,,,,,,,,,,,,,,,,,,,,,,,,,,,,,,,,,,,,,,,,,,,,,,,,,,,,,,,,,,,,,,,,,,,,
Cycles / Well,,,,,,,,,,,,,,,,,,,,,,,,,,,,,,,,,,,,,,,,,,,,,,,,,,,,,,,,,,,,,,,,,,,,,,,,,,,,,,,,,,,,,,,,,,,,,,,,
B9,1,2,3,4,5,6,7,8,9,10,11,12,13,14,15,16,17,18,19,20,21,22,23,24,25,26,27,28,29,30,31,32,33,34,35,36,37,38,39,40,41,42,43,44,45,46,47,48,49,50,51,52,53,54,55,56,57,58,59,60,61,62,63,64,65,66,67,68,69,70,71,72,73,74,75,76,77,78,79,80,81,82,83,84,85,86,87,88,89,90,91,92,93,94,95,96
Time [s],0,1799.806,3599.729,5399.66,7199.597,8999.513,10799.458,12599.364,14399.311,16199.219,17999.129,19799.077,21599.014,23398.929,25198.853,26998.776,28798.721,30598.646,32398.579,34198.515,35998.426,37798.366,39598.295,41398.224,43198.149,44998.073,46797.997,48597.934,50397.855,52197.79,53997.709,55797.648,57597.562,59397.496,61197.415,62997.353,64797.279,66597.204,68397.129,70197.065,71996.967,73796.9,75596.814,77396.765,79196.693,80996.622,82796.528,84596.475,86396.393,88196.312,89996.248,91796.18,93596.114,95396.034,97195.966,98995.894,100795.82,102595.755,104395.67,106195.606,107995.535,109795.451,111595.395,113395.325,115195.239,116995.182,118795.096,120595.023,122394.949,124194.883,125994.805,127794.735,129594.672,131394.601,133194.53,134994.454,136794.373,138594.307,140394.225,142194.153,143994.083,145794.008,147593.92,149393.863,151193.795,152993.716,154793.66,156593.577,158393.507,160193.44,161993.355,163793.28,165593.216,167393.131,169193.06,170993.004
Temp. [°C],20,29.7,30.1,30,30,30.1,30,29.9,29.9,29.9,30,30,29.9,29.9,30.1,29.9,30,30,29.9,29.9,30,30,30,30.1,30,30.1,29.9,30,30,30.1,30,30.1,30.1,29.9,29.9,30,29.9,30.1,29.8,30,30.1,30.1,29.9,30.1,30,30.1,30.1,30.1,29.9,30,30,30,30,30.1,30,30,30.1,30,30,30,30,29.9,30.1,30.1,30,30,30,30,30,29.9,30,30,30,30,30,30.1,30.1,30.1,30.1,30.1,29.9,29.9,30.1,30.1,29.9,29.9,29.9,30.1,30,30,30.1,30,30.1,30,30.1,29.9
Mean,0.11752,0.11616,0.11858,0.11928,0.11972,0.12014,0.11954,0.11932,0.11874,0.11846,0.11838,0.11798,0.1179,0.1178,0.11784,0.11764,0.11766,0.11788,0.11784,0.11784,0.1182,0.11792,0.11804,0.11814,0.11818,0.11832,0.11816,0.11832,0.11834,0.1184,0.11826,0.1185,0.11824,0.11834,0.11844,0.1184,0.11836,0.11842,0.1183,0.11844,0.1185,0.11852,0.11856,0.11856,0.1185,0.11868,0.11876,0.1187,0.11878,0.1189,0.11878,0.1187,0.11872,0.11888,0.11878,0.11868,0.11884,0.11902,0.11904,0.11908,0.1192,0.11924,0.11916,0.11934,0.11948,0.11942,0.11942,0.11954,0.11954,0.11986,0.11976,0.1198,0.11998,0.11986,0.12006,0.1203,0.12048,0.12054,0.12072,0.12094,0.1211,0.12136,0.12154,0.12142,0.12158,0.12178,0.12202,0.12222,0.12232,0.12238,0.12248,0.12278,0.12278,0.12306,0.1233,0.12348
StDev,0.00468903,0.005052029,0.004382009,0.003233728,0.002906372,0.002751908,0.002378655,0.002288449,0.002059854,0.002094755,0.002100476,0.002060825,0.002187464,0.002062765,0.002317973,0.002296301,0.002452142,0.002626214,0.002764598,0.002813894,0.00334888,0.003067083,0.003241605,0.003100484,0.003283596,0.003505282,0.003197343,0.00339588,0.003404115,0.003502142,0.003332116,0.003512834,0.003143724,0.003275363,0.003415845,0.003144042,0.003041052,0.003161012,0.003056141,0.003041052,0.003025723,0.003227538,0.003159589,0.003083504,0.002879236,0.00304171,0.003056632,0.003032326,0.00304171,0.003108858,0.003053195,0.002874022,0.00274809,0.002811939,0.002822587,0.002689238,0.002838662,0.002914104,0.00289275,0.002906372,0.00291376,0.003122179,0.00309241,0.003180094,0.003190141,0.003164964,0.003207335,0.003263893,0.003192648,0.003396763,0.003292871,0.003306811,0.00341277,0.003426806,0.003586502,0.003637994,0.003704322,0.003793811,0.003916248,0.004050062,0.004106702,0.004315437,0.004444435,0.004351092,0.004389419,0.004452752,0.004630551,0.004641875,0.004832908,0.004608362,0.004566946,0.00465532,0.004703935,0.004955098,0.005120059,0.005131472
1;2,0.1146,0.1124,0.1157,0.1174,0.1185,0.1192,0.119,0.1189,0.1189,0.1184,0.1184,0.118,0.1179,0.1178,0.1178,0.1176,0.1175,0.1176,0.1175,0.1175,0.1176,0.1176,0.1174,0.1178,0.1176,0.1177,0.1176,0.1177,0.1178,0.118,0.1178,0.118,0.1179,0.118,0.1182,0.1182,0.1184,0.1183,0.1183,0.1184,0.1186,0.1184,0.1186,0.1186,0.1186,0.1188,0.1188,0.1188,0.1189,0.1191,0.119,0.119,0.1191,0.1192,0.1192,0.1192,0.1195,0.1195,0.1196,0.1198,0.12,0.1199,0.1199,0.12,0.1201,0.1201,0.1202,0.1203,0.1204,0.1205,0.1208,0.1209,0.1211,0.1211,0.1212,0.1215,0.1219,0.1219,0.1222,0.1224,0.1225,0.1228,0.123,0.1231,0.1233,0.1235,0.1236,0.124,0.1239,0.1238,0.124,0.1244,0.1244,0.1246,0.1248,0.1253
2;1,0.1213,0.1207,0.122,0.122,0.1222,0.1219,0.1208,0.1204,0.1196,0.1192,0.119,0.1187,0.1184,0.1183,0.1181,0.118,0.1178,0.1179,0.1178,0.1177,0.1177,0.1175,0.1176,0.1177,0.1176,0.1176,0.1176,0.1177,0.1175,0.1175,0.1175,0.1176,0.1175,0.1175,0.1174,0.1175,0.1175,0.1174,0.1173,0.1176,0.1175,0.1174,0.1174,0.1175,0.1176,0.1175,0.1176,0.1176,0.1176,0.1177,0.1176,0.1176,0.1178,0.1179,0.1177,0.1176,0.1177,0.1177,0.1176,0.1178,0.1177,0.1176,0.1176,0.1177,0.1179,0.1178,0.1178,0.1178,0.1179,0.118,0.1179,0.118,0.118,0.118,0.1181,0.1182,0.1183,0.1184,0.1185,0.1185,0.1186,0.1186,0.1187,0.1187,0.1189,0.1193,0.1192,0.1195,0.1194,0.1195,0.1197,0.12,0.1201,0.1201,0.1204,0.1205
2;2,0.1164,0.1147,0.1178,0.1194,0.1204,0.1211,0.121,0.1208,0.1205,0.1202,0.1201,0.1199,0.1197,0.1194,0.1194,0.1193,0.1192,0.1192,0.1192,0.1191,0.1192,0.119,0.119,0.1192,0.1192,0.1194,0.1194,0.1194,0.1194,0.1194,0.1194,0.1196,0.1196,0.1196,0.1196,0.1197,0.1199,0.1198,0.1199,0.12,0.1201,0.1201,0.1201,0.1203,0.1204,0.1205,0.1205,0.1205,0.1206,0.1207,0.1208,0.1209,0.1209,0.1212,0.1212,0.1212,0.1214,0.1215,0.1216,0.1219,0.1219,0.1219,0.1219,0.1222,0.1224,0.1225,0.1225,0.1227,0.123,0.1232,0.1231,0.1233,0.1236,0.1236,0.124,0.1242,0.1245,0.1247,0.125,0.1253,0.1255,0.1257,0.126,0.1261,0.126,0.1264,0.1265,0.1268,0.1269,0.1271,0.1272,0.1274,0.1277,0.1281,0.1283,0.1288
2;3,0.112,0.1108,0.1134,0.1149,0.1153,0.1158,0.1156,0.1155,0.1152,0.1149,0.1148,0.1145,0.1142,0.1143,0.114,0.1138,0.1137,0.1138,0.1136,0.1136,0.1136,0.1135,0.1136,0.1137,0.1137,0.1136,0.1137,0.1137,0.1138,0.1137,0.1137,0.1138,0.1138,0.1138,0.1138,0.114,0.1139,0.114,0.1139,0.114,0.1141,0.114,0.1141,0.1141,0.1142,0.1143,0.1144,0.1143,0.1144,0.1144,0.1143,0.1144,0.1145,0.1146,0.1145,0.1146,0.1145,0.1147,0.1148,0.1147,0.1149,0.1147,0.1146,0.1147,0.1148,0.1148,0.1147,0.1148,0.1149,0.115,0.115,0.115,0.1151,0.1149,0.1149,0.1151,0.1152,0.1151,0.1151,0.1152,0.1153,0.1153,0.1153,0.1153,0.1153,0.1153,0.1154,0.1155,0.1154,0.1159,0.116,0.1161,0.116,0.116,0.1159,0.1161
3;2,0.1233,0.1222,0.124,0.1227,0.1222,0.1227,0.1213,0.121,0.1195,0.1196,0.1196,0.1188,0.1193,0.1192,0.1199,0.1195,0.1201,0.1209,0.1211,0.1213,0.1229,0.122,0.1226,0.1223,0.1228,0.1233,0.1225,0.1231,0.1232,0.1234,0.1229,0.1235,0.1224,0.1228,0.1232,0.1226,0.1221,0.1226,0.1221,0.1222,0.1222,0.1227,0.1226,0.1223,0.1217,0.1223,0.1225,0.1223,0.1224,0.1226,0.1222,0.1216,0.1213,0.1215,0.1213,0.1208,0.1211,0.1217,0.1216,0.1212,0.1215,0.1221,0.1218,0.1221,0.1222,0.1219,0.1219,0.1221,0.1215,0.1226,0.122,0.1218,0.1221,0.1217,0.1221,0.1225,0.1225,0.1226,0.1228,0.1233,0.1236,0.1244,0.1247,0.1239,0.1244,0.1244,0.1254,0.1253,0.126,0.1256,0.1255,0.126,0.1257,0.1265,0.1271,0.1267
,,,,,,,,,,,,,,,,,,,,,,,,,,,,,,,,,,,,,,,,,,,,,,,,,,,,,,,,,,,,,,,,,,,,,,,,,,,,,,,,,,,,,,,,,,,,,,,,
Cycles / Well,,,,,,,,,,,,,,,,,,,,,,,,,,,,,,,,,,,,,,,,,,,,,,,,,,,,,,,,,,,,,,,,,,,,,,,,,,,,,,,,,,,,,,,,,,,,,,,,
B10,1,2,3,4,5,6,7,8,9,10,11,12,13,14,15,16,17,18,19,20,21,22,23,24,25,26,27,28,29,30,31,32,33,34,35,36,37,38,39,40,41,42,43,44,45,46,47,48,49,50,51,52,53,54,55,56,57,58,59,60,61,62,63,64,65,66,67,68,69,70,71,72,73,74,75,76,77,78,79,80,81,82,83,84,85,86,87,88,89,90,91,92,93,94,95,96
Time [s],0,1799.806,3599.729,5399.66,7199.597,8999.513,10799.458,12599.364,14399.311,16199.219,17999.129,19799.077,21599.014,23398.929,25198.853,26998.776,28798.721,30598.646,32398.579,34198.515,35998.426,37798.366,39598.295,41398.224,43198.149,44998.073,46797.997,48597.934,50397.855,52197.79,53997.709,55797.648,57597.562,59397.496,61197.415,62997.353,64797.279,66597.204,68397.129,70197.065,71996.967,73796.9,75596.814,77396.765,79196.693,80996.622,82796.528,84596.475,86396.393,88196.312,89996.248,91796.18,93596.114,95396.034,97195.966,98995.894,100795.82,102595.755,104395.67,106195.606,107995.535,109795.451,111595.395,113395.325,115195.239,116995.182,118795.096,120595.023,122394.949,124194.883,125994.805,127794.735,129594.672,131394.601,133194.53,134994.454,136794.373,138594.307,140394.225,142194.153,143994.083,145794.008,147593.92,149393.863,151193.795,152993.716,154793.66,156593.577,158393.507,160193.44,161993.355,163793.28,165593.216,167393.131,169193.06,170993.004
Temp. [°C],20,29.7,30.1,30,30,30.1,30,29.9,29.9,29.9,30,30,29.9,29.9,30.1,29.9,30,30,29.9,29.9,30,30,30,30.1,30,30.1,29.9,30,30,30.1,30,30.1,30.1,29.9,29.9,30,29.9,30.1,29.8,30,30.1,30.1,29.9,30.1,30,30.1,30.1,30.1,29.9,30,30,30,30,30.1,30,30,30.1,30,30,30,30,29.9,30.1,30.1,30,30,30,30,30,29.9,30,30,30,30,30,30.1,30.1,30.1,30.1,30.1,29.9,29.9,30.1,30.1,29.9,29.9,29.9,30.1,30,30,30.1,30,30.1,30,30.1,29.9
Mean,0.12432,0.12086,0.12364,0.12618,0.12976,0.13522,0.14212,0.15276,0.16696,0.18684,0.21358,0.24914,0.29614,0.35532,0.42674,0.50976,0.60736,0.7149,0.82992,0.939,1.0381,1.12016,1.18258,1.22632,1.2597,1.28536,1.30678,1.32376,1.34088,1.35498,1.36864,1.38,1.38996,1.39892,1.40888,1.41678,1.42172,1.42462,1.42662,1.42926,1.43066,1.43208,1.43362,1.43466,1.43614,1.43698,1.43866,1.43966,1.44046,1.44204,1.44268,1.44402,1.44462,1.44584,1.44644,1.44756,1.44868,1.44888,1.44978,1.45024,1.45066,1.4505,1.45184,1.45242,1.45378,1.45426,1.45432,1.45456,1.45588,1.45626,1.45658,1.45788,1.45816,1.45884,1.4594,1.46022,1.46076,1.46144,1.4616,1.46244,1.46284,1.46396,1.46464,1.46486,1.4655,1.46624,1.46688,1.46738,1.46626,1.46842,1.46872,1.46874,1.4694,1.47024,1.4706,1.4713
StDev,0.010908116,0.008340144,0.00885737,0.00946689,0.010669255,0.012162936,0.013005845,0.015276551,0.017813422,0.02035947,0.02366003,0.026517032,0.029935063,0.032092787,0.031827394,0.029919776,0.029917938,0.03196764,0.036944309,0.041480055,0.044744385,0.046474649,0.046834837,0.045778674,0.045786079,0.045733172,0.045416098,0.045331424,0.045441688,0.045559708,0.045306655,0.045541794,0.045948428,0.045206603,0.045337369,0.044367691,0.04423762,0.043171252,0.042973911,0.042884181,0.042661024,0.043032918,0.043358356,0.0429848,0.042716542,0.042763384,0.042841137,0.04267661,0.042620922,0.042409115,0.042322594,0.042420066,0.042544001,0.042540252,0.042655574,0.042625145,0.043109999,0.042886676,0.04262789,0.04244553,0.043180123,0.042821023,0.04263142,0.043089987,0.04326843,0.042975784,0.043663394,0.04369849,0.042896643,0.042696873,0.042648294,0.043082792,0.043237287,0.043225895,0.042950728,0.043367407,0.043208946,0.043445633,0.043137976,0.043293972,0.042882899,0.043134766,0.042455777,0.042579373,0.042656066,0.042539605,0.04273701,0.042829102,0.043252318,0.042457355,0.04320824,0.04269945,0.043436102,0.043358886,0.043099478,0.043092517
1;2,0.1186,0.1159,0.1179,0.1198,0.1224,0.1264,0.1319,0.1401,0.1513,0.1679,0.1908,0.2219,0.2646,0.3208,0.3916,0.477,0.5783,0.6916,0.8133,0.9309,1.0359,1.1244,1.1908,1.2358,1.2708,1.2974,1.3196,1.3369,1.3551,1.37,1.3845,1.3958,1.4069,1.414,1.4246,1.4321,1.4366,1.4387,1.4412,1.4433,1.4448,1.4458,1.4487,1.4489,1.4509,1.4519,1.453,1.4534,1.4538,1.4557,1.4571,1.4568,1.4568,1.459,1.4586,1.4603,1.4613,1.4621,1.4625,1.4629,1.4629,1.4638,1.4641,1.4657,1.4669,1.466,1.4677,1.4665,1.4677,1.4691,1.4677,1.4702,1.4703,1.4706,1.4705,1.4722,1.4723,1.4724,1.4734,1.4736,1.474,1.4765,1.4764,1.476,1.4773,1.4773,1.478,1.4789,1.4767,1.4787,1.4787,1.4787,1.4814,1.4821,1.4815,1.4826
2;1,0.1244,0.1226,0.1266,0.13,0.1346,0.1409,0.1492,0.1615,0.1776,0.1999,0.2289,0.2664,0.3134,0.3701,0.4375,0.5138,0.6022,0.698,0.8008,0.8986,0.9917,1.0698,1.1298,1.175,1.2071,1.2338,1.255,1.2713,1.2878,1.3024,1.3159,1.3269,1.3358,1.3465,1.3556,1.3647,1.3696,1.3735,1.3765,1.3782,1.3805,1.3817,1.3821,1.3842,1.3863,1.3865,1.3873,1.3893,1.3901,1.3914,1.3918,1.3942,1.3933,1.3944,1.3955,1.3962,1.3973,1.3986,1.3993,1.3994,1.3991,1.3994,1.4009,1.4005,1.4017,1.4026,1.401,1.4016,1.4037,1.4041,1.4048,1.4045,1.4048,1.4057,1.4072,1.4069,1.4078,1.4081,1.4085,1.4092,1.4102,1.4107,1.4126,1.4123,1.4129,1.4143,1.4144,1.4145,1.4135,1.4162,1.4153,1.4164,1.4149,1.4155,1.4168,1.4171
2;2,0.1192,0.1174,0.1198,0.1221,0.1251,0.1299,0.1367,0.1468,0.1607,0.1812,0.2086,0.2473,0.2989,0.3644,0.4451,0.538,0.6476,0.7677,0.8943,1.0089,1.1103,1.1917,1.2521,1.2929,1.3249,1.3501,1.3704,1.3868,1.4032,1.4171,1.4298,1.441,1.4513,1.4604,1.4697,1.4769,1.4814,1.4826,1.4847,1.4869,1.4881,1.4899,1.4914,1.4925,1.4939,1.4944,1.4958,1.4972,1.4982,1.4991,1.4991,1.5017,1.5012,1.5019,1.5037,1.5046,1.5064,1.5066,1.5065,1.5065,1.5085,1.5076,1.5089,1.5092,1.5113,1.5113,1.5119,1.5125,1.5123,1.5121,1.5129,1.5138,1.5143,1.5153,1.5159,1.5164,1.5169,1.518,1.5178,1.5188,1.5191,1.52,1.5203,1.5204,1.5211,1.5221,1.5226,1.5231,1.524,1.5234,1.5257,1.5249,1.5254,1.526,1.5262,1.5267
2;3,0.1163,0.1138,0.1161,0.118,0.1205,0.125,0.1313,0.1402,0.1525,0.1699,0.1935,0.2259,0.2686,0.3248,0.3955,0.4809,0.5812,0.6946,0.8177,0.9342,1.0397,1.1254,1.1898,1.2354,1.2698,1.2957,1.3174,1.3347,1.3524,1.3667,1.3804,1.3929,1.4021,1.4106,1.4214,1.4279,1.4337,1.4372,1.4381,1.4415,1.4427,1.4451,1.4461,1.4469,1.4472,1.4485,1.4513,1.4519,1.4525,1.4542,1.4549,1.4562,1.4594,1.4606,1.4605,1.4612,1.4629,1.4621,1.4644,1.465,1.4652,1.4643,1.4661,1.4675,1.4682,1.47,1.4693,1.4705,1.4722,1.472,1.473,1.4748,1.4754,1.4759,1.4764,1.478,1.4786,1.4797,1.4788,1.4804,1.4798,1.4807,1.4809,1.4821,1.4823,1.4831,1.4844,1.4847,1.4824,1.4871,1.4862,1.4864,1.4872,1.4882,1.4892,1.4897
3;2,0.1431,0.1346,0.1378,0.141,0.1462,0.1539,0.1615,0.1752,0.1927,0.2153,0.2461,0.2842,0.3352,0.3965,0.464,0.5391,0.6275,0.7226,0.8235,0.9224,1.0129,1.0895,1.1504,1.1925,1.2259,1.2498,1.2715,1.2891,1.3059,1.3187,1.3326,1.3434,1.3537,1.3631,1.3731,1.3823,1.3873,1.3911,1.3926,1.3964,1.3972,1.3979,1.3998,1.4008,1.4024,1.4036,1.4059,1.4065,1.4077,1.4098,1.4105,1.4112,1.4124,1.4133,1.4139,1.4155,1.4155,1.415,1.4162,1.4174,1.4176,1.4174,1.4192,1.4192,1.4208,1.4214,1.4217,1.4217,1.4235,1.424,1.4245,1.4261,1.426,1.4267,1.427,1.4276,1.4282,1.429,1.4295,1.4302,1.4311,1.4319,1.433,1.4335,1.4339,1.4344,1.435,1.4357,1.4347,1.4367,1.4377,1.4373,1.4381,1.4394,1.4393,1.4404
,,,,,,,,,,,,,,,,,,,,,,,,,,,,,,,,,,,,,,,,,,,,,,,,,,,,,,,,,,,,,,,,,,,,,,,,,,,,,,,,,,,,,,,,,,,,,,,,
Cycles / Well,,,,,,,,,,,,,,,,,,,,,,,,,,,,,,,,,,,,,,,,,,,,,,,,,,,,,,,,,,,,,,,,,,,,,,,,,,,,,,,,,,,,,,,,,,,,,,,,
B11,1,2,3,4,5,6,7,8,9,10,11,12,13,14,15,16,17,18,19,20,21,22,23,24,25,26,27,28,29,30,31,32,33,34,35,36,37,38,39,40,41,42,43,44,45,46,47,48,49,50,51,52,53,54,55,56,57,58,59,60,61,62,63,64,65,66,67,68,69,70,71,72,73,74,75,76,77,78,79,80,81,82,83,84,85,86,87,88,89,90,91,92,93,94,95,96
Time [s],0,1799.806,3599.729,5399.66,7199.597,8999.513,10799.458,12599.364,14399.311,16199.219,17999.129,19799.077,21599.014,23398.929,25198.853,26998.776,28798.721,30598.646,32398.579,34198.515,35998.426,37798.366,39598.295,41398.224,43198.149,44998.073,46797.997,48597.934,50397.855,52197.79,53997.709,55797.648,57597.562,59397.496,61197.415,62997.353,64797.279,66597.204,68397.129,70197.065,71996.967,73796.9,75596.814,77396.765,79196.693,80996.622,82796.528,84596.475,86396.393,88196.312,89996.248,91796.18,93596.114,95396.034,97195.966,98995.894,100795.82,102595.755,104395.67,106195.606,107995.535,109795.451,111595.395,113395.325,115195.239,116995.182,118795.096,120595.023,122394.949,124194.883,125994.805,127794.735,129594.672,131394.601,133194.53,134994.454,136794.373,138594.307,140394.225,142194.153,143994.083,145794.008,147593.92,149393.863,151193.795,152993.716,154793.66,156593.577,158393.507,160193.44,161993.355,163793.28,165593.216,167393.131,169193.06,170993.004
Temp. [°C],20,29.7,30.1,30,30,30.1,30,29.9,29.9,29.9,30,30,29.9,29.9,30.1,29.9,30,30,29.9,29.9,30,30,30,30.1,30,30.1,29.9,30,30,30.1,30,30.1,30.1,29.9,29.9,30,29.9,30.1,29.8,30,30.1,30.1,29.9,30.1,30,30.1,30.1,30.1,29.9,30,30,30,30,30.1,30,30,30.1,30,30,30,30,29.9,30.1,30.1,30,30,30,30,30,29.9,30,30,30,30,30,30.1,30.1,30.1,30.1,30.1,29.9,29.9,30.1,30.1,29.9,29.9,29.9,30.1,30,30,30.1,30,30.1,30,30.1,29.9
Mean,0.10244,0.0991,0.09922,0.0992,0.09924,0.09922,0.09912,0.09916,0.09914,0.09912,0.09922,0.09928,0.09914,0.09922,0.09916,0.09918,0.09914,0.09916,0.09916,0.09904,0.09916,0.09904,0.09904,0.0991,0.09904,0.09912,0.0991,0.09906,0.09912,0.09906,0.099,0.09912,0.09906,0.099,0.09908,0.09906,0.0991,0.09908,0.09896,0.0991,0.09916,0.09904,0.09908,0.09902,0.09912,0.0991,0.09902,0.09906,0.09904,0.09914,0.099,0.09902,0.09904,0.09906,0.09904,0.099,0.09904,0.09908,0.09898,0.09908,0.099,0.09904,0.0989,0.09904,0.099,0.09898,0.09886,0.0989,0.09908,0.099,0.099,0.09888,0.09898,0.09886,0.09892,0.09892,0.09902,0.09886,0.09896,0.09894,0.09906,0.099,0.09902,0.09896,0.09898,0.09904,0.09886,0.09904,0.09906,0.09902,0.09906,0.099,0.099,0.099,0.09898,0.099
StDev,0.003037762,0.003015792,0.002960068,0.003029026,0.002958547,0.003003664,0.0029995,0.002971195,0.002987139,0.003012806,0.0029995,0.002997833,0.002997165,0.003056469,0.003014631,0.002949915,0.00304516,0.003053359,0.003053359,0.003031171,0.003014631,0.003027045,0.003074573,0.002977415,0.003031171,0.003014465,0.003070831,0.00305745,0.003001166,0.003019603,0.003051229,0.002960912,0.003011312,0.003022416,0.003084964,0.00296867,0.003030676,0.003037598,0.003054996,0.003017449,0.003059085,0.003071319,0.002989482,0.003005329,0.003045817,0.003020761,0.002991154,0.003022085,0.003071319,0.00308026,0.003022416,0.003054832,0.002992156,0.002966985,0.003021258,0.003070831,0.003033645,0.003042532,0.003045817,0.003093865,0.003067572,0.003033645,0.003020761,0.003021258,0.002984125,0.003045817,0.003054996,0.003017449,0.003034304,0.003020761,0.003070831,0.002996164,0.003087394,0.003062352,0.003088203,0.003045817,0.003054832,0.003017118,0.003050082,0.003074573,0.003002166,0.003062679,0.003027705,0.002995497,0.002977751,0.002961925,0.002995497,0.002958547,0.002943297,0.002979429,0.002953473,0.003002499,0.002954657,0.003002499,0.002931211,0.002941938
1;2,0.1055,0.1024,0.1024,0.1025,0.1024,0.1024,0.1023,0.1023,0.1024,0.1023,0.1024,0.1025,0.1024,0.1024,0.1023,0.1023,0.1023,0.1024,0.1024,0.1022,0.1023,0.1022,0.1023,0.1022,0.1022,0.1022,0.1022,0.1023,0.1022,0.1022,0.1021,0.1022,0.1022,0.1021,0.1023,0.1021,0.1022,0.1021,0.1021,0.1022,0.1023,0.1022,0.1022,0.1021,0.1022,0.1021,0.1022,0.1021,0.1022,0.1023,0.1021,0.1021,0.102,0.102,0.1021,0.1021,0.1021,0.1021,0.102,0.1023,0.1021,0.1021,0.1019,0.1021,0.1019,0.102,0.102,0.102,0.1022,0.102,0.1021,0.1018,0.1021,0.1019,0.1021,0.102,0.1021,0.1019,0.102,0.102,0.1021,0.1021,0.1021,0.1019,0.1019,0.102,0.1018,0.1021,0.102,0.102,0.1019,0.102,0.1019,0.102,0.1019,0.102
2;1,0.1008,0.0971,0.0973,0.0972,0.0974,0.0972,0.0972,0.0973,0.0972,0.0972,0.0973,0.0974,0.0973,0.0972,0.0972,0.0972,0.0971,0.0972,0.0972,0.097,0.0972,0.0971,0.0969,0.0971,0.097,0.0972,0.0971,0.097,0.0972,0.097,0.0969,0.0972,0.0972,0.0969,0.097,0.097,0.0971,0.097,0.097,0.0971,0.0971,0.097,0.0971,0.097,0.0971,0.0971,0.097,0.097,0.097,0.0972,0.0969,0.0971,0.0971,0.0971,0.097,0.097,0.097,0.0972,0.097,0.0971,0.0971,0.097,0.0969,0.097,0.097,0.097,0.0969,0.0969,0.097,0.097,0.097,0.0969,0.0969,0.0968,0.0968,0.0969,0.0971,0.0969,0.0969,0.0969,0.0969,0.0969,0.0969,0.0968,0.0969,0.097,0.0967,0.097,0.0969,0.0969,0.097,0.0969,0.0969,0.0969,0.097,0.0969
2;2,0.1059,0.1023,0.1024,0.1024,0.1024,0.1025,0.1024,0.1024,0.1023,0.1024,0.1025,0.1025,0.1023,0.1026,0.1025,0.1024,0.1025,0.1025,0.1025,0.1024,0.1025,0.1024,0.1024,0.1024,0.1024,0.1025,0.1026,0.1024,0.1025,0.1024,0.1025,0.1024,0.1024,0.1024,0.1025,0.1024,0.1025,0.1026,0.1024,0.1025,0.1026,0.1025,0.1024,0.1024,0.1026,0.1026,0.1023,0.1025,0.1025,0.1026,0.1024,0.1025,0.1025,0.1025,0.1025,0.1025,0.1025,0.1026,0.1025,0.1025,0.1025,0.1025,0.1024,0.1025,0.1025,0.1025,0.1023,0.1023,0.1025,0.1025,0.1025,0.1024,0.1025,0.1024,0.1024,0.1024,0.1025,0.1023,0.1025,0.1025,0.1025,0.1025,0.1025,0.1025,0.1025,0.1025,0.1024,0.1024,0.1025,0.1025,0.1026,0.1025,0.1025,0.1025,0.1024,0.1024
2;3,0.1007,0.0976,0.0978,0.0978,0.0979,0.0978,0.0976,0.0977,0.0977,0.0977,0.0977,0.0978,0.0977,0.0978,0.0977,0.0978,0.0978,0.0976,0.0976,0.0976,0.0977,0.0975,0.0976,0.0977,0.0976,0.0977,0.0976,0.0976,0.0976,0.0977,0.0974,0.0977,0.0975,0.0976,0.0976,0.0977,0.0977,0.0976,0.0974,0.0976,0.0977,0.0975,0.0976,0.0976,0.0976,0.0976,0.0975,0.0977,0.0975,0.0976,0.0976,0.0975,0.0976,0.0976,0.0975,0.0975,0.0976,0.0975,0.0975,0.0976,0.0974,0.0976,0.0974,0.0975,0.0976,0.0975,0.0973,0.0974,0.0976,0.0975,0.0975,0.0974,0.0975,0.0974,0.0974,0.0974,0.0975,0.0974,0.0974,0.0974,0.0976,0.0975,0.0974,0.0974,0.0974,0.0974,0.0973,0.0974,0.0975,0.0974,0.0975,0.0974,0.0974,0.0974,0.0974,0.0973
3;2,0.0993,0.0961,0.0962,0.0961,0.0961,0.0962,0.0961,0.0961,0.0961,0.096,0.0962,0.0962,0.096,0.0961,0.0961,0.0962,0.096,0.0961,0.0961,0.096,0.0961,0.096,0.096,0.0961,0.096,0.096,0.096,0.096,0.0961,0.096,0.0961,0.0961,0.096,0.096,0.096,0.0961,0.096,0.0961,0.0959,0.0961,0.0961,0.096,0.0961,0.096,0.0961,0.0961,0.0961,0.096,0.096,0.096,0.096,0.0959,0.096,0.0961,0.0961,0.0959,0.096,0.096,0.0959,0.0959,0.0959,0.096,0.0959,0.0961,0.096,0.0959,0.0958,0.0959,0.0961,0.096,0.0959,0.0959,0.0959,0.0958,0.0959,0.0959,0.0959,0.0958,0.096,0.0959,0.0962,0.096,0.0962,0.0962,0.0962,0.0963,0.0961,0.0963,0.0964,0.0963,0.0963,0.0962,0.0963,0.0962,0.0962,0.0964
,,,,,,,,,,,,,,,,,,,,,,,,,,,,,,,,,,,,,,,,,,,,,,,,,,,,,,,,,,,,,,,,,,,,,,,,,,,,,,,,,,,,,,,,,,,,,,,,
Cycles / Well,,,,,,,,,,,,,,,,,,,,,,,,,,,,,,,,,,,,,,,,,,,,,,,,,,,,,,,,,,,,,,,,,,,,,,,,,,,,,,,,,,,,,,,,,,,,,,,,
B12,1,2,3,4,5,6,7,8,9,10,11,12,13,14,15,16,17,18,19,20,21,22,23,24,25,26,27,28,29,30,31,32,33,34,35,36,37,38,39,40,41,42,43,44,45,46,47,48,49,50,51,52,53,54,55,56,57,58,59,60,61,62,63,64,65,66,67,68,69,70,71,72,73,74,75,76,77,78,79,80,81,82,83,84,85,86,87,88,89,90,91,92,93,94,95,96
Time [s],0,1799.806,3599.729,5399.66,7199.597,8999.513,10799.458,12599.364,14399.311,16199.219,17999.129,19799.077,21599.014,23398.929,25198.853,26998.776,28798.721,30598.646,32398.579,34198.515,35998.426,37798.366,39598.295,41398.224,43198.149,44998.073,46797.997,48597.934,50397.855,52197.79,53997.709,55797.648,57597.562,59397.496,61197.415,62997.353,64797.279,66597.204,68397.129,70197.065,71996.967,73796.9,75596.814,77396.765,79196.693,80996.622,82796.528,84596.475,86396.393,88196.312,89996.248,91796.18,93596.114,95396.034,97195.966,98995.894,100795.82,102595.755,104395.67,106195.606,107995.535,109795.451,111595.395,113395.325,115195.239,116995.182,118795.096,120595.023,122394.949,124194.883,125994.805,127794.735,129594.672,131394.601,133194.53,134994.454,136794.373,138594.307,140394.225,142194.153,143994.083,145794.008,147593.92,149393.863,151193.795,152993.716,154793.66,156593.577,158393.507,160193.44,161993.355,163793.28,165593.216,167393.131,169193.06,170993.004
Temp. [°C],20,29.7,30.1,30,30,30.1,30,29.9,29.9,29.9,30,30,29.9,29.9,30.1,29.9,30,30,29.9,29.9,30,30,30,30.1,30,30.1,29.9,30,30,30.1,30,30.1,30.1,29.9,29.9,30,29.9,30.1,29.8,30,30.1,30.1,29.9,30.1,30,30.1,30.1,30.1,29.9,30,30,30,30,30.1,30,30,30.1,30,30,30,30,29.9,30.1,30.1,30,30,30,30,30,29.9,30,30,30,30,30,30.1,30.1,30.1,30.1,30.1,29.9,29.9,30.1,30.1,29.9,29.9,29.9,30.1,30,30,30.1,30,30.1,30,30.1,29.9
Mean,0.09954,0.09914,0.09934,0.0993,0.09934,0.09932,0.09922,0.09928,0.0992,0.09936,0.09944,0.09976,0.0994,0.09966,0.0994,0.0994,0.09928,0.09932,0.0995,0.0994,0.09938,0.09974,0.09932,0.09978,0.09986,0.09956,0.10042,0.09954,0.09964,0.09976,0.09978,0.10002,0.0997,0.0998,0.09998,0.10056,0.10062,0.10086,0.10036,0.10048,0.10038,0.10024,0.10042,0.10056,0.10064,0.10062,0.10086,0.10082,0.10094,0.1012,0.101,0.10114,0.10136,0.10142,0.10108,0.10092,0.10124,0.10114,0.10142,0.10124,0.10138,0.1016,0.1017,0.10196,0.10266,0.10202,0.10184,0.10178,0.10204,0.1022,0.10192,0.10192,0.10204,0.10222,0.10242,0.10222,0.10246,0.1023,0.1024,0.10234,0.10286,0.10328,0.10336,0.10306,0.10326,0.10334,0.10342,0.10372,0.10378,0.10384,0.10376,0.10356,0.10392,0.1039,0.10446,0.10424
StDev,0.003557106,0.003468141,0.003480374,0.003504996,0.003515395,0.003439041,0.003449203,0.00349242,0.003462658,0.003394554,0.003391607,0.002972036,0.003357827,0.003116569,0.003434385,0.003421257,0.003511695,0.003501,0.003226453,0.003189828,0.003369273,0.002914275,0.003372981,0.002961756,0.002922841,0.00312458,0.002880451,0.003237746,0.003139745,0.003028696,0.002968501,0.002851666,0.003071645,0.00291719,0.002858671,0.002886694,0.002914104,0.003134167,0.002788907,0.002827013,0.002821702,0.002833373,0.002876978,0.002928822,0.002964456,0.002977751,0.003174587,0.003094673,0.00337387,0.003527747,0.003344398,0.003474622,0.003797762,0.003753931,0.00362519,0.003367046,0.003783913,0.003544432,0.00402455,0.003816805,0.003966359,0.004380639,0.004585303,0.004962661,0.006256836,0.005081535,0.005052029,0.004906322,0.005179093,0.005570009,0.005014678,0.005143151,0.005302169,0.005816098,0.006137752,0.005903558,0.006021877,0.005939276,0.005939276,0.005917178,0.006887162,0.007528413,0.007840472,0.007276538,0.007920417,0.007920101,0.008282934,0.008450858,0.008786751,0.008855958,0.008941085,0.008260932,0.009192225,0.009120033,0.010447153,0.009876892
1;2,0.1033,0.1027,0.1029,0.1029,0.103,0.1027,0.1027,0.1028,0.1028,0.1028,0.1029,0.1028,0.1028,0.1028,0.1029,0.1028,0.1028,0.1028,0.1028,0.1027,0.1028,0.1027,0.1027,0.1028,0.1027,0.1027,0.1027,0.1027,0.1027,0.1028,0.1027,0.1027,0.1028,0.1026,0.1027,0.1029,0.1029,0.1027,0.1026,0.1027,0.1028,0.1026,0.1027,0.1027,0.1027,0.1027,0.1027,0.1026,0.1026,0.1027,0.1026,0.1026,0.1025,0.1026,0.1025,0.1025,0.1025,0.1025,0.1025,0.1025,0.1024,0.1025,0.1024,0.1025,0.1025,0.1024,0.1023,0.1024,0.1024,0.1025,0.1024,0.1023,0.1024,0.1023,0.1024,0.1023,0.1024,0.1023,0.1024,0.1024,0.1024,0.1024,0.1024,0.1024,0.1023,0.1024,0.1022,0.1024,0.1024,0.1023,0.1023,0.1024,0.1023,0.1022,0.1021,0.1023
2;1,0.0973,0.0969,0.0972,0.0971,0.0972,0.0972,0.0972,0.0972,0.0971,0.0971,0.0973,0.0972,0.0971,0.0973,0.0972,0.0972,0.0972,0.0971,0.0971,0.0971,0.0971,0.097,0.097,0.0971,0.097,0.0972,0.097,0.0971,0.0971,0.097,0.0971,0.0972,0.0971,0.0971,0.0971,0.0972,0.0972,0.0971,0.0971,0.0973,0.0972,0.097,0.0971,0.0971,0.0971,0.0971,0.0972,0.0972,0.0971,0.0972,0.0972,0.0972,0.0972,0.0973,0.097,0.0972,0.0971,0.0972,0.0971,0.0971,0.0971,0.0971,0.0971,0.0972,0.0973,0.0972,0.097,0.097,0.0972,0.0971,0.0971,0.097,0.097,0.0971,0.097,0.0969,0.0971,0.097,0.0971,0.0971,0.0971,0.0973,0.0972,0.0972,0.097,0.0972,0.0971,0.0973,0.0973,0.0973,0.0971,0.0972,0.0972,0.0974,0.0973,0.0973
2;2,0.1033,0.1029,0.1031,0.1031,0.1031,0.1032,0.103,0.1031,0.1029,0.1032,0.1032,0.1032,0.1032,0.1033,0.1032,0.1033,0.1032,0.1033,0.1032,0.103,0.1032,0.1031,0.1032,0.1032,0.1033,0.1032,0.1032,0.1034,0.1034,0.1033,0.1033,0.1034,0.1033,0.1033,0.1033,0.1034,0.1034,0.1033,0.1031,0.1034,0.1034,0.1032,0.1034,0.1033,0.1035,0.1034,0.1034,0.1033,0.1033,0.1034,0.1033,0.1033,0.1034,0.1034,0.1033,0.1032,0.1034,0.1033,0.1033,0.1032,0.1034,0.1033,0.1033,0.1033,0.1033,0.1032,0.1031,0.1031,0.1032,0.1032,0.1032,0.1031,0.1032,0.103,0.1031,0.1031,0.1033,0.1031,0.1032,0.1031,0.1033,0.1034,0.1032,0.1032,0.1032,0.1032,0.1031,0.1034,0.1032,0.1033,0.103,0.1032,0.1032,0.1031,0.1032,0.1032
2;3,0.0982,0.0979,0.0981,0.098,0.098,0.098,0.0979,0.098,0.0979,0.0978,0.098,0.0979,0.0979,0.0979,0.098,0.0979,0.0978,0.0978,0.0978,0.0978,0.0978,0.0979,0.0977,0.098,0.0978,0.0979,0.0977,0.0978,0.0979,0.0979,0.0977,0.0978,0.0977,0.0977,0.0977,0.0978,0.0978,0.0978,0.0977,0.0977,0.0978,0.0976,0.0977,0.0977,0.0978,0.0977,0.0976,0.0977,0.0975,0.0977,0.0976,0.0977,0.0977,0.0978,0.0975,0.0974,0.0975,0.0976,0.0976,0.0975,0.0976,0.0975,0.0975,0.0975,0.0975,0.0976,0.0974,0.0974,0.0975,0.0974,0.0975,0.0975,0.0975,0.0973,0.0974,0.0973,0.0975,0.0974,0.0975,0.0974,0.0974,0.0975,0.0975,0.0974,0.0973,0.0973,0.0973,0.0975,0.0973,0.0974,0.0974,0.0975,0.0973,0.0973,0.0972,0.0972
3;2,0.0956,0.0953,0.0954,0.0954,0.0954,0.0955,0.0953,0.0953,0.0953,0.0959,0.0958,0.0977,0.096,0.097,0.0957,0.0958,0.0954,0.0956,0.0966,0.0964,0.096,0.098,0.096,0.0978,0.0985,0.0968,0.1015,0.0967,0.0971,0.0978,0.0981,0.099,0.0976,0.0983,0.0991,0.1015,0.1018,0.1034,0.1013,0.1013,0.1007,0.1008,0.1012,0.102,0.1021,0.1022,0.1034,0.1033,0.1042,0.105,0.1043,0.1049,0.106,0.106,0.1051,0.1043,0.1057,0.1051,0.1066,0.1059,0.1064,0.1076,0.1082,0.1093,0.1127,0.1097,0.1094,0.109,0.1099,0.1108,0.1094,0.1097,0.1101,0.1114,0.1122,0.1115,0.112,0.1117,0.1118,0.1117,0.1141,0.1158,0.1165,0.1151,0.1165,0.1166,0.1174,0.118,0.1187,0.1189,0.119,0.1175,0.1196,0.1195,0.1225,0.1212
,,,,,,,,,,,,,,,,,,,,,,,,,,,,,,,,,,,,,,,,,,,,,,,,,,,,,,,,,,,,,,,,,,,,,,,,,,,,,,,,,,,,,,,,,,,,,,,,
Cycles / Well,,,,,,,,,,,,,,,,,,,,,,,,,,,,,,,,,,,,,,,,,,,,,,,,,,,,,,,,,,,,,,,,,,,,,,,,,,,,,,,,,,,,,,,,,,,,,,,,
C1,1,2,3,4,5,6,7,8,9,10,11,12,13,14,15,16,17,18,19,20,21,22,23,24,25,26,27,28,29,30,31,32,33,34,35,36,37,38,39,40,41,42,43,44,45,46,47,48,49,50,51,52,53,54,55,56,57,58,59,60,61,62,63,64,65,66,67,68,69,70,71,72,73,74,75,76,77,78,79,80,81,82,83,84,85,86,87,88,89,90,91,92,93,94,95,96
Time [s],0,1799.806,3599.729,5399.66,7199.597,8999.513,10799.458,12599.364,14399.311,16199.219,17999.129,19799.077,21599.014,23398.929,25198.853,26998.776,28798.721,30598.646,32398.579,34198.515,35998.426,37798.366,39598.295,41398.224,43198.149,44998.073,46797.997,48597.934,50397.855,52197.79,53997.709,55797.648,57597.562,59397.496,61197.415,62997.353,64797.279,66597.204,68397.129,70197.065,71996.967,73796.9,75596.814,77396.765,79196.693,80996.622,82796.528,84596.475,86396.393,88196.312,89996.248,91796.18,93596.114,95396.034,97195.966,98995.894,100795.82,102595.755,104395.67,106195.606,107995.535,109795.451,111595.395,113395.325,115195.239,116995.182,118795.096,120595.023,122394.949,124194.883,125994.805,127794.735,129594.672,131394.601,133194.53,134994.454,136794.373,138594.307,140394.225,142194.153,143994.083,145794.008,147593.92,149393.863,151193.795,152993.716,154793.66,156593.577,158393.507,160193.44,161993.355,163793.28,165593.216,167393.131,169193.06,170993.004
Temp. [°C],20,29.7,30.1,30,30,30.1,30,29.9,29.9,29.9,30,30,29.9,29.9,30.1,29.9,30,30,29.9,29.9,30,30,30,30.1,30,30.1,29.9,30,30,30.1,30,30.1,30.1,29.9,29.9,30,29.9,30.1,29.8,30,30.1,30.1,29.9,30.1,30,30.1,30.1,30.1,29.9,30,30,30,30,30.1,30,30,30.1,30,30,30,30,29.9,30.1,30.1,30,30,30,30,30,29.9,30,30,30,30,30,30.1,30.1,30.1,30.1,30.1,29.9,29.9,30.1,30.1,29.9,29.9,29.9,30.1,30,30,30.1,30,30.1,30,30.1,29.9
Mean,0.09946,0.09892,0.09914,0.09902,0.09904,0.09896,0.0989,0.099,0.09906,0.0991,0.09936,0.0993,0.09932,0.09944,0.09938,0.09936,0.09936,0.09946,0.09966,0.09938,0.09958,0.09944,0.09948,0.09966,0.09976,0.09978,0.09982,0.09984,0.09994,0.09978,0.0998,0.10012,0.10002,0.10006,0.10028,0.10038,0.1006,0.1004,0.1006,0.10062,0.10076,0.10056,0.10084,0.10086,0.10116,0.1011,0.10116,0.10158,0.10166,0.10174,0.1016,0.10158,0.1014,0.10156,0.1016,0.10164,0.10156,0.102,0.10184,0.10208,0.10216,0.1021,0.10256,0.10226,0.10266,0.1025,0.10238,0.10218,0.10248,0.10268,0.10244,0.10222,0.10256,0.10254,0.1027,0.10292,0.10286,0.10284,0.1028,0.1033,0.10324,0.10328,0.10336,0.10352,0.10344,0.1035,0.1038,0.10408,0.10386,0.1042,0.1041,0.10446,0.10434,0.1044,0.10438,0.10434
StDev,0.003223818,0.003223663,0.003173799,0.003215121,0.003136559,0.003251615,0.003169385,0.003151984,0.003122179,0.003079773,0.002943297,0.002994161,0.002937176,0.002938197,0.002864786,0.002861468,0.002865833,0.002884961,0.00285972,0.002838486,0.002865659,0.002820993,0.002921815,0.002914275,0.0030005,0.002937176,0.003042532,0.003077824,0.003018775,0.003007823,0.003078961,0.003304088,0.003154679,0.00330424,0.003582178,0.00371914,0.00392492,0.003762978,0.004311032,0.00410938,0.004224098,0.004133763,0.004520841,0.004583994,0.005100784,0.004977951,0.005087042,0.005917516,0.006064487,0.006155729,0.006143289,0.006067289,0.00554166,0.005851325,0.00607824,0.006168711,0.00590703,0.006929286,0.006686778,0.00696972,0.007315258,0.006945502,0.008323341,0.007480174,0.008304095,0.008091044,0.007991683,0.007664007,0.008006997,0.008333487,0.007908413,0.007418019,0.008201707,0.008327845,0.008676405,0.009063774,0.008783109,0.008942203,0.008765558,0.009838953,0.009808313,0.009888731,0.010170202,0.01053029,0.010450981,0.010518555,0.011269428,0.011607627,0.011135663,0.011982696,0.011702564,0.012446405,0.012175508,0.012523378,0.012418011,0.012272856
1;2,0.1026,0.1021,0.1023,0.1022,0.1021,0.102,0.102,0.1021,0.1021,0.1021,0.1021,0.1021,0.1021,0.1021,0.102,0.1021,0.102,0.1019,0.102,0.102,0.1019,0.1019,0.1019,0.1019,0.102,0.102,0.1019,0.1019,0.1019,0.1019,0.1019,0.102,0.1019,0.1018,0.1018,0.102,0.102,0.1019,0.1018,0.1019,0.1018,0.1017,0.1019,0.1018,0.1017,0.1019,0.1019,0.1018,0.1018,0.1019,0.1017,0.1017,0.1017,0.1017,0.1017,0.1016,0.1017,0.1018,0.1017,0.1018,0.1016,0.1018,0.1017,0.1016,0.1017,0.1017,0.1016,0.1014,0.1017,0.1016,0.1017,0.1015,0.1017,0.1015,0.1016,0.1016,0.1017,0.1014,0.1016,0.1017,0.1016,0.1016,0.1015,0.1015,0.1015,0.1014,0.1015,0.1016,0.1016,0.1015,0.1016,0.1016,0.1016,0.1015,0.1015,0.1015
2;1,0.0956,0.0953,0.0955,0.0955,0.0957,0.0955,0.0955,0.0956,0.0955,0.0955,0.0956,0.0955,0.0954,0.0955,0.0956,0.0955,0.0954,0.0954,0.0955,0.0955,0.0955,0.0955,0.0953,0.0954,0.0954,0.0955,0.0954,0.0953,0.0955,0.0954,0.0953,0.0954,0.0955,0.0954,0.0954,0.0953,0.0954,0.0954,0.0952,0.0953,0.0954,0.0953,0.0953,0.0953,0.0953,0.0953,0.0953,0.0953,0.0954,0.0953,0.0953,0.0953,0.0954,0.0954,0.0954,0.0953,0.0954,0.0952,0.0952,0.0953,0.0953,0.0954,0.0952,0.0953,0.0954,0.0953,0.0952,0.0952,0.0953,0.0954,0.0953,0.0954,0.0953,0.0952,0.0952,0.0953,0.0954,0.0953,0.0953,0.0953,0.0952,0.0953,0.0952,0.0951,0.0951,0.0952,0.0952,0.0954,0.0953,0.0952,0.0953,0.0953,0.0953,0.0952,0.0953,0.0953
2;2,0.1029,0.1024,0.1025,0.1025,0.1025,0.1026,0.1023,0.1024,0.1025,0.1025,0.1026,0.1026,0.1024,0.1026,0.1025,0.1023,0.1023,0.1025,0.1024,0.1023,0.1025,0.1023,0.1024,0.1023,0.1023,0.1023,0.1024,0.1024,0.1024,0.1023,0.1024,0.1024,0.1023,0.1022,0.1022,0.1024,0.1024,0.1023,0.1021,0.1023,0.1024,0.1022,0.1023,0.1023,0.1023,0.1023,0.1023,0.1023,0.1023,0.1024,0.1022,0.1023,0.1023,0.1023,0.1022,0.1023,0.1023,0.1023,0.1022,0.1023,0.1022,0.1023,0.1021,0.1023,0.1022,0.1022,0.1021,0.1021,0.1023,0.1022,0.1022,0.1022,0.1021,0.1022,0.1022,0.1021,0.1022,0.1022,0.1022,0.1022,0.1021,0.1021,0.1021,0.1022,0.102,0.1021,0.1019,0.1021,0.1021,0.1021,0.102,0.1022,0.1021,0.102,0.102,0.102
2;3,0.0989,0.0983,0.0986,0.0984,0.0984,0.0985,0.0985,0.0985,0.0983,0.0982,0.0984,0.0983,0.0982,0.0982,0.0983,0.0983,0.0982,0.0982,0.0982,0.0981,0.0981,0.098,0.098,0.098,0.0979,0.098,0.0979,0.098,0.0981,0.0979,0.0979,0.0979,0.0979,0.0978,0.0978,0.0978,0.0979,0.0977,0.0976,0.0978,0.0979,0.0977,0.0977,0.0977,0.0978,0.0977,0.0977,0.0977,0.0976,0.0977,0.0975,0.0975,0.0977,0.0977,0.0975,0.0976,0.0976,0.0975,0.0975,0.0976,0.0975,0.0976,0.0973,0.0975,0.0974,0.0973,0.0973,0.0973,0.0973,0.0975,0.0974,0.0975,0.0974,0.0973,0.0972,0.0973,0.0973,0.0973,0.0973,0.0972,0.0973,0.0972,0.0972,0.0972,0.0972,0.0972,0.0971,0.0971,0.0972,0.0972,0.0972,0.0971,0.0972,0.0971,0.0971,0.0972
3;2,0.0973,0.0965,0.0968,0.0965,0.0965,0.0962,0.0962,0.0964,0.0969,0.0972,0.0981,0.098,0.0985,0.0988,0.0985,0.0986,0.0989,0.0993,0.1002,0.099,0.0999,0.0995,0.0998,0.1007,0.1012,0.1011,0.1015,0.1016,0.1018,0.1014,0.1015,0.1029,0.1025,0.1031,0.1042,0.1044,0.1053,0.1047,0.1063,0.1058,0.1063,0.1059,0.107,0.1072,0.1087,0.1083,0.1086,0.1108,0.1112,0.1114,0.1113,0.1111,0.1099,0.1107,0.1112,0.1114,0.1108,0.1132,0.1126,0.1134,0.1142,0.1134,0.1165,0.1146,0.1166,0.116,0.1157,0.1149,0.1158,0.1167,0.1156,0.1145,0.1163,0.1165,0.1173,0.1183,0.1177,0.118,0.1176,0.1201,0.12,0.1202,0.1208,0.1216,0.1214,0.1216,0.1233,0.1242,0.1231,0.125,0.1244,0.1261,0.1255,0.1262,0.126,0.1257
,,,,,,,,,,,,,,,,,,,,,,,,,,,,,,,,,,,,,,,,,,,,,,,,,,,,,,,,,,,,,,,,,,,,,,,,,,,,,,,,,,,,,,,,,,,,,,,,
Cycles / Well,,,,,,,,,,,,,,,,,,,,,,,,,,,,,,,,,,,,,,,,,,,,,,,,,,,,,,,,,,,,,,,,,,,,,,,,,,,,,,,,,,,,,,,,,,,,,,,,
C2,1,2,3,4,5,6,7,8,9,10,11,12,13,14,15,16,17,18,19,20,21,22,23,24,25,26,27,28,29,30,31,32,33,34,35,36,37,38,39,40,41,42,43,44,45,46,47,48,49,50,51,52,53,54,55,56,57,58,59,60,61,62,63,64,65,66,67,68,69,70,71,72,73,74,75,76,77,78,79,80,81,82,83,84,85,86,87,88,89,90,91,92,93,94,95,96
Time [s],0,1799.806,3599.729,5399.66,7199.597,8999.513,10799.458,12599.364,14399.311,16199.219,17999.129,19799.077,21599.014,23398.929,25198.853,26998.776,28798.721,30598.646,32398.579,34198.515,35998.426,37798.366,39598.295,41398.224,43198.149,44998.073,46797.997,48597.934,50397.855,52197.79,53997.709,55797.648,57597.562,59397.496,61197.415,62997.353,64797.279,66597.204,68397.129,70197.065,71996.967,73796.9,75596.814,77396.765,79196.693,80996.622,82796.528,84596.475,86396.393,88196.312,89996.248,91796.18,93596.114,95396.034,97195.966,98995.894,100795.82,102595.755,104395.67,106195.606,107995.535,109795.451,111595.395,113395.325,115195.239,116995.182,118795.096,120595.023,122394.949,124194.883,125994.805,127794.735,129594.672,131394.601,133194.53,134994.454,136794.373,138594.307,140394.225,142194.153,143994.083,145794.008,147593.92,149393.863,151193.795,152993.716,154793.66,156593.577,158393.507,160193.44,161993.355,163793.28,165593.216,167393.131,169193.06,170993.004
Temp. [°C],20,29.7,30.1,30,30,30.1,30,29.9,29.9,29.9,30,30,29.9,29.9,30.1,29.9,30,30,29.9,29.9,30,30,30,30.1,30,30.1,29.9,30,30,30.1,30,30.1,30.1,29.9,29.9,30,29.9,30.1,29.8,30,30.1,30.1,29.9,30.1,30,30.1,30.1,30.1,29.9,30,30,30,30,30.1,30,30,30.1,30,30,30,30,29.9,30.1,30.1,30,30,30,30,30,29.9,30,30,30,30,30,30.1,30.1,30.1,30.1,30.1,29.9,29.9,30.1,30.1,29.9,29.9,29.9,30.1,30,30,30.1,30,30.1,30,30.1,29.9
Mean,0.12484,0.12422,0.12732,0.12912,0.13094,0.13334,0.13632,0.13998,0.14464,0.1509,0.15902,0.16898,0.1824,0.1999,0.22342,0.25408,0.29452,0.34552,0.40782,0.47916,0.56106,0.65098,0.74502,0.8367,0.91946,0.99078,1.0474,1.0894,1.1215,1.14422,1.16244,1.17742,1.18908,1.19972,1.20876,1.21776,1.2248,1.23086,1.23598,1.2387,1.24104,1.24374,1.24838,1.2519,1.2554,1.25878,1.26168,1.26504,1.2679,1.27222,1.27344,1.27568,1.27834,1.2808,1.28238,1.28432,1.28626,1.28688,1.28852,1.28944,1.29072,1.2908,1.29176,1.29232,1.2931,1.29338,1.29432,1.29466,1.295,1.2953,1.29568,1.2958,1.29584,1.29626,1.29704,1.29672,1.29642,1.29644,1.29656,1.29668,1.29654,1.29614,1.29654,1.29614,1.29598,1.29538,1.29638,1.29626,1.2964,1.29638,1.29564,1.29608,1.29542,1.29508,1.29468,1.2939
StDev,0.00545738,0.006078404,0.005925116,0.005406663,0.005048564,0.004771059,0.00513342,0.005064287,0.005031203,0.004764452,0.004767284,0.004152951,0.004373214,0.005768449,0.008688326,0.013343238,0.019424392,0.02702965,0.036629182,0.04752734,0.058258244,0.070108609,0.079047941,0.084974025,0.088548591,0.088488937,0.08702221,0.085265673,0.083734431,0.082341618,0.081861487,0.08123378,0.080211389,0.07962369,0.078846642,0.07842849,0.078030411,0.077820389,0.076968805,0.076483658,0.076735083,0.076205531,0.075974548,0.075771235,0.076273292,0.076047465,0.076847752,0.077033227,0.077056862,0.077318122,0.077445,0.078141071,0.078691315,0.079174901,0.079274409,0.079501239,0.079888128,0.079657498,0.079935268,0.080180316,0.080206558,0.080680667,0.080880115,0.08084542,0.081275058,0.081428908,0.081973849,0.082085462,0.082253966,0.082208485,0.08193877,0.082665954,0.082520622,0.083148079,0.083176457,0.082977569,0.083947227,0.083833484,0.084393086,0.084549849,0.084522263,0.084478506,0.084234304,0.084994076,0.084674418,0.085256536,0.085801352,0.085021074,0.085321949,0.085096692,0.085097726,0.085734398,0.086188381,0.086453496,0.08683425,0.086509075
1;2,0.1214,0.119,0.1222,0.1242,0.1262,0.1287,0.1311,0.1347,0.1393,0.1457,0.1541,0.1654,0.1804,0.2004,0.227,0.2625,0.3092,0.3673,0.439,0.5197,0.6093,0.7096,0.8103,0.9087,0.9953,1.0666,1.1224,1.1613,1.192,1.2138,1.2323,1.2468,1.2585,1.2677,1.2767,1.2851,1.2923,1.2987,1.3025,1.3039,1.3059,1.3073,1.3124,1.3165,1.3201,1.3238,1.3275,1.3303,1.3326,1.3376,1.3394,1.3401,1.3435,1.3453,1.3481,1.35,1.3529,1.3532,1.3552,1.357,1.3579,1.3588,1.3596,1.3599,1.3612,1.3627,1.3646,1.3643,1.3642,1.3649,1.3635,1.3645,1.3654,1.3663,1.3682,1.3669,1.3679,1.3668,1.3668,1.3678,1.3675,1.3658,1.3658,1.3663,1.366,1.3656,1.3689,1.3679,1.3698,1.3682,1.3675,1.3685,1.3673,1.3658,1.3664,1.3662
2;1,0.1225,0.1231,0.127,0.1291,0.1314,0.1341,0.1371,0.1405,0.1447,0.1505,0.1576,0.1657,0.1768,0.1911,0.2103,0.2352,0.2684,0.31,0.3595,0.4165,0.4831,0.5571,0.6403,0.726,0.8048,0.8765,0.9363,0.9813,1.0159,1.0411,1.0611,1.0764,1.0894,1.1013,1.1117,1.1213,1.1288,1.1348,1.1409,1.1448,1.1472,1.1501,1.1549,1.1589,1.1618,1.1656,1.1681,1.1704,1.1732,1.1772,1.1783,1.179,1.1816,1.184,1.1849,1.1859,1.1878,1.189,1.1893,1.1906,1.1919,1.1915,1.1922,1.1929,1.1928,1.1931,1.1933,1.1935,1.1931,1.1932,1.1945,1.1943,1.1941,1.1943,1.1945,1.1944,1.1927,1.1927,1.1922,1.1919,1.1914,1.191,1.1918,1.191,1.191,1.1891,1.1898,1.19,1.1898,1.1906,1.19,1.1896,1.1882,1.1873,1.1868,1.1865
2;2,0.1236,0.1209,0.1236,0.1257,0.1277,0.1302,0.1331,0.1368,0.1416,0.1481,0.1563,0.167,0.1812,0.2,0.2254,0.2587,0.3028,0.3587,0.426,0.5039,0.5917,0.6865,0.7858,0.8787,0.9638,1.0356,1.0926,1.1352,1.1663,1.1906,1.2076,1.2223,1.2341,1.2443,1.2532,1.2638,1.2705,1.2762,1.2802,1.284,1.2869,1.2902,1.2928,1.2961,1.3009,1.3037,1.3068,1.3103,1.3136,1.3181,1.3193,1.3216,1.3239,1.3271,1.3295,1.3315,1.3336,1.3339,1.3353,1.3366,1.3387,1.3373,1.3391,1.3393,1.3403,1.3402,1.3409,1.3422,1.3424,1.3424,1.3432,1.3435,1.3436,1.3442,1.3446,1.3446,1.3445,1.345,1.3453,1.3453,1.3456,1.3447,1.345,1.3456,1.3437,1.3446,1.3444,1.3444,1.3431,1.3443,1.3435,1.3444,1.3439,1.3441,1.3441,1.342
2;3,0.1222,0.1235,0.1265,0.1285,0.1302,0.1327,0.1358,0.1399,0.145,0.1519,0.1607,0.1723,0.1875,0.2073,0.2337,0.2681,0.3125,0.3683,0.4367,0.5156,0.6066,0.7063,0.808,0.9046,0.9891,1.06,1.1144,1.1556,1.1869,1.2064,1.2246,1.2389,1.2482,1.2596,1.2672,1.2745,1.2808,1.2863,1.292,1.2942,1.297,1.2993,1.3048,1.3075,1.3108,1.3139,1.3176,1.3217,1.3248,1.3288,1.3297,1.3349,1.3384,1.342,1.3417,1.344,1.3457,1.3465,1.3484,1.3487,1.3497,1.3513,1.3521,1.3532,1.3541,1.3538,1.3551,1.3555,1.3567,1.3567,1.3581,1.3588,1.3575,1.3587,1.3586,1.3586,1.3588,1.3593,1.3606,1.3602,1.3597,1.361,1.3614,1.3609,1.3617,1.3607,1.3616,1.3605,1.3607,1.3609,1.3602,1.361,1.3617,1.3626,1.3617,1.3608
3;2,0.1345,0.1346,0.1373,0.1381,0.1392,0.141,0.1445,0.148,0.1526,0.1583,0.1664,0.1745,0.1861,0.2007,0.2207,0.2459,0.2797,0.3233,0.3779,0.4401,0.5146,0.5954,0.6807,0.7655,0.8443,0.9152,0.9713,1.0136,1.0464,1.0692,1.0866,1.1027,1.1152,1.1257,1.135,1.1441,1.1516,1.1583,1.1643,1.1666,1.1682,1.1718,1.177,1.1805,1.1834,1.1869,1.1884,1.1925,1.1953,1.1994,1.2005,1.2028,1.2043,1.2056,1.2077,1.2102,1.2113,1.2118,1.2144,1.2143,1.2154,1.2151,1.2158,1.2163,1.2171,1.2171,1.2177,1.2178,1.2186,1.2193,1.2191,1.2179,1.2186,1.2178,1.2193,1.2191,1.2182,1.2184,1.2179,1.2182,1.2185,1.2182,1.2187,1.2169,1.2175,1.2169,1.2172,1.2185,1.2186,1.2179,1.217,1.2169,1.216,1.2156,1.2144,1.214
,,,,,,,,,,,,,,,,,,,,,,,,,,,,,,,,,,,,,,,,,,,,,,,,,,,,,,,,,,,,,,,,,,,,,,,,,,,,,,,,,,,,,,,,,,,,,,,,
Cycles / Well,,,,,,,,,,,,,,,,,,,,,,,,,,,,,,,,,,,,,,,,,,,,,,,,,,,,,,,,,,,,,,,,,,,,,,,,,,,,,,,,,,,,,,,,,,,,,,,,
C3,1,2,3,4,5,6,7,8,9,10,11,12,13,14,15,16,17,18,19,20,21,22,23,24,25,26,27,28,29,30,31,32,33,34,35,36,37,38,39,40,41,42,43,44,45,46,47,48,49,50,51,52,53,54,55,56,57,58,59,60,61,62,63,64,65,66,67,68,69,70,71,72,73,74,75,76,77,78,79,80,81,82,83,84,85,86,87,88,89,90,91,92,93,94,95,96
Time [s],0,1799.806,3599.729,5399.66,7199.597,8999.513,10799.458,12599.364,14399.311,16199.219,17999.129,19799.077,21599.014,23398.929,25198.853,26998.776,28798.721,30598.646,32398.579,34198.515,35998.426,37798.366,39598.295,41398.224,43198.149,44998.073,46797.997,48597.934,50397.855,52197.79,53997.709,55797.648,57597.562,59397.496,61197.415,62997.353,64797.279,66597.204,68397.129,70197.065,71996.967,73796.9,75596.814,77396.765,79196.693,80996.622,82796.528,84596.475,86396.393,88196.312,89996.248,91796.18,93596.114,95396.034,97195.966,98995.894,100795.82,102595.755,104395.67,106195.606,107995.535,109795.451,111595.395,113395.325,115195.239,116995.182,118795.096,120595.023,122394.949,124194.883,125994.805,127794.735,129594.672,131394.601,133194.53,134994.454,136794.373,138594.307,140394.225,142194.153,143994.083,145794.008,147593.92,149393.863,151193.795,152993.716,154793.66,156593.577,158393.507,160193.44,161993.355,163793.28,165593.216,167393.131,169193.06,170993.004
Temp. [°C],20,29.7,30.1,30,30,30.1,30,29.9,29.9,29.9,30,30,29.9,29.9,30.1,29.9,30,30,29.9,29.9,30,30,30,30.1,30,30.1,29.9,30,30,30.1,30,30.1,30.1,29.9,29.9,30,29.9,30.1,29.8,30,30.1,30.1,29.9,30.1,30,30.1,30.1,30.1,29.9,30,30,30,30,30.1,30,30,30.1,30,30,30,30,29.9,30.1,30.1,30,30,30,30,30,29.9,30,30,30,30,30,30.1,30.1,30.1,30.1,30.1,29.9,29.9,30.1,30.1,29.9,29.9,29.9,30.1,30,30,30.1,30,30.1,30,30.1,29.9
Mean,0.12836,0.12782,0.13164,0.13406,0.13604,0.1382,0.14062,0.14398,0.14786,0.15304,0.15994,0.16718,0.17718,0.18916,0.2049,0.22444,0.24938,0.2814,0.32108,0.36906,0.42588,0.49034,0.56148,0.63694,0.71774,0.79924,0.87856,0.94828,1.00498,1.04986,1.08408,1.11066,1.13198,1.14826,1.16236,1.175,1.1854,1.19424,1.20262,1.21128,1.21804,1.22402,1.23124,1.2362,1.24144,1.24496,1.24758,1.2508,1.2551,1.25984,1.263,1.26568,1.26922,1.27168,1.27482,1.27618,1.2789,1.28088,1.28292,1.28432,1.28512,1.28562,1.2865,1.28712,1.2871,1.28696,1.2876,1.28666,1.28628,1.2865,1.2857,1.28496,1.2847,1.28386,1.28344,1.283,1.28208,1.28102,1.28022,1.2794,1.27818,1.27728,1.27624,1.27496,1.2742,1.27256,1.27244,1.27122,1.27018,1.26946,1.26796,1.26684,1.26548,1.26428,1.26356,1.26238
StDev,0.01656119,0.015043504,0.015497032,0.01529307,0.014519745,0.014558674,0.014914825,0.015588842,0.016416394,0.017122149,0.018762542,0.018692432,0.020109625,0.020451968,0.021762123,0.023036775,0.024773817,0.028175166,0.032563738,0.037963838,0.04540239,0.053646183,0.063134317,0.072075086,0.081068786,0.091285503,0.09925504,0.105533985,0.10892379,0.108759243,0.109067442,0.107391541,0.107116278,0.10781249,0.106118721,0.105937883,0.105420397,0.104658196,0.103878737,0.103676936,0.104309793,0.103904966,0.103724843,0.103092313,0.10219204,0.101849512,0.101370321,0.101154115,0.101536077,0.101181831,0.100606113,0.10270001,0.103419326,0.103825849,0.104316331,0.105148524,0.105602794,0.106006448,0.106026964,0.107135111,0.107649649,0.108130717,0.10777052,0.108876751,0.109128502,0.109633973,0.109879866,0.110302439,0.11167823,0.111220479,0.112347652,0.112392651,0.111872986,0.112487413,0.111710264,0.112819369,0.112671234,0.11328774,0.113476108,0.112848615,0.113248872,0.113705967,0.114884912,0.114446442,0.114012587,0.11447228,0.113800518,0.114431866,0.113124785,0.114372234,0.114795832,0.114995187,0.115285003,0.115962395,0.115235793,0.115730839
1;2,0.119,0.1169,0.1197,0.1218,0.124,0.1254,0.127,0.1294,0.1322,0.1362,0.1411,0.1473,0.1552,0.1652,0.1778,0.1934,0.2142,0.2398,0.271,0.3096,0.3538,0.4042,0.4589,0.5198,0.5864,0.6518,0.7178,0.7775,0.8292,0.8749,0.909,0.939,0.9608,0.9757,0.9928,1.0057,1.0172,1.0277,1.0374,1.0462,1.0519,1.0584,1.066,1.0721,1.0787,1.0829,1.086,1.0896,1.0931,1.0981,1.1015,1.1014,1.1041,1.1062,1.1083,1.108,1.11,1.1112,1.1139,1.1129,1.1128,1.1129,1.1144,1.1125,1.1126,1.1117,1.1122,1.1105,1.1078,1.1088,1.1059,1.1053,1.1058,1.1042,1.1055,1.1031,1.1019,1.1002,1.0992,1.0998,1.0977,1.096,1.0928,1.0925,1.0923,1.0901,1.091,1.0886,1.09,1.0869,1.0847,1.0832,1.0816,1.0795,1.08,1.0781
2;1,0.1275,0.1297,0.1343,0.137,0.1392,0.1414,0.1442,0.1477,0.1514,0.1567,0.1628,0.1695,0.1786,0.1899,0.2048,0.2233,0.2464,0.2758,0.3133,0.3579,0.4113,0.4725,0.5421,0.6148,0.6932,0.7726,0.8532,0.9223,0.9794,1.0238,1.0586,1.0837,1.1055,1.1221,1.1362,1.1489,1.159,1.1671,1.1757,1.1848,1.1918,1.1981,1.2055,1.2103,1.216,1.2193,1.2222,1.2254,1.2294,1.2349,1.2403,1.2401,1.2432,1.245,1.2486,1.2502,1.2529,1.2551,1.2556,1.2582,1.2588,1.2583,1.259,1.2614,1.2602,1.2597,1.2596,1.2591,1.2579,1.2585,1.2579,1.2559,1.2568,1.2554,1.254,1.2537,1.2538,1.252,1.2504,1.2493,1.2485,1.2471,1.2467,1.2449,1.2445,1.2425,1.2425,1.2416,1.2402,1.2397,1.2384,1.2376,1.2354,1.2333,1.2329,1.2313
2;2,0.1204,0.1212,0.1249,0.1278,0.1304,0.1329,0.1354,0.1386,0.1422,0.1475,0.1542,0.1622,0.1725,0.1859,0.2029,0.2248,0.2525,0.2882,0.3328,0.3873,0.4512,0.5248,0.6058,0.6914,0.7834,0.8756,0.964,1.0382,1.0999,1.1463,1.1817,1.207,1.2295,1.245,1.2582,1.2712,1.281,1.2893,1.2972,1.3057,1.3134,1.3194,1.3267,1.331,1.3358,1.3392,1.3411,1.344,1.3475,1.3522,1.3555,1.3595,1.3634,1.3665,1.3693,1.3711,1.3742,1.3766,1.3789,1.3813,1.3825,1.3829,1.3831,1.3845,1.3848,1.3854,1.3867,1.3859,1.3858,1.3863,1.3856,1.3841,1.3849,1.3841,1.3839,1.3843,1.3826,1.382,1.3805,1.3805,1.3798,1.3784,1.3779,1.3763,1.3753,1.3746,1.3733,1.3731,1.3705,1.3713,1.3695,1.3686,1.3672,1.366,1.3651,1.364
2;3,0.1177,0.1181,0.1218,0.1243,0.1267,0.1293,0.1317,0.135,0.139,0.1441,0.1511,0.1595,0.1699,0.1832,0.2004,0.2223,0.2498,0.285,0.3288,0.3811,0.444,0.5159,0.5945,0.6779,0.7681,0.8599,0.9455,1.0231,1.083,1.1272,1.1625,1.1885,1.2082,1.2264,1.2391,1.2508,1.2616,1.2704,1.2782,1.2864,1.2933,1.2982,1.3054,1.3102,1.3142,1.3174,1.3192,1.3225,1.3278,1.3314,1.3326,1.3375,1.3429,1.3458,1.35,1.3516,1.3548,1.3568,1.3596,1.3609,1.3618,1.3639,1.3649,1.3658,1.3667,1.3665,1.367,1.3669,1.3679,1.3673,1.3679,1.3678,1.3659,1.3666,1.365,1.3653,1.3642,1.3644,1.3645,1.3625,1.361,1.361,1.3614,1.3601,1.3586,1.357,1.3569,1.3554,1.3545,1.3533,1.3532,1.3523,1.3516,1.3516,1.3501,1.3497
3;2,0.1572,0.1532,0.1575,0.1594,0.1599,0.162,0.1648,0.1692,0.1745,0.1807,0.1905,0.1974,0.2097,0.2216,0.2386,0.2584,0.284,0.3182,0.3595,0.4094,0.4691,0.5343,0.6061,0.6808,0.7576,0.8363,0.9123,0.9803,1.0334,1.0771,1.1086,1.1351,1.1559,1.1721,1.1855,1.1984,1.2082,1.2167,1.2246,1.2333,1.2398,1.246,1.2526,1.2574,1.2625,1.266,1.2694,1.2725,1.2777,1.2826,1.2851,1.2899,1.2925,1.2949,1.2979,1.3,1.3026,1.3047,1.3066,1.3083,1.3097,1.3101,1.3111,1.3114,1.3112,1.3115,1.3125,1.3109,1.312,1.3116,1.3112,1.3117,1.3101,1.309,1.3088,1.3086,1.3079,1.3065,1.3065,1.3049,1.3039,1.3039,1.3024,1.301,1.3003,1.2986,1.2985,1.2974,1.2957,1.2961,1.294,1.2925,1.2916,1.291,1.2897,1.2888
,,,,,,,,,,,,,,,,,,,,,,,,,,,,,,,,,,,,,,,,,,,,,,,,,,,,,,,,,,,,,,,,,,,,,,,,,,,,,,,,,,,,,,,,,,,,,,,,
Cycles / Well,,,,,,,,,,,,,,,,,,,,,,,,,,,,,,,,,,,,,,,,,,,,,,,,,,,,,,,,,,,,,,,,,,,,,,,,,,,,,,,,,,,,,,,,,,,,,,,,
C4,1,2,3,4,5,6,7,8,9,10,11,12,13,14,15,16,17,18,19,20,21,22,23,24,25,26,27,28,29,30,31,32,33,34,35,36,37,38,39,40,41,42,43,44,45,46,47,48,49,50,51,52,53,54,55,56,57,58,59,60,61,62,63,64,65,66,67,68,69,70,71,72,73,74,75,76,77,78,79,80,81,82,83,84,85,86,87,88,89,90,91,92,93,94,95,96
Time [s],0,1799.806,3599.729,5399.66,7199.597,8999.513,10799.458,12599.364,14399.311,16199.219,17999.129,19799.077,21599.014,23398.929,25198.853,26998.776,28798.721,30598.646,32398.579,34198.515,35998.426,37798.366,39598.295,41398.224,43198.149,44998.073,46797.997,48597.934,50397.855,52197.79,53997.709,55797.648,57597.562,59397.496,61197.415,62997.353,64797.279,66597.204,68397.129,70197.065,71996.967,73796.9,75596.814,77396.765,79196.693,80996.622,82796.528,84596.475,86396.393,88196.312,89996.248,91796.18,93596.114,95396.034,97195.966,98995.894,100795.82,102595.755,104395.67,106195.606,107995.535,109795.451,111595.395,113395.325,115195.239,116995.182,118795.096,120595.023,122394.949,124194.883,125994.805,127794.735,129594.672,131394.601,133194.53,134994.454,136794.373,138594.307,140394.225,142194.153,143994.083,145794.008,147593.92,149393.863,151193.795,152993.716,154793.66,156593.577,158393.507,160193.44,161993.355,163793.28,165593.216,167393.131,169193.06,170993.004
Temp. [°C],20,29.7,30.1,30,30,30.1,30,29.9,29.9,29.9,30,30,29.9,29.9,30.1,29.9,30,30,29.9,29.9,30,30,30,30.1,30,30.1,29.9,30,30,30.1,30,30.1,30.1,29.9,29.9,30,29.9,30.1,29.8,30,30.1,30.1,29.9,30.1,30,30.1,30.1,30.1,29.9,30,30,30,30,30.1,30,30,30.1,30,30,30,30,29.9,30.1,30.1,30,30,30,30,30,29.9,30,30,30,30,30,30.1,30.1,30.1,30.1,30.1,29.9,29.9,30.1,30.1,29.9,29.9,29.9,30.1,30,30,30.1,30,30.1,30,30.1,29.9
Mean,0.12654,0.12796,0.13192,0.13394,0.1353,0.1369,0.13796,0.13902,0.14022,0.1419,0.14406,0.14608,0.14864,0.15122,0.1544,0.15776,0.1617,0.16608,0.17084,0.1759,0.18182,0.18788,0.19548,0.20404,0.2131,0.22364,0.23516,0.24824,0.26354,0.28138,0.30048,0.32372,0.35114,0.38276,0.4166,0.45676,0.49728,0.54028,0.58424,0.62626,0.66586,0.70272,0.73452,0.76214,0.78646,0.80592,0.82146,0.83476,0.84648,0.8605,0.86994,0.8779,0.88536,0.89154,0.90032,0.90766,0.91768,0.92304,0.9301,0.93416,0.93698,0.93782,0.93974,0.93876,0.93866,0.9384,0.93802,0.93768,0.93688,0.93678,0.9353,0.93426,0.9351,0.93384,0.93368,0.93234,0.93114,0.92958,0.92844,0.9273,0.92718,0.92414,0.92296,0.92196,0.92052,0.91904,0.91826,0.9175,0.91584,0.91474,0.91328,0.91168,0.90958,0.90862,0.90824,0.90558
StDev,0.006242435,0.007814602,0.007738669,0.006705818,0.005662155,0.005173007,0.005408142,0.005368147,0.005580502,0.006014566,0.006467457,0.006513217,0.007130428,0.006889267,0.007272207,0.00713183,0.007544203,0.007903607,0.008197744,0.008108946,0.00865026,0.009467682,0.010454521,0.011828483,0.01337479,0.014983591,0.017449155,0.020430076,0.024425765,0.028917417,0.03468158,0.042177802,0.050741482,0.061460174,0.072600551,0.086025857,0.099084091,0.114042435,0.127926553,0.140936628,0.151595887,0.161145732,0.168069307,0.173227994,0.178372176,0.182172849,0.185144816,0.186854871,0.189314994,0.190822208,0.1921436,0.195404184,0.197367545,0.199167061,0.199508639,0.200970428,0.202282641,0.203398115,0.203930871,0.205142263,0.204066183,0.203948307,0.202833745,0.203247492,0.203111775,0.203021624,0.202840521,0.203280587,0.20410597,0.203109729,0.20401832,0.204871943,0.202886286,0.203675092,0.203914558,0.203280528,0.202741666,0.20278854,0.202164569,0.201549001,0.200888145,0.20096692,0.200601839,0.199750852,0.199497348,0.198735535,0.199478866,0.197660656,0.19715307,0.196650078,0.196607062,0.195897198,0.196869759,0.196942522,0.195614297,0.194953076
1;2,0.1217,0.1201,0.124,0.1272,0.1296,0.1319,0.1328,0.1338,0.1348,0.1362,0.1382,0.1401,0.1425,0.1453,0.1483,0.1519,0.1559,0.1603,0.1652,0.1706,0.177,0.1831,0.1906,0.1993,0.2087,0.2201,0.2315,0.2452,0.261,0.2796,0.3002,0.3235,0.351,0.3844,0.4193,0.4612,0.5014,0.5425,0.585,0.6249,0.6605,0.692,0.7201,0.7452,0.7661,0.7827,0.7968,0.8062,0.8152,0.8312,0.8372,0.8415,0.8485,0.8512,0.8625,0.8668,0.879,0.8804,0.8902,0.8934,0.8958,0.8982,0.9012,0.899,0.8995,0.9002,0.8993,0.8982,0.8965,0.8974,0.8923,0.892,0.8951,0.8938,0.8955,0.8939,0.8917,0.8909,0.8904,0.8903,0.891,0.8867,0.8835,0.8838,0.8839,0.8812,0.8816,0.8819,0.8834,0.8799,0.877,0.875,0.8735,0.8717,0.8733,0.8704
2;1,0.1289,0.1309,0.1346,0.1363,0.1374,0.1388,0.1393,0.1397,0.1404,0.1418,0.1432,0.1449,0.1466,0.1486,0.151,0.1536,0.1563,0.1594,0.1631,0.1671,0.1711,0.1748,0.1802,0.1859,0.1917,0.1989,0.2062,0.2144,0.2233,0.2341,0.2444,0.257,0.2725,0.2893,0.3081,0.3295,0.3524,0.375,0.4003,0.424,0.449,0.4728,0.4951,0.5151,0.5327,0.5463,0.5579,0.5692,0.5777,0.5881,0.5959,0.5997,0.6045,0.6088,0.6158,0.6215,0.629,0.6331,0.6386,0.6412,0.6455,0.6454,0.6494,0.6485,0.6483,0.6488,0.6488,0.6484,0.6466,0.6482,0.6469,0.6439,0.6472,0.6451,0.644,0.6438,0.6443,0.6427,0.6421,0.6416,0.6421,0.639,0.6393,0.6392,0.6379,0.6374,0.6354,0.6374,0.6353,0.6359,0.6352,0.6346,0.631,0.63,0.6306,0.6295
2;2,0.1245,0.1248,0.1289,0.1316,0.1339,0.136,0.1371,0.1383,0.1395,0.1411,0.1433,0.1455,0.1478,0.151,0.1545,0.1583,0.1626,0.1674,0.1728,0.1787,0.1857,0.193,0.2018,0.2116,0.2226,0.2349,0.2485,0.2646,0.2834,0.3046,0.328,0.3563,0.3902,0.4294,0.4724,0.5237,0.5737,0.6256,0.678,0.7271,0.7752,0.8207,0.8568,0.8898,0.9172,0.9392,0.9572,0.9729,0.9846,1.0007,1.0127,1.0214,1.0285,1.0345,1.0464,1.0534,1.0665,1.0732,1.0798,1.0856,1.0887,1.0882,1.091,1.0888,1.0901,1.0902,1.0903,1.0901,1.088,1.0882,1.087,1.0849,1.0869,1.0852,1.0858,1.0835,1.083,1.0817,1.0775,1.078,1.077,1.0726,1.0724,1.0705,1.0676,1.0669,1.0645,1.0651,1.0618,1.062,1.0603,1.0582,1.0544,1.0534,1.0531,1.0498
2;3,0.1213,0.1239,0.1281,0.1302,0.1316,0.133,0.1341,0.1356,0.137,0.1385,0.1406,0.1428,0.1454,0.1482,0.1514,0.1552,0.1594,0.1643,0.1692,0.175,0.1814,0.1889,0.1977,0.2076,0.2185,0.2312,0.2458,0.2628,0.2822,0.3051,0.3306,0.3634,0.401,0.4452,0.4913,0.5453,0.6014,0.664,0.726,0.7851,0.8375,0.8854,0.9265,0.959,0.9906,1.0146,1.0337,1.0489,1.0652,1.0789,1.0892,1.1027,1.1138,1.1238,1.1298,1.1403,1.1497,1.1564,1.1639,1.169,1.1698,1.1704,1.1702,1.1714,1.1698,1.1696,1.1687,1.1695,1.1712,1.1694,1.1706,1.1711,1.1674,1.168,1.1671,1.1656,1.1638,1.1621,1.1618,1.1582,1.1573,1.1555,1.1539,1.1518,1.1507,1.1474,1.1488,1.1441,1.1416,1.1397,1.139,1.1366,1.1372,1.1365,1.133,1.1302
3;2,0.1363,0.1401,0.144,0.1444,0.144,0.1448,0.1465,0.1477,0.1494,0.1519,0.155,0.1571,0.1609,0.163,0.1668,0.1698,0.1743,0.179,0.1839,0.1881,0.1939,0.1996,0.2071,0.2158,0.224,0.2331,0.2438,0.2542,0.2678,0.2835,0.2992,0.3184,0.341,0.3655,0.3919,0.4241,0.4575,0.4943,0.5319,0.5702,0.6071,0.6427,0.6741,0.7016,0.7257,0.7468,0.7617,0.7766,0.7897,0.8036,0.8147,0.8242,0.8315,0.8394,0.8471,0.8563,0.8642,0.8721,0.878,0.8816,0.8851,0.8869,0.8869,0.8861,0.8856,0.8832,0.883,0.8822,0.8821,0.8807,0.8797,0.8794,0.8789,0.8771,0.876,0.8749,0.8729,0.8705,0.8704,0.8684,0.8685,0.8669,0.8657,0.8645,0.8625,0.8623,0.861,0.859,0.8571,0.8562,0.8549,0.854,0.8518,0.8515,0.8512,0.848
,,,,,,,,,,,,,,,,,,,,,,,,,,,,,,,,,,,,,,,,,,,,,,,,,,,,,,,,,,,,,,,,,,,,,,,,,,,,,,,,,,,,,,,,,,,,,,,,
Cycles / Well,,,,,,,,,,,,,,,,,,,,,,,,,,,,,,,,,,,,,,,,,,,,,,,,,,,,,,,,,,,,,,,,,,,,,,,,,,,,,,,,,,,,,,,,,,,,,,,,
C5,1,2,3,4,5,6,7,8,9,10,11,12,13,14,15,16,17,18,19,20,21,22,23,24,25,26,27,28,29,30,31,32,33,34,35,36,37,38,39,40,41,42,43,44,45,46,47,48,49,50,51,52,53,54,55,56,57,58,59,60,61,62,63,64,65,66,67,68,69,70,71,72,73,74,75,76,77,78,79,80,81,82,83,84,85,86,87,88,89,90,91,92,93,94,95,96
Time [s],0,1799.806,3599.729,5399.66,7199.597,8999.513,10799.458,12599.364,14399.311,16199.219,17999.129,19799.077,21599.014,23398.929,25198.853,26998.776,28798.721,30598.646,32398.579,34198.515,35998.426,37798.366,39598.295,41398.224,43198.149,44998.073,46797.997,48597.934,50397.855,52197.79,53997.709,55797.648,57597.562,59397.496,61197.415,62997.353,64797.279,66597.204,68397.129,70197.065,71996.967,73796.9,75596.814,77396.765,79196.693,80996.622,82796.528,84596.475,86396.393,88196.312,89996.248,91796.18,93596.114,95396.034,97195.966,98995.894,100795.82,102595.755,104395.67,106195.606,107995.535,109795.451,111595.395,113395.325,115195.239,116995.182,118795.096,120595.023,122394.949,124194.883,125994.805,127794.735,129594.672,131394.601,133194.53,134994.454,136794.373,138594.307,140394.225,142194.153,143994.083,145794.008,147593.92,149393.863,151193.795,152993.716,154793.66,156593.577,158393.507,160193.44,161993.355,163793.28,165593.216,167393.131,169193.06,170993.004
Temp. [°C],20,29.7,30.1,30,30,30.1,30,29.9,29.9,29.9,30,30,29.9,29.9,30.1,29.9,30,30,29.9,29.9,30,30,30,30.1,30,30.1,29.9,30,30,30.1,30,30.1,30.1,29.9,29.9,30,29.9,30.1,29.8,30,30.1,30.1,29.9,30.1,30,30.1,30.1,30.1,29.9,30,30,30,30,30.1,30,30,30.1,30,30,30,30,29.9,30.1,30.1,30,30,30,30,30,29.9,30,30,30,30,30,30.1,30.1,30.1,30.1,30.1,29.9,29.9,30.1,30.1,29.9,29.9,29.9,30.1,30,30,30.1,30,30.1,30,30.1,29.9
Mean,0.12994,0.1267,0.12964,0.13106,0.132,0.13244,0.13282,0.13326,0.1338,0.13438,0.1357,0.13618,0.13738,0.13808,0.13904,0.14002,0.14128,0.1425,0.14396,0.14498,0.14654,0.14776,0.1492,0.15086,0.15232,0.15418,0.15554,0.15728,0.1592,0.16124,0.163,0.16528,0.16762,0.16974,0.1724,0.1753,0.1781,0.1808,0.18366,0.18682,0.19026,0.19352,0.1974,0.20116,0.20528,0.2097,0.21418,0.21948,0.22406,0.22928,0.23444,0.23946,0.24538,0.25172,0.25808,0.26524,0.273,0.2808,0.28952,0.29758,0.30604,0.31574,0.32592,0.33628,0.34692,0.35856,0.37154,0.38394,0.3973,0.41278,0.42804,0.4444,0.463,0.48196,0.50166,0.52436,0.54542,0.56748,0.58738,0.60732,0.62316,0.6386,0.6521,0.66414,0.67612,0.68788,0.6971,0.70802,0.71782,0.72666,0.73488,0.74266,0.75058,0.75932,0.76662,0.77366
StDev,0.020654612,0.017800281,0.017523927,0.016759863,0.0161428,0.015309409,0.015554646,0.015622516,0.016131181,0.016133413,0.017115344,0.016529126,0.017114234,0.016402347,0.015952053,0.01552279,0.015606633,0.015209865,0.015372475,0.014661412,0.014635163,0.014254754,0.014246228,0.014378387,0.014441503,0.014443234,0.014237907,0.014254719,0.014345905,0.014612939,0.014357576,0.01462556,0.014697687,0.015056826,0.015486769,0.015484024,0.016090214,0.016072803,0.016567679,0.016875485,0.016802768,0.017205871,0.017656019,0.018379962,0.018810556,0.019656678,0.019997175,0.021202641,0.021687393,0.022366202,0.023288151,0.023728316,0.024285942,0.024964915,0.026125505,0.027688138,0.029348339,0.030581122,0.032256116,0.0343181,0.036081547,0.038046721,0.041073739,0.043072056,0.045686836,0.04835652,0.051237808,0.053513811,0.057011753,0.061086144,0.064465014,0.067876837,0.072617112,0.075722705,0.078984195,0.082998482,0.086561233,0.091344825,0.094644318,0.098252415,0.099852381,0.101732075,0.104687917,0.105966259,0.107364179,0.109976006,0.111040398,0.112503142,0.114425159,0.115835284,0.116831383,0.118664898,0.118528212,0.119618109,0.120621317,0.121132502
1;2,0.1189,0.1154,0.1177,0.1193,0.1205,0.1213,0.1213,0.1216,0.1217,0.1221,0.1228,0.1234,0.1244,0.1253,0.1264,0.1274,0.1285,0.1298,0.1311,0.1323,0.1337,0.1351,0.1364,0.1378,0.139,0.1407,0.142,0.1437,0.1453,0.1471,0.1488,0.1506,0.1528,0.1545,0.1568,0.1594,0.1614,0.1638,0.1662,0.169,0.1723,0.1751,0.1784,0.1812,0.1847,0.188,0.1919,0.1962,0.1999,0.2044,0.2089,0.2129,0.2181,0.2234,0.2285,0.2341,0.2402,0.2467,0.2535,0.2592,0.2658,0.2731,0.2804,0.2881,0.2959,0.3048,0.3146,0.3247,0.335,0.3461,0.3575,0.3706,0.3856,0.4012,0.418,0.4363,0.4536,0.4711,0.4883,0.5062,0.5215,0.5359,0.5466,0.5578,0.5692,0.5782,0.5874,0.5962,0.6045,0.6115,0.6192,0.6254,0.6343,0.6417,0.6486,0.6549
2;1,0.1278,0.1266,0.1304,0.1321,0.1332,0.1342,0.1345,0.1347,0.1349,0.136,0.1371,0.138,0.1389,0.14,0.1414,0.1427,0.1442,0.1456,0.1469,0.1487,0.1504,0.1519,0.1533,0.155,0.1565,0.1584,0.1598,0.1616,0.1638,0.1662,0.1682,0.1703,0.1728,0.1747,0.1772,0.1806,0.1837,0.1868,0.1896,0.1929,0.1968,0.1997,0.2032,0.2069,0.2108,0.2153,0.2196,0.2242,0.2288,0.2335,0.2379,0.2437,0.2497,0.256,0.2619,0.2688,0.2764,0.2836,0.2913,0.299,0.3065,0.316,0.3252,0.3345,0.344,0.355,0.3669,0.3784,0.3908,0.4042,0.4179,0.4333,0.4499,0.4676,0.486,0.5091,0.5285,0.5489,0.5684,0.5853,0.6011,0.6167,0.6311,0.6438,0.6552,0.6665,0.6744,0.6855,0.6951,0.7046,0.713,0.7208,0.7295,0.7384,0.7456,0.7531
2;2,0.1205,0.1182,0.1215,0.1234,0.1249,0.1259,0.1264,0.1271,0.1276,0.1283,0.1291,0.13,0.1311,0.1323,0.1336,0.1348,0.1361,0.1378,0.1392,0.1408,0.1426,0.1441,0.1457,0.1476,0.1492,0.1512,0.1529,0.1548,0.1568,0.1589,0.161,0.1636,0.1662,0.1687,0.1712,0.1745,0.1774,0.1805,0.1837,0.1874,0.1915,0.1948,0.1992,0.2036,0.208,0.213,0.2177,0.2238,0.2293,0.2351,0.241,0.2465,0.2534,0.2602,0.2673,0.275,0.2841,0.2932,0.303,0.3118,0.3207,0.3313,0.3426,0.3547,0.3667,0.3802,0.3948,0.409,0.4227,0.4393,0.4565,0.4739,0.4941,0.5154,0.5367,0.5609,0.5848,0.6084,0.6299,0.6516,0.6682,0.6836,0.698,0.71,0.7219,0.7337,0.7422,0.7532,0.764,0.7736,0.7822,0.7901,0.7976,0.8075,0.8155,0.8238
2;3,0.1164,0.1158,0.1189,0.1208,0.1219,0.1225,0.1228,0.1232,0.1236,0.1239,0.1248,0.1255,0.1262,0.1272,0.1282,0.1295,0.1306,0.1319,0.1334,0.1345,0.136,0.1373,0.1388,0.1403,0.1418,0.1437,0.1452,0.1468,0.1487,0.1503,0.1522,0.1544,0.1565,0.1583,0.1608,0.1635,0.1659,0.1685,0.1708,0.1734,0.1765,0.1797,0.1833,0.1865,0.1905,0.1943,0.1988,0.203,0.2072,0.212,0.2163,0.221,0.2262,0.2323,0.2379,0.2439,0.25,0.2568,0.2648,0.2717,0.2795,0.2881,0.2962,0.3059,0.3152,0.3247,0.3361,0.3468,0.3578,0.3719,0.3857,0.3998,0.4146,0.4316,0.4489,0.4683,0.4871,0.5062,0.5227,0.5399,0.5531,0.5662,0.5764,0.5866,0.5972,0.6077,0.6164,0.6269,0.6346,0.6421,0.6488,0.655,0.6617,0.6693,0.675,0.681
3;2,0.1661,0.1575,0.1597,0.1597,0.1595,0.1583,0.1591,0.1597,0.1612,0.1616,0.1647,0.164,0.1663,0.1656,0.1656,0.1657,0.167,0.1674,0.1692,0.1686,0.17,0.1704,0.1718,0.1736,0.1751,0.1769,0.1778,0.1795,0.1814,0.1837,0.1848,0.1875,0.1898,0.1925,0.196,0.1985,0.2021,0.2044,0.208,0.2114,0.2142,0.2183,0.2229,0.2276,0.2324,0.2379,0.2429,0.2502,0.2551,0.2614,0.2681,0.2732,0.2795,0.2867,0.2948,0.3044,0.3143,0.3237,0.335,0.3462,0.3577,0.3702,0.3852,0.3982,0.4128,0.4281,0.4453,0.4608,0.4802,0.5024,0.5226,0.5444,0.5708,0.594,0.6187,0.6472,0.6731,0.7028,0.7276,0.7536,0.7719,0.7906,0.8084,0.8225,0.8371,0.8533,0.8651,0.8783,0.8909,0.9015,0.9112,0.922,0.9298,0.9397,0.9484,0.9555
,,,,,,,,,,,,,,,,,,,,,,,,,,,,,,,,,,,,,,,,,,,,,,,,,,,,,,,,,,,,,,,,,,,,,,,,,,,,,,,,,,,,,,,,,,,,,,,,
Cycles / Well,,,,,,,,,,,,,,,,,,,,,,,,,,,,,,,,,,,,,,,,,,,,,,,,,,,,,,,,,,,,,,,,,,,,,,,,,,,,,,,,,,,,,,,,,,,,,,,,
C6,1,2,3,4,5,6,7,8,9,10,11,12,13,14,15,16,17,18,19,20,21,22,23,24,25,26,27,28,29,30,31,32,33,34,35,36,37,38,39,40,41,42,43,44,45,46,47,48,49,50,51,52,53,54,55,56,57,58,59,60,61,62,63,64,65,66,67,68,69,70,71,72,73,74,75,76,77,78,79,80,81,82,83,84,85,86,87,88,89,90,91,92,93,94,95,96
Time [s],0,1799.806,3599.729,5399.66,7199.597,8999.513,10799.458,12599.364,14399.311,16199.219,17999.129,19799.077,21599.014,23398.929,25198.853,26998.776,28798.721,30598.646,32398.579,34198.515,35998.426,37798.366,39598.295,41398.224,43198.149,44998.073,46797.997,48597.934,50397.855,52197.79,53997.709,55797.648,57597.562,59397.496,61197.415,62997.353,64797.279,66597.204,68397.129,70197.065,71996.967,73796.9,75596.814,77396.765,79196.693,80996.622,82796.528,84596.475,86396.393,88196.312,89996.248,91796.18,93596.114,95396.034,97195.966,98995.894,100795.82,102595.755,104395.67,106195.606,107995.535,109795.451,111595.395,113395.325,115195.239,116995.182,118795.096,120595.023,122394.949,124194.883,125994.805,127794.735,129594.672,131394.601,133194.53,134994.454,136794.373,138594.307,140394.225,142194.153,143994.083,145794.008,147593.92,149393.863,151193.795,152993.716,154793.66,156593.577,158393.507,160193.44,161993.355,163793.28,165593.216,167393.131,169193.06,170993.004
Temp. [°C],20,29.7,30.1,30,30,30.1,30,29.9,29.9,29.9,30,30,29.9,29.9,30.1,29.9,30,30,29.9,29.9,30,30,30,30.1,30,30.1,29.9,30,30,30.1,30,30.1,30.1,29.9,29.9,30,29.9,30.1,29.8,30,30.1,30.1,29.9,30.1,30,30.1,30.1,30.1,29.9,30,30,30,30,30.1,30,30,30.1,30,30,30,30,29.9,30.1,30.1,30,30,30,30,30,29.9,30,30,30,30,30,30.1,30.1,30.1,30.1,30.1,29.9,29.9,30.1,30.1,29.9,29.9,29.9,30.1,30,30,30.1,30,30.1,30,30.1,29.9
Mean,0.14044,0.1348,0.13794,0.14082,0.14446,0.14994,0.15718,0.16756,0.18232,0.20188,0.22952,0.26408,0.30904,0.3646,0.43024,0.50614,0.58978,0.68342,0.78162,0.87498,0.9602,1.03508,1.09452,1.14188,1.17766,1.207,1.22986,1.24922,1.26534,1.28044,1.29268,1.30242,1.31112,1.31648,1.32372,1.3293,1.33474,1.33796,1.34162,1.34472,1.3468,1.34954,1.35204,1.35386,1.35566,1.35718,1.359,1.36008,1.36098,1.3637,1.36516,1.3652,1.36634,1.36702,1.36866,1.36986,1.37174,1.37274,1.37398,1.37436,1.3753,1.37634,1.37716,1.37814,1.37938,1.38016,1.38096,1.38134,1.38228,1.38376,1.38354,1.38362,1.38556,1.38602,1.38722,1.38798,1.3891,1.38958,1.39016,1.39098,1.39156,1.3923,1.3936,1.39338,1.3944,1.3958,1.3957,1.39696,1.39742,1.39902,1.39916,1.39998,1.40018,1.40074,1.40172,1.40244
StDev,0.023663749,0.020570853,0.021212096,0.02149679,0.022432187,0.02396389,0.025663632,0.028384027,0.032713407,0.0379324,0.046174852,0.055222477,0.066334064,0.077730464,0.090078482,0.102886214,0.11580573,0.128750386,0.140300025,0.148207395,0.15213075,0.151579606,0.149244052,0.143173346,0.138671006,0.13413208,0.12929249,0.127356182,0.125098673,0.121828888,0.118606606,0.116854041,0.114266692,0.114390437,0.111850177,0.110516401,0.107696323,0.105843224,0.104176135,0.102802271,0.101951018,0.100560643,0.099784834,0.099351537,0.09981562,0.09895985,0.098951604,0.09945588,0.099177553,0.099111856,0.097787233,0.098625124,0.099014206,0.098926043,0.09883809,0.099011605,0.097935913,0.098656617,0.098081787,0.098734913,0.098306917,0.098373767,0.09802718,0.098124146,0.098171315,0.098302915,0.098825417,0.098375597,0.098568032,0.097776802,0.09818922,0.098667887,0.09862889,0.097845322,0.097910199,0.098098328,0.097443137,0.097563323,0.097659219,0.097524315,0.097334542,0.097478126,0.097537583,0.09691665,0.096922959,0.096833001,0.097862097,0.097057679,0.095788527,0.096503326,0.096711494,0.096350464,0.097170531,0.097001149,0.096739247,0.096211268
1;2,0.1267,0.1211,0.1228,0.1252,0.128,0.1322,0.1384,0.1473,0.1596,0.1769,0.2011,0.2323,0.2739,0.3255,0.3886,0.4615,0.5421,0.6323,0.726,0.8166,0.8958,0.972,1.0298,1.0804,1.118,1.1505,1.1762,1.197,1.214,1.2329,1.2465,1.2593,1.2693,1.2755,1.2838,1.292,1.2988,1.3024,1.3079,1.3115,1.3143,1.3176,1.3207,1.3224,1.3251,1.326,1.3287,1.3285,1.3299,1.3346,1.3354,1.3341,1.3353,1.3354,1.3371,1.3388,1.3436,1.3442,1.3456,1.346,1.3465,1.3478,1.3479,1.349,1.351,1.3521,1.3531,1.3519,1.3535,1.3558,1.3546,1.3548,1.3566,1.3586,1.3606,1.3608,1.3615,1.3624,1.3623,1.3646,1.365,1.3648,1.367,1.3669,1.3671,1.3687,1.3689,1.3708,1.372,1.373,1.3722,1.3724,1.3732,1.3734,1.3746,1.3755
2;1,0.1374,0.1353,0.1393,0.1427,0.1461,0.1504,0.1562,0.1636,0.1746,0.1886,0.2068,0.2284,0.2587,0.2957,0.3418,0.3953,0.4544,0.524,0.6001,0.6747,0.7495,0.8182,0.8789,0.9328,0.9744,1.0082,1.038,1.0588,1.0778,1.0966,1.1138,1.1248,1.1375,1.1413,1.1529,1.1601,1.1692,1.1755,1.1808,1.1864,1.1896,1.1949,1.1984,1.2015,1.202,1.2053,1.2068,1.2073,1.2088,1.211,1.2152,1.2138,1.2137,1.2143,1.2168,1.2173,1.2203,1.22,1.2225,1.2216,1.2238,1.2241,1.2261,1.2268,1.2277,1.2281,1.228,1.2296,1.2298,1.2326,1.2318,1.2304,1.2331,1.2341,1.2349,1.236,1.2383,1.2384,1.239,1.2394,1.2407,1.2413,1.2421,1.243,1.2443,1.2462,1.2436,1.2465,1.2486,1.2496,1.2496,1.2514,1.2491,1.2501,1.2517,1.2532
2;2,0.13,0.1253,0.1275,0.1304,0.1339,0.1392,0.1462,0.157,0.172,0.1933,0.2241,0.2637,0.3147,0.3768,0.4523,0.5393,0.6352,0.7428,0.8535,0.9566,1.0496,1.1264,1.1866,1.2335,1.268,1.296,1.3159,1.3335,1.348,1.3609,1.3716,1.3804,1.3882,1.3909,1.3983,1.4028,1.4068,1.4071,1.4108,1.4114,1.4127,1.4156,1.4169,1.4188,1.4204,1.4218,1.4235,1.4238,1.4248,1.4276,1.429,1.4285,1.4278,1.4278,1.431,1.4324,1.4341,1.4352,1.4367,1.4376,1.4376,1.4384,1.4395,1.44,1.4414,1.442,1.4434,1.4436,1.4444,1.4458,1.4445,1.4434,1.4473,1.4467,1.4485,1.4496,1.4506,1.4507,1.4515,1.452,1.4526,1.4529,1.4541,1.4533,1.4537,1.4567,1.4566,1.4582,1.4571,1.4601,1.46,1.4613,1.46,1.4601,1.4613,1.4619
2;3,0.1261,0.1221,0.1259,0.1284,0.1316,0.1368,0.1435,0.1527,0.1655,0.1818,0.205,0.2363,0.2761,0.3314,0.3932,0.4686,0.5549,0.651,0.755,0.8586,0.9561,1.0435,1.1105,1.1603,1.1969,1.2289,1.2502,1.2725,1.2898,1.3037,1.3146,1.3241,1.3312,1.3405,1.3447,1.3479,1.354,1.3573,1.3609,1.3632,1.3651,1.3657,1.3684,1.3686,1.3708,1.372,1.3735,1.3763,1.3759,1.3774,1.3779,1.3806,1.3844,1.387,1.3856,1.3872,1.3863,1.3884,1.3882,1.3891,1.3894,1.392,1.3919,1.3933,1.3941,1.395,1.3955,1.3968,1.3981,1.3981,1.3997,1.4024,1.4015,1.4021,1.4027,1.4023,1.4036,1.4042,1.4052,1.4058,1.4054,1.4075,1.4087,1.4081,1.4098,1.4091,1.4112,1.4102,1.4112,1.4116,1.4127,1.413,1.4166,1.4174,1.4173,1.4179
3;2,0.182,0.1702,0.1742,0.1774,0.1827,0.1911,0.2016,0.2172,0.2399,0.2688,0.3106,0.3597,0.4218,0.4936,0.5753,0.666,0.7623,0.867,0.9735,1.0684,1.15,1.2153,1.2668,1.3024,1.331,1.3514,1.369,1.3843,1.3971,1.4081,1.4169,1.4235,1.4294,1.4342,1.4389,1.4437,1.4449,1.4475,1.4477,1.4511,1.4523,1.4539,1.4558,1.458,1.46,1.4608,1.4625,1.4645,1.4655,1.4679,1.4683,1.469,1.4705,1.4706,1.4728,1.4736,1.4744,1.4759,1.4769,1.4775,1.4792,1.4794,1.4804,1.4816,1.4827,1.4836,1.4848,1.4848,1.4856,1.4865,1.4871,1.4871,1.4893,1.4886,1.4894,1.4912,1.4915,1.4922,1.4928,1.4931,1.4941,1.495,1.4961,1.4956,1.4971,1.4983,1.4982,1.4991,1.4982,1.5008,1.5013,1.5018,1.502,1.5027,1.5037,1.5037
,,,,,,,,,,,,,,,,,,,,,,,,,,,,,,,,,,,,,,,,,,,,,,,,,,,,,,,,,,,,,,,,,,,,,,,,,,,,,,,,,,,,,,,,,,,,,,,,
Cycles / Well,,,,,,,,,,,,,,,,,,,,,,,,,,,,,,,,,,,,,,,,,,,,,,,,,,,,,,,,,,,,,,,,,,,,,,,,,,,,,,,,,,,,,,,,,,,,,,,,
C7,1,2,3,4,5,6,7,8,9,10,11,12,13,14,15,16,17,18,19,20,21,22,23,24,25,26,27,28,29,30,31,32,33,34,35,36,37,38,39,40,41,42,43,44,45,46,47,48,49,50,51,52,53,54,55,56,57,58,59,60,61,62,63,64,65,66,67,68,69,70,71,72,73,74,75,76,77,78,79,80,81,82,83,84,85,86,87,88,89,90,91,92,93,94,95,96
Time [s],0,1799.806,3599.729,5399.66,7199.597,8999.513,10799.458,12599.364,14399.311,16199.219,17999.129,19799.077,21599.014,23398.929,25198.853,26998.776,28798.721,30598.646,32398.579,34198.515,35998.426,37798.366,39598.295,41398.224,43198.149,44998.073,46797.997,48597.934,50397.855,52197.79,53997.709,55797.648,57597.562,59397.496,61197.415,62997.353,64797.279,66597.204,68397.129,70197.065,71996.967,73796.9,75596.814,77396.765,79196.693,80996.622,82796.528,84596.475,86396.393,88196.312,89996.248,91796.18,93596.114,95396.034,97195.966,98995.894,100795.82,102595.755,104395.67,106195.606,107995.535,109795.451,111595.395,113395.325,115195.239,116995.182,118795.096,120595.023,122394.949,124194.883,125994.805,127794.735,129594.672,131394.601,133194.53,134994.454,136794.373,138594.307,140394.225,142194.153,143994.083,145794.008,147593.92,149393.863,151193.795,152993.716,154793.66,156593.577,158393.507,160193.44,161993.355,163793.28,165593.216,167393.131,169193.06,170993.004
Temp. [°C],20,29.7,30.1,30,30,30.1,30,29.9,29.9,29.9,30,30,29.9,29.9,30.1,29.9,30,30,29.9,29.9,30,30,30,30.1,30,30.1,29.9,30,30,30.1,30,30.1,30.1,29.9,29.9,30,29.9,30.1,29.8,30,30.1,30.1,29.9,30.1,30,30.1,30.1,30.1,29.9,30,30,30,30,30.1,30,30,30.1,30,30,30,30,29.9,30.1,30.1,30,30,30,30,30,29.9,30,30,30,30,30,30.1,30.1,30.1,30.1,30.1,29.9,29.9,30.1,30.1,29.9,29.9,29.9,30.1,30,30,30.1,30,30.1,30,30.1,29.9
Mean,0.1372,0.13204,0.13438,0.13644,0.13912,0.14378,0.1498,0.15874,0.1708,0.18578,0.20826,0.23662,0.27488,0.32246,0.38242,0.45286,0.534,0.62628,0.7247,0.82494,0.9203,1.00294,1.07128,1.12156,1.16008,1.18916,1.21252,1.23172,1.24914,1.26336,1.27566,1.28636,1.29578,1.30382,1.31012,1.31522,1.32102,1.32524,1.32942,1.33342,1.33618,1.3382,1.34062,1.34188,1.34506,1.3473,1.34888,1.35028,1.35224,1.35438,1.35558,1.35744,1.35968,1.36104,1.36206,1.3639,1.36484,1.36618,1.36698,1.36842,1.36934,1.37136,1.37182,1.3728,1.37474,1.3751,1.3757,1.37692,1.37782,1.37896,1.38034,1.38084,1.3818,1.38274,1.38374,1.38456,1.38534,1.3862,1.38662,1.3875,1.38802,1.38916,1.39058,1.39064,1.39168,1.39222,1.39354,1.3935,1.39402,1.39564,1.39604,1.3967,1.39756,1.3985,1.39906,1.40004
StDev,0.029086165,0.024600874,0.02463396,0.024830989,0.02519746,0.026815425,0.028311482,0.030962041,0.035986108,0.039696939,0.047075769,0.054701389,0.064285512,0.073647356,0.0840187,0.094491127,0.105149322,0.115627579,0.125838766,0.132723276,0.135062393,0.132042505,0.126267403,0.118312649,0.113066494,0.10825573,0.104573357,0.101636544,0.09971887,0.097839501,0.095554032,0.093950641,0.092576304,0.091246326,0.089732893,0.088649518,0.087981231,0.086859962,0.085898091,0.083716468,0.081656273,0.081756254,0.080843843,0.080671197,0.080694132,0.08061467,0.081486453,0.080783767,0.080993382,0.080715717,0.081057924,0.080643307,0.079942461,0.08023913,0.079724733,0.079523236,0.079695188,0.079383292,0.079011404,0.079826136,0.079323597,0.079173973,0.079198718,0.079161386,0.079123467,0.079183363,0.079561643,0.079413236,0.078931914,0.078904518,0.0787004,0.078552517,0.078661426,0.078749876,0.078481864,0.078517724,0.078202545,0.078354451,0.077729898,0.078010736,0.07825645,0.077778165,0.078086343,0.077933773,0.077970616,0.078137392,0.078243613,0.078125956,0.077998635,0.07814015,0.07818544,0.078005705,0.077584941,0.077498871,0.077328733,0.077411937
1;2,0.1226,0.1179,0.1197,0.1214,0.1235,0.1269,0.1315,0.1383,0.147,0.1591,0.1772,0.2012,0.2352,0.2822,0.3446,0.4211,0.5127,0.6174,0.7305,0.8446,0.9508,1.0383,1.1095,1.1593,1.1971,1.2258,1.2472,1.2653,1.2821,1.297,1.3064,1.3168,1.3261,1.3344,1.3396,1.3442,1.3492,1.3525,1.3551,1.359,1.3604,1.3634,1.3642,1.3651,1.3683,1.3702,1.3724,1.3732,1.3749,1.3759,1.3765,1.3776,1.3808,1.3823,1.384,1.386,1.3878,1.3887,1.3881,1.3902,1.3905,1.3929,1.3925,1.3932,1.3958,1.3956,1.3961,1.3986,1.3996,1.3998,1.4016,1.4017,1.4018,1.4045,1.4047,1.405,1.4058,1.4073,1.4069,1.4081,1.4082,1.409,1.4107,1.4102,1.4117,1.412,1.4137,1.4132,1.4135,1.4157,1.4154,1.4167,1.418,1.4187,1.4186,1.4201
2;1,0.1276,0.1276,0.1311,0.1341,0.1377,0.1433,0.1507,0.161,0.1739,0.1925,0.219,0.2515,0.2935,0.3421,0.3994,0.4612,0.5283,0.6038,0.6834,0.765,0.8486,0.9273,0.9962,1.0522,1.0954,1.1267,1.1565,1.177,1.1955,1.2114,1.2281,1.2413,1.2527,1.2585,1.2695,1.2773,1.2841,1.2898,1.2958,1.3014,1.3056,1.309,1.3139,1.3161,1.3187,1.3221,1.3237,1.3243,1.3279,1.331,1.3342,1.3349,1.333,1.3353,1.3362,1.3383,1.3413,1.3417,1.3446,1.3448,1.3464,1.3479,1.3488,1.3498,1.3507,1.3511,1.3522,1.3525,1.3533,1.3553,1.3557,1.355,1.3574,1.357,1.3611,1.3606,1.3627,1.3633,1.3629,1.3637,1.3664,1.367,1.368,1.3682,1.3698,1.3708,1.3705,1.3722,1.3732,1.3742,1.3748,1.3746,1.3734,1.3748,1.3771,1.3775
2;2,0.1242,0.1208,0.1229,0.1251,0.1277,0.1319,0.1375,0.1462,0.1573,0.1729,0.1954,0.2258,0.2686,0.3239,0.3944,0.4798,0.5773,0.6887,0.8027,0.9165,1.0187,1.1031,1.1689,1.2134,1.2483,1.2739,1.2949,1.3126,1.329,1.3416,1.3522,1.3609,1.3685,1.3762,1.3807,1.3844,1.389,1.3935,1.3974,1.3987,1.3999,1.4001,1.4017,1.4023,1.4059,1.4079,1.4095,1.4104,1.4122,1.4146,1.4151,1.4181,1.421,1.4219,1.4219,1.4238,1.4241,1.4254,1.4252,1.4274,1.4277,1.43,1.4309,1.4319,1.4345,1.4345,1.4346,1.4355,1.4365,1.4377,1.4387,1.4397,1.4406,1.4417,1.4416,1.4428,1.4428,1.4433,1.4442,1.4448,1.4452,1.4456,1.4478,1.4476,1.4486,1.4494,1.451,1.4501,1.45,1.4521,1.4527,1.4532,1.4543,1.4555,1.4556,1.4564
2;3,0.1225,0.1184,0.1205,0.1217,0.1237,0.1266,0.1309,0.1368,0.1441,0.153,0.1654,0.182,0.2043,0.2333,0.2721,0.3209,0.3814,0.455,0.5382,0.6308,0.725,0.8134,0.8904,0.9509,0.9957,1.0318,1.058,1.0817,1.1019,1.1182,1.1325,1.1446,1.1553,1.1668,1.1733,1.1789,1.1855,1.191,1.1962,1.2031,1.2089,1.2099,1.213,1.2142,1.2176,1.2195,1.2195,1.2226,1.2235,1.2259,1.2258,1.229,1.2341,1.2345,1.2363,1.2383,1.2378,1.2402,1.241,1.2415,1.2431,1.2455,1.2459,1.247,1.2493,1.2497,1.2495,1.2511,1.2528,1.2538,1.2559,1.2573,1.2576,1.2586,1.2588,1.2603,1.261,1.2616,1.2636,1.264,1.2632,1.2655,1.2665,1.2669,1.2675,1.2676,1.2694,1.2689,1.2695,1.271,1.2714,1.2726,1.275,1.2759,1.2761,1.2771
3;2,0.1891,0.1755,0.1777,0.1799,0.183,0.1902,0.1984,0.2114,0.2317,0.2514,0.2843,0.3226,0.3728,0.4308,0.5016,0.5813,0.6703,0.7665,0.8687,0.9678,1.0584,1.1326,1.1914,1.232,1.2639,1.2876,1.306,1.322,1.3372,1.3486,1.3591,1.3682,1.3763,1.3832,1.3875,1.3913,1.3973,1.3994,1.4026,1.4049,1.4061,1.4086,1.4103,1.4117,1.4148,1.4168,1.4193,1.4209,1.4227,1.4245,1.4263,1.4276,1.4295,1.4312,1.4319,1.4331,1.4332,1.4349,1.436,1.4382,1.439,1.4405,1.441,1.4421,1.4434,1.4446,1.4461,1.4469,1.4469,1.4482,1.4498,1.4505,1.4516,1.4519,1.4525,1.4541,1.4544,1.4555,1.4555,1.4569,1.4571,1.4587,1.4599,1.4603,1.4608,1.4613,1.4631,1.4631,1.4639,1.4652,1.4659,1.4664,1.4671,1.4676,1.4679,1.4691
,,,,,,,,,,,,,,,,,,,,,,,,,,,,,,,,,,,,,,,,,,,,,,,,,,,,,,,,,,,,,,,,,,,,,,,,,,,,,,,,,,,,,,,,,,,,,,,,
Cycles / Well,,,,,,,,,,,,,,,,,,,,,,,,,,,,,,,,,,,,,,,,,,,,,,,,,,,,,,,,,,,,,,,,,,,,,,,,,,,,,,,,,,,,,,,,,,,,,,,,
C8,1,2,3,4,5,6,7,8,9,10,11,12,13,14,15,16,17,18,19,20,21,22,23,24,25,26,27,28,29,30,31,32,33,34,35,36,37,38,39,40,41,42,43,44,45,46,47,48,49,50,51,52,53,54,55,56,57,58,59,60,61,62,63,64,65,66,67,68,69,70,71,72,73,74,75,76,77,78,79,80,81,82,83,84,85,86,87,88,89,90,91,92,93,94,95,96
Time [s],0,1799.806,3599.729,5399.66,7199.597,8999.513,10799.458,12599.364,14399.311,16199.219,17999.129,19799.077,21599.014,23398.929,25198.853,26998.776,28798.721,30598.646,32398.579,34198.515,35998.426,37798.366,39598.295,41398.224,43198.149,44998.073,46797.997,48597.934,50397.855,52197.79,53997.709,55797.648,57597.562,59397.496,61197.415,62997.353,64797.279,66597.204,68397.129,70197.065,71996.967,73796.9,75596.814,77396.765,79196.693,80996.622,82796.528,84596.475,86396.393,88196.312,89996.248,91796.18,93596.114,95396.034,97195.966,98995.894,100795.82,102595.755,104395.67,106195.606,107995.535,109795.451,111595.395,113395.325,115195.239,116995.182,118795.096,120595.023,122394.949,124194.883,125994.805,127794.735,129594.672,131394.601,133194.53,134994.454,136794.373,138594.307,140394.225,142194.153,143994.083,145794.008,147593.92,149393.863,151193.795,152993.716,154793.66,156593.577,158393.507,160193.44,161993.355,163793.28,165593.216,167393.131,169193.06,170993.004
Temp. [°C],20,29.7,30.1,30,30,30.1,30,29.9,29.9,29.9,30,30,29.9,29.9,30.1,29.9,30,30,29.9,29.9,30,30,30,30.1,30,30.1,29.9,30,30,30.1,30,30.1,30.1,29.9,29.9,30,29.9,30.1,29.8,30,30.1,30.1,29.9,30.1,30,30.1,30.1,30.1,29.9,30,30,30,30,30.1,30,30,30.1,30,30,30,30,29.9,30.1,30.1,30,30,30,30,30,29.9,30,30,30,30,30,30.1,30.1,30.1,30.1,30.1,29.9,29.9,30.1,30.1,29.9,29.9,29.9,30.1,30,30,30.1,30,30.1,30,30.1,29.9
Mean,0.12122,0.11826,0.12048,0.12144,0.1217,0.12198,0.12156,0.12138,0.12112,0.12094,0.12096,0.12102,0.1211,0.12126,0.12152,0.12172,0.12196,0.12234,0.123,0.12304,0.12332,0.12354,0.12402,0.12462,0.1248,0.1254,0.12534,0.12572,0.12618,0.12634,0.12654,0.12692,0.12726,0.12756,0.12806,0.12828,0.12864,0.12888,0.12916,0.12976,0.1301,0.13032,0.13078,0.13112,0.13174,0.13216,0.13242,0.13298,0.1336,0.13414,0.13478,0.13512,0.1356,0.13628,0.13672,0.1373,0.138,0.13892,0.13956,0.14032,0.14126,0.1421,0.14304,0.14366,0.14494,0.14568,0.1466,0.1476,0.14882,0.15008,0.15116,0.15246,0.15422,0.15544,0.1573,0.15888,0.16068,0.16278,0.16514,0.16754,0.16974,0.17232,0.17474,0.17826,0.18186,0.1856,0.18926,0.19378,0.19766,0.20226,0.20748,0.21312,0.21902,0.22514,0.23284,0.24076
StDev,0.003554856,0.004671509,0.003952468,0.003127779,0.002671142,0.002440697,0.002335166,0.002257654,0.002328519,0.002338376,0.002357541,0.002341367,0.002482942,0.002606338,0.002715143,0.002792311,0.003062352,0.003393081,0.004053394,0.003978442,0.003790383,0.0040141,0.004346493,0.004778807,0.004458699,0.005143928,0.004557741,0.004784036,0.004950455,0.004854173,0.004669904,0.004666048,0.004810717,0.004773154,0.005204133,0.004812172,0.004895202,0.004663904,0.0048268,0.004750579,0.0047,0.004480179,0.004471801,0.004361422,0.004662939,0.004767914,0.004693293,0.00466819,0.00464489,0.004710414,0.005007195,0.004648333,0.004590752,0.004771478,0.004810094,0.005089695,0.005035871,0.005387671,0.005605622,0.005909907,0.00616709,0.006405076,0.007035126,0.007218587,0.007779653,0.00815886,0.0087112,0.009066422,0.009789893,0.010286253,0.010753744,0.011403201,0.012550976,0.012920836,0.013530152,0.014082862,0.014346324,0.015021218,0.015418593,0.01606714,0.016450623,0.01734177,0.018631774,0.020120835,0.020998524,0.022042913,0.023386064,0.02434085,0.02517882,0.026190418,0.027093486,0.028613581,0.030187862,0.031670696,0.033388591,0.03533869
1;2,0.1193,0.1147,0.1177,0.1198,0.1207,0.1212,0.1208,0.1207,0.1205,0.1203,0.1203,0.1204,0.1204,0.1205,0.1207,0.1208,0.121,0.1212,0.1215,0.1216,0.122,0.1221,0.1225,0.1229,0.1233,0.1235,0.1237,0.124,0.1245,0.1248,0.1251,0.1254,0.1256,0.1262,0.1264,0.1268,0.1271,0.1275,0.1277,0.1282,0.1286,0.1291,0.1295,0.1299,0.1304,0.1309,0.1311,0.1316,0.1322,0.1325,0.133,0.1336,0.1338,0.1342,0.1347,0.1351,0.1356,0.1363,0.1367,0.1373,0.138,0.1386,0.139,0.1393,0.1406,0.1412,0.1419,0.1431,0.1441,0.1452,0.1461,0.1471,0.1481,0.1488,0.1501,0.1508,0.1524,0.1537,0.1559,0.158,0.1601,0.1619,0.1636,0.1659,0.1688,0.1719,0.1744,0.1779,0.1818,0.1854,0.1898,0.1939,0.1989,0.2039,0.2111,0.2181
2;1,0.124,0.1226,0.1244,0.1246,0.1243,0.1243,0.1235,0.123,0.1228,0.1225,0.1224,0.1222,0.1223,0.1224,0.1225,0.1225,0.1225,0.1227,0.123,0.123,0.1235,0.1235,0.1237,0.124,0.1243,0.1245,0.1247,0.125,0.1251,0.1253,0.1255,0.126,0.1261,0.1261,0.1265,0.1269,0.1272,0.1275,0.1274,0.1282,0.1284,0.1286,0.1292,0.1297,0.1301,0.1302,0.1303,0.1308,0.1313,0.1316,0.132,0.1325,0.1329,0.1331,0.1333,0.1336,0.134,0.1346,0.1348,0.1352,0.1359,0.1365,0.1367,0.1369,0.1373,0.1373,0.1376,0.1379,0.138,0.1385,0.1388,0.1389,0.1395,0.1406,0.142,0.143,0.1445,0.1459,0.148,0.1499,0.1519,0.1542,0.1555,0.1576,0.161,0.1639,0.1666,0.171,0.1745,0.179,0.1843,0.1892,0.1937,0.1998,0.2079,0.2148
2;2,0.1206,0.117,0.1197,0.1215,0.1223,0.123,0.1228,0.1227,0.1223,0.1223,0.1223,0.1223,0.1223,0.1225,0.1226,0.1228,0.1229,0.123,0.1235,0.1236,0.124,0.1242,0.1245,0.1249,0.1253,0.1256,0.1258,0.1261,0.1266,0.1269,0.1271,0.1276,0.1281,0.1285,0.1287,0.1292,0.1296,0.1299,0.1303,0.1312,0.1317,0.1321,0.1326,0.1331,0.1337,0.1342,0.1348,0.1356,0.1364,0.1372,0.138,0.1384,0.139,0.14,0.1406,0.1411,0.1424,0.1436,0.1446,0.1458,0.1474,0.1484,0.1496,0.1515,0.1533,0.1548,0.1565,0.1583,0.16,0.1617,0.1636,0.1658,0.1683,0.1704,0.173,0.1757,0.178,0.1812,0.1843,0.1878,0.1906,0.1944,0.1992,0.2044,0.2097,0.2152,0.2212,0.2272,0.2328,0.2394,0.2466,0.2545,0.2625,0.2713,0.2819,0.2917
2;3,0.1167,0.1133,0.1159,0.1171,0.1176,0.1181,0.1178,0.1177,0.1173,0.1171,0.1171,0.1172,0.1171,0.1171,0.1173,0.1175,0.1175,0.1177,0.1179,0.118,0.1183,0.1184,0.1187,0.1191,0.1194,0.1197,0.12,0.1202,0.1206,0.1207,0.1211,0.1214,0.1217,0.122,0.1223,0.1227,0.123,0.1234,0.1237,0.1242,0.1246,0.1249,0.1253,0.1256,0.126,0.1264,0.1268,0.1274,0.1281,0.1288,0.1292,0.1298,0.1306,0.1315,0.132,0.1325,0.1336,0.1343,0.1351,0.1357,0.1365,0.1373,0.1382,0.1391,0.1401,0.141,0.1416,0.1425,0.1436,0.1448,0.146,0.1477,0.1488,0.1498,0.1513,0.1533,0.1551,0.1574,0.1593,0.1611,0.1627,0.1642,0.1659,0.1688,0.1714,0.1745,0.1776,0.1811,0.1837,0.1874,0.1917,0.1964,0.2012,0.2055,0.2098,0.215
3;2,0.1255,0.1237,0.1247,0.1242,0.1236,0.1233,0.1229,0.1228,0.1227,0.1225,0.1227,0.123,0.1234,0.1238,0.1245,0.125,0.1259,0.1271,0.1291,0.129,0.1288,0.1295,0.1307,0.1322,0.1317,0.1337,0.1325,0.1333,0.1341,0.134,0.1339,0.1342,0.1348,0.135,0.1364,0.1358,0.1363,0.1361,0.1367,0.137,0.1372,0.1369,0.1373,0.1373,0.1385,0.1391,0.1391,0.1395,0.14,0.1406,0.1417,0.1413,0.1417,0.1426,0.143,0.1442,0.1444,0.1458,0.1466,0.1476,0.1485,0.1497,0.1517,0.1515,0.1534,0.1541,0.1554,0.1562,0.1584,0.1602,0.1613,0.1628,0.1664,0.1676,0.1701,0.1716,0.1734,0.1757,0.1782,0.1809,0.1834,0.1869,0.1895,0.1946,0.1984,0.2025,0.2065,0.2117,0.2155,0.2201,0.225,0.2316,0.2388,0.2452,0.2535,0.2642
,,,,,,,,,,,,,,,,,,,,,,,,,,,,,,,,,,,,,,,,,,,,,,,,,,,,,,,,,,,,,,,,,,,,,,,,,,,,,,,,,,,,,,,,,,,,,,,,
Cycles / Well,,,,,,,,,,,,,,,,,,,,,,,,,,,,,,,,,,,,,,,,,,,,,,,,,,,,,,,,,,,,,,,,,,,,,,,,,,,,,,,,,,,,,,,,,,,,,,,,
C9,1,2,3,4,5,6,7,8,9,10,11,12,13,14,15,16,17,18,19,20,21,22,23,24,25,26,27,28,29,30,31,32,33,34,35,36,37,38,39,40,41,42,43,44,45,46,47,48,49,50,51,52,53,54,55,56,57,58,59,60,61,62,63,64,65,66,67,68,69,70,71,72,73,74,75,76,77,78,79,80,81,82,83,84,85,86,87,88,89,90,91,92,93,94,95,96
Time [s],0,1799.806,3599.729,5399.66,7199.597,8999.513,10799.458,12599.364,14399.311,16199.219,17999.129,19799.077,21599.014,23398.929,25198.853,26998.776,28798.721,30598.646,32398.579,34198.515,35998.426,37798.366,39598.295,41398.224,43198.149,44998.073,46797.997,48597.934,50397.855,52197.79,53997.709,55797.648,57597.562,59397.496,61197.415,62997.353,64797.279,66597.204,68397.129,70197.065,71996.967,73796.9,75596.814,77396.765,79196.693,80996.622,82796.528,84596.475,86396.393,88196.312,89996.248,91796.18,93596.114,95396.034,97195.966,98995.894,100795.82,102595.755,104395.67,106195.606,107995.535,109795.451,111595.395,113395.325,115195.239,116995.182,118795.096,120595.023,122394.949,124194.883,125994.805,127794.735,129594.672,131394.601,133194.53,134994.454,136794.373,138594.307,140394.225,142194.153,143994.083,145794.008,147593.92,149393.863,151193.795,152993.716,154793.66,156593.577,158393.507,160193.44,161993.355,163793.28,165593.216,167393.131,169193.06,170993.004
Temp. [°C],20,29.7,30.1,30,30,30.1,30,29.9,29.9,29.9,30,30,29.9,29.9,30.1,29.9,30,30,29.9,29.9,30,30,30,30.1,30,30.1,29.9,30,30,30.1,30,30.1,30.1,29.9,29.9,30,29.9,30.1,29.8,30,30.1,30.1,29.9,30.1,30,30.1,30.1,30.1,29.9,30,30,30,30,30.1,30,30,30.1,30,30,30,30,29.9,30.1,30.1,30,30,30,30,30,29.9,30,30,30,30,30,30.1,30.1,30.1,30.1,30.1,29.9,29.9,30.1,30.1,29.9,29.9,29.9,30.1,30,30,30.1,30,30.1,30,30.1,29.9
Mean,0.1252,0.1208,0.12316,0.12348,0.1237,0.12394,0.12328,0.12264,0.12238,0.1219,0.12182,0.1217,0.12162,0.12142,0.12116,0.12086,0.12078,0.1207,0.12104,0.12076,0.12074,0.12062,0.12072,0.12096,0.12094,0.12102,0.12076,0.12072,0.12078,0.12074,0.12068,0.12078,0.12082,0.12078,0.12108,0.12082,0.12114,0.12096,0.121,0.12114,0.12124,0.12114,0.12122,0.12132,0.12142,0.12154,0.12152,0.1216,0.12172,0.12182,0.12174,0.12172,0.1218,0.12196,0.12186,0.12192,0.122,0.1222,0.12222,0.12226,0.1224,0.12246,0.1226,0.12262,0.12282,0.12286,0.1229,0.12282,0.1232,0.12324,0.12332,0.12316,0.12338,0.12344,0.12352,0.12362,0.12386,0.12382,0.12398,0.12408,0.12432,0.12454,0.12458,0.12458,0.12476,0.12508,0.12508,0.12524,0.1253,0.12544,0.12548,0.1257,0.1259,0.12598,0.1261,0.12634
StDev,0.009566609,0.007822404,0.007658198,0.006293012,0.005929165,0.005884556,0.005656147,0.005112045,0.005622455,0.005272096,0.005591243,0.005982892,0.006240353,0.006143452,0.005720402,0.005349112,0.005452706,0.005217279,0.005931104,0.005490264,0.005303112,0.005233259,0.005251857,0.005615425,0.005364047,0.005613555,0.005128158,0.004906322,0.005006696,0.004732124,0.00472144,0.004651021,0.004567494,0.004668726,0.005013183,0.004477946,0.004830424,0.004364974,0.0046179,0.004463519,0.004500333,0.004293367,0.004374014,0.004306623,0.004370583,0.004511984,0.004254057,0.004301744,0.004252293,0.00428859,0.004293367,0.004157764,0.003954744,0.004009738,0.003873371,0.003821911,0.003781534,0.004103048,0.004028896,0.00383184,0.003810512,0.003926576,0.004197023,0.003964467,0.004132433,0.004148253,0.004071241,0.003889987,0.004159928,0.004030881,0.003927722,0.003740053,0.004056107,0.004111326,0.004139686,0.004188914,0.004313699,0.004407607,0.004251706,0.004359702,0.004495776,0.004577445,0.004620281,0.004543897,0.004684336,0.004922601,0.004859218,0.004910499,0.004830114,0.004903366,0.004845307,0.005041329,0.005072968,0.005181892,0.005265453,0.00523001
1;2,0.1193,0.1149,0.1176,0.119,0.1195,0.1198,0.1195,0.1192,0.1188,0.1185,0.1184,0.1182,0.118,0.1179,0.1177,0.1177,0.1177,0.1177,0.1175,0.1176,0.1176,0.1175,0.1177,0.1177,0.1177,0.1177,0.1178,0.1178,0.1179,0.118,0.118,0.1181,0.1182,0.1182,0.1184,0.1183,0.1184,0.1185,0.1185,0.1187,0.1188,0.1187,0.1189,0.119,0.1191,0.1192,0.1193,0.1193,0.1195,0.1196,0.1195,0.1197,0.1199,0.1199,0.1199,0.1202,0.1202,0.1202,0.1202,0.1205,0.1206,0.1207,0.1206,0.1207,0.1209,0.121,0.121,0.121,0.1213,0.1215,0.1216,0.1216,0.1216,0.1216,0.1218,0.1217,0.1218,0.1218,0.122,0.1221,0.1223,0.1224,0.1226,0.1225,0.1226,0.1229,0.1228,0.123,0.1232,0.1232,0.1234,0.1235,0.1236,0.1236,0.1237,0.1241
2;1,0.1266,0.1245,0.126,0.1261,0.1259,0.1264,0.1247,0.1239,0.1232,0.123,0.1226,0.1222,0.1217,0.1216,0.1216,0.1215,0.1212,0.1214,0.1215,0.1212,0.1216,0.1214,0.1213,0.1215,0.1219,0.1216,0.1213,0.1214,0.1213,0.1214,0.1214,0.1214,0.1216,0.1211,0.1213,0.1213,0.1215,0.1216,0.1214,0.1215,0.1216,0.1215,0.1215,0.1216,0.1218,0.1218,0.1218,0.1219,0.1221,0.1221,0.122,0.1222,0.1225,0.1226,0.1224,0.1226,0.1225,0.1227,0.1228,0.1227,0.1231,0.1232,0.1232,0.1236,0.1235,0.1236,0.1238,0.124,0.1242,0.1243,0.1247,0.1246,0.1244,0.1244,0.1246,0.1249,0.1252,0.1251,0.1251,0.1253,0.1253,0.1255,0.1255,0.1256,0.1258,0.1261,0.1262,0.1265,0.1266,0.1268,0.1272,0.1273,0.1276,0.1278,0.1285,0.1288
2;2,0.1219,0.1179,0.1204,0.1217,0.1224,0.1227,0.1223,0.1221,0.1217,0.1213,0.1211,0.1207,0.1206,0.1204,0.1204,0.1204,0.1202,0.1202,0.1203,0.1203,0.1203,0.1202,0.1203,0.1204,0.1204,0.1206,0.1205,0.1206,0.1206,0.1207,0.1206,0.1208,0.1209,0.1209,0.1209,0.1211,0.1213,0.1212,0.1211,0.1215,0.1215,0.1216,0.1217,0.1218,0.122,0.1221,0.1222,0.1224,0.1223,0.1226,0.1226,0.1226,0.1229,0.1231,0.1232,0.1233,0.1233,0.1234,0.1237,0.1238,0.1239,0.1238,0.1241,0.1243,0.1244,0.1246,0.1247,0.1248,0.1251,0.1252,0.1254,0.1254,0.1255,0.1257,0.1259,0.1259,0.1262,0.1262,0.1265,0.1266,0.127,0.1271,0.1271,0.1273,0.1275,0.1277,0.1278,0.128,0.128,0.1281,0.1283,0.1286,0.1287,0.1289,0.1288,0.129
2;3,0.1171,0.114,0.1166,0.1175,0.1179,0.118,0.1177,0.1174,0.1168,0.1165,0.1162,0.1159,0.1158,0.1156,0.1156,0.1153,0.1152,0.1152,0.1152,0.1151,0.1151,0.1151,0.1152,0.1152,0.1153,0.1152,0.1153,0.1154,0.1154,0.1155,0.1154,0.1156,0.1156,0.1156,0.1157,0.1157,0.1158,0.1159,0.1158,0.116,0.1161,0.1162,0.1161,0.1163,0.1162,0.1162,0.1164,0.1164,0.1166,0.1166,0.1165,0.1164,0.1165,0.1167,0.1167,0.1166,0.1169,0.1168,0.1168,0.117,0.1171,0.117,0.1169,0.117,0.1171,0.117,0.1171,0.1171,0.1172,0.1173,0.1174,0.1174,0.1174,0.1174,0.1173,0.1174,0.1175,0.1173,0.1177,0.1176,0.1177,0.1179,0.1178,0.1179,0.1179,0.1179,0.118,0.118,0.1181,0.1182,0.1181,0.1181,0.1183,0.1182,0.1181,0.1183
3;2,0.1411,0.1327,0.1352,0.1331,0.1328,0.1328,0.1322,0.1306,0.1314,0.1302,0.1308,0.1315,0.132,0.1316,0.1305,0.1294,0.1296,0.129,0.1307,0.1296,0.1291,0.1289,0.1291,0.13,0.1294,0.13,0.1289,0.1284,0.1287,0.1281,0.128,0.128,0.1278,0.1281,0.1291,0.1277,0.1287,0.1276,0.1282,0.128,0.1282,0.1277,0.1279,0.1279,0.128,0.1284,0.1279,0.128,0.1281,0.1282,0.1281,0.1277,0.1272,0.1275,0.1271,0.1269,0.1271,0.1279,0.1276,0.1273,0.1273,0.1276,0.1282,0.1275,0.1282,0.1281,0.1279,0.1272,0.1282,0.1279,0.1275,0.1268,0.128,0.1281,0.128,0.1282,0.1286,0.1287,0.1286,0.1288,0.1293,0.1298,0.1299,0.1296,0.13,0.1308,0.1306,0.1307,0.1306,0.1309,0.1304,0.131,0.1313,0.1314,0.1314,0.1315
,,,,,,,,,,,,,,,,,,,,,,,,,,,,,,,,,,,,,,,,,,,,,,,,,,,,,,,,,,,,,,,,,,,,,,,,,,,,,,,,,,,,,,,,,,,,,,,,
Cycles / Well,,,,,,,,,,,,,,,,,,,,,,,,,,,,,,,,,,,,,,,,,,,,,,,,,,,,,,,,,,,,,,,,,,,,,,,,,,,,,,,,,,,,,,,,,,,,,,,,
C10,1,2,3,4,5,6,7,8,9,10,11,12,13,14,15,16,17,18,19,20,21,22,23,24,25,26,27,28,29,30,31,32,33,34,35,36,37,38,39,40,41,42,43,44,45,46,47,48,49,50,51,52,53,54,55,56,57,58,59,60,61,62,63,64,65,66,67,68,69,70,71,72,73,74,75,76,77,78,79,80,81,82,83,84,85,86,87,88,89,90,91,92,93,94,95,96
Time [s],0,1799.806,3599.729,5399.66,7199.597,8999.513,10799.458,12599.364,14399.311,16199.219,17999.129,19799.077,21599.014,23398.929,25198.853,26998.776,28798.721,30598.646,32398.579,34198.515,35998.426,37798.366,39598.295,41398.224,43198.149,44998.073,46797.997,48597.934,50397.855,52197.79,53997.709,55797.648,57597.562,59397.496,61197.415,62997.353,64797.279,66597.204,68397.129,70197.065,71996.967,73796.9,75596.814,77396.765,79196.693,80996.622,82796.528,84596.475,86396.393,88196.312,89996.248,91796.18,93596.114,95396.034,97195.966,98995.894,100795.82,102595.755,104395.67,106195.606,107995.535,109795.451,111595.395,113395.325,115195.239,116995.182,118795.096,120595.023,122394.949,124194.883,125994.805,127794.735,129594.672,131394.601,133194.53,134994.454,136794.373,138594.307,140394.225,142194.153,143994.083,145794.008,147593.92,149393.863,151193.795,152993.716,154793.66,156593.577,158393.507,160193.44,161993.355,163793.28,165593.216,167393.131,169193.06,170993.004
Temp. [°C],20,29.7,30.1,30,30,30.1,30,29.9,29.9,29.9,30,30,29.9,29.9,30.1,29.9,30,30,29.9,29.9,30,30,30,30.1,30,30.1,29.9,30,30,30.1,30,30.1,30.1,29.9,29.9,30,29.9,30.1,29.8,30,30.1,30.1,29.9,30.1,30,30.1,30.1,30.1,29.9,30,30,30,30,30.1,30,30,30.1,30,30,30,30,29.9,30.1,30.1,30,30,30,30,30,29.9,30,30,30,30,30,30.1,30.1,30.1,30.1,30.1,29.9,29.9,30.1,30.1,29.9,29.9,29.9,30.1,30,30,30.1,30,30.1,30,30.1,29.9
Mean,0.12594,0.12476,0.1271,0.13014,0.13362,0.14034,0.14888,0.16074,0.17764,0.20108,0.23236,0.27394,0.32732,0.39352,0.47242,0.56312,0.66608,0.77868,0.89214,0.99716,1.08852,1.161,1.2148,1.25276,1.28254,1.30558,1.3257,1.34282,1.35816,1.37154,1.38452,1.39558,1.40532,1.41476,1.4238,1.43056,1.4355,1.43766,1.4385,1.4411,1.4427,1.44392,1.44492,1.4463,1.44806,1.44938,1.45002,1.45152,1.45254,1.45356,1.4541,1.45488,1.45594,1.45638,1.45764,1.45884,1.46034,1.46048,1.46094,1.46198,1.46232,1.46296,1.4634,1.46396,1.46444,1.4651,1.46596,1.46606,1.46752,1.46798,1.4684,1.46888,1.46954,1.47028,1.4711,1.4719,1.4728,1.47288,1.47378,1.47408,1.47484,1.47558,1.47616,1.47648,1.47724,1.47818,1.47908,1.47944,1.47894,1.48052,1.48102,1.48174,1.48174,1.48226,1.48284,1.48334
StDev,0.007113227,0.0089041,0.007971198,0.008433742,0.008051832,0.009163678,0.010214548,0.011707391,0.014034173,0.016024731,0.018497378,0.021072921,0.023524073,0.026428526,0.028937294,0.03306731,0.038934072,0.046900821,0.052445524,0.056057185,0.056647877,0.05562477,0.054339994,0.053040579,0.051838528,0.052206293,0.050984655,0.050684386,0.050842335,0.051157385,0.050354811,0.050792982,0.050515216,0.050848087,0.050379311,0.049712252,0.04898168,0.048204491,0.048097193,0.047920351,0.04805294,0.047592773,0.047574962,0.048252202,0.047789518,0.047907536,0.048205052,0.047604643,0.048149278,0.047805784,0.047426733,0.04741447,0.047904154,0.048072726,0.047948858,0.047832656,0.047662123,0.047628321,0.047534019,0.048173198,0.048049214,0.048072997,0.048402221,0.047770786,0.04788056,0.048084353,0.048077573,0.048166046,0.048475324,0.04840627,0.048576023,0.0488878,0.048432045,0.048629487,0.048491288,0.048593672,0.048385793,0.048361524,0.048646757,0.048382197,0.048254254,0.048000854,0.047776176,0.04762218,0.04764628,0.047933412,0.048276464,0.047857006,0.048587426,0.047638398,0.047628794,0.047443261,0.047523131,0.04767062,0.047544432,0.048023775
1;2,0.1217,0.1187,0.1212,0.1237,0.1271,0.1323,0.1389,0.1484,0.1619,0.1815,0.208,0.2445,0.293,0.3546,0.4298,0.519,0.6213,0.7331,0.8497,0.9599,1.0555,1.1356,1.1921,1.234,1.2668,1.2915,1.3157,1.3335,1.35,1.3633,1.3792,1.3915,1.4008,1.4081,1.4189,1.4262,1.4337,1.4375,1.435,1.4397,1.4397,1.441,1.443,1.4459,1.4448,1.4468,1.4468,1.4491,1.4509,1.4528,1.4526,1.453,1.455,1.4539,1.4552,1.4552,1.4581,1.4575,1.4599,1.4592,1.4599,1.4608,1.4612,1.4619,1.4621,1.4623,1.4627,1.4622,1.464,1.4646,1.4641,1.4642,1.4654,1.4647,1.4676,1.468,1.4702,1.4696,1.4693,1.4706,1.4709,1.4722,1.4716,1.4723,1.4733,1.4737,1.4749,1.4762,1.476,1.4766,1.4768,1.4777,1.4769,1.4768,1.4782,1.4791
2;1,0.129,0.1278,0.1316,0.1351,0.1399,0.1474,0.1571,0.1701,0.1875,0.2123,0.2424,0.2821,0.3327,0.3938,0.4674,0.5493,0.6412,0.743,0.8478,0.9457,1.0345,1.1048,1.1596,1.1976,1.2282,1.2499,1.2705,1.288,1.3032,1.3166,1.3297,1.3402,1.3502,1.3601,1.3686,1.3763,1.3814,1.3832,1.386,1.3872,1.3899,1.3912,1.3918,1.3916,1.3948,1.3958,1.3959,1.3979,1.3979,1.3994,1.4009,1.4015,1.4014,1.4019,1.4032,1.4051,1.4062,1.407,1.407,1.4071,1.4076,1.4081,1.4081,1.4087,1.4093,1.4099,1.4109,1.411,1.412,1.4129,1.4127,1.4128,1.4139,1.415,1.415,1.4159,1.4164,1.4166,1.4177,1.4177,1.4188,1.4194,1.4211,1.4211,1.4219,1.4227,1.4223,1.4232,1.422,1.4245,1.425,1.4256,1.4254,1.4259,1.4268,1.4264
2;2,0.1224,0.1208,0.1236,0.1265,0.1305,0.1371,0.1458,0.1581,0.1755,0.2008,0.2355,0.2813,0.3413,0.4157,0.5055,0.6085,0.7241,0.8502,0.9725,1.0816,1.1725,1.2424,1.2933,1.3295,1.3569,1.3791,1.3975,1.4136,1.429,1.4428,1.454,1.4663,1.4753,1.4853,1.493,1.4989,1.5023,1.5029,1.5044,1.5058,1.5078,1.5086,1.5091,1.5112,1.5122,1.5138,1.5147,1.5152,1.5165,1.5173,1.5177,1.5175,1.5184,1.519,1.521,1.5219,1.5234,1.524,1.5237,1.5255,1.526,1.5262,1.5269,1.5263,1.5271,1.5278,1.5288,1.5292,1.5309,1.5311,1.5317,1.5322,1.5322,1.5336,1.5341,1.5347,1.5353,1.5355,1.5367,1.5363,1.537,1.5374,1.538,1.5377,1.5389,1.5403,1.5408,1.5413,1.5422,1.5424,1.5427,1.5427,1.542,1.5428,1.5433,1.5445
2;3,0.1196,0.1175,0.1202,0.1229,0.1263,0.1324,0.1406,0.1516,0.1674,0.1899,0.2206,0.2623,0.3161,0.3837,0.4673,0.5624,0.6735,0.7955,0.9148,1.0257,1.1198,1.1923,1.2468,1.2827,1.3121,1.3368,1.3546,1.3723,1.3875,1.4012,1.4133,1.4229,1.4333,1.444,1.4528,1.4589,1.4628,1.4641,1.4659,1.4684,1.4709,1.4714,1.4725,1.4735,1.477,1.4778,1.4791,1.4801,1.4816,1.4816,1.4819,1.4843,1.4862,1.4877,1.4875,1.4896,1.4898,1.4897,1.4899,1.4923,1.4919,1.4931,1.494,1.4944,1.4949,1.4963,1.4972,1.4974,1.4991,1.4998,1.5007,1.5021,1.5023,1.5034,1.5031,1.5047,1.5047,1.5049,1.5068,1.5068,1.5076,1.5078,1.5086,1.5091,1.5092,1.5105,1.5124,1.5111,1.5103,1.5119,1.5128,1.5139,1.5154,1.5162,1.5163,1.5167
3;2,0.137,0.139,0.1389,0.1425,0.1443,0.1525,0.162,0.1755,0.1959,0.2209,0.2553,0.2995,0.3535,0.4198,0.4921,0.5764,0.6703,0.7716,0.8759,0.9729,1.0603,1.1299,1.1822,1.22,1.2487,1.2706,1.2902,1.3067,1.3211,1.3338,1.3464,1.357,1.367,1.3763,1.3857,1.3925,1.3973,1.4006,1.4012,1.4044,1.4052,1.4074,1.4082,1.4093,1.4115,1.4127,1.4136,1.4153,1.4158,1.4167,1.4174,1.4181,1.4187,1.4194,1.4213,1.4224,1.4242,1.4242,1.4242,1.4258,1.4262,1.4266,1.4268,1.4285,1.4288,1.4292,1.4302,1.4305,1.4316,1.4315,1.4328,1.4331,1.4339,1.4347,1.4357,1.4362,1.4374,1.4378,1.4384,1.439,1.4399,1.4411,1.4415,1.4422,1.4429,1.4437,1.445,1.4454,1.4442,1.4472,1.4478,1.4488,1.449,1.4496,1.4496,1.45
,,,,,,,,,,,,,,,,,,,,,,,,,,,,,,,,,,,,,,,,,,,,,,,,,,,,,,,,,,,,,,,,,,,,,,,,,,,,,,,,,,,,,,,,,,,,,,,,
Cycles / Well,,,,,,,,,,,,,,,,,,,,,,,,,,,,,,,,,,,,,,,,,,,,,,,,,,,,,,,,,,,,,,,,,,,,,,,,,,,,,,,,,,,,,,,,,,,,,,,,
C11,1,2,3,4,5,6,7,8,9,10,11,12,13,14,15,16,17,18,19,20,21,22,23,24,25,26,27,28,29,30,31,32,33,34,35,36,37,38,39,40,41,42,43,44,45,46,47,48,49,50,51,52,53,54,55,56,57,58,59,60,61,62,63,64,65,66,67,68,69,70,71,72,73,74,75,76,77,78,79,80,81,82,83,84,85,86,87,88,89,90,91,92,93,94,95,96
Time [s],0,1799.806,3599.729,5399.66,7199.597,8999.513,10799.458,12599.364,14399.311,16199.219,17999.129,19799.077,21599.014,23398.929,25198.853,26998.776,28798.721,30598.646,32398.579,34198.515,35998.426,37798.366,39598.295,41398.224,43198.149,44998.073,46797.997,48597.934,50397.855,52197.79,53997.709,55797.648,57597.562,59397.496,61197.415,62997.353,64797.279,66597.204,68397.129,70197.065,71996.967,73796.9,75596.814,77396.765,79196.693,80996.622,82796.528,84596.475,86396.393,88196.312,89996.248,91796.18,93596.114,95396.034,97195.966,98995.894,100795.82,102595.755,104395.67,106195.606,107995.535,109795.451,111595.395,113395.325,115195.239,116995.182,118795.096,120595.023,122394.949,124194.883,125994.805,127794.735,129594.672,131394.601,133194.53,134994.454,136794.373,138594.307,140394.225,142194.153,143994.083,145794.008,147593.92,149393.863,151193.795,152993.716,154793.66,156593.577,158393.507,160193.44,161993.355,163793.28,165593.216,167393.131,169193.06,170993.004
Temp. [°C],20,29.7,30.1,30,30,30.1,30,29.9,29.9,29.9,30,30,29.9,29.9,30.1,29.9,30,30,29.9,29.9,30,30,30,30.1,30,30.1,29.9,30,30,30.1,30,30.1,30.1,29.9,29.9,30,29.9,30.1,29.8,30,30.1,30.1,29.9,30.1,30,30.1,30.1,30.1,29.9,30,30,30,30,30.1,30,30,30.1,30,30,30,30,29.9,30.1,30.1,30,30,30,30,30,29.9,30,30,30,30,30,30.1,30.1,30.1,30.1,30.1,29.9,29.9,30.1,30.1,29.9,29.9,29.9,30.1,30,30,30.1,30,30.1,30,30.1,29.9
Mean,0.10308,0.09954,0.09962,0.09958,0.09962,0.09962,0.0995,0.09958,0.0995,0.09952,0.09962,0.09958,0.0995,0.09952,0.0995,0.09952,0.0995,0.09944,0.09952,0.09942,0.09954,0.09942,0.0994,0.09944,0.09948,0.09946,0.09942,0.0994,0.09946,0.09942,0.09936,0.09942,0.09938,0.09928,0.0994,0.09942,0.09948,0.09938,0.09922,0.09942,0.09944,0.09938,0.09936,0.0994,0.09934,0.09942,0.0994,0.09942,0.09938,0.0994,0.0993,0.09924,0.09934,0.09942,0.09938,0.09932,0.09938,0.09936,0.09926,0.09932,0.09926,0.09932,0.0992,0.09934,0.09928,0.0993,0.09916,0.09918,0.09928,0.09926,0.09934,0.09926,0.0993,0.09922,0.09926,0.09924,0.09928,0.09918,0.09924,0.09924,0.0994,0.09938,0.09928,0.09924,0.09922,0.09928,0.09918,0.09924,0.09926,0.09924,0.09934,0.09938,0.09932,0.09926,0.09926,0.09934
StDev,0.003570294,0.003178522,0.003161803,0.00314595,0.003111591,0.003114001,0.003140064,0.003201094,0.003174902,0.003217452,0.003150714,0.003189357,0.003176476,0.003149127,0.003218695,0.003248384,0.003181981,0.003180094,0.003141178,0.003205776,0.003135761,0.003205776,0.003166228,0.003180094,0.003191708,0.003154838,0.003114001,0.003208582,0.003165122,0.003183866,0.003209829,0.003111591,0.003150714,0.003152301,0.00317175,0.003183866,0.003139586,0.003139586,0.003193274,0.003150714,0.003135761,0.003243763,0.003208271,0.003163858,0.003180094,0.003183866,0.003261901,0.003242992,0.003134805,0.003163858,0.003202343,0.00312378,0.003154838,0.003156264,0.00319484,0.003193274,0.003128418,0.003202811,0.003165122,0.003193274,0.003153252,0.00314436,0.003169385,0.00316828,0.003128418,0.003169385,0.003209829,0.003130016,0.003090631,0.003173799,0.00316828,0.003171435,0.003159905,0.003096288,0.003198124,0.00312378,0.003130016,0.003173641,0.00309241,0.003119776,0.003158322,0.003173641,0.003128418,0.003102902,0.00312602,0.003119615,0.003173641,0.003158006,0.003134167,0.003110145,0.003102902,0.003032656,0.003032656,0.00308026,0.003126979,0.003063168
1;2,0.1065,0.1026,0.1027,0.1027,0.1026,0.1026,0.1025,0.1027,0.1026,0.1026,0.1027,0.1027,0.1024,0.1026,0.1026,0.1026,0.1025,0.1025,0.1026,0.1025,0.1026,0.1025,0.1025,0.1025,0.1026,0.1025,0.1024,0.1025,0.1025,0.1025,0.1024,0.1024,0.1024,0.1023,0.1024,0.1025,0.1025,0.1024,0.1023,0.1025,0.1025,0.1025,0.1024,0.1025,0.1024,0.1025,0.1025,0.1026,0.1025,0.1025,0.1025,0.1023,0.1023,0.1024,0.1024,0.1024,0.1024,0.1025,0.1023,0.1024,0.1023,0.1023,0.1022,0.1024,0.1023,0.1023,0.1022,0.1022,0.1022,0.1022,0.1024,0.1022,0.1023,0.1023,0.1023,0.1023,0.1023,0.1022,0.1021,0.1022,0.1024,0.1024,0.1023,0.1022,0.1022,0.1023,0.1022,0.1023,0.1023,0.1022,0.1023,0.1022,0.1022,0.1022,0.1023,0.1022
2;1,0.1016,0.0977,0.0978,0.0978,0.0978,0.0977,0.0976,0.0978,0.0977,0.0977,0.0977,0.0977,0.0976,0.0977,0.0976,0.0976,0.0976,0.0975,0.0975,0.0975,0.0977,0.0975,0.0974,0.0975,0.0975,0.0975,0.0975,0.0974,0.0976,0.0974,0.0974,0.0976,0.0976,0.0974,0.0974,0.0974,0.0976,0.0975,0.0973,0.0975,0.0976,0.0976,0.0975,0.0975,0.0974,0.0974,0.0975,0.0975,0.0975,0.0975,0.0974,0.0974,0.0975,0.0975,0.0975,0.0974,0.0975,0.0975,0.0974,0.0974,0.0974,0.0974,0.0973,0.0974,0.0974,0.0974,0.0972,0.0972,0.0974,0.0973,0.0974,0.0974,0.0973,0.0973,0.0973,0.0974,0.0973,0.0972,0.0974,0.0973,0.0975,0.0974,0.0974,0.0972,0.0972,0.0973,0.0972,0.0973,0.0973,0.0973,0.0973,0.0975,0.0974,0.0972,0.0972,0.0974
2;2,0.1073,0.1033,0.1033,0.1032,0.1033,0.1033,0.1032,0.1033,0.1032,0.1033,0.1033,0.1033,0.1034,0.1032,0.1033,0.1034,0.1033,0.1032,0.1032,0.1032,0.1032,0.1032,0.1031,0.1032,0.1032,0.1032,0.1031,0.1032,0.1032,0.1032,0.1032,0.1031,0.1031,0.103,0.1032,0.1032,0.1032,0.1031,0.103,0.1031,0.1031,0.1032,0.1032,0.1031,0.1031,0.1032,0.1033,0.1032,0.103,0.1031,0.103,0.1029,0.1031,0.1032,0.1032,0.1031,0.1031,0.1031,0.103,0.1031,0.103,0.1031,0.103,0.1031,0.103,0.1031,0.103,0.1029,0.103,0.1031,0.1031,0.1031,0.1031,0.1028,0.1031,0.1029,0.103,0.103,0.103,0.103,0.1032,0.1032,0.103,0.103,0.103,0.103,0.103,0.103,0.103,0.103,0.1031,0.1031,0.103,0.103,0.103,0.1031
2;3,0.1004,0.0978,0.098,0.0979,0.098,0.0981,0.098,0.0979,0.0978,0.0979,0.098,0.0979,0.0978,0.0978,0.0978,0.0978,0.0979,0.0978,0.0979,0.0978,0.0979,0.0978,0.0978,0.0978,0.0979,0.0978,0.0979,0.0977,0.0978,0.0977,0.0977,0.0978,0.0977,0.0977,0.0978,0.0977,0.0978,0.0977,0.0975,0.0978,0.0978,0.0976,0.0976,0.0977,0.0977,0.0977,0.0976,0.0977,0.0977,0.0977,0.0975,0.0975,0.0978,0.0978,0.0977,0.0976,0.0976,0.0976,0.0976,0.0976,0.0975,0.0976,0.0975,0.0976,0.0975,0.0976,0.0975,0.0975,0.0976,0.0977,0.0976,0.0976,0.0976,0.0976,0.0975,0.0975,0.0976,0.0974,0.0976,0.0975,0.0976,0.0976,0.0975,0.0974,0.0974,0.0975,0.0974,0.0974,0.0974,0.0974,0.0975,0.0976,0.0975,0.0974,0.0974,0.0975
3;2,0.0996,0.0963,0.0963,0.0963,0.0964,0.0964,0.0962,0.0962,0.0962,0.0961,0.0964,0.0963,0.0963,0.0963,0.0962,0.0962,0.0962,0.0962,0.0964,0.0961,0.0963,0.0961,0.0962,0.0962,0.0962,0.0963,0.0962,0.0962,0.0962,0.0963,0.0961,0.0962,0.0961,0.096,0.0962,0.0963,0.0963,0.0962,0.096,0.0962,0.0962,0.096,0.0961,0.0962,0.0961,0.0963,0.0961,0.0961,0.0962,0.0962,0.0961,0.0961,0.096,0.0962,0.0961,0.0961,0.0963,0.0961,0.096,0.0961,0.0961,0.0962,0.096,0.0962,0.0962,0.0961,0.0959,0.0961,0.0962,0.096,0.0962,0.096,0.0962,0.0961,0.0961,0.0961,0.0962,0.0961,0.0961,0.0962,0.0963,0.0963,0.0962,0.0964,0.0963,0.0963,0.0961,0.0962,0.0963,0.0963,0.0965,0.0965,0.0965,0.0965,0.0964,0.0965
,,,,,,,,,,,,,,,,,,,,,,,,,,,,,,,,,,,,,,,,,,,,,,,,,,,,,,,,,,,,,,,,,,,,,,,,,,,,,,,,,,,,,,,,,,,,,,,,
Cycles / Well,,,,,,,,,,,,,,,,,,,,,,,,,,,,,,,,,,,,,,,,,,,,,,,,,,,,,,,,,,,,,,,,,,,,,,,,,,,,,,,,,,,,,,,,,,,,,,,,
C12,1,2,3,4,5,6,7,8,9,10,11,12,13,14,15,16,17,18,19,20,21,22,23,24,25,26,27,28,29,30,31,32,33,34,35,36,37,38,39,40,41,42,43,44,45,46,47,48,49,50,51,52,53,54,55,56,57,58,59,60,61,62,63,64,65,66,67,68,69,70,71,72,73,74,75,76,77,78,79,80,81,82,83,84,85,86,87,88,89,90,91,92,93,94,95,96
Time [s],0,1799.806,3599.729,5399.66,7199.597,8999.513,10799.458,12599.364,14399.311,16199.219,17999.129,19799.077,21599.014,23398.929,25198.853,26998.776,28798.721,30598.646,32398.579,34198.515,35998.426,37798.366,39598.295,41398.224,43198.149,44998.073,46797.997,48597.934,50397.855,52197.79,53997.709,55797.648,57597.562,59397.496,61197.415,62997.353,64797.279,66597.204,68397.129,70197.065,71996.967,73796.9,75596.814,77396.765,79196.693,80996.622,82796.528,84596.475,86396.393,88196.312,89996.248,91796.18,93596.114,95396.034,97195.966,98995.894,100795.82,102595.755,104395.67,106195.606,107995.535,109795.451,111595.395,113395.325,115195.239,116995.182,118795.096,120595.023,122394.949,124194.883,125994.805,127794.735,129594.672,131394.601,133194.53,134994.454,136794.373,138594.307,140394.225,142194.153,143994.083,145794.008,147593.92,149393.863,151193.795,152993.716,154793.66,156593.577,158393.507,160193.44,161993.355,163793.28,165593.216,167393.131,169193.06,170993.004
Temp. [°C],20,29.7,30.1,30,30,30.1,30,29.9,29.9,29.9,30,30,29.9,29.9,30.1,29.9,30,30,29.9,29.9,30,30,30,30.1,30,30.1,29.9,30,30,30.1,30,30.1,30.1,29.9,29.9,30,29.9,30.1,29.8,30,30.1,30.1,29.9,30.1,30,30.1,30.1,30.1,29.9,30,30,30,30,30.1,30,30,30.1,30,30,30,30,29.9,30.1,30.1,30,30,30,30,30,29.9,30,30,30,30,30,30.1,30.1,30.1,30.1,30.1,29.9,29.9,30.1,30.1,29.9,29.9,29.9,30.1,30,30,30.1,30,30.1,30,30.1,29.9
Mean,0.09994,0.0995,0.09978,0.09958,0.0996,0.09966,0.09954,0.09964,0.09956,0.0996,0.0997,0.09962,0.0996,0.09968,0.09962,0.09966,0.09964,0.09966,0.09964,0.0996,0.09962,0.0996,0.09964,0.09964,0.09962,0.0998,0.0998,0.09978,0.0998,0.09982,0.09974,0.09986,0.09994,0.09988,0.10012,0.10016,0.10026,0.10034,0.10028,0.10048,0.10062,0.10058,0.10072,0.10068,0.1009,0.10104,0.10094,0.10122,0.10134,0.1014,0.10168,0.10134,0.10132,0.10152,0.10138,0.10142,0.10168,0.1018,0.10172,0.10178,0.10184,0.10224,0.10224,0.10246,0.10282,0.10252,0.10264,0.10238,0.1029,0.10286,0.10286,0.1027,0.10294,0.10304,0.10302,0.10304,0.10338,0.10324,0.10376,0.10376,0.10418,0.10442,0.10416,0.10424,0.1043,0.1049,0.10456,0.10472,0.10494,0.10512,0.1051,0.1054,0.10544,0.10562,0.10564,0.10568
StDev,0.002993827,0.003058594,0.003048278,0.003022747,0.003017449,0.00312618,0.003098064,0.003068876,0.003063984,0.003046309,0.003115285,0.003086584,0.003115285,0.003054832,0.003086584,0.003086746,0.003063984,0.003059085,0.003063984,0.003129696,0.003082531,0.003031501,0.002984627,0.003027871,0.002969343,0.002974895,0.002951271,0.002865659,0.002842534,0.002880451,0.002828957,0.002781726,0.002799643,0.00270869,0.002612853,0.002639697,0.002487569,0.002472448,0.002422189,0.002456013,0.002440697,0.002456013,0.002488373,0.002564566,0.00274135,0.002733679,0.002659511,0.002861293,0.003186377,0.00313289,0.003664969,0.003251615,0.003145155,0.003345445,0.00334395,0.003361101,0.003859015,0.003935098,0.003898333,0.004057339,0.004044502,0.004823692,0.00497775,0.005257661,0.005926382,0.00540805,0.005803706,0.005390455,0.006114327,0.006046735,0.006128866,0.005810336,0.006334272,0.006580122,0.00657016,0.006644772,0.007237886,0.007044714,0.007693699,0.008083502,0.008761963,0.009275613,0.008771146,0.009103461,0.009457272,0.010430724,0.009795305,0.010230933,0.010559972,0.010958421,0.01096312,0.011447926,0.011485121,0.012103595,0.01214611,0.012229759
1;2,0.1027,0.1024,0.1025,0.1024,0.1024,0.1026,0.1025,0.1025,0.1024,0.1025,0.1026,0.1025,0.1025,0.1024,0.1025,0.1025,0.1024,0.1024,0.1024,0.1025,0.1024,0.1024,0.1023,0.1023,0.1023,0.1025,0.1025,0.1023,0.1023,0.1024,0.1023,0.1024,0.1024,0.1023,0.1023,0.1025,0.1024,0.1024,0.1022,0.1025,0.1024,0.1023,0.1023,0.1024,0.1024,0.1026,0.1025,0.1026,0.1025,0.1026,0.1026,0.1024,0.1025,0.1026,0.1026,0.1025,0.1026,0.1025,0.1026,0.1025,0.1025,0.1024,0.1024,0.1025,0.1025,0.1023,0.1024,0.1023,0.1024,0.1025,0.1025,0.1022,0.1024,0.1024,0.1022,0.1024,0.1024,0.1024,0.1025,0.1024,0.1024,0.1025,0.1024,0.1024,0.1024,0.1024,0.1023,0.1021,0.1024,0.1023,0.1023,0.1024,0.1025,0.1023,0.1024,0.1023
2;1,0.0997,0.0989,0.0997,0.0989,0.099,0.0989,0.0988,0.099,0.099,0.0989,0.0991,0.099,0.099,0.0992,0.099,0.099,0.099,0.0991,0.099,0.0989,0.099,0.0989,0.0989,0.0991,0.099,0.0991,0.099,0.0989,0.0989,0.099,0.0987,0.099,0.099,0.0989,0.099,0.0989,0.099,0.099,0.099,0.0991,0.0991,0.099,0.099,0.099,0.0989,0.0991,0.0991,0.0991,0.099,0.0991,0.0991,0.0989,0.0989,0.099,0.0989,0.0989,0.0988,0.0991,0.0989,0.0988,0.0989,0.099,0.0989,0.0988,0.099,0.099,0.0989,0.0989,0.0991,0.099,0.0989,0.099,0.0989,0.0989,0.099,0.0989,0.0991,0.099,0.0994,0.0991,0.0991,0.0991,0.0992,0.099,0.0988,0.0992,0.099,0.0991,0.0991,0.0992,0.0992,0.0993,0.0993,0.0993,0.0993,0.0992
2;2,0.1032,0.1029,0.1031,0.103,0.103,0.1032,0.103,0.1031,0.103,0.103,0.1032,0.1031,0.1031,0.1032,0.1031,0.1032,0.1032,0.1032,0.1032,0.1032,0.1032,0.1031,0.1032,0.1032,0.1031,0.1033,0.1033,0.1033,0.1033,0.1033,0.1032,0.1032,0.1034,0.1032,0.1034,0.1034,0.1032,0.1033,0.1031,0.1033,0.1033,0.1032,0.1033,0.1033,0.1033,0.1033,0.1034,0.1033,0.1033,0.1034,0.1031,0.1033,0.1033,0.1034,0.1032,0.1032,0.1032,0.1032,0.1031,0.1032,0.1032,0.1032,0.1031,0.1032,0.1032,0.1032,0.103,0.103,0.1031,0.1031,0.1032,0.1032,0.1032,0.1031,0.1031,0.1031,0.1031,0.103,0.1031,0.103,0.1032,0.1031,0.1031,0.103,0.1029,0.1031,0.1031,0.103,0.103,0.1031,0.103,0.103,0.103,0.103,0.1029,0.103
2;3,0.0977,0.0973,0.0975,0.0975,0.0975,0.0975,0.0974,0.0975,0.0974,0.0975,0.0975,0.0974,0.0974,0.0974,0.0974,0.0974,0.0974,0.0974,0.0974,0.0972,0.0973,0.0973,0.0973,0.0973,0.0972,0.0974,0.0973,0.0973,0.0973,0.0973,0.0973,0.0973,0.0973,0.0972,0.0972,0.0973,0.0972,0.0973,0.0971,0.0973,0.0973,0.0972,0.0973,0.0971,0.0971,0.0972,0.0972,0.0973,0.0971,0.0972,0.0971,0.0971,0.0972,0.0972,0.097,0.0971,0.097,0.097,0.097,0.097,0.0971,0.097,0.0969,0.0971,0.097,0.097,0.0969,0.0968,0.097,0.097,0.0969,0.097,0.0969,0.0969,0.0969,0.0968,0.0968,0.0968,0.097,0.0968,0.097,0.097,0.0969,0.0969,0.0968,0.0968,0.0969,0.0969,0.0969,0.0968,0.0968,0.0969,0.0969,0.0967,0.0967,0.0968
3;2,0.0964,0.096,0.0961,0.0961,0.0961,0.0961,0.096,0.0961,0.096,0.0961,0.0961,0.0961,0.096,0.0962,0.0961,0.0962,0.0962,0.0962,0.0962,0.0962,0.0962,0.0963,0.0965,0.0963,0.0965,0.0967,0.0969,0.0971,0.0972,0.0971,0.0972,0.0974,0.0976,0.0978,0.0987,0.0987,0.0995,0.0997,0.1,0.1002,0.101,0.1012,0.1017,0.1016,0.1028,0.103,0.1025,0.1038,0.1048,0.1047,0.1065,0.105,0.1047,0.1054,0.1052,0.1054,0.1068,0.1072,0.107,0.1074,0.1075,0.1096,0.1099,0.1107,0.1124,0.1111,0.112,0.1109,0.1129,0.1127,0.1128,0.1121,0.1133,0.1139,0.1139,0.114,0.1155,0.115,0.1168,0.1175,0.1192,0.1204,0.1192,0.1199,0.1206,0.123,0.1215,0.1225,0.1233,0.1242,0.1242,0.1254,0.1255,0.1268,0.1269,0.1271
,,,,,,,,,,,,,,,,,,,,,,,,,,,,,,,,,,,,,,,,,,,,,,,,,,,,,,,,,,,,,,,,,,,,,,,,,,,,,,,,,,,,,,,,,,,,,,,,
Cycles / Well,,,,,,,,,,,,,,,,,,,,,,,,,,,,,,,,,,,,,,,,,,,,,,,,,,,,,,,,,,,,,,,,,,,,,,,,,,,,,,,,,,,,,,,,,,,,,,,,
D1,1,2,3,4,5,6,7,8,9,10,11,12,13,14,15,16,17,18,19,20,21,22,23,24,25,26,27,28,29,30,31,32,33,34,35,36,37,38,39,40,41,42,43,44,45,46,47,48,49,50,51,52,53,54,55,56,57,58,59,60,61,62,63,64,65,66,67,68,69,70,71,72,73,74,75,76,77,78,79,80,81,82,83,84,85,86,87,88,89,90,91,92,93,94,95,96
Time [s],0,1799.806,3599.729,5399.66,7199.597,8999.513,10799.458,12599.364,14399.311,16199.219,17999.129,19799.077,21599.014,23398.929,25198.853,26998.776,28798.721,30598.646,32398.579,34198.515,35998.426,37798.366,39598.295,41398.224,43198.149,44998.073,46797.997,48597.934,50397.855,52197.79,53997.709,55797.648,57597.562,59397.496,61197.415,62997.353,64797.279,66597.204,68397.129,70197.065,71996.967,73796.9,75596.814,77396.765,79196.693,80996.622,82796.528,84596.475,86396.393,88196.312,89996.248,91796.18,93596.114,95396.034,97195.966,98995.894,100795.82,102595.755,104395.67,106195.606,107995.535,109795.451,111595.395,113395.325,115195.239,116995.182,118795.096,120595.023,122394.949,124194.883,125994.805,127794.735,129594.672,131394.601,133194.53,134994.454,136794.373,138594.307,140394.225,142194.153,143994.083,145794.008,147593.92,149393.863,151193.795,152993.716,154793.66,156593.577,158393.507,160193.44,161993.355,163793.28,165593.216,167393.131,169193.06,170993.004
Temp. [°C],20,29.7,30.1,30,30,30.1,30,29.9,29.9,29.9,30,30,29.9,29.9,30.1,29.9,30,30,29.9,29.9,30,30,30,30.1,30,30.1,29.9,30,30,30.1,30,30.1,30.1,29.9,29.9,30,29.9,30.1,29.8,30,30.1,30.1,29.9,30.1,30,30.1,30.1,30.1,29.9,30,30,30,30,30.1,30,30,30.1,30,30,30,30,29.9,30.1,30.1,30,30,30,30,30,29.9,30,30,30,30,30,30.1,30.1,30.1,30.1,30.1,29.9,29.9,30.1,30.1,29.9,29.9,29.9,30.1,30,30,30.1,30,30.1,30,30.1,29.9
Mean,0.09924,0.0988,0.09898,0.09886,0.0989,0.09892,0.09884,0.09888,0.0988,0.09886,0.09896,0.09894,0.09892,0.09898,0.09898,0.09902,0.09892,0.09898,0.09902,0.0989,0.0989,0.09898,0.09896,0.099,0.0991,0.09916,0.0991,0.09916,0.09924,0.09924,0.09924,0.09924,0.09934,0.09918,0.09942,0.09952,0.0995,0.09956,0.09944,0.09962,0.0997,0.09978,0.09974,0.09974,0.0997,0.09992,0.09996,0.1008,0.10006,0.10012,0.09986,0.09996,0.10006,0.09996,0.10002,0.10008,0.10014,0.10022,0.1003,0.10028,0.10032,0.10052,0.10038,0.10066,0.10058,0.1006,0.10062,0.1007,0.10064,0.1009,0.10078,0.1008,0.1009,0.1009,0.10078,0.10096,0.10104,0.10092,0.10128,0.10108,0.10146,0.10156,0.10168,0.10154,0.1015,0.1017,0.10156,0.10176,0.10192,0.10206,0.10202,0.1022,0.10224,0.10216,0.1022,0.10226
StDev,0.003433366,0.003421988,0.003343202,0.003353058,0.003386739,0.003378165,0.00332686,0.003337214,0.00337046,0.003356784,0.003356784,0.003303483,0.00332671,0.003272155,0.003320693,0.003264506,0.00327521,0.003259908,0.003218229,0.003192178,0.003299242,0.003154679,0.003184808,0.003192178,0.003093542,0.003078636,0.003093542,0.00304516,0.003027045,0.003083504,0.002966142,0.002921986,0.002932235,0.002979429,0.002920103,0.002942278,0.002947032,0.002912559,0.002813894,0.002835842,0.002867054,0.002914961,0.002883227,0.002920274,0.002893959,0.002982784,0.003007158,0.003994371,0.00302043,0.003214343,0.003041052,0.003111752,0.003036939,0.003027871,0.003080097,0.003206556,0.003178522,0.003312401,0.003396322,0.003414235,0.003420088,0.0037486,0.003699595,0.003864971,0.003842785,0.00383471,0.003977059,0.004211294,0.003975299,0.00429127,0.004115459,0.004176123,0.004401704,0.004457017,0.00428684,0.004583994,0.004671509,0.004576789,0.005254236,0.004826179,0.005418764,0.005623878,0.005887444,0.005773041,0.00586302,0.005959866,0.005983561,0.006117434,0.006412644,0.006719226,0.00665635,0.006999643,0.007037968,0.007036547,0.007101056,0.007138137
1;2,0.1028,0.1024,0.1025,0.1024,0.1024,0.1024,0.1023,0.1024,0.1023,0.1024,0.1025,0.1024,0.1024,0.1023,0.1024,0.1024,0.1023,0.1023,0.1023,0.1021,0.1022,0.1022,0.1022,0.1023,0.1022,0.1023,0.1022,0.1022,0.1023,0.1023,0.1021,0.1021,0.1022,0.1021,0.1022,0.1022,0.1022,0.1022,0.102,0.1022,0.1022,0.1021,0.1021,0.1021,0.102,0.1022,0.1021,0.1021,0.1021,0.1021,0.102,0.1019,0.102,0.102,0.102,0.102,0.1021,0.102,0.102,0.102,0.102,0.1019,0.1018,0.102,0.1019,0.1018,0.1018,0.1019,0.1019,0.102,0.1018,0.1019,0.1019,0.1019,0.1019,0.1019,0.1018,0.1019,0.1018,0.1018,0.1017,0.1019,0.1019,0.1019,0.1017,0.1018,0.1016,0.1018,0.1019,0.1017,0.1018,0.1018,0.1018,0.1018,0.1017,0.1018
2;1,0.0966,0.0963,0.0965,0.0964,0.0964,0.0964,0.0964,0.0963,0.0963,0.0962,0.0963,0.0963,0.0963,0.0963,0.0963,0.0962,0.0962,0.0962,0.0964,0.0962,0.0961,0.0963,0.0962,0.0961,0.0962,0.0963,0.0962,0.0962,0.0962,0.0961,0.0961,0.0961,0.0962,0.096,0.0961,0.096,0.0961,0.0962,0.0961,0.0962,0.0962,0.0962,0.0962,0.0961,0.0961,0.0962,0.0961,0.0962,0.0962,0.096,0.096,0.096,0.0961,0.0961,0.0961,0.0961,0.0961,0.096,0.0961,0.0961,0.0961,0.0961,0.0959,0.0961,0.096,0.0961,0.096,0.0959,0.0959,0.0961,0.0961,0.0961,0.096,0.096,0.0959,0.096,0.096,0.0959,0.0959,0.096,0.096,0.0959,0.0959,0.0958,0.0958,0.096,0.0958,0.0959,0.096,0.0959,0.0959,0.0959,0.096,0.0959,0.0959,0.096
2;2,0.103,0.1025,0.1026,0.1025,0.1026,0.1026,0.1025,0.1025,0.1025,0.1025,0.1026,0.1026,0.1026,0.1027,0.1027,0.1027,0.1026,0.1027,0.1027,0.1026,0.1027,0.1026,0.1026,0.1026,0.1027,0.1027,0.1027,0.1027,0.1027,0.1028,0.1027,0.1026,0.1027,0.1026,0.1027,0.1027,0.1028,0.1028,0.1025,0.1026,0.1027,0.1028,0.1027,0.1027,0.1027,0.1028,0.1028,0.1028,0.1027,0.1029,0.1027,0.1027,0.1028,0.1027,0.1028,0.1027,0.1028,0.1028,0.1027,0.1028,0.1027,0.1027,0.1026,0.1028,0.1027,0.1027,0.1027,0.1026,0.1028,0.1028,0.1027,0.1027,0.1027,0.1027,0.1026,0.1026,0.1027,0.1026,0.1026,0.1026,0.1027,0.1028,0.1027,0.1026,0.1025,0.1027,0.1026,0.1026,0.1027,0.1027,0.1027,0.1026,0.1027,0.1026,0.1026,0.1027
2;3,0.098,0.0975,0.0977,0.0975,0.0977,0.0978,0.0975,0.0976,0.0975,0.0976,0.0977,0.0975,0.0975,0.0976,0.0976,0.0975,0.0975,0.0975,0.0975,0.0974,0.0975,0.0974,0.0975,0.0975,0.0974,0.0974,0.0974,0.0974,0.0974,0.0973,0.0974,0.0975,0.0974,0.0973,0.0974,0.0973,0.0973,0.0973,0.0973,0.0974,0.0974,0.0973,0.0973,0.0973,0.0973,0.0973,0.0974,0.0972,0.0974,0.0973,0.0972,0.0972,0.0975,0.0973,0.0973,0.0971,0.0973,0.0973,0.0972,0.0971,0.0972,0.0971,0.0971,0.0972,0.0972,0.0972,0.0971,0.097,0.0972,0.0971,0.0972,0.0971,0.0971,0.097,0.0971,0.097,0.0971,0.097,0.097,0.097,0.0972,0.0971,0.0971,0.097,0.0969,0.097,0.0969,0.0971,0.0969,0.0971,0.097,0.0971,0.097,0.0969,0.097,0.0969
3;2,0.0958,0.0953,0.0956,0.0955,0.0954,0.0954,0.0955,0.0956,0.0954,0.0956,0.0957,0.0959,0.0958,0.096,0.0959,0.0963,0.096,0.0962,0.0962,0.0962,0.096,0.0964,0.0963,0.0965,0.097,0.0971,0.097,0.0973,0.0976,0.0977,0.0979,0.0979,0.0982,0.0979,0.0987,0.0994,0.0991,0.0993,0.0993,0.0997,0.1,0.1005,0.1004,0.1005,0.1004,0.1011,0.1014,0.1057,0.1019,0.1023,0.1014,0.102,0.1019,0.1017,0.1019,0.1025,0.1024,0.103,0.1035,0.1034,0.1036,0.1048,0.1045,0.1052,0.1051,0.1052,0.1055,0.1061,0.1054,0.1065,0.1061,0.1062,0.1068,0.1069,0.1064,0.1073,0.1076,0.1072,0.1091,0.108,0.1097,0.1101,0.1108,0.1104,0.1106,0.111,0.1109,0.1114,0.1121,0.1129,0.1127,0.1136,0.1137,0.1136,0.1138,0.1139
,,,,,,,,,,,,,,,,,,,,,,,,,,,,,,,,,,,,,,,,,,,,,,,,,,,,,,,,,,,,,,,,,,,,,,,,,,,,,,,,,,,,,,,,,,,,,,,,
Cycles / Well,,,,,,,,,,,,,,,,,,,,,,,,,,,,,,,,,,,,,,,,,,,,,,,,,,,,,,,,,,,,,,,,,,,,,,,,,,,,,,,,,,,,,,,,,,,,,,,,
D2,1,2,3,4,5,6,7,8,9,10,11,12,13,14,15,16,17,18,19,20,21,22,23,24,25,26,27,28,29,30,31,32,33,34,35,36,37,38,39,40,41,42,43,44,45,46,47,48,49,50,51,52,53,54,55,56,57,58,59,60,61,62,63,64,65,66,67,68,69,70,71,72,73,74,75,76,77,78,79,80,81,82,83,84,85,86,87,88,89,90,91,92,93,94,95,96
Time [s],0,1799.806,3599.729,5399.66,7199.597,8999.513,10799.458,12599.364,14399.311,16199.219,17999.129,19799.077,21599.014,23398.929,25198.853,26998.776,28798.721,30598.646,32398.579,34198.515,35998.426,37798.366,39598.295,41398.224,43198.149,44998.073,46797.997,48597.934,50397.855,52197.79,53997.709,55797.648,57597.562,59397.496,61197.415,62997.353,64797.279,66597.204,68397.129,70197.065,71996.967,73796.9,75596.814,77396.765,79196.693,80996.622,82796.528,84596.475,86396.393,88196.312,89996.248,91796.18,93596.114,95396.034,97195.966,98995.894,100795.82,102595.755,104395.67,106195.606,107995.535,109795.451,111595.395,113395.325,115195.239,116995.182,118795.096,120595.023,122394.949,124194.883,125994.805,127794.735,129594.672,131394.601,133194.53,134994.454,136794.373,138594.307,140394.225,142194.153,143994.083,145794.008,147593.92,149393.863,151193.795,152993.716,154793.66,156593.577,158393.507,160193.44,161993.355,163793.28,165593.216,167393.131,169193.06,170993.004
Temp. [°C],20,29.7,30.1,30,30,30.1,30,29.9,29.9,29.9,30,30,29.9,29.9,30.1,29.9,30,30,29.9,29.9,30,30,30,30.1,30,30.1,29.9,30,30,30.1,30,30.1,30.1,29.9,29.9,30,29.9,30.1,29.8,30,30.1,30.1,29.9,30.1,30,30.1,30.1,30.1,29.9,30,30,30,30,30.1,30,30,30.1,30,30,30,30,29.9,30.1,30.1,30,30,30,30,30,29.9,30,30,30,30,30,30.1,30.1,30.1,30.1,30.1,29.9,29.9,30.1,30.1,29.9,29.9,29.9,30.1,30,30,30.1,30,30.1,30,30.1,29.9
Mean,0.11386,0.11412,0.1161,0.11746,0.11896,0.12076,0.12322,0.12654,0.1308,0.1365,0.14366,0.15284,0.16462,0.17976,0.19952,0.22622,0.25918,0.30134,0.35198,0.41076,0.47446,0.54346,0.6119,0.68158,0.74422,0.79672,0.83684,0.86728,0.88926,0.90714,0.92242,0.93546,0.94604,0.9561,0.96502,0.973,0.98006,0.98712,0.99268,0.99642,1.00016,1.00572,1.01048,1.01426,1.01768,1.02188,1.02542,1.02904,1.0326,1.03536,1.03696,1.04026,1.04484,1.04696,1.04704,1.04766,1.04952,1.052,1.05286,1.05424,1.05518,1.05736,1.05776,1.05952,1.0606,1.06138,1.06186,1.0624,1.06278,1.06426,1.06502,1.06506,1.06586,1.06648,1.06642,1.06738,1.06844,1.06798,1.0695,1.06906,1.07008,1.07104,1.06998,1.07074,1.07202,1.07232,1.0723,1.07192,1.07194,1.07308,1.07302,1.07344,1.0744,1.0744,1.07452,1.07508
StDev,0.001406414,0.001942164,0.002512966,0.00263875,0.00302043,0.003746065,0.004393973,0.005203172,0.00630912,0.008070936,0.010224627,0.01328676,0.017174021,0.02252583,0.029760746,0.03953678,0.051169933,0.066912727,0.08545263,0.105984447,0.128738234,0.153335899,0.17828811,0.20066921,0.221056004,0.233563165,0.241981958,0.247298589,0.25052272,0.253651637,0.256526728,0.259526382,0.261679772,0.262969361,0.264353886,0.2661135,0.266755137,0.266583799,0.266267294,0.264827485,0.265592174,0.265230488,0.265064949,0.264923957,0.265906124,0.265140702,0.265406861,0.266383432,0.26606363,0.267225369,0.26785015,0.268305224,0.267828766,0.268234912,0.269247847,0.270492519,0.270151841,0.270620749,0.271903987,0.272089467,0.271512158,0.272006347,0.272574968,0.27256296,0.272681242,0.272647624,0.273205542,0.27362943,0.273965777,0.273819892,0.27466297,0.27529897,0.275526093,0.275479277,0.275885061,0.275982557,0.276084268,0.276399072,0.276372385,0.27693405,0.276519542,0.27713269,0.278000525,0.277814512,0.277324254,0.278003448,0.278321487,0.279058537,0.278675507,0.279417809,0.279223955,0.279285692,0.279008244,0.279046627,0.279557055,0.2792915
1;2,0.1142,0.1139,0.1156,0.117,0.1182,0.1195,0.1216,0.1243,0.1274,0.1317,0.137,0.1437,0.1524,0.1634,0.1775,0.1965,0.2202,0.2494,0.2854,0.3277,0.3718,0.4188,0.464,0.5145,0.557,0.5985,0.6302,0.6531,0.6719,0.6863,0.6988,0.7087,0.7168,0.7258,0.7321,0.7372,0.744,0.7499,0.7572,0.7608,0.7614,0.7677,0.7712,0.777,0.7774,0.782,0.7856,0.7877,0.7936,0.7947,0.7948,0.7984,0.8075,0.8051,0.806,0.8044,0.8057,0.8101,0.8058,0.8075,0.8105,0.8116,0.8133,0.8135,0.8153,0.8153,0.8144,0.8147,0.817,0.8187,0.8181,0.8163,0.8177,0.8201,0.8173,0.8198,0.8206,0.8192,0.8205,0.8192,0.8223,0.8227,0.8196,0.8229,0.8232,0.8224,0.8234,0.8212,0.8213,0.8225,0.8195,0.8207,0.8231,0.8234,0.8234,0.8257
2;1,0.1144,0.1147,0.1167,0.1183,0.1198,0.1222,0.1249,0.1285,0.1335,0.1403,0.1489,0.1595,0.1737,0.1916,0.2159,0.2482,0.2896,0.3403,0.4052,0.48,0.5621,0.6534,0.7463,0.8382,0.9227,0.9887,1.0394,1.077,1.1043,1.1255,1.1445,1.16,1.1742,1.186,1.197,1.2067,1.2143,1.2215,1.2271,1.2301,1.2354,1.2396,1.2445,1.2486,1.2521,1.2552,1.2595,1.2628,1.2672,1.2716,1.274,1.2775,1.2811,1.2829,1.2847,1.2873,1.2887,1.2916,1.2939,1.2955,1.2959,1.2978,1.2991,1.3016,1.3016,1.3028,1.3036,1.3048,1.3055,1.3073,1.3083,1.3094,1.3111,1.3115,1.3119,1.3132,1.3141,1.3137,1.315,1.3147,1.3162,1.3183,1.3188,1.3187,1.3189,1.3203,1.3211,1.3217,1.321,1.3225,1.3222,1.3225,1.3235,1.3234,1.3233,1.3237
2;2,0.1137,0.1128,0.1144,0.1159,0.1173,0.1188,0.1209,0.1241,0.128,0.1333,0.1398,0.1482,0.1592,0.173,0.1909,0.2152,0.2459,0.286,0.3341,0.391,0.4549,0.5234,0.5912,0.66,0.7224,0.7757,0.8172,0.8481,0.8722,0.8908,0.9062,0.9207,0.9313,0.9419,0.95,0.9584,0.9669,0.9753,0.9815,0.9863,0.9894,0.9955,1.0016,1.0047,1.007,1.0128,1.0158,1.0192,1.0216,1.0251,1.027,1.031,1.0379,1.0434,1.04,1.0381,1.041,1.0437,1.0446,1.0464,1.0461,1.0481,1.0492,1.0518,1.0531,1.0541,1.0542,1.0542,1.0547,1.0562,1.0582,1.0574,1.0577,1.0585,1.058,1.0594,1.0609,1.0601,1.0618,1.061,1.0609,1.0606,1.0576,1.0594,1.0616,1.0622,1.061,1.0592,1.0602,1.0617,1.0619,1.0625,1.0639,1.0644,1.0638,1.0641
2;3,0.1116,0.1121,0.1137,0.1146,0.1158,0.1168,0.1187,0.1212,0.1246,0.1285,0.1337,0.1401,0.1479,0.1579,0.1705,0.1877,0.2084,0.2347,0.2648,0.3005,0.3383,0.38,0.4214,0.4656,0.5069,0.5446,0.575,0.6015,0.6187,0.6333,0.6454,0.6548,0.6633,0.6715,0.6805,0.6875,0.6928,0.7005,0.7047,0.7107,0.7161,0.7215,0.727,0.7295,0.7345,0.739,0.7422,0.7456,0.7481,0.7497,0.7513,0.7531,0.7533,0.7571,0.7562,0.7577,0.7602,0.7599,0.763,0.7635,0.7643,0.7667,0.7644,0.7671,0.7673,0.7687,0.7696,0.7698,0.7677,0.7692,0.769,0.7699,0.7699,0.7689,0.7708,0.7699,0.7708,0.7708,0.7725,0.772,0.7724,0.7733,0.7734,0.7717,0.7744,0.7742,0.7732,0.7738,0.774,0.7735,0.7764,0.7759,0.7758,0.7752,0.7749,0.7745
3;2,0.1154,0.1171,0.1201,0.1215,0.1237,0.1265,0.13,0.1346,0.1405,0.1487,0.1589,0.1727,0.1899,0.2129,0.2428,0.2835,0.3318,0.3963,0.4704,0.5546,0.6452,0.7417,0.8366,0.9296,1.0121,1.0761,1.1224,1.1567,1.1792,1.1998,1.2172,1.2331,1.2446,1.2553,1.2655,1.2752,1.2823,1.2884,1.2929,1.2942,1.2985,1.3043,1.3081,1.3115,1.3174,1.3204,1.324,1.3299,1.3325,1.3357,1.3377,1.3413,1.3444,1.3463,1.3483,1.3508,1.352,1.3547,1.357,1.3583,1.3591,1.3626,1.3628,1.3636,1.3657,1.366,1.3675,1.3685,1.369,1.3699,1.3715,1.3723,1.3729,1.3734,1.3741,1.3746,1.3758,1.3761,1.3777,1.3784,1.3786,1.3803,1.3805,1.381,1.382,1.3825,1.3828,1.3837,1.3832,1.3852,1.3851,1.3856,1.3857,1.3856,1.3872,1.3874
,,,,,,,,,,,,,,,,,,,,,,,,,,,,,,,,,,,,,,,,,,,,,,,,,,,,,,,,,,,,,,,,,,,,,,,,,,,,,,,,,,,,,,,,,,,,,,,,
Cycles / Well,,,,,,,,,,,,,,,,,,,,,,,,,,,,,,,,,,,,,,,,,,,,,,,,,,,,,,,,,,,,,,,,,,,,,,,,,,,,,,,,,,,,,,,,,,,,,,,,
D3,1,2,3,4,5,6,7,8,9,10,11,12,13,14,15,16,17,18,19,20,21,22,23,24,25,26,27,28,29,30,31,32,33,34,35,36,37,38,39,40,41,42,43,44,45,46,47,48,49,50,51,52,53,54,55,56,57,58,59,60,61,62,63,64,65,66,67,68,69,70,71,72,73,74,75,76,77,78,79,80,81,82,83,84,85,86,87,88,89,90,91,92,93,94,95,96
Time [s],0,1799.806,3599.729,5399.66,7199.597,8999.513,10799.458,12599.364,14399.311,16199.219,17999.129,19799.077,21599.014,23398.929,25198.853,26998.776,28798.721,30598.646,32398.579,34198.515,35998.426,37798.366,39598.295,41398.224,43198.149,44998.073,46797.997,48597.934,50397.855,52197.79,53997.709,55797.648,57597.562,59397.496,61197.415,62997.353,64797.279,66597.204,68397.129,70197.065,71996.967,73796.9,75596.814,77396.765,79196.693,80996.622,82796.528,84596.475,86396.393,88196.312,89996.248,91796.18,93596.114,95396.034,97195.966,98995.894,100795.82,102595.755,104395.67,106195.606,107995.535,109795.451,111595.395,113395.325,115195.239,116995.182,118795.096,120595.023,122394.949,124194.883,125994.805,127794.735,129594.672,131394.601,133194.53,134994.454,136794.373,138594.307,140394.225,142194.153,143994.083,145794.008,147593.92,149393.863,151193.795,152993.716,154793.66,156593.577,158393.507,160193.44,161993.355,163793.28,165593.216,167393.131,169193.06,170993.004
Temp. [°C],20,29.7,30.1,30,30,30.1,30,29.9,29.9,29.9,30,30,29.9,29.9,30.1,29.9,30,30,29.9,29.9,30,30,30,30.1,30,30.1,29.9,30,30,30.1,30,30.1,30.1,29.9,29.9,30,29.9,30.1,29.8,30,30.1,30.1,29.9,30.1,30,30.1,30.1,30.1,29.9,30,30,30,30,30.1,30,30,30.1,30,30,30,30,29.9,30.1,30.1,30,30,30,30,30,29.9,30,30,30,30,30,30.1,30.1,30.1,30.1,30.1,29.9,29.9,30.1,30.1,29.9,29.9,29.9,30.1,30,30,30.1,30,30.1,30,30.1,29.9
Mean,0.11842,0.11842,0.12336,0.12758,0.13264,0.14022,0.14784,0.15818,0.17132,0.18866,0.21058,0.23802,0.2708,0.3094,0.3543,0.40476,0.46162,0.5261,0.59588,0.67012,0.74902,0.82826,0.90388,0.96616,1.02004,1.05966,1.08882,1.11186,1.12908,1.14314,1.15476,1.1647,1.17738,1.18458,1.19342,1.20418,1.21028,1.21894,1.22366,1.2304,1.24104,1.24618,1.2531,1.25764,1.26716,1.27196,1.27718,1.28326,1.28496,1.29022,1.29352,1.2961,1.29534,1.30166,1.30484,1.30846,1.31194,1.31266,1.31608,1.3173,1.31732,1.3195,1.3191,1.3216,1.32306,1.3252,1.32802,1.32942,1.32872,1.33014,1.3326,1.33474,1.3349,1.33398,1.33804,1.33684,1.33838,1.34054,1.34138,1.34306,1.34122,1.34298,1.3458,1.34426,1.34622,1.3468,1.34644,1.34866,1.34976,1.35018,1.35226,1.35266,1.3518,1.353,1.35328,1.35314
StDev,0.003873887,0.004094753,0.004509767,0.004073328,0.004936395,0.006500538,0.008648873,0.011917089,0.016691675,0.02360896,0.032091853,0.04354787,0.057190821,0.075007766,0.095359399,0.11896589,0.145578336,0.173829744,0.206915942,0.238762951,0.268136378,0.291914522,0.307303607,0.315343072,0.316056123,0.314987703,0.314025472,0.309446866,0.307938447,0.306514018,0.305413757,0.305014213,0.303102494,0.302223398,0.299587762,0.29726523,0.297180563,0.29459493,0.292385453,0.289047816,0.282913234,0.280497686,0.275829123,0.27506936,0.271025807,0.269516832,0.267626189,0.266157224,0.265866147,0.264689992,0.262575412,0.261519091,0.263240115,0.259233896,0.26016677,0.257801257,0.25599523,0.255637171,0.25390795,0.254171202,0.254724276,0.252944569,0.254435247,0.252266268,0.252382444,0.251789068,0.25048662,0.249796972,0.252223942,0.250865039,0.250389497,0.248828993,0.249632089,0.250849899,0.247965356,0.250165002,0.249359133,0.248649116,0.248385924,0.247444606,0.248829444,0.247524801,0.246812783,0.248080457,0.246422294,0.246823773,0.248052863,0.246815808,0.246096298,0.24748167,0.244918115,0.245699996,0.245972925,0.246206976,0.246580782,0.247122405
1;2,0.1163,0.1155,0.1199,0.1242,0.129,0.1367,0.1439,0.1537,0.1664,0.1823,0.2023,0.2271,0.2572,0.2904,0.3277,0.3666,0.411,0.458,0.5065,0.558,0.6142,0.6738,0.7361,0.789,0.845,0.8831,0.9149,0.9426,0.9621,0.9777,0.9876,0.9982,1.0134,1.0182,1.027,1.0418,1.0478,1.0588,1.0587,1.0703,1.0916,1.0927,1.1011,1.1036,1.1223,1.1279,1.1317,1.1385,1.1391,1.1445,1.1496,1.1523,1.145,1.1587,1.1613,1.1696,1.1732,1.1756,1.1814,1.1804,1.1772,1.1819,1.1801,1.1851,1.1862,1.1892,1.1943,1.1969,1.1938,1.1938,1.1995,1.2049,1.2008,1.1968,1.2047,1.1997,1.2016,1.2081,1.2076,1.2142,1.2027,1.2072,1.2134,1.2083,1.2102,1.2118,1.2086,1.2119,1.2177,1.214,1.2211,1.2212,1.2172,1.2188,1.2191,1.2157
2;1,0.1189,0.1186,0.1217,0.124,0.1265,0.1306,0.1346,0.1399,0.1465,0.1545,0.1657,0.1787,0.1951,0.2126,0.234,0.2569,0.2828,0.314,0.3449,0.3798,0.4204,0.4623,0.5085,0.551,0.593,0.6282,0.6537,0.679,0.6962,0.7102,0.7238,0.7335,0.7472,0.7568,0.7697,0.782,0.7882,0.7998,0.8111,0.8205,0.8355,0.8471,0.8618,0.8687,0.8805,0.8876,0.8968,0.9048,0.9078,0.9149,0.921,0.9256,0.9255,0.9348,0.9364,0.9416,0.9482,0.9489,0.954,0.9558,0.9565,0.9604,0.9583,0.9633,0.9646,0.9673,0.9712,0.9734,0.9694,0.9742,0.9756,0.9787,0.9798,0.9784,0.9854,0.9823,0.9851,0.9863,0.9883,0.9889,0.99,0.9925,0.9947,0.9927,0.9979,0.9971,0.9961,0.9999,0.9997,0.9998,1.0037,1.003,1.0033,1.0039,1.0036,1.0042
2;2,0.1185,0.1182,0.124,0.1297,0.1361,0.1463,0.156,0.1691,0.1865,0.2085,0.2361,0.2708,0.3111,0.3592,0.4159,0.4797,0.551,0.6346,0.7228,0.8158,0.9149,1.0124,1.1028,1.1727,1.2335,1.2747,1.303,1.3257,1.3413,1.3557,1.3658,1.3754,1.3889,1.3942,1.4018,1.4137,1.4181,1.4241,1.4287,1.4337,1.4411,1.4457,1.4512,1.453,1.4603,1.4626,1.4679,1.473,1.4729,1.4795,1.4803,1.4813,1.4796,1.4847,1.4895,1.4917,1.4958,1.4939,1.4991,1.5011,1.5,1.4999,1.5,1.5013,1.5026,1.5057,1.5089,1.5093,1.5077,1.5097,1.5117,1.5129,1.5132,1.5126,1.5181,1.5151,1.5166,1.519,1.5193,1.52,1.5188,1.5197,1.5221,1.5208,1.5237,1.5227,1.5228,1.526,1.5262,1.5275,1.5289,1.5288,1.5273,1.529,1.5295,1.5291
2;3,0.114,0.1147,0.1203,0.1264,0.1331,0.1427,0.1531,0.1676,0.1869,0.2134,0.2468,0.2897,0.3419,0.4061,0.4799,0.564,0.659,0.7615,0.8778,0.9947,1.1095,1.2116,1.295,1.3552,1.3953,1.4236,1.446,1.4575,1.471,1.4799,1.4897,1.4982,1.5058,1.5125,1.5175,1.5233,1.5301,1.5359,1.5386,1.5402,1.5417,1.5447,1.5467,1.552,1.5563,1.5606,1.5633,1.5674,1.5703,1.5729,1.5747,1.5772,1.5804,1.581,1.5841,1.5846,1.5853,1.5873,1.5868,1.588,1.5898,1.5905,1.5923,1.5923,1.5938,1.5944,1.5949,1.5962,1.5991,1.599,1.6003,1.6003,1.6023,1.6033,1.6019,1.6052,1.6057,1.6063,1.6073,1.6073,1.6088,1.6088,1.6103,1.6106,1.6103,1.612,1.6134,1.6132,1.6131,1.6153,1.6136,1.6156,1.6159,1.6171,1.6179,1.619
3;2,0.1244,0.1251,0.1309,0.1336,0.1385,0.1448,0.1516,0.1606,0.1703,0.1846,0.202,0.2238,0.2487,0.2787,0.314,0.3566,0.4043,0.4624,0.5274,0.6023,0.6861,0.7812,0.877,0.9629,1.0334,1.0887,1.1265,1.1545,1.1748,1.1922,1.2069,1.2182,1.2316,1.2412,1.2511,1.2601,1.2672,1.2761,1.2812,1.2873,1.2953,1.3007,1.3047,1.3109,1.3164,1.3211,1.3262,1.3326,1.3347,1.3393,1.342,1.3441,1.3462,1.3491,1.3529,1.3548,1.3572,1.3576,1.3591,1.3612,1.3631,1.3648,1.3648,1.366,1.3681,1.3694,1.3708,1.3713,1.3736,1.374,1.3759,1.3769,1.3784,1.3788,1.3801,1.3819,1.3829,1.383,1.3844,1.3849,1.3858,1.3867,1.3885,1.3889,1.389,1.3904,1.3913,1.3923,1.3921,1.3943,1.394,1.3947,1.3953,1.3962,1.3963,1.3977
,,,,,,,,,,,,,,,,,,,,,,,,,,,,,,,,,,,,,,,,,,,,,,,,,,,,,,,,,,,,,,,,,,,,,,,,,,,,,,,,,,,,,,,,,,,,,,,,
Cycles / Well,,,,,,,,,,,,,,,,,,,,,,,,,,,,,,,,,,,,,,,,,,,,,,,,,,,,,,,,,,,,,,,,,,,,,,,,,,,,,,,,,,,,,,,,,,,,,,,,
D4,1,2,3,4,5,6,7,8,9,10,11,12,13,14,15,16,17,18,19,20,21,22,23,24,25,26,27,28,29,30,31,32,33,34,35,36,37,38,39,40,41,42,43,44,45,46,47,48,49,50,51,52,53,54,55,56,57,58,59,60,61,62,63,64,65,66,67,68,69,70,71,72,73,74,75,76,77,78,79,80,81,82,83,84,85,86,87,88,89,90,91,92,93,94,95,96
Time [s],0,1799.806,3599.729,5399.66,7199.597,8999.513,10799.458,12599.364,14399.311,16199.219,17999.129,19799.077,21599.014,23398.929,25198.853,26998.776,28798.721,30598.646,32398.579,34198.515,35998.426,37798.366,39598.295,41398.224,43198.149,44998.073,46797.997,48597.934,50397.855,52197.79,53997.709,55797.648,57597.562,59397.496,61197.415,62997.353,64797.279,66597.204,68397.129,70197.065,71996.967,73796.9,75596.814,77396.765,79196.693,80996.622,82796.528,84596.475,86396.393,88196.312,89996.248,91796.18,93596.114,95396.034,97195.966,98995.894,100795.82,102595.755,104395.67,106195.606,107995.535,109795.451,111595.395,113395.325,115195.239,116995.182,118795.096,120595.023,122394.949,124194.883,125994.805,127794.735,129594.672,131394.601,133194.53,134994.454,136794.373,138594.307,140394.225,142194.153,143994.083,145794.008,147593.92,149393.863,151193.795,152993.716,154793.66,156593.577,158393.507,160193.44,161993.355,163793.28,165593.216,167393.131,169193.06,170993.004
Temp. [°C],20,29.7,30.1,30,30,30.1,30,29.9,29.9,29.9,30,30,29.9,29.9,30.1,29.9,30,30,29.9,29.9,30,30,30,30.1,30,30.1,29.9,30,30,30.1,30,30.1,30.1,29.9,29.9,30,29.9,30.1,29.8,30,30.1,30.1,29.9,30.1,30,30.1,30.1,30.1,29.9,30,30,30,30,30.1,30,30,30.1,30,30,30,30,29.9,30.1,30.1,30,30,30,30,30,29.9,30,30,30,30,30,30.1,30.1,30.1,30.1,30.1,29.9,29.9,30.1,30.1,29.9,29.9,29.9,30.1,30,30,30.1,30,30.1,30,30.1,29.9
Mean,0.12356,0.1202,0.12232,0.1227,0.12372,0.1245,0.12534,0.12684,0.12824,0.13058,0.13346,0.13718,0.14104,0.14602,0.15212,0.1597,0.16864,0.18056,0.19514,0.2139,0.2383,0.2687,0.30794,0.35678,0.41614,0.48804,0.56948,0.6623,0.76066,0.85806,0.94192,1.01146,1.06546,1.10446,1.13456,1.15756,1.17626,1.19168,1.20608,1.21866,1.22912,1.23868,1.24774,1.25324,1.25704,1.26086,1.26552,1.27092,1.2753,1.27926,1.2828,1.28774,1.29156,1.29548,1.299,1.30174,1.30514,1.30726,1.30942,1.3113,1.31372,1.31584,1.31766,1.31908,1.32122,1.32252,1.32418,1.32494,1.3262,1.32772,1.3286,1.3299,1.33062,1.33124,1.33228,1.33284,1.33434,1.3346,1.33558,1.33622,1.33748,1.33842,1.33904,1.33966,1.34018,1.34074,1.3413,1.34162,1.34188,1.3436,1.34364,1.3441,1.345,1.34508,1.34506,1.34596
StDev,0.010554288,0.009402659,0.009589421,0.008539614,0.008679113,0.008563002,0.008593195,0.00906769,0.0092254,0.009927588,0.010411196,0.011677842,0.011920906,0.012491677,0.013172016,0.014273227,0.014975246,0.01680128,0.018913699,0.021128417,0.025345118,0.029847697,0.035887574,0.042262004,0.04873036,0.055170717,0.059337063,0.062253634,0.062828919,0.060783123,0.056946528,0.052121282,0.048632376,0.045980028,0.043332528,0.042748661,0.040784164,0.04052403,0.039995837,0.039668224,0.038923219,0.038487556,0.038612796,0.037820735,0.037470495,0.037319338,0.037985023,0.037849597,0.037082543,0.037232754,0.037819506,0.037317864,0.036873541,0.036479337,0.036959437,0.036843358,0.037023276,0.036713118,0.037074142,0.037108692,0.036781748,0.036806154,0.036844986,0.036788748,0.036678222,0.036192568,0.036306845,0.036438825,0.036436795,0.036506054,0.036263963,0.037076745,0.036745435,0.036648097,0.036636621,0.036520857,0.036259868,0.036611952,0.03678868,0.03668974,0.037007729,0.036865322,0.03617759,0.036707193,0.036952767,0.036609739,0.036888955,0.037002595,0.037036968,0.037160934,0.037093773,0.036661628,0.036896002,0.037366121,0.037266647,0.036779995
1;2,0.1182,0.1139,0.1158,0.1168,0.1178,0.1185,0.1193,0.1203,0.1215,0.1232,0.1256,0.1284,0.1318,0.1362,0.1415,0.1482,0.1559,0.1663,0.1791,0.1956,0.2167,0.2431,0.2773,0.3212,0.3753,0.4423,0.5196,0.6107,0.7075,0.8068,0.8961,0.9707,1.0286,1.0711,1.1028,1.1271,1.1471,1.1626,1.177,1.1904,1.2022,1.2113,1.2203,1.2261,1.2304,1.2343,1.2375,1.244,1.2483,1.2534,1.2568,1.2619,1.2658,1.2693,1.2739,1.2767,1.2799,1.2815,1.2841,1.2865,1.2886,1.2908,1.2925,1.2936,1.2956,1.2986,1.2988,1.3003,1.3016,1.303,1.3042,1.3055,1.305,1.3053,1.3069,1.3078,1.3094,1.3101,1.3099,1.3117,1.3126,1.3141,1.3141,1.3146,1.3153,1.3157,1.3158,1.3162,1.3163,1.3184,1.3185,1.319,1.3195,1.3194,1.3197,1.3208
2;1,0.1244,0.1223,0.1235,0.1241,0.125,0.1263,0.1271,0.1286,0.1302,0.1327,0.1359,0.1394,0.1437,0.1488,0.1553,0.1625,0.1721,0.1836,0.1976,0.2158,0.2396,0.2687,0.307,0.3545,0.4125,0.4849,0.5672,0.6588,0.7553,0.851,0.9318,1.0008,1.0524,1.0895,1.1212,1.1429,1.1613,1.175,1.191,1.202,1.2131,1.2211,1.2299,1.2353,1.2409,1.2438,1.2489,1.2557,1.2597,1.2628,1.2668,1.2706,1.2743,1.2787,1.2815,1.2849,1.2877,1.2906,1.2921,1.294,1.2974,1.2985,1.301,1.3025,1.3048,1.3053,1.3081,1.3085,1.3086,1.3108,1.312,1.3123,1.3143,1.3144,1.3153,1.3159,1.3176,1.3182,1.3191,1.3199,1.3202,1.3217,1.3224,1.3234,1.3244,1.3247,1.3255,1.326,1.3256,1.3275,1.328,1.3274,1.3284,1.3283,1.328,1.3295
2;2,0.1196,0.1162,0.1182,0.1189,0.1199,0.1206,0.1215,0.123,0.1243,0.1263,0.1289,0.1321,0.1359,0.1408,0.1467,0.1541,0.1632,0.1746,0.1892,0.2078,0.2315,0.2618,0.3008,0.3507,0.4115,0.4861,0.5727,0.6715,0.7748,0.877,0.9646,1.034,1.0899,1.1293,1.159,1.1827,1.2009,1.2172,1.2321,1.2447,1.254,1.2643,1.2737,1.2788,1.2823,1.2853,1.2897,1.2961,1.2997,1.3035,1.3077,1.3131,1.3163,1.3202,1.3231,1.3257,1.3302,1.3323,1.3347,1.3364,1.3391,1.3416,1.3425,1.3447,1.3466,1.3481,1.3503,1.3499,1.352,1.3534,1.3538,1.3558,1.3567,1.3566,1.3582,1.3585,1.36,1.3596,1.3612,1.3617,1.3636,1.3637,1.3639,1.3646,1.3657,1.3662,1.3658,1.3675,1.3676,1.3691,1.3693,1.3697,1.3712,1.3712,1.3708,1.3713
2;3,0.1143,0.1129,0.1156,0.1167,0.1176,0.1184,0.1192,0.1204,0.1217,0.1237,0.1263,0.1294,0.1331,0.1377,0.1434,0.1504,0.1589,0.17,0.1832,0.2011,0.2228,0.2508,0.286,0.3294,0.3833,0.4472,0.5219,0.6088,0.7062,0.8037,0.8889,0.962,1.019,1.0604,1.0924,1.1159,1.1371,1.1539,1.1678,1.1814,1.1918,1.2035,1.2125,1.2193,1.2219,1.2269,1.2315,1.2347,1.241,1.2444,1.2465,1.2529,1.2577,1.2623,1.2648,1.2672,1.2706,1.2731,1.2747,1.2761,1.2785,1.2812,1.2828,1.2843,1.2867,1.2879,1.2896,1.2901,1.292,1.293,1.2939,1.2944,1.2957,1.2974,1.2979,1.2984,1.3001,1.2993,1.3009,1.3006,1.3022,1.3027,1.3051,1.3046,1.304,1.3055,1.3061,1.3056,1.3065,1.3076,1.3073,1.3093,1.3099,1.3095,1.3097,1.3109
3;2,0.1413,0.1357,0.1385,0.137,0.1383,0.1387,0.1396,0.1419,0.1435,0.147,0.1506,0.1566,0.1607,0.1666,0.1737,0.1833,0.1931,0.2083,0.2266,0.2492,0.2809,0.3191,0.3686,0.4281,0.4981,0.5797,0.666,0.7617,0.8595,0.9518,1.0282,1.0898,1.1374,1.172,1.1974,1.2192,1.2349,1.2497,1.2625,1.2748,1.2845,1.2932,1.3023,1.3067,1.3097,1.314,1.32,1.3241,1.3278,1.3322,1.3362,1.3402,1.3437,1.3469,1.3517,1.3542,1.3573,1.3588,1.3615,1.3635,1.365,1.3671,1.3695,1.3703,1.3724,1.3727,1.3741,1.3759,1.3768,1.3784,1.3791,1.3815,1.3814,1.3825,1.3831,1.3836,1.3846,1.3858,1.3868,1.3872,1.3888,1.3899,1.3897,1.3911,1.3915,1.3916,1.3933,1.3928,1.3934,1.3954,1.3951,1.3951,1.396,1.397,1.3971,1.3973
,,,,,,,,,,,,,,,,,,,,,,,,,,,,,,,,,,,,,,,,,,,,,,,,,,,,,,,,,,,,,,,,,,,,,,,,,,,,,,,,,,,,,,,,,,,,,,,,
Cycles / Well,,,,,,,,,,,,,,,,,,,,,,,,,,,,,,,,,,,,,,,,,,,,,,,,,,,,,,,,,,,,,,,,,,,,,,,,,,,,,,,,,,,,,,,,,,,,,,,,
D5,1,2,3,4,5,6,7,8,9,10,11,12,13,14,15,16,17,18,19,20,21,22,23,24,25,26,27,28,29,30,31,32,33,34,35,36,37,38,39,40,41,42,43,44,45,46,47,48,49,50,51,52,53,54,55,56,57,58,59,60,61,62,63,64,65,66,67,68,69,70,71,72,73,74,75,76,77,78,79,80,81,82,83,84,85,86,87,88,89,90,91,92,93,94,95,96
Time [s],0,1799.806,3599.729,5399.66,7199.597,8999.513,10799.458,12599.364,14399.311,16199.219,17999.129,19799.077,21599.014,23398.929,25198.853,26998.776,28798.721,30598.646,32398.579,34198.515,35998.426,37798.366,39598.295,41398.224,43198.149,44998.073,46797.997,48597.934,50397.855,52197.79,53997.709,55797.648,57597.562,59397.496,61197.415,62997.353,64797.279,66597.204,68397.129,70197.065,71996.967,73796.9,75596.814,77396.765,79196.693,80996.622,82796.528,84596.475,86396.393,88196.312,89996.248,91796.18,93596.114,95396.034,97195.966,98995.894,100795.82,102595.755,104395.67,106195.606,107995.535,109795.451,111595.395,113395.325,115195.239,116995.182,118795.096,120595.023,122394.949,124194.883,125994.805,127794.735,129594.672,131394.601,133194.53,134994.454,136794.373,138594.307,140394.225,142194.153,143994.083,145794.008,147593.92,149393.863,151193.795,152993.716,154793.66,156593.577,158393.507,160193.44,161993.355,163793.28,165593.216,167393.131,169193.06,170993.004
Temp. [°C],20,29.7,30.1,30,30,30.1,30,29.9,29.9,29.9,30,30,29.9,29.9,30.1,29.9,30,30,29.9,29.9,30,30,30,30.1,30,30.1,29.9,30,30,30.1,30,30.1,30.1,29.9,29.9,30,29.9,30.1,29.8,30,30.1,30.1,29.9,30.1,30,30.1,30.1,30.1,29.9,30,30,30,30,30.1,30,30,30.1,30,30,30,30,29.9,30.1,30.1,30,30,30,30,30,29.9,30,30,30,30,30,30.1,30.1,30.1,30.1,30.1,29.9,29.9,30.1,30.1,29.9,29.9,29.9,30.1,30,30,30.1,30,30.1,30,30.1,29.9
Mean,0.12378,0.12046,0.12428,0.12718,0.1306,0.13478,0.13992,0.1466,0.15458,0.16568,0.17974,0.19766,0.22144,0.2524,0.29176,0.34128,0.40056,0.4727,0.5552,0.64826,0.75108,0.85744,0.9618,1.04974,1.12138,1.17238,1.20628,1.23082,1.2488,1.26306,1.27532,1.28648,1.2952,1.30258,1.3104,1.3171,1.32276,1.32774,1.33118,1.33388,1.33654,1.3385,1.34274,1.34764,1.35394,1.35906,1.3641,1.37014,1.37322,1.37726,1.38046,1.38296,1.38444,1.38702,1.38898,1.39158,1.39304,1.39422,1.39674,1.3975,1.39928,1.40058,1.40238,1.40302,1.40436,1.40568,1.40682,1.40762,1.40894,1.41016,1.41126,1.41202,1.4134,1.41404,1.41558,1.41644,1.4178,1.41906,1.4197,1.42016,1.4211,1.42182,1.42314,1.4232,1.42404,1.42528,1.4261,1.4267,1.4274,1.42916,1.4294,1.42996,1.43034,1.43112,1.43108,1.43162
StDev,0.006965056,0.006795808,0.008087459,0.007848376,0.008303313,0.00865026,0.009188689,0.009547775,0.008811754,0.008875641,0.008986545,0.00923488,0.009884736,0.012648518,0.017702909,0.02466165,0.033654168,0.042836608,0.053318899,0.063508409,0.072464039,0.078245434,0.079716999,0.079096321,0.076104809,0.073905494,0.07117933,0.069431059,0.068063463,0.067334486,0.066459589,0.06626075,0.066366369,0.066301825,0.065322622,0.064438032,0.064838168,0.064610239,0.063704333,0.063729248,0.06305722,0.06294152,0.062818612,0.063682439,0.06313187,0.064043329,0.064187265,0.064012132,0.063881742,0.063333506,0.063448743,0.063581074,0.063641048,0.063806207,0.064138771,0.063146195,0.063325058,0.062960202,0.062752036,0.063126342,0.062805947,0.062640418,0.063345694,0.062465647,0.062921721,0.063549642,0.062808375,0.062980727,0.063640616,0.063260675,0.062920887,0.062874534,0.062849145,0.063334453,0.062841722,0.063544772,0.063193947,0.063001333,0.063266144,0.063061938,0.063343903,0.062601893,0.062678768,0.06254998,0.062351768,0.062797747,0.062935523,0.062816479,0.063143408,0.062976686,0.062585222,0.062835722,0.063132187,0.062745813,0.062846018,0.062919607
1;2,0.119,0.1149,0.1178,0.1205,0.1233,0.1268,0.1313,0.1373,0.1454,0.1559,0.1692,0.1868,0.2101,0.2409,0.2798,0.329,0.3885,0.4606,0.5451,0.6401,0.7463,0.8562,0.9617,1.0525,1.1288,1.1804,1.2156,1.2411,1.2598,1.2738,1.2862,1.2972,1.3056,1.3129,1.3223,1.3284,1.3349,1.339,1.3406,1.3432,1.3481,1.349,1.3532,1.3553,1.3645,1.3706,1.3753,1.3807,1.3842,1.3869,1.3901,1.3927,1.3922,1.3965,1.3981,1.4014,1.4022,1.4031,1.4066,1.4067,1.4077,1.4106,1.4114,1.4124,1.4132,1.4174,1.4166,1.4171,1.4184,1.4196,1.421,1.4225,1.4222,1.4224,1.4264,1.4251,1.4278,1.4295,1.4297,1.4302,1.4298,1.4305,1.4328,1.4319,1.4336,1.435,1.4359,1.436,1.4379,1.4386,1.4399,1.4405,1.4403,1.4412,1.4398,1.44
2;1,0.1243,0.122,0.1258,0.129,0.1328,0.1375,0.1421,0.1487,0.1561,0.1658,0.1778,0.192,0.2117,0.2367,0.2686,0.3086,0.3562,0.4149,0.482,0.559,0.6478,0.7465,0.8504,0.9398,1.016,1.0706,1.1083,1.1354,1.1553,1.1707,1.1842,1.1956,1.2043,1.2121,1.2208,1.2292,1.2337,1.2398,1.2448,1.2473,1.2508,1.2534,1.2578,1.2618,1.2684,1.272,1.2768,1.2829,1.2857,1.2907,1.2943,1.2956,1.2974,1.3006,1.3014,1.3055,1.307,1.3082,1.3112,1.311,1.3134,1.3144,1.3155,1.3177,1.3186,1.3185,1.3214,1.3219,1.3221,1.3236,1.3252,1.3259,1.328,1.3279,1.3298,1.3299,1.3316,1.3328,1.3327,1.3336,1.3342,1.3359,1.3374,1.337,1.3384,1.3389,1.339,1.3404,1.3403,1.3427,1.3434,1.344,1.3439,1.3449,1.3451,1.3453
2;2,0.1222,0.1179,0.1209,0.1243,0.1278,0.132,0.1374,0.1444,0.1533,0.1657,0.1811,0.2009,0.2286,0.2642,0.3096,0.3663,0.4346,0.5147,0.6065,0.7078,0.818,0.9295,1.0363,1.1226,1.1925,1.2427,1.2732,1.297,1.3132,1.3273,1.3383,1.3494,1.3596,1.3657,1.3725,1.3793,1.3843,1.3905,1.3923,1.3955,1.3974,1.3991,1.4042,1.4086,1.4153,1.4203,1.4259,1.4318,1.4341,1.4382,1.4412,1.4441,1.4445,1.448,1.4506,1.4522,1.4546,1.4549,1.4577,1.4582,1.4602,1.4613,1.4639,1.4633,1.4655,1.4667,1.4679,1.4681,1.4704,1.4713,1.4722,1.4726,1.4742,1.4753,1.4764,1.4779,1.4787,1.479,1.4806,1.4806,1.4824,1.4825,1.4843,1.4833,1.4841,1.4856,1.4864,1.4878,1.4891,1.4902,1.4905,1.4909,1.4916,1.492,1.4921,1.4922
2;3,0.118,0.1159,0.1192,0.1221,0.1251,0.1291,0.1341,0.1407,0.1495,0.1612,0.1768,0.1975,0.2253,0.2614,0.3077,0.3652,0.4342,0.5158,0.6084,0.711,0.8216,0.9331,1.0385,1.1262,1.1922,1.2398,1.2713,1.2928,1.3096,1.3228,1.3346,1.3455,1.3531,1.3619,1.3678,1.3732,1.3796,1.3837,1.3882,1.3904,1.3913,1.3941,1.3972,1.4059,1.409,1.4154,1.4203,1.4264,1.4296,1.4333,1.4372,1.439,1.4429,1.4444,1.4462,1.4476,1.4489,1.4502,1.4516,1.4535,1.4549,1.455,1.458,1.4582,1.4599,1.4608,1.4618,1.4637,1.4652,1.4659,1.4664,1.467,1.4693,1.4706,1.4702,1.473,1.4735,1.475,1.4752,1.4758,1.4771,1.477,1.4776,1.4787,1.4789,1.4806,1.4814,1.4815,1.4814,1.4843,1.4831,1.4845,1.4854,1.4856,1.4865,1.4877
3;2,0.1354,0.1316,0.1377,0.14,0.144,0.1485,0.1547,0.1619,0.1686,0.1798,0.1938,0.2111,0.2315,0.2588,0.2931,0.3373,0.3893,0.4575,0.534,0.6234,0.7217,0.8219,0.9221,1.0076,1.0774,1.1284,1.163,1.1878,1.2061,1.2207,1.2333,1.2447,1.2534,1.2603,1.2686,1.2754,1.2813,1.2857,1.29,1.293,1.2951,1.2969,1.3013,1.3066,1.3125,1.317,1.3222,1.3289,1.3325,1.3372,1.3395,1.3434,1.3452,1.3456,1.3486,1.3512,1.3525,1.3547,1.3566,1.3581,1.3602,1.3616,1.3631,1.3635,1.3646,1.365,1.3664,1.3673,1.3686,1.3704,1.3715,1.3721,1.3733,1.374,1.3751,1.3763,1.3774,1.379,1.3803,1.3806,1.382,1.3832,1.3836,1.3851,1.3852,1.3863,1.3878,1.3878,1.3883,1.39,1.3901,1.3899,1.3905,1.3919,1.3919,1.3929
,,,,,,,,,,,,,,,,,,,,,,,,,,,,,,,,,,,,,,,,,,,,,,,,,,,,,,,,,,,,,,,,,,,,,,,,,,,,,,,,,,,,,,,,,,,,,,,,
Cycles / Well,,,,,,,,,,,,,,,,,,,,,,,,,,,,,,,,,,,,,,,,,,,,,,,,,,,,,,,,,,,,,,,,,,,,,,,,,,,,,,,,,,,,,,,,,,,,,,,,
D6,1,2,3,4,5,6,7,8,9,10,11,12,13,14,15,16,17,18,19,20,21,22,23,24,25,26,27,28,29,30,31,32,33,34,35,36,37,38,39,40,41,42,43,44,45,46,47,48,49,50,51,52,53,54,55,56,57,58,59,60,61,62,63,64,65,66,67,68,69,70,71,72,73,74,75,76,77,78,79,80,81,82,83,84,85,86,87,88,89,90,91,92,93,94,95,96
Time [s],0,1799.806,3599.729,5399.66,7199.597,8999.513,10799.458,12599.364,14399.311,16199.219,17999.129,19799.077,21599.014,23398.929,25198.853,26998.776,28798.721,30598.646,32398.579,34198.515,35998.426,37798.366,39598.295,41398.224,43198.149,44998.073,46797.997,48597.934,50397.855,52197.79,53997.709,55797.648,57597.562,59397.496,61197.415,62997.353,64797.279,66597.204,68397.129,70197.065,71996.967,73796.9,75596.814,77396.765,79196.693,80996.622,82796.528,84596.475,86396.393,88196.312,89996.248,91796.18,93596.114,95396.034,97195.966,98995.894,100795.82,102595.755,104395.67,106195.606,107995.535,109795.451,111595.395,113395.325,115195.239,116995.182,118795.096,120595.023,122394.949,124194.883,125994.805,127794.735,129594.672,131394.601,133194.53,134994.454,136794.373,138594.307,140394.225,142194.153,143994.083,145794.008,147593.92,149393.863,151193.795,152993.716,154793.66,156593.577,158393.507,160193.44,161993.355,163793.28,165593.216,167393.131,169193.06,170993.004
Temp. [°C],20,29.7,30.1,30,30,30.1,30,29.9,29.9,29.9,30,30,29.9,29.9,30.1,29.9,30,30,29.9,29.9,30,30,30,30.1,30,30.1,29.9,30,30,30.1,30,30.1,30.1,29.9,29.9,30,29.9,30.1,29.8,30,30.1,30.1,29.9,30.1,30,30.1,30.1,30.1,29.9,30,30,30,30,30.1,30,30,30.1,30,30,30,30,29.9,30.1,30.1,30,30,30,30,30,29.9,30,30,30,30,30,30.1,30.1,30.1,30.1,30.1,29.9,29.9,30.1,30.1,29.9,29.9,29.9,30.1,30,30,30.1,30,30.1,30,30.1,29.9
Mean,0.12622,0.12334,0.12652,0.1301,0.13528,0.14186,0.15038,0.16192,0.17686,0.198,0.2259,0.26246,0.30986,0.36612,0.43432,0.51222,0.60098,0.70032,0.80154,0.89812,0.98554,1.05664,1.10674,1.14184,1.1684,1.1898,1.20724,1.22392,1.23798,1.2501,1.26144,1.27148,1.27976,1.287,1.29446,1.30164,1.30926,1.31486,1.32012,1.3235,1.32662,1.32994,1.33276,1.33464,1.33648,1.33756,1.33968,1.34094,1.34218,1.34356,1.3447,1.3461,1.34838,1.35042,1.34992,1.35094,1.35212,1.35308,1.35442,1.355,1.35598,1.3573,1.3578,1.35916,1.3606,1.3616,1.36222,1.36284,1.3642,1.36534,1.3652,1.36616,1.36758,1.36828,1.36926,1.37046,1.37138,1.37176,1.37276,1.37324,1.37474,1.37516,1.37644,1.3771,1.37768,1.37892,1.37988,1.38056,1.37996,1.3819,1.3831,1.38376,1.38482,1.3856,1.38574,1.38654
StDev,0.004872576,0.006716621,0.008465046,0.009611972,0.011611288,0.01408556,0.01727475,0.021690251,0.027139694,0.035084897,0.044911969,0.056666992,0.070263525,0.08185693,0.092311115,0.101016147,0.10899072,0.114519156,0.117857427,0.117105879,0.113505498,0.107124264,0.101596299,0.096843859,0.093712913,0.091723825,0.091245345,0.089228118,0.088793198,0.088015766,0.087450632,0.087339636,0.085665938,0.08521335,0.085534747,0.085406253,0.08355123,0.081184869,0.080163689,0.079297825,0.078994601,0.078275303,0.07851454,0.078030142,0.07863814,0.078577306,0.078107055,0.077465851,0.078354623,0.078150323,0.077548565,0.07739832,0.077373555,0.077656919,0.077688622,0.077789286,0.078240316,0.077864318,0.077781084,0.077794858,0.077646455,0.077687129,0.078193318,0.077926266,0.077677088,0.077585372,0.078074945,0.077438769,0.077251116,0.077602242,0.077644156,0.077833046,0.07763657,0.077600625,0.078143925,0.077212324,0.077301986,0.077632422,0.078182562,0.077443709,0.077475306,0.077779387,0.078020241,0.07774426,0.077825973,0.077852373,0.077914228,0.078092464,0.077308492,0.077625382,0.077791741,0.077570246,0.077319124,0.077510128,0.077398727,0.077305259
1;2,0.123,0.1178,0.1192,0.1214,0.1249,0.1294,0.135,0.1426,0.1528,0.1671,0.1863,0.2124,0.2479,0.295,0.3563,0.4298,0.5154,0.6145,0.7187,0.8208,0.916,0.9953,1.05,1.0881,1.1179,1.1408,1.1587,1.1766,1.1919,1.2049,1.2178,1.2284,1.2374,1.2454,1.2519,1.2584,1.2676,1.2727,1.2791,1.2841,1.2851,1.2901,1.2926,1.2948,1.2961,1.2979,1.3002,1.303,1.3032,1.3049,1.306,1.3072,1.3106,1.3119,1.3111,1.3121,1.3125,1.3135,1.3143,1.3157,1.3171,1.3184,1.3181,1.3198,1.3219,1.3229,1.3235,1.3239,1.3263,1.3274,1.3264,1.3277,1.3288,1.3303,1.3307,1.3331,1.3337,1.3337,1.3344,1.3351,1.3379,1.3368,1.3381,1.3388,1.3397,1.3404,1.3418,1.3425,1.3421,1.3442,1.3451,1.346,1.3475,1.3485,1.3481,1.3487
2;1,0.1282,0.1257,0.1307,0.1352,0.1419,0.1497,0.1597,0.1742,0.1925,0.2183,0.2516,0.2938,0.3482,0.4083,0.4797,0.5588,0.6473,0.747,0.8445,0.9383,1.022,1.0914,1.141,1.1748,1.1984,1.2174,1.2353,1.2524,1.2649,1.2765,1.2871,1.2979,1.3049,1.3108,1.3194,1.3282,1.3342,1.3398,1.345,1.3464,1.3514,1.3538,1.3564,1.3586,1.3611,1.3614,1.3626,1.3628,1.3651,1.3664,1.3676,1.367,1.3697,1.3714,1.3707,1.3733,1.3738,1.3741,1.3763,1.3767,1.3781,1.3788,1.3796,1.381,1.3815,1.3819,1.3829,1.3843,1.3848,1.3856,1.3863,1.3866,1.3871,1.3876,1.3898,1.3899,1.3901,1.3916,1.3924,1.3928,1.3934,1.3949,1.3965,1.3966,1.3972,1.3983,1.3996,1.4006,1.3985,1.4013,1.4032,1.4031,1.4029,1.4039,1.4037,1.4051
2;2,0.1243,0.1213,0.1234,0.1265,0.1309,0.1367,0.1445,0.1551,0.1688,0.1887,0.2158,0.2522,0.3009,0.3616,0.4365,0.5234,0.6224,0.7316,0.8428,0.9463,1.0373,1.1085,1.1582,1.1923,1.2187,1.241,1.2582,1.2741,1.2893,1.3027,1.3124,1.3221,1.3312,1.3379,1.3448,1.351,1.3594,1.3631,1.3677,1.3713,1.3731,1.3763,1.3797,1.3813,1.3822,1.3836,1.3864,1.3879,1.3889,1.3899,1.391,1.3934,1.3951,1.398,1.3975,1.3968,1.3994,1.4011,1.4021,1.4011,1.4027,1.4049,1.4049,1.4055,1.4081,1.4093,1.4096,1.4092,1.411,1.4128,1.4119,1.4132,1.4153,1.4156,1.416,1.4176,1.4186,1.4186,1.4206,1.4207,1.423,1.423,1.4242,1.4246,1.4249,1.4271,1.4285,1.428,1.4274,1.4286,1.4303,1.431,1.4326,1.4327,1.4337,1.4338
2;3,0.1218,0.118,0.12,0.123,0.1264,0.1309,0.1368,0.1442,0.1541,0.1675,0.1857,0.2105,0.243,0.2844,0.3367,0.3992,0.4731,0.5595,0.6506,0.7428,0.8304,0.9063,0.9622,1.0034,1.0337,1.0578,1.0756,1.0947,1.1089,1.1216,1.1334,1.1431,1.1538,1.1618,1.1691,1.1766,1.1865,1.1965,1.2028,1.2071,1.2117,1.2154,1.218,1.2204,1.2216,1.2225,1.2254,1.227,1.2272,1.2288,1.2309,1.2331,1.2347,1.2367,1.2364,1.2371,1.238,1.2396,1.2412,1.2416,1.2423,1.2436,1.2438,1.2455,1.247,1.2483,1.2481,1.2498,1.251,1.2516,1.2518,1.2524,1.2545,1.2549,1.2551,1.2573,1.2585,1.2583,1.2585,1.2601,1.2609,1.2615,1.2623,1.2636,1.2639,1.2653,1.2657,1.2662,1.2672,1.2684,1.2692,1.2703,1.2718,1.2722,1.2728,1.2738
3;2,0.1338,0.1339,0.1393,0.1444,0.1523,0.1626,0.1759,0.1935,0.2161,0.2484,0.2901,0.3434,0.4093,0.4813,0.5624,0.6499,0.7467,0.849,0.9511,1.0424,1.122,1.1817,1.2223,1.2506,1.2733,1.292,1.3084,1.3218,1.3349,1.3448,1.3565,1.3659,1.3715,1.3791,1.3871,1.394,1.3986,1.4022,1.406,1.4086,1.4118,1.4141,1.4171,1.4181,1.4214,1.4224,1.4238,1.424,1.4265,1.4278,1.428,1.4298,1.4318,1.4341,1.4339,1.4354,1.4369,1.4371,1.4382,1.4399,1.4397,1.4408,1.4426,1.444,1.4445,1.4456,1.447,1.447,1.4479,1.4493,1.4496,1.4509,1.4522,1.453,1.4547,1.4544,1.456,1.4566,1.4579,1.4575,1.4585,1.4596,1.4611,1.4619,1.4627,1.4635,1.4638,1.4655,1.4646,1.467,1.4677,1.4684,1.4693,1.4707,1.4704,1.4713
,,,,,,,,,,,,,,,,,,,,,,,,,,,,,,,,,,,,,,,,,,,,,,,,,,,,,,,,,,,,,,,,,,,,,,,,,,,,,,,,,,,,,,,,,,,,,,,,
Cycles / Well,,,,,,,,,,,,,,,,,,,,,,,,,,,,,,,,,,,,,,,,,,,,,,,,,,,,,,,,,,,,,,,,,,,,,,,,,,,,,,,,,,,,,,,,,,,,,,,,
D7,1,2,3,4,5,6,7,8,9,10,11,12,13,14,15,16,17,18,19,20,21,22,23,24,25,26,27,28,29,30,31,32,33,34,35,36,37,38,39,40,41,42,43,44,45,46,47,48,49,50,51,52,53,54,55,56,57,58,59,60,61,62,63,64,65,66,67,68,69,70,71,72,73,74,75,76,77,78,79,80,81,82,83,84,85,86,87,88,89,90,91,92,93,94,95,96
Time [s],0,1799.806,3599.729,5399.66,7199.597,8999.513,10799.458,12599.364,14399.311,16199.219,17999.129,19799.077,21599.014,23398.929,25198.853,26998.776,28798.721,30598.646,32398.579,34198.515,35998.426,37798.366,39598.295,41398.224,43198.149,44998.073,46797.997,48597.934,50397.855,52197.79,53997.709,55797.648,57597.562,59397.496,61197.415,62997.353,64797.279,66597.204,68397.129,70197.065,71996.967,73796.9,75596.814,77396.765,79196.693,80996.622,82796.528,84596.475,86396.393,88196.312,89996.248,91796.18,93596.114,95396.034,97195.966,98995.894,100795.82,102595.755,104395.67,106195.606,107995.535,109795.451,111595.395,113395.325,115195.239,116995.182,118795.096,120595.023,122394.949,124194.883,125994.805,127794.735,129594.672,131394.601,133194.53,134994.454,136794.373,138594.307,140394.225,142194.153,143994.083,145794.008,147593.92,149393.863,151193.795,152993.716,154793.66,156593.577,158393.507,160193.44,161993.355,163793.28,165593.216,167393.131,169193.06,170993.004
Temp. [°C],20,29.7,30.1,30,30,30.1,30,29.9,29.9,29.9,30,30,29.9,29.9,30.1,29.9,30,30,29.9,29.9,30,30,30,30.1,30,30.1,29.9,30,30,30.1,30,30.1,30.1,29.9,29.9,30,29.9,30.1,29.8,30,30.1,30.1,29.9,30.1,30,30.1,30.1,30.1,29.9,30,30,30,30,30.1,30,30,30.1,30,30,30,30,29.9,30.1,30.1,30,30,30,30,30,29.9,30,30,30,30,30,30.1,30.1,30.1,30.1,30.1,29.9,29.9,30.1,30.1,29.9,29.9,29.9,30.1,30,30,30.1,30,30.1,30,30.1,29.9
Mean,0.12248,0.11928,0.12214,0.1252,0.12902,0.13432,0.14076,0.14966,0.16202,0.1795,0.20392,0.23658,0.27902,0.33244,0.39814,0.47468,0.56342,0.6622,0.77026,0.88216,0.98656,1.07774,1.15012,1.19864,1.23168,1.255,1.27264,1.28784,1.30114,1.31264,1.32304,1.33164,1.33986,1.34708,1.35408,1.36002,1.3643,1.36984,1.3751,1.38092,1.38628,1.39134,1.39656,1.4001,1.40494,1.40828,1.41122,1.41498,1.41704,1.41978,1.42138,1.42374,1.42556,1.42726,1.42874,1.43124,1.43302,1.43396,1.43608,1.4374,1.43828,1.44032,1.44172,1.44286,1.44484,1.4461,1.447,1.44828,1.45,1.45134,1.45254,1.45384,1.45486,1.4557,1.45682,1.45834,1.45972,1.46038,1.46188,1.46346,1.46458,1.46596,1.46718,1.4679,1.46892,1.47,1.47168,1.47218,1.47234,1.47448,1.47548,1.4762,1.4773,1.47832,1.47884,1.47992
StDev,0.001974082,0.002630019,0.004025295,0.005071489,0.006139788,0.00744896,0.009020976,0.010932886,0.013112284,0.015898899,0.019764286,0.024288104,0.029350417,0.034103709,0.039228217,0.044841298,0.050595524,0.055809632,0.06261428,0.067537086,0.068217798,0.066785126,0.06223634,0.057250878,0.053645615,0.051815731,0.04999458,0.048715018,0.047937282,0.046950272,0.046183904,0.046063956,0.045302185,0.044889442,0.044421301,0.043333267,0.042777155,0.042528967,0.041538958,0.040951215,0.039813339,0.039913068,0.038684144,0.038508181,0.038801392,0.038201989,0.037910315,0.038072063,0.037967196,0.037556051,0.037557849,0.037692877,0.037030433,0.036810909,0.03724014,0.036654236,0.036406002,0.036643321,0.036323229,0.036221955,0.036040352,0.035568624,0.035890068,0.035725453,0.035939713,0.035609619,0.035740243,0.03562537,0.035584688,0.035645659,0.035319088,0.034892091,0.035228156,0.035748636,0.035011027,0.03508437,0.035508196,0.03516002,0.034952925,0.035140048,0.034992385,0.034869944,0.03493232,0.034819607,0.03474877,0.034935655,0.034583768,0.034993671,0.034602644,0.034404753,0.034234734,0.034306049,0.034048275,0.034639602,0.034248766,0.034474802
1;2,0.1217,0.1177,0.1189,0.1207,0.1235,0.1278,0.1323,0.1394,0.1491,0.1643,0.1849,0.2144,0.2533,0.3051,0.3685,0.4429,0.5319,0.6305,0.7394,0.8511,0.9577,1.0507,1.1275,1.1795,1.2166,1.2395,1.2577,1.2737,1.2877,1.2979,1.3094,1.3167,1.3268,1.3327,1.3404,1.3463,1.3515,1.3563,1.3607,1.3681,1.3731,1.3782,1.3836,1.3864,1.3907,1.3944,1.3974,1.4002,1.4021,1.4053,1.4059,1.4099,1.4118,1.4135,1.4153,1.419,1.4206,1.4202,1.4228,1.4241,1.4247,1.4275,1.4285,1.4295,1.4315,1.4335,1.4345,1.4356,1.4379,1.4383,1.44,1.4409,1.442,1.442,1.4442,1.4459,1.4477,1.447,1.4481,1.4505,1.4514,1.4522,1.4543,1.454,1.4558,1.4561,1.4583,1.4593,1.4591,1.4614,1.4622,1.4624,1.4638,1.4641,1.4645,1.4645
2;1,0.1223,0.1196,0.1222,0.1259,0.1306,0.136,0.1435,0.1532,0.1672,0.188,0.2152,0.2482,0.2897,0.3378,0.3959,0.4625,0.5394,0.6274,0.7188,0.8177,0.9163,1.0051,1.0819,1.1364,1.174,1.1989,1.2193,1.2375,1.2516,1.2647,1.2765,1.2853,1.2932,1.3013,1.3088,1.3167,1.3206,1.3269,1.3348,1.3395,1.3494,1.3527,1.3612,1.3638,1.3689,1.3728,1.3764,1.3792,1.3826,1.3854,1.3875,1.3894,1.3901,1.3931,1.3927,1.397,1.3995,1.3998,1.4026,1.4041,1.4052,1.4074,1.4079,1.4101,1.4107,1.4117,1.4136,1.4153,1.4151,1.4168,1.419,1.4209,1.4211,1.4217,1.4236,1.4244,1.4256,1.4273,1.4294,1.4305,1.431,1.4339,1.4348,1.4351,1.4364,1.4374,1.4384,1.4395,1.44,1.4424,1.4443,1.4443,1.4451,1.4453,1.4465,1.4475
2;2,0.1226,0.119,0.1214,0.1242,0.1277,0.1327,0.1389,0.1478,0.1606,0.1789,0.2062,0.2431,0.2914,0.3534,0.4301,0.519,0.6214,0.7332,0.8551,0.9751,1.0818,1.169,1.2359,1.278,1.3056,1.3267,1.3419,1.355,1.3679,1.3771,1.3874,1.3956,1.4042,1.4101,1.4166,1.4213,1.4251,1.4302,1.4342,1.4385,1.4429,1.4479,1.4511,1.4543,1.4595,1.4612,1.4642,1.468,1.4701,1.4723,1.4735,1.4767,1.4776,1.4794,1.4813,1.4833,1.4847,1.4854,1.4873,1.4882,1.4888,1.4902,1.492,1.4931,1.4958,1.4962,1.4978,1.4986,1.5001,1.5014,1.5022,1.5029,1.5044,1.5059,1.5062,1.5077,1.5095,1.5097,1.511,1.5126,1.5137,1.5154,1.5167,1.5171,1.5179,1.5195,1.5197,1.5214,1.5223,1.5236,1.5242,1.5249,1.5257,1.5276,1.5273,1.5286
2;3,0.1202,0.1166,0.1193,0.1217,0.1245,0.1288,0.1342,0.1413,0.1516,0.1647,0.1837,0.2096,0.2449,0.2915,0.352,0.4249,0.5107,0.609,0.7196,0.8361,0.9451,1.0403,1.1142,1.1638,1.1958,1.2217,1.2395,1.253,1.2669,1.279,1.2891,1.2985,1.3083,1.3158,1.3228,1.3289,1.3344,1.34,1.3449,1.3518,1.3549,1.3616,1.3654,1.3708,1.3751,1.3784,1.3814,1.3865,1.3875,1.3907,1.3923,1.394,1.3984,1.3993,1.4017,1.4027,1.4043,1.4061,1.4079,1.4091,1.4103,1.4126,1.4146,1.4151,1.4184,1.4199,1.4196,1.4206,1.4241,1.4255,1.4259,1.4277,1.4289,1.4295,1.4306,1.4326,1.4329,1.4341,1.4357,1.4367,1.4391,1.4397,1.4405,1.4426,1.4428,1.4443,1.4466,1.4455,1.4471,1.4489,1.4493,1.451,1.4528,1.4541,1.4546,1.4561
3;2,0.1256,0.1235,0.1289,0.1335,0.1388,0.1463,0.1549,0.1666,0.1816,0.2016,0.2296,0.2676,0.3158,0.3744,0.4442,0.5241,0.6137,0.7109,0.8184,0.9308,1.0319,1.1236,1.1911,1.2355,1.2664,1.2882,1.3048,1.32,1.3316,1.3445,1.3528,1.3621,1.3668,1.3755,1.3818,1.3869,1.3899,1.3958,1.4009,1.4067,1.4111,1.4163,1.4215,1.4252,1.4305,1.4346,1.4367,1.441,1.4429,1.4452,1.4477,1.4487,1.4499,1.451,1.4527,1.4542,1.456,1.4583,1.4598,1.4615,1.4624,1.4639,1.4656,1.4665,1.4678,1.4692,1.4695,1.4713,1.4728,1.4747,1.4756,1.4768,1.4779,1.4794,1.4795,1.4811,1.4829,1.4838,1.4852,1.487,1.4877,1.4886,1.4896,1.4907,1.4917,1.4927,1.4954,1.4952,1.4932,1.4961,1.4974,1.4984,1.4991,1.5005,1.5013,1.5029
,,,,,,,,,,,,,,,,,,,,,,,,,,,,,,,,,,,,,,,,,,,,,,,,,,,,,,,,,,,,,,,,,,,,,,,,,,,,,,,,,,,,,,,,,,,,,,,,
Cycles / Well,,,,,,,,,,,,,,,,,,,,,,,,,,,,,,,,,,,,,,,,,,,,,,,,,,,,,,,,,,,,,,,,,,,,,,,,,,,,,,,,,,,,,,,,,,,,,,,,
D8,1,2,3,4,5,6,7,8,9,10,11,12,13,14,15,16,17,18,19,20,21,22,23,24,25,26,27,28,29,30,31,32,33,34,35,36,37,38,39,40,41,42,43,44,45,46,47,48,49,50,51,52,53,54,55,56,57,58,59,60,61,62,63,64,65,66,67,68,69,70,71,72,73,74,75,76,77,78,79,80,81,82,83,84,85,86,87,88,89,90,91,92,93,94,95,96
Time [s],0,1799.806,3599.729,5399.66,7199.597,8999.513,10799.458,12599.364,14399.311,16199.219,17999.129,19799.077,21599.014,23398.929,25198.853,26998.776,28798.721,30598.646,32398.579,34198.515,35998.426,37798.366,39598.295,41398.224,43198.149,44998.073,46797.997,48597.934,50397.855,52197.79,53997.709,55797.648,57597.562,59397.496,61197.415,62997.353,64797.279,66597.204,68397.129,70197.065,71996.967,73796.9,75596.814,77396.765,79196.693,80996.622,82796.528,84596.475,86396.393,88196.312,89996.248,91796.18,93596.114,95396.034,97195.966,98995.894,100795.82,102595.755,104395.67,106195.606,107995.535,109795.451,111595.395,113395.325,115195.239,116995.182,118795.096,120595.023,122394.949,124194.883,125994.805,127794.735,129594.672,131394.601,133194.53,134994.454,136794.373,138594.307,140394.225,142194.153,143994.083,145794.008,147593.92,149393.863,151193.795,152993.716,154793.66,156593.577,158393.507,160193.44,161993.355,163793.28,165593.216,167393.131,169193.06,170993.004
Temp. [°C],20,29.7,30.1,30,30,30.1,30,29.9,29.9,29.9,30,30,29.9,29.9,30.1,29.9,30,30,29.9,29.9,30,30,30,30.1,30,30.1,29.9,30,30,30.1,30,30.1,30.1,29.9,29.9,30,29.9,30.1,29.8,30,30.1,30.1,29.9,30.1,30,30.1,30.1,30.1,29.9,30,30,30,30,30.1,30,30,30.1,30,30,30,30,29.9,30.1,30.1,30,30,30,30,30,29.9,30,30,30,30,30,30.1,30.1,30.1,30.1,30.1,29.9,29.9,30.1,30.1,29.9,29.9,29.9,30.1,30,30,30.1,30,30.1,30,30.1,29.9
Mean,0.1245,0.1218,0.12434,0.12534,0.12574,0.12576,0.12522,0.12506,0.12466,0.12456,0.12456,0.12464,0.12472,0.12498,0.12516,0.12554,0.1257,0.12596,0.12634,0.1266,0.12702,0.12734,0.12774,0.12818,0.12856,0.12896,0.12934,0.1298,0.13028,0.13054,0.13094,0.13146,0.13176,0.13224,0.13264,0.13334,0.13364,0.13406,0.13434,0.135,0.13528,0.13574,0.1362,0.13676,0.13726,0.1377,0.13824,0.13904,0.13934,0.13976,0.14018,0.14052,0.14122,0.14168,0.14228,0.14288,0.14326,0.144,0.14426,0.1449,0.14548,0.14598,0.14688,0.14758,0.14838,0.14908,0.14998,0.15084,0.15162,0.15232,0.15302,0.15374,0.1546,0.15574,0.15688,0.15792,0.15908,0.16028,0.16176,0.1635,0.16496,0.16662,0.1679,0.16944,0.17166,0.17414,0.1766,0.17898,0.18224,0.1852,0.18818,0.19136,0.19532,0.19972,0.20388,0.20868
StDev,0.004936598,0.006319415,0.006092044,0.005614535,0.005512531,0.005326162,0.005183821,0.005032693,0.004847474,0.004889581,0.004755839,0.004642521,0.004725146,0.004563113,0.004677927,0.004737932,0.004638965,0.004503665,0.004485867,0.004517743,0.004530673,0.004459036,0.004455109,0.004477946,0.004665083,0.004534644,0.004478058,0.004531556,0.004532328,0.004498111,0.004547857,0.00461335,0.004467997,0.004577445,0.0046822,0.004886,0.004587265,0.004492549,0.004510876,0.004501666,0.00436486,0.004466318,0.004376071,0.004461278,0.004561031,0.004589118,0.004420747,0.004573073,0.00453299,0.004512538,0.004271651,0.004297325,0.004182344,0.004013976,0.004056723,0.004271065,0.00420571,0.004109136,0.003910627,0.003720215,0.00364582,0.00353935,0.003541469,0.003553449,0.003659508,0.003575891,0.003707695,0.003704457,0.003740588,0.003816674,0.003847337,0.004270597,0.004513868,0.004625797,0.004881291,0.005238034,0.005598839,0.006059868,0.00626123,0.006361997,0.006590751,0.006438323,0.006382398,0.006540107,0.006516364,0.006476342,0.00688295,0.007002999,0.00753943,0.008061017,0.008376276,0.009353769,0.010780631,0.011982988,0.013190413,0.014197958
1;2,0.1224,0.1184,0.1212,0.123,0.1238,0.1239,0.1235,0.1235,0.1232,0.1231,0.1231,0.1231,0.1231,0.1234,0.1235,0.1239,0.124,0.1242,0.1247,0.1249,0.1253,0.1256,0.126,0.1263,0.1266,0.1269,0.1273,0.1277,0.1281,0.1283,0.1287,0.1292,0.1297,0.13,0.1304,0.1309,0.1315,0.1319,0.1322,0.133,0.1333,0.1338,0.1342,0.1348,0.1353,0.1358,0.1364,0.1371,0.1373,0.138,0.1387,0.1388,0.1393,0.14,0.1408,0.1411,0.1414,0.142,0.1424,0.1432,0.1438,0.1445,0.1455,0.1463,0.147,0.1484,0.1495,0.1504,0.151,0.1515,0.1526,0.1535,0.1546,0.1558,0.1573,0.1579,0.1594,0.1605,0.1617,0.1639,0.1647,0.1664,0.1684,0.1695,0.1715,0.1735,0.1755,0.1768,0.1796,0.1816,0.1836,0.1848,0.1866,0.1885,0.1907,0.1929
2;1,0.1322,0.1317,0.1341,0.1345,0.1348,0.1345,0.1338,0.1334,0.1326,0.1326,0.1323,0.1321,0.1323,0.1322,0.1326,0.133,0.133,0.1329,0.1332,0.1335,0.1339,0.1341,0.1344,0.1349,0.1356,0.1357,0.1359,0.1364,0.1369,0.1371,0.1375,0.1381,0.1382,0.1388,0.1394,0.1404,0.1402,0.1404,0.1408,0.1413,0.1413,0.1418,0.1421,0.1428,0.1435,0.1439,0.1441,0.1448,0.1452,0.1457,0.1455,0.1457,0.1461,0.146,0.1465,0.1471,0.1473,0.1475,0.1469,0.1472,0.148,0.148,0.1484,0.1487,0.149,0.1494,0.1503,0.151,0.1506,0.1507,0.1506,0.1506,0.1504,0.151,0.1518,0.1522,0.1525,0.1533,0.1546,0.1566,0.1581,0.1605,0.1615,0.1626,0.1648,0.1678,0.1698,0.1726,0.1755,0.179,0.1826,0.1863,0.1899,0.1955,0.2006,0.2077
2;2,0.1234,0.1189,0.1215,0.1233,0.1241,0.1245,0.124,0.1238,0.1236,0.1235,0.1237,0.1238,0.1238,0.1242,0.1244,0.1248,0.125,0.1253,0.1257,0.1261,0.1264,0.1268,0.1273,0.1277,0.128,0.1286,0.1289,0.1293,0.1299,0.1303,0.1306,0.1312,0.1316,0.132,0.1323,0.133,0.1335,0.134,0.1343,0.135,0.1354,0.136,0.1365,0.1372,0.1376,0.1382,0.1388,0.1394,0.1402,0.1405,0.1412,0.1418,0.1427,0.1432,0.1438,0.1447,0.1452,0.1462,0.1467,0.1474,0.148,0.1485,0.1497,0.1504,0.1517,0.1523,0.1532,0.1541,0.1555,0.1564,0.1574,0.1584,0.1595,0.1604,0.1617,0.1633,0.1649,0.1662,0.168,0.1698,0.1711,0.1726,0.174,0.1754,0.1777,0.1801,0.1822,0.1841,0.1874,0.19,0.1932,0.196,0.2001,0.2051,0.2087,0.2127
2;3,0.1189,0.1158,0.1187,0.1197,0.12,0.1201,0.1198,0.1198,0.1194,0.1193,0.1193,0.1194,0.1194,0.1197,0.1198,0.12,0.1203,0.1206,0.1209,0.1211,0.1215,0.1219,0.1222,0.1227,0.1229,0.1234,0.1238,0.1242,0.1247,0.125,0.1253,0.1257,0.1261,0.1265,0.1268,0.1273,0.1278,0.1283,0.1286,0.1291,0.1295,0.1297,0.1303,0.1307,0.1311,0.1314,0.1321,0.1326,0.133,0.1334,0.1339,0.1342,0.1351,0.1356,0.136,0.1363,0.1368,0.1377,0.1382,0.1391,0.1398,0.1404,0.1413,0.142,0.1428,0.1434,0.144,0.1449,0.1462,0.1472,0.1482,0.1486,0.1498,0.1512,0.152,0.1532,0.1544,0.1551,0.1565,0.1575,0.1588,0.16,0.1613,0.1632,0.1656,0.1679,0.1704,0.173,0.176,0.1784,0.181,0.184,0.1879,0.1915,0.1952,0.1999
3;2,0.1256,0.1242,0.1262,0.1262,0.126,0.1258,0.125,0.1248,0.1245,0.1243,0.1244,0.1248,0.125,0.1254,0.1255,0.126,0.1262,0.1268,0.1272,0.1274,0.128,0.1283,0.1288,0.1293,0.1297,0.1302,0.1308,0.1314,0.1318,0.132,0.1326,0.1331,0.1332,0.1339,0.1343,0.1351,0.1352,0.1357,0.1358,0.1366,0.1369,0.1374,0.1379,0.1383,0.1388,0.1392,0.1398,0.1413,0.141,0.1412,0.1416,0.1421,0.1429,0.1436,0.1443,0.1452,0.1456,0.1466,0.1471,0.1476,0.1478,0.1485,0.1495,0.1505,0.1514,0.1519,0.1529,0.1538,0.1548,0.1558,0.1563,0.1576,0.1587,0.1603,0.1616,0.163,0.1642,0.1663,0.168,0.1697,0.1721,0.1736,0.1743,0.1765,0.1787,0.1814,0.1851,0.1884,0.1927,0.197,0.2005,0.2057,0.2121,0.218,0.2242,0.2302
,,,,,,,,,,,,,,,,,,,,,,,,,,,,,,,,,,,,,,,,,,,,,,,,,,,,,,,,,,,,,,,,,,,,,,,,,,,,,,,,,,,,,,,,,,,,,,,,
Cycles / Well,,,,,,,,,,,,,,,,,,,,,,,,,,,,,,,,,,,,,,,,,,,,,,,,,,,,,,,,,,,,,,,,,,,,,,,,,,,,,,,,,,,,,,,,,,,,,,,,
D9,1,2,3,4,5,6,7,8,9,10,11,12,13,14,15,16,17,18,19,20,21,22,23,24,25,26,27,28,29,30,31,32,33,34,35,36,37,38,39,40,41,42,43,44,45,46,47,48,49,50,51,52,53,54,55,56,57,58,59,60,61,62,63,64,65,66,67,68,69,70,71,72,73,74,75,76,77,78,79,80,81,82,83,84,85,86,87,88,89,90,91,92,93,94,95,96
Time [s],0,1799.806,3599.729,5399.66,7199.597,8999.513,10799.458,12599.364,14399.311,16199.219,17999.129,19799.077,21599.014,23398.929,25198.853,26998.776,28798.721,30598.646,32398.579,34198.515,35998.426,37798.366,39598.295,41398.224,43198.149,44998.073,46797.997,48597.934,50397.855,52197.79,53997.709,55797.648,57597.562,59397.496,61197.415,62997.353,64797.279,66597.204,68397.129,70197.065,71996.967,73796.9,75596.814,77396.765,79196.693,80996.622,82796.528,84596.475,86396.393,88196.312,89996.248,91796.18,93596.114,95396.034,97195.966,98995.894,100795.82,102595.755,104395.67,106195.606,107995.535,109795.451,111595.395,113395.325,115195.239,116995.182,118795.096,120595.023,122394.949,124194.883,125994.805,127794.735,129594.672,131394.601,133194.53,134994.454,136794.373,138594.307,140394.225,142194.153,143994.083,145794.008,147593.92,149393.863,151193.795,152993.716,154793.66,156593.577,158393.507,160193.44,161993.355,163793.28,165593.216,167393.131,169193.06,170993.004
Temp. [°C],20,29.7,30.1,30,30,30.1,30,29.9,29.9,29.9,30,30,29.9,29.9,30.1,29.9,30,30,29.9,29.9,30,30,30,30.1,30,30.1,29.9,30,30,30.1,30,30.1,30.1,29.9,29.9,30,29.9,30.1,29.8,30,30.1,30.1,29.9,30.1,30,30.1,30.1,30.1,29.9,30,30,30,30,30.1,30,30,30.1,30,30,30,30,29.9,30.1,30.1,30,30,30,30,30,29.9,30,30,30,30,30,30.1,30.1,30.1,30.1,30.1,29.9,29.9,30.1,30.1,29.9,29.9,29.9,30.1,30,30,30.1,30,30.1,30,30.1,29.9
Mean,0.12162,0.1187,0.12172,0.12282,0.1235,0.1241,0.12374,0.12366,0.1231,0.12278,0.1226,0.1223,0.12214,0.12218,0.12216,0.1224,0.12192,0.122,0.12196,0.12188,0.1219,0.12182,0.12176,0.12186,0.12186,0.1218,0.1219,0.1219,0.12194,0.12194,0.12196,0.12202,0.12208,0.12194,0.122,0.1221,0.1221,0.12212,0.122,0.12222,0.12222,0.12216,0.1223,0.12238,0.12242,0.12264,0.12264,0.12372,0.12266,0.12268,0.1226,0.12264,0.12272,0.12282,0.1228,0.1228,0.1229,0.12296,0.12298,0.12292,0.123,0.12308,0.12302,0.12306,0.12324,0.1232,0.12324,0.12326,0.1234,0.12356,0.1236,0.12354,0.12366,0.12372,0.12372,0.12388,0.12402,0.12396,0.12418,0.12422,0.1244,0.12462,0.1246,0.12464,0.1247,0.1248,0.1249,0.12514,0.12524,0.12536,0.12554,0.12574,0.1258,0.12602,0.12618,0.12642
StDev,0.004196665,0.004615192,0.004231666,0.003618978,0.003412477,0.003274905,0.002985465,0.002910842,0.00276315,0.002803034,0.002813361,0.002704626,0.002654807,0.002704995,0.00281567,0.00303315,0.002787831,0.00288184,0.002838662,0.002851666,0.002815138,0.002788727,0.002770018,0.002709797,0.002761883,0.002658007,0.002740438,0.002729469,0.002631159,0.002653865,0.002642537,0.002631919,0.00274718,0.002581279,0.002564176,0.002622022,0.002629639,0.002601346,0.002658007,0.00270869,0.002603267,0.002645373,0.00270555,0.002649906,0.00268179,0.002746452,0.002760978,0.003650616,0.002715327,0.002740803,0.002808024,0.00272727,0.002804817,0.002796784,0.002813361,0.002883574,0.002903446,0.00286932,0.002904651,0.002824358,0.002866182,0.002889983,0.002916676,0.002917705,0.002951779,0.002948729,0.003041052,0.003072946,0.003012474,0.003050902,0.003018278,0.003036939,0.00304023,0.003038421,0.003107571,0.003113198,0.003178364,0.003214498,0.003264506,0.003282073,0.003344398,0.003401764,0.003419064,0.003441366,0.003452535,0.003482097,0.003556684,0.003662376,0.003711199,0.003866911,0.003824657,0.003942461,0.003994997,0.004111812,0.004239929,0.004400795
1;2,0.1196,0.1164,0.1199,0.1221,0.1233,0.1243,0.1242,0.1241,0.1235,0.1232,0.123,0.1227,0.1224,0.1224,0.1221,0.1221,0.1219,0.1218,0.1218,0.1218,0.1218,0.1219,0.1218,0.1219,0.1219,0.122,0.122,0.122,0.1223,0.1221,0.1222,0.1223,0.1222,0.1223,0.1224,0.1225,0.1225,0.1225,0.1225,0.1227,0.1227,0.1227,0.1229,0.123,0.1231,0.1232,0.1231,0.1232,0.1232,0.1232,0.1232,0.1233,0.1236,0.1237,0.1236,0.1236,0.1236,0.1236,0.1238,0.1237,0.1238,0.1239,0.1237,0.1239,0.124,0.124,0.124,0.1241,0.124,0.1241,0.1243,0.1241,0.1241,0.1243,0.1242,0.1243,0.1244,0.1244,0.1245,0.1244,0.1245,0.1245,0.1246,0.1246,0.1246,0.1247,0.1249,0.125,0.1249,0.1251,0.1251,0.1255,0.1253,0.1256,0.1258,0.1259
2;1,0.126,0.1248,0.1274,0.1277,0.1278,0.1279,0.1268,0.1264,0.1256,0.1253,0.1251,0.1245,0.1241,0.1239,0.1238,0.1237,0.1234,0.1232,0.1233,0.123,0.1229,0.1229,0.1227,0.1228,0.1229,0.1227,0.1227,0.1228,0.1226,0.1226,0.1228,0.1228,0.1227,0.1227,0.1227,0.1227,0.1228,0.1228,0.1226,0.1227,0.1227,0.1229,0.1229,0.123,0.1229,0.123,0.1231,0.124,0.1231,0.1231,0.1231,0.1231,0.1234,0.1232,0.1232,0.1233,0.1232,0.1234,0.1232,0.1232,0.1234,0.1233,0.1232,0.1231,0.1233,0.1233,0.1232,0.1232,0.1234,0.1235,0.1235,0.1234,0.1235,0.1235,0.1235,0.1235,0.1236,0.1235,0.1237,0.1238,0.1238,0.1238,0.1237,0.1237,0.1238,0.124,0.124,0.1243,0.1244,0.1245,0.1248,0.125,0.1252,0.1253,0.1253,0.1256
2;2,0.1212,0.1176,0.1211,0.123,0.1245,0.1256,0.1257,0.1257,0.1252,0.1249,0.1246,0.1243,0.124,0.1241,0.1239,0.1239,0.1237,0.1237,0.1237,0.1236,0.1237,0.1237,0.1236,0.1237,0.1237,0.1238,0.124,0.1239,0.1241,0.1241,0.1241,0.1243,0.1243,0.1242,0.1243,0.1244,0.1245,0.1246,0.1246,0.1247,0.1247,0.1248,0.1249,0.125,0.1251,0.1253,0.1254,0.1252,0.1254,0.1255,0.1257,0.1255,0.1257,0.1258,0.1259,0.126,0.1262,0.1262,0.1263,0.1262,0.1263,0.1265,0.1265,0.1266,0.1268,0.1268,0.1268,0.1269,0.1271,0.1273,0.1273,0.1274,0.1275,0.1276,0.1277,0.1279,0.1282,0.1282,0.1284,0.1286,0.1288,0.1292,0.1291,0.1293,0.1293,0.1294,0.1296,0.13,0.13,0.1304,0.1304,0.1306,0.1307,0.1309,0.1312,0.1316
2;3,0.1159,0.113,0.1162,0.1176,0.1183,0.119,0.1191,0.119,0.1187,0.1183,0.118,0.1178,0.1176,0.1175,0.1173,0.1173,0.1171,0.1171,0.1171,0.117,0.1171,0.117,0.117,0.1172,0.1171,0.1172,0.1172,0.1172,0.1174,0.1174,0.1174,0.1175,0.1174,0.1175,0.1176,0.1176,0.1176,0.1177,0.1175,0.1176,0.1178,0.1177,0.1177,0.1179,0.1179,0.118,0.118,0.1181,0.1181,0.1181,0.118,0.1181,0.1181,0.1182,0.1182,0.1181,0.1182,0.1183,0.1183,0.1184,0.1184,0.1185,0.1184,0.1185,0.1186,0.1186,0.1184,0.1184,0.1187,0.1188,0.1189,0.1189,0.119,0.1191,0.119,0.1192,0.1193,0.1192,0.1193,0.1194,0.1195,0.1198,0.1197,0.1198,0.1198,0.1198,0.1198,0.1199,0.1199,0.1198,0.12,0.1199,0.1199,0.1199,0.1199,0.1199
3;2,0.1254,0.1217,0.124,0.1237,0.1236,0.1237,0.1229,0.1231,0.1225,0.1222,0.1223,0.1222,0.1226,0.123,0.1237,0.125,0.1235,0.1242,0.1239,0.124,0.124,0.1236,0.1237,0.1237,0.1237,0.1233,0.1236,0.1236,0.1233,0.1235,0.1233,0.1232,0.1238,0.123,0.123,0.1233,0.1231,0.123,0.1228,0.1234,0.1232,0.1227,0.1231,0.123,0.1231,0.1237,0.1236,0.1281,0.1235,0.1235,0.123,0.1232,0.1228,0.1232,0.1231,0.123,0.1233,0.1233,0.1233,0.1231,0.1231,0.1232,0.1233,0.1232,0.1235,0.1233,0.1238,0.1237,0.1238,0.1241,0.124,0.1239,0.1242,0.1241,0.1242,0.1245,0.1246,0.1245,0.125,0.1249,0.1254,0.1258,0.1259,0.1258,0.126,0.1261,0.1262,0.1265,0.127,0.127,0.1274,0.1277,0.1279,0.1284,0.1287,0.1291
,,,,,,,,,,,,,,,,,,,,,,,,,,,,,,,,,,,,,,,,,,,,,,,,,,,,,,,,,,,,,,,,,,,,,,,,,,,,,,,,,,,,,,,,,,,,,,,,
Cycles / Well,,,,,,,,,,,,,,,,,,,,,,,,,,,,,,,,,,,,,,,,,,,,,,,,,,,,,,,,,,,,,,,,,,,,,,,,,,,,,,,,,,,,,,,,,,,,,,,,
D10,1,2,3,4,5,6,7,8,9,10,11,12,13,14,15,16,17,18,19,20,21,22,23,24,25,26,27,28,29,30,31,32,33,34,35,36,37,38,39,40,41,42,43,44,45,46,47,48,49,50,51,52,53,54,55,56,57,58,59,60,61,62,63,64,65,66,67,68,69,70,71,72,73,74,75,76,77,78,79,80,81,82,83,84,85,86,87,88,89,90,91,92,93,94,95,96
Time [s],0,1799.806,3599.729,5399.66,7199.597,8999.513,10799.458,12599.364,14399.311,16199.219,17999.129,19799.077,21599.014,23398.929,25198.853,26998.776,28798.721,30598.646,32398.579,34198.515,35998.426,37798.366,39598.295,41398.224,43198.149,44998.073,46797.997,48597.934,50397.855,52197.79,53997.709,55797.648,57597.562,59397.496,61197.415,62997.353,64797.279,66597.204,68397.129,70197.065,71996.967,73796.9,75596.814,77396.765,79196.693,80996.622,82796.528,84596.475,86396.393,88196.312,89996.248,91796.18,93596.114,95396.034,97195.966,98995.894,100795.82,102595.755,104395.67,106195.606,107995.535,109795.451,111595.395,113395.325,115195.239,116995.182,118795.096,120595.023,122394.949,124194.883,125994.805,127794.735,129594.672,131394.601,133194.53,134994.454,136794.373,138594.307,140394.225,142194.153,143994.083,145794.008,147593.92,149393.863,151193.795,152993.716,154793.66,156593.577,158393.507,160193.44,161993.355,163793.28,165593.216,167393.131,169193.06,170993.004
Temp. [°C],20,29.7,30.1,30,30,30.1,30,29.9,29.9,29.9,30,30,29.9,29.9,30.1,29.9,30,30,29.9,29.9,30,30,30,30.1,30,30.1,29.9,30,30,30.1,30,30.1,30.1,29.9,29.9,30,29.9,30.1,29.8,30,30.1,30.1,29.9,30.1,30,30.1,30.1,30.1,29.9,30,30,30,30,30.1,30,30,30.1,30,30,30,30,29.9,30.1,30.1,30,30,30,30,30,29.9,30,30,30,30,30,30.1,30.1,30.1,30.1,30.1,29.9,29.9,30.1,30.1,29.9,29.9,29.9,30.1,30,30,30.1,30,30.1,30,30.1,29.9
Mean,0.1296,0.1275,0.13098,0.13394,0.13796,0.14384,0.15162,0.16272,0.17786,0.20002,0.23016,0.27008,0.32384,0.3893,0.46942,0.56098,0.66652,0.78288,0.89686,1.00052,1.08792,1.15604,1.2045,1.23934,1.2659,1.28762,1.30662,1.3231,1.33798,1.352,1.36308,1.373,1.38146,1.39224,1.4005,1.40574,1.40968,1.41188,1.41414,1.41576,1.41782,1.41918,1.41974,1.42074,1.4226,1.4241,1.42548,1.42724,1.42776,1.42836,1.42938,1.43,1.43142,1.43192,1.43334,1.4338,1.43486,1.43582,1.43596,1.43726,1.43746,1.43804,1.4388,1.43956,1.44052,1.44102,1.4415,1.44206,1.44292,1.44404,1.44458,1.4458,1.44618,1.4468,1.44682,1.44754,1.44848,1.44902,1.44996,1.45052,1.4509,1.45188,1.4526,1.4529,1.45366,1.45462,1.45564,1.45548,1.456,1.45688,1.45722,1.45788,1.45886,1.45868,1.45962,1.46048
StDev,0.006921344,0.006500385,0.007713106,0.008961752,0.009862201,0.011281312,0.012714441,0.014913819,0.017453452,0.021472471,0.025782998,0.030079511,0.035177024,0.03747686,0.038398659,0.036501192,0.033380189,0.030020776,0.027715663,0.026852505,0.025633708,0.025236739,0.025052146,0.024806108,0.025084158,0.025289761,0.025068945,0.024841296,0.025493077,0.02558652,0.025852021,0.026152151,0.026131552,0.025978895,0.02550892,0.025451974,0.024557932,0.02450402,0.025082125,0.02481427,0.025068845,0.024496469,0.024709067,0.024285037,0.024157194,0.024348306,0.024306316,0.024195516,0.024484342,0.024290389,0.024367642,0.024022906,0.023661086,0.024343829,0.024115825,0.024540986,0.024449397,0.024248443,0.024513323,0.024457576,0.024391453,0.023997979,0.02407291,0.024271444,0.024425131,0.024488099,0.024319539,0.024705222,0.024171616,0.024363661,0.024909175,0.024786387,0.024869801,0.024599187,0.02475201,0.024628804,0.024711576,0.024631829,0.024697834,0.024783301,0.024916059,0.024713802,0.024401537,0.024376731,0.023823161,0.024511365,0.024287919,0.024350195,0.024623667,0.024307962,0.024142742,0.024348347,0.024409486,0.024099523,0.024320197,0.024018472
1;2,0.1255,0.1221,0.1243,0.1265,0.1296,0.134,0.1401,0.1492,0.1619,0.1801,0.2059,0.2416,0.2904,0.3531,0.4311,0.525,0.6348,0.758,0.8788,0.991,1.0833,1.1566,1.2076,1.2426,1.2711,1.2927,1.3144,1.3295,1.3472,1.3605,1.3729,1.3837,1.3914,1.4028,1.4104,1.4161,1.4194,1.4206,1.4241,1.4257,1.4287,1.4285,1.4296,1.4304,1.4315,1.4344,1.4338,1.4357,1.437,1.4363,1.4389,1.4389,1.4398,1.44,1.441,1.4434,1.4443,1.4454,1.445,1.4457,1.4466,1.4461,1.4475,1.4484,1.4499,1.4491,1.4508,1.4512,1.4505,1.4515,1.4541,1.4545,1.4547,1.4537,1.4554,1.4558,1.4559,1.4569,1.4577,1.4596,1.458,1.4604,1.4606,1.4598,1.4607,1.4629,1.4631,1.4631,1.4642,1.4636,1.464,1.4659,1.4671,1.4662,1.4672,1.4679
2;1,0.1306,0.1302,0.1341,0.1385,0.144,0.1516,0.1613,0.1747,0.1923,0.2193,0.2544,0.2993,0.3589,0.4273,0.5071,0.5972,0.6979,0.8068,0.914,1.0108,1.091,1.1539,1.1984,1.2326,1.2578,1.2781,1.294,1.311,1.3251,1.3387,1.3484,1.357,1.3661,1.3761,1.3849,1.3893,1.3941,1.3954,1.396,1.3983,1.4001,1.4018,1.4028,1.4043,1.4047,1.406,1.4077,1.409,1.4095,1.4104,1.4104,1.4121,1.4127,1.4127,1.4153,1.4148,1.4168,1.4175,1.4176,1.419,1.4179,1.4189,1.4189,1.4192,1.4198,1.4209,1.4214,1.4222,1.4229,1.424,1.4232,1.4247,1.4248,1.4259,1.4258,1.4261,1.4265,1.4274,1.4284,1.4286,1.429,1.4297,1.4314,1.4319,1.4329,1.433,1.4336,1.4341,1.4338,1.4349,1.436,1.4355,1.4364,1.4365,1.4376,1.438
2;2,0.1266,0.1242,0.1269,0.129,0.1325,0.1376,0.145,0.1553,0.1698,0.1911,0.2214,0.2622,0.317,0.3869,0.4727,0.5721,0.686,0.8122,0.9328,1.0407,1.1297,1.1977,1.246,1.2805,1.3069,1.3291,1.3468,1.3634,1.3783,1.3929,1.4037,1.4136,1.4224,1.4326,1.4405,1.4452,1.4477,1.4503,1.4531,1.4542,1.4562,1.4576,1.458,1.4583,1.4605,1.4615,1.4636,1.4652,1.4658,1.4666,1.467,1.4673,1.4681,1.4701,1.4712,1.4714,1.4727,1.473,1.4737,1.4753,1.4751,1.4754,1.4758,1.4769,1.4778,1.479,1.4788,1.4802,1.4802,1.4817,1.4825,1.484,1.4844,1.4849,1.485,1.4852,1.4867,1.4869,1.488,1.4882,1.4894,1.4893,1.49,1.4907,1.4904,1.4921,1.4927,1.4931,1.4936,1.4946,1.4946,1.495,1.4959,1.4952,1.4966,1.4968
2;3,0.1241,0.1233,0.1265,0.1281,0.1313,0.1362,0.1428,0.1519,0.1647,0.183,0.2084,0.2431,0.2908,0.3518,0.4294,0.5197,0.6261,0.7447,0.8628,0.9692,1.0632,1.1346,1.1856,1.2213,1.2498,1.2733,1.2942,1.3112,1.3247,1.3387,1.3512,1.3622,1.3704,1.3817,1.3894,1.3961,1.4011,1.4039,1.4057,1.4075,1.4095,1.4101,1.4115,1.4128,1.4145,1.4164,1.4187,1.4202,1.4207,1.4218,1.4228,1.4235,1.4262,1.4259,1.4277,1.4282,1.4279,1.4299,1.4306,1.4316,1.4318,1.433,1.4344,1.4349,1.436,1.4367,1.4364,1.4365,1.44,1.4411,1.4404,1.4414,1.4425,1.4446,1.4425,1.4448,1.4457,1.4462,1.4472,1.4472,1.4488,1.4499,1.4499,1.4505,1.4515,1.4518,1.4542,1.4524,1.4535,1.4546,1.4551,1.4557,1.4569,1.4578,1.4584,1.4599
3;2,0.1412,0.1377,0.1431,0.1476,0.1524,0.1598,0.1689,0.1825,0.2006,0.2266,0.2607,0.3042,0.3621,0.4274,0.5068,0.5909,0.6878,0.7927,0.8959,0.9909,1.0724,1.1374,1.1849,1.2197,1.2439,1.2649,1.2837,1.3004,1.3146,1.3292,1.3392,1.3485,1.357,1.368,1.3773,1.382,1.3861,1.3892,1.3918,1.3931,1.3946,1.3979,1.3968,1.3979,1.4018,1.4022,1.4036,1.4061,1.4058,1.4067,1.4078,1.4082,1.4103,1.4109,1.4115,1.4112,1.4126,1.4133,1.4129,1.4147,1.4159,1.4168,1.4174,1.4184,1.4191,1.4194,1.4201,1.4202,1.421,1.4219,1.4227,1.4244,1.4245,1.4249,1.4254,1.4258,1.4276,1.4277,1.4285,1.429,1.4293,1.4301,1.4311,1.4316,1.4328,1.4333,1.4346,1.4347,1.4349,1.4367,1.4364,1.4373,1.438,1.4377,1.4383,1.4398
,,,,,,,,,,,,,,,,,,,,,,,,,,,,,,,,,,,,,,,,,,,,,,,,,,,,,,,,,,,,,,,,,,,,,,,,,,,,,,,,,,,,,,,,,,,,,,,,
Cycles / Well,,,,,,,,,,,,,,,,,,,,,,,,,,,,,,,,,,,,,,,,,,,,,,,,,,,,,,,,,,,,,,,,,,,,,,,,,,,,,,,,,,,,,,,,,,,,,,,,
D11,1,2,3,4,5,6,7,8,9,10,11,12,13,14,15,16,17,18,19,20,21,22,23,24,25,26,27,28,29,30,31,32,33,34,35,36,37,38,39,40,41,42,43,44,45,46,47,48,49,50,51,52,53,54,55,56,57,58,59,60,61,62,63,64,65,66,67,68,69,70,71,72,73,74,75,76,77,78,79,80,81,82,83,84,85,86,87,88,89,90,91,92,93,94,95,96
Time [s],0,1799.806,3599.729,5399.66,7199.597,8999.513,10799.458,12599.364,14399.311,16199.219,17999.129,19799.077,21599.014,23398.929,25198.853,26998.776,28798.721,30598.646,32398.579,34198.515,35998.426,37798.366,39598.295,41398.224,43198.149,44998.073,46797.997,48597.934,50397.855,52197.79,53997.709,55797.648,57597.562,59397.496,61197.415,62997.353,64797.279,66597.204,68397.129,70197.065,71996.967,73796.9,75596.814,77396.765,79196.693,80996.622,82796.528,84596.475,86396.393,88196.312,89996.248,91796.18,93596.114,95396.034,97195.966,98995.894,100795.82,102595.755,104395.67,106195.606,107995.535,109795.451,111595.395,113395.325,115195.239,116995.182,118795.096,120595.023,122394.949,124194.883,125994.805,127794.735,129594.672,131394.601,133194.53,134994.454,136794.373,138594.307,140394.225,142194.153,143994.083,145794.008,147593.92,149393.863,151193.795,152993.716,154793.66,156593.577,158393.507,160193.44,161993.355,163793.28,165593.216,167393.131,169193.06,170993.004
Temp. [°C],20,29.7,30.1,30,30,30.1,30,29.9,29.9,29.9,30,30,29.9,29.9,30.1,29.9,30,30,29.9,29.9,30,30,30,30.1,30,30.1,29.9,30,30,30.1,30,30.1,30.1,29.9,29.9,30,29.9,30.1,29.8,30,30.1,30.1,29.9,30.1,30,30.1,30.1,30.1,29.9,30,30,30,30,30.1,30,30,30.1,30,30,30,30,29.9,30.1,30.1,30,30,30,30,30,29.9,30,30,30,30,30,30.1,30.1,30.1,30.1,30.1,29.9,29.9,30.1,30.1,29.9,29.9,29.9,30.1,30,30,30.1,30,30.1,30,30.1,29.9
Mean,0.10356,0.09992,0.10002,0.09996,0.09998,0.10002,0.09998,0.09998,0.09992,0.09996,0.10004,0.1,0.09996,0.10002,0.09998,0.1,0.09996,0.09996,0.09994,0.0999,0.0999,0.09988,0.09982,0.09994,0.09986,0.09996,0.0999,0.09988,0.09994,0.09994,0.09988,0.09992,0.09992,0.09984,0.09988,0.09992,0.09994,0.0999,0.09976,0.09996,0.09992,0.09986,0.09986,0.09986,0.09986,0.09994,0.09984,0.10118,0.09988,0.09986,0.0998,0.09978,0.09986,0.09988,0.0998,0.09978,0.0998,0.09982,0.09978,0.09978,0.09976,0.09976,0.0997,0.09982,0.09986,0.09974,0.09968,0.09968,0.09974,0.09976,0.09982,0.09974,0.09976,0.09974,0.0997,0.09972,0.09982,0.09968,0.09978,0.09968,0.09982,0.09978,0.09976,0.09974,0.09962,0.0997,0.0996,0.09968,0.09976,0.0997,0.09974,0.09978,0.09972,0.0997,0.09964,0.09974
StDev,0.003644585,0.00312362,0.003020265,0.003034469,0.003031831,0.002986135,0.003015294,0.003018609,0.00299533,0.002956856,0.003017946,0.003055323,0.003034469,0.003029356,0.003022747,0.002950424,0.002992156,0.002987139,0.003046802,0.002997499,0.003045488,0.003011146,0.003044175,0.003003831,0.003048442,0.002992156,0.002993326,0.003057286,0.003017946,0.003074573,0.003067083,0.002987809,0.003029356,0.003013802,0.003071156,0.002981107,0.00305254,0.00304877,0.003041052,0.002992156,0.003064637,0.003076199,0.003076199,0.003076199,0.003082694,0.003067246,0.003094834,0.00279589,0.003064637,0.003036939,0.00304877,0.003116408,0.003036939,0.003120417,0.003104835,0.003067083,0.00309435,0.00303348,0.003005329,0.003075224,0.003041052,0.003076199,0.00304877,0.003078474,0.003051721,0.00305254,0.003064637,0.003060556,0.003046802,0.003086746,0.003022747,0.00305745,0.003076199,0.003043518,0.003055323,0.003078474,0.003072784,0.003019437,0.003045817,0.003060556,0.003058921,0.003050738,0.003072946,0.00309241,0.00310918,0.003084639,0.003045488,0.003055651,0.003028696,0.003088689,0.003128578,0.003050738,0.003069528,0.003084639,0.003083504,0.003083504
1;2,0.1084,0.1038,0.1037,0.1037,0.1038,0.1037,0.1036,0.1037,0.1036,0.1035,0.1037,0.1037,0.1037,0.1037,0.1037,0.1036,0.1036,0.1037,0.1037,0.1036,0.1036,0.1035,0.1035,0.1036,0.1036,0.1036,0.1036,0.1036,0.1036,0.1037,0.1036,0.1035,0.1036,0.1035,0.1036,0.1036,0.1036,0.1035,0.1034,0.1036,0.1036,0.1035,0.1035,0.1035,0.1036,0.1036,0.1036,0.1035,0.1035,0.1035,0.1034,0.1035,0.1035,0.1036,0.1035,0.1035,0.1035,0.1034,0.1033,0.1034,0.1034,0.1034,0.1033,0.1035,0.1035,0.1034,0.1033,0.1033,0.1033,0.1034,0.1034,0.1034,0.1034,0.1033,0.1034,0.1034,0.1034,0.1032,0.1033,0.1033,0.1033,0.1034,0.1034,0.1034,0.1032,0.1033,0.1032,0.1032,0.1033,0.1033,0.1034,0.1034,0.1033,0.1033,0.1032,0.1033
2;1,0.1013,0.0978,0.098,0.098,0.098,0.098,0.098,0.0981,0.098,0.0982,0.0981,0.0981,0.098,0.0981,0.098,0.0981,0.098,0.098,0.098,0.0979,0.0979,0.098,0.0979,0.098,0.0979,0.098,0.098,0.0979,0.098,0.098,0.098,0.098,0.098,0.098,0.0979,0.098,0.098,0.098,0.0978,0.098,0.098,0.0979,0.0979,0.0979,0.0979,0.098,0.0979,0.0979,0.0979,0.098,0.0979,0.0979,0.098,0.0979,0.0979,0.0979,0.0978,0.098,0.0979,0.0979,0.0978,0.0978,0.0978,0.0979,0.098,0.0978,0.0977,0.0978,0.0978,0.0979,0.0979,0.0977,0.0978,0.0979,0.0978,0.0978,0.0979,0.0978,0.0978,0.0978,0.0978,0.0978,0.0979,0.0977,0.0977,0.0978,0.0978,0.0978,0.098,0.0977,0.0977,0.0978,0.0979,0.0978,0.0977,0.0978
2;2,0.1065,0.1027,0.1028,0.1027,0.1026,0.1027,0.1028,0.1027,0.1026,0.1027,0.1028,0.1028,0.1027,0.1028,0.1027,0.1027,0.1027,0.1026,0.1027,0.1026,0.1027,0.1027,0.1026,0.1027,0.1026,0.1027,0.1026,0.1027,0.1027,0.1027,0.1027,0.1027,0.1027,0.1026,0.1027,0.1026,0.1028,0.1028,0.1026,0.1027,0.1028,0.1028,0.1028,0.1028,0.1027,0.1028,0.1027,0.1026,0.1028,0.1027,0.1027,0.1027,0.1027,0.1028,0.1027,0.1026,0.1027,0.1027,0.1027,0.1027,0.1026,0.1027,0.1026,0.1027,0.1027,0.1026,0.1026,0.1026,0.1027,0.1027,0.1027,0.1026,0.1027,0.1027,0.1025,0.1026,0.1028,0.1026,0.1028,0.1026,0.1029,0.1027,0.1027,0.1027,0.1027,0.1027,0.1025,0.1027,0.1027,0.1027,0.1028,0.1027,0.1027,0.1027,0.1027,0.1028
2;3,0.1014,0.0985,0.0986,0.0985,0.0986,0.0987,0.0986,0.0985,0.0986,0.0986,0.0987,0.0986,0.0985,0.0986,0.0986,0.0986,0.0986,0.0985,0.0984,0.0985,0.0985,0.0984,0.0985,0.0985,0.0985,0.0986,0.0984,0.0984,0.0986,0.0986,0.0984,0.0986,0.0985,0.0984,0.0985,0.0985,0.0985,0.0985,0.0984,0.0986,0.0984,0.0984,0.0984,0.0984,0.0984,0.0986,0.0983,0.0984,0.0985,0.0984,0.0984,0.0983,0.0984,0.0985,0.0984,0.0983,0.0984,0.0984,0.0983,0.0984,0.0984,0.0983,0.0983,0.0984,0.0985,0.0983,0.0983,0.0982,0.0983,0.0983,0.0984,0.0984,0.0983,0.0982,0.0983,0.0983,0.0984,0.0983,0.0983,0.0982,0.0984,0.0983,0.0982,0.0983,0.0981,0.0982,0.0981,0.0982,0.0982,0.0983,0.0982,0.0983,0.0982,0.0982,0.0981,0.0982
3;2,0.1002,0.0968,0.097,0.0969,0.0969,0.097,0.0969,0.0969,0.0968,0.0968,0.0969,0.0968,0.0969,0.0969,0.0969,0.097,0.0969,0.097,0.0969,0.0969,0.0968,0.0968,0.0966,0.0969,0.0967,0.0969,0.0969,0.0968,0.0968,0.0967,0.0967,0.0968,0.0968,0.0967,0.0967,0.0969,0.0968,0.0967,0.0966,0.0969,0.0968,0.0967,0.0967,0.0967,0.0967,0.0967,0.0967,0.1035,0.0967,0.0967,0.0966,0.0965,0.0967,0.0966,0.0965,0.0966,0.0966,0.0966,0.0967,0.0965,0.0966,0.0966,0.0965,0.0966,0.0966,0.0966,0.0965,0.0965,0.0966,0.0965,0.0967,0.0966,0.0966,0.0966,0.0965,0.0965,0.0966,0.0965,0.0967,0.0965,0.0967,0.0967,0.0966,0.0966,0.0964,0.0965,0.0964,0.0965,0.0966,0.0965,0.0966,0.0967,0.0965,0.0965,0.0965,0.0966
,,,,,,,,,,,,,,,,,,,,,,,,,,,,,,,,,,,,,,,,,,,,,,,,,,,,,,,,,,,,,,,,,,,,,,,,,,,,,,,,,,,,,,,,,,,,,,,,
Cycles / Well,,,,,,,,,,,,,,,,,,,,,,,,,,,,,,,,,,,,,,,,,,,,,,,,,,,,,,,,,,,,,,,,,,,,,,,,,,,,,,,,,,,,,,,,,,,,,,,,
D12,1,2,3,4,5,6,7,8,9,10,11,12,13,14,15,16,17,18,19,20,21,22,23,24,25,26,27,28,29,30,31,32,33,34,35,36,37,38,39,40,41,42,43,44,45,46,47,48,49,50,51,52,53,54,55,56,57,58,59,60,61,62,63,64,65,66,67,68,69,70,71,72,73,74,75,76,77,78,79,80,81,82,83,84,85,86,87,88,89,90,91,92,93,94,95,96
Time [s],0,1799.806,3599.729,5399.66,7199.597,8999.513,10799.458,12599.364,14399.311,16199.219,17999.129,19799.077,21599.014,23398.929,25198.853,26998.776,28798.721,30598.646,32398.579,34198.515,35998.426,37798.366,39598.295,41398.224,43198.149,44998.073,46797.997,48597.934,50397.855,52197.79,53997.709,55797.648,57597.562,59397.496,61197.415,62997.353,64797.279,66597.204,68397.129,70197.065,71996.967,73796.9,75596.814,77396.765,79196.693,80996.622,82796.528,84596.475,86396.393,88196.312,89996.248,91796.18,93596.114,95396.034,97195.966,98995.894,100795.82,102595.755,104395.67,106195.606,107995.535,109795.451,111595.395,113395.325,115195.239,116995.182,118795.096,120595.023,122394.949,124194.883,125994.805,127794.735,129594.672,131394.601,133194.53,134994.454,136794.373,138594.307,140394.225,142194.153,143994.083,145794.008,147593.92,149393.863,151193.795,152993.716,154793.66,156593.577,158393.507,160193.44,161993.355,163793.28,165593.216,167393.131,169193.06,170993.004
Temp. [°C],20,29.7,30.1,30,30,30.1,30,29.9,29.9,29.9,30,30,29.9,29.9,30.1,29.9,30,30,29.9,29.9,30,30,30,30.1,30,30.1,29.9,30,30,30.1,30,30.1,30.1,29.9,29.9,30,29.9,30.1,29.8,30,30.1,30.1,29.9,30.1,30,30.1,30.1,30.1,29.9,30,30,30,30,30.1,30,30,30.1,30,30,30,30,29.9,30.1,30.1,30,30,30,30,30,29.9,30,30,30,30,30,30.1,30.1,30.1,30.1,30.1,29.9,29.9,30.1,30.1,29.9,29.9,29.9,30.1,30,30,30.1,30,30.1,30,30.1,29.9
Mean,0.10036,0.09994,0.1,0.09996,0.1,0.10014,0.09996,0.10002,0.09992,0.10008,0.10008,0.10014,0.09998,0.1003,0.10002,0.10004,0.1002,0.10006,0.1,0.09998,0.10006,0.10016,0.1,0.10022,0.10004,0.10032,0.10016,0.1002,0.1003,0.10044,0.10066,0.10032,0.10042,0.10054,0.10048,0.10064,0.10066,0.10084,0.10062,0.10084,0.10098,0.10086,0.10088,0.10112,0.10114,0.10128,0.1014,0.10152,0.10144,0.1016,0.1014,0.1016,0.10188,0.10168,0.10144,0.10148,0.10174,0.10206,0.10202,0.10222,0.10196,0.1023,0.10242,0.10254,0.10266,0.10304,0.10248,0.1026,0.10288,0.10284,0.10334,0.10288,0.10288,0.10304,0.10284,0.10276,0.10304,0.103,0.10336,0.10342,0.1041,0.1044,0.10378,0.10378,0.10412,0.10442,0.10432,0.10424,0.10478,0.10444,0.1048,0.10468,0.10472,0.10504,0.10526,0.10496
StDev,0.003184808,0.003228467,0.003197655,0.003222266,0.003158322,0.003209829,0.00316038,0.003202655,0.003184651,0.003183866,0.003222887,0.003081071,0.003279787,0.00298161,0.003218229,0.003209829,0.002895686,0.003219161,0.003180409,0.003244534,0.003253152,0.003001333,0.003084639,0.00308172,0.003122179,0.002938877,0.003061536,0.003073272,0.00296395,0.002828957,0.002504596,0.002920103,0.002697592,0.002633059,0.002682722,0.002590946,0.002619733,0.0024684,0.002512369,0.002392279,0.002459065,0.002484552,0.0025014,0.002462113,0.002487569,0.002509382,0.002510976,0.002693882,0.002621641,0.002725803,0.002683282,0.002789265,0.003027705,0.00286042,0.002579341,0.002758985,0.003059085,0.003478937,0.003424471,0.003709043,0.003375352,0.003907045,0.004300814,0.004351781,0.004633897,0.005348177,0.004416673,0.004807806,0.005116346,0.004916605,0.005815325,0.005152378,0.005020159,0.00549618,0.005073756,0.004882929,0.005334604,0.005517699,0.006103114,0.006247159,0.007503333,0.008049224,0.006891807,0.00689362,0.007762216,0.008350269,0.008233286,0.007907781,0.009005942,0.008386179,0.009013046,0.008850819,0.008997611,0.009691904,0.010207252,0.009447116
1;2,0.1037,0.1033,0.1034,0.1034,0.1033,0.1035,0.1033,0.1033,0.1033,0.1034,0.1034,0.1033,0.1033,0.1034,0.1033,0.1033,0.1032,0.1033,0.1033,0.1033,0.1034,0.1034,0.1032,0.1034,0.1032,0.1033,0.1033,0.1033,0.1034,0.1034,0.1032,0.1034,0.1032,0.1033,0.1033,0.1033,0.1033,0.1033,0.1032,0.1032,0.1033,0.1033,0.1032,0.1033,0.1033,0.1032,0.1033,0.1032,0.1032,0.1033,0.1032,0.1031,0.1032,0.1032,0.1032,0.103,0.1031,0.1031,0.1031,0.103,0.1031,0.1031,0.103,0.103,0.103,0.103,0.103,0.1029,0.103,0.103,0.1031,0.103,0.1031,0.103,0.103,0.103,0.1031,0.103,0.1029,0.103,0.103,0.1031,0.1031,0.103,0.1029,0.103,0.1029,0.103,0.103,0.1029,0.1031,0.1029,0.103,0.103,0.1029,0.1029
2;1,0.0994,0.0989,0.099,0.099,0.099,0.0991,0.0989,0.099,0.0989,0.0989,0.099,0.0991,0.0989,0.0992,0.0989,0.099,0.0989,0.099,0.099,0.0989,0.0989,0.0989,0.0988,0.0989,0.099,0.0991,0.099,0.099,0.0991,0.0991,0.0991,0.0991,0.099,0.099,0.099,0.0991,0.0991,0.0991,0.0989,0.099,0.0991,0.099,0.0991,0.0991,0.0991,0.0991,0.0992,0.0991,0.0991,0.0992,0.0991,0.0991,0.0993,0.0991,0.0992,0.099,0.099,0.0991,0.0992,0.0991,0.099,0.0991,0.0989,0.0992,0.0991,0.0991,0.099,0.099,0.099,0.0991,0.0992,0.099,0.0991,0.099,0.099,0.099,0.0991,0.099,0.0991,0.0991,0.0992,0.0992,0.0992,0.0992,0.0992,0.0991,0.0992,0.0992,0.0993,0.0993,0.0992,0.0992,0.0992,0.0993,0.0994,0.0994
2;2,0.1036,0.1032,0.1032,0.1031,0.1032,0.1034,0.1031,0.1033,0.1031,0.1034,0.1034,0.1034,0.1034,0.1035,0.1034,0.1034,0.1034,0.1035,0.1033,0.1034,0.1035,0.1033,0.1033,0.1036,0.1034,0.1036,0.1035,0.1036,0.1035,0.1036,0.1035,0.1035,0.1035,0.1035,0.1035,0.1036,0.1037,0.1036,0.1034,0.1035,0.1037,0.1035,0.1037,0.1036,0.1037,0.1036,0.1036,0.1036,0.1036,0.1037,0.1035,0.1035,0.1036,0.1037,0.1035,0.1036,0.1036,0.1036,0.1036,0.1036,0.1036,0.1035,0.1036,0.1036,0.1036,0.1035,0.1034,0.1034,0.1036,0.1036,0.1036,0.1035,0.1036,0.1036,0.1035,0.1036,0.1036,0.1035,0.1035,0.1035,0.1036,0.1037,0.1035,0.1036,0.1035,0.1035,0.1034,0.1035,0.1035,0.1035,0.1036,0.1036,0.1035,0.1035,0.1034,0.1035
2;3,0.0986,0.0984,0.0983,0.0984,0.0984,0.0985,0.0985,0.0985,0.0983,0.0984,0.0985,0.0984,0.0984,0.0984,0.0984,0.0984,0.0983,0.0983,0.0982,0.0982,0.0983,0.0983,0.0982,0.0983,0.0982,0.0984,0.0982,0.0983,0.0984,0.0982,0.0981,0.0982,0.0983,0.0981,0.0982,0.0982,0.0982,0.0982,0.098,0.0983,0.0982,0.098,0.098,0.0981,0.0981,0.0981,0.0982,0.0981,0.0981,0.0981,0.0979,0.0981,0.0981,0.0981,0.0981,0.098,0.098,0.098,0.0979,0.0981,0.098,0.098,0.0979,0.0979,0.0979,0.098,0.0979,0.0977,0.0979,0.098,0.098,0.0979,0.0979,0.0978,0.0979,0.0979,0.0979,0.0977,0.0979,0.0978,0.0979,0.0979,0.0978,0.0978,0.0977,0.0978,0.0977,0.0978,0.0978,0.0977,0.0978,0.0978,0.0977,0.0976,0.0976,0.0977
3;2,0.0965,0.0959,0.0961,0.0959,0.0961,0.0962,0.096,0.096,0.096,0.0963,0.0961,0.0965,0.0959,0.097,0.0961,0.0961,0.0972,0.0962,0.0962,0.0961,0.0962,0.0969,0.0965,0.0969,0.0964,0.0972,0.0968,0.0968,0.0971,0.0979,0.0994,0.0974,0.0981,0.0988,0.0984,0.099,0.099,0.1,0.0996,0.1002,0.1006,0.1005,0.1004,0.1015,0.1015,0.1024,0.1027,0.1036,0.1032,0.1037,0.1033,0.1042,0.1052,0.1043,0.1032,0.1038,0.105,0.1065,0.1063,0.1073,0.1061,0.1078,0.1087,0.109,0.1097,0.1116,0.1091,0.11,0.1109,0.1105,0.1128,0.111,0.1107,0.1118,0.1108,0.1103,0.1115,0.1118,0.1134,0.1137,0.1168,0.1181,0.1153,0.1153,0.1173,0.1187,0.1184,0.1177,0.1203,0.1188,0.1203,0.1199,0.1202,0.1218,0.123,0.1213
,,,,,,,,,,,,,,,,,,,,,,,,,,,,,,,,,,,,,,,,,,,,,,,,,,,,,,,,,,,,,,,,,,,,,,,,,,,,,,,,,,,,,,,,,,,,,,,,
Cycles / Well,,,,,,,,,,,,,,,,,,,,,,,,,,,,,,,,,,,,,,,,,,,,,,,,,,,,,,,,,,,,,,,,,,,,,,,,,,,,,,,,,,,,,,,,,,,,,,,,
E1,1,2,3,4,5,6,7,8,9,10,11,12,13,14,15,16,17,18,19,20,21,22,23,24,25,26,27,28,29,30,31,32,33,34,35,36,37,38,39,40,41,42,43,44,45,46,47,48,49,50,51,52,53,54,55,56,57,58,59,60,61,62,63,64,65,66,67,68,69,70,71,72,73,74,75,76,77,78,79,80,81,82,83,84,85,86,87,88,89,90,91,92,93,94,95,96
Time [s],0,1799.806,3599.729,5399.66,7199.597,8999.513,10799.458,12599.364,14399.311,16199.219,17999.129,19799.077,21599.014,23398.929,25198.853,26998.776,28798.721,30598.646,32398.579,34198.515,35998.426,37798.366,39598.295,41398.224,43198.149,44998.073,46797.997,48597.934,50397.855,52197.79,53997.709,55797.648,57597.562,59397.496,61197.415,62997.353,64797.279,66597.204,68397.129,70197.065,71996.967,73796.9,75596.814,77396.765,79196.693,80996.622,82796.528,84596.475,86396.393,88196.312,89996.248,91796.18,93596.114,95396.034,97195.966,98995.894,100795.82,102595.755,104395.67,106195.606,107995.535,109795.451,111595.395,113395.325,115195.239,116995.182,118795.096,120595.023,122394.949,124194.883,125994.805,127794.735,129594.672,131394.601,133194.53,134994.454,136794.373,138594.307,140394.225,142194.153,143994.083,145794.008,147593.92,149393.863,151193.795,152993.716,154793.66,156593.577,158393.507,160193.44,161993.355,163793.28,165593.216,167393.131,169193.06,170993.004
Temp. [°C],20,29.7,30.1,30,30,30.1,30,29.9,29.9,29.9,30,30,29.9,29.9,30.1,29.9,30,30,29.9,29.9,30,30,30,30.1,30,30.1,29.9,30,30,30.1,30,30.1,30.1,29.9,29.9,30,29.9,30.1,29.8,30,30.1,30.1,29.9,30.1,30,30.1,30.1,30.1,29.9,30,30,30,30,30.1,30,30,30.1,30,30,30,30,29.9,30.1,30.1,30,30,30,30,30,29.9,30,30,30,30,30,30.1,30.1,30.1,30.1,30.1,29.9,29.9,30.1,30.1,29.9,29.9,29.9,30.1,30,30,30.1,30,30.1,30,30.1,29.9
Mean,0.09914,0.09892,0.09934,0.09962,0.09988,0.10012,0.10022,0.10058,0.10072,0.1009,0.10114,0.10128,0.10138,0.10156,0.10164,0.1017,0.10168,0.10178,0.1019,0.10194,0.10208,0.102,0.10214,0.1022,0.10236,0.10248,0.10238,0.10234,0.10258,0.1027,0.10268,0.10272,0.10274,0.10272,0.1028,0.10304,0.10282,0.10302,0.10284,0.103,0.10302,0.10312,0.10308,0.10312,0.10324,0.10314,0.1033,0.10342,0.10334,0.10352,0.10338,0.1032,0.10332,0.10326,0.10324,0.10344,0.10344,0.10352,0.10354,0.10346,0.1036,0.10366,0.10366,0.10384,0.10386,0.10354,0.10366,0.10376,0.1038,0.10386,0.10394,0.10414,0.10414,0.10394,0.10406,0.10404,0.10406,0.10404,0.10432,0.1042,0.10446,0.10462,0.10456,0.10448,0.10454,0.10492,0.10446,0.10474,0.10482,0.10488,0.10478,0.10512,0.10504,0.10526,0.10502,0.10538
StDev,0.002086384,0.002208393,0.002398541,0.002913246,0.003199531,0.003636207,0.004018333,0.004427979,0.004699681,0.004964373,0.005349112,0.005558957,0.005935234,0.006139463,0.006348071,0.00620967,0.006491687,0.006652593,0.00687859,0.007080466,0.007121587,0.007220457,0.007427516,0.007425295,0.007590981,0.007796602,0.00775416,0.00759164,0.007984172,0.008191459,0.008252394,0.008214439,0.008290838,0.008336486,0.008213708,0.008550322,0.008344279,0.008543536,0.008473075,0.008465814,0.00852596,0.008840645,0.008588772,0.008536803,0.008744312,0.008532174,0.008567672,0.00853651,0.008484869,0.008688038,0.008528013,0.008478207,0.008370603,0.0084094,0.008320637,0.00865985,0.008614407,0.008490701,0.00836917,0.008535983,0.008362715,0.008434631,0.008306203,0.008150031,0.008208106,0.00822484,0.008039776,0.008051584,0.008042077,0.00788879,0.007888156,0.008053136,0.007792176,0.007627778,0.007576147,0.007593616,0.007472483,0.007351734,0.007376449,0.007361386,0.007297123,0.007420714,0.007200903,0.007001214,0.006939597,0.007142269,0.006911802,0.006923727,0.006884911,0.006879462,0.006827298,0.007000143,0.006888614,0.007129025,0.006901956,0.007124044
1;2,0.1019,0.1018,0.1019,0.1021,0.102,0.1019,0.1018,0.1021,0.102,0.102,0.1021,0.102,0.1021,0.1023,0.1021,0.1022,0.1021,0.1021,0.1022,0.102,0.1022,0.102,0.102,0.1021,0.1022,0.1022,0.1021,0.1021,0.1021,0.1021,0.1021,0.102,0.1022,0.102,0.102,0.1021,0.1019,0.1022,0.1019,0.1021,0.1021,0.102,0.1021,0.102,0.1021,0.1021,0.102,0.1022,0.1021,0.1021,0.1019,0.1018,0.1019,0.1018,0.1019,0.1018,0.1019,0.1019,0.102,0.1019,0.1018,0.1018,0.1017,0.1018,0.1019,0.1017,0.1018,0.1018,0.1019,0.1019,0.1019,0.1019,0.102,0.1018,0.1019,0.1017,0.1018,0.1017,0.1019,0.1017,0.1018,0.102,0.1018,0.1018,0.1016,0.1018,0.1015,0.1018,0.1016,0.1018,0.1018,0.1019,0.1017,0.1016,0.1016,0.1018
2;1,0.098,0.0978,0.0976,0.0973,0.0972,0.0971,0.0969,0.0971,0.097,0.097,0.097,0.0971,0.0969,0.0969,0.0969,0.0971,0.0969,0.0969,0.0969,0.0969,0.097,0.0968,0.0969,0.0969,0.097,0.097,0.0969,0.097,0.097,0.097,0.0969,0.097,0.0969,0.0969,0.097,0.097,0.097,0.097,0.0969,0.097,0.097,0.0968,0.0969,0.0971,0.097,0.097,0.097,0.0969,0.0971,0.0971,0.0971,0.0969,0.097,0.0971,0.097,0.097,0.0969,0.0969,0.0969,0.097,0.0969,0.0969,0.097,0.097,0.0969,0.0969,0.0968,0.0968,0.0968,0.0969,0.097,0.097,0.097,0.0969,0.097,0.0969,0.097,0.0969,0.0969,0.0969,0.097,0.0969,0.0969,0.0968,0.0968,0.097,0.0968,0.0969,0.097,0.097,0.097,0.0969,0.097,0.0969,0.0969,0.097
2;2,0.1006,0.1003,0.1006,0.1007,0.1009,0.1011,0.101,0.1013,0.1013,0.1015,0.1016,0.1017,0.1016,0.1018,0.1017,0.1018,0.1017,0.1018,0.1019,0.1018,0.1019,0.1019,0.1018,0.102,0.102,0.1021,0.1021,0.102,0.1021,0.1022,0.1021,0.1022,0.1022,0.1022,0.1023,0.1023,0.1022,0.1024,0.102,0.1023,0.1024,0.1024,0.1024,0.1024,0.1024,0.1024,0.1025,0.1024,0.1025,0.1025,0.1024,0.1023,0.1026,0.1026,0.1026,0.1025,0.1025,0.1025,0.1025,0.1025,0.1025,0.1025,0.1025,0.1026,0.1026,0.1025,0.1024,0.1026,0.1027,0.1027,0.1027,0.1027,0.1026,0.1025,0.1028,0.1026,0.1027,0.1027,0.1027,0.1027,0.1028,0.1029,0.1028,0.1027,0.1027,0.1028,0.1026,0.1028,0.1029,0.1027,0.1029,0.1029,0.1028,0.1029,0.1029,0.1028
2;3,0.0985,0.0986,0.1005,0.1022,0.1034,0.1047,0.1057,0.1068,0.1076,0.1083,0.1093,0.1099,0.1107,0.1112,0.1118,0.1116,0.1121,0.1125,0.113,0.1135,0.1137,0.1138,0.1144,0.1144,0.1149,0.1154,0.1152,0.1149,0.1159,0.1164,0.1165,0.1165,0.1166,0.1167,0.1166,0.1175,0.1169,0.1174,0.1172,0.1173,0.1174,0.1181,0.1176,0.1176,0.1181,0.1176,0.1179,0.118,0.1178,0.1184,0.118,0.1177,0.1176,0.1176,0.1174,0.1183,0.1182,0.1181,0.1179,0.1181,0.118,0.1182,0.118,0.1179,0.118,0.1177,0.1175,0.1176,0.1176,0.1174,0.1175,0.118,0.1175,0.117,0.117,0.117,0.1168,0.1165,0.1167,0.1166,0.1166,0.1169,0.1163,0.1157,0.1154,0.116,0.1153,0.1154,0.1152,0.1151,0.1152,0.1151,0.1147,0.1148,0.1146,0.1146
3;2,0.0967,0.0961,0.0961,0.0958,0.0959,0.0958,0.0957,0.0956,0.0957,0.0957,0.0957,0.0957,0.0956,0.0956,0.0957,0.0958,0.0956,0.0956,0.0955,0.0955,0.0956,0.0955,0.0956,0.0956,0.0957,0.0957,0.0956,0.0957,0.0958,0.0958,0.0958,0.0959,0.0958,0.0958,0.0961,0.0963,0.0961,0.0961,0.0962,0.0963,0.0962,0.0963,0.0964,0.0965,0.0966,0.0966,0.0971,0.0976,0.0972,0.0975,0.0975,0.0973,0.0975,0.0972,0.0973,0.0976,0.0977,0.0982,0.0984,0.0978,0.0988,0.0989,0.0991,0.0999,0.0999,0.0989,0.0998,0.1,0.1,0.1004,0.1006,0.1011,0.1016,0.1015,0.1016,0.102,0.102,0.1024,0.1034,0.1031,0.1041,0.1044,0.105,0.1054,0.1062,0.107,0.1061,0.1068,0.1074,0.1078,0.107,0.1088,0.109,0.1101,0.1091,0.1107
,,,,,,,,,,,,,,,,,,,,,,,,,,,,,,,,,,,,,,,,,,,,,,,,,,,,,,,,,,,,,,,,,,,,,,,,,,,,,,,,,,,,,,,,,,,,,,,,
Cycles / Well,,,,,,,,,,,,,,,,,,,,,,,,,,,,,,,,,,,,,,,,,,,,,,,,,,,,,,,,,,,,,,,,,,,,,,,,,,,,,,,,,,,,,,,,,,,,,,,,
E2,1,2,3,4,5,6,7,8,9,10,11,12,13,14,15,16,17,18,19,20,21,22,23,24,25,26,27,28,29,30,31,32,33,34,35,36,37,38,39,40,41,42,43,44,45,46,47,48,49,50,51,52,53,54,55,56,57,58,59,60,61,62,63,64,65,66,67,68,69,70,71,72,73,74,75,76,77,78,79,80,81,82,83,84,85,86,87,88,89,90,91,92,93,94,95,96
Time [s],0,1799.806,3599.729,5399.66,7199.597,8999.513,10799.458,12599.364,14399.311,16199.219,17999.129,19799.077,21599.014,23398.929,25198.853,26998.776,28798.721,30598.646,32398.579,34198.515,35998.426,37798.366,39598.295,41398.224,43198.149,44998.073,46797.997,48597.934,50397.855,52197.79,53997.709,55797.648,57597.562,59397.496,61197.415,62997.353,64797.279,66597.204,68397.129,70197.065,71996.967,73796.9,75596.814,77396.765,79196.693,80996.622,82796.528,84596.475,86396.393,88196.312,89996.248,91796.18,93596.114,95396.034,97195.966,98995.894,100795.82,102595.755,104395.67,106195.606,107995.535,109795.451,111595.395,113395.325,115195.239,116995.182,118795.096,120595.023,122394.949,124194.883,125994.805,127794.735,129594.672,131394.601,133194.53,134994.454,136794.373,138594.307,140394.225,142194.153,143994.083,145794.008,147593.92,149393.863,151193.795,152993.716,154793.66,156593.577,158393.507,160193.44,161993.355,163793.28,165593.216,167393.131,169193.06,170993.004
Temp. [°C],20,29.7,30.1,30,30,30.1,30,29.9,29.9,29.9,30,30,29.9,29.9,30.1,29.9,30,30,29.9,29.9,30,30,30,30.1,30,30.1,29.9,30,30,30.1,30,30.1,30.1,29.9,29.9,30,29.9,30.1,29.8,30,30.1,30.1,29.9,30.1,30,30.1,30.1,30.1,29.9,30,30,30,30,30.1,30,30,30.1,30,30,30,30,29.9,30.1,30.1,30,30,30,30,30,29.9,30,30,30,30,30,30.1,30.1,30.1,30.1,30.1,29.9,29.9,30.1,30.1,29.9,29.9,29.9,30.1,30,30,30.1,30,30.1,30,30.1,29.9
Mean,0.11118,0.11304,0.1156,0.11744,0.1195,0.12212,0.12494,0.1288,0.13348,0.13996,0.14802,0.1585,0.1722,0.18966,0.21188,0.2393,0.27084,0.30766,0.34786,0.39208,0.44018,0.49004,0.54194,0.59714,0.64826,0.69918,0.74156,0.7777,0.80312,0.82378,0.84024,0.85542,0.86868,0.8767,0.88596,0.89166,0.90028,0.9061,0.90912,0.91404,0.91906,0.9203,0.92362,0.92862,0.92912,0.93354,0.9362,0.93862,0.9402,0.9423,0.9456,0.9486,0.94982,0.95272,0.9546,0.95312,0.95506,0.955,0.95518,0.95648,0.95726,0.95614,0.95696,0.95852,0.9581,0.9601,0.95966,0.96036,0.96136,0.96142,0.96194,0.95938,0.9603,0.96156,0.96278,0.96054,0.96198,0.9628,0.9607,0.96202,0.96228,0.96078,0.9615,0.96326,0.96146,0.95852,0.95976,0.96098,0.96084,0.96152,0.96048,0.96004,0.96166,0.96096,0.9601,0.95938
StDev,0.000749667,0.001087658,0.000902774,0.000750333,0.001053565,0.001710848,0.00241723,0.003787479,0.005876819,0.008703333,0.012691611,0.018512158,0.026068659,0.036468452,0.050341951,0.066958084,0.087060915,0.110810888,0.138216472,0.168428804,0.198768891,0.229547768,0.260238704,0.285635105,0.30480792,0.32047554,0.327725759,0.332413959,0.336090266,0.337697286,0.338145543,0.337306888,0.339608461,0.338421357,0.338238715,0.341151415,0.340135932,0.340816145,0.341400537,0.340406049,0.339265616,0.340301411,0.33817288,0.337480588,0.33820755,0.338557968,0.339069123,0.339437781,0.339670024,0.340877962,0.340264757,0.340424955,0.340177876,0.340861126,0.341674772,0.342722887,0.343281944,0.343633468,0.344067947,0.345109964,0.345407633,0.345846292,0.345819871,0.345179224,0.346733276,0.346645229,0.346628408,0.347987504,0.347960225,0.348412244,0.34840972,0.349886191,0.35057475,0.349170772,0.349107343,0.349916709,0.349850592,0.350185965,0.350908072,0.350556888,0.350266623,0.35103446,0.350333762,0.349244718,0.349101981,0.35156312,0.35030809,0.351148882,0.351767939,0.352203516,0.351678521,0.351909531,0.351696912,0.351969065,0.351586063,0.35205622
1;2,0.1122,0.1133,0.116,0.118,0.1204,0.1238,0.1274,0.1329,0.14,0.15,0.1634,0.1816,0.2059,0.2386,0.2819,0.3347,0.3976,0.4726,0.5587,0.6537,0.7525,0.8553,0.9605,1.0579,1.1419,1.2189,1.2719,1.3143,1.3465,1.3692,1.3866,1.3987,1.4144,1.4208,1.428,1.4398,1.4448,1.4515,1.4567,1.4589,1.4606,1.4651,1.4644,1.4665,1.4708,1.4746,1.4779,1.4821,1.4842,1.4883,1.4884,1.491,1.4914,1.4946,1.4971,1.4995,1.5013,1.5031,1.5042,1.5065,1.508,1.509,1.5091,1.509,1.5122,1.5127,1.5122,1.5152,1.516,1.5167,1.5167,1.5188,1.5205,1.5183,1.5184,1.5192,1.5197,1.5205,1.5215,1.5215,1.5213,1.5229,1.5216,1.52,1.5188,1.5232,1.5207,1.5229,1.5241,1.525,1.5235,1.5235,1.524,1.5245,1.5234,1.5241
2;1,0.1108,0.1132,0.1166,0.1184,0.1208,0.1235,0.1265,0.1304,0.135,0.1416,0.1495,0.1592,0.1722,0.1876,0.2068,0.2303,0.2565,0.2884,0.3234,0.3623,0.4065,0.4531,0.5052,0.5644,0.622,0.6788,0.7268,0.7666,0.7925,0.8154,0.834,0.8508,0.8647,0.8744,0.8855,0.8909,0.9014,0.9078,0.9104,0.9169,0.922,0.922,0.9262,0.9328,0.9323,0.9378,0.9411,0.9437,0.9451,0.9474,0.9524,0.9569,0.9583,0.9613,0.9622,0.959,0.9609,0.9612,0.9614,0.9634,0.9631,0.9619,0.9636,0.9653,0.9633,0.9663,0.9665,0.9666,0.9663,0.9675,0.9675,0.9629,0.9649,0.9671,0.9686,0.9647,0.9668,0.9684,0.9653,0.9669,0.9673,0.9643,0.9653,0.9693,0.9666,0.9608,0.9639,0.9644,0.9644,0.9651,0.9639,0.9639,0.9656,0.964,0.9632,0.9614
2;2,0.1112,0.1117,0.1145,0.1166,0.119,0.122,0.1251,0.1296,0.1353,0.143,0.1523,0.165,0.181,0.2017,0.2271,0.2582,0.2936,0.3325,0.3717,0.4136,0.4585,0.5023,0.5452,0.5939,0.6368,0.6818,0.7225,0.758,0.7812,0.8009,0.8154,0.833,0.8479,0.8539,0.8655,0.868,0.8804,0.8856,0.886,0.8923,0.9006,0.8992,0.9027,0.9104,0.9055,0.9121,0.9142,0.9141,0.9148,0.9165,0.9239,0.9273,0.9297,0.9346,0.9383,0.9325,0.9376,0.9345,0.9332,0.9353,0.9371,0.9328,0.9347,0.937,0.9357,0.94,0.9392,0.9401,0.9425,0.9421,0.9441,0.9376,0.9385,0.9419,0.9453,0.9407,0.9438,0.9451,0.9396,0.9421,0.9424,0.9381,0.9401,0.9438,0.9409,0.9321,0.9361,0.9389,0.938,0.9396,0.9379,0.9369,0.9402,0.9386,0.9368,0.9354
2;3,0.1102,0.1124,0.1148,0.1169,0.119,0.1218,0.1246,0.1284,0.1331,0.139,0.1465,0.1563,0.1683,0.183,0.2015,0.2244,0.2501,0.2789,0.3087,0.3415,0.3781,0.4142,0.4499,0.4914,0.528,0.5674,0.604,0.638,0.6606,0.6805,0.6954,0.7117,0.7252,0.7331,0.7429,0.7468,0.755,0.7613,0.7638,0.769,0.7753,0.7758,0.7809,0.7865,0.7862,0.79,0.7929,0.794,0.7965,0.798,0.8013,0.8037,0.8046,0.807,0.8099,0.8088,0.8097,0.8085,0.8098,0.8108,0.8107,0.8088,0.8092,0.8122,0.8105,0.8127,0.8119,0.8121,0.8137,0.8127,0.8138,0.8109,0.811,0.8129,0.8143,0.8112,0.8123,0.8131,0.8099,0.8121,0.8122,0.8097,0.8119,0.8139,0.8121,0.8081,0.8096,0.8106,0.8097,0.8106,0.8096,0.8089,0.811,0.81,0.8092,0.8084
3;2,0.1115,0.1146,0.1161,0.1173,0.1183,0.1195,0.1211,0.1227,0.124,0.1262,0.1284,0.1304,0.1336,0.1374,0.1421,0.1489,0.1564,0.1659,0.1768,0.1893,0.2053,0.2253,0.2489,0.2781,0.3126,0.349,0.3826,0.4116,0.4348,0.4529,0.4698,0.4829,0.4912,0.5013,0.5079,0.5128,0.5198,0.5243,0.5287,0.5331,0.5368,0.5394,0.5439,0.5469,0.5508,0.5532,0.5549,0.5592,0.5604,0.5613,0.562,0.5641,0.5651,0.5661,0.5655,0.5658,0.5658,0.5677,0.5673,0.5664,0.5674,0.5682,0.5682,0.5691,0.5688,0.5688,0.5685,0.5678,0.5683,0.5681,0.5676,0.5667,0.5666,0.5676,0.5673,0.5669,0.5673,0.5669,0.5672,0.5675,0.5682,0.5689,0.5686,0.5693,0.5689,0.5684,0.5685,0.5681,0.568,0.5673,0.5675,0.567,0.5675,0.5677,0.5679,0.5676
,,,,,,,,,,,,,,,,,,,,,,,,,,,,,,,,,,,,,,,,,,,,,,,,,,,,,,,,,,,,,,,,,,,,,,,,,,,,,,,,,,,,,,,,,,,,,,,,
Cycles / Well,,,,,,,,,,,,,,,,,,,,,,,,,,,,,,,,,,,,,,,,,,,,,,,,,,,,,,,,,,,,,,,,,,,,,,,,,,,,,,,,,,,,,,,,,,,,,,,,
E3,1,2,3,4,5,6,7,8,9,10,11,12,13,14,15,16,17,18,19,20,21,22,23,24,25,26,27,28,29,30,31,32,33,34,35,36,37,38,39,40,41,42,43,44,45,46,47,48,49,50,51,52,53,54,55,56,57,58,59,60,61,62,63,64,65,66,67,68,69,70,71,72,73,74,75,76,77,78,79,80,81,82,83,84,85,86,87,88,89,90,91,92,93,94,95,96
Time [s],0,1799.806,3599.729,5399.66,7199.597,8999.513,10799.458,12599.364,14399.311,16199.219,17999.129,19799.077,21599.014,23398.929,25198.853,26998.776,28798.721,30598.646,32398.579,34198.515,35998.426,37798.366,39598.295,41398.224,43198.149,44998.073,46797.997,48597.934,50397.855,52197.79,53997.709,55797.648,57597.562,59397.496,61197.415,62997.353,64797.279,66597.204,68397.129,70197.065,71996.967,73796.9,75596.814,77396.765,79196.693,80996.622,82796.528,84596.475,86396.393,88196.312,89996.248,91796.18,93596.114,95396.034,97195.966,98995.894,100795.82,102595.755,104395.67,106195.606,107995.535,109795.451,111595.395,113395.325,115195.239,116995.182,118795.096,120595.023,122394.949,124194.883,125994.805,127794.735,129594.672,131394.601,133194.53,134994.454,136794.373,138594.307,140394.225,142194.153,143994.083,145794.008,147593.92,149393.863,151193.795,152993.716,154793.66,156593.577,158393.507,160193.44,161993.355,163793.28,165593.216,167393.131,169193.06,170993.004
Temp. [°C],20,29.7,30.1,30,30,30.1,30,29.9,29.9,29.9,30,30,29.9,29.9,30.1,29.9,30,30,29.9,29.9,30,30,30,30.1,30,30.1,29.9,30,30,30.1,30,30.1,30.1,29.9,29.9,30,29.9,30.1,29.8,30,30.1,30.1,29.9,30.1,30,30.1,30.1,30.1,29.9,30,30,30,30,30.1,30,30,30.1,30,30,30,30,29.9,30.1,30.1,30,30,30,30,30,29.9,30,30,30,30,30,30.1,30.1,30.1,30.1,30.1,29.9,29.9,30.1,30.1,29.9,29.9,29.9,30.1,30,30,30.1,30,30.1,30,30.1,29.9
Mean,0.11528,0.11452,0.11682,0.11902,0.12138,0.1249,0.12892,0.1342,0.1409,0.15034,0.16224,0.17812,0.19896,0.22682,0.26346,0.31072,0.37038,0.4421,0.52536,0.61772,0.71924,0.8232,0.91998,1.00478,1.07644,1.13186,1.17038,1.19764,1.22042,1.23862,1.25338,1.26726,1.27978,1.2904,1.2991,1.30694,1.31134,1.31694,1.32158,1.3259,1.3299,1.33392,1.33766,1.34144,1.34624,1.34922,1.35386,1.35812,1.36116,1.36442,1.36756,1.37018,1.37164,1.37438,1.37684,1.37934,1.38138,1.38196,1.38314,1.38454,1.386,1.38708,1.3882,1.3883,1.38996,1.39012,1.39096,1.39218,1.3928,1.39306,1.39398,1.39486,1.39554,1.3955,1.39544,1.39654,1.3968,1.3968,1.3978,1.39738,1.39734,1.39862,1.39874,1.39812,1.3982,1.39906,1.39874,1.39916,1.39866,1.39978,1.39934,1.39954,1.39946,1.39992,1.3996,1.4001
StDev,0.002130023,0.003350672,0.00378246,0.003675187,0.003900897,0.004280187,0.004616492,0.004946716,0.005169139,0.006085885,0.006889702,0.008485105,0.010747232,0.014243841,0.019563819,0.02720261,0.036772503,0.048423393,0.06165487,0.075723424,0.09034718,0.103257373,0.111039304,0.115448244,0.11427862,0.111379231,0.107717696,0.105244373,0.102062172,0.100102208,0.098823261,0.098980973,0.098426175,0.09775633,0.096801524,0.095505016,0.094293865,0.094169225,0.094576038,0.093998324,0.094073934,0.093512015,0.093542386,0.094379039,0.093805133,0.094427178,0.094600888,0.094603842,0.094886,0.094985457,0.095246381,0.095565041,0.096034801,0.096121002,0.096641518,0.095672504,0.095766628,0.09555084,0.095887215,0.096658435,0.095704676,0.095519249,0.095776015,0.096766601,0.096472473,0.097044201,0.097598325,0.097449048,0.097400796,0.097874246,0.097917629,0.097524115,0.097968888,0.098828867,0.099045686,0.098711007,0.099095156,0.09922996,0.098802024,0.099610225,0.099648046,0.098956591,0.099382005,0.099917951,0.099821766,0.099100974,0.099363842,0.100017089,0.10000919,0.100766746,0.100703739,0.100788581,0.101786482,0.101390912,0.101394206,0.101274306
1;2,0.1144,0.1119,0.1137,0.1159,0.118,0.121,0.1247,0.1295,0.1358,0.1445,0.1557,0.1708,0.1909,0.2179,0.2541,0.302,0.3612,0.4351,0.5221,0.619,0.7254,0.8361,0.9381,1.0259,1.098,1.1568,1.1946,1.2209,1.2445,1.2616,1.2767,1.2892,1.303,1.312,1.3202,1.3292,1.3313,1.3369,1.3423,1.3467,1.3505,1.3552,1.3578,1.3612,1.3665,1.3698,1.375,1.3786,1.3814,1.3849,1.3873,1.3911,1.3912,1.3944,1.3975,1.3996,1.4019,1.4023,1.4037,1.4048,1.4069,1.4085,1.4085,1.4081,1.4106,1.4108,1.4114,1.4134,1.4144,1.414,1.4154,1.4164,1.4171,1.417,1.4154,1.417,1.4189,1.4174,1.4185,1.4181,1.4179,1.4201,1.4196,1.4184,1.4174,1.4203,1.4197,1.4189,1.419,1.4204,1.4197,1.4189,1.4194,1.42,1.4199,1.4203
2;1,0.1158,0.1154,0.1178,0.1197,0.1219,0.1252,0.1288,0.1333,0.139,0.1468,0.1566,0.1688,0.1852,0.2065,0.2337,0.2677,0.3115,0.363,0.4236,0.4915,0.5681,0.6496,0.7325,0.8094,0.8829,0.9429,0.9876,1.0193,1.0472,1.069,1.0858,1.0994,1.113,1.125,1.1354,1.145,1.1517,1.1576,1.1616,1.1668,1.1706,1.1757,1.1792,1.182,1.1877,1.1896,1.1939,1.1984,1.2008,1.2038,1.2066,1.2083,1.2093,1.2117,1.2134,1.2174,1.2193,1.22,1.2206,1.221,1.2238,1.2253,1.2258,1.2243,1.2263,1.2256,1.2253,1.2271,1.2276,1.2271,1.228,1.2293,1.2293,1.2277,1.2275,1.229,1.2283,1.2284,1.2301,1.2282,1.228,1.2305,1.2299,1.2285,1.2288,1.2307,1.2298,1.2294,1.2286,1.2285,1.2282,1.2284,1.2266,1.2277,1.2272,1.2279
2;2,0.115,0.114,0.1158,0.1182,0.1205,0.124,0.1279,0.1333,0.1403,0.1498,0.1625,0.1793,0.2013,0.2318,0.2722,0.3247,0.3915,0.4713,0.5652,0.6673,0.7791,0.8924,0.996,1.0823,1.1548,1.2086,1.2447,1.2706,1.2919,1.3094,1.3239,1.3381,1.3499,1.361,1.3679,1.3754,1.3794,1.3847,1.3897,1.3934,1.3972,1.4018,1.4046,1.4087,1.4146,1.4167,1.4218,1.427,1.4296,1.4329,1.436,1.438,1.4404,1.4424,1.4466,1.4482,1.4504,1.4504,1.452,1.4549,1.4544,1.4562,1.4568,1.4572,1.4589,1.4589,1.4598,1.4616,1.4622,1.4624,1.4634,1.4649,1.4657,1.466,1.4655,1.4667,1.4665,1.467,1.4683,1.468,1.4682,1.4693,1.4688,1.4683,1.4684,1.4686,1.4683,1.4705,1.4686,1.4705,1.4705,1.4708,1.4707,1.4707,1.4704,1.4717
2;3,0.1127,0.1115,0.1139,0.1163,0.1187,0.1223,0.1265,0.1323,0.1398,0.1502,0.1635,0.1822,0.2062,0.239,0.2818,0.3375,0.4063,0.4879,0.5817,0.6846,0.7976,0.91,1.0097,1.0979,1.1668,1.2179,1.2534,1.2791,1.2977,1.3146,1.3273,1.3415,1.3538,1.364,1.3733,1.3782,1.3824,1.3883,1.3931,1.3969,1.4011,1.4038,1.4084,1.4142,1.4168,1.4214,1.4256,1.4297,1.4333,1.4364,1.4404,1.4429,1.4453,1.4483,1.45,1.4517,1.4537,1.454,1.4552,1.4571,1.4582,1.4584,1.4603,1.4619,1.4625,1.4639,1.4651,1.4661,1.4661,1.4674,1.4683,1.4674,1.4688,1.4695,1.4711,1.4711,1.4712,1.4721,1.4721,1.4725,1.4721,1.4724,1.4739,1.4744,1.4747,1.4742,1.474,1.4747,1.4746,1.4762,1.4754,1.4762,1.4774,1.4776,1.4768,1.4764
3;2,0.1185,0.1198,0.1229,0.125,0.1278,0.132,0.1367,0.1426,0.1496,0.1604,0.1729,0.1895,0.2112,0.2389,0.2755,0.3217,0.3814,0.4532,0.5342,0.6262,0.726,0.8279,0.9236,1.0084,1.0797,1.1331,1.1716,1.1983,1.2208,1.2385,1.2532,1.2681,1.2792,1.29,1.2987,1.3069,1.3119,1.3172,1.3212,1.3257,1.3301,1.3331,1.3383,1.3411,1.3456,1.3486,1.353,1.3569,1.3607,1.3641,1.3675,1.3706,1.372,1.3751,1.3767,1.3798,1.3816,1.3831,1.3842,1.3849,1.3867,1.387,1.3896,1.39,1.3915,1.3914,1.3932,1.3927,1.3937,1.3944,1.3948,1.3963,1.3968,1.3973,1.3977,1.3989,1.3991,1.3991,1.4,1.4001,1.4005,1.4008,1.4015,1.401,1.4017,1.4015,1.4019,1.4023,1.4025,1.4033,1.4029,1.4034,1.4032,1.4036,1.4037,1.4042
,,,,,,,,,,,,,,,,,,,,,,,,,,,,,,,,,,,,,,,,,,,,,,,,,,,,,,,,,,,,,,,,,,,,,,,,,,,,,,,,,,,,,,,,,,,,,,,,
Cycles / Well,,,,,,,,,,,,,,,,,,,,,,,,,,,,,,,,,,,,,,,,,,,,,,,,,,,,,,,,,,,,,,,,,,,,,,,,,,,,,,,,,,,,,,,,,,,,,,,,
E4,1,2,3,4,5,6,7,8,9,10,11,12,13,14,15,16,17,18,19,20,21,22,23,24,25,26,27,28,29,30,31,32,33,34,35,36,37,38,39,40,41,42,43,44,45,46,47,48,49,50,51,52,53,54,55,56,57,58,59,60,61,62,63,64,65,66,67,68,69,70,71,72,73,74,75,76,77,78,79,80,81,82,83,84,85,86,87,88,89,90,91,92,93,94,95,96
Time [s],0,1799.806,3599.729,5399.66,7199.597,8999.513,10799.458,12599.364,14399.311,16199.219,17999.129,19799.077,21599.014,23398.929,25198.853,26998.776,28798.721,30598.646,32398.579,34198.515,35998.426,37798.366,39598.295,41398.224,43198.149,44998.073,46797.997,48597.934,50397.855,52197.79,53997.709,55797.648,57597.562,59397.496,61197.415,62997.353,64797.279,66597.204,68397.129,70197.065,71996.967,73796.9,75596.814,77396.765,79196.693,80996.622,82796.528,84596.475,86396.393,88196.312,89996.248,91796.18,93596.114,95396.034,97195.966,98995.894,100795.82,102595.755,104395.67,106195.606,107995.535,109795.451,111595.395,113395.325,115195.239,116995.182,118795.096,120595.023,122394.949,124194.883,125994.805,127794.735,129594.672,131394.601,133194.53,134994.454,136794.373,138594.307,140394.225,142194.153,143994.083,145794.008,147593.92,149393.863,151193.795,152993.716,154793.66,156593.577,158393.507,160193.44,161993.355,163793.28,165593.216,167393.131,169193.06,170993.004
Temp. [°C],20,29.7,30.1,30,30,30.1,30,29.9,29.9,29.9,30,30,29.9,29.9,30.1,29.9,30,30,29.9,29.9,30,30,30,30.1,30,30.1,29.9,30,30,30.1,30,30.1,30.1,29.9,29.9,30,29.9,30.1,29.8,30,30.1,30.1,29.9,30.1,30,30.1,30.1,30.1,29.9,30,30,30,30,30.1,30,30,30.1,30,30,30,30,29.9,30.1,30.1,30,30,30,30,30,29.9,30,30,30,30,30,30.1,30.1,30.1,30.1,30.1,29.9,29.9,30.1,30.1,29.9,29.9,29.9,30.1,30,30,30.1,30,30.1,30,30.1,29.9
Mean,0.11994,0.11858,0.12078,0.12336,0.12518,0.12686,0.12796,0.12942,0.13098,0.13298,0.13544,0.13804,0.14076,0.14376,0.14722,0.15074,0.15494,0.15966,0.1646,0.17024,0.17632,0.18278,0.18972,0.198,0.20668,0.21696,0.2282,0.24038,0.25504,0.27214,0.29106,0.3127,0.33808,0.36458,0.39564,0.43004,0.46488,0.5036,0.54078,0.57942,0.61822,0.65472,0.68566,0.71464,0.7404,0.76052,0.78012,0.79698,0.81144,0.82562,0.83772,0.84786,0.85534,0.86326,0.87302,0.88166,0.8896,0.89446,0.90176,0.90712,0.91234,0.91484,0.91684,0.91612,0.91744,0.91632,0.91652,0.91662,0.9162,0.91514,0.91466,0.91522,0.9142,0.91206,0.90934,0.90886,0.90772,0.9057,0.90586,0.90346,0.90214,0.90254,0.90032,0.89796,0.89552,0.89596,0.8934,0.89282,0.89108,0.89078,0.88828,0.88722,0.88532,0.88546,0.88272,0.88198
StDev,0.002100714,0.002513364,0.00375992,0.003203592,0.002833196,0.002643483,0.002657631,0.002616677,0.002662142,0.002823473,0.00281567,0.002674509,0.002741897,0.00292626,0.003118814,0.003584411,0.004082034,0.004873705,0.005673183,0.006572138,0.007449295,0.008840645,0.010359875,0.012475376,0.014928731,0.017683976,0.021086489,0.025077221,0.030237774,0.036340377,0.043274912,0.051661349,0.062130806,0.073835845,0.086302016,0.098689756,0.112660517,0.126783733,0.140541602,0.154153339,0.168148646,0.179274809,0.190414057,0.198470635,0.204560847,0.210465477,0.214598315,0.217772845,0.221981605,0.224598747,0.228130066,0.230440606,0.232954358,0.235764168,0.237181485,0.235881046,0.23779324,0.239157622,0.239815581,0.241118253,0.240868487,0.239002569,0.239681514,0.240042573,0.239234933,0.240376969,0.239737027,0.239080817,0.239451509,0.239570779,0.239133578,0.237258323,0.237527367,0.237400628,0.238174921,0.23623291,0.23596675,0.235803011,0.233680023,0.234590192,0.232822997,0.230640268,0.23156804,0.231480945,0.229620082,0.227861291,0.228213277,0.227857306,0.226684311,0.227055824,0.226224572,0.22533622,0.225412948,0.224505107,0.223546275,0.222465294
1;2,0.1186,0.1166,0.1178,0.12,0.1223,0.124,0.1251,0.1267,0.1282,0.1301,0.1327,0.1355,0.1383,0.1417,0.1454,0.1494,0.1539,0.159,0.1644,0.1705,0.1772,0.1839,0.1916,0.2005,0.2101,0.2216,0.234,0.2476,0.2635,0.282,0.3022,0.3242,0.3525,0.3782,0.4105,0.4471,0.4831,0.5204,0.5576,0.594,0.6264,0.6625,0.6838,0.7103,0.7338,0.7504,0.7672,0.7798,0.7924,0.8054,0.8148,0.8235,0.8272,0.8341,0.845,0.8534,0.8618,0.8642,0.872,0.8757,0.8828,0.888,0.8872,0.8854,0.8873,0.8852,0.8859,0.8883,0.887,0.8858,0.8849,0.891,0.8881,0.885,0.8795,0.8791,0.8816,0.8773,0.8806,0.8758,0.8748,0.8791,0.8728,0.8693,0.8659,0.8713,0.8662,0.8659,0.8663,0.865,0.8608,0.8596,0.8593,0.8614,0.8563,0.8569
2;1,0.1215,0.12,0.1231,0.125,0.1264,0.1278,0.1284,0.1295,0.1307,0.1323,0.1345,0.1366,0.1385,0.1404,0.1431,0.1452,0.1483,0.1515,0.155,0.1591,0.1638,0.1681,0.1729,0.178,0.1832,0.1896,0.1963,0.2031,0.2112,0.2205,0.2305,0.2409,0.2526,0.264,0.2787,0.2965,0.3133,0.3328,0.3515,0.3721,0.3928,0.4131,0.4297,0.4472,0.4641,0.4766,0.4903,0.5028,0.5114,0.5217,0.5285,0.5355,0.5409,0.5451,0.5513,0.5601,0.5652,0.5692,0.5745,0.5787,0.5832,0.5873,0.5887,0.588,0.5895,0.5884,0.5889,0.5897,0.5893,0.5884,0.5885,0.59,0.5889,0.5879,0.5854,0.5873,0.5859,0.5853,0.5869,0.5844,0.5857,0.5872,0.5853,0.5835,0.5835,0.5843,0.5834,0.5826,0.5818,0.5814,0.5812,0.5812,0.5788,0.5791,0.5788,0.5784
2;2,0.1189,0.1175,0.1197,0.122,0.1241,0.1262,0.1274,0.129,0.1305,0.1327,0.1351,0.138,0.1409,0.1442,0.1478,0.1518,0.1564,0.1617,0.1671,0.1734,0.18,0.187,0.1948,0.2042,0.2138,0.2261,0.2391,0.2527,0.2696,0.2892,0.3104,0.3362,0.366,0.3972,0.4333,0.4727,0.5111,0.5541,0.5956,0.6378,0.6805,0.7184,0.7527,0.783,0.8115,0.8327,0.8537,0.8707,0.8867,0.9019,0.9138,0.9258,0.933,0.9418,0.9525,0.9626,0.9709,0.9746,0.9822,0.9883,0.9946,0.9955,0.9971,0.9971,0.9982,0.9981,0.9986,0.9976,0.9982,0.997,0.9973,0.9972,0.9955,0.9942,0.9913,0.9911,0.9895,0.9881,0.988,0.9852,0.9842,0.9843,0.9824,0.9795,0.9756,0.9763,0.9738,0.9732,0.9708,0.9711,0.9693,0.968,0.9656,0.9646,0.9626,0.962
2;3,0.1179,0.1165,0.1172,0.1217,0.1236,0.1254,0.1267,0.1282,0.1301,0.1321,0.1347,0.1376,0.141,0.1445,0.1485,0.153,0.1581,0.1637,0.1696,0.1762,0.1834,0.1916,0.2005,0.2112,0.223,0.2361,0.2515,0.2688,0.2903,0.3155,0.344,0.3767,0.4154,0.4587,0.5066,0.5572,0.6122,0.6714,0.728,0.787,0.8479,0.9004,0.9496,0.9905,1.0245,1.054,1.0796,1.1018,1.1222,1.1399,1.1574,1.1705,1.1831,1.1951,1.2055,1.2106,1.2211,1.2293,1.2367,1.2443,1.2479,1.2473,1.2509,1.2509,1.2504,1.2518,1.2505,1.2497,1.2499,1.2493,1.2479,1.2443,1.2443,1.2424,1.242,1.2383,1.2362,1.2347,1.2305,1.2306,1.2266,1.2222,1.2227,1.2208,1.2161,1.212,1.2116,1.21,1.2061,1.2065,1.2034,1.201,1.199,1.1973,1.1938,1.1905
3;2,0.1228,0.1223,0.1261,0.1281,0.1295,0.1309,0.1322,0.1337,0.1354,0.1377,0.1402,0.1425,0.1451,0.148,0.1513,0.1543,0.158,0.1624,0.1669,0.172,0.1772,0.1833,0.1888,0.1961,0.2033,0.2114,0.2201,0.2297,0.2406,0.2535,0.2682,0.2855,0.3039,0.3248,0.3491,0.3767,0.4047,0.4393,0.4712,0.5062,0.5435,0.5792,0.6125,0.6422,0.6681,0.6889,0.7098,0.7298,0.7445,0.7592,0.7741,0.784,0.7925,0.8002,0.8108,0.8216,0.829,0.835,0.8434,0.8486,0.8532,0.8561,0.8603,0.8592,0.8618,0.8581,0.8587,0.8578,0.8566,0.8552,0.8547,0.8536,0.8542,0.8508,0.8485,0.8485,0.8454,0.8431,0.8433,0.8413,0.8394,0.8399,0.8384,0.8367,0.8365,0.8359,0.832,0.8324,0.8304,0.8299,0.8267,0.8263,0.8239,0.8249,0.8221,0.8221
,,,,,,,,,,,,,,,,,,,,,,,,,,,,,,,,,,,,,,,,,,,,,,,,,,,,,,,,,,,,,,,,,,,,,,,,,,,,,,,,,,,,,,,,,,,,,,,,
Cycles / Well,,,,,,,,,,,,,,,,,,,,,,,,,,,,,,,,,,,,,,,,,,,,,,,,,,,,,,,,,,,,,,,,,,,,,,,,,,,,,,,,,,,,,,,,,,,,,,,,
E5,1,2,3,4,5,6,7,8,9,10,11,12,13,14,15,16,17,18,19,20,21,22,23,24,25,26,27,28,29,30,31,32,33,34,35,36,37,38,39,40,41,42,43,44,45,46,47,48,49,50,51,52,53,54,55,56,57,58,59,60,61,62,63,64,65,66,67,68,69,70,71,72,73,74,75,76,77,78,79,80,81,82,83,84,85,86,87,88,89,90,91,92,93,94,95,96
Time [s],0,1799.806,3599.729,5399.66,7199.597,8999.513,10799.458,12599.364,14399.311,16199.219,17999.129,19799.077,21599.014,23398.929,25198.853,26998.776,28798.721,30598.646,32398.579,34198.515,35998.426,37798.366,39598.295,41398.224,43198.149,44998.073,46797.997,48597.934,50397.855,52197.79,53997.709,55797.648,57597.562,59397.496,61197.415,62997.353,64797.279,66597.204,68397.129,70197.065,71996.967,73796.9,75596.814,77396.765,79196.693,80996.622,82796.528,84596.475,86396.393,88196.312,89996.248,91796.18,93596.114,95396.034,97195.966,98995.894,100795.82,102595.755,104395.67,106195.606,107995.535,109795.451,111595.395,113395.325,115195.239,116995.182,118795.096,120595.023,122394.949,124194.883,125994.805,127794.735,129594.672,131394.601,133194.53,134994.454,136794.373,138594.307,140394.225,142194.153,143994.083,145794.008,147593.92,149393.863,151193.795,152993.716,154793.66,156593.577,158393.507,160193.44,161993.355,163793.28,165593.216,167393.131,169193.06,170993.004
Temp. [°C],20,29.7,30.1,30,30,30.1,30,29.9,29.9,29.9,30,30,29.9,29.9,30.1,29.9,30,30,29.9,29.9,30,30,30,30.1,30,30.1,29.9,30,30,30.1,30,30.1,30.1,29.9,29.9,30,29.9,30.1,29.8,30,30.1,30.1,29.9,30.1,30,30.1,30.1,30.1,29.9,30,30,30,30,30.1,30,30,30.1,30,30,30,30,29.9,30.1,30.1,30,30,30,30,30,29.9,30,30,30,30,30,30.1,30.1,30.1,30.1,30.1,29.9,29.9,30.1,30.1,29.9,29.9,29.9,30.1,30,30,30.1,30,30.1,30,30.1,29.9
Mean,0.11626,0.1126,0.11542,0.11696,0.11844,0.1203,0.12184,0.12406,0.1267,0.13042,0.13514,0.14096,0.14864,0.15852,0.17088,0.1871,0.20874,0.23756,0.27492,0.32248,0.37964,0.4466,0.5234,0.60598,0.69636,0.79234,0.8858,0.97378,1.05396,1.11876,1.17102,1.20902,1.2401,1.2611,1.27876,1.29662,1.30982,1.32206,1.33374,1.3419,1.34852,1.35522,1.35846,1.3627,1.36796,1.37136,1.37596,1.38092,1.3847,1.38926,1.39358,1.39578,1.39826,1.40096,1.40594,1.4092,1.4122,1.41432,1.41728,1.41952,1.42208,1.42392,1.42482,1.42578,1.4279,1.42826,1.43016,1.43184,1.433,1.43404,1.43488,1.43752,1.43818,1.43852,1.43854,1.44028,1.4413,1.44132,1.44314,1.4425,1.44322,1.4453,1.4455,1.44474,1.44478,1.4474,1.44618,1.44668,1.44668,1.44842,1.44854,1.44882,1.44854,1.44934,1.4485,1.44936
StDev,0.002137288,0.00245255,0.002603267,0.002103093,0.001956528,0.00205061,0.002143129,0.002326585,0.002623928,0.00307197,0.003824003,0.004807078,0.00599775,0.007819655,0.010248268,0.013633231,0.01871291,0.025242979,0.034008558,0.045853811,0.060731647,0.077627508,0.095278828,0.114482649,0.132451814,0.14858369,0.160729042,0.166915793,0.166686781,0.16475334,0.158022932,0.153262869,0.147960248,0.145165905,0.142965199,0.140099775,0.13990753,0.138943668,0.138253962,0.136874194,0.135853403,0.133864062,0.133810885,0.134382774,0.133527873,0.134226108,0.134139528,0.134372345,0.1339521,0.133574335,0.133806304,0.13550962,0.136225945,0.136734334,0.136376585,0.135614288,0.135519371,0.135744344,0.135146927,0.135650754,0.135400857,0.134566088,0.135561119,0.136053195,0.135855015,0.136495542,0.136347765,0.136049193,0.136498864,0.136795095,0.136607621,0.135879936,0.13633929,0.136454707,0.137620104,0.136568122,0.136829145,0.137668014,0.136455956,0.137683968,0.137561321,0.13652888,0.137336503,0.138162108,0.138196118,0.136571392,0.138241553,0.13837571,0.137327426,0.138732646,0.138638732,0.138406745,0.139577337,0.139188193,0.139645748,0.139504849
1;2,0.1163,0.1112,0.1136,0.1158,0.1176,0.1194,0.1208,0.1228,0.1249,0.1284,0.1324,0.1377,0.1448,0.1538,0.1653,0.1802,0.1997,0.2261,0.2603,0.3026,0.3532,0.4105,0.4761,0.5476,0.6255,0.7139,0.7988,0.8868,0.9708,1.039,1.0981,1.1385,1.1781,1.1997,1.218,1.2408,1.2539,1.2663,1.2816,1.2898,1.2966,1.3074,1.3087,1.3116,1.317,1.3215,1.3248,1.3317,1.3335,1.3379,1.3437,1.3453,1.3448,1.3481,1.3563,1.3578,1.361,1.3626,1.3677,1.3675,1.3724,1.376,1.3757,1.3743,1.3793,1.3787,1.3804,1.3828,1.3838,1.3843,1.3856,1.3907,1.3897,1.3899,1.3889,1.3909,1.3931,1.3917,1.3955,1.3923,1.3929,1.3973,1.3959,1.3936,1.3919,1.3983,1.3939,1.3937,1.3962,1.3971,1.3951,1.3964,1.3973,1.3982,1.3939,1.3968
2;1,0.1174,0.1138,0.1165,0.1173,0.1186,0.12,0.1211,0.1227,0.1246,0.1274,0.1311,0.135,0.1406,0.1474,0.1556,0.1663,0.1799,0.1985,0.2223,0.2521,0.2873,0.3301,0.382,0.4373,0.5038,0.5768,0.6536,0.7313,0.8093,0.875,0.9352,0.9798,1.0163,1.0419,1.0629,1.0833,1.0969,1.1109,1.1219,1.1321,1.1405,1.1489,1.1529,1.157,1.1636,1.1654,1.1706,1.1748,1.1799,1.1852,1.1887,1.1879,1.1906,1.1921,1.1961,1.2013,1.2042,1.2061,1.2095,1.2118,1.2136,1.216,1.2159,1.217,1.2182,1.2178,1.2203,1.2218,1.2224,1.2231,1.2241,1.2269,1.2274,1.2276,1.2262,1.2295,1.2295,1.2287,1.2317,1.23,1.231,1.2337,1.2331,1.2319,1.2326,1.2364,1.2335,1.234,1.2345,1.2344,1.2356,1.2359,1.233,1.2344,1.2343,1.2344
2;2,0.117,0.113,0.1157,0.118,0.1198,0.1221,0.124,0.1262,0.1291,0.1331,0.1381,0.1449,0.1535,0.1648,0.1793,0.1985,0.2236,0.2575,0.3017,0.3573,0.4239,0.5005,0.5885,0.6814,0.7827,0.8877,0.9882,1.0792,1.1626,1.2285,1.2775,1.3135,1.3433,1.3641,1.3803,1.3985,1.4093,1.4216,1.4328,1.4396,1.4465,1.4527,1.4557,1.4595,1.4657,1.4689,1.4741,1.4794,1.484,1.4879,1.4918,1.4942,1.4958,1.4985,1.5034,1.5085,1.5118,1.512,1.5157,1.518,1.5224,1.522,1.5243,1.5242,1.5264,1.5267,1.529,1.5295,1.5316,1.5322,1.5327,1.5372,1.538,1.5378,1.5373,1.5403,1.5396,1.5402,1.5429,1.5421,1.5433,1.5456,1.5454,1.544,1.5443,1.5476,1.5459,1.5472,1.5459,1.5484,1.5502,1.5505,1.5493,1.5501,1.5498,1.5506
2;3,0.1126,0.1093,0.1123,0.1141,0.1156,0.1175,0.1192,0.1217,0.1249,0.1289,0.134,0.1407,0.1493,0.1607,0.1752,0.1948,0.2211,0.2565,0.3025,0.3627,0.4368,0.5229,0.6184,0.7229,0.8346,0.9503,1.0569,1.1524,1.2289,1.2885,1.332,1.3635,1.3876,1.4051,1.4203,1.4328,1.4474,1.4587,1.4684,1.4749,1.4802,1.4838,1.4872,1.4934,1.4967,1.5011,1.5052,1.5109,1.5134,1.518,1.5231,1.5268,1.5318,1.5349,1.5383,1.5394,1.5416,1.5453,1.5473,1.5504,1.5504,1.552,1.554,1.5568,1.5579,1.5592,1.5613,1.5623,1.5638,1.5655,1.5663,1.566,1.5674,1.5683,1.5708,1.5699,1.572,1.5731,1.5721,1.5737,1.574,1.5736,1.5753,1.5772,1.5774,1.5766,1.5782,1.5783,1.5767,1.5805,1.5798,1.5797,1.5811,1.5813,1.5815,1.5815
3;2,0.118,0.1157,0.119,0.1196,0.1206,0.1225,0.1241,0.1269,0.13,0.1343,0.1401,0.1465,0.155,0.1659,0.179,0.1957,0.2194,0.2492,0.2878,0.3377,0.397,0.469,0.552,0.6407,0.7352,0.833,0.9315,1.0192,1.0982,1.1628,1.2123,1.2498,1.2752,1.2947,1.3123,1.3277,1.3416,1.3528,1.364,1.3731,1.3788,1.3833,1.3878,1.392,1.3968,1.3999,1.4051,1.4078,1.4127,1.4173,1.4206,1.4247,1.4283,1.4312,1.4356,1.439,1.4424,1.4456,1.4462,1.4499,1.4516,1.4536,1.4542,1.4566,1.4577,1.4589,1.4598,1.4628,1.4634,1.4651,1.4657,1.4668,1.4684,1.469,1.4695,1.4708,1.4723,1.4729,1.4735,1.4744,1.4749,1.4763,1.4778,1.477,1.4777,1.4781,1.4794,1.4802,1.4801,1.4817,1.482,1.4816,1.482,1.4827,1.483,1.4835
,,,,,,,,,,,,,,,,,,,,,,,,,,,,,,,,,,,,,,,,,,,,,,,,,,,,,,,,,,,,,,,,,,,,,,,,,,,,,,,,,,,,,,,,,,,,,,,,
Cycles / Well,,,,,,,,,,,,,,,,,,,,,,,,,,,,,,,,,,,,,,,,,,,,,,,,,,,,,,,,,,,,,,,,,,,,,,,,,,,,,,,,,,,,,,,,,,,,,,,,
E6,1,2,3,4,5,6,7,8,9,10,11,12,13,14,15,16,17,18,19,20,21,22,23,24,25,26,27,28,29,30,31,32,33,34,35,36,37,38,39,40,41,42,43,44,45,46,47,48,49,50,51,52,53,54,55,56,57,58,59,60,61,62,63,64,65,66,67,68,69,70,71,72,73,74,75,76,77,78,79,80,81,82,83,84,85,86,87,88,89,90,91,92,93,94,95,96
Time [s],0,1799.806,3599.729,5399.66,7199.597,8999.513,10799.458,12599.364,14399.311,16199.219,17999.129,19799.077,21599.014,23398.929,25198.853,26998.776,28798.721,30598.646,32398.579,34198.515,35998.426,37798.366,39598.295,41398.224,43198.149,44998.073,46797.997,48597.934,50397.855,52197.79,53997.709,55797.648,57597.562,59397.496,61197.415,62997.353,64797.279,66597.204,68397.129,70197.065,71996.967,73796.9,75596.814,77396.765,79196.693,80996.622,82796.528,84596.475,86396.393,88196.312,89996.248,91796.18,93596.114,95396.034,97195.966,98995.894,100795.82,102595.755,104395.67,106195.606,107995.535,109795.451,111595.395,113395.325,115195.239,116995.182,118795.096,120595.023,122394.949,124194.883,125994.805,127794.735,129594.672,131394.601,133194.53,134994.454,136794.373,138594.307,140394.225,142194.153,143994.083,145794.008,147593.92,149393.863,151193.795,152993.716,154793.66,156593.577,158393.507,160193.44,161993.355,163793.28,165593.216,167393.131,169193.06,170993.004
Temp. [°C],20,29.7,30.1,30,30,30.1,30,29.9,29.9,29.9,30,30,29.9,29.9,30.1,29.9,30,30,29.9,29.9,30,30,30,30.1,30,30.1,29.9,30,30,30.1,30,30.1,30.1,29.9,29.9,30,29.9,30.1,29.8,30,30.1,30.1,29.9,30.1,30,30.1,30.1,30.1,29.9,30,30,30,30,30.1,30,30,30.1,30,30,30,30,29.9,30.1,30.1,30,30,30,30,30,29.9,30,30,30,30,30,30.1,30.1,30.1,30.1,30.1,29.9,29.9,30.1,30.1,29.9,29.9,29.9,30.1,30,30,30.1,30,30.1,30,30.1,29.9
Mean,0.12836,0.1229,0.12536,0.12764,0.13068,0.13482,0.14024,0.14768,0.15764,0.17142,0.18972,0.21416,0.24614,0.28868,0.34028,0.40238,0.4735,0.55308,0.64034,0.72904,0.81598,0.89626,0.96752,1.02748,1.07572,1.11534,1.1454,1.17258,1.19538,1.21432,1.23044,1.2435,1.25422,1.26234,1.26986,1.27658,1.28024,1.28418,1.28736,1.2895,1.29226,1.29558,1.29792,1.29918,1.30338,1.30506,1.30728,1.30934,1.31184,1.31378,1.3155,1.31664,1.31828,1.31918,1.3206,1.3226,1.32554,1.32724,1.32824,1.32938,1.3305,1.33196,1.33322,1.33388,1.33566,1.33566,1.33762,1.33856,1.33924,1.3402,1.34094,1.34296,1.34402,1.34486,1.34496,1.34634,1.34762,1.34856,1.35,1.34978,1.35148,1.35306,1.35418,1.35406,1.35488,1.35736,1.3577,1.35808,1.35878,1.36054,1.3611,1.36188,1.3627,1.36346,1.3643,1.36564
StDev,0.007661136,0.006984268,0.008686369,0.009518823,0.010352391,0.01171738,0.013495481,0.015866537,0.019502256,0.025286301,0.032482642,0.041941125,0.053952507,0.068014572,0.083860163,0.09981812,0.116948878,0.132385637,0.148768169,0.160826313,0.168737302,0.170389783,0.168502602,0.164211531,0.158577669,0.153205982,0.148944486,0.143330482,0.137504862,0.133967298,0.129358776,0.12641064,0.124147743,0.122125767,0.119874739,0.11797562,0.117303934,0.115470719,0.114219495,0.112412477,0.111654391,0.110120307,0.109938037,0.109549108,0.108845657,0.108836175,0.108571368,0.107807991,0.10720139,0.106929823,0.106839436,0.10689805,0.106900033,0.107409995,0.107039899,0.105744267,0.105996901,0.106162555,0.105518709,0.105168826,0.105724926,0.104480802,0.104817589,0.104947544,0.104822913,0.104316983,0.104911996,0.104213569,0.104803497,0.10492838,0.104409784,0.104055288,0.103978589,0.104275227,0.10500849,0.104463908,0.10440329,0.105022774,0.103822709,0.104370432,0.103910716,0.102700161,0.103529233,0.103352083,0.103367437,0.102821316,0.103176136,0.103429382,0.103081313,0.103174939,0.102988179,0.102684064,0.102583503,0.102567163,0.102608577,0.102558535
1;2,0.1251,0.118,0.1193,0.1207,0.123,0.126,0.1299,0.1354,0.1422,0.1517,0.1635,0.1799,0.2021,0.2327,0.2699,0.3181,0.3734,0.4418,0.516,0.5966,0.6779,0.7586,0.8315,0.8936,0.945,0.9901,1.0212,1.0548,1.0809,1.1036,1.1228,1.1372,1.151,1.1613,1.1704,1.1798,1.1831,1.1901,1.1934,1.1972,1.2007,1.206,1.209,1.2107,1.2135,1.2152,1.2181,1.2215,1.2231,1.2257,1.2283,1.2295,1.2293,1.2285,1.232,1.2346,1.2379,1.2395,1.2416,1.2417,1.2431,1.2458,1.2457,1.2474,1.2497,1.2499,1.2509,1.2516,1.2525,1.2539,1.2549,1.2573,1.2586,1.2593,1.2583,1.2608,1.2632,1.2616,1.2646,1.2641,1.2662,1.2692,1.2694,1.2692,1.269,1.2738,1.2728,1.273,1.2739,1.276,1.2759,1.2767,1.2787,1.2791,1.279,1.2802
2;1,0.1297,0.1264,0.1291,0.1319,0.135,0.1383,0.1429,0.1486,0.1551,0.163,0.1747,0.1889,0.2079,0.2351,0.2711,0.3157,0.3677,0.4272,0.4939,0.5659,0.64,0.7133,0.782,0.8442,0.8967,0.9385,0.9747,1.0067,1.0365,1.0579,1.0793,1.0964,1.1087,1.1184,1.1289,1.1365,1.142,1.1468,1.152,1.1563,1.1599,1.164,1.1664,1.1686,1.1742,1.1767,1.1787,1.1809,1.1851,1.1872,1.1885,1.19,1.193,1.1944,1.1946,1.1979,1.2002,1.2016,1.2031,1.2056,1.2053,1.2079,1.2096,1.2096,1.2114,1.2116,1.2135,1.2158,1.2154,1.2157,1.2172,1.2193,1.2205,1.2207,1.2206,1.2219,1.2229,1.2241,1.2265,1.2258,1.2279,1.2301,1.2312,1.2317,1.2332,1.2343,1.2349,1.2352,1.2365,1.2378,1.2392,1.2404,1.2403,1.2415,1.2432,1.2444
2;2,0.1246,0.119,0.1204,0.1223,0.1248,0.1286,0.1335,0.141,0.1511,0.1652,0.1829,0.2068,0.2385,0.2813,0.3332,0.3967,0.469,0.5527,0.6442,0.737,0.8255,0.9088,0.982,1.0395,1.0876,1.1306,1.1595,1.1844,1.2096,1.2296,1.247,1.2603,1.27,1.2783,1.2853,1.2935,1.2953,1.2996,1.303,1.3047,1.3074,1.3119,1.3134,1.3127,1.3205,1.3199,1.3229,1.3244,1.3284,1.3297,1.3312,1.3308,1.3327,1.3327,1.3346,1.3387,1.3419,1.3433,1.3437,1.345,1.3467,1.3489,1.3505,1.3491,1.351,1.351,1.3532,1.3544,1.3547,1.3556,1.3561,1.3598,1.3598,1.3611,1.3602,1.3624,1.3624,1.3646,1.3666,1.3647,1.3672,1.3703,1.3694,1.3678,1.3692,1.3739,1.3743,1.3737,1.3744,1.3758,1.377,1.3782,1.3789,1.3795,1.3798,1.3821
2;3,0.1214,0.1175,0.119,0.1208,0.1236,0.1273,0.1322,0.1387,0.1483,0.1615,0.1813,0.2093,0.2456,0.2942,0.352,0.4214,0.5034,0.5892,0.6844,0.7783,0.875,0.9606,1.0395,1.1106,1.1657,1.206,1.2381,1.2655,1.2831,1.3008,1.3135,1.325,1.3358,1.3433,1.3494,1.3533,1.3588,1.3603,1.3629,1.3635,1.3655,1.367,1.3696,1.3718,1.3732,1.3757,1.3768,1.3799,1.3799,1.3819,1.3833,1.3852,1.3872,1.3903,1.391,1.3905,1.3926,1.3953,1.3959,1.3972,1.3983,1.3979,1.3992,1.4018,1.4023,1.4043,1.4053,1.4058,1.4068,1.4082,1.4089,1.4086,1.4107,1.4118,1.4134,1.4134,1.4147,1.4169,1.4161,1.4182,1.4185,1.4181,1.4205,1.4221,1.4225,1.4222,1.4236,1.425,1.4249,1.4274,1.4269,1.4272,1.4286,1.4292,1.4305,1.4315
3;2,0.141,0.1336,0.139,0.1425,0.147,0.1539,0.1627,0.1747,0.1915,0.2157,0.2462,0.2859,0.3366,0.4001,0.4752,0.56,0.654,0.7545,0.8632,0.9674,1.0615,1.14,1.2026,1.2495,1.2836,1.3115,1.3335,1.3515,1.3668,1.3797,1.3896,1.3986,1.4056,1.4104,1.4153,1.4198,1.422,1.4241,1.4255,1.4258,1.4278,1.429,1.4312,1.4321,1.4355,1.4378,1.4399,1.44,1.4427,1.4444,1.4462,1.4477,1.4492,1.45,1.4508,1.4513,1.4551,1.4565,1.4569,1.4574,1.4591,1.4593,1.4611,1.4615,1.4639,1.4615,1.4652,1.4652,1.4668,1.4676,1.4676,1.4698,1.4705,1.4714,1.4723,1.4732,1.4749,1.4756,1.4762,1.4761,1.4776,1.4776,1.4804,1.4795,1.4805,1.4826,1.4829,1.4835,1.4842,1.4857,1.4865,1.4869,1.487,1.488,1.489,1.49
,,,,,,,,,,,,,,,,,,,,,,,,,,,,,,,,,,,,,,,,,,,,,,,,,,,,,,,,,,,,,,,,,,,,,,,,,,,,,,,,,,,,,,,,,,,,,,,,
Cycles / Well,,,,,,,,,,,,,,,,,,,,,,,,,,,,,,,,,,,,,,,,,,,,,,,,,,,,,,,,,,,,,,,,,,,,,,,,,,,,,,,,,,,,,,,,,,,,,,,,
E7,1,2,3,4,5,6,7,8,9,10,11,12,13,14,15,16,17,18,19,20,21,22,23,24,25,26,27,28,29,30,31,32,33,34,35,36,37,38,39,40,41,42,43,44,45,46,47,48,49,50,51,52,53,54,55,56,57,58,59,60,61,62,63,64,65,66,67,68,69,70,71,72,73,74,75,76,77,78,79,80,81,82,83,84,85,86,87,88,89,90,91,92,93,94,95,96
Time [s],0,1799.806,3599.729,5399.66,7199.597,8999.513,10799.458,12599.364,14399.311,16199.219,17999.129,19799.077,21599.014,23398.929,25198.853,26998.776,28798.721,30598.646,32398.579,34198.515,35998.426,37798.366,39598.295,41398.224,43198.149,44998.073,46797.997,48597.934,50397.855,52197.79,53997.709,55797.648,57597.562,59397.496,61197.415,62997.353,64797.279,66597.204,68397.129,70197.065,71996.967,73796.9,75596.814,77396.765,79196.693,80996.622,82796.528,84596.475,86396.393,88196.312,89996.248,91796.18,93596.114,95396.034,97195.966,98995.894,100795.82,102595.755,104395.67,106195.606,107995.535,109795.451,111595.395,113395.325,115195.239,116995.182,118795.096,120595.023,122394.949,124194.883,125994.805,127794.735,129594.672,131394.601,133194.53,134994.454,136794.373,138594.307,140394.225,142194.153,143994.083,145794.008,147593.92,149393.863,151193.795,152993.716,154793.66,156593.577,158393.507,160193.44,161993.355,163793.28,165593.216,167393.131,169193.06,170993.004
Temp. [°C],20,29.7,30.1,30,30,30.1,30,29.9,29.9,29.9,30,30,29.9,29.9,30.1,29.9,30,30,29.9,29.9,30,30,30,30.1,30,30.1,29.9,30,30,30.1,30,30.1,30.1,29.9,29.9,30,29.9,30.1,29.8,30,30.1,30.1,29.9,30.1,30,30.1,30.1,30.1,29.9,30,30,30,30,30.1,30,30,30.1,30,30,30,30,29.9,30.1,30.1,30,30,30,30,30,29.9,30,30,30,30,30,30.1,30.1,30.1,30.1,30.1,29.9,29.9,30.1,30.1,29.9,29.9,29.9,30.1,30,30,30.1,30,30.1,30,30.1,29.9
Mean,0.1302,0.12758,0.1305,0.13394,0.1393,0.14662,0.15622,0.16974,0.1882,0.21512,0.2499,0.2958,0.35196,0.4169,0.4968,0.58778,0.69316,0.80528,0.90686,0.9986,1.0756,1.13284,1.1718,1.20056,1.22428,1.24422,1.26294,1.27936,1.29544,1.30896,1.32068,1.32888,1.33562,1.34044,1.34454,1.34746,1.35022,1.35124,1.35344,1.35448,1.35674,1.35828,1.3605,1.36146,1.36442,1.36512,1.36698,1.3686,1.37056,1.37184,1.37296,1.37464,1.3758,1.3777,1.37854,1.38012,1.38108,1.3822,1.3836,1.3847,1.38544,1.38674,1.38752,1.38904,1.38988,1.39052,1.39162,1.3926,1.39378,1.39496,1.3955,1.39676,1.39776,1.39846,1.39968,1.40062,1.4019,1.40268,1.4036,1.40432,1.40556,1.40686,1.40796,1.40874,1.40988,1.41096,1.4117,1.4116,1.41114,1.41378,1.4143,1.41558,1.41614,1.41686,1.41786,1.41864
StDev,0.004194043,0.005621121,0.007893352,0.008992386,0.010534942,0.0122775,0.014614958,0.017451733,0.021173805,0.026912952,0.032155015,0.037994013,0.04137382,0.042607335,0.043433109,0.042033641,0.040014535,0.037656699,0.035761124,0.033037025,0.030585454,0.028467842,0.026716194,0.026309656,0.025093366,0.025020032,0.025245158,0.024980252,0.023839736,0.024754252,0.02387461,0.023837932,0.023335959,0.023388416,0.023014409,0.022557992,0.022457226,0.022117143,0.022523832,0.022884864,0.023356113,0.022433056,0.022981297,0.022921453,0.022847801,0.022873719,0.023355984,0.023300107,0.023252806,0.0233438,0.022442772,0.022892641,0.022941665,0.02310119,0.023478032,0.023182472,0.022874374,0.023292703,0.023316089,0.024142494,0.02356317,0.023303819,0.023349454,0.02388175,0.023635397,0.024009207,0.023506531,0.023447814,0.023856383,0.024240524,0.023823203,0.023795861,0.024344055,0.0239985,0.024537257,0.024321534,0.023668861,0.024367745,0.024327043,0.024429634,0.024370946,0.024424025,0.024474333,0.024124635,0.024002333,0.024500673,0.024651268,0.024743383,0.024096535,0.024452239,0.024330228,0.024730487,0.02496143,0.024628297,0.025073751,0.024964635
1;2,0.1271,0.1227,0.1232,0.1255,0.1297,0.1349,0.1419,0.1523,0.1665,0.1872,0.2145,0.2514,0.3017,0.363,0.4395,0.5307,0.6385,0.7546,0.8604,0.9577,1.0405,1.1019,1.1442,1.1752,1.201,1.2206,1.2402,1.2585,1.2762,1.2904,1.3029,1.3102,1.3177,1.3241,1.3266,1.3306,1.3321,1.3339,1.3364,1.337,1.3388,1.3406,1.3434,1.344,1.3462,1.3466,1.3486,1.3509,1.3518,1.3539,1.356,1.3569,1.3565,1.3589,1.3604,1.3628,1.3629,1.3643,1.3666,1.3657,1.3673,1.3681,1.3694,1.3705,1.3719,1.3713,1.3735,1.3749,1.3762,1.3767,1.3767,1.3793,1.3792,1.3807,1.3813,1.3823,1.3841,1.384,1.3855,1.3851,1.3873,1.3896,1.3897,1.391,1.3924,1.3933,1.3935,1.3926,1.3919,1.3958,1.3954,1.3964,1.3981,1.3975,1.3981,1.4004
2;1,0.1315,0.1312,0.1358,0.1401,0.1471,0.1556,0.1662,0.1812,0.2005,0.2289,0.2647,0.3129,0.3675,0.4315,0.5078,0.5901,0.6868,0.7922,0.8898,0.9775,1.0517,1.1082,1.1467,1.1737,1.1982,1.2184,1.2364,1.2506,1.2685,1.28,1.2926,1.3013,1.3087,1.3117,1.3175,1.3202,1.3244,1.3253,1.3265,1.3269,1.3291,1.3329,1.3332,1.3346,1.3388,1.339,1.3402,1.3409,1.3444,1.3445,1.3467,1.3476,1.3497,1.3512,1.3506,1.3532,1.355,1.3549,1.3556,1.3563,1.3577,1.3599,1.3602,1.3605,1.3616,1.3623,1.3639,1.3647,1.3649,1.3658,1.3674,1.3682,1.3687,1.3697,1.3698,1.3711,1.3731,1.3737,1.3742,1.3752,1.3761,1.3771,1.3783,1.3794,1.3808,1.3812,1.3818,1.3817,1.3828,1.3835,1.3852,1.3859,1.385,1.3874,1.3877,1.3879
2;2,0.1281,0.1242,0.1257,0.1285,0.1328,0.1394,0.148,0.1607,0.1785,0.204,0.2384,0.2847,0.3432,0.4116,0.4974,0.5969,0.7102,0.8297,0.9356,1.0298,1.1073,1.1647,1.2028,1.2319,1.2546,1.2746,1.2947,1.3098,1.3256,1.3409,1.3506,1.3594,1.3656,1.3698,1.3729,1.3757,1.3783,1.3784,1.3821,1.3831,1.3864,1.3873,1.3896,1.3907,1.3941,1.3943,1.3968,1.3976,1.4002,1.4012,1.4019,1.4038,1.4045,1.4067,1.4082,1.4107,1.4104,1.4117,1.4134,1.4151,1.4154,1.4165,1.4173,1.4189,1.4197,1.4206,1.4217,1.4228,1.4242,1.4258,1.4257,1.4276,1.4288,1.4293,1.4303,1.4311,1.4314,1.4341,1.4346,1.4352,1.4368,1.4385,1.439,1.4398,1.4412,1.4428,1.4433,1.4428,1.4419,1.4444,1.4453,1.447,1.4473,1.4481,1.4494,1.4506
2;3,0.1273,0.1241,0.1261,0.129,0.1331,0.1397,0.1483,0.1601,0.1766,0.2005,0.2342,0.2786,0.3346,0.3997,0.4803,0.574,0.6826,0.797,0.8994,0.994,1.0725,1.1309,1.1711,1.2009,1.2239,1.2444,1.2626,1.2811,1.2951,1.3088,1.3199,1.3294,1.3352,1.3409,1.345,1.3489,1.3508,1.3517,1.355,1.3566,1.358,1.3577,1.3607,1.3617,1.3638,1.3659,1.3669,1.3692,1.3701,1.372,1.3731,1.3762,1.3775,1.3786,1.3804,1.38,1.3811,1.3826,1.3842,1.3863,1.3864,1.3877,1.3884,1.3912,1.3915,1.3927,1.393,1.3941,1.3955,1.397,1.3977,1.3981,1.3997,1.3997,1.402,1.403,1.4042,1.405,1.4056,1.4074,1.4082,1.4081,1.4102,1.4113,1.4122,1.4129,1.414,1.4148,1.414,1.4172,1.4174,1.4189,1.4195,1.4205,1.422,1.4222
3;2,0.137,0.1357,0.1417,0.1466,0.1538,0.1635,0.1767,0.1944,0.2189,0.255,0.2977,0.3514,0.4128,0.4787,0.559,0.6472,0.7477,0.8529,0.9491,1.034,1.106,1.1585,1.1942,1.2211,1.2437,1.2631,1.2808,1.2968,1.3118,1.3247,1.3374,1.3441,1.3509,1.3557,1.3607,1.3619,1.3655,1.3669,1.3672,1.3688,1.3714,1.3729,1.3756,1.3763,1.3792,1.3798,1.3824,1.3844,1.3863,1.3876,1.3871,1.3887,1.3908,1.3931,1.3931,1.3939,1.396,1.3975,1.3982,1.4001,1.4004,1.4015,1.4023,1.4041,1.4047,1.4057,1.406,1.4065,1.4081,1.4095,1.41,1.4106,1.4124,1.4129,1.415,1.4156,1.4167,1.4166,1.4181,1.4187,1.4194,1.421,1.4226,1.4222,1.4228,1.4246,1.4259,1.4261,1.4251,1.428,1.4282,1.4297,1.4308,1.4308,1.4321,1.4321
,,,,,,,,,,,,,,,,,,,,,,,,,,,,,,,,,,,,,,,,,,,,,,,,,,,,,,,,,,,,,,,,,,,,,,,,,,,,,,,,,,,,,,,,,,,,,,,,
Cycles / Well,,,,,,,,,,,,,,,,,,,,,,,,,,,,,,,,,,,,,,,,,,,,,,,,,,,,,,,,,,,,,,,,,,,,,,,,,,,,,,,,,,,,,,,,,,,,,,,,
E8,1,2,3,4,5,6,7,8,9,10,11,12,13,14,15,16,17,18,19,20,21,22,23,24,25,26,27,28,29,30,31,32,33,34,35,36,37,38,39,40,41,42,43,44,45,46,47,48,49,50,51,52,53,54,55,56,57,58,59,60,61,62,63,64,65,66,67,68,69,70,71,72,73,74,75,76,77,78,79,80,81,82,83,84,85,86,87,88,89,90,91,92,93,94,95,96
Time [s],0,1799.806,3599.729,5399.66,7199.597,8999.513,10799.458,12599.364,14399.311,16199.219,17999.129,19799.077,21599.014,23398.929,25198.853,26998.776,28798.721,30598.646,32398.579,34198.515,35998.426,37798.366,39598.295,41398.224,43198.149,44998.073,46797.997,48597.934,50397.855,52197.79,53997.709,55797.648,57597.562,59397.496,61197.415,62997.353,64797.279,66597.204,68397.129,70197.065,71996.967,73796.9,75596.814,77396.765,79196.693,80996.622,82796.528,84596.475,86396.393,88196.312,89996.248,91796.18,93596.114,95396.034,97195.966,98995.894,100795.82,102595.755,104395.67,106195.606,107995.535,109795.451,111595.395,113395.325,115195.239,116995.182,118795.096,120595.023,122394.949,124194.883,125994.805,127794.735,129594.672,131394.601,133194.53,134994.454,136794.373,138594.307,140394.225,142194.153,143994.083,145794.008,147593.92,149393.863,151193.795,152993.716,154793.66,156593.577,158393.507,160193.44,161993.355,163793.28,165593.216,167393.131,169193.06,170993.004
Temp. [°C],20,29.7,30.1,30,30,30.1,30,29.9,29.9,29.9,30,30,29.9,29.9,30.1,29.9,30,30,29.9,29.9,30,30,30,30.1,30,30.1,29.9,30,30,30.1,30,30.1,30.1,29.9,29.9,30,29.9,30.1,29.8,30,30.1,30.1,29.9,30.1,30,30.1,30.1,30.1,29.9,30,30,30,30,30.1,30,30,30.1,30,30,30,30,29.9,30.1,30.1,30,30,30,30,30,29.9,30,30,30,30,30,30.1,30.1,30.1,30.1,30.1,29.9,29.9,30.1,30.1,29.9,29.9,29.9,30.1,30,30,30.1,30,30.1,30,30.1,29.9
Mean,0.10544,0.0994,0.09954,0.09946,0.09952,0.09948,0.09936,0.0995,0.09942,0.09944,0.0995,0.09952,0.09944,0.09942,0.09944,0.09944,0.0994,0.09944,0.09942,0.09938,0.09936,0.09932,0.09932,0.09938,0.09938,0.09938,0.09934,0.09938,0.0994,0.09934,0.09934,0.09934,0.0994,0.0993,0.09932,0.09942,0.0993,0.09936,0.0992,0.0993,0.09942,0.0993,0.09934,0.09938,0.09932,0.09936,0.09932,0.09934,0.0993,0.09934,0.09932,0.09924,0.09934,0.09936,0.09924,0.09922,0.09924,0.09922,0.09926,0.09924,0.0993,0.09922,0.09918,0.09926,0.09924,0.09922,0.09912,0.09912,0.09924,0.09924,0.09936,0.09922,0.09916,0.0991,0.0992,0.09914,0.09928,0.09914,0.09916,0.09918,0.09932,0.09934,0.09922,0.09914,0.09916,0.09914,0.09906,0.09918,0.0992,0.09922,0.09918,0.09922,0.0993,0.09916,0.09912,0.09912
StDev,0.002187007,0.002428992,0.00233088,0.002429609,0.002388933,0.0024994,0.002508585,0.002490984,0.002471235,0.002447039,0.002573908,0.002457031,0.002586117,0.002511374,0.002572547,0.002572547,0.002563201,0.002615913,0.002608064,0.00258689,0.002595766,0.002648962,0.002639508,0.00258689,0.002683654,0.002683654,0.002672639,0.002673387,0.002663644,0.002728186,0.002676378,0.002706104,0.002720294,0.002721213,0.002675257,0.002680858,0.002680485,0.002753725,0.002665521,0.002792848,0.002752635,0.002676752,0.002722683,0.002719743,0.002789624,0.002715327,0.002786934,0.002735507,0.00279732,0.00279249,0.00274809,0.002764598,0.002770018,0.002762788,0.002770018,0.002690167,0.002751,0.00279589,0.002760072,0.002729102,0.002717536,0.002816381,0.002781546,0.002848333,0.002770018,0.00279589,0.002789624,0.002777949,0.002818333,0.002818333,0.002751,0.002826128,0.002811227,0.002822233,0.002803569,0.002777229,0.002773446,0.002856221,0.002841303,0.002781546,0.002875239,0.002867577,0.002834078,0.002818333,0.002890156,0.002940748,0.00284921,0.002938877,0.002871411,0.002923525,0.00290293,0.002875239,0.002863564,0.002909124,0.002894305,0.002906372
1;2,0.1084,0.1028,0.1028,0.1028,0.1028,0.1028,0.1027,0.1028,0.1028,0.1027,0.1029,0.1028,0.1029,0.1027,0.1028,0.1028,0.1027,0.1028,0.1028,0.1027,0.1027,0.1028,0.1027,0.1027,0.1028,0.1028,0.1027,0.1027,0.1028,0.1028,0.1027,0.1027,0.1029,0.1027,0.1026,0.1028,0.1027,0.1028,0.1025,0.1027,0.1029,0.1026,0.1027,0.1027,0.1027,0.1027,0.1028,0.1027,0.1027,0.1028,0.1027,0.1026,0.1027,0.1027,0.1026,0.1026,0.1027,0.1026,0.1027,0.1026,0.1026,0.1026,0.1026,0.1027,0.1026,0.1026,0.1025,0.1025,0.1026,0.1026,0.1027,0.1026,0.1025,0.1025,0.1026,0.1025,0.1026,0.1026,0.1025,0.1026,0.1028,0.1027,0.1026,0.1025,0.1026,0.1026,0.1024,0.1027,0.1026,0.1027,0.1027,0.1027,0.1027,0.1026,0.1025,0.1025
2;1,0.1044,0.0986,0.0987,0.0985,0.0987,0.0986,0.0984,0.0987,0.0985,0.0986,0.0986,0.0986,0.0985,0.0986,0.0985,0.0985,0.0985,0.0985,0.0986,0.0985,0.0984,0.0984,0.0984,0.0985,0.0985,0.0985,0.0985,0.0985,0.0985,0.0985,0.0985,0.0984,0.0985,0.0985,0.0984,0.0985,0.0985,0.0985,0.0984,0.0984,0.0986,0.0985,0.0985,0.0985,0.0985,0.0986,0.0984,0.0986,0.0984,0.0983,0.0985,0.0984,0.0985,0.0986,0.0984,0.0983,0.0985,0.0984,0.0984,0.0984,0.0985,0.0982,0.0983,0.0984,0.0984,0.0984,0.0983,0.0982,0.0984,0.0984,0.0985,0.0983,0.0984,0.0983,0.0983,0.0983,0.0984,0.0982,0.0983,0.0983,0.0984,0.0985,0.0983,0.0983,0.0983,0.0982,0.0982,0.0984,0.0984,0.0983,0.0982,0.0983,0.0985,0.0984,0.0983,0.0984
2;2,0.1071,0.101,0.1011,0.1012,0.1012,0.1014,0.1013,0.1014,0.1012,0.1013,0.1015,0.1014,0.1014,0.1014,0.1015,0.1015,0.1015,0.1016,0.1015,0.1015,0.1015,0.1014,0.1015,0.1015,0.1016,0.1016,0.1016,0.1017,0.1016,0.1016,0.1016,0.1017,0.1016,0.1016,0.1017,0.1017,0.1015,0.1017,0.1015,0.1018,0.1017,0.1016,0.1017,0.1018,0.1018,0.1017,0.1017,0.1017,0.1018,0.1018,0.1017,0.1017,0.1018,0.1018,0.1017,0.1015,0.1015,0.1017,0.1016,0.1016,0.1017,0.1018,0.1016,0.1018,0.1017,0.1017,0.1016,0.1016,0.1018,0.1018,0.1018,0.1018,0.1017,0.1016,0.1017,0.1016,0.1018,0.1017,0.1018,0.1016,0.1019,0.102,0.1018,0.1017,0.1018,0.1019,0.1017,0.1018,0.1018,0.1019,0.1018,0.1018,0.1019,0.1018,0.1018,0.1018
2;3,0.1039,0.0972,0.0974,0.0973,0.0974,0.0973,0.0972,0.0973,0.0973,0.0973,0.0973,0.0975,0.0973,0.0973,0.0973,0.0973,0.0973,0.0973,0.0972,0.0973,0.0973,0.0971,0.0972,0.0973,0.0972,0.0972,0.0971,0.0972,0.0973,0.0971,0.0972,0.0972,0.0973,0.0971,0.0972,0.0972,0.0972,0.0972,0.097,0.097,0.0972,0.0973,0.0972,0.0972,0.0971,0.0972,0.0972,0.0971,0.0971,0.0972,0.0972,0.097,0.0972,0.0972,0.0971,0.0972,0.0971,0.0971,0.0972,0.0972,0.0972,0.0972,0.0971,0.0971,0.0971,0.0971,0.0969,0.097,0.0971,0.0971,0.0973,0.0971,0.097,0.097,0.0971,0.0971,0.0972,0.097,0.097,0.0971,0.0971,0.0972,0.0972,0.097,0.0969,0.0968,0.097,0.0969,0.0971,0.097,0.0969,0.097,0.0971,0.0969,0.097,0.0969
3;2,0.1034,0.0974,0.0977,0.0975,0.0975,0.0973,0.0972,0.0973,0.0973,0.0973,0.0972,0.0973,0.0971,0.0971,0.0971,0.0971,0.097,0.097,0.097,0.0969,0.0969,0.0969,0.0968,0.0969,0.0968,0.0968,0.0968,0.0968,0.0968,0.0967,0.0967,0.0967,0.0967,0.0966,0.0967,0.0969,0.0966,0.0966,0.0966,0.0966,0.0967,0.0965,0.0966,0.0967,0.0965,0.0966,0.0965,0.0966,0.0965,0.0966,0.0965,0.0965,0.0965,0.0965,0.0964,0.0965,0.0964,0.0963,0.0964,0.0964,0.0965,0.0963,0.0963,0.0963,0.0964,0.0963,0.0963,0.0963,0.0963,0.0963,0.0965,0.0963,0.0962,0.0961,0.0963,0.0962,0.0964,0.0962,0.0962,0.0963,0.0964,0.0963,0.0962,0.0962,0.0962,0.0962,0.096,0.0961,0.0961,0.0962,0.0963,0.0963,0.0963,0.0961,0.096,0.096
,,,,,,,,,,,,,,,,,,,,,,,,,,,,,,,,,,,,,,,,,,,,,,,,,,,,,,,,,,,,,,,,,,,,,,,,,,,,,,,,,,,,,,,,,,,,,,,,
Cycles / Well,,,,,,,,,,,,,,,,,,,,,,,,,,,,,,,,,,,,,,,,,,,,,,,,,,,,,,,,,,,,,,,,,,,,,,,,,,,,,,,,,,,,,,,,,,,,,,,,
E9,1,2,3,4,5,6,7,8,9,10,11,12,13,14,15,16,17,18,19,20,21,22,23,24,25,26,27,28,29,30,31,32,33,34,35,36,37,38,39,40,41,42,43,44,45,46,47,48,49,50,51,52,53,54,55,56,57,58,59,60,61,62,63,64,65,66,67,68,69,70,71,72,73,74,75,76,77,78,79,80,81,82,83,84,85,86,87,88,89,90,91,92,93,94,95,96
Time [s],0,1799.806,3599.729,5399.66,7199.597,8999.513,10799.458,12599.364,14399.311,16199.219,17999.129,19799.077,21599.014,23398.929,25198.853,26998.776,28798.721,30598.646,32398.579,34198.515,35998.426,37798.366,39598.295,41398.224,43198.149,44998.073,46797.997,48597.934,50397.855,52197.79,53997.709,55797.648,57597.562,59397.496,61197.415,62997.353,64797.279,66597.204,68397.129,70197.065,71996.967,73796.9,75596.814,77396.765,79196.693,80996.622,82796.528,84596.475,86396.393,88196.312,89996.248,91796.18,93596.114,95396.034,97195.966,98995.894,100795.82,102595.755,104395.67,106195.606,107995.535,109795.451,111595.395,113395.325,115195.239,116995.182,118795.096,120595.023,122394.949,124194.883,125994.805,127794.735,129594.672,131394.601,133194.53,134994.454,136794.373,138594.307,140394.225,142194.153,143994.083,145794.008,147593.92,149393.863,151193.795,152993.716,154793.66,156593.577,158393.507,160193.44,161993.355,163793.28,165593.216,167393.131,169193.06,170993.004
Temp. [°C],20,29.7,30.1,30,30,30.1,30,29.9,29.9,29.9,30,30,29.9,29.9,30.1,29.9,30,30,29.9,29.9,30,30,30,30.1,30,30.1,29.9,30,30,30.1,30,30.1,30.1,29.9,29.9,30,29.9,30.1,29.8,30,30.1,30.1,29.9,30.1,30,30.1,30.1,30.1,29.9,30,30,30,30,30.1,30,30,30.1,30,30,30,30,29.9,30.1,30.1,30,30,30,30,30,29.9,30,30,30,30,30,30.1,30.1,30.1,30.1,30.1,29.9,29.9,30.1,30.1,29.9,29.9,29.9,30.1,30,30,30.1,30,30.1,30,30.1,29.9
Mean,0.10488,0.1001,0.10026,0.10018,0.10026,0.10022,0.1001,0.10016,0.1002,0.10012,0.10022,0.10024,0.10016,0.10016,0.10014,0.10018,0.10008,0.10014,0.1002,0.10012,0.1001,0.1001,0.1,0.10014,0.10006,0.10014,0.10012,0.10014,0.10016,0.10014,0.10004,0.10016,0.1001,0.10002,0.1001,0.10016,0.10004,0.10006,0.09994,0.10004,0.10016,0.1001,0.10004,0.10012,0.1001,0.10012,0.10006,0.10014,0.10006,0.10012,0.09998,0.09996,0.10004,0.10012,0.10002,0.1,0.10002,0.1,0.10004,0.09994,0.09996,0.1,0.09986,0.10004,0.10002,0.09992,0.09982,0.09992,0.09996,0.09998,0.10002,0.09992,0.09998,0.09988,0.09996,0.09996,0.09998,0.0999,0.09986,0.09992,0.10004,0.10002,0.09998,0.0999,0.09984,0.0999,0.09978,0.0999,0.09992,0.0999,0.0999,0.09992,0.09992,0.0999,0.0999,0.09998
StDev,0.00302192,0.002777589,0.00285972,0.002752635,0.00277092,0.00274718,0.002773986,0.00277092,0.002704626,0.002815493,0.002815493,0.002746452,0.002818333,0.002775428,0.002827189,0.002822587,0.002749909,0.002891885,0.002882707,0.002900345,0.002822233,0.002839014,0.002866182,0.002886694,0.002813006,0.002837781,0.002851666,0.002855346,0.002866705,0.002891885,0.002891885,0.002866705,0.002882707,0.002813716,0.00291976,0.002836018,0.002843062,0.002866705,0.002891885,0.002924551,0.002872804,0.002866182,0.002940748,0.002911529,0.002866182,0.002857796,0.00291599,0.002778129,0.002928822,0.002943977,0.002896032,0.00291599,0.002940748,0.002900345,0.002911529,0.002980772,0.002911529,0.002887906,0.002940748,0.002940748,0.002910842,0.002931723,0.002950932,0.002886694,0.002895168,0.002911529,0.002911529,0.002949068,0.002933087,0.002896032,0.002960912,0.002900345,0.002939728,0.002928652,0.002904824,0.002964456,0.002891712,0.00298161,0.003035292,0.002949068,0.002909983,0.002949068,0.00299366,0.002969007,0.002984627,0.003017449,0.002945675,0.0029858,0.002960912,0.002969007,0.00291976,0.002998666,0.002944826,0.002931723,0.003013304,0.00299366
1;2,0.1078,0.1029,0.1032,0.1029,0.103,0.1029,0.1028,0.1029,0.1028,0.1029,0.103,0.1029,0.1029,0.1028,0.1029,0.1029,0.1027,0.1029,0.103,0.1029,0.1028,0.1028,0.1028,0.1029,0.1028,0.1029,0.1028,0.1028,0.1029,0.1029,0.1028,0.1029,0.1029,0.1027,0.1029,0.1029,0.1027,0.1028,0.1027,0.1028,0.1028,0.1029,0.1028,0.1029,0.1029,0.1029,0.1028,0.1028,0.1028,0.103,0.1027,0.1027,0.1028,0.1029,0.1028,0.1029,0.1028,0.1027,0.1028,0.1027,0.1028,0.1028,0.1026,0.1028,0.1028,0.1027,0.1026,0.1027,0.1027,0.1027,0.1028,0.1027,0.1028,0.1027,0.1027,0.1028,0.1027,0.1027,0.1028,0.1027,0.1027,0.1028,0.1028,0.1027,0.1027,0.1028,0.1025,0.1027,0.1027,0.1027,0.1027,0.1027,0.1027,0.1027,0.1028,0.1028
2;1,0.1015,0.0972,0.0974,0.0973,0.0974,0.0974,0.0973,0.0973,0.0974,0.0972,0.0973,0.0974,0.0973,0.0973,0.0973,0.0973,0.0973,0.0972,0.0973,0.0972,0.0973,0.0972,0.0972,0.0973,0.0973,0.0973,0.0973,0.0973,0.0973,0.0972,0.0971,0.0973,0.0972,0.0972,0.0972,0.0972,0.0972,0.0972,0.097,0.0972,0.0973,0.0973,0.0971,0.0972,0.0973,0.0973,0.0972,0.0974,0.0972,0.0972,0.0971,0.0971,0.0971,0.0972,0.0971,0.097,0.0971,0.0971,0.0971,0.097,0.0971,0.0971,0.0971,0.0972,0.0972,0.097,0.0969,0.097,0.097,0.0971,0.0971,0.097,0.0971,0.097,0.0971,0.097,0.0972,0.097,0.0969,0.097,0.0971,0.0971,0.097,0.097,0.0969,0.0969,0.0969,0.0969,0.097,0.097,0.097,0.097,0.0971,0.097,0.097,0.097
2;2,0.1083,0.1032,0.1034,0.1033,0.1034,0.1034,0.1033,0.1033,0.1033,0.1033,0.1034,0.1034,0.1034,0.1034,0.1034,0.1034,0.1033,0.1035,0.1035,0.1035,0.1034,0.1034,0.1033,0.1035,0.1033,0.1034,0.1035,0.1035,0.1035,0.1035,0.1034,0.1035,0.1034,0.1033,0.1035,0.1034,0.1034,0.1034,0.1033,0.1035,0.1036,0.1034,0.1035,0.1035,0.1034,0.1034,0.1035,0.1034,0.1035,0.1035,0.1034,0.1034,0.1035,0.1035,0.1034,0.1034,0.1034,0.1034,0.1035,0.1034,0.1033,0.1034,0.1034,0.1034,0.1034,0.1033,0.1032,0.1034,0.1034,0.1034,0.1035,0.1033,0.1034,0.1033,0.1034,0.1034,0.1034,0.1034,0.1034,0.1034,0.1035,0.1035,0.1035,0.1034,0.1033,0.1034,0.1033,0.1034,0.1034,0.1034,0.1033,0.1035,0.1034,0.1033,0.1034,0.1035
2;3,0.1039,0.0991,0.0993,0.0992,0.0993,0.0991,0.0991,0.0992,0.0994,0.0992,0.0993,0.0993,0.0992,0.0992,0.0991,0.0994,0.0991,0.0992,0.0993,0.0991,0.0991,0.0992,0.099,0.0992,0.0991,0.0992,0.0991,0.0993,0.0992,0.0992,0.0991,0.0992,0.0992,0.0991,0.0991,0.0993,0.0991,0.0991,0.099,0.099,0.0992,0.0991,0.0991,0.0992,0.0991,0.0992,0.0991,0.0991,0.0992,0.0991,0.099,0.099,0.0991,0.0991,0.0991,0.0991,0.0991,0.0991,0.0991,0.099,0.099,0.0991,0.0988,0.0991,0.099,0.099,0.0989,0.0989,0.0991,0.099,0.0991,0.0989,0.099,0.0988,0.0989,0.099,0.099,0.099,0.0987,0.0989,0.0992,0.099,0.099,0.0989,0.0989,0.0989,0.0988,0.099,0.099,0.0989,0.0989,0.0989,0.0989,0.099,0.0989,0.099
3;2,0.1029,0.0981,0.098,0.0982,0.0982,0.0983,0.098,0.0981,0.0981,0.098,0.0981,0.0982,0.098,0.0981,0.098,0.0979,0.098,0.0979,0.0979,0.0979,0.0979,0.0979,0.0977,0.0978,0.0978,0.0979,0.0979,0.0978,0.0979,0.0979,0.0978,0.0979,0.0978,0.0978,0.0978,0.098,0.0978,0.0978,0.0977,0.0977,0.0979,0.0978,0.0977,0.0978,0.0978,0.0978,0.0977,0.098,0.0976,0.0978,0.0977,0.0976,0.0977,0.0979,0.0977,0.0976,0.0977,0.0977,0.0977,0.0976,0.0976,0.0976,0.0974,0.0977,0.0977,0.0976,0.0975,0.0976,0.0976,0.0977,0.0976,0.0977,0.0976,0.0976,0.0977,0.0976,0.0976,0.0974,0.0975,0.0976,0.0977,0.0977,0.0976,0.0975,0.0974,0.0975,0.0974,0.0975,0.0975,0.0975,0.0976,0.0975,0.0975,0.0975,0.0974,0.0976
,,,,,,,,,,,,,,,,,,,,,,,,,,,,,,,,,,,,,,,,,,,,,,,,,,,,,,,,,,,,,,,,,,,,,,,,,,,,,,,,,,,,,,,,,,,,,,,,
Cycles / Well,,,,,,,,,,,,,,,,,,,,,,,,,,,,,,,,,,,,,,,,,,,,,,,,,,,,,,,,,,,,,,,,,,,,,,,,,,,,,,,,,,,,,,,,,,,,,,,,
E10,1,2,3,4,5,6,7,8,9,10,11,12,13,14,15,16,17,18,19,20,21,22,23,24,25,26,27,28,29,30,31,32,33,34,35,36,37,38,39,40,41,42,43,44,45,46,47,48,49,50,51,52,53,54,55,56,57,58,59,60,61,62,63,64,65,66,67,68,69,70,71,72,73,74,75,76,77,78,79,80,81,82,83,84,85,86,87,88,89,90,91,92,93,94,95,96
Time [s],0,1799.806,3599.729,5399.66,7199.597,8999.513,10799.458,12599.364,14399.311,16199.219,17999.129,19799.077,21599.014,23398.929,25198.853,26998.776,28798.721,30598.646,32398.579,34198.515,35998.426,37798.366,39598.295,41398.224,43198.149,44998.073,46797.997,48597.934,50397.855,52197.79,53997.709,55797.648,57597.562,59397.496,61197.415,62997.353,64797.279,66597.204,68397.129,70197.065,71996.967,73796.9,75596.814,77396.765,79196.693,80996.622,82796.528,84596.475,86396.393,88196.312,89996.248,91796.18,93596.114,95396.034,97195.966,98995.894,100795.82,102595.755,104395.67,106195.606,107995.535,109795.451,111595.395,113395.325,115195.239,116995.182,118795.096,120595.023,122394.949,124194.883,125994.805,127794.735,129594.672,131394.601,133194.53,134994.454,136794.373,138594.307,140394.225,142194.153,143994.083,145794.008,147593.92,149393.863,151193.795,152993.716,154793.66,156593.577,158393.507,160193.44,161993.355,163793.28,165593.216,167393.131,169193.06,170993.004
Temp. [°C],20,29.7,30.1,30,30,30.1,30,29.9,29.9,29.9,30,30,29.9,29.9,30.1,29.9,30,30,29.9,29.9,30,30,30,30.1,30,30.1,29.9,30,30,30.1,30,30.1,30.1,29.9,29.9,30,29.9,30.1,29.8,30,30.1,30.1,29.9,30.1,30,30.1,30.1,30.1,29.9,30,30,30,30,30.1,30,30,30.1,30,30,30,30,29.9,30.1,30.1,30,30,30,30,30,29.9,30,30,30,30,30,30.1,30.1,30.1,30.1,30.1,29.9,29.9,30.1,30.1,29.9,29.9,29.9,30.1,30,30,30.1,30,30.1,30,30.1,29.9
Mean,0.105,0.10042,0.10058,0.10042,0.1005,0.10054,0.1004,0.10042,0.10042,0.10042,0.10052,0.1005,0.10042,0.10044,0.10042,0.10046,0.10042,0.10046,0.1004,0.10038,0.10046,0.10032,0.10028,0.1004,0.10036,0.10038,0.10038,0.1004,0.10044,0.10038,0.1003,0.10038,0.10036,0.1003,0.10034,0.10044,0.10036,0.10044,0.10028,0.10034,0.1004,0.10036,0.10036,0.10042,0.10034,0.10034,0.10038,0.1006,0.10038,0.10038,0.10028,0.10024,0.10032,0.10036,0.1003,0.10024,0.1003,0.10032,0.10028,0.10024,0.10024,0.10028,0.1002,0.1003,0.10026,0.10024,0.10014,0.10012,0.10024,0.10026,0.10026,0.1002,0.10026,0.10018,0.10022,0.1002,0.10026,0.10018,0.1002,0.1002,0.10028,0.10036,0.10026,0.10024,0.10016,0.10018,0.10008,0.10022,0.1003,0.10022,0.10024,0.10024,0.10026,0.10022,0.1002,0.10028
StDev,0.003335416,0.003101129,0.00312522,0.003101129,0.00309435,0.003055814,0.003060229,0.003101129,0.003101129,0.003027705,0.003122819,0.003131294,0.003121218,0.003089984,0.003084153,0.003063984,0.003141178,0.003079448,0.003151984,0.003161803,0.003135761,0.003157056,0.003105962,0.003187475,0.003135761,0.003126819,0.003105157,0.00309435,0.003166702,0.003161803,0.003187475,0.003161803,0.003172223,0.003131294,0.003090793,0.003183237,0.003100484,0.003110145,0.003161803,0.003167491,0.003095158,0.003136559,0.003192648,0.003105962,0.003203592,0.003169069,0.003161803,0.002807134,0.003218229,0.003218229,0.003218229,0.003223818,0.003122019,0.003194214,0.00309758,0.003167491,0.00318826,0.003141178,0.00312602,0.003167491,0.003146903,0.003182295,0.003208582,0.00315119,0.003158006,0.003202811,0.003147698,0.003177578,0.003167491,0.003136559,0.003192648,0.003244226,0.003172223,0.003142769,0.003122019,0.003153569,0.003136559,0.003184651,0.00318826,0.00315119,0.003183866,0.003174587,0.003173799,0.003204372,0.003194214,0.003199531,0.003184651,0.003215121,0.003245766,0.003122819,0.003146903,0.003203592,0.003119776,0.003142769,0.003152777,0.003199531
1;2,0.1082,0.1037,0.1038,0.1036,0.1037,0.1036,0.1035,0.1036,0.1037,0.1036,0.1036,0.1037,0.1036,0.1037,0.1036,0.1036,0.1036,0.1036,0.1037,0.1036,0.1037,0.1036,0.1034,0.1037,0.1036,0.1035,0.1036,0.1036,0.1037,0.1036,0.1036,0.1036,0.1036,0.1035,0.1035,0.1037,0.1035,0.1037,0.1036,0.1035,0.1035,0.1035,0.1036,0.1035,0.1036,0.1035,0.1036,0.1036,0.1037,0.1037,0.1036,0.1035,0.1034,0.1035,0.1033,0.1034,0.1035,0.1035,0.1035,0.1034,0.1034,0.1035,0.1035,0.1035,0.1034,0.1035,0.1033,0.1033,0.1034,0.1034,0.1035,0.1035,0.1035,0.1034,0.1033,0.1033,0.1034,0.1033,0.1034,0.1034,0.1034,0.1035,0.1034,0.1034,0.1033,0.1034,0.1032,0.1034,0.1035,0.1033,0.1034,0.1035,0.1033,0.1033,0.1033,0.1035
2;1,0.1039,0.0991,0.0993,0.0991,0.0992,0.0994,0.0993,0.0991,0.0991,0.0992,0.0993,0.0992,0.0992,0.0991,0.0992,0.0993,0.0992,0.0991,0.0992,0.0991,0.0991,0.099,0.099,0.0991,0.0991,0.0992,0.0991,0.0991,0.0992,0.0991,0.099,0.0991,0.099,0.099,0.0991,0.0991,0.0992,0.0992,0.099,0.0991,0.0991,0.0991,0.0991,0.0992,0.0991,0.0992,0.0991,0.0992,0.0991,0.0991,0.099,0.099,0.099,0.0991,0.099,0.099,0.099,0.0991,0.0991,0.099,0.0989,0.099,0.099,0.099,0.0991,0.0989,0.0989,0.0988,0.099,0.099,0.099,0.0989,0.0989,0.0989,0.0989,0.099,0.099,0.099,0.0988,0.0989,0.099,0.0991,0.0989,0.0989,0.0989,0.0989,0.0989,0.0989,0.099,0.099,0.0989,0.099,0.099,0.099,0.0989,0.099
2;2,0.1085,0.1036,0.1038,0.1037,0.1037,0.1038,0.1036,0.1037,0.1036,0.1035,0.1039,0.1038,0.1037,0.1036,0.1036,0.1036,0.1037,0.1037,0.1036,0.1037,0.1037,0.1036,0.1036,0.1037,0.1036,0.1037,0.1036,0.1036,0.1037,0.1037,0.1036,0.1037,0.1037,0.1036,0.1036,0.1038,0.1036,0.1036,0.1035,0.1037,0.1037,0.1037,0.1037,0.1037,0.1037,0.1037,0.1037,0.1036,0.1037,0.1037,0.1036,0.1036,0.1037,0.1038,0.1037,0.1036,0.1037,0.1036,0.1035,0.1036,0.1036,0.1036,0.1035,0.1036,0.1036,0.1036,0.1035,0.1035,0.1036,0.1036,0.1036,0.1036,0.1036,0.1035,0.1036,0.1036,0.1036,0.1036,0.1036,0.1035,0.1037,0.1038,0.1037,0.1037,0.1036,0.1036,0.1035,0.1037,0.1038,0.1036,0.1036,0.1036,0.1037,0.1036,0.1036,0.1037
2;3,0.1038,0.099,0.0993,0.099,0.0992,0.0991,0.099,0.099,0.099,0.0991,0.0991,0.0991,0.099,0.0991,0.0991,0.0992,0.0991,0.0992,0.099,0.099,0.0992,0.0989,0.0989,0.099,0.099,0.099,0.099,0.0991,0.0991,0.099,0.0989,0.099,0.099,0.0989,0.0989,0.099,0.099,0.0991,0.0989,0.099,0.0991,0.099,0.099,0.0992,0.0989,0.0989,0.099,0.099,0.099,0.099,0.0989,0.0989,0.099,0.099,0.099,0.0989,0.0989,0.099,0.0989,0.0989,0.0989,0.099,0.0988,0.099,0.0989,0.0989,0.0987,0.0988,0.0989,0.0989,0.0989,0.0988,0.0989,0.0987,0.0989,0.0988,0.0989,0.0988,0.0989,0.0989,0.099,0.0989,0.0989,0.0989,0.0988,0.0987,0.0987,0.0988,0.0989,0.0988,0.0989,0.0988,0.0988,0.0989,0.0989,0.0988
3;2,0.1006,0.0967,0.0967,0.0967,0.0967,0.0968,0.0966,0.0967,0.0967,0.0967,0.0967,0.0967,0.0966,0.0967,0.0966,0.0966,0.0965,0.0967,0.0965,0.0965,0.0966,0.0965,0.0965,0.0965,0.0965,0.0965,0.0966,0.0966,0.0965,0.0965,0.0964,0.0965,0.0965,0.0965,0.0966,0.0966,0.0965,0.0966,0.0964,0.0964,0.0966,0.0965,0.0964,0.0965,0.0964,0.0964,0.0965,0.0976,0.0964,0.0964,0.0963,0.0962,0.0965,0.0964,0.0965,0.0963,0.0964,0.0964,0.0964,0.0963,0.0964,0.0963,0.0962,0.0964,0.0963,0.0963,0.0963,0.0962,0.0963,0.0964,0.0963,0.0962,0.0964,0.0964,0.0964,0.0963,0.0964,0.0962,0.0963,0.0963,0.0963,0.0965,0.0964,0.0963,0.0962,0.0963,0.0961,0.0963,0.0963,0.0964,0.0964,0.0963,0.0965,0.0963,0.0963,0.0964
,,,,,,,,,,,,,,,,,,,,,,,,,,,,,,,,,,,,,,,,,,,,,,,,,,,,,,,,,,,,,,,,,,,,,,,,,,,,,,,,,,,,,,,,,,,,,,,,
Cycles / Well,,,,,,,,,,,,,,,,,,,,,,,,,,,,,,,,,,,,,,,,,,,,,,,,,,,,,,,,,,,,,,,,,,,,,,,,,,,,,,,,,,,,,,,,,,,,,,,,
E11,1,2,3,4,5,6,7,8,9,10,11,12,13,14,15,16,17,18,19,20,21,22,23,24,25,26,27,28,29,30,31,32,33,34,35,36,37,38,39,40,41,42,43,44,45,46,47,48,49,50,51,52,53,54,55,56,57,58,59,60,61,62,63,64,65,66,67,68,69,70,71,72,73,74,75,76,77,78,79,80,81,82,83,84,85,86,87,88,89,90,91,92,93,94,95,96
Time [s],0,1799.806,3599.729,5399.66,7199.597,8999.513,10799.458,12599.364,14399.311,16199.219,17999.129,19799.077,21599.014,23398.929,25198.853,26998.776,28798.721,30598.646,32398.579,34198.515,35998.426,37798.366,39598.295,41398.224,43198.149,44998.073,46797.997,48597.934,50397.855,52197.79,53997.709,55797.648,57597.562,59397.496,61197.415,62997.353,64797.279,66597.204,68397.129,70197.065,71996.967,73796.9,75596.814,77396.765,79196.693,80996.622,82796.528,84596.475,86396.393,88196.312,89996.248,91796.18,93596.114,95396.034,97195.966,98995.894,100795.82,102595.755,104395.67,106195.606,107995.535,109795.451,111595.395,113395.325,115195.239,116995.182,118795.096,120595.023,122394.949,124194.883,125994.805,127794.735,129594.672,131394.601,133194.53,134994.454,136794.373,138594.307,140394.225,142194.153,143994.083,145794.008,147593.92,149393.863,151193.795,152993.716,154793.66,156593.577,158393.507,160193.44,161993.355,163793.28,165593.216,167393.131,169193.06,170993.004
Temp. [°C],20,29.7,30.1,30,30,30.1,30,29.9,29.9,29.9,30,30,29.9,29.9,30.1,29.9,30,30,29.9,29.9,30,30,30,30.1,30,30.1,29.9,30,30,30.1,30,30.1,30.1,29.9,29.9,30,29.9,30.1,29.8,30,30.1,30.1,29.9,30.1,30,30.1,30.1,30.1,29.9,30,30,30,30,30.1,30,30,30.1,30,30,30,30,29.9,30.1,30.1,30,30,30,30,30,29.9,30,30,30,30,30,30.1,30.1,30.1,30.1,30.1,29.9,29.9,30.1,30.1,29.9,29.9,29.9,30.1,30,30,30.1,30,30.1,30,30.1,29.9
Mean,0.10338,0.10022,0.1004,0.1003,0.1004,0.1003,0.10026,0.1003,0.10024,0.10026,0.10036,0.1003,0.10028,0.10034,0.1003,0.10034,0.1003,0.10032,0.10028,0.10026,0.1003,0.1002,0.10022,0.10026,0.10028,0.10024,0.10028,0.10028,0.10036,0.10026,0.10026,0.10036,0.10026,0.10028,0.10026,0.10032,0.10026,0.10034,0.10014,0.10018,0.10034,0.10022,0.10022,0.10026,0.10022,0.1003,0.10024,0.10054,0.10022,0.10028,0.10022,0.10008,0.10024,0.10024,0.10018,0.10012,0.10018,0.10016,0.10012,0.10016,0.1002,0.10014,0.10004,0.1002,0.10012,0.10008,0.1,0.10002,0.10012,0.10014,0.10016,0.10008,0.1001,0.10008,0.10002,0.10006,0.10012,0.10006,0.1001,0.1001,0.10018,0.1003,0.10016,0.1001,0.10002,0.1001,0.09992,0.10018,0.10016,0.10012,0.10012,0.10024,0.1002,0.10008,0.10014,0.10016
StDev,0.003231408,0.002833196,0.002820461,0.002810694,0.002878368,0.002832843,0.002826305,0.0028,0.002775428,0.002818333,0.002818333,0.002846928,0.002805708,0.002799643,0.002864437,0.002770018,0.002848684,0.0028735,0.002797678,0.0028369,0.0029,0.0029,0.002868275,0.002818333,0.002827897,0.00286932,0.002870017,0.0028735,0.002899655,0.002848333,0.002914275,0.002890156,0.002871933,0.00286304,0.002919418,0.002885654,0.002862342,0.002875413,0.002837781,0.002844644,0.002917705,0.002920103,0.002920103,0.002865833,0.002893441,0.002895686,0.002865833,0.00253239,0.002887386,0.002888252,0.002833196,0.002895168,0.002920274,0.002950085,0.002923525,0.00289862,0.002923525,0.00292626,0.00292267,0.002897067,0.002943637,0.002946693,0.002965299,0.002977415,0.002943977,0.002946523,0.002947881,0.002920103,0.002887386,0.002944147,0.002967827,0.002942278,0.00291976,0.002997833,0.002981107,0.002944147,0.002916676,0.002973718,0.002943637,0.0029,0.002971027,0.002889637,0.002918561,0.002938537,0.002941428,0.002918047,0.002890848,0.002890848,0.003022085,0.002971027,0.002916676,0.002924551,0.002974054,0.002889983,0.002889291,0.00289275
1;2,0.1068,0.1032,0.1033,0.1032,0.1033,0.1031,0.1031,0.1032,0.1031,0.1031,0.1032,0.1032,0.1031,0.1032,0.1032,0.1031,0.1031,0.1032,0.1031,0.1031,0.1032,0.1031,0.103,0.1031,0.1031,0.1031,0.1031,0.1032,0.1031,0.1031,0.1031,0.1032,0.1031,0.1031,0.1031,0.1032,0.1031,0.1032,0.1029,0.103,0.1032,0.1031,0.1031,0.1031,0.103,0.1031,0.103,0.1031,0.103,0.1031,0.103,0.1029,0.103,0.103,0.103,0.1029,0.103,0.103,0.1029,0.103,0.103,0.103,0.1029,0.1031,0.103,0.1029,0.1029,0.1029,0.1029,0.1029,0.103,0.1029,0.1029,0.103,0.1029,0.1029,0.1029,0.1029,0.1029,0.103,0.103,0.103,0.1029,0.1028,0.1028,0.1028,0.1026,0.1029,0.103,0.1029,0.1029,0.1029,0.103,0.1027,0.1028,0.1029
2;1,0.1032,0.0997,0.1002,0.0996,0.0998,0.0997,0.0997,0.0998,0.0998,0.0999,0.1,0.0998,0.0997,0.0998,0.0999,0.0999,0.0998,0.0998,0.0999,0.1,0.0998,0.0997,0.0999,0.0999,0.0998,0.0998,0.0998,0.0998,0.0999,0.0998,0.0999,0.1001,0.0999,0.1,0.0999,0.1001,0.1001,0.0999,0.1,0.0998,0.1001,0.0999,0.0999,0.0999,0.1,0.1,0.1,0.1001,0.1,0.1001,0.1002,0.0999,0.1,0.0999,0.0999,0.0997,0.0999,0.0998,0.0998,0.0999,0.0999,0.0998,0.0998,0.0998,0.0997,0.0997,0.0997,0.0997,0.0999,0.0998,0.0998,0.0999,0.0997,0.0997,0.0995,0.0998,0.0998,0.0997,0.0998,0.0996,0.0999,0.1002,0.1,0.1,0.0998,0.0999,0.0997,0.1,0.0998,0.0998,0.0998,0.1,0.0998,0.0999,0.1,0.0999
2;2,0.1065,0.1031,0.1032,0.1033,0.1035,0.1034,0.1033,0.1032,0.1031,0.1032,0.1033,0.1033,0.1033,0.1033,0.1033,0.1033,0.1034,0.1034,0.1032,0.1032,0.1034,0.1033,0.1033,0.1032,0.1033,0.1033,0.1034,0.1033,0.1036,0.1033,0.1034,0.1034,0.1033,0.1033,0.1034,0.1033,0.1032,0.1034,0.1031,0.1032,0.1034,0.1033,0.1033,0.1033,0.1033,0.1034,0.1033,0.1032,0.1033,0.1033,0.1031,0.1031,0.1034,0.1035,0.1033,0.1033,0.1033,0.1033,0.1033,0.1032,0.1034,0.1033,0.1032,0.1034,0.1033,0.1033,0.1031,0.1031,0.1032,0.1034,0.1034,0.1032,0.1033,0.1033,0.1033,0.1032,0.1033,0.1033,0.1033,0.1032,0.1034,0.1034,0.1033,0.1033,0.1032,0.1033,0.1031,0.1033,0.1035,0.1034,0.1033,0.1035,0.1035,0.1033,0.1033,0.1033
2;3,0.1,0.098,0.0981,0.098,0.098,0.098,0.0979,0.098,0.098,0.0979,0.098,0.0979,0.098,0.098,0.0978,0.098,0.0979,0.0979,0.098,0.0978,0.0979,0.0978,0.0978,0.0979,0.098,0.0978,0.0978,0.0979,0.0979,0.0979,0.0977,0.0979,0.0979,0.0978,0.0978,0.0978,0.0978,0.098,0.0977,0.0978,0.0979,0.0978,0.0978,0.0978,0.0978,0.0979,0.0978,0.0977,0.0977,0.0978,0.0977,0.0977,0.0978,0.0978,0.0978,0.0977,0.0978,0.0978,0.0977,0.0978,0.0977,0.0977,0.0975,0.0978,0.0976,0.0976,0.0976,0.0976,0.0976,0.0976,0.0976,0.0976,0.0976,0.0976,0.0976,0.0976,0.0976,0.0976,0.0976,0.0977,0.0977,0.0978,0.0977,0.0975,0.0975,0.0976,0.0974,0.0977,0.0976,0.0976,0.0976,0.0978,0.0977,0.0975,0.0976,0.0977
3;2,0.1004,0.0971,0.0972,0.0974,0.0974,0.0973,0.0973,0.0973,0.0972,0.0972,0.0973,0.0973,0.0973,0.0974,0.0973,0.0974,0.0973,0.0973,0.0972,0.0972,0.0972,0.0971,0.0971,0.0972,0.0972,0.0972,0.0973,0.0972,0.0973,0.0972,0.0972,0.0972,0.0971,0.0972,0.0971,0.0972,0.0971,0.0972,0.097,0.0971,0.0971,0.097,0.097,0.0972,0.097,0.0971,0.0971,0.0986,0.0971,0.0971,0.0971,0.0968,0.097,0.097,0.0969,0.097,0.0969,0.0969,0.0969,0.0969,0.097,0.0969,0.0968,0.0969,0.097,0.0969,0.0967,0.0968,0.097,0.097,0.097,0.0968,0.097,0.0968,0.0968,0.0968,0.097,0.0968,0.0969,0.097,0.0969,0.0971,0.0969,0.0969,0.0968,0.0969,0.0968,0.097,0.0969,0.0969,0.097,0.097,0.097,0.097,0.097,0.097
,,,,,,,,,,,,,,,,,,,,,,,,,,,,,,,,,,,,,,,,,,,,,,,,,,,,,,,,,,,,,,,,,,,,,,,,,,,,,,,,,,,,,,,,,,,,,,,,
Cycles / Well,,,,,,,,,,,,,,,,,,,,,,,,,,,,,,,,,,,,,,,,,,,,,,,,,,,,,,,,,,,,,,,,,,,,,,,,,,,,,,,,,,,,,,,,,,,,,,,,
E12,1,2,3,4,5,6,7,8,9,10,11,12,13,14,15,16,17,18,19,20,21,22,23,24,25,26,27,28,29,30,31,32,33,34,35,36,37,38,39,40,41,42,43,44,45,46,47,48,49,50,51,52,53,54,55,56,57,58,59,60,61,62,63,64,65,66,67,68,69,70,71,72,73,74,75,76,77,78,79,80,81,82,83,84,85,86,87,88,89,90,91,92,93,94,95,96
Time [s],0,1799.806,3599.729,5399.66,7199.597,8999.513,10799.458,12599.364,14399.311,16199.219,17999.129,19799.077,21599.014,23398.929,25198.853,26998.776,28798.721,30598.646,32398.579,34198.515,35998.426,37798.366,39598.295,41398.224,43198.149,44998.073,46797.997,48597.934,50397.855,52197.79,53997.709,55797.648,57597.562,59397.496,61197.415,62997.353,64797.279,66597.204,68397.129,70197.065,71996.967,73796.9,75596.814,77396.765,79196.693,80996.622,82796.528,84596.475,86396.393,88196.312,89996.248,91796.18,93596.114,95396.034,97195.966,98995.894,100795.82,102595.755,104395.67,106195.606,107995.535,109795.451,111595.395,113395.325,115195.239,116995.182,118795.096,120595.023,122394.949,124194.883,125994.805,127794.735,129594.672,131394.601,133194.53,134994.454,136794.373,138594.307,140394.225,142194.153,143994.083,145794.008,147593.92,149393.863,151193.795,152993.716,154793.66,156593.577,158393.507,160193.44,161993.355,163793.28,165593.216,167393.131,169193.06,170993.004
Temp. [°C],20,29.7,30.1,30,30,30.1,30,29.9,29.9,29.9,30,30,29.9,29.9,30.1,29.9,30,30,29.9,29.9,30,30,30,30.1,30,30.1,29.9,30,30,30.1,30,30.1,30.1,29.9,29.9,30,29.9,30.1,29.8,30,30.1,30.1,29.9,30.1,30,30.1,30.1,30.1,29.9,30,30,30,30,30.1,30,30,30.1,30,30,30,30,29.9,30.1,30.1,30,30,30,30,30,29.9,30,30,30,30,30,30.1,30.1,30.1,30.1,30.1,29.9,29.9,30.1,30.1,29.9,29.9,29.9,30.1,30,30,30.1,30,30.1,30,30.1,29.9
Mean,0.101,0.10062,0.10056,0.10056,0.10076,0.10066,0.10054,0.1006,0.10056,0.10058,0.10062,0.10064,0.10052,0.10062,0.10058,0.10058,0.10054,0.10062,0.10058,0.10048,0.10062,0.1005,0.1005,0.10066,0.10068,0.1007,0.10076,0.1009,0.1009,0.10092,0.10084,0.10104,0.10106,0.10088,0.10116,0.10128,0.10112,0.1013,0.10126,0.10136,0.10136,0.10152,0.10134,0.1014,0.1015,0.10176,0.1017,0.10332,0.10178,0.10184,0.1018,0.1015,0.1016,0.10176,0.1015,0.10162,0.10172,0.10186,0.10188,0.10168,0.10194,0.10198,0.10196,0.10198,0.10222,0.10196,0.10216,0.10208,0.10228,0.10216,0.10234,0.10216,0.1024,0.1023,0.10254,0.10242,0.10258,0.10252,0.10274,0.1025,0.1029,0.10328,0.10318,0.1034,0.10334,0.10344,0.10344,0.10358,0.10356,0.10362,0.1036,0.10374,0.10378,0.104,0.10376,0.1042
StDev,0.002129554,0.002204994,0.002333024,0.002244549,0.002178991,0.002256768,0.002233383,0.002253886,0.002251222,0.002319914,0.002336022,0.002302824,0.002294995,0.002344568,0.002237633,0.00224544,0.002315815,0.002255438,0.002290633,0.002297172,0.002233159,0.002256103,0.002285826,0.002193855,0.00215569,0.002162175,0.002106656,0.002182888,0.002194311,0.002206128,0.002204087,0.002313655,0.002281009,0.002217431,0.002358601,0.002430432,0.002384743,0.002501999,0.002570603,0.002667021,0.0024684,0.002855171,0.002603459,0.002613427,0.002749545,0.003165122,0.00309758,0.005739512,0.00312522,0.003357529,0.003427098,0.003025723,0.00305041,0.003198124,0.002949576,0.003100323,0.00327521,0.003480374,0.003627258,0.003367046,0.003734033,0.003840182,0.003865618,0.003778492,0.004216278,0.003865618,0.004391811,0.004351666,0.004507438,0.004175883,0.004551154,0.004338548,0.004684015,0.004742889,0.004962661,0.004845307,0.005065274,0.005163042,0.005525215,0.005063596,0.005655528,0.006235944,0.00635429,0.006806982,0.00690746,0.006947158,0.007194651,0.007038963,0.007149685,0.007229592,0.007348809,0.007456071,0.007566836,0.008148313,0.007727095,0.00839613
1;2,0.1028,0.1026,0.1028,0.1027,0.1027,0.1028,0.1026,0.1028,0.1027,0.1028,0.1028,0.1029,0.1026,0.1028,0.1026,0.1026,0.1028,0.1027,0.1027,0.1026,0.1027,0.1026,0.1026,0.1026,0.1026,0.1026,0.1025,0.1026,0.1027,0.1026,0.1026,0.1026,0.1025,0.1024,0.1025,0.1025,0.1026,0.1025,0.1024,0.1025,0.1025,0.1026,0.1024,0.1025,0.1025,0.1024,0.1025,0.1025,0.1026,0.1026,0.1024,0.1023,0.1023,0.1025,0.1024,0.1023,0.1024,0.1023,0.1024,0.1023,0.1024,0.1023,0.1023,0.1024,0.1025,0.1023,0.1023,0.1021,0.1022,0.1023,0.1023,0.1022,0.1022,0.1021,0.1022,0.1022,0.1022,0.1022,0.1022,0.1022,0.1023,0.1024,0.1023,0.1022,0.1021,0.1022,0.102,0.1022,0.1021,0.1022,0.1022,0.1021,0.1023,0.1022,0.102,0.1022
2;1,0.0994,0.099,0.0991,0.0989,0.0991,0.0989,0.0988,0.0989,0.0989,0.0989,0.0989,0.0989,0.0989,0.0989,0.0989,0.0989,0.0988,0.0989,0.0989,0.0987,0.0987,0.0986,0.0987,0.0989,0.099,0.0989,0.099,0.0989,0.0989,0.0988,0.0989,0.0988,0.0988,0.0988,0.0988,0.0989,0.0989,0.0989,0.0988,0.0988,0.099,0.0988,0.0988,0.0989,0.0989,0.0989,0.0988,0.0997,0.0989,0.0988,0.0987,0.0987,0.0988,0.0989,0.0988,0.0988,0.0988,0.0988,0.0987,0.0985,0.0987,0.0987,0.0987,0.0987,0.0987,0.0987,0.0986,0.0987,0.0987,0.0987,0.0987,0.0987,0.0988,0.0986,0.0988,0.0987,0.0987,0.0985,0.0986,0.0986,0.0989,0.099,0.0987,0.0989,0.0987,0.0987,0.0988,0.0989,0.0989,0.0989,0.0987,0.099,0.0989,0.0989,0.0988,0.099
2;2,0.1037,0.1034,0.1034,0.1033,0.1035,0.1034,0.1033,0.1033,0.1033,0.1034,0.1035,0.1034,0.1034,0.1035,0.1034,0.1034,0.1033,0.1034,0.1034,0.1033,0.1033,0.1032,0.1033,0.1033,0.1033,0.1033,0.1033,0.1033,0.1034,0.1034,0.1033,0.1033,0.1033,0.1033,0.1033,0.1034,0.1034,0.1035,0.1032,0.1034,0.1035,0.1034,0.1034,0.1034,0.1033,0.1033,0.1033,0.1033,0.1034,0.1033,0.1032,0.1032,0.1033,0.1033,0.1032,0.1032,0.1033,0.1033,0.1032,0.1032,0.1032,0.1032,0.1032,0.1033,0.1032,0.1032,0.1031,0.103,0.1032,0.1032,0.1033,0.1032,0.1032,0.1031,0.1032,0.1032,0.1033,0.1032,0.1031,0.1032,0.1032,0.1033,0.1032,0.1032,0.1032,0.1032,0.103,0.1034,0.1033,0.1033,0.1032,0.1032,0.1032,0.1032,0.1032,0.1032
2;3,0.0989,0.0987,0.0988,0.0987,0.0988,0.0987,0.0986,0.0987,0.0986,0.0986,0.0986,0.0988,0.0985,0.0985,0.0987,0.0986,0.0985,0.0986,0.0985,0.0984,0.0986,0.0984,0.0984,0.0984,0.0985,0.0985,0.0985,0.0984,0.0985,0.0985,0.0983,0.0983,0.0984,0.0983,0.0984,0.0984,0.0982,0.0983,0.0982,0.0982,0.0984,0.0982,0.0983,0.0983,0.0983,0.0983,0.0983,0.0982,0.0983,0.0982,0.0982,0.0981,0.0982,0.0982,0.0981,0.0982,0.0981,0.0982,0.0981,0.0982,0.0981,0.0981,0.098,0.0981,0.0981,0.098,0.0979,0.0978,0.098,0.0981,0.098,0.0979,0.098,0.0979,0.098,0.0979,0.098,0.0979,0.098,0.0979,0.0979,0.098,0.0979,0.0978,0.0977,0.0979,0.0977,0.0979,0.0978,0.0978,0.0978,0.0979,0.0978,0.0977,0.0978,0.0979
3;2,0.1002,0.0994,0.0987,0.0992,0.0997,0.0995,0.0994,0.0993,0.0993,0.0992,0.0993,0.0992,0.0992,0.0994,0.0993,0.0994,0.0993,0.0995,0.0994,0.0994,0.0998,0.0997,0.0995,0.1001,0.1,0.1002,0.1005,0.1013,0.101,0.1013,0.1011,0.1022,0.1023,0.1016,0.1028,0.1032,0.1025,0.1033,0.1037,0.1039,0.1034,0.1046,0.1038,0.1039,0.1045,0.1059,0.1056,0.1129,0.1057,0.1063,0.1065,0.1052,0.1054,0.1059,0.105,0.1056,0.106,0.1067,0.107,0.1062,0.1073,0.1076,0.1076,0.1074,0.1086,0.1076,0.1089,0.1088,0.1093,0.1085,0.1094,0.1088,0.1098,0.1098,0.1105,0.1101,0.1107,0.1108,0.1118,0.1106,0.1122,0.1137,0.1138,0.1149,0.115,0.1152,0.1157,0.1155,0.1157,0.1159,0.1161,0.1165,0.1167,0.118,0.117,0.1187
,,,,,,,,,,,,,,,,,,,,,,,,,,,,,,,,,,,,,,,,,,,,,,,,,,,,,,,,,,,,,,,,,,,,,,,,,,,,,,,,,,,,,,,,,,,,,,,,
Cycles / Well,,,,,,,,,,,,,,,,,,,,,,,,,,,,,,,,,,,,,,,,,,,,,,,,,,,,,,,,,,,,,,,,,,,,,,,,,,,,,,,,,,,,,,,,,,,,,,,,
F1,1,2,3,4,5,6,7,8,9,10,11,12,13,14,15,16,17,18,19,20,21,22,23,24,25,26,27,28,29,30,31,32,33,34,35,36,37,38,39,40,41,42,43,44,45,46,47,48,49,50,51,52,53,54,55,56,57,58,59,60,61,62,63,64,65,66,67,68,69,70,71,72,73,74,75,76,77,78,79,80,81,82,83,84,85,86,87,88,89,90,91,92,93,94,95,96
Time [s],0,1799.806,3599.729,5399.66,7199.597,8999.513,10799.458,12599.364,14399.311,16199.219,17999.129,19799.077,21599.014,23398.929,25198.853,26998.776,28798.721,30598.646,32398.579,34198.515,35998.426,37798.366,39598.295,41398.224,43198.149,44998.073,46797.997,48597.934,50397.855,52197.79,53997.709,55797.648,57597.562,59397.496,61197.415,62997.353,64797.279,66597.204,68397.129,70197.065,71996.967,73796.9,75596.814,77396.765,79196.693,80996.622,82796.528,84596.475,86396.393,88196.312,89996.248,91796.18,93596.114,95396.034,97195.966,98995.894,100795.82,102595.755,104395.67,106195.606,107995.535,109795.451,111595.395,113395.325,115195.239,116995.182,118795.096,120595.023,122394.949,124194.883,125994.805,127794.735,129594.672,131394.601,133194.53,134994.454,136794.373,138594.307,140394.225,142194.153,143994.083,145794.008,147593.92,149393.863,151193.795,152993.716,154793.66,156593.577,158393.507,160193.44,161993.355,163793.28,165593.216,167393.131,169193.06,170993.004
Temp. [°C],20,29.7,30.1,30,30,30.1,30,29.9,29.9,29.9,30,30,29.9,29.9,30.1,29.9,30,30,29.9,29.9,30,30,30,30.1,30,30.1,29.9,30,30,30.1,30,30.1,30.1,29.9,29.9,30,29.9,30.1,29.8,30,30.1,30.1,29.9,30.1,30,30.1,30.1,30.1,29.9,30,30,30,30,30.1,30,30,30.1,30,30,30,30,29.9,30.1,30.1,30,30,30,30,30,29.9,30,30,30,30,30,30.1,30.1,30.1,30.1,30.1,29.9,29.9,30.1,30.1,29.9,29.9,29.9,30.1,30,30,30.1,30,30.1,30,30.1,29.9
Mean,0.09988,0.09932,0.09932,0.09922,0.09922,0.09926,0.09916,0.0993,0.0992,0.09932,0.09938,0.09942,0.09948,0.09944,0.09932,0.09952,0.09942,0.09966,0.0996,0.09958,0.09948,0.09958,0.0994,0.09964,0.0996,0.09954,0.10006,0.0997,0.09976,0.10002,0.09984,0.10002,0.10002,0.10022,0.1003,0.10018,0.10044,0.10042,0.10044,0.10064,0.10058,0.10042,0.10066,0.10068,0.10092,0.10102,0.10102,0.10212,0.1011,0.10116,0.10118,0.10102,0.1012,0.10106,0.10112,0.10102,0.10126,0.10142,0.10158,0.1014,0.10168,0.10186,0.10208,0.10212,0.10216,0.10198,0.1018,0.10194,0.10212,0.1024,0.10224,0.10244,0.10224,0.10224,0.10268,0.10254,0.1027,0.10254,0.1027,0.1027,0.10312,0.10318,0.10336,0.10334,0.10328,0.10356,0.1035,0.10372,0.10416,0.10378,0.1038,0.10394,0.10398,0.10394,0.1042,0.10418
StDev,0.002823473,0.003062189,0.003201874,0.003088203,0.003149127,0.003209829,0.003098871,0.003072458,0.003075711,0.002987809,0.003016123,0.002883921,0.002857796,0.002897067,0.002980268,0.002783343,0.002786037,0.002672639,0.002732215,0.002749909,0.002780647,0.002642347,0.00276134,0.002659511,0.00261916,0.002702406,0.00264159,0.002604803,0.002631159,0.002676191,0.002646318,0.002689238,0.002665896,0.002817268,0.002888771,0.002666833,0.002976239,0.002817268,0.003084315,0.003205932,0.003016123,0.00295415,0.003294389,0.003219783,0.003508133,0.003559775,0.00362174,0.005783338,0.003888444,0.003982838,0.004158966,0.003916248,0.004020572,0.003792493,0.003966989,0.004025792,0.004242405,0.004526809,0.00495096,0.004704785,0.005237079,0.005568034,0.00608991,0.005993079,0.006171143,0.005828121,0.00560803,0.00611171,0.006071408,0.006744998,0.006295077,0.006929141,0.006375186,0.006619139,0.007367293,0.007031572,0.007367157,0.007177952,0.007444797,0.007472951,0.008250576,0.008256028,0.00885257,0.008813512,0.008850537,0.009187927,0.009334613,0.009592028,0.010419837,0.009814632,0.009582014,0.009956305,0.010079534,0.010111775,0.010613435,0.010570099
1;2,0.1027,0.1025,0.1026,0.1023,0.1024,0.1023,0.1022,0.1023,0.1023,0.1024,0.1024,0.1023,0.1024,0.1024,0.1022,0.1023,0.1022,0.1023,0.1023,0.1023,0.1022,0.1022,0.1021,0.1021,0.1021,0.1022,0.1022,0.1021,0.1022,0.1021,0.102,0.1022,0.1021,0.102,0.1021,0.1021,0.1021,0.1022,0.102,0.1021,0.1022,0.1021,0.1021,0.102,0.102,0.1022,0.1021,0.1021,0.102,0.1021,0.1019,0.102,0.102,0.1019,0.102,0.1019,0.102,0.102,0.1019,0.1019,0.1019,0.1018,0.1019,0.102,0.1018,0.1019,0.1018,0.1017,0.1019,0.1018,0.1018,0.1018,0.1019,0.1018,0.1018,0.1019,0.1018,0.1018,0.1019,0.1017,0.1018,0.1018,0.1017,0.1016,0.1016,0.1018,0.1017,0.1018,0.1018,0.1017,0.1018,0.1019,0.1017,0.1018,0.1018,0.1018
2;1,0.0977,0.0972,0.0972,0.097,0.0971,0.0971,0.097,0.0971,0.0971,0.097,0.0971,0.0971,0.0972,0.0972,0.0971,0.0971,0.097,0.0972,0.097,0.097,0.097,0.097,0.097,0.097,0.0969,0.097,0.097,0.097,0.0971,0.097,0.097,0.097,0.097,0.097,0.097,0.0971,0.0971,0.0972,0.097,0.0971,0.0973,0.0972,0.0971,0.0972,0.0973,0.0973,0.0972,0.0973,0.0972,0.0972,0.0971,0.0971,0.0972,0.0973,0.0972,0.097,0.0972,0.0972,0.0971,0.0971,0.097,0.0971,0.097,0.097,0.0971,0.097,0.0971,0.0968,0.0971,0.097,0.0971,0.097,0.097,0.097,0.0971,0.0971,0.0971,0.097,0.097,0.097,0.0971,0.0972,0.0971,0.0972,0.097,0.0971,0.097,0.0971,0.0972,0.097,0.0972,0.0971,0.0972,0.0971,0.0971,0.0971
2;2,0.1032,0.1027,0.1028,0.1027,0.1027,0.103,0.1027,0.1029,0.1027,0.1027,0.1029,0.1028,0.1028,0.1028,0.1029,0.1028,0.1027,0.1028,0.1028,0.1028,0.1028,0.1026,0.1027,0.1028,0.1026,0.1027,0.1028,0.1027,0.1028,0.1028,0.1028,0.1028,0.1029,0.1027,0.1028,0.1027,0.1027,0.1029,0.1027,0.1028,0.1029,0.1027,0.1027,0.1028,0.1028,0.1028,0.1029,0.1026,0.1029,0.1028,0.1027,0.1027,0.1028,0.1029,0.1027,0.1026,0.1028,0.1026,0.1027,0.1026,0.1026,0.1026,0.1026,0.1028,0.1026,0.1026,0.1025,0.1025,0.1027,0.1027,0.1027,0.1026,0.1027,0.1025,0.1026,0.1026,0.1027,0.1025,0.1027,0.1027,0.1027,0.1027,0.1026,0.1027,0.1026,0.1027,0.1026,0.1027,0.1027,0.1026,0.1027,0.1027,0.1027,0.1026,0.1026,0.1026
2;3,0.0983,0.098,0.0982,0.0981,0.0981,0.0981,0.098,0.0979,0.0978,0.0979,0.0978,0.0979,0.0977,0.0977,0.0977,0.0978,0.0978,0.0977,0.0977,0.0976,0.0976,0.0975,0.0974,0.0975,0.0975,0.0975,0.0976,0.0975,0.0975,0.0974,0.0973,0.0974,0.0975,0.0973,0.0973,0.0975,0.0973,0.0975,0.0972,0.0973,0.0973,0.0972,0.0972,0.0973,0.0973,0.0974,0.0974,0.0972,0.0972,0.0972,0.0972,0.0971,0.0973,0.0972,0.0972,0.0971,0.0971,0.0972,0.0971,0.097,0.0971,0.0971,0.097,0.0971,0.0971,0.0971,0.0969,0.0969,0.097,0.097,0.0971,0.0969,0.097,0.0968,0.0969,0.0969,0.0969,0.0969,0.0968,0.0969,0.0969,0.097,0.0969,0.0968,0.0968,0.0969,0.0967,0.0968,0.0969,0.0969,0.097,0.0969,0.0969,0.0968,0.0969,0.0969
3;2,0.0975,0.0962,0.0958,0.096,0.0958,0.0958,0.0959,0.0963,0.0961,0.0966,0.0967,0.097,0.0973,0.0971,0.0967,0.0976,0.0974,0.0983,0.0982,0.0982,0.0978,0.0986,0.0978,0.0988,0.0989,0.0983,0.1007,0.0992,0.0992,0.1008,0.1001,0.1007,0.1006,0.1021,0.1023,0.1015,0.103,0.1023,0.1033,0.1039,0.1032,0.1029,0.1042,0.1041,0.1052,0.1054,0.1055,0.1114,0.1062,0.1065,0.107,0.1062,0.1067,0.106,0.1065,0.1065,0.1072,0.1081,0.1091,0.1084,0.1098,0.1107,0.1119,0.1117,0.1122,0.1113,0.1107,0.1118,0.1119,0.1135,0.1125,0.1139,0.1126,0.1131,0.115,0.1142,0.115,0.1145,0.1151,0.1152,0.1171,0.1172,0.1185,0.1184,0.1184,0.1193,0.1195,0.1202,0.1222,0.1207,0.1203,0.1211,0.1214,0.1214,0.1226,0.1225
,,,,,,,,,,,,,,,,,,,,,,,,,,,,,,,,,,,,,,,,,,,,,,,,,,,,,,,,,,,,,,,,,,,,,,,,,,,,,,,,,,,,,,,,,,,,,,,,
Cycles / Well,,,,,,,,,,,,,,,,,,,,,,,,,,,,,,,,,,,,,,,,,,,,,,,,,,,,,,,,,,,,,,,,,,,,,,,,,,,,,,,,,,,,,,,,,,,,,,,,
F2,1,2,3,4,5,6,7,8,9,10,11,12,13,14,15,16,17,18,19,20,21,22,23,24,25,26,27,28,29,30,31,32,33,34,35,36,37,38,39,40,41,42,43,44,45,46,47,48,49,50,51,52,53,54,55,56,57,58,59,60,61,62,63,64,65,66,67,68,69,70,71,72,73,74,75,76,77,78,79,80,81,82,83,84,85,86,87,88,89,90,91,92,93,94,95,96
Time [s],0,1799.806,3599.729,5399.66,7199.597,8999.513,10799.458,12599.364,14399.311,16199.219,17999.129,19799.077,21599.014,23398.929,25198.853,26998.776,28798.721,30598.646,32398.579,34198.515,35998.426,37798.366,39598.295,41398.224,43198.149,44998.073,46797.997,48597.934,50397.855,52197.79,53997.709,55797.648,57597.562,59397.496,61197.415,62997.353,64797.279,66597.204,68397.129,70197.065,71996.967,73796.9,75596.814,77396.765,79196.693,80996.622,82796.528,84596.475,86396.393,88196.312,89996.248,91796.18,93596.114,95396.034,97195.966,98995.894,100795.82,102595.755,104395.67,106195.606,107995.535,109795.451,111595.395,113395.325,115195.239,116995.182,118795.096,120595.023,122394.949,124194.883,125994.805,127794.735,129594.672,131394.601,133194.53,134994.454,136794.373,138594.307,140394.225,142194.153,143994.083,145794.008,147593.92,149393.863,151193.795,152993.716,154793.66,156593.577,158393.507,160193.44,161993.355,163793.28,165593.216,167393.131,169193.06,170993.004
Temp. [°C],20,29.7,30.1,30,30,30.1,30,29.9,29.9,29.9,30,30,29.9,29.9,30.1,29.9,30,30,29.9,29.9,30,30,30,30.1,30,30.1,29.9,30,30,30.1,30,30.1,30.1,29.9,29.9,30,29.9,30.1,29.8,30,30.1,30.1,29.9,30.1,30,30.1,30.1,30.1,29.9,30,30,30,30,30.1,30,30,30.1,30,30,30,30,29.9,30.1,30.1,30,30,30,30,30,29.9,30,30,30,30,30,30.1,30.1,30.1,30.1,30.1,29.9,29.9,30.1,30.1,29.9,29.9,29.9,30.1,30,30,30.1,30,30.1,30,30.1,29.9
Mean,0.11732,0.11958,0.12258,0.12452,0.12642,0.1285,0.13036,0.13278,0.13582,0.13982,0.1449,0.15094,0.15836,0.16816,0.18036,0.19566,0.21488,0.23904,0.2677,0.30158,0.3408,0.38414,0.43378,0.48688,0.5448,0.60416,0.66678,0.72712,0.78284,0.83058,0.87028,0.9009,0.9263,0.94506,0.96036,0.97382,0.98416,0.99464,1.0027,1.01122,1.02066,1.0269,1.0327,1.04158,1.04758,1.05312,1.05636,1.06204,1.0641,1.06966,1.07446,1.07758,1.08116,1.08282,1.08466,1.08612,1.08604,1.08742,1.08722,1.08694,1.08772,1.08562,1.08664,1.08606,1.08546,1.085,1.08592,1.08358,1.08446,1.08144,1.08196,1.07996,1.07866,1.07796,1.0757,1.07582,1.07418,1.07326,1.07116,1.07108,1.06822,1.06692,1.06564,1.06524,1.06358,1.06078,1.05948,1.0599,1.05764,1.0561,1.05658,1.05486,1.05312,1.05348,1.05142,1.05076
StDev,0.001287245,0.001758408,0.001370036,0.001018332,0.001347961,0.002170253,0.002601538,0.00348382,0.004393973,0.005678644,0.007156466,0.00900572,0.010956414,0.013942489,0.017724926,0.022448118,0.028880132,0.036860521,0.046855202,0.059634864,0.073612499,0.089903799,0.107948145,0.125773117,0.145293358,0.166025625,0.183847007,0.199847634,0.214809981,0.22335986,0.227258833,0.231741602,0.233930107,0.235670698,0.237335191,0.238402448,0.239537028,0.24048722,0.240718165,0.241070492,0.241715562,0.241988987,0.242960902,0.242486395,0.243376883,0.243182621,0.244975882,0.242550094,0.244786826,0.244437933,0.245757743,0.246018367,0.245673214,0.246610679,0.247903112,0.249050832,0.250592284,0.250523346,0.251385216,0.253135701,0.253017019,0.254391877,0.254890267,0.254231161,0.254449333,0.255498669,0.255309493,0.256301106,0.255556702,0.257092343,0.256251152,0.256933772,0.256831196,0.256790027,0.258166932,0.256427957,0.256288718,0.256770516,0.256905407,0.256549258,0.255720173,0.256503844,0.255657462,0.255965863,0.255478349,0.255596121,0.256361068,0.255635209,0.256076166,0.25630832,0.254951411,0.255590235,0.254300024,0.25405981,0.253439158,0.252375718
1;2,0.118,0.1194,0.1227,0.1255,0.1286,0.1318,0.1342,0.1377,0.1418,0.1472,0.1543,0.1628,0.1729,0.1868,0.2042,0.2263,0.2547,0.2903,0.3333,0.3859,0.4452,0.5123,0.5882,0.667,0.7534,0.843,0.9295,1.0117,1.0864,1.1428,1.1846,1.2198,1.2438,1.2628,1.2793,1.2932,1.3044,1.3146,1.3223,1.3302,1.339,1.347,1.3534,1.3585,1.3656,1.3707,1.377,1.3771,1.3832,1.3872,1.3931,1.3977,1.3985,1.4023,1.4041,1.4068,1.4105,1.4115,1.4141,1.417,1.416,1.4193,1.4193,1.4186,1.4177,1.4199,1.4193,1.4192,1.418,1.4192,1.4175,1.4174,1.4181,1.4167,1.4175,1.4143,1.4123,1.4134,1.4119,1.4107,1.4072,1.4083,1.4055,1.406,1.4043,1.4033,1.4031,1.4017,1.4009,1.401,1.3973,1.3973,1.3935,1.3945,1.3909,1.3887
2;1,0.1176,0.1192,0.1225,0.1244,0.1261,0.1282,0.1302,0.1331,0.1366,0.1412,0.1466,0.1527,0.16,0.1695,0.1814,0.1958,0.2133,0.236,0.2626,0.2944,0.3312,0.3732,0.4205,0.473,0.5299,0.5888,0.6552,0.7198,0.7817,0.8367,0.8817,0.9168,0.9453,0.9674,0.9858,1,1.0126,1.0244,1.0336,1.0438,1.0525,1.0598,1.068,1.076,1.0836,1.0896,1.0952,1.0995,1.103,1.1083,1.1145,1.1161,1.1189,1.1197,1.1227,1.1257,1.128,1.1287,1.1278,1.1301,1.1298,1.128,1.1279,1.1263,1.1262,1.1251,1.1242,1.1235,1.1216,1.1209,1.1202,1.1183,1.1155,1.1127,1.1124,1.1109,1.1097,1.1083,1.1063,1.1033,1.1017,1.1007,1.1002,1.0982,1.0963,1.0949,1.0929,1.0923,1.0906,1.0894,1.0868,1.0853,1.0841,1.0828,1.0805,1.079
2;2,0.117,0.1182,0.1214,0.1238,0.1264,0.1293,0.1314,0.1341,0.1375,0.1421,0.1475,0.1543,0.1626,0.1736,0.1873,0.2046,0.2269,0.2545,0.2876,0.3263,0.3712,0.4203,0.4762,0.5357,0.6007,0.667,0.7366,0.8024,0.8643,0.9165,0.9594,0.9921,1.0223,1.0426,1.058,1.0729,1.0834,1.0951,1.1031,1.1122,1.1241,1.1281,1.1336,1.1464,1.1521,1.1574,1.1593,1.1681,1.1684,1.1753,1.1807,1.1835,1.1904,1.1917,1.1958,1.197,1.1944,1.1964,1.1943,1.1926,1.1962,1.1905,1.1941,1.1933,1.1934,1.1922,1.1959,1.1922,1.1952,1.1891,1.1916,1.1883,1.185,1.1865,1.1817,1.1838,1.182,1.1796,1.1769,1.1794,1.1748,1.1717,1.1701,1.1702,1.168,1.162,1.1608,1.1629,1.159,1.1559,1.1612,1.1583,1.1564,1.1564,1.1554,1.155
2;3,0.1153,0.1185,0.1215,0.1233,0.1249,0.1266,0.1282,0.1302,0.1327,0.1361,0.1406,0.146,0.1526,0.1616,0.1726,0.186,0.2028,0.2235,0.2478,0.2758,0.3092,0.3443,0.3864,0.43,0.4767,0.5244,0.5758,0.6247,0.6687,0.7089,0.7455,0.771,0.7966,0.8141,0.828,0.8409,0.8496,0.8608,0.8693,0.8773,0.8881,0.8928,0.8977,0.9098,0.9143,0.92,0.9206,0.9283,0.9294,0.9359,0.9397,0.9428,0.9479,0.9496,0.9508,0.9516,0.9479,0.9501,0.9505,0.9467,0.9486,0.9428,0.9462,0.9451,0.9441,0.9429,0.9452,0.9403,0.9449,0.938,0.9396,0.9374,0.9361,0.9366,0.933,0.9341,0.9325,0.9314,0.9291,0.9307,0.9273,0.9253,0.9241,0.9241,0.9217,0.9178,0.9178,0.9189,0.9165,0.9133,0.9162,0.9141,0.9121,0.9129,0.911,0.9111
3;2,0.1187,0.1226,0.1248,0.1256,0.1261,0.1266,0.1278,0.1288,0.1305,0.1325,0.1355,0.1389,0.1437,0.1493,0.1563,0.1656,0.1767,0.1909,0.2072,0.2255,0.2472,0.2706,0.2976,0.3287,0.3633,0.3976,0.4368,0.477,0.5131,0.548,0.5802,0.6048,0.6235,0.6384,0.6507,0.6621,0.6708,0.6783,0.6852,0.6926,0.6996,0.7068,0.7108,0.7172,0.7223,0.7279,0.7297,0.7372,0.7365,0.7416,0.7443,0.7478,0.7501,0.7508,0.7499,0.7495,0.7494,0.7504,0.7494,0.7483,0.748,0.7475,0.7457,0.747,0.7459,0.7449,0.745,0.7427,0.7426,0.74,0.7409,0.7384,0.7386,0.7373,0.7339,0.736,0.7344,0.7336,0.7316,0.7313,0.7301,0.7286,0.7283,0.7277,0.7276,0.7259,0.7228,0.7237,0.7212,0.7209,0.7214,0.7193,0.7195,0.7208,0.7193,0.72
,,,,,,,,,,,,,,,,,,,,,,,,,,,,,,,,,,,,,,,,,,,,,,,,,,,,,,,,,,,,,,,,,,,,,,,,,,,,,,,,,,,,,,,,,,,,,,,,
Cycles / Well,,,,,,,,,,,,,,,,,,,,,,,,,,,,,,,,,,,,,,,,,,,,,,,,,,,,,,,,,,,,,,,,,,,,,,,,,,,,,,,,,,,,,,,,,,,,,,,,
F3,1,2,3,4,5,6,7,8,9,10,11,12,13,14,15,16,17,18,19,20,21,22,23,24,25,26,27,28,29,30,31,32,33,34,35,36,37,38,39,40,41,42,43,44,45,46,47,48,49,50,51,52,53,54,55,56,57,58,59,60,61,62,63,64,65,66,67,68,69,70,71,72,73,74,75,76,77,78,79,80,81,82,83,84,85,86,87,88,89,90,91,92,93,94,95,96
Time [s],0,1799.806,3599.729,5399.66,7199.597,8999.513,10799.458,12599.364,14399.311,16199.219,17999.129,19799.077,21599.014,23398.929,25198.853,26998.776,28798.721,30598.646,32398.579,34198.515,35998.426,37798.366,39598.295,41398.224,43198.149,44998.073,46797.997,48597.934,50397.855,52197.79,53997.709,55797.648,57597.562,59397.496,61197.415,62997.353,64797.279,66597.204,68397.129,70197.065,71996.967,73796.9,75596.814,77396.765,79196.693,80996.622,82796.528,84596.475,86396.393,88196.312,89996.248,91796.18,93596.114,95396.034,97195.966,98995.894,100795.82,102595.755,104395.67,106195.606,107995.535,109795.451,111595.395,113395.325,115195.239,116995.182,118795.096,120595.023,122394.949,124194.883,125994.805,127794.735,129594.672,131394.601,133194.53,134994.454,136794.373,138594.307,140394.225,142194.153,143994.083,145794.008,147593.92,149393.863,151193.795,152993.716,154793.66,156593.577,158393.507,160193.44,161993.355,163793.28,165593.216,167393.131,169193.06,170993.004
Temp. [°C],20,29.7,30.1,30,30,30.1,30,29.9,29.9,29.9,30,30,29.9,29.9,30.1,29.9,30,30,29.9,29.9,30,30,30,30.1,30,30.1,29.9,30,30,30.1,30,30.1,30.1,29.9,29.9,30,29.9,30.1,29.8,30,30.1,30.1,29.9,30.1,30,30.1,30.1,30.1,29.9,30,30,30,30,30.1,30,30,30.1,30,30,30,30,29.9,30.1,30.1,30,30,30,30,30,29.9,30,30,30,30,30,30.1,30.1,30.1,30.1,30.1,29.9,29.9,30.1,30.1,29.9,29.9,29.9,30.1,30,30,30.1,30,30.1,30,30.1,29.9
Mean,0.12538,0.12554,0.12826,0.13042,0.13226,0.1337,0.13542,0.13792,0.1403,0.14386,0.14816,0.1534,0.15994,0.1677,0.17744,0.18978,0.20538,0.2248,0.24902,0.27846,0.31518,0.36058,0.41668,0.48242,0.5547,0.63584,0.72344,0.80742,0.88096,0.93996,0.9851,1.0182,1.04282,1.06308,1.08004,1.09368,1.10638,1.1175,1.12654,1.13596,1.1426,1.14568,1.14936,1.15394,1.16112,1.1662,1.1714,1.17776,1.18194,1.18596,1.18974,1.19448,1.19698,1.20142,1.20484,1.20834,1.211,1.21316,1.2159,1.21762,1.2196,1.22196,1.2222,1.22406,1.2245,1.22542,1.22648,1.22716,1.22748,1.22878,1.2292,1.22986,1.23036,1.2304,1.23104,1.23088,1.2311,1.231,1.23176,1.23212,1.232,1.23278,1.233,1.23238,1.23234,1.2322,1.23228,1.23226,1.23156,1.23188,1.2311,1.23078,1.23034,1.23078,1.23008,1.23032
StDev,0.006106308,0.008045061,0.007871658,0.007964421,0.007688498,0.007308899,0.007496466,0.007985424,0.007757255,0.008282391,0.008310716,0.009231739,0.009606144,0.00970438,0.010206273,0.011477674,0.012802617,0.014882708,0.017602755,0.021384293,0.025984553,0.032005734,0.038756058,0.046120353,0.05239895,0.05800175,0.062075583,0.063772227,0.063534424,0.061607857,0.060010166,0.059419736,0.057565024,0.05649484,0.057290645,0.056238617,0.055440842,0.055179616,0.055300705,0.054770457,0.054525178,0.053443447,0.054053659,0.054758086,0.054691562,0.053836094,0.054066811,0.054689332,0.055400839,0.054964652,0.055182814,0.055619214,0.055499027,0.055557646,0.056765993,0.056247649,0.056267442,0.056240581,0.055821277,0.055755556,0.055831846,0.055317384,0.05563897,0.055347069,0.055828129,0.055632517,0.055730979,0.055759959,0.05637887,0.056292868,0.056183405,0.056672198,0.056445664,0.056457728,0.056808256,0.057128907,0.056869456,0.057382619,0.057137798,0.057458698,0.057451327,0.05739858,0.05812022,0.057804732,0.057625715,0.057246092,0.058122345,0.057759614,0.057611917,0.057780334,0.058082441,0.057959702,0.05777052,0.058378481,0.058446146,0.057977815
1;2,0.1213,0.1186,0.1213,0.1235,0.1257,0.1272,0.1288,0.131,0.1337,0.1372,0.1416,0.1467,0.1533,0.1619,0.1718,0.1847,0.2005,0.2201,0.2456,0.2756,0.3144,0.3601,0.4181,0.4832,0.5587,0.6438,0.7339,0.8197,0.8936,0.9531,0.9989,1.0323,1.0578,1.0787,1.0962,1.1103,1.1228,1.1355,1.1442,1.1522,1.1587,1.1631,1.1659,1.1715,1.1782,1.1835,1.1884,1.1946,1.1996,1.202,1.2073,1.212,1.214,1.2181,1.2218,1.2266,1.2281,1.2305,1.2341,1.2368,1.2375,1.2397,1.2396,1.2412,1.2413,1.2442,1.2449,1.2446,1.2452,1.2463,1.247,1.2476,1.2491,1.2493,1.2499,1.2494,1.249,1.2493,1.2507,1.2505,1.2496,1.2507,1.2517,1.2507,1.2503,1.2504,1.2498,1.2496,1.248,1.2505,1.249,1.2491,1.2479,1.2484,1.247,1.2473
2;1,0.1258,0.1269,0.1296,0.1312,0.1326,0.1342,0.1357,0.138,0.1399,0.143,0.1468,0.1505,0.1562,0.1618,0.1699,0.1796,0.1925,0.2081,0.2266,0.2494,0.2781,0.3144,0.3597,0.4149,0.4764,0.5477,0.6275,0.7076,0.7808,0.8421,0.8891,0.9225,0.9496,0.9716,0.9865,1.0017,1.0155,1.0268,1.0358,1.0464,1.0532,1.058,1.0607,1.0641,1.0712,1.0778,1.0826,1.0877,1.0906,1.0958,1.0989,1.1025,1.1057,1.11,1.1111,1.1154,1.1179,1.1205,1.1236,1.1248,1.1272,1.1304,1.1303,1.1324,1.1321,1.1333,1.1343,1.1347,1.1342,1.1355,1.1363,1.1361,1.137,1.1366,1.1368,1.1363,1.1369,1.1358,1.137,1.1369,1.1367,1.1373,1.1363,1.1364,1.1367,1.1369,1.1358,1.1365,1.1363,1.136,1.1351,1.1347,1.1347,1.1341,1.1335,1.1346
2;2,0.1234,0.1219,0.1247,0.1268,0.1289,0.1307,0.1323,0.1344,0.1368,0.14,0.144,0.1488,0.155,0.1626,0.1721,0.1837,0.1988,0.2174,0.2411,0.2698,0.3047,0.3479,0.4016,0.4643,0.5348,0.6144,0.7027,0.7882,0.8635,0.9247,0.9713,1.0064,1.032,1.0527,1.0711,1.0857,1.0988,1.1102,1.1193,1.1291,1.1362,1.1391,1.1428,1.1475,1.1549,1.1597,1.1654,1.1725,1.1761,1.1804,1.1841,1.1894,1.1914,1.1962,1.2005,1.2034,1.2072,1.2082,1.2112,1.2141,1.2154,1.2179,1.2178,1.2202,1.2207,1.2215,1.2221,1.2236,1.2233,1.225,1.2252,1.2258,1.2258,1.2265,1.2269,1.2265,1.2271,1.2272,1.2279,1.2282,1.2288,1.2296,1.2296,1.2287,1.2288,1.2293,1.2289,1.2283,1.2276,1.2278,1.2268,1.2265,1.2264,1.2265,1.2257,1.2257
2;3,0.1207,0.1214,0.1244,0.1268,0.1288,0.1304,0.1322,0.1347,0.1375,0.1409,0.1458,0.1514,0.1584,0.1677,0.1787,0.1923,0.2096,0.2316,0.2591,0.2925,0.3345,0.3856,0.4477,0.5217,0.6006,0.6876,0.7803,0.8673,0.9418,1,1.0431,1.0764,1.0987,1.119,1.1357,1.1491,1.1605,1.1712,1.181,1.1911,1.197,1.1989,1.2031,1.2087,1.2152,1.2196,1.2254,1.2322,1.2363,1.2415,1.2446,1.2487,1.2524,1.257,1.2613,1.2638,1.2668,1.2694,1.2709,1.2714,1.2747,1.2766,1.2775,1.2786,1.2797,1.2805,1.2816,1.282,1.2832,1.2842,1.2851,1.286,1.2861,1.2852,1.2865,1.2871,1.2871,1.2872,1.2879,1.2887,1.2887,1.2885,1.2893,1.2888,1.2888,1.2878,1.2892,1.2887,1.2886,1.2882,1.2888,1.2874,1.2874,1.288,1.2879,1.2878
3;2,0.1357,0.1389,0.1413,0.1438,0.1453,0.146,0.1481,0.1515,0.1536,0.1582,0.1626,0.1696,0.1768,0.1845,0.1947,0.2086,0.2255,0.2468,0.2727,0.305,0.3442,0.3949,0.4563,0.528,0.603,0.6857,0.7728,0.8543,0.9251,0.9799,1.0231,1.0534,1.076,1.0934,1.1107,1.1216,1.1343,1.1438,1.1524,1.161,1.1679,1.1693,1.1743,1.1779,1.1861,1.1904,1.1952,1.2018,1.2071,1.2101,1.2138,1.2198,1.2214,1.2258,1.2295,1.2325,1.235,1.2372,1.2397,1.241,1.2432,1.2452,1.2458,1.2479,1.2487,1.2476,1.2495,1.2509,1.2515,1.2529,1.2524,1.2538,1.2538,1.2544,1.2551,1.2551,1.2554,1.2555,1.2553,1.2563,1.2562,1.2578,1.2581,1.2573,1.2571,1.2566,1.2577,1.2582,1.2573,1.2569,1.2558,1.2562,1.2553,1.2569,1.2563,1.2562
,,,,,,,,,,,,,,,,,,,,,,,,,,,,,,,,,,,,,,,,,,,,,,,,,,,,,,,,,,,,,,,,,,,,,,,,,,,,,,,,,,,,,,,,,,,,,,,,
Cycles / Well,,,,,,,,,,,,,,,,,,,,,,,,,,,,,,,,,,,,,,,,,,,,,,,,,,,,,,,,,,,,,,,,,,,,,,,,,,,,,,,,,,,,,,,,,,,,,,,,
F4,1,2,3,4,5,6,7,8,9,10,11,12,13,14,15,16,17,18,19,20,21,22,23,24,25,26,27,28,29,30,31,32,33,34,35,36,37,38,39,40,41,42,43,44,45,46,47,48,49,50,51,52,53,54,55,56,57,58,59,60,61,62,63,64,65,66,67,68,69,70,71,72,73,74,75,76,77,78,79,80,81,82,83,84,85,86,87,88,89,90,91,92,93,94,95,96
Time [s],0,1799.806,3599.729,5399.66,7199.597,8999.513,10799.458,12599.364,14399.311,16199.219,17999.129,19799.077,21599.014,23398.929,25198.853,26998.776,28798.721,30598.646,32398.579,34198.515,35998.426,37798.366,39598.295,41398.224,43198.149,44998.073,46797.997,48597.934,50397.855,52197.79,53997.709,55797.648,57597.562,59397.496,61197.415,62997.353,64797.279,66597.204,68397.129,70197.065,71996.967,73796.9,75596.814,77396.765,79196.693,80996.622,82796.528,84596.475,86396.393,88196.312,89996.248,91796.18,93596.114,95396.034,97195.966,98995.894,100795.82,102595.755,104395.67,106195.606,107995.535,109795.451,111595.395,113395.325,115195.239,116995.182,118795.096,120595.023,122394.949,124194.883,125994.805,127794.735,129594.672,131394.601,133194.53,134994.454,136794.373,138594.307,140394.225,142194.153,143994.083,145794.008,147593.92,149393.863,151193.795,152993.716,154793.66,156593.577,158393.507,160193.44,161993.355,163793.28,165593.216,167393.131,169193.06,170993.004
Temp. [°C],20,29.7,30.1,30,30,30.1,30,29.9,29.9,29.9,30,30,29.9,29.9,30.1,29.9,30,30,29.9,29.9,30,30,30,30.1,30,30.1,29.9,30,30,30.1,30,30.1,30.1,29.9,29.9,30,29.9,30.1,29.8,30,30.1,30.1,29.9,30.1,30,30.1,30.1,30.1,29.9,30,30,30,30,30.1,30,30,30.1,30,30,30,30,29.9,30.1,30.1,30,30,30,30,30,29.9,30,30,30,30,30,30.1,30.1,30.1,30.1,30.1,29.9,29.9,30.1,30.1,29.9,29.9,29.9,30.1,30,30,30.1,30,30.1,30,30.1,29.9
Mean,0.12744,0.12558,0.1298,0.1328,0.13476,0.13628,0.13674,0.13748,0.13778,0.13852,0.13928,0.14028,0.14124,0.14184,0.14282,0.14424,0.14516,0.1466,0.14772,0.1488,0.15012,0.15136,0.15258,0.1538,0.15486,0.15608,0.15734,0.15858,0.15996,0.16144,0.16264,0.1641,0.1652,0.16676,0.16836,0.16992,0.1716,0.17344,0.17474,0.17682,0.17884,0.1807,0.1827,0.18456,0.18692,0.18928,0.192,0.19498,0.19682,0.19956,0.20226,0.20496,0.20784,0.21068,0.21422,0.2176,0.2217,0.2253,0.2297,0.2337,0.23756,0.24264,0.24784,0.25298,0.25892,0.26526,0.27212,0.2795,0.28778,0.2975,0.30682,0.31738,0.32872,0.34006,0.35348,0.367,0.38374,0.40264,0.421,0.44118,0.46372,0.49018,0.51676,0.54658,0.57796,0.61256,0.64914,0.68382,0.71756,0.74988,0.77482,0.80062,0.8204,0.84064,0.85982,0.8779
StDev,0.006738546,0.00679095,0.006438944,0.006521503,0.006135389,0.00584226,0.005992328,0.006450736,0.006389992,0.006645073,0.006464287,0.00696972,0.007182479,0.006778127,0.006871827,0.007301233,0.007164007,0.007558108,0.007539695,0.007557777,0.007663028,0.007846528,0.008017917,0.008240449,0.008297469,0.008392377,0.00880954,0.008819694,0.009015709,0.009205596,0.009469055,0.009747307,0.009873196,0.01016971,0.010452894,0.010669208,0.010913753,0.010910912,0.011584386,0.011867477,0.012264909,0.012550299,0.012764991,0.01306036,0.013238844,0.013643203,0.014115063,0.014969703,0.015212725,0.015975074,0.016511299,0.017017432,0.017725772,0.018433041,0.019297072,0.019980365,0.020759456,0.021930344,0.02321885,0.024569392,0.026207213,0.027225595,0.028461342,0.030173946,0.032309704,0.03426504,0.036656609,0.039444772,0.042955873,0.046572148,0.050742113,0.055491684,0.060172228,0.065642692,0.070856101,0.077620197,0.085163449,0.092888794,0.100473653,0.10973576,0.119367676,0.129271254,0.141014638,0.153079643,0.167035873,0.179384832,0.194112501,0.206288868,0.216828211,0.226589457,0.234154932,0.240794823,0.246689511,0.251707415,0.257756682,0.262992661
1;2,0.1213,0.119,0.123,0.1261,0.1288,0.1308,0.1312,0.1315,0.1316,0.1324,0.1332,0.134,0.1349,0.1359,0.137,0.1381,0.1391,0.1406,0.1418,0.1429,0.1443,0.1455,0.1467,0.1478,0.149,0.1501,0.1512,0.1524,0.1538,0.1553,0.1562,0.1574,0.1586,0.16,0.1614,0.1626,0.1643,0.1659,0.1668,0.1688,0.1708,0.1724,0.1741,0.1755,0.1773,0.1794,0.182,0.1837,0.1857,0.1874,0.1895,0.1917,0.1942,0.1969,0.1999,0.2024,0.2058,0.2086,0.2121,0.2146,0.2175,0.222,0.2261,0.2293,0.2334,0.2385,0.2433,0.2482,0.2539,0.2611,0.2674,0.2744,0.2825,0.2894,0.2993,0.3075,0.3187,0.3315,0.3439,0.3575,0.3717,0.3909,0.4087,0.43,0.4507,0.4755,0.5027,0.5303,0.5564,0.5833,0.6051,0.6296,0.6451,0.6666,0.6814,0.6971
2;1,0.127,0.1243,0.1274,0.1296,0.1305,0.1311,0.131,0.1313,0.1316,0.1318,0.1326,0.133,0.1335,0.134,0.1346,0.1355,0.1364,0.1371,0.138,0.1389,0.1399,0.1407,0.1415,0.1424,0.1432,0.1443,0.1449,0.1461,0.1471,0.1482,0.1491,0.1502,0.151,0.1521,0.1533,0.1547,0.1559,0.1579,0.1582,0.1598,0.1611,0.1626,0.1644,0.166,0.1684,0.1702,0.1721,0.1743,0.1756,0.1776,0.1797,0.1818,0.1836,0.1852,0.1875,0.1902,0.1933,0.1952,0.1977,0.2002,0.2017,0.2052,0.2089,0.2122,0.2155,0.2191,0.223,0.227,0.2306,0.2355,0.2396,0.2441,0.2492,0.2542,0.261,0.2666,0.2741,0.2835,0.2928,0.3021,0.3131,0.3278,0.3405,0.3553,0.3707,0.3905,0.4092,0.4285,0.4501,0.4698,0.485,0.5007,0.5136,0.5253,0.5374,0.5483
2;2,0.1255,0.1235,0.1286,0.1321,0.1349,0.1375,0.1382,0.1389,0.1395,0.1401,0.1412,0.1421,0.1431,0.1442,0.1454,0.1469,0.148,0.1496,0.1509,0.1522,0.1537,0.1553,0.1571,0.1583,0.1597,0.1611,0.1624,0.164,0.1654,0.1672,0.1686,0.1704,0.1716,0.1737,0.1754,0.1773,0.1792,0.1813,0.183,0.1855,0.1877,0.19,0.1923,0.1941,0.1966,0.1993,0.2024,0.2049,0.2075,0.2109,0.2141,0.2176,0.2207,0.224,0.2283,0.2319,0.2373,0.2414,0.2462,0.2505,0.2542,0.2599,0.2645,0.2702,0.2762,0.2828,0.2901,0.2978,0.307,0.317,0.3257,0.3367,0.3488,0.3593,0.372,0.3848,0.4008,0.4202,0.4383,0.4562,0.4803,0.5053,0.5305,0.5599,0.589,0.624,0.6573,0.6894,0.721,0.7515,0.7732,0.7971,0.816,0.8332,0.8513,0.8685
2;3,0.1245,0.124,0.1296,0.1327,0.135,0.1369,0.1378,0.1388,0.1394,0.1404,0.1413,0.1423,0.1436,0.1447,0.1458,0.1474,0.1487,0.1501,0.1517,0.1531,0.1546,0.1563,0.1578,0.1592,0.1604,0.1618,0.1634,0.1649,0.1667,0.1681,0.1695,0.1713,0.1726,0.1742,0.176,0.1781,0.1797,0.1814,0.1833,0.1853,0.1879,0.1899,0.1921,0.1944,0.197,0.2,0.2029,0.2057,0.2089,0.2121,0.2152,0.2182,0.2219,0.2254,0.2298,0.234,0.2382,0.2427,0.2474,0.2531,0.2595,0.2648,0.2714,0.2783,0.2865,0.295,0.3044,0.3142,0.3263,0.3396,0.3538,0.3696,0.3859,0.4037,0.4221,0.4438,0.4674,0.4931,0.5188,0.5481,0.5794,0.6141,0.6516,0.6942,0.742,0.7913,0.8457,0.8933,0.9388,0.9809,1.0148,1.0468,1.0738,1.0997,1.1237,1.1465
3;2,0.1389,0.1371,0.1404,0.1435,0.1446,0.1451,0.1455,0.1469,0.1468,0.1479,0.1481,0.15,0.1511,0.1504,0.1513,0.1533,0.1536,0.1556,0.1562,0.1569,0.1581,0.159,0.1598,0.1613,0.162,0.1631,0.1648,0.1655,0.1668,0.1684,0.1698,0.1712,0.1722,0.1738,0.1757,0.1769,0.1789,0.1807,0.1824,0.1847,0.1867,0.1886,0.1906,0.1928,0.1953,0.1975,0.2006,0.2063,0.2064,0.2098,0.2128,0.2155,0.2188,0.2219,0.2256,0.2295,0.2339,0.2386,0.2451,0.2501,0.2549,0.2613,0.2683,0.2749,0.283,0.2909,0.2998,0.3103,0.3211,0.3343,0.3476,0.3621,0.3772,0.3937,0.413,0.4323,0.4577,0.4849,0.5112,0.542,0.5741,0.6128,0.6525,0.6935,0.7374,0.7815,0.8308,0.8776,0.9215,0.9639,0.996,1.0289,1.0535,1.0784,1.1053,1.1291
,,,,,,,,,,,,,,,,,,,,,,,,,,,,,,,,,,,,,,,,,,,,,,,,,,,,,,,,,,,,,,,,,,,,,,,,,,,,,,,,,,,,,,,,,,,,,,,,
Cycles / Well,,,,,,,,,,,,,,,,,,,,,,,,,,,,,,,,,,,,,,,,,,,,,,,,,,,,,,,,,,,,,,,,,,,,,,,,,,,,,,,,,,,,,,,,,,,,,,,,
F5,1,2,3,4,5,6,7,8,9,10,11,12,13,14,15,16,17,18,19,20,21,22,23,24,25,26,27,28,29,30,31,32,33,34,35,36,37,38,39,40,41,42,43,44,45,46,47,48,49,50,51,52,53,54,55,56,57,58,59,60,61,62,63,64,65,66,67,68,69,70,71,72,73,74,75,76,77,78,79,80,81,82,83,84,85,86,87,88,89,90,91,92,93,94,95,96
Time [s],0,1799.806,3599.729,5399.66,7199.597,8999.513,10799.458,12599.364,14399.311,16199.219,17999.129,19799.077,21599.014,23398.929,25198.853,26998.776,28798.721,30598.646,32398.579,34198.515,35998.426,37798.366,39598.295,41398.224,43198.149,44998.073,46797.997,48597.934,50397.855,52197.79,53997.709,55797.648,57597.562,59397.496,61197.415,62997.353,64797.279,66597.204,68397.129,70197.065,71996.967,73796.9,75596.814,77396.765,79196.693,80996.622,82796.528,84596.475,86396.393,88196.312,89996.248,91796.18,93596.114,95396.034,97195.966,98995.894,100795.82,102595.755,104395.67,106195.606,107995.535,109795.451,111595.395,113395.325,115195.239,116995.182,118795.096,120595.023,122394.949,124194.883,125994.805,127794.735,129594.672,131394.601,133194.53,134994.454,136794.373,138594.307,140394.225,142194.153,143994.083,145794.008,147593.92,149393.863,151193.795,152993.716,154793.66,156593.577,158393.507,160193.44,161993.355,163793.28,165593.216,167393.131,169193.06,170993.004
Temp. [°C],20,29.7,30.1,30,30,30.1,30,29.9,29.9,29.9,30,30,29.9,29.9,30.1,29.9,30,30,29.9,29.9,30,30,30,30.1,30,30.1,29.9,30,30,30.1,30,30.1,30.1,29.9,29.9,30,29.9,30.1,29.8,30,30.1,30.1,29.9,30.1,30,30.1,30.1,30.1,29.9,30,30,30,30,30.1,30,30,30.1,30,30,30,30,29.9,30.1,30.1,30,30,30,30,30,29.9,30,30,30,30,30,30.1,30.1,30.1,30.1,30.1,29.9,29.9,30.1,30.1,29.9,29.9,29.9,30.1,30,30,30.1,30,30.1,30,30.1,29.9
Mean,0.12542,0.12226,0.12554,0.12732,0.12866,0.12988,0.1304,0.13122,0.13176,0.1327,0.13384,0.13508,0.13662,0.13826,0.13994,0.14232,0.1446,0.14724,0.14988,0.15274,0.15618,0.15932,0.16308,0.1673,0.17196,0.17678,0.18198,0.18806,0.19482,0.20142,0.20906,0.21812,0.22716,0.2378,0.24992,0.26358,0.27902,0.29468,0.31284,0.33148,0.35268,0.37604,0.4025,0.4294,0.45862,0.49212,0.52934,0.56696,0.6037,0.6394,0.6732,0.69846,0.72336,0.74516,0.76396,0.77964,0.79354,0.80594,0.81962,0.83358,0.8476,0.8572,0.86758,0.8778,0.8897,0.9029,0.91192,0.92232,0.93092,0.93732,0.93996,0.94396,0.94734,0.9496,0.9528,0.95404,0.95424,0.95524,0.95672,0.9563,0.95638,0.95832,0.95816,0.95792,0.95742,0.95752,0.95688,0.9568,0.95646,0.95614,0.95564,0.95626,0.95452,0.95396,0.95294,0.95156
StDev,0.003408372,0.004368409,0.004128922,0.003487406,0.00286932,0.002587856,0.002427962,0.002460081,0.002423427,0.002478911,0.002458251,0.002633819,0.002833196,0.002853594,0.003001333,0.00345789,0.003368976,0.0037514,0.003936623,0.004107676,0.004146927,0.004197261,0.004386,0.00470319,0.004959133,0.005485162,0.00621466,0.006942838,0.008019165,0.009283695,0.010669958,0.012484871,0.014604383,0.017301301,0.020390733,0.023660135,0.027255495,0.031333401,0.036046817,0.041532782,0.046931248,0.052095662,0.057926289,0.065157655,0.071857199,0.079718988,0.08767949,0.093972485,0.101673276,0.107818853,0.112037114,0.114712414,0.118062136,0.120224636,0.121228144,0.123368363,0.124682469,0.125710055,0.126452904,0.128093177,0.129632461,0.129586342,0.131342918,0.131887983,0.132905117,0.132895128,0.133975677,0.134312107,0.135459448,0.134536415,0.135574105,0.135991573,0.135338328,0.135854205,0.135802007,0.136140306,0.135889249,0.136254204,0.135876606,0.136544773,0.135181127,0.135274543,0.135499476,0.134694755,0.134717527,0.134199393,0.13470435,0.135164825,0.134824119,0.135072029,0.135729429,0.136089173,0.134685604,0.136086895,0.135465228,0.135238818
1;2,0.1221,0.1187,0.122,0.1243,0.1267,0.1281,0.1289,0.1295,0.1302,0.1311,0.1322,0.1335,0.135,0.1369,0.1386,0.1409,0.1433,0.1459,0.1486,0.1518,0.1554,0.1588,0.1629,0.1674,0.1725,0.1782,0.184,0.1907,0.1983,0.2059,0.2155,0.2268,0.2381,0.2518,0.2665,0.2824,0.3018,0.3203,0.341,0.3628,0.387,0.4131,0.4417,0.4712,0.5013,0.5382,0.5787,0.6194,0.6574,0.6959,0.7311,0.7576,0.781,0.8028,0.8246,0.8443,0.8612,0.8733,0.8886,0.9054,0.9184,0.9287,0.9394,0.95,0.9636,0.976,0.9859,0.9953,1.001,1.012,1.0135,1.0181,1.022,1.024,1.03,1.0295,1.0298,1.0303,1.0301,1.0309,1.0285,1.0331,1.0319,1.032,1.031,1.0306,1.0312,1.0303,1.0301,1.0313,1.0298,1.0315,1.0275,1.0294,1.0244,1.0225
2;1,0.1282,0.1255,0.1288,0.1303,0.1312,0.132,0.1321,0.1329,0.1332,0.1338,0.1345,0.1354,0.1365,0.1376,0.1386,0.1402,0.1422,0.144,0.146,0.1483,0.1513,0.1539,0.157,0.1606,0.1643,0.1677,0.1714,0.176,0.1808,0.1851,0.1905,0.1967,0.2027,0.2095,0.2168,0.2255,0.2356,0.2455,0.2566,0.2675,0.2805,0.2965,0.3143,0.3305,0.3498,0.3715,0.397,0.4251,0.4499,0.4764,0.502,0.5224,0.5407,0.558,0.5745,0.5865,0.5984,0.6088,0.6212,0.632,0.6428,0.6518,0.6596,0.669,0.6784,0.6907,0.6987,0.708,0.7145,0.7219,0.7233,0.7257,0.7297,0.7315,0.735,0.736,0.7362,0.7371,0.7386,0.7375,0.7391,0.7409,0.7401,0.7415,0.7412,0.7418,0.7407,0.74,0.7403,0.7397,0.7383,0.7379,0.7381,0.7354,0.7352,0.7339
2;2,0.1252,0.1198,0.1232,0.1257,0.1275,0.1292,0.1298,0.1307,0.1313,0.1321,0.1334,0.1345,0.1361,0.1377,0.1395,0.1418,0.1441,0.1468,0.1496,0.1524,0.1559,0.1592,0.1631,0.1672,0.1722,0.1773,0.1827,0.1891,0.1957,0.2026,0.2099,0.2191,0.228,0.2388,0.2509,0.265,0.281,0.2967,0.3151,0.3339,0.3559,0.3801,0.4066,0.4339,0.4639,0.4981,0.5361,0.5721,0.6114,0.6484,0.6835,0.709,0.7351,0.7572,0.777,0.7918,0.8065,0.818,0.8317,0.8476,0.8621,0.8695,0.8794,0.8892,0.9016,0.9159,0.9244,0.9355,0.9441,0.9511,0.9535,0.9571,0.9612,0.9629,0.9667,0.968,0.9686,0.9697,0.9725,0.9706,0.9729,0.9732,0.975,0.9738,0.9729,0.9737,0.9731,0.9729,0.9732,0.9724,0.9723,0.9731,0.9728,0.9699,0.97,0.9682
2;3,0.1221,0.119,0.1226,0.1245,0.1257,0.127,0.1276,0.1285,0.129,0.1301,0.1314,0.1326,0.1341,0.1359,0.1378,0.1403,0.1429,0.1458,0.1487,0.1517,0.1555,0.159,0.163,0.1674,0.1726,0.1781,0.184,0.1908,0.1989,0.207,0.2163,0.2271,0.2387,0.2519,0.2669,0.2842,0.3023,0.323,0.347,0.3727,0.4001,0.4299,0.4642,0.5007,0.5396,0.5828,0.6301,0.6757,0.7223,0.7653,0.8026,0.8303,0.8591,0.8827,0.9004,0.9168,0.9308,0.9446,0.9583,0.9719,0.9877,0.9965,1.0095,1.0204,1.0316,1.0439,1.0549,1.0655,1.0769,1.0788,1.0841,1.0872,1.0887,1.0924,1.0941,1.0972,1.0964,1.0988,1.0997,1.1003,1.0986,1.0995,1.0995,1.0986,1.0988,1.0979,1.0977,1.0989,1.098,1.0974,1.0985,1.0984,1.0953,1.0959,1.0958,1.0941
3;2,0.1295,0.1283,0.1311,0.1318,0.1322,0.1331,0.1336,0.1345,0.1351,0.1364,0.1377,0.1394,0.1414,0.1432,0.1452,0.1484,0.1505,0.1537,0.1565,0.1595,0.1628,0.1657,0.1694,0.1739,0.1782,0.1826,0.1878,0.1937,0.2004,0.2065,0.2131,0.2209,0.2283,0.237,0.2485,0.2608,0.2744,0.2879,0.3045,0.3205,0.3399,0.3606,0.3857,0.4107,0.4385,0.47,0.5048,0.5425,0.5775,0.611,0.6468,0.673,0.7009,0.7251,0.7433,0.7588,0.7708,0.785,0.7983,0.811,0.827,0.8395,0.85,0.8604,0.8733,0.888,0.8957,0.9073,0.9181,0.9228,0.9254,0.9317,0.9351,0.9372,0.9382,0.9395,0.9402,0.9403,0.9427,0.9422,0.9428,0.9449,0.9443,0.9437,0.9432,0.9436,0.9417,0.9419,0.9407,0.9399,0.9393,0.9404,0.9389,0.9392,0.9393,0.9391
,,,,,,,,,,,,,,,,,,,,,,,,,,,,,,,,,,,,,,,,,,,,,,,,,,,,,,,,,,,,,,,,,,,,,,,,,,,,,,,,,,,,,,,,,,,,,,,,
Cycles / Well,,,,,,,,,,,,,,,,,,,,,,,,,,,,,,,,,,,,,,,,,,,,,,,,,,,,,,,,,,,,,,,,,,,,,,,,,,,,,,,,,,,,,,,,,,,,,,,,
F6,1,2,3,4,5,6,7,8,9,10,11,12,13,14,15,16,17,18,19,20,21,22,23,24,25,26,27,28,29,30,31,32,33,34,35,36,37,38,39,40,41,42,43,44,45,46,47,48,49,50,51,52,53,54,55,56,57,58,59,60,61,62,63,64,65,66,67,68,69,70,71,72,73,74,75,76,77,78,79,80,81,82,83,84,85,86,87,88,89,90,91,92,93,94,95,96
Time [s],0,1799.806,3599.729,5399.66,7199.597,8999.513,10799.458,12599.364,14399.311,16199.219,17999.129,19799.077,21599.014,23398.929,25198.853,26998.776,28798.721,30598.646,32398.579,34198.515,35998.426,37798.366,39598.295,41398.224,43198.149,44998.073,46797.997,48597.934,50397.855,52197.79,53997.709,55797.648,57597.562,59397.496,61197.415,62997.353,64797.279,66597.204,68397.129,70197.065,71996.967,73796.9,75596.814,77396.765,79196.693,80996.622,82796.528,84596.475,86396.393,88196.312,89996.248,91796.18,93596.114,95396.034,97195.966,98995.894,100795.82,102595.755,104395.67,106195.606,107995.535,109795.451,111595.395,113395.325,115195.239,116995.182,118795.096,120595.023,122394.949,124194.883,125994.805,127794.735,129594.672,131394.601,133194.53,134994.454,136794.373,138594.307,140394.225,142194.153,143994.083,145794.008,147593.92,149393.863,151193.795,152993.716,154793.66,156593.577,158393.507,160193.44,161993.355,163793.28,165593.216,167393.131,169193.06,170993.004
Temp. [°C],20,29.7,30.1,30,30,30.1,30,29.9,29.9,29.9,30,30,29.9,29.9,30.1,29.9,30,30,29.9,29.9,30,30,30,30.1,30,30.1,29.9,30,30,30.1,30,30.1,30.1,29.9,29.9,30,29.9,30.1,29.8,30,30.1,30.1,29.9,30.1,30,30.1,30.1,30.1,29.9,30,30,30,30,30.1,30,30,30.1,30,30,30,30,29.9,30.1,30.1,30,30,30,30,30,29.9,30,30,30,30,30,30.1,30.1,30.1,30.1,30.1,29.9,29.9,30.1,30.1,29.9,29.9,29.9,30.1,30,30,30.1,30,30.1,30,30.1,29.9
Mean,0.12974,0.12514,0.12826,0.13056,0.13346,0.13732,0.14248,0.15004,0.1598,0.1741,0.1934,0.22024,0.257,0.3053,0.3675,0.4414,0.5284,0.6267,0.73068,0.83506,0.9307,1.01204,1.07964,1.12858,1.1663,1.19442,1.21698,1.23698,1.25308,1.26682,1.27844,1.28864,1.29726,1.30446,1.31002,1.31512,1.31916,1.32212,1.32568,1.32672,1.32932,1.33132,1.33354,1.33522,1.33754,1.33932,1.34132,1.34294,1.34488,1.34708,1.34824,1.34988,1.35192,1.353,1.35514,1.35596,1.35724,1.35862,1.35956,1.36076,1.36194,1.3628,1.36414,1.36528,1.36596,1.36616,1.36786,1.36814,1.36932,1.3698,1.37096,1.37172,1.37238,1.37324,1.37418,1.37534,1.3762,1.37678,1.37734,1.37864,1.37982,1.38056,1.38222,1.38246,1.38346,1.38416,1.38478,1.38612,1.38608,1.38754,1.3883,1.38892,1.38966,1.39076,1.39164,1.39266
StDev,0.003824657,0.004513092,0.006230811,0.006932388,0.007610716,0.008405177,0.009197935,0.010522025,0.0117254,0.013505369,0.015450081,0.019033996,0.023755841,0.030455131,0.039173907,0.049948073,0.061660036,0.0746,0.08585518,0.094037163,0.097072035,0.096087007,0.089717295,0.083509293,0.078776107,0.076177996,0.072786654,0.070321775,0.068063221,0.067850475,0.065194348,0.064190677,0.062576497,0.061533958,0.060426046,0.058117097,0.058252279,0.056513379,0.055577037,0.054238289,0.053235064,0.053429879,0.05281158,0.052452045,0.052320579,0.052284051,0.052225444,0.051467689,0.051473265,0.051499583,0.051515173,0.050865234,0.05181107,0.051213426,0.050415008,0.04988159,0.050395168,0.05017606,0.050216412,0.050665995,0.050410445,0.050056418,0.049287047,0.049650146,0.050249557,0.050117093,0.050020976,0.049693491,0.049422181,0.050249129,0.049720851,0.050110847,0.049884938,0.048995949,0.049396731,0.049301653,0.048863125,0.048989458,0.048848163,0.048006802,0.048536965,0.048325904,0.04808323,0.047928311,0.047657979,0.048134115,0.047703637,0.048080214,0.04775858,0.047669099,0.047255476,0.047030065,0.047222696,0.04676674,0.046532601,0.046420071
1;2,0.127,0.1212,0.1223,0.1241,0.1266,0.1298,0.1343,0.1412,0.1506,0.1652,0.1859,0.2148,0.2573,0.3128,0.3856,0.4723,0.5718,0.6858,0.8024,0.9151,1.0149,1.0966,1.158,1.2032,1.2375,1.2615,1.2835,1.3003,1.3141,1.3271,1.3364,1.3466,1.353,1.359,1.3632,1.3658,1.3701,1.3714,1.3738,1.3742,1.3757,1.3789,1.3807,1.383,1.3842,1.3861,1.3866,1.3894,1.3889,1.3916,1.3926,1.3935,1.3973,1.3973,1.3987,1.399,1.4008,1.4018,1.4033,1.4039,1.406,1.4053,1.407,1.4083,1.4091,1.4092,1.4109,1.4114,1.4121,1.4134,1.4142,1.4149,1.4154,1.4154,1.4164,1.4174,1.4179,1.4183,1.4185,1.4198,1.4211,1.421,1.4223,1.4229,1.4234,1.4248,1.4251,1.4264,1.4256,1.4275,1.4282,1.4286,1.4297,1.4301,1.4301,1.4313
2;1,0.1306,0.127,0.1315,0.1345,0.1382,0.1429,0.1484,0.1571,0.1684,0.1845,0.2049,0.2334,0.2707,0.3209,0.3799,0.4482,0.5277,0.6184,0.7171,0.8167,0.9105,0.9937,1.061,1.1097,1.1462,1.1765,1.1963,1.2164,1.2343,1.2476,1.259,1.2685,1.2771,1.2845,1.2895,1.2973,1.3013,1.3039,1.3065,1.3084,1.3107,1.3121,1.3142,1.3149,1.3182,1.3205,1.3234,1.3233,1.3264,1.3287,1.3301,1.3325,1.331,1.3333,1.3359,1.3369,1.3383,1.3387,1.3397,1.3418,1.341,1.3438,1.3453,1.3454,1.3455,1.3466,1.347,1.3483,1.3483,1.3493,1.3499,1.35,1.351,1.3524,1.3538,1.3531,1.3544,1.3551,1.3557,1.3569,1.3569,1.359,1.3607,1.3614,1.3617,1.3622,1.3626,1.3631,1.3641,1.3653,1.3657,1.3663,1.3664,1.368,1.3686,1.3688
2;2,0.1292,0.123,0.1252,0.1271,0.1295,0.133,0.1379,0.1449,0.1545,0.1685,0.1888,0.2167,0.2565,0.3084,0.3769,0.4599,0.5593,0.668,0.7827,0.8961,0.9959,1.0775,1.1431,1.1896,1.2249,1.2521,1.2737,1.2934,1.3071,1.3213,1.3309,1.3405,1.349,1.356,1.3607,1.3638,1.3687,1.3701,1.374,1.3734,1.3753,1.3772,1.3786,1.3804,1.3827,1.3841,1.387,1.3877,1.3906,1.3923,1.3935,1.3941,1.3972,1.3984,1.4001,1.4002,1.4014,1.4031,1.4039,1.4056,1.4067,1.4066,1.4071,1.4085,1.4106,1.4104,1.4124,1.4115,1.4133,1.4141,1.4151,1.4167,1.4171,1.4174,1.4187,1.4201,1.4205,1.4214,1.4214,1.4219,1.4242,1.4245,1.4262,1.4258,1.427,1.4279,1.4285,1.4304,1.4303,1.4312,1.4318,1.432,1.4339,1.4343,1.4358,1.4368
2;3,0.1261,0.1223,0.1247,0.1263,0.1285,0.1316,0.1361,0.142,0.1496,0.1603,0.1744,0.1934,0.2188,0.2531,0.2987,0.3539,0.4221,0.5008,0.5879,0.6805,0.7723,0.8554,0.9341,0.9946,1.0411,1.0726,1.103,1.1272,1.1462,1.1604,1.1765,1.189,1.2004,1.2094,1.2168,1.2247,1.2289,1.2347,1.2404,1.2434,1.2477,1.2499,1.2531,1.2563,1.2581,1.2597,1.2613,1.2654,1.2663,1.2684,1.2694,1.2716,1.2737,1.2754,1.2788,1.2803,1.2805,1.2827,1.2837,1.2835,1.2863,1.2863,1.2892,1.29,1.2901,1.2901,1.2926,1.2929,1.2952,1.294,1.2964,1.2968,1.2977,1.2999,1.2999,1.302,1.3034,1.3037,1.3042,1.3072,1.3081,1.3083,1.3104,1.3107,1.3125,1.3125,1.3141,1.3151,1.3151,1.3168,1.3186,1.3195,1.3207,1.3221,1.3236,1.3253
3;2,0.1358,0.1322,0.1376,0.1408,0.1445,0.1493,0.1557,0.165,0.1759,0.192,0.213,0.2429,0.2817,0.3313,0.3964,0.4727,0.5611,0.6605,0.7633,0.8669,0.9599,1.037,1.102,1.1458,1.1818,1.2094,1.2284,1.2476,1.2637,1.2777,1.2894,1.2986,1.3068,1.3134,1.3199,1.324,1.3268,1.3305,1.3337,1.3342,1.3372,1.3385,1.3411,1.3415,1.3445,1.3462,1.3483,1.3489,1.3522,1.3544,1.3556,1.3577,1.3604,1.3606,1.3622,1.3634,1.3652,1.3668,1.3672,1.369,1.3697,1.372,1.3721,1.3742,1.3745,1.3745,1.3764,1.3766,1.3777,1.3782,1.3792,1.3802,1.3807,1.3811,1.3821,1.3841,1.3848,1.3854,1.3869,1.3874,1.3888,1.39,1.3915,1.3915,1.3927,1.3934,1.3936,1.3956,1.3953,1.3969,1.3972,1.3982,1.3976,1.3993,1.4001,1.4011
,,,,,,,,,,,,,,,,,,,,,,,,,,,,,,,,,,,,,,,,,,,,,,,,,,,,,,,,,,,,,,,,,,,,,,,,,,,,,,,,,,,,,,,,,,,,,,,,
Cycles / Well,,,,,,,,,,,,,,,,,,,,,,,,,,,,,,,,,,,,,,,,,,,,,,,,,,,,,,,,,,,,,,,,,,,,,,,,,,,,,,,,,,,,,,,,,,,,,,,,
F7,1,2,3,4,5,6,7,8,9,10,11,12,13,14,15,16,17,18,19,20,21,22,23,24,25,26,27,28,29,30,31,32,33,34,35,36,37,38,39,40,41,42,43,44,45,46,47,48,49,50,51,52,53,54,55,56,57,58,59,60,61,62,63,64,65,66,67,68,69,70,71,72,73,74,75,76,77,78,79,80,81,82,83,84,85,86,87,88,89,90,91,92,93,94,95,96
Time [s],0,1799.806,3599.729,5399.66,7199.597,8999.513,10799.458,12599.364,14399.311,16199.219,17999.129,19799.077,21599.014,23398.929,25198.853,26998.776,28798.721,30598.646,32398.579,34198.515,35998.426,37798.366,39598.295,41398.224,43198.149,44998.073,46797.997,48597.934,50397.855,52197.79,53997.709,55797.648,57597.562,59397.496,61197.415,62997.353,64797.279,66597.204,68397.129,70197.065,71996.967,73796.9,75596.814,77396.765,79196.693,80996.622,82796.528,84596.475,86396.393,88196.312,89996.248,91796.18,93596.114,95396.034,97195.966,98995.894,100795.82,102595.755,104395.67,106195.606,107995.535,109795.451,111595.395,113395.325,115195.239,116995.182,118795.096,120595.023,122394.949,124194.883,125994.805,127794.735,129594.672,131394.601,133194.53,134994.454,136794.373,138594.307,140394.225,142194.153,143994.083,145794.008,147593.92,149393.863,151193.795,152993.716,154793.66,156593.577,158393.507,160193.44,161993.355,163793.28,165593.216,167393.131,169193.06,170993.004
Temp. [°C],20,29.7,30.1,30,30,30.1,30,29.9,29.9,29.9,30,30,29.9,29.9,30.1,29.9,30,30,29.9,29.9,30,30,30,30.1,30,30.1,29.9,30,30,30.1,30,30.1,30.1,29.9,29.9,30,29.9,30.1,29.8,30,30.1,30.1,29.9,30.1,30,30.1,30.1,30.1,29.9,30,30,30,30,30.1,30,30,30.1,30,30,30,30,29.9,30.1,30.1,30,30,30,30,30,29.9,30,30,30,30,30,30.1,30.1,30.1,30.1,30.1,29.9,29.9,30.1,30.1,29.9,29.9,29.9,30.1,30,30,30.1,30,30.1,30,30.1,29.9
Mean,0.13164,0.12614,0.1291,0.1329,0.1384,0.1451,0.15458,0.16748,0.18344,0.20614,0.23614,0.27542,0.32556,0.38542,0.45822,0.54274,0.63678,0.74244,0.85012,0.94906,1.03548,1.10442,1.15368,1.18784,1.21446,1.23496,1.25202,1.26746,1.28086,1.2927,1.30318,1.31242,1.31954,1.32572,1.33092,1.33554,1.33934,1.34338,1.34636,1.34918,1.35204,1.35484,1.35726,1.35914,1.3623,1.36484,1.36706,1.36872,1.37074,1.37256,1.37392,1.37534,1.37736,1.37898,1.37994,1.38168,1.3832,1.38466,1.38642,1.38758,1.38822,1.38946,1.3909,1.392,1.3932,1.39428,1.39498,1.39578,1.39694,1.39838,1.3994,1.40078,1.4018,1.40274,1.40414,1.40538,1.40622,1.40726,1.40794,1.40896,1.41062,1.41136,1.41244,1.41264,1.41372,1.41514,1.41656,1.41678,1.41696,1.41844,1.41888,1.41988,1.42106,1.42224,1.42256,1.4234
StDev,0.007369396,0.006537431,0.007777853,0.008803124,0.00958671,0.0116876,0.013819262,0.017703305,0.020554026,0.025553336,0.03092043,0.036232058,0.042920019,0.049220697,0.053662342,0.056783475,0.058311251,0.058786589,0.058461329,0.056305177,0.053779522,0.049624712,0.047351737,0.045901776,0.044834451,0.043237576,0.043194062,0.042763337,0.041433899,0.041413464,0.041376104,0.041308256,0.041054634,0.040653868,0.040584812,0.040611304,0.040447101,0.039990524,0.040386483,0.040197475,0.040283781,0.040290235,0.039751956,0.04019245,0.040110535,0.040628967,0.040529409,0.040744104,0.040296873,0.039931667,0.040362569,0.040549513,0.040633767,0.041292639,0.041151889,0.04054204,0.04072978,0.040676689,0.041072947,0.040609322,0.041299237,0.041747371,0.041363208,0.041117758,0.041215956,0.041358276,0.041378823,0.041237932,0.041920317,0.041478271,0.041794796,0.04181856,0.041993869,0.041939039,0.041593665,0.041903842,0.041828782,0.041995393,0.042852923,0.041872819,0.042555928,0.041979376,0.041878372,0.041646885,0.042066222,0.042271894,0.043058309,0.042922686,0.042125325,0.042461783,0.042841592,0.042509023,0.043032116,0.042730703,0.043318737,0.043419351
1;2,0.1263,0.1199,0.1218,0.1243,0.1279,0.1324,0.139,0.1468,0.1583,0.1737,0.1953,0.226,0.2657,0.314,0.3767,0.4538,0.5426,0.647,0.7557,0.8596,0.953,1.0299,1.085,1.1218,1.1518,1.1749,1.1942,1.2105,1.2253,1.2379,1.2484,1.2584,1.2664,1.2732,1.2787,1.282,1.2865,1.291,1.294,1.2967,1.3001,1.3034,1.3066,1.308,1.311,1.3131,1.3149,1.3177,1.3188,1.3215,1.3232,1.3229,1.3256,1.3268,1.3277,1.3298,1.3312,1.3333,1.3347,1.3353,1.3366,1.3366,1.3387,1.3404,1.3421,1.342,1.3424,1.3437,1.3443,1.3469,1.3476,1.3494,1.3495,1.3502,1.3528,1.3537,1.355,1.355,1.3544,1.3571,1.3575,1.359,1.3607,1.3601,1.3613,1.3629,1.3632,1.3649,1.3653,1.3657,1.3661,1.3674,1.3685,1.3698,1.3692,1.3696
2;1,0.1315,0.1304,0.1327,0.137,0.1434,0.1516,0.1614,0.1762,0.1937,0.2177,0.2473,0.2862,0.3363,0.3959,0.4678,0.5477,0.6367,0.736,0.8368,0.931,1.013,1.0815,1.1276,1.1621,1.1868,1.2075,1.2219,1.2375,1.2525,1.2634,1.2742,1.2831,1.2897,1.2961,1.3011,1.307,1.3105,1.315,1.317,1.3208,1.3224,1.3249,1.3278,1.3289,1.3326,1.3346,1.3372,1.3369,1.3409,1.3425,1.3429,1.3454,1.3467,1.3472,1.3484,1.3513,1.3523,1.3532,1.3545,1.3579,1.3561,1.3573,1.3585,1.3597,1.3601,1.3623,1.3632,1.364,1.3641,1.3656,1.3656,1.3669,1.3686,1.3697,1.3705,1.3715,1.3717,1.3735,1.3738,1.3749,1.3767,1.3777,1.3786,1.3801,1.3801,1.3807,1.3815,1.3802,1.382,1.3838,1.3831,1.3845,1.3848,1.3864,1.3866,1.3872
2;2,0.1292,0.1234,0.1255,0.1286,0.1338,0.1398,0.1486,0.161,0.1767,0.1994,0.231,0.2722,0.3232,0.3874,0.4665,0.5597,0.663,0.7787,0.8942,0.9983,1.0878,1.1561,1.2047,1.2382,1.265,1.2835,1.3019,1.3173,1.3293,1.3414,1.3522,1.3622,1.3691,1.375,1.3802,1.3838,1.3879,1.3912,1.3948,1.3977,1.4005,1.4038,1.406,1.4078,1.4111,1.4144,1.4159,1.4179,1.4188,1.4203,1.423,1.4234,1.4262,1.4285,1.429,1.4303,1.4318,1.4335,1.4357,1.4368,1.4382,1.4394,1.44,1.4411,1.4426,1.4436,1.4441,1.4451,1.4468,1.4487,1.4491,1.4512,1.4524,1.4527,1.4542,1.4557,1.4562,1.4572,1.4589,1.4584,1.461,1.4611,1.4625,1.462,1.4636,1.4654,1.4675,1.4675,1.4669,1.4684,1.4687,1.4692,1.4715,1.4721,1.4731,1.4732
2;3,0.1269,0.1216,0.1245,0.1283,0.1345,0.1397,0.1491,0.1603,0.1759,0.1976,0.2271,0.2663,0.3171,0.3779,0.4534,0.5414,0.6414,0.7507,0.8645,0.9675,1.0535,1.1221,1.1731,1.2063,1.233,1.2538,1.2714,1.2868,1.2987,1.3109,1.3212,1.331,1.3388,1.344,1.3492,1.3552,1.3585,1.3629,1.3662,1.369,1.3716,1.3748,1.376,1.3793,1.3817,1.3849,1.387,1.39,1.3914,1.3932,1.3947,1.3965,1.3984,1.4008,1.4018,1.4024,1.404,1.4054,1.4078,1.4074,1.4105,1.4111,1.4124,1.4139,1.4152,1.4164,1.4171,1.4181,1.4202,1.4203,1.4222,1.4236,1.4241,1.4257,1.4259,1.4281,1.4289,1.4297,1.4309,1.4324,1.4345,1.4341,1.4355,1.4352,1.4372,1.438,1.4399,1.4409,1.4398,1.4413,1.4429,1.444,1.4452,1.4462,1.4474,1.4484
3;2,0.1443,0.1354,0.141,0.1463,0.1524,0.162,0.1748,0.1931,0.2126,0.2423,0.28,0.3264,0.3855,0.4519,0.5267,0.6111,0.7002,0.7998,0.8994,0.9889,1.0701,1.1325,1.178,1.2108,1.2357,1.2551,1.2707,1.2852,1.2985,1.3099,1.3199,1.3274,1.3337,1.3403,1.3454,1.3497,1.3533,1.3568,1.3598,1.3617,1.3656,1.3673,1.3699,1.3717,1.3751,1.3772,1.3803,1.3811,1.3838,1.3853,1.3858,1.3885,1.3899,1.3916,1.3928,1.3946,1.3967,1.3979,1.3994,1.4005,1.3997,1.4029,1.4049,1.4049,1.406,1.4071,1.4081,1.408,1.4093,1.4104,1.4125,1.4128,1.4144,1.4154,1.4173,1.4179,1.4193,1.4209,1.4217,1.422,1.4234,1.4249,1.4249,1.4258,1.4264,1.4287,1.4307,1.4304,1.4308,1.433,1.4336,1.4343,1.4353,1.4367,1.4365,1.4386
,,,,,,,,,,,,,,,,,,,,,,,,,,,,,,,,,,,,,,,,,,,,,,,,,,,,,,,,,,,,,,,,,,,,,,,,,,,,,,,,,,,,,,,,,,,,,,,,
Cycles / Well,,,,,,,,,,,,,,,,,,,,,,,,,,,,,,,,,,,,,,,,,,,,,,,,,,,,,,,,,,,,,,,,,,,,,,,,,,,,,,,,,,,,,,,,,,,,,,,,
F8,1,2,3,4,5,6,7,8,9,10,11,12,13,14,15,16,17,18,19,20,21,22,23,24,25,26,27,28,29,30,31,32,33,34,35,36,37,38,39,40,41,42,43,44,45,46,47,48,49,50,51,52,53,54,55,56,57,58,59,60,61,62,63,64,65,66,67,68,69,70,71,72,73,74,75,76,77,78,79,80,81,82,83,84,85,86,87,88,89,90,91,92,93,94,95,96
Time [s],0,1799.806,3599.729,5399.66,7199.597,8999.513,10799.458,12599.364,14399.311,16199.219,17999.129,19799.077,21599.014,23398.929,25198.853,26998.776,28798.721,30598.646,32398.579,34198.515,35998.426,37798.366,39598.295,41398.224,43198.149,44998.073,46797.997,48597.934,50397.855,52197.79,53997.709,55797.648,57597.562,59397.496,61197.415,62997.353,64797.279,66597.204,68397.129,70197.065,71996.967,73796.9,75596.814,77396.765,79196.693,80996.622,82796.528,84596.475,86396.393,88196.312,89996.248,91796.18,93596.114,95396.034,97195.966,98995.894,100795.82,102595.755,104395.67,106195.606,107995.535,109795.451,111595.395,113395.325,115195.239,116995.182,118795.096,120595.023,122394.949,124194.883,125994.805,127794.735,129594.672,131394.601,133194.53,134994.454,136794.373,138594.307,140394.225,142194.153,143994.083,145794.008,147593.92,149393.863,151193.795,152993.716,154793.66,156593.577,158393.507,160193.44,161993.355,163793.28,165593.216,167393.131,169193.06,170993.004
Temp. [°C],20,29.7,30.1,30,30,30.1,30,29.9,29.9,29.9,30,30,29.9,29.9,30.1,29.9,30,30,29.9,29.9,30,30,30,30.1,30,30.1,29.9,30,30,30.1,30,30.1,30.1,29.9,29.9,30,29.9,30.1,29.8,30,30.1,30.1,29.9,30.1,30,30.1,30.1,30.1,29.9,30,30,30,30,30.1,30,30,30.1,30,30,30,30,29.9,30.1,30.1,30,30,30,30,30,29.9,30,30,30,30,30,30.1,30.1,30.1,30.1,30.1,29.9,29.9,30.1,30.1,29.9,29.9,29.9,30.1,30,30,30.1,30,30.1,30,30.1,29.9
Mean,0.1051,0.09894,0.09908,0.09894,0.09906,0.09902,0.09892,0.09904,0.09896,0.09896,0.09902,0.09902,0.09896,0.09898,0.09896,0.09896,0.0989,0.09894,0.09894,0.0989,0.09898,0.09882,0.09878,0.09886,0.09886,0.09884,0.0989,0.09892,0.0989,0.09892,0.0988,0.0989,0.09884,0.09878,0.09884,0.09888,0.09878,0.0989,0.0987,0.0988,0.09888,0.09884,0.09878,0.09886,0.09884,0.09886,0.09888,0.09892,0.09882,0.09886,0.09878,0.0987,0.09882,0.09882,0.09878,0.0987,0.09876,0.09874,0.09878,0.0988,0.09876,0.0987,0.0986,0.09878,0.09876,0.09874,0.09866,0.09864,0.09874,0.09878,0.09876,0.09866,0.09872,0.0986,0.09866,0.0987,0.09876,0.09862,0.09872,0.0987,0.09874,0.09872,0.09866,0.09866,0.09858,0.09866,0.09856,0.09868,0.09874,0.09866,0.09868,0.0987,0.09874,0.09866,0.09868,0.09872
StDev,0.00305041,0.002979597,0.003080097,0.003063168,0.003054996,0.003054014,0.003085774,0.003031171,0.003055814,0.00309241,0.003133209,0.003118814,0.003055814,0.003084153,0.003054996,0.003055814,0.003056959,0.003130176,0.003110145,0.003108054,0.003094673,0.003133209,0.003094673,0.003154045,0.003150079,0.003077824,0.003141656,0.003101129,0.003119295,0.003183866,0.003155155,0.003156739,0.00312538,0.00314595,0.003176161,0.003146744,0.003130815,0.003156739,0.003155155,0.003155155,0.003177578,0.003114964,0.003130815,0.003200469,0.003176161,0.003182452,0.003177578,0.003183866,0.003230635,0.003150079,0.003146744,0.003155155,0.003181509,0.00314595,0.003175217,0.003119295,0.003202031,0.00312538,0.003175217,0.003167807,0.003132571,0.003203123,0.003167807,0.003225213,0.003150079,0.003223818,0.003234656,0.003158006,0.003205152,0.003222887,0.003136559,0.003134964,0.003179937,0.003203123,0.003198906,0.003205464,0.003150079,0.003181509,0.003130016,0.003167807,0.003172223,0.003228312,0.003234656,0.003200469,0.003275973,0.003230789,0.003281463,0.00321123,0.003205152,0.003284509,0.003272155,0.003250385,0.003205152,0.003245458,0.003273683,0.003278262
1;2,0.1089,0.1024,0.1026,0.1025,0.1026,0.1026,0.1025,0.1026,0.1025,0.1026,0.1026,0.1026,0.1025,0.1026,0.1025,0.1025,0.1024,0.1026,0.1025,0.1025,0.1025,0.1024,0.1023,0.1025,0.1024,0.1024,0.1025,0.1025,0.1024,0.1026,0.1024,0.1025,0.1024,0.1024,0.1025,0.1025,0.1024,0.1025,0.1023,0.1024,0.1025,0.1025,0.1024,0.1025,0.1025,0.1024,0.1025,0.1026,0.1025,0.1024,0.1024,0.1023,0.1024,0.1023,0.1023,0.1022,0.1024,0.1023,0.1023,0.1023,0.1022,0.1023,0.1021,0.1024,0.1023,0.1024,0.1023,0.1022,0.1023,0.1023,0.1023,0.1022,0.1023,0.1022,0.1022,0.1023,0.1023,0.1022,0.1022,0.1022,0.1023,0.1023,0.1023,0.1023,0.1023,0.1022,0.1022,0.1023,0.1023,0.1024,0.1022,0.1023,0.1023,0.1022,0.1023,0.1024
2;1,0.1025,0.0963,0.0964,0.0962,0.0963,0.0963,0.0962,0.0963,0.0963,0.0962,0.0963,0.0963,0.0963,0.0962,0.0962,0.0963,0.0962,0.0962,0.0962,0.0961,0.0962,0.0961,0.096,0.0961,0.0961,0.0961,0.0962,0.0962,0.0961,0.0961,0.096,0.0962,0.0961,0.0959,0.096,0.0961,0.096,0.0962,0.0959,0.096,0.096,0.0961,0.096,0.096,0.096,0.096,0.096,0.0961,0.0959,0.0961,0.096,0.0959,0.0961,0.0961,0.096,0.0959,0.096,0.096,0.096,0.096,0.096,0.0959,0.0958,0.0959,0.096,0.0959,0.0959,0.0959,0.0959,0.0959,0.0961,0.0959,0.0959,0.0958,0.0959,0.096,0.096,0.0959,0.096,0.0959,0.0959,0.0959,0.0959,0.0958,0.0956,0.0957,0.0957,0.0959,0.0959,0.0958,0.0958,0.0958,0.0959,0.0957,0.0958,0.0958
2;2,0.1078,0.1018,0.1021,0.1019,0.102,0.1019,0.1019,0.1019,0.1019,0.1019,0.1021,0.1021,0.1019,0.1019,0.1019,0.1019,0.1019,0.1019,0.102,0.1019,0.102,0.1019,0.1018,0.1019,0.102,0.1018,0.102,0.1019,0.102,0.102,0.1019,0.102,0.1019,0.1018,0.1019,0.1019,0.1018,0.102,0.1018,0.1019,0.102,0.1018,0.1018,0.102,0.1019,0.1021,0.102,0.102,0.102,0.102,0.1018,0.1018,0.102,0.102,0.102,0.1018,0.1019,0.1018,0.102,0.102,0.102,0.1019,0.1018,0.102,0.1019,0.1019,0.1019,0.1018,0.102,0.1021,0.1019,0.1018,0.1019,0.1018,0.1019,0.1019,0.1019,0.1018,0.1019,0.1019,0.1019,0.102,0.1019,0.1018,0.1018,0.102,0.1019,0.1019,0.102,0.1019,0.1021,0.102,0.102,0.102,0.102,0.102
2;3,0.1039,0.098,0.0981,0.0979,0.0981,0.0981,0.0979,0.0981,0.098,0.0979,0.098,0.0979,0.098,0.098,0.098,0.098,0.0979,0.098,0.0979,0.0979,0.0981,0.0978,0.0979,0.0979,0.0979,0.0979,0.0978,0.098,0.098,0.0979,0.0978,0.0979,0.0979,0.0979,0.0979,0.098,0.0978,0.0979,0.0977,0.0978,0.0979,0.0978,0.0978,0.0979,0.0979,0.0978,0.0979,0.0979,0.0978,0.0979,0.0979,0.0977,0.0978,0.0979,0.0978,0.0978,0.0978,0.0978,0.0978,0.0979,0.0977,0.0977,0.0977,0.0978,0.0978,0.0978,0.0976,0.0976,0.0977,0.0978,0.0977,0.0976,0.0977,0.0976,0.0977,0.0977,0.0978,0.0976,0.0977,0.0978,0.0978,0.0977,0.0976,0.0977,0.0976,0.0976,0.0975,0.0976,0.0977,0.0976,0.0977,0.0977,0.0977,0.0977,0.0977,0.0977
3;2,0.1024,0.0962,0.0962,0.0962,0.0963,0.0962,0.0961,0.0963,0.0961,0.0962,0.0961,0.0962,0.0961,0.0962,0.0962,0.0961,0.0961,0.096,0.0961,0.0961,0.0961,0.0959,0.0959,0.0959,0.0959,0.096,0.096,0.096,0.096,0.096,0.0959,0.0959,0.0959,0.0959,0.0959,0.0959,0.0959,0.0959,0.0958,0.0959,0.096,0.096,0.0959,0.0959,0.0959,0.096,0.096,0.096,0.0959,0.0959,0.0958,0.0958,0.0958,0.0958,0.0958,0.0958,0.0957,0.0958,0.0958,0.0958,0.0959,0.0957,0.0956,0.0958,0.0958,0.0957,0.0956,0.0957,0.0958,0.0958,0.0958,0.0958,0.0958,0.0956,0.0956,0.0956,0.0958,0.0956,0.0958,0.0957,0.0958,0.0957,0.0956,0.0957,0.0956,0.0958,0.0955,0.0957,0.0958,0.0956,0.0956,0.0957,0.0958,0.0957,0.0956,0.0957
,,,,,,,,,,,,,,,,,,,,,,,,,,,,,,,,,,,,,,,,,,,,,,,,,,,,,,,,,,,,,,,,,,,,,,,,,,,,,,,,,,,,,,,,,,,,,,,,
Cycles / Well,,,,,,,,,,,,,,,,,,,,,,,,,,,,,,,,,,,,,,,,,,,,,,,,,,,,,,,,,,,,,,,,,,,,,,,,,,,,,,,,,,,,,,,,,,,,,,,,
F9,1,2,3,4,5,6,7,8,9,10,11,12,13,14,15,16,17,18,19,20,21,22,23,24,25,26,27,28,29,30,31,32,33,34,35,36,37,38,39,40,41,42,43,44,45,46,47,48,49,50,51,52,53,54,55,56,57,58,59,60,61,62,63,64,65,66,67,68,69,70,71,72,73,74,75,76,77,78,79,80,81,82,83,84,85,86,87,88,89,90,91,92,93,94,95,96
Time [s],0,1799.806,3599.729,5399.66,7199.597,8999.513,10799.458,12599.364,14399.311,16199.219,17999.129,19799.077,21599.014,23398.929,25198.853,26998.776,28798.721,30598.646,32398.579,34198.515,35998.426,37798.366,39598.295,41398.224,43198.149,44998.073,46797.997,48597.934,50397.855,52197.79,53997.709,55797.648,57597.562,59397.496,61197.415,62997.353,64797.279,66597.204,68397.129,70197.065,71996.967,73796.9,75596.814,77396.765,79196.693,80996.622,82796.528,84596.475,86396.393,88196.312,89996.248,91796.18,93596.114,95396.034,97195.966,98995.894,100795.82,102595.755,104395.67,106195.606,107995.535,109795.451,111595.395,113395.325,115195.239,116995.182,118795.096,120595.023,122394.949,124194.883,125994.805,127794.735,129594.672,131394.601,133194.53,134994.454,136794.373,138594.307,140394.225,142194.153,143994.083,145794.008,147593.92,149393.863,151193.795,152993.716,154793.66,156593.577,158393.507,160193.44,161993.355,163793.28,165593.216,167393.131,169193.06,170993.004
Temp. [°C],20,29.7,30.1,30,30,30.1,30,29.9,29.9,29.9,30,30,29.9,29.9,30.1,29.9,30,30,29.9,29.9,30,30,30,30.1,30,30.1,29.9,30,30,30.1,30,30.1,30.1,29.9,29.9,30,29.9,30.1,29.8,30,30.1,30.1,29.9,30.1,30,30.1,30.1,30.1,29.9,30,30,30,30,30.1,30,30,30.1,30,30,30,30,29.9,30.1,30.1,30,30,30,30,30,29.9,30,30,30,30,30,30.1,30.1,30.1,30.1,30.1,29.9,29.9,30.1,30.1,29.9,29.9,29.9,30.1,30,30,30.1,30,30.1,30,30.1,29.9
Mean,0.10714,0.1022,0.10234,0.10228,0.10236,0.1024,0.10228,0.10242,0.1023,0.1024,0.10246,0.10238,0.10228,0.10228,0.10236,0.10234,0.10234,0.10242,0.1024,0.10232,0.10238,0.1022,0.10226,0.10224,0.10228,0.10236,0.10232,0.10234,0.10236,0.1023,0.10228,0.10228,0.10228,0.10228,0.10234,0.10236,0.10228,0.10236,0.1021,0.10228,0.10242,0.1023,0.1022,0.10234,0.10234,0.10244,0.10226,0.10238,0.10228,0.10236,0.1023,0.10218,0.10242,0.1024,0.1023,0.10216,0.10228,0.10224,0.10222,0.10214,0.10226,0.10214,0.10204,0.10216,0.10222,0.10214,0.10208,0.10206,0.10222,0.1022,0.1023,0.1022,0.10216,0.10206,0.10212,0.1021,0.10226,0.10208,0.10216,0.10216,0.1022,0.1023,0.1022,0.10218,0.1021,0.10208,0.10196,0.10218,0.10214,0.10208,0.10208,0.10218,0.10216,0.10208,0.1021,0.10218
StDev,0.003756727,0.003542598,0.003508988,0.003473759,0.003434094,0.003477787,0.003414967,0.003435404,0.003461936,0.003512122,0.003436277,0.003544996,0.003547816,0.003537937,0.003516106,0.003468141,0.003496141,0.003560477,0.003541186,0.003523776,0.003545702,0.003563004,0.003525337,0.003564828,0.003577289,0.003554293,0.003541469,0.003516817,0.003538079,0.003544714,0.003508133,0.003561882,0.003508133,0.003548521,0.00355007,0.003525337,0.003575192,0.003516106,0.003558792,0.003502428,0.003600972,0.003527747,0.003639368,0.003523209,0.003543021,0.003534544,0.003585108,0.003466554,0.003585666,0.003514683,0.003568613,0.003548521,0.003520937,0.003479224,0.003507848,0.003485398,0.003585666,0.003552886,0.003600972,0.003596248,0.003564127,0.003564828,0.003594162,0.003644585,0.003588454,0.003599722,0.003582876,0.003562724,0.003577289,0.003568613,0.003547534,0.003604858,0.003612894,0.003562724,0.003620359,0.003615245,0.003592771,0.003529448,0.003582318,0.003532421,0.003537655,0.003609016,0.003576311,0.003575192,0.003597916,0.00362381,0.003601111,0.003577289,0.003650068,0.003617596,0.003592631,0.003585666,0.003592771,0.003575192,0.003547534,0.003651986
1;2,0.1104,0.1057,0.106,0.1058,0.1056,0.1057,0.1055,0.1056,0.1055,0.1057,0.1058,0.1058,0.1057,0.1057,0.1056,0.1056,0.1056,0.1057,0.1057,0.1056,0.1058,0.1056,0.1057,0.1056,0.1056,0.1056,0.1056,0.1056,0.1057,0.1057,0.1055,0.1057,0.1055,0.1056,0.1055,0.1056,0.1055,0.1056,0.1054,0.1056,0.1058,0.1055,0.1056,0.1055,0.1056,0.1056,0.1056,0.1055,0.1056,0.1054,0.1055,0.1055,0.1054,0.1054,0.1054,0.1053,0.1056,0.1055,0.1056,0.1055,0.1054,0.1055,0.1054,0.1056,0.1055,0.1054,0.1052,0.1053,0.1054,0.1055,0.1055,0.1054,0.1055,0.1053,0.1055,0.1054,0.1055,0.1053,0.1054,0.1053,0.1054,0.1056,0.1053,0.1054,0.1054,0.1054,0.1052,0.1055,0.1055,0.1055,0.1053,0.1055,0.1054,0.1053,0.1053,0.1055
2;1,0.1051,0.1005,0.1007,0.1007,0.101,0.101,0.101,0.1012,0.1011,0.1012,0.1012,0.101,0.1008,0.1008,0.1012,0.1011,0.1013,0.1013,0.1014,0.1013,0.1014,0.101,0.1009,0.101,0.101,0.1011,0.1011,0.1014,0.1011,0.101,0.1012,0.101,0.1012,0.1012,0.1013,0.1013,0.1013,0.1012,0.1009,0.1012,0.1013,0.1012,0.1008,0.1014,0.1013,0.1016,0.101,0.1017,0.1011,0.1015,0.1014,0.1011,0.1016,0.1015,0.1013,0.1011,0.1011,0.1012,0.1011,0.1007,0.1014,0.1009,0.1007,0.1009,0.101,0.1011,0.1011,0.1009,0.1012,0.1011,0.1013,0.1012,0.101,0.1009,0.1008,0.1009,0.1013,0.1012,0.1011,0.1011,0.1011,0.1013,0.1013,0.1012,0.1011,0.1008,0.1007,0.1009,0.1008,0.1008,0.1009,0.101,0.1012,0.1011,0.1011,0.1011
2;2,0.1119,0.1063,0.1062,0.1062,0.1064,0.1065,0.1063,0.1065,0.1064,0.1065,0.1064,0.1065,0.1064,0.1064,0.1065,0.1064,0.1064,0.1066,0.1065,0.1064,0.1064,0.1063,0.1063,0.1064,0.1065,0.1066,0.1065,0.1064,0.1065,0.1064,0.1064,0.1064,0.1064,0.1064,0.1066,0.1065,0.1065,0.1065,0.1063,0.1063,0.1066,0.1065,0.1065,0.1065,0.1065,0.1066,0.1065,0.1064,0.1065,0.1066,0.1065,0.1063,0.1067,0.1066,0.1065,0.1063,0.1065,0.1064,0.1064,0.1064,0.1065,0.1063,0.1063,0.1064,0.1065,0.1064,0.1064,0.1063,0.1065,0.1064,0.1065,0.1065,0.1064,0.1063,0.1064,0.1064,0.1065,0.1062,0.1064,0.1064,0.1064,0.1065,0.1065,0.1064,0.1063,0.1064,0.1063,0.1064,0.1065,0.1063,0.1064,0.1064,0.1064,0.1063,0.1063,0.1065
2;3,0.1049,0.0999,0.1001,0.1,0.1001,0.1,0.0999,0.1,0.0999,0.1,0.1001,0.0999,0.1,0.0999,0.1,0.1,0.0999,0.1,0.0999,0.0999,0.0997,0.0998,0.0999,0.0998,0.0999,0.1,0.0999,0.0999,0.0999,0.0999,0.0999,0.0998,0.0999,0.0998,0.0998,0.0999,0.0998,0.1,0.0996,0.0999,0.0999,0.0998,0.0998,0.0999,0.0998,0.0999,0.0997,0.0998,0.0998,0.0998,0.0998,0.0997,0.0999,0.1,0.0999,0.0998,0.0998,0.0998,0.0997,0.0998,0.0997,0.0997,0.0995,0.0997,0.0997,0.0996,0.0996,0.0996,0.0997,0.0996,0.0998,0.0997,0.0997,0.0996,0.0996,0.0996,0.0997,0.0995,0.0997,0.0997,0.0998,0.0999,0.0997,0.0997,0.0996,0.0996,0.0995,0.0998,0.0996,0.0996,0.0996,0.0997,0.0996,0.0996,0.0996,0.0996
3;2,0.1034,0.0986,0.0987,0.0987,0.0987,0.0988,0.0987,0.0988,0.0986,0.0986,0.0988,0.0987,0.0985,0.0986,0.0985,0.0986,0.0985,0.0985,0.0985,0.0984,0.0986,0.0983,0.0985,0.0984,0.0984,0.0985,0.0985,0.0984,0.0986,0.0985,0.0984,0.0985,0.0984,0.0984,0.0985,0.0985,0.0983,0.0985,0.0983,0.0984,0.0985,0.0985,0.0983,0.0984,0.0985,0.0985,0.0985,0.0985,0.0984,0.0985,0.0983,0.0983,0.0985,0.0985,0.0984,0.0983,0.0984,0.0983,0.0983,0.0983,0.0983,0.0983,0.0983,0.0982,0.0984,0.0982,0.0981,0.0982,0.0983,0.0984,0.0984,0.0982,0.0982,0.0982,0.0983,0.0982,0.0983,0.0982,0.0982,0.0983,0.0983,0.0982,0.0982,0.0982,0.0981,0.0982,0.0981,0.0983,0.0983,0.0982,0.0982,0.0983,0.0982,0.0981,0.0982,0.0982
,,,,,,,,,,,,,,,,,,,,,,,,,,,,,,,,,,,,,,,,,,,,,,,,,,,,,,,,,,,,,,,,,,,,,,,,,,,,,,,,,,,,,,,,,,,,,,,,
Cycles / Well,,,,,,,,,,,,,,,,,,,,,,,,,,,,,,,,,,,,,,,,,,,,,,,,,,,,,,,,,,,,,,,,,,,,,,,,,,,,,,,,,,,,,,,,,,,,,,,,
F10,1,2,3,4,5,6,7,8,9,10,11,12,13,14,15,16,17,18,19,20,21,22,23,24,25,26,27,28,29,30,31,32,33,34,35,36,37,38,39,40,41,42,43,44,45,46,47,48,49,50,51,52,53,54,55,56,57,58,59,60,61,62,63,64,65,66,67,68,69,70,71,72,73,74,75,76,77,78,79,80,81,82,83,84,85,86,87,88,89,90,91,92,93,94,95,96
Time [s],0,1799.806,3599.729,5399.66,7199.597,8999.513,10799.458,12599.364,14399.311,16199.219,17999.129,19799.077,21599.014,23398.929,25198.853,26998.776,28798.721,30598.646,32398.579,34198.515,35998.426,37798.366,39598.295,41398.224,43198.149,44998.073,46797.997,48597.934,50397.855,52197.79,53997.709,55797.648,57597.562,59397.496,61197.415,62997.353,64797.279,66597.204,68397.129,70197.065,71996.967,73796.9,75596.814,77396.765,79196.693,80996.622,82796.528,84596.475,86396.393,88196.312,89996.248,91796.18,93596.114,95396.034,97195.966,98995.894,100795.82,102595.755,104395.67,106195.606,107995.535,109795.451,111595.395,113395.325,115195.239,116995.182,118795.096,120595.023,122394.949,124194.883,125994.805,127794.735,129594.672,131394.601,133194.53,134994.454,136794.373,138594.307,140394.225,142194.153,143994.083,145794.008,147593.92,149393.863,151193.795,152993.716,154793.66,156593.577,158393.507,160193.44,161993.355,163793.28,165593.216,167393.131,169193.06,170993.004
Temp. [°C],20,29.7,30.1,30,30,30.1,30,29.9,29.9,29.9,30,30,29.9,29.9,30.1,29.9,30,30,29.9,29.9,30,30,30,30.1,30,30.1,29.9,30,30,30.1,30,30.1,30.1,29.9,29.9,30,29.9,30.1,29.8,30,30.1,30.1,29.9,30.1,30,30.1,30.1,30.1,29.9,30,30,30,30,30.1,30,30,30.1,30,30,30,30,29.9,30.1,30.1,30,30,30,30,30,29.9,30,30,30,30,30,30.1,30.1,30.1,30.1,30.1,29.9,29.9,30.1,30.1,29.9,29.9,29.9,30.1,30,30,30.1,30,30.1,30,30.1,29.9
Mean,0.10492,0.0999,0.10008,0.1,0.10008,0.1001,0.1,0.10004,0.09998,0.1,0.10008,0.10004,0.10002,0.10002,0.1,0.1,0.09996,0.1,0.09996,0.09994,0.10002,0.0999,0.09982,0.09994,0.09996,0.1,0.09998,0.09994,0.09998,0.09994,0.09986,0.09992,0.09994,0.09986,0.09992,0.09994,0.09986,0.09996,0.09976,0.09994,0.09996,0.09992,0.09984,0.0999,0.09994,0.09998,0.09994,0.10178,0.09994,0.09986,0.09988,0.09974,0.0999,0.09994,0.09984,0.09978,0.0998,0.09984,0.09984,0.09982,0.09982,0.09976,0.0997,0.09984,0.09986,0.09974,0.09964,0.09964,0.09982,0.0998,0.09984,0.09978,0.09976,0.0997,0.09974,0.09976,0.0998,0.09968,0.09974,0.09984,0.09982,0.09986,0.09984,0.09972,0.09956,0.09978,0.09956,0.09972,0.09978,0.0998,0.0998,0.0998,0.0999,0.09974,0.09968,0.09992
StDev,0.003457166,0.003400735,0.00337224,0.003400735,0.003418625,0.003405143,0.003350373,0.003404115,0.003375944,0.003393376,0.003403968,0.003415113,0.003375204,0.003335716,0.003352611,0.003432929,0.00339087,0.003383785,0.003435549,0.003404115,0.003370015,0.003390428,0.003332717,0.003404115,0.003341108,0.003394849,0.003395144,0.003451521,0.003370757,0.003394554,0.003381272,0.003460058,0.003394554,0.003435549,0.003361845,0.003451521,0.003423887,0.003370163,0.003435549,0.00328527,0.003381272,0.003419357,0.003448623,0.003397793,0.003448623,0.003370757,0.003406318,0.003635519,0.003406318,0.003370163,0.003346192,0.003394554,0.003375648,0.003364967,0.003399706,0.003415699,0.003444561,0.003394554,0.003439913,0.003472319,0.003424471,0.003423887,0.003332417,0.003386444,0.003396027,0.003394554,0.003345594,0.003411451,0.003419357,0.003325658,0.003379793,0.003245304,0.003375352,0.003394849,0.003338113,0.003370163,0.003337664,0.003356635,0.003382011,0.003292112,0.003355145,0.003411451,0.003274599,0.003415699,0.003362737,0.003349179,0.003426806,0.003414235,0.003406905,0.003327912,0.003424179,0.003277957,0.003214809,0.003277652,0.003399559,0.003150714
1;2,0.1085,0.1038,0.1039,0.1039,0.1041,0.1041,0.1039,0.104,0.1039,0.104,0.104,0.104,0.1039,0.1039,0.1039,0.104,0.1039,0.104,0.104,0.1039,0.104,0.1038,0.1038,0.1039,0.1039,0.104,0.1039,0.104,0.104,0.1039,0.1038,0.1039,0.1039,0.1039,0.1039,0.104,0.1039,0.1039,0.1038,0.1038,0.1039,0.1039,0.1039,0.1039,0.104,0.104,0.1039,0.1039,0.1039,0.1038,0.1038,0.1037,0.1039,0.1039,0.1039,0.1037,0.1038,0.1038,0.1039,0.1039,0.1039,0.1038,0.1036,0.1038,0.1039,0.1037,0.1036,0.1037,0.1038,0.1037,0.1038,0.1036,0.1038,0.1037,0.1037,0.1037,0.1038,0.1036,0.1038,0.1037,0.1038,0.1038,0.1038,0.1038,0.1035,0.1037,0.1036,0.1037,0.1038,0.1038,0.1038,0.1037,0.1037,0.1037,0.1037,0.1037
2;1,0.1027,0.0979,0.0981,0.098,0.0981,0.0981,0.098,0.098,0.098,0.098,0.098,0.0981,0.098,0.0981,0.0979,0.0979,0.0979,0.0979,0.0978,0.0979,0.0979,0.0978,0.0977,0.0979,0.0979,0.0979,0.0978,0.0977,0.0979,0.0978,0.0977,0.0977,0.0978,0.0977,0.0977,0.0977,0.0977,0.0978,0.0976,0.0977,0.0978,0.0978,0.0977,0.0977,0.0978,0.0979,0.0978,0.0978,0.0978,0.0977,0.0977,0.0976,0.0977,0.098,0.0977,0.0977,0.0977,0.0977,0.0976,0.0978,0.0977,0.0976,0.0975,0.0976,0.0978,0.0976,0.0975,0.0975,0.0977,0.0975,0.0975,0.0976,0.0976,0.0976,0.0975,0.0976,0.0976,0.0975,0.0975,0.0977,0.0975,0.0976,0.0974,0.0975,0.0973,0.0975,0.0973,0.0974,0.0974,0.0976,0.0976,0.0975,0.0975,0.0974,0.0975,0.0976
2;2,0.1088,0.1033,0.1035,0.1034,0.1034,0.1034,0.1033,0.1034,0.1033,0.1033,0.1035,0.1034,0.1034,0.1033,0.1033,0.1034,0.1033,0.1033,0.1033,0.1033,0.1033,0.1033,0.103,0.1033,0.1032,0.1033,0.1034,0.1033,0.1032,0.1033,0.1032,0.1034,0.1033,0.1032,0.1032,0.1033,0.1032,0.1033,0.1031,0.1032,0.1033,0.1033,0.1032,0.1032,0.1033,0.1032,0.1033,0.1032,0.1033,0.1032,0.1032,0.1031,0.1032,0.1032,0.1031,0.1032,0.1032,0.1032,0.1032,0.1032,0.1031,0.1031,0.103,0.1032,0.1031,0.1031,0.1029,0.1029,0.1032,0.1031,0.1032,0.103,0.103,0.103,0.103,0.1031,0.103,0.103,0.103,0.1031,0.1031,0.1033,0.103,0.103,0.1029,0.1031,0.1029,0.1031,0.1031,0.103,0.1032,0.103,0.1031,0.1029,0.103,0.103
2;3,0.1031,0.0981,0.0983,0.0982,0.0982,0.0983,0.0982,0.0982,0.0982,0.0981,0.0982,0.0982,0.0982,0.0982,0.0983,0.0981,0.0982,0.0981,0.0982,0.0981,0.0982,0.0981,0.0981,0.0981,0.0982,0.0982,0.0981,0.0982,0.0982,0.0981,0.0981,0.0981,0.0981,0.0981,0.0981,0.0982,0.098,0.0981,0.098,0.0981,0.0982,0.0981,0.098,0.0982,0.0981,0.0982,0.0982,0.0981,0.0982,0.098,0.098,0.0979,0.098,0.0981,0.098,0.098,0.098,0.098,0.098,0.0979,0.098,0.0979,0.0979,0.098,0.0981,0.0979,0.0978,0.0979,0.098,0.098,0.098,0.0979,0.0979,0.0979,0.0979,0.0979,0.098,0.0979,0.0978,0.098,0.098,0.098,0.0979,0.0979,0.0977,0.098,0.0978,0.098,0.0981,0.0979,0.0979,0.098,0.098,0.0978,0.0978,0.098
3;2,0.1015,0.0964,0.0966,0.0965,0.0966,0.0966,0.0966,0.0966,0.0965,0.0966,0.0967,0.0965,0.0966,0.0966,0.0966,0.0966,0.0965,0.0967,0.0965,0.0965,0.0967,0.0965,0.0965,0.0965,0.0966,0.0966,0.0967,0.0965,0.0966,0.0966,0.0965,0.0965,0.0966,0.0964,0.0967,0.0965,0.0965,0.0967,0.0963,0.0969,0.0966,0.0965,0.0964,0.0965,0.0965,0.0966,0.0965,0.1059,0.0965,0.0966,0.0967,0.0964,0.0967,0.0965,0.0965,0.0963,0.0963,0.0965,0.0965,0.0963,0.0964,0.0964,0.0965,0.0966,0.0964,0.0964,0.0964,0.0962,0.0964,0.0967,0.0967,0.0968,0.0965,0.0963,0.0966,0.0965,0.0966,0.0964,0.0966,0.0967,0.0967,0.0966,0.0971,0.0964,0.0964,0.0966,0.0962,0.0964,0.0965,0.0967,0.0965,0.0968,0.0972,0.0969,0.0964,0.0973
,,,,,,,,,,,,,,,,,,,,,,,,,,,,,,,,,,,,,,,,,,,,,,,,,,,,,,,,,,,,,,,,,,,,,,,,,,,,,,,,,,,,,,,,,,,,,,,,
Cycles / Well,,,,,,,,,,,,,,,,,,,,,,,,,,,,,,,,,,,,,,,,,,,,,,,,,,,,,,,,,,,,,,,,,,,,,,,,,,,,,,,,,,,,,,,,,,,,,,,,
F11,1,2,3,4,5,6,7,8,9,10,11,12,13,14,15,16,17,18,19,20,21,22,23,24,25,26,27,28,29,30,31,32,33,34,35,36,37,38,39,40,41,42,43,44,45,46,47,48,49,50,51,52,53,54,55,56,57,58,59,60,61,62,63,64,65,66,67,68,69,70,71,72,73,74,75,76,77,78,79,80,81,82,83,84,85,86,87,88,89,90,91,92,93,94,95,96
Time [s],0,1799.806,3599.729,5399.66,7199.597,8999.513,10799.458,12599.364,14399.311,16199.219,17999.129,19799.077,21599.014,23398.929,25198.853,26998.776,28798.721,30598.646,32398.579,34198.515,35998.426,37798.366,39598.295,41398.224,43198.149,44998.073,46797.997,48597.934,50397.855,52197.79,53997.709,55797.648,57597.562,59397.496,61197.415,62997.353,64797.279,66597.204,68397.129,70197.065,71996.967,73796.9,75596.814,77396.765,79196.693,80996.622,82796.528,84596.475,86396.393,88196.312,89996.248,91796.18,93596.114,95396.034,97195.966,98995.894,100795.82,102595.755,104395.67,106195.606,107995.535,109795.451,111595.395,113395.325,115195.239,116995.182,118795.096,120595.023,122394.949,124194.883,125994.805,127794.735,129594.672,131394.601,133194.53,134994.454,136794.373,138594.307,140394.225,142194.153,143994.083,145794.008,147593.92,149393.863,151193.795,152993.716,154793.66,156593.577,158393.507,160193.44,161993.355,163793.28,165593.216,167393.131,169193.06,170993.004
Temp. [°C],20,29.7,30.1,30,30,30.1,30,29.9,29.9,29.9,30,30,29.9,29.9,30.1,29.9,30,30,29.9,29.9,30,30,30,30.1,30,30.1,29.9,30,30,30.1,30,30.1,30.1,29.9,29.9,30,29.9,30.1,29.8,30,30.1,30.1,29.9,30.1,30,30.1,30.1,30.1,29.9,30,30,30,30,30.1,30,30,30.1,30,30,30,30,29.9,30.1,30.1,30,30,30,30,30,29.9,30,30,30,30,30,30.1,30.1,30.1,30.1,30.1,29.9,29.9,30.1,30.1,29.9,29.9,29.9,30.1,30,30,30.1,30,30.1,30,30.1,29.9
Mean,0.10304,0.10012,0.10026,0.10014,0.10024,0.10018,0.10006,0.10024,0.10014,0.10018,0.10026,0.10022,0.1002,0.10022,0.10018,0.10016,0.10016,0.10026,0.1002,0.10016,0.10024,0.10008,0.1001,0.10016,0.10014,0.10022,0.10018,0.10018,0.10026,0.10016,0.1002,0.1002,0.10018,0.10012,0.10016,0.10024,0.10016,0.10024,0.1001,0.10006,0.10016,0.10008,0.1001,0.10022,0.10014,0.1002,0.1002,0.10214,0.1002,0.10016,0.10014,0.10002,0.10012,0.10014,0.10008,0.10006,0.10002,0.10006,0.10004,0.10002,0.10006,0.10008,0.10002,0.10014,0.10012,0.09996,0.09992,0.09986,0.10006,0.10006,0.10004,0.10002,0.1,0.09998,0.10002,0.1,0.10004,0.10004,0.10004,0.10004,0.10018,0.10022,0.10024,0.10008,0.10004,0.10014,0.10002,0.10022,0.10018,0.1002,0.1002,0.10034,0.10024,0.10012,0.1001,0.10024
StDev,0.003855256,0.003028531,0.003024566,0.003077824,0.002981275,0.003057286,0.003063168,0.003102902,0.003077824,0.003114001,0.003121378,0.003077661,0.003083018,0.003068713,0.003114001,0.003072946,0.003128578,0.003072946,0.003092733,0.003031996,0.003110145,0.003089013,0.003139267,0.003128578,0.003103707,0.003134007,0.003057286,0.003097903,0.003098871,0.003072946,0.003092733,0.003092733,0.003057286,0.003077661,0.003047622,0.003088365,0.003058267,0.003046802,0.003155155,0.003016289,0.003072946,0.003067898,0.00309435,0.003063821,0.00305745,0.003092733,0.003083018,0.003378313,0.003023243,0.003075386,0.003095642,0.003037598,0.003077661,0.003087556,0.003042532,0.003082694,0.003062189,0.003002166,0.003017118,0.003037598,0.00305745,0.003052376,0.002970185,0.003001333,0.003048278,0.003016289,0.002996164,0.002992156,0.003002166,0.002946693,0.003007989,0.002914961,0.003023243,0.003027705,0.002970185,0.003011644,0.002977079,0.003033645,0.002941598,0.002964456,0.002920959,0.002938027,0.002898793,0.003049098,0.002910842,0.002857096,0.002959223,0.002819042,0.002896032,0.00287054,0.002901724,0.002694995,0.002736421,0.002851666,0.002836371,0.002650094
1;2,0.1068,0.1033,0.1034,0.1033,0.1033,0.1033,0.1032,0.1034,0.1033,0.1033,0.1033,0.1034,0.1033,0.1033,0.1034,0.1032,0.1033,0.1033,0.1033,0.1032,0.1034,0.1033,0.1033,0.1033,0.1032,0.1034,0.1033,0.1034,0.1033,0.1032,0.1033,0.1033,0.1033,0.1032,0.1033,0.1033,0.1032,0.1033,0.1033,0.1031,0.1032,0.1031,0.1031,0.1032,0.1032,0.1033,0.1033,0.1032,0.1032,0.1031,0.1033,0.1031,0.1032,0.1033,0.1031,0.1032,0.1031,0.1031,0.103,0.1031,0.1032,0.1032,0.103,0.1032,0.1032,0.103,0.103,0.1029,0.1031,0.1031,0.1031,0.103,0.103,0.1031,0.103,0.1031,0.103,0.103,0.103,0.103,0.103,0.1032,0.1032,0.1031,0.1029,0.1031,0.103,0.1031,0.1031,0.1031,0.1031,0.1032,0.103,0.103,0.1029,0.1029
2;1,0.1029,0.0993,0.0994,0.0994,0.0995,0.0995,0.0993,0.0996,0.0994,0.0995,0.0995,0.0996,0.0995,0.0995,0.0995,0.0995,0.0995,0.0996,0.0996,0.0995,0.0994,0.0993,0.0994,0.0995,0.0995,0.0996,0.0995,0.0995,0.0997,0.0995,0.0996,0.0996,0.0995,0.0995,0.0994,0.0996,0.0995,0.0996,0.0993,0.0994,0.0995,0.0995,0.0995,0.0996,0.0996,0.0996,0.0995,0.0995,0.0996,0.0995,0.0993,0.0993,0.0995,0.0995,0.0994,0.0995,0.0994,0.0994,0.0995,0.0993,0.0994,0.0995,0.0993,0.0996,0.0995,0.0993,0.0992,0.0991,0.0994,0.0994,0.0993,0.0993,0.0994,0.0993,0.0993,0.0993,0.0994,0.0994,0.0993,0.0994,0.0995,0.0996,0.0996,0.0993,0.0994,0.0993,0.0993,0.0996,0.0994,0.0995,0.0996,0.0995,0.0993,0.0994,0.0994,0.0994
2;2,0.1069,0.1032,0.1034,0.1033,0.1033,0.1033,0.1032,0.1034,0.1033,0.1034,0.1036,0.1033,0.1034,0.1034,0.1033,0.1034,0.1034,0.1035,0.1034,0.1033,0.1035,0.1032,0.1033,0.1034,0.1034,0.1034,0.1033,0.1033,0.1035,0.1034,0.1034,0.1034,0.1033,0.1033,0.1033,0.1035,0.1034,0.1034,0.1034,0.1032,0.1034,0.1033,0.1034,0.1035,0.1033,0.1034,0.1034,0.1033,0.1034,0.1035,0.1034,0.1032,0.1033,0.1033,0.1033,0.1032,0.1032,0.1032,0.1032,0.1032,0.1032,0.1032,0.1032,0.1032,0.1033,0.1031,0.103,0.103,0.1032,0.1031,0.1032,0.1031,0.1032,0.1031,0.1032,0.1031,0.1032,0.1033,0.1032,0.1032,0.1034,0.1033,0.1033,0.1034,0.1032,0.1032,0.1032,0.1032,0.1033,0.1033,0.1033,0.1032,0.1033,0.1032,0.1032,0.1032
2;3,0.1004,0.0983,0.0984,0.0983,0.0985,0.0984,0.0983,0.0984,0.0983,0.0984,0.0985,0.0984,0.0984,0.0985,0.0984,0.0983,0.0983,0.0984,0.0983,0.0984,0.0984,0.0983,0.0983,0.0983,0.0983,0.0984,0.0984,0.0983,0.0984,0.0983,0.0983,0.0983,0.0984,0.0983,0.0983,0.0983,0.0982,0.0984,0.0982,0.0982,0.0983,0.0982,0.0982,0.0983,0.0982,0.0983,0.0984,0.0981,0.0982,0.0983,0.0982,0.0981,0.0983,0.0982,0.0982,0.0981,0.0981,0.0981,0.0982,0.0981,0.0981,0.0981,0.098,0.0982,0.0981,0.0981,0.0981,0.098,0.0981,0.0981,0.0981,0.098,0.098,0.098,0.098,0.0981,0.0981,0.0981,0.098,0.098,0.0982,0.0982,0.0981,0.098,0.098,0.098,0.0979,0.0981,0.0982,0.098,0.0981,0.0981,0.0981,0.098,0.0981,0.0981
3;2,0.0982,0.0965,0.0967,0.0964,0.0966,0.0964,0.0963,0.0964,0.0964,0.0963,0.0964,0.0964,0.0964,0.0964,0.0963,0.0964,0.0963,0.0965,0.0964,0.0964,0.0965,0.0963,0.0962,0.0963,0.0963,0.0963,0.0964,0.0964,0.0964,0.0964,0.0964,0.0964,0.0964,0.0963,0.0965,0.0965,0.0965,0.0965,0.0963,0.0964,0.0964,0.0963,0.0963,0.0965,0.0964,0.0964,0.0964,0.1066,0.0966,0.0964,0.0965,0.0964,0.0963,0.0964,0.0964,0.0963,0.0963,0.0965,0.0963,0.0964,0.0964,0.0964,0.0966,0.0965,0.0965,0.0963,0.0963,0.0963,0.0965,0.0966,0.0965,0.0967,0.0964,0.0964,0.0966,0.0964,0.0965,0.0964,0.0967,0.0966,0.0968,0.0968,0.097,0.0966,0.0967,0.0971,0.0967,0.0971,0.0969,0.0971,0.0969,0.0977,0.0975,0.097,0.0969,0.0976
,,,,,,,,,,,,,,,,,,,,,,,,,,,,,,,,,,,,,,,,,,,,,,,,,,,,,,,,,,,,,,,,,,,,,,,,,,,,,,,,,,,,,,,,,,,,,,,,
Cycles / Well,,,,,,,,,,,,,,,,,,,,,,,,,,,,,,,,,,,,,,,,,,,,,,,,,,,,,,,,,,,,,,,,,,,,,,,,,,,,,,,,,,,,,,,,,,,,,,,,
F12,1,2,3,4,5,6,7,8,9,10,11,12,13,14,15,16,17,18,19,20,21,22,23,24,25,26,27,28,29,30,31,32,33,34,35,36,37,38,39,40,41,42,43,44,45,46,47,48,49,50,51,52,53,54,55,56,57,58,59,60,61,62,63,64,65,66,67,68,69,70,71,72,73,74,75,76,77,78,79,80,81,82,83,84,85,86,87,88,89,90,91,92,93,94,95,96
Time [s],0,1799.806,3599.729,5399.66,7199.597,8999.513,10799.458,12599.364,14399.311,16199.219,17999.129,19799.077,21599.014,23398.929,25198.853,26998.776,28798.721,30598.646,32398.579,34198.515,35998.426,37798.366,39598.295,41398.224,43198.149,44998.073,46797.997,48597.934,50397.855,52197.79,53997.709,55797.648,57597.562,59397.496,61197.415,62997.353,64797.279,66597.204,68397.129,70197.065,71996.967,73796.9,75596.814,77396.765,79196.693,80996.622,82796.528,84596.475,86396.393,88196.312,89996.248,91796.18,93596.114,95396.034,97195.966,98995.894,100795.82,102595.755,104395.67,106195.606,107995.535,109795.451,111595.395,113395.325,115195.239,116995.182,118795.096,120595.023,122394.949,124194.883,125994.805,127794.735,129594.672,131394.601,133194.53,134994.454,136794.373,138594.307,140394.225,142194.153,143994.083,145794.008,147593.92,149393.863,151193.795,152993.716,154793.66,156593.577,158393.507,160193.44,161993.355,163793.28,165593.216,167393.131,169193.06,170993.004
Temp. [°C],20,29.7,30.1,30,30,30.1,30,29.9,29.9,29.9,30,30,29.9,29.9,30.1,29.9,30,30,29.9,29.9,30,30,30,30.1,30,30.1,29.9,30,30,30.1,30,30.1,30.1,29.9,29.9,30,29.9,30.1,29.8,30,30.1,30.1,29.9,30.1,30,30.1,30.1,30.1,29.9,30,30,30,30,30.1,30,30,30.1,30,30,30,30,29.9,30.1,30.1,30,30,30,30,30,29.9,30,30,30,30,30,30.1,30.1,30.1,30.1,30.1,29.9,29.9,30.1,30.1,29.9,29.9,29.9,30.1,30,30,30.1,30,30.1,30,30.1,29.9
Mean,0.0993,0.0988,0.09898,0.09886,0.09898,0.09896,0.09884,0.09896,0.09892,0.09888,0.09904,0.09902,0.09902,0.09902,0.09902,0.09902,0.09902,0.09904,0.09902,0.099,0.09906,0.09894,0.09896,0.09906,0.09908,0.09914,0.09906,0.09912,0.09918,0.0992,0.09918,0.09926,0.09932,0.09924,0.0994,0.09948,0.09944,0.09956,0.09938,0.09958,0.09972,0.09954,0.0996,0.09984,0.09974,0.0999,0.09998,0.10108,0.1002,0.1001,0.1001,0.10004,0.10016,0.10024,0.10006,0.1,0.10026,0.1006,0.10034,0.10038,0.10064,0.10092,0.10078,0.10094,0.10104,0.10186,0.10084,0.10108,0.10152,0.1012,0.1014,0.10134,0.10134,0.1015,0.1019,0.1014,0.10156,0.10158,0.1017,0.10176,0.10242,0.10294,0.10246,0.10248,0.10266,0.10282,0.10292,0.1031,0.10334,0.1032,0.1037,0.10332,0.10348,0.10342,0.10376,0.10372
StDev,0.002770379,0.002732215,0.002761702,0.002786216,0.002868275,0.002858846,0.002831607,0.002839542,0.002882187,0.002883921,0.002923696,0.002957533,0.002936324,0.002972709,0.002975231,0.00290293,0.002849035,0.002929676,0.002955842,0.002914618,0.003010482,0.002914275,0.002861468,0.002902241,0.002914104,0.002914275,0.002902241,0.002824358,0.002841127,0.002732215,0.002736238,0.002757354,0.002682722,0.002668895,0.002562226,0.002491385,0.002567684,0.002515552,0.002452957,0.00248133,0.002428374,0.0024684,0.00247083,0.002392279,0.002345847,0.002362202,0.002399375,0.003796314,0.002495997,0.002383275,0.002495997,0.002537321,0.002510578,0.002533377,0.002449081,0.00249299,0.002676378,0.003096773,0.002750091,0.002777949,0.003061536,0.00362243,0.003449203,0.003524628,0.003592075,0.005384979,0.003655544,0.004012107,0.004540595,0.004047221,0.004345112,0.004298023,0.004264739,0.004690949,0.005407402,0.004439031,0.004712536,0.004937307,0.005074938,0.005192109,0.006336561,0.007283063,0.00654622,0.006648458,0.007111118,0.007271313,0.007738023,0.007802884,0.008297168,0.008072484,0.009021918,0.008267224,0.008643321,0.008694078,0.009245161,0.009110269
1;2,0.1025,0.102,0.1022,0.102,0.1022,0.1021,0.1019,0.102,0.1021,0.102,0.1022,0.1022,0.1022,0.1022,0.1022,0.1021,0.102,0.1021,0.1021,0.1021,0.1022,0.102,0.102,0.102,0.1022,0.1022,0.102,0.102,0.1021,0.102,0.1019,0.102,0.1021,0.1019,0.102,0.102,0.1021,0.102,0.1019,0.102,0.102,0.1019,0.102,0.102,0.1018,0.102,0.1019,0.1018,0.1019,0.102,0.1018,0.1018,0.1019,0.1019,0.1018,0.1018,0.1018,0.1019,0.1018,0.102,0.1018,0.1017,0.1018,0.1019,0.1019,0.1018,0.1016,0.1017,0.1018,0.1018,0.1019,0.1018,0.1019,0.1017,0.1017,0.1018,0.1017,0.1017,0.1017,0.1017,0.1019,0.1017,0.1017,0.1017,0.1016,0.1018,0.1016,0.1017,0.1017,0.1018,0.1017,0.1018,0.1016,0.1017,0.1016,0.1017
2;1,0.0982,0.0975,0.0977,0.0976,0.0975,0.0975,0.0974,0.0976,0.0974,0.0974,0.0976,0.0974,0.0975,0.0975,0.0974,0.0974,0.0974,0.0974,0.0975,0.0974,0.0974,0.0973,0.0974,0.0975,0.0974,0.0975,0.0975,0.0974,0.0974,0.0976,0.0973,0.0975,0.0974,0.0974,0.0974,0.0976,0.0975,0.0976,0.0973,0.0974,0.0975,0.0974,0.0975,0.0975,0.0975,0.0976,0.0975,0.0974,0.0975,0.0976,0.0974,0.0973,0.0974,0.0975,0.0974,0.0974,0.0973,0.0973,0.0973,0.0973,0.0973,0.0973,0.0973,0.0973,0.0975,0.0972,0.0972,0.0972,0.0973,0.0973,0.0973,0.0973,0.0973,0.0973,0.0973,0.0973,0.0973,0.0973,0.0972,0.0973,0.0974,0.0976,0.0974,0.0973,0.0974,0.0974,0.0973,0.0974,0.0976,0.0974,0.0975,0.0975,0.0975,0.0974,0.0975,0.0975
2;2,0.1019,0.1013,0.1015,0.1015,0.1018,0.1018,0.1017,0.1018,0.1018,0.1018,0.102,0.1021,0.102,0.1021,0.1021,0.1021,0.1021,0.1022,0.1022,0.1021,0.1023,0.1021,0.102,0.1023,0.1022,0.1023,0.1023,0.1023,0.1024,0.1023,0.1024,0.1025,0.1024,0.1024,0.1024,0.1024,0.1024,0.1026,0.1022,0.1025,0.1026,0.1025,0.1025,0.1026,0.1025,0.1026,0.1026,0.1024,0.1026,0.1026,0.1025,0.1025,0.1026,0.1027,0.1026,0.1026,0.1027,0.1026,0.1027,0.1027,0.1026,0.1026,0.1025,0.1027,0.1026,0.1026,0.1025,0.1026,0.1028,0.1027,0.1028,0.1027,0.1027,0.1027,0.1027,0.1028,0.1028,0.1026,0.1027,0.1027,0.1028,0.1029,0.1027,0.1027,0.1026,0.1028,0.1027,0.1029,0.1028,0.1028,0.1029,0.1028,0.1028,0.1027,0.1028,0.1028
2;3,0.0978,0.0976,0.0978,0.0977,0.0977,0.0978,0.0977,0.0979,0.0977,0.0977,0.0978,0.0977,0.0978,0.0977,0.0978,0.0977,0.0977,0.0977,0.0976,0.0976,0.0977,0.0975,0.0976,0.0976,0.0976,0.0977,0.0976,0.0977,0.0976,0.0976,0.0976,0.0976,0.0976,0.0975,0.0975,0.0975,0.0976,0.0976,0.0975,0.0975,0.0976,0.0975,0.0974,0.0976,0.0975,0.0976,0.0975,0.0974,0.0975,0.0976,0.0974,0.0973,0.0975,0.0975,0.0975,0.0973,0.0974,0.0973,0.0974,0.0974,0.0975,0.0973,0.0972,0.0974,0.0974,0.0973,0.0972,0.0972,0.0974,0.0973,0.0973,0.0973,0.0973,0.0972,0.0973,0.0972,0.0973,0.0971,0.0973,0.0972,0.0972,0.0973,0.0972,0.0972,0.0971,0.0971,0.097,0.0972,0.0971,0.0971,0.0972,0.0971,0.0972,0.097,0.0972,0.0972
3;2,0.0961,0.0956,0.0957,0.0955,0.0957,0.0956,0.0955,0.0955,0.0956,0.0955,0.0956,0.0957,0.0956,0.0956,0.0956,0.0958,0.0959,0.0958,0.0957,0.0958,0.0957,0.0958,0.0958,0.0959,0.096,0.096,0.0959,0.0962,0.0964,0.0965,0.0967,0.0967,0.0971,0.097,0.0977,0.0979,0.0976,0.098,0.098,0.0985,0.0989,0.0984,0.0986,0.0995,0.0994,0.0997,0.1004,0.1064,0.1015,0.1007,0.1014,0.1013,0.1014,0.1016,0.101,0.1009,0.1021,0.1039,0.1025,0.1025,0.104,0.1057,0.1051,0.1054,0.1058,0.1104,0.1057,0.1067,0.1083,0.1069,0.1077,0.1076,0.1075,0.1086,0.1105,0.1079,0.1087,0.1092,0.1096,0.1099,0.1128,0.1152,0.1133,0.1135,0.1146,0.115,0.116,0.1163,0.1175,0.1169,0.1192,0.1174,0.1183,0.1183,0.1197,0.1194
,,,,,,,,,,,,,,,,,,,,,,,,,,,,,,,,,,,,,,,,,,,,,,,,,,,,,,,,,,,,,,,,,,,,,,,,,,,,,,,,,,,,,,,,,,,,,,,,
Cycles / Well,,,,,,,,,,,,,,,,,,,,,,,,,,,,,,,,,,,,,,,,,,,,,,,,,,,,,,,,,,,,,,,,,,,,,,,,,,,,,,,,,,,,,,,,,,,,,,,,
G1,1,2,3,4,5,6,7,8,9,10,11,12,13,14,15,16,17,18,19,20,21,22,23,24,25,26,27,28,29,30,31,32,33,34,35,36,37,38,39,40,41,42,43,44,45,46,47,48,49,50,51,52,53,54,55,56,57,58,59,60,61,62,63,64,65,66,67,68,69,70,71,72,73,74,75,76,77,78,79,80,81,82,83,84,85,86,87,88,89,90,91,92,93,94,95,96
Time [s],0,1799.806,3599.729,5399.66,7199.597,8999.513,10799.458,12599.364,14399.311,16199.219,17999.129,19799.077,21599.014,23398.929,25198.853,26998.776,28798.721,30598.646,32398.579,34198.515,35998.426,37798.366,39598.295,41398.224,43198.149,44998.073,46797.997,48597.934,50397.855,52197.79,53997.709,55797.648,57597.562,59397.496,61197.415,62997.353,64797.279,66597.204,68397.129,70197.065,71996.967,73796.9,75596.814,77396.765,79196.693,80996.622,82796.528,84596.475,86396.393,88196.312,89996.248,91796.18,93596.114,95396.034,97195.966,98995.894,100795.82,102595.755,104395.67,106195.606,107995.535,109795.451,111595.395,113395.325,115195.239,116995.182,118795.096,120595.023,122394.949,124194.883,125994.805,127794.735,129594.672,131394.601,133194.53,134994.454,136794.373,138594.307,140394.225,142194.153,143994.083,145794.008,147593.92,149393.863,151193.795,152993.716,154793.66,156593.577,158393.507,160193.44,161993.355,163793.28,165593.216,167393.131,169193.06,170993.004
Temp. [°C],20,29.7,30.1,30,30,30.1,30,29.9,29.9,29.9,30,30,29.9,29.9,30.1,29.9,30,30,29.9,29.9,30,30,30,30.1,30,30.1,29.9,30,30,30.1,30,30.1,30.1,29.9,29.9,30,29.9,30.1,29.8,30,30.1,30.1,29.9,30.1,30,30.1,30.1,30.1,29.9,30,30,30,30,30.1,30,30,30.1,30,30,30,30,29.9,30.1,30.1,30,30,30,30,30,29.9,30,30,30,30,30,30.1,30.1,30.1,30.1,30.1,29.9,29.9,30.1,30.1,29.9,29.9,29.9,30.1,30,30,30.1,30,30.1,30,30.1,29.9
Mean,0.10006,0.09974,0.09986,0.0996,0.09952,0.0995,0.09944,0.09944,0.09944,0.09946,0.0995,0.0995,0.09938,0.09944,0.0994,0.09948,0.09938,0.09944,0.09938,0.0993,0.09934,0.09926,0.09922,0.0993,0.09928,0.09928,0.0993,0.09922,0.0993,0.09922,0.09926,0.0993,0.09924,0.09918,0.09932,0.09928,0.09922,0.09942,0.0991,0.0992,0.09928,0.09924,0.09922,0.0993,0.09932,0.0994,0.09936,0.09934,0.09934,0.0994,0.09922,0.0991,0.09936,0.09928,0.0992,0.09916,0.09928,0.09928,0.09926,0.09928,0.0993,0.09932,0.09922,0.0994,0.0994,0.09934,0.0993,0.0993,0.09934,0.09944,0.09944,0.09938,0.09948,0.09946,0.09948,0.09952,0.09958,0.0996,0.09958,0.09972,0.09992,0.09994,0.1,0.09998,0.09984,0.10002,0.10002,0.10016,0.10038,0.10034,0.10044,0.10066,0.10066,0.10066,0.10068,0.10086
StDev,0.001662227,0.001784096,0.001858225,0.001831666,0.001834939,0.001958316,0.00195141,0.001955249,0.002139626,0.002107842,0.002110687,0.002178302,0.002164948,0.002196133,0.002241651,0.002338162,0.002338162,0.002333024,0.002350957,0.002410394,0.002460285,0.002446017,0.002521309,0.002523886,0.002554799,0.002544013,0.002559297,0.002600385,0.002513961,0.002593646,0.002634957,0.002685144,0.002689424,0.002669644,0.002671516,0.00277074,0.002722499,0.002712379,0.002774887,0.00276315,0.002768935,0.002807668,0.002794101,0.002808024,0.002785139,0.002851315,0.00284482,0.002818333,0.002803212,0.002867054,0.002842006,0.002796426,0.002790699,0.002869146,0.002841654,0.00292626,0.002844644,0.002892577,0.002884094,0.002868275,0.002893959,0.002842886,0.002889983,0.002864437,0.002912044,0.00283249,0.002864437,0.002860944,0.002894478,0.002843062,0.002912559,0.002794996,0.002794996,0.002700555,0.002727086,0.002752635,0.002699444,0.002657066,0.002720662,0.002552842,0.002513364,0.002484552,0.002483948,0.00244479,0.00242549,0.002387886,0.002424252,0.002452142,0.002440697,0.002457234,0.002458251,0.002554995,0.00261113,0.002546174,0.002593646,0.002790699
1;2,0.1018,0.1016,0.1019,0.1018,0.1018,0.102,0.1018,0.1018,0.1021,0.1021,0.1022,0.1022,0.1021,0.1021,0.1021,0.1023,0.1021,0.1022,0.1021,0.1022,0.1023,0.1022,0.1023,0.1024,0.1024,0.1023,0.1024,0.1024,0.1023,0.1023,0.1023,0.1024,0.1023,0.1023,0.1024,0.1024,0.1023,0.1025,0.1022,0.1024,0.1024,0.1024,0.1024,0.1024,0.1025,0.1025,0.1024,0.1023,0.1024,0.1024,0.1023,0.1021,0.1023,0.1023,0.1022,0.1023,0.1023,0.1024,0.1022,0.1022,0.1022,0.1023,0.1022,0.1024,0.1024,0.1022,0.1022,0.1023,0.1023,0.1024,0.1024,0.1022,0.1023,0.1023,0.1023,0.1022,0.1023,0.1022,0.1023,0.1023,0.1024,0.1024,0.1024,0.1023,0.1022,0.1022,0.1021,0.1023,0.1023,0.1022,0.1023,0.1023,0.1024,0.1021,0.1021,0.1024
2;1,0.1007,0.1004,0.1002,0.0997,0.0993,0.0991,0.099,0.0989,0.0989,0.0988,0.0987,0.0987,0.0984,0.0984,0.0983,0.0983,0.0981,0.0981,0.098,0.098,0.0979,0.0979,0.0976,0.0977,0.0977,0.0975,0.0976,0.0974,0.0975,0.0974,0.0974,0.0974,0.0974,0.0971,0.0973,0.0972,0.0972,0.0973,0.0968,0.097,0.0972,0.097,0.0971,0.0971,0.0971,0.0971,0.097,0.097,0.0971,0.097,0.0968,0.0968,0.097,0.0969,0.0968,0.0968,0.0969,0.0968,0.0967,0.0969,0.0969,0.0969,0.0967,0.0969,0.0968,0.0967,0.0968,0.0967,0.0968,0.0969,0.0968,0.0968,0.0969,0.0969,0.0969,0.0968,0.097,0.0968,0.0968,0.0968,0.097,0.0971,0.0969,0.097,0.0969,0.0969,0.0967,0.0969,0.097,0.0969,0.0971,0.097,0.097,0.097,0.097,0.097
2;2,0.1007,0.1005,0.1007,0.1004,0.1004,0.1005,0.1006,0.1006,0.1007,0.1007,0.1007,0.1009,0.1008,0.101,0.101,0.1012,0.1012,0.1012,0.1012,0.101,0.1012,0.1011,0.1011,0.1012,0.1012,0.1013,0.1013,0.1013,0.1013,0.1013,0.1015,0.1016,0.1016,0.1014,0.1016,0.1017,0.1016,0.1018,0.1016,0.1016,0.1018,0.1018,0.1017,0.1019,0.1018,0.1021,0.1021,0.1021,0.102,0.1022,0.1019,0.1018,0.1021,0.1021,0.102,0.102,0.1021,0.1021,0.1022,0.1022,0.1023,0.1022,0.1022,0.1023,0.1024,0.1023,0.1023,0.1022,0.1024,0.1024,0.1025,0.1024,0.1025,0.1023,0.1024,0.1026,0.1026,0.1026,0.1026,0.1025,0.1027,0.1027,0.1027,0.1027,0.1025,0.1026,0.1026,0.1028,0.1029,0.1028,0.103,0.103,0.1029,0.1029,0.1028,0.1029
2;3,0.0997,0.0993,0.0996,0.0993,0.0993,0.0992,0.0992,0.0993,0.0991,0.0992,0.0993,0.0992,0.0991,0.0992,0.0992,0.0992,0.0992,0.0993,0.0993,0.0992,0.0991,0.099,0.099,0.099,0.099,0.0991,0.099,0.0988,0.0991,0.099,0.099,0.099,0.0989,0.099,0.0991,0.0991,0.099,0.0992,0.0989,0.0989,0.0989,0.0989,0.0989,0.099,0.099,0.0991,0.0991,0.0991,0.099,0.0992,0.099,0.0988,0.0991,0.099,0.0989,0.0988,0.0989,0.0989,0.099,0.099,0.099,0.0989,0.0988,0.099,0.099,0.099,0.0989,0.0989,0.0988,0.0989,0.099,0.0988,0.0989,0.0988,0.0988,0.0989,0.0987,0.0988,0.0988,0.0988,0.099,0.099,0.0989,0.0987,0.0986,0.0988,0.0988,0.0988,0.0989,0.0988,0.0988,0.099,0.0988,0.099,0.0989,0.0988
3;2,0.0974,0.0969,0.0969,0.0968,0.0968,0.0967,0.0966,0.0966,0.0964,0.0965,0.0966,0.0965,0.0965,0.0965,0.0964,0.0964,0.0963,0.0964,0.0963,0.0961,0.0962,0.0961,0.0961,0.0962,0.0961,0.0962,0.0962,0.0962,0.0963,0.0961,0.0961,0.0961,0.096,0.0961,0.0962,0.096,0.096,0.0963,0.096,0.0961,0.0961,0.0961,0.096,0.0961,0.0962,0.0962,0.0962,0.0962,0.0962,0.0962,0.0961,0.096,0.0963,0.0961,0.0961,0.0959,0.0962,0.0962,0.0962,0.0961,0.0961,0.0963,0.0962,0.0964,0.0964,0.0965,0.0963,0.0964,0.0964,0.0966,0.0965,0.0967,0.0968,0.097,0.097,0.0971,0.0973,0.0976,0.0974,0.0982,0.0985,0.0985,0.0991,0.0992,0.099,0.0996,0.0999,0.1,0.1008,0.101,0.101,0.102,0.1022,0.1023,0.1026,0.1032
,,,,,,,,,,,,,,,,,,,,,,,,,,,,,,,,,,,,,,,,,,,,,,,,,,,,,,,,,,,,,,,,,,,,,,,,,,,,,,,,,,,,,,,,,,,,,,,,
Cycles / Well,,,,,,,,,,,,,,,,,,,,,,,,,,,,,,,,,,,,,,,,,,,,,,,,,,,,,,,,,,,,,,,,,,,,,,,,,,,,,,,,,,,,,,,,,,,,,,,,
G2,1,2,3,4,5,6,7,8,9,10,11,12,13,14,15,16,17,18,19,20,21,22,23,24,25,26,27,28,29,30,31,32,33,34,35,36,37,38,39,40,41,42,43,44,45,46,47,48,49,50,51,52,53,54,55,56,57,58,59,60,61,62,63,64,65,66,67,68,69,70,71,72,73,74,75,76,77,78,79,80,81,82,83,84,85,86,87,88,89,90,91,92,93,94,95,96
Time [s],0,1799.806,3599.729,5399.66,7199.597,8999.513,10799.458,12599.364,14399.311,16199.219,17999.129,19799.077,21599.014,23398.929,25198.853,26998.776,28798.721,30598.646,32398.579,34198.515,35998.426,37798.366,39598.295,41398.224,43198.149,44998.073,46797.997,48597.934,50397.855,52197.79,53997.709,55797.648,57597.562,59397.496,61197.415,62997.353,64797.279,66597.204,68397.129,70197.065,71996.967,73796.9,75596.814,77396.765,79196.693,80996.622,82796.528,84596.475,86396.393,88196.312,89996.248,91796.18,93596.114,95396.034,97195.966,98995.894,100795.82,102595.755,104395.67,106195.606,107995.535,109795.451,111595.395,113395.325,115195.239,116995.182,118795.096,120595.023,122394.949,124194.883,125994.805,127794.735,129594.672,131394.601,133194.53,134994.454,136794.373,138594.307,140394.225,142194.153,143994.083,145794.008,147593.92,149393.863,151193.795,152993.716,154793.66,156593.577,158393.507,160193.44,161993.355,163793.28,165593.216,167393.131,169193.06,170993.004
Temp. [°C],20,29.7,30.1,30,30,30.1,30,29.9,29.9,29.9,30,30,29.9,29.9,30.1,29.9,30,30,29.9,29.9,30,30,30,30.1,30,30.1,29.9,30,30,30.1,30,30.1,30.1,29.9,29.9,30,29.9,30.1,29.8,30,30.1,30.1,29.9,30.1,30,30.1,30.1,30.1,29.9,30,30,30,30,30.1,30,30,30.1,30,30,30,30,29.9,30.1,30.1,30,30,30,30,30,29.9,30,30,30,30,30,30.1,30.1,30.1,30.1,30.1,29.9,29.9,30.1,30.1,29.9,29.9,29.9,30.1,30,30,30.1,30,30.1,30,30.1,29.9
Mean,0.11544,0.1175,0.12096,0.1232,0.12552,0.12826,0.13086,0.13422,0.13818,0.1438,0.15112,0.16014,0.17238,0.1875,0.20724,0.23226,0.26266,0.29948,0.3414,0.38962,0.44154,0.49844,0.5612,0.62472,0.69154,0.75578,0.81424,0.864,0.9033,0.93462,0.9582,0.97822,0.9928,1.0049,1.01418,1.0223,1.02912,1.03526,1.04384,1.04928,1.05334,1.0564,1.0601,1.06158,1.06396,1.0681,1.07058,1.0767,1.07766,1.0809,1.08286,1.0869,1.09126,1.09144,1.09292,1.09358,1.09302,1.09482,1.0932,1.09692,1.09664,1.09596,1.09386,1.09704,1.0975,1.09672,1.09872,1.09758,1.1003,1.10006,1.10072,1.10088,1.09916,1.10004,1.09812,1.09944,1.09926,1.10018,1.10084,1.09836,1.1007,1.10006,1.0992,1.09938,1.10018,1.09626,1.0948,1.09592,1.09644,1.0958,1.09564,1.09588,1.09438,1.09572,1.09596,1.0949
StDev,0.001384919,0.001218606,0.001260159,0.001161895,0.001940876,0.003715239,0.005092445,0.007084631,0.009102307,0.011684391,0.01498289,0.019464917,0.025260087,0.033087233,0.043566306,0.057367569,0.074922914,0.096949507,0.123491194,0.15330953,0.185038815,0.21969921,0.253165361,0.285323276,0.311794809,0.33464412,0.35030308,0.35860159,0.364996575,0.368348133,0.370656128,0.371390202,0.37369341,0.37555234,0.37653111,0.377752293,0.380010864,0.381926149,0.380865518,0.381753103,0.381753419,0.382206358,0.38161284,0.381887421,0.38255647,0.383399993,0.383590983,0.383164031,0.384057766,0.385581833,0.386393508,0.385387,0.384840432,0.386935005,0.388184611,0.388823902,0.390623645,0.389766458,0.390660594,0.391489626,0.391462403,0.391230294,0.393134745,0.392730987,0.392989663,0.393876506,0.393460439,0.393951783,0.394067101,0.394807311,0.393731008,0.394538106,0.395228254,0.394146785,0.396226888,0.395011928,0.395610538,0.394912164,0.394708669,0.395859985,0.395277422,0.394648259,0.394835364,0.394828896,0.393953928,0.395457037,0.39587457,0.39545127,0.395905618,0.396448452,0.396341782,0.395977281,0.39650748,0.395774048,0.395550626,0.395510392
1;2,0.1153,0.1167,0.1203,0.1235,0.127,0.1323,0.1367,0.1426,0.1493,0.1582,0.1702,0.1855,0.2062,0.2328,0.2682,0.3138,0.3711,0.4418,0.5244,0.6187,0.719,0.8283,0.939,1.0462,1.143,1.2283,1.2955,1.3435,1.3808,1.4063,1.427,1.4426,1.456,1.4675,1.4762,1.4839,1.4909,1.4996,1.5048,1.5097,1.5113,1.5154,1.5184,1.5198,1.5235,1.5269,1.5293,1.5335,1.5358,1.5392,1.5419,1.543,1.544,1.5487,1.55,1.552,1.5545,1.5548,1.5564,1.5589,1.5598,1.5592,1.5608,1.5626,1.5631,1.5645,1.5643,1.5655,1.5665,1.5672,1.566,1.5672,1.5687,1.5676,1.5693,1.5686,1.5692,1.5694,1.5698,1.5696,1.5693,1.57,1.5692,1.5692,1.5691,1.5708,1.5698,1.5697,1.5702,1.5709,1.5708,1.5705,1.5708,1.5708,1.5695,1.5709
2;1,0.1151,0.1173,0.121,0.1233,0.1259,0.1291,0.1323,0.1366,0.1413,0.1478,0.1556,0.1654,0.1778,0.1929,0.2128,0.2374,0.2675,0.3052,0.3488,0.3998,0.4586,0.5247,0.6016,0.6862,0.7747,0.8636,0.9443,1.0119,1.0638,1.1056,1.1355,1.1587,1.1779,1.193,1.2053,1.2161,1.2272,1.2349,1.2427,1.2483,1.2549,1.2566,1.2599,1.2628,1.2656,1.2703,1.2738,1.2786,1.2822,1.2856,1.2885,1.2908,1.2947,1.2955,1.2987,1.3004,1.3019,1.3027,1.3036,1.3058,1.3057,1.3057,1.3066,1.3074,1.3084,1.3087,1.3094,1.3095,1.3102,1.3113,1.3109,1.3109,1.3104,1.3099,1.311,1.3099,1.31,1.3091,1.3096,1.3087,1.3114,1.3096,1.3092,1.3089,1.3074,1.3067,1.3065,1.3069,1.3059,1.3053,1.3048,1.3052,1.303,1.3032,1.3035,1.3024
2;2,0.116,0.1173,0.1211,0.1241,0.1274,0.1311,0.1342,0.1382,0.1427,0.1494,0.1579,0.1685,0.1829,0.2009,0.2239,0.2537,0.2887,0.3301,0.3772,0.4298,0.4845,0.5436,0.6092,0.6728,0.7473,0.8207,0.8902,0.9506,0.9998,1.0401,1.0686,1.0948,1.113,1.1282,1.1379,1.1472,1.1555,1.1612,1.1731,1.1818,1.187,1.1912,1.1948,1.1956,1.1972,1.2044,1.2064,1.2158,1.2142,1.2214,1.2234,1.2312,1.2398,1.2381,1.2415,1.2407,1.2381,1.241,1.234,1.2437,1.2412,1.239,1.233,1.24,1.2405,1.2376,1.2434,1.2385,1.2466,1.2455,1.2472,1.2482,1.242,1.2445,1.2393,1.2431,1.2431,1.2452,1.2459,1.2413,1.2458,1.2425,1.2416,1.2426,1.2449,1.2326,1.2302,1.2328,1.2365,1.2352,1.235,1.2349,1.2328,1.2355,1.2375,1.2324
2;3,0.1135,0.1166,0.1195,0.1212,0.1226,0.124,0.1255,0.1273,0.1297,0.1331,0.1379,0.1434,0.1514,0.1611,0.173,0.1878,0.205,0.2245,0.2455,0.2696,0.2939,0.3204,0.3508,0.3804,0.4157,0.4512,0.4843,0.5167,0.5418,0.5639,0.5793,0.5948,0.6049,0.6136,0.6207,0.6244,0.629,0.6315,0.64,0.6437,0.6479,0.65,0.6552,0.6563,0.6554,0.66,0.662,0.6669,0.6668,0.669,0.669,0.6743,0.679,0.6769,0.6775,0.6773,0.6745,0.6784,0.6762,0.6784,0.6763,0.6766,0.6715,0.6768,0.6763,0.6757,0.6785,0.676,0.6796,0.6793,0.6801,0.6799,0.6786,0.6807,0.6752,0.6778,0.6778,0.6791,0.6808,0.6771,0.6806,0.6798,0.6799,0.6805,0.6819,0.6756,0.6746,0.6736,0.6767,0.675,0.6744,0.6756,0.6734,0.6762,0.6762,0.6756
3;2,0.1173,0.1196,0.1229,0.1239,0.1247,0.1248,0.1256,0.1264,0.1279,0.1305,0.134,0.1379,0.1436,0.1498,0.1583,0.1686,0.181,0.1958,0.2111,0.2302,0.2517,0.2752,0.3054,0.338,0.377,0.4151,0.4569,0.4973,0.5303,0.5572,0.5806,0.6002,0.6122,0.6222,0.6308,0.6399,0.643,0.6491,0.6586,0.6629,0.6656,0.6688,0.6722,0.6734,0.6781,0.6789,0.6814,0.6887,0.6893,0.6893,0.6915,0.6952,0.6988,0.698,0.6969,0.6975,0.6961,0.6972,0.6958,0.6978,0.7002,0.6993,0.6974,0.6984,0.6992,0.6971,0.698,0.6984,0.6986,0.697,0.6994,0.6982,0.6961,0.6975,0.6958,0.6978,0.6962,0.6981,0.6981,0.6951,0.6964,0.6984,0.6961,0.6957,0.6976,0.6956,0.6929,0.6966,0.6929,0.6926,0.6932,0.6932,0.6919,0.6929,0.6931,0.6932
,,,,,,,,,,,,,,,,,,,,,,,,,,,,,,,,,,,,,,,,,,,,,,,,,,,,,,,,,,,,,,,,,,,,,,,,,,,,,,,,,,,,,,,,,,,,,,,,
Cycles / Well,,,,,,,,,,,,,,,,,,,,,,,,,,,,,,,,,,,,,,,,,,,,,,,,,,,,,,,,,,,,,,,,,,,,,,,,,,,,,,,,,,,,,,,,,,,,,,,,
G3,1,2,3,4,5,6,7,8,9,10,11,12,13,14,15,16,17,18,19,20,21,22,23,24,25,26,27,28,29,30,31,32,33,34,35,36,37,38,39,40,41,42,43,44,45,46,47,48,49,50,51,52,53,54,55,56,57,58,59,60,61,62,63,64,65,66,67,68,69,70,71,72,73,74,75,76,77,78,79,80,81,82,83,84,85,86,87,88,89,90,91,92,93,94,95,96
Time [s],0,1799.806,3599.729,5399.66,7199.597,8999.513,10799.458,12599.364,14399.311,16199.219,17999.129,19799.077,21599.014,23398.929,25198.853,26998.776,28798.721,30598.646,32398.579,34198.515,35998.426,37798.366,39598.295,41398.224,43198.149,44998.073,46797.997,48597.934,50397.855,52197.79,53997.709,55797.648,57597.562,59397.496,61197.415,62997.353,64797.279,66597.204,68397.129,70197.065,71996.967,73796.9,75596.814,77396.765,79196.693,80996.622,82796.528,84596.475,86396.393,88196.312,89996.248,91796.18,93596.114,95396.034,97195.966,98995.894,100795.82,102595.755,104395.67,106195.606,107995.535,109795.451,111595.395,113395.325,115195.239,116995.182,118795.096,120595.023,122394.949,124194.883,125994.805,127794.735,129594.672,131394.601,133194.53,134994.454,136794.373,138594.307,140394.225,142194.153,143994.083,145794.008,147593.92,149393.863,151193.795,152993.716,154793.66,156593.577,158393.507,160193.44,161993.355,163793.28,165593.216,167393.131,169193.06,170993.004
Temp. [°C],20,29.7,30.1,30,30,30.1,30,29.9,29.9,29.9,30,30,29.9,29.9,30.1,29.9,30,30,29.9,29.9,30,30,30,30.1,30,30.1,29.9,30,30,30.1,30,30.1,30.1,29.9,29.9,30,29.9,30.1,29.8,30,30.1,30.1,29.9,30.1,30,30.1,30.1,30.1,29.9,30,30,30,30,30.1,30,30,30.1,30,30,30,30,29.9,30.1,30.1,30,30,30,30,30,29.9,30,30,30,30,30,30.1,30.1,30.1,30.1,30.1,29.9,29.9,30.1,30.1,29.9,29.9,29.9,30.1,30,30,30.1,30,30.1,30,30.1,29.9
Mean,0.12,0.11962,0.12466,0.1292,0.13472,0.1436,0.15216,0.16436,0.18038,0.20116,0.22762,0.2616,0.30272,0.35214,0.4086,0.47162,0.54194,0.61876,0.70206,0.78844,0.87832,0.96142,1.03744,1.10128,1.15276,1.19278,1.22422,1.24834,1.26996,1.28834,1.30644,1.32094,1.33604,1.34826,1.35848,1.36672,1.3737,1.38084,1.38426,1.38858,1.39412,1.39652,1.3995,1.4019,1.40496,1.40732,1.40902,1.4107,1.4114,1.4139,1.41548,1.41566,1.41648,1.4187,1.4211,1.42232,1.42408,1.42426,1.4263,1.42674,1.42682,1.4266,1.4287,1.42944,1.43094,1.43122,1.43138,1.432,1.43288,1.43388,1.43358,1.43468,1.4363,1.43564,1.43832,1.43756,1.43802,1.43792,1.43916,1.43934,1.43962,1.44056,1.4408,1.44068,1.44056,1.44198,1.44254,1.4422,1.4424,1.44426,1.44372,1.44446,1.44482,1.44498,1.44524,1.44622
StDev,0.002772183,0.00473149,0.005631874,0.005632495,0.005515161,0.005718829,0.005326631,0.006086707,0.008347275,0.01282938,0.019509664,0.029583864,0.042316982,0.058190059,0.075869889,0.096466559,0.118593773,0.142376764,0.166858122,0.19028779,0.209764671,0.222716652,0.23068516,0.229964676,0.223624949,0.217678081,0.209638396,0.202665027,0.196367202,0.190914478,0.186128727,0.183275593,0.177592266,0.173285784,0.168125495,0.164217971,0.159426237,0.155422675,0.154008289,0.151734545,0.149044614,0.146104541,0.14527591,0.144024859,0.142863792,0.142291205,0.141813176,0.141580825,0.141578229,0.141293011,0.141099954,0.14172298,0.142840005,0.141643408,0.14229863,0.141346319,0.140707008,0.140718275,0.140687455,0.141920446,0.141589255,0.140972249,0.140292498,0.140920431,0.140951669,0.14089731,0.141322988,0.140945841,0.142326234,0.141938039,0.142060012,0.142387664,0.141840791,0.142397904,0.141326031,0.141923476,0.141572497,0.141567111,0.142107646,0.141986806,0.141531982,0.141493827,0.141957952,0.141767722,0.141682067,0.140692846,0.140161364,0.141157696,0.1412633,0.141212368,0.141269625,0.141006642,0.140709797,0.140731151,0.141768008,0.140499171
1;2,0.1188,0.1156,0.1193,0.1236,0.1294,0.1384,0.1477,0.1607,0.1782,0.2011,0.2303,0.2686,0.3141,0.3695,0.4301,0.4971,0.5685,0.6453,0.7304,0.8148,0.906,0.9879,1.0622,1.1209,1.173,1.2116,1.2403,1.258,1.2787,1.2926,1.3135,1.324,1.3422,1.3534,1.3613,1.3645,1.3753,1.3823,1.3807,1.3864,1.3916,1.3922,1.3954,1.3993,1.4011,1.4056,1.4059,1.4055,1.4042,1.4071,1.4084,1.4074,1.4039,1.4105,1.4141,1.4165,1.4185,1.4178,1.4231,1.4209,1.4199,1.4164,1.4225,1.423,1.4268,1.4266,1.4256,1.4252,1.4262,1.4272,1.4239,1.4255,1.4308,1.4261,1.4343,1.4297,1.4304,1.4274,1.432,1.43,1.4288,1.4302,1.4299,1.4288,1.4275,1.4317,1.4297,1.428,1.4293,1.4317,1.4313,1.4313,1.432,1.4302,1.4305,1.4341
2;1,0.1203,0.1215,0.127,0.1314,0.1361,0.1428,0.1491,0.1573,0.1683,0.182,0.1992,0.2193,0.2432,0.2707,0.3019,0.3343,0.3711,0.4096,0.4522,0.4979,0.549,0.6047,0.6626,0.7247,0.7839,0.8325,0.8768,0.9139,0.9459,0.9744,0.9998,1.0203,1.0445,1.0638,1.0835,1.1003,1.1145,1.1288,1.1361,1.1444,1.1548,1.1626,1.167,1.1713,1.1768,1.1792,1.1826,1.185,1.1864,1.1894,1.1914,1.1905,1.1907,1.1936,1.195,1.1973,1.2,1.2005,1.2015,1.2003,1.2014,1.203,1.2051,1.205,1.2059,1.2067,1.2061,1.2077,1.206,1.2076,1.208,1.2084,1.2098,1.2096,1.2124,1.2115,1.2124,1.213,1.2125,1.2135,1.2149,1.2158,1.2155,1.2157,1.2163,1.2187,1.2209,1.2193,1.2185,1.2208,1.2201,1.2213,1.2223,1.2228,1.2215,1.2239
2;2,0.1201,0.1184,0.1234,0.1283,0.1346,0.1455,0.156,0.1713,0.1911,0.2178,0.2517,0.2962,0.35,0.4153,0.4896,0.5716,0.6638,0.7606,0.8639,0.9652,1.0655,1.1534,1.2299,1.2906,1.3353,1.3715,1.3967,1.4174,1.4347,1.4501,1.4639,1.4776,1.4895,1.4971,1.5048,1.5133,1.5156,1.5205,1.5235,1.5259,1.5302,1.5321,1.534,1.5349,1.5384,1.5388,1.5411,1.5426,1.5434,1.5461,1.5472,1.5467,1.5482,1.5492,1.5538,1.5536,1.5557,1.5555,1.5575,1.5599,1.5584,1.5578,1.5585,1.5606,1.5609,1.5626,1.5623,1.5637,1.5637,1.5655,1.5656,1.5672,1.5676,1.5682,1.5695,1.5692,1.5688,1.5694,1.5701,1.5713,1.5716,1.5722,1.573,1.5717,1.5723,1.5732,1.5737,1.5745,1.5731,1.5757,1.5752,1.5755,1.5764,1.5755,1.5771,1.5766
2;3,0.1166,0.1157,0.1204,0.125,0.1303,0.1389,0.1484,0.1624,0.1803,0.2048,0.2364,0.2772,0.3282,0.3888,0.4587,0.5394,0.6282,0.7277,0.8323,0.9432,1.0478,1.1402,1.2218,1.2837,1.3265,1.3584,1.3826,1.4025,1.4183,1.4334,1.4468,1.4603,1.4686,1.4787,1.4851,1.4908,1.4934,1.4973,1.502,1.505,1.5081,1.507,1.5099,1.5115,1.513,1.5149,1.5168,1.519,1.5209,1.5227,1.5247,1.5267,1.5308,1.5301,1.5312,1.5315,1.5315,1.5328,1.5327,1.5338,1.5361,1.5367,1.5372,1.5378,1.5397,1.539,1.5404,1.5401,1.5439,1.5432,1.5443,1.5451,1.5451,1.5465,1.5458,1.5472,1.5478,1.5481,1.5494,1.5493,1.5494,1.5505,1.5513,1.5522,1.5521,1.5513,1.5523,1.553,1.5538,1.5554,1.5548,1.5556,1.5551,1.5571,1.5579,1.5573
3;2,0.1242,0.1269,0.1332,0.1377,0.1432,0.1524,0.1596,0.1701,0.184,0.2001,0.2205,0.2467,0.2781,0.3164,0.3627,0.4157,0.4781,0.5506,0.6315,0.7211,0.8233,0.9209,1.0107,1.0865,1.1451,1.1899,1.2247,1.2499,1.2722,1.2912,1.3082,1.3225,1.3354,1.3483,1.3577,1.3647,1.3697,1.3753,1.379,1.3812,1.3859,1.3887,1.3912,1.3925,1.3955,1.3981,1.3987,1.4014,1.4021,1.4042,1.4057,1.407,1.4088,1.4101,1.4114,1.4127,1.4147,1.4147,1.4167,1.4188,1.4183,1.4191,1.4202,1.4208,1.4214,1.4212,1.4225,1.4233,1.4246,1.4259,1.4261,1.4272,1.4282,1.4278,1.4296,1.4302,1.4307,1.4317,1.4318,1.4326,1.4334,1.4341,1.4343,1.435,1.4346,1.435,1.4361,1.4362,1.4373,1.4377,1.4372,1.4386,1.4383,1.4393,1.4392,1.4392
,,,,,,,,,,,,,,,,,,,,,,,,,,,,,,,,,,,,,,,,,,,,,,,,,,,,,,,,,,,,,,,,,,,,,,,,,,,,,,,,,,,,,,,,,,,,,,,,
Cycles / Well,,,,,,,,,,,,,,,,,,,,,,,,,,,,,,,,,,,,,,,,,,,,,,,,,,,,,,,,,,,,,,,,,,,,,,,,,,,,,,,,,,,,,,,,,,,,,,,,
G4,1,2,3,4,5,6,7,8,9,10,11,12,13,14,15,16,17,18,19,20,21,22,23,24,25,26,27,28,29,30,31,32,33,34,35,36,37,38,39,40,41,42,43,44,45,46,47,48,49,50,51,52,53,54,55,56,57,58,59,60,61,62,63,64,65,66,67,68,69,70,71,72,73,74,75,76,77,78,79,80,81,82,83,84,85,86,87,88,89,90,91,92,93,94,95,96
Time [s],0,1799.806,3599.729,5399.66,7199.597,8999.513,10799.458,12599.364,14399.311,16199.219,17999.129,19799.077,21599.014,23398.929,25198.853,26998.776,28798.721,30598.646,32398.579,34198.515,35998.426,37798.366,39598.295,41398.224,43198.149,44998.073,46797.997,48597.934,50397.855,52197.79,53997.709,55797.648,57597.562,59397.496,61197.415,62997.353,64797.279,66597.204,68397.129,70197.065,71996.967,73796.9,75596.814,77396.765,79196.693,80996.622,82796.528,84596.475,86396.393,88196.312,89996.248,91796.18,93596.114,95396.034,97195.966,98995.894,100795.82,102595.755,104395.67,106195.606,107995.535,109795.451,111595.395,113395.325,115195.239,116995.182,118795.096,120595.023,122394.949,124194.883,125994.805,127794.735,129594.672,131394.601,133194.53,134994.454,136794.373,138594.307,140394.225,142194.153,143994.083,145794.008,147593.92,149393.863,151193.795,152993.716,154793.66,156593.577,158393.507,160193.44,161993.355,163793.28,165593.216,167393.131,169193.06,170993.004
Temp. [°C],20,29.7,30.1,30,30,30.1,30,29.9,29.9,29.9,30,30,29.9,29.9,30.1,29.9,30,30,29.9,29.9,30,30,30,30.1,30,30.1,29.9,30,30,30.1,30,30.1,30.1,29.9,29.9,30,29.9,30.1,29.8,30,30.1,30.1,29.9,30.1,30,30.1,30.1,30.1,29.9,30,30,30,30,30.1,30,30,30.1,30,30,30,30,29.9,30.1,30.1,30,30,30,30,30,29.9,30,30,30,30,30,30.1,30.1,30.1,30.1,30.1,29.9,29.9,30.1,30.1,29.9,29.9,29.9,30.1,30,30,30.1,30,30.1,30,30.1,29.9
Mean,0.12198,0.11924,0.12252,0.1241,0.12548,0.1265,0.12708,0.12796,0.12912,0.13046,0.13232,0.13424,0.13628,0.13874,0.14142,0.14432,0.1475,0.15092,0.15436,0.15826,0.16274,0.16716,0.1716,0.1769,0.18236,0.18812,0.19412,0.20092,0.20854,0.21726,0.2268,0.2374,0.24916,0.26302,0.2796,0.29702,0.31636,0.3382,0.36282,0.38992,0.41762,0.44896,0.48136,0.5157,0.5488,0.58072,0.60954,0.63894,0.66164,0.68532,0.70468,0.7206,0.73446,0.7486,0.761,0.77236,0.7819,0.79076,0.79892,0.80622,0.81336,0.81932,0.82892,0.83492,0.8406,0.84298,0.8451,0.84604,0.8474,0.8473,0.84784,0.84774,0.84772,0.8469,0.84774,0.84692,0.84692,0.8456,0.84494,0.844,0.8436,0.84264,0.84206,0.84106,0.8388,0.83926,0.83798,0.8372,0.83662,0.83654,0.83528,0.83422,0.83326,0.83206,0.83082,0.83058
StDev,0.003616905,0.005122304,0.005216512,0.00469308,0.004320532,0.004162331,0.003994621,0.003706481,0.003916248,0.003982838,0.004153553,0.004110718,0.004064111,0.00411315,0.004336704,0.004300814,0.004423234,0.004395111,0.00441905,0.004450618,0.004723664,0.005042123,0.005643137,0.006239792,0.007123763,0.008250576,0.009404627,0.01061871,0.012234296,0.014668435,0.016763502,0.019449936,0.022491398,0.027364886,0.032321123,0.037210308,0.043463237,0.050231414,0.058255017,0.066531925,0.076014781,0.085674022,0.095594498,0.105675849,0.113442408,0.121513608,0.12733518,0.132345582,0.136868634,0.14169055,0.144630052,0.146410263,0.148193465,0.150205959,0.152213041,0.154790659,0.156524774,0.158906963,0.159454263,0.159581913,0.160391577,0.159658392,0.163034757,0.163296653,0.164408835,0.164399839,0.164259596,0.163852839,0.164227723,0.163629276,0.163333043,0.163085202,0.162474466,0.162177742,0.162569948,0.161724185,0.161776349,0.160921705,0.161024961,0.160255874,0.159365743,0.159333167,0.158847877,0.158086979,0.156886408,0.157121332,0.156545032,0.156067982,0.15612502,0.156277375,0.15566956,0.154738108,0.154647868,0.154459292,0.154100915,0.154304948
1;2,0.1191,0.1147,0.1178,0.1201,0.1221,0.1235,0.1242,0.1253,0.1264,0.1277,0.1298,0.1319,0.1342,0.1368,0.1398,0.1433,0.1468,0.151,0.1551,0.1594,0.1647,0.1701,0.1757,0.1819,0.1884,0.196,0.2034,0.2118,0.222,0.2335,0.2453,0.259,0.2743,0.2934,0.3158,0.3375,0.3646,0.3944,0.4269,0.4625,0.5009,0.5435,0.5871,0.6327,0.6745,0.714,0.7466,0.7777,0.8033,0.8315,0.8509,0.8656,0.8743,0.8901,0.9057,0.9209,0.9302,0.9427,0.9505,0.954,0.9628,0.9639,0.9815,0.9849,0.9926,0.9938,0.9931,0.9943,0.9935,0.9933,0.9922,0.9922,0.9931,0.99,0.9955,0.9912,0.9912,0.9866,0.987,0.9866,0.9845,0.9835,0.9817,0.9803,0.9752,0.9793,0.9771,0.973,0.973,0.9744,0.9728,0.9708,0.9695,0.9661,0.9649,0.967
2;1,0.1228,0.1214,0.125,0.126,0.127,0.1279,0.1284,0.1293,0.1302,0.1317,0.1331,0.1349,0.1366,0.1388,0.1409,0.1431,0.1458,0.1484,0.1511,0.1546,0.1586,0.1624,0.1659,0.1701,0.1742,0.1788,0.1832,0.1885,0.1947,0.2007,0.2078,0.2152,0.2236,0.2317,0.2429,0.2539,0.2666,0.281,0.2956,0.3127,0.3282,0.3475,0.3659,0.3882,0.4099,0.4289,0.448,0.4663,0.4806,0.4963,0.5091,0.5192,0.5265,0.5371,0.5471,0.5551,0.5613,0.5662,0.5725,0.5777,0.5843,0.5885,0.5948,0.5991,0.6026,0.6047,0.6061,0.6085,0.6073,0.6093,0.6101,0.6103,0.6113,0.6108,0.6125,0.6122,0.6112,0.6113,0.6096,0.6109,0.6115,0.6104,0.6099,0.6102,0.6089,0.6101,0.6101,0.6096,0.6084,0.6087,0.6084,0.6087,0.608,0.6063,0.6055,0.6053
2;2,0.1212,0.1177,0.1208,0.1229,0.1248,0.1261,0.1268,0.1279,0.1289,0.1304,0.1323,0.1344,0.1366,0.1393,0.1421,0.1454,0.1491,0.1531,0.1571,0.1616,0.1669,0.1717,0.1772,0.1834,0.1898,0.1968,0.2041,0.212,0.2208,0.232,0.2437,0.2568,0.2714,0.29,0.3109,0.3336,0.3581,0.3857,0.4181,0.4534,0.4891,0.5288,0.5686,0.6125,0.6521,0.6911,0.7271,0.7629,0.7902,0.8184,0.8423,0.8607,0.8798,0.8961,0.9101,0.9232,0.9357,0.9451,0.9538,0.9631,0.9709,0.9774,0.9873,0.995,1.0003,1.0035,1.007,1.008,1.0098,1.0101,1.0114,1.0107,1.0089,1.0095,1.0083,1.0084,1.0075,1.0078,1.0054,1.0038,1.0031,1.0019,1.0009,0.9991,0.9964,0.9952,0.9942,0.9951,0.9935,0.993,0.991,0.9892,0.9885,0.9881,0.9861,0.9845
2;3,0.119,0.1153,0.1186,0.1202,0.1214,0.1222,0.1229,0.1239,0.125,0.1261,0.1277,0.1295,0.1315,0.1338,0.1362,0.139,0.1419,0.1453,0.1488,0.1527,0.1568,0.161,0.1652,0.1706,0.1758,0.1812,0.1873,0.1939,0.201,0.2092,0.218,0.2286,0.2399,0.2535,0.27,0.288,0.3063,0.3277,0.3531,0.3794,0.4066,0.4359,0.4693,0.5011,0.5325,0.5652,0.5932,0.622,0.6452,0.6669,0.6851,0.7014,0.7175,0.729,0.7378,0.7463,0.7547,0.7628,0.7705,0.7803,0.7855,0.7937,0.8003,0.8072,0.8125,0.8151,0.819,0.8172,0.8226,0.8199,0.821,0.821,0.8205,0.82,0.8181,0.8188,0.8204,0.819,0.8199,0.8171,0.8163,0.8159,0.8161,0.8149,0.8139,0.8119,0.8098,0.81,0.8108,0.8098,0.809,0.8068,0.806,0.8062,0.8051,0.804
3;2,0.1278,0.1271,0.1304,0.1313,0.1321,0.1328,0.1331,0.1334,0.1351,0.1364,0.1387,0.1405,0.1425,0.145,0.1481,0.1508,0.1539,0.1568,0.1597,0.163,0.1667,0.1706,0.174,0.1785,0.1836,0.1878,0.1926,0.1984,0.2042,0.2109,0.2192,0.2274,0.2366,0.2465,0.2584,0.2721,0.2862,0.3022,0.3204,0.3416,0.3633,0.3891,0.4159,0.444,0.475,0.5044,0.5328,0.5658,0.5889,0.6135,0.636,0.6561,0.6742,0.6907,0.7043,0.7163,0.7276,0.737,0.7473,0.756,0.7633,0.7731,0.7807,0.7884,0.795,0.7978,0.8003,0.8022,0.8038,0.8039,0.8045,0.8045,0.8048,0.8042,0.8043,0.804,0.8043,0.8033,0.8028,0.8016,0.8026,0.8015,0.8017,0.8008,0.7996,0.7998,0.7987,0.7983,0.7974,0.7968,0.7952,0.7956,0.7943,0.7936,0.7925,0.7921
,,,,,,,,,,,,,,,,,,,,,,,,,,,,,,,,,,,,,,,,,,,,,,,,,,,,,,,,,,,,,,,,,,,,,,,,,,,,,,,,,,,,,,,,,,,,,,,,
Cycles / Well,,,,,,,,,,,,,,,,,,,,,,,,,,,,,,,,,,,,,,,,,,,,,,,,,,,,,,,,,,,,,,,,,,,,,,,,,,,,,,,,,,,,,,,,,,,,,,,,
G5,1,2,3,4,5,6,7,8,9,10,11,12,13,14,15,16,17,18,19,20,21,22,23,24,25,26,27,28,29,30,31,32,33,34,35,36,37,38,39,40,41,42,43,44,45,46,47,48,49,50,51,52,53,54,55,56,57,58,59,60,61,62,63,64,65,66,67,68,69,70,71,72,73,74,75,76,77,78,79,80,81,82,83,84,85,86,87,88,89,90,91,92,93,94,95,96
Time [s],0,1799.806,3599.729,5399.66,7199.597,8999.513,10799.458,12599.364,14399.311,16199.219,17999.129,19799.077,21599.014,23398.929,25198.853,26998.776,28798.721,30598.646,32398.579,34198.515,35998.426,37798.366,39598.295,41398.224,43198.149,44998.073,46797.997,48597.934,50397.855,52197.79,53997.709,55797.648,57597.562,59397.496,61197.415,62997.353,64797.279,66597.204,68397.129,70197.065,71996.967,73796.9,75596.814,77396.765,79196.693,80996.622,82796.528,84596.475,86396.393,88196.312,89996.248,91796.18,93596.114,95396.034,97195.966,98995.894,100795.82,102595.755,104395.67,106195.606,107995.535,109795.451,111595.395,113395.325,115195.239,116995.182,118795.096,120595.023,122394.949,124194.883,125994.805,127794.735,129594.672,131394.601,133194.53,134994.454,136794.373,138594.307,140394.225,142194.153,143994.083,145794.008,147593.92,149393.863,151193.795,152993.716,154793.66,156593.577,158393.507,160193.44,161993.355,163793.28,165593.216,167393.131,169193.06,170993.004
Temp. [°C],20,29.7,30.1,30,30,30.1,30,29.9,29.9,29.9,30,30,29.9,29.9,30.1,29.9,30,30,29.9,29.9,30,30,30,30.1,30,30.1,29.9,30,30,30.1,30,30.1,30.1,29.9,29.9,30,29.9,30.1,29.8,30,30.1,30.1,29.9,30.1,30,30.1,30.1,30.1,29.9,30,30,30,30,30.1,30,30,30.1,30,30,30,30,29.9,30.1,30.1,30,30,30,30,30,29.9,30,30,30,30,30,30.1,30.1,30.1,30.1,30.1,29.9,29.9,30.1,30.1,29.9,29.9,29.9,30.1,30,30,30.1,30,30.1,30,30.1,29.9
Mean,0.12228,0.11936,0.12356,0.12746,0.13274,0.14054,0.14846,0.15932,0.1736,0.19176,0.21492,0.24444,0.28056,0.32342,0.37334,0.43034,0.4939,0.5635,0.63968,0.72004,0.80772,0.89182,0.9697,1.03586,1.09214,1.13612,1.16878,1.19442,1.21446,1.23174,1.24832,1.26164,1.2765,1.28722,1.29798,1.30518,1.314,1.3201,1.32296,1.32714,1.3327,1.33806,1.34132,1.34562,1.35076,1.35326,1.35556,1.35748,1.36012,1.36236,1.36496,1.36494,1.36484,1.3679,1.37156,1.37384,1.37608,1.3767,1.37912,1.38056,1.38152,1.3806,1.38326,1.38332,1.38568,1.38608,1.38632,1.38762,1.38808,1.38936,1.38876,1.38942,1.39118,1.39132,1.39412,1.39396,1.3942,1.39432,1.39536,1.39618,1.39544,1.39656,1.39754,1.39652,1.39582,1.39914,1.39924,1.39954,1.3995,1.40224,1.40208,1.40186,1.402,1.40184,1.40206,1.4034
StDev,0.005389063,0.006114982,0.006256836,0.006342161,0.006706937,0.006790287,0.006849307,0.007438212,0.009350401,0.012515111,0.017851667,0.025920706,0.036433817,0.05005499,0.065985703,0.085086444,0.105194986,0.127717912,0.151362271,0.176278949,0.199178782,0.22002781,0.235878602,0.246329592,0.252008875,0.253807027,0.253091272,0.251304073,0.249642651,0.248806276,0.249103336,0.24956047,0.24778644,0.246960497,0.245085081,0.243310916,0.24111405,0.239044609,0.237700869,0.234670904,0.234701811,0.23075661,0.228911308,0.226786225,0.224761703,0.224147748,0.223532141,0.222879546,0.221693317,0.221498923,0.220495506,0.220321068,0.22159088,0.219917985,0.219782194,0.218170915,0.216820184,0.217223364,0.216527208,0.217504582,0.217741308,0.217402369,0.215776894,0.216199091,0.216855314,0.216589328,0.217521762,0.216323547,0.217610999,0.217371601,0.217547956,0.217457138,0.217041959,0.217514855,0.21637929,0.216470063,0.217731233,0.217959313,0.218310474,0.217018495,0.21648369,0.217316539,0.217214935,0.216437293,0.217012285,0.214755461,0.215392718,0.215514902,0.215309127,0.216446975,0.21611716,0.216021233,0.215974026,0.217601477,0.217096276,0.216761609
1;2,0.1191,0.114,0.1176,0.1213,0.1263,0.1342,0.1429,0.1552,0.1716,0.1933,0.2198,0.2544,0.2974,0.3468,0.4013,0.4627,0.5272,0.5922,0.6625,0.7324,0.8116,0.8831,0.9523,1.0114,1.0704,1.1169,1.1506,1.1797,1.2,1.213,1.236,1.2454,1.2659,1.2776,1.2883,1.2912,1.3061,1.3156,1.3124,1.319,1.3242,1.3298,1.3327,1.3396,1.3448,1.3494,1.3501,1.3505,1.353,1.3554,1.3593,1.3563,1.3489,1.3553,1.3622,1.3679,1.369,1.3708,1.3746,1.3772,1.378,1.3698,1.3791,1.3767,1.3825,1.3816,1.3814,1.3814,1.3823,1.3832,1.3801,1.3798,1.3836,1.3833,1.3914,1.388,1.3883,1.3869,1.3894,1.3894,1.3884,1.3883,1.3886,1.3861,1.3824,1.3902,1.3874,1.3875,1.3893,1.395,1.3933,1.3919,1.3907,1.3896,1.3898,1.3943
2;1,0.1242,0.1216,0.1264,0.1297,0.1342,0.1398,0.1456,0.1523,0.1615,0.1727,0.1867,0.203,0.2232,0.2448,0.2702,0.2972,0.3287,0.362,0.3995,0.4389,0.4873,0.5354,0.585,0.633,0.6767,0.7158,0.7484,0.7757,0.7978,0.8173,0.8314,0.845,0.8612,0.8728,0.8866,0.8978,0.9088,0.9175,0.9244,0.9333,0.9393,0.9513,0.9579,0.9652,0.974,0.9773,0.9809,0.9845,0.9892,0.9917,0.9958,0.9968,0.9967,1.0017,1.0048,1.0091,1.0138,1.0136,1.017,1.0164,1.0168,1.0185,1.0223,1.0222,1.0228,1.0237,1.0225,1.0263,1.0243,1.0261,1.0258,1.0269,1.0289,1.0284,1.0318,1.0324,1.0303,1.0304,1.0305,1.0339,1.0336,1.0337,1.035,1.0358,1.0348,1.0408,1.0411,1.0409,1.0406,1.0407,1.0416,1.0418,1.0423,1.0395,1.0407,1.0416
2;2,0.1211,0.1176,0.1218,0.1263,0.1321,0.1417,0.151,0.1647,0.1825,0.2054,0.2351,0.2739,0.3217,0.3784,0.4449,0.5196,0.601,0.6893,0.7836,0.8807,0.9842,1.0791,1.1657,1.235,1.2903,1.3353,1.3672,1.3905,1.4085,1.4265,1.4402,1.4552,1.469,1.4765,1.4867,1.4943,1.5016,1.5067,1.5085,1.5099,1.517,1.5208,1.5218,1.5242,1.5303,1.5313,1.533,1.5348,1.5377,1.5392,1.5413,1.5403,1.5419,1.5445,1.5483,1.5494,1.5528,1.5519,1.5546,1.555,1.5568,1.5575,1.5577,1.5583,1.5605,1.5604,1.5611,1.5624,1.562,1.565,1.5647,1.565,1.5668,1.5669,1.5687,1.5696,1.5694,1.5707,1.5704,1.5719,1.5694,1.5712,1.5724,1.5707,1.5697,1.572,1.5747,1.5747,1.5718,1.5766,1.5774,1.5772,1.5773,1.5775,1.5773,1.5771
2;3,0.1165,0.1147,0.119,0.1228,0.1278,0.1356,0.1435,0.1548,0.1689,0.1879,0.2119,0.2447,0.2849,0.3352,0.396,0.4689,0.5515,0.6457,0.7472,0.8561,0.9645,1.0692,1.1582,1.234,1.2927,1.334,1.3629,1.3854,1.4027,1.4186,1.435,1.449,1.4592,1.4707,1.4787,1.4842,1.4887,1.4909,1.4965,1.4987,1.5042,1.5051,1.5086,1.5107,1.5124,1.5156,1.5179,1.5203,1.5209,1.5235,1.5249,1.527,1.531,1.5305,1.5325,1.5325,1.5314,1.5344,1.5352,1.5385,1.5383,1.5391,1.5391,1.5402,1.5428,1.5431,1.5446,1.5451,1.5478,1.547,1.5474,1.5489,1.5492,1.5505,1.5501,1.5508,1.5529,1.5527,1.5552,1.5542,1.553,1.5555,1.5563,1.5559,1.5574,1.5564,1.5576,1.5574,1.559,1.56,1.5593,1.5593,1.5598,1.5618,1.5621,1.5626
3;2,0.1305,0.1289,0.133,0.1372,0.1433,0.1514,0.1593,0.1696,0.1835,0.1995,0.2211,0.2462,0.2756,0.3119,0.3543,0.4033,0.4611,0.5283,0.6056,0.6921,0.791,0.8923,0.9873,1.0659,1.1306,1.1786,1.2148,1.2408,1.2633,1.2833,1.299,1.3136,1.3272,1.3385,1.3496,1.3584,1.3648,1.3698,1.373,1.3748,1.3788,1.3833,1.3856,1.3884,1.3923,1.3927,1.3959,1.3973,1.3998,1.402,1.4035,1.4043,1.4057,1.4075,1.41,1.4103,1.4134,1.4128,1.4142,1.4157,1.4177,1.4181,1.4181,1.4192,1.4198,1.4216,1.422,1.4229,1.424,1.4255,1.4258,1.4265,1.4274,1.4275,1.4286,1.429,1.4301,1.4309,1.4313,1.4315,1.4328,1.4341,1.4354,1.4341,1.4348,1.4363,1.4354,1.4372,1.4368,1.4389,1.4388,1.4391,1.4399,1.4408,1.4404,1.4414
,,,,,,,,,,,,,,,,,,,,,,,,,,,,,,,,,,,,,,,,,,,,,,,,,,,,,,,,,,,,,,,,,,,,,,,,,,,,,,,,,,,,,,,,,,,,,,,,
Cycles / Well,,,,,,,,,,,,,,,,,,,,,,,,,,,,,,,,,,,,,,,,,,,,,,,,,,,,,,,,,,,,,,,,,,,,,,,,,,,,,,,,,,,,,,,,,,,,,,,,
G6,1,2,3,4,5,6,7,8,9,10,11,12,13,14,15,16,17,18,19,20,21,22,23,24,25,26,27,28,29,30,31,32,33,34,35,36,37,38,39,40,41,42,43,44,45,46,47,48,49,50,51,52,53,54,55,56,57,58,59,60,61,62,63,64,65,66,67,68,69,70,71,72,73,74,75,76,77,78,79,80,81,82,83,84,85,86,87,88,89,90,91,92,93,94,95,96
Time [s],0,1799.806,3599.729,5399.66,7199.597,8999.513,10799.458,12599.364,14399.311,16199.219,17999.129,19799.077,21599.014,23398.929,25198.853,26998.776,28798.721,30598.646,32398.579,34198.515,35998.426,37798.366,39598.295,41398.224,43198.149,44998.073,46797.997,48597.934,50397.855,52197.79,53997.709,55797.648,57597.562,59397.496,61197.415,62997.353,64797.279,66597.204,68397.129,70197.065,71996.967,73796.9,75596.814,77396.765,79196.693,80996.622,82796.528,84596.475,86396.393,88196.312,89996.248,91796.18,93596.114,95396.034,97195.966,98995.894,100795.82,102595.755,104395.67,106195.606,107995.535,109795.451,111595.395,113395.325,115195.239,116995.182,118795.096,120595.023,122394.949,124194.883,125994.805,127794.735,129594.672,131394.601,133194.53,134994.454,136794.373,138594.307,140394.225,142194.153,143994.083,145794.008,147593.92,149393.863,151193.795,152993.716,154793.66,156593.577,158393.507,160193.44,161993.355,163793.28,165593.216,167393.131,169193.06,170993.004
Temp. [°C],20,29.7,30.1,30,30,30.1,30,29.9,29.9,29.9,30,30,29.9,29.9,30.1,29.9,30,30,29.9,29.9,30,30,30,30.1,30,30.1,29.9,30,30,30.1,30,30.1,30.1,29.9,29.9,30,29.9,30.1,29.8,30,30.1,30.1,29.9,30.1,30,30.1,30.1,30.1,29.9,30,30,30,30,30.1,30,30,30.1,30,30,30,30,29.9,30.1,30.1,30,30,30,30,30,29.9,30,30,30,30,30,30.1,30.1,30.1,30.1,30.1,29.9,29.9,30.1,30.1,29.9,29.9,29.9,30.1,30,30,30.1,30,30.1,30,30.1,29.9
Mean,0.12874,0.1232,0.126,0.12796,0.13084,0.13482,0.14004,0.14684,0.15604,0.16876,0.18678,0.21186,0.2453,0.29134,0.34962,0.4198,0.50286,0.59674,0.70158,0.8088,0.91204,1.00098,1.07696,1.13352,1.17574,1.20764,1.23232,1.25368,1.27048,1.28508,1.29752,1.3084,1.31732,1.32524,1.33104,1.33636,1.34074,1.3452,1.34798,1.35032,1.35262,1.35454,1.35654,1.35846,1.36104,1.36182,1.36442,1.36664,1.3684,1.3703,1.37188,1.37298,1.37418,1.37684,1.37812,1.38026,1.3818,1.38304,1.38484,1.38574,1.3871,1.38796,1.38934,1.3905,1.39186,1.39242,1.39346,1.39492,1.39584,1.39718,1.3978,1.39876,1.40004,1.40118,1.4023,1.40332,1.40436,1.40508,1.40622,1.40722,1.40802,1.40952,1.41032,1.4114,1.412,1.41342,1.41466,1.41528,1.41558,1.41762,1.41828,1.41888,1.41958,1.42056,1.42172,1.42252
StDev,0.002995497,0.004168933,0.005286303,0.005618541,0.00611539,0.006866367,0.007615642,0.007938073,0.008141437,0.007872293,0.006840833,0.005548243,0.006431563,0.011137459,0.018034467,0.027067046,0.039689583,0.052726587,0.067444436,0.078371391,0.085778657,0.088231525,0.087489902,0.084272605,0.081223353,0.081340722,0.078974217,0.077999179,0.075975075,0.075962109,0.07439877,0.073982836,0.073514808,0.07262808,0.071471484,0.069924767,0.069608211,0.068843772,0.067650033,0.066004598,0.065059642,0.064363095,0.064984521,0.063185465,0.062517941,0.062248269,0.062235818,0.062613281,0.061114933,0.061252837,0.060851598,0.060524722,0.060256012,0.059597341,0.060161092,0.059296189,0.059092005,0.05925532,0.058739961,0.058585177,0.058224565,0.057744333,0.057179437,0.05693268,0.057039705,0.056928306,0.056914611,0.056378515,0.056642458,0.055981354,0.056271307,0.056508433,0.056219374,0.055944142,0.05583798,0.055415404,0.055646545,0.055485196,0.056748806,0.056281054,0.055813412,0.054951042,0.054673961,0.054527058,0.054366074,0.054625836,0.054347797,0.054366782,0.053228395,0.054059846,0.053419912,0.052867637,0.052897703,0.053387527,0.05264216,0.053020392
1;2,0.1263,0.119,0.1209,0.1228,0.1253,0.1284,0.1331,0.1399,0.1491,0.1624,0.1829,0.212,0.2515,0.3054,0.372,0.4522,0.5483,0.6548,0.7724,0.8866,0.9961,1.0856,1.1569,1.2099,1.2499,1.2811,1.3024,1.3239,1.3389,1.3517,1.3628,1.3727,1.3824,1.3879,1.3916,1.397,1.4011,1.4047,1.406,1.4071,1.407,1.4101,1.4133,1.4129,1.415,1.4154,1.418,1.4201,1.4206,1.4226,1.4237,1.4234,1.4232,1.4264,1.4286,1.4312,1.4323,1.4328,1.4352,1.4352,1.4379,1.4373,1.4388,1.4394,1.4412,1.4406,1.4415,1.443,1.4433,1.4442,1.4448,1.4458,1.4474,1.4479,1.4493,1.4495,1.4506,1.4503,1.453,1.4544,1.4527,1.4541,1.4549,1.456,1.4559,1.4578,1.4597,1.459,1.4575,1.4605,1.4615,1.4614,1.4617,1.4622,1.4626,1.4646
2;1,0.1302,0.126,0.1299,0.1322,0.1357,0.1401,0.1457,0.1524,0.1616,0.1743,0.191,0.2136,0.2433,0.2842,0.3356,0.3951,0.4659,0.5479,0.638,0.734,0.8295,0.9152,0.9889,1.0475,1.0906,1.1226,1.1494,1.1715,1.1903,1.2035,1.2171,1.2278,1.238,1.2458,1.2526,1.2597,1.2645,1.2696,1.2721,1.2767,1.2787,1.2804,1.2816,1.2851,1.2879,1.2883,1.2899,1.2905,1.2944,1.2962,1.298,1.2978,1.2971,1.3017,1.3022,1.3061,1.3086,1.3089,1.3113,1.3116,1.3141,1.3143,1.3162,1.3178,1.3196,1.3196,1.3199,1.3231,1.3226,1.3252,1.3246,1.3257,1.3271,1.3285,1.3297,1.3311,1.3313,1.3319,1.3311,1.3331,1.3342,1.3371,1.3381,1.3398,1.3399,1.341,1.3426,1.3432,1.344,1.3447,1.3467,1.348,1.3484,1.3473,1.3495,1.3507
2;2,0.1288,0.1216,0.1236,0.1252,0.1277,0.1311,0.1358,0.1425,0.1515,0.1648,0.1839,0.2117,0.249,0.3007,0.3665,0.4448,0.5394,0.6451,0.7637,0.8824,0.9914,1.083,1.1594,1.2129,1.2523,1.2842,1.3077,1.3282,1.3433,1.3581,1.3692,1.3799,1.3879,1.3959,1.401,1.4042,1.4086,1.4124,1.414,1.4142,1.4175,1.4172,1.4194,1.4202,1.4229,1.4231,1.4254,1.4276,1.4281,1.43,1.4315,1.4325,1.4335,1.4354,1.4367,1.4382,1.44,1.4415,1.4424,1.4437,1.4435,1.4444,1.4444,1.4458,1.4472,1.4483,1.4489,1.4501,1.4511,1.4522,1.4528,1.4544,1.4551,1.4563,1.4573,1.4584,1.4595,1.4604,1.4622,1.4622,1.4641,1.464,1.4644,1.4652,1.4656,1.4675,1.4681,1.4695,1.4684,1.4713,1.4708,1.4711,1.472,1.4735,1.4736,1.4751
2;3,0.1255,0.1204,0.1224,0.124,0.1265,0.1304,0.1351,0.1414,0.1504,0.1625,0.1796,0.2033,0.2351,0.2795,0.3372,0.4109,0.4965,0.5941,0.7048,0.8183,0.9263,1.0181,1.0986,1.1554,1.196,1.2293,1.2536,1.2731,1.289,1.3059,1.3176,1.3289,1.3367,1.3453,1.3517,1.3555,1.3593,1.3637,1.3667,1.3692,1.3704,1.3718,1.3736,1.3751,1.376,1.3773,1.3801,1.3834,1.3845,1.3867,1.3878,1.3896,1.3915,1.393,1.3946,1.3946,1.396,1.3982,1.3989,1.3997,1.4007,1.4017,1.4033,1.4042,1.4054,1.4062,1.4078,1.4084,1.4105,1.411,1.4122,1.413,1.4137,1.4148,1.4153,1.416,1.4173,1.4186,1.4201,1.4209,1.422,1.4238,1.4243,1.4256,1.4267,1.4274,1.4278,1.4292,1.4304,1.432,1.4324,1.4328,1.4337,1.4351,1.4369,1.4365
3;2,0.1329,0.129,0.1332,0.1356,0.139,0.1441,0.1505,0.158,0.1676,0.1798,0.1965,0.2187,0.2476,0.2869,0.3368,0.396,0.4642,0.5418,0.629,0.7227,0.8169,0.903,0.981,1.0419,1.0899,1.121,1.1485,1.1717,1.1909,1.2062,1.2209,1.2327,1.2416,1.2513,1.2583,1.2654,1.2702,1.2756,1.2811,1.2844,1.2895,1.2932,1.2948,1.299,1.3034,1.305,1.3087,1.3116,1.3144,1.316,1.3184,1.3216,1.3256,1.3277,1.3285,1.3312,1.3321,1.3338,1.3364,1.3385,1.3393,1.3421,1.344,1.3453,1.3459,1.3474,1.3492,1.35,1.3517,1.3533,1.3546,1.3549,1.3569,1.3584,1.3599,1.3616,1.3631,1.3642,1.3647,1.3655,1.3671,1.3686,1.3699,1.3704,1.3719,1.3734,1.3751,1.3755,1.3776,1.3796,1.38,1.3811,1.3821,1.3847,1.386,1.3857
,,,,,,,,,,,,,,,,,,,,,,,,,,,,,,,,,,,,,,,,,,,,,,,,,,,,,,,,,,,,,,,,,,,,,,,,,,,,,,,,,,,,,,,,,,,,,,,,
Cycles / Well,,,,,,,,,,,,,,,,,,,,,,,,,,,,,,,,,,,,,,,,,,,,,,,,,,,,,,,,,,,,,,,,,,,,,,,,,,,,,,,,,,,,,,,,,,,,,,,,
G7,1,2,3,4,5,6,7,8,9,10,11,12,13,14,15,16,17,18,19,20,21,22,23,24,25,26,27,28,29,30,31,32,33,34,35,36,37,38,39,40,41,42,43,44,45,46,47,48,49,50,51,52,53,54,55,56,57,58,59,60,61,62,63,64,65,66,67,68,69,70,71,72,73,74,75,76,77,78,79,80,81,82,83,84,85,86,87,88,89,90,91,92,93,94,95,96
Time [s],0,1799.806,3599.729,5399.66,7199.597,8999.513,10799.458,12599.364,14399.311,16199.219,17999.129,19799.077,21599.014,23398.929,25198.853,26998.776,28798.721,30598.646,32398.579,34198.515,35998.426,37798.366,39598.295,41398.224,43198.149,44998.073,46797.997,48597.934,50397.855,52197.79,53997.709,55797.648,57597.562,59397.496,61197.415,62997.353,64797.279,66597.204,68397.129,70197.065,71996.967,73796.9,75596.814,77396.765,79196.693,80996.622,82796.528,84596.475,86396.393,88196.312,89996.248,91796.18,93596.114,95396.034,97195.966,98995.894,100795.82,102595.755,104395.67,106195.606,107995.535,109795.451,111595.395,113395.325,115195.239,116995.182,118795.096,120595.023,122394.949,124194.883,125994.805,127794.735,129594.672,131394.601,133194.53,134994.454,136794.373,138594.307,140394.225,142194.153,143994.083,145794.008,147593.92,149393.863,151193.795,152993.716,154793.66,156593.577,158393.507,160193.44,161993.355,163793.28,165593.216,167393.131,169193.06,170993.004
Temp. [°C],20,29.7,30.1,30,30,30.1,30,29.9,29.9,29.9,30,30,29.9,29.9,30.1,29.9,30,30,29.9,29.9,30,30,30,30.1,30,30.1,29.9,30,30,30.1,30,30.1,30.1,29.9,29.9,30,29.9,30.1,29.8,30,30.1,30.1,29.9,30.1,30,30.1,30.1,30.1,29.9,30,30,30,30,30.1,30,30,30.1,30,30,30,30,29.9,30.1,30.1,30,30,30,30,30,29.9,30,30,30,30,30,30.1,30.1,30.1,30.1,30.1,29.9,29.9,30.1,30.1,29.9,29.9,29.9,30.1,30,30,30.1,30,30.1,30,30.1,29.9
Mean,0.12972,0.12458,0.12648,0.12864,0.13166,0.13574,0.14096,0.14828,0.1586,0.1731,0.19272,0.2192,0.25362,0.29732,0.3527,0.41916,0.49792,0.58716,0.68516,0.78996,0.8902,0.97846,1.05562,1.1161,1.15942,1.19006,1.21474,1.23528,1.25418,1.2714,1.28632,1.29996,1.31264,1.3224,1.3312,1.33824,1.34402,1.34832,1.35208,1.35462,1.3562,1.35804,1.35998,1.36106,1.36272,1.3632,1.3652,1.36604,1.36728,1.36878,1.36964,1.37054,1.37196,1.37294,1.3739,1.37496,1.37586,1.37634,1.37782,1.37802,1.37898,1.37972,1.38106,1.38206,1.3828,1.38346,1.38442,1.38518,1.38574,1.38686,1.38802,1.38882,1.3898,1.39072,1.39178,1.39266,1.39412,1.39468,1.39578,1.39636,1.39698,1.39826,1.39954,1.40018,1.40058,1.40244,1.4036,1.40382,1.4044,1.40588,1.40658,1.4075,1.40822,1.40924,1.40976,1.4105
StDev,0.009130005,0.009067635,0.009411535,0.0099974,0.01054718,0.011578126,0.012487714,0.012965223,0.013962808,0.014934691,0.015819513,0.016338911,0.016328717,0.015588361,0.016802083,0.020017193,0.025665872,0.032546321,0.040871787,0.048696027,0.052841556,0.054194308,0.054083611,0.050666804,0.048183265,0.046556718,0.044766427,0.043784666,0.041706498,0.04126118,0.039766154,0.038709857,0.037805727,0.036844742,0.034921841,0.034574456,0.034083676,0.033546937,0.032468939,0.032354551,0.031310142,0.030893252,0.030013114,0.029064205,0.028893286,0.028764822,0.028419799,0.029252743,0.027820262,0.028183275,0.027965121,0.027485687,0.027788181,0.027606032,0.028421559,0.026991906,0.02729978,0.026984588,0.027038713,0.026877351,0.027144926,0.027265308,0.026557447,0.026935349,0.026557673,0.027102823,0.026950083,0.027095332,0.026895594,0.02697801,0.027142715,0.026800224,0.02684269,0.027243385,0.026310587,0.026619692,0.026281876,0.026569663,0.026085954,0.026393427,0.026170728,0.025934012,0.025688383,0.025912101,0.025152077,0.026235529,0.025702626,0.02597185,0.025419382,0.026503151,0.026524272,0.026182437,0.025679019,0.026150392,0.02610657,0.025864551
1;2,0.123,0.1162,0.117,0.1183,0.1207,0.1237,0.1279,0.1346,0.1435,0.1565,0.1742,0.1993,0.2325,0.2765,0.3323,0.4004,0.484,0.5802,0.6852,0.7982,0.9045,0.9963,1.0748,1.1349,1.1788,1.2088,1.232,1.252,1.2697,1.2864,1.301,1.3139,1.3267,1.3348,1.343,1.3501,1.3552,1.3584,1.362,1.3638,1.363,1.3653,1.3673,1.3679,1.3684,1.3684,1.3708,1.3728,1.3719,1.3755,1.3743,1.3746,1.3765,1.377,1.3784,1.3785,1.3796,1.3788,1.3804,1.3807,1.3831,1.3821,1.3834,1.3862,1.3853,1.3862,1.3865,1.3879,1.3863,1.388,1.3897,1.39,1.3907,1.3915,1.3925,1.3935,1.394,1.395,1.3967,1.398,1.3971,1.3977,1.399,1.4001,1.3995,1.402,1.4034,1.4023,1.4023,1.404,1.4064,1.4064,1.4053,1.407,1.4073,1.4082
2;1,0.1266,0.1238,0.1278,0.1303,0.1339,0.1382,0.1439,0.1513,0.1612,0.1753,0.1941,0.2185,0.2503,0.2911,0.3406,0.3986,0.4657,0.5439,0.6314,0.7253,0.8199,0.9075,0.9849,1.0485,1.0944,1.1268,1.1525,1.1743,1.1963,1.2144,1.2309,1.246,1.2594,1.27,1.2812,1.2896,1.2951,1.3003,1.305,1.3075,1.3105,1.3127,1.3159,1.3176,1.3201,1.3206,1.3233,1.322,1.3259,1.3261,1.3281,1.3301,1.3302,1.3316,1.3311,1.3349,1.3352,1.3363,1.3373,1.3375,1.3378,1.3386,1.3409,1.3411,1.3425,1.3419,1.3433,1.3438,1.3449,1.3458,1.3466,1.3479,1.3487,1.3489,1.3513,1.3518,1.3537,1.3533,1.3555,1.3555,1.3567,1.3586,1.3599,1.3606,1.362,1.3619,1.3637,1.3639,1.365,1.3649,1.3651,1.3666,1.3684,1.3686,1.369,1.3705
2;2,0.1306,0.1254,0.1267,0.129,0.1313,0.1345,0.1388,0.1458,0.1561,0.171,0.192,0.2209,0.2592,0.3082,0.3702,0.4456,0.5347,0.6334,0.7413,0.8533,0.9565,1.0454,1.1223,1.1777,1.2179,1.2458,1.2682,1.2878,1.3051,1.3218,1.3353,1.3472,1.3581,1.3675,1.3737,1.3808,1.3857,1.3898,1.3922,1.3945,1.3955,1.3964,1.3974,1.3968,1.3995,1.3993,1.4011,1.4015,1.4022,1.4034,1.4052,1.4061,1.4069,1.4079,1.4095,1.4096,1.4108,1.4112,1.4124,1.4121,1.4131,1.4144,1.4148,1.4156,1.4163,1.4169,1.4182,1.4191,1.4197,1.4209,1.4221,1.4222,1.4231,1.4243,1.4243,1.4256,1.4264,1.4264,1.4277,1.4285,1.4294,1.4307,1.4313,1.4327,1.4319,1.4348,1.435,1.436,1.4353,1.4382,1.4386,1.4389,1.4392,1.4407,1.4408,1.4418
2;3,0.1233,0.1182,0.1197,0.1215,0.1244,0.1284,0.1336,0.141,0.1515,0.166,0.1859,0.213,0.2489,0.2942,0.3516,0.4208,0.5044,0.5984,0.7018,0.811,0.9131,1.0017,1.0778,1.1368,1.1773,1.2084,1.2323,1.2521,1.2691,1.2867,1.2996,1.3141,1.3268,1.3354,1.3436,1.3503,1.3559,1.3601,1.3626,1.3657,1.367,1.3688,1.3698,1.3706,1.3711,1.3729,1.3742,1.3764,1.3766,1.3769,1.3779,1.3782,1.3802,1.3811,1.3826,1.3828,1.3836,1.3842,1.3856,1.3859,1.3862,1.3875,1.3884,1.3899,1.3904,1.3921,1.3923,1.3928,1.394,1.3947,1.3959,1.3976,1.3987,1.4001,1.4002,1.4014,1.4034,1.4049,1.4046,1.4052,1.4051,1.4063,1.4072,1.408,1.4083,1.4103,1.4116,1.4119,1.4126,1.4148,1.4147,1.4164,1.4168,1.4184,1.4191,1.4199
3;2,0.1451,0.1393,0.1412,0.1441,0.148,0.1539,0.1606,0.1687,0.1807,0.1967,0.2174,0.2443,0.2772,0.3166,0.3688,0.4304,0.5008,0.5799,0.6661,0.762,0.857,0.9414,1.0183,1.0826,1.1287,1.1605,1.1887,1.2102,1.2307,1.2477,1.2648,1.2786,1.2922,1.3043,1.3145,1.3204,1.3282,1.333,1.3386,1.3416,1.345,1.347,1.3495,1.3524,1.3545,1.3548,1.3566,1.3575,1.3598,1.362,1.3627,1.3637,1.366,1.3671,1.3679,1.369,1.3701,1.3712,1.3734,1.3739,1.3747,1.376,1.3778,1.3775,1.3795,1.3802,1.3818,1.3823,1.3838,1.3849,1.3858,1.3864,1.3878,1.3888,1.3906,1.391,1.3931,1.3938,1.3944,1.3946,1.3966,1.398,1.4003,1.3995,1.4012,1.4032,1.4043,1.405,1.4068,1.4075,1.4081,1.4092,1.4114,1.4115,1.4126,1.4121
,,,,,,,,,,,,,,,,,,,,,,,,,,,,,,,,,,,,,,,,,,,,,,,,,,,,,,,,,,,,,,,,,,,,,,,,,,,,,,,,,,,,,,,,,,,,,,,,
Cycles / Well,,,,,,,,,,,,,,,,,,,,,,,,,,,,,,,,,,,,,,,,,,,,,,,,,,,,,,,,,,,,,,,,,,,,,,,,,,,,,,,,,,,,,,,,,,,,,,,,
G8,1,2,3,4,5,6,7,8,9,10,11,12,13,14,15,16,17,18,19,20,21,22,23,24,25,26,27,28,29,30,31,32,33,34,35,36,37,38,39,40,41,42,43,44,45,46,47,48,49,50,51,52,53,54,55,56,57,58,59,60,61,62,63,64,65,66,67,68,69,70,71,72,73,74,75,76,77,78,79,80,81,82,83,84,85,86,87,88,89,90,91,92,93,94,95,96
Time [s],0,1799.806,3599.729,5399.66,7199.597,8999.513,10799.458,12599.364,14399.311,16199.219,17999.129,19799.077,21599.014,23398.929,25198.853,26998.776,28798.721,30598.646,32398.579,34198.515,35998.426,37798.366,39598.295,41398.224,43198.149,44998.073,46797.997,48597.934,50397.855,52197.79,53997.709,55797.648,57597.562,59397.496,61197.415,62997.353,64797.279,66597.204,68397.129,70197.065,71996.967,73796.9,75596.814,77396.765,79196.693,80996.622,82796.528,84596.475,86396.393,88196.312,89996.248,91796.18,93596.114,95396.034,97195.966,98995.894,100795.82,102595.755,104395.67,106195.606,107995.535,109795.451,111595.395,113395.325,115195.239,116995.182,118795.096,120595.023,122394.949,124194.883,125994.805,127794.735,129594.672,131394.601,133194.53,134994.454,136794.373,138594.307,140394.225,142194.153,143994.083,145794.008,147593.92,149393.863,151193.795,152993.716,154793.66,156593.577,158393.507,160193.44,161993.355,163793.28,165593.216,167393.131,169193.06,170993.004
Temp. [°C],20,29.7,30.1,30,30,30.1,30,29.9,29.9,29.9,30,30,29.9,29.9,30.1,29.9,30,30,29.9,29.9,30,30,30,30.1,30,30.1,29.9,30,30,30.1,30,30.1,30.1,29.9,29.9,30,29.9,30.1,29.8,30,30.1,30.1,29.9,30.1,30,30.1,30.1,30.1,29.9,30,30,30,30,30.1,30,30,30.1,30,30,30,30,29.9,30.1,30.1,30,30,30,30,30,29.9,30,30,30,30,30,30.1,30.1,30.1,30.1,30.1,29.9,29.9,30.1,30.1,29.9,29.9,29.9,30.1,30,30,30.1,30,30.1,30,30.1,29.9
Mean,0.10626,0.1008,0.10088,0.10074,0.1008,0.10076,0.10064,0.10066,0.10062,0.10068,0.10072,0.10074,0.10064,0.1007,0.10068,0.1007,0.10068,0.10066,0.10062,0.10056,0.10062,0.10056,0.1005,0.10064,0.10068,0.10068,0.10064,0.10066,0.1007,0.10066,0.10066,0.10066,0.10068,0.1006,0.1007,0.1008,0.10068,0.1008,0.10064,0.1006,0.10074,0.10086,0.10074,0.10076,0.10078,0.1008,0.1008,0.10098,0.10076,0.10072,0.10062,0.10054,0.1008,0.10062,0.10072,0.10054,0.10078,0.1007,0.1008,0.10076,0.10074,0.10072,0.10062,0.10076,0.10068,0.10054,0.10046,0.10048,0.10058,0.10068,0.10072,0.10066,0.10074,0.1007,0.10066,0.1008,0.10068,0.10078,0.10064,0.10066,0.10078,0.10074,0.10078,0.10072,0.10046,0.10086,0.1006,0.1009,0.10088,0.10078,0.10086,0.10094,0.10082,0.10078,0.10076,0.10114
StDev,0.003071319,0.002885308,0.003002832,0.002843062,0.002884441,0.002786216,0.002847455,0.002827189,0.002868275,0.002894305,0.002909811,0.002894478,0.00284482,0.00287663,0.002844644,0.00293087,0.002883054,0.002903963,0.002848157,0.002871933,0.002890848,0.002860594,0.002866182,0.002879757,0.002780647,0.002682722,0.002773626,0.002693139,0.002754995,0.002803212,0.002746452,0.002751908,0.002682722,0.002614383,0.002710166,0.002658007,0.002717904,0.002658007,0.002670768,0.002800893,0.002670768,0.002653865,0.002668895,0.002645373,0.002635716,0.002704626,0.002614383,0.002391025,0.002693139,0.002641401,0.002729835,0.002721764,0.002608639,0.002682722,0.002644239,0.002717168,0.002633819,0.002620115,0.0025387,0.002655748,0.002548137,0.002562616,0.002605187,0.002571575,0.00258689,0.002759167,0.002742809,0.002593646,0.002725252,0.002596536,0.002611896,0.002571575,0.002562811,0.002521904,0.002659511,0.00255245,0.002557733,0.002511374,0.002554016,0.002559883,0.002550882,0.002722683,0.002633819,0.002576238,0.002654807,0.002536336,0.00261247,0.002597114,0.002564566,0.002603267,0.002609214,0.002513563,0.002560664,0.00253318,0.002551078,0.002393324
1;2,0.1087,0.1036,0.1038,0.1036,0.1037,0.1036,0.1034,0.1035,0.1035,0.1036,0.1036,0.1036,0.1034,0.1035,0.1035,0.1035,0.1035,0.1035,0.1035,0.1034,0.1035,0.1034,0.1033,0.1034,0.1034,0.1033,0.1033,0.1033,0.1034,0.1034,0.1033,0.1033,0.1032,0.1032,0.1033,0.1034,0.1034,0.1034,0.1032,0.1033,0.1033,0.1034,0.1033,0.1034,0.1033,0.1034,0.1033,0.1032,0.1034,0.1033,0.1033,0.1031,0.1034,0.1033,0.1033,0.1031,0.1033,0.1032,0.1033,0.1033,0.1031,0.1031,0.1031,0.1032,0.1032,0.1032,0.1031,0.1029,0.1032,0.1031,0.1032,0.1031,0.1031,0.1031,0.1032,0.1032,0.1031,0.1031,0.103,0.1029,0.1031,0.1033,0.1031,0.1032,0.103,0.1031,0.1029,0.1031,0.1032,0.1031,0.1031,0.1031,0.1031,0.103,0.1031,0.1031
2;1,0.1049,0.099,0.0991,0.0989,0.0989,0.099,0.0988,0.0989,0.0988,0.0989,0.0989,0.099,0.0989,0.0988,0.0989,0.0988,0.0987,0.0988,0.0987,0.0987,0.0987,0.0987,0.0986,0.0988,0.0988,0.0988,0.0987,0.0987,0.0987,0.0988,0.0987,0.0987,0.0987,0.0986,0.0987,0.0987,0.0986,0.0987,0.0985,0.0986,0.0987,0.0987,0.0987,0.0987,0.0987,0.0988,0.0988,0.099,0.0987,0.0988,0.0985,0.0987,0.0988,0.0987,0.0985,0.0986,0.0987,0.0986,0.0986,0.0986,0.0986,0.0986,0.0985,0.0986,0.0986,0.0985,0.0985,0.0984,0.0985,0.0986,0.0985,0.0985,0.0985,0.0985,0.0985,0.0986,0.0985,0.0985,0.0985,0.0984,0.0985,0.0985,0.0985,0.0985,0.0984,0.0984,0.0984,0.0984,0.0985,0.0985,0.0985,0.0986,0.0985,0.0985,0.0985,0.0988
2;2,0.1102,0.1042,0.1044,0.104,0.1041,0.1039,0.104,0.1039,0.1039,0.104,0.1041,0.1041,0.104,0.1041,0.104,0.1042,0.1041,0.1041,0.1039,0.1039,0.104,0.1039,0.1039,0.1041,0.104,0.1039,0.104,0.1039,0.104,0.104,0.104,0.104,0.104,0.1037,0.104,0.104,0.1039,0.104,0.1039,0.104,0.104,0.1041,0.104,0.1039,0.104,0.1041,0.104,0.1039,0.104,0.1039,0.1039,0.1039,0.1039,0.1038,0.1039,0.1039,0.104,0.1039,0.1038,0.104,0.1039,0.1039,0.1038,0.1039,0.1038,0.1039,0.1038,0.1037,0.1039,0.1039,0.1039,0.1038,0.1039,0.1037,0.1039,0.1039,0.1038,0.1038,0.1038,0.1039,0.1039,0.1041,0.1041,0.1038,0.1037,0.1039,0.1039,0.1041,0.104,0.104,0.1041,0.104,0.104,0.1039,0.1039,0.1038
2;3,0.1047,0.0993,0.0993,0.0993,0.0994,0.0994,0.0992,0.0992,0.0992,0.0991,0.0992,0.0992,0.0991,0.0992,0.0991,0.0992,0.0991,0.099,0.0991,0.0991,0.099,0.099,0.0989,0.099,0.099,0.099,0.099,0.0988,0.099,0.099,0.0989,0.099,0.0989,0.099,0.099,0.099,0.0988,0.099,0.0988,0.0988,0.099,0.099,0.0989,0.0989,0.0988,0.0989,0.099,0.0989,0.0989,0.099,0.0987,0.0987,0.0989,0.0988,0.0989,0.0986,0.0989,0.0987,0.0988,0.0988,0.0988,0.0988,0.0986,0.0988,0.0988,0.0985,0.0986,0.0986,0.0988,0.0987,0.0987,0.0987,0.0987,0.0985,0.0986,0.0987,0.0987,0.0986,0.0986,0.0986,0.0986,0.0988,0.0986,0.0986,0.0984,0.0986,0.0984,0.0986,0.0987,0.0985,0.0985,0.0986,0.0987,0.0985,0.0987,0.0986
3;2,0.1028,0.0979,0.0978,0.0979,0.0979,0.0979,0.0978,0.0978,0.0977,0.0978,0.0978,0.0978,0.0978,0.0979,0.0979,0.0978,0.098,0.0979,0.0979,0.0977,0.0979,0.0978,0.0978,0.0979,0.0982,0.0984,0.0982,0.0986,0.0984,0.0981,0.0984,0.0983,0.0986,0.0985,0.0985,0.0989,0.0987,0.0989,0.0988,0.0983,0.0987,0.0991,0.0988,0.0989,0.0991,0.0988,0.0989,0.0999,0.0988,0.0986,0.0987,0.0983,0.099,0.0985,0.099,0.0985,0.099,0.0991,0.0995,0.0991,0.0993,0.0992,0.0991,0.0993,0.099,0.0986,0.0983,0.0988,0.0985,0.0991,0.0993,0.0992,0.0995,0.0997,0.0991,0.0996,0.0993,0.0999,0.0993,0.0995,0.0998,0.099,0.0996,0.0995,0.0988,0.1003,0.0994,0.1003,0.1,0.0998,0.1001,0.1004,0.0998,0.1,0.0996,0.1014
,,,,,,,,,,,,,,,,,,,,,,,,,,,,,,,,,,,,,,,,,,,,,,,,,,,,,,,,,,,,,,,,,,,,,,,,,,,,,,,,,,,,,,,,,,,,,,,,
Cycles / Well,,,,,,,,,,,,,,,,,,,,,,,,,,,,,,,,,,,,,,,,,,,,,,,,,,,,,,,,,,,,,,,,,,,,,,,,,,,,,,,,,,,,,,,,,,,,,,,,
G9,1,2,3,4,5,6,7,8,9,10,11,12,13,14,15,16,17,18,19,20,21,22,23,24,25,26,27,28,29,30,31,32,33,34,35,36,37,38,39,40,41,42,43,44,45,46,47,48,49,50,51,52,53,54,55,56,57,58,59,60,61,62,63,64,65,66,67,68,69,70,71,72,73,74,75,76,77,78,79,80,81,82,83,84,85,86,87,88,89,90,91,92,93,94,95,96
Time [s],0,1799.806,3599.729,5399.66,7199.597,8999.513,10799.458,12599.364,14399.311,16199.219,17999.129,19799.077,21599.014,23398.929,25198.853,26998.776,28798.721,30598.646,32398.579,34198.515,35998.426,37798.366,39598.295,41398.224,43198.149,44998.073,46797.997,48597.934,50397.855,52197.79,53997.709,55797.648,57597.562,59397.496,61197.415,62997.353,64797.279,66597.204,68397.129,70197.065,71996.967,73796.9,75596.814,77396.765,79196.693,80996.622,82796.528,84596.475,86396.393,88196.312,89996.248,91796.18,93596.114,95396.034,97195.966,98995.894,100795.82,102595.755,104395.67,106195.606,107995.535,109795.451,111595.395,113395.325,115195.239,116995.182,118795.096,120595.023,122394.949,124194.883,125994.805,127794.735,129594.672,131394.601,133194.53,134994.454,136794.373,138594.307,140394.225,142194.153,143994.083,145794.008,147593.92,149393.863,151193.795,152993.716,154793.66,156593.577,158393.507,160193.44,161993.355,163793.28,165593.216,167393.131,169193.06,170993.004
Temp. [°C],20,29.7,30.1,30,30,30.1,30,29.9,29.9,29.9,30,30,29.9,29.9,30.1,29.9,30,30,29.9,29.9,30,30,30,30.1,30,30.1,29.9,30,30,30.1,30,30.1,30.1,29.9,29.9,30,29.9,30.1,29.8,30,30.1,30.1,29.9,30.1,30,30.1,30.1,30.1,29.9,30,30,30,30,30.1,30,30,30.1,30,30,30,30,29.9,30.1,30.1,30,30,30,30,30,29.9,30,30,30,30,30,30.1,30.1,30.1,30.1,30.1,29.9,29.9,30.1,30.1,29.9,29.9,29.9,30.1,30,30,30.1,30,30.1,30,30.1,29.9
Mean,0.10394,0.10002,0.10012,0.10002,0.10008,0.10012,0.09998,0.09994,0.0999,0.09998,0.10016,0.10012,0.10002,0.1,0.10008,0.10002,0.09992,0.10002,0.09992,0.09992,0.10004,0.0999,0.09996,0.1,0.1001,0.1001,0.10008,0.10006,0.10018,0.10002,0.09998,0.10004,0.10006,0.0999,0.1,0.10008,0.1,0.10016,0.09998,0.09992,0.10012,0.10016,0.1001,0.1001,0.10014,0.10008,0.10004,0.10004,0.10004,0.09994,0.09992,0.09978,0.09996,0.09996,0.09998,0.09986,0.10004,0.10004,0.1,0.09988,0.09978,0.09982,0.0998,0.10004,0.10004,0.09984,0.09968,0.09972,0.0998,0.09992,0.1,0.09984,0.1,0.09988,0.09992,0.09992,0.09996,0.09996,0.09984,0.09988,0.1001,0.09996,0.09998,0.09992,0.09976,0.1001,0.09984,0.10002,0.09994,0.09992,0.1,0.09992,0.09998,0.09998,0.09988,0.10016
StDev,0.004306158,0.003309381,0.00334021,0.003361845,0.003278262,0.0032874,0.003278262,0.003333617,0.003268792,0.003319187,0.003172223,0.003224438,0.003297272,0.003251154,0.003197186,0.003331216,0.003331216,0.003266037,0.003331216,0.003221335,0.00312618,0.003303029,0.003164332,0.003118493,0.003051229,0.003072458,0.003122019,0.003145314,0.003026054,0.003146744,0.003179937,0.003186377,0.003043518,0.003222577,0.003168596,0.003134007,0.00317175,0.003134167,0.003013636,0.003084964,0.003146744,0.003035292,0.003095965,0.003062679,0.003006327,0.003176004,0.003225368,0.003110145,0.003175374,0.003288313,0.003150714,0.003264506,0.003158006,0.003169069,0.003086584,0.003172223,0.00305745,0.003151666,0.00304795,0.003139586,0.003251461,0.003200312,0.003158322,0.003051721,0.00300882,0.003169858,0.003187005,0.003157847,0.003190611,0.003128418,0.003041381,0.003061536,0.003038092,0.003004497,0.003076849,0.003026054,0.003035292,0.00298379,0.003105318,0.003022747,0.002936835,0.003142133,0.003017781,0.003122019,0.003142133,0.002895686,0.002903102,0.002932917,0.003054177,0.003023574,0.003038914,0.003028531,0.003019437,0.002909811,0.003022747,0.002791595
1;2,0.1081,0.1032,0.1035,0.1033,0.1033,0.1034,0.1032,0.1032,0.1031,0.1033,0.1033,0.1033,0.1032,0.1032,0.1033,0.1033,0.1032,0.1033,0.1032,0.1032,0.1031,0.1032,0.1031,0.1032,0.1032,0.1031,0.1032,0.1032,0.1032,0.1032,0.1031,0.1033,0.1031,0.1032,0.1031,0.1032,0.1032,0.1033,0.103,0.103,0.1033,0.1032,0.1033,0.1032,0.1032,0.1033,0.1033,0.1032,0.1032,0.1032,0.103,0.1031,0.1031,0.1032,0.1031,0.103,0.1031,0.1032,0.1031,0.103,0.103,0.103,0.103,0.1031,0.103,0.103,0.1028,0.1028,0.1029,0.1031,0.1031,0.1029,0.1031,0.103,0.1031,0.103,0.103,0.103,0.103,0.1029,0.1031,0.1032,0.1031,0.1031,0.103,0.1031,0.1028,0.103,0.1031,0.1031,0.1031,0.103,0.1031,0.103,0.1029,0.103
2;1,0.1012,0.098,0.0981,0.098,0.098,0.0981,0.0979,0.0979,0.0978,0.0978,0.098,0.098,0.0979,0.0979,0.0979,0.0979,0.0978,0.0978,0.0978,0.0978,0.0978,0.0978,0.0977,0.0978,0.0978,0.0979,0.0977,0.0977,0.0979,0.0978,0.0977,0.0978,0.0979,0.0977,0.0977,0.0977,0.0978,0.0978,0.0976,0.0977,0.0979,0.0978,0.0977,0.0978,0.0978,0.0978,0.0978,0.0978,0.0978,0.0978,0.0977,0.0976,0.0978,0.0978,0.0977,0.0977,0.0977,0.0978,0.0976,0.0976,0.0976,0.0976,0.0976,0.0978,0.0976,0.0977,0.0975,0.0974,0.0976,0.0976,0.0977,0.0976,0.0975,0.0976,0.0976,0.0975,0.0976,0.0975,0.0975,0.0975,0.0977,0.0976,0.0975,0.0974,0.0974,0.0975,0.0974,0.0974,0.0976,0.0975,0.0976,0.0976,0.0976,0.0975,0.0975,0.0977
2;2,0.1087,0.1038,0.1038,0.1038,0.1038,0.1038,0.1037,0.1037,0.1036,0.1037,0.1038,0.1038,0.1038,0.1037,0.1037,0.1038,0.1037,0.1037,0.1037,0.1035,0.1037,0.1036,0.1036,0.1035,0.1036,0.1037,0.1037,0.1037,0.1037,0.1036,0.1037,0.1036,0.1036,0.1035,0.1037,0.1037,0.1036,0.1038,0.1035,0.1035,0.1037,0.1037,0.1036,0.1036,0.1036,0.1037,0.1037,0.1036,0.1037,0.1037,0.1036,0.1034,0.1036,0.1035,0.1035,0.1035,0.1036,0.1037,0.1035,0.1035,0.1035,0.1035,0.1034,0.1036,0.1036,0.1035,0.1034,0.1034,0.1035,0.1035,0.1035,0.1034,0.1035,0.1033,0.1034,0.1034,0.1035,0.1034,0.1034,0.1034,0.1035,0.1035,0.1034,0.1035,0.1033,0.1034,0.1032,0.1034,0.1034,0.1033,0.1035,0.1034,0.1034,0.1033,0.1034,0.1034
2;3,0.1028,0.0988,0.0988,0.0988,0.0988,0.0988,0.0987,0.0987,0.0987,0.0987,0.0988,0.0988,0.0988,0.0987,0.0987,0.0987,0.0986,0.0987,0.0986,0.0986,0.0986,0.0986,0.0986,0.0986,0.0986,0.0987,0.0986,0.0986,0.0987,0.0986,0.0985,0.0987,0.0985,0.0985,0.0986,0.0987,0.0986,0.0986,0.0984,0.0984,0.0987,0.0986,0.0986,0.0987,0.0986,0.0986,0.0986,0.0985,0.0986,0.0985,0.0985,0.0985,0.0985,0.0986,0.0986,0.0985,0.0985,0.0984,0.0985,0.0985,0.0984,0.0984,0.0983,0.0984,0.0985,0.0983,0.0982,0.0984,0.0985,0.0984,0.0984,0.0983,0.0984,0.0982,0.0984,0.0984,0.0984,0.0984,0.0983,0.0984,0.0984,0.0985,0.0985,0.0984,0.0983,0.0984,0.0982,0.0985,0.0984,0.0984,0.0984,0.0984,0.0985,0.0983,0.0984,0.0984
3;2,0.0989,0.0963,0.0964,0.0962,0.0965,0.0965,0.0964,0.0962,0.0963,0.0964,0.0969,0.0967,0.0964,0.0965,0.0968,0.0964,0.0963,0.0966,0.0963,0.0965,0.097,0.0963,0.0968,0.0969,0.0973,0.0971,0.0972,0.0971,0.0974,0.0969,0.0969,0.0968,0.0972,0.0966,0.0969,0.0971,0.0968,0.0973,0.0974,0.097,0.097,0.0975,0.0973,0.0972,0.0975,0.097,0.0968,0.0971,0.0969,0.0965,0.0968,0.0963,0.0968,0.0967,0.097,0.0966,0.0973,0.0971,0.0973,0.0968,0.0964,0.0966,0.0967,0.0973,0.0975,0.0967,0.0965,0.0966,0.0965,0.097,0.0973,0.097,0.0975,0.0973,0.0971,0.0973,0.0973,0.0975,0.097,0.0972,0.0978,0.097,0.0974,0.0972,0.0968,0.0981,0.0976,0.0978,0.0972,0.0973,0.0974,0.0972,0.0973,0.0978,0.0972,0.0983
,,,,,,,,,,,,,,,,,,,,,,,,,,,,,,,,,,,,,,,,,,,,,,,,,,,,,,,,,,,,,,,,,,,,,,,,,,,,,,,,,,,,,,,,,,,,,,,,
Cycles / Well,,,,,,,,,,,,,,,,,,,,,,,,,,,,,,,,,,,,,,,,,,,,,,,,,,,,,,,,,,,,,,,,,,,,,,,,,,,,,,,,,,,,,,,,,,,,,,,,
G10,1,2,3,4,5,6,7,8,9,10,11,12,13,14,15,16,17,18,19,20,21,22,23,24,25,26,27,28,29,30,31,32,33,34,35,36,37,38,39,40,41,42,43,44,45,46,47,48,49,50,51,52,53,54,55,56,57,58,59,60,61,62,63,64,65,66,67,68,69,70,71,72,73,74,75,76,77,78,79,80,81,82,83,84,85,86,87,88,89,90,91,92,93,94,95,96
Time [s],0,1799.806,3599.729,5399.66,7199.597,8999.513,10799.458,12599.364,14399.311,16199.219,17999.129,19799.077,21599.014,23398.929,25198.853,26998.776,28798.721,30598.646,32398.579,34198.515,35998.426,37798.366,39598.295,41398.224,43198.149,44998.073,46797.997,48597.934,50397.855,52197.79,53997.709,55797.648,57597.562,59397.496,61197.415,62997.353,64797.279,66597.204,68397.129,70197.065,71996.967,73796.9,75596.814,77396.765,79196.693,80996.622,82796.528,84596.475,86396.393,88196.312,89996.248,91796.18,93596.114,95396.034,97195.966,98995.894,100795.82,102595.755,104395.67,106195.606,107995.535,109795.451,111595.395,113395.325,115195.239,116995.182,118795.096,120595.023,122394.949,124194.883,125994.805,127794.735,129594.672,131394.601,133194.53,134994.454,136794.373,138594.307,140394.225,142194.153,143994.083,145794.008,147593.92,149393.863,151193.795,152993.716,154793.66,156593.577,158393.507,160193.44,161993.355,163793.28,165593.216,167393.131,169193.06,170993.004
Temp. [°C],20,29.7,30.1,30,30,30.1,30,29.9,29.9,29.9,30,30,29.9,29.9,30.1,29.9,30,30,29.9,29.9,30,30,30,30.1,30,30.1,29.9,30,30,30.1,30,30.1,30.1,29.9,29.9,30,29.9,30.1,29.8,30,30.1,30.1,29.9,30.1,30,30.1,30.1,30.1,29.9,30,30,30,30,30.1,30,30,30.1,30,30,30,30,29.9,30.1,30.1,30,30,30,30,30,29.9,30,30,30,30,30,30.1,30.1,30.1,30.1,30.1,29.9,29.9,30.1,30.1,29.9,29.9,29.9,30.1,30,30,30.1,30,30.1,30,30.1,29.9
Mean,0.10386,0.10064,0.10088,0.1007,0.10076,0.10078,0.10066,0.1007,0.1006,0.10068,0.10078,0.10074,0.10068,0.10072,0.10068,0.10064,0.10062,0.10062,0.10062,0.10062,0.1007,0.10052,0.10054,0.10058,0.10064,0.10062,0.10058,0.1006,0.10066,0.10062,0.10052,0.1006,0.1006,0.1005,0.10056,0.10062,0.10048,0.10066,0.10044,0.10048,0.10056,0.10056,0.10054,0.1006,0.10052,0.10062,0.10052,0.10052,0.10058,0.10052,0.10046,0.10034,0.1005,0.10056,0.10048,0.10048,0.1005,0.10042,0.10042,0.10048,0.10046,0.10042,0.10032,0.10052,0.10044,0.10046,0.10034,0.10032,0.10042,0.10044,0.10048,0.10044,0.10042,0.1004,0.10042,0.10042,0.10044,0.1004,0.10036,0.10036,0.10048,0.10048,0.10036,0.10036,0.10028,0.1004,0.10018,0.10034,0.10044,0.10036,0.10044,0.10046,0.10048,0.1004,0.10036,0.1004
StDev,0.004452303,0.003431181,0.00348023,0.003450362,0.003434094,0.003459335,0.003434094,0.003543304,0.003448188,0.003478074,0.003459335,0.003463813,0.003421549,0.003475198,0.00342301,0.003445722,0.003475198,0.003493852,0.003436859,0.003439767,0.003393376,0.003457166,0.003448623,0.003459335,0.003407785,0.003401029,0.003368531,0.0034322,0.003471023,0.003475198,0.003475198,0.003448188,0.003393376,0.003450362,0.003416577,0.003418625,0.003441947,0.003416577,0.003445722,0.003404703,0.003396027,0.003416577,0.003407052,0.003393376,0.003457166,0.003420819,0.00345789,0.003420819,0.003441947,0.003401029,0.003471023,0.003500429,0.003431472,0.003434094,0.00342301,0.003441947,0.003450362,0.003439041,0.003473759,0.003461503,0.00345297,0.003511695,0.003418625,0.003418625,0.003463813,0.003471023,0.003407052,0.003367046,0.003475198,0.003407785,0.00342301,0.003428265,0.003403234,0.003376389,0.003420819,0.003403234,0.003407785,0.0034322,0.003379793,0.003416577,0.003465112,0.003444125,0.003454417,0.003416577,0.003404703,0.003376389,0.003480948,0.003375352,0.003359018,0.003416577,0.003412184,0.003399706,0.003371498,0.003359315,0.003399706,0.003344398
1;2,0.1083,0.104,0.1043,0.1041,0.1042,0.1043,0.1041,0.1042,0.1041,0.1042,0.1043,0.1042,0.1042,0.1042,0.1041,0.1041,0.1041,0.1041,0.1041,0.104,0.1041,0.104,0.1039,0.1041,0.1041,0.104,0.1039,0.104,0.1042,0.1041,0.104,0.1041,0.104,0.1039,0.104,0.1041,0.104,0.1041,0.1039,0.1039,0.104,0.104,0.104,0.104,0.104,0.104,0.104,0.1039,0.1041,0.104,0.104,0.1039,0.1039,0.104,0.1039,0.104,0.1039,0.1038,0.104,0.1039,0.1039,0.104,0.1038,0.104,0.1039,0.104,0.1038,0.1036,0.1039,0.1039,0.1039,0.1039,0.1038,0.1038,0.1038,0.1038,0.1039,0.1038,0.1037,0.1038,0.104,0.1039,0.1039,0.1038,0.1037,0.1038,0.1037,0.1037,0.1038,0.1038,0.1039,0.1039,0.1039,0.1038,0.1038,0.1038
2;1,0.1014,0.099,0.0994,0.0992,0.0992,0.0992,0.0991,0.0991,0.0991,0.0992,0.0992,0.0992,0.0991,0.0992,0.0991,0.0991,0.0991,0.0991,0.0991,0.0992,0.0992,0.0989,0.099,0.099,0.0992,0.0992,0.0991,0.099,0.099,0.0991,0.099,0.0991,0.0991,0.0989,0.0989,0.0991,0.0988,0.099,0.0988,0.0989,0.099,0.0989,0.099,0.0991,0.0989,0.099,0.0988,0.099,0.0989,0.0989,0.0988,0.0987,0.099,0.099,0.099,0.0989,0.099,0.0989,0.0989,0.0989,0.0989,0.0988,0.0987,0.0989,0.0989,0.0988,0.0988,0.0987,0.0989,0.099,0.0989,0.0988,0.0988,0.0989,0.0988,0.0988,0.099,0.0988,0.0988,0.0988,0.0987,0.0988,0.0986,0.0987,0.0987,0.0987,0.0985,0.0986,0.0988,0.0987,0.0987,0.0988,0.0988,0.0987,0.0987,0.0988
2;2,0.1087,0.1045,0.1047,0.1045,0.1045,0.1045,0.1044,0.1046,0.1043,0.1044,0.1045,0.1045,0.1043,0.1045,0.1044,0.1044,0.1044,0.1044,0.1043,0.1044,0.1044,0.1043,0.1044,0.1043,0.1043,0.1043,0.1043,0.1044,0.1044,0.1044,0.1043,0.1043,0.1043,0.1043,0.1043,0.1043,0.1042,0.1044,0.1042,0.1042,0.1042,0.1043,0.1042,0.1043,0.1043,0.1044,0.1043,0.1043,0.1043,0.1042,0.1042,0.1041,0.1042,0.1043,0.1042,0.1042,0.1043,0.1042,0.1041,0.1043,0.1042,0.1042,0.104,0.1042,0.1042,0.1042,0.104,0.1041,0.1042,0.1041,0.1042,0.1042,0.1042,0.1041,0.1042,0.1042,0.1041,0.1042,0.1041,0.1041,0.1043,0.1043,0.1041,0.1041,0.104,0.1041,0.104,0.1041,0.1042,0.1041,0.1042,0.1042,0.1042,0.1041,0.1041,0.1041
2;3,0.1023,0.099,0.0993,0.0991,0.0992,0.0992,0.0991,0.0991,0.099,0.0991,0.0992,0.0992,0.0992,0.0991,0.0992,0.099,0.099,0.0991,0.0991,0.099,0.0991,0.0989,0.0989,0.099,0.099,0.0991,0.099,0.099,0.0991,0.099,0.0989,0.099,0.099,0.099,0.099,0.099,0.0989,0.0991,0.0989,0.0989,0.0991,0.099,0.099,0.099,0.0989,0.0991,0.099,0.0989,0.099,0.0989,0.0989,0.0988,0.0991,0.099,0.0989,0.0988,0.0989,0.0989,0.0988,0.0989,0.099,0.0988,0.0988,0.099,0.0989,0.0989,0.0988,0.0988,0.0988,0.0988,0.099,0.0988,0.0988,0.0987,0.0989,0.0988,0.0988,0.0988,0.0988,0.0987,0.0988,0.0989,0.0988,0.0988,0.0987,0.0989,0.0985,0.0988,0.0987,0.0988,0.0988,0.0988,0.0988,0.0988,0.0987,0.0986
3;2,0.0986,0.0967,0.0967,0.0966,0.0967,0.0967,0.0966,0.0965,0.0965,0.0965,0.0967,0.0966,0.0966,0.0966,0.0966,0.0966,0.0965,0.0964,0.0965,0.0965,0.0967,0.0965,0.0965,0.0965,0.0966,0.0965,0.0966,0.0966,0.0966,0.0965,0.0964,0.0965,0.0966,0.0964,0.0966,0.0966,0.0965,0.0967,0.0964,0.0965,0.0965,0.0966,0.0965,0.0966,0.0965,0.0966,0.0965,0.0965,0.0966,0.0966,0.0964,0.0962,0.0963,0.0965,0.0964,0.0965,0.0964,0.0963,0.0963,0.0964,0.0963,0.0963,0.0963,0.0965,0.0963,0.0964,0.0963,0.0964,0.0963,0.0964,0.0964,0.0965,0.0965,0.0965,0.0964,0.0965,0.0964,0.0964,0.0964,0.0964,0.0966,0.0965,0.0964,0.0964,0.0963,0.0965,0.0962,0.0965,0.0967,0.0964,0.0966,0.0966,0.0967,0.0966,0.0965,0.0967
,,,,,,,,,,,,,,,,,,,,,,,,,,,,,,,,,,,,,,,,,,,,,,,,,,,,,,,,,,,,,,,,,,,,,,,,,,,,,,,,,,,,,,,,,,,,,,,,
Cycles / Well,,,,,,,,,,,,,,,,,,,,,,,,,,,,,,,,,,,,,,,,,,,,,,,,,,,,,,,,,,,,,,,,,,,,,,,,,,,,,,,,,,,,,,,,,,,,,,,,
G11,1,2,3,4,5,6,7,8,9,10,11,12,13,14,15,16,17,18,19,20,21,22,23,24,25,26,27,28,29,30,31,32,33,34,35,36,37,38,39,40,41,42,43,44,45,46,47,48,49,50,51,52,53,54,55,56,57,58,59,60,61,62,63,64,65,66,67,68,69,70,71,72,73,74,75,76,77,78,79,80,81,82,83,84,85,86,87,88,89,90,91,92,93,94,95,96
Time [s],0,1799.806,3599.729,5399.66,7199.597,8999.513,10799.458,12599.364,14399.311,16199.219,17999.129,19799.077,21599.014,23398.929,25198.853,26998.776,28798.721,30598.646,32398.579,34198.515,35998.426,37798.366,39598.295,41398.224,43198.149,44998.073,46797.997,48597.934,50397.855,52197.79,53997.709,55797.648,57597.562,59397.496,61197.415,62997.353,64797.279,66597.204,68397.129,70197.065,71996.967,73796.9,75596.814,77396.765,79196.693,80996.622,82796.528,84596.475,86396.393,88196.312,89996.248,91796.18,93596.114,95396.034,97195.966,98995.894,100795.82,102595.755,104395.67,106195.606,107995.535,109795.451,111595.395,113395.325,115195.239,116995.182,118795.096,120595.023,122394.949,124194.883,125994.805,127794.735,129594.672,131394.601,133194.53,134994.454,136794.373,138594.307,140394.225,142194.153,143994.083,145794.008,147593.92,149393.863,151193.795,152993.716,154793.66,156593.577,158393.507,160193.44,161993.355,163793.28,165593.216,167393.131,169193.06,170993.004
Temp. [°C],20,29.7,30.1,30,30,30.1,30,29.9,29.9,29.9,30,30,29.9,29.9,30.1,29.9,30,30,29.9,29.9,30,30,30,30.1,30,30.1,29.9,30,30,30.1,30,30.1,30.1,29.9,29.9,30,29.9,30.1,29.8,30,30.1,30.1,29.9,30.1,30,30.1,30.1,30.1,29.9,30,30,30,30,30.1,30,30,30.1,30,30,30,30,29.9,30.1,30.1,30,30,30,30,30,29.9,30,30,30,30,30,30.1,30.1,30.1,30.1,30.1,29.9,29.9,30.1,30.1,29.9,29.9,29.9,30.1,30,30,30.1,30,30.1,30,30.1,29.9
Mean,0.10622,0.10398,0.10408,0.1041,0.10424,0.1043,0.10418,0.10412,0.10416,0.10416,0.1043,0.10434,0.10422,0.10432,0.1045,0.10444,0.10438,0.10452,0.10434,0.10438,0.10452,0.10428,0.10438,0.10448,0.10442,0.10466,0.10472,0.10462,0.10468,0.1047,0.10456,0.10454,0.10492,0.10456,0.1049,0.10494,0.10488,0.10514,0.10472,0.10454,0.10464,0.10476,0.10478,0.10492,0.10464,0.10488,0.10478,0.10588,0.1048,0.10478,0.10468,0.10442,0.10468,0.10464,0.10462,0.10454,0.10464,0.10466,0.10472,0.1046,0.10466,0.10464,0.10466,0.10476,0.10484,0.10478,0.10448,0.10454,0.10456,0.10474,0.10466,0.1045,0.10482,0.10474,0.10468,0.10482,0.10466,0.10474,0.10466,0.10482,0.10484,0.10476,0.10482,0.10482,0.10462,0.10486,0.1047,0.10486,0.1051,0.10478,0.10494,0.10506,0.10508,0.10498,0.10496,0.1055
StDev,0.004641336,0.003491704,0.003401029,0.003596526,0.003638406,0.003695944,0.003726527,0.003617596,0.003610817,0.003535958,0.003592353,0.003643213,0.003741256,0.00362174,0.003689851,0.003623258,0.003658142,0.003733229,0.003649384,0.003707695,0.003705671,0.003658142,0.003773195,0.003692831,0.003705671,0.003833145,0.003880979,0.003849286,0.003845387,0.003743661,0.003785895,0.003714566,0.004131828,0.003732693,0.00407799,0.004004747,0.003991491,0.004111326,0.003873887,0.003780608,0.003815495,0.0037494,0.003966989,0.004013353,0.003742726,0.003883555,0.003857071,0.005233259,0.003899359,0.003840833,0.003807493,0.003789063,0.003799605,0.00381615,0.003784442,0.003739385,0.003840963,0.003866911,0.004040668,0.003896794,0.003925939,0.003972782,0.003925939,0.003969635,0.004083259,0.004105728,0.003897692,0.003895254,0.003905509,0.003999125,0.003795787,0.003940178,0.004123348,0.004074678,0.003944236,0.004122742,0.003915737,0.004110718,0.004009115,0.00404005,0.004035839,0.003859145,0.003988358,0.004164373,0.003994621,0.004237098,0.004226109,0.004144032,0.004298255,0.003999,0.004226464,0.004316596,0.004301395,0.004272821,0.004204521,0.004723876
1;2,0.1071,0.1053,0.1056,0.1054,0.1055,0.1053,0.1053,0.1054,0.1053,0.1054,0.1054,0.1054,0.1054,0.1055,0.1055,0.1054,0.1054,0.1055,0.1054,0.1053,0.1054,0.1053,0.1053,0.1054,0.1053,0.1054,0.1053,0.1054,0.1054,0.1054,0.1053,0.1054,0.1053,0.1054,0.1053,0.1055,0.1053,0.1054,0.1051,0.1053,0.1055,0.1054,0.1054,0.1054,0.1055,0.1055,0.1053,0.1054,0.1054,0.1055,0.1053,0.1053,0.1053,0.1054,0.1054,0.1054,0.1054,0.1053,0.1052,0.1053,0.1053,0.1053,0.1053,0.1053,0.1053,0.1053,0.1051,0.1052,0.1054,0.1053,0.1054,0.1052,0.1054,0.1052,0.1053,0.1052,0.1053,0.1052,0.1052,0.1053,0.1053,0.1054,0.1054,0.1052,0.1053,0.1053,0.1051,0.1053,0.1054,0.1053,0.1053,0.1053,0.1053,0.1053,0.1053,0.1053
2;1,0.1024,0.1015,0.1022,0.1013,0.1013,0.1012,0.1011,0.1014,0.1013,0.1014,0.1015,0.1013,0.1012,0.1014,0.1014,0.1016,0.1014,0.1013,0.1014,0.1012,0.1014,0.1013,0.1012,0.1013,0.1013,0.1013,0.1013,0.1013,0.1013,0.1014,0.1014,0.1014,0.1012,0.1013,0.1012,0.1014,0.1014,0.1015,0.1015,0.1012,0.1013,0.1015,0.1012,0.1014,0.1014,0.1016,0.1014,0.1015,0.1013,0.1015,0.1014,0.1012,0.1014,0.1012,0.1012,0.1013,0.1012,0.1012,0.1011,0.101,0.1012,0.101,0.1011,0.1013,0.1012,0.1011,0.101,0.1011,0.1011,0.1011,0.1014,0.1009,0.101,0.1011,0.1011,0.1011,0.1011,0.101,0.1011,0.1012,0.1012,0.1014,0.1013,0.1012,0.1011,0.1011,0.1009,0.1012,0.1013,0.1012,0.1012,0.1012,0.1014,0.1012,0.1013,0.1015
2;2,0.1122,0.1093,0.1092,0.1095,0.1096,0.1098,0.1097,0.1096,0.1095,0.1094,0.1096,0.1096,0.1097,0.1096,0.1097,0.1096,0.1096,0.1096,0.1096,0.1097,0.1096,0.1095,0.1097,0.1095,0.1095,0.1097,0.1097,0.1097,0.1097,0.1095,0.1095,0.1096,0.1097,0.1095,0.1098,0.1098,0.1095,0.1097,0.1094,0.1094,0.1097,0.1095,0.1095,0.1095,0.1093,0.1095,0.1095,0.1096,0.1095,0.1095,0.1094,0.1094,0.1096,0.1095,0.1094,0.1094,0.1094,0.1094,0.1096,0.1094,0.1095,0.1094,0.1092,0.1095,0.1095,0.1094,0.1093,0.1093,0.1094,0.1096,0.1092,0.1093,0.1094,0.1093,0.1092,0.1095,0.1091,0.1092,0.1094,0.1092,0.1095,0.1094,0.1093,0.1093,0.1093,0.1094,0.1091,0.1094,0.1095,0.1092,0.1093,0.1093,0.1093,0.1093,0.1093,0.1092
2;3,0.1008,0.1005,0.1005,0.1005,0.1005,0.1006,0.1004,0.1005,0.1004,0.1005,0.1005,0.1005,0.1003,0.1005,0.1005,0.1004,0.1004,0.1004,0.1004,0.1005,0.1004,0.1003,0.1003,0.1004,0.1003,0.1004,0.1004,0.1003,0.1004,0.1005,0.1002,0.1004,0.1003,0.1004,0.1004,0.1004,0.1003,0.1005,0.1002,0.1003,0.1004,0.1005,0.1003,0.1003,0.1003,0.1003,0.1004,0.1003,0.1004,0.1003,0.1003,0.1001,0.1004,0.1004,0.1004,0.1003,0.1003,0.1003,0.1002,0.1003,0.1002,0.1002,0.1002,0.1002,0.1002,0.1001,0.1001,0.1001,0.1001,0.1003,0.1002,0.1001,0.1002,0.1001,0.1002,0.1002,0.1002,0.1001,0.1001,0.1002,0.1003,0.1003,0.1002,0.1,0.1,0.1,0.0999,0.1001,0.1002,0.1002,0.1001,0.1002,0.1001,0.1001,0.1001,0.1003
3;2,0.1086,0.1033,0.1029,0.1038,0.1043,0.1046,0.1044,0.1037,0.1043,0.1041,0.1045,0.1049,0.1045,0.1046,0.1054,0.1052,0.1051,0.1058,0.1049,0.1052,0.1058,0.105,0.1054,0.1058,0.1057,0.1065,0.1069,0.1064,0.1066,0.1067,0.1064,0.1059,0.1081,0.1062,0.1078,0.1076,0.1079,0.1086,0.1074,0.1065,0.1063,0.1069,0.1075,0.108,0.1067,0.1075,0.1073,0.1126,0.1074,0.1071,0.107,0.1061,0.1067,0.1067,0.1067,0.1063,0.1069,0.1071,0.1075,0.107,0.1071,0.1073,0.1075,0.1075,0.108,0.108,0.1069,0.107,0.1068,0.1074,0.1071,0.107,0.1081,0.108,0.1076,0.1081,0.1076,0.1082,0.1075,0.1082,0.1079,0.1073,0.1079,0.1084,0.1074,0.1085,0.1085,0.1083,0.1091,0.108,0.1088,0.1093,0.1093,0.109,0.1088,0.1112
,,,,,,,,,,,,,,,,,,,,,,,,,,,,,,,,,,,,,,,,,,,,,,,,,,,,,,,,,,,,,,,,,,,,,,,,,,,,,,,,,,,,,,,,,,,,,,,,
Cycles / Well,,,,,,,,,,,,,,,,,,,,,,,,,,,,,,,,,,,,,,,,,,,,,,,,,,,,,,,,,,,,,,,,,,,,,,,,,,,,,,,,,,,,,,,,,,,,,,,,
G12,1,2,3,4,5,6,7,8,9,10,11,12,13,14,15,16,17,18,19,20,21,22,23,24,25,26,27,28,29,30,31,32,33,34,35,36,37,38,39,40,41,42,43,44,45,46,47,48,49,50,51,52,53,54,55,56,57,58,59,60,61,62,63,64,65,66,67,68,69,70,71,72,73,74,75,76,77,78,79,80,81,82,83,84,85,86,87,88,89,90,91,92,93,94,95,96
Time [s],0,1799.806,3599.729,5399.66,7199.597,8999.513,10799.458,12599.364,14399.311,16199.219,17999.129,19799.077,21599.014,23398.929,25198.853,26998.776,28798.721,30598.646,32398.579,34198.515,35998.426,37798.366,39598.295,41398.224,43198.149,44998.073,46797.997,48597.934,50397.855,52197.79,53997.709,55797.648,57597.562,59397.496,61197.415,62997.353,64797.279,66597.204,68397.129,70197.065,71996.967,73796.9,75596.814,77396.765,79196.693,80996.622,82796.528,84596.475,86396.393,88196.312,89996.248,91796.18,93596.114,95396.034,97195.966,98995.894,100795.82,102595.755,104395.67,106195.606,107995.535,109795.451,111595.395,113395.325,115195.239,116995.182,118795.096,120595.023,122394.949,124194.883,125994.805,127794.735,129594.672,131394.601,133194.53,134994.454,136794.373,138594.307,140394.225,142194.153,143994.083,145794.008,147593.92,149393.863,151193.795,152993.716,154793.66,156593.577,158393.507,160193.44,161993.355,163793.28,165593.216,167393.131,169193.06,170993.004
Temp. [°C],20,29.7,30.1,30,30,30.1,30,29.9,29.9,29.9,30,30,29.9,29.9,30.1,29.9,30,30,29.9,29.9,30,30,30,30.1,30,30.1,29.9,30,30,30.1,30,30.1,30.1,29.9,29.9,30,29.9,30.1,29.8,30,30.1,30.1,29.9,30.1,30,30.1,30.1,30.1,29.9,30,30,30,30,30.1,30,30,30.1,30,30,30,30,29.9,30.1,30.1,30,30,30,30,30,29.9,30,30,30,30,30,30.1,30.1,30.1,30.1,30.1,29.9,29.9,30.1,30.1,29.9,29.9,29.9,30.1,30,30,30.1,30,30.1,30,30.1,29.9
Mean,0.10156,0.10056,0.1006,0.10054,0.1009,0.10102,0.10066,0.10086,0.10094,0.10112,0.1014,0.1014,0.1012,0.10158,0.10164,0.10172,0.10152,0.1018,0.10162,0.10148,0.10162,0.1015,0.10164,0.10182,0.10202,0.10216,0.10208,0.10192,0.1023,0.10204,0.1022,0.10204,0.1024,0.10216,0.10248,0.10236,0.1024,0.10248,0.10224,0.10224,0.10244,0.10254,0.10252,0.1026,0.10256,0.10266,0.10262,0.10438,0.1026,0.10278,0.10266,0.1023,0.10236,0.10246,0.10248,0.10236,0.1026,0.10286,0.10278,0.10258,0.10276,0.10292,0.10278,0.1032,0.10306,0.1031,0.1029,0.10304,0.10298,0.10316,0.10314,0.1031,0.10322,0.10334,0.10338,0.10332,0.10348,0.10368,0.10354,0.1038,0.10398,0.10412,0.10408,0.10422,0.104,0.10424,0.10426,0.10418,0.10448,0.10464,0.10454,0.10456,0.10462,0.10474,0.1047,0.10662
StDev,0.002625452,0.002870192,0.003029026,0.002980436,0.002808914,0.002774347,0.002884961,0.002807668,0.00286932,0.002817268,0.002958885,0.00288704,0.002874022,0.003007823,0.003144519,0.003132411,0.00299533,0.003207803,0.003080097,0.003049918,0.003221335,0.003155155,0.003241605,0.003405437,0.003600972,0.003785234,0.003721828,0.003600278,0.004017462,0.003701081,0.004074923,0.003628085,0.004312772,0.003861088,0.004306623,0.004172889,0.004260868,0.004228711,0.004245939,0.004254762,0.004420747,0.004558838,0.00455379,0.004604889,0.00450533,0.004594344,0.004671937,0.007566175,0.004723876,0.004989188,0.004802916,0.004489432,0.004394087,0.004651666,0.004572417,0.004567603,0.004871858,0.005291314,0.005296886,0.004898673,0.005263364,0.005534167,0.005518786,0.005919459,0.005804567,0.005943904,0.005966993,0.006083009,0.005806204,0.006061188,0.006058713,0.006140033,0.006277898,0.006556142,0.006638298,0.006480123,0.006577385,0.00725031,0.006739288,0.007351871,0.007602763,0.007764792,0.0079754,0.008313363,0.008018728,0.008416828,0.008730006,0.008167435,0.008605057,0.009066036,0.008928774,0.008926814,0.00911219,0.009307954,0.009374433,0.012717979
1;2,0.104,0.1037,0.104,0.104,0.1041,0.1042,0.1041,0.1041,0.1042,0.104,0.1043,0.1042,0.1041,0.1042,0.1041,0.1041,0.1041,0.1042,0.1041,0.1041,0.1041,0.104,0.1041,0.1041,0.1041,0.1042,0.1041,0.104,0.1041,0.1041,0.104,0.1041,0.1039,0.1039,0.104,0.1041,0.104,0.1041,0.1039,0.104,0.1041,0.104,0.104,0.104,0.104,0.1041,0.104,0.104,0.1039,0.104,0.104,0.1038,0.1039,0.1038,0.104,0.1039,0.1039,0.104,0.104,0.1039,0.1038,0.1039,0.1038,0.1039,0.1039,0.1039,0.1037,0.1038,0.1038,0.1039,0.1038,0.1038,0.1038,0.1037,0.1038,0.1039,0.1039,0.1038,0.1038,0.1038,0.1039,0.104,0.1038,0.1037,0.1037,0.1038,0.1037,0.1037,0.1039,0.1038,0.1038,0.1039,0.1037,0.1038,0.1037,0.1037
2;1,0.0989,0.0987,0.0987,0.0983,0.0982,0.0983,0.0981,0.0983,0.0981,0.0981,0.0982,0.0983,0.0981,0.0983,0.0981,0.0983,0.0982,0.0983,0.0983,0.0981,0.0981,0.098,0.0981,0.0981,0.0983,0.0982,0.0981,0.0981,0.0982,0.0982,0.098,0.0982,0.0982,0.0983,0.0983,0.0983,0.0982,0.0984,0.0981,0.0979,0.098,0.0981,0.0982,0.0982,0.0983,0.0983,0.0983,0.0992,0.0982,0.0982,0.0982,0.0979,0.0981,0.098,0.0981,0.098,0.098,0.098,0.0979,0.0979,0.098,0.098,0.0979,0.0982,0.098,0.098,0.0976,0.0978,0.0979,0.0979,0.098,0.0978,0.0979,0.0979,0.0979,0.098,0.0981,0.098,0.0982,0.0981,0.0982,0.0982,0.0981,0.0982,0.0981,0.0981,0.0979,0.0982,0.0982,0.0983,0.0982,0.0982,0.0981,0.0982,0.0981,0.0994
2;2,0.104,0.1037,0.1038,0.1036,0.1036,0.1036,0.1034,0.1036,0.1036,0.1036,0.1038,0.1036,0.1037,0.1037,0.1037,0.1036,0.1035,0.1037,0.1037,0.1035,0.1036,0.1035,0.1036,0.1035,0.1036,0.1036,0.1037,0.1035,0.1036,0.1035,0.1035,0.1036,0.1035,0.1035,0.1035,0.1036,0.1036,0.1037,0.1034,0.1035,0.1036,0.1036,0.1035,0.1036,0.1035,0.1037,0.1035,0.1035,0.1035,0.1036,0.1035,0.1034,0.1036,0.1034,0.1034,0.1034,0.1036,0.1035,0.1034,0.1034,0.1034,0.1034,0.1033,0.1035,0.1034,0.1034,0.1033,0.1033,0.1034,0.1034,0.1034,0.1033,0.1034,0.1034,0.1033,0.1033,0.1034,0.1033,0.1034,0.1035,0.1034,0.1036,0.1034,0.1034,0.1033,0.1033,0.1032,0.1034,0.1035,0.1032,0.1033,0.1033,0.1035,0.1034,0.1033,0.1034
2;3,0.0987,0.0983,0.0986,0.0985,0.0984,0.0985,0.0982,0.0984,0.0983,0.0983,0.0983,0.0983,0.0983,0.0983,0.0983,0.0983,0.0983,0.0983,0.0982,0.0982,0.0981,0.0981,0.0981,0.0982,0.0981,0.0982,0.0982,0.0981,0.0982,0.0981,0.0981,0.0982,0.0981,0.0981,0.0982,0.098,0.0981,0.0981,0.0979,0.098,0.0981,0.0981,0.098,0.0981,0.0981,0.0981,0.098,0.0981,0.098,0.098,0.098,0.0979,0.0979,0.098,0.098,0.0978,0.0979,0.098,0.0979,0.098,0.0979,0.0979,0.0977,0.0979,0.0979,0.0978,0.0977,0.0977,0.0978,0.0979,0.0978,0.0978,0.0978,0.0978,0.0978,0.0977,0.0979,0.0977,0.0978,0.0977,0.0978,0.0978,0.0977,0.0976,0.0975,0.0976,0.0975,0.0977,0.0978,0.0978,0.0977,0.0977,0.0977,0.0977,0.0977,0.0977
3;2,0.1022,0.0984,0.0979,0.0983,0.1002,0.1005,0.0995,0.0999,0.1005,0.1016,0.1024,0.1026,0.1018,0.1034,0.104,0.1043,0.1035,0.1045,0.1038,0.1035,0.1042,0.1039,0.1043,0.1052,0.106,0.1066,0.1063,0.1059,0.1074,0.1063,0.1074,0.1061,0.1083,0.107,0.1084,0.1078,0.1081,0.1081,0.1079,0.1078,0.1084,0.1089,0.1089,0.1091,0.1089,0.1091,0.1093,0.1171,0.1094,0.1101,0.1096,0.1085,0.1083,0.1091,0.1089,0.1087,0.1096,0.1108,0.1107,0.1097,0.1107,0.1114,0.1112,0.1125,0.1121,0.1124,0.1122,0.1126,0.112,0.1127,0.1127,0.1128,0.1132,0.1139,0.1141,0.1137,0.1141,0.1156,0.1145,0.1159,0.1166,0.117,0.1174,0.1182,0.1174,0.1184,0.119,0.1179,0.119,0.1201,0.1197,0.1197,0.1201,0.1206,0.1207,0.1289
,,,,,,,,,,,,,,,,,,,,,,,,,,,,,,,,,,,,,,,,,,,,,,,,,,,,,,,,,,,,,,,,,,,,,,,,,,,,,,,,,,,,,,,,,,,,,,,,
Cycles / Well,,,,,,,,,,,,,,,,,,,,,,,,,,,,,,,,,,,,,,,,,,,,,,,,,,,,,,,,,,,,,,,,,,,,,,,,,,,,,,,,,,,,,,,,,,,,,,,,
H1,1,2,3,4,5,6,7,8,9,10,11,12,13,14,15,16,17,18,19,20,21,22,23,24,25,26,27,28,29,30,31,32,33,34,35,36,37,38,39,40,41,42,43,44,45,46,47,48,49,50,51,52,53,54,55,56,57,58,59,60,61,62,63,64,65,66,67,68,69,70,71,72,73,74,75,76,77,78,79,80,81,82,83,84,85,86,87,88,89,90,91,92,93,94,95,96
Time [s],0,1799.806,3599.729,5399.66,7199.597,8999.513,10799.458,12599.364,14399.311,16199.219,17999.129,19799.077,21599.014,23398.929,25198.853,26998.776,28798.721,30598.646,32398.579,34198.515,35998.426,37798.366,39598.295,41398.224,43198.149,44998.073,46797.997,48597.934,50397.855,52197.79,53997.709,55797.648,57597.562,59397.496,61197.415,62997.353,64797.279,66597.204,68397.129,70197.065,71996.967,73796.9,75596.814,77396.765,79196.693,80996.622,82796.528,84596.475,86396.393,88196.312,89996.248,91796.18,93596.114,95396.034,97195.966,98995.894,100795.82,102595.755,104395.67,106195.606,107995.535,109795.451,111595.395,113395.325,115195.239,116995.182,118795.096,120595.023,122394.949,124194.883,125994.805,127794.735,129594.672,131394.601,133194.53,134994.454,136794.373,138594.307,140394.225,142194.153,143994.083,145794.008,147593.92,149393.863,151193.795,152993.716,154793.66,156593.577,158393.507,160193.44,161993.355,163793.28,165593.216,167393.131,169193.06,170993.004
Temp. [°C],20,29.7,30.1,30,30,30.1,30,29.9,29.9,29.9,30,30,29.9,29.9,30.1,29.9,30,30,29.9,29.9,30,30,30,30.1,30,30.1,29.9,30,30,30.1,30,30.1,30.1,29.9,29.9,30,29.9,30.1,29.8,30,30.1,30.1,29.9,30.1,30,30.1,30.1,30.1,29.9,30,30,30,30,30.1,30,30,30.1,30,30,30,30,29.9,30.1,30.1,30,30,30,30,30,29.9,30,30,30,30,30,30.1,30.1,30.1,30.1,30.1,29.9,29.9,30.1,30.1,29.9,29.9,29.9,30.1,30,30,30.1,30,30.1,30,30.1,29.9
Mean,0.09936,0.09906,0.09906,0.09902,0.09884,0.09884,0.0987,0.09878,0.09866,0.0987,0.09868,0.09878,0.09862,0.0987,0.09868,0.09862,0.0986,0.09864,0.09858,0.09852,0.0986,0.09854,0.09848,0.09854,0.09864,0.09864,0.09864,0.09872,0.0988,0.09866,0.09868,0.09882,0.09878,0.09874,0.09892,0.099,0.09888,0.09918,0.09898,0.09904,0.09916,0.09936,0.09936,0.0995,0.09964,0.09982,0.0999,0.10044,0.10032,0.1003,0.10046,0.10046,0.10068,0.10084,0.1008,0.10102,0.10144,0.1017,0.10174,0.10224,0.10234,0.10276,0.10278,0.10318,0.1035,0.10358,0.10356,0.10358,0.10412,0.1047,0.10482,0.10498,0.10484,0.10512,0.10556,0.10556,0.106,0.10602,0.10678,0.10682,0.10692,0.10742,0.10952,0.10776,0.10794,0.10868,0.10832,0.10858,0.10954,0.1093,0.1097,0.10984,0.10996,0.11024,0.10994,0.1128
StDev,0.001556599,0.001793878,0.00176437,0.001814387,0.001835211,0.001947563,0.001981161,0.002082547,0.002081586,0.002084466,0.00216841,0.002148721,0.002125324,0.002218107,0.002308029,0.002248777,0.00235372,0.002396456,0.002398333,0.002446835,0.002482942,0.002446017,0.002534167,0.00257449,0.0025006,0.002548137,0.002587083,0.002548921,0.002569047,0.002644428,0.002583989,0.002542046,0.002669644,0.00252646,0.00259461,0.002533772,0.002514359,0.002450918,0.002597499,0.002543226,0.002519524,0.002501599,0.002577402,0.002555386,0.002669831,0.002675257,0.00283196,0.003584411,0.003187789,0.003237283,0.003697026,0.003734033,0.003873242,0.003950063,0.004134005,0.004619199,0.005282329,0.005771482,0.005809733,0.007029438,0.00731765,0.00813683,0.008453224,0.008923396,0.009453835,0.009781206,0.0099994,0.010103316,0.011115395,0.012219452,0.012420628,0.012939938,0.012478502,0.013405484,0.014310241,0.014249667,0.015175144,0.015262274,0.016938329,0.017085432,0.017195552,0.018182739,0.022992651,0.019209191,0.019718595,0.021144905,0.020620063,0.020851667,0.02304795,0.022678183,0.023508296,0.023762428,0.023970565,0.024820818,0.024033061,0.030122998
1;2,0.1009,0.1009,0.1012,0.1012,0.1012,0.1014,0.1013,0.1015,0.1015,0.1016,0.1017,0.1017,0.1015,0.1017,0.1018,0.1016,0.1017,0.1018,0.1018,0.1017,0.1018,0.1017,0.1017,0.1018,0.1017,0.1018,0.1018,0.1018,0.1019,0.1018,0.1018,0.1018,0.1019,0.1017,0.102,0.1019,0.1017,0.1019,0.1018,0.1017,0.1018,0.1019,0.1018,0.1018,0.1019,0.1019,0.1018,0.1019,0.1017,0.1018,0.1017,0.1017,0.1017,0.1018,0.1017,0.1016,0.1017,0.1016,0.1017,0.1017,0.1017,0.1017,0.1015,0.1017,0.1018,0.1016,0.1015,0.1015,0.1016,0.1017,0.1017,0.1016,0.1016,0.1015,0.1015,0.1016,0.1017,0.1016,0.1015,0.1015,0.1016,0.1016,0.1013,0.1014,0.1014,0.1015,0.1014,0.1015,0.1015,0.1014,0.1015,0.1014,0.1014,0.1014,0.1013,0.1014
2;1,0.1008,0.1006,0.1001,0.1,0.0993,0.0992,0.0988,0.099,0.0987,0.0985,0.0983,0.0984,0.0981,0.098,0.0979,0.0979,0.0977,0.0977,0.0975,0.0974,0.0973,0.0973,0.0971,0.0972,0.0971,0.0971,0.097,0.097,0.0971,0.0968,0.0969,0.097,0.0969,0.0968,0.0969,0.0969,0.0967,0.097,0.0967,0.0967,0.0968,0.0969,0.0967,0.0968,0.0968,0.0969,0.0968,0.0968,0.0971,0.0969,0.0968,0.0968,0.0969,0.097,0.0968,0.0969,0.0969,0.097,0.0969,0.0968,0.0967,0.0968,0.0966,0.0969,0.0969,0.0968,0.0967,0.0967,0.0968,0.0969,0.0969,0.0968,0.0969,0.0968,0.0968,0.0969,0.0968,0.097,0.0969,0.0968,0.0969,0.097,0.0971,0.0969,0.0969,0.097,0.0969,0.0972,0.0971,0.097,0.0971,0.0972,0.0972,0.0971,0.0973,0.0977
2;2,0.0996,0.0994,0.0995,0.0996,0.0997,0.0997,0.0998,0.0999,0.0997,0.0998,0.0999,0.1001,0.1,0.1002,0.1003,0.1003,0.1004,0.1005,0.1004,0.1005,0.1007,0.1006,0.1007,0.1008,0.101,0.101,0.1011,0.1012,0.1013,0.1013,0.1012,0.1014,0.1015,0.1013,0.1015,0.1016,0.1015,0.1017,0.1017,0.1017,0.1018,0.1019,0.102,0.1019,0.1019,0.102,0.102,0.1019,0.1021,0.1022,0.102,0.1021,0.1023,0.1025,0.1023,0.1023,0.1024,0.1024,0.1024,0.1022,0.1023,0.1023,0.1023,0.1024,0.1025,0.1025,0.1023,0.1023,0.1024,0.1025,0.1025,0.1025,0.1027,0.1024,0.1024,0.1023,0.1024,0.1023,0.1024,0.1024,0.1024,0.1024,0.1023,0.1023,0.1022,0.1024,0.1022,0.1022,0.1023,0.1022,0.1021,0.1022,0.1022,0.1021,0.1021,0.1022
2;3,0.0977,0.0974,0.0974,0.0974,0.0973,0.0975,0.0973,0.0972,0.0972,0.0973,0.0973,0.0974,0.0973,0.0974,0.0972,0.097,0.0971,0.097,0.097,0.097,0.097,0.0969,0.0968,0.0968,0.097,0.0969,0.0969,0.0969,0.097,0.0967,0.0968,0.0969,0.0968,0.0968,0.0969,0.0969,0.0968,0.097,0.0966,0.0966,0.0968,0.0969,0.0968,0.0968,0.0967,0.0969,0.0968,0.0967,0.0968,0.0968,0.0966,0.0965,0.0967,0.0968,0.0967,0.0965,0.0966,0.0966,0.0967,0.0966,0.0965,0.0965,0.0964,0.0965,0.0966,0.0966,0.0965,0.0964,0.0964,0.0964,0.0965,0.0964,0.0964,0.0963,0.0964,0.0964,0.0964,0.0963,0.0964,0.0964,0.0964,0.0965,0.0965,0.0964,0.0963,0.0963,0.0962,0.0964,0.0963,0.0963,0.0963,0.0963,0.0964,0.0962,0.0963,0.0962
3;2,0.0978,0.097,0.0971,0.0969,0.0967,0.0964,0.0963,0.0963,0.0962,0.0963,0.0962,0.0963,0.0962,0.0962,0.0962,0.0963,0.0961,0.0962,0.0962,0.096,0.0962,0.0962,0.0961,0.0961,0.0964,0.0964,0.0964,0.0967,0.0967,0.0967,0.0967,0.097,0.0968,0.0971,0.0973,0.0977,0.0977,0.0983,0.0981,0.0985,0.0986,0.0992,0.0995,0.1002,0.1009,0.1014,0.1021,0.1049,0.1039,0.1038,0.1052,0.1052,0.1058,0.1061,0.1065,0.1078,0.1096,0.1109,0.111,0.1139,0.1145,0.1165,0.1171,0.1184,0.1197,0.1204,0.1208,0.121,0.1234,0.126,0.1265,0.1276,0.1266,0.1286,0.1307,0.1306,0.1327,0.1329,0.1367,0.137,0.1373,0.1396,0.1504,0.1418,0.1429,0.1462,0.1449,0.1456,0.1505,0.1496,0.1515,0.1521,0.1526,0.1544,0.1527,0.1665
,,,,,,,,,,,,,,,,,,,,,,,,,,,,,,,,,,,,,,,,,,,,,,,,,,,,,,,,,,,,,,,,,,,,,,,,,,,,,,,,,,,,,,,,,,,,,,,,
Cycles / Well,,,,,,,,,,,,,,,,,,,,,,,,,,,,,,,,,,,,,,,,,,,,,,,,,,,,,,,,,,,,,,,,,,,,,,,,,,,,,,,,,,,,,,,,,,,,,,,,
H2,1,2,3,4,5,6,7,8,9,10,11,12,13,14,15,16,17,18,19,20,21,22,23,24,25,26,27,28,29,30,31,32,33,34,35,36,37,38,39,40,41,42,43,44,45,46,47,48,49,50,51,52,53,54,55,56,57,58,59,60,61,62,63,64,65,66,67,68,69,70,71,72,73,74,75,76,77,78,79,80,81,82,83,84,85,86,87,88,89,90,91,92,93,94,95,96
Time [s],0,1799.806,3599.729,5399.66,7199.597,8999.513,10799.458,12599.364,14399.311,16199.219,17999.129,19799.077,21599.014,23398.929,25198.853,26998.776,28798.721,30598.646,32398.579,34198.515,35998.426,37798.366,39598.295,41398.224,43198.149,44998.073,46797.997,48597.934,50397.855,52197.79,53997.709,55797.648,57597.562,59397.496,61197.415,62997.353,64797.279,66597.204,68397.129,70197.065,71996.967,73796.9,75596.814,77396.765,79196.693,80996.622,82796.528,84596.475,86396.393,88196.312,89996.248,91796.18,93596.114,95396.034,97195.966,98995.894,100795.82,102595.755,104395.67,106195.606,107995.535,109795.451,111595.395,113395.325,115195.239,116995.182,118795.096,120595.023,122394.949,124194.883,125994.805,127794.735,129594.672,131394.601,133194.53,134994.454,136794.373,138594.307,140394.225,142194.153,143994.083,145794.008,147593.92,149393.863,151193.795,152993.716,154793.66,156593.577,158393.507,160193.44,161993.355,163793.28,165593.216,167393.131,169193.06,170993.004
Temp. [°C],20,29.7,30.1,30,30,30.1,30,29.9,29.9,29.9,30,30,29.9,29.9,30.1,29.9,30,30,29.9,29.9,30,30,30,30.1,30,30.1,29.9,30,30,30.1,30,30.1,30.1,29.9,29.9,30,29.9,30.1,29.8,30,30.1,30.1,29.9,30.1,30,30.1,30.1,30.1,29.9,30,30,30,30,30.1,30,30,30.1,30,30,30,30,29.9,30.1,30.1,30,30,30,30,30,29.9,30,30,30,30,30,30.1,30.1,30.1,30.1,30.1,29.9,29.9,30.1,30.1,29.9,29.9,29.9,30.1,30,30,30.1,30,30.1,30,30.1,29.9
Mean,0.0989,0.09864,0.09868,0.09848,0.09844,0.09848,0.0984,0.09844,0.09832,0.09838,0.09846,0.0984,0.09836,0.09844,0.09836,0.09842,0.09832,0.09836,0.09842,0.09836,0.09842,0.09832,0.09828,0.0984,0.09842,0.0985,0.09852,0.09858,0.09866,0.09858,0.0986,0.09878,0.0987,0.09874,0.09886,0.09894,0.09886,0.09904,0.09888,0.09898,0.09912,0.0992,0.09918,0.0994,0.09942,0.09956,0.09958,0.10048,0.09966,0.09956,0.09964,0.09956,0.09966,0.09974,0.09964,0.09976,0.10002,0.1,0.10016,0.1003,0.1003,0.1004,0.1004,0.10058,0.1007,0.10064,0.10056,0.10054,0.10074,0.101,0.10092,0.10098,0.101,0.10108,0.10128,0.1013,0.10152,0.10144,0.10174,0.10174,0.10176,0.10218,0.10316,0.10218,0.102,0.10248,0.10224,0.10238,0.10304,0.10272,0.1028,0.10296,0.10282,0.10298,0.10294,0.1043
StDev,0.002819574,0.002698703,0.002768935,0.002845523,0.002903963,0.002955842,0.002980772,0.003004663,0.003037598,0.003034304,0.003041874,0.0031233,0.003118173,0.003184023,0.003158006,0.00314595,0.003178364,0.003192648,0.003167333,0.00312378,0.003157847,0.003153886,0.003155471,0.003167018,0.003101129,0.003010814,0.003049098,0.002960912,0.00300882,0.003008654,0.002871411,0.002880451,0.00286531,0.002813894,0.002946693,0.00291599,0.00282365,0.002822765,0.002904651,0.002824358,0.002826128,0.002898275,0.002849912,0.003012474,0.003024401,0.002991321,0.003054014,0.004098414,0.003161171,0.003112555,0.003290593,0.003161171,0.003173799,0.00323311,0.003234656,0.003368679,0.003661557,0.003710121,0.003831188,0.004023059,0.004106702,0.004462062,0.004433396,0.004598587,0.004717521,0.004730011,0.00479458,0.00475689,0.004964172,0.005265928,0.005349486,0.00541267,0.005507268,0.005707188,0.006081283,0.006126173,0.006459644,0.006460108,0.007017336,0.007039389,0.006946438,0.007616233,0.009990145,0.007965676,0.007763054,0.008504528,0.008464219,0.008338885,0.00947275,0.009174257,0.009235529,0.009456374,0.00899372,0.009828886,0.009626422,0.012548506
1;2,0.1026,0.1022,0.1024,0.1022,0.1022,0.1023,0.1022,0.1022,0.1021,0.1021,0.1023,0.1022,0.1022,0.1023,0.1022,0.1022,0.1021,0.1022,0.1022,0.1021,0.1022,0.1021,0.102,0.1021,0.1021,0.102,0.1022,0.102,0.1022,0.1022,0.102,0.1021,0.102,0.102,0.1022,0.1022,0.102,0.1021,0.102,0.102,0.1022,0.1022,0.102,0.1021,0.1021,0.1021,0.1021,0.1022,0.1021,0.1021,0.1019,0.1019,0.102,0.102,0.102,0.1019,0.1021,0.1019,0.102,0.102,0.102,0.1019,0.1018,0.1019,0.1018,0.1019,0.1017,0.1018,0.1018,0.1018,0.1019,0.1019,0.1018,0.1017,0.1019,0.1018,0.1017,0.1018,0.1018,0.1017,0.1019,0.102,0.1019,0.1018,0.1017,0.102,0.1016,0.1018,0.102,0.1019,0.1019,0.1019,0.102,0.1018,0.1017,0.1019
2;1,0.0974,0.0978,0.0975,0.0971,0.0968,0.0968,0.0966,0.0966,0.0964,0.0965,0.0965,0.0963,0.0962,0.0962,0.0961,0.0961,0.096,0.0959,0.0959,0.0959,0.096,0.0958,0.0956,0.0957,0.0956,0.0958,0.0957,0.0955,0.0957,0.0955,0.0955,0.0957,0.0956,0.0956,0.0955,0.0955,0.0955,0.0957,0.0953,0.0955,0.0955,0.0956,0.0955,0.0954,0.0954,0.0956,0.0955,0.0956,0.0955,0.0955,0.0953,0.0954,0.0954,0.0955,0.0954,0.0954,0.0954,0.0954,0.0955,0.0955,0.0954,0.0953,0.0953,0.0954,0.0955,0.0954,0.0953,0.0953,0.0954,0.0955,0.0953,0.0953,0.0953,0.0953,0.0953,0.0952,0.0953,0.0952,0.0953,0.0953,0.0952,0.0953,0.0951,0.0952,0.095,0.0952,0.095,0.0952,0.0953,0.0951,0.0952,0.0952,0.0953,0.0951,0.0951,0.0952
2;2,0.101,0.1005,0.1006,0.1006,0.1007,0.1008,0.1008,0.101,0.1009,0.101,0.101,0.1012,0.1011,0.1013,0.1012,0.1013,0.1013,0.1013,0.1014,0.1013,0.1014,0.1013,0.1013,0.1015,0.1014,0.1015,0.1014,0.1015,0.1016,0.1014,0.1013,0.1016,0.1015,0.1014,0.1017,0.1017,0.1015,0.1017,0.1015,0.1015,0.1015,0.1018,0.1016,0.1017,0.1017,0.1017,0.1016,0.1018,0.1017,0.1017,0.1017,0.1016,0.1017,0.1019,0.1017,0.1017,0.1018,0.1018,0.1017,0.1018,0.1017,0.1017,0.1017,0.1017,0.1019,0.1018,0.1017,0.1018,0.1019,0.1019,0.102,0.1018,0.1019,0.1017,0.1017,0.1018,0.102,0.1018,0.1019,0.1018,0.1018,0.102,0.1018,0.1018,0.1018,0.1018,0.1017,0.1019,0.102,0.1018,0.1019,0.1019,0.1019,0.1018,0.1019,0.1017
2;3,0.0978,0.0973,0.0974,0.0973,0.0973,0.0973,0.0973,0.0972,0.0972,0.0973,0.0973,0.0972,0.0972,0.0973,0.0972,0.0973,0.0971,0.0972,0.0972,0.0971,0.0971,0.097,0.0971,0.0971,0.0971,0.0971,0.0971,0.0971,0.0971,0.097,0.0972,0.0971,0.0972,0.097,0.0971,0.0971,0.097,0.097,0.0968,0.0969,0.0972,0.097,0.097,0.097,0.097,0.0971,0.0971,0.0971,0.097,0.0969,0.0969,0.0969,0.0971,0.097,0.0969,0.0969,0.0969,0.0968,0.0969,0.0969,0.0969,0.0967,0.0968,0.0969,0.0969,0.0968,0.0967,0.0966,0.0967,0.0969,0.0966,0.0968,0.0967,0.0968,0.0967,0.0968,0.0968,0.0967,0.0966,0.0967,0.0969,0.0969,0.0968,0.0967,0.0967,0.0967,0.0965,0.0967,0.0968,0.0966,0.0966,0.0968,0.0969,0.0965,0.0967,0.0966
3;2,0.0957,0.0954,0.0955,0.0952,0.0952,0.0952,0.0951,0.0952,0.095,0.095,0.0952,0.0951,0.0951,0.0951,0.0951,0.0952,0.0951,0.0952,0.0954,0.0954,0.0954,0.0954,0.0954,0.0956,0.0959,0.0961,0.0962,0.0968,0.0967,0.0968,0.097,0.0974,0.0972,0.0977,0.0978,0.0982,0.0983,0.0987,0.0988,0.099,0.0992,0.0994,0.0998,0.1008,0.1009,0.1013,0.1016,0.1057,0.102,0.1016,0.1024,0.102,0.1021,0.1023,0.1022,0.1029,0.1039,0.1041,0.1047,0.1053,0.1055,0.1064,0.1064,0.107,0.1074,0.1073,0.1074,0.1072,0.1079,0.1089,0.1088,0.1091,0.1093,0.1099,0.1108,0.1109,0.1118,0.1117,0.1131,0.1132,0.113,0.1147,0.1202,0.1154,0.1148,0.1167,0.1164,0.1163,0.1191,0.1182,0.1184,0.119,0.118,0.1197,0.1193,0.1261
,,,,,,,,,,,,,,,,,,,,,,,,,,,,,,,,,,,,,,,,,,,,,,,,,,,,,,,,,,,,,,,,,,,,,,,,,,,,,,,,,,,,,,,,,,,,,,,,
Cycles / Well,,,,,,,,,,,,,,,,,,,,,,,,,,,,,,,,,,,,,,,,,,,,,,,,,,,,,,,,,,,,,,,,,,,,,,,,,,,,,,,,,,,,,,,,,,,,,,,,
H3,1,2,3,4,5,6,7,8,9,10,11,12,13,14,15,16,17,18,19,20,21,22,23,24,25,26,27,28,29,30,31,32,33,34,35,36,37,38,39,40,41,42,43,44,45,46,47,48,49,50,51,52,53,54,55,56,57,58,59,60,61,62,63,64,65,66,67,68,69,70,71,72,73,74,75,76,77,78,79,80,81,82,83,84,85,86,87,88,89,90,91,92,93,94,95,96
Time [s],0,1799.806,3599.729,5399.66,7199.597,8999.513,10799.458,12599.364,14399.311,16199.219,17999.129,19799.077,21599.014,23398.929,25198.853,26998.776,28798.721,30598.646,32398.579,34198.515,35998.426,37798.366,39598.295,41398.224,43198.149,44998.073,46797.997,48597.934,50397.855,52197.79,53997.709,55797.648,57597.562,59397.496,61197.415,62997.353,64797.279,66597.204,68397.129,70197.065,71996.967,73796.9,75596.814,77396.765,79196.693,80996.622,82796.528,84596.475,86396.393,88196.312,89996.248,91796.18,93596.114,95396.034,97195.966,98995.894,100795.82,102595.755,104395.67,106195.606,107995.535,109795.451,111595.395,113395.325,115195.239,116995.182,118795.096,120595.023,122394.949,124194.883,125994.805,127794.735,129594.672,131394.601,133194.53,134994.454,136794.373,138594.307,140394.225,142194.153,143994.083,145794.008,147593.92,149393.863,151193.795,152993.716,154793.66,156593.577,158393.507,160193.44,161993.355,163793.28,165593.216,167393.131,169193.06,170993.004
Temp. [°C],20,29.7,30.1,30,30,30.1,30,29.9,29.9,29.9,30,30,29.9,29.9,30.1,29.9,30,30,29.9,29.9,30,30,30,30.1,30,30.1,29.9,30,30,30.1,30,30.1,30.1,29.9,29.9,30,29.9,30.1,29.8,30,30.1,30.1,29.9,30.1,30,30.1,30.1,30.1,29.9,30,30,30,30,30.1,30,30,30.1,30,30,30,30,29.9,30.1,30.1,30,30,30,30,30,29.9,30,30,30,30,30,30.1,30.1,30.1,30.1,30.1,29.9,29.9,30.1,30.1,29.9,29.9,29.9,30.1,30,30,30.1,30,30.1,30,30.1,29.9
Mean,0.09956,0.09912,0.0992,0.09906,0.099,0.099,0.09892,0.099,0.09894,0.09896,0.09898,0.099,0.09888,0.0989,0.09888,0.09894,0.09884,0.09888,0.09884,0.09878,0.09886,0.09872,0.09866,0.09868,0.09874,0.09878,0.09874,0.0987,0.09872,0.09868,0.09866,0.09874,0.09868,0.09862,0.0987,0.0987,0.09864,0.09876,0.0985,0.09852,0.09868,0.09868,0.09866,0.09862,0.09858,0.09872,0.09868,0.09876,0.09866,0.09862,0.0985,0.09844,0.0986,0.09858,0.09852,0.09852,0.0986,0.09854,0.09854,0.09852,0.0986,0.09854,0.09848,0.09862,0.09866,0.09862,0.0985,0.09852,0.09862,0.09878,0.0988,0.09872,0.09882,0.09878,0.09886,0.09886,0.099,0.0989,0.09904,0.09904,0.09916,0.09928,0.09958,0.09936,0.09924,0.09954,0.09932,0.09954,0.0999,0.0998,0.09988,0.09998,0.09994,0.09994,0.09998,0.1008
StDev,0.002371287,0.002456013,0.002466779,0.002506591,0.002446426,0.002546566,0.002507389,0.0025671,0.002555973,0.002603459,0.00262145,0.002659887,0.002695737,0.002678619,0.002784241,0.002779029,0.002803212,0.002774347,0.002876282,0.002833196,0.002860594,0.002854295,0.002831607,0.002896032,0.002875413,0.002917533,0.002908264,0.002976575,0.002986135,0.00302688,0.003026219,0.003001333,0.003069528,0.003058921,0.003132092,0.003051229,0.003072946,0.003049262,0.003112073,0.003146744,0.003142769,0.003083342,0.003107732,0.003225988,0.003205776,0.003258374,0.003205776,0.003179308,0.003179308,0.00329196,0.003258067,0.003220714,0.003307567,0.003234502,0.003240679,0.003269862,0.003292416,0.003256225,0.003241605,0.003218229,0.003273377,0.003272308,0.003201094,0.003236819,0.003250077,0.003288921,0.003255764,0.003236819,0.003229861,0.00309144,0.003129696,0.003150714,0.003150714,0.003141974,0.003134964,0.003084315,0.00311127,0.003081396,0.003035292,0.003132571,0.003043518,0.003044175,0.003088203,0.003050902,0.003021258,0.003094834,0.003072784,0.003084315,0.003241913,0.003232646,0.003347686,0.003402499,0.003310287,0.003497571,0.00348382,0.004532659
1;2,0.1024,0.1021,0.1024,0.1024,0.1025,0.1026,0.1025,0.1027,0.1026,0.1027,0.1028,0.1028,0.1028,0.1028,0.1029,0.103,0.1029,0.1029,0.103,0.1029,0.103,0.1029,0.1028,0.1029,0.1029,0.103,0.1029,0.103,0.103,0.103,0.103,0.103,0.1031,0.103,0.1032,0.103,0.103,0.1031,0.1028,0.1029,0.1031,0.103,0.103,0.1031,0.103,0.1032,0.1031,0.1032,0.1031,0.1031,0.1029,0.1028,0.1031,0.103,0.1029,0.1029,0.1031,0.103,0.1029,0.1029,0.103,0.1029,0.1028,0.1029,0.103,0.103,0.1028,0.1028,0.1029,0.1029,0.103,0.1029,0.103,0.1029,0.103,0.1029,0.1031,0.1029,0.1029,0.103,0.103,0.103,0.1029,0.103,0.1028,0.103,0.1027,0.1029,0.1031,0.1029,0.103,0.1031,0.103,0.103,0.1028,0.103
2;1,0.1011,0.1007,0.1005,0.1001,0.0996,0.0995,0.0994,0.0994,0.0993,0.0991,0.099,0.0991,0.0988,0.0987,0.0986,0.0987,0.0985,0.0984,0.0982,0.0981,0.0982,0.098,0.0978,0.0978,0.0979,0.0978,0.0978,0.0976,0.0975,0.0975,0.0974,0.0975,0.0973,0.0972,0.0972,0.0972,0.0971,0.0973,0.0969,0.0969,0.097,0.097,0.0969,0.0968,0.0967,0.0968,0.0968,0.0968,0.0967,0.0966,0.0965,0.0964,0.0965,0.0964,0.0963,0.0964,0.0964,0.0963,0.0963,0.0962,0.0963,0.0962,0.096,0.0962,0.0962,0.0961,0.0959,0.0959,0.0961,0.0962,0.0961,0.096,0.0961,0.096,0.096,0.096,0.0961,0.0959,0.096,0.0959,0.0961,0.0961,0.096,0.096,0.0959,0.096,0.0957,0.096,0.0962,0.0961,0.096,0.096,0.0961,0.0959,0.0959,0.096
2;2,0.1,0.0995,0.0996,0.0996,0.0995,0.0997,0.0996,0.0997,0.0997,0.0999,0.0999,0.1,0.0999,0.1,0.1001,0.1001,0.1001,0.1002,0.1003,0.1002,0.1003,0.1001,0.1001,0.1002,0.1003,0.1004,0.1004,0.1004,0.1005,0.1005,0.1005,0.1006,0.1005,0.1005,0.1006,0.1007,0.1006,0.1007,0.1007,0.1007,0.1008,0.1008,0.1008,0.1009,0.1009,0.1011,0.101,0.101,0.1009,0.1011,0.101,0.1009,0.1011,0.101,0.101,0.1011,0.1011,0.101,0.1011,0.101,0.1012,0.1012,0.101,0.1013,0.1013,0.1013,0.1012,0.1012,0.1013,0.1013,0.1013,0.1013,0.1014,0.1014,0.1014,0.1014,0.1015,0.1014,0.1015,0.1016,0.1016,0.1017,0.1015,0.1016,0.1015,0.1016,0.1014,0.1017,0.1018,0.1017,0.1018,0.1017,0.1018,0.1017,0.1018,0.1018
2;3,0.0975,0.0971,0.0971,0.0971,0.0972,0.0972,0.097,0.0971,0.0971,0.0971,0.0972,0.0972,0.0971,0.0971,0.0971,0.097,0.097,0.0971,0.097,0.097,0.0971,0.097,0.097,0.0969,0.0969,0.097,0.097,0.0969,0.097,0.0969,0.0968,0.097,0.097,0.0969,0.097,0.097,0.097,0.097,0.0967,0.0967,0.0969,0.0969,0.097,0.0968,0.0968,0.0969,0.0969,0.097,0.0969,0.0968,0.0967,0.0967,0.0968,0.0969,0.0969,0.0967,0.0967,0.0967,0.0967,0.0967,0.0967,0.0966,0.0967,0.0967,0.0967,0.0967,0.0966,0.0966,0.0965,0.0967,0.0968,0.0966,0.0967,0.0966,0.0966,0.0967,0.0967,0.0966,0.0966,0.0965,0.0966,0.0966,0.0966,0.0966,0.0965,0.0966,0.0965,0.0966,0.0966,0.0965,0.0965,0.0966,0.0966,0.0964,0.0965,0.0965
3;2,0.0968,0.0962,0.0964,0.0961,0.0962,0.096,0.0961,0.0961,0.096,0.096,0.096,0.0959,0.0958,0.0959,0.0957,0.0959,0.0957,0.0958,0.0957,0.0957,0.0957,0.0956,0.0956,0.0956,0.0957,0.0957,0.0956,0.0956,0.0956,0.0955,0.0956,0.0956,0.0955,0.0955,0.0955,0.0956,0.0955,0.0957,0.0954,0.0954,0.0956,0.0957,0.0956,0.0955,0.0955,0.0956,0.0956,0.0958,0.0957,0.0955,0.0954,0.0954,0.0955,0.0956,0.0955,0.0955,0.0957,0.0957,0.0957,0.0958,0.0958,0.0958,0.0959,0.096,0.0961,0.096,0.096,0.0961,0.0963,0.0968,0.0968,0.0968,0.0969,0.097,0.0973,0.0973,0.0976,0.0977,0.0982,0.0982,0.0985,0.099,0.1009,0.0996,0.0995,0.1005,0.1003,0.1005,0.1018,0.1018,0.1021,0.1025,0.1022,0.1027,0.1029,0.1067
,,,,,,,,,,,,,,,,,,,,,,,,,,,,,,,,,,,,,,,,,,,,,,,,,,,,,,,,,,,,,,,,,,,,,,,,,,,,,,,,,,,,,,,,,,,,,,,,
Cycles / Well,,,,,,,,,,,,,,,,,,,,,,,,,,,,,,,,,,,,,,,,,,,,,,,,,,,,,,,,,,,,,,,,,,,,,,,,,,,,,,,,,,,,,,,,,,,,,,,,
H4,1,2,3,4,5,6,7,8,9,10,11,12,13,14,15,16,17,18,19,20,21,22,23,24,25,26,27,28,29,30,31,32,33,34,35,36,37,38,39,40,41,42,43,44,45,46,47,48,49,50,51,52,53,54,55,56,57,58,59,60,61,62,63,64,65,66,67,68,69,70,71,72,73,74,75,76,77,78,79,80,81,82,83,84,85,86,87,88,89,90,91,92,93,94,95,96
Time [s],0,1799.806,3599.729,5399.66,7199.597,8999.513,10799.458,12599.364,14399.311,16199.219,17999.129,19799.077,21599.014,23398.929,25198.853,26998.776,28798.721,30598.646,32398.579,34198.515,35998.426,37798.366,39598.295,41398.224,43198.149,44998.073,46797.997,48597.934,50397.855,52197.79,53997.709,55797.648,57597.562,59397.496,61197.415,62997.353,64797.279,66597.204,68397.129,70197.065,71996.967,73796.9,75596.814,77396.765,79196.693,80996.622,82796.528,84596.475,86396.393,88196.312,89996.248,91796.18,93596.114,95396.034,97195.966,98995.894,100795.82,102595.755,104395.67,106195.606,107995.535,109795.451,111595.395,113395.325,115195.239,116995.182,118795.096,120595.023,122394.949,124194.883,125994.805,127794.735,129594.672,131394.601,133194.53,134994.454,136794.373,138594.307,140394.225,142194.153,143994.083,145794.008,147593.92,149393.863,151193.795,152993.716,154793.66,156593.577,158393.507,160193.44,161993.355,163793.28,165593.216,167393.131,169193.06,170993.004
Temp. [°C],20,29.7,30.1,30,30,30.1,30,29.9,29.9,29.9,30,30,29.9,29.9,30.1,29.9,30,30,29.9,29.9,30,30,30,30.1,30,30.1,29.9,30,30,30.1,30,30.1,30.1,29.9,29.9,30,29.9,30.1,29.8,30,30.1,30.1,29.9,30.1,30,30.1,30.1,30.1,29.9,30,30,30,30,30.1,30,30,30.1,30,30,30,30,29.9,30.1,30.1,30,30,30,30,30,29.9,30,30,30,30,30,30.1,30.1,30.1,30.1,30.1,29.9,29.9,30.1,30.1,29.9,29.9,29.9,30.1,30,30,30.1,30,30.1,30,30.1,29.9
Mean,0.09956,0.09916,0.09928,0.09912,0.09908,0.09904,0.09898,0.09908,0.09898,0.09894,0.099,0.09906,0.09892,0.09896,0.09898,0.09894,0.0989,0.09886,0.0989,0.09886,0.09888,0.0988,0.09872,0.09882,0.09878,0.09878,0.09874,0.09876,0.09874,0.09872,0.09866,0.09872,0.09872,0.09858,0.09868,0.09864,0.09858,0.09872,0.09854,0.09854,0.09864,0.09868,0.09858,0.0986,0.09856,0.0987,0.0986,0.0987,0.09862,0.09854,0.0985,0.09844,0.09856,0.0986,0.09844,0.09848,0.0985,0.09854,0.0985,0.09852,0.09852,0.09844,0.09838,0.09856,0.0986,0.09854,0.09846,0.09848,0.09862,0.0987,0.09874,0.09866,0.09866,0.09866,0.0988,0.09876,0.0989,0.0988,0.09898,0.09898,0.099,0.09914,0.09934,0.0992,0.09908,0.09936,0.09924,0.09934,0.09966,0.0996,0.09956,0.09966,0.09968,0.09982,0.0998,0.10032
StDev,0.002341581,0.002293033,0.002282981,0.002340299,0.002219685,0.002333024,0.002282981,0.002371076,0.002434543,0.002456217,0.002437212,0.002486564,0.002513364,0.002514558,0.002521309,0.002508585,0.002517936,0.002547155,0.002609598,0.002547155,0.002587856,0.002695366,0.002628117,0.00272158,0.002693882,0.00272158,0.002693139,0.002707951,0.002757354,0.002775248,0.002805887,0.002803926,0.002857796,0.002828781,0.002794101,0.002929676,0.002913246,0.002958378,0.002915133,0.002915133,0.00292626,0.002982784,0.003025227,0.00296395,0.003013802,0.003013304,0.003043846,0.00298161,0.002981946,0.003066431,0.003078149,0.003089175,0.003024566,0.00304713,0.003094834,0.003067898,0.003136877,0.003023739,0.003146427,0.003029356,0.003086584,0.003072946,0.003049098,0.003136559,0.0032,0.003072946,0.003033645,0.002992825,0.003045817,0.002990819,0.002950932,0.003027871,0.002972036,0.002917705,0.002855696,0.002857971,0.002855696,0.002804461,0.002685517,0.002783343,0.00272305,0.002752817,0.002619733,0.002570992,0.002656501,0.002649151,0.002644428,0.002589015,0.002693139,0.0026533,0.002608256,0.00269685,0.002628117,0.002859545,0.002808024,0.003310891
1;2,0.102,0.1015,0.1017,0.1018,0.1017,0.1018,0.1017,0.1019,0.1019,0.1019,0.102,0.1021,0.102,0.1021,0.1021,0.1021,0.1021,0.1021,0.1022,0.1021,0.1021,0.1023,0.1021,0.1023,0.1022,0.1023,0.1022,0.1022,0.1022,0.1023,0.1023,0.1023,0.1024,0.1022,0.1022,0.1024,0.1023,0.1026,0.1022,0.1022,0.1024,0.1025,0.1024,0.1024,0.1024,0.1025,0.1024,0.1024,0.1024,0.1024,0.1024,0.1023,0.1023,0.1024,0.1023,0.1024,0.1024,0.1022,0.1024,0.1023,0.1024,0.1023,0.1022,0.1025,0.1027,0.1024,0.1022,0.1022,0.1024,0.1024,0.1025,0.1025,0.1024,0.1023,0.1024,0.1024,0.1025,0.1023,0.1023,0.1025,0.1025,0.1026,0.1024,0.1023,0.1024,0.1025,0.1023,0.1023,0.1026,0.1024,0.1024,0.1025,0.1024,0.1023,0.1024,0.1024
2;1,0.1012,0.1009,0.1009,0.1005,0.1002,0.1002,0.1001,0.1002,0.1001,0.0999,0.0999,0.1,0.0997,0.0996,0.0997,0.0995,0.0993,0.0993,0.0993,0.0993,0.0992,0.099,0.0988,0.0989,0.0989,0.0987,0.0987,0.0987,0.0986,0.0985,0.0985,0.0985,0.0983,0.0982,0.0983,0.0981,0.0981,0.0982,0.098,0.098,0.0979,0.098,0.0978,0.0978,0.0979,0.0979,0.0978,0.0979,0.0978,0.0975,0.0975,0.0975,0.0975,0.0976,0.0973,0.0974,0.0974,0.0974,0.0972,0.0974,0.0973,0.0971,0.0971,0.0971,0.0971,0.0972,0.097,0.097,0.0971,0.0971,0.0971,0.0969,0.0969,0.097,0.0969,0.0969,0.097,0.0968,0.0969,0.0969,0.097,0.0969,0.0968,0.0969,0.0968,0.0969,0.0966,0.0969,0.0969,0.0968,0.0969,0.0969,0.097,0.0968,0.0968,0.0969
2;2,0.1003,0.0998,0.0999,0.0998,0.0998,0.0998,0.0997,0.0999,0.0998,0.0999,0.0999,0.1,0.1,0.1001,0.1001,0.1001,0.1001,0.1001,0.1002,0.1001,0.1003,0.1002,0.1002,0.1004,0.1003,0.1004,0.1003,0.1004,0.1005,0.1004,0.1003,0.1005,0.1006,0.1004,0.1006,0.1006,0.1005,0.1006,0.1006,0.1006,0.1007,0.1008,0.1008,0.1007,0.1007,0.1009,0.1009,0.101,0.1008,0.1009,0.1008,0.1008,0.101,0.101,0.1009,0.1008,0.101,0.1011,0.1011,0.101,0.101,0.101,0.1009,0.1012,0.1012,0.1011,0.1011,0.1011,0.1013,0.1014,0.1013,0.1013,0.1013,0.1013,0.1014,0.1013,0.1015,0.1014,0.1015,0.1015,0.1014,0.1016,0.1015,0.1015,0.1014,0.1016,0.1014,0.1016,0.1017,0.1016,0.1016,0.1016,0.1017,0.1017,0.1017,0.1017
2;3,0.0979,0.0975,0.0977,0.0975,0.0976,0.0975,0.0975,0.0975,0.0974,0.0974,0.0975,0.0975,0.0974,0.0974,0.0974,0.0974,0.0975,0.0973,0.0974,0.0973,0.0974,0.0972,0.0972,0.0972,0.0973,0.0972,0.0973,0.0973,0.0973,0.0973,0.0972,0.0972,0.0972,0.0972,0.0972,0.0972,0.0972,0.0972,0.0971,0.0971,0.0972,0.0971,0.0971,0.0972,0.097,0.0973,0.0971,0.0972,0.0972,0.0971,0.0971,0.097,0.0971,0.0971,0.097,0.097,0.097,0.0971,0.097,0.0969,0.097,0.0968,0.0968,0.0969,0.0969,0.0969,0.0969,0.0968,0.0969,0.0969,0.0969,0.0969,0.0969,0.0968,0.0968,0.0969,0.0969,0.0969,0.0969,0.0968,0.0969,0.0968,0.0967,0.0968,0.0967,0.0967,0.0966,0.0967,0.0968,0.0968,0.0968,0.0967,0.0968,0.0966,0.0967,0.0967
3;2,0.0964,0.0961,0.0962,0.096,0.0961,0.0959,0.0959,0.0959,0.0957,0.0956,0.0957,0.0957,0.0955,0.0956,0.0956,0.0956,0.0955,0.0955,0.0954,0.0955,0.0954,0.0953,0.0953,0.0953,0.0952,0.0953,0.0952,0.0952,0.0951,0.0951,0.095,0.0951,0.0951,0.0949,0.0951,0.0949,0.0948,0.095,0.0948,0.0948,0.095,0.095,0.0948,0.0949,0.0948,0.0949,0.0948,0.095,0.0949,0.0948,0.0947,0.0946,0.0949,0.0949,0.0947,0.0948,0.0947,0.0949,0.0948,0.095,0.0949,0.095,0.0949,0.0951,0.0951,0.0951,0.0951,0.0953,0.0954,0.0957,0.0959,0.0957,0.0958,0.0959,0.0965,0.0963,0.0966,0.0966,0.0973,0.0972,0.0972,0.0978,0.0993,0.0985,0.0981,0.0991,0.0993,0.0992,0.1003,0.1004,0.1001,0.1006,0.1005,0.1017,0.1014,0.1039
,,,,,,,,,,,,,,,,,,,,,,,,,,,,,,,,,,,,,,,,,,,,,,,,,,,,,,,,,,,,,,,,,,,,,,,,,,,,,,,,,,,,,,,,,,,,,,,,
Cycles / Well,,,,,,,,,,,,,,,,,,,,,,,,,,,,,,,,,,,,,,,,,,,,,,,,,,,,,,,,,,,,,,,,,,,,,,,,,,,,,,,,,,,,,,,,,,,,,,,,
H5,1,2,3,4,5,6,7,8,9,10,11,12,13,14,15,16,17,18,19,20,21,22,23,24,25,26,27,28,29,30,31,32,33,34,35,36,37,38,39,40,41,42,43,44,45,46,47,48,49,50,51,52,53,54,55,56,57,58,59,60,61,62,63,64,65,66,67,68,69,70,71,72,73,74,75,76,77,78,79,80,81,82,83,84,85,86,87,88,89,90,91,92,93,94,95,96
Time [s],0,1799.806,3599.729,5399.66,7199.597,8999.513,10799.458,12599.364,14399.311,16199.219,17999.129,19799.077,21599.014,23398.929,25198.853,26998.776,28798.721,30598.646,32398.579,34198.515,35998.426,37798.366,39598.295,41398.224,43198.149,44998.073,46797.997,48597.934,50397.855,52197.79,53997.709,55797.648,57597.562,59397.496,61197.415,62997.353,64797.279,66597.204,68397.129,70197.065,71996.967,73796.9,75596.814,77396.765,79196.693,80996.622,82796.528,84596.475,86396.393,88196.312,89996.248,91796.18,93596.114,95396.034,97195.966,98995.894,100795.82,102595.755,104395.67,106195.606,107995.535,109795.451,111595.395,113395.325,115195.239,116995.182,118795.096,120595.023,122394.949,124194.883,125994.805,127794.735,129594.672,131394.601,133194.53,134994.454,136794.373,138594.307,140394.225,142194.153,143994.083,145794.008,147593.92,149393.863,151193.795,152993.716,154793.66,156593.577,158393.507,160193.44,161993.355,163793.28,165593.216,167393.131,169193.06,170993.004
Temp. [°C],20,29.7,30.1,30,30,30.1,30,29.9,29.9,29.9,30,30,29.9,29.9,30.1,29.9,30,30,29.9,29.9,30,30,30,30.1,30,30.1,29.9,30,30,30.1,30,30.1,30.1,29.9,29.9,30,29.9,30.1,29.8,30,30.1,30.1,29.9,30.1,30,30.1,30.1,30.1,29.9,30,30,30,30,30.1,30,30,30.1,30,30,30,30,29.9,30.1,30.1,30,30,30,30,30,29.9,30,30,30,30,30,30.1,30.1,30.1,30.1,30.1,29.9,29.9,30.1,30.1,29.9,29.9,29.9,30.1,30,30,30.1,30,30.1,30,30.1,29.9
Mean,0.09924,0.0988,0.09888,0.09874,0.09882,0.09878,0.09864,0.09874,0.09872,0.09874,0.0988,0.0988,0.09872,0.09878,0.0988,0.09878,0.09872,0.09876,0.09874,0.09872,0.09874,0.0986,0.09864,0.09876,0.09872,0.09876,0.09872,0.09876,0.09884,0.09872,0.0987,0.09878,0.0988,0.09872,0.09882,0.09886,0.09872,0.09892,0.09876,0.0988,0.09888,0.0989,0.09886,0.09894,0.09898,0.09912,0.09906,0.09956,0.09908,0.09906,0.09904,0.09886,0.09902,0.0991,0.099,0.09896,0.0992,0.09916,0.09922,0.09926,0.09928,0.09932,0.09922,0.0994,0.09938,0.09934,0.09934,0.09928,0.09958,0.09966,0.09962,0.09962,0.09966,0.0996,0.09986,0.09992,0.09984,0.0999,0.10004,0.09996,0.10016,0.10032,0.10096,0.10032,0.1002,0.10044,0.10042,0.10056,0.10092,0.10068,0.10078,0.10078,0.10082,0.1009,0.1008,0.10164
StDev,0.002915133,0.002852192,0.002868275,0.002953473,0.002900345,0.002975231,0.003003831,0.002991321,0.003028531,0.003059902,0.003080584,0.0031233,0.003055651,0.003001999,0.003068387,0.003097095,0.003055651,0.003054996,0.003079448,0.003084964,0.00312618,0.003157531,0.003116569,0.003194996,0.003133209,0.003141337,0.003168122,0.003183237,0.003095642,0.003171277,0.003146427,0.00315943,0.00308788,0.003113198,0.003113198,0.003072946,0.003109984,0.003014465,0.00296867,0.003029026,0.002994495,0.002931723,0.003012142,0.002980436,0.002990318,0.002955842,0.002921986,0.00270518,0.00294822,0.002966142,0.002900517,0.002921986,0.002916676,0.002891366,0.002974895,0.002889291,0.002786575,0.00279249,0.002841127,0.002834255,0.002765321,0.002758079,0.002761702,0.002783882,0.002778849,0.002779928,0.00280232,0.002756266,0.002798571,0.002877151,0.002864786,0.002832314,0.002863215,0.002845171,0.002988812,0.003078474,0.00302043,0.003108054,0.003194214,0.003023739,0.003263127,0.003340958,0.004590534,0.003544996,0.003490702,0.003626706,0.003834971,0.003818115,0.004293833,0.004029516,0.004178756,0.004259343,0.004197261,0.004635191,0.0042936,0.005898559
1;2,0.1029,0.1024,0.1025,0.1025,0.1025,0.1025,0.1024,0.1024,0.1025,0.1026,0.1025,0.1026,0.1024,0.1024,0.1025,0.1025,0.1024,0.1024,0.1024,0.1024,0.1025,0.1023,0.1023,0.1025,0.1024,0.1024,0.1023,0.1024,0.1024,0.1024,0.1023,0.1024,0.1024,0.1023,0.1024,0.1024,0.1023,0.1024,0.1022,0.1023,0.1023,0.1023,0.1023,0.1023,0.1024,0.1025,0.1024,0.1023,0.1024,0.1024,0.1023,0.1022,0.1022,0.1024,0.1023,0.1022,0.1023,0.1022,0.1023,0.1023,0.1022,0.1022,0.1021,0.1023,0.1022,0.1022,0.1021,0.1021,0.1022,0.1022,0.1023,0.1021,0.1022,0.102,0.1022,0.1022,0.1023,0.1021,0.1022,0.1021,0.1023,0.1023,0.102,0.102,0.1021,0.1022,0.1021,0.1021,0.1022,0.1021,0.1022,0.1022,0.1023,0.102,0.1021,0.102
2;1,0.0975,0.097,0.097,0.0968,0.0969,0.0968,0.0966,0.0968,0.0967,0.0967,0.0968,0.0968,0.0967,0.0968,0.0968,0.0967,0.0967,0.0967,0.0967,0.0966,0.0966,0.0965,0.0966,0.0967,0.0966,0.0967,0.0966,0.0966,0.0967,0.0966,0.0965,0.0966,0.0966,0.0965,0.0966,0.0967,0.0966,0.0967,0.0966,0.0966,0.0967,0.0966,0.0965,0.0966,0.0966,0.0967,0.0966,0.0967,0.0966,0.0966,0.0966,0.0964,0.0965,0.0966,0.0965,0.0964,0.0966,0.0965,0.0964,0.0965,0.0965,0.0965,0.0963,0.0965,0.0964,0.0964,0.0964,0.0963,0.0965,0.0964,0.0965,0.0964,0.0964,0.0964,0.0965,0.0964,0.0963,0.0963,0.0964,0.0965,0.0965,0.0965,0.0965,0.0964,0.0963,0.0964,0.0962,0.0965,0.0965,0.0964,0.0964,0.0964,0.0964,0.0963,0.0964,0.0964
2;2,0.1018,0.1013,0.1014,0.1013,0.1013,0.1014,0.1013,0.1015,0.1014,0.1014,0.1017,0.1017,0.1016,0.1016,0.1017,0.1017,0.1016,0.1017,0.1017,0.1017,0.1017,0.1017,0.1017,0.1019,0.1018,0.1019,0.102,0.102,0.102,0.1019,0.1019,0.102,0.1019,0.1019,0.102,0.102,0.1019,0.102,0.1018,0.1019,0.102,0.1019,0.102,0.1021,0.1021,0.1022,0.1021,0.1021,0.1022,0.1022,0.1021,0.1019,0.1022,0.1021,0.1022,0.102,0.1021,0.1021,0.1022,0.1022,0.1021,0.1021,0.102,0.1022,0.1021,0.1021,0.1021,0.102,0.1022,0.1023,0.1024,0.1022,0.1022,0.1022,0.1023,0.1022,0.1022,0.1023,0.1022,0.1022,0.1023,0.1024,0.1022,0.1023,0.1022,0.1023,0.1023,0.1023,0.1024,0.1022,0.1024,0.1023,0.1025,0.1023,0.1024,0.1023
2;3,0.0977,0.0973,0.0974,0.0972,0.0975,0.0974,0.0972,0.0972,0.0973,0.0973,0.0973,0.0972,0.0972,0.0973,0.0972,0.0973,0.0972,0.0972,0.0972,0.0971,0.0972,0.097,0.097,0.0971,0.0971,0.0971,0.097,0.0971,0.0971,0.097,0.0971,0.0971,0.0971,0.097,0.0971,0.0971,0.0969,0.0972,0.0969,0.097,0.097,0.0971,0.097,0.097,0.097,0.097,0.097,0.0969,0.097,0.0969,0.0968,0.0968,0.0969,0.097,0.0969,0.0968,0.097,0.0969,0.097,0.0968,0.0968,0.0968,0.0968,0.0969,0.0968,0.0968,0.0966,0.0968,0.0968,0.0968,0.0968,0.0968,0.0968,0.0967,0.0967,0.0967,0.0968,0.0967,0.0967,0.0968,0.0967,0.0969,0.0966,0.0967,0.0966,0.0968,0.0966,0.0967,0.0968,0.0968,0.0967,0.0966,0.0967,0.0965,0.0966,0.0966
3;2,0.0963,0.096,0.0961,0.0959,0.0959,0.0958,0.0957,0.0958,0.0957,0.0957,0.0957,0.0957,0.0957,0.0958,0.0958,0.0957,0.0957,0.0958,0.0957,0.0958,0.0957,0.0955,0.0956,0.0956,0.0957,0.0957,0.0957,0.0957,0.096,0.0957,0.0957,0.0958,0.096,0.0959,0.096,0.0961,0.0959,0.0963,0.0963,0.0962,0.0964,0.0966,0.0965,0.0967,0.0968,0.0972,0.0972,0.0998,0.0972,0.0972,0.0974,0.097,0.0973,0.0974,0.0971,0.0974,0.098,0.0981,0.0982,0.0985,0.0988,0.099,0.0989,0.0991,0.0994,0.0992,0.0995,0.0992,0.1002,0.1006,0.1001,0.1006,0.1007,0.1007,0.1016,0.1021,0.1016,0.1021,0.1027,0.1022,0.103,0.1035,0.1075,0.1042,0.1038,0.1045,0.1049,0.1052,0.1067,0.1059,0.1062,0.1064,0.1062,0.1074,0.1065,0.1109
,,,,,,,,,,,,,,,,,,,,,,,,,,,,,,,,,,,,,,,,,,,,,,,,,,,,,,,,,,,,,,,,,,,,,,,,,,,,,,,,,,,,,,,,,,,,,,,,
Cycles / Well,,,,,,,,,,,,,,,,,,,,,,,,,,,,,,,,,,,,,,,,,,,,,,,,,,,,,,,,,,,,,,,,,,,,,,,,,,,,,,,,,,,,,,,,,,,,,,,,
H6,1,2,3,4,5,6,7,8,9,10,11,12,13,14,15,16,17,18,19,20,21,22,23,24,25,26,27,28,29,30,31,32,33,34,35,36,37,38,39,40,41,42,43,44,45,46,47,48,49,50,51,52,53,54,55,56,57,58,59,60,61,62,63,64,65,66,67,68,69,70,71,72,73,74,75,76,77,78,79,80,81,82,83,84,85,86,87,88,89,90,91,92,93,94,95,96
Time [s],0,1799.806,3599.729,5399.66,7199.597,8999.513,10799.458,12599.364,14399.311,16199.219,17999.129,19799.077,21599.014,23398.929,25198.853,26998.776,28798.721,30598.646,32398.579,34198.515,35998.426,37798.366,39598.295,41398.224,43198.149,44998.073,46797.997,48597.934,50397.855,52197.79,53997.709,55797.648,57597.562,59397.496,61197.415,62997.353,64797.279,66597.204,68397.129,70197.065,71996.967,73796.9,75596.814,77396.765,79196.693,80996.622,82796.528,84596.475,86396.393,88196.312,89996.248,91796.18,93596.114,95396.034,97195.966,98995.894,100795.82,102595.755,104395.67,106195.606,107995.535,109795.451,111595.395,113395.325,115195.239,116995.182,118795.096,120595.023,122394.949,124194.883,125994.805,127794.735,129594.672,131394.601,133194.53,134994.454,136794.373,138594.307,140394.225,142194.153,143994.083,145794.008,147593.92,149393.863,151193.795,152993.716,154793.66,156593.577,158393.507,160193.44,161993.355,163793.28,165593.216,167393.131,169193.06,170993.004
Temp. [°C],20,29.7,30.1,30,30,30.1,30,29.9,29.9,29.9,30,30,29.9,29.9,30.1,29.9,30,30,29.9,29.9,30,30,30,30.1,30,30.1,29.9,30,30,30.1,30,30.1,30.1,29.9,29.9,30,29.9,30.1,29.8,30,30.1,30.1,29.9,30.1,30,30.1,30.1,30.1,29.9,30,30,30,30,30.1,30,30,30.1,30,30,30,30,29.9,30.1,30.1,30,30,30,30,30,29.9,30,30,30,30,30,30.1,30.1,30.1,30.1,30.1,29.9,29.9,30.1,30.1,29.9,29.9,29.9,30.1,30,30,30.1,30,30.1,30,30.1,29.9
Mean,0.09916,0.09878,0.09888,0.09874,0.09882,0.09886,0.0988,0.0988,0.09878,0.09878,0.09896,0.099,0.0989,0.09898,0.09894,0.0989,0.0989,0.09892,0.09888,0.0989,0.09898,0.0988,0.09888,0.09896,0.099,0.09902,0.09898,0.09906,0.09912,0.0991,0.09904,0.09908,0.09914,0.09912,0.09924,0.0993,0.09914,0.09938,0.09924,0.09926,0.09942,0.09948,0.09946,0.09952,0.0995,0.09962,0.09972,0.10014,0.09972,0.0997,0.0997,0.09946,0.09974,0.0998,0.09972,0.09978,0.09984,0.09992,0.10012,0.10002,0.10004,0.10032,0.10024,0.10034,0.1005,0.10028,0.10036,0.1003,0.1005,0.1007,0.1006,0.10068,0.10072,0.1007,0.10092,0.10104,0.10102,0.10098,0.1012,0.10116,0.10122,0.10154,0.10226,0.10152,0.10142,0.10162,0.10164,0.10168,0.10204,0.10196,0.10204,0.10218,0.10212,0.10244,0.10226,0.10336
StDev,0.002520516,0.0025014,0.002618587,0.002707951,0.002705919,0.002776329,0.002827543,0.002900862,0.002920959,0.002913246,0.002924551,0.003010814,0.002931723,0.002987809,0.003005495,0.002994161,0.00297069,0.002977751,0.003017781,0.002987474,0.002960912,0.002932576,0.002982784,0.002995497,0.002890502,0.002928652,0.002862167,0.00291599,0.002842006,0.002866182,0.002879757,0.0028735,0.002862342,0.002777049,0.002756447,0.002739526,0.002749182,0.002620496,0.00257449,0.00263875,0.002630019,0.002582053,0.002559883,0.002558711,0.002512966,0.002541063,0.002537124,0.002567684,0.00246921,0.002473863,0.002475884,0.002470425,0.002479516,0.002426932,0.0025014,0.002479314,0.002489578,0.002549902,0.002605187,0.002584956,0.002622594,0.002859545,0.00287802,0.002922841,0.002961419,0.002909811,0.003068061,0.002994161,0.003238827,0.00332265,0.003184337,0.003349925,0.003367789,0.003472031,0.00373992,0.00405623,0.003819948,0.003978945,0.004279019,0.004355227,0.00419309,0.004650591,0.006474797,0.004928184,0.004928184,0.005083011,0.005413686,0.005270389,0.005743953,0.005702017,0.005826062,0.006066053,0.006006829,0.006925532,0.006434516,0.008681187
1;2,0.1026,0.1021,0.1023,0.1022,0.1022,0.1023,0.1023,0.1024,0.1023,0.1022,0.1024,0.1025,0.1022,0.1025,0.1024,0.1024,0.1023,0.1023,0.1023,0.1022,0.1023,0.1021,0.1022,0.1023,0.1023,0.1023,0.1022,0.1023,0.1023,0.1023,0.1023,0.1023,0.1024,0.1022,0.1023,0.1023,0.1022,0.1023,0.1021,0.1022,0.1023,0.1024,0.1023,0.1023,0.1022,0.1023,0.1024,0.1022,0.1022,0.1023,0.1022,0.102,0.1021,0.1022,0.1022,0.1021,0.1021,0.1021,0.1021,0.1022,0.1022,0.1021,0.102,0.1021,0.1021,0.1021,0.102,0.102,0.102,0.1021,0.1021,0.1021,0.1021,0.102,0.102,0.102,0.1021,0.102,0.102,0.102,0.1021,0.1023,0.1019,0.102,0.1019,0.1021,0.1019,0.102,0.1022,0.102,0.102,0.1021,0.1021,0.102,0.1019,0.102
2;1,0.0979,0.0979,0.0978,0.0977,0.0977,0.0977,0.0976,0.0975,0.0975,0.0975,0.0977,0.0976,0.0977,0.0976,0.0975,0.0974,0.0976,0.0974,0.0974,0.0976,0.0975,0.0974,0.0974,0.0974,0.0974,0.0975,0.0974,0.0974,0.0974,0.0974,0.0974,0.0974,0.0973,0.0973,0.0975,0.0974,0.0972,0.0975,0.0973,0.0973,0.0975,0.0975,0.0975,0.0974,0.0973,0.0975,0.0974,0.0975,0.0975,0.0975,0.0973,0.0972,0.0974,0.0975,0.0973,0.0973,0.0973,0.0973,0.0974,0.0973,0.0973,0.0974,0.0972,0.0972,0.0974,0.0972,0.0972,0.0971,0.0972,0.0973,0.0973,0.0973,0.0973,0.0973,0.0973,0.0971,0.0973,0.0971,0.0973,0.0972,0.0974,0.0974,0.0972,0.0972,0.0971,0.0972,0.0971,0.0972,0.0972,0.0973,0.0974,0.0973,0.0973,0.0971,0.0972,0.0973
2;2,0.1009,0.1005,0.1008,0.1008,0.101,0.1011,0.1011,0.1012,0.1013,0.1014,0.1016,0.1018,0.1017,0.1017,0.1018,0.1017,0.1017,0.1018,0.1018,0.1019,0.1019,0.1017,0.1019,0.102,0.1019,0.102,0.1019,0.1021,0.1021,0.1021,0.102,0.1021,0.1021,0.1021,0.1022,0.1023,0.1021,0.1022,0.102,0.1021,0.1023,0.1022,0.1022,0.1023,0.1022,0.1024,0.1023,0.1023,0.1024,0.1023,0.1022,0.1021,0.1024,0.1023,0.1023,0.1023,0.1023,0.1023,0.1025,0.1024,0.1023,0.1024,0.1023,0.1025,0.1024,0.1025,0.1023,0.1023,0.1024,0.1025,0.1025,0.1025,0.1024,0.1024,0.1025,0.1025,0.1025,0.1024,0.1025,0.1024,0.1024,0.1026,0.1024,0.1025,0.1024,0.1025,0.1024,0.1024,0.1025,0.1024,0.1025,0.1025,0.1025,0.1024,0.1025,0.1024
2;3,0.098,0.0976,0.0977,0.0975,0.0976,0.0977,0.0976,0.0975,0.0975,0.0975,0.0976,0.0976,0.0975,0.0976,0.0975,0.0975,0.0975,0.0976,0.0975,0.0973,0.0976,0.0973,0.0973,0.0974,0.0974,0.0974,0.0974,0.0974,0.0974,0.0974,0.0973,0.0972,0.0974,0.0973,0.0973,0.0973,0.0972,0.0975,0.0971,0.0973,0.0974,0.0974,0.0973,0.0974,0.0973,0.0973,0.0972,0.0972,0.0973,0.0973,0.0972,0.0971,0.0972,0.0973,0.0972,0.0972,0.0972,0.0971,0.0972,0.0972,0.0971,0.097,0.097,0.0971,0.0972,0.097,0.0969,0.097,0.0969,0.0971,0.0971,0.097,0.0971,0.0969,0.097,0.097,0.0971,0.097,0.0969,0.0968,0.097,0.097,0.0969,0.0969,0.0968,0.0969,0.0967,0.0969,0.0971,0.097,0.0969,0.097,0.0969,0.0968,0.0969,0.0969
3;2,0.0964,0.0958,0.0958,0.0955,0.0956,0.0955,0.0954,0.0954,0.0953,0.0953,0.0955,0.0955,0.0954,0.0955,0.0955,0.0955,0.0954,0.0955,0.0954,0.0955,0.0956,0.0955,0.0956,0.0957,0.096,0.0959,0.096,0.0961,0.0964,0.0963,0.0962,0.0964,0.0965,0.0967,0.0969,0.0972,0.097,0.0974,0.0977,0.0974,0.0976,0.0979,0.098,0.0982,0.0985,0.0986,0.0993,0.1015,0.0992,0.0991,0.0996,0.0989,0.0996,0.0997,0.0996,0.1,0.1003,0.1008,0.1014,0.101,0.1013,0.1027,0.1027,0.1028,0.1034,0.1026,0.1034,0.1031,0.104,0.1045,0.104,0.1045,0.1047,0.1049,0.1058,0.1066,0.1061,0.1064,0.1073,0.1074,0.1072,0.1084,0.1129,0.109,0.1089,0.1094,0.1101,0.1099,0.1112,0.1111,0.1114,0.112,0.1118,0.1139,0.1128,0.1182
,,,,,,,,,,,,,,,,,,,,,,,,,,,,,,,,,,,,,,,,,,,,,,,,,,,,,,,,,,,,,,,,,,,,,,,,,,,,,,,,,,,,,,,,,,,,,,,,
Cycles / Well,,,,,,,,,,,,,,,,,,,,,,,,,,,,,,,,,,,,,,,,,,,,,,,,,,,,,,,,,,,,,,,,,,,,,,,,,,,,,,,,,,,,,,,,,,,,,,,,
H7,1,2,3,4,5,6,7,8,9,10,11,12,13,14,15,16,17,18,19,20,21,22,23,24,25,26,27,28,29,30,31,32,33,34,35,36,37,38,39,40,41,42,43,44,45,46,47,48,49,50,51,52,53,54,55,56,57,58,59,60,61,62,63,64,65,66,67,68,69,70,71,72,73,74,75,76,77,78,79,80,81,82,83,84,85,86,87,88,89,90,91,92,93,94,95,96
Time [s],0,1799.806,3599.729,5399.66,7199.597,8999.513,10799.458,12599.364,14399.311,16199.219,17999.129,19799.077,21599.014,23398.929,25198.853,26998.776,28798.721,30598.646,32398.579,34198.515,35998.426,37798.366,39598.295,41398.224,43198.149,44998.073,46797.997,48597.934,50397.855,52197.79,53997.709,55797.648,57597.562,59397.496,61197.415,62997.353,64797.279,66597.204,68397.129,70197.065,71996.967,73796.9,75596.814,77396.765,79196.693,80996.622,82796.528,84596.475,86396.393,88196.312,89996.248,91796.18,93596.114,95396.034,97195.966,98995.894,100795.82,102595.755,104395.67,106195.606,107995.535,109795.451,111595.395,113395.325,115195.239,116995.182,118795.096,120595.023,122394.949,124194.883,125994.805,127794.735,129594.672,131394.601,133194.53,134994.454,136794.373,138594.307,140394.225,142194.153,143994.083,145794.008,147593.92,149393.863,151193.795,152993.716,154793.66,156593.577,158393.507,160193.44,161993.355,163793.28,165593.216,167393.131,169193.06,170993.004
Temp. [°C],20,29.7,30.1,30,30,30.1,30,29.9,29.9,29.9,30,30,29.9,29.9,30.1,29.9,30,30,29.9,29.9,30,30,30,30.1,30,30.1,29.9,30,30,30.1,30,30.1,30.1,29.9,29.9,30,29.9,30.1,29.8,30,30.1,30.1,29.9,30.1,30,30.1,30.1,30.1,29.9,30,30,30,30,30.1,30,30,30.1,30,30,30,30,29.9,30.1,30.1,30,30,30,30,30,29.9,30,30,30,30,30,30.1,30.1,30.1,30.1,30.1,29.9,29.9,30.1,30.1,29.9,29.9,29.9,30.1,30,30,30.1,30,30.1,30,30.1,29.9
Mean,0.10308,0.10278,0.103,0.10286,0.10296,0.10292,0.1028,0.10284,0.10278,0.10288,0.10294,0.10294,0.1029,0.10296,0.10294,0.10294,0.1029,0.10302,0.10298,0.10294,0.10298,0.10288,0.10288,0.10296,0.10296,0.10298,0.10296,0.10302,0.1031,0.10306,0.10302,0.10314,0.10304,0.10306,0.1032,0.10324,0.10304,0.1033,0.10314,0.1031,0.10316,0.10328,0.10324,0.10328,0.10332,0.10342,0.10342,0.10384,0.10336,0.1034,0.10348,0.10324,0.10352,0.10334,0.1033,0.10334,0.10344,0.10348,0.10358,0.10348,0.10362,0.1036,0.10368,0.10378,0.10374,0.10372,0.10364,0.1036,0.10378,0.10392,0.1038,0.10386,0.10396,0.10388,0.10408,0.10432,0.10414,0.1041,0.10424,0.10426,0.10446,0.1046,0.10522,0.10458,0.10436,0.10464,0.10462,0.1047,0.10498,0.10488,0.10504,0.10508,0.1051,0.10522,0.1051,0.10592
StDev,0.003557668,0.003877112,0.003959167,0.003919566,0.003933573,0.003940431,0.004014349,0.003963332,0.004046851,0.004070258,0.003966485,0.004013477,0.004004997,0.003951329,0.003943729,0.003938655,0.003931921,0.003948037,0.003937893,0.003925939,0.00391561,0.003960682,0.003961313,0.003982838,0.003894612,0.00391561,0.003904228,0.00389063,0.003875564,0.003913183,0.003829752,0.00386303,0.003895254,0.003844867,0.003756993,0.003778624,0.003753398,0.003786819,0.003759388,0.003841224,0.00381746,0.003773857,0.003760053,0.003699595,0.003616213,0.003649932,0.003612755,0.003525337,0.003645271,0.003678315,0.003632079,0.003682119,0.00362381,0.003596248,0.003655817,0.003662376,0.003595553,0.003596109,0.003617596,0.003582178,0.003549225,0.003548239,0.003537231,0.003564688,0.00358162,0.003508133,0.003584411,0.003489269,0.003607215,0.003594023,0.003555278,0.003631529,0.003628774,0.003658825,0.003767891,0.003912416,0.003729343,0.003768952,0.003883684,0.003850714,0.00393548,0.004057093,0.005087436,0.004209751,0.004118009,0.004175284,0.004501888,0.004330704,0.004563113,0.004506329,0.004687537,0.004811653,0.004806766,0.005144123,0.004914774,0.006188861
1;2,0.1088,0.1089,0.1091,0.109,0.1092,0.1091,0.1091,0.109,0.109,0.1092,0.1091,0.1091,0.1091,0.1091,0.109,0.1091,0.109,0.1091,0.1091,0.109,0.109,0.1089,0.109,0.1091,0.109,0.109,0.109,0.1091,0.1091,0.1091,0.1089,0.1091,0.1091,0.109,0.109,0.1091,0.1089,0.1092,0.1089,0.109,0.1091,0.1091,0.109,0.109,0.1089,0.109,0.109,0.109,0.109,0.1091,0.1091,0.1089,0.109,0.1089,0.1089,0.109,0.1089,0.1089,0.109,0.1089,0.1089,0.1088,0.1087,0.1089,0.1089,0.1087,0.1087,0.1086,0.1088,0.1088,0.1088,0.1088,0.1089,0.1088,0.1088,0.1089,0.1088,0.1087,0.1088,0.1088,0.1089,0.109,0.1088,0.1088,0.1087,0.1088,0.1087,0.1088,0.1089,0.1088,0.1089,0.1089,0.1089,0.1086,0.1087,0.1088
2;1,0.1016,0.1013,0.1016,0.1013,0.1012,0.1012,0.101,0.1012,0.1011,0.1013,0.1012,0.1013,0.1012,0.1012,0.1013,0.1013,0.1011,0.1013,0.1011,0.1012,0.1012,0.1012,0.1009,0.1011,0.1011,0.1012,0.1012,0.1011,0.1011,0.1011,0.101,0.101,0.101,0.1009,0.1011,0.1011,0.101,0.1012,0.1009,0.1009,0.101,0.1011,0.1011,0.1009,0.1011,0.1012,0.1012,0.1011,0.101,0.1011,0.1011,0.1009,0.1008,0.1008,0.1009,0.1009,0.1009,0.1009,0.101,0.1009,0.1009,0.1009,0.1009,0.1009,0.1009,0.1011,0.1008,0.1009,0.1008,0.101,0.1009,0.1008,0.1009,0.1006,0.1008,0.1008,0.1009,0.1008,0.1007,0.1008,0.1009,0.1008,0.1008,0.1008,0.1005,0.1008,0.1006,0.1008,0.101,0.1008,0.1007,0.1009,0.1008,0.1008,0.1008,0.1009
2;2,0.1041,0.1041,0.1046,0.1043,0.1043,0.1044,0.1043,0.1044,0.1045,0.1045,0.1046,0.1047,0.1046,0.1046,0.1047,0.1045,0.1046,0.1048,0.1047,0.1047,0.1048,0.1048,0.1047,0.1048,0.1047,0.1048,0.1047,0.1047,0.1049,0.1049,0.1049,0.105,0.1048,0.1049,0.105,0.105,0.1047,0.105,0.105,0.105,0.1049,0.1051,0.1051,0.105,0.105,0.1052,0.105,0.1051,0.105,0.105,0.1049,0.105,0.1052,0.1049,0.105,0.1049,0.1051,0.1051,0.1051,0.1049,0.105,0.1051,0.1051,0.1052,0.1051,0.1052,0.1051,0.105,0.1051,0.1051,0.1051,0.1052,0.1052,0.105,0.1052,0.1052,0.1052,0.1051,0.1051,0.1052,0.1053,0.1054,0.1052,0.1052,0.1051,0.1052,0.105,0.1053,0.1052,0.1053,0.1052,0.1052,0.1053,0.1053,0.1052,0.1053
2;3,0.1011,0.1005,0.1006,0.1006,0.1008,0.1007,0.1006,0.1006,0.1005,0.1004,0.1005,0.1005,0.1004,0.1006,0.1004,0.1004,0.1004,0.1004,0.1004,0.1003,0.1003,0.1002,0.1003,0.1002,0.1003,0.1003,0.1003,0.1002,0.1003,0.1002,0.1002,0.1003,0.1002,0.1003,0.1003,0.1003,0.1001,0.1003,0.1,0.1001,0.1002,0.1003,0.1001,0.1002,0.1002,0.1002,0.1001,0.1001,0.1002,0.1001,0.1,0.1001,0.1002,0.1002,0.1,0.1,0.1001,0.1,0.0999,0.0999,0.1,0.0999,0.0998,0.1,0.0999,0.0998,0.0997,0.0998,0.0998,0.0998,0.0999,0.0998,0.0999,0.0999,0.0997,0.0998,0.0998,0.0997,0.0998,0.0998,0.0999,0.1,0.0997,0.0997,0.0997,0.0999,0.0995,0.0997,0.0998,0.0998,0.1,0.0997,0.0998,0.0996,0.0997,0.0997
3;2,0.0998,0.0991,0.0991,0.0991,0.0993,0.0992,0.099,0.099,0.0988,0.099,0.0993,0.0991,0.0992,0.0993,0.0993,0.0994,0.0994,0.0995,0.0996,0.0995,0.0996,0.0993,0.0995,0.0996,0.0997,0.0996,0.0996,0.1,0.1001,0.1,0.1001,0.1003,0.1001,0.1002,0.1006,0.1007,0.1005,0.1008,0.1009,0.1005,0.1006,0.1008,0.1009,0.1013,0.1014,0.1015,0.1018,0.1039,0.1016,0.1017,0.1023,0.1013,0.1024,0.1019,0.1017,0.1019,0.1022,0.1025,0.1029,0.1028,0.1033,0.1033,0.1039,0.1039,0.1039,0.1038,0.1039,0.1037,0.1044,0.1049,0.1043,0.1047,0.1049,0.1051,0.1059,0.1069,0.106,0.1062,0.1068,0.1067,0.1073,0.1078,0.1116,0.1084,0.1078,0.1085,0.1093,0.1089,0.11,0.1097,0.1104,0.1107,0.1107,0.1118,0.1111,0.1149
,,,,,,,,,,,,,,,,,,,,,,,,,,,,,,,,,,,,,,,,,,,,,,,,,,,,,,,,,,,,,,,,,,,,,,,,,,,,,,,,,,,,,,,,,,,,,,,,
Cycles / Well,,,,,,,,,,,,,,,,,,,,,,,,,,,,,,,,,,,,,,,,,,,,,,,,,,,,,,,,,,,,,,,,,,,,,,,,,,,,,,,,,,,,,,,,,,,,,,,,
H8,1,2,3,4,5,6,7,8,9,10,11,12,13,14,15,16,17,18,19,20,21,22,23,24,25,26,27,28,29,30,31,32,33,34,35,36,37,38,39,40,41,42,43,44,45,46,47,48,49,50,51,52,53,54,55,56,57,58,59,60,61,62,63,64,65,66,67,68,69,70,71,72,73,74,75,76,77,78,79,80,81,82,83,84,85,86,87,88,89,90,91,92,93,94,95,96
Time [s],0,1799.806,3599.729,5399.66,7199.597,8999.513,10799.458,12599.364,14399.311,16199.219,17999.129,19799.077,21599.014,23398.929,25198.853,26998.776,28798.721,30598.646,32398.579,34198.515,35998.426,37798.366,39598.295,41398.224,43198.149,44998.073,46797.997,48597.934,50397.855,52197.79,53997.709,55797.648,57597.562,59397.496,61197.415,62997.353,64797.279,66597.204,68397.129,70197.065,71996.967,73796.9,75596.814,77396.765,79196.693,80996.622,82796.528,84596.475,86396.393,88196.312,89996.248,91796.18,93596.114,95396.034,97195.966,98995.894,100795.82,102595.755,104395.67,106195.606,107995.535,109795.451,111595.395,113395.325,115195.239,116995.182,118795.096,120595.023,122394.949,124194.883,125994.805,127794.735,129594.672,131394.601,133194.53,134994.454,136794.373,138594.307,140394.225,142194.153,143994.083,145794.008,147593.92,149393.863,151193.795,152993.716,154793.66,156593.577,158393.507,160193.44,161993.355,163793.28,165593.216,167393.131,169193.06,170993.004
Temp. [°C],20,29.7,30.1,30,30,30.1,30,29.9,29.9,29.9,30,30,29.9,29.9,30.1,29.9,30,30,29.9,29.9,30,30,30,30.1,30,30.1,29.9,30,30,30.1,30,30.1,30.1,29.9,29.9,30,29.9,30.1,29.8,30,30.1,30.1,29.9,30.1,30,30.1,30.1,30.1,29.9,30,30,30,30,30.1,30,30,30.1,30,30,30,30,29.9,30.1,30.1,30,30,30,30,30,29.9,30,30,30,30,30,30.1,30.1,30.1,30.1,30.1,29.9,29.9,30.1,30.1,29.9,29.9,29.9,30.1,30,30,30.1,30,30.1,30,30.1,29.9
Mean,0.10162,0.1013,0.10154,0.10118,0.10116,0.10118,0.10112,0.10116,0.10106,0.1013,0.10132,0.10142,0.10128,0.10132,0.10138,0.10132,0.10138,0.10146,0.10144,0.10128,0.10138,0.10116,0.10134,0.10132,0.1013,0.10142,0.10134,0.10156,0.10158,0.10144,0.10146,0.10158,0.10138,0.10138,0.10164,0.10178,0.10136,0.10162,0.10156,0.10158,0.10164,0.10162,0.1016,0.1017,0.1017,0.10172,0.10178,0.10242,0.1018,0.1017,0.10186,0.10154,0.1017,0.10184,0.10164,0.10176,0.10182,0.10178,0.10204,0.10194,0.10184,0.10216,0.10184,0.10192,0.10198,0.1019,0.10192,0.1018,0.10216,0.1022,0.10214,0.10218,0.10224,0.10208,0.1022,0.10246,0.10234,0.10224,0.10232,0.10234,0.10244,0.10268,0.10314,0.10266,0.10248,0.10272,0.10268,0.1028,0.10302,0.10292,0.10298,0.10288,0.10294,0.10302,0.10298,0.10362
StDev,0.004262863,0.004305229,0.0043108,0.00428334,0.004258286,0.004199643,0.00433728,0.004315437,0.00430906,0.004216041,0.004248765,0.004158966,0.004152951,0.004156561,0.004143308,0.004154155,0.0040678,0.004153071,0.004058078,0.004109988,0.00406165,0.004247705,0.004064849,0.00412759,0.004094509,0.003963206,0.004026537,0.003911266,0.004018955,0.004005371,0.004031501,0.003910499,0.003994621,0.003999625,0.003912544,0.003883555,0.004031501,0.003980829,0.003948797,0.003902179,0.003857201,0.003851883,0.003907045,0.003847077,0.003792756,0.003909859,0.00382714,0.004041905,0.003934463,0.003937639,0.00381615,0.003850714,0.003912161,0.003787875,0.003803682,0.003850065,0.003912416,0.00382714,0.003876596,0.003799737,0.003857201,0.004018457,0.003841614,0.003907301,0.003891915,0.003872983,0.003926449,0.003915993,0.004074064,0.003976808,0.003985348,0.0040015,0.00405623,0.003974544,0.004063865,0.004224689,0.004177679,0.004154275,0.00423816,0.00417169,0.00425946,0.004390558,0.005158779,0.004585085,0.004457802,0.004593147,0.004791346,0.00455357,0.004887944,0.004878729,0.004842727,0.004717203,0.004831459,0.005070207,0.004915994,0.006090731
1;2,0.1051,0.105,0.1053,0.1049,0.1048,0.1047,0.1049,0.1048,0.1047,0.1049,0.1049,0.1049,0.1047,0.1048,0.1049,0.1048,0.1047,0.1051,0.1048,0.1047,0.1048,0.1048,0.1047,0.1047,0.1047,0.1046,0.1046,0.1047,0.1049,0.1047,0.1047,0.1047,0.1046,0.1046,0.1048,0.1048,0.1046,0.1049,0.1047,0.1046,0.1046,0.1047,0.1047,0.1045,0.1045,0.1047,0.1047,0.1045,0.1048,0.1048,0.1044,0.1045,0.1046,0.1046,0.1044,0.1045,0.1047,0.1045,0.1045,0.1044,0.1045,0.1045,0.1043,0.1046,0.1046,0.1045,0.1043,0.1043,0.1045,0.1046,0.1047,0.1044,0.1043,0.1043,0.1044,0.1045,0.1045,0.1045,0.1045,0.1044,0.1045,0.1046,0.1042,0.1044,0.1042,0.1045,0.1042,0.1044,0.1044,0.1043,0.1044,0.1043,0.1044,0.1043,0.1043,0.1042
2;1,0.0981,0.0981,0.0982,0.098,0.0981,0.098,0.0979,0.098,0.0979,0.0981,0.0981,0.098,0.098,0.0981,0.098,0.0981,0.098,0.098,0.098,0.0978,0.0979,0.0979,0.0978,0.0978,0.0978,0.0979,0.0979,0.0979,0.0978,0.0978,0.0978,0.0979,0.0979,0.0979,0.0979,0.098,0.0977,0.098,0.0977,0.0977,0.0979,0.0979,0.0977,0.0979,0.0979,0.0979,0.0978,0.0978,0.0978,0.0978,0.0977,0.0977,0.0977,0.0979,0.0978,0.0978,0.0977,0.0978,0.0977,0.0978,0.0976,0.0977,0.0976,0.0977,0.0977,0.0976,0.0976,0.0975,0.0976,0.0977,0.0977,0.0976,0.0976,0.0976,0.0977,0.0977,0.0976,0.0976,0.0975,0.0976,0.0976,0.0977,0.0976,0.0975,0.0975,0.0976,0.0974,0.0977,0.0976,0.0975,0.0976,0.0977,0.0976,0.0975,0.0976,0.0976
2;2,0.1073,0.1069,0.1071,0.1067,0.1067,0.1067,0.1067,0.1068,0.1067,0.1068,0.1069,0.1069,0.1068,0.1068,0.1068,0.1068,0.1068,0.1068,0.1068,0.1067,0.1067,0.1067,0.1067,0.1068,0.1067,0.1067,0.1067,0.1067,0.1068,0.1067,0.1068,0.1067,0.1067,0.1067,0.1067,0.1068,0.1067,0.1068,0.1066,0.1066,0.1067,0.1066,0.1066,0.1067,0.1066,0.1068,0.1066,0.1067,0.1068,0.1067,0.1065,0.1065,0.1067,0.1065,0.1066,0.1066,0.1066,0.1066,0.1065,0.1066,0.1065,0.1066,0.1063,0.1066,0.1066,0.1064,0.1064,0.1064,0.1067,0.1064,0.1066,0.1064,0.1065,0.1064,0.1065,0.1065,0.1066,0.1063,0.1065,0.1065,0.1066,0.1067,0.1065,0.1065,0.1063,0.1064,0.1065,0.1064,0.1065,0.1065,0.1064,0.1065,0.1065,0.1065,0.1064,0.1063
2;3,0.0989,0.0986,0.0989,0.0987,0.0986,0.0987,0.0986,0.0987,0.0985,0.0987,0.0987,0.0987,0.0986,0.0987,0.0987,0.0986,0.0987,0.0986,0.0986,0.0985,0.0986,0.0984,0.0985,0.0985,0.0985,0.0986,0.0984,0.0986,0.0986,0.0984,0.0985,0.0985,0.0985,0.0984,0.0985,0.0985,0.0984,0.0985,0.0982,0.0983,0.0985,0.0985,0.0984,0.0983,0.0984,0.0984,0.0985,0.0984,0.0984,0.0983,0.0983,0.0983,0.0983,0.0983,0.0984,0.0982,0.0982,0.0983,0.0983,0.0984,0.0983,0.0981,0.0981,0.0982,0.0983,0.0982,0.098,0.098,0.0981,0.0982,0.0982,0.0982,0.0982,0.0981,0.098,0.0981,0.0981,0.0979,0.098,0.0981,0.0981,0.0982,0.0981,0.098,0.0979,0.098,0.0978,0.0982,0.0982,0.0981,0.0982,0.0981,0.0981,0.098,0.0981,0.0979
3;2,0.0987,0.0979,0.0982,0.0976,0.0976,0.0978,0.0975,0.0975,0.0975,0.098,0.098,0.0986,0.0983,0.0982,0.0985,0.0983,0.0987,0.0988,0.099,0.0987,0.0989,0.098,0.099,0.0988,0.0988,0.0993,0.0991,0.0999,0.0998,0.0996,0.0995,0.1001,0.0992,0.0993,0.1003,0.1008,0.0994,0.0999,0.1006,0.1007,0.1005,0.1004,0.1006,0.1011,0.1011,0.1008,0.1013,0.1047,0.1012,0.1009,0.1024,0.1007,0.1012,0.1019,0.101,0.1017,0.1019,0.1017,0.1032,0.1025,0.1023,0.1039,0.1029,0.1025,0.1027,0.1028,0.1033,0.1028,0.1039,0.1041,0.1035,0.1043,0.1046,0.104,0.1044,0.1055,0.1049,0.1049,0.1051,0.1051,0.1054,0.1062,0.1093,0.1069,0.1065,0.1071,0.1075,0.1073,0.1084,0.1082,0.1083,0.1078,0.1081,0.1088,0.1085,0.1121
,,,,,,,,,,,,,,,,,,,,,,,,,,,,,,,,,,,,,,,,,,,,,,,,,,,,,,,,,,,,,,,,,,,,,,,,,,,,,,,,,,,,,,,,,,,,,,,,
Cycles / Well,,,,,,,,,,,,,,,,,,,,,,,,,,,,,,,,,,,,,,,,,,,,,,,,,,,,,,,,,,,,,,,,,,,,,,,,,,,,,,,,,,,,,,,,,,,,,,,,
H9,1,2,3,4,5,6,7,8,9,10,11,12,13,14,15,16,17,18,19,20,21,22,23,24,25,26,27,28,29,30,31,32,33,34,35,36,37,38,39,40,41,42,43,44,45,46,47,48,49,50,51,52,53,54,55,56,57,58,59,60,61,62,63,64,65,66,67,68,69,70,71,72,73,74,75,76,77,78,79,80,81,82,83,84,85,86,87,88,89,90,91,92,93,94,95,96
Time [s],0,1799.806,3599.729,5399.66,7199.597,8999.513,10799.458,12599.364,14399.311,16199.219,17999.129,19799.077,21599.014,23398.929,25198.853,26998.776,28798.721,30598.646,32398.579,34198.515,35998.426,37798.366,39598.295,41398.224,43198.149,44998.073,46797.997,48597.934,50397.855,52197.79,53997.709,55797.648,57597.562,59397.496,61197.415,62997.353,64797.279,66597.204,68397.129,70197.065,71996.967,73796.9,75596.814,77396.765,79196.693,80996.622,82796.528,84596.475,86396.393,88196.312,89996.248,91796.18,93596.114,95396.034,97195.966,98995.894,100795.82,102595.755,104395.67,106195.606,107995.535,109795.451,111595.395,113395.325,115195.239,116995.182,118795.096,120595.023,122394.949,124194.883,125994.805,127794.735,129594.672,131394.601,133194.53,134994.454,136794.373,138594.307,140394.225,142194.153,143994.083,145794.008,147593.92,149393.863,151193.795,152993.716,154793.66,156593.577,158393.507,160193.44,161993.355,163793.28,165593.216,167393.131,169193.06,170993.004
Temp. [°C],20,29.7,30.1,30,30,30.1,30,29.9,29.9,29.9,30,30,29.9,29.9,30.1,29.9,30,30,29.9,29.9,30,30,30,30.1,30,30.1,29.9,30,30,30.1,30,30.1,30.1,29.9,29.9,30,29.9,30.1,29.8,30,30.1,30.1,29.9,30.1,30,30.1,30.1,30.1,29.9,30,30,30,30,30.1,30,30,30.1,30,30,30,30,29.9,30.1,30.1,30,30,30,30,30,29.9,30,30,30,30,30,30.1,30.1,30.1,30.1,30.1,29.9,29.9,30.1,30.1,29.9,29.9,29.9,30.1,30,30,30.1,30,30.1,30,30.1,29.9
Mean,0.10122,0.10072,0.1009,0.10088,0.10096,0.101,0.10086,0.10098,0.10092,0.10098,0.101,0.10102,0.10098,0.10102,0.10102,0.10098,0.10092,0.101,0.10102,0.10094,0.10106,0.10088,0.1009,0.10096,0.10106,0.101,0.10108,0.10104,0.10106,0.10104,0.10096,0.10106,0.1011,0.10098,0.10108,0.10108,0.10102,0.10122,0.101,0.10104,0.10118,0.10112,0.10112,0.10124,0.10118,0.10122,0.10126,0.10126,0.10124,0.10122,0.10116,0.10114,0.1013,0.10134,0.10128,0.10126,0.10132,0.1014,0.1014,0.10132,0.10132,0.10138,0.10132,0.10144,0.10156,0.1015,0.10138,0.10144,0.10164,0.1017,0.10176,0.10168,0.10172,0.10174,0.1019,0.10186,0.10176,0.10188,0.10184,0.1019,0.10224,0.10234,0.10272,0.10228,0.1023,0.10236,0.10216,0.10224,0.1027,0.10246,0.10238,0.10252,0.1027,0.10292,0.10274,0.10368
StDev,0.003098709,0.00300616,0.002975735,0.003135602,0.003094834,0.003136877,0.003230015,0.003193274,0.003262974,0.003285118,0.003269557,0.003281311,0.003285118,0.003293478,0.003334217,0.003376685,0.003351418,0.003340659,0.003368531,0.003358273,0.003364224,0.003407638,0.00332265,0.003361993,0.003402646,0.003470591,0.003445577,0.003473183,0.003439186,0.003485398,0.003401176,0.003454417,0.003492134,0.003466554,0.003451377,0.003411305,0.003443399,0.003449203,0.003409545,0.003384228,0.003383342,0.003358869,0.003341706,0.003357529,0.003316926,0.003330465,0.003312552,0.003220714,0.003347835,0.003217452,0.003270015,0.003314815,0.003274905,0.003236201,0.003256071,0.003255457,0.00314436,0.003154362,0.003159114,0.00309144,0.003139586,0.003222111,0.003047458,0.003116569,0.003102096,0.003068387,0.003039243,0.003034469,0.002924551,0.002922328,0.002956856,0.002942278,0.002925235,0.002895341,0.002874022,0.002891885,0.002923696,0.002985297,0.002909983,0.002938537,0.002910842,0.002903963,0.003487406,0.003011976,0.003083829,0.00305745,0.003087556,0.003012972,0.003254996,0.00316828,0.003062189,0.003180723,0.00334888,0.003737245,0.003451521,0.004900204
1;2,0.1052,0.1044,0.1045,0.1047,0.1048,0.1048,0.1047,0.1047,0.1047,0.1048,0.1047,0.1048,0.1048,0.1047,0.1048,0.1048,0.1047,0.1047,0.1048,0.1047,0.1048,0.1046,0.1046,0.1046,0.1048,0.1048,0.1049,0.105,0.1048,0.1049,0.1046,0.1048,0.1049,0.1048,0.1048,0.1048,0.1047,0.105,0.1047,0.1048,0.1049,0.1047,0.1047,0.1049,0.1048,0.1048,0.1049,0.1048,0.1048,0.1047,0.1046,0.1047,0.1049,0.1047,0.1047,0.1048,0.1047,0.1047,0.1048,0.1046,0.1047,0.1048,0.1045,0.1047,0.1048,0.1047,0.1045,0.1045,0.1046,0.1047,0.1048,0.1047,0.1047,0.1046,0.1048,0.1047,0.1046,0.1047,0.1046,0.1047,0.1046,0.1048,0.1047,0.1047,0.1046,0.1047,0.1045,0.1045,0.1047,0.1046,0.1047,0.1046,0.1047,0.1046,0.1046,0.1047
2;1,0.1,0.0997,0.0999,0.0997,0.0997,0.0997,0.0996,0.0997,0.0996,0.0996,0.0997,0.0997,0.0996,0.0997,0.0997,0.0997,0.0996,0.0996,0.0996,0.0996,0.0996,0.0995,0.0994,0.0995,0.0996,0.0995,0.0996,0.0995,0.0995,0.0995,0.0995,0.0995,0.0995,0.0994,0.0995,0.0995,0.0996,0.0995,0.0993,0.0994,0.0995,0.0996,0.0994,0.0995,0.0994,0.0995,0.0994,0.0995,0.0995,0.0995,0.0993,0.0993,0.0995,0.0995,0.0995,0.0994,0.0994,0.0993,0.0995,0.0993,0.0994,0.0994,0.0993,0.0993,0.0995,0.0994,0.0992,0.0993,0.0995,0.0994,0.0995,0.0993,0.0994,0.0993,0.0994,0.0993,0.0993,0.0992,0.0992,0.0993,0.0994,0.0994,0.0992,0.0993,0.0992,0.0993,0.099,0.0993,0.0994,0.0992,0.0993,0.0993,0.0993,0.0992,0.0993,0.0993
2;2,0.1036,0.1032,0.1034,0.1035,0.1035,0.1037,0.1037,0.1039,0.1039,0.104,0.1041,0.1041,0.104,0.1042,0.1042,0.1042,0.1041,0.1043,0.1043,0.1042,0.1044,0.1043,0.1042,0.1044,0.1045,0.1045,0.1045,0.1044,0.1046,0.1045,0.1045,0.1046,0.1047,0.1045,0.1047,0.1046,0.1046,0.1048,0.1046,0.1045,0.1047,0.1047,0.1047,0.1048,0.1047,0.1048,0.1048,0.1047,0.1049,0.1047,0.1048,0.1047,0.1048,0.105,0.1049,0.1048,0.1048,0.105,0.1049,0.1048,0.1048,0.105,0.1048,0.105,0.1051,0.105,0.1049,0.105,0.105,0.105,0.1051,0.105,0.105,0.105,0.105,0.105,0.1051,0.1051,0.105,0.1051,0.1051,0.1051,0.1049,0.1051,0.105,0.1051,0.1048,0.1051,0.1051,0.1051,0.105,0.1052,0.1052,0.1051,0.1052,0.105
2;3,0.0997,0.0992,0.0994,0.0994,0.0995,0.0995,0.0993,0.0994,0.0994,0.0994,0.0994,0.0993,0.0994,0.0994,0.0993,0.0992,0.0993,0.0993,0.0993,0.0992,0.0993,0.0991,0.0992,0.0992,0.0992,0.0992,0.0993,0.0992,0.0992,0.0993,0.0991,0.0993,0.0992,0.0991,0.0991,0.0992,0.0991,0.0993,0.099,0.0991,0.0992,0.0991,0.0992,0.0992,0.0992,0.0992,0.0991,0.0991,0.0991,0.0991,0.0991,0.0993,0.0991,0.0992,0.0992,0.099,0.0991,0.0991,0.0989,0.0991,0.0989,0.0989,0.0988,0.099,0.099,0.0989,0.0989,0.0989,0.0989,0.099,0.099,0.099,0.0989,0.0989,0.099,0.0989,0.0989,0.0987,0.0988,0.0988,0.0989,0.0991,0.0987,0.0988,0.0987,0.0988,0.0986,0.0987,0.0989,0.0988,0.0988,0.0988,0.0988,0.0987,0.0987,0.0987
3;2,0.0976,0.0971,0.0973,0.0971,0.0973,0.0973,0.097,0.0972,0.097,0.0971,0.0971,0.0972,0.0971,0.0971,0.0971,0.097,0.0969,0.0971,0.0971,0.097,0.0972,0.0969,0.0971,0.0971,0.0972,0.097,0.0971,0.0971,0.0972,0.097,0.0971,0.0971,0.0972,0.0971,0.0973,0.0973,0.0971,0.0975,0.0974,0.0974,0.0976,0.0975,0.0976,0.0978,0.0978,0.0978,0.0981,0.0982,0.0979,0.0981,0.098,0.0977,0.0982,0.0983,0.0981,0.0983,0.0986,0.0989,0.0989,0.0988,0.0988,0.0988,0.0992,0.0992,0.0994,0.0995,0.0994,0.0995,0.1002,0.1004,0.1004,0.1004,0.1006,0.1009,0.1013,0.1014,0.1009,0.1017,0.1016,0.1016,0.1032,0.1033,0.1061,0.1035,0.104,0.1039,0.1039,0.1036,0.1054,0.1046,0.1041,0.1047,0.1055,0.107,0.1059,0.1107
,,,,,,,,,,,,,,,,,,,,,,,,,,,,,,,,,,,,,,,,,,,,,,,,,,,,,,,,,,,,,,,,,,,,,,,,,,,,,,,,,,,,,,,,,,,,,,,,
Cycles / Well,,,,,,,,,,,,,,,,,,,,,,,,,,,,,,,,,,,,,,,,,,,,,,,,,,,,,,,,,,,,,,,,,,,,,,,,,,,,,,,,,,,,,,,,,,,,,,,,
H10,1,2,3,4,5,6,7,8,9,10,11,12,13,14,15,16,17,18,19,20,21,22,23,24,25,26,27,28,29,30,31,32,33,34,35,36,37,38,39,40,41,42,43,44,45,46,47,48,49,50,51,52,53,54,55,56,57,58,59,60,61,62,63,64,65,66,67,68,69,70,71,72,73,74,75,76,77,78,79,80,81,82,83,84,85,86,87,88,89,90,91,92,93,94,95,96
Time [s],0,1799.806,3599.729,5399.66,7199.597,8999.513,10799.458,12599.364,14399.311,16199.219,17999.129,19799.077,21599.014,23398.929,25198.853,26998.776,28798.721,30598.646,32398.579,34198.515,35998.426,37798.366,39598.295,41398.224,43198.149,44998.073,46797.997,48597.934,50397.855,52197.79,53997.709,55797.648,57597.562,59397.496,61197.415,62997.353,64797.279,66597.204,68397.129,70197.065,71996.967,73796.9,75596.814,77396.765,79196.693,80996.622,82796.528,84596.475,86396.393,88196.312,89996.248,91796.18,93596.114,95396.034,97195.966,98995.894,100795.82,102595.755,104395.67,106195.606,107995.535,109795.451,111595.395,113395.325,115195.239,116995.182,118795.096,120595.023,122394.949,124194.883,125994.805,127794.735,129594.672,131394.601,133194.53,134994.454,136794.373,138594.307,140394.225,142194.153,143994.083,145794.008,147593.92,149393.863,151193.795,152993.716,154793.66,156593.577,158393.507,160193.44,161993.355,163793.28,165593.216,167393.131,169193.06,170993.004
Temp. [°C],20,29.7,30.1,30,30,30.1,30,29.9,29.9,29.9,30,30,29.9,29.9,30.1,29.9,30,30,29.9,29.9,30,30,30,30.1,30,30.1,29.9,30,30,30.1,30,30.1,30.1,29.9,29.9,30,29.9,30.1,29.8,30,30.1,30.1,29.9,30.1,30,30.1,30.1,30.1,29.9,30,30,30,30,30.1,30,30,30.1,30,30,30,30,29.9,30.1,30.1,30,30,30,30,30,29.9,30,30,30,30,30,30.1,30.1,30.1,30.1,30.1,29.9,29.9,30.1,30.1,29.9,29.9,29.9,30.1,30,30,30.1,30,30.1,30,30.1,29.9
Mean,0.10036,0.10002,0.10014,0.0999,0.1,0.09994,0.0999,0.09998,0.09988,0.09994,0.10006,0.10002,0.09998,0.10002,0.10002,0.09994,0.09996,0.1,0.09998,0.09992,0.09994,0.09984,0.09996,0.09996,0.10004,0.10002,0.09998,0.09992,0.10014,0.10004,0.09994,0.10008,0.10008,0.10002,0.10022,0.10034,0.10014,0.10034,0.10026,0.10024,0.10034,0.10032,0.1003,0.10038,0.10048,0.10054,0.1006,0.10084,0.10048,0.10062,0.10072,0.10048,0.10068,0.10066,0.10054,0.1006,0.1008,0.10072,0.10068,0.10074,0.10082,0.1008,0.101,0.10124,0.10116,0.10116,0.101,0.10084,0.10122,0.10144,0.10122,0.10128,0.10128,0.10134,0.1015,0.10158,0.1016,0.10176,0.10178,0.10202,0.102,0.10234,0.10304,0.10238,0.10216,0.10228,0.10212,0.10232,0.10274,0.1026,0.10264,0.10264,0.103,0.103,0.10286,0.10398
StDev,0.003146903,0.003113198,0.003204372,0.0031,0.003118493,0.003138949,0.0031265,0.003158639,0.003075224,0.003176948,0.003165122,0.003201094,0.003189357,0.003208894,0.003222111,0.003169069,0.003260828,0.003101612,0.003259141,0.00314436,0.003170647,0.003226918,0.003121378,0.003121378,0.003134167,0.003045817,0.003122019,0.003158639,0.002978758,0.002992992,0.003114964,0.003070342,0.002942278,0.002986972,0.002822587,0.002757354,0.002839542,0.002751,0.002617824,0.002644428,0.002691282,0.002736238,0.002689796,0.002596536,0.0024994,0.002442949,0.002458658,0.002218783,0.002504396,0.00239207,0.002325296,0.002384743,0.002340299,0.00233088,0.002343715,0.002309762,0.002331309,0.002325296,0.002350957,0.00232336,0.002333881,0.002339872,0.002532785,0.002561835,0.002494594,0.0026245,0.00257779,0.002488574,0.002635716,0.002886694,0.002585923,0.002720662,0.002607106,0.002793385,0.002976575,0.003153886,0.003014133,0.003364967,0.003398088,0.003812086,0.003604164,0.004087542,0.005596695,0.004441509,0.004189033,0.004409308,0.004326315,0.00423639,0.005077696,0.004975942,0.004735293,0.004979257,0.005517246,0.005761944,0.005376151,0.007658786
1;2,0.1035,0.1032,0.1033,0.103,0.1031,0.103,0.103,0.1031,0.1029,0.1031,0.1031,0.1032,0.1031,0.1032,0.1032,0.1031,0.1031,0.103,0.1032,0.103,0.103,0.103,0.103,0.103,0.1032,0.103,0.1031,0.103,0.1031,0.103,0.1029,0.103,0.103,0.103,0.1031,0.1031,0.103,0.1031,0.1029,0.103,0.103,0.1031,0.1031,0.103,0.103,0.103,0.1031,0.1029,0.103,0.103,0.103,0.1029,0.1029,0.1029,0.1028,0.1028,0.1029,0.1029,0.1028,0.1028,0.1028,0.1028,0.1027,0.103,0.1028,0.1028,0.1026,0.1026,0.1029,0.1029,0.1029,0.1027,0.1028,0.1027,0.1028,0.1028,0.1028,0.1027,0.1027,0.1028,0.1029,0.1031,0.1027,0.1028,0.1026,0.1027,0.1027,0.1028,0.1028,0.1027,0.1028,0.1028,0.1028,0.1028,0.1027,0.1027
2;1,0.099,0.0984,0.0984,0.0982,0.0984,0.0983,0.0982,0.0983,0.0982,0.0982,0.0984,0.0984,0.0983,0.0983,0.0982,0.0983,0.0982,0.0983,0.0982,0.0983,0.0983,0.0982,0.0982,0.0982,0.0982,0.0983,0.0982,0.0982,0.0983,0.0983,0.0981,0.0983,0.0982,0.0982,0.0984,0.0984,0.0982,0.0983,0.098,0.0981,0.0983,0.0983,0.0982,0.0982,0.0983,0.0984,0.0982,0.0984,0.0982,0.0983,0.0981,0.0981,0.0982,0.0981,0.0982,0.0981,0.0981,0.098,0.098,0.098,0.098,0.098,0.0979,0.0981,0.0981,0.098,0.0978,0.0978,0.098,0.098,0.0981,0.098,0.0981,0.0979,0.0981,0.0979,0.0981,0.098,0.098,0.098,0.0981,0.0981,0.0986,0.098,0.098,0.0979,0.0978,0.0982,0.0981,0.098,0.0982,0.098,0.0982,0.098,0.0981,0.0984
2;2,0.1036,0.1031,0.1034,0.1031,0.1032,0.1032,0.1031,0.1032,0.1031,0.1032,0.1034,0.1033,0.1033,0.1033,0.1034,0.1032,0.1034,0.1033,0.1034,0.1032,0.1033,0.1032,0.1033,0.1033,0.1033,0.1033,0.1033,0.1033,0.1034,0.1033,0.1034,0.1035,0.1033,0.1033,0.1033,0.1035,0.1033,0.1035,0.1033,0.1032,0.1035,0.1034,0.1033,0.1034,0.1034,0.1034,0.1034,0.1033,0.1034,0.1034,0.1032,0.1032,0.1034,0.1033,0.1033,0.1032,0.1034,0.1032,0.1033,0.1032,0.1033,0.1031,0.1032,0.1033,0.1033,0.1032,0.1031,0.1031,0.1032,0.1032,0.1032,0.1031,0.1032,0.1032,0.1032,0.1032,0.1032,0.1031,0.1031,0.103,0.1033,0.1033,0.103,0.1033,0.1032,0.1033,0.103,0.1032,0.1033,0.1031,0.1032,0.1032,0.1032,0.1032,0.1031,0.1031
2;3,0.0994,0.0994,0.0996,0.0992,0.0993,0.0993,0.0993,0.0994,0.0992,0.0993,0.0994,0.0993,0.0993,0.0994,0.0993,0.0992,0.0993,0.0993,0.0992,0.0992,0.0992,0.0991,0.0992,0.0992,0.0993,0.0992,0.0991,0.0991,0.0992,0.0991,0.0991,0.0992,0.0992,0.099,0.0992,0.0991,0.0991,0.0991,0.0989,0.099,0.099,0.0992,0.0991,0.099,0.099,0.099,0.0989,0.099,0.099,0.099,0.0989,0.099,0.099,0.099,0.0989,0.0988,0.099,0.0989,0.0988,0.0988,0.0989,0.0987,0.0986,0.0988,0.0988,0.0986,0.0986,0.0985,0.0987,0.0987,0.0987,0.0987,0.0988,0.0988,0.0986,0.0987,0.0988,0.0988,0.0988,0.0988,0.0988,0.0989,0.0986,0.0987,0.0986,0.0986,0.0985,0.0987,0.0987,0.0987,0.0989,0.0987,0.0988,0.0986,0.0988,0.0986
3;2,0.0963,0.096,0.096,0.096,0.096,0.0959,0.0959,0.0959,0.096,0.0959,0.096,0.0959,0.0959,0.0959,0.096,0.0959,0.0958,0.0961,0.0959,0.0959,0.0959,0.0957,0.0961,0.0961,0.0962,0.0963,0.0962,0.096,0.0967,0.0965,0.0962,0.0964,0.0967,0.0966,0.0971,0.0976,0.0971,0.0977,0.0982,0.0979,0.0979,0.0976,0.0978,0.0983,0.0987,0.0989,0.0994,0.1006,0.0988,0.0994,0.1004,0.0992,0.0999,0.1,0.0995,0.1001,0.1006,0.1006,0.1005,0.1009,0.1011,0.1014,0.1026,0.103,0.1028,0.1032,0.1029,0.1022,0.1033,0.1044,0.1032,0.1039,0.1035,0.1041,0.1048,0.1053,0.1051,0.1062,0.1063,0.1075,0.1069,0.1083,0.1123,0.1091,0.1084,0.1089,0.1086,0.1087,0.1108,0.1105,0.1101,0.1105,0.112,0.1124,0.1116,0.1171
,,,,,,,,,,,,,,,,,,,,,,,,,,,,,,,,,,,,,,,,,,,,,,,,,,,,,,,,,,,,,,,,,,,,,,,,,,,,,,,,,,,,,,,,,,,,,,,,
Cycles / Well,,,,,,,,,,,,,,,,,,,,,,,,,,,,,,,,,,,,,,,,,,,,,,,,,,,,,,,,,,,,,,,,,,,,,,,,,,,,,,,,,,,,,,,,,,,,,,,,
H11,1,2,3,4,5,6,7,8,9,10,11,12,13,14,15,16,17,18,19,20,21,22,23,24,25,26,27,28,29,30,31,32,33,34,35,36,37,38,39,40,41,42,43,44,45,46,47,48,49,50,51,52,53,54,55,56,57,58,59,60,61,62,63,64,65,66,67,68,69,70,71,72,73,74,75,76,77,78,79,80,81,82,83,84,85,86,87,88,89,90,91,92,93,94,95,96
Time [s],0,1799.806,3599.729,5399.66,7199.597,8999.513,10799.458,12599.364,14399.311,16199.219,17999.129,19799.077,21599.014,23398.929,25198.853,26998.776,28798.721,30598.646,32398.579,34198.515,35998.426,37798.366,39598.295,41398.224,43198.149,44998.073,46797.997,48597.934,50397.855,52197.79,53997.709,55797.648,57597.562,59397.496,61197.415,62997.353,64797.279,66597.204,68397.129,70197.065,71996.967,73796.9,75596.814,77396.765,79196.693,80996.622,82796.528,84596.475,86396.393,88196.312,89996.248,91796.18,93596.114,95396.034,97195.966,98995.894,100795.82,102595.755,104395.67,106195.606,107995.535,109795.451,111595.395,113395.325,115195.239,116995.182,118795.096,120595.023,122394.949,124194.883,125994.805,127794.735,129594.672,131394.601,133194.53,134994.454,136794.373,138594.307,140394.225,142194.153,143994.083,145794.008,147593.92,149393.863,151193.795,152993.716,154793.66,156593.577,158393.507,160193.44,161993.355,163793.28,165593.216,167393.131,169193.06,170993.004
Temp. [°C],20,29.7,30.1,30,30,30.1,30,29.9,29.9,29.9,30,30,29.9,29.9,30.1,29.9,30,30,29.9,29.9,30,30,30,30.1,30,30.1,29.9,30,30,30.1,30,30.1,30.1,29.9,29.9,30,29.9,30.1,29.8,30,30.1,30.1,29.9,30.1,30,30.1,30.1,30.1,29.9,30,30,30,30,30.1,30,30,30.1,30,30,30,30,29.9,30.1,30.1,30,30,30,30,30,29.9,30,30,30,30,30,30.1,30.1,30.1,30.1,30.1,29.9,29.9,30.1,30.1,29.9,29.9,29.9,30.1,30,30,30.1,30,30.1,30,30.1,29.9
Mean,0.10026,0.09994,0.09998,0.09992,0.09996,0.09998,0.0999,0.09996,0.09986,0.09996,0.1,0.1,0.09994,0.10002,0.09998,0.1,0.1,0.10002,0.10004,0.09998,0.10008,0.09996,0.09994,0.1,0.10008,0.10006,0.10008,0.10008,0.10026,0.1002,0.10018,0.10016,0.1002,0.10016,0.10036,0.10042,0.10016,0.10042,0.1002,0.10022,0.10034,0.10034,0.10038,0.10048,0.10048,0.10058,0.10062,0.10076,0.10058,0.10074,0.10056,0.10046,0.1006,0.1006,0.10044,0.10058,0.10064,0.10072,0.10072,0.10086,0.10092,0.1009,0.10092,0.10104,0.1011,0.10086,0.10094,0.10088,0.10114,0.10124,0.1013,0.1013,0.1012,0.10118,0.1014,0.10152,0.10146,0.10152,0.1015,0.10158,0.10172,0.102,0.1026,0.10182,0.10192,0.10208,0.102,0.102,0.10242,0.10226,0.1023,0.10248,0.10248,0.10254,0.10252,0.10354
StDev,0.003612202,0.003378313,0.003293478,0.003380385,0.003530297,0.003454996,0.003479943,0.003445722,0.003416577,0.003458034,0.003467708,0.003508561,0.003476061,0.003478074,0.003457166,0.003482097,0.003537655,0.003483102,0.003399706,0.003488123,0.003408372,0.003504711,0.003423887,0.003470591,0.003373722,0.003413649,0.003278262,0.003324455,0.003202031,0.003140064,0.003199531,0.003279177,0.003226453,0.003202031,0.003202031,0.003037598,0.003150079,0.003019437,0.002994161,0.003031831,0.003059902,0.003059902,0.002914961,0.002871759,0.0028735,0.002914961,0.002796784,0.002582247,0.002836723,0.002731849,0.002680112,0.002733679,0.002734959,0.002799107,0.002776329,0.002728919,0.002694068,0.002735324,0.002706843,0.002680112,0.002678992,0.002678619,0.002712379,0.002766406,0.002692582,0.002693139,0.002751,0.002725252,0.002781726,0.002839542,0.002848684,0.002898275,0.002836371,0.002833196,0.003082207,0.003052376,0.003042696,0.003217452,0.003258834,0.003285118,0.00327521,0.003680353,0.004929503,0.003675867,0.003961944,0.004081911,0.004259695,0.003877499,0.004467326,0.004447246,0.00436921,0.00475363,0.004723558,0.00501428,0.00485716,0.006763727
1;2,0.104,0.1035,0.1035,0.1034,0.1034,0.1034,0.1034,0.1034,0.1033,0.1034,0.1034,0.1035,0.1033,0.1035,0.1034,0.1035,0.1036,0.1035,0.1034,0.1034,0.1035,0.1034,0.1033,0.1034,0.1035,0.1035,0.1034,0.1034,0.1035,0.1034,0.1034,0.1034,0.1033,0.1034,0.1035,0.1034,0.1034,0.1035,0.1032,0.1033,0.1034,0.1034,0.1033,0.1033,0.1033,0.1035,0.1034,0.1031,0.1034,0.1033,0.1031,0.1031,0.1032,0.1031,0.1031,0.1031,0.1032,0.1032,0.1031,0.1031,0.1032,0.1031,0.103,0.1031,0.1032,0.1031,0.1031,0.103,0.1032,0.1031,0.1031,0.1031,0.103,0.1029,0.1031,0.1032,0.1032,0.1031,0.103,0.103,0.1032,0.1032,0.1028,0.103,0.103,0.1031,0.1029,0.1029,0.1032,0.103,0.1031,0.103,0.103,0.1031,0.1031,0.1029
2;1,0.0979,0.0977,0.0979,0.0977,0.0978,0.0977,0.0976,0.0978,0.0977,0.0977,0.0978,0.0977,0.0976,0.0977,0.0977,0.0977,0.0977,0.0977,0.0977,0.0977,0.0976,0.0976,0.0976,0.0976,0.0977,0.0976,0.0976,0.0975,0.0976,0.0976,0.0976,0.0976,0.0975,0.0975,0.0976,0.0975,0.0975,0.0976,0.0974,0.0974,0.0975,0.0975,0.0975,0.0976,0.0975,0.0976,0.0976,0.0976,0.0975,0.0976,0.0974,0.0974,0.0976,0.0975,0.0975,0.0975,0.0975,0.0975,0.0974,0.0974,0.0974,0.0974,0.0974,0.0974,0.0976,0.0974,0.0973,0.0973,0.0974,0.0974,0.0975,0.0974,0.0973,0.0974,0.0973,0.0975,0.0974,0.0973,0.0973,0.0974,0.0975,0.0975,0.0975,0.0973,0.0972,0.0973,0.0971,0.0973,0.0974,0.0973,0.0974,0.0974,0.0974,0.0972,0.0973,0.0975
2;2,0.1038,0.1032,0.1032,0.1033,0.1036,0.1035,0.1034,0.1035,0.1033,0.1035,0.1036,0.1036,0.1036,0.1036,0.1036,0.1036,0.1036,0.1037,0.1037,0.1037,0.1037,0.1037,0.1036,0.1037,0.1037,0.1037,0.1036,0.1037,0.1038,0.1036,0.1037,0.1038,0.1039,0.1037,0.104,0.1039,0.1036,0.1038,0.1036,0.1036,0.1038,0.1038,0.1037,0.1038,0.1038,0.1039,0.1038,0.1037,0.1038,0.1039,0.1036,0.1036,0.1038,0.104,0.1037,0.1038,0.1037,0.1039,0.1038,0.1038,0.1037,0.1037,0.1038,0.1038,0.1038,0.1037,0.1037,0.1036,0.1037,0.1036,0.1038,0.1038,0.1038,0.1037,0.1037,0.1037,0.1037,0.1037,0.1036,0.1038,0.1039,0.1038,0.1037,0.1038,0.1037,0.1037,0.1036,0.1038,0.1039,0.1036,0.1038,0.1037,0.1038,0.1037,0.1037,0.1037
2;3,0.0998,0.0995,0.0993,0.0994,0.0995,0.0996,0.0995,0.0994,0.0994,0.0995,0.0995,0.0995,0.0995,0.0995,0.0994,0.0994,0.0994,0.0993,0.0993,0.0993,0.0994,0.0993,0.0993,0.0994,0.0992,0.0993,0.0993,0.0993,0.0993,0.0994,0.0993,0.0993,0.0993,0.0992,0.0994,0.0994,0.0992,0.0993,0.0991,0.0992,0.0993,0.0993,0.0992,0.0993,0.0992,0.0993,0.0992,0.0993,0.0991,0.0992,0.0991,0.0991,0.0992,0.0992,0.0991,0.0991,0.0991,0.0991,0.099,0.0991,0.0991,0.099,0.0989,0.0989,0.099,0.0989,0.0989,0.0988,0.099,0.099,0.099,0.099,0.0991,0.0989,0.0989,0.099,0.099,0.0989,0.0988,0.0988,0.099,0.099,0.0989,0.0988,0.0987,0.0988,0.0986,0.099,0.0989,0.0988,0.0988,0.0988,0.0988,0.0987,0.0988,0.0989
3;2,0.0958,0.0958,0.096,0.0958,0.0955,0.0957,0.0956,0.0957,0.0956,0.0957,0.0957,0.0957,0.0957,0.0958,0.0958,0.0958,0.0957,0.0959,0.0961,0.0958,0.0962,0.0958,0.0959,0.0959,0.0963,0.0962,0.0965,0.0965,0.0971,0.097,0.0969,0.0967,0.097,0.097,0.0973,0.0979,0.0971,0.0979,0.0977,0.0976,0.0977,0.0977,0.0982,0.0984,0.0986,0.0986,0.0991,0.1001,0.0991,0.0997,0.0996,0.0991,0.0992,0.0992,0.0988,0.0994,0.0997,0.0999,0.1003,0.1009,0.1012,0.1013,0.1015,0.102,0.1019,0.1012,0.1017,0.1017,0.1024,0.1031,0.1031,0.1032,0.1028,0.103,0.104,0.1042,0.104,0.1046,0.1048,0.1049,0.105,0.1065,0.1101,0.1062,0.107,0.1075,0.1078,0.107,0.1087,0.1086,0.1084,0.1095,0.1094,0.11,0.1097,0.1147
,,,,,,,,,,,,,,,,,,,,,,,,,,,,,,,,,,,,,,,,,,,,,,,,,,,,,,,,,,,,,,,,,,,,,,,,,,,,,,,,,,,,,,,,,,,,,,,,
Cycles / Well,,,,,,,,,,,,,,,,,,,,,,,,,,,,,,,,,,,,,,,,,,,,,,,,,,,,,,,,,,,,,,,,,,,,,,,,,,,,,,,,,,,,,,,,,,,,,,,,
H12,1,2,3,4,5,6,7,8,9,10,11,12,13,14,15,16,17,18,19,20,21,22,23,24,25,26,27,28,29,30,31,32,33,34,35,36,37,38,39,40,41,42,43,44,45,46,47,48,49,50,51,52,53,54,55,56,57,58,59,60,61,62,63,64,65,66,67,68,69,70,71,72,73,74,75,76,77,78,79,80,81,82,83,84,85,86,87,88,89,90,91,92,93,94,95,96
Time [s],0,1799.806,3599.729,5399.66,7199.597,8999.513,10799.458,12599.364,14399.311,16199.219,17999.129,19799.077,21599.014,23398.929,25198.853,26998.776,28798.721,30598.646,32398.579,34198.515,35998.426,37798.366,39598.295,41398.224,43198.149,44998.073,46797.997,48597.934,50397.855,52197.79,53997.709,55797.648,57597.562,59397.496,61197.415,62997.353,64797.279,66597.204,68397.129,70197.065,71996.967,73796.9,75596.814,77396.765,79196.693,80996.622,82796.528,84596.475,86396.393,88196.312,89996.248,91796.18,93596.114,95396.034,97195.966,98995.894,100795.82,102595.755,104395.67,106195.606,107995.535,109795.451,111595.395,113395.325,115195.239,116995.182,118795.096,120595.023,122394.949,124194.883,125994.805,127794.735,129594.672,131394.601,133194.53,134994.454,136794.373,138594.307,140394.225,142194.153,143994.083,145794.008,147593.92,149393.863,151193.795,152993.716,154793.66,156593.577,158393.507,160193.44,161993.355,163793.28,165593.216,167393.131,169193.06,170993.004
Temp. [°C],20,29.7,30.1,30,30,30.1,30,29.9,29.9,29.9,30,30,29.9,29.9,30.1,29.9,30,30,29.9,29.9,30,30,30,30.1,30,30.1,29.9,30,30,30.1,30,30.1,30.1,29.9,29.9,30,29.9,30.1,29.8,30,30.1,30.1,29.9,30.1,30,30.1,30.1,30.1,29.9,30,30,30,30,30.1,30,30,30.1,30,30,30,30,29.9,30.1,30.1,30,30,30,30,30,29.9,30,30,30,30,30,30.1,30.1,30.1,30.1,30.1,29.9,29.9,30.1,30.1,29.9,29.9,29.9,30.1,30,30,30.1,30,30.1,30,30.1,29.9
Mean,0.10064,0.09988,0.1,0.09996,0.10006,0.1001,0.1,0.10016,0.10012,0.10024,0.10036,0.10046,0.10044,0.10062,0.10068,0.10078,0.10064,0.10088,0.101,0.10104,0.1011,0.1011,0.10108,0.10148,0.1016,0.10168,0.10184,0.10212,0.10228,0.10224,0.10228,0.10246,0.10248,0.1027,0.10296,0.1031,0.10274,0.10322,0.10326,0.1034,0.10342,0.1035,0.1037,0.10382,0.10386,0.1041,0.10426,0.10538,0.10458,0.10454,0.10458,0.1044,0.10458,0.10476,0.10474,0.10456,0.10506,0.10532,0.10536,0.1055,0.10564,0.10608,0.10556,0.1064,0.10612,0.10614,0.1061,0.10622,0.10656,0.10678,0.10682,0.10672,0.1065,0.10648,0.107,0.10718,0.10726,0.10734,0.10762,0.10762,0.10782,0.10892,0.10854,0.10838,0.1087,0.10908,0.10894,0.10926,0.10946,0.10912,0.10952,0.10954,0.11008,0.1101,0.11048,0.11264
StDev,0.003144519,0.003389248,0.003352611,0.003353058,0.003333617,0.003207024,0.00325346,0.003250077,0.003151508,0.003197343,0.003113358,0.003059902,0.003063984,0.003032656,0.003093057,0.003116408,0.003059085,0.003170489,0.003177263,0.003274599,0.003297726,0.003362291,0.003346192,0.003641016,0.003859404,0.003863548,0.004144032,0.004581157,0.004852525,0.004730539,0.0050002,0.00514179,0.005086944,0.005718391,0.006082187,0.006354133,0.005875628,0.006477036,0.007135335,0.00715367,0.006951403,0.00725293,0.007724312,0.007849013,0.008157696,0.008405058,0.008723703,0.011077093,0.009350775,0.00943361,0.009546832,0.009394679,0.009591507,0.009900404,0.009886,0.009701701,0.01077395,0.011225061,0.011384331,0.011566979,0.012097644,0.013079832,0.012248388,0.013569819,0.013127719,0.013281114,0.013522759,0.013771783,0.014079169,0.014679646,0.014647252,0.014587392,0.013936822,0.014110882,0.015201645,0.015597019,0.015653849,0.016127399,0.016616167,0.016506574,0.016888221,0.019029372,0.018572507,0.018004638,0.018920888,0.01960528,0.019686747,0.019881222,0.020271976,0.019753025,0.020463064,0.020507389,0.021704769,0.02202998,0.022635746,0.025967826
1;2,0.1045,0.1043,0.1043,0.1043,0.1042,0.1041,0.104,0.1042,0.104,0.1042,0.1041,0.1041,0.104,0.1041,0.1041,0.1041,0.1039,0.104,0.104,0.104,0.1041,0.1039,0.1039,0.104,0.104,0.1039,0.1039,0.1039,0.1039,0.104,0.1039,0.104,0.1039,0.1038,0.1038,0.1039,0.1038,0.104,0.1037,0.1038,0.1039,0.1039,0.1038,0.1039,0.1038,0.1039,0.1039,0.1038,0.1039,0.1039,0.1038,0.1038,0.1037,0.1037,0.1037,0.1036,0.1037,0.1037,0.1037,0.1038,0.1037,0.1036,0.1035,0.1037,0.1036,0.1036,0.1036,0.1034,0.1037,0.1036,0.1036,0.1035,0.1036,0.1034,0.1035,0.1035,0.1035,0.1035,0.1035,0.1036,0.1036,0.1036,0.1034,0.1035,0.1034,0.1035,0.1034,0.1035,0.1036,0.1035,0.1035,0.1035,0.1035,0.1034,0.1034,0.1034
2;1,0.0973,0.0968,0.0971,0.097,0.0971,0.0971,0.0969,0.097,0.097,0.097,0.097,0.0971,0.097,0.0971,0.097,0.0969,0.0969,0.097,0.097,0.097,0.0969,0.0969,0.0969,0.0971,0.097,0.097,0.097,0.0971,0.0971,0.0971,0.097,0.0971,0.0972,0.097,0.0971,0.0972,0.097,0.0972,0.0969,0.0971,0.0972,0.0973,0.0971,0.0973,0.0971,0.0972,0.0972,0.0976,0.0973,0.0972,0.0973,0.0971,0.0973,0.0974,0.0973,0.0972,0.0972,0.0973,0.0972,0.0973,0.0972,0.0973,0.0971,0.0974,0.0973,0.0972,0.0971,0.0972,0.0974,0.0972,0.0974,0.0974,0.0975,0.0974,0.0974,0.0974,0.0975,0.0972,0.0974,0.0975,0.0977,0.0979,0.0978,0.0978,0.098,0.0979,0.0977,0.0982,0.0981,0.0979,0.0981,0.0981,0.0981,0.098,0.0984,0.1009
2;2,0.1034,0.1027,0.1029,0.1028,0.1031,0.103,0.103,0.1031,0.103,0.1031,0.1032,0.1032,0.1032,0.1033,0.1033,0.1033,0.1031,0.1032,0.1033,0.1033,0.1033,0.1033,0.1032,0.1034,0.1033,0.1034,0.1034,0.1034,0.1034,0.1033,0.1033,0.1034,0.1034,0.1032,0.1034,0.1033,0.1033,0.1035,0.1031,0.1032,0.1034,0.1032,0.1033,0.1032,0.1032,0.1034,0.1033,0.1032,0.1034,0.1033,0.1032,0.1031,0.1032,0.1031,0.1033,0.1031,0.103,0.1031,0.1032,0.1031,0.1031,0.1029,0.103,0.1031,0.1031,0.103,0.1027,0.1028,0.1029,0.103,0.103,0.1029,0.1029,0.1029,0.1029,0.1029,0.1029,0.1029,0.1028,0.1028,0.1028,0.1029,0.1027,0.1029,0.1026,0.1028,0.1026,0.1027,0.1027,0.1028,0.1028,0.1028,0.1028,0.1027,0.1026,0.1027
2;3,0.0985,0.0982,0.0983,0.0983,0.0984,0.0984,0.0983,0.0983,0.0982,0.0982,0.0984,0.0983,0.0982,0.0984,0.0982,0.0983,0.0981,0.098,0.0982,0.098,0.0982,0.098,0.098,0.098,0.098,0.0982,0.0981,0.098,0.098,0.0981,0.0979,0.098,0.0981,0.0981,0.0981,0.098,0.0979,0.098,0.0978,0.0979,0.098,0.0978,0.0979,0.0979,0.0978,0.0979,0.098,0.0978,0.0979,0.0978,0.0978,0.0977,0.0978,0.0979,0.0978,0.0978,0.0978,0.0978,0.0977,0.0978,0.0976,0.0977,0.0974,0.0977,0.0976,0.0976,0.0974,0.0974,0.0976,0.0976,0.0976,0.0975,0.0976,0.0975,0.0975,0.0975,0.0976,0.0974,0.0975,0.0975,0.0974,0.0976,0.0974,0.0975,0.0973,0.0974,0.0972,0.0974,0.0975,0.0973,0.0974,0.0974,0.0974,0.0972,0.0973,0.0973
3;2,0.0995,0.0974,0.0974,0.0974,0.0975,0.0979,0.0978,0.0982,0.0984,0.0987,0.0991,0.0996,0.0998,0.1002,0.1008,0.1013,0.1012,0.1022,0.1025,0.1029,0.103,0.1034,0.1034,0.1049,0.1057,0.1059,0.1068,0.1082,0.109,0.1087,0.1093,0.1098,0.1098,0.1114,0.1124,0.1131,0.1117,0.1134,0.1148,0.115,0.1146,0.1153,0.1164,0.1168,0.1174,0.1181,0.1189,0.1245,0.1204,0.1205,0.1208,0.1203,0.1209,0.1217,0.1216,0.1211,0.1236,0.1247,0.125,0.1255,0.1266,0.1289,0.1268,0.1301,0.129,0.1293,0.1297,0.1303,0.1312,0.1325,0.1325,0.1323,0.1309,0.1312,0.1337,0.1346,0.1348,0.1357,0.1369,0.1367,0.1376,0.1426,0.1414,0.1402,0.1422,0.1438,0.1438,0.1445,0.1454,0.1441,0.1458,0.1459,0.1486,0.1492,0.1507,0.1589
,,,,,,,,,,,,,,,,,,,,,,,,,,,,,,,,,,,,,,,,,,,,,,,,,,,,,,,,,,,,,,,,,,,,,,,,,,,,,,,,,,,,,,,,,,,,,,,,
End Time,,,,2025-07-31 13:25:12,,,,,,,,,,,,,,,,,,,,,,,,,,,,,,,,,,,,,,,,,,,,,,,,,,,,,,,,,,,,,,,,,,,,,,,,,,,,,,,,,,,,,,,,,,,,
,,,,,,,,,,,,,,,,,,,,,,,,,,,,,,,,,,,,,,,,,,,,,,,,,,,,,,,,,,,,,,,,,,,,,,,,,,,,,,,,,,,,,,,,,,,,,,,,
,,,,,,,,,,,,,,,,,,,,,,,,,,,,,,,,,,,,,,,,,,,,,,,,,,,,,,,,,,,,,,,,,,,,,,,,,,,,,,,,,,,,,,,,,,,,,,,,
