Method name: 48hr_growth_30C_withShaking,,,,,,,,,,,,,,,,,,,,,,,,,,,,,,,,,,,,,,,,,,,,,,,,,,,,,,,,,,,,,,,,,,,,,,,,,,,,,,,,,,,,,,,,,,,,,,,,
Application: SparkControl,,,,V2.3,,,,,,,,,,,,,,,,,,,,,,,,,,,,,,,,,,,,,,,,,,,,,,,,,,,,,,,,,,,,,,,,,,,,,,,,,,,,,,,,,,,,,,,,,,,,
Device: Spark,,,,Serial number: 1807000105,,,,,,,,,,,,,,,,,,,,,,,,,,,,,,,,,,,,,,,,,,,,,,,,,,,,,,,,,,,,,,,,,,,,,,,,,,,,,,,,,,,,,,,,,,,,
Firmware:,,,,LUM:V5.2.3|ABS:V4.3.2|ABS_MEX:V5.0.7|MTP:V13.1.5|FLUOR:V5.1.3|FLUOR_BOTTOM:V5.0.2,,,,,,,,,,,,,,,,,,,,,,,,,,,,,,,,,,,,,,,,,,,,,,,,,,,,,,,,,,,,,,,,,,,,,,,,,,,,,,,,,,,,,,,,,,,,
,,,,,,,,,,,,,,,,,,,,,,,,,,,,,,,,,,,,,,,,,,,,,,,,,,,,,,,,,,,,,,,,,,,,,,,,,,,,,,,,,,,,,,,,,,,,,,,,
Date:,,,,2025-09-25,,,,,,,,,,,,,,,,,,,,,,,,,,,,,,,,,,,,,,,,,,,,,,,,,,,,,,,,,,,,,,,,,,,,,,,,,,,,,,,,,,,,,,,,,,,,
Time:,,,,12:00 PM,,,,,,,,,,,,,,,,,,,,,,,,,,,,,,,,,,,,,,,,,,,,,,,,,,,,,,,,,,,,,,,,,,,,,,,,,,,,,,,,,,,,,,,,,,,,
System,,,,CORD2104-PC2,,,,,,,,,,,,,,,,,,,,,,,,,,,,,,,,,,,,,,,,,,,,,,,,,,,,,,,,,,,,,,,,,,,,,,,,,,,,,,,,,,,,,,,,,,,,
User,,,,CORD2104-PC2\burketo,,,,,,,,,,,,,,,,,,,,,,,,,,,,,,,,,,,,,,,,,,,,,,,,,,,,,,,,,,,,,,,,,,,,,,,,,,,,,,,,,,,,,,,,,,,,
Plate,,,,[BD96ft_FluoroBlok] - BD Falcon 96 Flat Transparent Cat. No.: 351161/351162/351163/351164,,,,,,,,,,,,,,,,,,,,,,,,,,,,,,,,,,,,,,,,,,,,,,,,,,,,,,,,,,,,,,,,,,,,,,,,,,,,,,,,,,,,,,,,,,,,
Lid lifter,,,,Lid,,,,,,,,,,,,,,,,,,,,,,,,,,,,,,,,,,,,,,,,,,,,,,,,,,,,,,,,,,,,,,,,,,,,,,,,,,,,,,,,,,,,,,,,,,,,
Humidity Cassette,,,,No humidity cassette,,,,,,,,,,,,,,,,,,,,,,,,,,,,,,,,,,,,,,,,,,,,,,,,,,,,,,,,,,,,,,,,,,,,,,,,,,,,,,,,,,,,,,,,,,,,
Smooth mode,,,,Selected,,,,,,,,,,,,,,,,,,,,,,,,,,,,,,,,,,,,,,,,,,,,,,,,,,,,,,,,,,,,,,,,,,,,,,,,,,,,,,,,,,,,,,,,,,,,
,,,,,,,,,,,,,,,,,,,,,,,,,,,,,,,,,,,,,,,,,,,,,,,,,,,,,,,,,,,,,,,,,,,,,,,,,,,,,,,,,,,,,,,,,,,,,,,,
List of actions in this measurement script:,,,,,,,,,,,,,,,,,,,,,,,,,,,,,,,,,,,,,,,,,,,,,,,,,,,,,,,,,,,,,,,,,,,,,,,,,,,,,,,,,,,,,,,,,,,,,,,,
Plate,,,,,,,,,,,,,,,,,,,,,,,,,,,,,,,,,,,,,,,,,,,,,,,,,,,,,,,,,,,,,,,,,,,,,,,,,,,,,,,,,,,,,,,,,,,,,,,,
,Shaking,,,,,,,,,,,,,,,,,,,,,,,,,,,,,,,,,,,,,,,,,,,,,,,,,,,,,,,,,,,,,,,,,,,,,,,,,,,,,,,,,,,,,,,,,,,,,,,
,Absorbance,,,,,Initial,,,,,,,,,,,,,,,,,,,,,,,,,,,,,,,,,,,,,,,,,,,,,,,,,,,,,,,,,,,,,,,,,,,,,,,,,,,,,,,,,,,,,,,,,,
,Kinetic,,,,,,,,,,,,,,,,,,,,,,,,,,,,,,,,,,,,,,,,,,,,,,,,,,,,,,,,,,,,,,,,,,,,,,,,,,,,,,,,,,,,,,,,,,,,,,,
,,Condition,,,,,,,,,,,,,,,,,,,,,,,,,,,,,,,,,,,,,,,,,,,,,,,,,,,,,,,,,,,,,,,,,,,,,,,,,,,,,,,,,,,,,,,,,,,,,,
,,,Temperature,,,,,,,,,,,,,,,,,,,,,,,,,,,,,,,,,,,,,,,,,,,,,,,,,,,,,,,,,,,,,,,,,,,,,,,,,,,,,,,,,,,,,,,,,,,,,
,,,Shaking,,,,,,,,,,,,,,,,,,,,,,,,,,,,,,,,,,,,,,,,,,,,,,,,,,,,,,,,,,,,,,,,,,,,,,,,,,,,,,,,,,,,,,,,,,,,,
,,,Absorbance,,,Growth,,,,,,,,,,,,,,,,,,,,,,,,,,,,,,,,,,,,,,,,,,,,,,,,,,,,,,,,,,,,,,,,,,,,,,,,,,,,,,,,,,,,,,,,,,
,,,,,,,,,,,,,,,,,,,,,,,,,,,,,,,,,,,,,,,,,,,,,,,,,,,,,,,,,,,,,,,,,,,,,,,,,,,,,,,,,,,,,,,,,,,,,,,,
Name,,,,BD96ft_FluoroBlok,,,,,,,,,,,,,,,,,,,,,,,,,,,,,,,,,,,,,,,,,,,,,,,,,,,,,,,,,,,,,,,,,,,,,,,,,,,,,,,,,,,,,,,,,,,,
Plate layout,,,,,,,,,,,,,,,,,,,,,,,,,,,,,,,,,,,,,,,,,,,,,,,,,,,,,,,,,,,,,,,,,,,,,,,,,,,,,,,,,,,,,,,,,,,,,,,,
Plate area,,,,A1-H12,,,,,,,,,,,,,,,,,,,,,,,,,,,,,,,,,,,,,,,,,,,,,,,,,,,,,,,,,,,,,,,,,,,,,,,,,,,,,,,,,,,,,,,,,,,,
,,,,,,,,,,,,,,,,,,,,,,,,,,,,,,,,,,,,,,,,,,,,,,,,,,,,,,,,,,,,,,,,,,,,,,,,,,,,,,,,,,,,,,,,,,,,,,,,
Start Time,,,,2025-09-23 12:25:40,,,,,,,,,,,,,,,,,,,,,,,,,,,,,,,,,,,,,,,,,,,,,,,,,,,,,,,,,,,,,,,,,,,,,,,,,,,,,,,,,,,,,,,,,,,,
Shaking (Orbital) Duration,,,,5,s,,,,,,,,,,,,,,,,,,,,,,,,,,,,,,,,,,,,,,,,,,,,,,,,,,,,,,,,,,,,,,,,,,,,,,,,,,,,,,,,,,,,,,,,,,,
Shaking (Orbital) Position,,,,Current,,,,,,,,,,,,,,,,,,,,,,,,,,,,,,,,,,,,,,,,,,,,,,,,,,,,,,,,,,,,,,,,,,,,,,,,,,,,,,,,,,,,,,,,,,,,
Shaking (Orbital) Amplitude,,,,1,mm,,,,,,,,,,,,,,,,,,,,,,,,,,,,,,,,,,,,,,,,,,,,,,,,,,,,,,,,,,,,,,,,,,,,,,,,,,,,,,,,,,,,,,,,,,,
Shaking (Orbital) Frequency,,,,510,rpm,,,,,,,,,,,,,,,,,,,,,,,,,,,,,,,,,,,,,,,,,,,,,,,,,,,,,,,,,,,,,,,,,,,,,,,,,,,,,,,,,,,,,,,,,,,
End Time,,,,2025-09-23 12:25:45,,,,,,,,,,,,,,,,,,,,,,,,,,,,,,,,,,,,,,,,,,,,,,,,,,,,,,,,,,,,,,,,,,,,,,,,,,,,,,,,,,,,,,,,,,,,
,,,,,,,,,,,,,,,,,,,,,,,,,,,,,,,,,,,,,,,,,,,,,,,,,,,,,,,,,,,,,,,,,,,,,,,,,,,,,,,,,,,,,,,,,,,,,,,,
Mode,Absorbance,,,,,,,,,,,,,,,,,,,,,,,,,,,,,,,,,,,,,,,,,,,,,,,,,,,,,,,,,,,,,,,,,,,,,,,,,,,,,,,,,,,,,,,,,,,,,,,
Measurement wavelength,,,,600,nm,,,,,,,,,,,,,,,,,,,,,,,,,,,,,,,,,,,,,,,,,,,,,,,,,,,,,,,,,,,,,,,,,,,,,,,,,,,,,,,,,,,,,,,,,,,
Number of flashes,,,,10,,,,,,,,,,,,,,,,,,,,,,,,,,,,,,,,,,,,,,,,,,,,,,,,,,,,,,,,,,,,,,,,,,,,,,,,,,,,,,,,,,,,,,,,,,,,
Settle time,,,,50,ms,,,,,,,,,,,,,,,,,,,,,,,,,,,,,,,,,,,,,,,,,,,,,,,,,,,,,,,,,,,,,,,,,,,,,,,,,,,,,,,,,,,,,,,,,,,
Multiple Reads per Well (Circle (filled)),,,,3 x 3,,,,,,,,,,,,,,,,,,,,,,,,,,,,,,,,,,,,,,,,,,,,,,,,,,,,,,,,,,,,,,,,,,,,,,,,,,,,,,,,,,,,,,,,,,,,
Multiple Reads per Well (Border),,,,500,µm,,,,,,,,,,,,,,,,,,,,,,,,,,,,,,,,,,,,,,,,,,,,,,,,,,,,,,,,,,,,,,,,,,,,,,,,,,,,,,,,,,,,,,,,,,,
Part of Plate,,,,A1-H12,,,,,,,,,,,,,,,,,,,,,,,,,,,,,,,,,,,,,,,,,,,,,,,,,,,,,,,,,,,,,,,,,,,,,,,,,,,,,,,,,,,,,,,,,,,,
,,,,,,,,,,,,,,,,,,,,,,,,,,,,,,,,,,,,,,,,,,,,,,,,,,,,,,,,,,,,,,,,,,,,,,,,,,,,,,,,,,,,,,,,,,,,,,,,
Start Time,,,,2025-09-23 12:25:48,,,,,,,,,,,,,,,,,,,,,,,,,,,,,,,,,,,,,,,,,,,,,,,,,,,,,,,,,,,,,,,,,,,,,,,,,,,,,,,,,,,,,,,,,,,,
Temperature,,,,21.9,°C,,,,,,,,,,,,,,,,,,,,,,,,,,,,,,,,,,,,,,,,,,,,,,,,,,,,,,,,,,,,,,,,,,,,,,,,,,,,,,,,,,,,,,,,,,,
,,,,,,,,,,,,,,,,,,,,,,,,,,,,,,,,,,,,,,,,,,,,,,,,,,,,,,,,,,,,,,,,,,,,,,,,,,,,,,,,,,,,,,,,,,,,,,,,
,1;2,,,,,,,,,,,,,,,,,,,,,,,,,,,,,,,,,,,,,,,,,,,,,,,,,,,,,,,,,,,,,,,,,,,,,,,,,,,,,,,,,,,,,,,,,,,,,,,
2;1,2;2,2;3,,,,,,,,,,,,,,,,,,,,,,,,,,,,,,,,,,,,,,,,,,,,,,,,,,,,,,,,,,,,,,,,,,,,,,,,,,,,,,,,,,,,,,,,,,,,,,
,3;2,,,,,,,,,,,,,,,,,,,,,,,,,,,,,,,,,,,,,,,,,,,,,,,,,,,,,,,,,,,,,,,,,,,,,,,,,,,,,,,,,,,,,,,,,,,,,,,
Well,A1,A2,A3,A4,A5,A6,A7,A8,A9,A10,A11,A12,B1,B2,B3,B4,B5,B6,B7,B8,B9,B10,B11,B12,C1,C2,C3,C4,C5,C6,C7,C8,C9,C10,C11,C12,D1,D2,D3,D4,D5,D6,D7,D8,D9,D10,D11,D12,E1,E2,E3,E4,E5,E6,E7,E8,E9,E10,E11,E12,F1,F2,F3,F4,F5,F6,F7,F8,F9,F10,F11,F12,G1,G2,G3,G4,G5,G6,G7,G8,G9,G10,G11,G12,H1,H2,H3,H4,H5,H6,H7,H8,H9,H10,H11,H12
Mean,0.0948,0.09428,0.09524,0.095,0.1004,0.09496,0.09454,0.0974,0.09438,0.09478,0.09618,0.0948,0.09484,0.12028,0.112,0.11362,0.11218,0.1155,0.11274,0.10982,0.11288,0.1154,0.11272,0.09546,0.10344,0.12668,0.11,0.11944,0.11198,0.11984,0.111,0.11284,0.12094,0.11058,0.11036,0.0969,0.0941,0.13244,0.11232,0.1214,0.11432,0.11768,0.11344,0.11968,0.11308,0.1111,0.1097,0.09488,0.0941,0.12128,0.11016,0.11476,0.11402,0.112,0.10918,0.11464,0.11148,0.11286,0.11074,0.09432,0.09502,0.11936,0.11256,0.11232,0.11086,0.11118,0.11144,0.11368,0.115,0.11412,0.10972,0.09508,0.09508,0.11732,0.11646,0.11776,0.11846,0.12286,0.11764,0.11826,0.11826,0.11074,0.11162,0.09922,0.09436,0.09484,0.09506,0.09476,0.0945,0.09458,0.09394,0.09466,0.0946,0.09414,0.09548,0.095
StDev,0.003356337,0.001904468,0.002905684,0.002840775,0.010030204,0.003094027,0.002557929,0.004409649,0.002837605,0.002804817,0.002916676,0.003194527,0.003552886,0.02005086,0.003995623,0.003959419,0.004249353,0.012392538,0.003959545,0.002585923,0.004495776,0.006299603,0.005150437,0.002944996,0.014917037,0.030659126,0.003159114,0.012094338,0.00292267,0.016180637,0.003091116,0.003839661,0.023685185,0.003390723,0.004375271,0.002072438,0.002613427,0.02500246,0.003796972,0.011007043,0.006820337,0.003439041,0.004659184,0.004489098,0.003240679,0.003446738,0.00210238,0.003503141,0.001640122,0.019418342,0.002491586,0.00383184,0.007584656,0.00425147,0.001851216,0.006616872,0.007046063,0.006740401,0.002050122,0.003204216,0.001792205,0.018777859,0.003256225,0.003973286,0.00247447,0.002051097,0.002827189,0.005985566,0.005620498,0.007365596,0.003305601,0.002591718,0.001976613,0.005281288,0.00364184,0.007614,0.004823173,0.011247133,0.002682909,0.004565413,0.008671101,0.003517528,0.002814605,0.007026521,0.003028696,0.002550098,0.002103093,0.0022832,0.002164486,0.00274536,0.001781292,0.002647263,0.00352633,0.001096814,0.001211198,0.001753568
1;2,0.099,0.0967,0.097,0.0985,0.0961,0.0981,0.0975,0.0978,0.0975,0.0979,0.0977,0.0976,0.0988,0.1092,0.1098,0.1105,0.11,0.1088,0.1104,0.1089,0.1105,0.1105,0.11,0.0983,0.0987,0.1109,0.1083,0.1114,0.1104,0.111,0.1095,0.1103,0.1099,0.1086,0.1082,0.0991,0.0973,0.1173,0.1107,0.1146,0.1101,0.1144,0.1108,0.1167,0.1117,0.1093,0.1092,0.0986,0.0964,0.1109,0.1088,0.1116,0.11,0.1091,0.1089,0.111,0.1088,0.1101,0.1097,0.0983,0.0971,0.1105,0.1111,0.1096,0.1095,0.1101,0.1102,0.1106,0.1113,0.1079,0.1076,0.0982,0.0975,0.1132,0.114,0.112,0.1143,0.1152,0.1163,0.1146,0.1137,0.1091,0.1094,0.099,0.0985,0.0984,0.0964,0.0973,0.0973,0.0975,0.0965,0.0976,0.0988,0.0957,0.0972,0.0978
2;1,0.0951,0.0947,0.0987,0.0937,0.0931,0.0936,0.0934,0.0932,0.0927,0.0944,0.0924,0.0933,0.0921,0.1178,0.1164,0.1172,0.1174,0.1133,0.1165,0.1128,0.1157,0.1206,0.1176,0.0935,0.0968,0.1203,0.1134,0.1192,0.1156,0.1167,0.1126,0.114,0.1139,0.1133,0.1137,0.0959,0.0928,0.1321,0.1168,0.1226,0.1151,0.1208,0.1152,0.1238,0.1165,0.1149,0.112,0.0932,0.0934,0.1201,0.1122,0.1169,0.1148,0.1127,0.1108,0.1173,0.1107,0.1124,0.113,0.0924,0.0963,0.1151,0.1163,0.1139,0.1134,0.1126,0.1122,0.114,0.1179,0.1232,0.1117,0.0936,0.0962,0.1218,0.1193,0.1196,0.1219,0.1224,0.1209,0.1209,0.1169,0.1116,0.113,0.0938,0.0924,0.0936,0.0975,0.0964,0.095,0.0958,0.094,0.0951,0.0929,0.0929,0.0957,0.0935
2;2,0.0968,0.095,0.0959,0.0974,0.0986,0.0984,0.0969,0.0985,0.0973,0.0972,0.0987,0.0987,0.0985,0.1109,0.1109,0.1129,0.1115,0.1108,0.112,0.1097,0.1119,0.1134,0.1117,0.0989,0.0981,0.1117,0.1095,0.1149,0.1123,0.1133,0.1116,0.1127,0.1105,0.1105,0.1092,0.0991,0.0964,0.1196,0.1122,0.1167,0.1126,0.1167,0.112,0.1189,0.1135,0.1113,0.1102,0.0986,0.0952,0.1121,0.1106,0.1141,0.1113,0.1108,0.11,0.1118,0.1094,0.1109,0.1111,0.097,0.0953,0.1111,0.112,0.1116,0.1111,0.1121,0.1113,0.1123,0.1138,0.1167,0.1097,0.0972,0.0956,0.1154,0.116,0.1155,0.117,0.1195,0.1171,0.1174,0.1147,0.1103,0.1148,0.0994,0.0964,0.0965,0.0956,0.0952,0.0955,0.0961,0.0946,0.0966,0.0977,0.0944,0.0954,0.0954
2;3,0.0926,0.0934,0.093,0.0937,0.0962,0.0931,0.0934,0.0935,0.0931,0.0933,0.0937,0.0932,0.0934,0.108,0.1071,0.1093,0.1067,0.1073,0.1078,0.1061,0.1074,0.1091,0.1061,0.0942,0.0937,0.1095,0.1059,0.1114,0.108,0.1098,0.1066,0.1086,0.1073,0.1061,0.1049,0.0946,0.0928,0.1174,0.107,0.1131,0.1082,0.1147,0.1086,0.1143,0.1083,0.1063,0.1064,0.093,0.093,0.1082,0.1066,0.111,0.1073,0.1084,0.1061,0.1082,0.105,0.1066,0.1078,0.0932,0.0935,0.1075,0.1082,0.1082,0.1074,0.1081,0.1079,0.1079,0.1089,0.1053,0.1056,0.0945,0.093,0.1122,0.1121,0.1116,0.1141,0.115,0.1142,0.1137,0.1125,0.1066,0.108,0.0932,0.0934,0.0936,0.0933,0.0931,0.0928,0.0927,0.0927,0.0928,0.0932,0.0933,0.0938,0.0936
3;2,0.0905,0.0916,0.0916,0.0917,0.118,0.0916,0.0915,0.104,0.0913,0.0911,0.0984,0.0912,0.0914,0.1555,0.1158,0.1182,0.1153,0.1373,0.117,0.1116,0.1189,0.1234,0.1182,0.0924,0.1299,0.181,0.1129,0.1403,0.1136,0.1484,0.1147,0.1186,0.1631,0.1144,0.1158,0.0958,0.0912,0.1758,0.1149,0.14,0.1256,0.1218,0.1206,0.1247,0.1154,0.1137,0.1107,0.091,0.0925,0.1551,0.1126,0.1202,0.1267,0.119,0.1101,0.1249,0.1235,0.1243,0.1121,0.0907,0.0929,0.1526,0.1152,0.1183,0.1129,0.113,0.1156,0.1236,0.1231,0.1175,0.114,0.0919,0.0931,0.124,0.1209,0.1301,0.125,0.1422,0.1197,0.1247,0.1335,0.1161,0.1129,0.1107,0.0911,0.0921,0.0925,0.0918,0.0919,0.0908,0.0919,0.0912,0.0904,0.0944,0.0953,0.0947
,,,,,,,,,,,,,,,,,,,,,,,,,,,,,,,,,,,,,,,,,,,,,,,,,,,,,,,,,,,,,,,,,,,,,,,,,,,,,,,,,,,,,,,,,,,,,,,,
End Time,,,,2025-09-23 12:27:49,,,,,,,,,,,,,,,,,,,,,,,,,,,,,,,,,,,,,,,,,,,,,,,,,,,,,,,,,,,,,,,,,,,,,,,,,,,,,,,,,,,,,,,,,,,,
,,,,,,,,,,,,,,,,,,,,,,,,,,,,,,,,,,,,,,,,,,,,,,,,,,,,,,,,,,,,,,,,,,,,,,,,,,,,,,,,,,,,,,,,,,,,,,,,
Mode,Kinetic,,,,,,,,,,,,,,,,,,,,,,,,,,,,,,,,,,,,,,,,,,,,,,,,,,,,,,,,,,,,,,,,,,,,,,,,,,,,,,,,,,,,,,,,,,,,,,,
Kinetic cycles,,,,96,,,,,,,,,,,,,,,,,,,,,,,,,,,,,,,,,,,,,,,,,,,,,,,,,,,,,,,,,,,,,,,,,,,,,,,,,,,,,,,,,,,,,,,,,,,,
Interval time,,,,00:30:00,hh:mm:ss,,,,,,,,,,,,,,,,,,,,,,,,,,,,,,,,,,,,,,,,,,,,,,,,,,,,,,,,,,,,,,,,,,,,,,,,,,,,,,,,,,,,,,,,,,,
,,,,,,,,,,,,,,,,,,,,,,,,,,,,,,,,,,,,,,,,,,,,,,,,,,,,,,,,,,,,,,,,,,,,,,,,,,,,,,,,,,,,,,,,,,,,,,,,
Mode,Condition,,,,,,,,,,,,,,,,,,,,,,,,,,,,,,,,,,,,,,,,,,,,,,,,,,,,,,,,,,,,,,,,,,,,,,,,,,,,,,,,,,,,,,,,,,,,,,,
Type,,,,Start at cycle,,,,,,,,,,,,,,,,,,,,,,,,,,,,,,,,,,,,,,,,,,,,,,,,,,,,,,,,,,,,,,,,,,,,,,,,,,,,,,,,,,,,,,,,,,,,
Executed continuously,,,,,,,,,,,,,,,,,,,,,,,,,,,,,,,,,,,,,,,,,,,,,,,,,,,,,,,,,,,,,,,,,,,,,,,,,,,,,,,,,,,,,,,,,,,,,,,,
Operation,,,,at cycle 1,,,,,,,,,,,,,,,,,,,,,,,,,,,,,,,,,,,,,,,,,,,,,,,,,,,,,,,,,,,,,,,,,,,,,,,,,,,,,,,,,,,,,,,,,,,,
,,,,,,,,,,,,,,,,,,,,,,,,,,,,,,,,,,,,,,,,,,,,,,,,,,,,,,,,,,,,,,,,,,,,,,,,,,,,,,,,,,,,,,,,,,,,,,,,
Temperature control,,,,On,,,,,,,,,,,,,,,,,,,,,,,,,,,,,,,,,,,,,,,,,,,,,,,,,,,,,,,,,,,,,,,,,,,,,,,,,,,,,,,,,,,,,,,,,,,,
Target temperature,,,,30,°C,,,,,,,,,,,,,,,,,,,,,,,,,,,,,,,,,,,,,,,,,,,,,,,,,,,,,,,,,,,,,,,,,,,,,,,,,,,,,,,,,,,,,,,,,,,
,,,,,,,,,,,,,,,,,,,,,,,,,,,,,,,,,,,,,,,,,,,,,,,,,,,,,,,,,,,,,,,,,,,,,,,,,,,,,,,,,,,,,,,,,,,,,,,,
Shaking (Orbital) Duration,,,,5,s,,,,,,,,,,,,,,,,,,,,,,,,,,,,,,,,,,,,,,,,,,,,,,,,,,,,,,,,,,,,,,,,,,,,,,,,,,,,,,,,,,,,,,,,,,,
Shaking (Orbital) Position,,,,Current,,,,,,,,,,,,,,,,,,,,,,,,,,,,,,,,,,,,,,,,,,,,,,,,,,,,,,,,,,,,,,,,,,,,,,,,,,,,,,,,,,,,,,,,,,,,
Shaking (Orbital) Amplitude,,,,1,mm,,,,,,,,,,,,,,,,,,,,,,,,,,,,,,,,,,,,,,,,,,,,,,,,,,,,,,,,,,,,,,,,,,,,,,,,,,,,,,,,,,,,,,,,,,,
Shaking (Orbital) Frequency,,,,510,rpm,,,,,,,,,,,,,,,,,,,,,,,,,,,,,,,,,,,,,,,,,,,,,,,,,,,,,,,,,,,,,,,,,,,,,,,,,,,,,,,,,,,,,,,,,,,
,,,,,,,,,,,,,,,,,,,,,,,,,,,,,,,,,,,,,,,,,,,,,,,,,,,,,,,,,,,,,,,,,,,,,,,,,,,,,,,,,,,,,,,,,,,,,,,,
Mode,Absorbance,,,,,,,,,,,,,,,,,,,,,,,,,,,,,,,,,,,,,,,,,,,,,,,,,,,,,,,,,,,,,,,,,,,,,,,,,,,,,,,,,,,,,,,,,,,,,,,
Measurement wavelength,,,,600,nm,,,,,,,,,,,,,,,,,,,,,,,,,,,,,,,,,,,,,,,,,,,,,,,,,,,,,,,,,,,,,,,,,,,,,,,,,,,,,,,,,,,,,,,,,,,
Number of flashes,,,,10,,,,,,,,,,,,,,,,,,,,,,,,,,,,,,,,,,,,,,,,,,,,,,,,,,,,,,,,,,,,,,,,,,,,,,,,,,,,,,,,,,,,,,,,,,,,
Settle time,,,,50,ms,,,,,,,,,,,,,,,,,,,,,,,,,,,,,,,,,,,,,,,,,,,,,,,,,,,,,,,,,,,,,,,,,,,,,,,,,,,,,,,,,,,,,,,,,,,
Multiple Reads per Well (Circle (filled)),,,,3 x 3,,,,,,,,,,,,,,,,,,,,,,,,,,,,,,,,,,,,,,,,,,,,,,,,,,,,,,,,,,,,,,,,,,,,,,,,,,,,,,,,,,,,,,,,,,,,
Multiple Reads per Well (Border),,,,500,µm,,,,,,,,,,,,,,,,,,,,,,,,,,,,,,,,,,,,,,,,,,,,,,,,,,,,,,,,,,,,,,,,,,,,,,,,,,,,,,,,,,,,,,,,,,,
Part of Plate,,,,A1-H12,,,,,,,,,,,,,,,,,,,,,,,,,,,,,,,,,,,,,,,,,,,,,,,,,,,,,,,,,,,,,,,,,,,,,,,,,,,,,,,,,,,,,,,,,,,,
,,,,,,,,,,,,,,,,,,,,,,,,,,,,,,,,,,,,,,,,,,,,,,,,,,,,,,,,,,,,,,,,,,,,,,,,,,,,,,,,,,,,,,,,,,,,,,,,
Start Time,,,,2025-09-23 12:27:55,,,,,,,,,,,,,,,,,,,,,,,,,,,,,,,,,,,,,,,,,,,,,,,,,,,,,,,,,,,,,,,,,,,,,,,,,,,,,,,,,,,,,,,,,,,,
,,,,,,,,,,,,,,,,,,,,,,,,,,,,,,,,,,,,,,,,,,,,,,,,,,,,,,,,,,,,,,,,,,,,,,,,,,,,,,,,,,,,,,,,,,,,,,,,
Growth,,,,,,,,,,,,,,,,,,,,,,,,,,,,,,,,,,,,,,,,,,,,,,,,,,,,,,,,,,,,,,,,,,,,,,,,,,,,,,,,,,,,,,,,,,,,,,,,
,1;2,,,,,,,,,,,,,,,,,,,,,,,,,,,,,,,,,,,,,,,,,,,,,,,,,,,,,,,,,,,,,,,,,,,,,,,,,,,,,,,,,,,,,,,,,,,,,,,
2;1,2;2,2;3,,,,,,,,,,,,,,,,,,,,,,,,,,,,,,,,,,,,,,,,,,,,,,,,,,,,,,,,,,,,,,,,,,,,,,,,,,,,,,,,,,,,,,,,,,,,,,
,3;2,,,,,,,,,,,,,,,,,,,,,,,,,,,,,,,,,,,,,,,,,,,,,,,,,,,,,,,,,,,,,,,,,,,,,,,,,,,,,,,,,,,,,,,,,,,,,,,
Cycles / Well,,,,,,,,,,,,,,,,,,,,,,,,,,,,,,,,,,,,,,,,,,,,,,,,,,,,,,,,,,,,,,,,,,,,,,,,,,,,,,,,,,,,,,,,,,,,,,,,
A1,1,2,3,4,5,6,7,8,9,10,11,12,13,14,15,16,17,18,19,20,21,22,23,24,25,26,27,28,29,30,31,32,33,34,35,36,37,38,39,40,41,42,43,44,45,46,47,48,49,50,51,52,53,54,55,56,57,58,59,60,61,62,63,64,65,66,67,68,69,70,71,72,73,74,75,76,77,78,79,80,81,82,83,84,85,86,87,88,89,90,91,92,93,94,95,96
Time [s],0,1799.797,3599.741,5399.659,7199.573,8999.513,10799.44,12599.356,14399.272,16199.193,17999.112,19799.048,21598.963,23398.904,25198.829,26998.75,28798.659,30598.586,32398.522,34198.445,35998.366,37798.269,39598.205,41398.126,43198.043,44997.982,46797.898,48597.803,50397.735,52197.643,53997.591,55797.492,57597.42,59397.352,61197.265,62997.193,64797.11,66597.04,68396.981,70196.888,71996.807,73796.739,75596.665,77396.594,79196.521,80996.461,82796.378,84596.302,86396.226,88196.142,89996.07,91796.012,93595.919,95395.853,97195.785,98995.689,100795.633,102595.552,104395.481,106195.482,107995.331,109795.267,111595.183,113395.107,115195.043,116994.958,118794.88,120594.819,122394.73,124194.661,125994.586,127794.51,129594.425,131394.355,133194.302,134994.214,136794.146,138594.064,140393.993,142193.907,143993.836,145793.766,147593.683,149393.62,151193.535,152993.466,154793.383,156593.307,158393.229,160193.151,161993.083,163792.996,165592.93,167392.852,169192.773,170992.712
Temp. [°C],22.2,30,30,30,30,30.1,30,30,30,30,30,29.9,30,30,29.8,30,30,29.9,29.9,30,30,30.1,30,30,30,30,30,30,30,30,30,30,30,30,30,30,30,30,30,30,30.1,30,30,30,30,30,30,30,30,30,30,30,30,30,30,30,30,29.9,30,30,30,30,30,30.1,30,30.1,30,30.1,30,30,30,30,30,30,30,30,30,30,30,30,30,30,30,30,30,30,30,29.9,30,30,30,30,30,30,30,30
Mean,0.09472,0.09458,0.0943,0.0945,0.0945,0.09448,0.09448,0.0945,0.09464,0.09464,0.09476,0.09488,0.0949,0.09498,0.09508,0.09512,0.09528,0.09536,0.0955,0.09584,0.09578,0.0961,0.09616,0.09624,0.09648,0.0965,0.09692,0.0971,0.09714,0.09762,0.09768,0.09762,0.09802,0.09824,0.09836,0.09856,0.0989,0.09942,0.09954,0.09988,0.10002,0.10014,0.10044,0.10034,0.10078,0.10062,0.1014,0.10164,0.10226,0.10214,0.10224,0.10236,0.10244,0.10224,0.10322,0.10328,0.10314,0.10326,0.10402,0.1036,0.10366,0.1034,0.1034,0.1041,0.1043,0.10398,0.10438,0.10466,0.1048,0.1046,0.10478,0.10504,0.10518,0.10558,0.10588,0.10638,0.10618,0.10644,0.10656,0.1069,0.10678,0.10726,0.10688,0.10714,0.10768,0.10844,0.10862,0.10884,0.10888,0.10926,0.10958,0.10986,0.11012,0.11072,0.11014,0.11066
StDev,0.003325207,0.003403968,0.003510698,0.00363318,0.003691206,0.003707695,0.003702972,0.003736308,0.00374473,0.003617734,0.003518949,0.003395144,0.003424179,0.003384819,0.003255303,0.003258374,0.003188573,0.003116569,0.00309758,0.003070505,0.003118012,0.003164648,0.003213721,0.003240062,0.003485255,0.003499286,0.003960682,0.004130981,0.004078358,0.005037559,0.005027126,0.005064287,0.005641985,0.006183284,0.006188538,0.006575181,0.00729349,0.008256936,0.008564053,0.009170987,0.009466626,0.00976463,0.010417917,0.010022874,0.011084539,0.010694485,0.012312392,0.012567935,0.013962557,0.01387058,0.014148251,0.014398715,0.01451389,0.014038625,0.016171487,0.016124733,0.015826497,0.016071808,0.017913598,0.016938123,0.017062034,0.016490149,0.016489845,0.017905446,0.018295355,0.017869723,0.018420559,0.0190917,0.019401031,0.018849403,0.019401727,0.019871915,0.020228618,0.021056519,0.021775261,0.022662679,0.022388323,0.022900393,0.023004195,0.023923837,0.023762407,0.024670488,0.02387461,0.024505673,0.025310018,0.026884531,0.027237603,0.027394945,0.027646826,0.028320011,0.029032688,0.029653887,0.030233706,0.031350789,0.030220407,0.030938697
1;2,0.099,0.099,0.0989,0.0993,0.0992,0.0993,0.0992,0.0992,0.0994,0.0992,0.0992,0.0993,0.0993,0.0993,0.0993,0.0993,0.0993,0.0993,0.0993,0.0994,0.0994,0.0995,0.0994,0.0995,0.0994,0.0993,0.0993,0.0994,0.0994,0.0994,0.0995,0.0993,0.0995,0.0993,0.0995,0.0994,0.0994,0.0995,0.0993,0.0994,0.0994,0.0993,0.0994,0.0994,0.0994,0.0993,0.0994,0.0996,0.0995,0.0995,0.0994,0.0994,0.0994,0.0994,0.0994,0.0994,0.0994,0.0993,0.0993,0.0993,0.0993,0.0993,0.0992,0.0993,0.0993,0.0991,0.0993,0.0993,0.0993,0.0993,0.0992,0.0993,0.0992,0.0992,0.0991,0.0993,0.0992,0.0991,0.0992,0.0992,0.099,0.0992,0.0991,0.0992,0.099,0.099,0.0991,0.0994,0.0993,0.0991,0.0991,0.0991,0.099,0.0991,0.099,0.0993
2;1,0.0944,0.0943,0.0937,0.0937,0.0934,0.0932,0.093,0.0928,0.0927,0.0926,0.0926,0.0926,0.0926,0.0926,0.0926,0.0927,0.0926,0.0926,0.0926,0.0927,0.0926,0.0928,0.0928,0.0928,0.0927,0.0928,0.0929,0.0929,0.0929,0.0928,0.0929,0.0928,0.093,0.0928,0.093,0.093,0.093,0.093,0.093,0.093,0.0931,0.0931,0.093,0.0932,0.0931,0.0931,0.0932,0.0933,0.0933,0.0932,0.0932,0.0932,0.0933,0.0932,0.0933,0.0935,0.0934,0.0936,0.0935,0.0935,0.0936,0.0936,0.0936,0.0938,0.0938,0.0937,0.0938,0.0939,0.0939,0.094,0.094,0.0939,0.0941,0.0942,0.0943,0.0944,0.0943,0.0944,0.0945,0.0945,0.0945,0.0945,0.0946,0.0946,0.0952,0.0953,0.0953,0.0955,0.0956,0.0958,0.096,0.0961,0.0963,0.0965,0.0965,0.0967
2;2,0.0969,0.0967,0.0966,0.0969,0.0973,0.0972,0.0974,0.0976,0.0978,0.0978,0.0979,0.0978,0.0979,0.098,0.0979,0.098,0.0981,0.098,0.0981,0.0981,0.0981,0.0983,0.0982,0.0983,0.0982,0.0983,0.0984,0.0985,0.0985,0.0985,0.0986,0.0985,0.0986,0.0986,0.0987,0.0988,0.0987,0.0987,0.0989,0.0989,0.0989,0.0989,0.0989,0.0989,0.0989,0.0991,0.099,0.0991,0.0991,0.099,0.0991,0.099,0.099,0.0992,0.0991,0.0991,0.0992,0.0991,0.099,0.0991,0.099,0.099,0.0991,0.0989,0.099,0.099,0.0991,0.099,0.099,0.0991,0.0989,0.099,0.0989,0.0989,0.0989,0.0989,0.0989,0.0989,0.099,0.0988,0.0988,0.0989,0.0988,0.0986,0.0989,0.0989,0.099,0.099,0.0988,0.099,0.0989,0.0988,0.0988,0.0989,0.0987,0.0989
2;3,0.0927,0.0926,0.0923,0.0925,0.0925,0.0926,0.0926,0.0926,0.0926,0.0926,0.0926,0.0925,0.0927,0.0927,0.0926,0.0926,0.0926,0.0926,0.0926,0.0927,0.0926,0.0927,0.0926,0.0927,0.0927,0.0926,0.0926,0.0927,0.0929,0.0927,0.0927,0.0927,0.0926,0.0927,0.0927,0.0927,0.0927,0.0928,0.0927,0.0928,0.0927,0.0927,0.0927,0.0928,0.0927,0.0927,0.0927,0.0928,0.0928,0.0927,0.0926,0.0927,0.0927,0.0927,0.0927,0.0928,0.0928,0.0928,0.0927,0.0927,0.0927,0.0927,0.0927,0.0928,0.0928,0.0926,0.0928,0.0927,0.0927,0.0927,0.0927,0.0928,0.0927,0.0927,0.0926,0.0927,0.0926,0.0927,0.0927,0.0926,0.0926,0.0926,0.0926,0.0926,0.0926,0.0927,0.0926,0.0927,0.0926,0.0927,0.0926,0.0926,0.0925,0.0925,0.0925,0.0926
3;2,0.0906,0.0903,0.09,0.0901,0.0901,0.0901,0.0902,0.0903,0.0907,0.091,0.0915,0.0922,0.092,0.0923,0.093,0.093,0.0938,0.0943,0.0949,0.0963,0.0962,0.0972,0.0978,0.0979,0.0994,0.0995,0.1014,0.102,0.102,0.1047,0.1047,0.1048,0.1064,0.1078,0.1079,0.1089,0.1107,0.1131,0.1138,0.1153,0.116,0.1167,0.1182,0.1174,0.1198,0.1189,0.1227,0.1234,0.1266,0.1263,0.1269,0.1275,0.1278,0.1267,0.1316,0.1316,0.1309,0.1315,0.1356,0.1334,0.1337,0.1324,0.1324,0.1357,0.1366,0.1355,0.1369,0.1384,0.1391,0.1379,0.1391,0.1402,0.141,0.1429,0.1445,0.1466,0.1459,0.1471,0.1474,0.1494,0.149,0.1511,0.1493,0.1507,0.1527,0.1563,0.1571,0.1576,0.1581,0.1597,0.1613,0.1627,0.164,0.1666,0.164,0.1658
,,,,,,,,,,,,,,,,,,,,,,,,,,,,,,,,,,,,,,,,,,,,,,,,,,,,,,,,,,,,,,,,,,,,,,,,,,,,,,,,,,,,,,,,,,,,,,,,
Cycles / Well,,,,,,,,,,,,,,,,,,,,,,,,,,,,,,,,,,,,,,,,,,,,,,,,,,,,,,,,,,,,,,,,,,,,,,,,,,,,,,,,,,,,,,,,,,,,,,,,
A2,1,2,3,4,5,6,7,8,9,10,11,12,13,14,15,16,17,18,19,20,21,22,23,24,25,26,27,28,29,30,31,32,33,34,35,36,37,38,39,40,41,42,43,44,45,46,47,48,49,50,51,52,53,54,55,56,57,58,59,60,61,62,63,64,65,66,67,68,69,70,71,72,73,74,75,76,77,78,79,80,81,82,83,84,85,86,87,88,89,90,91,92,93,94,95,96
Time [s],0,1799.797,3599.741,5399.659,7199.573,8999.513,10799.44,12599.356,14399.272,16199.193,17999.112,19799.048,21598.963,23398.904,25198.829,26998.75,28798.659,30598.586,32398.522,34198.445,35998.366,37798.269,39598.205,41398.126,43198.043,44997.982,46797.898,48597.803,50397.735,52197.643,53997.591,55797.492,57597.42,59397.352,61197.265,62997.193,64797.11,66597.04,68396.981,70196.888,71996.807,73796.739,75596.665,77396.594,79196.521,80996.461,82796.378,84596.302,86396.226,88196.142,89996.07,91796.012,93595.919,95395.853,97195.785,98995.689,100795.633,102595.552,104395.481,106195.482,107995.331,109795.267,111595.183,113395.107,115195.043,116994.958,118794.88,120594.819,122394.73,124194.661,125994.586,127794.51,129594.425,131394.355,133194.302,134994.214,136794.146,138594.064,140393.993,142193.907,143993.836,145793.766,147593.683,149393.62,151193.535,152993.466,154793.383,156593.307,158393.229,160193.151,161993.083,163792.996,165592.93,167392.852,169192.773,170992.712
Temp. [°C],22.2,30,30,30,30,30.1,30,30,30,30,30,29.9,30,30,29.8,30,30,29.9,29.9,30,30,30.1,30,30,30,30,30,30,30,30,30,30,30,30,30,30,30,30,30,30,30.1,30,30,30,30,30,30,30,30,30,30,30,30,30,30,30,30,29.9,30,30,30,30,30,30.1,30,30.1,30,30.1,30,30,30,30,30,30,30,30,30,30,30,30,30,30,30,30,30,30,30,29.9,30,30,30,30,30,30,30,30
Mean,0.09414,0.09432,0.09448,0.09498,0.0953,0.09552,0.09578,0.09592,0.09616,0.09622,0.0964,0.09652,0.09672,0.09682,0.0969,0.09704,0.09712,0.09716,0.09736,0.09756,0.09756,0.09776,0.09776,0.09782,0.09786,0.09804,0.09822,0.09834,0.09836,0.09848,0.09864,0.09856,0.09882,0.09888,0.09896,0.09904,0.09922,0.09952,0.09968,0.0999,0.09988,0.09988,0.10014,0.10002,0.1003,0.10036,0.10078,0.10098,0.10136,0.10132,0.10146,0.1016,0.1015,0.10158,0.1021,0.10198,0.10208,0.10212,0.10256,0.10232,0.10256,0.1023,0.10264,0.10286,0.10294,0.10278,0.10306,0.10338,0.10338,0.10332,0.10348,0.10356,0.10346,0.10384,0.10408,0.10424,0.10424,0.1045,0.10464,0.10474,0.10476,0.10506,0.10458,0.10478,0.10506,0.10572,0.10578,0.10608,0.1061,0.10622,0.10662,0.1066,0.10678,0.10704,0.10686,0.10724
StDev,0.00211731,0.002191347,0.002462113,0.002883921,0.003321144,0.003678587,0.004088643,0.00440477,0.0046166,0.004959032,0.00525357,0.005529195,0.005717692,0.005903982,0.00611351,0.006226797,0.006505152,0.006628575,0.00679875,0.006861341,0.00702161,0.007178301,0.00713183,0.007260303,0.007332326,0.007434918,0.007429468,0.007448691,0.007572516,0.00757278,0.007681341,0.007663746,0.007758673,0.007695908,0.007709929,0.007810442,0.007637866,0.007544004,0.007630007,0.007589137,0.007586963,0.0076323,0.007685246,0.007577731,0.007567364,0.007627778,0.007618858,0.007682903,0.007769041,0.007870006,0.007967936,0.007925907,0.007955501,0.007972578,0.008308129,0.008006685,0.008095493,0.008195548,0.008608891,0.008448787,0.008576013,0.00844926,0.00865263,0.008946955,0.008974297,0.008900112,0.009089994,0.009489573,0.009488519,0.009332577,0.009682045,0.00977819,0.009660642,0.010069409,0.010465754,0.010814943,0.01087442,0.011295132,0.011409557,0.011730431,0.011893822,0.012196024,0.011572683,0.011951443,0.012322256,0.013522463,0.01369405,0.014144504,0.014360014,0.01474744,0.015547251,0.015412982,0.016047025,0.016511602,0.016320172,0.016743446
1;2,0.0969,0.0971,0.0969,0.0973,0.0974,0.0975,0.0976,0.0977,0.0978,0.0978,0.0978,0.0979,0.098,0.0979,0.0979,0.0979,0.0979,0.0978,0.098,0.0981,0.098,0.0982,0.0981,0.0981,0.0979,0.0981,0.0981,0.0981,0.0982,0.0981,0.0981,0.0981,0.0981,0.0981,0.0982,0.0981,0.0982,0.0983,0.0982,0.0982,0.0983,0.0982,0.0981,0.0982,0.0982,0.0982,0.0982,0.0983,0.0985,0.0983,0.0983,0.0983,0.0982,0.0982,0.0983,0.0983,0.0983,0.0983,0.0983,0.0983,0.0983,0.0982,0.0983,0.0983,0.0984,0.0982,0.0983,0.0983,0.0983,0.0984,0.0983,0.0982,0.0982,0.0983,0.0983,0.0983,0.0982,0.0982,0.0984,0.0982,0.0982,0.0984,0.0981,0.0981,0.0982,0.0983,0.0984,0.0985,0.0984,0.0983,0.0982,0.0984,0.0983,0.0984,0.0983,0.0985
2;1,0.094,0.094,0.0935,0.0935,0.0933,0.0933,0.0933,0.0931,0.0932,0.093,0.093,0.0929,0.093,0.093,0.0929,0.093,0.0929,0.0927,0.0929,0.0929,0.0928,0.0928,0.0928,0.0929,0.0928,0.0929,0.0929,0.0929,0.0929,0.0928,0.0929,0.0928,0.0929,0.0928,0.093,0.0929,0.0931,0.0931,0.093,0.0929,0.093,0.093,0.093,0.093,0.0929,0.093,0.0931,0.0931,0.0931,0.093,0.0929,0.0931,0.093,0.093,0.093,0.0932,0.0932,0.0932,0.093,0.0929,0.0931,0.093,0.0931,0.0931,0.0931,0.093,0.0931,0.0931,0.0931,0.0931,0.093,0.0931,0.093,0.0932,0.0931,0.093,0.0931,0.0931,0.0931,0.0931,0.093,0.0931,0.0931,0.0931,0.0932,0.0932,0.0932,0.0933,0.0932,0.0932,0.0933,0.0933,0.0933,0.0933,0.0933,0.0936
2;2,0.0953,0.0953,0.0952,0.0955,0.0958,0.0959,0.0961,0.0963,0.0965,0.0965,0.0966,0.0967,0.0968,0.0969,0.0969,0.097,0.097,0.0971,0.0972,0.0973,0.0973,0.0974,0.0973,0.0973,0.0975,0.0975,0.0975,0.0976,0.0976,0.0977,0.0978,0.0976,0.0978,0.0977,0.0978,0.0978,0.098,0.0979,0.0981,0.0981,0.0981,0.098,0.0981,0.0981,0.0981,0.0981,0.0981,0.0983,0.0983,0.0982,0.0983,0.0983,0.0982,0.0983,0.0984,0.0985,0.0986,0.0984,0.0985,0.0984,0.0985,0.0984,0.0985,0.0983,0.0984,0.0984,0.0985,0.0985,0.0985,0.0986,0.0985,0.0985,0.0986,0.0986,0.0987,0.0986,0.0985,0.0986,0.0987,0.0986,0.0985,0.0987,0.0986,0.0986,0.0988,0.0988,0.0987,0.0988,0.0988,0.0988,0.0988,0.0989,0.0987,0.0988,0.0987,0.0989
2;3,0.0932,0.0941,0.0961,0.0978,0.0992,0.1002,0.1013,0.102,0.1027,0.1034,0.1042,0.1048,0.1054,0.1059,0.1064,0.1068,0.1074,0.1077,0.1082,0.1086,0.1089,0.1094,0.1094,0.1097,0.1099,0.1103,0.1106,0.1108,0.111,0.1112,0.1116,0.1115,0.112,0.112,0.1121,0.1124,0.1123,0.1125,0.1128,0.1129,0.1129,0.113,0.1133,0.113,0.1131,0.1133,0.1134,0.1136,0.1137,0.1138,0.1139,0.1138,0.1138,0.1138,0.1141,0.1136,0.1138,0.1139,0.1138,0.1137,0.1139,0.1139,0.1139,0.1139,0.114,0.1138,0.1137,0.1137,0.1135,0.1136,0.1133,0.1134,0.1131,0.113,0.1129,0.113,0.1128,0.1126,0.1125,0.1125,0.1124,0.1123,0.1121,0.112,0.1117,0.1117,0.1115,0.1114,0.1112,0.1109,0.1109,0.1107,0.1104,0.1103,0.1101,0.11
3;2,0.0913,0.0911,0.0907,0.0908,0.0908,0.0907,0.0906,0.0905,0.0906,0.0904,0.0904,0.0903,0.0904,0.0904,0.0904,0.0905,0.0904,0.0905,0.0905,0.0909,0.0908,0.091,0.0912,0.0911,0.0912,0.0914,0.092,0.0923,0.0921,0.0926,0.0928,0.0928,0.0933,0.0938,0.0937,0.094,0.0945,0.0958,0.0963,0.0974,0.0971,0.0972,0.0982,0.0978,0.0992,0.0992,0.1011,0.1016,0.1032,0.1033,0.1039,0.1045,0.1043,0.1046,0.1067,0.1063,0.1065,0.1068,0.1092,0.1083,0.109,0.108,0.1094,0.1107,0.1108,0.1105,0.1117,0.1133,0.1135,0.1129,0.1143,0.1146,0.1144,0.1161,0.1174,0.1183,0.1186,0.12,0.1205,0.1213,0.1217,0.1228,0.121,0.1221,0.1234,0.1266,0.1271,0.1284,0.1289,0.1299,0.1319,0.1317,0.1332,0.1344,0.1339,0.1352
,,,,,,,,,,,,,,,,,,,,,,,,,,,,,,,,,,,,,,,,,,,,,,,,,,,,,,,,,,,,,,,,,,,,,,,,,,,,,,,,,,,,,,,,,,,,,,,,
Cycles / Well,,,,,,,,,,,,,,,,,,,,,,,,,,,,,,,,,,,,,,,,,,,,,,,,,,,,,,,,,,,,,,,,,,,,,,,,,,,,,,,,,,,,,,,,,,,,,,,,
A3,1,2,3,4,5,6,7,8,9,10,11,12,13,14,15,16,17,18,19,20,21,22,23,24,25,26,27,28,29,30,31,32,33,34,35,36,37,38,39,40,41,42,43,44,45,46,47,48,49,50,51,52,53,54,55,56,57,58,59,60,61,62,63,64,65,66,67,68,69,70,71,72,73,74,75,76,77,78,79,80,81,82,83,84,85,86,87,88,89,90,91,92,93,94,95,96
Time [s],0,1799.797,3599.741,5399.659,7199.573,8999.513,10799.44,12599.356,14399.272,16199.193,17999.112,19799.048,21598.963,23398.904,25198.829,26998.75,28798.659,30598.586,32398.522,34198.445,35998.366,37798.269,39598.205,41398.126,43198.043,44997.982,46797.898,48597.803,50397.735,52197.643,53997.591,55797.492,57597.42,59397.352,61197.265,62997.193,64797.11,66597.04,68396.981,70196.888,71996.807,73796.739,75596.665,77396.594,79196.521,80996.461,82796.378,84596.302,86396.226,88196.142,89996.07,91796.012,93595.919,95395.853,97195.785,98995.689,100795.633,102595.552,104395.481,106195.482,107995.331,109795.267,111595.183,113395.107,115195.043,116994.958,118794.88,120594.819,122394.73,124194.661,125994.586,127794.51,129594.425,131394.355,133194.302,134994.214,136794.146,138594.064,140393.993,142193.907,143993.836,145793.766,147593.683,149393.62,151193.535,152993.466,154793.383,156593.307,158393.229,160193.151,161993.083,163792.996,165592.93,167392.852,169192.773,170992.712
Temp. [°C],22.2,30,30,30,30,30.1,30,30,30,30,30,29.9,30,30,29.8,30,30,29.9,29.9,30,30,30.1,30,30,30,30,30,30,30,30,30,30,30,30,30,30,30,30,30,30,30.1,30,30,30,30,30,30,30,30,30,30,30,30,30,30,30,30,29.9,30,30,30,30,30,30.1,30,30.1,30,30.1,30,30,30,30,30,30,30,30,30,30,30,30,30,30,30,30,30,30,30,29.9,30,30,30,30,30,30,30,30
Mean,0.09528,0.09516,0.09502,0.09512,0.09514,0.09522,0.09524,0.09518,0.09532,0.09528,0.09544,0.0955,0.09542,0.0954,0.09554,0.09548,0.09564,0.09558,0.09568,0.09606,0.09584,0.09598,0.09608,0.09596,0.09604,0.09622,0.0964,0.09648,0.0964,0.09662,0.09666,0.09662,0.09694,0.09678,0.09704,0.09706,0.09714,0.09748,0.09764,0.09802,0.0978,0.098,0.0982,0.0982,0.09816,0.09804,0.0988,0.09904,0.0993,0.10032,0.09932,0.0995,0.09928,0.09916,0.09994,0.0998,0.09968,0.09996,0.10034,0.09994,0.10006,0.09992,0.10006,0.10034,0.10058,0.10026,0.10044,0.10064,0.10064,0.1004,0.10076,0.1009,0.10104,0.1011,0.10118,0.10172,0.10164,0.10182,0.1022,0.10222,0.10208,0.10214,0.10198,0.1021,0.10246,0.1028,0.1033,0.10368,0.10324,0.10346,0.10378,0.10396,0.10398,0.10446,0.1042,0.10448
StDev,0.002920103,0.00282542,0.002742626,0.002762607,0.002851842,0.002799464,0.002681045,0.00270037,0.002532193,0.002540079,0.002400625,0.002382226,0.002460081,0.002401041,0.002317973,0.002461097,0.002443972,0.002465157,0.002489377,0.002734593,0.002654807,0.002792311,0.002882187,0.002857096,0.002927115,0.003173641,0.003379349,0.003434676,0.003363778,0.003677907,0.003659645,0.003882911,0.004242994,0.004142101,0.004475265,0.00448029,0.004620931,0.005116835,0.005453714,0.006183203,0.005812487,0.006021628,0.006501923,0.006442049,0.00656224,0.006281162,0.007578588,0.008032621,0.008516748,0.01102166,0.008766527,0.009074139,0.008772514,0.00847514,0.009885242,0.00954175,0.009317832,0.009806274,0.010801528,0.009930911,0.010126599,0.009994599,0.010201618,0.010802685,0.011426154,0.010677453,0.010956414,0.011434728,0.011387405,0.010823354,0.011658816,0.011997291,0.012191924,0.012322135,0.012568095,0.013453884,0.013508257,0.01373197,0.014672253,0.01461684,0.014748119,0.01449148,0.01431073,0.014632669,0.015082871,0.015937691,0.016927049,0.017543859,0.016803958,0.01717798,0.017933544,0.018220538,0.018374221,0.019425962,0.018800532,0.01913941
1;2,0.0972,0.0976,0.0978,0.0981,0.0982,0.0983,0.0983,0.0985,0.0984,0.0984,0.0985,0.0985,0.0985,0.0984,0.0984,0.0985,0.0985,0.0984,0.0985,0.0986,0.0985,0.0986,0.0986,0.0985,0.0985,0.0985,0.0986,0.0986,0.0986,0.0987,0.0987,0.0985,0.0986,0.0985,0.0986,0.0986,0.0986,0.0987,0.0986,0.0987,0.0987,0.0987,0.0987,0.0987,0.0986,0.0986,0.0988,0.0988,0.0989,0.0988,0.0987,0.0988,0.0986,0.0986,0.0988,0.0988,0.0988,0.0988,0.0988,0.0987,0.0988,0.0987,0.0988,0.0988,0.0987,0.0987,0.0988,0.0986,0.0988,0.0988,0.0988,0.0987,0.0987,0.0987,0.0988,0.0988,0.0987,0.0987,0.0987,0.0988,0.0986,0.0987,0.0988,0.0987,0.0988,0.0987,0.0987,0.0988,0.0988,0.0989,0.0988,0.0988,0.0988,0.0988,0.0988,0.0988
2;1,0.0985,0.0976,0.0968,0.0966,0.0963,0.0961,0.0957,0.0953,0.095,0.0948,0.0946,0.0946,0.0943,0.094,0.0939,0.0938,0.0936,0.0935,0.0935,0.0934,0.0933,0.0931,0.0931,0.0929,0.0929,0.0929,0.0928,0.0928,0.0928,0.0927,0.0928,0.0925,0.0926,0.0925,0.0925,0.0925,0.0925,0.0926,0.0925,0.0924,0.0924,0.0925,0.0924,0.0924,0.0923,0.0924,0.0925,0.0925,0.0925,0.0924,0.0925,0.0924,0.0924,0.0924,0.0925,0.0925,0.0925,0.0926,0.0925,0.0925,0.0926,0.0925,0.0925,0.0924,0.0924,0.0924,0.0925,0.0925,0.0925,0.0925,0.0925,0.0925,0.0926,0.0926,0.0925,0.0927,0.0926,0.0927,0.0926,0.0926,0.0924,0.0926,0.0925,0.0925,0.0926,0.0927,0.0928,0.0928,0.0927,0.0927,0.0927,0.0927,0.0928,0.0928,0.0928,0.0929
2;2,0.0962,0.0963,0.0963,0.0965,0.0969,0.0971,0.0972,0.0971,0.0974,0.0974,0.0974,0.0974,0.0975,0.0974,0.0974,0.0976,0.0975,0.0975,0.0976,0.0976,0.0977,0.0977,0.0976,0.0976,0.0977,0.0977,0.0978,0.0978,0.0979,0.0978,0.0979,0.0978,0.0979,0.0978,0.0979,0.098,0.098,0.0981,0.0981,0.0982,0.0982,0.0982,0.0983,0.0983,0.0982,0.0983,0.0984,0.0985,0.0984,0.0983,0.0984,0.0986,0.0983,0.0984,0.0986,0.0987,0.0985,0.0986,0.0986,0.0986,0.0985,0.0985,0.0986,0.0986,0.0986,0.0986,0.0986,0.0987,0.0986,0.0987,0.0987,0.0986,0.0987,0.0987,0.0987,0.0988,0.0988,0.0989,0.0988,0.0989,0.0987,0.0989,0.0987,0.0988,0.0989,0.0989,0.099,0.0991,0.099,0.099,0.099,0.0991,0.099,0.0989,0.099,0.0992
2;3,0.0929,0.0927,0.0926,0.0927,0.0928,0.0928,0.0929,0.0927,0.0928,0.0928,0.0929,0.0927,0.0927,0.0927,0.0929,0.0928,0.0928,0.0927,0.0928,0.0928,0.0927,0.0928,0.0928,0.0928,0.0928,0.0927,0.0928,0.0929,0.0928,0.0929,0.0929,0.0928,0.0929,0.0928,0.0929,0.0929,0.0929,0.0929,0.093,0.093,0.0929,0.0931,0.093,0.0931,0.093,0.0929,0.093,0.093,0.0931,0.0928,0.0929,0.0929,0.093,0.093,0.093,0.093,0.0931,0.0931,0.0929,0.093,0.093,0.0929,0.0929,0.093,0.0929,0.093,0.093,0.093,0.093,0.093,0.0929,0.093,0.093,0.093,0.0929,0.0931,0.0929,0.093,0.093,0.093,0.0928,0.093,0.0929,0.0928,0.0931,0.0929,0.0929,0.0931,0.0929,0.093,0.093,0.0931,0.0929,0.093,0.093,0.0932
3;2,0.0916,0.0916,0.0916,0.0917,0.0915,0.0918,0.0921,0.0923,0.093,0.093,0.0938,0.0943,0.0941,0.0945,0.0951,0.0947,0.0958,0.0958,0.096,0.0979,0.097,0.0977,0.0983,0.098,0.0983,0.0993,0.1,0.1003,0.0999,0.101,0.101,0.1015,0.1027,0.1023,0.1033,0.1033,0.1037,0.1051,0.106,0.1078,0.1068,0.1075,0.1086,0.1085,0.1087,0.108,0.1113,0.1124,0.1136,0.1193,0.1141,0.1148,0.1141,0.1134,0.1168,0.116,0.1155,0.1167,0.1189,0.1169,0.1174,0.117,0.1175,0.1189,0.1203,0.1186,0.1193,0.1204,0.1203,0.119,0.1209,0.1217,0.1222,0.1225,0.123,0.1252,0.1252,0.1258,0.1279,0.1278,0.1279,0.1275,0.127,0.1277,0.1289,0.1308,0.1331,0.1346,0.1328,0.1337,0.1354,0.1361,0.1364,0.1388,0.1374,0.1383
,,,,,,,,,,,,,,,,,,,,,,,,,,,,,,,,,,,,,,,,,,,,,,,,,,,,,,,,,,,,,,,,,,,,,,,,,,,,,,,,,,,,,,,,,,,,,,,,
Cycles / Well,,,,,,,,,,,,,,,,,,,,,,,,,,,,,,,,,,,,,,,,,,,,,,,,,,,,,,,,,,,,,,,,,,,,,,,,,,,,,,,,,,,,,,,,,,,,,,,,
A4,1,2,3,4,5,6,7,8,9,10,11,12,13,14,15,16,17,18,19,20,21,22,23,24,25,26,27,28,29,30,31,32,33,34,35,36,37,38,39,40,41,42,43,44,45,46,47,48,49,50,51,52,53,54,55,56,57,58,59,60,61,62,63,64,65,66,67,68,69,70,71,72,73,74,75,76,77,78,79,80,81,82,83,84,85,86,87,88,89,90,91,92,93,94,95,96
Time [s],0,1799.797,3599.741,5399.659,7199.573,8999.513,10799.44,12599.356,14399.272,16199.193,17999.112,19799.048,21598.963,23398.904,25198.829,26998.75,28798.659,30598.586,32398.522,34198.445,35998.366,37798.269,39598.205,41398.126,43198.043,44997.982,46797.898,48597.803,50397.735,52197.643,53997.591,55797.492,57597.42,59397.352,61197.265,62997.193,64797.11,66597.04,68396.981,70196.888,71996.807,73796.739,75596.665,77396.594,79196.521,80996.461,82796.378,84596.302,86396.226,88196.142,89996.07,91796.012,93595.919,95395.853,97195.785,98995.689,100795.633,102595.552,104395.481,106195.482,107995.331,109795.267,111595.183,113395.107,115195.043,116994.958,118794.88,120594.819,122394.73,124194.661,125994.586,127794.51,129594.425,131394.355,133194.302,134994.214,136794.146,138594.064,140393.993,142193.907,143993.836,145793.766,147593.683,149393.62,151193.535,152993.466,154793.383,156593.307,158393.229,160193.151,161993.083,163792.996,165592.93,167392.852,169192.773,170992.712
Temp. [°C],22.2,30,30,30,30,30.1,30,30,30,30,30,29.9,30,30,29.8,30,30,29.9,29.9,30,30,30.1,30,30,30,30,30,30,30,30,30,30,30,30,30,30,30,30,30,30,30.1,30,30,30,30,30,30,30,30,30,30,30,30,30,30,30,30,29.9,30,30,30,30,30,30.1,30,30.1,30,30.1,30,30,30,30,30,30,30,30,30,30,30,30,30,30,30,30,30,30,30,29.9,30,30,30,30,30,30,30,30
Mean,0.09496,0.09484,0.0947,0.09478,0.0949,0.0949,0.09496,0.09488,0.09498,0.09504,0.09506,0.095,0.09506,0.09506,0.09502,0.09516,0.09506,0.0951,0.09516,0.09528,0.09524,0.09536,0.09544,0.09548,0.09558,0.09582,0.09612,0.09616,0.0962,0.0965,0.09658,0.0967,0.0971,0.09732,0.09742,0.09758,0.0977,0.0982,0.09866,0.099,0.09896,0.09908,0.0996,0.0996,0.0997,0.09984,0.10018,0.10056,0.10114,0.10238,0.10114,0.1015,0.10128,0.1014,0.10224,0.10216,0.10204,0.1021,0.10284,0.10242,0.10266,0.1026,0.10272,0.10304,0.10326,0.10312,0.10332,0.1034,0.10374,0.10328,0.10382,0.10402,0.10416,0.10424,0.10466,0.10498,0.1051,0.10512,0.10546,0.10576,0.1056,0.1059,0.10564,0.1058,0.1062,0.10682,0.10728,0.10736,0.1071,0.10762,0.10776,0.10826,0.10826,0.1085,0.10856,0.10894
StDev,0.002923696,0.002927969,0.002964793,0.002992825,0.002969848,0.003061046,0.003095642,0.003104352,0.003065453,0.003094834,0.003068061,0.003128098,0.003110145,0.003162752,0.003105157,0.003089175,0.003128578,0.003037269,0.003078636,0.002977751,0.003017946,0.00288756,0.002805887,0.002762607,0.002723417,0.002605187,0.002529229,0.002555973,0.002562226,0.002704626,0.002815493,0.00303315,0.003363778,0.003855775,0.003881623,0.004184137,0.004337626,0.005236888,0.006045908,0.006516134,0.006616872,0.006801617,0.007764664,0.00771978,0.00815935,0.008334147,0.008966995,0.009675381,0.010928083,0.013674136,0.011144191,0.011878973,0.011485513,0.011757976,0.01326567,0.012932247,0.012600119,0.012960324,0.014744592,0.013661698,0.014247912,0.014106736,0.014379395,0.01524559,0.015500742,0.015353078,0.015632722,0.015698567,0.016619356,0.01560391,0.016795595,0.017245492,0.01759156,0.0175028,0.018543004,0.019134445,0.019517044,0.019496205,0.020204777,0.021085848,0.02096509,0.021343852,0.021047043,0.021168373,0.02189315,0.023212647,0.024129484,0.024360583,0.023782452,0.02499674,0.02536608,0.026479011,0.026473723,0.027003796,0.027088983,0.027595525
1;2,0.0986,0.0984,0.0984,0.0985,0.0985,0.0986,0.0986,0.0985,0.0985,0.0985,0.0985,0.0986,0.0986,0.0986,0.0986,0.0985,0.0985,0.0985,0.0986,0.0986,0.0985,0.0987,0.0986,0.0985,0.0985,0.0986,0.0986,0.0986,0.0986,0.0986,0.0986,0.0985,0.0986,0.0985,0.0985,0.0986,0.0986,0.0986,0.0987,0.0987,0.0987,0.0987,0.0987,0.0988,0.0987,0.0987,0.0988,0.0988,0.0988,0.0987,0.0987,0.0988,0.0986,0.0987,0.0989,0.0989,0.0988,0.0988,0.0987,0.0988,0.0988,0.0988,0.0988,0.0986,0.0987,0.0986,0.0987,0.0988,0.0987,0.0987,0.0987,0.0988,0.0986,0.0988,0.0988,0.0987,0.0988,0.0987,0.0988,0.0987,0.0987,0.0988,0.0987,0.0986,0.0987,0.0987,0.0988,0.0988,0.0988,0.0988,0.0988,0.0988,0.0988,0.0987,0.0988,0.0989
2;1,0.0936,0.0936,0.0935,0.0936,0.0937,0.0936,0.0937,0.0936,0.0938,0.0936,0.0937,0.0937,0.0937,0.0937,0.0938,0.0937,0.0935,0.0936,0.0937,0.0937,0.0937,0.0937,0.0938,0.0937,0.0937,0.0937,0.0938,0.0937,0.0937,0.0937,0.0937,0.0936,0.0938,0.0937,0.0938,0.0937,0.0938,0.0937,0.0937,0.094,0.0938,0.0938,0.0939,0.0939,0.0938,0.0939,0.0939,0.094,0.094,0.094,0.0938,0.0939,0.0938,0.0938,0.0939,0.094,0.0941,0.094,0.0939,0.094,0.0939,0.094,0.0938,0.0939,0.094,0.0939,0.0939,0.094,0.094,0.0939,0.0939,0.094,0.094,0.094,0.0941,0.0941,0.094,0.094,0.0941,0.0941,0.0939,0.0941,0.0939,0.094,0.0941,0.0942,0.0942,0.0943,0.0943,0.0942,0.0941,0.0942,0.0942,0.0943,0.0943,0.0943
2;2,0.0974,0.0974,0.0972,0.0973,0.0975,0.0976,0.0978,0.0978,0.0979,0.0981,0.0981,0.098,0.0981,0.0982,0.098,0.0984,0.0983,0.0982,0.0983,0.0984,0.0985,0.0983,0.0984,0.0985,0.0986,0.0986,0.0987,0.0987,0.0987,0.0987,0.0987,0.0988,0.0989,0.0988,0.0989,0.0989,0.0989,0.099,0.099,0.0991,0.0991,0.0991,0.0991,0.0991,0.0991,0.0991,0.0992,0.0993,0.0993,0.0992,0.0992,0.0992,0.0991,0.0991,0.0992,0.0994,0.0994,0.0993,0.0992,0.0993,0.0993,0.0992,0.0993,0.0993,0.0993,0.0992,0.0993,0.0993,0.0993,0.0993,0.0993,0.0993,0.0992,0.0994,0.0993,0.0994,0.0993,0.0993,0.0994,0.0992,0.0992,0.0992,0.0991,0.0992,0.0993,0.0993,0.0994,0.0993,0.0993,0.0993,0.0993,0.0993,0.0992,0.0992,0.0993,0.0994
2;3,0.0936,0.0933,0.093,0.0931,0.0933,0.0933,0.0933,0.0931,0.0932,0.0935,0.0934,0.0932,0.0933,0.0933,0.0931,0.0934,0.0933,0.0933,0.0933,0.0933,0.0932,0.0933,0.0933,0.0932,0.0932,0.0933,0.0934,0.0934,0.0934,0.0934,0.0933,0.0932,0.0933,0.0932,0.0933,0.0933,0.0933,0.0934,0.0935,0.0935,0.0934,0.0935,0.0936,0.0936,0.0934,0.0935,0.0935,0.0935,0.0935,0.0936,0.0935,0.0934,0.0936,0.0935,0.0937,0.0937,0.0938,0.0936,0.0936,0.0936,0.0936,0.0936,0.0937,0.0935,0.0937,0.0937,0.0938,0.0938,0.0936,0.0937,0.0937,0.0935,0.0937,0.0938,0.0936,0.0938,0.0937,0.0939,0.0937,0.0936,0.0934,0.0936,0.0935,0.0938,0.0938,0.0938,0.0938,0.0937,0.0937,0.0937,0.0937,0.0936,0.0937,0.0937,0.0936,0.094
3;2,0.0916,0.0915,0.0914,0.0914,0.0915,0.0914,0.0914,0.0914,0.0915,0.0915,0.0916,0.0915,0.0916,0.0915,0.0916,0.0918,0.0917,0.0919,0.0919,0.0924,0.0923,0.0928,0.0931,0.0935,0.0939,0.0949,0.0961,0.0964,0.0966,0.0981,0.0986,0.0994,0.1009,0.1024,0.1026,0.1034,0.1039,0.1063,0.1084,0.1097,0.1098,0.1103,0.1127,0.1126,0.1135,0.114,0.1155,0.1172,0.1201,0.1264,0.1205,0.1222,0.1213,0.1219,0.1255,0.1248,0.1241,0.1248,0.1288,0.1264,0.1277,0.1274,0.128,0.1299,0.1306,0.1302,0.1309,0.1311,0.1331,0.1308,0.1335,0.1345,0.1353,0.1352,0.1375,0.1389,0.1397,0.1397,0.1413,0.1432,0.1428,0.1438,0.143,0.1434,0.1451,0.1481,0.1502,0.1507,0.1494,0.1521,0.1529,0.1554,0.1554,0.1566,0.1568,0.1581
,,,,,,,,,,,,,,,,,,,,,,,,,,,,,,,,,,,,,,,,,,,,,,,,,,,,,,,,,,,,,,,,,,,,,,,,,,,,,,,,,,,,,,,,,,,,,,,,
Cycles / Well,,,,,,,,,,,,,,,,,,,,,,,,,,,,,,,,,,,,,,,,,,,,,,,,,,,,,,,,,,,,,,,,,,,,,,,,,,,,,,,,,,,,,,,,,,,,,,,,
A5,1,2,3,4,5,6,7,8,9,10,11,12,13,14,15,16,17,18,19,20,21,22,23,24,25,26,27,28,29,30,31,32,33,34,35,36,37,38,39,40,41,42,43,44,45,46,47,48,49,50,51,52,53,54,55,56,57,58,59,60,61,62,63,64,65,66,67,68,69,70,71,72,73,74,75,76,77,78,79,80,81,82,83,84,85,86,87,88,89,90,91,92,93,94,95,96
Time [s],0,1799.797,3599.741,5399.659,7199.573,8999.513,10799.44,12599.356,14399.272,16199.193,17999.112,19799.048,21598.963,23398.904,25198.829,26998.75,28798.659,30598.586,32398.522,34198.445,35998.366,37798.269,39598.205,41398.126,43198.043,44997.982,46797.898,48597.803,50397.735,52197.643,53997.591,55797.492,57597.42,59397.352,61197.265,62997.193,64797.11,66597.04,68396.981,70196.888,71996.807,73796.739,75596.665,77396.594,79196.521,80996.461,82796.378,84596.302,86396.226,88196.142,89996.07,91796.012,93595.919,95395.853,97195.785,98995.689,100795.633,102595.552,104395.481,106195.482,107995.331,109795.267,111595.183,113395.107,115195.043,116994.958,118794.88,120594.819,122394.73,124194.661,125994.586,127794.51,129594.425,131394.355,133194.302,134994.214,136794.146,138594.064,140393.993,142193.907,143993.836,145793.766,147593.683,149393.62,151193.535,152993.466,154793.383,156593.307,158393.229,160193.151,161993.083,163792.996,165592.93,167392.852,169192.773,170992.712
Temp. [°C],22.2,30,30,30,30,30.1,30,30,30,30,30,29.9,30,30,29.8,30,30,29.9,29.9,30,30,30.1,30,30,30,30,30,30,30,30,30,30,30,30,30,30,30,30,30,30,30.1,30,30,30,30,30,30,30,30,30,30,30,30,30,30,30,30,29.9,30,30,30,30,30,30.1,30,30.1,30,30.1,30,30,30,30,30,30,30,30,30,30,30,30,30,30,30,30,30,30,30,29.9,30,30,30,30,30,30,30,30
Mean,0.09952,0.10038,0.09996,0.09998,0.10002,0.09992,0.10048,0.10048,0.10058,0.10058,0.10072,0.10092,0.10056,0.10054,0.10086,0.10062,0.10058,0.10072,0.10066,0.10132,0.10088,0.10124,0.10122,0.10114,0.1012,0.10132,0.1015,0.1013,0.10104,0.10164,0.10156,0.10106,0.10162,0.10168,0.10152,0.10166,0.10182,0.10198,0.10236,0.10256,0.10254,0.10216,0.10242,0.10258,0.10238,0.10242,0.103,0.1035,0.10368,0.1061,0.10326,0.10366,0.1033,0.1032,0.10396,0.10396,0.10342,0.10372,0.104,0.10354,0.1039,0.10316,0.1036,0.10394,0.10372,0.10342,0.10348,0.10408,0.10394,0.10348,0.10402,0.10386,0.10366,0.10386,0.10458,0.10476,0.10442,0.10458,0.10466,0.105,0.10496,0.1052,0.10478,0.10482,0.1052,0.10534,0.10612,0.10622,0.1059,0.10602,0.10604,0.1066,0.10634,0.10652,0.1064,0.10706
StDev,0.008355657,0.010065883,0.009394041,0.009175892,0.00936707,0.008951927,0.010094652,0.010201078,0.010234842,0.010487945,0.010729259,0.011164766,0.010229027,0.010065436,0.011032588,0.010465515,0.01053385,0.010945867,0.010720215,0.011922961,0.011135394,0.011698846,0.011764863,0.011868993,0.011841664,0.012104214,0.012325786,0.011999792,0.011373566,0.012790739,0.012397701,0.011743637,0.01258797,0.012937426,0.01242928,0.012724307,0.012914798,0.013325052,0.014216645,0.014435997,0.014502517,0.013837738,0.014238048,0.01453021,0.014199894,0.01430776,0.015681677,0.016554305,0.01684865,0.021442831,0.016143822,0.017025363,0.016401677,0.01606269,0.017577059,0.017348285,0.016106738,0.016937149,0.017605965,0.016599488,0.017393246,0.015923662,0.016995735,0.017753253,0.017157418,0.016606083,0.016628199,0.017893071,0.017745506,0.016517778,0.017819568,0.017525638,0.016965936,0.017458751,0.019050643,0.019455411,0.018814144,0.019057728,0.019175323,0.020038713,0.02017828,0.02031908,0.019655584,0.019802828,0.020364184,0.020680861,0.022182583,0.02235189,0.021870414,0.022136441,0.022408771,0.023534337,0.022729452,0.023462033,0.023084627,0.024053648
1;2,0.0959,0.0986,0.0985,0.0986,0.0986,0.0988,0.0988,0.0987,0.0987,0.0987,0.0987,0.0988,0.0988,0.0987,0.0987,0.0987,0.0986,0.0986,0.0987,0.0988,0.0987,0.0988,0.0987,0.0987,0.0987,0.0987,0.0988,0.0987,0.0987,0.0986,0.0987,0.0986,0.0987,0.0986,0.0987,0.0987,0.0988,0.0988,0.0988,0.0989,0.0988,0.0988,0.0989,0.0988,0.0988,0.0989,0.0988,0.0989,0.099,0.0989,0.0988,0.0988,0.0987,0.0987,0.0989,0.0989,0.0989,0.0989,0.0989,0.0989,0.0989,0.0988,0.0987,0.0988,0.0988,0.0988,0.0988,0.0988,0.0987,0.0989,0.0988,0.0988,0.0988,0.0987,0.0987,0.0988,0.0987,0.0987,0.0988,0.0987,0.0987,0.0988,0.0986,0.0986,0.0987,0.0988,0.0988,0.0989,0.0988,0.0988,0.0988,0.0988,0.0988,0.0987,0.0987,0.099
2;1,0.0932,0.0927,0.0927,0.0928,0.0928,0.0929,0.0929,0.0929,0.0931,0.0929,0.093,0.0929,0.093,0.0931,0.093,0.093,0.093,0.0929,0.0929,0.0931,0.093,0.0932,0.0931,0.0929,0.093,0.0929,0.0931,0.093,0.0931,0.093,0.0931,0.0929,0.0931,0.093,0.0931,0.0931,0.0932,0.0931,0.0931,0.0932,0.0931,0.0931,0.0932,0.0932,0.0933,0.0931,0.0931,0.0932,0.0933,0.0949,0.0932,0.0932,0.0931,0.0932,0.0932,0.0934,0.0934,0.0933,0.0933,0.0933,0.0933,0.0932,0.0931,0.0932,0.0933,0.0932,0.0933,0.0933,0.0933,0.0934,0.0933,0.0932,0.0933,0.0933,0.0932,0.0933,0.0933,0.0933,0.0933,0.0933,0.0932,0.0933,0.0932,0.0932,0.0935,0.0934,0.0936,0.0936,0.0935,0.0934,0.0933,0.0934,0.0936,0.0935,0.0935,0.0938
2;2,0.0984,0.0984,0.0985,0.0987,0.0986,0.0987,0.0987,0.0987,0.0987,0.0988,0.0988,0.0987,0.0989,0.099,0.0988,0.0989,0.0988,0.0987,0.0988,0.0988,0.0988,0.0989,0.0989,0.0987,0.0989,0.0989,0.0989,0.0989,0.0989,0.0989,0.099,0.0987,0.099,0.0989,0.099,0.0989,0.099,0.099,0.099,0.0991,0.0991,0.099,0.099,0.0991,0.099,0.0991,0.099,0.099,0.0991,0.0991,0.0991,0.0991,0.0991,0.0991,0.0991,0.0992,0.0993,0.0992,0.0991,0.0992,0.0992,0.0991,0.099,0.099,0.0991,0.099,0.0991,0.0991,0.099,0.0991,0.0991,0.0991,0.0991,0.0991,0.0991,0.0991,0.0991,0.0992,0.0991,0.0991,0.099,0.0992,0.099,0.099,0.0991,0.0991,0.0992,0.0992,0.0992,0.0992,0.0991,0.0991,0.0992,0.099,0.0991,0.0993
2;3,0.096,0.0944,0.094,0.0941,0.094,0.094,0.0941,0.094,0.0941,0.0938,0.0938,0.0939,0.0939,0.094,0.0938,0.0938,0.0937,0.0937,0.0937,0.0938,0.0937,0.0937,0.0937,0.0936,0.0936,0.0937,0.0937,0.0937,0.0937,0.0937,0.0938,0.0936,0.0937,0.0936,0.0936,0.0937,0.0937,0.0937,0.0936,0.0937,0.0937,0.0935,0.0936,0.0937,0.0935,0.0935,0.0935,0.0937,0.0936,0.0934,0.0935,0.0935,0.0934,0.0935,0.0936,0.0937,0.0937,0.0936,0.0936,0.0935,0.0935,0.0935,0.0936,0.0934,0.0934,0.0934,0.0934,0.0935,0.0934,0.0934,0.0934,0.0934,0.0935,0.0935,0.0936,0.0934,0.0933,0.0934,0.0935,0.0934,0.0932,0.0935,0.0935,0.0934,0.0934,0.0934,0.0935,0.0935,0.0933,0.0934,0.0932,0.0933,0.0934,0.0932,0.0933,0.0934
3;2,0.1141,0.1178,0.1161,0.1157,0.1161,0.1152,0.1179,0.1181,0.1183,0.1187,0.1193,0.1203,0.1182,0.1179,0.12,0.1187,0.1188,0.1197,0.1192,0.1221,0.1202,0.1216,0.1217,0.1218,0.1218,0.1224,0.123,0.1222,0.1208,0.124,0.1232,0.1215,0.1236,0.1243,0.1232,0.1239,0.1244,0.1253,0.1273,0.1279,0.128,0.1264,0.1274,0.1281,0.1273,0.1275,0.1306,0.1327,0.1334,0.1442,0.1317,0.1337,0.1322,0.1315,0.135,0.1346,0.1318,0.1336,0.1351,0.1328,0.1346,0.1312,0.1336,0.1353,0.134,0.1327,0.1328,0.1357,0.1353,0.1326,0.1355,0.1348,0.1336,0.1347,0.1383,0.1392,0.1377,0.1383,0.1386,0.1405,0.1407,0.1412,0.1396,0.1399,0.1413,0.142,0.1455,0.1459,0.1447,0.1453,0.1458,0.1484,0.1467,0.1482,0.1474,0.1498
,,,,,,,,,,,,,,,,,,,,,,,,,,,,,,,,,,,,,,,,,,,,,,,,,,,,,,,,,,,,,,,,,,,,,,,,,,,,,,,,,,,,,,,,,,,,,,,,
Cycles / Well,,,,,,,,,,,,,,,,,,,,,,,,,,,,,,,,,,,,,,,,,,,,,,,,,,,,,,,,,,,,,,,,,,,,,,,,,,,,,,,,,,,,,,,,,,,,,,,,
A6,1,2,3,4,5,6,7,8,9,10,11,12,13,14,15,16,17,18,19,20,21,22,23,24,25,26,27,28,29,30,31,32,33,34,35,36,37,38,39,40,41,42,43,44,45,46,47,48,49,50,51,52,53,54,55,56,57,58,59,60,61,62,63,64,65,66,67,68,69,70,71,72,73,74,75,76,77,78,79,80,81,82,83,84,85,86,87,88,89,90,91,92,93,94,95,96
Time [s],0,1799.797,3599.741,5399.659,7199.573,8999.513,10799.44,12599.356,14399.272,16199.193,17999.112,19799.048,21598.963,23398.904,25198.829,26998.75,28798.659,30598.586,32398.522,34198.445,35998.366,37798.269,39598.205,41398.126,43198.043,44997.982,46797.898,48597.803,50397.735,52197.643,53997.591,55797.492,57597.42,59397.352,61197.265,62997.193,64797.11,66597.04,68396.981,70196.888,71996.807,73796.739,75596.665,77396.594,79196.521,80996.461,82796.378,84596.302,86396.226,88196.142,89996.07,91796.012,93595.919,95395.853,97195.785,98995.689,100795.633,102595.552,104395.481,106195.482,107995.331,109795.267,111595.183,113395.107,115195.043,116994.958,118794.88,120594.819,122394.73,124194.661,125994.586,127794.51,129594.425,131394.355,133194.302,134994.214,136794.146,138594.064,140393.993,142193.907,143993.836,145793.766,147593.683,149393.62,151193.535,152993.466,154793.383,156593.307,158393.229,160193.151,161993.083,163792.996,165592.93,167392.852,169192.773,170992.712
Temp. [°C],22.2,30,30,30,30,30.1,30,30,30,30,30,29.9,30,30,29.8,30,30,29.9,29.9,30,30,30.1,30,30,30,30,30,30,30,30,30,30,30,30,30,30,30,30,30,30,30.1,30,30,30,30,30,30,30,30,30,30,30,30,30,30,30,30,29.9,30,30,30,30,30,30.1,30,30.1,30,30.1,30,30,30,30,30,30,30,30,30,30,30,30,30,30,30,30,30,30,30,29.9,30,30,30,30,30,30,30,30
Mean,0.0949,0.09482,0.09468,0.0949,0.09482,0.09492,0.09494,0.09496,0.09512,0.09496,0.09504,0.09506,0.0952,0.09514,0.09524,0.09514,0.09526,0.09542,0.09548,0.09592,0.09584,0.09618,0.09634,0.09646,0.09672,0.097,0.0973,0.0973,0.09742,0.09792,0.09796,0.09784,0.09824,0.0983,0.09852,0.0988,0.09896,0.09938,0.09958,0.09974,0.09974,0.09978,0.09996,0.10026,0.10016,0.10044,0.10094,0.10134,0.10146,0.1034,0.1014,0.1017,0.10166,0.10166,0.1023,0.1024,0.1022,0.10244,0.10292,0.10258,0.10286,0.10214,0.10242,0.103,0.10292,0.10276,0.10278,0.10294,0.10318,0.10312,0.1033,0.10348,0.10348,0.10368,0.10358,0.10434,0.1042,0.10452,0.10454,0.10484,0.10484,0.10518,0.10462,0.10512,0.10498,0.1055,0.1062,0.10636,0.1062,0.10632,0.10652,0.1066,0.10682,0.10716,0.10694,0.10738
StDev,0.00313608,0.003175217,0.00321123,0.003248846,0.003225988,0.00331391,0.003256225,0.003295907,0.003289681,0.003273072,0.003240833,0.003340359,0.003430015,0.00328527,0.003283748,0.003173799,0.003053359,0.002960912,0.002991154,0.002831431,0.002800536,0.002857796,0.002917705,0.003087556,0.003294996,0.003596526,0.004032989,0.004008117,0.004332667,0.00507809,0.005055987,0.005055987,0.005560845,0.006054337,0.006229526,0.006686928,0.007011633,0.007923825,0.008337086,0.008571931,0.008511933,0.008661813,0.009020421,0.009522762,0.009420881,0.009919829,0.010952306,0.011787833,0.012012202,0.015931572,0.012145575,0.012678131,0.012758252,0.012650415,0.013936642,0.013884884,0.01355452,0.013969001,0.01529696,0.01450231,0.014896912,0.013590732,0.014155105,0.015482732,0.015348681,0.015000267,0.015040346,0.015333721,0.015868428,0.015578415,0.016187186,0.016481869,0.01640631,0.016785917,0.016693921,0.018258231,0.018061285,0.018655884,0.018870692,0.019416179,0.019535045,0.020006549,0.019099136,0.020094203,0.019609487,0.020649818,0.02225455,0.022391695,0.022030433,0.022417783,0.022969589,0.02308506,0.023639945,0.024217101,0.023841414,0.024480237
1;2,0.0981,0.098,0.0977,0.0978,0.0978,0.0979,0.0979,0.0978,0.0979,0.0979,0.0979,0.0978,0.098,0.0979,0.0979,0.0979,0.0978,0.0978,0.098,0.098,0.0978,0.0979,0.0979,0.0979,0.0979,0.0979,0.0979,0.0979,0.098,0.0979,0.098,0.0978,0.0979,0.0978,0.0979,0.098,0.098,0.0979,0.098,0.098,0.098,0.0979,0.098,0.0981,0.098,0.0982,0.0981,0.0981,0.0982,0.098,0.0981,0.0981,0.0981,0.0981,0.0982,0.0981,0.0981,0.0982,0.0982,0.0982,0.0983,0.0981,0.0981,0.0982,0.0981,0.098,0.0981,0.0981,0.0982,0.0982,0.098,0.0981,0.098,0.0981,0.0981,0.0982,0.0981,0.0982,0.0981,0.0981,0.0981,0.0982,0.0981,0.0982,0.0981,0.0982,0.0982,0.0981,0.0981,0.0982,0.0982,0.0981,0.0981,0.098,0.0979,0.0982
2;1,0.0935,0.0934,0.0932,0.0934,0.0933,0.0933,0.0934,0.0934,0.0936,0.0933,0.0934,0.0934,0.0934,0.0933,0.0934,0.0933,0.0933,0.0933,0.0933,0.0934,0.0934,0.0934,0.0934,0.0934,0.0934,0.0934,0.0935,0.0934,0.0934,0.0934,0.0935,0.0934,0.0935,0.0933,0.0934,0.0935,0.0935,0.0935,0.0935,0.0936,0.0937,0.0936,0.0937,0.0936,0.0937,0.0936,0.0936,0.0937,0.0937,0.0946,0.0936,0.0937,0.0936,0.0936,0.0936,0.0939,0.0938,0.0939,0.0937,0.0937,0.0938,0.0937,0.0937,0.0936,0.0937,0.0937,0.0936,0.0938,0.0937,0.0937,0.0937,0.0937,0.0939,0.094,0.0939,0.0939,0.0939,0.0939,0.0938,0.0939,0.0939,0.094,0.0939,0.094,0.0941,0.0942,0.0943,0.0944,0.0945,0.0943,0.0941,0.0943,0.0943,0.0946,0.0946,0.0946
2;2,0.0984,0.0984,0.0985,0.0989,0.0987,0.099,0.0989,0.0991,0.0993,0.099,0.0991,0.0994,0.0997,0.0994,0.0996,0.0992,0.0993,0.0994,0.0994,0.0995,0.0995,0.0995,0.0996,0.0996,0.0996,0.0996,0.0997,0.0995,0.0996,0.0998,0.0998,0.0997,0.0998,0.0997,0.0998,0.0998,0.0998,0.0998,0.0997,0.0998,0.0998,0.0999,0.0997,0.0999,0.0999,0.0999,0.1001,0.0999,0.1,0.0998,0.0998,0.0998,0.0997,0.0998,0.0998,0.1001,0.1,0.1,0.0998,0.0999,0.1,0.0999,0.1,0.0999,0.0998,0.0999,0.0998,0.0998,0.0998,0.1,0.0999,0.1,0.0999,0.0998,0.0999,0.0999,0.0999,0.0999,0.0999,0.0999,0.0999,0.1,0.0998,0.0998,0.0999,0.0999,0.0998,0.1001,0.1,0.1,0.0999,0.0999,0.1,0.1,0.1,0.1
2;3,0.0929,0.0929,0.0927,0.0929,0.0929,0.0929,0.093,0.093,0.0931,0.093,0.093,0.093,0.093,0.0931,0.093,0.0931,0.093,0.0931,0.093,0.093,0.093,0.093,0.0931,0.0929,0.093,0.0931,0.093,0.0932,0.0929,0.0931,0.0931,0.093,0.0932,0.0929,0.0931,0.0931,0.0931,0.0931,0.0931,0.0931,0.0931,0.0931,0.0931,0.0932,0.093,0.0931,0.0931,0.0932,0.0931,0.0931,0.093,0.0931,0.093,0.0931,0.0932,0.0932,0.0932,0.0932,0.0931,0.0931,0.0932,0.0931,0.0931,0.0931,0.0931,0.0931,0.0932,0.0931,0.0931,0.0932,0.0931,0.0931,0.0932,0.0932,0.093,0.0931,0.093,0.0931,0.093,0.0931,0.0929,0.0931,0.0929,0.0929,0.0931,0.0931,0.093,0.0931,0.0931,0.093,0.0931,0.0931,0.0929,0.093,0.0929,0.0932
3;2,0.0916,0.0914,0.0913,0.0915,0.0914,0.0915,0.0915,0.0915,0.0917,0.0916,0.0918,0.0917,0.0919,0.092,0.0923,0.0922,0.0929,0.0935,0.0937,0.0957,0.0955,0.0971,0.0977,0.0985,0.0997,0.101,0.1024,0.1025,0.1032,0.1054,0.1054,0.1053,0.1068,0.1078,0.1084,0.1096,0.1104,0.1126,0.1136,0.1142,0.1141,0.1144,0.1153,0.1165,0.1162,0.1174,0.1198,0.1218,0.1223,0.1315,0.1225,0.1238,0.1239,0.1237,0.1267,0.1267,0.1259,0.1269,0.1298,0.128,0.129,0.1259,0.1272,0.1302,0.1299,0.1291,0.1292,0.1299,0.1311,0.1305,0.1318,0.1325,0.1324,0.1333,0.133,0.1366,0.1361,0.1375,0.1379,0.1392,0.1394,0.1406,0.1384,0.1407,0.1397,0.1421,0.1457,0.1461,0.1453,0.1461,0.1473,0.1476,0.1488,0.1502,0.1493,0.1509
,,,,,,,,,,,,,,,,,,,,,,,,,,,,,,,,,,,,,,,,,,,,,,,,,,,,,,,,,,,,,,,,,,,,,,,,,,,,,,,,,,,,,,,,,,,,,,,,
Cycles / Well,,,,,,,,,,,,,,,,,,,,,,,,,,,,,,,,,,,,,,,,,,,,,,,,,,,,,,,,,,,,,,,,,,,,,,,,,,,,,,,,,,,,,,,,,,,,,,,,
A7,1,2,3,4,5,6,7,8,9,10,11,12,13,14,15,16,17,18,19,20,21,22,23,24,25,26,27,28,29,30,31,32,33,34,35,36,37,38,39,40,41,42,43,44,45,46,47,48,49,50,51,52,53,54,55,56,57,58,59,60,61,62,63,64,65,66,67,68,69,70,71,72,73,74,75,76,77,78,79,80,81,82,83,84,85,86,87,88,89,90,91,92,93,94,95,96
Time [s],0,1799.797,3599.741,5399.659,7199.573,8999.513,10799.44,12599.356,14399.272,16199.193,17999.112,19799.048,21598.963,23398.904,25198.829,26998.75,28798.659,30598.586,32398.522,34198.445,35998.366,37798.269,39598.205,41398.126,43198.043,44997.982,46797.898,48597.803,50397.735,52197.643,53997.591,55797.492,57597.42,59397.352,61197.265,62997.193,64797.11,66597.04,68396.981,70196.888,71996.807,73796.739,75596.665,77396.594,79196.521,80996.461,82796.378,84596.302,86396.226,88196.142,89996.07,91796.012,93595.919,95395.853,97195.785,98995.689,100795.633,102595.552,104395.481,106195.482,107995.331,109795.267,111595.183,113395.107,115195.043,116994.958,118794.88,120594.819,122394.73,124194.661,125994.586,127794.51,129594.425,131394.355,133194.302,134994.214,136794.146,138594.064,140393.993,142193.907,143993.836,145793.766,147593.683,149393.62,151193.535,152993.466,154793.383,156593.307,158393.229,160193.151,161993.083,163792.996,165592.93,167392.852,169192.773,170992.712
Temp. [°C],22.2,30,30,30,30,30.1,30,30,30,30,30,29.9,30,30,29.8,30,30,29.9,29.9,30,30,30.1,30,30,30,30,30,30,30,30,30,30,30,30,30,30,30,30,30,30,30.1,30,30,30,30,30,30,30,30,30,30,30,30,30,30,30,30,29.9,30,30,30,30,30,30.1,30,30.1,30,30.1,30,30,30,30,30,30,30,30,30,30,30,30,30,30,30,30,30,30,30,29.9,30,30,30,30,30,30,30,30
Mean,0.09446,0.09456,0.0943,0.09436,0.09444,0.09452,0.0946,0.09456,0.09462,0.09466,0.09468,0.09462,0.09472,0.09472,0.0946,0.09474,0.0947,0.09472,0.09484,0.09486,0.09482,0.09492,0.0949,0.09484,0.09492,0.095,0.09504,0.09506,0.09506,0.09524,0.09524,0.09516,0.0953,0.09538,0.09546,0.09556,0.09558,0.09582,0.096,0.09606,0.09616,0.09622,0.09644,0.09658,0.09662,0.09688,0.09706,0.09744,0.09764,0.09794,0.09788,0.09798,0.09818,0.09806,0.09878,0.09888,0.0988,0.09906,0.09944,0.09914,0.09952,0.09928,0.09956,0.10002,0.1,0.1,0.1002,0.10062,0.10072,0.10058,0.1009,0.10088,0.10128,0.10126,0.10158,0.10204,0.1019,0.10246,0.10248,0.1028,0.10282,0.10284,0.10264,0.10298,0.1032,0.10424,0.10414,0.10446,0.10434,0.1046,0.10494,0.10504,0.10524,0.10546,0.1054,0.10616
StDev,0.002616868,0.002709797,0.002657066,0.002702406,0.002685703,0.002799464,0.002804461,0.002753725,0.002819042,0.002843941,0.00283496,0.002914104,0.002877846,0.002842886,0.002910326,0.002912559,0.00291976,0.002912387,0.002961081,0.002931382,0.002971027,0.00294822,0.002923183,0.002912559,0.002912387,0.002866182,0.002885827,0.002834255,0.002797856,0.002711642,0.002734593,0.002685703,0.002534758,0.002504396,0.002446017,0.00241516,0.002334952,0.002117073,0.002113055,0.002039117,0.00206228,0.001946022,0.002092367,0.002065672,0.002169562,0.002341367,0.002488574,0.002966142,0.003167491,0.003721962,0.003761914,0.003802894,0.004095974,0.004112542,0.005168849,0.005148495,0.004883134,0.00545188,0.006328744,0.005633649,0.006390383,0.005846537,0.006530161,0.007404188,0.007415187,0.007322226,0.007800321,0.008321478,0.008816859,0.008508055,0.009268495,0.009293116,0.010087963,0.009943239,0.010544525,0.01155132,0.01151347,0.012471888,0.012517867,0.013452695,0.013488958,0.013157051,0.012987032,0.013731242,0.013997678,0.016304079,0.016084869,0.016682716,0.016532483,0.017109793,0.017861495,0.018028949,0.018420993,0.019018885,0.01883149,0.019960536
1;2,0.0974,0.0974,0.0972,0.0974,0.0974,0.0976,0.0976,0.0975,0.0976,0.0976,0.0976,0.0977,0.0977,0.0976,0.0975,0.0977,0.0976,0.0976,0.0977,0.0977,0.0977,0.0979,0.0978,0.0976,0.0978,0.0978,0.0978,0.0978,0.0977,0.0979,0.0979,0.0977,0.0978,0.0979,0.0978,0.0979,0.0979,0.0978,0.098,0.098,0.0979,0.098,0.0981,0.0981,0.098,0.098,0.098,0.0981,0.0982,0.0981,0.0981,0.098,0.0981,0.098,0.0982,0.0982,0.0983,0.0982,0.0983,0.0982,0.0983,0.0983,0.0982,0.0982,0.0983,0.0983,0.0983,0.0984,0.0983,0.0982,0.0982,0.0983,0.0982,0.0983,0.0984,0.0983,0.0982,0.0983,0.0982,0.0983,0.0982,0.0984,0.0983,0.0982,0.0982,0.0982,0.0983,0.0983,0.0983,0.0983,0.0983,0.0982,0.0982,0.0982,0.0983,0.0984
2;1,0.0932,0.0933,0.0932,0.0933,0.0933,0.0936,0.0936,0.0935,0.0937,0.0936,0.0936,0.0938,0.0939,0.0939,0.0938,0.0938,0.0938,0.0939,0.094,0.0941,0.094,0.0941,0.0941,0.0942,0.0941,0.0942,0.0943,0.0943,0.0943,0.0944,0.0945,0.0943,0.0945,0.0944,0.0946,0.0945,0.0945,0.0947,0.0946,0.0947,0.0948,0.0949,0.0949,0.0949,0.0949,0.0951,0.095,0.0951,0.0953,0.0954,0.0953,0.0954,0.0955,0.0953,0.0956,0.0957,0.0958,0.0959,0.0958,0.0958,0.0958,0.0959,0.0959,0.0961,0.096,0.096,0.096,0.0961,0.0962,0.0961,0.0961,0.096,0.0961,0.0961,0.0961,0.0962,0.0961,0.0963,0.0963,0.0962,0.0962,0.0963,0.0962,0.0962,0.0965,0.0965,0.0964,0.0966,0.0965,0.0965,0.0966,0.0967,0.0967,0.0966,0.0966,0.0972
2;2,0.097,0.0973,0.0968,0.0968,0.097,0.0971,0.0973,0.0972,0.0973,0.0975,0.0975,0.0974,0.0975,0.0975,0.0975,0.0977,0.0977,0.0977,0.0979,0.0979,0.0979,0.0979,0.0979,0.0979,0.0979,0.098,0.0981,0.0981,0.0981,0.0982,0.0982,0.0982,0.0981,0.0982,0.0983,0.0984,0.0983,0.0984,0.0985,0.0984,0.0986,0.0984,0.0986,0.0986,0.0985,0.0987,0.0987,0.0988,0.0988,0.0987,0.0988,0.0988,0.0988,0.0987,0.0989,0.099,0.099,0.0989,0.0989,0.099,0.099,0.0991,0.099,0.099,0.0989,0.0991,0.099,0.0992,0.099,0.0991,0.0991,0.0991,0.099,0.0991,0.0992,0.0992,0.099,0.0991,0.0992,0.099,0.099,0.0993,0.0991,0.0991,0.0992,0.0992,0.0992,0.0992,0.0992,0.0992,0.0991,0.0992,0.0993,0.0992,0.0992,0.0993
2;3,0.0933,0.0936,0.0934,0.0934,0.0934,0.0934,0.0935,0.0936,0.0936,0.0936,0.0937,0.0934,0.0936,0.0937,0.0935,0.0935,0.0935,0.0935,0.0937,0.0936,0.0936,0.0936,0.0936,0.0935,0.0937,0.0937,0.0937,0.0936,0.0937,0.0937,0.0937,0.0936,0.0937,0.0936,0.0937,0.0938,0.0937,0.0938,0.0938,0.0938,0.0937,0.0939,0.0937,0.0939,0.0937,0.0937,0.0939,0.0939,0.0939,0.0939,0.0937,0.0939,0.0939,0.0938,0.0939,0.0941,0.0941,0.0941,0.094,0.0941,0.0941,0.094,0.094,0.094,0.094,0.094,0.094,0.0943,0.094,0.0941,0.094,0.0939,0.0941,0.0941,0.0941,0.0941,0.094,0.0941,0.0941,0.0939,0.094,0.0941,0.094,0.0941,0.0941,0.0941,0.0941,0.0941,0.094,0.094,0.094,0.094,0.094,0.094,0.094,0.0942
3;2,0.0914,0.0912,0.0909,0.0909,0.0911,0.0909,0.091,0.091,0.0909,0.091,0.091,0.0908,0.0909,0.0909,0.0907,0.091,0.0909,0.0909,0.0909,0.091,0.0909,0.0911,0.0911,0.091,0.0911,0.0913,0.0913,0.0915,0.0915,0.092,0.0919,0.092,0.0924,0.0928,0.0929,0.0932,0.0935,0.0944,0.0951,0.0954,0.0958,0.0959,0.0969,0.0974,0.098,0.0989,0.0997,0.1013,0.102,0.1036,0.1035,0.1038,0.1046,0.1045,0.1073,0.1074,0.1068,0.1082,0.1102,0.1086,0.1104,0.1091,0.1107,0.1128,0.1128,0.1126,0.1137,0.1151,0.1161,0.1154,0.1171,0.1171,0.119,0.1187,0.1201,0.1224,0.1222,0.1245,0.1246,0.1266,0.1267,0.1261,0.1256,0.1273,0.128,0.1332,0.1327,0.1341,0.1337,0.135,0.1367,0.1371,0.138,0.1393,0.1389,0.1417
,,,,,,,,,,,,,,,,,,,,,,,,,,,,,,,,,,,,,,,,,,,,,,,,,,,,,,,,,,,,,,,,,,,,,,,,,,,,,,,,,,,,,,,,,,,,,,,,
Cycles / Well,,,,,,,,,,,,,,,,,,,,,,,,,,,,,,,,,,,,,,,,,,,,,,,,,,,,,,,,,,,,,,,,,,,,,,,,,,,,,,,,,,,,,,,,,,,,,,,,
A8,1,2,3,4,5,6,7,8,9,10,11,12,13,14,15,16,17,18,19,20,21,22,23,24,25,26,27,28,29,30,31,32,33,34,35,36,37,38,39,40,41,42,43,44,45,46,47,48,49,50,51,52,53,54,55,56,57,58,59,60,61,62,63,64,65,66,67,68,69,70,71,72,73,74,75,76,77,78,79,80,81,82,83,84,85,86,87,88,89,90,91,92,93,94,95,96
Time [s],0,1799.797,3599.741,5399.659,7199.573,8999.513,10799.44,12599.356,14399.272,16199.193,17999.112,19799.048,21598.963,23398.904,25198.829,26998.75,28798.659,30598.586,32398.522,34198.445,35998.366,37798.269,39598.205,41398.126,43198.043,44997.982,46797.898,48597.803,50397.735,52197.643,53997.591,55797.492,57597.42,59397.352,61197.265,62997.193,64797.11,66597.04,68396.981,70196.888,71996.807,73796.739,75596.665,77396.594,79196.521,80996.461,82796.378,84596.302,86396.226,88196.142,89996.07,91796.012,93595.919,95395.853,97195.785,98995.689,100795.633,102595.552,104395.481,106195.482,107995.331,109795.267,111595.183,113395.107,115195.043,116994.958,118794.88,120594.819,122394.73,124194.661,125994.586,127794.51,129594.425,131394.355,133194.302,134994.214,136794.146,138594.064,140393.993,142193.907,143993.836,145793.766,147593.683,149393.62,151193.535,152993.466,154793.383,156593.307,158393.229,160193.151,161993.083,163792.996,165592.93,167392.852,169192.773,170992.712
Temp. [°C],22.2,30,30,30,30,30.1,30,30,30,30,30,29.9,30,30,29.8,30,30,29.9,29.9,30,30,30.1,30,30,30,30,30,30,30,30,30,30,30,30,30,30,30,30,30,30,30.1,30,30,30,30,30,30,30,30,30,30,30,30,30,30,30,30,29.9,30,30,30,30,30,30.1,30,30.1,30,30.1,30,30,30,30,30,30,30,30,30,30,30,30,30,30,30,30,30,30,30,29.9,30,30,30,30,30,30,30,30
Mean,0.09704,0.09678,0.09682,0.09732,0.09732,0.09742,0.09788,0.09816,0.0982,0.09834,0.0985,0.09874,0.09868,0.09862,0.09888,0.099,0.09922,0.09962,0.0993,0.10036,0.09972,0.10018,0.10028,0.10016,0.10026,0.10052,0.10074,0.1004,0.1006,0.10152,0.101,0.101,0.1014,0.10164,0.10124,0.10142,0.10148,0.10202,0.10234,0.10246,0.1025,0.1024,0.10236,0.10262,0.10238,0.10258,0.1031,0.10302,0.10358,0.10818,0.10356,0.10356,0.10358,0.10342,0.104,0.10408,0.1039,0.1035,0.10418,0.10362,0.1039,0.10312,0.1035,0.10358,0.10396,0.1035,0.1039,0.10378,0.10388,0.1037,0.10368,0.10362,0.10358,0.1042,0.10398,0.10448,0.10406,0.10462,0.10448,0.1047,0.10454,0.10486,0.10428,0.10444,0.10448,0.105,0.10528,0.10586,0.10536,0.10574,0.10564,0.10572,0.10602,0.10614,0.1059,0.10636
StDev,0.003759388,0.003412038,0.003336465,0.003834971,0.003895125,0.003808806,0.004748368,0.005113512,0.005031401,0.005515705,0.005757169,0.006191365,0.005843543,0.005657473,0.00631799,0.006498846,0.007107883,0.007834986,0.007215262,0.00921184,0.007835943,0.008609413,0.008871133,0.008755741,0.008936051,0.009485621,0.009747974,0.008975522,0.009348529,0.011511386,0.010265476,0.010365086,0.010960383,0.011715503,0.010572275,0.011075062,0.011037753,0.012331545,0.012893526,0.013020868,0.012999038,0.013048946,0.012699528,0.013153022,0.012897946,0.013175242,0.014314328,0.014030396,0.015046827,0.024700547,0.015223764,0.01518002,0.015164663,0.014856211,0.01592498,0.015707387,0.015361641,0.014601883,0.016214407,0.015081015,0.015536892,0.013925947,0.014541836,0.014771493,0.015724599,0.014820762,0.015435187,0.015162849,0.015554324,0.015098675,0.014987562,0.014963355,0.014763875,0.016144968,0.015653338,0.01664593,0.016058736,0.017130879,0.016812257,0.017242825,0.017167061,0.017485365,0.016592528,0.016896242,0.016596445,0.017912705,0.018477202,0.019486482,0.018481558,0.019498923,0.019227402,0.019394767,0.020007549,0.020328748,0.019735754,0.020483969
1;2,0.0977,0.0978,0.0979,0.098,0.098,0.0981,0.0982,0.0982,0.0983,0.0984,0.0984,0.0983,0.0983,0.0985,0.0983,0.0985,0.0984,0.0985,0.0984,0.0985,0.0985,0.0986,0.0985,0.0984,0.0985,0.0985,0.0986,0.0986,0.0986,0.0985,0.0985,0.0984,0.0985,0.0985,0.0986,0.0986,0.0986,0.0985,0.0987,0.0986,0.0987,0.0985,0.0987,0.0987,0.0985,0.0987,0.0986,0.0986,0.0987,0.0987,0.0986,0.0986,0.0987,0.0986,0.0987,0.0988,0.0987,0.0987,0.0987,0.0986,0.0987,0.0986,0.0987,0.0987,0.0986,0.0986,0.0987,0.0987,0.0986,0.0986,0.0986,0.0986,0.0984,0.0986,0.0985,0.0984,0.0985,0.0985,0.0985,0.0985,0.0984,0.0984,0.0983,0.0984,0.0983,0.0984,0.0984,0.0985,0.0984,0.0984,0.0984,0.0983,0.0984,0.0982,0.0982,0.0983
2;1,0.0932,0.0932,0.0934,0.0937,0.0937,0.0939,0.0938,0.0939,0.094,0.0937,0.0939,0.094,0.0942,0.0941,0.0941,0.094,0.094,0.0942,0.094,0.0943,0.0943,0.0945,0.0944,0.0945,0.0944,0.0944,0.0946,0.0945,0.0946,0.0945,0.0945,0.0946,0.0947,0.0946,0.0947,0.0947,0.0948,0.0947,0.0947,0.0949,0.095,0.0948,0.0949,0.095,0.095,0.095,0.095,0.0952,0.0953,0.0965,0.0952,0.0951,0.0952,0.0953,0.0953,0.0957,0.0957,0.0955,0.0954,0.0955,0.0955,0.0955,0.0955,0.0956,0.0956,0.0953,0.0955,0.0956,0.0955,0.0956,0.0957,0.0956,0.0958,0.0956,0.0957,0.0958,0.0956,0.0957,0.0957,0.0958,0.0956,0.096,0.0956,0.0957,0.0961,0.0959,0.096,0.0962,0.0962,0.096,0.0961,0.0962,0.0962,0.0964,0.0964,0.0965
2;2,0.0984,0.0984,0.0984,0.0985,0.0985,0.0987,0.0987,0.0987,0.0987,0.0987,0.0986,0.0987,0.0988,0.0989,0.0988,0.0989,0.0988,0.0987,0.0988,0.0989,0.0989,0.099,0.099,0.0988,0.0989,0.0988,0.0989,0.0991,0.0991,0.099,0.0991,0.099,0.0991,0.099,0.0992,0.0991,0.0992,0.0992,0.0994,0.0993,0.0993,0.0992,0.0994,0.0994,0.0993,0.0993,0.0993,0.0994,0.0995,0.0995,0.0994,0.0996,0.0995,0.0994,0.0996,0.0997,0.0997,0.0998,0.0997,0.0996,0.0997,0.0997,0.0998,0.0997,0.0997,0.0997,0.0999,0.0998,0.0998,0.0998,0.0997,0.0996,0.0998,0.0998,0.0998,0.0999,0.0997,0.0998,0.0997,0.0997,0.0996,0.0998,0.0997,0.0997,0.1,0.0998,0.0998,0.0999,0.0998,0.0998,0.0999,0.0998,0.0998,0.0998,0.0998,0.1
2;3,0.0936,0.0934,0.0934,0.0936,0.0935,0.0936,0.0935,0.0937,0.0938,0.0937,0.0937,0.0937,0.0938,0.0938,0.0938,0.0938,0.0937,0.0937,0.0938,0.0938,0.0938,0.0938,0.0939,0.0938,0.0938,0.0939,0.0939,0.0939,0.0939,0.0939,0.094,0.0939,0.0941,0.0939,0.094,0.0939,0.094,0.094,0.0939,0.0941,0.0941,0.0941,0.0941,0.0942,0.094,0.0941,0.0942,0.0941,0.0942,0.094,0.0941,0.0941,0.0941,0.0941,0.0942,0.0943,0.0943,0.0942,0.0942,0.0941,0.0942,0.0941,0.0943,0.0942,0.0941,0.0942,0.0942,0.0942,0.0941,0.0941,0.0942,0.0942,0.0942,0.0942,0.0942,0.0943,0.094,0.0941,0.0942,0.0942,0.0941,0.0942,0.0941,0.094,0.0941,0.0941,0.0941,0.0942,0.0942,0.0941,0.094,0.0941,0.0941,0.094,0.0941,0.0942
3;2,0.1023,0.1011,0.101,0.1028,0.1029,0.1028,0.1052,0.1063,0.1062,0.1072,0.1079,0.109,0.1083,0.1078,0.1094,0.1098,0.1112,0.113,0.1115,0.1163,0.1131,0.115,0.1156,0.1153,0.1157,0.117,0.1177,0.1159,0.1168,0.1217,0.1189,0.1191,0.1206,0.1222,0.1197,0.1208,0.1208,0.1237,0.125,0.1254,0.1254,0.1254,0.1247,0.1258,0.1251,0.1258,0.1284,0.1278,0.1302,0.1522,0.1305,0.1304,0.1304,0.1297,0.1322,0.1319,0.1311,0.1293,0.1329,0.1303,0.1314,0.1277,0.1292,0.1297,0.1318,0.1297,0.1312,0.1306,0.1314,0.1304,0.1302,0.1301,0.1297,0.1328,0.1317,0.134,0.1325,0.135,0.1343,0.1353,0.135,0.1359,0.1337,0.1344,0.1339,0.1368,0.1381,0.1405,0.1382,0.1404,0.1398,0.1402,0.1416,0.1423,0.141,0.1428
,,,,,,,,,,,,,,,,,,,,,,,,,,,,,,,,,,,,,,,,,,,,,,,,,,,,,,,,,,,,,,,,,,,,,,,,,,,,,,,,,,,,,,,,,,,,,,,,
Cycles / Well,,,,,,,,,,,,,,,,,,,,,,,,,,,,,,,,,,,,,,,,,,,,,,,,,,,,,,,,,,,,,,,,,,,,,,,,,,,,,,,,,,,,,,,,,,,,,,,,
A9,1,2,3,4,5,6,7,8,9,10,11,12,13,14,15,16,17,18,19,20,21,22,23,24,25,26,27,28,29,30,31,32,33,34,35,36,37,38,39,40,41,42,43,44,45,46,47,48,49,50,51,52,53,54,55,56,57,58,59,60,61,62,63,64,65,66,67,68,69,70,71,72,73,74,75,76,77,78,79,80,81,82,83,84,85,86,87,88,89,90,91,92,93,94,95,96
Time [s],0,1799.797,3599.741,5399.659,7199.573,8999.513,10799.44,12599.356,14399.272,16199.193,17999.112,19799.048,21598.963,23398.904,25198.829,26998.75,28798.659,30598.586,32398.522,34198.445,35998.366,37798.269,39598.205,41398.126,43198.043,44997.982,46797.898,48597.803,50397.735,52197.643,53997.591,55797.492,57597.42,59397.352,61197.265,62997.193,64797.11,66597.04,68396.981,70196.888,71996.807,73796.739,75596.665,77396.594,79196.521,80996.461,82796.378,84596.302,86396.226,88196.142,89996.07,91796.012,93595.919,95395.853,97195.785,98995.689,100795.633,102595.552,104395.481,106195.482,107995.331,109795.267,111595.183,113395.107,115195.043,116994.958,118794.88,120594.819,122394.73,124194.661,125994.586,127794.51,129594.425,131394.355,133194.302,134994.214,136794.146,138594.064,140393.993,142193.907,143993.836,145793.766,147593.683,149393.62,151193.535,152993.466,154793.383,156593.307,158393.229,160193.151,161993.083,163792.996,165592.93,167392.852,169192.773,170992.712
Temp. [°C],22.2,30,30,30,30,30.1,30,30,30,30,30,29.9,30,30,29.8,30,30,29.9,29.9,30,30,30.1,30,30,30,30,30,30,30,30,30,30,30,30,30,30,30,30,30,30,30.1,30,30,30,30,30,30,30,30,30,30,30,30,30,30,30,30,29.9,30,30,30,30,30,30.1,30,30.1,30,30.1,30,30,30,30,30,30,30,30,30,30,30,30,30,30,30,30,30,30,30,29.9,30,30,30,30,30,30,30,30
Mean,0.09438,0.09436,0.0942,0.09436,0.09438,0.09446,0.09446,0.0945,0.09456,0.09454,0.09448,0.09456,0.09454,0.09454,0.09454,0.09456,0.09454,0.09458,0.0946,0.09466,0.09468,0.09478,0.09476,0.09482,0.09486,0.0949,0.09512,0.09518,0.09528,0.09556,0.09558,0.09562,0.09576,0.09582,0.096,0.09622,0.09636,0.09674,0.09698,0.0972,0.09724,0.09732,0.09764,0.09778,0.09798,0.09824,0.09832,0.09888,0.0991,0.10074,0.09938,0.09944,0.09972,0.09958,0.10036,0.10058,0.10038,0.10064,0.101,0.10084,0.10102,0.10058,0.10092,0.10124,0.10148,0.10126,0.10188,0.10214,0.102,0.10204,0.1025,0.10236,0.10258,0.10314,0.10304,0.10366,0.10348,0.10378,0.10402,0.10408,0.10424,0.10444,0.1044,0.1047,0.10496,0.10552,0.10516,0.10586,0.10598,0.10634,0.10654,0.10676,0.10694,0.10716,0.107,0.10732
StDev,0.002875239,0.002907404,0.002885308,0.002927969,0.002970185,0.002984627,0.002946693,0.003005828,0.003004663,0.0030005,0.003016123,0.003068061,0.003007989,0.003035292,0.003007989,0.003030347,0.003007989,0.002979429,0.002973214,0.002905684,0.002942278,0.002824358,0.002839542,0.002826128,0.002751908,0.002648585,0.002541063,0.002537124,0.00246921,0.0023755,0.002343502,0.002358389,0.00241516,0.002422189,0.002520913,0.002669644,0.002780827,0.003308021,0.003755263,0.00412553,0.004050679,0.004357407,0.004779958,0.004987685,0.005571535,0.006154104,0.006414593,0.007205345,0.007559431,0.010068168,0.008332887,0.008517805,0.009017039,0.008753399,0.010118943,0.010341518,0.009748436,0.010658471,0.011448799,0.011137908,0.011492693,0.010746023,0.011315123,0.011919228,0.01260722,0.012181256,0.013210488,0.013776901,0.013636348,0.013554077,0.014561765,0.014200986,0.014680327,0.015652252,0.015757157,0.016803065,0.01661707,0.017061858,0.017538301,0.017668956,0.018360365,0.018245767,0.01844058,0.018936077,0.019400722,0.020597743,0.019565096,0.021076243,0.021346124,0.022139625,0.022645816,0.022910871,0.023260976,0.023694683,0.023618954,0.023659396
1;2,0.0975,0.0973,0.097,0.0972,0.0972,0.0973,0.0972,0.0972,0.0973,0.0973,0.0972,0.0974,0.0972,0.0971,0.0972,0.0973,0.0972,0.0971,0.0972,0.0972,0.0972,0.0973,0.0972,0.0972,0.0971,0.0971,0.0972,0.0972,0.0972,0.0972,0.0973,0.0972,0.0972,0.0971,0.0972,0.0973,0.0973,0.0971,0.0974,0.0973,0.0973,0.0972,0.0973,0.0974,0.0974,0.0972,0.0973,0.0973,0.0975,0.0974,0.0973,0.0974,0.0974,0.0972,0.0974,0.0973,0.0974,0.0974,0.0974,0.0973,0.0974,0.0973,0.0973,0.0974,0.0973,0.0973,0.0974,0.0974,0.0973,0.0974,0.0973,0.0973,0.0972,0.0974,0.0972,0.0974,0.0972,0.0973,0.0974,0.0973,0.0972,0.0972,0.0972,0.0972,0.0973,0.0973,0.0972,0.0974,0.0973,0.0973,0.0972,0.0972,0.0973,0.0973,0.097,0.0974
2;1,0.0927,0.0926,0.0925,0.0926,0.0927,0.0927,0.0928,0.0928,0.0929,0.0928,0.0928,0.0927,0.0928,0.0928,0.0928,0.0928,0.0928,0.0928,0.0927,0.0928,0.0927,0.0929,0.0928,0.0928,0.0929,0.0928,0.093,0.0931,0.0931,0.093,0.0931,0.093,0.0931,0.0931,0.0931,0.0933,0.0934,0.0934,0.0933,0.0933,0.0935,0.0934,0.0935,0.0936,0.0934,0.0933,0.0933,0.0938,0.0938,0.0958,0.0937,0.0936,0.0938,0.0938,0.094,0.0944,0.0946,0.0941,0.0942,0.0942,0.0942,0.094,0.0943,0.0944,0.0943,0.0942,0.0945,0.0946,0.0944,0.0945,0.0948,0.0948,0.0951,0.0951,0.095,0.0953,0.0951,0.0955,0.0954,0.0955,0.0952,0.0959,0.0957,0.0961,0.0961,0.0962,0.0965,0.0964,0.0966,0.0967,0.0967,0.097,0.0971,0.0973,0.0971,0.0976
2;2,0.0974,0.0976,0.0975,0.0977,0.0978,0.0979,0.0979,0.0981,0.0981,0.0981,0.0981,0.0982,0.0982,0.0983,0.0982,0.0982,0.0982,0.0983,0.0983,0.0983,0.0984,0.0983,0.0984,0.0985,0.0985,0.0984,0.0985,0.0986,0.0986,0.0985,0.0985,0.0984,0.0986,0.0985,0.0986,0.0986,0.0986,0.0987,0.0986,0.0986,0.0987,0.0987,0.0988,0.0987,0.0987,0.0988,0.0986,0.0988,0.0987,0.0987,0.0988,0.0987,0.0988,0.0988,0.0989,0.0988,0.0989,0.0988,0.0988,0.0987,0.0988,0.0987,0.0987,0.0988,0.0987,0.0987,0.0988,0.0987,0.0987,0.0987,0.0986,0.0987,0.0986,0.0988,0.0986,0.0987,0.0986,0.0986,0.0986,0.0986,0.0985,0.0987,0.0986,0.0985,0.0985,0.0986,0.0986,0.0987,0.0987,0.0985,0.0986,0.0986,0.0986,0.0985,0.0986,0.0986
2;3,0.093,0.0931,0.093,0.0932,0.0932,0.0933,0.0933,0.0933,0.0934,0.0933,0.0932,0.0933,0.0933,0.0934,0.0933,0.0933,0.0933,0.0934,0.0933,0.0933,0.0934,0.0934,0.0933,0.0933,0.0934,0.0933,0.0934,0.0935,0.0934,0.0934,0.0935,0.0934,0.0934,0.0934,0.0935,0.0934,0.0934,0.0935,0.0934,0.0935,0.0935,0.0934,0.0935,0.0935,0.0934,0.0935,0.0934,0.0934,0.0935,0.0934,0.0934,0.0934,0.0933,0.0934,0.0935,0.0937,0.0936,0.0936,0.0935,0.0936,0.0935,0.0935,0.0935,0.0934,0.0934,0.0934,0.0935,0.0935,0.0935,0.0936,0.0935,0.0935,0.0934,0.0935,0.0934,0.0934,0.0935,0.0934,0.0935,0.0935,0.0934,0.0935,0.0933,0.0933,0.0934,0.0933,0.0935,0.0934,0.0933,0.0934,0.0933,0.0934,0.0933,0.0933,0.0932,0.0935
3;2,0.0913,0.0912,0.091,0.0911,0.091,0.0911,0.0911,0.0911,0.0911,0.0912,0.0911,0.0912,0.0912,0.0911,0.0912,0.0912,0.0912,0.0913,0.0915,0.0917,0.0917,0.092,0.0921,0.0923,0.0924,0.0929,0.0935,0.0935,0.0941,0.0957,0.0955,0.0961,0.0965,0.097,0.0976,0.0985,0.0991,0.101,0.1022,0.1033,0.1032,0.1039,0.1051,0.1057,0.107,0.1084,0.109,0.1111,0.112,0.1184,0.1137,0.1141,0.1153,0.1147,0.118,0.1187,0.1174,0.1193,0.1211,0.1204,0.1212,0.1194,0.1208,0.1222,0.1237,0.1227,0.1252,0.1265,0.1261,0.126,0.1283,0.1275,0.1286,0.1309,0.131,0.1335,0.133,0.1341,0.1352,0.1355,0.1369,0.1369,0.1372,0.1384,0.1395,0.1422,0.14,0.1434,0.144,0.1458,0.1469,0.1476,0.1484,0.1494,0.1491,0.1495
,,,,,,,,,,,,,,,,,,,,,,,,,,,,,,,,,,,,,,,,,,,,,,,,,,,,,,,,,,,,,,,,,,,,,,,,,,,,,,,,,,,,,,,,,,,,,,,,
Cycles / Well,,,,,,,,,,,,,,,,,,,,,,,,,,,,,,,,,,,,,,,,,,,,,,,,,,,,,,,,,,,,,,,,,,,,,,,,,,,,,,,,,,,,,,,,,,,,,,,,
A10,1,2,3,4,5,6,7,8,9,10,11,12,13,14,15,16,17,18,19,20,21,22,23,24,25,26,27,28,29,30,31,32,33,34,35,36,37,38,39,40,41,42,43,44,45,46,47,48,49,50,51,52,53,54,55,56,57,58,59,60,61,62,63,64,65,66,67,68,69,70,71,72,73,74,75,76,77,78,79,80,81,82,83,84,85,86,87,88,89,90,91,92,93,94,95,96
Time [s],0,1799.797,3599.741,5399.659,7199.573,8999.513,10799.44,12599.356,14399.272,16199.193,17999.112,19799.048,21598.963,23398.904,25198.829,26998.75,28798.659,30598.586,32398.522,34198.445,35998.366,37798.269,39598.205,41398.126,43198.043,44997.982,46797.898,48597.803,50397.735,52197.643,53997.591,55797.492,57597.42,59397.352,61197.265,62997.193,64797.11,66597.04,68396.981,70196.888,71996.807,73796.739,75596.665,77396.594,79196.521,80996.461,82796.378,84596.302,86396.226,88196.142,89996.07,91796.012,93595.919,95395.853,97195.785,98995.689,100795.633,102595.552,104395.481,106195.482,107995.331,109795.267,111595.183,113395.107,115195.043,116994.958,118794.88,120594.819,122394.73,124194.661,125994.586,127794.51,129594.425,131394.355,133194.302,134994.214,136794.146,138594.064,140393.993,142193.907,143993.836,145793.766,147593.683,149393.62,151193.535,152993.466,154793.383,156593.307,158393.229,160193.151,161993.083,163792.996,165592.93,167392.852,169192.773,170992.712
Temp. [°C],22.2,30,30,30,30,30.1,30,30,30,30,30,29.9,30,30,29.8,30,30,29.9,29.9,30,30,30.1,30,30,30,30,30,30,30,30,30,30,30,30,30,30,30,30,30,30,30.1,30,30,30,30,30,30,30,30,30,30,30,30,30,30,30,30,29.9,30,30,30,30,30,30.1,30,30.1,30,30.1,30,30,30,30,30,30,30,30,30,30,30,30,30,30,30,30,30,30,30,29.9,30,30,30,30,30,30,30,30
Mean,0.09466,0.09456,0.09438,0.0945,0.09446,0.09454,0.09456,0.09454,0.09458,0.09456,0.09454,0.09452,0.09462,0.09462,0.09456,0.09458,0.09456,0.09456,0.09466,0.09476,0.0947,0.0948,0.09486,0.0947,0.09474,0.09476,0.09502,0.09488,0.09504,0.0952,0.0952,0.09516,0.09522,0.0953,0.09536,0.09544,0.09552,0.09588,0.0959,0.09604,0.09608,0.0962,0.0962,0.0964,0.0963,0.09658,0.09672,0.0968,0.0971,0.09996,0.09726,0.0972,0.0973,0.09738,0.0977,0.0977,0.09756,0.09768,0.0983,0.09788,0.09806,0.09768,0.09784,0.09804,0.0982,0.09808,0.09842,0.09854,0.09858,0.09842,0.09836,0.09846,0.09874,0.09882,0.09886,0.0992,0.099,0.09916,0.0994,0.09948,0.09942,0.09962,0.09944,0.09942,0.09972,0.09994,0.10034,0.1004,0.10054,0.10048,0.10066,0.10056,0.10094,0.10104,0.10112,0.10134
StDev,0.002897067,0.002922841,0.003094673,0.003152777,0.00316038,0.003208271,0.003308021,0.003354549,0.003316926,0.003289833,0.003356784,0.003405437,0.003443399,0.003405437,0.003455865,0.003353655,0.003364967,0.003439186,0.003404849,0.003309532,0.003435841,0.003400735,0.003387182,0.003380828,0.003401911,0.003338113,0.003348432,0.00332295,0.003294389,0.002989147,0.003038914,0.003017118,0.003067083,0.002891366,0.00296867,0.002938197,0.002846401,0.002671516,0.0027,0.002715327,0.002741715,0.002807134,0.002735873,0.002779388,0.002878368,0.003053195,0.003141974,0.003174114,0.003458323,0.009213197,0.003810905,0.003640742,0.003932556,0.00406165,0.004462062,0.004233793,0.004107676,0.00422812,0.005544367,0.004695956,0.004961149,0.004310104,0.004622013,0.004989289,0.005233546,0.005172717,0.005524672,0.00577434,0.005917939,0.005575572,0.00562032,0.00564296,0.006277977,0.00629738,0.00646359,0.007220457,0.006746481,0.007018761,0.007538899,0.007747387,0.007847101,0.007813578,0.007691099,0.00760605,0.008283538,0.008450621,0.009277015,0.009538868,0.009779724,0.009820743,0.010134002,0.009751051,0.010838035,0.010998773,0.01113517,0.011374665
1;2,0.0979,0.0978,0.0978,0.0979,0.0979,0.0981,0.0981,0.0981,0.0982,0.0981,0.0982,0.0982,0.0983,0.0983,0.0982,0.0982,0.0981,0.0982,0.0981,0.0982,0.0983,0.0983,0.0984,0.0982,0.0983,0.0982,0.0985,0.0983,0.0985,0.0983,0.0984,0.0983,0.0984,0.0982,0.0984,0.0985,0.0983,0.0983,0.0983,0.0985,0.0985,0.0984,0.0984,0.0984,0.0986,0.0986,0.0986,0.0986,0.0986,0.0985,0.0985,0.0986,0.0985,0.0985,0.0985,0.0986,0.0987,0.0987,0.0986,0.0985,0.0987,0.0987,0.0986,0.0986,0.0985,0.0983,0.0986,0.0985,0.0984,0.0984,0.0983,0.0985,0.0984,0.0983,0.0983,0.0984,0.0984,0.0983,0.0983,0.0983,0.0983,0.0984,0.0982,0.0982,0.0982,0.0983,0.0982,0.0983,0.0983,0.0982,0.0982,0.0982,0.0981,0.098,0.0981,0.0981
2;1,0.0939,0.0936,0.0932,0.0932,0.0931,0.0931,0.0932,0.093,0.093,0.093,0.093,0.0928,0.0928,0.0929,0.0928,0.0929,0.0928,0.0927,0.0928,0.0929,0.0928,0.0929,0.0929,0.0928,0.0927,0.0927,0.0929,0.0929,0.093,0.0928,0.0929,0.0928,0.0929,0.0928,0.0929,0.093,0.0929,0.093,0.093,0.093,0.093,0.0929,0.093,0.0931,0.0929,0.0929,0.093,0.0931,0.0932,0.0932,0.0931,0.0932,0.093,0.093,0.0932,0.0932,0.0932,0.0932,0.0932,0.0933,0.0932,0.0932,0.0932,0.0932,0.0933,0.0932,0.0934,0.0934,0.0934,0.0935,0.0933,0.0933,0.0933,0.0936,0.0934,0.0934,0.0934,0.0935,0.0934,0.0935,0.0933,0.0936,0.0935,0.0936,0.0935,0.0937,0.0938,0.0937,0.0938,0.0935,0.0937,0.0939,0.0938,0.0939,0.0938,0.094
2;2,0.0973,0.0973,0.0973,0.0976,0.0975,0.0976,0.0978,0.0979,0.0978,0.0978,0.0978,0.0979,0.0981,0.098,0.0981,0.0979,0.098,0.0981,0.0983,0.0983,0.0983,0.0984,0.0985,0.0983,0.0984,0.0984,0.0987,0.0985,0.0986,0.0986,0.0986,0.0986,0.0987,0.0987,0.0988,0.0988,0.0989,0.0989,0.099,0.0988,0.099,0.0989,0.0989,0.099,0.0989,0.099,0.099,0.0991,0.099,0.099,0.0991,0.0991,0.0991,0.0991,0.0992,0.0993,0.0992,0.0993,0.0992,0.0993,0.0993,0.0992,0.0992,0.0992,0.0993,0.0992,0.0994,0.0993,0.0994,0.0993,0.0993,0.0994,0.0993,0.0993,0.0994,0.0993,0.0993,0.0994,0.0995,0.0994,0.0993,0.0994,0.0993,0.0994,0.0993,0.0996,0.0995,0.0995,0.0995,0.0995,0.0994,0.0995,0.0993,0.0994,0.0995,0.0995
2;3,0.0932,0.0932,0.0931,0.0932,0.0933,0.0933,0.0933,0.0933,0.0934,0.0934,0.0933,0.0933,0.0934,0.0934,0.0933,0.0934,0.0934,0.0933,0.0935,0.0934,0.0934,0.0936,0.0934,0.0934,0.0933,0.0934,0.0935,0.0935,0.0936,0.0936,0.0936,0.0934,0.0936,0.0934,0.0935,0.0935,0.0935,0.0936,0.0936,0.0935,0.0936,0.0935,0.0936,0.0937,0.0935,0.0936,0.0936,0.0936,0.0937,0.0934,0.0936,0.0936,0.0936,0.0936,0.0936,0.0939,0.0937,0.0938,0.0936,0.0936,0.0937,0.0937,0.0937,0.0937,0.0937,0.0937,0.0937,0.0938,0.0937,0.0937,0.0937,0.0938,0.0938,0.0938,0.0938,0.0937,0.0938,0.0938,0.0938,0.0937,0.0936,0.0939,0.0938,0.0937,0.0938,0.0938,0.0939,0.0937,0.0937,0.0938,0.0938,0.0938,0.0937,0.0937,0.0937,0.0939
3;2,0.091,0.0909,0.0905,0.0906,0.0905,0.0906,0.0904,0.0904,0.0905,0.0905,0.0904,0.0904,0.0905,0.0905,0.0904,0.0905,0.0905,0.0905,0.0906,0.091,0.0907,0.0908,0.0911,0.0908,0.091,0.0911,0.0915,0.0912,0.0915,0.0927,0.0925,0.0927,0.0925,0.0934,0.0932,0.0934,0.094,0.0956,0.0956,0.0964,0.0963,0.0973,0.0971,0.0978,0.0976,0.0988,0.0994,0.0996,0.101,0.1157,0.102,0.1015,0.1023,0.1027,0.104,0.1035,0.103,0.1034,0.1069,0.1047,0.1054,0.1036,0.1045,0.1055,0.1062,0.106,0.107,0.1077,0.108,0.1072,0.1072,0.1073,0.1089,0.1091,0.1094,0.1112,0.1101,0.1108,0.112,0.1125,0.1126,0.1128,0.1124,0.1122,0.1138,0.1143,0.1163,0.1168,0.1174,0.1174,0.1182,0.1174,0.1198,0.1202,0.1205,0.1212
,,,,,,,,,,,,,,,,,,,,,,,,,,,,,,,,,,,,,,,,,,,,,,,,,,,,,,,,,,,,,,,,,,,,,,,,,,,,,,,,,,,,,,,,,,,,,,,,
Cycles / Well,,,,,,,,,,,,,,,,,,,,,,,,,,,,,,,,,,,,,,,,,,,,,,,,,,,,,,,,,,,,,,,,,,,,,,,,,,,,,,,,,,,,,,,,,,,,,,,,
A11,1,2,3,4,5,6,7,8,9,10,11,12,13,14,15,16,17,18,19,20,21,22,23,24,25,26,27,28,29,30,31,32,33,34,35,36,37,38,39,40,41,42,43,44,45,46,47,48,49,50,51,52,53,54,55,56,57,58,59,60,61,62,63,64,65,66,67,68,69,70,71,72,73,74,75,76,77,78,79,80,81,82,83,84,85,86,87,88,89,90,91,92,93,94,95,96
Time [s],0,1799.797,3599.741,5399.659,7199.573,8999.513,10799.44,12599.356,14399.272,16199.193,17999.112,19799.048,21598.963,23398.904,25198.829,26998.75,28798.659,30598.586,32398.522,34198.445,35998.366,37798.269,39598.205,41398.126,43198.043,44997.982,46797.898,48597.803,50397.735,52197.643,53997.591,55797.492,57597.42,59397.352,61197.265,62997.193,64797.11,66597.04,68396.981,70196.888,71996.807,73796.739,75596.665,77396.594,79196.521,80996.461,82796.378,84596.302,86396.226,88196.142,89996.07,91796.012,93595.919,95395.853,97195.785,98995.689,100795.633,102595.552,104395.481,106195.482,107995.331,109795.267,111595.183,113395.107,115195.043,116994.958,118794.88,120594.819,122394.73,124194.661,125994.586,127794.51,129594.425,131394.355,133194.302,134994.214,136794.146,138594.064,140393.993,142193.907,143993.836,145793.766,147593.683,149393.62,151193.535,152993.466,154793.383,156593.307,158393.229,160193.151,161993.083,163792.996,165592.93,167392.852,169192.773,170992.712
Temp. [°C],22.2,30,30,30,30,30.1,30,30,30,30,30,29.9,30,30,29.8,30,30,29.9,29.9,30,30,30.1,30,30,30,30,30,30,30,30,30,30,30,30,30,30,30,30,30,30,30.1,30,30,30,30,30,30,30,30,30,30,30,30,30,30,30,30,29.9,30,30,30,30,30,30.1,30,30.1,30,30.1,30,30,30,30,30,30,30,30,30,30,30,30,30,30,30,30,30,30,30,29.9,30,30,30,30,30,30,30,30
Mean,0.09598,0.09586,0.09568,0.0961,0.09594,0.09614,0.09638,0.0964,0.0966,0.09662,0.09666,0.09686,0.09678,0.0966,0.09676,0.09674,0.09682,0.09704,0.09698,0.09724,0.097,0.0971,0.0973,0.09716,0.09718,0.09734,0.09754,0.09736,0.09754,0.09762,0.0975,0.09742,0.09752,0.09764,0.09756,0.0977,0.09786,0.09824,0.0982,0.09848,0.09836,0.09842,0.09846,0.0985,0.09842,0.09854,0.09868,0.09878,0.09896,0.10432,0.09908,0.09888,0.09886,0.09882,0.09934,0.09944,0.09914,0.0992,0.0999,0.09926,0.09916,0.09886,0.09906,0.09932,0.0993,0.09938,0.09962,0.09946,0.09958,0.0994,0.09938,0.0993,0.09956,0.09982,0.0998,0.10008,0.0999,0.10008,0.10038,0.10036,0.1002,0.10024,0.10026,0.10022,0.10052,0.10082,0.10108,0.10104,0.10142,0.1014,0.1013,0.10136,0.10172,0.10168,0.10182,0.10212
StDev,0.002836723,0.002515552,0.002495396,0.002508984,0.002479516,0.002513563,0.002876978,0.002764055,0.002939388,0.003084153,0.003120577,0.003375352,0.003170489,0.002948729,0.003231563,0.003141337,0.003288921,0.00380434,0.003468717,0.003855256,0.003602083,0.003614554,0.003964846,0.003806967,0.003809462,0.004003498,0.004417352,0.004043266,0.004255937,0.004730433,0.004368638,0.004222203,0.004404203,0.004768438,0.004490323,0.004507216,0.005007295,0.005464705,0.005751956,0.006222299,0.005834638,0.006207012,0.006158571,0.006143696,0.005998083,0.006308169,0.006624726,0.006485908,0.006941037,0.016974599,0.007194929,0.00697474,0.006913248,0.006923655,0.007648399,0.00744802,0.007157374,0.00743875,0.008784361,0.007504532,0.007227586,0.006824441,0.007109712,0.007797243,0.007542215,0.007909298,0.008208045,0.008034799,0.008109686,0.007737248,0.00772606,0.00760296,0.008103888,0.008494233,0.008511169,0.009022583,0.008957957,0.009117675,0.009650751,0.009597291,0.009526017,0.009358579,0.009678998,0.009469794,0.009828123,0.010308589,0.010783877,0.010975792,0.011592325,0.011535814,0.011371236,0.011257797,0.012518866,0.012134331,0.012665978,0.012896783
1;2,0.0977,0.0976,0.0974,0.0975,0.0976,0.0974,0.0977,0.0975,0.0976,0.0976,0.0977,0.0976,0.0977,0.0976,0.0976,0.0977,0.0976,0.0975,0.0976,0.0978,0.0976,0.0977,0.0976,0.0975,0.0976,0.0977,0.0976,0.0977,0.0977,0.0976,0.0976,0.0975,0.0976,0.0975,0.0976,0.0976,0.0976,0.0976,0.0976,0.0977,0.0976,0.0976,0.0978,0.0977,0.0977,0.0977,0.0976,0.0976,0.0977,0.0978,0.0977,0.0977,0.0977,0.0975,0.0976,0.0978,0.0977,0.0978,0.0978,0.0978,0.0979,0.0978,0.0977,0.0978,0.0977,0.0978,0.0979,0.0978,0.0978,0.0979,0.0978,0.0977,0.0976,0.0977,0.0977,0.0978,0.0976,0.0977,0.0977,0.0976,0.0975,0.0977,0.0976,0.0977,0.0976,0.0976,0.0978,0.0977,0.0978,0.0976,0.0977,0.0975,0.0975,0.0975,0.0975,0.0977
2;1,0.0923,0.0927,0.0925,0.093,0.0928,0.093,0.0928,0.0931,0.0931,0.093,0.093,0.093,0.0931,0.0931,0.0931,0.0931,0.0931,0.093,0.0932,0.0932,0.093,0.0933,0.0934,0.0933,0.0933,0.0934,0.0933,0.0933,0.0934,0.0931,0.0933,0.0935,0.0934,0.0933,0.0931,0.0936,0.0933,0.0938,0.0933,0.0934,0.0936,0.0932,0.0933,0.0934,0.0934,0.0933,0.0934,0.0939,0.0937,0.0967,0.0938,0.0934,0.0935,0.0934,0.0938,0.0944,0.0939,0.0935,0.0939,0.0936,0.0937,0.0936,0.0937,0.0935,0.0939,0.0935,0.0937,0.0936,0.0939,0.0938,0.0939,0.0939,0.094,0.0941,0.094,0.0942,0.0939,0.0941,0.0943,0.0943,0.0941,0.0942,0.094,0.0942,0.0945,0.0948,0.0946,0.0945,0.0947,0.0949,0.0948,0.0953,0.0947,0.0953,0.095,0.0952
2;2,0.0987,0.0986,0.0984,0.0985,0.0984,0.0986,0.0985,0.0985,0.0987,0.0986,0.0986,0.0987,0.0987,0.0986,0.0986,0.0985,0.0985,0.0985,0.0986,0.0986,0.0987,0.0987,0.0986,0.0986,0.0986,0.0986,0.0986,0.0986,0.0988,0.0985,0.0987,0.0986,0.0987,0.0986,0.0987,0.0987,0.0987,0.0987,0.0987,0.0987,0.0987,0.0987,0.0988,0.0987,0.0988,0.0988,0.0987,0.0988,0.0988,0.0988,0.0988,0.0989,0.0988,0.0988,0.099,0.0989,0.0989,0.099,0.0988,0.099,0.0989,0.0989,0.0989,0.0989,0.0988,0.0988,0.0989,0.0989,0.0989,0.0989,0.0988,0.0988,0.0989,0.0989,0.0989,0.099,0.0989,0.0989,0.0989,0.0989,0.0988,0.099,0.0989,0.0988,0.0989,0.0989,0.099,0.0989,0.099,0.099,0.0989,0.0989,0.0989,0.0988,0.0987,0.099
2;3,0.0936,0.0938,0.0937,0.0938,0.0938,0.0939,0.0938,0.0938,0.0939,0.0938,0.0938,0.0939,0.0939,0.0939,0.0938,0.0939,0.0939,0.0938,0.0939,0.0939,0.0939,0.0938,0.0938,0.0938,0.0938,0.0938,0.0939,0.0939,0.0939,0.0939,0.0938,0.0937,0.0937,0.0937,0.094,0.0939,0.0939,0.0939,0.0938,0.0938,0.0939,0.0939,0.0938,0.094,0.0939,0.0939,0.0939,0.0939,0.0939,0.0938,0.0938,0.0938,0.0938,0.0939,0.0939,0.0939,0.0939,0.0939,0.0939,0.0939,0.0939,0.0937,0.0939,0.0938,0.0939,0.0939,0.0939,0.0938,0.0938,0.0938,0.0938,0.0938,0.0938,0.0939,0.0939,0.0937,0.0937,0.0938,0.0938,0.0939,0.0938,0.0938,0.0937,0.0937,0.0939,0.0939,0.094,0.0938,0.0938,0.0938,0.0938,0.0939,0.0937,0.0937,0.0937,0.0938
3;2,0.0976,0.0966,0.0964,0.0977,0.0971,0.0978,0.0991,0.0991,0.0997,0.1001,0.1002,0.1011,0.1005,0.0998,0.1007,0.1005,0.101,0.1024,0.1016,0.1027,0.1018,0.102,0.1031,0.1026,0.1026,0.1032,0.1043,0.1033,0.1039,0.105,0.1041,0.1038,0.1042,0.1051,0.1044,0.1047,0.1058,0.1072,0.1076,0.1088,0.108,0.1087,0.1086,0.1087,0.1083,0.109,0.1098,0.1097,0.1107,0.1345,0.1113,0.1106,0.1105,0.1105,0.1124,0.1122,0.1113,0.1118,0.1151,0.112,0.1114,0.1103,0.1111,0.1126,0.1122,0.1129,0.1137,0.1132,0.1135,0.1126,0.1126,0.1123,0.1135,0.1145,0.1145,0.1157,0.1154,0.1159,0.1172,0.1171,0.1168,0.1165,0.1171,0.1167,0.1177,0.1189,0.12,0.1203,0.1218,0.1217,0.1213,0.1212,0.1238,0.1231,0.1242,0.1249
,,,,,,,,,,,,,,,,,,,,,,,,,,,,,,,,,,,,,,,,,,,,,,,,,,,,,,,,,,,,,,,,,,,,,,,,,,,,,,,,,,,,,,,,,,,,,,,,
Cycles / Well,,,,,,,,,,,,,,,,,,,,,,,,,,,,,,,,,,,,,,,,,,,,,,,,,,,,,,,,,,,,,,,,,,,,,,,,,,,,,,,,,,,,,,,,,,,,,,,,
A12,1,2,3,4,5,6,7,8,9,10,11,12,13,14,15,16,17,18,19,20,21,22,23,24,25,26,27,28,29,30,31,32,33,34,35,36,37,38,39,40,41,42,43,44,45,46,47,48,49,50,51,52,53,54,55,56,57,58,59,60,61,62,63,64,65,66,67,68,69,70,71,72,73,74,75,76,77,78,79,80,81,82,83,84,85,86,87,88,89,90,91,92,93,94,95,96
Time [s],0,1799.797,3599.741,5399.659,7199.573,8999.513,10799.44,12599.356,14399.272,16199.193,17999.112,19799.048,21598.963,23398.904,25198.829,26998.75,28798.659,30598.586,32398.522,34198.445,35998.366,37798.269,39598.205,41398.126,43198.043,44997.982,46797.898,48597.803,50397.735,52197.643,53997.591,55797.492,57597.42,59397.352,61197.265,62997.193,64797.11,66597.04,68396.981,70196.888,71996.807,73796.739,75596.665,77396.594,79196.521,80996.461,82796.378,84596.302,86396.226,88196.142,89996.07,91796.012,93595.919,95395.853,97195.785,98995.689,100795.633,102595.552,104395.481,106195.482,107995.331,109795.267,111595.183,113395.107,115195.043,116994.958,118794.88,120594.819,122394.73,124194.661,125994.586,127794.51,129594.425,131394.355,133194.302,134994.214,136794.146,138594.064,140393.993,142193.907,143993.836,145793.766,147593.683,149393.62,151193.535,152993.466,154793.383,156593.307,158393.229,160193.151,161993.083,163792.996,165592.93,167392.852,169192.773,170992.712
Temp. [°C],22.2,30,30,30,30,30.1,30,30,30,30,30,29.9,30,30,29.8,30,30,29.9,29.9,30,30,30.1,30,30,30,30,30,30,30,30,30,30,30,30,30,30,30,30,30,30,30.1,30,30,30,30,30,30,30,30,30,30,30,30,30,30,30,30,29.9,30,30,30,30,30,30.1,30,30.1,30,30.1,30,30,30,30,30,30,30,30,30,30,30,30,30,30,30,30,30,30,30,29.9,30,30,30,30,30,30,30,30
Mean,0.09468,0.09464,0.09444,0.09466,0.09462,0.09466,0.09472,0.09468,0.0948,0.09478,0.09482,0.09474,0.09486,0.09486,0.09476,0.09486,0.0948,0.0949,0.09494,0.09506,0.09506,0.09516,0.09522,0.09514,0.09522,0.09534,0.0955,0.09548,0.09562,0.09572,0.09572,0.09566,0.09586,0.09588,0.09594,0.096,0.09628,0.0965,0.0966,0.0968,0.09684,0.09698,0.09702,0.09704,0.09708,0.0973,0.09736,0.09758,0.09782,0.10032,0.09794,0.09798,0.09802,0.09804,0.09848,0.0986,0.09836,0.09856,0.09914,0.09874,0.09866,0.09846,0.09886,0.09888,0.0991,0.0991,0.09924,0.09936,0.09948,0.0994,0.09936,0.09938,0.0996,0.0997,0.09998,0.10016,0.10006,0.10016,0.1005,0.10076,0.1005,0.1007,0.10072,0.10066,0.10098,0.10142,0.10142,0.10188,0.10204,0.10208,0.10212,0.1022,0.10256,0.10278,0.10262,0.10314
StDev,0.003164174,0.003013802,0.002963613,0.002963613,0.003004497,0.003009651,0.003035951,0.003040888,0.002956349,0.003017781,0.002988645,0.003023739,0.002994662,0.002984627,0.002935643,0.002949237,0.002884441,0.002829311,0.00289275,0.002751,0.002757354,0.002695923,0.002606147,0.002639697,0.002616677,0.002571575,0.002456624,0.002476288,0.002520317,0.002540079,0.002487368,0.002480524,0.0024996,0.00253318,0.002565736,0.002523886,0.00274718,0.002994161,0.003108858,0.003241913,0.003312552,0.003598194,0.003589847,0.003608047,0.003722499,0.004074923,0.004180072,0.004461166,0.004790303,0.009273457,0.005181506,0.005215074,0.005376523,0.005453256,0.005991411,0.006158328,0.005634093,0.006057475,0.007280316,0.006572519,0.006197015,0.005935739,0.006555379,0.006799044,0.007108094,0.007352891,0.007394795,0.007764857,0.007945879,0.007669746,0.00763302,0.007679974,0.008284926,0.008303313,0.00889927,0.009238128,0.009241915,0.009271623,0.009958665,0.010585273,0.010350121,0.010288829,0.010543813,0.010367401,0.01088724,0.011575707,0.011627639,0.012535629,0.012944613,0.012964066,0.013175242,0.013224976,0.014238961,0.014450502,0.014321383,0.014854393
1;2,0.0975,0.0972,0.0969,0.097,0.097,0.097,0.0972,0.097,0.0972,0.0973,0.0972,0.0971,0.0972,0.0973,0.0971,0.0971,0.0971,0.0971,0.0972,0.0972,0.0972,0.0973,0.0972,0.0971,0.0972,0.0972,0.0973,0.0973,0.0974,0.0972,0.0972,0.0972,0.0974,0.0972,0.0973,0.0973,0.0974,0.0973,0.0974,0.0975,0.0975,0.0976,0.0976,0.0975,0.0976,0.0976,0.0975,0.0976,0.0977,0.0977,0.0976,0.0977,0.0976,0.0975,0.0978,0.0977,0.0977,0.0978,0.0978,0.0977,0.0979,0.0977,0.0978,0.0978,0.0979,0.0976,0.0978,0.0978,0.0978,0.0978,0.0978,0.0977,0.0976,0.0977,0.0977,0.0976,0.0977,0.0975,0.0977,0.0976,0.0974,0.0977,0.0975,0.0976,0.0975,0.0977,0.0976,0.0977,0.0976,0.0976,0.0976,0.0973,0.0974,0.0974,0.0972,0.0976
2;1,0.0932,0.0933,0.093,0.0933,0.0933,0.0933,0.0933,0.0932,0.0934,0.0934,0.0934,0.0934,0.0934,0.0935,0.0933,0.0934,0.0933,0.0933,0.0934,0.0934,0.0935,0.0935,0.0934,0.0934,0.0935,0.0934,0.0936,0.0935,0.0936,0.0934,0.0935,0.0935,0.0935,0.0935,0.0935,0.0936,0.0936,0.0936,0.0937,0.0937,0.0937,0.0936,0.0937,0.0937,0.0937,0.0937,0.0937,0.0938,0.094,0.0955,0.0939,0.0938,0.094,0.0939,0.0941,0.0942,0.0942,0.0942,0.0943,0.0942,0.0943,0.0942,0.0944,0.0943,0.0943,0.0943,0.0945,0.0943,0.0945,0.0945,0.0946,0.0946,0.0946,0.0947,0.0946,0.0948,0.0946,0.0948,0.0949,0.0948,0.0947,0.095,0.095,0.0951,0.0952,0.0955,0.0955,0.0955,0.0956,0.0957,0.0957,0.0961,0.0957,0.0961,0.096,0.0963
2;2,0.0985,0.0984,0.0982,0.0985,0.0985,0.0986,0.0986,0.0987,0.0986,0.0986,0.0987,0.0987,0.0988,0.0987,0.0986,0.0988,0.0986,0.0987,0.0988,0.0988,0.0988,0.0988,0.0988,0.0988,0.0988,0.0989,0.0988,0.0988,0.099,0.099,0.099,0.0989,0.099,0.0989,0.0989,0.0989,0.0991,0.099,0.099,0.0991,0.099,0.0991,0.0992,0.0991,0.099,0.0991,0.099,0.0991,0.0992,0.099,0.0992,0.0992,0.0991,0.0991,0.0992,0.0992,0.0993,0.0993,0.0991,0.0992,0.0992,0.0992,0.0993,0.0991,0.0992,0.0991,0.0992,0.0992,0.0991,0.0992,0.0991,0.0992,0.099,0.0992,0.0992,0.0993,0.0991,0.0992,0.0991,0.0992,0.0991,0.0992,0.0991,0.0991,0.0992,0.0992,0.0992,0.0993,0.0993,0.0992,0.0992,0.0992,0.0991,0.0992,0.0992,0.0993
2;3,0.0931,0.093,0.0929,0.0931,0.093,0.093,0.0931,0.0931,0.0932,0.0931,0.0932,0.093,0.0932,0.0931,0.0931,0.0932,0.0931,0.0932,0.0932,0.0931,0.0931,0.0931,0.0931,0.093,0.0929,0.0931,0.0931,0.0931,0.0931,0.093,0.0931,0.093,0.0932,0.093,0.093,0.0931,0.0931,0.0931,0.093,0.0932,0.0932,0.0931,0.0931,0.0932,0.0931,0.0931,0.0932,0.0932,0.0931,0.093,0.093,0.0931,0.0929,0.093,0.0931,0.0932,0.0932,0.0931,0.0931,0.093,0.0931,0.0931,0.0931,0.093,0.0931,0.093,0.093,0.093,0.093,0.0931,0.093,0.093,0.093,0.093,0.0931,0.093,0.0929,0.0931,0.093,0.093,0.0928,0.093,0.0929,0.0928,0.093,0.093,0.093,0.093,0.0929,0.093,0.0928,0.0929,0.0929,0.0929,0.0928,0.0931
3;2,0.0911,0.0913,0.0912,0.0914,0.0913,0.0914,0.0914,0.0914,0.0916,0.0915,0.0916,0.0915,0.0917,0.0917,0.0917,0.0918,0.0919,0.0922,0.0921,0.0928,0.0927,0.0931,0.0936,0.0934,0.0937,0.0941,0.0947,0.0947,0.095,0.096,0.0958,0.0957,0.0962,0.0968,0.097,0.0971,0.0982,0.0995,0.0999,0.1005,0.1008,0.1015,0.1015,0.1017,0.102,0.103,0.1034,0.1042,0.1051,0.1164,0.106,0.1061,0.1065,0.1067,0.1082,0.1087,0.1074,0.1084,0.1114,0.1096,0.1088,0.1081,0.1097,0.1102,0.111,0.1115,0.1117,0.1125,0.113,0.1124,0.1123,0.1124,0.1138,0.1139,0.1153,0.1161,0.116,0.1162,0.1178,0.1192,0.1185,0.1186,0.1191,0.1187,0.12,0.1217,0.1218,0.1239,0.1248,0.1249,0.1253,0.1255,0.1277,0.1283,0.1279,0.1294
,,,,,,,,,,,,,,,,,,,,,,,,,,,,,,,,,,,,,,,,,,,,,,,,,,,,,,,,,,,,,,,,,,,,,,,,,,,,,,,,,,,,,,,,,,,,,,,,
Cycles / Well,,,,,,,,,,,,,,,,,,,,,,,,,,,,,,,,,,,,,,,,,,,,,,,,,,,,,,,,,,,,,,,,,,,,,,,,,,,,,,,,,,,,,,,,,,,,,,,,
B1,1,2,3,4,5,6,7,8,9,10,11,12,13,14,15,16,17,18,19,20,21,22,23,24,25,26,27,28,29,30,31,32,33,34,35,36,37,38,39,40,41,42,43,44,45,46,47,48,49,50,51,52,53,54,55,56,57,58,59,60,61,62,63,64,65,66,67,68,69,70,71,72,73,74,75,76,77,78,79,80,81,82,83,84,85,86,87,88,89,90,91,92,93,94,95,96
Time [s],0,1799.797,3599.741,5399.659,7199.573,8999.513,10799.44,12599.356,14399.272,16199.193,17999.112,19799.048,21598.963,23398.904,25198.829,26998.75,28798.659,30598.586,32398.522,34198.445,35998.366,37798.269,39598.205,41398.126,43198.043,44997.982,46797.898,48597.803,50397.735,52197.643,53997.591,55797.492,57597.42,59397.352,61197.265,62997.193,64797.11,66597.04,68396.981,70196.888,71996.807,73796.739,75596.665,77396.594,79196.521,80996.461,82796.378,84596.302,86396.226,88196.142,89996.07,91796.012,93595.919,95395.853,97195.785,98995.689,100795.633,102595.552,104395.481,106195.482,107995.331,109795.267,111595.183,113395.107,115195.043,116994.958,118794.88,120594.819,122394.73,124194.661,125994.586,127794.51,129594.425,131394.355,133194.302,134994.214,136794.146,138594.064,140393.993,142193.907,143993.836,145793.766,147593.683,149393.62,151193.535,152993.466,154793.383,156593.307,158393.229,160193.151,161993.083,163792.996,165592.93,167392.852,169192.773,170992.712
Temp. [°C],22.2,30,30,30,30,30.1,30,30,30,30,30,29.9,30,30,29.8,30,30,29.9,29.9,30,30,30.1,30,30,30,30,30,30,30,30,30,30,30,30,30,30,30,30,30,30,30.1,30,30,30,30,30,30,30,30,30,30,30,30,30,30,30,30,29.9,30,30,30,30,30,30.1,30,30.1,30,30.1,30,30,30,30,30,30,30,30,30,30,30,30,30,30,30,30,30,30,30,29.9,30,30,30,30,30,30,30,30
Mean,0.09494,0.0948,0.09478,0.09514,0.09526,0.09544,0.09588,0.09584,0.09592,0.09624,0.09638,0.09644,0.09634,0.0965,0.0966,0.09676,0.09678,0.09668,0.09694,0.09684,0.09688,0.097,0.09724,0.09712,0.0974,0.09738,0.0976,0.09758,0.0977,0.09796,0.09804,0.0981,0.09816,0.0981,0.09804,0.09818,0.09846,0.09866,0.09926,0.0993,0.09924,0.0996,0.09946,0.09938,0.09954,0.09986,0.09976,0.09998,0.10038,0.10208,0.10006,0.10034,0.10022,0.1004,0.10074,0.1007,0.10084,0.10098,0.10108,0.10102,0.1011,0.10058,0.10076,0.10096,0.10112,0.1011,0.10108,0.10114,0.10136,0.10146,0.10116,0.10142,0.10164,0.10186,0.10176,0.10216,0.10206,0.10232,0.10192,0.10246,0.10204,0.10236,0.10234,0.10238,0.1029,0.10314,0.1034,0.10324,0.1037,0.10384,0.10332,0.10394,0.10434,0.10418,0.10432,0.1045
StDev,0.00358929,0.003519233,0.003346192,0.003242376,0.003211386,0.003130974,0.003103546,0.00305745,0.003108376,0.003295148,0.00339588,0.003506137,0.00336125,0.003502142,0.003683069,0.003890116,0.003917525,0.00390346,0.004129528,0.003901666,0.004059187,0.004158726,0.004574167,0.004397954,0.004923921,0.004978654,0.005127377,0.005184303,0.005344623,0.005823058,0.005976454,0.006327322,0.006140684,0.006154267,0.005883281,0.006272719,0.006822243,0.007285808,0.008388266,0.008369588,0.00824518,0.009073864,0.008868089,0.008429828,0.008992108,0.009630317,0.009454258,0.009842611,0.010557083,0.014493343,0.010026615,0.010610042,0.010412829,0.010754534,0.011421602,0.011288711,0.011575103,0.011841748,0.012214213,0.012072986,0.012136515,0.011230628,0.011511863,0.012002416,0.012334991,0.01224602,0.012152448,0.012161743,0.012975862,0.013011649,0.01254464,0.013106372,0.013356759,0.013885172,0.013725997,0.014599418,0.014601644,0.01501023,0.014124341,0.015375565,0.014555858,0.014976415,0.015034061,0.015180481,0.016121104,0.016748672,0.017159254,0.016807379,0.017810531,0.018221224,0.017193807,0.018450556,0.019229743,0.019040142,0.019296554,0.019635554
1;2,0.0989,0.0987,0.0985,0.0987,0.0988,0.0988,0.0988,0.0986,0.0987,0.0988,0.0988,0.0988,0.0988,0.0988,0.0988,0.0987,0.0987,0.0986,0.0987,0.0987,0.0987,0.0988,0.0988,0.0987,0.0987,0.0987,0.0988,0.0987,0.0987,0.0987,0.0987,0.0985,0.0988,0.0987,0.0987,0.0988,0.0988,0.0988,0.0988,0.0988,0.0988,0.0989,0.0988,0.0989,0.0988,0.0987,0.0988,0.0988,0.099,0.0988,0.0988,0.0988,0.0988,0.0988,0.0989,0.0989,0.0989,0.0989,0.0988,0.0988,0.0989,0.0988,0.0988,0.0988,0.0987,0.0988,0.0989,0.0988,0.0988,0.0988,0.0987,0.0987,0.0989,0.0988,0.0988,0.0988,0.0986,0.0988,0.0987,0.0988,0.0986,0.0988,0.0987,0.0987,0.0988,0.0988,0.0989,0.0989,0.0989,0.0988,0.0988,0.0988,0.0989,0.0989,0.0989,0.0989
2;1,0.0922,0.092,0.0918,0.092,0.0919,0.092,0.092,0.092,0.0919,0.0919,0.092,0.0919,0.092,0.0921,0.0919,0.092,0.092,0.0919,0.092,0.092,0.092,0.0921,0.092,0.0921,0.092,0.0919,0.0921,0.092,0.092,0.0921,0.0919,0.0919,0.092,0.092,0.0921,0.092,0.092,0.0919,0.0921,0.0921,0.0921,0.092,0.092,0.0922,0.092,0.0922,0.092,0.0921,0.0921,0.0922,0.0921,0.0921,0.0921,0.092,0.0921,0.0921,0.0922,0.0922,0.0921,0.0921,0.0922,0.0921,0.0921,0.0921,0.0922,0.0921,0.0922,0.0923,0.0921,0.0923,0.092,0.0921,0.0922,0.0922,0.0922,0.0922,0.092,0.0921,0.0922,0.0921,0.0921,0.0923,0.0922,0.0922,0.0922,0.0922,0.0923,0.0923,0.0924,0.0924,0.0923,0.0923,0.0924,0.0922,0.0923,0.0923
2;2,0.0987,0.0985,0.0983,0.0986,0.0986,0.0987,0.0988,0.0988,0.0988,0.0989,0.0988,0.0988,0.0989,0.0989,0.0988,0.0988,0.0988,0.0988,0.0989,0.0988,0.0988,0.0988,0.0989,0.0989,0.0989,0.0988,0.0989,0.0989,0.0989,0.0989,0.0991,0.0988,0.099,0.0989,0.099,0.0989,0.0989,0.0989,0.0989,0.099,0.099,0.099,0.0989,0.099,0.099,0.0989,0.099,0.0989,0.099,0.0989,0.099,0.0989,0.0989,0.099,0.0989,0.099,0.0989,0.0991,0.099,0.0989,0.0989,0.0988,0.0989,0.0989,0.0989,0.0989,0.0989,0.099,0.0988,0.0988,0.0989,0.0989,0.0988,0.0988,0.0988,0.0988,0.0988,0.0988,0.0988,0.0988,0.0988,0.0988,0.0987,0.0987,0.099,0.0988,0.0989,0.0989,0.0988,0.0987,0.0987,0.0988,0.0989,0.0987,0.0988,0.0988
2;3,0.0934,0.0932,0.0932,0.0933,0.0933,0.0934,0.0934,0.0934,0.0935,0.0935,0.0934,0.0934,0.0934,0.0933,0.0934,0.0933,0.0933,0.0932,0.0933,0.0935,0.0933,0.0933,0.0933,0.0932,0.0932,0.0932,0.0933,0.0933,0.0934,0.0933,0.0934,0.0933,0.0934,0.0933,0.0934,0.0933,0.0933,0.0933,0.0933,0.0934,0.0934,0.0933,0.0933,0.0934,0.0933,0.0933,0.0933,0.0934,0.0934,0.0931,0.0933,0.0934,0.0933,0.0934,0.0934,0.0934,0.0934,0.0933,0.0933,0.0934,0.0934,0.0933,0.0934,0.0933,0.0933,0.0934,0.0933,0.0934,0.0932,0.0933,0.0933,0.0932,0.0934,0.0934,0.0933,0.0933,0.0933,0.0933,0.0933,0.0932,0.0932,0.0933,0.0934,0.0933,0.0933,0.0933,0.0933,0.0933,0.0933,0.0933,0.0932,0.0933,0.0932,0.0933,0.0932,0.0933
3;2,0.0915,0.0916,0.0921,0.0931,0.0937,0.0943,0.0964,0.0964,0.0967,0.0981,0.0989,0.0993,0.0986,0.0994,0.1001,0.101,0.1011,0.1009,0.1018,0.1012,0.1016,0.102,0.1032,0.1027,0.1042,0.1043,0.1049,0.105,0.1055,0.1068,0.1071,0.108,0.1076,0.1076,0.107,0.1079,0.1093,0.1104,0.1132,0.1132,0.1129,0.1148,0.1143,0.1134,0.1146,0.1162,0.1157,0.1167,0.1184,0.1274,0.1171,0.1185,0.118,0.1188,0.1204,0.1201,0.1208,0.1214,0.1222,0.1219,0.1221,0.1199,0.1206,0.1217,0.1225,0.1223,0.1221,0.1222,0.1239,0.1241,0.1229,0.1242,0.1249,0.1261,0.1257,0.1277,0.1276,0.1286,0.1266,0.1294,0.1275,0.1286,0.1287,0.129,0.1312,0.1326,0.1336,0.1328,0.1351,0.136,0.1336,0.1365,0.1383,0.1378,0.1384,0.1392
,,,,,,,,,,,,,,,,,,,,,,,,,,,,,,,,,,,,,,,,,,,,,,,,,,,,,,,,,,,,,,,,,,,,,,,,,,,,,,,,,,,,,,,,,,,,,,,,
Cycles / Well,,,,,,,,,,,,,,,,,,,,,,,,,,,,,,,,,,,,,,,,,,,,,,,,,,,,,,,,,,,,,,,,,,,,,,,,,,,,,,,,,,,,,,,,,,,,,,,,
B2,1,2,3,4,5,6,7,8,9,10,11,12,13,14,15,16,17,18,19,20,21,22,23,24,25,26,27,28,29,30,31,32,33,34,35,36,37,38,39,40,41,42,43,44,45,46,47,48,49,50,51,52,53,54,55,56,57,58,59,60,61,62,63,64,65,66,67,68,69,70,71,72,73,74,75,76,77,78,79,80,81,82,83,84,85,86,87,88,89,90,91,92,93,94,95,96
Time [s],0,1799.797,3599.741,5399.659,7199.573,8999.513,10799.44,12599.356,14399.272,16199.193,17999.112,19799.048,21598.963,23398.904,25198.829,26998.75,28798.659,30598.586,32398.522,34198.445,35998.366,37798.269,39598.205,41398.126,43198.043,44997.982,46797.898,48597.803,50397.735,52197.643,53997.591,55797.492,57597.42,59397.352,61197.265,62997.193,64797.11,66597.04,68396.981,70196.888,71996.807,73796.739,75596.665,77396.594,79196.521,80996.461,82796.378,84596.302,86396.226,88196.142,89996.07,91796.012,93595.919,95395.853,97195.785,98995.689,100795.633,102595.552,104395.481,106195.482,107995.331,109795.267,111595.183,113395.107,115195.043,116994.958,118794.88,120594.819,122394.73,124194.661,125994.586,127794.51,129594.425,131394.355,133194.302,134994.214,136794.146,138594.064,140393.993,142193.907,143993.836,145793.766,147593.683,149393.62,151193.535,152993.466,154793.383,156593.307,158393.229,160193.151,161993.083,163792.996,165592.93,167392.852,169192.773,170992.712
Temp. [°C],22.2,30,30,30,30,30.1,30,30,30,30,30,29.9,30,30,29.8,30,30,29.9,29.9,30,30,30.1,30,30,30,30,30,30,30,30,30,30,30,30,30,30,30,30,30,30,30.1,30,30,30,30,30,30,30,30,30,30,30,30,30,30,30,30,29.9,30,30,30,30,30,30.1,30,30.1,30,30.1,30,30,30,30,30,30,30,30,30,30,30,30,30,30,30,30,30,30,30,29.9,30,30,30,30,30,30,30,30
Mean,0.11984,0.1211,0.122,0.12242,0.12214,0.12182,0.12306,0.12316,0.1233,0.12432,0.12534,0.12618,0.1269,0.12848,0.13012,0.13192,0.13376,0.13618,0.1395,0.14266,0.14684,0.15176,0.15748,0.16416,0.17282,0.1828,0.19474,0.2095,0.227,0.24772,0.2722,0.30084,0.33416,0.37222,0.41662,0.46326,0.51614,0.57056,0.62912,0.68872,0.74696,0.80012,0.84888,0.89108,0.92626,0.95444,0.97864,0.99966,1.01896,1.0359,1.05202,1.06648,1.07932,1.08834,1.0936,1.1002,1.10574,1.10726,1.11178,1.1147,1.1166,1.11854,1.12008,1.12118,1.12218,1.12224,1.12336,1.12374,1.12416,1.12466,1.12488,1.12408,1.12512,1.12448,1.12446,1.12442,1.12446,1.12446,1.12412,1.12434,1.1237,1.12308,1.12304,1.12212,1.12224,1.12226,1.12192,1.12238,1.12124,1.12026,1.1202,1.11974,1.1197,1.11914,1.11946,1.11862
StDev,0.019324932,0.017366491,0.016802827,0.015987245,0.015004766,0.014094041,0.016057646,0.015462632,0.014617113,0.015499903,0.015717124,0.015624404,0.014915931,0.015448366,0.015743792,0.015968625,0.015632754,0.015938224,0.0169105,0.016678969,0.017522785,0.018245767,0.019356058,0.020271236,0.022456781,0.024585565,0.027224309,0.030640822,0.034807542,0.039897581,0.045711158,0.052570838,0.060744983,0.070113458,0.081785494,0.094603716,0.108371689,0.12292865,0.138684974,0.154735523,0.169344908,0.181861203,0.191601741,0.198062432,0.202393201,0.206278872,0.209402228,0.212706612,0.21546476,0.21786972,0.221678386,0.224902083,0.225819634,0.225739669,0.225465064,0.22461319,0.223269138,0.223110517,0.222028223,0.220889112,0.220334689,0.219997166,0.219804361,0.219861393,0.219357487,0.220085956,0.219144263,0.219424413,0.218974766,0.218780559,0.219361578,0.21905138,0.218584336,0.218858132,0.218367049,0.218696129,0.218114266,0.218114289,0.218058288,0.218548972,0.217823828,0.218176802,0.217961815,0.218641183,0.218032722,0.21723526,0.216931065,0.217054088,0.217000491,0.216710367,0.215958352,0.216052315,0.215560409,0.215302492,0.215130084,0.215211552
1;2,0.109,0.1109,0.1124,0.1135,0.1138,0.114,0.1142,0.1145,0.1149,0.1154,0.1162,0.1169,0.1179,0.1191,0.1206,0.1222,0.1244,0.1267,0.1296,0.1332,0.1372,0.1422,0.148,0.1552,0.1637,0.1743,0.187,0.2031,0.2224,0.2456,0.2739,0.3081,0.3492,0.3971,0.4542,0.5157,0.5862,0.6611,0.7429,0.8271,0.9093,0.9814,1.0454,1.0972,1.1398,1.1741,1.2026,1.2287,1.2518,1.2705,1.2919,1.3098,1.3239,1.3345,1.3382,1.3457,1.3494,1.3493,1.3524,1.3541,1.3546,1.3572,1.3577,1.3588,1.3585,1.3601,1.3603,1.3604,1.36,1.3601,1.3625,1.3598,1.3601,1.3592,1.3584,1.358,1.3577,1.3573,1.3571,1.3581,1.3556,1.3556,1.356,1.3549,1.3541,1.3525,1.3528,1.3526,1.3509,1.3484,1.3477,1.3471,1.3462,1.3458,1.3467,1.3447
2;1,0.1173,0.1199,0.1209,0.1213,0.1211,0.1212,0.1218,0.1226,0.1235,0.1243,0.1257,0.1268,0.1282,0.1301,0.1322,0.1345,0.137,0.1403,0.1443,0.1488,0.154,0.1605,0.1679,0.1771,0.1884,0.2019,0.2186,0.2387,0.262,0.2902,0.3231,0.3615,0.406,0.456,0.5155,0.5781,0.6463,0.7154,0.7891,0.8636,0.9349,1.0007,1.0589,1.1081,1.1472,1.1794,1.207,1.2309,1.253,1.274,1.2937,1.3122,1.326,1.3336,1.3399,1.3434,1.3477,1.3508,1.3543,1.356,1.358,1.3583,1.3606,1.3618,1.3629,1.3631,1.3629,1.3642,1.3644,1.3647,1.364,1.3644,1.365,1.3653,1.365,1.3661,1.3651,1.3654,1.3648,1.3653,1.3648,1.3644,1.3634,1.3642,1.3638,1.3636,1.3619,1.3632,1.3626,1.3625,1.3613,1.3612,1.3608,1.3595,1.3587,1.3595
2;2,0.1111,0.1131,0.1142,0.1151,0.1153,0.1154,0.1156,0.116,0.1163,0.117,0.1178,0.1188,0.1197,0.121,0.1224,0.1242,0.1261,0.1282,0.1311,0.1342,0.138,0.1423,0.1474,0.1535,0.1611,0.1697,0.1803,0.1933,0.2087,0.2269,0.2489,0.2748,0.3047,0.3389,0.3786,0.4197,0.4671,0.5134,0.5632,0.6125,0.6595,0.7009,0.7409,0.7776,0.8082,0.8306,0.8528,0.8707,0.8875,0.8996,0.9148,0.9251,0.9384,0.946,0.9507,0.9604,0.9682,0.9671,0.9726,0.9762,0.9794,0.983,0.983,0.9838,0.9855,0.9845,0.9879,0.9871,0.988,0.9896,0.9897,0.9884,0.9909,0.9885,0.9893,0.9877,0.9894,0.9895,0.9897,0.9892,0.9904,0.9887,0.9889,0.9866,0.9871,0.9884,0.9884,0.9899,0.9871,0.9852,0.9874,0.9861,0.987,0.9866,0.9884,0.9849
2;3,0.108,0.1102,0.1112,0.1119,0.1122,0.1122,0.1126,0.1127,0.1133,0.1138,0.1146,0.1154,0.1164,0.1175,0.1187,0.12,0.1216,0.1234,0.1255,0.128,0.1308,0.1343,0.138,0.1424,0.1477,0.154,0.1613,0.1703,0.181,0.1936,0.2086,0.2262,0.2469,0.271,0.2993,0.3296,0.3654,0.4036,0.4463,0.4923,0.5419,0.5902,0.6368,0.6792,0.7159,0.7463,0.7709,0.792,0.8114,0.8291,0.8445,0.8586,0.8719,0.883,0.889,0.8943,0.9002,0.9036,0.9086,0.9128,0.9147,0.9155,0.918,0.9189,0.9198,0.9197,0.9206,0.9209,0.9214,0.9211,0.9207,0.9201,0.9207,0.9203,0.9208,0.9209,0.9208,0.9203,0.92,0.9197,0.9191,0.9185,0.9183,0.9172,0.9173,0.9176,0.9171,0.9171,0.9166,0.9161,0.9159,0.9155,0.9152,0.9147,0.9142,0.9151
3;2,0.1538,0.1514,0.1513,0.1503,0.1483,0.1463,0.1511,0.15,0.1485,0.1511,0.1524,0.153,0.1523,0.1547,0.1567,0.1587,0.1597,0.1623,0.167,0.1691,0.1742,0.1795,0.1861,0.1926,0.2032,0.2141,0.2265,0.2421,0.2609,0.2823,0.3065,0.3336,0.364,0.3981,0.4355,0.4732,0.5157,0.5593,0.6041,0.6481,0.6892,0.7274,0.7624,0.7933,0.8202,0.8418,0.8599,0.876,0.8911,0.9063,0.9152,0.9267,0.9364,0.9446,0.9502,0.9572,0.9632,0.9655,0.971,0.9744,0.9763,0.9787,0.9811,0.9826,0.9842,0.9838,0.9851,0.9861,0.987,0.9878,0.9875,0.9877,0.9889,0.9891,0.9888,0.9894,0.9893,0.9898,0.989,0.9894,0.9886,0.9882,0.9886,0.9877,0.9889,0.9892,0.9894,0.9891,0.989,0.9891,0.9887,0.9888,0.9893,0.9891,0.9893,0.9889
,,,,,,,,,,,,,,,,,,,,,,,,,,,,,,,,,,,,,,,,,,,,,,,,,,,,,,,,,,,,,,,,,,,,,,,,,,,,,,,,,,,,,,,,,,,,,,,,
Cycles / Well,,,,,,,,,,,,,,,,,,,,,,,,,,,,,,,,,,,,,,,,,,,,,,,,,,,,,,,,,,,,,,,,,,,,,,,,,,,,,,,,,,,,,,,,,,,,,,,,
B3,1,2,3,4,5,6,7,8,9,10,11,12,13,14,15,16,17,18,19,20,21,22,23,24,25,26,27,28,29,30,31,32,33,34,35,36,37,38,39,40,41,42,43,44,45,46,47,48,49,50,51,52,53,54,55,56,57,58,59,60,61,62,63,64,65,66,67,68,69,70,71,72,73,74,75,76,77,78,79,80,81,82,83,84,85,86,87,88,89,90,91,92,93,94,95,96
Time [s],0,1799.797,3599.741,5399.659,7199.573,8999.513,10799.44,12599.356,14399.272,16199.193,17999.112,19799.048,21598.963,23398.904,25198.829,26998.75,28798.659,30598.586,32398.522,34198.445,35998.366,37798.269,39598.205,41398.126,43198.043,44997.982,46797.898,48597.803,50397.735,52197.643,53997.591,55797.492,57597.42,59397.352,61197.265,62997.193,64797.11,66597.04,68396.981,70196.888,71996.807,73796.739,75596.665,77396.594,79196.521,80996.461,82796.378,84596.302,86396.226,88196.142,89996.07,91796.012,93595.919,95395.853,97195.785,98995.689,100795.633,102595.552,104395.481,106195.482,107995.331,109795.267,111595.183,113395.107,115195.043,116994.958,118794.88,120594.819,122394.73,124194.661,125994.586,127794.51,129594.425,131394.355,133194.302,134994.214,136794.146,138594.064,140393.993,142193.907,143993.836,145793.766,147593.683,149393.62,151193.535,152993.466,154793.383,156593.307,158393.229,160193.151,161993.083,163792.996,165592.93,167392.852,169192.773,170992.712
Temp. [°C],22.2,30,30,30,30,30.1,30,30,30,30,30,29.9,30,30,29.8,30,30,29.9,29.9,30,30,30.1,30,30,30,30,30,30,30,30,30,30,30,30,30,30,30,30,30,30,30.1,30,30,30,30,30,30,30,30,30,30,30,30,30,30,30,30,29.9,30,30,30,30,30,30.1,30,30.1,30,30.1,30,30,30,30,30,30,30,30,30,30,30,30,30,30,30,30,30,30,30,29.9,30,30,30,30,30,30,30,30
Mean,0.11272,0.11632,0.12032,0.12444,0.12722,0.12912,0.13222,0.13532,0.13906,0.1432,0.14868,0.1549,0.16306,0.17262,0.1846,0.19952,0.21786,0.24098,0.26854,0.30148,0.34018,0.38472,0.4353,0.49052,0.55182,0.61698,0.68686,0.75846,0.83376,0.91046,0.98508,1.05206,1.11064,1.15808,1.19678,1.22858,1.25212,1.27388,1.29264,1.31004,1.32528,1.34186,1.35566,1.3677,1.37736,1.38538,1.39114,1.39586,1.39874,1.40258,1.40402,1.4066,1.40652,1.4084,1.41044,1.40936,1.4105,1.41342,1.41316,1.41388,1.41436,1.41478,1.41514,1.41628,1.4167,1.41666,1.41652,1.41672,1.41686,1.41698,1.41666,1.4166,1.41538,1.41494,1.41578,1.4157,1.41514,1.41406,1.41282,1.41438,1.41408,1.41418,1.41318,1.41398,1.41182,1.41096,1.4112,1.40992,1.41012,1.41112,1.4096,1.40952,1.40872,1.4081,1.4074,1.40768
StDev,0.004106945,0.00522561,0.004800729,0.004275862,0.00381143,0.003614831,0.003820602,0.00383888,0.00386044,0.003917269,0.004142704,0.0043755,0.005239084,0.005996416,0.007823043,0.009643754,0.013057488,0.017100351,0.021494953,0.028540182,0.035592794,0.044791707,0.054809351,0.066170288,0.078096812,0.091159158,0.104535582,0.117433845,0.130609755,0.142125976,0.150551792,0.157412493,0.15929494,0.159320203,0.158491378,0.156228413,0.156136661,0.154761969,0.154874136,0.155566989,0.155639622,0.155009106,0.154879769,0.155965188,0.15511313,0.153721703,0.154080054,0.153451533,0.153439982,0.152239144,0.151653048,0.150783139,0.152447096,0.152092587,0.151579807,0.15297844,0.154754273,0.15327109,0.154027377,0.154039628,0.155157897,0.15590177,0.155831714,0.155188102,0.156724631,0.1556074,0.155899381,0.156518376,0.156147872,0.156748037,0.158151614,0.15714619,0.158415883,0.157566868,0.158027836,0.156789827,0.157030644,0.158125656,0.158506205,0.158213628,0.159186752,0.158192595,0.158625099,0.158103185,0.158203925,0.158960854,0.158357144,0.158934663,0.158160732,0.156850779,0.158328567,0.157658387,0.158207291,0.157869487,0.158718572,0.157091779
1;2,0.1104,0.1125,0.1169,0.1223,0.1252,0.1276,0.1306,0.1338,0.1381,0.1425,0.1475,0.1542,0.1624,0.1726,0.1861,0.2019,0.222,0.2464,0.2746,0.3093,0.3494,0.3957,0.4455,0.4998,0.558,0.6199,0.686,0.7529,0.8236,0.8988,0.9747,1.0389,1.0981,1.1501,1.1904,1.2283,1.2505,1.2748,1.2945,1.3129,1.3269,1.3473,1.3612,1.3741,1.3832,1.3924,1.3976,1.4017,1.4036,1.4084,1.4105,1.4157,1.4145,1.4134,1.4189,1.4142,1.4156,1.4226,1.4199,1.4186,1.4213,1.4222,1.4191,1.422,1.4234,1.4223,1.4217,1.4205,1.4222,1.4227,1.4199,1.4238,1.4183,1.4156,1.4197,1.42,1.4181,1.4148,1.4119,1.4172,1.4177,1.4183,1.4158,1.4181,1.4118,1.4106,1.4122,1.4082,1.4096,1.4124,1.4112,1.4101,1.4084,1.4076,1.4069,1.4071
2;1,0.1171,0.1226,0.1258,0.13,0.1311,0.133,0.136,0.1389,0.1412,0.1447,0.1501,0.1547,0.1619,0.1695,0.1783,0.1903,0.204,0.221,0.2427,0.2659,0.2934,0.3243,0.3589,0.3977,0.44,0.4848,0.5342,0.5854,0.641,0.6994,0.7597,0.8157,0.8699,0.9158,0.9545,0.9885,1.0118,1.0347,1.0531,1.0691,1.0843,1.1011,1.1153,1.1245,1.1352,1.1454,1.1503,1.1561,1.1592,1.165,1.1672,1.1713,1.1682,1.172,1.1739,1.1709,1.1687,1.1738,1.1721,1.1735,1.1716,1.1704,1.1718,1.1735,1.1714,1.1735,1.1731,1.1729,1.1732,1.1723,1.1701,1.1706,1.1678,1.1699,1.1691,1.1712,1.1704,1.168,1.1661,1.1677,1.1653,1.1675,1.166,1.1676,1.1656,1.1635,1.1646,1.1625,1.1643,1.1672,1.1625,1.1638,1.1626,1.1625,1.1603,1.1636
2;2,0.1118,0.1152,0.1198,0.1251,0.1295,0.1313,0.1351,0.1384,0.1435,0.1482,0.1541,0.1615,0.1716,0.1827,0.1975,0.2151,0.2382,0.2668,0.3007,0.343,0.3905,0.447,0.51,0.58,0.655,0.7342,0.818,0.901,0.9884,1.0743,1.1541,1.2238,1.2813,1.3269,1.3635,1.3938,1.4156,1.4364,1.4553,1.4721,1.4877,1.5042,1.5168,1.5291,1.5375,1.5449,1.5501,1.5546,1.5575,1.5615,1.5613,1.5636,1.564,1.5679,1.5686,1.5677,1.5683,1.5721,1.5718,1.5735,1.5744,1.574,1.5757,1.5755,1.5776,1.5774,1.5772,1.5783,1.5778,1.5784,1.5792,1.5775,1.5766,1.5776,1.5776,1.5778,1.5768,1.5761,1.5744,1.577,1.5763,1.5768,1.5759,1.5765,1.5738,1.5736,1.5736,1.5726,1.573,1.5733,1.5716,1.5717,1.5716,1.5709,1.5694,1.57
2;3,0.1076,0.1105,0.1146,0.1186,0.1216,0.1237,0.1265,0.1295,0.1332,0.1374,0.1427,0.1492,0.1572,0.1671,0.1792,0.1947,0.2137,0.2377,0.2664,0.3021,0.3433,0.3904,0.4462,0.5074,0.5776,0.6542,0.7365,0.8224,0.9122,1.0013,1.0854,1.1636,1.2256,1.2728,1.3105,1.3364,1.3619,1.38,1.3983,1.4173,1.4326,1.4458,1.4613,1.4733,1.4826,1.4882,1.4952,1.4992,1.5026,1.5035,1.5056,1.5062,1.5087,1.5099,1.5103,1.5134,1.5181,1.5153,1.517,1.518,1.5187,1.521,1.5217,1.5222,1.5231,1.5218,1.5228,1.5243,1.5235,1.524,1.5262,1.5237,1.5264,1.5246,1.5254,1.5226,1.5237,1.5255,1.5259,1.524,1.5252,1.5234,1.5238,1.5234,1.5236,1.5234,1.5223,1.5225,1.5212,1.5198,1.5202,1.5192,1.5195,1.5183,1.5202,1.5174
3;2,0.1167,0.1208,0.1245,0.1262,0.1287,0.13,0.1329,0.136,0.1393,0.1432,0.149,0.1549,0.1622,0.1712,0.1819,0.1956,0.2114,0.233,0.2583,0.2871,0.3243,0.3662,0.4159,0.4677,0.5285,0.5918,0.6596,0.7306,0.8036,0.8785,0.9515,1.0183,1.0783,1.1248,1.165,1.1959,1.2208,1.2435,1.262,1.2788,1.2949,1.3109,1.3237,1.3375,1.3483,1.356,1.3625,1.3677,1.3708,1.3745,1.3755,1.3762,1.3772,1.3788,1.3805,1.3806,1.3818,1.3833,1.385,1.3858,1.3858,1.3863,1.3874,1.3882,1.388,1.3883,1.3878,1.3876,1.3876,1.3875,1.3879,1.3874,1.3878,1.387,1.3871,1.3869,1.3867,1.3859,1.3858,1.386,1.3859,1.3849,1.3844,1.3843,1.3843,1.3837,1.3833,1.3838,1.3825,1.3829,1.3825,1.3828,1.3815,1.3812,1.3802,1.3803
,,,,,,,,,,,,,,,,,,,,,,,,,,,,,,,,,,,,,,,,,,,,,,,,,,,,,,,,,,,,,,,,,,,,,,,,,,,,,,,,,,,,,,,,,,,,,,,,
Cycles / Well,,,,,,,,,,,,,,,,,,,,,,,,,,,,,,,,,,,,,,,,,,,,,,,,,,,,,,,,,,,,,,,,,,,,,,,,,,,,,,,,,,,,,,,,,,,,,,,,
B4,1,2,3,4,5,6,7,8,9,10,11,12,13,14,15,16,17,18,19,20,21,22,23,24,25,26,27,28,29,30,31,32,33,34,35,36,37,38,39,40,41,42,43,44,45,46,47,48,49,50,51,52,53,54,55,56,57,58,59,60,61,62,63,64,65,66,67,68,69,70,71,72,73,74,75,76,77,78,79,80,81,82,83,84,85,86,87,88,89,90,91,92,93,94,95,96
Time [s],0,1799.797,3599.741,5399.659,7199.573,8999.513,10799.44,12599.356,14399.272,16199.193,17999.112,19799.048,21598.963,23398.904,25198.829,26998.75,28798.659,30598.586,32398.522,34198.445,35998.366,37798.269,39598.205,41398.126,43198.043,44997.982,46797.898,48597.803,50397.735,52197.643,53997.591,55797.492,57597.42,59397.352,61197.265,62997.193,64797.11,66597.04,68396.981,70196.888,71996.807,73796.739,75596.665,77396.594,79196.521,80996.461,82796.378,84596.302,86396.226,88196.142,89996.07,91796.012,93595.919,95395.853,97195.785,98995.689,100795.633,102595.552,104395.481,106195.482,107995.331,109795.267,111595.183,113395.107,115195.043,116994.958,118794.88,120594.819,122394.73,124194.661,125994.586,127794.51,129594.425,131394.355,133194.302,134994.214,136794.146,138594.064,140393.993,142193.907,143993.836,145793.766,147593.683,149393.62,151193.535,152993.466,154793.383,156593.307,158393.229,160193.151,161993.083,163792.996,165592.93,167392.852,169192.773,170992.712
Temp. [°C],22.2,30,30,30,30,30.1,30,30,30,30,30,29.9,30,30,29.8,30,30,29.9,29.9,30,30,30.1,30,30,30,30,30,30,30,30,30,30,30,30,30,30,30,30,30,30,30.1,30,30,30,30,30,30,30,30,30,30,30,30,30,30,30,30,29.9,30,30,30,30,30,30.1,30,30.1,30,30.1,30,30,30,30,30,30,30,30,30,30,30,30,30,30,30,30,30,30,30,29.9,30,30,30,30,30,30,30,30
Mean,0.11558,0.12008,0.12448,0.12736,0.1287,0.12926,0.12962,0.12982,0.1298,0.12986,0.13032,0.13044,0.13074,0.13118,0.13184,0.13266,0.13314,0.1339,0.13472,0.13522,0.13608,0.13688,0.13784,0.13848,0.13966,0.14054,0.14166,0.14274,0.14418,0.14564,0.14706,0.1486,0.15048,0.1523,0.15466,0.1571,0.15986,0.16286,0.16654,0.16978,0.17376,0.17814,0.18238,0.18734,0.19294,0.19918,0.20564,0.21306,0.22112,0.2321,0.2391,0.24946,0.26028,0.27282,0.28652,0.3005,0.31566,0.33342,0.35168,0.37134,0.3939,0.4184,0.44442,0.47376,0.50614,0.53848,0.57052,0.60282,0.6317,0.6581,0.68164,0.70312,0.72088,0.7376,0.75342,0.76706,0.77954,0.7905,0.79876,0.80928,0.81906,0.82636,0.8315,0.838,0.8414,0.8459,0.8503,0.85402,0.85842,0.86108,0.86332,0.86608,0.86804,0.87,0.87002,0.87186
StDev,0.004252881,0.004428544,0.003166544,0.003061536,0.00334888,0.003716584,0.003942968,0.004086196,0.004250294,0.004304997,0.004218056,0.004388963,0.004408288,0.004578428,0.00479458,0.005221398,0.00522427,0.00564668,0.006007662,0.005871286,0.006289436,0.00644686,0.006674054,0.006625104,0.007095632,0.007328915,0.007374822,0.00755996,0.007871277,0.008126069,0.008496058,0.00898916,0.00942693,0.010087616,0.010832959,0.011856433,0.012828991,0.013853447,0.015139617,0.016633911,0.018499541,0.020227778,0.022311253,0.024837129,0.027310859,0.030017861,0.033050083,0.036505109,0.040480205,0.042038078,0.049601714,0.054590274,0.060303416,0.066785605,0.074198632,0.08249697,0.091887828,0.102344819,0.114100513,0.128359312,0.144555681,0.163190135,0.182032242,0.203174268,0.224485051,0.243940212,0.262210854,0.276477959,0.287498922,0.295922557,0.304110133,0.310328595,0.315526967,0.320543281,0.325500095,0.328306576,0.330892132,0.33257233,0.332786137,0.33344002,0.334064579,0.334231249,0.334044046,0.334534236,0.33420763,0.334025433,0.333694666,0.333736598,0.33408387,0.333815266,0.333305546,0.332222737,0.331568127,0.332231945,0.33196662,0.331826149
1;2,0.1118,0.1158,0.1217,0.1258,0.1277,0.1287,0.1293,0.1296,0.1295,0.1296,0.1297,0.1299,0.1301,0.1304,0.1307,0.1311,0.1315,0.1321,0.1326,0.1335,0.1342,0.1349,0.1358,0.1368,0.1378,0.1387,0.1401,0.1415,0.143,0.1447,0.1465,0.1482,0.1506,0.1529,0.1557,0.1591,0.1625,0.166,0.1701,0.1745,0.1792,0.1845,0.1895,0.1958,0.2023,0.2095,0.2162,0.2245,0.2328,0.2422,0.2518,0.2629,0.2727,0.2835,0.2966,0.3078,0.3203,0.3354,0.3483,0.3613,0.3772,0.3942,0.4116,0.4329,0.455,0.4783,0.5021,0.5308,0.5574,0.5846,0.6051,0.628,0.6448,0.6621,0.6814,0.6974,0.7119,0.7251,0.7382,0.7521,0.7657,0.7756,0.7841,0.7947,0.7987,0.8046,0.8114,0.8151,0.8224,0.8271,0.8314,0.8351,0.8394,0.841,0.8425,0.8452
2;1,0.119,0.1238,0.1266,0.1278,0.1279,0.1276,0.1274,0.127,0.1269,0.1265,0.1267,0.1266,0.1268,0.1266,0.1267,0.1269,0.1273,0.1275,0.1278,0.1283,0.1286,0.1292,0.1298,0.1302,0.1308,0.1313,0.1322,0.1329,0.1339,0.1348,0.1356,0.1362,0.1376,0.1386,0.14,0.1414,0.1426,0.1442,0.1457,0.1475,0.1494,0.1512,0.1533,0.1554,0.1582,0.1611,0.1638,0.1674,0.1714,0.1768,0.1807,0.1864,0.1921,0.1991,0.2069,0.2142,0.2228,0.2339,0.2443,0.2562,0.2699,0.2859,0.3039,0.3241,0.3479,0.3747,0.4005,0.4294,0.4564,0.4834,0.5068,0.5279,0.5455,0.5618,0.576,0.5892,0.6016,0.6121,0.6219,0.6334,0.6433,0.6513,0.6575,0.6628,0.6676,0.6724,0.677,0.6813,0.6856,0.6883,0.6915,0.695,0.6975,0.6991,0.6996,0.7013
2;2,0.1153,0.12,0.1268,0.1319,0.1344,0.1357,0.1365,0.1369,0.1372,0.1373,0.1375,0.1379,0.1382,0.1387,0.1391,0.1398,0.1402,0.1409,0.1416,0.1427,0.1436,0.1447,0.1457,0.1468,0.148,0.1494,0.151,0.1527,0.1547,0.1565,0.1588,0.1611,0.164,0.167,0.1705,0.1745,0.1783,0.1826,0.1877,0.1928,0.1991,0.2051,0.2117,0.2191,0.2271,0.2355,0.2444,0.2546,0.2656,0.2766,0.2892,0.3018,0.3154,0.3305,0.3468,0.3641,0.3815,0.3998,0.4184,0.438,0.4597,0.4821,0.5038,0.5282,0.5542,0.5802,0.6071,0.6352,0.6609,0.6834,0.704,0.7226,0.7387,0.754,0.7686,0.7808,0.7919,0.803,0.8102,0.8205,0.8298,0.8371,0.8409,0.8464,0.8489,0.8534,0.8564,0.8616,0.8651,0.8671,0.869,0.8714,0.8727,0.8748,0.8738,0.875
2;3,0.1111,0.1156,0.1204,0.1236,0.1255,0.1262,0.127,0.1273,0.1274,0.1277,0.1279,0.128,0.1283,0.1288,0.129,0.1294,0.13,0.1304,0.1312,0.1319,0.1325,0.1333,0.1342,0.1352,0.136,0.1369,0.1382,0.1394,0.1408,0.1424,0.1441,0.1462,0.1483,0.1506,0.1534,0.1563,0.1597,0.1631,0.1673,0.1717,0.177,0.1828,0.1889,0.1961,0.2041,0.2135,0.224,0.2355,0.2491,0.2635,0.2802,0.2982,0.3185,0.3424,0.3683,0.3964,0.4282,0.4654,0.5062,0.5529,0.6057,0.6649,0.7269,0.7956,0.8684,0.9372,1.0029,1.0606,1.1088,1.1496,1.1878,1.2197,1.2464,1.2713,1.2945,1.3124,1.3288,1.3417,1.349,1.3594,1.3691,1.3757,1.3798,1.3863,1.3891,1.3928,1.3964,1.3995,1.4038,1.4056,1.4063,1.4071,1.4074,1.4105,1.4099,1.4115
3;2,0.1207,0.1252,0.1269,0.1277,0.128,0.1281,0.1279,0.1283,0.128,0.1282,0.1298,0.1298,0.1303,0.1314,0.1337,0.1361,0.1367,0.1386,0.1404,0.1397,0.1415,0.1423,0.1437,0.1434,0.1457,0.1464,0.1468,0.1472,0.1485,0.1498,0.1503,0.1513,0.1519,0.1524,0.1537,0.1542,0.1562,0.1584,0.1619,0.1624,0.1641,0.1671,0.1685,0.1703,0.173,0.1763,0.1798,0.1833,0.1867,0.2014,0.1936,0.198,0.2027,0.2086,0.214,0.22,0.2255,0.2326,0.2412,0.2483,0.257,0.2649,0.2759,0.288,0.3052,0.322,0.34,0.3581,0.375,0.3895,0.4045,0.4174,0.429,0.4388,0.4466,0.4555,0.4635,0.4706,0.4745,0.481,0.4874,0.4921,0.4952,0.4998,0.5027,0.5063,0.5103,0.5126,0.5152,0.5173,0.5184,0.5218,0.5232,0.5246,0.5243,0.5263
,,,,,,,,,,,,,,,,,,,,,,,,,,,,,,,,,,,,,,,,,,,,,,,,,,,,,,,,,,,,,,,,,,,,,,,,,,,,,,,,,,,,,,,,,,,,,,,,
Cycles / Well,,,,,,,,,,,,,,,,,,,,,,,,,,,,,,,,,,,,,,,,,,,,,,,,,,,,,,,,,,,,,,,,,,,,,,,,,,,,,,,,,,,,,,,,,,,,,,,,
B5,1,2,3,4,5,6,7,8,9,10,11,12,13,14,15,16,17,18,19,20,21,22,23,24,25,26,27,28,29,30,31,32,33,34,35,36,37,38,39,40,41,42,43,44,45,46,47,48,49,50,51,52,53,54,55,56,57,58,59,60,61,62,63,64,65,66,67,68,69,70,71,72,73,74,75,76,77,78,79,80,81,82,83,84,85,86,87,88,89,90,91,92,93,94,95,96
Time [s],0,1799.797,3599.741,5399.659,7199.573,8999.513,10799.44,12599.356,14399.272,16199.193,17999.112,19799.048,21598.963,23398.904,25198.829,26998.75,28798.659,30598.586,32398.522,34198.445,35998.366,37798.269,39598.205,41398.126,43198.043,44997.982,46797.898,48597.803,50397.735,52197.643,53997.591,55797.492,57597.42,59397.352,61197.265,62997.193,64797.11,66597.04,68396.981,70196.888,71996.807,73796.739,75596.665,77396.594,79196.521,80996.461,82796.378,84596.302,86396.226,88196.142,89996.07,91796.012,93595.919,95395.853,97195.785,98995.689,100795.633,102595.552,104395.481,106195.482,107995.331,109795.267,111595.183,113395.107,115195.043,116994.958,118794.88,120594.819,122394.73,124194.661,125994.586,127794.51,129594.425,131394.355,133194.302,134994.214,136794.146,138594.064,140393.993,142193.907,143993.836,145793.766,147593.683,149393.62,151193.535,152993.466,154793.383,156593.307,158393.229,160193.151,161993.083,163792.996,165592.93,167392.852,169192.773,170992.712
Temp. [°C],22.2,30,30,30,30,30.1,30,30,30,30,30,29.9,30,30,29.8,30,30,29.9,29.9,30,30,30.1,30,30,30,30,30,30,30,30,30,30,30,30,30,30,30,30,30,30,30.1,30,30,30,30,30,30,30,30,30,30,30,30,30,30,30,30,29.9,30,30,30,30,30,30.1,30,30.1,30,30.1,30,30,30,30,30,30,30,30,30,30,30,30,30,30,30,30,30,30,30,29.9,30,30,30,30,30,30,30,30
Mean,0.11284,0.11534,0.11918,0.122,0.1238,0.12502,0.12598,0.12686,0.12778,0.12882,0.13032,0.1318,0.13396,0.13642,0.13964,0.14378,0.14882,0.15544,0.16376,0.17468,0.18832,0.20556,0.22658,0.2513,0.28096,0.31434,0.35294,0.3959,0.44418,0.49848,0.55852,0.6231,0.69412,0.77032,0.8502,0.93344,1.0126,1.0847,1.1457,1.19592,1.23496,1.26828,1.29588,1.31928,1.33916,1.3586,1.37654,1.39254,1.40524,1.41626,1.42384,1.43146,1.43654,1.44112,1.44558,1.4478,1.4502,1.45444,1.45628,1.45896,1.46202,1.46448,1.46742,1.4697,1.47302,1.47432,1.47634,1.47798,1.47962,1.4812,1.48158,1.48322,1.48392,1.48476,1.48654,1.48702,1.48748,1.48822,1.48752,1.489,1.48994,1.49056,1.49098,1.49184,1.49084,1.49144,1.49128,1.49144,1.49166,1.49252,1.4928,1.4926,1.4931,1.49234,1.49228,1.49252
StDev,0.004279369,0.004802916,0.004693293,0.004039183,0.003845127,0.003656775,0.003639643,0.003655544,0.003649246,0.003791042,0.003710391,0.003881366,0.004159086,0.004516304,0.004876269,0.005573329,0.00664733,0.008090303,0.010323662,0.013253566,0.016810473,0.021534345,0.02753338,0.034669727,0.042841195,0.05236199,0.062605894,0.073786279,0.084904311,0.096144043,0.107345037,0.118810353,0.12900805,0.139924237,0.14937073,0.157039208,0.160380392,0.160330331,0.158205942,0.154684734,0.151229141,0.147970646,0.146167291,0.145208977,0.143383081,0.141775809,0.140619746,0.140058445,0.137890348,0.136038884,0.135449356,0.134732784,0.134610078,0.133947217,0.133387544,0.133376628,0.133660222,0.132970045,0.133732502,0.132810402,0.134225974,0.134311046,0.133328718,0.132937034,0.133528843,0.132545189,0.133062591,0.132500158,0.133799428,0.13321006,0.133380666,0.133564711,0.133693257,0.133184057,0.133625121,0.132902547,0.132561503,0.13344775,0.134039871,0.132972911,0.133768374,0.133705265,0.134065943,0.134242739,0.13337096,0.133206017,0.133040152,0.133956011,0.133444269,0.13360476,0.133893278,0.133748776,0.134068434,0.13335227,0.134524503,0.13371977
1;2,0.1104,0.1126,0.117,0.121,0.1236,0.1254,0.1269,0.1281,0.1293,0.1306,0.1321,0.134,0.1366,0.1397,0.1433,0.1481,0.1539,0.1616,0.1713,0.1843,0.1999,0.2201,0.2447,0.274,0.3075,0.3465,0.39,0.4389,0.4917,0.5504,0.6142,0.6801,0.7507,0.8283,0.9088,0.9974,1.075,1.1481,1.21,1.2594,1.2965,1.3323,1.3609,1.3842,1.402,1.4221,1.4386,1.4554,1.4653,1.4785,1.4849,1.4956,1.4992,1.5018,1.5083,1.5065,1.5077,1.5166,1.5173,1.5176,1.524,1.526,1.5269,1.53,1.5337,1.5334,1.5351,1.5361,1.5409,1.5413,1.5372,1.5438,1.5408,1.5424,1.5454,1.5469,1.5457,1.5468,1.5445,1.5468,1.5486,1.5495,1.5489,1.5526,1.5494,1.5481,1.5485,1.5475,1.5491,1.5516,1.5509,1.5507,1.5512,1.5493,1.5499,1.5515
2;1,0.1181,0.1216,0.1258,0.1277,0.1288,0.1292,0.1295,0.13,0.1306,0.131,0.132,0.1328,0.1341,0.1354,0.1373,0.1398,0.1425,0.1461,0.1508,0.1572,0.1649,0.1748,0.1865,0.201,0.2177,0.2376,0.2608,0.2877,0.3196,0.3562,0.3991,0.4443,0.4988,0.5569,0.6207,0.6901,0.7633,0.8339,0.8983,0.9545,0.9999,1.0387,1.0696,1.0945,1.1183,1.1404,1.1601,1.1772,1.1933,1.2066,1.2153,1.2243,1.2295,1.2349,1.2403,1.2431,1.245,1.2502,1.2503,1.2549,1.2554,1.2577,1.262,1.2651,1.2673,1.2701,1.2708,1.2731,1.2725,1.2753,1.275,1.2766,1.2772,1.2785,1.2797,1.2808,1.2819,1.2814,1.2794,1.2831,1.2821,1.2829,1.2826,1.2832,1.2838,1.2846,1.2844,1.2832,1.2842,1.285,1.2847,1.2848,1.2847,1.2851,1.2829,1.2844
2;2,0.1119,0.114,0.1185,0.1224,0.1253,0.1272,0.1288,0.13,0.1311,0.1328,0.1345,0.1365,0.1393,0.1424,0.1463,0.1514,0.1578,0.1659,0.1767,0.1906,0.2079,0.2301,0.2573,0.2893,0.3277,0.371,0.4198,0.4736,0.5328,0.5974,0.6666,0.7387,0.8165,0.8982,0.9795,1.0643,1.1381,1.2054,1.2618,1.3085,1.345,1.3784,1.405,1.4278,1.4469,1.4665,1.4828,1.4993,1.5107,1.522,1.5282,1.5365,1.5397,1.5468,1.55,1.5524,1.5526,1.5583,1.5602,1.5632,1.5662,1.5683,1.5716,1.5739,1.5771,1.5789,1.5802,1.5819,1.5832,1.5845,1.5844,1.5868,1.5875,1.5883,1.5904,1.5908,1.5908,1.5916,1.5916,1.593,1.5928,1.5941,1.5952,1.5959,1.595,1.5949,1.5949,1.5957,1.5959,1.5976,1.5969,1.5967,1.5977,1.5969,1.5966,1.5974
2;3,0.1076,0.1097,0.1133,0.1164,0.1182,0.1196,0.1207,0.1217,0.1228,0.1238,0.1254,0.1271,0.1293,0.1321,0.1355,0.1398,0.1454,0.1524,0.1617,0.1737,0.1886,0.2069,0.2298,0.2576,0.2901,0.3278,0.3723,0.4221,0.478,0.5401,0.6106,0.6889,0.7734,0.8637,0.9592,1.05,1.1413,1.2158,1.2768,1.325,1.3624,1.3885,1.4135,1.4358,1.4555,1.4715,1.4899,1.504,1.516,1.5212,1.5301,1.5336,1.5414,1.5435,1.5467,1.5522,1.5581,1.5561,1.5597,1.5625,1.5655,1.5688,1.5709,1.572,1.5761,1.5762,1.5797,1.5805,1.5824,1.5843,1.5883,1.5862,1.5899,1.589,1.5905,1.5885,1.5901,1.5923,1.5928,1.5923,1.5946,1.5943,1.5953,1.5946,1.5937,1.596,1.5947,1.5968,1.5951,1.5944,1.5968,1.5964,1.5969,1.5957,1.5973,1.5945
3;2,0.1162,0.1188,0.1213,0.1225,0.1231,0.1237,0.124,0.1245,0.1251,0.1259,0.1276,0.1286,0.1305,0.1325,0.1358,0.1398,0.1445,0.1512,0.1583,0.1676,0.1803,0.1959,0.2146,0.2346,0.2618,0.2888,0.3218,0.3572,0.3988,0.4483,0.5021,0.5635,0.6312,0.7045,0.7828,0.8654,0.9453,1.0203,1.0816,1.1322,1.171,1.2035,1.2304,1.2541,1.2731,1.2925,1.3113,1.3268,1.3409,1.353,1.3607,1.3673,1.3729,1.3786,1.3826,1.3848,1.3876,1.391,1.3939,1.3966,1.399,1.4016,1.4057,1.4075,1.4109,1.413,1.4159,1.4183,1.4191,1.4206,1.423,1.4227,1.4242,1.4256,1.4267,1.4281,1.4289,1.429,1.4293,1.4298,1.4316,1.432,1.4329,1.4329,1.4323,1.4336,1.4339,1.434,1.434,1.434,1.4347,1.4344,1.435,1.4347,1.4347,1.4348
,,,,,,,,,,,,,,,,,,,,,,,,,,,,,,,,,,,,,,,,,,,,,,,,,,,,,,,,,,,,,,,,,,,,,,,,,,,,,,,,,,,,,,,,,,,,,,,,
Cycles / Well,,,,,,,,,,,,,,,,,,,,,,,,,,,,,,,,,,,,,,,,,,,,,,,,,,,,,,,,,,,,,,,,,,,,,,,,,,,,,,,,,,,,,,,,,,,,,,,,
B6,1,2,3,4,5,6,7,8,9,10,11,12,13,14,15,16,17,18,19,20,21,22,23,24,25,26,27,28,29,30,31,32,33,34,35,36,37,38,39,40,41,42,43,44,45,46,47,48,49,50,51,52,53,54,55,56,57,58,59,60,61,62,63,64,65,66,67,68,69,70,71,72,73,74,75,76,77,78,79,80,81,82,83,84,85,86,87,88,89,90,91,92,93,94,95,96
Time [s],0,1799.797,3599.741,5399.659,7199.573,8999.513,10799.44,12599.356,14399.272,16199.193,17999.112,19799.048,21598.963,23398.904,25198.829,26998.75,28798.659,30598.586,32398.522,34198.445,35998.366,37798.269,39598.205,41398.126,43198.043,44997.982,46797.898,48597.803,50397.735,52197.643,53997.591,55797.492,57597.42,59397.352,61197.265,62997.193,64797.11,66597.04,68396.981,70196.888,71996.807,73796.739,75596.665,77396.594,79196.521,80996.461,82796.378,84596.302,86396.226,88196.142,89996.07,91796.012,93595.919,95395.853,97195.785,98995.689,100795.633,102595.552,104395.481,106195.482,107995.331,109795.267,111595.183,113395.107,115195.043,116994.958,118794.88,120594.819,122394.73,124194.661,125994.586,127794.51,129594.425,131394.355,133194.302,134994.214,136794.146,138594.064,140393.993,142193.907,143993.836,145793.766,147593.683,149393.62,151193.535,152993.466,154793.383,156593.307,158393.229,160193.151,161993.083,163792.996,165592.93,167392.852,169192.773,170992.712
Temp. [°C],22.2,30,30,30,30,30.1,30,30,30,30,30,29.9,30,30,29.8,30,30,29.9,29.9,30,30,30.1,30,30,30,30,30,30,30,30,30,30,30,30,30,30,30,30,30,30,30.1,30,30,30,30,30,30,30,30,30,30,30,30,30,30,30,30,29.9,30,30,30,30,30,30.1,30,30.1,30,30.1,30,30,30,30,30,30,30,30,30,30,30,30,30,30,30,30,30,30,30,29.9,30,30,30,30,30,30,30,30
Mean,0.11588,0.11748,0.12074,0.12452,0.12892,0.13496,0.14294,0.15326,0.16722,0.18496,0.20874,0.23892,0.27624,0.32108,0.37424,0.43414,0.49944,0.56998,0.6441,0.71898,0.79342,0.86534,0.93536,0.99948,1.05668,1.10694,1.14892,1.185,1.21288,1.23688,1.25708,1.27558,1.29092,1.3042,1.31512,1.32218,1.3273,1.32964,1.3317,1.33308,1.33384,1.33488,1.33404,1.33568,1.33606,1.33564,1.33722,1.33658,1.337,1.33754,1.33668,1.33636,1.33778,1.3374,1.33766,1.33806,1.33872,1.33712,1.33742,1.33772,1.33824,1.3378,1.33786,1.3371,1.33774,1.33654,1.33714,1.3366,1.33672,1.33696,1.33674,1.3362,1.33646,1.33612,1.3365,1.33532,1.33564,1.33614,1.33538,1.3353,1.3362,1.33536,1.33546,1.33546,1.33496,1.33506,1.33494,1.3353,1.33472,1.33448,1.33522,1.33478,1.33526,1.33516,1.33528,1.33514
StDev,0.01233195,0.011448886,0.011527923,0.013075626,0.013935997,0.015060146,0.016441654,0.017321172,0.01789838,0.016852685,0.015859634,0.014383046,0.015634993,0.020194975,0.027358783,0.037080224,0.046992797,0.057922595,0.070711845,0.080219212,0.088795676,0.095788193,0.100572849,0.102110587,0.10257079,0.101781374,0.099294698,0.097348832,0.096066133,0.095726992,0.09470756,0.094129602,0.093573672,0.093740733,0.093182466,0.093165696,0.092049986,0.091305274,0.091406482,0.091389671,0.090623634,0.091142537,0.090657559,0.091839055,0.091227096,0.091318498,0.091837449,0.091653789,0.09169512,0.091832445,0.092599768,0.093038368,0.092968366,0.093371623,0.093289244,0.093234532,0.093410021,0.094404963,0.094257557,0.094120758,0.094665981,0.095304958,0.095059839,0.095602641,0.095459405,0.09523995,0.095344339,0.095523845,0.095691311,0.095963264,0.095886928,0.096294782,0.096351559,0.096409061,0.096356422,0.096644022,0.096221349,0.096763748,0.09607368,0.096829102,0.097059672,0.096862728,0.097212,0.097058658,0.096324831,0.09581442,0.095458017,0.095917491,0.096462827,0.096945407,0.096254075,0.096636184,0.095776552,0.09566814,0.095521422,0.096011682
1;2,0.1089,0.1102,0.1131,0.1157,0.1193,0.1241,0.1309,0.1411,0.1551,0.175,0.203,0.2399,0.2865,0.3428,0.4079,0.483,0.562,0.6475,0.7372,0.8224,0.906,0.9862,1.0597,1.123,1.1803,1.2269,1.2642,1.2972,1.3233,1.3475,1.3661,1.3822,1.3966,1.4105,1.42,1.4287,1.432,1.4341,1.4365,1.4365,1.4371,1.4392,1.4371,1.4404,1.4398,1.4387,1.4402,1.4397,1.4399,1.4412,1.4406,1.4423,1.4424,1.4411,1.4429,1.4419,1.4424,1.4428,1.4426,1.4418,1.4432,1.4426,1.4419,1.4421,1.4422,1.4405,1.4413,1.441,1.4412,1.4419,1.4416,1.4416,1.4403,1.4406,1.4404,1.4409,1.4398,1.441,1.4391,1.44,1.44,1.4394,1.4398,1.4398,1.4385,1.4373,1.4368,1.4364,1.4376,1.4381,1.4375,1.4372,1.4366,1.4367,1.4355,1.4373
2;1,0.114,0.1182,0.1224,0.1267,0.1327,0.1397,0.1495,0.1618,0.1778,0.1966,0.2214,0.2527,0.2894,0.3317,0.382,0.4349,0.494,0.5565,0.6223,0.6897,0.7576,0.8271,0.8956,0.9642,1.026,1.0794,1.1245,1.1634,1.1925,1.2174,1.2398,1.257,1.2726,1.2864,1.297,1.3053,1.3106,1.314,1.316,1.3183,1.3192,1.3217,1.3217,1.3226,1.3225,1.3233,1.3241,1.3245,1.3246,1.3256,1.3249,1.3246,1.3254,1.3253,1.3256,1.3256,1.3262,1.3258,1.325,1.3255,1.326,1.3249,1.3256,1.3252,1.3254,1.3258,1.3259,1.3255,1.3251,1.3259,1.3257,1.3243,1.3254,1.3255,1.3254,1.3254,1.3252,1.3258,1.3235,1.3241,1.3241,1.3244,1.3245,1.3246,1.3247,1.3244,1.3246,1.3253,1.3256,1.3251,1.326,1.326,1.326,1.3264,1.3265,1.3271
2;2,0.1114,0.1127,0.1158,0.1187,0.1224,0.1279,0.1349,0.145,0.159,0.1783,0.204,0.2379,0.2795,0.3296,0.3887,0.4566,0.5297,0.6087,0.6938,0.7782,0.8616,0.9392,1.0153,1.0824,1.1388,1.1902,1.2312,1.2654,1.2921,1.3146,1.3335,1.3531,1.3678,1.3807,1.392,1.3973,1.4018,1.4027,1.4047,1.4073,1.4063,1.4071,1.4062,1.4088,1.4094,1.4088,1.4119,1.4102,1.4114,1.4121,1.4116,1.4103,1.4127,1.4143,1.4127,1.4136,1.415,1.413,1.4141,1.4148,1.4156,1.4165,1.4165,1.4159,1.4168,1.4156,1.4161,1.416,1.4162,1.4162,1.416,1.4158,1.4174,1.4168,1.4176,1.4154,1.4162,1.4171,1.4163,1.4169,1.4191,1.4172,1.4179,1.4177,1.4166,1.4171,1.4167,1.4181,1.4167,1.4169,1.4175,1.4174,1.4178,1.4173,1.4181,1.417
2;3,0.1076,0.1093,0.1123,0.1151,0.1185,0.1238,0.1305,0.1387,0.1508,0.1669,0.1878,0.2156,0.25,0.2923,0.3424,0.4003,0.4646,0.5336,0.6067,0.6822,0.7558,0.8254,0.8949,0.9568,1.0127,1.0634,1.1059,1.1429,1.1713,1.1957,1.2161,1.2376,1.2542,1.2668,1.2786,1.2838,1.2902,1.292,1.2938,1.2948,1.2966,1.2957,1.2952,1.2962,1.2967,1.2973,1.2988,1.2981,1.2979,1.296,1.2967,1.2951,1.2983,1.2971,1.2972,1.3004,1.3006,1.2973,1.2979,1.2993,1.2992,1.2996,1.2999,1.2981,1.2995,1.2966,1.298,1.2964,1.2975,1.2975,1.2971,1.2972,1.2975,1.2958,1.2971,1.2936,1.2954,1.2953,1.2967,1.2948,1.2971,1.2958,1.2952,1.2949,1.294,1.2949,1.2945,1.2958,1.2937,1.2929,1.2943,1.2937,1.2942,1.2934,1.2947,1.2929
3;2,0.1375,0.137,0.1401,0.1464,0.1517,0.1593,0.1689,0.1797,0.1934,0.208,0.2275,0.2485,0.2758,0.309,0.3502,0.3959,0.4469,0.5036,0.5605,0.6224,0.6861,0.7488,0.8113,0.871,0.9256,0.9748,1.0188,1.0561,1.0852,1.1092,1.1299,1.148,1.1634,1.1766,1.188,1.1958,1.2019,1.2054,1.2075,1.2085,1.21,1.2107,1.21,1.2104,1.2119,1.2101,1.2111,1.2104,1.2112,1.2128,1.2096,1.2095,1.2101,1.2092,1.2099,1.2088,1.2094,1.2067,1.2075,1.2072,1.2072,1.2054,1.2054,1.2042,1.2048,1.2042,1.2044,1.2041,1.2036,1.2033,1.2033,1.2021,1.2017,1.2019,1.202,1.2013,1.2016,1.2015,1.2013,1.2007,1.2007,1.2,1.1999,1.2003,1.201,1.2016,1.2021,1.2009,1.2,1.1994,1.2008,1.1996,1.2017,1.202,1.2016,1.2014
,,,,,,,,,,,,,,,,,,,,,,,,,,,,,,,,,,,,,,,,,,,,,,,,,,,,,,,,,,,,,,,,,,,,,,,,,,,,,,,,,,,,,,,,,,,,,,,,
Cycles / Well,,,,,,,,,,,,,,,,,,,,,,,,,,,,,,,,,,,,,,,,,,,,,,,,,,,,,,,,,,,,,,,,,,,,,,,,,,,,,,,,,,,,,,,,,,,,,,,,
B7,1,2,3,4,5,6,7,8,9,10,11,12,13,14,15,16,17,18,19,20,21,22,23,24,25,26,27,28,29,30,31,32,33,34,35,36,37,38,39,40,41,42,43,44,45,46,47,48,49,50,51,52,53,54,55,56,57,58,59,60,61,62,63,64,65,66,67,68,69,70,71,72,73,74,75,76,77,78,79,80,81,82,83,84,85,86,87,88,89,90,91,92,93,94,95,96
Time [s],0,1799.797,3599.741,5399.659,7199.573,8999.513,10799.44,12599.356,14399.272,16199.193,17999.112,19799.048,21598.963,23398.904,25198.829,26998.75,28798.659,30598.586,32398.522,34198.445,35998.366,37798.269,39598.205,41398.126,43198.043,44997.982,46797.898,48597.803,50397.735,52197.643,53997.591,55797.492,57597.42,59397.352,61197.265,62997.193,64797.11,66597.04,68396.981,70196.888,71996.807,73796.739,75596.665,77396.594,79196.521,80996.461,82796.378,84596.302,86396.226,88196.142,89996.07,91796.012,93595.919,95395.853,97195.785,98995.689,100795.633,102595.552,104395.481,106195.482,107995.331,109795.267,111595.183,113395.107,115195.043,116994.958,118794.88,120594.819,122394.73,124194.661,125994.586,127794.51,129594.425,131394.355,133194.302,134994.214,136794.146,138594.064,140393.993,142193.907,143993.836,145793.766,147593.683,149393.62,151193.535,152993.466,154793.383,156593.307,158393.229,160193.151,161993.083,163792.996,165592.93,167392.852,169192.773,170992.712
Temp. [°C],22.2,30,30,30,30,30.1,30,30,30,30,30,29.9,30,30,29.8,30,30,29.9,29.9,30,30,30.1,30,30,30,30,30,30,30,30,30,30,30,30,30,30,30,30,30,30,30.1,30,30,30,30,30,30,30,30,30,30,30,30,30,30,30,30,29.9,30,30,30,30,30,30.1,30,30.1,30,30.1,30,30,30,30,30,30,30,30,30,30,30,30,30,30,30,30,30,30,30,29.9,30,30,30,30,30,30,30,30
Mean,0.1134,0.11656,0.12092,0.1259,0.13134,0.13856,0.1484,0.1616,0.17848,0.20132,0.23146,0.26782,0.31198,0.36276,0.42102,0.48622,0.5556,0.62856,0.70342,0.77812,0.85162,0.92144,0.9875,1.04622,1.09778,1.14312,1.18066,1.21466,1.24226,1.26774,1.29026,1.30956,1.32648,1.34094,1.3527,1.36324,1.36902,1.37414,1.37866,1.38028,1.382,1.38492,1.38718,1.38798,1.38816,1.38828,1.3889,1.38918,1.38946,1.39098,1.39068,1.3921,1.39226,1.39142,1.39234,1.3926,1.39214,1.39386,1.39318,1.39316,1.3941,1.39414,1.39394,1.39482,1.39552,1.39496,1.39512,1.39586,1.39588,1.39648,1.39496,1.39624,1.39512,1.39432,1.39596,1.39496,1.39452,1.39484,1.39382,1.39528,1.39722,1.3968,1.39598,1.39736,1.39618,1.39602,1.3958,1.39678,1.39624,1.39708,1.39716,1.39708,1.39806,1.39784,1.39788,1.3981
StDev,0.004579847,0.005347242,0.005402499,0.005910584,0.006263625,0.006808304,0.007244998,0.007979975,0.008652861,0.010112962,0.013402351,0.018913937,0.02691193,0.036919277,0.049349083,0.06364654,0.078292401,0.093487876,0.1097853,0.124795982,0.137992779,0.149291369,0.159997703,0.165259287,0.169105313,0.171071263,0.171012494,0.170000362,0.168390804,0.168664409,0.168561822,0.169433477,0.169700949,0.169867369,0.169758608,0.167550882,0.166404138,0.165104249,0.16505862,0.163362196,0.162284996,0.160723884,0.160408313,0.160497312,0.160338635,0.159221487,0.160260959,0.160390997,0.159846921,0.158721413,0.159986881,0.159673166,0.160062247,0.159645943,0.160456982,0.160860032,0.161542109,0.161189835,0.161702727,0.16145059,0.162598001,0.16266846,0.162295835,0.162655639,0.163452645,0.162141229,0.162763485,0.162726359,0.162906851,0.163979136,0.163312348,0.164118594,0.163829903,0.16317338,0.164107078,0.16352354,0.163610718,0.163993088,0.164237136,0.163645034,0.164915151,0.164482051,0.163932843,0.164835685,0.164143221,0.164359064,0.163509449,0.164160796,0.164299827,0.163973236,0.163609453,0.163650808,0.163464807,0.163047165,0.163287513,0.16234799
1;2,0.1104,0.1128,0.117,0.1216,0.1267,0.1337,0.1432,0.1567,0.1748,0.1995,0.2328,0.2748,0.3269,0.3872,0.4553,0.5332,0.6121,0.6958,0.7773,0.8569,0.9314,1.0023,1.0674,1.1241,1.1747,1.2177,1.25,1.2837,1.3103,1.3355,1.3604,1.374,1.3896,1.4041,1.4143,1.4289,1.4317,1.4385,1.444,1.4447,1.4434,1.45,1.4541,1.4537,1.4535,1.4545,1.4518,1.4541,1.4502,1.4526,1.4545,1.4627,1.4593,1.4563,1.4591,1.4559,1.4523,1.4625,1.4588,1.4564,1.4593,1.4598,1.4572,1.4615,1.4622,1.4607,1.4594,1.4622,1.4623,1.4658,1.4587,1.466,1.4581,1.4581,1.4618,1.4629,1.4602,1.4587,1.4541,1.4599,1.4647,1.4637,1.4616,1.4658,1.4601,1.4588,1.4593,1.4595,1.4598,1.4639,1.462,1.4608,1.4629,1.4613,1.4599,1.4636
2;1,0.1166,0.1212,0.1265,0.1315,0.1375,0.1446,0.1547,0.1689,0.1862,0.2083,0.236,0.2679,0.3043,0.3439,0.3879,0.4359,0.4883,0.5418,0.594,0.6487,0.7018,0.7533,0.8,0.8481,0.8899,0.9288,0.9631,0.9962,1.0238,1.0478,1.0695,1.0858,1.1026,1.1161,1.1271,1.1401,1.1466,1.1537,1.158,1.1623,1.1657,1.172,1.1746,1.1754,1.1765,1.179,1.1775,1.1769,1.1789,1.181,1.1791,1.1814,1.1805,1.1801,1.1796,1.1791,1.1778,1.1814,1.1794,1.1802,1.1798,1.1794,1.1808,1.1807,1.18,1.1815,1.1803,1.1818,1.1818,1.1806,1.18,1.1804,1.1794,1.1801,1.1802,1.1807,1.1798,1.1796,1.1789,1.1806,1.1809,1.1815,1.1806,1.181,1.1814,1.1801,1.1807,1.1817,1.1807,1.1822,1.1824,1.1822,1.1835,1.1839,1.1836,1.1856
2;2,0.1122,0.1149,0.1196,0.1247,0.1306,0.1383,0.1491,0.1638,0.1834,0.2109,0.2479,0.2946,0.3509,0.4156,0.4909,0.5736,0.6619,0.753,0.8488,0.942,1.0321,1.1152,1.1935,1.2571,1.3107,1.3567,1.3937,1.4254,1.4506,1.4754,1.4962,1.5161,1.5344,1.5481,1.5598,1.5669,1.5701,1.5732,1.577,1.5778,1.5785,1.58,1.5818,1.5827,1.5825,1.5823,1.5839,1.5839,1.5854,1.5855,1.5853,1.5852,1.5859,1.586,1.5873,1.5873,1.5873,1.5882,1.5884,1.5889,1.5914,1.5904,1.592,1.5918,1.5924,1.5913,1.5917,1.593,1.5929,1.5933,1.5924,1.5936,1.5934,1.5923,1.5943,1.5934,1.5928,1.594,1.5942,1.594,1.5961,1.596,1.5941,1.5961,1.5955,1.5954,1.594,1.5962,1.596,1.5963,1.5957,1.5958,1.5959,1.5963,1.5963,1.5954
2;3,0.1083,0.1108,0.1149,0.1192,0.124,0.1302,0.1391,0.1503,0.165,0.1851,0.2109,0.2441,0.2847,0.3341,0.3911,0.4564,0.5295,0.6071,0.691,0.7766,0.8623,0.9428,1.0207,1.0885,1.1478,1.199,1.2414,1.2757,1.3027,1.3299,1.3522,1.3777,1.3944,1.4102,1.4227,1.4286,1.438,1.4414,1.4459,1.4452,1.4487,1.4467,1.4469,1.4491,1.4503,1.4473,1.4522,1.4509,1.4522,1.4515,1.4526,1.449,1.4528,1.4512,1.4517,1.457,1.4608,1.4553,1.4573,1.4583,1.458,1.4594,1.458,1.4581,1.4611,1.4588,1.4615,1.4595,1.4603,1.4612,1.4623,1.4601,1.4632,1.4606,1.4621,1.4575,1.4597,1.4614,1.4628,1.4609,1.4634,1.462,1.4623,1.4625,1.4632,1.4642,1.4627,1.4647,1.463,1.4607,1.4627,1.4635,1.4644,1.4633,1.4655,1.4618
3;2,0.1195,0.1231,0.1266,0.1325,0.1379,0.146,0.1559,0.1683,0.183,0.2028,0.2297,0.2577,0.2931,0.333,0.3799,0.432,0.4862,0.5451,0.606,0.6664,0.7305,0.7936,0.8559,0.9133,0.9658,1.0134,1.0551,1.0923,1.1239,1.1501,1.173,1.1942,1.2114,1.2262,1.2396,1.2517,1.2587,1.2639,1.2684,1.2714,1.2737,1.2759,1.2785,1.279,1.278,1.2783,1.2791,1.2801,1.2806,1.2843,1.2819,1.2822,1.2828,1.2835,1.284,1.2837,1.2825,1.2819,1.282,1.282,1.282,1.2817,1.2817,1.282,1.2819,1.2825,1.2827,1.2828,1.2821,1.2815,1.2814,1.2811,1.2815,1.2805,1.2814,1.2803,1.2801,1.2805,1.2791,1.281,1.281,1.2808,1.2813,1.2814,1.2807,1.2816,1.2823,1.2818,1.2817,1.2823,1.283,1.2831,1.2836,1.2844,1.2841,1.2841
,,,,,,,,,,,,,,,,,,,,,,,,,,,,,,,,,,,,,,,,,,,,,,,,,,,,,,,,,,,,,,,,,,,,,,,,,,,,,,,,,,,,,,,,,,,,,,,,
Cycles / Well,,,,,,,,,,,,,,,,,,,,,,,,,,,,,,,,,,,,,,,,,,,,,,,,,,,,,,,,,,,,,,,,,,,,,,,,,,,,,,,,,,,,,,,,,,,,,,,,
B8,1,2,3,4,5,6,7,8,9,10,11,12,13,14,15,16,17,18,19,20,21,22,23,24,25,26,27,28,29,30,31,32,33,34,35,36,37,38,39,40,41,42,43,44,45,46,47,48,49,50,51,52,53,54,55,56,57,58,59,60,61,62,63,64,65,66,67,68,69,70,71,72,73,74,75,76,77,78,79,80,81,82,83,84,85,86,87,88,89,90,91,92,93,94,95,96
Time [s],0,1799.797,3599.741,5399.659,7199.573,8999.513,10799.44,12599.356,14399.272,16199.193,17999.112,19799.048,21598.963,23398.904,25198.829,26998.75,28798.659,30598.586,32398.522,34198.445,35998.366,37798.269,39598.205,41398.126,43198.043,44997.982,46797.898,48597.803,50397.735,52197.643,53997.591,55797.492,57597.42,59397.352,61197.265,62997.193,64797.11,66597.04,68396.981,70196.888,71996.807,73796.739,75596.665,77396.594,79196.521,80996.461,82796.378,84596.302,86396.226,88196.142,89996.07,91796.012,93595.919,95395.853,97195.785,98995.689,100795.633,102595.552,104395.481,106195.482,107995.331,109795.267,111595.183,113395.107,115195.043,116994.958,118794.88,120594.819,122394.73,124194.661,125994.586,127794.51,129594.425,131394.355,133194.302,134994.214,136794.146,138594.064,140393.993,142193.907,143993.836,145793.766,147593.683,149393.62,151193.535,152993.466,154793.383,156593.307,158393.229,160193.151,161993.083,163792.996,165592.93,167392.852,169192.773,170992.712
Temp. [°C],22.2,30,30,30,30,30.1,30,30,30,30,30,29.9,30,30,29.8,30,30,29.9,29.9,30,30,30.1,30,30,30,30,30,30,30,30,30,30,30,30,30,30,30,30,30,30,30.1,30,30,30,30,30,30,30,30,30,30,30,30,30,30,30,30,29.9,30,30,30,30,30,30.1,30,30.1,30,30.1,30,30,30,30,30,30,30,30,30,30,30,30,30,30,30,30,30,30,30,29.9,30,30,30,30,30,30,30,30
Mean,0.11072,0.11326,0.11746,0.12148,0.12624,0.13258,0.14184,0.15366,0.16932,0.19082,0.21956,0.25642,0.30246,0.35662,0.4191,0.48934,0.56736,0.65298,0.74596,0.8478,0.95378,1.05664,1.1483,1.21916,1.2726,1.31298,1.34314,1.36738,1.38604,1.4035,1.41928,1.43322,1.44508,1.45506,1.46222,1.46634,1.46984,1.47334,1.47638,1.47848,1.48102,1.48346,1.48618,1.48816,1.49082,1.49236,1.4953,1.49718,1.4989,1.50028,1.5027,1.50426,1.50572,1.507,1.50872,1.50962,1.51176,1.51196,1.51358,1.51454,1.51556,1.5166,1.51824,1.5194,1.52018,1.52072,1.5219,1.52222,1.52382,1.52514,1.5255,1.52632,1.52726,1.52818,1.52964,1.52982,1.53076,1.53194,1.53118,1.53326,1.53404,1.5349,1.53572,1.5366,1.53734,1.53826,1.53912,1.54008,1.54038,1.5409,1.5419,1.5426,1.54342,1.54394,1.5448,1.54582
StDev,0.002774347,0.003694997,0.004238278,0.004971619,0.005851752,0.006614151,0.007980789,0.009261371,0.011101892,0.012834407,0.015697548,0.019088007,0.024388378,0.031407356,0.04003767,0.050847202,0.063526554,0.076454575,0.089509346,0.098652851,0.101457932,0.092844779,0.080968605,0.071616709,0.06374798,0.058178664,0.05464941,0.050157522,0.0478815,0.045761829,0.043398007,0.042640204,0.041519056,0.039781378,0.038986241,0.03800471,0.037009634,0.036483393,0.0359214,0.035086422,0.034880396,0.034336103,0.033932536,0.033904764,0.033684151,0.03320509,0.033288061,0.032938154,0.032936985,0.032339867,0.03246398,0.032550084,0.032258596,0.032313852,0.031970095,0.031825729,0.031620689,0.031443728,0.031637904,0.031718654,0.031793128,0.03164688,0.03198645,0.031632104,0.03111723,0.031507888,0.031068956,0.030823481,0.03117406,0.030582806,0.030811605,0.030569625,0.030649682,0.030686349,0.030370512,0.030386132,0.030120724,0.030306484,0.029966348,0.030279581,0.030201043,0.030006916,0.030206738,0.029853141,0.02998021,0.03012479,0.029881048,0.029814208,0.029844212,0.029736257,0.029407227,0.029626593,0.029321016,0.029618119,0.029540904,0.029310527
1;2,0.1096,0.1112,0.1155,0.1191,0.1229,0.1286,0.1366,0.1475,0.1624,0.1828,0.211,0.2476,0.2941,0.3504,0.415,0.4882,0.5666,0.6514,0.7398,0.8368,0.9323,1.0249,1.1086,1.1778,1.2356,1.2781,1.3128,1.3433,1.3671,1.388,1.4065,1.4208,1.4335,1.4449,1.4523,1.4576,1.4614,1.4648,1.4675,1.4704,1.4724,1.4747,1.4769,1.4806,1.4821,1.4829,1.485,1.4879,1.4873,1.4901,1.4924,1.495,1.4961,1.4972,1.4984,1.5002,1.5012,1.5024,1.5037,1.5032,1.5053,1.5061,1.5078,1.5087,1.5098,1.5096,1.5105,1.5109,1.5128,1.5144,1.5129,1.5151,1.5151,1.5162,1.518,1.5187,1.5187,1.5199,1.519,1.5211,1.522,1.5229,1.5232,1.5253,1.5247,1.5244,1.5255,1.5273,1.5283,1.5289,1.5294,1.5301,1.5306,1.5307,1.5311,1.5329
2;1,0.1137,0.1178,0.1231,0.1284,0.1344,0.1417,0.153,0.1667,0.1855,0.209,0.2401,0.2775,0.3235,0.3746,0.431,0.4936,0.5619,0.6396,0.7246,0.8256,0.9315,1.0424,1.1374,1.2101,1.2635,1.3023,1.3304,1.3542,1.3722,1.3875,1.405,1.4168,1.4295,1.4398,1.4464,1.4514,1.4543,1.4583,1.4618,1.464,1.467,1.4697,1.4735,1.474,1.478,1.4802,1.4823,1.4842,1.4861,1.4868,1.4902,1.4918,1.4923,1.4939,1.4957,1.4965,1.4984,1.5004,1.5003,1.5014,1.5016,1.5032,1.5041,1.5053,1.506,1.5069,1.5086,1.5097,1.5098,1.5116,1.513,1.5128,1.5131,1.5147,1.5164,1.5164,1.5177,1.5185,1.517,1.5197,1.5195,1.5212,1.5215,1.5223,1.5232,1.5245,1.5254,1.5257,1.526,1.5266,1.528,1.5281,1.5292,1.5302,1.5312,1.532
2;2,0.1111,0.1129,0.1168,0.1206,0.1252,0.1317,0.1408,0.1535,0.1707,0.1956,0.2299,0.2752,0.3326,0.4012,0.4797,0.5672,0.6642,0.7678,0.8781,0.9911,1.1019,1.1952,1.2737,1.3328,1.3754,1.4087,1.4342,1.4516,1.4667,1.481,1.4929,1.5059,1.516,1.523,1.5291,1.5318,1.5337,1.5364,1.5387,1.5395,1.5416,1.5435,1.5456,1.5473,1.5498,1.5507,1.5538,1.5552,1.5569,1.5572,1.5599,1.5615,1.5626,1.5642,1.5652,1.5657,1.5676,1.5674,1.5694,1.5707,1.5717,1.5724,1.5748,1.5753,1.5752,1.5766,1.577,1.5769,1.5791,1.5794,1.5801,1.5805,1.5816,1.5826,1.5836,1.5838,1.5842,1.5857,1.5843,1.587,1.5876,1.5881,1.5892,1.5895,1.5905,1.5917,1.5922,1.5928,1.5933,1.5936,1.5941,1.5952,1.5954,1.5965,1.5972,1.5979
2;3,0.1066,0.1085,0.112,0.1153,0.1193,0.1247,0.1327,0.1428,0.1561,0.1753,0.2002,0.2338,0.2765,0.3306,0.3959,0.471,0.5583,0.6532,0.7593,0.8693,0.9817,1.0803,1.1657,1.2312,1.2805,1.3178,1.3458,1.3675,1.3841,1.4007,1.4142,1.4287,1.4395,1.4492,1.456,1.4581,1.462,1.4652,1.4677,1.4689,1.4722,1.4731,1.4754,1.4779,1.4798,1.4809,1.4853,1.4856,1.4896,1.4909,1.4922,1.4932,1.4952,1.4948,1.4982,1.4993,1.5022,1.5006,1.5036,1.5045,1.506,1.5075,1.5083,1.5102,1.511,1.5105,1.512,1.5118,1.514,1.5151,1.5165,1.5171,1.5189,1.5192,1.5198,1.5197,1.5219,1.5232,1.5234,1.5245,1.526,1.5267,1.5284,1.5285,1.5297,1.5308,1.5312,1.5336,1.5326,1.5333,1.5341,1.5348,1.5364,1.5364,1.5376,1.5379
3;2,0.1126,0.1159,0.1199,0.124,0.1294,0.1362,0.1461,0.1578,0.1719,0.1914,0.2166,0.248,0.2856,0.3263,0.3739,0.4267,0.4858,0.5529,0.628,0.7162,0.8215,0.9404,1.0561,1.1439,1.208,1.258,1.2925,1.3203,1.3401,1.3603,1.3778,1.3939,1.4069,1.4184,1.4273,1.4328,1.4378,1.442,1.4462,1.4496,1.4519,1.4563,1.4595,1.461,1.4644,1.4671,1.4701,1.473,1.4746,1.4764,1.4788,1.4798,1.4824,1.4849,1.4861,1.4864,1.4894,1.489,1.4909,1.4929,1.4932,1.4938,1.4962,1.4975,1.4989,1.5,1.5014,1.5018,1.5034,1.5052,1.505,1.5061,1.5076,1.5082,1.5104,1.5105,1.5113,1.5124,1.5122,1.514,1.5151,1.5156,1.5163,1.5174,1.5186,1.5199,1.5213,1.521,1.5217,1.5221,1.5239,1.5248,1.5255,1.5259,1.5269,1.5284
,,,,,,,,,,,,,,,,,,,,,,,,,,,,,,,,,,,,,,,,,,,,,,,,,,,,,,,,,,,,,,,,,,,,,,,,,,,,,,,,,,,,,,,,,,,,,,,,
Cycles / Well,,,,,,,,,,,,,,,,,,,,,,,,,,,,,,,,,,,,,,,,,,,,,,,,,,,,,,,,,,,,,,,,,,,,,,,,,,,,,,,,,,,,,,,,,,,,,,,,
B9,1,2,3,4,5,6,7,8,9,10,11,12,13,14,15,16,17,18,19,20,21,22,23,24,25,26,27,28,29,30,31,32,33,34,35,36,37,38,39,40,41,42,43,44,45,46,47,48,49,50,51,52,53,54,55,56,57,58,59,60,61,62,63,64,65,66,67,68,69,70,71,72,73,74,75,76,77,78,79,80,81,82,83,84,85,86,87,88,89,90,91,92,93,94,95,96
Time [s],0,1799.797,3599.741,5399.659,7199.573,8999.513,10799.44,12599.356,14399.272,16199.193,17999.112,19799.048,21598.963,23398.904,25198.829,26998.75,28798.659,30598.586,32398.522,34198.445,35998.366,37798.269,39598.205,41398.126,43198.043,44997.982,46797.898,48597.803,50397.735,52197.643,53997.591,55797.492,57597.42,59397.352,61197.265,62997.193,64797.11,66597.04,68396.981,70196.888,71996.807,73796.739,75596.665,77396.594,79196.521,80996.461,82796.378,84596.302,86396.226,88196.142,89996.07,91796.012,93595.919,95395.853,97195.785,98995.689,100795.633,102595.552,104395.481,106195.482,107995.331,109795.267,111595.183,113395.107,115195.043,116994.958,118794.88,120594.819,122394.73,124194.661,125994.586,127794.51,129594.425,131394.355,133194.302,134994.214,136794.146,138594.064,140393.993,142193.907,143993.836,145793.766,147593.683,149393.62,151193.535,152993.466,154793.383,156593.307,158393.229,160193.151,161993.083,163792.996,165592.93,167392.852,169192.773,170992.712
Temp. [°C],22.2,30,30,30,30,30.1,30,30,30,30,30,29.9,30,30,29.8,30,30,29.9,29.9,30,30,30.1,30,30,30,30,30,30,30,30,30,30,30,30,30,30,30,30,30,30,30.1,30,30,30,30,30,30,30,30,30,30,30,30,30,30,30,30,29.9,30,30,30,30,30,30.1,30,30.1,30,30.1,30,30,30,30,30,30,30,30,30,30,30,30,30,30,30,30,30,30,30,29.9,30,30,30,30,30,30,30,30
Mean,0.1137,0.11654,0.12012,0.12374,0.1281,0.13406,0.14228,0.1534,0.16832,0.18824,0.21516,0.24888,0.29138,0.34212,0.40216,0.47238,0.55184,0.64058,0.73954,0.84724,0.958,1.06026,1.14302,1.20898,1.26062,1.3011,1.33472,1.36126,1.38424,1.4042,1.42428,1.44186,1.45662,1.46756,1.47644,1.48164,1.48616,1.48838,1.49142,1.49376,1.49652,1.4987,1.5003,1.50244,1.50478,1.50674,1.5097,1.51102,1.51338,1.51452,1.51562,1.51662,1.51844,1.5193,1.52124,1.52258,1.52404,1.52422,1.52514,1.52674,1.52712,1.52774,1.52932,1.53042,1.53132,1.53192,1.53266,1.53336,1.5343,1.53552,1.53624,1.53666,1.53796,1.53834,1.53946,1.53944,1.5404,1.54136,1.54084,1.54234,1.54318,1.54376,1.54468,1.54526,1.54566,1.54656,1.54694,1.5476,1.54814,1.54886,1.5498,1.5501,1.5507,1.5516,1.55202,1.55246
StDev,0.004828043,0.005449587,0.005796723,0.006312527,0.007110907,0.007888473,0.008826777,0.010160709,0.011654055,0.013158001,0.015393115,0.01706303,0.019742391,0.023593156,0.028432253,0.036136298,0.04462004,0.055398303,0.065541918,0.0726361,0.072910253,0.066176076,0.061103985,0.056960135,0.052180906,0.050069202,0.046790298,0.043559247,0.042348471,0.040569447,0.039009704,0.037749874,0.037519355,0.035629665,0.035213818,0.03431826,0.033231055,0.031644699,0.0321594,0.031475117,0.030862874,0.031080058,0.030725153,0.030295759,0.029754949,0.029731515,0.029686192,0.02956158,0.029074852,0.028407341,0.028782929,0.028808714,0.028569442,0.028905536,0.028386229,0.028572312,0.027988712,0.028226796,0.027550009,0.027717918,0.027572668,0.027460208,0.027442795,0.027785554,0.027500036,0.027464832,0.027167315,0.026593477,0.027029798,0.026876886,0.027185897,0.026824392,0.026961324,0.026438759,0.026690972,0.026516938,0.02650764,0.026472023,0.026600996,0.0265694,0.026055556,0.026106187,0.02601859,0.026188223,0.025861516,0.025690621,0.025553239,0.026054462,0.02549496,0.025621631,0.025761017,0.025707781,0.025240543,0.025437472,0.025429255,0.025749233
1;2,0.1108,0.1127,0.1165,0.1197,0.1233,0.1287,0.136,0.1463,0.1604,0.1795,0.2054,0.2404,0.285,0.3398,0.4045,0.4824,0.5697,0.6684,0.7756,0.8894,1.0014,1.0993,1.1794,1.2433,1.2928,1.3311,1.3611,1.3866,1.41,1.4285,1.448,1.4641,1.4783,1.4872,1.4955,1.5014,1.5044,1.5049,1.5082,1.5096,1.5131,1.5156,1.5173,1.5186,1.5208,1.5231,1.525,1.5262,1.5283,1.5283,1.5307,1.532,1.532,1.5336,1.5355,1.5367,1.5379,1.539,1.5386,1.5399,1.5407,1.5409,1.5423,1.544,1.5442,1.5448,1.5456,1.546,1.547,1.5474,1.5493,1.5494,1.5499,1.55,1.5507,1.5519,1.5532,1.5531,1.5504,1.5541,1.5555,1.5558,1.5561,1.5574,1.5572,1.5578,1.5577,1.5585,1.5583,1.5596,1.5601,1.56,1.5614,1.5624,1.5625,1.5632
2;1,0.1174,0.1216,0.1263,0.131,0.1364,0.1435,0.1533,0.1671,0.1852,0.208,0.238,0.2731,0.3156,0.3641,0.4176,0.4784,0.545,0.6212,0.7061,0.8047,0.9153,1.0243,1.1113,1.1803,1.2339,1.275,1.3111,1.3382,1.361,1.3815,1.4033,1.4218,1.437,1.4489,1.4581,1.4639,1.4696,1.4731,1.4758,1.4787,1.4816,1.4843,1.4876,1.4888,1.4914,1.4938,1.496,1.4977,1.5005,1.5014,1.5027,1.5046,1.5062,1.5066,1.509,1.5102,1.5119,1.5124,1.5131,1.5145,1.5142,1.5153,1.5174,1.5183,1.519,1.5195,1.5207,1.5222,1.5223,1.5237,1.5239,1.5252,1.5264,1.5267,1.5279,1.5277,1.5282,1.5295,1.528,1.5301,1.5305,1.5322,1.5325,1.5334,1.5343,1.5353,1.5349,1.535,1.5363,1.5374,1.5382,1.5392,1.5391,1.5401,1.5406,1.5408
2;2,0.1125,0.1146,0.1179,0.1214,0.1253,0.1311,0.1395,0.1509,0.1668,0.1885,0.219,0.2583,0.3084,0.3683,0.4391,0.5216,0.6127,0.7139,0.8237,0.9379,1.0478,1.1438,1.2199,1.2811,1.3281,1.3669,1.3973,1.4201,1.4417,1.4596,1.4778,1.4935,1.5092,1.5179,1.5266,1.5303,1.5339,1.534,1.5381,1.5399,1.5413,1.5438,1.5448,1.5465,1.5481,1.5499,1.5532,1.5547,1.5562,1.5572,1.5581,1.559,1.5612,1.5625,1.5635,1.5652,1.5655,1.5658,1.5662,1.5684,1.5683,1.5688,1.5704,1.5717,1.5726,1.5733,1.5735,1.5734,1.575,1.5764,1.5772,1.577,1.5788,1.5786,1.5803,1.5795,1.5803,1.5817,1.5823,1.5828,1.5825,1.5832,1.5844,1.5849,1.585,1.5857,1.5863,1.5877,1.5876,1.5882,1.5897,1.59,1.5895,1.5908,1.5913,1.5923
2;3,0.108,0.1108,0.1137,0.1168,0.1206,0.1257,0.1329,0.1424,0.1555,0.1736,0.1974,0.2292,0.2698,0.3202,0.3828,0.4561,0.5415,0.6344,0.7404,0.8532,0.9647,1.0615,1.1433,1.2072,1.2552,1.2953,1.329,1.354,1.3751,1.3955,1.414,1.4335,1.4454,1.4576,1.466,1.4696,1.4739,1.4776,1.4795,1.4816,1.484,1.485,1.4847,1.4891,1.4911,1.4922,1.497,1.4967,1.4997,1.5001,1.501,1.5007,1.5045,1.5042,1.5063,1.5079,1.5109,1.5093,1.5117,1.5128,1.5139,1.5149,1.5162,1.5174,1.5184,1.5184,1.5188,1.5189,1.5208,1.5221,1.522,1.5226,1.5249,1.525,1.5263,1.5255,1.5267,1.5279,1.5297,1.5294,1.5307,1.5307,1.532,1.5319,1.5324,1.5337,1.5341,1.5352,1.5358,1.5361,1.5367,1.5369,1.5379,1.5379,1.5387,1.5383
3;2,0.1198,0.123,0.1262,0.1298,0.1349,0.1413,0.1497,0.1603,0.1737,0.1916,0.216,0.2434,0.2781,0.3182,0.3668,0.4234,0.4903,0.565,0.6519,0.751,0.8608,0.9724,1.0612,1.133,1.1931,1.2372,1.2751,1.3074,1.3334,1.3559,1.3783,1.3964,1.4132,1.4262,1.436,1.443,1.449,1.4523,1.4555,1.459,1.4626,1.4648,1.4671,1.4692,1.4725,1.4747,1.4773,1.4798,1.4822,1.4856,1.4856,1.4868,1.4883,1.4896,1.4919,1.4929,1.494,1.4946,1.4961,1.4981,1.4985,1.4988,1.5003,1.5007,1.5024,1.5036,1.5047,1.5063,1.5064,1.508,1.5088,1.5091,1.5098,1.5114,1.5121,1.5126,1.5136,1.5146,1.5138,1.5153,1.5167,1.5169,1.5184,1.5187,1.5194,1.5203,1.5217,1.5216,1.5227,1.523,1.5243,1.5244,1.5256,1.5268,1.527,1.5277
,,,,,,,,,,,,,,,,,,,,,,,,,,,,,,,,,,,,,,,,,,,,,,,,,,,,,,,,,,,,,,,,,,,,,,,,,,,,,,,,,,,,,,,,,,,,,,,,
Cycles / Well,,,,,,,,,,,,,,,,,,,,,,,,,,,,,,,,,,,,,,,,,,,,,,,,,,,,,,,,,,,,,,,,,,,,,,,,,,,,,,,,,,,,,,,,,,,,,,,,
B10,1,2,3,4,5,6,7,8,9,10,11,12,13,14,15,16,17,18,19,20,21,22,23,24,25,26,27,28,29,30,31,32,33,34,35,36,37,38,39,40,41,42,43,44,45,46,47,48,49,50,51,52,53,54,55,56,57,58,59,60,61,62,63,64,65,66,67,68,69,70,71,72,73,74,75,76,77,78,79,80,81,82,83,84,85,86,87,88,89,90,91,92,93,94,95,96
Time [s],0,1799.797,3599.741,5399.659,7199.573,8999.513,10799.44,12599.356,14399.272,16199.193,17999.112,19799.048,21598.963,23398.904,25198.829,26998.75,28798.659,30598.586,32398.522,34198.445,35998.366,37798.269,39598.205,41398.126,43198.043,44997.982,46797.898,48597.803,50397.735,52197.643,53997.591,55797.492,57597.42,59397.352,61197.265,62997.193,64797.11,66597.04,68396.981,70196.888,71996.807,73796.739,75596.665,77396.594,79196.521,80996.461,82796.378,84596.302,86396.226,88196.142,89996.07,91796.012,93595.919,95395.853,97195.785,98995.689,100795.633,102595.552,104395.481,106195.482,107995.331,109795.267,111595.183,113395.107,115195.043,116994.958,118794.88,120594.819,122394.73,124194.661,125994.586,127794.51,129594.425,131394.355,133194.302,134994.214,136794.146,138594.064,140393.993,142193.907,143993.836,145793.766,147593.683,149393.62,151193.535,152993.466,154793.383,156593.307,158393.229,160193.151,161993.083,163792.996,165592.93,167392.852,169192.773,170992.712
Temp. [°C],22.2,30,30,30,30,30.1,30,30,30,30,30,29.9,30,30,29.8,30,30,29.9,29.9,30,30,30.1,30,30,30,30,30,30,30,30,30,30,30,30,30,30,30,30,30,30,30.1,30,30,30,30,30,30,30,30,30,30,30,30,30,30,30,30,29.9,30,30,30,30,30,30.1,30,30.1,30,30.1,30,30,30,30,30,30,30,30,30,30,30,30,30,30,30,30,30,30,30,29.9,30,30,30,30,30,30,30,30
Mean,0.11518,0.11896,0.12216,0.12242,0.12266,0.12208,0.12202,0.12126,0.12072,0.12034,0.12018,0.11986,0.11982,0.11966,0.11956,0.11948,0.11948,0.11958,0.11972,0.1198,0.11988,0.12004,0.1201,0.12018,0.12032,0.12056,0.12088,0.12096,0.12098,0.1211,0.1213,0.1214,0.12152,0.1216,0.12178,0.12194,0.12206,0.12228,0.12256,0.1228,0.12274,0.12294,0.12308,0.12308,0.1232,0.12338,0.12342,0.12358,0.12376,0.12722,0.12396,0.12406,0.12412,0.12418,0.1243,0.12448,0.1246,0.12476,0.12476,0.1249,0.12492,0.12498,0.12508,0.1251,0.1253,0.12528,0.12562,0.1257,0.12568,0.12588,0.12596,0.12618,0.12642,0.1266,0.12682,0.1269,0.12702,0.1275,0.12772,0.12792,0.12806,0.1284,0.12866,0.1289,0.12922,0.12958,0.1299,0.13024,0.13046,0.13074,0.1308,0.13106,0.13148,0.1318,0.13234,0.13298
StDev,0.0053937,0.006375186,0.006723318,0.00443813,0.00424535,0.003446302,0.003631391,0.003154838,0.002970185,0.00286932,0.002907232,0.002698703,0.002737152,0.002737334,0.002728186,0.002717904,0.002690167,0.002738978,0.002786037,0.002730385,0.002858671,0.002820993,0.002791057,0.002851666,0.002877846,0.002961081,0.003059739,0.002988812,0.003034304,0.003019934,0.003037269,0.003112073,0.003044175,0.00299583,0.003116408,0.003216831,0.003138152,0.003182295,0.003282225,0.003497856,0.003152459,0.003321596,0.003283596,0.003227538,0.003344398,0.003372981,0.003252999,0.003346192,0.003343352,0.009310048,0.003426806,0.003424617,0.003403968,0.003316926,0.003344398,0.0033544,0.003433657,0.003540904,0.003415113,0.003336915,0.003338712,0.003367789,0.003407638,0.003305299,0.003353357,0.003344697,0.003495998,0.003434385,0.00342301,0.003465833,0.003491848,0.00353935,0.003592631,0.003718871,0.003721156,0.003675595,0.003729209,0.003792097,0.003783781,0.003739251,0.003683477,0.003684427,0.00369973,0.003743661,0.003863548,0.004081911,0.004025543,0.004063619,0.004036459,0.004164493,0.004014349,0.003956387,0.004191301,0.00434281,0.004457914,0.004377442
1;2,0.1108,0.1142,0.1174,0.1196,0.1201,0.1203,0.1201,0.1198,0.1195,0.1193,0.119,0.1189,0.1189,0.1188,0.1188,0.1186,0.1186,0.1187,0.1187,0.119,0.1189,0.1191,0.1192,0.1192,0.1193,0.1195,0.1197,0.1198,0.1199,0.1199,0.1203,0.1203,0.1205,0.1205,0.1206,0.1208,0.121,0.1211,0.1213,0.1214,0.1216,0.1217,0.1218,0.122,0.122,0.1221,0.1223,0.1223,0.1225,0.1225,0.1226,0.1229,0.1228,0.123,0.1231,0.1232,0.1231,0.1234,0.1235,0.1236,0.1236,0.1236,0.1238,0.124,0.1241,0.1242,0.1244,0.1246,0.1248,0.1248,0.1249,0.1252,0.1254,0.1254,0.1256,0.126,0.1263,0.127,0.1272,0.1275,0.1277,0.1282,0.1287,0.1288,0.1292,0.1298,0.1302,0.1304,0.1309,0.1311,0.1315,0.1317,0.1324,0.1329,0.1332,0.1342
2;1,0.12,0.1244,0.1264,0.1263,0.1262,0.1252,0.1243,0.1239,0.1235,0.1229,0.1226,0.1223,0.1223,0.1221,0.1219,0.1219,0.1217,0.1218,0.1219,0.1219,0.1221,0.1221,0.1222,0.1222,0.1223,0.1225,0.1229,0.1231,0.123,0.1231,0.1231,0.1232,0.1233,0.1234,0.1238,0.1236,0.1238,0.124,0.124,0.1242,0.1244,0.1244,0.1247,0.1246,0.1246,0.1246,0.125,0.125,0.1251,0.126,0.1253,0.1254,0.1253,0.1256,0.1256,0.1258,0.1259,0.1257,0.1259,0.126,0.1262,0.126,0.126,0.1261,0.1261,0.1263,0.1264,0.1266,0.1262,0.1265,0.1264,0.1263,0.1265,0.1265,0.1263,0.1262,0.126,0.1264,0.1266,0.1269,0.1267,0.1269,0.1271,0.1273,0.1271,0.127,0.1271,0.1272,0.1273,0.1273,0.1272,0.1276,0.1278,0.1277,0.1278,0.1284
2;2,0.1136,0.1169,0.1204,0.1225,0.123,0.123,0.1229,0.1227,0.1224,0.1221,0.1219,0.1216,0.1217,0.1215,0.1216,0.1215,0.1215,0.1216,0.1218,0.1219,0.1219,0.1221,0.1221,0.1223,0.1224,0.1225,0.1229,0.1228,0.1229,0.1231,0.123,0.1234,0.1236,0.1236,0.1238,0.1239,0.1241,0.1244,0.1246,0.1247,0.1248,0.125,0.1251,0.1252,0.1254,0.1257,0.1258,0.126,0.126,0.1262,0.1264,0.1266,0.1268,0.1268,0.1269,0.1272,0.1273,0.1273,0.1276,0.1275,0.1278,0.1281,0.1282,0.1282,0.1284,0.1284,0.1289,0.1289,0.129,0.1293,0.1296,0.1299,0.1303,0.1305,0.1308,0.131,0.1312,0.1316,0.1321,0.1323,0.1325,0.133,0.1333,0.1335,0.134,0.1346,0.1347,0.1351,0.1354,0.1354,0.1358,0.1358,0.1361,0.1368,0.1375,0.1382
2;3,0.1098,0.1124,0.1151,0.1166,0.1169,0.117,0.1168,0.1164,0.1161,0.1158,0.1156,0.1156,0.1155,0.1153,0.1152,0.1152,0.1152,0.1152,0.1153,0.1154,0.1153,0.1155,0.1156,0.1156,0.1157,0.1158,0.116,0.1162,0.1161,0.1163,0.1164,0.1164,0.1166,0.1168,0.1168,0.1168,0.117,0.1172,0.1174,0.1174,0.1177,0.1177,0.1179,0.1179,0.1179,0.1181,0.1182,0.1183,0.1185,0.1185,0.1186,0.1186,0.1188,0.1189,0.119,0.1192,0.1193,0.1193,0.1194,0.1197,0.1197,0.1198,0.1198,0.1199,0.1201,0.12,0.1202,0.1203,0.1203,0.1205,0.1206,0.1208,0.121,0.1211,0.1215,0.1216,0.1217,0.122,0.1223,0.1225,0.1229,0.1233,0.1235,0.1237,0.1241,0.1243,0.1248,0.1253,0.1256,0.1258,0.1263,0.1265,0.1265,0.1269,0.1277,0.1285
3;2,0.1217,0.1269,0.1315,0.1271,0.1271,0.1249,0.126,0.1235,0.1221,0.1216,0.1218,0.1209,0.1207,0.1206,0.1203,0.1202,0.1204,0.1206,0.1209,0.1208,0.1212,0.1214,0.1214,0.1216,0.1219,0.1225,0.1229,0.1229,0.123,0.1231,0.1237,0.1237,0.1236,0.1237,0.1239,0.1246,0.1244,0.1247,0.1255,0.1263,0.1252,0.1259,0.1259,0.1257,0.1261,0.1264,0.1258,0.1263,0.1267,0.1429,0.1269,0.1268,0.1269,0.1266,0.1269,0.127,0.1274,0.1281,0.1274,0.1277,0.1273,0.1274,0.1276,0.1273,0.1278,0.1275,0.1282,0.1281,0.1281,0.1283,0.1283,0.1287,0.1289,0.1295,0.1299,0.1297,0.1299,0.1305,0.1304,0.1304,0.1305,0.1306,0.1307,0.1312,0.1317,0.1322,0.1327,0.1332,0.1331,0.1341,0.1332,0.1337,0.1346,0.1347,0.1355,0.1356
,,,,,,,,,,,,,,,,,,,,,,,,,,,,,,,,,,,,,,,,,,,,,,,,,,,,,,,,,,,,,,,,,,,,,,,,,,,,,,,,,,,,,,,,,,,,,,,,
Cycles / Well,,,,,,,,,,,,,,,,,,,,,,,,,,,,,,,,,,,,,,,,,,,,,,,,,,,,,,,,,,,,,,,,,,,,,,,,,,,,,,,,,,,,,,,,,,,,,,,,
B11,1,2,3,4,5,6,7,8,9,10,11,12,13,14,15,16,17,18,19,20,21,22,23,24,25,26,27,28,29,30,31,32,33,34,35,36,37,38,39,40,41,42,43,44,45,46,47,48,49,50,51,52,53,54,55,56,57,58,59,60,61,62,63,64,65,66,67,68,69,70,71,72,73,74,75,76,77,78,79,80,81,82,83,84,85,86,87,88,89,90,91,92,93,94,95,96
Time [s],0,1799.797,3599.741,5399.659,7199.573,8999.513,10799.44,12599.356,14399.272,16199.193,17999.112,19799.048,21598.963,23398.904,25198.829,26998.75,28798.659,30598.586,32398.522,34198.445,35998.366,37798.269,39598.205,41398.126,43198.043,44997.982,46797.898,48597.803,50397.735,52197.643,53997.591,55797.492,57597.42,59397.352,61197.265,62997.193,64797.11,66597.04,68396.981,70196.888,71996.807,73796.739,75596.665,77396.594,79196.521,80996.461,82796.378,84596.302,86396.226,88196.142,89996.07,91796.012,93595.919,95395.853,97195.785,98995.689,100795.633,102595.552,104395.481,106195.482,107995.331,109795.267,111595.183,113395.107,115195.043,116994.958,118794.88,120594.819,122394.73,124194.661,125994.586,127794.51,129594.425,131394.355,133194.302,134994.214,136794.146,138594.064,140393.993,142193.907,143993.836,145793.766,147593.683,149393.62,151193.535,152993.466,154793.383,156593.307,158393.229,160193.151,161993.083,163792.996,165592.93,167392.852,169192.773,170992.712
Temp. [°C],22.2,30,30,30,30,30.1,30,30,30,30,30,29.9,30,30,29.8,30,30,29.9,29.9,30,30,30.1,30,30,30,30,30,30,30,30,30,30,30,30,30,30,30,30,30,30,30.1,30,30,30,30,30,30,30,30,30,30,30,30,30,30,30,30,29.9,30,30,30,30,30,30.1,30,30.1,30,30.1,30,30,30,30,30,30,30,30,30,30,30,30,30,30,30,30,30,30,30,29.9,30,30,30,30,30,30,30,30
Mean,0.11254,0.1149,0.11864,0.12138,0.12476,0.12942,0.13726,0.14586,0.15912,0.17816,0.2027,0.23602,0.27686,0.3252,0.37856,0.43526,0.49184,0.54694,0.59796,0.64426,0.68556,0.72088,0.75214,0.77928,0.80252,0.82374,0.84266,0.85898,0.87316,0.88686,0.90046,0.9125,0.9248,0.93742,0.9501,0.96296,0.97792,0.99244,1.01012,1.0285,1.04984,1.0702,1.09076,1.10952,1.12664,1.14092,1.15146,1.16086,1.16602,1.17074,1.17056,1.1726,1.1716,1.1714,1.17128,1.16966,1.16872,1.16802,1.16582,1.16458,1.1626,1.16088,1.1598,1.15808,1.15674,1.15552,1.15378,1.15344,1.15186,1.15098,1.14912,1.14886,1.14746,1.14636,1.14526,1.1449,1.144,1.14324,1.14158,1.14174,1.14232,1.14094,1.14098,1.14054,1.14028,1.13926,1.13954,1.13934,1.13926,1.1394,1.13898,1.13934,1.1401,1.13996,1.13984,1.14018
StDev,0.004467997,0.005068037,0.006631214,0.006205401,0.006195805,0.005826834,0.006965845,0.005419686,0.004732547,0.004409989,0.004732864,0.006373931,0.011112515,0.016735143,0.024547668,0.032835316,0.040827846,0.048014248,0.056490955,0.063245458,0.069044717,0.074171942,0.078556082,0.082402955,0.085891076,0.088196616,0.089288398,0.092900253,0.095554948,0.098276513,0.10145259,0.104212715,0.107509,0.110610904,0.11349174,0.117031248,0.119441668,0.122146523,0.125234249,0.127965601,0.129666063,0.132057166,0.133630322,0.134653804,0.135384815,0.135400949,0.135359865,0.135258024,0.133736502,0.13015684,0.132642388,0.131749023,0.131591527,0.131069733,0.130958112,0.13069148,0.131640902,0.131573029,0.131006496,0.130787679,0.132073692,0.132544189,0.132018162,0.131963203,0.132445963,0.131760605,0.131742161,0.132422819,0.131988193,0.132121675,0.132427006,0.132649323,0.13193365,0.131375504,0.132157399,0.131387975,0.131062523,0.130943873,0.130760743,0.130582476,0.132086816,0.131381726,0.131577855,0.131661243,0.130778198,0.129854584,0.130167212,0.130174625,0.129938978,0.129667247,0.130110672,0.129675028,0.129663102,0.129799164,0.129739289,0.128917287
1;2,0.1103,0.1118,0.1144,0.1174,0.1208,0.1256,0.1326,0.1425,0.1566,0.1757,0.2018,0.2369,0.2819,0.3351,0.3938,0.4556,0.5174,0.577,0.632,0.6828,0.7256,0.7634,0.7971,0.8256,0.8508,0.8714,0.8905,0.9081,0.9243,0.9407,0.9562,0.9644,0.9802,0.9932,1.0064,1.0234,1.0379,1.0519,1.0732,1.0919,1.113,1.1353,1.157,1.179,1.1955,1.2091,1.2183,1.2306,1.233,1.2369,1.2383,1.2451,1.2388,1.2377,1.2398,1.2377,1.2351,1.2404,1.2346,1.2327,1.2318,1.2287,1.2282,1.2272,1.2248,1.2245,1.2222,1.2227,1.2217,1.2199,1.217,1.2205,1.2131,1.2121,1.2138,1.2153,1.2114,1.2101,1.2065,1.2081,1.2105,1.2086,1.2097,1.2102,1.2085,1.2034,1.2059,1.2057,1.2048,1.2072,1.2059,1.2047,1.2068,1.2064,1.206,1.2076
2;1,0.1173,0.12,0.1232,0.1263,0.1303,0.135,0.1418,0.151,0.1644,0.1825,0.205,0.2341,0.2685,0.3097,0.3548,0.4012,0.4471,0.4936,0.5347,0.5722,0.6057,0.6335,0.6596,0.6814,0.7012,0.7173,0.7344,0.7476,0.7584,0.7693,0.7788,0.7877,0.7961,0.8056,0.8145,0.8239,0.8358,0.847,0.8612,0.8767,0.8958,0.9132,0.9312,0.9481,0.963,0.977,0.9862,0.9951,1.0015,1.0094,1.0076,1.0112,1.0097,1.01,1.01,1.0084,1.0058,1.0056,1.0032,1.0024,0.9988,0.9957,0.9955,0.9934,0.9909,0.991,0.9893,0.988,0.9872,0.9854,0.9831,0.982,0.9815,0.9808,0.9786,0.9797,0.9789,0.9783,0.9759,0.9769,0.9752,0.9746,0.9743,0.9742,0.9748,0.9745,0.9744,0.9741,0.9742,0.9749,0.9734,0.9739,0.9751,0.9743,0.9744,0.976
2;2,0.1119,0.1135,0.1163,0.1194,0.1229,0.1282,0.1357,0.1459,0.1606,0.1815,0.2096,0.2466,0.2933,0.3474,0.4082,0.473,0.5369,0.5986,0.6573,0.7088,0.7551,0.7949,0.8306,0.8615,0.8883,0.9122,0.9322,0.9521,0.9687,0.9854,1.0005,1.0162,1.0306,1.0458,1.0607,1.0756,1.0927,1.1101,1.1286,1.1499,1.1722,1.195,1.2165,1.235,1.2513,1.2668,1.2757,1.2848,1.2878,1.2906,1.2912,1.2922,1.2923,1.2913,1.2901,1.2869,1.286,1.2853,1.2828,1.2821,1.28,1.2769,1.2767,1.2741,1.2719,1.2708,1.2685,1.2687,1.2665,1.2649,1.2629,1.2612,1.2609,1.2593,1.2578,1.2569,1.2558,1.2546,1.2523,1.2525,1.2534,1.251,1.2503,1.2501,1.2492,1.2479,1.2481,1.2475,1.2471,1.2472,1.2458,1.2458,1.2458,1.246,1.2461,1.2453
2;3,0.1066,0.1089,0.1116,0.1145,0.1177,0.1225,0.1295,0.1387,0.1523,0.1718,0.1977,0.2318,0.2749,0.3256,0.384,0.4459,0.5076,0.5674,0.6255,0.6771,0.7246,0.764,0.7978,0.828,0.8533,0.8769,0.8968,0.9162,0.9317,0.9456,0.963,0.9806,0.9948,1.0112,1.0273,1.0422,1.0605,1.0782,1.0987,1.1196,1.1438,1.165,1.1869,1.2053,1.2253,1.2388,1.252,1.2589,1.2654,1.2649,1.2682,1.2653,1.2673,1.2676,1.2665,1.2664,1.2688,1.2628,1.2627,1.261,1.261,1.2628,1.2592,1.2576,1.259,1.2555,1.2548,1.2546,1.2523,1.2531,1.2529,1.2513,1.2523,1.2504,1.249,1.2461,1.2472,1.2471,1.2471,1.2458,1.2476,1.2462,1.2465,1.2453,1.245,1.2456,1.2448,1.245,1.2454,1.2432,1.2453,1.2463,1.2468,1.2467,1.2465,1.2453
3;2,0.1166,0.1203,0.1277,0.1293,0.1321,0.1358,0.1467,0.1512,0.1617,0.1793,0.1994,0.2307,0.2657,0.3082,0.352,0.4006,0.4502,0.4981,0.5403,0.5804,0.6168,0.6486,0.6756,0.6999,0.719,0.7409,0.7594,0.7709,0.7827,0.7933,0.8038,0.8136,0.8223,0.8313,0.8416,0.8497,0.8627,0.875,0.8889,0.9044,0.9244,0.9425,0.9622,0.9802,0.9981,1.0129,1.0251,1.0349,1.0424,1.0519,1.0475,1.0492,1.0499,1.0504,1.05,1.0489,1.0479,1.046,1.0458,1.0447,1.0414,1.0403,1.0394,1.0381,1.0371,1.0358,1.0341,1.0332,1.0316,1.0316,1.0297,1.0293,1.0295,1.0292,1.0271,1.0265,1.0267,1.0261,1.0261,1.0254,1.0249,1.0243,1.0241,1.0229,1.0239,1.0249,1.0245,1.0244,1.0248,1.0245,1.0245,1.026,1.026,1.0264,1.0262,1.0267
,,,,,,,,,,,,,,,,,,,,,,,,,,,,,,,,,,,,,,,,,,,,,,,,,,,,,,,,,,,,,,,,,,,,,,,,,,,,,,,,,,,,,,,,,,,,,,,,
Cycles / Well,,,,,,,,,,,,,,,,,,,,,,,,,,,,,,,,,,,,,,,,,,,,,,,,,,,,,,,,,,,,,,,,,,,,,,,,,,,,,,,,,,,,,,,,,,,,,,,,
B12,1,2,3,4,5,6,7,8,9,10,11,12,13,14,15,16,17,18,19,20,21,22,23,24,25,26,27,28,29,30,31,32,33,34,35,36,37,38,39,40,41,42,43,44,45,46,47,48,49,50,51,52,53,54,55,56,57,58,59,60,61,62,63,64,65,66,67,68,69,70,71,72,73,74,75,76,77,78,79,80,81,82,83,84,85,86,87,88,89,90,91,92,93,94,95,96
Time [s],0,1799.797,3599.741,5399.659,7199.573,8999.513,10799.44,12599.356,14399.272,16199.193,17999.112,19799.048,21598.963,23398.904,25198.829,26998.75,28798.659,30598.586,32398.522,34198.445,35998.366,37798.269,39598.205,41398.126,43198.043,44997.982,46797.898,48597.803,50397.735,52197.643,53997.591,55797.492,57597.42,59397.352,61197.265,62997.193,64797.11,66597.04,68396.981,70196.888,71996.807,73796.739,75596.665,77396.594,79196.521,80996.461,82796.378,84596.302,86396.226,88196.142,89996.07,91796.012,93595.919,95395.853,97195.785,98995.689,100795.633,102595.552,104395.481,106195.482,107995.331,109795.267,111595.183,113395.107,115195.043,116994.958,118794.88,120594.819,122394.73,124194.661,125994.586,127794.51,129594.425,131394.355,133194.302,134994.214,136794.146,138594.064,140393.993,142193.907,143993.836,145793.766,147593.683,149393.62,151193.535,152993.466,154793.383,156593.307,158393.229,160193.151,161993.083,163792.996,165592.93,167392.852,169192.773,170992.712
Temp. [°C],22.2,30,30,30,30,30.1,30,30,30,30,30,29.9,30,30,29.8,30,30,29.9,29.9,30,30,30.1,30,30,30,30,30,30,30,30,30,30,30,30,30,30,30,30,30,30,30.1,30,30,30,30,30,30,30,30,30,30,30,30,30,30,30,30,29.9,30,30,30,30,30,30.1,30,30.1,30,30.1,30,30,30,30,30,30,30,30,30,30,30,30,30,30,30,30,30,30,30,29.9,30,30,30,30,30,30,30,30
Mean,0.09534,0.0953,0.09522,0.09538,0.09528,0.09536,0.09548,0.09538,0.09554,0.0955,0.0955,0.09554,0.09564,0.09562,0.0956,0.09566,0.0956,0.0957,0.09566,0.09576,0.09572,0.09586,0.0959,0.09572,0.09582,0.09584,0.09616,0.09612,0.09608,0.09632,0.09624,0.09616,0.09628,0.09616,0.09624,0.09624,0.09628,0.09642,0.09676,0.09662,0.09698,0.09698,0.0971,0.09716,0.09702,0.09718,0.0972,0.09724,0.09744,0.0994,0.09744,0.09754,0.09752,0.09746,0.09806,0.09804,0.0977,0.0981,0.0981,0.09784,0.09778,0.09754,0.09772,0.09772,0.098,0.09798,0.09814,0.09812,0.09818,0.0982,0.09814,0.0982,0.09828,0.09856,0.09838,0.0986,0.09852,0.09862,0.09854,0.09888,0.09856,0.099,0.09896,0.09906,0.0993,0.09958,0.09948,0.09956,0.09968,0.09988,0.09972,0.09982,0.10034,0.10046,0.09994,0.10078
StDev,0.00292113,0.002980772,0.002749,0.002828781,0.002957533,0.00292113,0.002828781,0.002940578,0.002864088,0.002804461,0.002804461,0.002799643,0.002752817,0.00272158,0.002690725,0.002672639,0.002648585,0.002601922,0.002616868,0.002628307,0.002626214,0.00258515,0.002601922,0.002585923,0.002589788,0.002510578,0.002368122,0.002433516,0.002457031,0.002446835,0.002472448,0.002457234,0.002428374,0.002443972,0.002422396,0.002443972,0.002452957,0.002484351,0.00265669,0.002555778,0.002938877,0.002870888,0.00296395,0.003089175,0.002940578,0.003196404,0.003080584,0.003151666,0.003284509,0.006573812,0.003533129,0.00369635,0.003703647,0.00363084,0.00441622,0.004466878,0.003682391,0.004509989,0.004551373,0.004135577,0.003875177,0.00364184,0.003889987,0.003987731,0.004392607,0.00442459,0.004599783,0.004506329,0.004703935,0.004651344,0.004754787,0.004772316,0.004923109,0.005552297,0.005187678,0.005450229,0.005435715,0.005477865,0.005312062,0.006100164,0.005838921,0.006372598,0.006285141,0.006739659,0.006933614,0.007462372,0.007292256,0.007358532,0.007721852,0.008047795,0.007848376,0.007941159,0.009190375,0.009340128,0.008484869,0.009769698
1;2,0.0981,0.0981,0.0979,0.098,0.098,0.0981,0.0981,0.0981,0.0982,0.0982,0.0981,0.0981,0.0981,0.0981,0.098,0.0982,0.0979,0.098,0.0981,0.0981,0.098,0.0982,0.0982,0.098,0.0982,0.098,0.0981,0.0981,0.0981,0.0982,0.0981,0.0979,0.098,0.0981,0.0981,0.0981,0.098,0.0982,0.0982,0.0981,0.0981,0.0982,0.0982,0.0982,0.0981,0.0981,0.098,0.0982,0.0982,0.0982,0.0981,0.0983,0.0981,0.0981,0.0982,0.0982,0.0982,0.0984,0.0982,0.0981,0.0984,0.0981,0.0981,0.0981,0.0982,0.0981,0.0982,0.0981,0.0982,0.0982,0.0981,0.0982,0.0982,0.0981,0.0982,0.0983,0.0981,0.0981,0.0982,0.0982,0.098,0.0981,0.0982,0.0981,0.0981,0.0981,0.0981,0.0981,0.098,0.0983,0.098,0.098,0.0981,0.0982,0.098,0.0983
2;1,0.0934,0.0933,0.0931,0.0933,0.0933,0.0935,0.0934,0.0934,0.0935,0.0935,0.0934,0.0934,0.0934,0.0933,0.0934,0.0934,0.0934,0.0933,0.0935,0.0935,0.0934,0.0935,0.0935,0.0933,0.0933,0.0933,0.0935,0.0934,0.0934,0.0934,0.0934,0.0933,0.0935,0.0934,0.0934,0.0935,0.0935,0.0935,0.0935,0.0935,0.0935,0.0936,0.0936,0.0935,0.0935,0.0935,0.0937,0.0936,0.0937,0.0948,0.0936,0.0936,0.0935,0.0934,0.0937,0.0937,0.0938,0.0936,0.0937,0.0937,0.0937,0.0936,0.0937,0.0935,0.0937,0.0936,0.0936,0.0938,0.0937,0.0937,0.0936,0.0936,0.0937,0.0937,0.0937,0.0938,0.0937,0.0938,0.0938,0.0937,0.0935,0.0937,0.0937,0.0936,0.0938,0.0938,0.0939,0.0939,0.0938,0.0938,0.094,0.094,0.0939,0.0939,0.0938,0.094
2;2,0.0988,0.0988,0.0984,0.0988,0.0988,0.0988,0.0989,0.0989,0.099,0.0988,0.0989,0.099,0.0991,0.099,0.099,0.0989,0.099,0.099,0.0989,0.0991,0.0991,0.0991,0.0992,0.099,0.099,0.099,0.099,0.0991,0.0991,0.0991,0.0992,0.0991,0.0992,0.0991,0.0991,0.0992,0.0992,0.0994,0.0993,0.0993,0.0992,0.0992,0.0993,0.0994,0.0992,0.0993,0.0993,0.0993,0.0993,0.0993,0.0993,0.0993,0.0994,0.0993,0.0995,0.0994,0.0994,0.0994,0.0993,0.0994,0.0994,0.0993,0.0993,0.0994,0.0994,0.0993,0.0994,0.0993,0.0993,0.0994,0.0994,0.0994,0.0994,0.0993,0.0992,0.0994,0.0994,0.0995,0.0994,0.0993,0.0993,0.0995,0.0994,0.0992,0.0995,0.0995,0.0994,0.0995,0.0995,0.0994,0.0994,0.0994,0.0994,0.0994,0.0993,0.0996
2;3,0.0941,0.0942,0.0942,0.0942,0.0942,0.0942,0.0943,0.0942,0.0943,0.0943,0.0943,0.0942,0.0943,0.0943,0.0942,0.0943,0.0942,0.0942,0.0941,0.0942,0.0941,0.0943,0.0942,0.0942,0.0941,0.0941,0.0943,0.0943,0.0942,0.0943,0.0942,0.0941,0.0942,0.0942,0.0943,0.0942,0.0941,0.0944,0.0943,0.0943,0.0942,0.0942,0.0943,0.0943,0.0943,0.0942,0.0943,0.0943,0.0945,0.0942,0.0942,0.0941,0.0942,0.0943,0.0943,0.0942,0.0944,0.0943,0.0943,0.0942,0.0943,0.0943,0.0943,0.0943,0.0942,0.0943,0.0944,0.0944,0.0943,0.0944,0.0942,0.0943,0.0942,0.0942,0.0942,0.0942,0.0942,0.0943,0.0943,0.0943,0.094,0.0942,0.0942,0.0941,0.0942,0.0943,0.0942,0.0943,0.0943,0.0943,0.0941,0.0943,0.0941,0.0942,0.0941,0.0943
3;2,0.0923,0.0921,0.0925,0.0926,0.0921,0.0922,0.0927,0.0923,0.0927,0.0927,0.0928,0.093,0.0933,0.0934,0.0934,0.0935,0.0935,0.094,0.0937,0.0939,0.094,0.0942,0.0944,0.0941,0.0945,0.0948,0.0959,0.0957,0.0956,0.0966,0.0963,0.0964,0.0965,0.096,0.0963,0.0962,0.0966,0.0966,0.0985,0.0979,0.0999,0.0997,0.1001,0.1004,0.1,0.1008,0.1007,0.1008,0.1015,0.1105,0.102,0.1024,0.1024,0.1022,0.1046,0.1047,0.1027,0.1048,0.105,0.1038,0.1031,0.1024,0.1032,0.1033,0.1045,0.1046,0.1051,0.105,0.1054,0.1053,0.1054,0.1055,0.1059,0.1075,0.1066,0.1073,0.1072,0.1074,0.107,0.1089,0.108,0.1095,0.1093,0.1103,0.1109,0.1122,0.1118,0.112,0.1128,0.1136,0.1131,0.1134,0.1162,0.1166,0.1145,0.1177
,,,,,,,,,,,,,,,,,,,,,,,,,,,,,,,,,,,,,,,,,,,,,,,,,,,,,,,,,,,,,,,,,,,,,,,,,,,,,,,,,,,,,,,,,,,,,,,,
Cycles / Well,,,,,,,,,,,,,,,,,,,,,,,,,,,,,,,,,,,,,,,,,,,,,,,,,,,,,,,,,,,,,,,,,,,,,,,,,,,,,,,,,,,,,,,,,,,,,,,,
C1,1,2,3,4,5,6,7,8,9,10,11,12,13,14,15,16,17,18,19,20,21,22,23,24,25,26,27,28,29,30,31,32,33,34,35,36,37,38,39,40,41,42,43,44,45,46,47,48,49,50,51,52,53,54,55,56,57,58,59,60,61,62,63,64,65,66,67,68,69,70,71,72,73,74,75,76,77,78,79,80,81,82,83,84,85,86,87,88,89,90,91,92,93,94,95,96
Time [s],0,1799.797,3599.741,5399.659,7199.573,8999.513,10799.44,12599.356,14399.272,16199.193,17999.112,19799.048,21598.963,23398.904,25198.829,26998.75,28798.659,30598.586,32398.522,34198.445,35998.366,37798.269,39598.205,41398.126,43198.043,44997.982,46797.898,48597.803,50397.735,52197.643,53997.591,55797.492,57597.42,59397.352,61197.265,62997.193,64797.11,66597.04,68396.981,70196.888,71996.807,73796.739,75596.665,77396.594,79196.521,80996.461,82796.378,84596.302,86396.226,88196.142,89996.07,91796.012,93595.919,95395.853,97195.785,98995.689,100795.633,102595.552,104395.481,106195.482,107995.331,109795.267,111595.183,113395.107,115195.043,116994.958,118794.88,120594.819,122394.73,124194.661,125994.586,127794.51,129594.425,131394.355,133194.302,134994.214,136794.146,138594.064,140393.993,142193.907,143993.836,145793.766,147593.683,149393.62,151193.535,152993.466,154793.383,156593.307,158393.229,160193.151,161993.083,163792.996,165592.93,167392.852,169192.773,170992.712
Temp. [°C],22.2,30,30,30,30,30.1,30,30,30,30,30,29.9,30,30,29.8,30,30,29.9,29.9,30,30,30.1,30,30,30,30,30,30,30,30,30,30,30,30,30,30,30,30,30,30,30.1,30,30,30,30,30,30,30,30,30,30,30,30,30,30,30,30,29.9,30,30,30,30,30,30.1,30,30.1,30,30.1,30,30,30,30,30,30,30,30,30,30,30,30,30,30,30,30,30,30,30,29.9,30,30,30,30,30,30,30,30
Mean,0.10198,0.1013,0.1018,0.10168,0.10192,0.10122,0.10238,0.10188,0.10218,0.10188,0.10144,0.10206,0.10238,0.10108,0.10208,0.10186,0.1025,0.10298,0.10312,0.10272,0.10242,0.10298,0.10224,0.10258,0.10262,0.10288,0.1035,0.10306,0.10264,0.10318,0.10324,0.10314,0.10354,0.1032,0.10256,0.10308,0.10332,0.10366,0.10402,0.10402,0.10406,0.10374,0.10476,0.10398,0.10424,0.1046,0.1045,0.10494,0.10514,0.10916,0.1045,0.10474,0.10468,0.10486,0.10488,0.10518,0.10534,0.10464,0.10504,0.10584,0.10504,0.10472,0.1053,0.1046,0.10504,0.10502,0.10484,0.1043,0.10542,0.1055,0.10522,0.10496,0.10536,0.10534,0.10588,0.10546,0.1055,0.10574,0.10588,0.10592,0.10554,0.10512,0.1057,0.10624,0.10626,0.1072,0.10702,0.10654,0.1062,0.10628,0.10632,0.10666,0.1071,0.1075,0.1075,0.10764
StDev,0.010907429,0.011782826,0.011666405,0.011839426,0.011793727,0.01069542,0.012463025,0.011118318,0.011385385,0.011268185,0.011715929,0.01297355,0.014433537,0.011643324,0.012698898,0.012255325,0.013553597,0.013321111,0.014012566,0.013836979,0.012578831,0.013414246,0.01309076,0.013963954,0.01374016,0.013930793,0.014771425,0.01443894,0.014713531,0.014546374,0.014568734,0.0155831,0.014859273,0.015027808,0.014278585,0.014598527,0.015345097,0.015268693,0.017078554,0.016515962,0.015837392,0.015931196,0.019129506,0.017309159,0.017150743,0.017596591,0.017260794,0.017613148,0.018657653,0.0257956,0.017699011,0.017511511,0.01808527,0.017890025,0.018466104,0.01951133,0.019543618,0.018019517,0.019575827,0.020424813,0.018793962,0.017244042,0.018759531,0.017764994,0.018129341,0.018290763,0.017695706,0.017734853,0.018597365,0.019234474,0.018412007,0.018489402,0.018474117,0.019096413,0.019202135,0.019784413,0.020256727,0.019362928,0.021025627,0.019775035,0.019501103,0.01951338,0.020217814,0.02063451,0.021763111,0.023251237,0.021922409,0.021705483,0.021471027,0.021732625,0.02251615,0.022283245,0.02281414,0.02343267,0.023324879,0.024056039
1;2,0.0987,0.0985,0.0984,0.0985,0.0985,0.1008,0.1,0.1012,0.0993,0.0985,0.0995,0.0985,0.0985,0.0985,0.0985,0.1003,0.0984,0.0995,0.1,0.0987,0.0984,0.1014,0.1002,0.0998,0.1001,0.1004,0.1011,0.1016,0.0991,0.0985,0.0984,0.0984,0.0985,0.0984,0.0995,0.1012,0.0984,0.0985,0.1001,0.0985,0.0984,0.1013,0.0985,0.0997,0.0984,0.0997,0.0985,0.0997,0.0988,0.0985,0.0986,0.0984,0.0985,0.0984,0.0984,0.1,0.0985,0.0989,0.0996,0.0985,0.0988,0.0986,0.0984,0.1011,0.0987,0.0984,0.1015,0.0998,0.0986,0.0985,0.1012,0.0995,0.0986,0.0985,0.1002,0.1004,0.0995,0.0986,0.0984,0.0988,0.1012,0.1002,0.0992,0.0985,0.0985,0.0984,0.1001,0.1014,0.1007,0.1002,0.0993,0.099,0.0987,0.0987,0.0986,0.0986
2;1,0.0971,0.0934,0.0962,0.0953,0.0931,0.0932,0.0939,0.0933,0.0959,0.0931,0.0932,0.0932,0.0933,0.0932,0.0931,0.0932,0.0931,0.0932,0.0944,0.0933,0.0932,0.0933,0.0934,0.0935,0.0933,0.0932,0.0933,0.0933,0.0931,0.0932,0.0932,0.0931,0.0962,0.0955,0.0933,0.0934,0.0935,0.0962,0.0934,0.0933,0.0968,0.0935,0.0935,0.0933,0.0934,0.0948,0.0934,0.0957,0.0934,0.0986,0.0935,0.0965,0.0935,0.0963,0.0936,0.0938,0.0941,0.0937,0.0936,0.0936,0.0936,0.0966,0.0936,0.0934,0.0965,0.0934,0.0937,0.0937,0.0968,0.0935,0.0936,0.0949,0.0964,0.0936,0.0937,0.0937,0.0943,0.0967,0.0937,0.0936,0.0935,0.0936,0.0952,0.0966,0.0938,0.0936,0.0936,0.0938,0.0937,0.0938,0.0938,0.0957,0.0964,0.0966,0.0967,0.0953
2;2,0.0993,0.0993,0.0988,0.0986,0.1017,0.0991,0.1005,0.1007,0.1001,0.1015,0.0987,0.0986,0.0986,0.0986,0.0989,0.0993,0.1012,0.1016,0.1,0.1009,0.1009,0.1006,0.099,0.099,0.0997,0.1003,0.1004,0.0988,0.0987,0.0987,0.0988,0.0986,0.0996,0.0988,0.0987,0.0987,0.0987,0.0992,0.0988,0.0988,0.0995,0.0987,0.0989,0.0988,0.0996,0.0993,0.1003,0.0996,0.0998,0.1,0.099,0.0995,0.0988,0.0995,0.0988,0.0988,0.1006,0.099,0.0987,0.1014,0.0991,0.0995,0.1014,0.0991,0.0994,0.1017,0.0993,0.0989,0.0999,0.1017,0.0997,0.0992,0.1002,0.1015,0.1013,0.0993,0.099,0.0999,0.1006,0.1018,0.0993,0.0988,0.099,0.0998,0.1007,0.1014,0.101,0.099,0.0988,0.0989,0.0988,0.0989,0.0993,0.0996,0.0998,0.1004
2;3,0.0937,0.0935,0.0933,0.0935,0.0942,0.0936,0.0936,0.0936,0.0936,0.0951,0.094,0.0951,0.0937,0.0937,0.0955,0.0935,0.0938,0.0946,0.0936,0.0939,0.0953,0.0936,0.0936,0.0936,0.0935,0.0935,0.0936,0.0935,0.0938,0.0966,0.0968,0.0949,0.0936,0.0935,0.0937,0.0936,0.0955,0.0937,0.0937,0.0962,0.0935,0.0936,0.0942,0.0936,0.0952,0.0935,0.0953,0.0936,0.0955,0.0936,0.0955,0.0935,0.0958,0.0935,0.0959,0.0936,0.0936,0.095,0.0936,0.0938,0.0953,0.0936,0.0947,0.0936,0.0934,0.0944,0.0938,0.0935,0.0934,0.0944,0.094,0.0935,0.0935,0.0941,0.0945,0.0935,0.0933,0.0934,0.0936,0.0946,0.0938,0.0934,0.0935,0.0934,0.0935,0.0942,0.0946,0.0936,0.0936,0.0937,0.0934,0.0934,0.0934,0.0934,0.0934,0.0935
3;2,0.1211,0.1218,0.1223,0.1225,0.1221,0.1194,0.1239,0.1206,0.122,0.1212,0.1218,0.1249,0.1278,0.1214,0.1244,0.123,0.126,0.126,0.1276,0.1268,0.1243,0.126,0.125,0.127,0.1265,0.127,0.1291,0.1281,0.1285,0.1289,0.129,0.1307,0.1298,0.1298,0.1276,0.1285,0.1305,0.1307,0.1341,0.1333,0.1321,0.1316,0.1387,0.1345,0.1346,0.1357,0.135,0.1361,0.1382,0.1551,0.1359,0.1358,0.1368,0.1366,0.1377,0.1397,0.1399,0.1366,0.1397,0.1419,0.1384,0.1353,0.1384,0.1358,0.1372,0.1372,0.1359,0.1356,0.1384,0.1394,0.1376,0.1377,0.1381,0.139,0.1397,0.1404,0.1414,0.1401,0.1431,0.1408,0.1399,0.1396,0.1416,0.1429,0.1448,0.1484,0.1458,0.1449,0.1442,0.1448,0.1463,0.1463,0.1477,0.1492,0.149,0.1504
,,,,,,,,,,,,,,,,,,,,,,,,,,,,,,,,,,,,,,,,,,,,,,,,,,,,,,,,,,,,,,,,,,,,,,,,,,,,,,,,,,,,,,,,,,,,,,,,
Cycles / Well,,,,,,,,,,,,,,,,,,,,,,,,,,,,,,,,,,,,,,,,,,,,,,,,,,,,,,,,,,,,,,,,,,,,,,,,,,,,,,,,,,,,,,,,,,,,,,,,
C2,1,2,3,4,5,6,7,8,9,10,11,12,13,14,15,16,17,18,19,20,21,22,23,24,25,26,27,28,29,30,31,32,33,34,35,36,37,38,39,40,41,42,43,44,45,46,47,48,49,50,51,52,53,54,55,56,57,58,59,60,61,62,63,64,65,66,67,68,69,70,71,72,73,74,75,76,77,78,79,80,81,82,83,84,85,86,87,88,89,90,91,92,93,94,95,96
Time [s],0,1799.797,3599.741,5399.659,7199.573,8999.513,10799.44,12599.356,14399.272,16199.193,17999.112,19799.048,21598.963,23398.904,25198.829,26998.75,28798.659,30598.586,32398.522,34198.445,35998.366,37798.269,39598.205,41398.126,43198.043,44997.982,46797.898,48597.803,50397.735,52197.643,53997.591,55797.492,57597.42,59397.352,61197.265,62997.193,64797.11,66597.04,68396.981,70196.888,71996.807,73796.739,75596.665,77396.594,79196.521,80996.461,82796.378,84596.302,86396.226,88196.142,89996.07,91796.012,93595.919,95395.853,97195.785,98995.689,100795.633,102595.552,104395.481,106195.482,107995.331,109795.267,111595.183,113395.107,115195.043,116994.958,118794.88,120594.819,122394.73,124194.661,125994.586,127794.51,129594.425,131394.355,133194.302,134994.214,136794.146,138594.064,140393.993,142193.907,143993.836,145793.766,147593.683,149393.62,151193.535,152993.466,154793.383,156593.307,158393.229,160193.151,161993.083,163792.996,165592.93,167392.852,169192.773,170992.712
Temp. [°C],22.2,30,30,30,30,30.1,30,30,30,30,30,29.9,30,30,29.8,30,30,29.9,29.9,30,30,30.1,30,30,30,30,30,30,30,30,30,30,30,30,30,30,30,30,30,30,30.1,30,30,30,30,30,30,30,30,30,30,30,30,30,30,30,30,29.9,30,30,30,30,30,30.1,30,30.1,30,30.1,30,30,30,30,30,30,30,30,30,30,30,30,30,30,30,30,30,30,30,29.9,30,30,30,30,30,30,30,30
Mean,0.12572,0.1262,0.12864,0.13042,0.13164,0.13298,0.1356,0.1373,0.13924,0.14088,0.14352,0.14612,0.14874,0.15166,0.15606,0.16018,0.16584,0.17238,0.17936,0.18748,0.19652,0.20768,0.21924,0.23358,0.24976,0.26796,0.2896,0.31384,0.34102,0.37092,0.40492,0.44174,0.48348,0.5279,0.57538,0.6253,0.67824,0.73274,0.78846,0.84312,0.89848,0.94804,0.9937,1.03016,1.06196,1.0875,1.10922,1.12714,1.14286,1.15764,1.171,1.18384,1.1952,1.20526,1.2176,1.22864,1.23774,1.2444,1.25144,1.25596,1.26086,1.2636,1.26656,1.26866,1.2706,1.27118,1.27306,1.27462,1.27532,1.27598,1.27654,1.27666,1.27546,1.27522,1.27538,1.27392,1.27332,1.27186,1.2705,1.26946,1.26724,1.26576,1.26488,1.26348,1.26132,1.26046,1.25838,1.25578,1.2541,1.25226,1.25142,1.24954,1.2481,1.24648,1.24448,1.24234
StDev,0.028371588,0.026238521,0.026327419,0.026316763,0.025611775,0.025252069,0.027300549,0.026906412,0.027353665,0.027021788,0.028181057,0.028901159,0.028879803,0.028092312,0.029441773,0.028994517,0.030610178,0.032218659,0.033237073,0.034399375,0.035852713,0.038682774,0.040976432,0.044480299,0.048667628,0.052969123,0.059259134,0.065321191,0.07254786,0.079971789,0.088210272,0.096849641,0.107522426,0.11735555,0.126793363,0.136921419,0.146001209,0.156452942,0.1665066,0.174520707,0.182084079,0.18809743,0.191921286,0.193753988,0.194665567,0.19557427,0.196793374,0.197202328,0.198938428,0.200116386,0.201064791,0.201038437,0.20197506,0.202536893,0.203110426,0.203386339,0.202622094,0.203294675,0.201654117,0.20183629,0.201382579,0.200441675,0.202039583,0.20168962,0.202203697,0.202356164,0.202523846,0.203545209,0.204041753,0.204791863,0.205606962,0.205564328,0.20680963,0.207277259,0.20825809,0.20807403,0.208940762,0.209768499,0.21062926,0.21040192,0.211070825,0.211479888,0.211958102,0.212426769,0.212565818,0.213661234,0.213546171,0.214492405,0.214828618,0.214722293,0.215177315,0.215558178,0.215929225,0.216115356,0.215964191,0.215896278
1;2,0.1106,0.1112,0.1133,0.1148,0.1161,0.1173,0.1185,0.1199,0.1212,0.1226,0.1243,0.1261,0.1282,0.1308,0.134,0.1373,0.1412,0.1456,0.1506,0.1565,0.1632,0.1706,0.1787,0.1887,0.1995,0.2117,0.2258,0.2415,0.2597,0.2794,0.3025,0.328,0.356,0.3867,0.4209,0.4567,0.4962,0.5367,0.5776,0.6211,0.6648,0.7058,0.7459,0.7789,0.8086,0.8319,0.852,0.8682,0.8816,0.8949,0.9069,0.919,0.93,0.9386,0.9498,0.9609,0.9702,0.9763,0.9844,0.9889,0.9935,0.9988,0.9984,0.9999,1.0012,1.0018,1.0031,1.003,1.0031,1.0031,1.0024,1.0041,1.0014,1.0002,0.9984,0.9976,0.9949,0.9933,0.9902,0.9898,0.9874,0.9848,0.9838,0.9816,0.9792,0.9763,0.9754,0.9716,0.9693,0.9677,0.966,0.9643,0.9616,0.9599,0.9585,0.9568
2;1,0.1203,0.1217,0.1247,0.1268,0.1285,0.1304,0.1323,0.135,0.1369,0.1387,0.141,0.1431,0.1459,0.1496,0.1534,0.1584,0.1637,0.1698,0.1771,0.1856,0.1942,0.2053,0.2169,0.2302,0.2452,0.2632,0.2848,0.3097,0.3366,0.3672,0.4021,0.4393,0.481,0.5262,0.5733,0.6231,0.6784,0.7335,0.7918,0.8496,0.908,0.9599,1.0095,1.0487,1.0852,1.1107,1.1342,1.1522,1.1698,1.1871,1.2005,1.2152,1.2262,1.2379,1.2513,1.261,1.2704,1.2796,1.2859,1.2916,1.2963,1.2971,1.3033,1.3049,1.3082,1.3081,1.3098,1.3118,1.3136,1.3132,1.3147,1.313,1.3135,1.3136,1.314,1.3123,1.3117,1.3108,1.3103,1.3084,1.3062,1.3046,1.3041,1.3024,1.3006,1.3008,1.2977,1.2952,1.2934,1.2914,1.291,1.2886,1.2877,1.2863,1.2831,1.2813
2;2,0.1124,0.1145,0.1168,0.1186,0.1202,0.1217,0.1235,0.1254,0.1273,0.1293,0.1315,0.1342,0.137,0.1408,0.145,0.15,0.1556,0.1623,0.1698,0.1786,0.1888,0.2007,0.2131,0.2289,0.2467,0.2667,0.2898,0.3171,0.3468,0.3805,0.4187,0.4609,0.5084,0.5597,0.6164,0.6759,0.7399,0.8047,0.8708,0.9365,1.0028,1.061,1.1153,1.1551,1.1903,1.2202,1.2447,1.2642,1.2827,1.2983,1.3137,1.3265,1.3386,1.3487,1.363,1.3752,1.3837,1.3912,1.398,1.4017,1.4058,1.4089,1.4131,1.4141,1.4163,1.4167,1.419,1.422,1.4224,1.4241,1.4245,1.4265,1.4247,1.4242,1.4258,1.4233,1.4242,1.4236,1.4229,1.4211,1.4185,1.4179,1.4171,1.4166,1.4143,1.414,1.4119,1.4096,1.4078,1.4053,1.4053,1.4034,1.4018,1.4,1.3982,1.3949
2;3,0.1094,0.1111,0.1134,0.1152,0.1168,0.1183,0.1202,0.1219,0.1238,0.1258,0.1281,0.1306,0.1335,0.1367,0.1407,0.145,0.1501,0.1564,0.1631,0.1708,0.1793,0.1892,0.2,0.2128,0.2275,0.2439,0.2621,0.2829,0.3062,0.3318,0.3605,0.3915,0.4268,0.4652,0.5065,0.5498,0.595,0.6416,0.6901,0.7364,0.7854,0.8292,0.8689,0.9034,0.9323,0.9577,0.9772,0.9961,1.0094,1.022,1.0346,1.0475,1.0573,1.0672,1.0788,1.0896,1.1001,1.1045,1.1142,1.1179,1.1245,1.1268,1.1288,1.133,1.1339,1.1345,1.1368,1.1378,1.1377,1.1379,1.1379,1.1365,1.1338,1.1337,1.1339,1.1323,1.1323,1.1287,1.1272,1.1264,1.123,1.122,1.12,1.1186,1.1163,1.1151,1.1122,1.109,1.1075,1.1058,1.1047,1.102,1.1012,1.0992,1.0973,1.0948
3;2,0.1759,0.1725,0.175,0.1767,0.1766,0.1772,0.1835,0.1843,0.187,0.188,0.1927,0.1966,0.1991,0.2004,0.2072,0.2102,0.2186,0.2278,0.2362,0.2459,0.2571,0.2726,0.2875,0.3073,0.3299,0.3543,0.3855,0.418,0.4558,0.4957,0.5408,0.589,0.6452,0.7017,0.7598,0.821,0.8817,0.9472,1.012,1.072,1.1314,1.1843,1.2289,1.2647,1.2934,1.317,1.338,1.355,1.3708,1.3859,1.3993,1.411,1.4239,1.4339,1.4451,1.4565,1.4643,1.4704,1.4747,1.4797,1.4842,1.4864,1.4892,1.4914,1.4934,1.4948,1.4966,1.4985,1.4998,1.5016,1.5032,1.5032,1.5039,1.5044,1.5048,1.5041,1.5035,1.5029,1.5019,1.5016,1.5011,1.4995,1.4994,1.4982,1.4962,1.4961,1.4947,1.4935,1.4925,1.4911,1.4901,1.4894,1.4882,1.487,1.4853,1.4839
,,,,,,,,,,,,,,,,,,,,,,,,,,,,,,,,,,,,,,,,,,,,,,,,,,,,,,,,,,,,,,,,,,,,,,,,,,,,,,,,,,,,,,,,,,,,,,,,
Cycles / Well,,,,,,,,,,,,,,,,,,,,,,,,,,,,,,,,,,,,,,,,,,,,,,,,,,,,,,,,,,,,,,,,,,,,,,,,,,,,,,,,,,,,,,,,,,,,,,,,
C3,1,2,3,4,5,6,7,8,9,10,11,12,13,14,15,16,17,18,19,20,21,22,23,24,25,26,27,28,29,30,31,32,33,34,35,36,37,38,39,40,41,42,43,44,45,46,47,48,49,50,51,52,53,54,55,56,57,58,59,60,61,62,63,64,65,66,67,68,69,70,71,72,73,74,75,76,77,78,79,80,81,82,83,84,85,86,87,88,89,90,91,92,93,94,95,96
Time [s],0,1799.797,3599.741,5399.659,7199.573,8999.513,10799.44,12599.356,14399.272,16199.193,17999.112,19799.048,21598.963,23398.904,25198.829,26998.75,28798.659,30598.586,32398.522,34198.445,35998.366,37798.269,39598.205,41398.126,43198.043,44997.982,46797.898,48597.803,50397.735,52197.643,53997.591,55797.492,57597.42,59397.352,61197.265,62997.193,64797.11,66597.04,68396.981,70196.888,71996.807,73796.739,75596.665,77396.594,79196.521,80996.461,82796.378,84596.302,86396.226,88196.142,89996.07,91796.012,93595.919,95395.853,97195.785,98995.689,100795.633,102595.552,104395.481,106195.482,107995.331,109795.267,111595.183,113395.107,115195.043,116994.958,118794.88,120594.819,122394.73,124194.661,125994.586,127794.51,129594.425,131394.355,133194.302,134994.214,136794.146,138594.064,140393.993,142193.907,143993.836,145793.766,147593.683,149393.62,151193.535,152993.466,154793.383,156593.307,158393.229,160193.151,161993.083,163792.996,165592.93,167392.852,169192.773,170992.712
Temp. [°C],22.2,30,30,30,30,30.1,30,30,30,30,30,29.9,30,30,29.8,30,30,29.9,29.9,30,30,30.1,30,30,30,30,30,30,30,30,30,30,30,30,30,30,30,30,30,30,30.1,30,30,30,30,30,30,30,30,30,30,30,30,30,30,30,30,29.9,30,30,30,30,30,30.1,30,30.1,30,30.1,30,30,30,30,30,30,30,30,30,30,30,30,30,30,30,30,30,30,30,29.9,30,30,30,30,30,30,30,30
Mean,0.1119,0.11546,0.11902,0.12156,0.1229,0.12372,0.12432,0.12488,0.12552,0.12622,0.12714,0.12838,0.1298,0.13138,0.13326,0.13526,0.13766,0.14022,0.14318,0.14612,0.14932,0.15318,0.15692,0.16142,0.16624,0.17124,0.1766,0.18274,0.18902,0.19674,0.20514,0.2137,0.2236,0.23414,0.2458,0.25932,0.27424,0.29134,0.30926,0.32858,0.348,0.37092,0.39702,0.42298,0.45306,0.48218,0.51626,0.54964,0.5854,0.62206,0.65668,0.69188,0.72552,0.7554,0.78512,0.8083,0.8264,0.84462,0.85946,0.8734,0.8876,0.89896,0.9109,0.92298,0.93464,0.94436,0.95544,0.96598,0.97602,0.98584,0.99524,1.0053,1.01338,1.02086,1.0256,1.03082,1.03432,1.03794,1.03988,1.0417,1.0413,1.04286,1.04296,1.04256,1.04102,1.04138,1.0405,1.03864,1.0389,1.0377,1.03704,1.03608,1.03536,1.03456,1.03262,1.03216
StDev,0.003381568,0.003845517,0.003491704,0.002742809,0.00256125,0.002430432,0.002599423,0.002605187,0.002632869,0.002675257,0.002808558,0.002939728,0.003052048,0.003151508,0.003339611,0.003428265,0.003805654,0.003956261,0.004465647,0.004592058,0.004847886,0.005420978,0.005710254,0.006352322,0.00702766,0.007504199,0.00814954,0.008810675,0.00963779,0.010624171,0.011804364,0.013359454,0.015115059,0.01683532,0.018983282,0.02193039,0.02514136,0.028945691,0.033497806,0.038477877,0.043877728,0.049393593,0.056006401,0.063900915,0.071896161,0.08030076,0.08967203,0.098039395,0.107099813,0.115055717,0.123693803,0.131054386,0.13695239,0.140816121,0.143621332,0.1470496,0.14920888,0.151064182,0.152430059,0.154864715,0.156730198,0.158670627,0.159844894,0.161330676,0.162232281,0.163945793,0.164753127,0.165793462,0.167248967,0.168797313,0.170170864,0.170811958,0.170172007,0.170025316,0.170075689,0.17043074,0.169433547,0.169929685,0.169125654,0.169560609,0.169591671,0.170008009,0.169563242,0.169531599,0.168584569,0.168686327,0.168686707,0.168878501,0.169113468,0.169038797,0.16872837,0.169103539,0.168552034,0.1678903,0.168100407,0.168354278
1;2,0.1098,0.1125,0.1164,0.1201,0.122,0.123,0.1234,0.1239,0.1245,0.1252,0.126,0.127,0.1283,0.1299,0.1317,0.1335,0.1356,0.1381,0.141,0.1438,0.1469,0.1505,0.1542,0.1583,0.163,0.168,0.1736,0.1797,0.1858,0.1934,0.2018,0.2105,0.2201,0.2314,0.2434,0.2567,0.2719,0.2907,0.3093,0.3294,0.3483,0.371,0.3977,0.4237,0.4534,0.4813,0.5148,0.5489,0.583,0.6174,0.6523,0.6861,0.719,0.7485,0.7841,0.8047,0.8219,0.8451,0.8582,0.8717,0.8865,0.8965,0.9094,0.9195,0.9316,0.9382,0.9538,0.9628,0.9726,0.9814,0.9882,1.0023,1.0092,1.0162,1.019,1.0263,1.0298,1.0334,1.037,1.039,1.0379,1.0397,1.0418,1.0422,1.0384,1.0402,1.0374,1.0316,1.0346,1.0305,1.0334,1.0322,1.0318,1.033,1.0289,1.027
2;1,0.1155,0.1191,0.1221,0.1232,0.1239,0.1241,0.1247,0.1252,0.1257,0.1262,0.1271,0.1282,0.1294,0.1306,0.1324,0.1342,0.1361,0.1384,0.1406,0.1433,0.1459,0.1491,0.1521,0.1557,0.1593,0.1635,0.1674,0.1725,0.1773,0.1836,0.1899,0.1959,0.203,0.2108,0.2192,0.2289,0.2393,0.2508,0.2621,0.2743,0.2862,0.3015,0.3197,0.3343,0.3542,0.3709,0.3931,0.4142,0.4377,0.462,0.4848,0.5093,0.5321,0.5555,0.5809,0.5968,0.6099,0.627,0.6405,0.6512,0.662,0.6691,0.6802,0.6896,0.6993,0.7051,0.7151,0.7258,0.7321,0.7387,0.7466,0.754,0.7632,0.7702,0.7741,0.7784,0.7848,0.7866,0.7901,0.7904,0.7908,0.7901,0.792,0.7922,0.7918,0.7943,0.7919,0.7902,0.7903,0.7888,0.79,0.7879,0.7876,0.7891,0.7865,0.785
2;2,0.1118,0.1153,0.12,0.1237,0.1258,0.1269,0.1277,0.1283,0.1289,0.1297,0.1306,0.132,0.1336,0.1354,0.1373,0.1395,0.1421,0.1448,0.1479,0.1513,0.155,0.1591,0.1634,0.1685,0.1741,0.18,0.1861,0.1939,0.2014,0.2107,0.2209,0.2317,0.2438,0.2572,0.2721,0.2903,0.3101,0.3326,0.3568,0.3831,0.4103,0.4412,0.478,0.5149,0.5573,0.5977,0.6462,0.6908,0.7399,0.7867,0.8333,0.8787,0.9176,0.952,0.9854,1.0101,1.0285,1.0517,1.069,1.0867,1.1029,1.115,1.13,1.1435,1.1555,1.1656,1.1785,1.1926,1.2025,1.213,1.2244,1.2337,1.2412,1.2478,1.2513,1.2567,1.2612,1.2641,1.2654,1.2668,1.2675,1.2672,1.2686,1.2689,1.2655,1.2693,1.2663,1.2648,1.266,1.2637,1.2651,1.2638,1.262,1.2621,1.2598,1.2586
2;3,0.1075,0.1109,0.1144,0.1174,0.119,0.1202,0.1206,0.1212,0.1218,0.1225,0.1232,0.1244,0.1258,0.1274,0.129,0.1311,0.1333,0.1358,0.1384,0.1414,0.1447,0.1482,0.1521,0.1565,0.1613,0.1662,0.1717,0.1779,0.1845,0.1921,0.201,0.2098,0.22,0.2309,0.2431,0.2565,0.2722,0.2897,0.3076,0.327,0.3474,0.3706,0.3955,0.4234,0.4534,0.4859,0.5205,0.5562,0.5927,0.6322,0.6714,0.7073,0.7474,0.7779,0.806,0.8366,0.8597,0.8719,0.8875,0.9011,0.915,0.9301,0.9385,0.952,0.9652,0.9787,0.9858,0.9938,1.0073,1.0201,1.0319,1.0411,1.0487,1.056,1.0635,1.0681,1.0667,1.0718,1.0733,1.0756,1.0743,1.0797,1.0757,1.0742,1.0747,1.0691,1.072,1.0724,1.0701,1.0723,1.0652,1.0659,1.0646,1.0606,1.0609,1.0631
3;2,0.1149,0.1195,0.1222,0.1234,0.1238,0.1244,0.1252,0.1258,0.1267,0.1275,0.1288,0.1303,0.1319,0.1336,0.1359,0.138,0.1412,0.144,0.148,0.1508,0.1541,0.159,0.1628,0.1681,0.1735,0.1785,0.1842,0.1897,0.1961,0.2039,0.2121,0.2206,0.2311,0.2404,0.2512,0.2642,0.2777,0.2929,0.3105,0.3291,0.3478,0.3703,0.3942,0.4186,0.447,0.4751,0.5067,0.5381,0.5737,0.612,0.6416,0.678,0.7115,0.7431,0.7692,0.7933,0.812,0.8274,0.8421,0.8563,0.8716,0.8841,0.8964,0.9103,0.9216,0.9342,0.944,0.9549,0.9656,0.976,0.9851,0.9954,1.0046,1.0141,1.0201,1.0246,1.0291,1.0338,1.0336,1.0367,1.036,1.0376,1.0367,1.0353,1.0347,1.034,1.0349,1.0342,1.0335,1.0332,1.0315,1.0306,1.0308,1.028,1.027,1.0271
,,,,,,,,,,,,,,,,,,,,,,,,,,,,,,,,,,,,,,,,,,,,,,,,,,,,,,,,,,,,,,,,,,,,,,,,,,,,,,,,,,,,,,,,,,,,,,,,
Cycles / Well,,,,,,,,,,,,,,,,,,,,,,,,,,,,,,,,,,,,,,,,,,,,,,,,,,,,,,,,,,,,,,,,,,,,,,,,,,,,,,,,,,,,,,,,,,,,,,,,
C4,1,2,3,4,5,6,7,8,9,10,11,12,13,14,15,16,17,18,19,20,21,22,23,24,25,26,27,28,29,30,31,32,33,34,35,36,37,38,39,40,41,42,43,44,45,46,47,48,49,50,51,52,53,54,55,56,57,58,59,60,61,62,63,64,65,66,67,68,69,70,71,72,73,74,75,76,77,78,79,80,81,82,83,84,85,86,87,88,89,90,91,92,93,94,95,96
Time [s],0,1799.797,3599.741,5399.659,7199.573,8999.513,10799.44,12599.356,14399.272,16199.193,17999.112,19799.048,21598.963,23398.904,25198.829,26998.75,28798.659,30598.586,32398.522,34198.445,35998.366,37798.269,39598.205,41398.126,43198.043,44997.982,46797.898,48597.803,50397.735,52197.643,53997.591,55797.492,57597.42,59397.352,61197.265,62997.193,64797.11,66597.04,68396.981,70196.888,71996.807,73796.739,75596.665,77396.594,79196.521,80996.461,82796.378,84596.302,86396.226,88196.142,89996.07,91796.012,93595.919,95395.853,97195.785,98995.689,100795.633,102595.552,104395.481,106195.482,107995.331,109795.267,111595.183,113395.107,115195.043,116994.958,118794.88,120594.819,122394.73,124194.661,125994.586,127794.51,129594.425,131394.355,133194.302,134994.214,136794.146,138594.064,140393.993,142193.907,143993.836,145793.766,147593.683,149393.62,151193.535,152993.466,154793.383,156593.307,158393.229,160193.151,161993.083,163792.996,165592.93,167392.852,169192.773,170992.712
Temp. [°C],22.2,30,30,30,30,30.1,30,30,30,30,30,29.9,30,30,29.8,30,30,29.9,29.9,30,30,30.1,30,30,30,30,30,30,30,30,30,30,30,30,30,30,30,30,30,30,30.1,30,30,30,30,30,30,30,30,30,30,30,30,30,30,30,30,29.9,30,30,30,30,30,30.1,30,30.1,30,30.1,30,30,30,30,30,30,30,30,30,30,30,30,30,30,30,30,30,30,30,29.9,30,30,30,30,30,30,30,30
Mean,0.12122,0.1251,0.12946,0.13204,0.13368,0.13522,0.13742,0.13826,0.13908,0.13956,0.1405,0.14104,0.14184,0.14256,0.14382,0.14518,0.14656,0.14812,0.15008,0.15156,0.1531,0.15538,0.1572,0.15944,0.1618,0.16382,0.16652,0.16918,0.1713,0.17422,0.17704,0.1798,0.1829,0.18582,0.18854,0.1921,0.1951,0.19868,0.20216,0.20558,0.20874,0.21208,0.21622,0.21954,0.22314,0.22662,0.23052,0.23418,0.23798,0.2436,0.2455,0.24904,0.25294,0.25642,0.26052,0.26432,0.26768,0.2717,0.27548,0.27904,0.28232,0.28592,0.2894,0.29284,0.29662,0.30004,0.30362,0.30704,0.31004,0.31394,0.31728,0.32062,0.32436,0.32818,0.33176,0.33512,0.33916,0.34254,0.34614,0.34924,0.3531,0.3573,0.36116,0.3649,0.3679,0.3727,0.37666,0.38044,0.38456,0.38886,0.39418,0.39936,0.40466,0.40978,0.41526,0.42112
StDev,0.011509865,0.012063374,0.013085794,0.01202094,0.01090078,0.010431059,0.012026512,0.011723609,0.011497261,0.011248467,0.011598922,0.011473796,0.011273553,0.011199687,0.011675487,0.012250592,0.012561966,0.01325564,0.014082862,0.013637008,0.013423301,0.014307585,0.014125509,0.014635163,0.01464872,0.014343187,0.014924544,0.015061939,0.014642063,0.015101556,0.015038384,0.015068344,0.015645287,0.015661481,0.015368897,0.015847397,0.016018271,0.016482627,0.01723334,0.017217927,0.017130032,0.017533596,0.018080293,0.018529652,0.018534778,0.019063893,0.019389611,0.019800177,0.020510412,0.022846991,0.021561308,0.021923458,0.022562868,0.022953801,0.023524179,0.024060486,0.024855925,0.025162869,0.026122921,0.02668835,0.026712768,0.027271084,0.027297253,0.027976383,0.02860694,0.029373423,0.029630086,0.030048511,0.030602908,0.031476706,0.032340022,0.032724563,0.033532417,0.034246781,0.034913937,0.03554507,0.036225309,0.036855027,0.037746298,0.038384737,0.03939651,0.040424065,0.040956111,0.041291464,0.042123568,0.042976912,0.044286714,0.045424971,0.046040124,0.047299503,0.048488988,0.049833954,0.051032568,0.051662578,0.053020543,0.054326715
1;2,0.1133,0.1159,0.1198,0.1233,0.1259,0.1278,0.1291,0.1301,0.131,0.1315,0.1325,0.1331,0.134,0.135,0.136,0.1371,0.1384,0.1397,0.1413,0.1429,0.1447,0.1465,0.1485,0.1505,0.1529,0.1553,0.1578,0.1604,0.1628,0.1656,0.1687,0.1717,0.1746,0.1778,0.1807,0.1843,0.1875,0.1911,0.1944,0.1985,0.2018,0.2052,0.2095,0.2131,0.2173,0.2206,0.2246,0.2285,0.2325,0.2359,0.2399,0.2435,0.2472,0.2505,0.2551,0.2585,0.2618,0.2664,0.2696,0.2734,0.2769,0.2804,0.2845,0.2878,0.2914,0.2953,0.2994,0.303,0.3057,0.3095,0.3125,0.3163,0.3198,0.3236,0.3275,0.3305,0.3342,0.338,0.3416,0.3453,0.349,0.3533,0.3568,0.3609,0.3648,0.3697,0.373,0.3762,0.3804,0.384,0.3896,0.3942,0.3983,0.4046,0.4094,0.4145
2;1,0.1209,0.125,0.128,0.13,0.1311,0.1321,0.1334,0.1342,0.135,0.1353,0.1357,0.1361,0.1367,0.1371,0.1381,0.1389,0.1398,0.1407,0.1418,0.1433,0.1446,0.1462,0.1476,0.1491,0.1512,0.1528,0.1547,0.1568,0.1584,0.1605,0.1628,0.1648,0.1669,0.169,0.1712,0.1736,0.1757,0.1784,0.1808,0.1835,0.1862,0.1883,0.1915,0.1935,0.1966,0.1992,0.2024,0.205,0.2076,0.2118,0.2132,0.216,0.2189,0.2216,0.2246,0.2276,0.2295,0.2328,0.2353,0.2377,0.241,0.2436,0.2471,0.2493,0.2521,0.2541,0.2572,0.2601,0.2621,0.2646,0.2666,0.2692,0.2718,0.2746,0.2771,0.2794,0.2826,0.2849,0.2872,0.2891,0.2916,0.2937,0.2973,0.3008,0.3021,0.3058,0.3075,0.31,0.3134,0.3157,0.319,0.3221,0.326,0.3302,0.334,0.3378
2;2,0.1176,0.1216,0.126,0.1294,0.132,0.1342,0.1359,0.1369,0.1379,0.1387,0.1396,0.1403,0.1414,0.1422,0.1434,0.1446,0.1461,0.1475,0.1494,0.1513,0.1531,0.1554,0.1575,0.1601,0.1627,0.1652,0.1681,0.1712,0.1741,0.1774,0.1808,0.1842,0.1877,0.1911,0.1948,0.1988,0.2026,0.2066,0.2106,0.2149,0.2189,0.2231,0.2278,0.2321,0.2362,0.2406,0.2451,0.2498,0.2542,0.259,0.2634,0.2681,0.2725,0.2773,0.2819,0.2868,0.2913,0.2961,0.301,0.3053,0.3097,0.3144,0.3185,0.3229,0.3271,0.3321,0.3364,0.341,0.3442,0.3491,0.3535,0.3573,0.3621,0.3672,0.3716,0.3755,0.3806,0.3849,0.3899,0.3939,0.3995,0.4042,0.4097,0.4145,0.4183,0.4242,0.4291,0.4352,0.4405,0.4461,0.4526,0.4593,0.4665,0.4729,0.4807,0.4881
2;3,0.1133,0.1173,0.1214,0.1246,0.1268,0.1287,0.1303,0.1314,0.1324,0.1332,0.134,0.1347,0.1357,0.1365,0.1375,0.1388,0.1401,0.1415,0.1433,0.1451,0.1468,0.1487,0.1509,0.153,0.1554,0.1577,0.1603,0.1631,0.1658,0.1687,0.1716,0.1746,0.1778,0.1812,0.1845,0.1884,0.1917,0.1953,0.1986,0.202,0.2056,0.2096,0.2135,0.2173,0.221,0.2245,0.2285,0.2325,0.2361,0.24,0.244,0.2477,0.2517,0.2557,0.2596,0.2637,0.2676,0.2716,0.2753,0.2793,0.2825,0.2868,0.2896,0.2939,0.2976,0.3017,0.3053,0.3087,0.3121,0.3162,0.32,0.3233,0.3269,0.3309,0.3342,0.3381,0.3419,0.3454,0.3491,0.3527,0.3567,0.3621,0.3654,0.3685,0.3723,0.3755,0.3801,0.3842,0.3879,0.3929,0.3981,0.4038,0.4093,0.4136,0.4194,0.4267
3;2,0.141,0.1457,0.1521,0.1529,0.1526,0.1533,0.1584,0.1587,0.1591,0.1591,0.1607,0.161,0.1614,0.162,0.1641,0.1665,0.1684,0.1712,0.1746,0.1752,0.1763,0.1801,0.1815,0.1845,0.1868,0.1881,0.1917,0.1944,0.1954,0.1989,0.2013,0.2037,0.2075,0.21,0.2115,0.2154,0.218,0.222,0.2264,0.229,0.2312,0.2342,0.2388,0.2417,0.2446,0.2482,0.252,0.2551,0.2595,0.2713,0.267,0.2699,0.2744,0.277,0.2814,0.285,0.2882,0.2916,0.2962,0.2995,0.3015,0.3044,0.3073,0.3103,0.3149,0.317,0.3198,0.3224,0.3261,0.3303,0.3338,0.337,0.3412,0.3446,0.3484,0.3521,0.3565,0.3595,0.3629,0.3652,0.3687,0.3732,0.3766,0.3798,0.382,0.3883,0.3936,0.3966,0.4006,0.4056,0.4116,0.4174,0.4232,0.4276,0.4328,0.4385
,,,,,,,,,,,,,,,,,,,,,,,,,,,,,,,,,,,,,,,,,,,,,,,,,,,,,,,,,,,,,,,,,,,,,,,,,,,,,,,,,,,,,,,,,,,,,,,,
Cycles / Well,,,,,,,,,,,,,,,,,,,,,,,,,,,,,,,,,,,,,,,,,,,,,,,,,,,,,,,,,,,,,,,,,,,,,,,,,,,,,,,,,,,,,,,,,,,,,,,,
C5,1,2,3,4,5,6,7,8,9,10,11,12,13,14,15,16,17,18,19,20,21,22,23,24,25,26,27,28,29,30,31,32,33,34,35,36,37,38,39,40,41,42,43,44,45,46,47,48,49,50,51,52,53,54,55,56,57,58,59,60,61,62,63,64,65,66,67,68,69,70,71,72,73,74,75,76,77,78,79,80,81,82,83,84,85,86,87,88,89,90,91,92,93,94,95,96
Time [s],0,1799.797,3599.741,5399.659,7199.573,8999.513,10799.44,12599.356,14399.272,16199.193,17999.112,19799.048,21598.963,23398.904,25198.829,26998.75,28798.659,30598.586,32398.522,34198.445,35998.366,37798.269,39598.205,41398.126,43198.043,44997.982,46797.898,48597.803,50397.735,52197.643,53997.591,55797.492,57597.42,59397.352,61197.265,62997.193,64797.11,66597.04,68396.981,70196.888,71996.807,73796.739,75596.665,77396.594,79196.521,80996.461,82796.378,84596.302,86396.226,88196.142,89996.07,91796.012,93595.919,95395.853,97195.785,98995.689,100795.633,102595.552,104395.481,106195.482,107995.331,109795.267,111595.183,113395.107,115195.043,116994.958,118794.88,120594.819,122394.73,124194.661,125994.586,127794.51,129594.425,131394.355,133194.302,134994.214,136794.146,138594.064,140393.993,142193.907,143993.836,145793.766,147593.683,149393.62,151193.535,152993.466,154793.383,156593.307,158393.229,160193.151,161993.083,163792.996,165592.93,167392.852,169192.773,170992.712
Temp. [°C],22.2,30,30,30,30,30.1,30,30,30,30,30,29.9,30,30,29.8,30,30,29.9,29.9,30,30,30.1,30,30,30,30,30,30,30,30,30,30,30,30,30,30,30,30,30,30,30.1,30,30,30,30,30,30,30,30,30,30,30,30,30,30,30,30,29.9,30,30,30,30,30,30.1,30,30.1,30,30.1,30,30,30,30,30,30,30,30,30,30,30,30,30,30,30,30,30,30,30,29.9,30,30,30,30,30,30,30,30
Mean,0.11342,0.11738,0.12164,0.12472,0.12666,0.12772,0.12846,0.12892,0.1293,0.12956,0.13014,0.13056,0.13142,0.13234,0.1335,0.1347,0.13578,0.13722,0.13882,0.14018,0.14086,0.14236,0.14376,0.14508,0.14612,0.14722,0.14912,0.15052,0.1517,0.1535,0.15496,0.15622,0.15814,0.15974,0.16152,0.16356,0.1656,0.16754,0.16972,0.17208,0.1742,0.17676,0.17938,0.18172,0.18442,0.18726,0.19002,0.19254,0.19572,0.2004,0.20186,0.20514,0.20834,0.21142,0.21504,0.21842,0.22172,0.22528,0.22906,0.2329,0.23704,0.24086,0.24488,0.24872,0.2525,0.25664,0.26098,0.2653,0.26986,0.27428,0.27874,0.28346,0.28776,0.29256,0.29742,0.302,0.30682,0.31144,0.31596,0.3207,0.32528,0.33016,0.33466,0.33876,0.34366,0.34884,0.35324,0.35732,0.36208,0.36676,0.37088,0.3762,0.3809,0.38514,0.38994,0.39408
StDev,0.002705919,0.003247615,0.002978758,0.002560664,0.002791595,0.003067083,0.003185593,0.003179151,0.003203123,0.003216831,0.003085936,0.003148492,0.003121218,0.003067246,0.003324154,0.003808543,0.004302557,0.005141206,0.006073878,0.006424718,0.005886255,0.006411162,0.006831764,0.007187976,0.007116319,0.006862725,0.00750713,0.007544998,0.007054431,0.007466257,0.007151783,0.006948165,0.007483849,0.007177952,0.007108586,0.007309446,0.007379363,0.00751984,0.007732205,0.007756739,0.008012178,0.008331446,0.008657771,0.008933756,0.009291771,0.009546622,0.010007847,0.010256851,0.010666161,0.011133957,0.011010813,0.011445873,0.011930968,0.012530842,0.013100878,0.013592167,0.013866038,0.014312477,0.014719647,0.015319595,0.016027882,0.016755089,0.017391866,0.018453103,0.018698262,0.019653066,0.020114597,0.020943376,0.021313916,0.022096878,0.023098874,0.023961907,0.024854637,0.024940289,0.025525027,0.026406155,0.026479275,0.026928851,0.027031149,0.0276467,0.028071106,0.028658995,0.029113966,0.029289554,0.029683295,0.029426909,0.029911252,0.030140289,0.030633674,0.030940152,0.031173498,0.03190862,0.032197282,0.032355185,0.032957063,0.033365806
1;2,0.1122,0.1154,0.1201,0.1246,0.1276,0.1291,0.1301,0.1306,0.131,0.1312,0.1317,0.1321,0.133,0.1336,0.1346,0.1354,0.1362,0.1372,0.1386,0.1398,0.141,0.1424,0.1438,0.1451,0.1463,0.1478,0.1496,0.151,0.1527,0.1543,0.1563,0.158,0.1598,0.1621,0.1641,0.1664,0.1686,0.1711,0.1734,0.1762,0.179,0.1819,0.1849,0.1878,0.1911,0.1943,0.1973,0.2003,0.2034,0.2071,0.2106,0.2147,0.2185,0.2224,0.2264,0.2301,0.2338,0.2386,0.2428,0.2472,0.2524,0.2572,0.2622,0.267,0.2711,0.2761,0.2812,0.2867,0.2918,0.2975,0.3033,0.3091,0.3142,0.3184,0.3239,0.3297,0.3347,0.3397,0.3444,0.3496,0.3547,0.3599,0.3659,0.3701,0.375,0.3797,0.3844,0.3884,0.3941,0.3992,0.4038,0.4101,0.4155,0.4202,0.4248,0.4287
2;1,0.1168,0.1214,0.1252,0.1267,0.1279,0.1283,0.1286,0.1289,0.129,0.129,0.1294,0.1294,0.1298,0.1302,0.1308,0.1312,0.1318,0.1326,0.1334,0.1344,0.1352,0.1363,0.1369,0.138,0.1389,0.1399,0.1412,0.1425,0.1437,0.1453,0.1469,0.1479,0.1492,0.1508,0.1525,0.1543,0.1562,0.1578,0.1597,0.1621,0.1635,0.1654,0.1678,0.1696,0.1719,0.1744,0.1767,0.1787,0.1811,0.1853,0.1873,0.19,0.1925,0.195,0.1976,0.2,0.203,0.2072,0.2107,0.2134,0.2171,0.2206,0.2245,0.2269,0.2303,0.2333,0.2371,0.2403,0.2445,0.2475,0.2512,0.2548,0.2578,0.2621,0.2658,0.2692,0.2742,0.2785,0.2835,0.2874,0.2922,0.2961,0.3007,0.3045,0.3088,0.313,0.3166,0.3207,0.3249,0.3301,0.3338,0.3387,0.3426,0.3469,0.3507,0.3541
2;2,0.1138,0.1177,0.1228,0.1274,0.1301,0.1318,0.1328,0.1333,0.1338,0.1342,0.1346,0.1352,0.1359,0.1366,0.1375,0.1383,0.1395,0.1404,0.1415,0.1427,0.144,0.1454,0.1468,0.148,0.1493,0.1507,0.1525,0.154,0.1559,0.1576,0.1594,0.1613,0.1629,0.1651,0.1674,0.1695,0.1717,0.174,0.1762,0.179,0.1815,0.1846,0.1873,0.1902,0.1933,0.1966,0.2004,0.2033,0.2068,0.2104,0.2138,0.2176,0.2211,0.2251,0.2291,0.2331,0.2368,0.2411,0.2454,0.2497,0.2546,0.2593,0.264,0.269,0.2729,0.278,0.2826,0.2874,0.2922,0.2967,0.302,0.3073,0.3124,0.3177,0.3229,0.3278,0.3328,0.3378,0.3427,0.3481,0.3534,0.3588,0.3631,0.3673,0.3728,0.3776,0.3823,0.3868,0.3915,0.3966,0.401,0.4068,0.4113,0.4156,0.4214,0.4258
2;3,0.1096,0.1131,0.1174,0.1209,0.1231,0.1242,0.125,0.1256,0.1259,0.1262,0.1267,0.1271,0.1278,0.1287,0.1294,0.1303,0.131,0.1319,0.133,0.1343,0.1352,0.1363,0.1378,0.1388,0.1399,0.1412,0.1427,0.1441,0.1456,0.147,0.1485,0.1501,0.1518,0.1536,0.1555,0.1573,0.1593,0.1612,0.1632,0.1654,0.1678,0.1705,0.1725,0.175,0.1774,0.1802,0.1827,0.1856,0.1886,0.1918,0.1946,0.1982,0.2011,0.2044,0.2076,0.2116,0.2153,0.2184,0.2216,0.2256,0.2297,0.2335,0.2367,0.2408,0.2452,0.2504,0.2543,0.2585,0.2631,0.2677,0.2722,0.2771,0.2819,0.2873,0.2922,0.2974,0.3018,0.3072,0.3112,0.3162,0.3202,0.3259,0.3296,0.3341,0.3395,0.3446,0.3499,0.3546,0.3596,0.3643,0.3675,0.3731,0.3776,0.3814,0.3872,0.3932
3;2,0.1147,0.1193,0.1227,0.124,0.1246,0.1252,0.1258,0.1262,0.1268,0.1272,0.1283,0.129,0.1306,0.1326,0.1352,0.1383,0.1404,0.144,0.1476,0.1497,0.1489,0.1514,0.1535,0.1555,0.1562,0.1565,0.1596,0.161,0.1606,0.1633,0.1637,0.1638,0.167,0.1671,0.1681,0.1703,0.1722,0.1736,0.1761,0.1777,0.1792,0.1814,0.1844,0.186,0.1884,0.1908,0.193,0.1948,0.1987,0.2074,0.203,0.2052,0.2085,0.2102,0.2145,0.2173,0.2197,0.2211,0.2248,0.2286,0.2314,0.2337,0.237,0.2399,0.243,0.2454,0.2497,0.2536,0.2577,0.262,0.265,0.269,0.2725,0.2773,0.2823,0.2859,0.2906,0.294,0.298,0.3022,0.3059,0.3101,0.314,0.3178,0.3222,0.3293,0.333,0.3361,0.3403,0.3436,0.3483,0.3523,0.3575,0.3616,0.3656,0.3686
,,,,,,,,,,,,,,,,,,,,,,,,,,,,,,,,,,,,,,,,,,,,,,,,,,,,,,,,,,,,,,,,,,,,,,,,,,,,,,,,,,,,,,,,,,,,,,,,
Cycles / Well,,,,,,,,,,,,,,,,,,,,,,,,,,,,,,,,,,,,,,,,,,,,,,,,,,,,,,,,,,,,,,,,,,,,,,,,,,,,,,,,,,,,,,,,,,,,,,,,
C6,1,2,3,4,5,6,7,8,9,10,11,12,13,14,15,16,17,18,19,20,21,22,23,24,25,26,27,28,29,30,31,32,33,34,35,36,37,38,39,40,41,42,43,44,45,46,47,48,49,50,51,52,53,54,55,56,57,58,59,60,61,62,63,64,65,66,67,68,69,70,71,72,73,74,75,76,77,78,79,80,81,82,83,84,85,86,87,88,89,90,91,92,93,94,95,96
Time [s],0,1799.797,3599.741,5399.659,7199.573,8999.513,10799.44,12599.356,14399.272,16199.193,17999.112,19799.048,21598.963,23398.904,25198.829,26998.75,28798.659,30598.586,32398.522,34198.445,35998.366,37798.269,39598.205,41398.126,43198.043,44997.982,46797.898,48597.803,50397.735,52197.643,53997.591,55797.492,57597.42,59397.352,61197.265,62997.193,64797.11,66597.04,68396.981,70196.888,71996.807,73796.739,75596.665,77396.594,79196.521,80996.461,82796.378,84596.302,86396.226,88196.142,89996.07,91796.012,93595.919,95395.853,97195.785,98995.689,100795.633,102595.552,104395.481,106195.482,107995.331,109795.267,111595.183,113395.107,115195.043,116994.958,118794.88,120594.819,122394.73,124194.661,125994.586,127794.51,129594.425,131394.355,133194.302,134994.214,136794.146,138594.064,140393.993,142193.907,143993.836,145793.766,147593.683,149393.62,151193.535,152993.466,154793.383,156593.307,158393.229,160193.151,161993.083,163792.996,165592.93,167392.852,169192.773,170992.712
Temp. [°C],22.2,30,30,30,30,30.1,30,30,30,30,30,29.9,30,30,29.8,30,30,29.9,29.9,30,30,30.1,30,30,30,30,30,30,30,30,30,30,30,30,30,30,30,30,30,30,30.1,30,30,30,30,30,30,30,30,30,30,30,30,30,30,30,30,29.9,30,30,30,30,30,30.1,30,30.1,30,30.1,30,30,30,30,30,30,30,30,30,30,30,30,30,30,30,30,30,30,30,29.9,30,30,30,30,30,30,30,30
Mean,0.1206,0.12394,0.1277,0.13076,0.13472,0.13988,0.14864,0.15848,0.17192,0.18888,0.21182,0.23918,0.27372,0.31518,0.36374,0.4191,0.48058,0.54618,0.61604,0.68858,0.76392,0.84196,0.92046,0.99448,1.0643,1.1232,1.17324,1.21072,1.24164,1.26636,1.2897,1.3106,1.33046,1.34888,1.36472,1.37646,1.3846,1.39002,1.39372,1.39656,1.39884,1.4015,1.40382,1.40598,1.40806,1.4093,1.41012,1.41162,1.41308,1.41426,1.4151,1.41576,1.41638,1.41738,1.41822,1.4186,1.41826,1.41922,1.4197,1.42022,1.42,1.42048,1.4212,1.42164,1.42194,1.4218,1.42156,1.422,1.42206,1.42222,1.42178,1.42242,1.4231,1.42312,1.42268,1.42282,1.4227,1.4229,1.42266,1.42314,1.4232,1.42374,1.4243,1.42366,1.42376,1.42392,1.42418,1.42394,1.42482,1.4242,1.42452,1.42496,1.42504,1.42504,1.42514,1.4249
StDev,0.015952116,0.014637896,0.016059732,0.015766039,0.015663876,0.015497322,0.01790148,0.017194243,0.018483831,0.018676777,0.021168184,0.023460648,0.026724558,0.031999172,0.039204694,0.048823611,0.060258087,0.072784524,0.086774553,0.101768423,0.115580176,0.126180458,0.136741702,0.140911628,0.139664777,0.137210149,0.132003269,0.12624675,0.123228317,0.119559496,0.116430323,0.114578336,0.11146272,0.108937583,0.106695768,0.103266224,0.099369211,0.096380584,0.092868924,0.091453119,0.089431275,0.088765168,0.08695914,0.086080875,0.085354104,0.084832541,0.084083572,0.083578717,0.083970304,0.082733597,0.082185765,0.082171577,0.081665366,0.080803323,0.081559408,0.081587346,0.082019924,0.080898004,0.080629802,0.081013067,0.080752337,0.080772037,0.080336698,0.080012174,0.079933303,0.080337538,0.08016382,0.079790601,0.079894074,0.080621381,0.079803239,0.079899387,0.079957645,0.079599039,0.080052402,0.079950059,0.079570409,0.079570472,0.079450632,0.079657347,0.079560543,0.079943937,0.079403652,0.078880942,0.0791265,0.078601698,0.078551143,0.078559423,0.078751743,0.078440264,0.07825185,0.07880408,0.078269617,0.077927838,0.077873924,0.077907477
1;2,0.1114,0.1141,0.1165,0.1193,0.1228,0.128,0.1351,0.1447,0.1568,0.1731,0.1944,0.221,0.2557,0.2988,0.351,0.4116,0.4829,0.5591,0.6419,0.7281,0.8182,0.9087,0.9927,1.0712,1.1356,1.191,1.2366,1.2723,1.2987,1.3202,1.3425,1.3606,1.3776,1.3937,1.4062,1.4163,1.4231,1.4255,1.4274,1.4282,1.429,1.4301,1.4328,1.4315,1.436,1.4353,1.4354,1.4356,1.437,1.438,1.4366,1.4375,1.437,1.4373,1.4411,1.4396,1.4387,1.4409,1.4401,1.4404,1.4386,1.4387,1.4394,1.4396,1.4387,1.4376,1.4391,1.4391,1.4374,1.4389,1.4385,1.4383,1.4383,1.4381,1.4363,1.4371,1.4371,1.4369,1.4374,1.4373,1.437,1.4381,1.4381,1.4377,1.4367,1.4378,1.4373,1.4352,1.4379,1.4355,1.4365,1.4366,1.4366,1.4362,1.4358,1.4344
2;1,0.1177,0.1223,0.1259,0.1296,0.1342,0.1391,0.146,0.1549,0.1648,0.1765,0.1922,0.2118,0.2374,0.2679,0.3038,0.3441,0.389,0.4372,0.4876,0.5401,0.5968,0.6575,0.7193,0.7834,0.8512,0.9113,0.9669,1.0133,1.049,1.0793,1.1077,1.1326,1.1568,1.1794,1.1994,1.2154,1.23,1.2399,1.2487,1.2546,1.2608,1.2647,1.27,1.273,1.2763,1.2787,1.2808,1.2824,1.2834,1.2868,1.2888,1.2893,1.2909,1.2928,1.2922,1.2926,1.2928,1.2949,1.2953,1.2955,1.2959,1.2968,1.2977,1.2982,1.2991,1.2992,1.2986,1.2997,1.3001,1.2986,1.2994,1.3007,1.3012,1.302,1.3007,1.3008,1.301,1.3021,1.3013,1.3017,1.3019,1.3025,1.3031,1.3033,1.3038,1.3041,1.3046,1.3051,1.3052,1.3058,1.3059,1.3057,1.3068,1.3068,1.3072,1.3071
2;2,0.1145,0.1185,0.122,0.1251,0.1291,0.1346,0.1432,0.1548,0.1706,0.192,0.2202,0.2548,0.2975,0.3488,0.4077,0.4746,0.5489,0.6269,0.7084,0.7919,0.8753,0.9592,1.0357,1.1047,1.167,1.2192,1.2637,1.2995,1.3285,1.3519,1.3747,1.3949,1.413,1.4299,1.4447,1.4543,1.4601,1.4646,1.4668,1.4699,1.4713,1.4722,1.476,1.4773,1.4785,1.4787,1.4805,1.4806,1.483,1.4832,1.4844,1.4846,1.4848,1.4845,1.4873,1.4874,1.4866,1.4875,1.4876,1.4889,1.4887,1.4889,1.4904,1.4902,1.4905,1.4904,1.4899,1.4902,1.491,1.4907,1.4889,1.4915,1.4915,1.4912,1.4912,1.4902,1.4904,1.4911,1.4906,1.4908,1.4909,1.4919,1.4925,1.4909,1.4907,1.4921,1.4912,1.4913,1.4921,1.4911,1.4924,1.4933,1.4925,1.4936,1.4927,1.492
2;3,0.1107,0.1153,0.1184,0.1217,0.1258,0.1311,0.1391,0.1497,0.1636,0.1831,0.2085,0.2395,0.2795,0.3279,0.383,0.4469,0.516,0.5893,0.6679,0.7511,0.8359,0.9179,1.016,1.0975,1.1739,1.2351,1.2818,1.3117,1.3423,1.3638,1.3829,1.4041,1.4215,1.4386,1.4542,1.4619,1.4665,1.4692,1.4688,1.4709,1.472,1.4763,1.4738,1.4768,1.4771,1.4799,1.4789,1.481,1.4824,1.4827,1.4837,1.4845,1.4854,1.4861,1.4845,1.4863,1.4886,1.4864,1.487,1.4878,1.4881,1.4895,1.4882,1.4884,1.4896,1.4914,1.4897,1.4899,1.4907,1.4915,1.4909,1.4909,1.4926,1.4926,1.493,1.4936,1.4922,1.4929,1.4917,1.4933,1.4933,1.4944,1.4935,1.4928,1.4948,1.4918,1.4936,1.4945,1.4946,1.4952,1.4935,1.4948,1.495,1.493,1.4944,1.4953
3;2,0.1487,0.1495,0.1557,0.1581,0.1617,0.1666,0.1798,0.1883,0.2038,0.2197,0.2438,0.2688,0.2985,0.3325,0.3732,0.4183,0.4661,0.5184,0.5744,0.6317,0.6934,0.7665,0.8386,0.9156,0.9938,1.0594,1.1172,1.1568,1.1897,1.2166,1.2407,1.2608,1.2834,1.3028,1.3191,1.3344,1.3433,1.3509,1.3569,1.3592,1.3611,1.3642,1.3665,1.3713,1.3724,1.3739,1.375,1.3785,1.3796,1.3806,1.382,1.3829,1.3838,1.3862,1.386,1.3871,1.3846,1.3864,1.3885,1.3885,1.3887,1.3885,1.3903,1.3918,1.3918,1.3904,1.3905,1.3911,1.3911,1.3914,1.3912,1.3907,1.3919,1.3917,1.3922,1.3924,1.3928,1.3915,1.3923,1.3926,1.3929,1.3918,1.3943,1.3936,1.3928,1.3938,1.3942,1.3936,1.3943,1.3934,1.3943,1.3944,1.3943,1.3956,1.3956,1.3957
,,,,,,,,,,,,,,,,,,,,,,,,,,,,,,,,,,,,,,,,,,,,,,,,,,,,,,,,,,,,,,,,,,,,,,,,,,,,,,,,,,,,,,,,,,,,,,,,
Cycles / Well,,,,,,,,,,,,,,,,,,,,,,,,,,,,,,,,,,,,,,,,,,,,,,,,,,,,,,,,,,,,,,,,,,,,,,,,,,,,,,,,,,,,,,,,,,,,,,,,
C7,1,2,3,4,5,6,7,8,9,10,11,12,13,14,15,16,17,18,19,20,21,22,23,24,25,26,27,28,29,30,31,32,33,34,35,36,37,38,39,40,41,42,43,44,45,46,47,48,49,50,51,52,53,54,55,56,57,58,59,60,61,62,63,64,65,66,67,68,69,70,71,72,73,74,75,76,77,78,79,80,81,82,83,84,85,86,87,88,89,90,91,92,93,94,95,96
Time [s],0,1799.797,3599.741,5399.659,7199.573,8999.513,10799.44,12599.356,14399.272,16199.193,17999.112,19799.048,21598.963,23398.904,25198.829,26998.75,28798.659,30598.586,32398.522,34198.445,35998.366,37798.269,39598.205,41398.126,43198.043,44997.982,46797.898,48597.803,50397.735,52197.643,53997.591,55797.492,57597.42,59397.352,61197.265,62997.193,64797.11,66597.04,68396.981,70196.888,71996.807,73796.739,75596.665,77396.594,79196.521,80996.461,82796.378,84596.302,86396.226,88196.142,89996.07,91796.012,93595.919,95395.853,97195.785,98995.689,100795.633,102595.552,104395.481,106195.482,107995.331,109795.267,111595.183,113395.107,115195.043,116994.958,118794.88,120594.819,122394.73,124194.661,125994.586,127794.51,129594.425,131394.355,133194.302,134994.214,136794.146,138594.064,140393.993,142193.907,143993.836,145793.766,147593.683,149393.62,151193.535,152993.466,154793.383,156593.307,158393.229,160193.151,161993.083,163792.996,165592.93,167392.852,169192.773,170992.712
Temp. [°C],22.2,30,30,30,30,30.1,30,30,30,30,30,29.9,30,30,29.8,30,30,29.9,29.9,30,30,30.1,30,30,30,30,30,30,30,30,30,30,30,30,30,30,30,30,30,30,30.1,30,30,30,30,30,30,30,30,30,30,30,30,30,30,30,30,29.9,30,30,30,30,30,30.1,30,30.1,30,30.1,30,30,30,30,30,30,30,30,30,30,30,30,30,30,30,30,30,30,30,29.9,30,30,30,30,30,30,30,30
Mean,0.1119,0.11436,0.11728,0.12074,0.12472,0.1299,0.13672,0.14552,0.1569,0.17202,0.19214,0.21704,0.2481,0.28588,0.3305,0.38234,0.43996,0.50172,0.56696,0.6324,0.69902,0.76406,0.82764,0.88752,0.94422,0.99714,1.04594,1.09076,1.12998,1.16542,1.19656,1.22326,1.24744,1.26752,1.28556,1.301,1.31332,1.32376,1.33064,1.33642,1.33914,1.34254,1.34466,1.34596,1.34722,1.3474,1.34776,1.34844,1.34872,1.35072,1.34932,1.34962,1.3498,1.35048,1.3514,1.35052,1.351,1.35178,1.35132,1.35214,1.35216,1.35222,1.35282,1.35286,1.3531,1.35332,1.35418,1.35376,1.35392,1.35444,1.35336,1.35436,1.35472,1.35414,1.35398,1.3541,1.35386,1.35448,1.35396,1.35482,1.35498,1.3556,1.3557,1.35554,1.35532,1.3557,1.35484,1.35526,1.35618,1.35568,1.35588,1.3563,1.35628,1.3568,1.35648,1.35656
StDev,0.002984125,0.003274599,0.003462225,0.003559916,0.003721828,0.003826879,0.004219834,0.00462677,0.005044799,0.00522848,0.005603838,0.006546984,0.008481156,0.011576355,0.017070003,0.024162119,0.03372118,0.044279194,0.055842081,0.066701687,0.079592883,0.089992239,0.100990534,0.109874779,0.117685585,0.125474432,0.132057575,0.136217998,0.139651806,0.142175568,0.143675426,0.146094415,0.147380572,0.148237907,0.14934888,0.149537153,0.148694274,0.148539601,0.147825465,0.147485616,0.146273624,0.146161992,0.145404274,0.146257557,0.146421948,0.146031384,0.146014599,0.146136864,0.146765841,0.146546723,0.147606341,0.147191226,0.147433426,0.147950404,0.148077395,0.147666895,0.149068893,0.148553516,0.148279102,0.149723939,0.149742723,0.150896975,0.149859708,0.150317141,0.150989602,0.151097326,0.151198287,0.151352678,0.151022819,0.151570027,0.15152481,0.1522278,0.152287777,0.151634538,0.152245499,0.152210594,0.152112172,0.152034065,0.152723715,0.15299365,0.152751079,0.154103748,0.15357184,0.15340793,0.153261401,0.152753756,0.153566657,0.15270425,0.153815887,0.153640821,0.153618283,0.155041994,0.153742714,0.153997938,0.153423179,0.15337522
1;2,0.1103,0.1122,0.115,0.1183,0.1221,0.1272,0.1338,0.1425,0.154,0.1693,0.1903,0.2166,0.2506,0.2923,0.3419,0.4011,0.4683,0.5411,0.6161,0.6908,0.7697,0.8444,0.916,0.9843,1.0457,1.1033,1.1568,1.2074,1.2456,1.2803,1.315,1.3426,1.3657,1.3873,1.4033,1.4196,1.4303,1.441,1.4473,1.4535,1.4532,1.4558,1.4618,1.461,1.466,1.4636,1.4645,1.4645,1.4642,1.4669,1.4653,1.4659,1.4645,1.4655,1.4701,1.4669,1.4662,1.4697,1.469,1.4707,1.4693,1.47,1.4718,1.4704,1.4714,1.4683,1.472,1.4705,1.4709,1.472,1.4685,1.4719,1.4728,1.471,1.4689,1.471,1.4719,1.4708,1.4732,1.4732,1.472,1.4744,1.476,1.4749,1.4733,1.4753,1.4735,1.4718,1.4762,1.4721,1.474,1.4758,1.4747,1.4779,1.4753,1.4743
2;1,0.1132,0.1157,0.1189,0.1224,0.1269,0.1323,0.1394,0.1489,0.1604,0.1739,0.1928,0.2155,0.2416,0.274,0.3099,0.3511,0.3953,0.4424,0.4909,0.5411,0.5912,0.6411,0.6879,0.7356,0.7798,0.8203,0.8585,0.898,0.9301,0.9605,0.9898,1.0118,1.0335,1.052,1.0672,1.0824,1.0955,1.1062,1.1139,1.1203,1.1243,1.1272,1.1327,1.1318,1.1344,1.1343,1.1352,1.1354,1.1341,1.1361,1.1339,1.1348,1.1345,1.1347,1.1368,1.1353,1.1334,1.1361,1.136,1.1352,1.1344,1.1323,1.1354,1.1341,1.1328,1.1317,1.1334,1.133,1.1334,1.1335,1.1319,1.1322,1.1327,1.1329,1.1314,1.132,1.1324,1.1326,1.1321,1.1322,1.1328,1.1308,1.1324,1.1324,1.132,1.1344,1.1311,1.1329,1.1329,1.1315,1.1323,1.1308,1.1325,1.1336,1.1337,1.1337
2;2,0.1123,0.1144,0.117,0.1205,0.1243,0.1295,0.1363,0.1452,0.1572,0.174,0.1961,0.224,0.259,0.3011,0.3526,0.4117,0.4785,0.549,0.6248,0.6996,0.7764,0.8488,0.9205,0.9871,1.0489,1.1075,1.1603,1.2078,1.2503,1.2859,1.3172,1.3451,1.3706,1.3907,1.4095,1.4256,1.4358,1.4464,1.4521,1.4568,1.4594,1.4622,1.4638,1.4661,1.4669,1.4674,1.4685,1.4682,1.4697,1.4701,1.4708,1.4703,1.4712,1.4739,1.4734,1.4716,1.4727,1.473,1.473,1.4756,1.476,1.4754,1.4764,1.4771,1.477,1.4773,1.4777,1.4783,1.4781,1.4789,1.4779,1.4786,1.4798,1.4789,1.4794,1.4789,1.479,1.479,1.4791,1.4797,1.4808,1.4808,1.4806,1.4811,1.48,1.481,1.4801,1.4806,1.4818,1.4813,1.4817,1.4828,1.4815,1.4817,1.481,1.4817
2;3,0.1079,0.1105,0.1133,0.1167,0.1205,0.1255,0.1318,0.1398,0.1501,0.1646,0.1836,0.2072,0.2377,0.2749,0.3196,0.3727,0.4319,0.4971,0.5665,0.637,0.7099,0.7801,0.8515,0.915,0.9792,1.0384,1.0924,1.1371,1.1811,1.2233,1.2536,1.283,1.3098,1.3298,1.3515,1.3654,1.3802,1.3897,1.3969,1.4028,1.4061,1.4105,1.4081,1.4123,1.4109,1.4124,1.4114,1.4144,1.4149,1.4173,1.4167,1.4166,1.4184,1.4175,1.4169,1.4183,1.4228,1.4203,1.4188,1.4202,1.421,1.4237,1.4203,1.422,1.423,1.4267,1.4256,1.4258,1.4251,1.4262,1.4275,1.4279,1.4268,1.4264,1.429,1.4277,1.4257,1.4287,1.4262,1.4289,1.429,1.4311,1.4289,1.4286,1.4306,1.4278,1.4293,1.4302,1.4297,1.4324,1.4306,1.4321,1.4317,1.4306,1.4319,1.4323
3;2,0.1158,0.119,0.1222,0.1258,0.1298,0.135,0.1423,0.1512,0.1628,0.1783,0.1979,0.2219,0.2516,0.2871,0.3285,0.3751,0.4258,0.479,0.5365,0.5935,0.6479,0.7059,0.7623,0.8156,0.8675,0.9162,0.9617,1.0035,1.0428,1.0771,1.1072,1.1338,1.1576,1.1778,1.1963,1.212,1.2248,1.2355,1.243,1.2487,1.2527,1.257,1.2569,1.2586,1.2579,1.2593,1.2592,1.2597,1.2607,1.2632,1.2599,1.2605,1.2604,1.2608,1.2598,1.2605,1.2599,1.2598,1.2598,1.259,1.2601,1.2597,1.2602,1.2607,1.2613,1.2626,1.2622,1.2612,1.2621,1.2616,1.261,1.2612,1.2615,1.2615,1.2612,1.2609,1.2603,1.2613,1.2592,1.2601,1.2603,1.2609,1.2606,1.2607,1.2607,1.26,1.2602,1.2608,1.2603,1.2611,1.2608,1.26,1.261,1.2602,1.2605,1.2608
,,,,,,,,,,,,,,,,,,,,,,,,,,,,,,,,,,,,,,,,,,,,,,,,,,,,,,,,,,,,,,,,,,,,,,,,,,,,,,,,,,,,,,,,,,,,,,,,
Cycles / Well,,,,,,,,,,,,,,,,,,,,,,,,,,,,,,,,,,,,,,,,,,,,,,,,,,,,,,,,,,,,,,,,,,,,,,,,,,,,,,,,,,,,,,,,,,,,,,,,
C8,1,2,3,4,5,6,7,8,9,10,11,12,13,14,15,16,17,18,19,20,21,22,23,24,25,26,27,28,29,30,31,32,33,34,35,36,37,38,39,40,41,42,43,44,45,46,47,48,49,50,51,52,53,54,55,56,57,58,59,60,61,62,63,64,65,66,67,68,69,70,71,72,73,74,75,76,77,78,79,80,81,82,83,84,85,86,87,88,89,90,91,92,93,94,95,96
Time [s],0,1799.797,3599.741,5399.659,7199.573,8999.513,10799.44,12599.356,14399.272,16199.193,17999.112,19799.048,21598.963,23398.904,25198.829,26998.75,28798.659,30598.586,32398.522,34198.445,35998.366,37798.269,39598.205,41398.126,43198.043,44997.982,46797.898,48597.803,50397.735,52197.643,53997.591,55797.492,57597.42,59397.352,61197.265,62997.193,64797.11,66597.04,68396.981,70196.888,71996.807,73796.739,75596.665,77396.594,79196.521,80996.461,82796.378,84596.302,86396.226,88196.142,89996.07,91796.012,93595.919,95395.853,97195.785,98995.689,100795.633,102595.552,104395.481,106195.482,107995.331,109795.267,111595.183,113395.107,115195.043,116994.958,118794.88,120594.819,122394.73,124194.661,125994.586,127794.51,129594.425,131394.355,133194.302,134994.214,136794.146,138594.064,140393.993,142193.907,143993.836,145793.766,147593.683,149393.62,151193.535,152993.466,154793.383,156593.307,158393.229,160193.151,161993.083,163792.996,165592.93,167392.852,169192.773,170992.712
Temp. [°C],22.2,30,30,30,30,30.1,30,30,30,30,30,29.9,30,30,29.8,30,30,29.9,29.9,30,30,30.1,30,30,30,30,30,30,30,30,30,30,30,30,30,30,30,30,30,30,30.1,30,30,30,30,30,30,30,30,30,30,30,30,30,30,30,30,29.9,30,30,30,30,30,30.1,30,30.1,30,30.1,30,30,30,30,30,30,30,30,30,30,30,30,30,30,30,30,30,30,30,29.9,30,30,30,30,30,30,30,30
Mean,0.11358,0.11892,0.12448,0.1292,0.13436,0.14126,0.15074,0.16346,0.17956,0.2005,0.22834,0.2615,0.30222,0.34988,0.40564,0.47016,0.54234,0.62052,0.70812,0.80356,0.909,1.0185,1.11606,1.19894,1.26496,1.31712,1.35706,1.38686,1.41012,1.43006,1.44948,1.46586,1.48272,1.4985,1.5121,1.52124,1.52696,1.5302,1.53228,1.53428,1.53582,1.53764,1.54008,1.54098,1.54276,1.54426,1.54548,1.54712,1.54784,1.54918,1.55062,1.55088,1.55154,1.5525,1.55324,1.5532,1.55442,1.55506,1.55496,1.55592,1.55592,1.5559,1.55714,1.55766,1.55808,1.55826,1.55866,1.55908,1.55954,1.56016,1.55972,1.55978,1.56104,1.56104,1.56168,1.56168,1.56236,1.56268,1.56212,1.56314,1.56332,1.5636,1.56406,1.56436,1.56476,1.56538,1.56536,1.56544,1.56608,1.56614,1.56638,1.56682,1.56756,1.56734,1.568,1.56816
StDev,0.003553449,0.004342465,0.004728319,0.004978454,0.005290841,0.006095326,0.007333689,0.008910556,0.011578126,0.015582201,0.022246528,0.029561208,0.038522747,0.050040204,0.063636373,0.079434583,0.096685071,0.113893995,0.131003958,0.145776689,0.15303694,0.151481104,0.147239135,0.131716316,0.116481857,0.102365702,0.089865945,0.08221346,0.078415445,0.074145823,0.070202614,0.06876033,0.066907376,0.064826268,0.062760856,0.059533419,0.05714213,0.05558543,0.053230132,0.052203994,0.051574092,0.050794025,0.049408623,0.048710132,0.04758753,0.046519974,0.046914465,0.045889291,0.045739403,0.045276893,0.04475033,0.044154581,0.043907038,0.044360061,0.043145486,0.043232916,0.043358183,0.042352013,0.04242656,0.04255581,0.042907482,0.042651788,0.041912802,0.042023838,0.041938014,0.042158487,0.041613195,0.041513757,0.041680067,0.041177822,0.041530796,0.042028764,0.040850251,0.040873316,0.041266536,0.041190496,0.040710171,0.040303995,0.040348817,0.040614813,0.040493049,0.040110285,0.040240005,0.040242614,0.040055873,0.039740684,0.039671942,0.040194937,0.039519957,0.040143343,0.039939166,0.039714066,0.040007287,0.039847309,0.039875619,0.039751075
1;2,0.111,0.115,0.12,0.1242,0.1284,0.134,0.1419,0.152,0.1648,0.1819,0.2031,0.2313,0.2668,0.3085,0.3592,0.4154,0.4826,0.5547,0.6321,0.7185,0.8153,0.9153,1.0036,1.0917,1.1603,1.2182,1.2719,1.3094,1.3357,1.3603,1.3847,1.4008,1.421,1.4376,1.4534,1.4651,1.4727,1.4776,1.4805,1.4838,1.4846,1.4864,1.4905,1.4915,1.4948,1.4972,1.4975,1.5001,1.5016,1.5038,1.5056,1.505,1.5062,1.5081,1.509,1.5083,1.509,1.5107,1.5105,1.5122,1.511,1.5123,1.5133,1.5137,1.5145,1.5134,1.515,1.5155,1.5156,1.5171,1.5151,1.5159,1.5188,1.5181,1.5186,1.5178,1.5195,1.5199,1.5204,1.5201,1.5204,1.5215,1.5222,1.522,1.5223,1.5246,1.5234,1.5219,1.5257,1.5238,1.5249,1.5262,1.5255,1.5255,1.5257,1.5259
2;1,0.1147,0.1201,0.124,0.1275,0.1325,0.1393,0.1478,0.1606,0.1746,0.1905,0.2113,0.2356,0.2663,0.3007,0.3399,0.3879,0.4397,0.4963,0.5624,0.635,0.7254,0.8315,0.9344,1.04,1.1314,1.2058,1.2587,1.2971,1.3246,1.3484,1.3716,1.3912,1.4082,1.4274,1.4425,1.4557,1.4643,1.4688,1.4749,1.4777,1.4807,1.4837,1.4881,1.4897,1.4925,1.495,1.4963,1.499,1.4993,1.5003,1.5024,1.5046,1.5052,1.5049,1.5077,1.5078,1.509,1.511,1.511,1.5108,1.5111,1.51,1.5133,1.5134,1.5138,1.5146,1.515,1.5155,1.5159,1.5165,1.5164,1.5154,1.5173,1.5178,1.5178,1.5188,1.5195,1.5204,1.5187,1.5205,1.5208,1.5208,1.521,1.5217,1.5224,1.5225,1.5237,1.5237,1.523,1.5236,1.5235,1.5235,1.5248,1.5247,1.5258,1.5261
2;2,0.1135,0.119,0.1256,0.1317,0.138,0.1458,0.1571,0.172,0.192,0.2199,0.2573,0.3034,0.3596,0.4255,0.5015,0.589,0.6854,0.7861,0.8942,1.0044,1.1143,1.2114,1.2931,1.3562,1.4034,1.4391,1.4663,1.4884,1.5067,1.5213,1.5371,1.5521,1.5657,1.5797,1.5896,1.5953,1.5982,1.599,1.5986,1.5992,1.5993,1.5994,1.6017,1.6006,1.6014,1.6011,1.6028,1.603,1.6036,1.6035,1.6042,1.6035,1.6038,1.6064,1.6052,1.6046,1.6054,1.6055,1.6058,1.6066,1.6067,1.6057,1.6067,1.6067,1.6074,1.6074,1.6073,1.6075,1.608,1.6076,1.6064,1.6087,1.6082,1.6079,1.6091,1.6091,1.6093,1.6087,1.6082,1.6096,1.6096,1.6088,1.61,1.6101,1.6098,1.6112,1.6109,1.6102,1.611,1.6116,1.6118,1.6118,1.6123,1.6119,1.6127,1.6125
2;3,0.1098,0.115,0.1209,0.126,0.1314,0.1381,0.1474,0.1597,0.1757,0.1978,0.2271,0.2633,0.3084,0.3626,0.4279,0.5036,0.5883,0.6797,0.7824,0.8917,1.0018,1.1131,1.2125,1.2848,1.3407,1.3832,1.4127,1.4357,1.4561,1.4728,1.4884,1.5035,1.5203,1.5329,1.5467,1.5525,1.5558,1.5586,1.5584,1.5603,1.5611,1.5631,1.5623,1.564,1.5648,1.5656,1.5668,1.5681,1.5687,1.5704,1.5712,1.5714,1.5715,1.5728,1.5723,1.5732,1.5748,1.5744,1.5739,1.5753,1.5755,1.5764,1.576,1.577,1.5771,1.5785,1.5784,1.5788,1.5794,1.58,1.5812,1.5808,1.5804,1.5805,1.5814,1.5814,1.5817,1.5821,1.5818,1.5827,1.5831,1.5835,1.584,1.5841,1.5853,1.5846,1.5848,1.586,1.5858,1.5857,1.5856,1.5865,1.5876,1.5871,1.5878,1.5877
3;2,0.1189,0.1255,0.1319,0.1366,0.1415,0.1491,0.1595,0.173,0.1907,0.2124,0.2429,0.2739,0.31,0.3521,0.3997,0.4549,0.5157,0.5858,0.6695,0.7682,0.8882,1.0212,1.1367,1.222,1.289,1.3393,1.3757,1.4037,1.4275,1.4475,1.4656,1.4817,1.4984,1.5149,1.5283,1.5376,1.5438,1.547,1.549,1.5504,1.5534,1.5556,1.5578,1.5591,1.5603,1.5624,1.564,1.5654,1.566,1.5679,1.5697,1.5699,1.571,1.5703,1.572,1.5721,1.5739,1.5737,1.5736,1.5747,1.5753,1.5751,1.5764,1.5775,1.5776,1.5774,1.5776,1.5781,1.5788,1.5796,1.5795,1.5781,1.5805,1.5809,1.5815,1.5813,1.5818,1.5823,1.5815,1.5828,1.5827,1.5834,1.5831,1.5839,1.584,1.584,1.584,1.5854,1.5849,1.586,1.5861,1.5861,1.5876,1.5875,1.588,1.5886
,,,,,,,,,,,,,,,,,,,,,,,,,,,,,,,,,,,,,,,,,,,,,,,,,,,,,,,,,,,,,,,,,,,,,,,,,,,,,,,,,,,,,,,,,,,,,,,,
Cycles / Well,,,,,,,,,,,,,,,,,,,,,,,,,,,,,,,,,,,,,,,,,,,,,,,,,,,,,,,,,,,,,,,,,,,,,,,,,,,,,,,,,,,,,,,,,,,,,,,,
C9,1,2,3,4,5,6,7,8,9,10,11,12,13,14,15,16,17,18,19,20,21,22,23,24,25,26,27,28,29,30,31,32,33,34,35,36,37,38,39,40,41,42,43,44,45,46,47,48,49,50,51,52,53,54,55,56,57,58,59,60,61,62,63,64,65,66,67,68,69,70,71,72,73,74,75,76,77,78,79,80,81,82,83,84,85,86,87,88,89,90,91,92,93,94,95,96
Time [s],0,1799.797,3599.741,5399.659,7199.573,8999.513,10799.44,12599.356,14399.272,16199.193,17999.112,19799.048,21598.963,23398.904,25198.829,26998.75,28798.659,30598.586,32398.522,34198.445,35998.366,37798.269,39598.205,41398.126,43198.043,44997.982,46797.898,48597.803,50397.735,52197.643,53997.591,55797.492,57597.42,59397.352,61197.265,62997.193,64797.11,66597.04,68396.981,70196.888,71996.807,73796.739,75596.665,77396.594,79196.521,80996.461,82796.378,84596.302,86396.226,88196.142,89996.07,91796.012,93595.919,95395.853,97195.785,98995.689,100795.633,102595.552,104395.481,106195.482,107995.331,109795.267,111595.183,113395.107,115195.043,116994.958,118794.88,120594.819,122394.73,124194.661,125994.586,127794.51,129594.425,131394.355,133194.302,134994.214,136794.146,138594.064,140393.993,142193.907,143993.836,145793.766,147593.683,149393.62,151193.535,152993.466,154793.383,156593.307,158393.229,160193.151,161993.083,163792.996,165592.93,167392.852,169192.773,170992.712
Temp. [°C],22.2,30,30,30,30,30.1,30,30,30,30,30,29.9,30,30,29.8,30,30,29.9,29.9,30,30,30.1,30,30,30,30,30,30,30,30,30,30,30,30,30,30,30,30,30,30,30.1,30,30,30,30,30,30,30,30,30,30,30,30,30,30,30,30,29.9,30,30,30,30,30,30.1,30,30.1,30,30.1,30,30,30,30,30,30,30,30,30,30,30,30,30,30,30,30,30,30,30,29.9,30,30,30,30,30,30,30,30
Mean,0.12046,0.1224,0.12456,0.12714,0.13064,0.13506,0.14196,0.14956,0.15884,0.17146,0.1887,0.21082,0.2403,0.2781,0.32552,0.38232,0.44964,0.52698,0.61394,0.71092,0.81332,0.91672,1.00848,1.08838,1.152,1.20242,1.24096,1.27202,1.29836,1.3209,1.34038,1.35634,1.37148,1.38336,1.39332,1.39884,1.40228,1.4045,1.40708,1.40876,1.41082,1.41246,1.41444,1.4164,1.41764,1.4201,1.42184,1.424,1.42618,1.4278,1.42892,1.43126,1.43286,1.43418,1.43604,1.43784,1.43908,1.44026,1.44164,1.44286,1.44394,1.44488,1.44696,1.4478,1.44904,1.45078,1.4516,1.45254,1.45382,1.45514,1.45572,1.45598,1.4587,1.45984,1.46074,1.4614,1.46238,1.46342,1.46346,1.46508,1.46586,1.46652,1.46754,1.46828,1.46922,1.47028,1.47132,1.47206,1.47314,1.47392,1.47468,1.47538,1.4765,1.4769,1.47744,1.47846
StDev,0.021998932,0.019611094,0.020005074,0.019948634,0.020353943,0.020420406,0.023786404,0.024297387,0.025283552,0.026469851,0.028614157,0.030335244,0.033524842,0.036071249,0.037984628,0.037586194,0.035834034,0.032570723,0.029148293,0.028235917,0.031276781,0.035733836,0.038398854,0.03917004,0.038976082,0.038547335,0.038428284,0.037462608,0.036582072,0.035735906,0.035072026,0.03501404,0.034800101,0.034754036,0.034005617,0.033467043,0.032711726,0.03275271,0.032062002,0.032173172,0.031315603,0.031525831,0.031404347,0.03166757,0.031930597,0.031762242,0.03186076,0.031485552,0.031451979,0.031302795,0.031271585,0.031341554,0.03112801,0.030870326,0.030895841,0.031187385,0.031305383,0.03154026,0.031261126,0.031366989,0.030952593,0.031334119,0.030744398,0.030939215,0.031261046,0.030825266,0.03100895,0.030737811,0.030580582,0.031288784,0.031032435,0.031098505,0.031317647,0.030917277,0.031157872,0.030575072,0.030872755,0.030903997,0.03128375,0.031004629,0.031571079,0.031159862,0.031023749,0.030757308,0.030630655,0.030998258,0.030576412,0.030190777,0.031187305,0.030579274,0.030921303,0.031133776,0.030787091,0.03044339,0.030913314,0.030904903
1;2,0.1102,0.1126,0.1139,0.1161,0.1188,0.1226,0.1272,0.134,0.1427,0.1548,0.1711,0.1928,0.2218,0.2602,0.3099,0.3719,0.4461,0.5349,0.6329,0.743,0.8579,0.9702,1.0663,1.1462,1.2083,1.2569,1.2948,1.3243,1.3491,1.3695,1.3878,1.4031,1.4176,1.429,1.4382,1.4427,1.4456,1.448,1.4496,1.4513,1.4521,1.4539,1.4558,1.4583,1.4604,1.4628,1.4643,1.4663,1.4678,1.4694,1.4703,1.4728,1.474,1.475,1.477,1.4786,1.4803,1.4826,1.4831,1.4844,1.4846,1.4866,1.4877,1.4886,1.4905,1.4913,1.4926,1.4935,1.494,1.4966,1.4968,1.4968,1.4997,1.5007,1.5017,1.5018,1.5027,1.5038,1.5045,1.5055,1.5073,1.5074,1.5079,1.5092,1.5097,1.5112,1.5117,1.5117,1.5143,1.5137,1.5155,1.5164,1.5166,1.5164,1.5179,1.5187
2;1,0.1139,0.1183,0.1226,0.1261,0.1309,0.1369,0.1436,0.1548,0.1654,0.1797,0.2006,0.2267,0.2598,0.3011,0.3501,0.4043,0.4689,0.5401,0.6183,0.7048,0.7964,0.8919,0.9771,1.0536,1.1166,1.1659,1.2038,1.2357,1.2633,1.2865,1.3062,1.3215,1.3362,1.3481,1.3597,1.3644,1.3701,1.3726,1.3755,1.3766,1.3796,1.381,1.3835,1.3852,1.3865,1.3887,1.3903,1.393,1.3947,1.3969,1.3979,1.4006,1.4017,1.4033,1.4059,1.406,1.4078,1.4094,1.4107,1.4114,1.4127,1.4131,1.4163,1.4168,1.4174,1.4195,1.4202,1.4221,1.4234,1.423,1.4242,1.4242,1.4262,1.4287,1.4289,1.4301,1.4306,1.4319,1.4314,1.4334,1.4337,1.435,1.4365,1.4373,1.4384,1.439,1.4395,1.4413,1.4411,1.4425,1.4432,1.4435,1.4448,1.446,1.4458,1.4467
2;2,0.1111,0.1136,0.1148,0.1171,0.12,0.124,0.129,0.1357,0.1441,0.1558,0.1716,0.1927,0.2207,0.2575,0.3045,0.3628,0.4327,0.5147,0.6089,0.7141,0.8237,0.9335,1.0289,1.1113,1.1767,1.228,1.2666,1.2973,1.3233,1.3465,1.3659,1.3819,1.3967,1.4094,1.4187,1.424,1.427,1.4288,1.4311,1.4327,1.4345,1.4366,1.4385,1.4403,1.4413,1.4432,1.4455,1.4471,1.4497,1.4512,1.4525,1.4551,1.4562,1.4576,1.4594,1.4618,1.4626,1.4634,1.4651,1.4662,1.4673,1.4679,1.4701,1.4713,1.4723,1.4741,1.4747,1.4752,1.4772,1.4782,1.479,1.4793,1.4822,1.4831,1.4841,1.4841,1.4861,1.4872,1.4872,1.489,1.4897,1.4902,1.4918,1.4911,1.4922,1.4936,1.4938,1.4949,1.4963,1.4974,1.4979,1.4986,1.5001,1.5007,1.501,1.5024
2;3,0.1075,0.1104,0.1119,0.1145,0.1177,0.1219,0.1273,0.1333,0.1415,0.1525,0.1664,0.1851,0.2095,0.2422,0.2846,0.3381,0.403,0.4789,0.5672,0.6673,0.7742,0.8814,0.9798,1.0642,1.1306,1.1851,1.2259,1.2574,1.2852,1.3086,1.3281,1.3462,1.3631,1.3742,1.3841,1.3899,1.3919,1.3951,1.3973,1.3998,1.4015,1.4026,1.4044,1.4066,1.407,1.41,1.4118,1.4135,1.4169,1.418,1.4192,1.4207,1.4237,1.4241,1.4261,1.4285,1.4304,1.43,1.4319,1.4338,1.4353,1.4356,1.4372,1.4381,1.4396,1.4418,1.4427,1.4434,1.4445,1.4463,1.446,1.4477,1.4505,1.4504,1.4522,1.4528,1.4531,1.4541,1.4543,1.4559,1.457,1.4575,1.458,1.4587,1.4601,1.461,1.4632,1.4634,1.4645,1.4655,1.4654,1.4668,1.4679,1.4678,1.4685,1.4691
3;2,0.1596,0.1571,0.1596,0.1619,0.1658,0.1699,0.1827,0.19,0.2005,0.2145,0.2338,0.2568,0.2897,0.3295,0.3785,0.4345,0.4975,0.5663,0.6424,0.7254,0.8144,0.9066,0.9903,1.0666,1.1278,1.1762,1.2137,1.2454,1.2709,1.2934,1.3139,1.329,1.3438,1.3561,1.3659,1.3732,1.3768,1.378,1.3819,1.3834,1.3864,1.3882,1.39,1.3916,1.393,1.3958,1.3973,1.4001,1.4018,1.4035,1.4047,1.4071,1.4087,1.4109,1.4118,1.4143,1.4143,1.4159,1.4174,1.4185,1.4198,1.4212,1.4235,1.4242,1.4254,1.4272,1.4278,1.4285,1.43,1.4316,1.4326,1.4319,1.4349,1.4363,1.4368,1.4382,1.4394,1.4401,1.4399,1.4416,1.4416,1.4425,1.4435,1.4451,1.4457,1.4466,1.4484,1.449,1.4495,1.4505,1.4514,1.4516,1.4531,1.4536,1.454,1.4554
,,,,,,,,,,,,,,,,,,,,,,,,,,,,,,,,,,,,,,,,,,,,,,,,,,,,,,,,,,,,,,,,,,,,,,,,,,,,,,,,,,,,,,,,,,,,,,,,
Cycles / Well,,,,,,,,,,,,,,,,,,,,,,,,,,,,,,,,,,,,,,,,,,,,,,,,,,,,,,,,,,,,,,,,,,,,,,,,,,,,,,,,,,,,,,,,,,,,,,,,
C10,1,2,3,4,5,6,7,8,9,10,11,12,13,14,15,16,17,18,19,20,21,22,23,24,25,26,27,28,29,30,31,32,33,34,35,36,37,38,39,40,41,42,43,44,45,46,47,48,49,50,51,52,53,54,55,56,57,58,59,60,61,62,63,64,65,66,67,68,69,70,71,72,73,74,75,76,77,78,79,80,81,82,83,84,85,86,87,88,89,90,91,92,93,94,95,96
Time [s],0,1799.797,3599.741,5399.659,7199.573,8999.513,10799.44,12599.356,14399.272,16199.193,17999.112,19799.048,21598.963,23398.904,25198.829,26998.75,28798.659,30598.586,32398.522,34198.445,35998.366,37798.269,39598.205,41398.126,43198.043,44997.982,46797.898,48597.803,50397.735,52197.643,53997.591,55797.492,57597.42,59397.352,61197.265,62997.193,64797.11,66597.04,68396.981,70196.888,71996.807,73796.739,75596.665,77396.594,79196.521,80996.461,82796.378,84596.302,86396.226,88196.142,89996.07,91796.012,93595.919,95395.853,97195.785,98995.689,100795.633,102595.552,104395.481,106195.482,107995.331,109795.267,111595.183,113395.107,115195.043,116994.958,118794.88,120594.819,122394.73,124194.661,125994.586,127794.51,129594.425,131394.355,133194.302,134994.214,136794.146,138594.064,140393.993,142193.907,143993.836,145793.766,147593.683,149393.62,151193.535,152993.466,154793.383,156593.307,158393.229,160193.151,161993.083,163792.996,165592.93,167392.852,169192.773,170992.712
Temp. [°C],22.2,30,30,30,30,30.1,30,30,30,30,30,29.9,30,30,29.8,30,30,29.9,29.9,30,30,30.1,30,30,30,30,30,30,30,30,30,30,30,30,30,30,30,30,30,30,30.1,30,30,30,30,30,30,30,30,30,30,30,30,30,30,30,30,29.9,30,30,30,30,30,30.1,30,30.1,30,30.1,30,30,30,30,30,30,30,30,30,30,30,30,30,30,30,30,30,30,30,29.9,30,30,30,30,30,30,30,30
Mean,0.11176,0.11364,0.11564,0.11684,0.11702,0.11688,0.1167,0.11656,0.11606,0.11574,0.11566,0.11548,0.1154,0.11536,0.11536,0.11538,0.11548,0.1156,0.11568,0.116,0.11612,0.11632,0.11644,0.11654,0.11664,0.11678,0.11712,0.11728,0.11724,0.11736,0.1175,0.11752,0.11768,0.1178,0.11778,0.11808,0.11808,0.1184,0.1185,0.1185,0.11876,0.11876,0.11892,0.1191,0.1191,0.11942,0.1193,0.1196,0.1197,0.12268,0.11986,0.1198,0.11992,0.11992,0.1202,0.1206,0.12068,0.12068,0.12088,0.12102,0.1211,0.1212,0.12152,0.12168,0.12194,0.1219,0.1223,0.1224,0.12258,0.12288,0.12294,0.12318,0.12362,0.12398,0.12414,0.12458,0.12494,0.1253,0.12576,0.12598,0.12644,0.12674,0.12744,0.12782,0.12876,0.1294,0.13016,0.13078,0.1317,0.1325,0.13314,0.1342,0.13516,0.13588,0.13712,0.13846
StDev,0.003571134,0.003795787,0.003311042,0.002804104,0.002300435,0.002144062,0.002014944,0.002076776,0.001904731,0.001880957,0.001887591,0.001905781,0.001866815,0.001902104,0.001932097,0.001943451,0.001997999,0.002120142,0.002161481,0.002223736,0.002426314,0.002550882,0.002646318,0.002681977,0.002746452,0.002883921,0.003054832,0.003346192,0.003036939,0.003119776,0.003161487,0.003133209,0.003134805,0.00329621,0.00313879,0.003378905,0.00313879,0.003614554,0.003366749,0.003379349,0.003567632,0.003359018,0.003454996,0.003536948,0.003418333,0.003610679,0.003283291,0.003737646,0.003485685,0.008867187,0.003530297,0.003231099,0.003296513,0.003226763,0.003254996,0.003339162,0.003371498,0.003232182,0.003430306,0.003361101,0.003287096,0.003162278,0.003305601,0.003278262,0.003506137,0.003361547,0.003432929,0.003351119,0.00342228,0.003523067,0.003578827,0.003528739,0.003679266,0.003721156,0.003621188,0.003794338,0.004107676,0.004067555,0.004355227,0.00428509,0.00437984,0.004430914,0.004653278,0.004797082,0.005093918,0.005316014,0.005554098,0.005599732,0.005850214,0.006356099,0.006569475,0.007463913,0.007516515,0.007665311,0.008031625,0.008156776
1;2,0.1097,0.1112,0.1136,0.1154,0.1161,0.1163,0.1162,0.1159,0.1159,0.1156,0.1155,0.1154,0.1153,0.1153,0.1152,0.1153,0.1153,0.1154,0.1153,0.1156,0.1156,0.1158,0.1158,0.1158,0.116,0.1161,0.1163,0.1164,0.1164,0.1166,0.1166,0.1166,0.1169,0.117,0.117,0.1172,0.1173,0.1174,0.1176,0.1178,0.1179,0.1181,0.1182,0.1182,0.1183,0.1186,0.1186,0.1187,0.119,0.1188,0.119,0.1192,0.1193,0.1194,0.1196,0.1199,0.12,0.1203,0.1205,0.1207,0.1207,0.121,0.1212,0.1213,0.1217,0.1217,0.1219,0.122,0.1222,0.1223,0.1221,0.1226,0.1229,0.1231,0.1233,0.1236,0.1237,0.1239,0.1241,0.1244,0.1246,0.1245,0.1251,0.1254,0.1258,0.1264,0.1269,0.1277,0.1285,0.1288,0.129,0.1291,0.1302,0.1307,0.1318,0.133
2;1,0.1144,0.1181,0.1192,0.1194,0.119,0.1186,0.1177,0.1177,0.1169,0.1164,0.1163,0.116,0.1158,0.1157,0.1157,0.1155,0.1157,0.1157,0.1157,0.1158,0.1158,0.1158,0.1158,0.1159,0.1159,0.1158,0.1163,0.116,0.1162,0.1162,0.1163,0.1164,0.1165,0.1165,0.1164,0.1164,0.1167,0.1165,0.1169,0.1168,0.1169,0.117,0.117,0.1171,0.1174,0.1175,0.1176,0.1175,0.1178,0.1189,0.1181,0.1182,0.1181,0.1183,0.1184,0.119,0.1191,0.119,0.119,0.1192,0.1196,0.1199,0.1201,0.1205,0.1206,0.1208,0.1213,0.1215,0.1216,0.1219,0.1222,0.1226,0.1228,0.1233,0.1232,0.1235,0.1236,0.1241,0.1243,0.1246,0.1251,0.1254,0.1262,0.1266,0.1274,0.1278,0.1286,0.1293,0.1303,0.131,0.1318,0.1326,0.1335,0.1341,0.1348,0.1364
2;2,0.1118,0.1129,0.1156,0.1176,0.1182,0.1184,0.1184,0.1182,0.1179,0.1178,0.1177,0.1176,0.1175,0.1175,0.1176,0.1176,0.1177,0.1177,0.1178,0.1179,0.1181,0.1183,0.1184,0.1185,0.1186,0.1187,0.1189,0.1189,0.119,0.1192,0.1193,0.1194,0.1196,0.1196,0.1198,0.1201,0.1201,0.1204,0.1205,0.1206,0.1208,0.1209,0.1213,0.1212,0.1212,0.1215,0.1216,0.1219,0.1221,0.1221,0.1222,0.1224,0.1224,0.1225,0.1228,0.1231,0.1232,0.1234,0.1237,0.1237,0.1241,0.1243,0.1246,0.125,0.1253,0.1256,0.126,0.1261,0.1264,0.1267,0.127,0.1274,0.1278,0.1282,0.1286,0.1293,0.1295,0.1302,0.1306,0.1311,0.1315,0.1321,0.1329,0.1336,0.1344,0.135,0.1361,0.1372,0.1382,0.1394,0.1404,0.1419,0.1433,0.1444,0.1461,0.1479
2;3,0.107,0.1091,0.1113,0.1127,0.1134,0.1134,0.1134,0.1132,0.1129,0.1127,0.1126,0.1124,0.1124,0.1123,0.1123,0.1123,0.1123,0.1122,0.1123,0.1126,0.1125,0.1126,0.1127,0.1128,0.1128,0.1129,0.113,0.1131,0.1133,0.1133,0.1135,0.1135,0.1136,0.1136,0.1138,0.114,0.1141,0.1142,0.1144,0.1143,0.1145,0.1146,0.1147,0.115,0.1149,0.1151,0.1152,0.1152,0.1154,0.1156,0.1155,0.1156,0.1158,0.1157,0.1161,0.1163,0.1163,0.1164,0.1164,0.1166,0.1166,0.1167,0.1169,0.117,0.1169,0.117,0.1173,0.1175,0.1176,0.1178,0.1178,0.118,0.1183,0.1186,0.1191,0.1194,0.1194,0.1199,0.1201,0.1204,0.1208,0.1213,0.1216,0.1218,0.1226,0.123,0.1235,0.1239,0.1244,0.1247,0.1252,0.1255,0.1263,0.127,0.128,0.1291
3;2,0.1159,0.1169,0.1185,0.1191,0.1184,0.1177,0.1178,0.1178,0.1167,0.1162,0.1162,0.116,0.116,0.116,0.116,0.1162,0.1164,0.117,0.1173,0.1181,0.1186,0.1191,0.1195,0.1197,0.1199,0.1204,0.1211,0.122,0.1213,0.1215,0.1218,0.1217,0.1218,0.1223,0.1219,0.1227,0.1222,0.1235,0.1231,0.123,0.1237,0.1232,0.1234,0.124,0.1237,0.1244,0.1235,0.1247,0.1242,0.138,0.1245,0.1236,0.124,0.1237,0.1241,0.1247,0.1248,0.1243,0.1248,0.1249,0.1245,0.1241,0.1248,0.1246,0.1252,0.1244,0.125,0.1249,0.1251,0.1257,0.1256,0.1253,0.1263,0.1267,0.1265,0.1271,0.1285,0.1284,0.1297,0.1294,0.1302,0.1304,0.1314,0.1317,0.1336,0.1348,0.1357,0.1358,0.1371,0.1386,0.1393,0.1419,0.1425,0.1432,0.1449,0.1459
,,,,,,,,,,,,,,,,,,,,,,,,,,,,,,,,,,,,,,,,,,,,,,,,,,,,,,,,,,,,,,,,,,,,,,,,,,,,,,,,,,,,,,,,,,,,,,,,
Cycles / Well,,,,,,,,,,,,,,,,,,,,,,,,,,,,,,,,,,,,,,,,,,,,,,,,,,,,,,,,,,,,,,,,,,,,,,,,,,,,,,,,,,,,,,,,,,,,,,,,
C11,1,2,3,4,5,6,7,8,9,10,11,12,13,14,15,16,17,18,19,20,21,22,23,24,25,26,27,28,29,30,31,32,33,34,35,36,37,38,39,40,41,42,43,44,45,46,47,48,49,50,51,52,53,54,55,56,57,58,59,60,61,62,63,64,65,66,67,68,69,70,71,72,73,74,75,76,77,78,79,80,81,82,83,84,85,86,87,88,89,90,91,92,93,94,95,96
Time [s],0,1799.797,3599.741,5399.659,7199.573,8999.513,10799.44,12599.356,14399.272,16199.193,17999.112,19799.048,21598.963,23398.904,25198.829,26998.75,28798.659,30598.586,32398.522,34198.445,35998.366,37798.269,39598.205,41398.126,43198.043,44997.982,46797.898,48597.803,50397.735,52197.643,53997.591,55797.492,57597.42,59397.352,61197.265,62997.193,64797.11,66597.04,68396.981,70196.888,71996.807,73796.739,75596.665,77396.594,79196.521,80996.461,82796.378,84596.302,86396.226,88196.142,89996.07,91796.012,93595.919,95395.853,97195.785,98995.689,100795.633,102595.552,104395.481,106195.482,107995.331,109795.267,111595.183,113395.107,115195.043,116994.958,118794.88,120594.819,122394.73,124194.661,125994.586,127794.51,129594.425,131394.355,133194.302,134994.214,136794.146,138594.064,140393.993,142193.907,143993.836,145793.766,147593.683,149393.62,151193.535,152993.466,154793.383,156593.307,158393.229,160193.151,161993.083,163792.996,165592.93,167392.852,169192.773,170992.712
Temp. [°C],22.2,30,30,30,30,30.1,30,30,30,30,30,29.9,30,30,29.8,30,30,29.9,29.9,30,30,30.1,30,30,30,30,30,30,30,30,30,30,30,30,30,30,30,30,30,30,30.1,30,30,30,30,30,30,30,30,30,30,30,30,30,30,30,30,29.9,30,30,30,30,30,30.1,30,30.1,30,30.1,30,30,30,30,30,30,30,30,30,30,30,30,30,30,30,30,30,30,30,29.9,30,30,30,30,30,30,30,30
Mean,0.11108,0.11316,0.11496,0.11752,0.1201,0.12416,0.12978,0.13792,0.14846,0.16394,0.1851,0.21276,0.24842,0.2906,0.33958,0.39212,0.44698,0.50036,0.55282,0.60172,0.64508,0.68376,0.7185,0.74826,0.77398,0.79798,0.81964,0.83892,0.85716,0.87486,0.89198,0.9094,0.92674,0.94446,0.96366,0.98308,1.00578,1.02952,1.05648,1.08384,1.11204,1.14072,1.16742,1.1903,1.2111,1.22712,1.24096,1.25248,1.2606,1.26768,1.26936,1.2715,1.27214,1.27248,1.27312,1.27194,1.27162,1.27108,1.26982,1.26982,1.26852,1.2682,1.2675,1.26628,1.26506,1.26486,1.26402,1.26312,1.26182,1.2607,1.25972,1.26052,1.25922,1.25822,1.25776,1.25728,1.25676,1.25628,1.25486,1.25546,1.25524,1.2549,1.2546,1.2543,1.25332,1.25356,1.25404,1.25406,1.2542,1.25364,1.25382,1.25398,1.2539,1.25424,1.25444,1.25414
StDev,0.004485198,0.005476587,0.005446375,0.006029262,0.005924525,0.006508302,0.006518205,0.007301849,0.007151433,0.007198819,0.007393578,0.007323455,0.0075632,0.008372873,0.01117618,0.015228657,0.020537575,0.026762717,0.032566962,0.039142075,0.044337535,0.049799327,0.054187314,0.058476089,0.06188495,0.064306897,0.067561698,0.069467345,0.071014597,0.073010054,0.075960365,0.078480826,0.080975385,0.084642737,0.087823505,0.090322018,0.09344569,0.096046796,0.099330997,0.101802863,0.103852386,0.10706039,0.107978641,0.110011295,0.111823276,0.112503009,0.113104832,0.113452973,0.114056938,0.111869844,0.113800189,0.113937373,0.113545621,0.113607557,0.11340627,0.113230332,0.114025203,0.113611474,0.113706319,0.11336323,0.114396578,0.115092376,0.114345748,0.114786833,0.11458616,0.115390784,0.115310806,0.115754339,0.115014986,0.115425842,0.115533467,0.116236126,0.115491329,0.115233402,0.115492156,0.115460456,0.114916352,0.116207926,0.115064213,0.11598443,0.116578399,0.11669955,0.116180076,0.116234633,0.115924833,0.11536929,0.115255425,0.114855575,0.115090464,0.115737388,0.11530634,0.115198511,0.11526912,0.114844843,0.114453169,0.114501803
1;2,0.1088,0.11,0.1118,0.1139,0.1165,0.1204,0.1259,0.1338,0.1447,0.1603,0.1819,0.2102,0.2473,0.2932,0.3461,0.4037,0.4639,0.5237,0.5817,0.6363,0.6847,0.7269,0.7641,0.798,0.8251,0.8499,0.8741,0.8944,0.9122,0.93,0.9491,0.9665,0.9828,1.0002,1.0198,1.0381,1.0581,1.0804,1.1055,1.1304,1.1554,1.1842,1.2088,1.2291,1.2532,1.266,1.2776,1.2907,1.2952,1.2993,1.3034,1.3056,1.3046,1.3032,1.3075,1.3042,1.3009,1.3039,1.3029,1.3011,1.2987,1.2975,1.2984,1.2961,1.294,1.2917,1.2914,1.2907,1.2888,1.2853,1.283,1.2872,1.2832,1.2832,1.2803,1.2807,1.2799,1.2782,1.2761,1.2767,1.2749,1.2754,1.2762,1.2767,1.2718,1.2745,1.2741,1.2736,1.2729,1.2708,1.2716,1.2713,1.27,1.2717,1.2717,1.2707
2;1,0.1149,0.1184,0.1207,0.1227,0.1259,0.1309,0.136,0.1451,0.1562,0.1717,0.193,0.2197,0.2534,0.2918,0.336,0.3812,0.429,0.4742,0.5174,0.5577,0.594,0.6259,0.655,0.6791,0.6998,0.7192,0.7376,0.7544,0.77,0.7857,0.7991,0.8131,0.8283,0.842,0.857,0.8737,0.8931,0.9135,0.9368,0.9617,0.9891,1.0157,1.0433,1.0651,1.0845,1.101,1.1161,1.1272,1.1362,1.1449,1.1474,1.1494,1.151,1.1522,1.1527,1.1518,1.1521,1.1511,1.1497,1.1508,1.1486,1.148,1.1486,1.1468,1.1463,1.1458,1.1454,1.1436,1.1431,1.1416,1.1409,1.1408,1.1405,1.1399,1.1393,1.1376,1.1381,1.1367,1.1364,1.1361,1.1352,1.1347,1.1347,1.1342,1.1345,1.1342,1.1351,1.1351,1.1349,1.1345,1.1346,1.1346,1.1347,1.1352,1.1352,1.135
2;2,0.11,0.1114,0.1131,0.1154,0.1181,0.1217,0.1275,0.1353,0.1466,0.1629,0.1855,0.2159,0.2544,0.3012,0.3555,0.4131,0.4736,0.5324,0.5894,0.6437,0.6909,0.7344,0.7728,0.8055,0.8349,0.8614,0.8864,0.9076,0.9283,0.9488,0.9688,0.9893,1.0105,1.0331,1.0553,1.0782,1.1056,1.1315,1.1614,1.1922,1.2231,1.2537,1.2825,1.3058,1.3277,1.3431,1.359,1.3693,1.3784,1.3836,1.3859,1.3883,1.3892,1.3893,1.3891,1.3871,1.3863,1.3862,1.3849,1.3854,1.3849,1.3851,1.3842,1.3836,1.3818,1.382,1.3809,1.3812,1.3793,1.3785,1.3779,1.3777,1.3768,1.3757,1.3756,1.374,1.3747,1.3747,1.3733,1.3729,1.3741,1.3729,1.3729,1.3726,1.3712,1.3712,1.3714,1.3719,1.372,1.371,1.371,1.3708,1.3712,1.3711,1.3697,1.3699
2;3,0.1054,0.1067,0.1086,0.1107,0.1133,0.1167,0.1223,0.1294,0.1395,0.1544,0.1744,0.2012,0.2358,0.2781,0.3276,0.3813,0.4388,0.4953,0.5513,0.6042,0.6502,0.6932,0.7321,0.7642,0.7923,0.8181,0.8409,0.8614,0.8808,0.9,0.9186,0.9385,0.9586,0.9797,1.0026,1.025,1.0522,1.081,1.114,1.1452,1.1779,1.2118,1.24,1.2692,1.2902,1.3111,1.3257,1.3382,1.3493,1.3559,1.3594,1.3615,1.3622,1.3642,1.3627,1.3636,1.3676,1.3632,1.362,1.362,1.3628,1.364,1.3608,1.3606,1.3602,1.3627,1.3616,1.3602,1.3584,1.3594,1.3591,1.3602,1.3587,1.3566,1.3579,1.358,1.3552,1.3577,1.3543,1.3579,1.3584,1.3587,1.3563,1.3556,1.3569,1.3547,1.3558,1.3548,1.356,1.3582,1.3573,1.3579,1.3582,1.3573,1.3585,1.3582
3;2,0.1163,0.1193,0.1206,0.1249,0.1267,0.1311,0.1372,0.146,0.1553,0.1704,0.1907,0.2168,0.2512,0.2887,0.3327,0.3813,0.4296,0.4762,0.5243,0.5667,0.6056,0.6384,0.6685,0.6945,0.7178,0.7413,0.7592,0.7768,0.7945,0.8098,0.8243,0.8396,0.8535,0.8673,0.8836,0.9004,0.9199,0.9412,0.9647,0.9897,1.0147,1.0382,1.0625,1.0823,1.0999,1.1144,1.1264,1.137,1.1439,1.1547,1.1507,1.1527,1.1537,1.1535,1.1536,1.153,1.1512,1.151,1.1496,1.1498,1.1476,1.1464,1.1455,1.1443,1.143,1.1421,1.1408,1.1399,1.1395,1.1387,1.1377,1.1367,1.1369,1.1357,1.1357,1.1361,1.1359,1.1341,1.1342,1.1337,1.1336,1.1328,1.1329,1.1324,1.1322,1.1332,1.1338,1.1349,1.1352,1.1337,1.1346,1.1353,1.1354,1.1359,1.1371,1.1369
,,,,,,,,,,,,,,,,,,,,,,,,,,,,,,,,,,,,,,,,,,,,,,,,,,,,,,,,,,,,,,,,,,,,,,,,,,,,,,,,,,,,,,,,,,,,,,,,
Cycles / Well,,,,,,,,,,,,,,,,,,,,,,,,,,,,,,,,,,,,,,,,,,,,,,,,,,,,,,,,,,,,,,,,,,,,,,,,,,,,,,,,,,,,,,,,,,,,,,,,
C12,1,2,3,4,5,6,7,8,9,10,11,12,13,14,15,16,17,18,19,20,21,22,23,24,25,26,27,28,29,30,31,32,33,34,35,36,37,38,39,40,41,42,43,44,45,46,47,48,49,50,51,52,53,54,55,56,57,58,59,60,61,62,63,64,65,66,67,68,69,70,71,72,73,74,75,76,77,78,79,80,81,82,83,84,85,86,87,88,89,90,91,92,93,94,95,96
Time [s],0,1799.797,3599.741,5399.659,7199.573,8999.513,10799.44,12599.356,14399.272,16199.193,17999.112,19799.048,21598.963,23398.904,25198.829,26998.75,28798.659,30598.586,32398.522,34198.445,35998.366,37798.269,39598.205,41398.126,43198.043,44997.982,46797.898,48597.803,50397.735,52197.643,53997.591,55797.492,57597.42,59397.352,61197.265,62997.193,64797.11,66597.04,68396.981,70196.888,71996.807,73796.739,75596.665,77396.594,79196.521,80996.461,82796.378,84596.302,86396.226,88196.142,89996.07,91796.012,93595.919,95395.853,97195.785,98995.689,100795.633,102595.552,104395.481,106195.482,107995.331,109795.267,111595.183,113395.107,115195.043,116994.958,118794.88,120594.819,122394.73,124194.661,125994.586,127794.51,129594.425,131394.355,133194.302,134994.214,136794.146,138594.064,140393.993,142193.907,143993.836,145793.766,147593.683,149393.62,151193.535,152993.466,154793.383,156593.307,158393.229,160193.151,161993.083,163792.996,165592.93,167392.852,169192.773,170992.712
Temp. [°C],22.2,30,30,30,30,30.1,30,30,30,30,30,29.9,30,30,29.8,30,30,29.9,29.9,30,30,30.1,30,30,30,30,30,30,30,30,30,30,30,30,30,30,30,30,30,30,30.1,30,30,30,30,30,30,30,30,30,30,30,30,30,30,30,30,29.9,30,30,30,30,30,30.1,30,30.1,30,30.1,30,30,30,30,30,30,30,30,30,30,30,30,30,30,30,30,30,30,30,29.9,30,30,30,30,30,30,30,30
Mean,0.09664,0.09762,0.09642,0.09642,0.09616,0.09646,0.09612,0.09624,0.09614,0.09608,0.09602,0.096,0.09614,0.09608,0.09654,0.0961,0.09626,0.0965,0.09636,0.0965,0.09712,0.09718,0.09684,0.09698,0.09682,0.09694,0.09726,0.0972,0.09736,0.0977,0.09756,0.09802,0.09814,0.09772,0.0979,0.09788,0.0983,0.09846,0.09868,0.09978,0.09906,0.09894,0.0991,0.09922,0.09938,0.09938,0.09922,0.09984,0.09964,0.10774,0.09976,0.09964,0.09962,0.09948,0.09992,0.09998,0.1001,0.10012,0.10016,0.10018,0.10006,0.10002,0.10014,0.09992,0.1002,0.09986,0.10016,0.10016,0.10022,0.10026,0.1,0.10018,0.10056,0.1006,0.10038,0.10082,0.10092,0.1006,0.10076,0.10084,0.1007,0.10064,0.10098,0.1009,0.10126,0.10146,0.1017,0.10164,0.10176,0.10178,0.10172,0.10216,0.1017,0.1018,0.10216,0.10226
StDev,0.002432694,0.002406657,0.002664958,0.002741715,0.003045981,0.00284482,0.003118012,0.002956011,0.003058267,0.003213565,0.003224438,0.003241913,0.003143724,0.003149921,0.002834255,0.003117691,0.003013802,0.002767671,0.002906544,0.002887906,0.002889118,0.002943128,0.00279249,0.002785139,0.002804817,0.002800536,0.00279875,0.002969848,0.002998833,0.003418333,0.003145314,0.003925812,0.003905509,0.003515252,0.003687818,0.003626569,0.004186287,0.00443317,0.004767284,0.006992281,0.005443161,0.005428904,0.005699561,0.005752565,0.006163765,0.006149553,0.005932706,0.007054289,0.006547748,0.023770318,0.006912887,0.006626688,0.006732533,0.006447247,0.007113157,0.007099789,0.007328711,0.007463042,0.007718355,0.007852197,0.007402229,0.007244101,0.007667985,0.007220596,0.007822084,0.007280659,0.007527815,0.007486187,0.007937065,0.007781581,0.007444125,0.007797243,0.008542424,0.008614813,0.008229642,0.009079758,0.009531632,0.008689074,0.009070998,0.009225942,0.009219273,0.008713954,0.0095374,0.009298387,0.010015887,0.010565652,0.010925429,0.010785314,0.011054999,0.010977113,0.01116499,0.011848755,0.011155716,0.011250111,0.012185976,0.012014699
1;2,0.0993,0.0993,0.0992,0.0993,0.0993,0.0994,0.0993,0.0993,0.0993,0.0994,0.0993,0.0993,0.0994,0.0993,0.0994,0.0994,0.0994,0.0992,0.0993,0.0995,0.0993,0.0994,0.0995,0.0993,0.0993,0.0993,0.0994,0.0995,0.0994,0.0995,0.0994,0.0995,0.0995,0.0994,0.0994,0.0995,0.0995,0.0995,0.0995,0.0995,0.0996,0.0995,0.0996,0.0996,0.0996,0.0995,0.0996,0.0996,0.0997,0.0996,0.0997,0.0997,0.0997,0.0996,0.0998,0.0997,0.0997,0.0998,0.0997,0.0998,0.0999,0.0998,0.0998,0.0998,0.0997,0.0996,0.0998,0.0998,0.0996,0.0998,0.0997,0.0997,0.0998,0.0998,0.0997,0.0997,0.0997,0.0998,0.0997,0.0997,0.0995,0.0998,0.0997,0.0997,0.0998,0.0998,0.0999,0.0997,0.0998,0.0998,0.0996,0.0998,0.0998,0.0998,0.0997,0.0998
2;1,0.0957,0.0961,0.0956,0.0946,0.0947,0.0949,0.0945,0.0947,0.0946,0.0945,0.0944,0.0944,0.0945,0.0944,0.0943,0.0943,0.0943,0.0943,0.0943,0.0943,0.0944,0.0944,0.0945,0.0945,0.0944,0.0944,0.0948,0.0945,0.0946,0.0946,0.0946,0.0945,0.0947,0.0946,0.0945,0.0945,0.0947,0.0947,0.0948,0.0946,0.0948,0.0946,0.0946,0.0948,0.0947,0.0949,0.0946,0.0947,0.0948,0.0957,0.0947,0.0946,0.0947,0.0946,0.0946,0.0949,0.095,0.0947,0.0948,0.0945,0.0947,0.0949,0.0946,0.0947,0.0948,0.0946,0.0948,0.0948,0.0945,0.0949,0.0946,0.0947,0.0946,0.0948,0.0946,0.0948,0.0945,0.0946,0.0946,0.0947,0.0945,0.0947,0.0946,0.0949,0.0948,0.0947,0.0947,0.0948,0.0947,0.0948,0.0949,0.0949,0.0946,0.0947,0.0947,0.0948
2;2,0.0992,0.0993,0.0993,0.0995,0.0996,0.0997,0.0997,0.0996,0.0996,0.0997,0.0997,0.0997,0.0997,0.0997,0.0997,0.0996,0.0997,0.0996,0.0997,0.0997,0.0997,0.0998,0.0998,0.0997,0.0997,0.0997,0.0997,0.0998,0.0997,0.0997,0.0998,0.0997,0.0999,0.0997,0.0998,0.0999,0.0998,0.0999,0.0999,0.1,0.0999,0.0999,0.0999,0.0999,0.0998,0.0998,0.0999,0.0999,0.0999,0.0998,0.0999,0.1,0.0998,0.0999,0.1001,0.1001,0.1,0.1001,0.0998,0.0999,0.1,0.1,0.1,0.1,0.0999,0.0999,0.1,0.1001,0.1001,0.0999,0.1001,0.1,0.1,0.0999,0.1001,0.1,0.1,0.1,0.1,0.0999,0.1,0.1,0.1,0.0999,0.0999,0.0999,0.1,0.1001,0.1001,0.1001,0.0999,0.1,0.1,0.1,0.0999,0.1001
2;3,0.0945,0.0941,0.094,0.0939,0.0939,0.0939,0.0938,0.0939,0.0939,0.0938,0.0938,0.0937,0.0938,0.0937,0.0937,0.0936,0.0937,0.0936,0.0936,0.0937,0.0936,0.0936,0.0937,0.0936,0.0935,0.0936,0.0937,0.0935,0.0936,0.0935,0.0937,0.0935,0.0936,0.0934,0.0936,0.0936,0.0936,0.0936,0.0936,0.0936,0.0936,0.0935,0.0935,0.0936,0.0936,0.0935,0.0935,0.0936,0.0936,0.0936,0.0935,0.0936,0.0934,0.0935,0.0936,0.0936,0.0936,0.0936,0.0935,0.0935,0.0935,0.0935,0.0935,0.0934,0.0934,0.0934,0.0936,0.0936,0.0935,0.0935,0.0934,0.0934,0.0935,0.0934,0.0934,0.0934,0.0933,0.0934,0.0934,0.0934,0.0932,0.0934,0.0934,0.0933,0.0934,0.0933,0.0934,0.0934,0.0934,0.0935,0.0932,0.0934,0.0932,0.0933,0.0932,0.0935
3;2,0.0945,0.0993,0.094,0.0948,0.0933,0.0944,0.0933,0.0937,0.0933,0.093,0.0929,0.0929,0.0933,0.0933,0.0956,0.0936,0.0942,0.0958,0.0949,0.0953,0.0986,0.0987,0.0967,0.0978,0.0972,0.0977,0.0987,0.0987,0.0995,0.1012,0.1003,0.1029,0.103,0.1015,0.1022,0.1019,0.1039,0.1046,0.1056,0.1112,0.1074,0.1072,0.1079,0.1082,0.1092,0.1092,0.1085,0.1114,0.1102,0.15,0.111,0.1103,0.1105,0.1098,0.1115,0.1116,0.1122,0.1124,0.113,0.1132,0.1122,0.1119,0.1128,0.1117,0.1132,0.1118,0.1126,0.1125,0.1134,0.1132,0.1122,0.1131,0.1149,0.1151,0.1141,0.1162,0.1171,0.1152,0.1161,0.1165,0.1163,0.1153,0.1172,0.1167,0.1184,0.1196,0.1205,0.1202,0.1208,0.1207,0.121,0.1227,0.1209,0.1212,0.1233,0.1231
,,,,,,,,,,,,,,,,,,,,,,,,,,,,,,,,,,,,,,,,,,,,,,,,,,,,,,,,,,,,,,,,,,,,,,,,,,,,,,,,,,,,,,,,,,,,,,,,
Cycles / Well,,,,,,,,,,,,,,,,,,,,,,,,,,,,,,,,,,,,,,,,,,,,,,,,,,,,,,,,,,,,,,,,,,,,,,,,,,,,,,,,,,,,,,,,,,,,,,,,
D1,1,2,3,4,5,6,7,8,9,10,11,12,13,14,15,16,17,18,19,20,21,22,23,24,25,26,27,28,29,30,31,32,33,34,35,36,37,38,39,40,41,42,43,44,45,46,47,48,49,50,51,52,53,54,55,56,57,58,59,60,61,62,63,64,65,66,67,68,69,70,71,72,73,74,75,76,77,78,79,80,81,82,83,84,85,86,87,88,89,90,91,92,93,94,95,96
Time [s],0,1799.797,3599.741,5399.659,7199.573,8999.513,10799.44,12599.356,14399.272,16199.193,17999.112,19799.048,21598.963,23398.904,25198.829,26998.75,28798.659,30598.586,32398.522,34198.445,35998.366,37798.269,39598.205,41398.126,43198.043,44997.982,46797.898,48597.803,50397.735,52197.643,53997.591,55797.492,57597.42,59397.352,61197.265,62997.193,64797.11,66597.04,68396.981,70196.888,71996.807,73796.739,75596.665,77396.594,79196.521,80996.461,82796.378,84596.302,86396.226,88196.142,89996.07,91796.012,93595.919,95395.853,97195.785,98995.689,100795.633,102595.552,104395.481,106195.482,107995.331,109795.267,111595.183,113395.107,115195.043,116994.958,118794.88,120594.819,122394.73,124194.661,125994.586,127794.51,129594.425,131394.355,133194.302,134994.214,136794.146,138594.064,140393.993,142193.907,143993.836,145793.766,147593.683,149393.62,151193.535,152993.466,154793.383,156593.307,158393.229,160193.151,161993.083,163792.996,165592.93,167392.852,169192.773,170992.712
Temp. [°C],22.2,30,30,30,30,30.1,30,30,30,30,30,29.9,30,30,29.8,30,30,29.9,29.9,30,30,30.1,30,30,30,30,30,30,30,30,30,30,30,30,30,30,30,30,30,30,30.1,30,30,30,30,30,30,30,30,30,30,30,30,30,30,30,30,29.9,30,30,30,30,30,30.1,30,30.1,30,30.1,30,30,30,30,30,30,30,30,30,30,30,30,30,30,30,30,30,30,30,29.9,30,30,30,30,30,30,30,30
Mean,0.09424,0.0941,0.09388,0.09412,0.0941,0.09426,0.0943,0.09424,0.09434,0.0943,0.09438,0.09434,0.0944,0.09432,0.0944,0.09432,0.0943,0.09432,0.0944,0.09444,0.09442,0.0945,0.09446,0.09442,0.09442,0.09448,0.09454,0.09462,0.09456,0.0946,0.0947,0.09454,0.09474,0.09466,0.09472,0.0948,0.09484,0.09496,0.09498,0.09514,0.09528,0.09534,0.09528,0.09534,0.09542,0.09562,0.09562,0.09578,0.096,0.09634,0.09602,0.09614,0.09616,0.09612,0.0965,0.09648,0.0966,0.09668,0.09692,0.09698,0.09686,0.09684,0.0969,0.09728,0.09712,0.09714,0.0972,0.09734,0.09746,0.09778,0.0975,0.09784,0.09796,0.09822,0.09808,0.09852,0.09836,0.09864,0.0987,0.09886,0.09876,0.09876,0.09896,0.09926,0.09968,0.09992,0.10004,0.10016,0.1005,0.10082,0.10068,0.10088,0.10118,0.10154,0.10114,0.10154
StDev,0.002709797,0.002842534,0.002920103,0.002930358,0.002958885,0.003076199,0.003082207,0.003111752,0.003076199,0.003135283,0.003107571,0.003127779,0.003152777,0.003234502,0.003132092,0.003176004,0.003187475,0.003158639,0.003244226,0.003240062,0.003214343,0.003281006,0.003228467,0.003269862,0.003238364,0.003239136,0.003263893,0.003238364,0.003198906,0.003144042,0.003065126,0.003050902,0.003077824,0.003011312,0.003054832,0.002911185,0.002905684,0.002828957,0.002764417,0.00275554,0.002602307,0.002671704,0.002608064,0.002533377,0.002514359,0.002562616,0.002513364,0.002510378,0.002608639,0.003012972,0.002774347,0.0028369,0.002852718,0.00286304,0.003230325,0.003099516,0.003301515,0.003356635,0.003828446,0.003982713,0.003645957,0.003753398,0.003876209,0.004516857,0.004228711,0.004415088,0.00434281,0.004627418,0.004921179,0.005408512,0.00490255,0.005527025,0.005871371,0.00635429,0.006171061,0.006868552,0.006785868,0.007146538,0.007287318,0.007683294,0.007623188,0.007430545,0.008045682,0.008682626,0.009358258,0.009865445,0.009919325,0.010224872,0.011085351,0.01177251,0.011418275,0.01185483,0.012571675,0.013418756,0.012641519,0.01325266
1;2,0.0976,0.0976,0.0974,0.0976,0.0976,0.0979,0.0978,0.0977,0.0978,0.0978,0.0978,0.0977,0.0979,0.0979,0.0977,0.0977,0.0977,0.0977,0.0979,0.0978,0.0978,0.0979,0.0978,0.0978,0.0977,0.0978,0.0979,0.0979,0.0978,0.0978,0.0979,0.0976,0.0979,0.0978,0.0978,0.0978,0.0978,0.0979,0.0978,0.0979,0.0979,0.098,0.0979,0.0979,0.0978,0.0979,0.0979,0.0978,0.098,0.0978,0.0978,0.0978,0.0979,0.0978,0.098,0.098,0.098,0.098,0.0979,0.098,0.098,0.0979,0.0978,0.0979,0.0979,0.0978,0.0978,0.0979,0.0978,0.0979,0.0978,0.0979,0.0978,0.0979,0.0979,0.098,0.0978,0.0978,0.0979,0.0979,0.0978,0.098,0.0978,0.0978,0.0978,0.0977,0.0979,0.0979,0.0979,0.0979,0.0979,0.0979,0.0979,0.098,0.0979,0.0979
2;1,0.0928,0.0926,0.0924,0.0927,0.0927,0.0928,0.0928,0.0928,0.093,0.0928,0.0929,0.093,0.093,0.0929,0.0929,0.0929,0.0928,0.0928,0.093,0.0929,0.093,0.093,0.093,0.093,0.0929,0.093,0.093,0.0931,0.0931,0.0931,0.0931,0.093,0.0931,0.0931,0.0932,0.0932,0.0932,0.0932,0.0932,0.0933,0.0934,0.0932,0.0933,0.0932,0.0934,0.0933,0.0934,0.0933,0.0934,0.0934,0.0933,0.0933,0.0933,0.0932,0.0933,0.0934,0.0934,0.0934,0.0934,0.0933,0.0934,0.0933,0.0932,0.0933,0.0933,0.0932,0.0933,0.0933,0.0933,0.0933,0.0933,0.0933,0.0934,0.0933,0.0933,0.0934,0.0932,0.0935,0.0934,0.0933,0.0933,0.0934,0.0933,0.0932,0.0935,0.0936,0.0936,0.0935,0.0935,0.0936,0.0936,0.0936,0.0936,0.0935,0.0935,0.0937
2;2,0.0966,0.0966,0.0965,0.0968,0.0968,0.0971,0.0973,0.0973,0.0973,0.0974,0.0975,0.0975,0.0975,0.0975,0.0977,0.0976,0.0976,0.0976,0.0977,0.0979,0.0978,0.098,0.0979,0.0979,0.098,0.098,0.0981,0.0982,0.0981,0.0981,0.0981,0.098,0.0982,0.098,0.0982,0.0981,0.0982,0.0982,0.0982,0.0984,0.0983,0.0984,0.0983,0.0982,0.0983,0.0984,0.0984,0.0984,0.0985,0.0984,0.0984,0.0984,0.0983,0.0983,0.0985,0.0985,0.0986,0.0986,0.0985,0.0984,0.0985,0.0985,0.0985,0.0985,0.0985,0.0985,0.0985,0.0985,0.0984,0.0985,0.0985,0.0985,0.0985,0.0985,0.0984,0.0985,0.0984,0.0985,0.0985,0.0985,0.0984,0.0985,0.0984,0.0984,0.0985,0.0985,0.0986,0.0985,0.0985,0.0984,0.0985,0.0985,0.0985,0.0984,0.0983,0.0986
2;3,0.0929,0.0927,0.0925,0.0927,0.0927,0.0927,0.0928,0.0928,0.0929,0.0928,0.0929,0.0929,0.0929,0.0928,0.0929,0.0928,0.0928,0.0928,0.0928,0.0929,0.0928,0.0929,0.0929,0.0928,0.0927,0.0928,0.0928,0.0929,0.0928,0.0928,0.0928,0.0928,0.0929,0.0928,0.0928,0.0929,0.0927,0.0927,0.0928,0.093,0.0929,0.0928,0.0929,0.093,0.0928,0.0928,0.0929,0.093,0.093,0.0928,0.0927,0.0928,0.0928,0.0928,0.0928,0.0929,0.0928,0.0929,0.0928,0.0928,0.0929,0.0928,0.0929,0.0928,0.0928,0.0927,0.0929,0.0928,0.0928,0.0929,0.0929,0.0929,0.0927,0.0928,0.0927,0.0928,0.0928,0.0928,0.0928,0.0928,0.0927,0.0927,0.0927,0.0928,0.0928,0.0928,0.0929,0.093,0.0928,0.0928,0.0928,0.0928,0.0927,0.0927,0.0927,0.0927
3;2,0.0913,0.091,0.0906,0.0908,0.0907,0.0908,0.0908,0.0906,0.0907,0.0907,0.0908,0.0906,0.0907,0.0905,0.0908,0.0906,0.0906,0.0907,0.0906,0.0907,0.0907,0.0907,0.0907,0.0906,0.0908,0.0908,0.0909,0.091,0.091,0.0912,0.0916,0.0913,0.0916,0.0916,0.0916,0.092,0.0923,0.0928,0.0929,0.0931,0.0939,0.0943,0.094,0.0944,0.0948,0.0957,0.0955,0.0964,0.0971,0.0993,0.0979,0.0984,0.0985,0.0985,0.0999,0.0996,0.1002,0.1005,0.102,0.1024,0.1015,0.1017,0.1021,0.1039,0.1031,0.1035,0.1035,0.1042,0.105,0.1063,0.105,0.1066,0.1074,0.1086,0.1081,0.1099,0.1096,0.1106,0.1109,0.1118,0.1116,0.1112,0.1126,0.1141,0.1158,0.117,0.1172,0.1179,0.1198,0.1214,0.1206,0.1216,0.1232,0.1251,0.1233,0.1248
,,,,,,,,,,,,,,,,,,,,,,,,,,,,,,,,,,,,,,,,,,,,,,,,,,,,,,,,,,,,,,,,,,,,,,,,,,,,,,,,,,,,,,,,,,,,,,,,
Cycles / Well,,,,,,,,,,,,,,,,,,,,,,,,,,,,,,,,,,,,,,,,,,,,,,,,,,,,,,,,,,,,,,,,,,,,,,,,,,,,,,,,,,,,,,,,,,,,,,,,
D2,1,2,3,4,5,6,7,8,9,10,11,12,13,14,15,16,17,18,19,20,21,22,23,24,25,26,27,28,29,30,31,32,33,34,35,36,37,38,39,40,41,42,43,44,45,46,47,48,49,50,51,52,53,54,55,56,57,58,59,60,61,62,63,64,65,66,67,68,69,70,71,72,73,74,75,76,77,78,79,80,81,82,83,84,85,86,87,88,89,90,91,92,93,94,95,96
Time [s],0,1799.797,3599.741,5399.659,7199.573,8999.513,10799.44,12599.356,14399.272,16199.193,17999.112,19799.048,21598.963,23398.904,25198.829,26998.75,28798.659,30598.586,32398.522,34198.445,35998.366,37798.269,39598.205,41398.126,43198.043,44997.982,46797.898,48597.803,50397.735,52197.643,53997.591,55797.492,57597.42,59397.352,61197.265,62997.193,64797.11,66597.04,68396.981,70196.888,71996.807,73796.739,75596.665,77396.594,79196.521,80996.461,82796.378,84596.302,86396.226,88196.142,89996.07,91796.012,93595.919,95395.853,97195.785,98995.689,100795.633,102595.552,104395.481,106195.482,107995.331,109795.267,111595.183,113395.107,115195.043,116994.958,118794.88,120594.819,122394.73,124194.661,125994.586,127794.51,129594.425,131394.355,133194.302,134994.214,136794.146,138594.064,140393.993,142193.907,143993.836,145793.766,147593.683,149393.62,151193.535,152993.466,154793.383,156593.307,158393.229,160193.151,161993.083,163792.996,165592.93,167392.852,169192.773,170992.712
Temp. [°C],22.2,30,30,30,30,30.1,30,30,30,30,30,29.9,30,30,29.8,30,30,29.9,29.9,30,30,30.1,30,30,30,30,30,30,30,30,30,30,30,30,30,30,30,30,30,30,30.1,30,30,30,30,30,30,30,30,30,30,30,30,30,30,30,30,29.9,30,30,30,30,30,30.1,30,30.1,30,30.1,30,30,30,30,30,30,30,30,30,30,30,30,30,30,30,30,30,30,30,29.9,30,30,30,30,30,30,30,30
Mean,0.13178,0.1319,0.13378,0.13476,0.13604,0.13686,0.13836,0.139,0.14016,0.14046,0.14174,0.14242,0.14496,0.14522,0.14702,0.14926,0.15166,0.1551,0.15832,0.16164,0.16578,0.16962,0.17396,0.17862,0.18416,0.18962,0.1957,0.202,0.20866,0.21508,0.22302,0.2307,0.23918,0.24878,0.25886,0.26978,0.2815,0.29362,0.30618,0.32048,0.33586,0.3507,0.36818,0.38634,0.4058,0.42674,0.44922,0.47312,0.49866,0.52626,0.55138,0.57952,0.60652,0.63128,0.65618,0.68206,0.70292,0.72218,0.7409,0.75648,0.77052,0.78522,0.79848,0.81348,0.8254,0.83728,0.84962,0.86026,0.87028,0.87934,0.88558,0.89134,0.89394,0.89664,0.89816,0.8999,0.89986,0.89952,0.90042,0.89976,0.8992,0.90002,0.89954,0.89886,0.8993,0.89858,0.89856,0.89786,0.89708,0.89654,0.89566,0.89528,0.894,0.8937,0.8937,0.89258
StDev,0.022151907,0.019415458,0.020673945,0.019811941,0.020311155,0.019506742,0.020679289,0.019928999,0.021118546,0.020479331,0.020870865,0.020335363,0.022854387,0.020657251,0.020520404,0.020782998,0.021143864,0.022629295,0.023052267,0.023314223,0.024713599,0.024740493,0.025591561,0.026192308,0.027796097,0.028416492,0.029973572,0.031404856,0.032885529,0.034283261,0.036583425,0.038236109,0.040395198,0.043002174,0.04539403,0.049049893,0.052085411,0.055424426,0.058641427,0.062388156,0.066775355,0.071076684,0.075797968,0.080874335,0.086978647,0.093305911,0.099391811,0.105798379,0.111790845,0.120350459,0.125439276,0.132306564,0.138030022,0.142698763,0.14872524,0.153965168,0.158243711,0.161482807,0.165956636,0.169359313,0.171136633,0.174755163,0.177399174,0.180442018,0.182340588,0.184150365,0.186107622,0.188063827,0.189040993,0.189902483,0.189126088,0.189052289,0.188601387,0.188074807,0.18782844,0.187524438,0.187424059,0.187713391,0.187122439,0.187584003,0.187456902,0.186872997,0.187121279,0.187416763,0.187594536,0.186934392,0.187129562,0.186887581,0.186419707,0.186589745,0.186103581,0.185750349,0.185959982,0.186531606,0.185619301,0.185438971
1;2,0.1183,0.1192,0.1204,0.1223,0.1236,0.1248,0.1258,0.1267,0.1274,0.1279,0.129,0.1299,0.131,0.1324,0.1341,0.1361,0.1382,0.1407,0.1436,0.1466,0.1501,0.1539,0.1578,0.1622,0.1667,0.1719,0.1768,0.1822,0.1881,0.1937,0.2003,0.2073,0.2147,0.223,0.2322,0.2409,0.2508,0.2611,0.2725,0.2845,0.2982,0.3107,0.3264,0.3424,0.359,0.3772,0.3978,0.4194,0.4427,0.4677,0.4932,0.5188,0.5456,0.5717,0.5944,0.621,0.6415,0.6623,0.6801,0.6959,0.7112,0.7258,0.738,0.7543,0.7663,0.7792,0.7919,0.8028,0.8136,0.8229,0.8306,0.8352,0.8381,0.8408,0.8428,0.844,0.8436,0.8436,0.8452,0.8425,0.8425,0.844,0.8437,0.8418,0.8432,0.8428,0.8427,0.8418,0.8404,0.8388,0.8382,0.8386,0.8363,0.835,0.8372,0.8359
2;1,0.1333,0.1366,0.1391,0.1396,0.1404,0.1417,0.1425,0.1442,0.1449,0.1456,0.1475,0.1487,0.1507,0.1522,0.1549,0.1579,0.1603,0.1643,0.1682,0.1725,0.177,0.1821,0.187,0.1929,0.1998,0.2063,0.2131,0.2211,0.229,0.2361,0.2453,0.2551,0.2649,0.2759,0.288,0.3005,0.3143,0.329,0.344,0.3597,0.3778,0.3954,0.4175,0.4382,0.4612,0.4861,0.5122,0.5421,0.5709,0.6034,0.6327,0.6625,0.692,0.7178,0.7462,0.7753,0.7967,0.8185,0.8397,0.8576,0.8729,0.8899,0.9052,0.9215,0.9346,0.9468,0.9604,0.9705,0.9822,0.9917,0.9963,1.0025,1.0062,1.0085,1.01,1.012,1.0118,1.0112,1.0123,1.0112,1.0113,1.0111,1.0114,1.0103,1.0116,1.0108,1.0106,1.0108,1.0097,1.0091,1.0078,1.0075,1.0063,1.0063,1.0055,1.005
2;2,0.1202,0.1212,0.1228,0.1248,0.1261,0.1275,0.1286,0.1296,0.1303,0.1311,0.1321,0.1331,0.1344,0.136,0.138,0.1402,0.1427,0.1454,0.1485,0.152,0.1556,0.1597,0.1638,0.1685,0.1734,0.179,0.1848,0.1909,0.1974,0.2037,0.2111,0.2185,0.2265,0.2357,0.2454,0.2555,0.2672,0.2785,0.2905,0.3053,0.3198,0.3339,0.3512,0.369,0.3875,0.4077,0.4296,0.4538,0.4803,0.5075,0.5338,0.5648,0.5928,0.6195,0.6447,0.6721,0.6949,0.7158,0.7358,0.7517,0.7677,0.7834,0.7989,0.8147,0.8283,0.8404,0.8539,0.8663,0.8769,0.8858,0.8929,0.8994,0.9003,0.9039,0.9055,0.9071,0.9074,0.9068,0.9081,0.9071,0.9065,0.9079,0.9069,0.9063,0.9057,0.9055,0.9054,0.9042,0.9028,0.9025,0.9023,0.9017,0.8996,0.8996,0.8999,0.8986
2;3,0.1174,0.1185,0.1188,0.1197,0.1204,0.1214,0.1222,0.1229,0.1232,0.1237,0.1244,0.1252,0.1263,0.1273,0.1288,0.1305,0.1325,0.1347,0.1373,0.1399,0.1426,0.1457,0.149,0.1524,0.1562,0.1604,0.1649,0.1692,0.1738,0.1785,0.1838,0.1889,0.1947,0.201,0.2076,0.2145,0.2222,0.2302,0.2382,0.2476,0.2571,0.2666,0.2768,0.2881,0.2997,0.3121,0.3258,0.3396,0.356,0.3711,0.3864,0.4037,0.4209,0.4364,0.4525,0.4684,0.4819,0.4939,0.5052,0.5148,0.5242,0.5325,0.5409,0.5499,0.5579,0.5663,0.5747,0.5816,0.5891,0.5967,0.6033,0.6094,0.613,0.6162,0.6178,0.6203,0.6205,0.6197,0.6209,0.6209,0.6201,0.6214,0.6205,0.6201,0.62,0.6199,0.6197,0.6195,0.6201,0.6198,0.6193,0.6191,0.6184,0.6176,0.6178,0.617
3;2,0.1697,0.164,0.1678,0.1674,0.1697,0.1689,0.1727,0.1716,0.175,0.174,0.1757,0.1752,0.1824,0.1782,0.1793,0.1816,0.1846,0.1904,0.194,0.1972,0.2036,0.2067,0.2122,0.2171,0.2247,0.2305,0.2389,0.2466,0.255,0.2634,0.2746,0.2837,0.2951,0.3083,0.3211,0.3375,0.353,0.3693,0.3857,0.4053,0.4264,0.4469,0.469,0.494,0.5216,0.5506,0.5807,0.6107,0.6434,0.6816,0.7108,0.7478,0.7813,0.811,0.8431,0.8735,0.8996,0.9204,0.9437,0.9624,0.9766,0.9945,1.0094,1.027,1.0399,1.0537,1.0672,1.0801,1.0896,1.0996,1.1048,1.1102,1.1121,1.1138,1.1147,1.1161,1.116,1.1163,1.1156,1.1171,1.1156,1.1157,1.1152,1.1158,1.116,1.1139,1.1144,1.113,1.1124,1.1125,1.1107,1.1095,1.1094,1.11,1.1081,1.1064
,,,,,,,,,,,,,,,,,,,,,,,,,,,,,,,,,,,,,,,,,,,,,,,,,,,,,,,,,,,,,,,,,,,,,,,,,,,,,,,,,,,,,,,,,,,,,,,,
Cycles / Well,,,,,,,,,,,,,,,,,,,,,,,,,,,,,,,,,,,,,,,,,,,,,,,,,,,,,,,,,,,,,,,,,,,,,,,,,,,,,,,,,,,,,,,,,,,,,,,,
D3,1,2,3,4,5,6,7,8,9,10,11,12,13,14,15,16,17,18,19,20,21,22,23,24,25,26,27,28,29,30,31,32,33,34,35,36,37,38,39,40,41,42,43,44,45,46,47,48,49,50,51,52,53,54,55,56,57,58,59,60,61,62,63,64,65,66,67,68,69,70,71,72,73,74,75,76,77,78,79,80,81,82,83,84,85,86,87,88,89,90,91,92,93,94,95,96
Time [s],0,1799.797,3599.741,5399.659,7199.573,8999.513,10799.44,12599.356,14399.272,16199.193,17999.112,19799.048,21598.963,23398.904,25198.829,26998.75,28798.659,30598.586,32398.522,34198.445,35998.366,37798.269,39598.205,41398.126,43198.043,44997.982,46797.898,48597.803,50397.735,52197.643,53997.591,55797.492,57597.42,59397.352,61197.265,62997.193,64797.11,66597.04,68396.981,70196.888,71996.807,73796.739,75596.665,77396.594,79196.521,80996.461,82796.378,84596.302,86396.226,88196.142,89996.07,91796.012,93595.919,95395.853,97195.785,98995.689,100795.633,102595.552,104395.481,106195.482,107995.331,109795.267,111595.183,113395.107,115195.043,116994.958,118794.88,120594.819,122394.73,124194.661,125994.586,127794.51,129594.425,131394.355,133194.302,134994.214,136794.146,138594.064,140393.993,142193.907,143993.836,145793.766,147593.683,149393.62,151193.535,152993.466,154793.383,156593.307,158393.229,160193.151,161993.083,163792.996,165592.93,167392.852,169192.773,170992.712
Temp. [°C],22.2,30,30,30,30,30.1,30,30,30,30,30,29.9,30,30,29.8,30,30,29.9,29.9,30,30,30.1,30,30,30,30,30,30,30,30,30,30,30,30,30,30,30,30,30,30,30.1,30,30,30,30,30,30,30,30,30,30,30,30,30,30,30,30,29.9,30,30,30,30,30,30.1,30,30.1,30,30.1,30,30,30,30,30,30,30,30,30,30,30,30,30,30,30,30,30,30,30,29.9,30,30,30,30,30,30,30,30
Mean,0.11392,0.11984,0.12768,0.13618,0.14352,0.15016,0.15808,0.16612,0.1761,0.18864,0.20362,0.22194,0.24382,0.26828,0.29634,0.32842,0.36264,0.40178,0.44428,0.49126,0.54286,0.598,0.6588,0.7232,0.78936,0.85858,0.92966,0.99788,1.0636,1.12162,1.17098,1.2135,1.24958,1.2776,1.30176,1.32432,1.34548,1.3621,1.37786,1.39048,1.39628,1.40536,1.408,1.40966,1.41242,1.41638,1.41712,1.41806,1.42042,1.42228,1.4222,1.42424,1.4234,1.42252,1.42464,1.4235,1.42268,1.42252,1.42104,1.42102,1.42098,1.42028,1.42096,1.41934,1.42048,1.41958,1.41842,1.41816,1.41656,1.4164,1.41516,1.41514,1.41482,1.41298,1.41212,1.41046,1.41086,1.41002,1.40802,1.41006,1.4103,1.4085,1.40808,1.40998,1.40576,1.40482,1.40516,1.40576,1.40592,1.40592,1.40518,1.40358,1.40514,1.40456,1.40226,1.4032
StDev,0.003980829,0.004469676,0.004751,0.004606191,0.005529195,0.00691867,0.008963649,0.011461108,0.013971041,0.017778864,0.022585106,0.028818969,0.036343528,0.04569756,0.056346322,0.069366253,0.083250033,0.098253076,0.116543262,0.136741994,0.158785746,0.182395943,0.206485786,0.231494806,0.254695245,0.277472399,0.295123589,0.310118859,0.316544626,0.319384708,0.318727449,0.316426508,0.312172944,0.311073488,0.311907315,0.310827496,0.308125148,0.306310317,0.304075686,0.299487741,0.29827522,0.291685195,0.293517793,0.291572603,0.290398712,0.286861277,0.287654536,0.287726125,0.285557327,0.284839414,0.284850215,0.281627259,0.285050934,0.28535183,0.283118991,0.284369548,0.285287359,0.284759753,0.285358885,0.28486348,0.285987425,0.285853515,0.285498306,0.286360355,0.285016757,0.285004872,0.28634855,0.286214855,0.28702692,0.287722983,0.287081779,0.286845556,0.286581057,0.286489523,0.288092463,0.287595381,0.286671664,0.287800394,0.288249834,0.286096458,0.286199135,0.287172231,0.287079113,0.284871984,0.287566658,0.286049711,0.286316046,0.284544624,0.284085158,0.283256636,0.283549832,0.284864515,0.2829239,0.282223543,0.28413009,0.282054649
1;2,0.1115,0.1171,0.1243,0.1334,0.1412,0.1478,0.1559,0.1636,0.1733,0.185,0.1991,0.2161,0.2367,0.2584,0.2823,0.3091,0.335,0.3622,0.3898,0.4207,0.4509,0.4843,0.5218,0.5602,0.6003,0.6429,0.6904,0.7396,0.7948,0.8461,0.8911,0.9321,0.9729,1.0007,1.0206,1.0457,1.0702,1.0876,1.1046,1.1237,1.1246,1.1453,1.1446,1.1483,1.152,1.161,1.1605,1.1611,1.1653,1.1678,1.1674,1.1759,1.1691,1.1671,1.1724,1.1712,1.169,1.1706,1.1688,1.1688,1.1726,1.1707,1.1727,1.1673,1.1743,1.1722,1.169,1.1704,1.1677,1.1673,1.166,1.1691,1.1686,1.1658,1.1622,1.1611,1.1615,1.1607,1.1556,1.1662,1.1649,1.1612,1.1611,1.1703,1.1548,1.1559,1.1577,1.1613,1.163,1.1649,1.1643,1.1582,1.1624,1.1622,1.1575,1.1605
2;1,0.1186,0.1252,0.133,0.1385,0.142,0.1462,0.1512,0.1556,0.1618,0.1695,0.1783,0.1892,0.2025,0.2158,0.2316,0.2495,0.2686,0.2911,0.316,0.343,0.374,0.4082,0.4469,0.4897,0.5357,0.5853,0.6426,0.6935,0.751,0.8037,0.8519,0.8973,0.9359,0.9646,0.9887,1.0113,1.0335,1.0512,1.0689,1.083,1.0931,1.1064,1.1079,1.1106,1.114,1.1214,1.1207,1.1215,1.1265,1.1284,1.1294,1.1321,1.1298,1.1286,1.1325,1.1284,1.1273,1.127,1.1249,1.1262,1.1201,1.1207,1.1218,1.1213,1.1207,1.122,1.1194,1.1183,1.1158,1.115,1.1148,1.1137,1.1138,1.1127,1.1102,1.1089,1.1113,1.1084,1.1077,1.1078,1.1096,1.1076,1.1074,1.1082,1.1072,1.1069,1.1061,1.1084,1.109,1.1091,1.1073,1.1064,1.1103,1.1105,1.1061,1.1098
2;2,0.1143,0.1203,0.1299,0.1419,0.153,0.1624,0.1738,0.1857,0.1992,0.2173,0.2387,0.2658,0.2979,0.3346,0.3758,0.4245,0.474,0.5285,0.5906,0.6553,0.7267,0.8017,0.8835,0.969,1.0539,1.1407,1.2317,1.3107,1.3836,1.4453,1.4955,1.5392,1.5712,1.5986,1.6228,1.6441,1.6627,1.6753,1.6894,1.6972,1.7004,1.7056,1.7074,1.7079,1.7094,1.7122,1.7125,1.7138,1.715,1.7144,1.7161,1.7146,1.7176,1.7166,1.7182,1.7157,1.7151,1.7159,1.7132,1.715,1.7161,1.7159,1.7151,1.7144,1.715,1.7153,1.7147,1.7144,1.7126,1.7121,1.713,1.7142,1.7116,1.7086,1.7084,1.705,1.7055,1.7055,1.7028,1.7043,1.7054,1.7049,1.7045,1.705,1.7017,1.6974,1.6983,1.6985,1.6992,1.6984,1.6978,1.6962,1.6977,1.6967,1.6931,1.6946
2;3,0.1086,0.1139,0.1213,0.13,0.1386,0.146,0.1548,0.1642,0.176,0.1905,0.2092,0.2311,0.2581,0.2897,0.3276,0.3708,0.421,0.4786,0.5426,0.6172,0.6978,0.7851,0.8769,0.9739,1.0702,1.1691,1.2567,1.3422,1.4114,1.4685,1.5122,1.5473,1.578,1.6034,1.6277,1.6495,1.667,1.6828,1.6949,1.702,1.7063,1.7075,1.7142,1.7125,1.7136,1.7125,1.7145,1.715,1.7143,1.7166,1.7154,1.7146,1.7167,1.716,1.7144,1.7166,1.7176,1.7157,1.7168,1.7143,1.7147,1.7133,1.7154,1.7143,1.7137,1.7125,1.713,1.7127,1.7127,1.7146,1.7098,1.7088,1.7101,1.7091,1.7101,1.7091,1.7078,1.7084,1.7077,1.7067,1.7067,1.7056,1.7052,1.7045,1.7042,1.7032,1.7039,1.702,1.7013,1.7005,1.6999,1.7006,1.699,1.6973,1.6997,1.6964
3;2,0.1166,0.1227,0.1299,0.1371,0.1428,0.1484,0.1547,0.1615,0.1702,0.1809,0.1928,0.2075,0.2239,0.2429,0.2644,0.2882,0.3146,0.3485,0.3824,0.4201,0.4649,0.5107,0.5649,0.6232,0.6867,0.7549,0.8269,0.9034,0.9772,1.0445,1.1042,1.1516,1.1899,1.2207,1.249,1.271,1.294,1.3136,1.3315,1.3465,1.357,1.362,1.3659,1.369,1.3731,1.3748,1.3774,1.3789,1.381,1.3842,1.3827,1.384,1.3838,1.3843,1.3857,1.3856,1.3844,1.3834,1.3815,1.3808,1.3814,1.3808,1.3798,1.3794,1.3787,1.3759,1.376,1.375,1.374,1.373,1.3722,1.3699,1.37,1.3687,1.3697,1.3682,1.3682,1.3671,1.3663,1.3653,1.3649,1.3632,1.3622,1.3619,1.3609,1.3607,1.3598,1.3586,1.3571,1.3567,1.3566,1.3565,1.3563,1.3561,1.3549,1.3547
,,,,,,,,,,,,,,,,,,,,,,,,,,,,,,,,,,,,,,,,,,,,,,,,,,,,,,,,,,,,,,,,,,,,,,,,,,,,,,,,,,,,,,,,,,,,,,,,
Cycles / Well,,,,,,,,,,,,,,,,,,,,,,,,,,,,,,,,,,,,,,,,,,,,,,,,,,,,,,,,,,,,,,,,,,,,,,,,,,,,,,,,,,,,,,,,,,,,,,,,
D4,1,2,3,4,5,6,7,8,9,10,11,12,13,14,15,16,17,18,19,20,21,22,23,24,25,26,27,28,29,30,31,32,33,34,35,36,37,38,39,40,41,42,43,44,45,46,47,48,49,50,51,52,53,54,55,56,57,58,59,60,61,62,63,64,65,66,67,68,69,70,71,72,73,74,75,76,77,78,79,80,81,82,83,84,85,86,87,88,89,90,91,92,93,94,95,96
Time [s],0,1799.797,3599.741,5399.659,7199.573,8999.513,10799.44,12599.356,14399.272,16199.193,17999.112,19799.048,21598.963,23398.904,25198.829,26998.75,28798.659,30598.586,32398.522,34198.445,35998.366,37798.269,39598.205,41398.126,43198.043,44997.982,46797.898,48597.803,50397.735,52197.643,53997.591,55797.492,57597.42,59397.352,61197.265,62997.193,64797.11,66597.04,68396.981,70196.888,71996.807,73796.739,75596.665,77396.594,79196.521,80996.461,82796.378,84596.302,86396.226,88196.142,89996.07,91796.012,93595.919,95395.853,97195.785,98995.689,100795.633,102595.552,104395.481,106195.482,107995.331,109795.267,111595.183,113395.107,115195.043,116994.958,118794.88,120594.819,122394.73,124194.661,125994.586,127794.51,129594.425,131394.355,133194.302,134994.214,136794.146,138594.064,140393.993,142193.907,143993.836,145793.766,147593.683,149393.62,151193.535,152993.466,154793.383,156593.307,158393.229,160193.151,161993.083,163792.996,165592.93,167392.852,169192.773,170992.712
Temp. [°C],22.2,30,30,30,30,30.1,30,30,30,30,30,29.9,30,30,29.8,30,30,29.9,29.9,30,30,30.1,30,30,30,30,30,30,30,30,30,30,30,30,30,30,30,30,30,30,30.1,30,30,30,30,30,30,30,30,30,30,30,30,30,30,30,30,29.9,30,30,30,30,30,30.1,30,30.1,30,30.1,30,30,30,30,30,30,30,30,30,30,30,30,30,30,30,30,30,30,30,29.9,30,30,30,30,30,30,30,30
Mean,0.12236,0.12568,0.1289,0.13024,0.1318,0.1326,0.13352,0.1336,0.1338,0.1336,0.13354,0.13342,0.13356,0.1335,0.13382,0.13406,0.13442,0.13522,0.13578,0.1363,0.13724,0.1378,0.13876,0.1397,0.14066,0.1417,0.14296,0.14412,0.14536,0.14672,0.14814,0.14944,0.15106,0.15236,0.15388,0.1557,0.1574,0.15922,0.1611,0.16302,0.1649,0.16662,0.16838,0.17044,0.17246,0.17442,0.17624,0.1782,0.18032,0.18314,0.1841,0.18618,0.18806,0.18984,0.19208,0.19412,0.19594,0.19774,0.19946,0.20142,0.20328,0.20494,0.2067,0.20886,0.21078,0.21248,0.21448,0.21656,0.21814,0.22046,0.22224,0.22442,0.22662,0.22894,0.23106,0.23328,0.23544,0.23802,0.24076,0.24326,0.24582,0.24854,0.2516,0.25456,0.2579,0.26134,0.26552,0.26918,0.2726,0.27678,0.28092,0.28592,0.29012,0.29476,0.30024,0.30608
StDev,0.011109815,0.011036168,0.011522153,0.010120919,0.010233035,0.009542536,0.009757407,0.009168424,0.009095603,0.008832044,0.008466581,0.008124469,0.007789929,0.007275988,0.007386271,0.007010563,0.007105069,0.007364238,0.007199097,0.00687859,0.007336416,0.006602651,0.006876264,0.006885492,0.006832862,0.006745739,0.0067047,0.006673605,0.00681381,0.006786162,0.007159818,0.006986272,0.007077288,0.006879171,0.006828397,0.007042017,0.007056912,0.007119831,0.007248103,0.007081808,0.007392226,0.007268562,0.007072977,0.007159469,0.007429536,0.007385256,0.007123763,0.007208675,0.007319631,0.008931853,0.007117233,0.007201528,0.00700664,0.00690746,0.00702581,0.006973665,0.007045424,0.0069995,0.007082231,0.00725927,0.007344181,0.007306367,0.007265673,0.007430545,0.007426776,0.007346564,0.007476095,0.007454059,0.007357513,0.007664724,0.007683619,0.007990432,0.008105985,0.008108206,0.00783122,0.00790993,0.008065544,0.008342482,0.008434927,0.00855646,0.00861609,0.00870965,0.008754713,0.008929614,0.008917679,0.009109775,0.009238344,0.008978419,0.008834874,0.009044169,0.008836402,0.00906984,0.008587316,0.008862731,0.00901959,0.008925357
1;2,0.1149,0.1169,0.1196,0.122,0.1236,0.1247,0.1256,0.1262,0.1265,0.1267,0.1268,0.1269,0.1273,0.1276,0.1279,0.1284,0.1288,0.1294,0.1301,0.1309,0.1317,0.1325,0.1334,0.1344,0.1354,0.1365,0.1378,0.139,0.1401,0.1415,0.1427,0.1442,0.1459,0.1471,0.1487,0.1504,0.152,0.1538,0.1557,0.1578,0.1594,0.1612,0.163,0.165,0.167,0.1689,0.171,0.173,0.1752,0.1772,0.1792,0.1813,0.1831,0.185,0.1871,0.1893,0.1914,0.1931,0.1948,0.1965,0.1985,0.2003,0.2022,0.204,0.2057,0.2074,0.2096,0.2117,0.2133,0.2153,0.2171,0.219,0.221,0.2233,0.2256,0.2275,0.2297,0.2323,0.2348,0.2372,0.24,0.2426,0.2457,0.2485,0.252,0.2553,0.26,0.2642,0.2685,0.2725,0.2774,0.2825,0.2873,0.292,0.2977,0.3041
2;1,0.1237,0.1283,0.1314,0.1324,0.1333,0.134,0.1346,0.1349,0.1347,0.134,0.1339,0.1337,0.1337,0.1338,0.1338,0.134,0.1341,0.1346,0.135,0.1354,0.1361,0.1369,0.1376,0.1384,0.1391,0.1399,0.141,0.1421,0.1431,0.1443,0.1454,0.1465,0.1479,0.1494,0.1506,0.1522,0.1539,0.1554,0.157,0.1588,0.1604,0.1622,0.1637,0.1657,0.1674,0.1692,0.1712,0.1727,0.1743,0.1769,0.1781,0.18,0.1821,0.1837,0.186,0.1879,0.189,0.1909,0.1926,0.1944,0.1959,0.1975,0.1991,0.2014,0.2036,0.2055,0.207,0.209,0.2108,0.2129,0.2149,0.2169,0.2191,0.2214,0.2235,0.2259,0.2278,0.2299,0.2326,0.235,0.2373,0.2398,0.2427,0.2457,0.2491,0.2523,0.2557,0.2594,0.2625,0.2663,0.2701,0.2741,0.2789,0.283,0.2879,0.2932
2;2,0.1177,0.121,0.124,0.1263,0.1278,0.1291,0.13,0.1303,0.1306,0.1306,0.1308,0.1309,0.1312,0.1314,0.1317,0.1321,0.1324,0.1332,0.1339,0.1345,0.1352,0.1362,0.137,0.1378,0.1388,0.14,0.1413,0.1426,0.1437,0.1453,0.1465,0.1479,0.1495,0.151,0.1528,0.1545,0.1563,0.1582,0.1601,0.1622,0.1639,0.1657,0.1677,0.1699,0.1719,0.174,0.1758,0.178,0.1802,0.182,0.1841,0.1862,0.1882,0.1902,0.1923,0.1945,0.1966,0.1985,0.2002,0.2022,0.2042,0.2057,0.2076,0.2099,0.2117,0.2135,0.2156,0.2176,0.219,0.2215,0.2228,0.2251,0.2273,0.2297,0.232,0.234,0.2363,0.2388,0.242,0.2445,0.2474,0.25,0.253,0.2555,0.2589,0.2625,0.2668,0.2706,0.274,0.2782,0.2827,0.2879,0.2918,0.2966,0.3022,0.3079
2;3,0.1144,0.1184,0.1216,0.1236,0.1254,0.1267,0.1275,0.1277,0.1281,0.1281,0.1283,0.1284,0.1288,0.1289,0.1293,0.1298,0.1302,0.131,0.1317,0.1325,0.1332,0.1342,0.1351,0.1362,0.1374,0.1386,0.14,0.1411,0.1426,0.1439,0.1454,0.1469,0.1485,0.1499,0.1515,0.1534,0.1551,0.1571,0.159,0.161,0.1631,0.1648,0.167,0.1689,0.1708,0.173,0.1748,0.1769,0.1793,0.181,0.1831,0.1852,0.1872,0.1891,0.1913,0.1933,0.1954,0.1972,0.1988,0.2009,0.2028,0.2046,0.2064,0.2083,0.2102,0.2117,0.2138,0.2161,0.2177,0.2199,0.2217,0.2237,0.2259,0.2282,0.2306,0.233,0.235,0.2377,0.2402,0.2427,0.2449,0.248,0.2512,0.2543,0.2573,0.2607,0.265,0.2684,0.2716,0.2761,0.2801,0.286,0.2899,0.2946,0.3004,0.3071
3;2,0.1411,0.1438,0.1479,0.1469,0.1489,0.1485,0.1499,0.1489,0.1491,0.1486,0.1479,0.1472,0.1468,0.1458,0.1464,0.146,0.1466,0.1479,0.1482,0.1482,0.15,0.1492,0.1507,0.1517,0.1526,0.1535,0.1547,0.1558,0.1573,0.1586,0.1607,0.1617,0.1635,0.1644,0.1658,0.168,0.1697,0.1716,0.1737,0.1753,0.1777,0.1792,0.1805,0.1827,0.1852,0.187,0.1884,0.1904,0.1926,0.1986,0.196,0.1982,0.1997,0.2012,0.2037,0.2056,0.2073,0.209,0.2109,0.2131,0.215,0.2166,0.2182,0.2207,0.2227,0.2243,0.2264,0.2284,0.2299,0.2327,0.2347,0.2374,0.2398,0.2421,0.2436,0.246,0.2484,0.2514,0.2542,0.2569,0.2595,0.2623,0.2654,0.2688,0.2722,0.2759,0.2801,0.2833,0.2864,0.2908,0.2943,0.2991,0.3027,0.3076,0.313,0.3181
,,,,,,,,,,,,,,,,,,,,,,,,,,,,,,,,,,,,,,,,,,,,,,,,,,,,,,,,,,,,,,,,,,,,,,,,,,,,,,,,,,,,,,,,,,,,,,,,
Cycles / Well,,,,,,,,,,,,,,,,,,,,,,,,,,,,,,,,,,,,,,,,,,,,,,,,,,,,,,,,,,,,,,,,,,,,,,,,,,,,,,,,,,,,,,,,,,,,,,,,
D5,1,2,3,4,5,6,7,8,9,10,11,12,13,14,15,16,17,18,19,20,21,22,23,24,25,26,27,28,29,30,31,32,33,34,35,36,37,38,39,40,41,42,43,44,45,46,47,48,49,50,51,52,53,54,55,56,57,58,59,60,61,62,63,64,65,66,67,68,69,70,71,72,73,74,75,76,77,78,79,80,81,82,83,84,85,86,87,88,89,90,91,92,93,94,95,96
Time [s],0,1799.797,3599.741,5399.659,7199.573,8999.513,10799.44,12599.356,14399.272,16199.193,17999.112,19799.048,21598.963,23398.904,25198.829,26998.75,28798.659,30598.586,32398.522,34198.445,35998.366,37798.269,39598.205,41398.126,43198.043,44997.982,46797.898,48597.803,50397.735,52197.643,53997.591,55797.492,57597.42,59397.352,61197.265,62997.193,64797.11,66597.04,68396.981,70196.888,71996.807,73796.739,75596.665,77396.594,79196.521,80996.461,82796.378,84596.302,86396.226,88196.142,89996.07,91796.012,93595.919,95395.853,97195.785,98995.689,100795.633,102595.552,104395.481,106195.482,107995.331,109795.267,111595.183,113395.107,115195.043,116994.958,118794.88,120594.819,122394.73,124194.661,125994.586,127794.51,129594.425,131394.355,133194.302,134994.214,136794.146,138594.064,140393.993,142193.907,143993.836,145793.766,147593.683,149393.62,151193.535,152993.466,154793.383,156593.307,158393.229,160193.151,161993.083,163792.996,165592.93,167392.852,169192.773,170992.712
Temp. [°C],22.2,30,30,30,30,30.1,30,30,30,30,30,29.9,30,30,29.8,30,30,29.9,29.9,30,30,30.1,30,30,30,30,30,30,30,30,30,30,30,30,30,30,30,30,30,30,30.1,30,30,30,30,30,30,30,30,30,30,30,30,30,30,30,30,29.9,30,30,30,30,30,30.1,30,30.1,30,30.1,30,30,30,30,30,30,30,30,30,30,30,30,30,30,30,30,30,30,30,29.9,30,30,30,30,30,30,30,30
Mean,0.11498,0.11778,0.12048,0.12262,0.12464,0.12614,0.12826,0.12994,0.13204,0.1344,0.13698,0.1399,0.14352,0.14746,0.15234,0.15824,0.16518,0.1737,0.18372,0.1955,0.20974,0.22662,0.24762,0.27206,0.30062,0.33384,0.37286,0.41696,0.46722,0.52288,0.58422,0.6498,0.72096,0.7967,0.87498,0.95552,1.03422,1.111,1.182,1.2431,1.29322,1.33506,1.3706,1.39994,1.42588,1.45078,1.47266,1.49192,1.50592,1.51488,1.51936,1.52368,1.5268,1.52956,1.5316,1.53394,1.53532,1.53664,1.5372,1.5378,1.53896,1.53824,1.5401,1.54026,1.54084,1.5406,1.54042,1.54072,1.54056,1.54074,1.5408,1.54024,1.54046,1.53972,1.53948,1.53872,1.53826,1.53756,1.53586,1.53662,1.53658,1.53574,1.53524,1.5348,1.53382,1.53344,1.53278,1.53224,1.53176,1.53114,1.53078,1.5299,1.52972,1.52894,1.52802,1.52804
StDev,0.006864182,0.007078983,0.007826046,0.007661397,0.008060583,0.007952232,0.008786239,0.008435224,0.008636724,0.009256889,0.009274535,0.009531789,0.00971504,0.009577735,0.009907724,0.010206028,0.010450694,0.011172958,0.011841748,0.012225588,0.01315173,0.013822699,0.015522951,0.018097182,0.020597014,0.023881122,0.027939631,0.032464565,0.038034484,0.043735935,0.049684776,0.057018813,0.06392232,0.070440507,0.076547384,0.080823276,0.083995577,0.085570205,0.084529906,0.082639367,0.080601842,0.077646655,0.076288859,0.074499919,0.074640585,0.073660756,0.072732544,0.071776821,0.06946972,0.068259336,0.067219253,0.067108658,0.066323864,0.065977254,0.065615433,0.064823244,0.06477366,0.064212678,0.064312013,0.064227759,0.06403271,0.064553761,0.063602791,0.064005062,0.064004515,0.063560483,0.06350659,0.063744937,0.063305,0.063835124,0.062790565,0.062682238,0.063403809,0.063427218,0.063819213,0.063798879,0.063626787,0.063642816,0.063199114,0.063377457,0.063719793,0.063552207,0.063506008,0.063281237,0.063589559,0.063740474,0.063346602,0.06374318,0.063480414,0.063546149,0.063370198,0.063296327,0.063391577,0.063624547,0.063755721,0.063605212
1;2,0.1101,0.1122,0.1141,0.1161,0.118,0.1194,0.1208,0.1225,0.1242,0.1261,0.1283,0.1309,0.1341,0.1379,0.1424,0.1478,0.1543,0.162,0.1712,0.1824,0.1956,0.2115,0.2313,0.2541,0.2809,0.3126,0.3498,0.3929,0.4416,0.4963,0.5575,0.6224,0.6958,0.7718,0.8504,0.9349,1.0151,1.0928,1.1665,1.2326,1.2809,1.3278,1.3637,1.3936,1.4205,1.4466,1.4679,1.487,1.5011,1.5113,1.5166,1.522,1.5239,1.5247,1.5282,1.53,1.5303,1.5323,1.5321,1.5323,1.5337,1.533,1.537,1.535,1.5367,1.5369,1.5354,1.5346,1.5346,1.5343,1.5342,1.5342,1.5345,1.534,1.5323,1.5314,1.5309,1.5302,1.5281,1.5302,1.5307,1.5285,1.5281,1.5298,1.5265,1.5257,1.5251,1.5249,1.5258,1.5247,1.5246,1.5217,1.5232,1.5229,1.5203,1.5208
2;1,0.1154,0.1199,0.1232,0.1257,0.1271,0.1291,0.131,0.1333,0.1356,0.1375,0.1403,0.143,0.1464,0.1503,0.1547,0.1602,0.166,0.1736,0.1822,0.1925,0.2046,0.2196,0.2378,0.2583,0.2832,0.312,0.3467,0.385,0.4294,0.4798,0.5347,0.5924,0.6564,0.7269,0.7997,0.8764,0.9548,1.0302,1.104,1.1653,1.2181,1.2615,1.2967,1.3284,1.3531,1.3803,1.4015,1.4225,1.4387,1.4471,1.4533,1.4566,1.4608,1.4642,1.467,1.4687,1.4707,1.4727,1.4725,1.4749,1.4742,1.474,1.4774,1.4771,1.4761,1.4776,1.4769,1.4777,1.4773,1.4772,1.4777,1.4763,1.4771,1.477,1.4757,1.4755,1.4749,1.4744,1.4731,1.4734,1.473,1.4724,1.4722,1.4716,1.4718,1.4714,1.4709,1.4702,1.4698,1.4694,1.4694,1.4675,1.4685,1.4674,1.4648,1.4656
2;2,0.1133,0.116,0.1181,0.1206,0.1226,0.1244,0.1262,0.1282,0.1304,0.1325,0.1354,0.1385,0.1425,0.1468,0.1521,0.1587,0.1666,0.1761,0.1877,0.2015,0.2182,0.2383,0.2632,0.2923,0.3265,0.3664,0.4138,0.4667,0.5273,0.5939,0.666,0.7442,0.8275,0.9144,1.0024,1.0893,1.1727,1.2502,1.319,1.3751,1.4217,1.4578,1.4903,1.5165,1.5426,1.5654,1.586,1.6041,1.6145,1.621,1.6241,1.6272,1.6295,1.6325,1.634,1.6343,1.6358,1.6362,1.637,1.6382,1.6379,1.639,1.6389,1.6402,1.6403,1.6396,1.6394,1.6404,1.6392,1.6404,1.6381,1.6371,1.6398,1.6386,1.6387,1.6382,1.6377,1.6368,1.6343,1.6355,1.6356,1.6348,1.6344,1.6329,1.6332,1.6329,1.6317,1.6319,1.6306,1.6305,1.6296,1.6286,1.6293,1.6286,1.6274,1.6276
2;3,0.1096,0.1118,0.1142,0.1163,0.1181,0.1194,0.1212,0.1229,0.1249,0.1271,0.1297,0.1325,0.1361,0.1402,0.1449,0.1506,0.1577,0.1659,0.1758,0.1877,0.2022,0.2197,0.2406,0.2651,0.2946,0.3282,0.3671,0.4123,0.4624,0.5175,0.5799,0.6459,0.7176,0.7961,0.8778,0.9605,1.0423,1.1244,1.1959,1.2585,1.3104,1.3509,1.3878,1.4174,1.4426,1.4681,1.4895,1.5081,1.5216,1.5304,1.5337,1.5394,1.5424,1.5447,1.5457,1.5498,1.5516,1.5525,1.5532,1.5528,1.5559,1.5532,1.5547,1.5552,1.5557,1.5549,1.5553,1.5558,1.5561,1.5563,1.5578,1.5572,1.5547,1.5552,1.5564,1.5552,1.5541,1.554,1.5527,1.5522,1.5528,1.5521,1.5512,1.5509,1.55,1.5503,1.5493,1.5484,1.5479,1.5467,1.5468,1.5469,1.5443,1.5439,1.5448,1.5437
3;2,0.1265,0.129,0.1328,0.1344,0.1374,0.1384,0.1421,0.1428,0.1451,0.1488,0.1512,0.1546,0.1585,0.1621,0.1676,0.1739,0.1813,0.1909,0.2017,0.2134,0.2281,0.244,0.2652,0.2905,0.3179,0.35,0.3869,0.4279,0.4754,0.5269,0.583,0.6441,0.7075,0.7743,0.8446,0.9165,0.9862,1.0574,1.1246,1.184,1.235,1.2773,1.3145,1.3438,1.3706,1.3935,1.4184,1.4379,1.4537,1.4646,1.4691,1.4732,1.4774,1.4817,1.4831,1.4869,1.4882,1.4895,1.4912,1.4908,1.4931,1.492,1.4925,1.4938,1.4954,1.494,1.4951,1.4951,1.4956,1.4955,1.4962,1.4964,1.4962,1.4938,1.4943,1.4933,1.4937,1.4924,1.4911,1.4918,1.4908,1.4909,1.4903,1.4888,1.4876,1.4869,1.4869,1.4858,1.4847,1.4844,1.4835,1.4848,1.4833,1.4819,1.4828,1.4825
,,,,,,,,,,,,,,,,,,,,,,,,,,,,,,,,,,,,,,,,,,,,,,,,,,,,,,,,,,,,,,,,,,,,,,,,,,,,,,,,,,,,,,,,,,,,,,,,
Cycles / Well,,,,,,,,,,,,,,,,,,,,,,,,,,,,,,,,,,,,,,,,,,,,,,,,,,,,,,,,,,,,,,,,,,,,,,,,,,,,,,,,,,,,,,,,,,,,,,,,
D6,1,2,3,4,5,6,7,8,9,10,11,12,13,14,15,16,17,18,19,20,21,22,23,24,25,26,27,28,29,30,31,32,33,34,35,36,37,38,39,40,41,42,43,44,45,46,47,48,49,50,51,52,53,54,55,56,57,58,59,60,61,62,63,64,65,66,67,68,69,70,71,72,73,74,75,76,77,78,79,80,81,82,83,84,85,86,87,88,89,90,91,92,93,94,95,96
Time [s],0,1799.797,3599.741,5399.659,7199.573,8999.513,10799.44,12599.356,14399.272,16199.193,17999.112,19799.048,21598.963,23398.904,25198.829,26998.75,28798.659,30598.586,32398.522,34198.445,35998.366,37798.269,39598.205,41398.126,43198.043,44997.982,46797.898,48597.803,50397.735,52197.643,53997.591,55797.492,57597.42,59397.352,61197.265,62997.193,64797.11,66597.04,68396.981,70196.888,71996.807,73796.739,75596.665,77396.594,79196.521,80996.461,82796.378,84596.302,86396.226,88196.142,89996.07,91796.012,93595.919,95395.853,97195.785,98995.689,100795.633,102595.552,104395.481,106195.482,107995.331,109795.267,111595.183,113395.107,115195.043,116994.958,118794.88,120594.819,122394.73,124194.661,125994.586,127794.51,129594.425,131394.355,133194.302,134994.214,136794.146,138594.064,140393.993,142193.907,143993.836,145793.766,147593.683,149393.62,151193.535,152993.466,154793.383,156593.307,158393.229,160193.151,161993.083,163792.996,165592.93,167392.852,169192.773,170992.712
Temp. [°C],22.2,30,30,30,30,30.1,30,30,30,30,30,29.9,30,30,29.8,30,30,29.9,29.9,30,30,30.1,30,30,30,30,30,30,30,30,30,30,30,30,30,30,30,30,30,30,30.1,30,30,30,30,30,30,30,30,30,30,30,30,30,30,30,30,29.9,30,30,30,30,30,30.1,30,30.1,30,30.1,30,30,30,30,30,30,30,30,30,30,30,30,30,30,30,30,30,30,30,29.9,30,30,30,30,30,30,30,30
Mean,0.11936,0.12488,0.13116,0.13756,0.14502,0.1545,0.1671,0.18278,0.20298,0.22804,0.2597,0.29736,0.3421,0.39286,0.44932,0.51212,0.57908,0.64754,0.71818,0.79006,0.8589,0.92558,0.99248,1.05368,1.1124,1.16608,1.21758,1.26168,1.30248,1.3387,1.36872,1.39556,1.42172,1.44116,1.45874,1.47486,1.48612,1.49396,1.50148,1.50656,1.50814,1.51242,1.51384,1.51504,1.5158,1.51772,1.51676,1.51676,1.51796,1.51772,1.51746,1.518,1.51696,1.5167,1.51734,1.51606,1.51526,1.51632,1.51576,1.5163,1.5162,1.51508,1.51728,1.51634,1.51696,1.51728,1.51702,1.51734,1.51644,1.51664,1.51648,1.51674,1.51652,1.5164,1.5154,1.5149,1.5158,1.51552,1.51382,1.51632,1.5169,1.51646,1.51564,1.51718,1.51504,1.51458,1.51536,1.51582,1.5174,1.51658,1.5162,1.51578,1.51736,1.51668,1.51516,1.51612
StDev,0.003241605,0.003961944,0.003901666,0.004288123,0.005521956,0.007662571,0.010969047,0.014739301,0.019645788,0.025758067,0.033498582,0.042612709,0.053201645,0.065329687,0.07919916,0.093977774,0.109606464,0.125833513,0.141923067,0.158338397,0.175193679,0.190153207,0.205417361,0.219126338,0.23043728,0.241245429,0.247102958,0.253559593,0.254919972,0.256940197,0.258329483,0.258772184,0.258927677,0.259021009,0.258461647,0.255551224,0.251409083,0.248025277,0.2439101,0.241497646,0.239655217,0.236740506,0.235472415,0.234959567,0.234436185,0.232499746,0.233192824,0.232918254,0.231436477,0.232800702,0.232114052,0.231455989,0.231647076,0.231353128,0.230683686,0.232298995,0.232210084,0.231506473,0.231742288,0.230870126,0.232329992,0.232184468,0.230995048,0.2314806,0.230931576,0.230327858,0.230589922,0.230285199,0.230653925,0.230819687,0.230322018,0.230733489,0.229743731,0.229283961,0.229955822,0.229690716,0.228970839,0.229069492,0.228678939,0.227979685,0.228119881,0.228101683,0.227833312,0.227735015,0.227618877,0.22795137,0.227293396,0.226918712,0.226436095,0.226656827,0.225985188,0.226502377,0.225397334,0.225477498,0.226133927,0.225355967
1;2,0.1159,0.1204,0.1259,0.1317,0.1377,0.1455,0.1557,0.1684,0.1855,0.2073,0.2345,0.2682,0.3105,0.3584,0.4115,0.4733,0.5379,0.6057,0.6734,0.7454,0.8105,0.8746,0.939,0.9969,1.0505,1.0993,1.1482,1.1932,1.2349,1.2735,1.3045,1.3287,1.3591,1.3789,1.3952,1.4165,1.4304,1.4389,1.4473,1.4573,1.4528,1.4606,1.4612,1.4613,1.4631,1.4663,1.4618,1.464,1.4638,1.4624,1.4618,1.4661,1.4615,1.4602,1.4607,1.4591,1.4575,1.4586,1.4583,1.4572,1.4597,1.4583,1.4618,1.4576,1.4608,1.4595,1.4581,1.4581,1.4562,1.4571,1.4554,1.4561,1.459,1.457,1.4531,1.4523,1.4552,1.4547,1.4509,1.4578,1.4583,1.4552,1.4533,1.4602,1.4518,1.4523,1.4529,1.4542,1.4584,1.456,1.4553,1.4529,1.4577,1.4549,1.4522,1.4529
2;1,0.1221,0.1273,0.1326,0.1364,0.1422,0.1482,0.1557,0.166,0.1789,0.1943,0.214,0.2373,0.2644,0.2956,0.3302,0.369,0.4113,0.4539,0.4995,0.5446,0.5869,0.6304,0.6724,0.7118,0.7525,0.7891,0.83,0.8623,0.8987,0.9293,0.956,0.9826,1.0059,1.0249,1.0432,1.0618,1.0787,1.0919,1.106,1.1132,1.1205,1.1281,1.1321,1.1347,1.1362,1.1407,1.1399,1.1397,1.1438,1.1419,1.1431,1.143,1.1431,1.1439,1.1458,1.142,1.1416,1.1437,1.1427,1.1452,1.1419,1.141,1.1446,1.1442,1.1448,1.1467,1.1466,1.1475,1.1464,1.1462,1.1475,1.1469,1.1471,1.1485,1.1476,1.1476,1.149,1.1485,1.1484,1.1504,1.1508,1.1514,1.1517,1.1512,1.1518,1.1503,1.1522,1.153,1.154,1.1537,1.1547,1.1544,1.1563,1.1562,1.1542,1.1564
2;2,0.1183,0.1236,0.1307,0.1391,0.148,0.1597,0.1749,0.1939,0.219,0.2501,0.2891,0.337,0.3925,0.455,0.525,0.6023,0.684,0.7675,0.8523,0.9352,1.0157,1.0904,1.1656,1.2341,1.2981,1.3554,1.4114,1.455,1.4974,1.5332,1.5629,1.5902,1.6153,1.6334,1.6495,1.6634,1.6702,1.6763,1.6824,1.684,1.686,1.6882,1.6879,1.6892,1.6889,1.6907,1.6898,1.6902,1.6909,1.6898,1.6908,1.6897,1.6887,1.6886,1.6903,1.6883,1.6871,1.6877,1.6866,1.6879,1.6878,1.686,1.6882,1.6888,1.6884,1.6895,1.6894,1.689,1.6877,1.6891,1.6881,1.689,1.6875,1.6868,1.6871,1.6855,1.6868,1.6849,1.6842,1.6854,1.6872,1.6867,1.6865,1.6867,1.6852,1.6831,1.6839,1.6847,1.6861,1.6849,1.6842,1.6843,1.6861,1.6849,1.6825,1.6837
2;3,0.1171,0.1227,0.13,0.1371,0.145,0.1553,0.1697,0.1875,0.2096,0.2382,0.276,0.3205,0.3739,0.4361,0.5048,0.5803,0.661,0.7442,0.8297,0.9194,1.0058,1.0914,1.1746,1.2511,1.3218,1.3882,1.4414,1.4936,1.5305,1.5658,1.5961,1.6227,1.6457,1.6658,1.6821,1.6926,1.6995,1.7034,1.7058,1.708,1.7101,1.7097,1.7115,1.7127,1.714,1.7121,1.7134,1.7124,1.712,1.7155,1.7139,1.7124,1.7133,1.7134,1.7125,1.7145,1.714,1.714,1.7143,1.7131,1.715,1.7139,1.7136,1.7136,1.7135,1.7127,1.7136,1.714,1.7144,1.7141,1.7145,1.7147,1.7129,1.7133,1.7135,1.7134,1.7125,1.7133,1.7113,1.7125,1.7124,1.7128,1.7122,1.7125,1.7121,1.7128,1.7125,1.712,1.711,1.7122,1.7116,1.7128,1.7107,1.7109,1.7119,1.7111
3;2,0.1234,0.1304,0.1366,0.1435,0.1522,0.1638,0.1795,0.1981,0.2219,0.2503,0.2849,0.3238,0.3692,0.4192,0.4751,0.5357,0.6012,0.6664,0.736,0.8057,0.8756,0.9411,1.0108,1.0745,1.1391,1.1984,1.2569,1.3043,1.3509,1.3917,1.4241,1.4536,1.4826,1.5028,1.5237,1.54,1.5518,1.5593,1.5659,1.5703,1.5713,1.5755,1.5765,1.5773,1.5768,1.5788,1.5789,1.5775,1.5793,1.579,1.5777,1.5788,1.5782,1.5774,1.5774,1.5764,1.5761,1.5776,1.5769,1.5781,1.5766,1.5762,1.5782,1.5775,1.5773,1.578,1.5774,1.5781,1.5775,1.5767,1.5769,1.577,1.5761,1.5764,1.5757,1.5757,1.5755,1.5762,1.5743,1.5755,1.5758,1.5762,1.5745,1.5753,1.5743,1.5744,1.5753,1.5752,1.5775,1.5761,1.5752,1.5745,1.576,1.5765,1.575,1.5765
,,,,,,,,,,,,,,,,,,,,,,,,,,,,,,,,,,,,,,,,,,,,,,,,,,,,,,,,,,,,,,,,,,,,,,,,,,,,,,,,,,,,,,,,,,,,,,,,
Cycles / Well,,,,,,,,,,,,,,,,,,,,,,,,,,,,,,,,,,,,,,,,,,,,,,,,,,,,,,,,,,,,,,,,,,,,,,,,,,,,,,,,,,,,,,,,,,,,,,,,
D7,1,2,3,4,5,6,7,8,9,10,11,12,13,14,15,16,17,18,19,20,21,22,23,24,25,26,27,28,29,30,31,32,33,34,35,36,37,38,39,40,41,42,43,44,45,46,47,48,49,50,51,52,53,54,55,56,57,58,59,60,61,62,63,64,65,66,67,68,69,70,71,72,73,74,75,76,77,78,79,80,81,82,83,84,85,86,87,88,89,90,91,92,93,94,95,96
Time [s],0,1799.797,3599.741,5399.659,7199.573,8999.513,10799.44,12599.356,14399.272,16199.193,17999.112,19799.048,21598.963,23398.904,25198.829,26998.75,28798.659,30598.586,32398.522,34198.445,35998.366,37798.269,39598.205,41398.126,43198.043,44997.982,46797.898,48597.803,50397.735,52197.643,53997.591,55797.492,57597.42,59397.352,61197.265,62997.193,64797.11,66597.04,68396.981,70196.888,71996.807,73796.739,75596.665,77396.594,79196.521,80996.461,82796.378,84596.302,86396.226,88196.142,89996.07,91796.012,93595.919,95395.853,97195.785,98995.689,100795.633,102595.552,104395.481,106195.482,107995.331,109795.267,111595.183,113395.107,115195.043,116994.958,118794.88,120594.819,122394.73,124194.661,125994.586,127794.51,129594.425,131394.355,133194.302,134994.214,136794.146,138594.064,140393.993,142193.907,143993.836,145793.766,147593.683,149393.62,151193.535,152993.466,154793.383,156593.307,158393.229,160193.151,161993.083,163792.996,165592.93,167392.852,169192.773,170992.712
Temp. [°C],22.2,30,30,30,30,30.1,30,30,30,30,30,29.9,30,30,29.8,30,30,29.9,29.9,30,30,30.1,30,30,30,30,30,30,30,30,30,30,30,30,30,30,30,30,30,30,30.1,30,30,30,30,30,30,30,30,30,30,30,30,30,30,30,30,29.9,30,30,30,30,30,30.1,30,30.1,30,30.1,30,30,30,30,30,30,30,30,30,30,30,30,30,30,30,30,30,30,30,29.9,30,30,30,30,30,30,30,30
Mean,0.11374,0.11738,0.1198,0.12252,0.12616,0.13096,0.13788,0.14698,0.1587,0.1745,0.19684,0.22578,0.26418,0.31172,0.36876,0.4376,0.51406,0.59854,0.68968,0.78594,0.88244,0.97614,1.05942,1.12906,1.1868,1.23144,1.26622,1.29246,1.313,1.33138,1.348,1.36288,1.37766,1.39076,1.40198,1.41076,1.4158,1.4197,1.4216,1.42304,1.42408,1.42542,1.42638,1.42808,1.42906,1.43014,1.431,1.4323,1.43374,1.43478,1.43558,1.4362,1.43608,1.43702,1.43758,1.43862,1.43906,1.43892,1.43968,1.43978,1.44014,1.4403,1.44146,1.44188,1.4422,1.44198,1.4423,1.44246,1.44264,1.44304,1.44246,1.4432,1.4439,1.44418,1.44424,1.44422,1.44472,1.4445,1.44406,1.44506,1.44492,1.44492,1.44534,1.4456,1.44566,1.4459,1.44666,1.44724,1.44738,1.4475,1.4474,1.44756,1.44816,1.44836,1.44858,1.4493
StDev,0.004643598,0.005864043,0.006851642,0.007605722,0.008929334,0.010244657,0.012565707,0.015474883,0.01843597,0.022202928,0.027484323,0.0333894,0.039854134,0.045706148,0.05074498,0.054731527,0.057512546,0.059740757,0.06306189,0.067135892,0.07092974,0.073867368,0.073936067,0.072376502,0.069704053,0.066479267,0.063728934,0.062717525,0.061417587,0.060748062,0.059906218,0.060111538,0.059960012,0.060363176,0.060023387,0.058786163,0.057827805,0.057425473,0.057291012,0.056671051,0.057291945,0.056749159,0.057489973,0.057624621,0.057588827,0.05685361,0.057071578,0.057286429,0.057154641,0.057366297,0.057359629,0.05754155,0.057332774,0.057734712,0.058146513,0.058632687,0.058547613,0.058356893,0.058266774,0.058291483,0.058943134,0.058960029,0.058294022,0.059134398,0.058919818,0.059319238,0.05897953,0.059813903,0.05975218,0.06029791,0.060453064,0.061112969,0.060210838,0.059584495,0.060444297,0.060691243,0.060723612,0.06082779,0.060913324,0.061071458,0.061480501,0.061109345,0.06153152,0.061371003,0.061229715,0.061498008,0.062050488,0.061558046,0.061261056,0.061424547,0.061322916,0.062129325,0.061820895,0.062069904,0.062006225,0.062215914
1;2,0.1106,0.1119,0.1132,0.1149,0.1168,0.1199,0.124,0.1298,0.138,0.1492,0.165,0.1865,0.2164,0.2552,0.3048,0.3677,0.4407,0.5246,0.6148,0.712,0.8116,0.9078,0.9974,1.0706,1.1333,1.1824,1.2195,1.2494,1.2696,1.2899,1.3081,1.3226,1.3386,1.3514,1.3624,1.3727,1.3777,1.382,1.383,1.3859,1.3853,1.3873,1.3871,1.3884,1.3901,1.3922,1.392,1.3945,1.3955,1.3977,1.3965,1.3991,1.3973,1.3972,1.3973,1.3995,1.3992,1.3991,1.3998,1.3999,1.4003,1.4009,1.403,1.4028,1.4035,1.4022,1.4026,1.4021,1.4021,1.402,1.4013,1.401,1.4032,1.4036,1.4026,1.4026,1.4027,1.4024,1.4011,1.4029,1.4027,1.4023,1.4028,1.4042,1.4032,1.4032,1.4037,1.4053,1.4055,1.4053,1.4057,1.4042,1.4055,1.4058,1.4046,1.4065
2;1,0.1153,0.1199,0.1236,0.1274,0.1321,0.138,0.1457,0.1558,0.1685,0.1849,0.208,0.2359,0.2726,0.3186,0.3711,0.4335,0.5018,0.5743,0.6553,0.7388,0.8224,0.9064,0.9843,1.0525,1.1113,1.1573,1.1963,1.2202,1.2441,1.262,1.279,1.2943,1.3089,1.3206,1.3319,1.3424,1.3497,1.3527,1.3551,1.3575,1.3581,1.3605,1.3605,1.362,1.3625,1.3651,1.3653,1.366,1.3684,1.367,1.3692,1.3682,1.37,1.3705,1.3716,1.3701,1.3709,1.3712,1.3716,1.3725,1.3706,1.3701,1.3727,1.3717,1.3721,1.3718,1.3725,1.3716,1.3712,1.3711,1.3702,1.3703,1.3715,1.3731,1.3717,1.3715,1.3724,1.3716,1.3716,1.372,1.3709,1.3716,1.3708,1.3705,1.3718,1.3713,1.3713,1.372,1.3723,1.3722,1.3724,1.3718,1.3727,1.3722,1.3728,1.3725
2;2,0.1125,0.1152,0.1169,0.1192,0.1222,0.1265,0.1326,0.1408,0.1523,0.1682,0.1914,0.2227,0.265,0.3176,0.3826,0.4615,0.5491,0.6472,0.7519,0.8622,0.9714,1.072,1.1578,1.2266,1.2814,1.3219,1.3546,1.3782,1.3973,1.4149,1.4304,1.4461,1.461,1.4738,1.484,1.4918,1.4962,1.4981,1.4997,1.5006,1.502,1.5033,1.505,1.5061,1.5073,1.508,1.5083,1.5103,1.5114,1.5122,1.5128,1.5135,1.5136,1.5146,1.5165,1.5173,1.5176,1.5172,1.5175,1.5184,1.5184,1.5186,1.5196,1.5211,1.5208,1.521,1.5204,1.522,1.5212,1.5225,1.5223,1.523,1.523,1.5226,1.5228,1.5238,1.5244,1.5236,1.5234,1.5245,1.5248,1.5241,1.5249,1.5251,1.5254,1.5251,1.5267,1.5263,1.5262,1.5265,1.5265,1.5271,1.5276,1.5281,1.5274,1.5287
2;3,0.1093,0.1135,0.1154,0.1178,0.1211,0.1254,0.1316,0.1394,0.1494,0.1632,0.1824,0.2081,0.2431,0.2882,0.3433,0.4114,0.4884,0.5752,0.6677,0.7664,0.8666,0.964,1.0476,1.1208,1.1782,1.2248,1.2584,1.2864,1.3051,1.3241,1.3405,1.3548,1.3689,1.3833,1.3955,1.4033,1.4076,1.413,1.4157,1.4151,1.417,1.4176,1.4196,1.4211,1.4224,1.4217,1.4242,1.4244,1.4247,1.4282,1.4289,1.4291,1.4286,1.4303,1.4295,1.4317,1.4329,1.4324,1.4342,1.433,1.4349,1.4359,1.4353,1.4368,1.4368,1.4369,1.4371,1.4379,1.4393,1.4397,1.4397,1.4402,1.4413,1.4408,1.4419,1.4419,1.442,1.4423,1.4421,1.4423,1.4429,1.4433,1.4448,1.4453,1.4451,1.4457,1.4466,1.4468,1.448,1.4486,1.4473,1.4485,1.4486,1.4494,1.451,1.4515
3;2,0.121,0.1264,0.1299,0.1333,0.1386,0.145,0.1555,0.1691,0.1853,0.207,0.2374,0.2757,0.3238,0.379,0.442,0.5139,0.5903,0.6714,0.7587,0.8503,0.9402,1.0305,1.11,1.1748,1.2298,1.2708,1.3023,1.3281,1.3489,1.366,1.382,1.3966,1.4109,1.4247,1.4361,1.4436,1.4478,1.4527,1.4545,1.4561,1.458,1.4584,1.4597,1.4628,1.463,1.4637,1.4652,1.4663,1.4687,1.4688,1.4705,1.4711,1.4709,1.4725,1.473,1.4745,1.4747,1.4747,1.4753,1.4751,1.4765,1.476,1.4767,1.477,1.4778,1.478,1.4789,1.4787,1.4794,1.4799,1.4788,1.4815,1.4805,1.4808,1.4822,1.4813,1.4821,1.4826,1.4821,1.4836,1.4833,1.4833,1.4834,1.4829,1.4828,1.4842,1.485,1.4858,1.4849,1.4849,1.4851,1.4862,1.4864,1.4863,1.4871,1.4873
,,,,,,,,,,,,,,,,,,,,,,,,,,,,,,,,,,,,,,,,,,,,,,,,,,,,,,,,,,,,,,,,,,,,,,,,,,,,,,,,,,,,,,,,,,,,,,,,
Cycles / Well,,,,,,,,,,,,,,,,,,,,,,,,,,,,,,,,,,,,,,,,,,,,,,,,,,,,,,,,,,,,,,,,,,,,,,,,,,,,,,,,,,,,,,,,,,,,,,,,
D8,1,2,3,4,5,6,7,8,9,10,11,12,13,14,15,16,17,18,19,20,21,22,23,24,25,26,27,28,29,30,31,32,33,34,35,36,37,38,39,40,41,42,43,44,45,46,47,48,49,50,51,52,53,54,55,56,57,58,59,60,61,62,63,64,65,66,67,68,69,70,71,72,73,74,75,76,77,78,79,80,81,82,83,84,85,86,87,88,89,90,91,92,93,94,95,96
Time [s],0,1799.797,3599.741,5399.659,7199.573,8999.513,10799.44,12599.356,14399.272,16199.193,17999.112,19799.048,21598.963,23398.904,25198.829,26998.75,28798.659,30598.586,32398.522,34198.445,35998.366,37798.269,39598.205,41398.126,43198.043,44997.982,46797.898,48597.803,50397.735,52197.643,53997.591,55797.492,57597.42,59397.352,61197.265,62997.193,64797.11,66597.04,68396.981,70196.888,71996.807,73796.739,75596.665,77396.594,79196.521,80996.461,82796.378,84596.302,86396.226,88196.142,89996.07,91796.012,93595.919,95395.853,97195.785,98995.689,100795.633,102595.552,104395.481,106195.482,107995.331,109795.267,111595.183,113395.107,115195.043,116994.958,118794.88,120594.819,122394.73,124194.661,125994.586,127794.51,129594.425,131394.355,133194.302,134994.214,136794.146,138594.064,140393.993,142193.907,143993.836,145793.766,147593.683,149393.62,151193.535,152993.466,154793.383,156593.307,158393.229,160193.151,161993.083,163792.996,165592.93,167392.852,169192.773,170992.712
Temp. [°C],22.2,30,30,30,30,30.1,30,30,30,30,30,29.9,30,30,29.8,30,30,29.9,29.9,30,30,30.1,30,30,30,30,30,30,30,30,30,30,30,30,30,30,30,30,30,30,30.1,30,30,30,30,30,30,30,30,30,30,30,30,30,30,30,30,29.9,30,30,30,30,30,30.1,30,30.1,30,30.1,30,30,30,30,30,30,30,30,30,30,30,30,30,30,30,30,30,30,30,29.9,30,30,30,30,30,30,30,30
Mean,0.12114,0.12838,0.13564,0.14188,0.14892,0.15864,0.17146,0.18776,0.20904,0.23462,0.2673,0.30758,0.35518,0.40972,0.47178,0.54048,0.61534,0.69702,0.78394,0.87848,0.97696,1.07642,1.16936,1.2491,1.31642,1.36916,1.41118,1.44306,1.47092,1.49528,1.51798,1.53902,1.5593,1.5746,1.5852,1.59186,1.59516,1.59794,1.59996,1.60222,1.60324,1.60456,1.60562,1.60742,1.60784,1.60934,1.60964,1.61096,1.61214,1.61228,1.6131,1.61352,1.61344,1.61366,1.61478,1.61502,1.61588,1.61558,1.61592,1.61646,1.61716,1.61614,1.61768,1.61772,1.61812,1.61848,1.61836,1.6187,1.61902,1.61886,1.61878,1.61968,1.62042,1.6208,1.62096,1.62088,1.62154,1.62144,1.62102,1.62202,1.62232,1.62264,1.62294,1.62318,1.62338,1.62358,1.62392,1.62442,1.6249,1.62516,1.62476,1.62538,1.62618,1.62616,1.62604,1.62676
StDev,0.0046063,0.004595324,0.004455671,0.004366578,0.004971619,0.006219566,0.007770006,0.009845964,0.012928573,0.017653243,0.024077271,0.032316745,0.042206244,0.053847999,0.067701529,0.081230056,0.096136221,0.11051727,0.125493876,0.137684883,0.148877695,0.153095418,0.149848917,0.141625863,0.127933174,0.116414402,0.103938429,0.096898854,0.089484842,0.083438253,0.079941053,0.07764008,0.074308781,0.071111216,0.068246319,0.064841175,0.062466815,0.061549517,0.060534973,0.059697546,0.059977938,0.058180865,0.058609573,0.057517145,0.0569601,0.055822648,0.055471326,0.055273393,0.054841891,0.054753922,0.055410874,0.053825942,0.053400637,0.052892797,0.053037977,0.053073694,0.052859361,0.052380311,0.052133022,0.0521019,0.052001471,0.052503219,0.051134695,0.051876459,0.051102857,0.05053946,0.050490524,0.05072662,0.050899234,0.051171701,0.051391799,0.050849553,0.050450193,0.050049775,0.050341712,0.050329534,0.049934287,0.049663347,0.049896713,0.049165405,0.04929997,0.0492699,0.049697716,0.048925116,0.049488352,0.049143738,0.048823478,0.048732966,0.04823479,0.048609958,0.048132037,0.048670546,0.048164323,0.048349592,0.048388304,0.048530228
1;2,0.1176,0.1235,0.1299,0.1357,0.1416,0.1493,0.1597,0.1728,0.1902,0.2112,0.238,0.2711,0.3112,0.3561,0.4074,0.4671,0.5303,0.6024,0.6723,0.7542,0.8343,0.9209,1.0095,1.0912,1.1715,1.2366,1.2907,1.3344,1.3721,1.4072,1.435,1.4584,1.485,1.503,1.5159,1.5284,1.5342,1.5388,1.5404,1.5445,1.5436,1.547,1.5466,1.55,1.5512,1.5541,1.554,1.5557,1.5576,1.5577,1.5573,1.5607,1.5592,1.5612,1.561,1.5613,1.5624,1.5623,1.563,1.5633,1.5641,1.5625,1.5666,1.5654,1.5663,1.5659,1.5664,1.5668,1.5664,1.5665,1.5656,1.5684,1.5686,1.57,1.5685,1.5693,1.5701,1.5694,1.569,1.5708,1.5713,1.5713,1.5716,1.5735,1.5727,1.5721,1.573,1.5736,1.5755,1.5747,1.5748,1.5746,1.5766,1.5767,1.5758,1.5767
2;1,0.1245,0.1315,0.1376,0.143,0.1497,0.1596,0.1715,0.1873,0.2055,0.2249,0.25,0.2805,0.316,0.3577,0.4045,0.4587,0.5183,0.5841,0.6586,0.7411,0.8305,0.9274,1.0267,1.1191,1.2009,1.264,1.3199,1.3536,1.387,1.4133,1.4384,1.4616,1.4827,1.5017,1.5151,1.5232,1.5292,1.5319,1.5358,1.5383,1.5402,1.5431,1.5444,1.5467,1.5474,1.5501,1.551,1.5525,1.5539,1.5539,1.5546,1.5553,1.5574,1.557,1.559,1.5588,1.5601,1.5604,1.5607,1.5617,1.5622,1.5608,1.5628,1.5624,1.5639,1.566,1.5654,1.5652,1.5656,1.5646,1.5645,1.5648,1.567,1.5674,1.5681,1.5675,1.5689,1.5698,1.5686,1.5705,1.5704,1.571,1.5704,1.5706,1.5707,1.5721,1.5726,1.573,1.5734,1.5739,1.5739,1.5738,1.5748,1.5742,1.5746,1.5752
2;2,0.1206,0.1282,0.137,0.145,0.1535,0.1646,0.18,0.1994,0.2253,0.2579,0.2999,0.3513,0.4121,0.4814,0.5605,0.6468,0.7396,0.8387,0.9429,1.0494,1.1567,1.2545,1.3409,1.4083,1.4614,1.5003,1.53,1.5532,1.5739,1.5927,1.6117,1.6303,1.6467,1.6571,1.6639,1.6672,1.6681,1.6697,1.6697,1.6713,1.6723,1.6722,1.6728,1.6732,1.6722,1.6737,1.6726,1.6745,1.6751,1.6739,1.676,1.6747,1.674,1.6738,1.6751,1.6743,1.6753,1.6743,1.6743,1.6751,1.6748,1.674,1.6747,1.6754,1.6749,1.6746,1.6745,1.675,1.6746,1.6751,1.6755,1.6745,1.6757,1.6756,1.6754,1.6753,1.6761,1.6754,1.6746,1.6751,1.6761,1.6758,1.6765,1.6759,1.677,1.6758,1.676,1.6765,1.6767,1.6773,1.6765,1.6766,1.6776,1.6774,1.6768,1.6784
2;3,0.116,0.1244,0.1325,0.1393,0.1466,0.1561,0.1695,0.1864,0.2091,0.237,0.2739,0.3191,0.3743,0.439,0.5141,0.5951,0.6843,0.7795,0.88,0.9878,1.0971,1.2015,1.2892,1.3623,1.4156,1.4592,1.4887,1.5166,1.5376,1.5565,1.5768,1.5954,1.6139,1.6286,1.6365,1.6401,1.6417,1.6436,1.6453,1.647,1.6481,1.6469,1.6493,1.6502,1.6513,1.6503,1.651,1.6511,1.6522,1.6536,1.6541,1.653,1.6528,1.6525,1.6535,1.6549,1.6555,1.6547,1.6545,1.6549,1.6563,1.6564,1.6561,1.6567,1.6566,1.6562,1.656,1.6567,1.658,1.6574,1.6561,1.6591,1.6584,1.659,1.6593,1.66,1.6596,1.6594,1.6595,1.6599,1.6596,1.6606,1.6613,1.6609,1.6613,1.6621,1.662,1.6618,1.6622,1.6628,1.6616,1.6633,1.6634,1.6639,1.6642,1.6648
3;2,0.127,0.1343,0.1412,0.1464,0.1532,0.1636,0.1766,0.1929,0.2151,0.2421,0.2747,0.3159,0.3623,0.4144,0.4724,0.5347,0.6042,0.6804,0.7659,0.8599,0.9662,1.0778,1.1805,1.2646,1.3327,1.3857,1.4266,1.4575,1.484,1.5067,1.528,1.5494,1.5682,1.5826,1.5946,1.6004,1.6026,1.6057,1.6086,1.61,1.612,1.6136,1.615,1.617,1.6171,1.6185,1.6196,1.621,1.6219,1.6223,1.6235,1.6239,1.6238,1.6238,1.6253,1.6258,1.6261,1.6262,1.6271,1.6273,1.6284,1.627,1.6282,1.6287,1.6289,1.6297,1.6295,1.6298,1.6305,1.6307,1.6322,1.6316,1.6324,1.632,1.6335,1.6323,1.633,1.6332,1.6334,1.6338,1.6342,1.6345,1.6349,1.635,1.6352,1.6358,1.636,1.6372,1.6367,1.6371,1.637,1.6386,1.6385,1.6386,1.6388,1.6387
,,,,,,,,,,,,,,,,,,,,,,,,,,,,,,,,,,,,,,,,,,,,,,,,,,,,,,,,,,,,,,,,,,,,,,,,,,,,,,,,,,,,,,,,,,,,,,,,
Cycles / Well,,,,,,,,,,,,,,,,,,,,,,,,,,,,,,,,,,,,,,,,,,,,,,,,,,,,,,,,,,,,,,,,,,,,,,,,,,,,,,,,,,,,,,,,,,,,,,,,
D9,1,2,3,4,5,6,7,8,9,10,11,12,13,14,15,16,17,18,19,20,21,22,23,24,25,26,27,28,29,30,31,32,33,34,35,36,37,38,39,40,41,42,43,44,45,46,47,48,49,50,51,52,53,54,55,56,57,58,59,60,61,62,63,64,65,66,67,68,69,70,71,72,73,74,75,76,77,78,79,80,81,82,83,84,85,86,87,88,89,90,91,92,93,94,95,96
Time [s],0,1799.797,3599.741,5399.659,7199.573,8999.513,10799.44,12599.356,14399.272,16199.193,17999.112,19799.048,21598.963,23398.904,25198.829,26998.75,28798.659,30598.586,32398.522,34198.445,35998.366,37798.269,39598.205,41398.126,43198.043,44997.982,46797.898,48597.803,50397.735,52197.643,53997.591,55797.492,57597.42,59397.352,61197.265,62997.193,64797.11,66597.04,68396.981,70196.888,71996.807,73796.739,75596.665,77396.594,79196.521,80996.461,82796.378,84596.302,86396.226,88196.142,89996.07,91796.012,93595.919,95395.853,97195.785,98995.689,100795.633,102595.552,104395.481,106195.482,107995.331,109795.267,111595.183,113395.107,115195.043,116994.958,118794.88,120594.819,122394.73,124194.661,125994.586,127794.51,129594.425,131394.355,133194.302,134994.214,136794.146,138594.064,140393.993,142193.907,143993.836,145793.766,147593.683,149393.62,151193.535,152993.466,154793.383,156593.307,158393.229,160193.151,161993.083,163792.996,165592.93,167392.852,169192.773,170992.712
Temp. [°C],22.2,30,30,30,30,30.1,30,30,30,30,30,29.9,30,30,29.8,30,30,29.9,29.9,30,30,30.1,30,30,30,30,30,30,30,30,30,30,30,30,30,30,30,30,30,30,30.1,30,30,30,30,30,30,30,30,30,30,30,30,30,30,30,30,29.9,30,30,30,30,30,30.1,30,30.1,30,30.1,30,30,30,30,30,30,30,30,30,30,30,30,30,30,30,30,30,30,30,29.9,30,30,30,30,30,30,30,30
Mean,0.1135,0.11734,0.1216,0.12584,0.1306,0.13696,0.14582,0.15764,0.17332,0.19504,0.22388,0.2603,0.30682,0.36238,0.42624,0.50232,0.5871,0.67932,0.78124,0.89156,1.00016,1.09978,1.18184,1.24516,1.2915,1.32552,1.35178,1.37234,1.3904,1.40652,1.42182,1.4357,1.45022,1.4617,1.4726,1.47956,1.48382,1.48736,1.48974,1.49254,1.4946,1.4966,1.49924,1.50084,1.50234,1.50434,1.50548,1.5077,1.50968,1.5101,1.51098,1.51208,1.51262,1.51418,1.51488,1.51608,1.51668,1.51732,1.5182,1.51872,1.51904,1.51924,1.52086,1.52122,1.5217,1.522,1.52268,1.52312,1.52374,1.52384,1.5241,1.52522,1.52578,1.5262,1.52716,1.52738,1.52792,1.52796,1.52766,1.5293,1.52968,1.52994,1.53068,1.53074,1.5312,1.53208,1.53252,1.53336,1.53354,1.53446,1.53438,1.53498,1.53566,1.53572,1.5363,1.53634
StDev,0.003038914,0.003300455,0.003764306,0.00391829,0.004365776,0.004746894,0.005443988,0.006370479,0.007373398,0.008703333,0.011433154,0.014772441,0.020948675,0.029816304,0.041321641,0.054125336,0.068495584,0.082295212,0.093485309,0.101062792,0.100285408,0.088944882,0.078210952,0.069530159,0.062339795,0.05749393,0.052554895,0.050833139,0.048020048,0.046090042,0.045253033,0.043466136,0.042128577,0.041933936,0.039717754,0.038403164,0.036759312,0.035456001,0.034455087,0.033729705,0.033031122,0.031481661,0.030681802,0.030583705,0.029909497,0.029578506,0.028832135,0.028679871,0.028356516,0.028164162,0.028108308,0.02758998,0.027220342,0.026902082,0.02657465,0.026728019,0.026656556,0.025721236,0.026227752,0.026046247,0.025940663,0.026104942,0.025832402,0.025788117,0.025296937,0.025167141,0.02518704,0.024966718,0.025211366,0.025157166,0.024504999,0.025604433,0.024888893,0.025176676,0.024886804,0.02479147,0.024741403,0.024357607,0.024574336,0.024146118,0.024070563,0.023702911,0.023979512,0.024020575,0.024205165,0.024086864,0.023782494,0.024070791,0.023360394,0.023659945,0.023633176,0.023630002,0.02364187,0.023274385,0.02355812,0.02376853
1;2,0.1121,0.1151,0.1191,0.1231,0.1271,0.133,0.1409,0.152,0.167,0.1877,0.215,0.25,0.2957,0.3509,0.4145,0.4931,0.5796,0.6753,0.7787,0.8917,0.998,1.0932,1.1751,1.2373,1.285,1.3188,1.3449,1.3638,1.3838,1.3998,1.4141,1.4264,1.4427,1.4541,1.4638,1.4717,1.4749,1.4781,1.4797,1.4829,1.4825,1.4867,1.4867,1.4902,1.4916,1.4938,1.4946,1.4956,1.4991,1.4986,1.4988,1.501,1.5011,1.5028,1.503,1.505,1.5048,1.5065,1.5066,1.5073,1.5079,1.5067,1.5099,1.5091,1.51,1.5099,1.5106,1.5116,1.511,1.5113,1.5109,1.5113,1.5138,1.5128,1.514,1.5149,1.5159,1.5158,1.5142,1.5172,1.5181,1.5172,1.5176,1.5195,1.5189,1.5186,1.5199,1.5201,1.5211,1.5219,1.5211,1.5202,1.5224,1.523,1.5225,1.5221
2;1,0.1167,0.1207,0.1256,0.1304,0.136,0.1429,0.1527,0.1664,0.1836,0.2066,0.2368,0.2707,0.3132,0.3632,0.4179,0.4834,0.5574,0.6371,0.7284,0.8315,0.9381,1.0426,1.131,1.1985,1.2488,1.284,1.3139,1.3344,1.3535,1.3708,1.3864,1.4019,1.4169,1.4286,1.4412,1.4486,1.4548,1.4601,1.4634,1.4674,1.47,1.4732,1.4782,1.4777,1.4804,1.4832,1.4848,1.4871,1.4902,1.4898,1.4919,1.4932,1.4938,1.495,1.4965,1.4967,1.4975,1.4991,1.4993,1.5006,1.4999,1.5001,1.502,1.5025,1.5031,1.5046,1.505,1.5045,1.5059,1.5058,1.5076,1.5075,1.5067,1.5081,1.5091,1.5085,1.509,1.5095,1.5094,1.5112,1.5114,1.5127,1.513,1.5121,1.5131,1.5136,1.5139,1.5148,1.5152,1.5164,1.5163,1.5173,1.5179,1.5176,1.5184,1.5183
2;2,0.1138,0.1166,0.1209,0.1253,0.1299,0.1364,0.1458,0.1585,0.1761,0.2011,0.2359,0.2811,0.3397,0.4098,0.4913,0.5859,0.6903,0.8001,0.916,1.0353,1.1417,1.228,1.2961,1.3482,1.3854,1.4128,1.4336,1.4511,1.4662,1.4792,1.4938,1.5055,1.5181,1.5291,1.5374,1.5425,1.5448,1.5466,1.5477,1.5495,1.5506,1.5504,1.552,1.5532,1.5537,1.5555,1.5554,1.5572,1.5591,1.559,1.5601,1.5601,1.5601,1.561,1.5613,1.5626,1.5631,1.5623,1.564,1.5642,1.5641,1.5645,1.5659,1.5661,1.5657,1.566,1.5667,1.5666,1.5676,1.5676,1.5669,1.5696,1.5688,1.5699,1.5704,1.5702,1.5708,1.5702,1.5702,1.5713,1.5715,1.5712,1.5723,1.5723,1.5733,1.5737,1.5736,1.5749,1.5738,1.5754,1.5752,1.5755,1.5766,1.5759,1.5769,1.5772
2;3,0.1091,0.1135,0.1171,0.1212,0.1259,0.1319,0.1401,0.1509,0.1654,0.1863,0.2145,0.2518,0.3003,0.3598,0.43,0.5117,0.6041,0.705,0.8152,0.9305,1.0432,1.1376,1.2134,1.2724,1.3131,1.3452,1.3663,1.3886,1.4021,1.4182,1.4327,1.4458,1.4586,1.4705,1.4796,1.4852,1.4881,1.4907,1.4924,1.4944,1.497,1.4967,1.4996,1.501,1.5022,1.5028,1.504,1.5073,1.5069,1.5083,1.5082,1.51,1.5102,1.5121,1.5123,1.5138,1.5145,1.5142,1.5153,1.5162,1.5172,1.518,1.5182,1.5192,1.5197,1.5194,1.52,1.5206,1.5221,1.5221,1.5219,1.5245,1.5247,1.5248,1.5254,1.5265,1.5262,1.5262,1.5263,1.5269,1.5275,1.5276,1.5288,1.5293,1.5288,1.5303,1.5308,1.532,1.5324,1.5329,1.5328,1.5347,1.5338,1.5341,1.5351,1.5356
3;2,0.1158,0.1208,0.1253,0.1292,0.1341,0.1406,0.1496,0.1604,0.1745,0.1935,0.2172,0.2479,0.2852,0.3282,0.3775,0.4375,0.5041,0.5791,0.6679,0.7688,0.8798,0.9975,1.0936,1.1694,1.2252,1.2668,1.3002,1.3238,1.3464,1.3646,1.3821,1.3989,1.4148,1.4262,1.441,1.4498,1.4565,1.4613,1.4655,1.4685,1.4729,1.476,1.4797,1.4821,1.4838,1.4864,1.4886,1.4913,1.4931,1.4948,1.4959,1.4961,1.4979,1.5,1.5013,1.5023,1.5035,1.5045,1.5058,1.5053,1.5061,1.5069,1.5083,1.5092,1.51,1.5101,1.5111,1.5123,1.5121,1.5124,1.5132,1.5132,1.5149,1.5154,1.5169,1.5168,1.5177,1.5181,1.5182,1.5199,1.5199,1.521,1.5217,1.5205,1.5219,1.5242,1.5244,1.525,1.5252,1.5257,1.5265,1.5272,1.5276,1.528,1.5286,1.5285
,,,,,,,,,,,,,,,,,,,,,,,,,,,,,,,,,,,,,,,,,,,,,,,,,,,,,,,,,,,,,,,,,,,,,,,,,,,,,,,,,,,,,,,,,,,,,,,,
Cycles / Well,,,,,,,,,,,,,,,,,,,,,,,,,,,,,,,,,,,,,,,,,,,,,,,,,,,,,,,,,,,,,,,,,,,,,,,,,,,,,,,,,,,,,,,,,,,,,,,,
D10,1,2,3,4,5,6,7,8,9,10,11,12,13,14,15,16,17,18,19,20,21,22,23,24,25,26,27,28,29,30,31,32,33,34,35,36,37,38,39,40,41,42,43,44,45,46,47,48,49,50,51,52,53,54,55,56,57,58,59,60,61,62,63,64,65,66,67,68,69,70,71,72,73,74,75,76,77,78,79,80,81,82,83,84,85,86,87,88,89,90,91,92,93,94,95,96
Time [s],0,1799.797,3599.741,5399.659,7199.573,8999.513,10799.44,12599.356,14399.272,16199.193,17999.112,19799.048,21598.963,23398.904,25198.829,26998.75,28798.659,30598.586,32398.522,34198.445,35998.366,37798.269,39598.205,41398.126,43198.043,44997.982,46797.898,48597.803,50397.735,52197.643,53997.591,55797.492,57597.42,59397.352,61197.265,62997.193,64797.11,66597.04,68396.981,70196.888,71996.807,73796.739,75596.665,77396.594,79196.521,80996.461,82796.378,84596.302,86396.226,88196.142,89996.07,91796.012,93595.919,95395.853,97195.785,98995.689,100795.633,102595.552,104395.481,106195.482,107995.331,109795.267,111595.183,113395.107,115195.043,116994.958,118794.88,120594.819,122394.73,124194.661,125994.586,127794.51,129594.425,131394.355,133194.302,134994.214,136794.146,138594.064,140393.993,142193.907,143993.836,145793.766,147593.683,149393.62,151193.535,152993.466,154793.383,156593.307,158393.229,160193.151,161993.083,163792.996,165592.93,167392.852,169192.773,170992.712
Temp. [°C],22.2,30,30,30,30,30.1,30,30,30,30,30,29.9,30,30,29.8,30,30,29.9,29.9,30,30,30.1,30,30,30,30,30,30,30,30,30,30,30,30,30,30,30,30,30,30,30.1,30,30,30,30,30,30,30,30,30,30,30,30,30,30,30,30,29.9,30,30,30,30,30,30.1,30,30.1,30,30.1,30,30,30,30,30,30,30,30,30,30,30,30,30,30,30,30,30,30,30,29.9,30,30,30,30,30,30,30,30
Mean,0.11162,0.11434,0.11662,0.11774,0.11806,0.11812,0.11792,0.11766,0.11742,0.11706,0.11692,0.11676,0.11674,0.11666,0.11662,0.1167,0.1167,0.11668,0.11676,0.11688,0.11688,0.117,0.1171,0.117,0.117,0.1171,0.11706,0.11706,0.11708,0.1171,0.1171,0.11698,0.11712,0.1169,0.11688,0.11688,0.11692,0.11696,0.11692,0.1169,0.11686,0.11682,0.11684,0.11678,0.11668,0.11674,0.1167,0.11666,0.11672,0.1175,0.11652,0.11646,0.11636,0.11632,0.11634,0.11646,0.11632,0.11628,0.11618,0.11622,0.11622,0.1161,0.11604,0.11612,0.11608,0.11604,0.11596,0.11598,0.11598,0.11606,0.11586,0.11592,0.1159,0.11592,0.1159,0.1159,0.11582,0.1159,0.1159,0.11588,0.11574,0.1158,0.11578,0.11582,0.1159,0.11586,0.11592,0.11602,0.116,0.1159,0.11584,0.11592,0.11588,0.11592,0.11586,0.11594
StDev,0.003262974,0.003205152,0.002477297,0.002067124,0.001959081,0.001887326,0.001907092,0.001878297,0.001948589,0.001946279,0.001957549,0.001990729,0.001934683,0.001942421,0.001911021,0.001945508,0.001914419,0.002021633,0.001934683,0.002004245,0.001966469,0.001942936,0.002008731,0.002034699,0.00210119,0.002057912,0.00205621,0.002069541,0.002169562,0.002141261,0.002116601,0.002208393,0.002184491,0.00219545,0.002167256,0.002186778,0.002291724,0.00224232,0.002273104,0.002282542,0.002313655,0.002293905,0.002308246,0.00236791,0.002333881,0.0023755,0.00223942,0.002341581,0.002303693,0.003018278,0.00239207,0.002345847,0.002363895,0.002409772,0.002455199,0.002452142,0.002446835,0.002432488,0.002409772,0.002414953,0.002484351,0.002457641,0.002484552,0.002541063,0.00251734,0.002570603,0.002602499,0.002623357,0.002637613,0.002606338,0.002687564,0.002678059,0.002754088,0.002728919,0.002816913,0.00276134,0.002878715,0.002823119,0.002900862,0.002891712,0.002864088,0.002904307,0.002935473,0.003007823,0.00299583,0.003044339,0.003101129,0.003102741,0.00308626,0.003103224,0.003142133,0.003175217,0.003212009,0.003225988,0.003206712,0.003223818
1;2,0.1103,0.1124,0.1155,0.1174,0.1182,0.1185,0.1184,0.1183,0.1181,0.1177,0.1175,0.1174,0.1175,0.1175,0.1172,0.1173,0.1173,0.1172,0.1174,0.1174,0.1172,0.1174,0.1175,0.1174,0.1173,0.1175,0.1175,0.1176,0.1176,0.1175,0.1175,0.1176,0.1177,0.1175,0.1176,0.1176,0.1176,0.1177,0.1176,0.1177,0.1176,0.1176,0.1176,0.1176,0.1175,0.1175,0.1176,0.1174,0.1175,0.1174,0.1174,0.1173,0.1173,0.1173,0.1172,0.1174,0.1173,0.1172,0.1171,0.117,0.1172,0.1171,0.1171,0.1171,0.1171,0.1171,0.117,0.117,0.1171,0.1171,0.1169,0.1171,0.117,0.117,0.1171,0.1171,0.1171,0.1172,0.1173,0.1173,0.117,0.117,0.117,0.1171,0.1172,0.1171,0.1173,0.1173,0.1171,0.1172,0.1172,0.1173,0.1173,0.1172,0.1172,0.1173
2;1,0.1157,0.1174,0.1189,0.1193,0.1192,0.1186,0.1182,0.1177,0.1173,0.1169,0.1168,0.1167,0.1165,0.1162,0.1162,0.1163,0.1162,0.1161,0.1161,0.1162,0.1163,0.1163,0.1162,0.1162,0.1161,0.1162,0.1161,0.1161,0.116,0.116,0.1161,0.1158,0.1159,0.1157,0.1158,0.1157,0.1156,0.1157,0.1158,0.1156,0.1157,0.1156,0.1157,0.1155,0.1156,0.1156,0.1156,0.1155,0.1156,0.116,0.1153,0.1153,0.1151,0.115,0.1151,0.1153,0.115,0.115,0.1151,0.115,0.1149,0.115,0.1148,0.1149,0.1148,0.1149,0.1147,0.1147,0.1147,0.1149,0.1147,0.1147,0.1148,0.1147,0.1147,0.1147,0.1146,0.1146,0.1147,0.1147,0.1147,0.1147,0.1147,0.1147,0.1149,0.1146,0.1146,0.1149,0.1148,0.1147,0.1147,0.1148,0.1148,0.1148,0.1147,0.1146
2;2,0.1118,0.1143,0.1172,0.1192,0.1199,0.1203,0.1203,0.1201,0.12,0.1197,0.1197,0.1195,0.1194,0.1193,0.1193,0.1194,0.1193,0.1194,0.1193,0.1195,0.1194,0.1195,0.1195,0.1194,0.1196,0.1195,0.1195,0.1196,0.1197,0.1197,0.1197,0.1197,0.1198,0.1197,0.1197,0.1197,0.1198,0.1198,0.1199,0.1198,0.1199,0.1198,0.1199,0.1199,0.1198,0.1199,0.1197,0.1198,0.1198,0.1196,0.1197,0.1196,0.1196,0.1196,0.1198,0.1199,0.1198,0.1197,0.1196,0.1197,0.1198,0.1196,0.1196,0.1198,0.1197,0.1197,0.1198,0.1198,0.1198,0.1198,0.1198,0.1198,0.1199,0.1199,0.12,0.1198,0.1199,0.1199,0.12,0.1199,0.1198,0.12,0.12,0.1201,0.1201,0.1202,0.1203,0.1204,0.1204,0.1202,0.1202,0.1203,0.1203,0.1203,0.1203,0.1204
2;3,0.107,0.1101,0.1129,0.1143,0.1148,0.1151,0.115,0.1149,0.1146,0.1143,0.1143,0.114,0.1141,0.114,0.114,0.114,0.114,0.1138,0.114,0.114,0.114,0.1142,0.1142,0.114,0.114,0.1141,0.1141,0.1141,0.114,0.1141,0.1141,0.1139,0.1141,0.1139,0.1139,0.1139,0.1138,0.1139,0.1138,0.1138,0.1137,0.1137,0.1137,0.1136,0.1135,0.1135,0.1137,0.1135,0.1136,0.1134,0.1133,0.1133,0.1133,0.1132,0.1132,0.1133,0.1133,0.1132,0.1131,0.1132,0.1132,0.113,0.113,0.113,0.113,0.1128,0.1129,0.1128,0.1128,0.1128,0.1126,0.1127,0.1125,0.1126,0.1125,0.1124,0.1122,0.1124,0.1123,0.1122,0.1121,0.1122,0.1121,0.112,0.112,0.112,0.112,0.112,0.112,0.1118,0.1117,0.1117,0.1116,0.1115,0.1116,0.1117
3;2,0.1133,0.1175,0.1186,0.1185,0.1182,0.1181,0.1177,0.1173,0.1171,0.1167,0.1163,0.1162,0.1162,0.1163,0.1164,0.1165,0.1167,0.1169,0.117,0.1173,0.1175,0.1176,0.1181,0.118,0.118,0.1182,0.1181,0.1179,0.1181,0.1182,0.1181,0.1179,0.1181,0.1177,0.1174,0.1175,0.1178,0.1177,0.1175,0.1176,0.1174,0.1174,0.1173,0.1173,0.117,0.1172,0.1169,0.1171,0.1171,0.1211,0.1169,0.1168,0.1165,0.1165,0.1164,0.1164,0.1162,0.1163,0.116,0.1162,0.116,0.1158,0.1157,0.1158,0.1158,0.1157,0.1154,0.1156,0.1155,0.1157,0.1153,0.1153,0.1153,0.1154,0.1152,0.1155,0.1153,0.1154,0.1152,0.1153,0.1151,0.1151,0.1151,0.1152,0.1153,0.1154,0.1154,0.1155,0.1157,0.1156,0.1154,0.1155,0.1154,0.1158,0.1155,0.1157
,,,,,,,,,,,,,,,,,,,,,,,,,,,,,,,,,,,,,,,,,,,,,,,,,,,,,,,,,,,,,,,,,,,,,,,,,,,,,,,,,,,,,,,,,,,,,,,,
Cycles / Well,,,,,,,,,,,,,,,,,,,,,,,,,,,,,,,,,,,,,,,,,,,,,,,,,,,,,,,,,,,,,,,,,,,,,,,,,,,,,,,,,,,,,,,,,,,,,,,,
D11,1,2,3,4,5,6,7,8,9,10,11,12,13,14,15,16,17,18,19,20,21,22,23,24,25,26,27,28,29,30,31,32,33,34,35,36,37,38,39,40,41,42,43,44,45,46,47,48,49,50,51,52,53,54,55,56,57,58,59,60,61,62,63,64,65,66,67,68,69,70,71,72,73,74,75,76,77,78,79,80,81,82,83,84,85,86,87,88,89,90,91,92,93,94,95,96
Time [s],0,1799.797,3599.741,5399.659,7199.573,8999.513,10799.44,12599.356,14399.272,16199.193,17999.112,19799.048,21598.963,23398.904,25198.829,26998.75,28798.659,30598.586,32398.522,34198.445,35998.366,37798.269,39598.205,41398.126,43198.043,44997.982,46797.898,48597.803,50397.735,52197.643,53997.591,55797.492,57597.42,59397.352,61197.265,62997.193,64797.11,66597.04,68396.981,70196.888,71996.807,73796.739,75596.665,77396.594,79196.521,80996.461,82796.378,84596.302,86396.226,88196.142,89996.07,91796.012,93595.919,95395.853,97195.785,98995.689,100795.633,102595.552,104395.481,106195.482,107995.331,109795.267,111595.183,113395.107,115195.043,116994.958,118794.88,120594.819,122394.73,124194.661,125994.586,127794.51,129594.425,131394.355,133194.302,134994.214,136794.146,138594.064,140393.993,142193.907,143993.836,145793.766,147593.683,149393.62,151193.535,152993.466,154793.383,156593.307,158393.229,160193.151,161993.083,163792.996,165592.93,167392.852,169192.773,170992.712
Temp. [°C],22.2,30,30,30,30,30.1,30,30,30,30,30,29.9,30,30,29.8,30,30,29.9,29.9,30,30,30.1,30,30,30,30,30,30,30,30,30,30,30,30,30,30,30,30,30,30,30.1,30,30,30,30,30,30,30,30,30,30,30,30,30,30,30,30,29.9,30,30,30,30,30,30.1,30,30.1,30,30.1,30,30,30,30,30,30,30,30,30,30,30,30,30,30,30,30,30,30,30,29.9,30,30,30,30,30,30,30,30
Mean,0.11018,0.11226,0.11466,0.11718,0.12026,0.12446,0.13082,0.13946,0.15118,0.16804,0.19086,0.22058,0.25774,0.30246,0.35274,0.40788,0.46406,0.51912,0.5718,0.62202,0.66662,0.70598,0.74114,0.77108,0.79744,0.8205,0.84072,0.85886,0.87534,0.89096,0.90624,0.92074,0.93612,0.95028,0.96608,0.9819,0.99932,1.01796,1.03842,1.06116,1.0842,1.10932,1.13324,1.15674,1.1788,1.1971,1.21244,1.22406,1.23388,1.2419,1.244,1.24654,1.24738,1.24762,1.24758,1.2479,1.24714,1.24732,1.2458,1.24516,1.24516,1.24406,1.24402,1.24158,1.2416,1.24014,1.23922,1.2386,1.23788,1.23654,1.23516,1.2345,1.23524,1.23372,1.23354,1.23282,1.23236,1.23262,1.23158,1.23268,1.23226,1.23118,1.23132,1.23222,1.23078,1.23098,1.23038,1.23136,1.23226,1.23068,1.23122,1.23162,1.23208,1.23192,1.23226,1.23218
StDev,0.001944736,0.002257875,0.002324435,0.002195905,0.00241723,0.002408942,0.002580116,0.00301546,0.003462225,0.004182463,0.005904913,0.008262385,0.012180435,0.017489225,0.02397359,0.031599399,0.039288522,0.046881681,0.053822718,0.060988253,0.066681309,0.072603836,0.077674693,0.082873832,0.085516478,0.088505734,0.09169374,0.094933018,0.098003969,0.101768993,0.105230784,0.107970612,0.111471665,0.11398696,0.117473091,0.12109329,0.124124724,0.126684403,0.130602936,0.134943184,0.137743076,0.141657517,0.144192469,0.147070741,0.14914156,0.150081794,0.150718058,0.150875737,0.149922237,0.149085261,0.149361524,0.149019002,0.149394669,0.148899218,0.148862729,0.148816044,0.149064761,0.149182194,0.149402594,0.148649194,0.149940865,0.150613622,0.149172373,0.149986206,0.150696914,0.150183731,0.150565541,0.15057196,0.151178593,0.151351009,0.151823295,0.15151759,0.15108353,0.151236328,0.151790935,0.151679784,0.150624344,0.15200453,0.151818533,0.151559599,0.151974909,0.152564337,0.151943434,0.152311694,0.151561182,0.151873326,0.151374773,0.150889589,0.151191296,0.15118319,0.150991414,0.151103597,0.150948094,0.150305479,0.151005109,0.150556989
1;2,0.1098,0.1114,0.1135,0.1162,0.1191,0.1233,0.1295,0.138,0.1497,0.1662,0.189,0.219,0.2577,0.3051,0.3569,0.4159,0.475,0.5313,0.5847,0.637,0.6808,0.7214,0.7593,0.7893,0.8135,0.8353,0.8571,0.875,0.8919,0.9097,0.9241,0.9371,0.955,0.9669,0.9794,0.9971,1.0122,1.0297,1.0475,1.0682,1.0873,1.1149,1.1325,1.1549,1.1762,1.1951,1.2056,1.2149,1.225,1.2311,1.2334,1.237,1.2352,1.2356,1.2353,1.2363,1.2351,1.2332,1.2324,1.2321,1.2326,1.2284,1.2338,1.2276,1.2286,1.2256,1.224,1.224,1.2208,1.2194,1.2185,1.2163,1.2181,1.2171,1.2131,1.2145,1.2138,1.2134,1.2099,1.2155,1.2163,1.2097,1.2126,1.2141,1.2141,1.2123,1.2112,1.2132,1.2171,1.212,1.2125,1.2114,1.2148,1.2147,1.2127,1.2139
2;1,0.112,0.1144,0.117,0.1196,0.1231,0.1273,0.1338,0.1433,0.1551,0.1717,0.1949,0.2226,0.2563,0.2961,0.3399,0.3871,0.435,0.4826,0.5278,0.5691,0.6087,0.6415,0.6708,0.6956,0.7193,0.7391,0.7563,0.7706,0.7842,0.7957,0.8079,0.8198,0.8316,0.8424,0.8555,0.867,0.8811,0.8959,0.9125,0.9295,0.9493,0.9679,0.9879,1.0079,1.0257,1.0413,1.055,1.0666,1.0762,1.0826,1.0854,1.087,1.0872,1.0878,1.088,1.0874,1.0868,1.0874,1.0843,1.0854,1.0827,1.0821,1.0823,1.0792,1.0784,1.0781,1.0764,1.0757,1.0742,1.0725,1.0706,1.0697,1.0708,1.0688,1.0687,1.0665,1.0673,1.0659,1.066,1.0657,1.0648,1.0636,1.0633,1.0638,1.0629,1.0628,1.0624,1.064,1.063,1.0623,1.0625,1.0635,1.0632,1.0628,1.0621,1.0629
2;2,0.1109,0.1124,0.1147,0.1174,0.1207,0.125,0.1317,0.1409,0.1539,0.1731,0.199,0.2337,0.2774,0.3298,0.3898,0.4547,0.5208,0.5857,0.6478,0.7062,0.7583,0.8039,0.8452,0.8815,0.9121,0.939,0.9636,0.9858,1.0062,1.0257,1.0452,1.0641,1.0838,1.1006,1.122,1.1415,1.163,1.1842,1.2108,1.2388,1.2654,1.2957,1.3225,1.3509,1.3766,1.3976,1.4141,1.427,1.4361,1.4427,1.4465,1.4477,1.4493,1.4489,1.4496,1.4474,1.4469,1.4475,1.4452,1.4457,1.445,1.4447,1.4441,1.4418,1.443,1.4422,1.4409,1.4402,1.4386,1.4378,1.4371,1.4347,1.4358,1.435,1.4347,1.4326,1.432,1.4331,1.4317,1.4325,1.4339,1.4327,1.4318,1.4324,1.4303,1.4305,1.4294,1.4306,1.4302,1.4289,1.4287,1.4289,1.4305,1.4294,1.4281,1.4282
2;3,0.107,0.1089,0.1114,0.114,0.1168,0.121,0.1271,0.1353,0.1464,0.1632,0.1854,0.2149,0.2531,0.2993,0.3516,0.4099,0.4697,0.5295,0.5861,0.6419,0.691,0.7359,0.773,0.8071,0.8358,0.862,0.8827,0.9035,0.9218,0.9398,0.9585,0.9747,0.9908,1.0094,1.0283,1.0467,1.0676,1.0899,1.1132,1.1407,1.1682,1.1941,1.2241,1.2484,1.2707,1.2869,1.3048,1.3162,1.3243,1.3329,1.3332,1.3361,1.3381,1.3379,1.3368,1.3403,1.3401,1.3411,1.3407,1.3364,1.3403,1.3415,1.3356,1.337,1.3366,1.3337,1.3346,1.3338,1.3371,1.3354,1.334,1.3357,1.3343,1.3318,1.3351,1.3348,1.332,1.3348,1.3351,1.3336,1.331,1.3342,1.3328,1.3348,1.3317,1.3336,1.3326,1.3316,1.3334,1.3332,1.3342,1.336,1.3329,1.3322,1.3376,1.3357
3;2,0.1112,0.1142,0.1167,0.1187,0.1216,0.1257,0.132,0.1398,0.1508,0.166,0.186,0.2127,0.2442,0.282,0.3255,0.3718,0.4198,0.4665,0.5126,0.5559,0.5943,0.6272,0.6574,0.6819,0.7065,0.7271,0.7439,0.7594,0.7726,0.7839,0.7955,0.808,0.8194,0.8321,0.8452,0.8572,0.8727,0.8901,0.9081,0.9286,0.9508,0.974,0.9992,1.0216,1.0448,1.0646,1.0827,1.0956,1.1078,1.1202,1.1215,1.1249,1.1271,1.1279,1.1282,1.1281,1.1268,1.1274,1.1264,1.1262,1.1252,1.1236,1.1243,1.1223,1.1214,1.1211,1.1202,1.1193,1.1187,1.1176,1.1156,1.1161,1.1172,1.1159,1.1161,1.1157,1.1167,1.1159,1.1152,1.1161,1.1153,1.1157,1.1161,1.116,1.1149,1.1157,1.1163,1.1174,1.1176,1.117,1.1182,1.1183,1.119,1.1205,1.1208,1.1202
,,,,,,,,,,,,,,,,,,,,,,,,,,,,,,,,,,,,,,,,,,,,,,,,,,,,,,,,,,,,,,,,,,,,,,,,,,,,,,,,,,,,,,,,,,,,,,,,
Cycles / Well,,,,,,,,,,,,,,,,,,,,,,,,,,,,,,,,,,,,,,,,,,,,,,,,,,,,,,,,,,,,,,,,,,,,,,,,,,,,,,,,,,,,,,,,,,,,,,,,
D12,1,2,3,4,5,6,7,8,9,10,11,12,13,14,15,16,17,18,19,20,21,22,23,24,25,26,27,28,29,30,31,32,33,34,35,36,37,38,39,40,41,42,43,44,45,46,47,48,49,50,51,52,53,54,55,56,57,58,59,60,61,62,63,64,65,66,67,68,69,70,71,72,73,74,75,76,77,78,79,80,81,82,83,84,85,86,87,88,89,90,91,92,93,94,95,96
Time [s],0,1799.797,3599.741,5399.659,7199.573,8999.513,10799.44,12599.356,14399.272,16199.193,17999.112,19799.048,21598.963,23398.904,25198.829,26998.75,28798.659,30598.586,32398.522,34198.445,35998.366,37798.269,39598.205,41398.126,43198.043,44997.982,46797.898,48597.803,50397.735,52197.643,53997.591,55797.492,57597.42,59397.352,61197.265,62997.193,64797.11,66597.04,68396.981,70196.888,71996.807,73796.739,75596.665,77396.594,79196.521,80996.461,82796.378,84596.302,86396.226,88196.142,89996.07,91796.012,93595.919,95395.853,97195.785,98995.689,100795.633,102595.552,104395.481,106195.482,107995.331,109795.267,111595.183,113395.107,115195.043,116994.958,118794.88,120594.819,122394.73,124194.661,125994.586,127794.51,129594.425,131394.355,133194.302,134994.214,136794.146,138594.064,140393.993,142193.907,143993.836,145793.766,147593.683,149393.62,151193.535,152993.466,154793.383,156593.307,158393.229,160193.151,161993.083,163792.996,165592.93,167392.852,169192.773,170992.712
Temp. [°C],22.2,30,30,30,30,30.1,30,30,30,30,30,29.9,30,30,29.8,30,30,29.9,29.9,30,30,30.1,30,30,30,30,30,30,30,30,30,30,30,30,30,30,30,30,30,30,30.1,30,30,30,30,30,30,30,30,30,30,30,30,30,30,30,30,29.9,30,30,30,30,30,30.1,30,30.1,30,30.1,30,30,30,30,30,30,30,30,30,30,30,30,30,30,30,30,30,30,30,29.9,30,30,30,30,30,30,30,30
Mean,0.09482,0.09472,0.0946,0.09474,0.09472,0.0948,0.09486,0.09484,0.09488,0.09486,0.09494,0.09484,0.09496,0.09488,0.09494,0.09488,0.09494,0.09484,0.09484,0.09496,0.095,0.095,0.09508,0.09494,0.09496,0.095,0.0951,0.0951,0.09514,0.09518,0.09526,0.09512,0.09532,0.09516,0.09536,0.09536,0.09538,0.09568,0.09572,0.0959,0.09576,0.096,0.0959,0.09604,0.09618,0.09616,0.09638,0.09638,0.09672,0.09844,0.09664,0.09674,0.09676,0.0967,0.09702,0.09704,0.09692,0.0971,0.09742,0.09744,0.09718,0.09698,0.09738,0.09728,0.09732,0.09748,0.0975,0.09752,0.09758,0.09748,0.09746,0.09764,0.0979,0.09798,0.09812,0.09848,0.09826,0.0984,0.0984,0.09866,0.09826,0.09838,0.09838,0.09848,0.09904,0.0991,0.09938,0.09922,0.09994,0.09946,0.09984,0.09978,0.09976,0.1,0.09996,0.09984
StDev,0.003409839,0.003387034,0.0034,0.003372388,0.003347686,0.003397058,0.003453694,0.003372388,0.003370757,0.003437005,0.003412184,0.003372388,0.003401176,0.003503141,0.003452246,0.003463669,0.003358273,0.003436277,0.003410718,0.003368679,0.003382307,0.003383785,0.003383342,0.00338275,0.003356039,0.003303786,0.003303786,0.003250385,0.003254689,0.003195622,0.003223042,0.003160222,0.003150714,0.003162752,0.003013802,0.003102096,0.003034304,0.002876108,0.002901207,0.002848684,0.002868449,0.002833725,0.00276134,0.002759167,0.002781546,0.002779928,0.002888252,0.002819042,0.002991154,0.005371499,0.002967827,0.00300882,0.00312458,0.003160696,0.003353655,0.00332009,0.003237592,0.003402205,0.00375992,0.004001625,0.003444125,0.003325207,0.003741256,0.00365267,0.00378246,0.004081299,0.003927467,0.00399337,0.004025792,0.003842135,0.004025916,0.004267669,0.004669582,0.004873089,0.005169333,0.005700175,0.005407217,0.005669215,0.005544367,0.006180453,0.005556798,0.005533263,0.005732975,0.005825118,0.006784762,0.006889848,0.007424082,0.006968285,0.008660427,0.007650359,0.008554706,0.00826299,0.008252454,0.008833742,0.008914763,0.008341643
1;2,0.0986,0.0985,0.0984,0.0984,0.0984,0.0985,0.0986,0.0984,0.0985,0.0985,0.0985,0.0984,0.0986,0.0986,0.0986,0.0985,0.0984,0.0985,0.0984,0.0985,0.0985,0.0985,0.0986,0.0985,0.0984,0.0984,0.0986,0.0985,0.0985,0.0985,0.0985,0.0983,0.0986,0.0984,0.0985,0.0986,0.0985,0.0986,0.0986,0.0987,0.0986,0.0987,0.0985,0.0986,0.0987,0.0987,0.0987,0.0987,0.0987,0.0986,0.0986,0.0987,0.0986,0.0986,0.0987,0.0987,0.0987,0.0987,0.0989,0.0988,0.0987,0.0986,0.0987,0.0987,0.0987,0.0986,0.0987,0.0988,0.0986,0.0987,0.0986,0.0986,0.0987,0.0987,0.0986,0.0987,0.0986,0.0986,0.0987,0.0986,0.0986,0.0987,0.0985,0.0986,0.0987,0.0986,0.0987,0.0989,0.0987,0.0987,0.0986,0.0987,0.0988,0.0986,0.0986,0.0988
2;1,0.0931,0.0931,0.093,0.0931,0.0932,0.0931,0.0932,0.0931,0.0931,0.0931,0.0931,0.0931,0.0931,0.093,0.093,0.0931,0.0931,0.0929,0.0931,0.0931,0.0932,0.0931,0.0931,0.093,0.0931,0.0931,0.0931,0.0932,0.0931,0.0932,0.0932,0.0931,0.0932,0.0931,0.0933,0.0932,0.0932,0.0932,0.0932,0.0933,0.0933,0.0932,0.0933,0.0933,0.0933,0.0934,0.0934,0.0933,0.0935,0.0942,0.0934,0.0935,0.0934,0.0934,0.0934,0.0935,0.0935,0.0935,0.0936,0.0935,0.0936,0.0935,0.0936,0.0937,0.0936,0.0936,0.0936,0.0936,0.0937,0.0938,0.0936,0.0936,0.0937,0.0936,0.0937,0.0937,0.0937,0.0936,0.0937,0.0936,0.0936,0.0937,0.0937,0.0936,0.0938,0.0939,0.0939,0.0939,0.0939,0.0938,0.0938,0.094,0.0938,0.0939,0.0938,0.0939
2;2,0.0983,0.0981,0.098,0.0982,0.0981,0.0983,0.0984,0.0984,0.0984,0.0985,0.0986,0.0984,0.0985,0.0986,0.0986,0.0986,0.0986,0.0985,0.0985,0.0986,0.0987,0.0987,0.0988,0.0986,0.0987,0.0987,0.0987,0.0987,0.0988,0.0988,0.099,0.0988,0.0989,0.0988,0.0988,0.0989,0.0989,0.099,0.0991,0.0992,0.0991,0.0991,0.0991,0.0991,0.0991,0.0991,0.0992,0.0992,0.0992,0.0991,0.0992,0.0992,0.0992,0.0992,0.0993,0.0994,0.0993,0.0993,0.0993,0.0992,0.0994,0.0992,0.0993,0.0993,0.0992,0.0991,0.0993,0.0993,0.0993,0.0993,0.0992,0.0992,0.0993,0.0993,0.0993,0.0993,0.0992,0.0994,0.0993,0.0994,0.0993,0.0994,0.0994,0.0994,0.0994,0.0994,0.0994,0.0995,0.0994,0.0994,0.0994,0.0994,0.0995,0.0994,0.0993,0.0994
2;3,0.093,0.093,0.0928,0.0931,0.093,0.0931,0.0932,0.0933,0.0933,0.0932,0.0934,0.0933,0.0935,0.0932,0.0934,0.0932,0.0934,0.0932,0.0932,0.0933,0.0933,0.0934,0.0934,0.0933,0.0932,0.0932,0.0934,0.0933,0.0934,0.0932,0.0934,0.0932,0.0934,0.0932,0.0934,0.0933,0.0932,0.0934,0.0933,0.0935,0.0933,0.0933,0.0934,0.0934,0.0934,0.0933,0.0932,0.0935,0.0934,0.0934,0.0934,0.0934,0.0933,0.0931,0.0934,0.0934,0.0933,0.0934,0.0934,0.0932,0.0934,0.0933,0.0934,0.0932,0.0932,0.0932,0.0934,0.0933,0.0934,0.0933,0.0932,0.0933,0.0932,0.0932,0.0931,0.0933,0.0932,0.0932,0.0933,0.0932,0.093,0.0932,0.093,0.0932,0.0932,0.0932,0.0932,0.0932,0.0931,0.0932,0.0931,0.0931,0.0931,0.0931,0.093,0.0932
3;2,0.0911,0.0909,0.0908,0.0909,0.0909,0.091,0.0909,0.091,0.0911,0.091,0.0911,0.091,0.0911,0.091,0.0911,0.091,0.0912,0.0911,0.091,0.0913,0.0913,0.0913,0.0915,0.0913,0.0914,0.0916,0.0917,0.0918,0.0919,0.0922,0.0922,0.0922,0.0925,0.0923,0.0928,0.0928,0.0931,0.0942,0.0944,0.0948,0.0945,0.0957,0.0952,0.0958,0.0964,0.0963,0.0974,0.0972,0.0988,0.1069,0.0986,0.0989,0.0993,0.0992,0.1003,0.1002,0.0998,0.1006,0.1019,0.1025,0.1008,0.1003,0.1019,0.1015,0.1019,0.1029,0.1025,0.1026,0.1029,0.1023,0.1027,0.1035,0.1046,0.1051,0.1059,0.1074,0.1066,0.1072,0.107,0.1085,0.1068,0.1069,0.1073,0.1076,0.1101,0.1104,0.1117,0.1106,0.1146,0.1122,0.1143,0.1137,0.1136,0.115,0.1151,0.1139
,,,,,,,,,,,,,,,,,,,,,,,,,,,,,,,,,,,,,,,,,,,,,,,,,,,,,,,,,,,,,,,,,,,,,,,,,,,,,,,,,,,,,,,,,,,,,,,,
Cycles / Well,,,,,,,,,,,,,,,,,,,,,,,,,,,,,,,,,,,,,,,,,,,,,,,,,,,,,,,,,,,,,,,,,,,,,,,,,,,,,,,,,,,,,,,,,,,,,,,,
E1,1,2,3,4,5,6,7,8,9,10,11,12,13,14,15,16,17,18,19,20,21,22,23,24,25,26,27,28,29,30,31,32,33,34,35,36,37,38,39,40,41,42,43,44,45,46,47,48,49,50,51,52,53,54,55,56,57,58,59,60,61,62,63,64,65,66,67,68,69,70,71,72,73,74,75,76,77,78,79,80,81,82,83,84,85,86,87,88,89,90,91,92,93,94,95,96
Time [s],0,1799.797,3599.741,5399.659,7199.573,8999.513,10799.44,12599.356,14399.272,16199.193,17999.112,19799.048,21598.963,23398.904,25198.829,26998.75,28798.659,30598.586,32398.522,34198.445,35998.366,37798.269,39598.205,41398.126,43198.043,44997.982,46797.898,48597.803,50397.735,52197.643,53997.591,55797.492,57597.42,59397.352,61197.265,62997.193,64797.11,66597.04,68396.981,70196.888,71996.807,73796.739,75596.665,77396.594,79196.521,80996.461,82796.378,84596.302,86396.226,88196.142,89996.07,91796.012,93595.919,95395.853,97195.785,98995.689,100795.633,102595.552,104395.481,106195.482,107995.331,109795.267,111595.183,113395.107,115195.043,116994.958,118794.88,120594.819,122394.73,124194.661,125994.586,127794.51,129594.425,131394.355,133194.302,134994.214,136794.146,138594.064,140393.993,142193.907,143993.836,145793.766,147593.683,149393.62,151193.535,152993.466,154793.383,156593.307,158393.229,160193.151,161993.083,163792.996,165592.93,167392.852,169192.773,170992.712
Temp. [°C],22.2,30,30,30,30,30.1,30,30,30,30,30,29.9,30,30,29.8,30,30,29.9,29.9,30,30,30.1,30,30,30,30,30,30,30,30,30,30,30,30,30,30,30,30,30,30,30.1,30,30,30,30,30,30,30,30,30,30,30,30,30,30,30,30,29.9,30,30,30,30,30,30.1,30,30.1,30,30.1,30,30,30,30,30,30,30,30,30,30,30,30,30,30,30,30,30,30,30,29.9,30,30,30,30,30,30,30,30
Mean,0.09416,0.0944,0.09444,0.09452,0.09416,0.0947,0.09466,0.09476,0.09478,0.09468,0.0949,0.09474,0.09468,0.09436,0.0947,0.09498,0.09482,0.09502,0.09492,0.0948,0.09448,0.09446,0.0948,0.09488,0.09446,0.09476,0.09468,0.09454,0.09478,0.09476,0.0946,0.09452,0.09482,0.09466,0.09468,0.09478,0.09494,0.09502,0.095,0.0952,0.09498,0.09524,0.09524,0.0952,0.09512,0.09562,0.09542,0.09568,0.09562,0.09536,0.09518,0.0952,0.09488,0.0949,0.09514,0.09512,0.0955,0.09612,0.09564,0.09568,0.09578,0.0957,0.09606,0.09614,0.096,0.09588,0.09622,0.09614,0.09628,0.09636,0.09628,0.09662,0.0964,0.09656,0.09688,0.09642,0.0973,0.09674,0.09736,0.09714,0.09698,0.09732,0.09708,0.09752,0.09748,0.09818,0.09774,0.09818,0.09806,0.09854,0.09814,0.0988,0.09862,0.09904,0.09922,0.09922
StDev,0.002004495,0.002057912,0.002371287,0.003151508,0.002508585,0.002602883,0.002785319,0.003041874,0.002862167,0.002870017,0.003518522,0.003667151,0.002967659,0.003048442,0.003035622,0.003365561,0.003054014,0.003232955,0.00294822,0.002945335,0.003071156,0.003138152,0.003155947,0.003988358,0.003198124,0.003758058,0.003122019,0.003355294,0.003340958,0.003212943,0.003277194,0.003328213,0.00324145,0.003281463,0.003307114,0.003473039,0.003282986,0.003338712,0.003384524,0.003248846,0.003199531,0.003244688,0.003237746,0.003233419,0.003221335,0.003854478,0.003535817,0.003347686,0.00325223,0.003046802,0.003001999,0.002989983,0.003199531,0.003272614,0.003127779,0.003060556,0.002931723,0.003920077,0.003617734,0.003494567,0.003636207,0.003499286,0.003811561,0.003850714,0.003613862,0.00364033,0.003510271,0.003414381,0.003468717,0.003495426,0.003092248,0.003609294,0.003473471,0.002872804,0.003585666,0.002853419,0.003819686,0.003458757,0.003588593,0.00378127,0.003187005,0.003868721,0.003477355,0.003951202,0.003914333,0.004663904,0.004306158,0.004440383,0.004781004,0.005248619,0.005059941,0.005863872,0.005848248,0.006411942,0.00678174,0.006893258
1;2,0.0969,0.0969,0.0971,0.0992,0.0972,0.0974,0.0976,0.098,0.0976,0.0977,0.0982,0.0999,0.098,0.0977,0.0977,0.0978,0.0977,0.0977,0.0979,0.0978,0.0978,0.0978,0.0979,0.1004,0.0979,0.0996,0.0978,0.0982,0.0984,0.0978,0.0979,0.0981,0.098,0.098,0.098,0.0986,0.098,0.0979,0.0979,0.098,0.0979,0.098,0.0981,0.098,0.098,0.098,0.0982,0.0982,0.0982,0.0982,0.098,0.0981,0.0981,0.0984,0.0982,0.0981,0.0982,0.0995,0.0997,0.0998,0.1006,0.1001,0.1008,0.1005,0.1006,0.1006,0.1007,0.1004,0.1004,0.1007,0.0997,0.1005,0.1006,0.0986,0.1006,0.0986,0.1001,0.1001,0.0992,0.1008,0.0981,0.1007,0.0995,0.1005,0.0995,0.0998,0.1002,0.0999,0.0992,0.1004,0.0989,0.1005,0.0984,0.1003,0.0988,0.0994
2;1,0.0931,0.0932,0.0928,0.0928,0.0928,0.0927,0.0928,0.0927,0.0926,0.0926,0.0928,0.0927,0.0928,0.0927,0.0926,0.0927,0.0926,0.0943,0.0933,0.0945,0.0933,0.0928,0.0927,0.0927,0.0927,0.0927,0.0928,0.0928,0.0928,0.0927,0.0927,0.0928,0.0928,0.0927,0.0928,0.0928,0.0928,0.0928,0.0927,0.0929,0.0928,0.0928,0.0929,0.0929,0.0929,0.0929,0.0931,0.0956,0.0943,0.095,0.0946,0.0945,0.0928,0.0928,0.0929,0.093,0.0929,0.093,0.0929,0.093,0.093,0.0929,0.0929,0.093,0.093,0.0928,0.093,0.0931,0.093,0.093,0.0929,0.093,0.0928,0.0929,0.093,0.0929,0.0928,0.0929,0.0929,0.0929,0.0928,0.093,0.0929,0.0929,0.093,0.093,0.0929,0.0931,0.093,0.0929,0.0928,0.0928,0.0928,0.0929,0.0928,0.0929
2;2,0.0956,0.0958,0.0963,0.0962,0.0963,0.0966,0.097,0.0976,0.097,0.0971,0.0991,0.0971,0.0972,0.0974,0.0974,0.0989,0.0973,0.0989,0.0983,0.0976,0.0975,0.0977,0.0978,0.0976,0.0977,0.0978,0.0978,0.0979,0.098,0.098,0.0981,0.0979,0.0981,0.098,0.0982,0.0982,0.0984,0.0987,0.0988,0.0984,0.0983,0.0984,0.0984,0.0985,0.0986,0.1011,0.1002,0.0997,0.0999,0.0987,0.0985,0.0985,0.0986,0.0985,0.0989,0.0988,0.0989,0.1012,0.0995,0.0992,0.0988,0.0989,0.0996,0.1002,0.0992,0.099,0.0992,0.0992,0.0996,0.0993,0.099,0.1003,0.099,0.0998,0.0997,0.099,0.101,0.099,0.1007,0.0992,0.0993,0.0999,0.0992,0.1002,0.0993,0.1003,0.0995,0.1005,0.0994,0.1004,0.0993,0.1003,0.0994,0.0996,0.1003,0.0995
2;3,0.0931,0.0944,0.0946,0.093,0.0933,0.0955,0.0949,0.0945,0.0957,0.095,0.0932,0.0931,0.0945,0.0932,0.0951,0.0946,0.0958,0.0931,0.0931,0.0932,0.0931,0.0932,0.0949,0.093,0.0933,0.093,0.0943,0.0932,0.094,0.0947,0.0936,0.0932,0.0945,0.094,0.0937,0.0936,0.0947,0.0949,0.0948,0.0958,0.095,0.096,0.0958,0.0956,0.095,0.0943,0.0932,0.0933,0.0932,0.0931,0.0932,0.0931,0.093,0.093,0.0931,0.0932,0.0949,0.0938,0.0932,0.0932,0.0932,0.0934,0.0934,0.0934,0.0932,0.0932,0.0934,0.0934,0.0936,0.0933,0.0935,0.0935,0.0931,0.0944,0.0932,0.0938,0.0936,0.0931,0.0941,0.0932,0.0945,0.0932,0.0937,0.0935,0.0937,0.0938,0.0935,0.094,0.0939,0.0936,0.0941,0.0934,0.0946,0.0936,0.0942,0.094
3;2,0.0921,0.0917,0.0914,0.0914,0.0912,0.0913,0.091,0.091,0.091,0.091,0.0912,0.0909,0.0909,0.0908,0.0907,0.0909,0.0907,0.0911,0.092,0.0909,0.0907,0.0908,0.0907,0.0907,0.0907,0.0907,0.0907,0.0906,0.0907,0.0906,0.0907,0.0906,0.0907,0.0906,0.0907,0.0907,0.0908,0.0908,0.0908,0.0909,0.0909,0.091,0.091,0.091,0.0911,0.0918,0.0924,0.0916,0.0925,0.0918,0.0916,0.0918,0.0919,0.0918,0.0926,0.0925,0.0926,0.0931,0.0929,0.0932,0.0933,0.0932,0.0936,0.0936,0.094,0.0938,0.0948,0.0946,0.0948,0.0955,0.0963,0.0958,0.0965,0.0971,0.0979,0.0978,0.099,0.0986,0.0999,0.0996,0.1002,0.0998,0.1001,0.1005,0.1019,0.104,0.1026,0.1034,0.1048,0.1054,0.1056,0.107,0.1079,0.1088,0.11,0.1103
,,,,,,,,,,,,,,,,,,,,,,,,,,,,,,,,,,,,,,,,,,,,,,,,,,,,,,,,,,,,,,,,,,,,,,,,,,,,,,,,,,,,,,,,,,,,,,,,
Cycles / Well,,,,,,,,,,,,,,,,,,,,,,,,,,,,,,,,,,,,,,,,,,,,,,,,,,,,,,,,,,,,,,,,,,,,,,,,,,,,,,,,,,,,,,,,,,,,,,,,
E2,1,2,3,4,5,6,7,8,9,10,11,12,13,14,15,16,17,18,19,20,21,22,23,24,25,26,27,28,29,30,31,32,33,34,35,36,37,38,39,40,41,42,43,44,45,46,47,48,49,50,51,52,53,54,55,56,57,58,59,60,61,62,63,64,65,66,67,68,69,70,71,72,73,74,75,76,77,78,79,80,81,82,83,84,85,86,87,88,89,90,91,92,93,94,95,96
Time [s],0,1799.797,3599.741,5399.659,7199.573,8999.513,10799.44,12599.356,14399.272,16199.193,17999.112,19799.048,21598.963,23398.904,25198.829,26998.75,28798.659,30598.586,32398.522,34198.445,35998.366,37798.269,39598.205,41398.126,43198.043,44997.982,46797.898,48597.803,50397.735,52197.643,53997.591,55797.492,57597.42,59397.352,61197.265,62997.193,64797.11,66597.04,68396.981,70196.888,71996.807,73796.739,75596.665,77396.594,79196.521,80996.461,82796.378,84596.302,86396.226,88196.142,89996.07,91796.012,93595.919,95395.853,97195.785,98995.689,100795.633,102595.552,104395.481,106195.482,107995.331,109795.267,111595.183,113395.107,115195.043,116994.958,118794.88,120594.819,122394.73,124194.661,125994.586,127794.51,129594.425,131394.355,133194.302,134994.214,136794.146,138594.064,140393.993,142193.907,143993.836,145793.766,147593.683,149393.62,151193.535,152993.466,154793.383,156593.307,158393.229,160193.151,161993.083,163792.996,165592.93,167392.852,169192.773,170992.712
Temp. [°C],22.2,30,30,30,30,30.1,30,30,30,30,30,29.9,30,30,29.8,30,30,29.9,29.9,30,30,30.1,30,30,30,30,30,30,30,30,30,30,30,30,30,30,30,30,30,30,30.1,30,30,30,30,30,30,30,30,30,30,30,30,30,30,30,30,29.9,30,30,30,30,30,30.1,30,30.1,30,30.1,30,30,30,30,30,30,30,30,30,30,30,30,30,30,30,30,30,30,30,29.9,30,30,30,30,30,30,30,30
Mean,0.12062,0.12048,0.12222,0.12436,0.1259,0.1277,0.13154,0.1347,0.13906,0.14406,0.15042,0.1574,0.16768,0.17486,0.186,0.19862,0.21374,0.23334,0.25614,0.28512,0.31956,0.36234,0.4135,0.47352,0.54364,0.62112,0.7078,0.79622,0.88318,0.96286,1.03034,1.08274,1.121,1.15122,1.1754,1.19534,1.21088,1.22366,1.23166,1.23714,1.2415,1.24698,1.25412,1.25948,1.2653,1.27214,1.27792,1.28346,1.28884,1.29396,1.29876,1.3031,1.30756,1.3104,1.31478,1.31828,1.32112,1.3229,1.32534,1.32652,1.32752,1.32842,1.3299,1.33132,1.33202,1.3321,1.33286,1.33266,1.33242,1.3327,1.33346,1.332,1.33126,1.33196,1.33118,1.33066,1.33006,1.32944,1.32782,1.32828,1.32654,1.32546,1.3242,1.32348,1.32254,1.32172,1.32002,1.31982,1.31864,1.31776,1.3164,1.31474,1.31364,1.31246,1.31174,1.3106
StDev,0.01807241,0.015099404,0.015274718,0.015510899,0.01562354,0.015592787,0.018645455,0.019046391,0.02071106,0.022380862,0.024570653,0.026646763,0.032007765,0.030193592,0.032474836,0.034914567,0.03795218,0.043487274,0.049213697,0.056955044,0.065481165,0.076315876,0.08979652,0.103668544,0.119365921,0.133916362,0.145599605,0.153467397,0.156555252,0.155258697,0.149752389,0.144294553,0.140380821,0.137211614,0.135230747,0.1340121,0.132319224,0.131805929,0.130493555,0.130904824,0.132084973,0.132749866,0.133020551,0.13378831,0.134025725,0.134071373,0.134360735,0.134689988,0.134878104,0.134051121,0.134084537,0.134045048,0.134628686,0.134484906,0.134328876,0.134001966,0.133909324,0.134090921,0.133670389,0.134442207,0.134350594,0.134466899,0.134645163,0.134850666,0.134754673,0.134984444,0.135458307,0.135482851,0.135750643,0.136137118,0.135952944,0.136178027,0.136634816,0.136248497,0.136735409,0.136822962,0.137286026,0.137559707,0.137505207,0.138210463,0.138394556,0.138887861,0.138767161,0.13909715,0.139223428,0.140123292,0.140657374,0.140951116,0.141007244,0.141637523,0.141492085,0.142239509,0.142332228,0.142798365,0.142881692,0.143500331
1;2,0.111,0.1111,0.1117,0.1133,0.1146,0.1158,0.1174,0.1195,0.1221,0.1251,0.1291,0.1338,0.1394,0.1465,0.1546,0.1638,0.1748,0.1883,0.2041,0.2236,0.2471,0.2761,0.3103,0.3519,0.4022,0.4618,0.5322,0.6078,0.6875,0.7667,0.8398,0.8984,0.9417,0.9753,1.0021,1.0234,1.0425,1.0557,1.0644,1.0696,1.0722,1.0766,1.0832,1.0871,1.0932,1.0999,1.1056,1.11,1.1146,1.1212,1.1252,1.1299,1.1338,1.1364,1.1406,1.1452,1.1477,1.1498,1.1526,1.1528,1.1543,1.1551,1.1566,1.1578,1.1586,1.1587,1.1578,1.1584,1.1579,1.1579,1.1581,1.1568,1.1554,1.1568,1.1555,1.1551,1.1541,1.1531,1.1515,1.1504,1.1488,1.1466,1.1461,1.1448,1.1437,1.1422,1.1397,1.1386,1.1374,1.1361,1.1347,1.1321,1.1306,1.1289,1.1282,1.1268
2;1,0.1189,0.1206,0.1238,0.1267,0.1283,0.131,0.1347,0.1395,0.1449,0.1505,0.1578,0.1657,0.1774,0.1849,0.197,0.2097,0.2258,0.2462,0.2703,0.3011,0.3396,0.3867,0.443,0.5086,0.5849,0.6702,0.7644,0.8614,0.9529,1.0322,1.0969,1.1473,1.1844,1.2121,1.2346,1.2537,1.2688,1.2819,1.2884,1.2935,1.2984,1.3046,1.3117,1.3176,1.3244,1.3301,1.3367,1.3421,1.3481,1.3524,1.357,1.3605,1.3651,1.3683,1.3726,1.3757,1.3786,1.3807,1.3828,1.3852,1.3857,1.3873,1.3889,1.3907,1.3908,1.3911,1.3913,1.3916,1.392,1.3919,1.3935,1.3912,1.3919,1.3925,1.3919,1.391,1.391,1.391,1.3888,1.3892,1.3881,1.387,1.386,1.385,1.3846,1.3841,1.3824,1.3831,1.3819,1.3813,1.3799,1.3788,1.3778,1.3767,1.3756,1.3751
2;2,0.1126,0.1139,0.1156,0.1175,0.1191,0.1209,0.1232,0.1262,0.1299,0.1342,0.1399,0.1465,0.1544,0.164,0.1753,0.1885,0.2045,0.2241,0.2471,0.277,0.3128,0.3574,0.4103,0.474,0.5486,0.631,0.7267,0.8251,0.9218,1.0098,1.0818,1.1356,1.1741,1.205,1.2286,1.2479,1.2631,1.2763,1.284,1.2891,1.2946,1.3001,1.3077,1.3129,1.3187,1.3262,1.3319,1.3386,1.3446,1.3491,1.353,1.3583,1.3638,1.3669,1.3717,1.375,1.3777,1.3794,1.3823,1.3839,1.3845,1.3857,1.3878,1.3893,1.39,1.3893,1.3919,1.3905,1.3905,1.391,1.3921,1.3914,1.3899,1.3902,1.3897,1.3889,1.3876,1.3874,1.386,1.387,1.3849,1.3834,1.3822,1.3821,1.3809,1.3795,1.3786,1.3789,1.3768,1.3763,1.3747,1.373,1.3721,1.3714,1.371,1.3698
2;3,0.1084,0.1103,0.1119,0.1139,0.1154,0.1173,0.1197,0.1224,0.1257,0.1302,0.1353,0.1409,0.1481,0.1563,0.1661,0.1777,0.1908,0.207,0.2267,0.251,0.2795,0.3151,0.3577,0.4087,0.4673,0.532,0.6072,0.6866,0.7694,0.8483,0.9188,0.9746,1.0148,1.0479,1.0737,1.095,1.1098,1.1228,1.1333,1.1386,1.1421,1.1473,1.1544,1.1599,1.1645,1.1716,1.1766,1.1825,1.188,1.1935,1.1997,1.2036,1.2071,1.2103,1.2151,1.2181,1.2216,1.2225,1.2253,1.2255,1.2264,1.2268,1.2276,1.2287,1.2297,1.2295,1.2309,1.2299,1.2291,1.229,1.2304,1.2283,1.2272,1.228,1.2267,1.2261,1.2251,1.224,1.2226,1.2234,1.221,1.2205,1.2184,1.2176,1.2165,1.2148,1.2127,1.2125,1.2116,1.2097,1.2088,1.2066,1.2057,1.204,1.2031,1.2008
3;2,0.1522,0.1465,0.1481,0.1504,0.1521,0.1535,0.1627,0.1659,0.1727,0.1803,0.19,0.2001,0.2191,0.2226,0.237,0.2534,0.2728,0.3011,0.3325,0.3729,0.4188,0.4764,0.5462,0.6244,0.7152,0.8106,0.9085,1.0002,1.0843,1.1573,1.2144,1.2578,1.29,1.3158,1.338,1.3567,1.3702,1.3816,1.3882,1.3949,1.4002,1.4063,1.4136,1.4199,1.4257,1.4329,1.4388,1.4441,1.4489,1.4536,1.4589,1.4632,1.468,1.4701,1.4739,1.4774,1.48,1.4821,1.4837,1.4852,1.4867,1.4872,1.4886,1.4901,1.491,1.4919,1.4924,1.4929,1.4926,1.4937,1.4932,1.4923,1.4919,1.4923,1.4921,1.4922,1.4925,1.4917,1.4902,1.4914,1.4899,1.4898,1.4883,1.4879,1.487,1.488,1.4867,1.486,1.4855,1.4854,1.4839,1.4832,1.482,1.4813,1.4808,1.4805
,,,,,,,,,,,,,,,,,,,,,,,,,,,,,,,,,,,,,,,,,,,,,,,,,,,,,,,,,,,,,,,,,,,,,,,,,,,,,,,,,,,,,,,,,,,,,,,,
Cycles / Well,,,,,,,,,,,,,,,,,,,,,,,,,,,,,,,,,,,,,,,,,,,,,,,,,,,,,,,,,,,,,,,,,,,,,,,,,,,,,,,,,,,,,,,,,,,,,,,,
E3,1,2,3,4,5,6,7,8,9,10,11,12,13,14,15,16,17,18,19,20,21,22,23,24,25,26,27,28,29,30,31,32,33,34,35,36,37,38,39,40,41,42,43,44,45,46,47,48,49,50,51,52,53,54,55,56,57,58,59,60,61,62,63,64,65,66,67,68,69,70,71,72,73,74,75,76,77,78,79,80,81,82,83,84,85,86,87,88,89,90,91,92,93,94,95,96
Time [s],0,1799.797,3599.741,5399.659,7199.573,8999.513,10799.44,12599.356,14399.272,16199.193,17999.112,19799.048,21598.963,23398.904,25198.829,26998.75,28798.659,30598.586,32398.522,34198.445,35998.366,37798.269,39598.205,41398.126,43198.043,44997.982,46797.898,48597.803,50397.735,52197.643,53997.591,55797.492,57597.42,59397.352,61197.265,62997.193,64797.11,66597.04,68396.981,70196.888,71996.807,73796.739,75596.665,77396.594,79196.521,80996.461,82796.378,84596.302,86396.226,88196.142,89996.07,91796.012,93595.919,95395.853,97195.785,98995.689,100795.633,102595.552,104395.481,106195.482,107995.331,109795.267,111595.183,113395.107,115195.043,116994.958,118794.88,120594.819,122394.73,124194.661,125994.586,127794.51,129594.425,131394.355,133194.302,134994.214,136794.146,138594.064,140393.993,142193.907,143993.836,145793.766,147593.683,149393.62,151193.535,152993.466,154793.383,156593.307,158393.229,160193.151,161993.083,163792.996,165592.93,167392.852,169192.773,170992.712
Temp. [°C],22.2,30,30,30,30,30.1,30,30,30,30,30,29.9,30,30,29.8,30,30,29.9,29.9,30,30,30.1,30,30,30,30,30,30,30,30,30,30,30,30,30,30,30,30,30,30,30.1,30,30,30,30,30,30,30,30,30,30,30,30,30,30,30,30,29.9,30,30,30,30,30,30.1,30,30.1,30,30.1,30,30,30,30,30,30,30,30,30,30,30,30,30,30,30,30,30,30,30,29.9,30,30,30,30,30,30,30,30
Mean,0.11192,0.1175,0.12374,0.12828,0.13124,0.13298,0.13492,0.13656,0.13826,0.1399,0.14196,0.1443,0.14734,0.15062,0.1544,0.15902,0.16414,0.17024,0.17722,0.18454,0.19296,0.20224,0.21222,0.22356,0.23598,0.24978,0.2642,0.27984,0.29746,0.31602,0.33646,0.35558,0.37624,0.40002,0.42426,0.45072,0.4771,0.50574,0.535,0.56698,0.59928,0.6334,0.66936,0.7063,0.74402,0.78104,0.81596,0.84808,0.87586,0.90168,0.9223,0.94128,0.95888,0.97248,0.98902,1.001,1.01472,1.02494,1.0347,1.04478,1.05104,1.05856,1.06348,1.06784,1.07134,1.07178,1.07524,1.07508,1.0759,1.07666,1.07694,1.0765,1.07588,1.07516,1.07452,1.07398,1.07354,1.07236,1.07142,1.07288,1.07084,1.07128,1.06934,1.0704,1.06774,1.06662,1.06476,1.0662,1.0642,1.0643,1.06386,1.0622,1.06008,1.05964,1.0592,1.05906
StDev,0.002365798,0.002722132,0.002510578,0.003323703,0.004421877,0.00522226,0.005768622,0.006181666,0.006540107,0.006907243,0.007325503,0.00798749,0.008559089,0.009404095,0.010304125,0.011473535,0.012885379,0.014201514,0.015838466,0.017466196,0.019674679,0.021721142,0.024160753,0.027450829,0.030719489,0.034498507,0.038808762,0.043977756,0.049297292,0.054555815,0.060769507,0.067167083,0.073500497,0.080837658,0.089617398,0.098189546,0.107276046,0.117076441,0.128019237,0.138335505,0.149894586,0.162066113,0.175448776,0.188586413,0.199598978,0.211799771,0.221923924,0.230149782,0.235791736,0.241502271,0.246114618,0.250159923,0.253258143,0.257186629,0.26091201,0.264291884,0.267018299,0.268373626,0.270698291,0.271015612,0.271933803,0.271004563,0.270701463,0.270082428,0.26934794,0.269419352,0.26787801,0.268240866,0.268299981,0.268080712,0.268917958,0.267675522,0.267655529,0.267742475,0.267496807,0.267489807,0.267328465,0.267287622,0.267804373,0.266435212,0.267207565,0.266930453,0.266791188,0.265629319,0.265805179,0.264807415,0.2647351,0.264808289,0.263819152,0.262720117,0.263111921,0.262186622,0.262463697,0.261835469,0.261155634,0.260889915
1;2,0.1104,0.1148,0.1216,0.1268,0.1302,0.1323,0.134,0.1356,0.1371,0.1386,0.1406,0.143,0.146,0.1491,0.1527,0.1571,0.1617,0.1673,0.1736,0.1802,0.1869,0.195,0.2035,0.2126,0.2215,0.2316,0.242,0.2526,0.2643,0.2771,0.2907,0.3027,0.3152,0.3299,0.3428,0.3585,0.3734,0.3908,0.4057,0.425,0.4423,0.4605,0.4796,0.4986,0.5223,0.5421,0.5647,0.5829,0.6022,0.62,0.6359,0.6485,0.661,0.6703,0.6806,0.6895,0.7001,0.7093,0.7157,0.7248,0.7307,0.74,0.7422,0.7473,0.7513,0.7523,0.7562,0.7555,0.7577,0.7577,0.7547,0.7579,0.757,0.7561,0.7562,0.7557,0.7552,0.7532,0.751,0.7539,0.7505,0.7526,0.7511,0.7529,0.7493,0.749,0.7488,0.7473,0.7485,0.7494,0.7471,0.7476,0.7455,0.7448,0.745,0.7447
2;1,0.1136,0.1191,0.1225,0.1247,0.1259,0.1264,0.1276,0.1284,0.1296,0.1307,0.1321,0.1334,0.1356,0.1374,0.1398,0.1428,0.1457,0.1498,0.1543,0.1593,0.1646,0.1711,0.1778,0.1848,0.1932,0.2025,0.2113,0.2207,0.2328,0.2456,0.2594,0.2712,0.2853,0.3021,0.3177,0.3362,0.3536,0.3721,0.392,0.4144,0.437,0.4614,0.4863,0.5133,0.5431,0.5721,0.5995,0.6284,0.6538,0.6768,0.6935,0.7118,0.7288,0.74,0.7557,0.7651,0.7767,0.7858,0.7953,0.8054,0.8114,0.8191,0.8271,0.8317,0.8359,0.8362,0.8414,0.8413,0.8408,0.8419,0.8437,0.8425,0.8423,0.8418,0.8407,0.8407,0.8402,0.8398,0.8395,0.8411,0.8396,0.8388,0.8364,0.8388,0.8373,0.8371,0.8344,0.8378,0.8348,0.8358,0.8364,0.8347,0.8326,0.8336,0.8337,0.8337
2;2,0.1124,0.1182,0.1268,0.1336,0.1382,0.141,0.1437,0.1457,0.1479,0.15,0.1526,0.1558,0.1595,0.1637,0.1686,0.1748,0.1815,0.1892,0.1981,0.2074,0.2184,0.2303,0.2432,0.2586,0.2747,0.2929,0.3115,0.3323,0.356,0.3802,0.4068,0.4306,0.4554,0.4861,0.5152,0.5466,0.5758,0.6078,0.6374,0.6712,0.7055,0.7398,0.7737,0.8083,0.8419,0.8754,0.9028,0.9319,0.9547,0.9754,0.9926,1.0082,1.0243,1.0335,1.0499,1.0583,1.0711,1.0787,1.0862,1.0967,1.0996,1.1065,1.1131,1.1181,1.1225,1.121,1.128,1.1273,1.1272,1.1305,1.1323,1.13,1.1289,1.1275,1.1273,1.1258,1.1264,1.1259,1.1244,1.1292,1.1254,1.1259,1.1244,1.1264,1.1226,1.1218,1.1175,1.1227,1.1188,1.1205,1.1209,1.118,1.1137,1.1142,1.1144,1.1159
2;3,0.1087,0.1146,0.1217,0.1275,0.1309,0.1332,0.1355,0.1375,0.1393,0.1412,0.1433,0.1457,0.1494,0.1529,0.157,0.1622,0.1682,0.1748,0.1826,0.191,0.2006,0.2109,0.2228,0.2362,0.2509,0.2675,0.2855,0.306,0.3281,0.3507,0.3771,0.4035,0.4313,0.4618,0.4968,0.5345,0.5732,0.6151,0.6616,0.7076,0.7554,0.8066,0.8614,0.9142,0.9677,1.0182,1.0653,1.1027,1.1347,1.1643,1.1895,1.2125,1.2328,1.2501,1.2708,1.2869,1.3031,1.3134,1.3263,1.335,1.3429,1.3494,1.3529,1.3565,1.3592,1.3595,1.3622,1.3626,1.3642,1.3639,1.3651,1.3643,1.3629,1.362,1.3613,1.3621,1.3608,1.3593,1.3594,1.3593,1.3582,1.3592,1.3566,1.3562,1.3539,1.3505,1.3493,1.3503,1.3471,1.3458,1.3456,1.3433,1.3409,1.3401,1.339,1.3381
3;2,0.1145,0.1208,0.1261,0.1288,0.131,0.132,0.1338,0.1356,0.1374,0.139,0.1412,0.1436,0.1462,0.15,0.1539,0.1582,0.1636,0.1701,0.1775,0.1848,0.1943,0.2039,0.2138,0.2256,0.2396,0.2544,0.2707,0.2876,0.3061,0.3265,0.3483,0.3699,0.394,0.4202,0.4488,0.4778,0.5095,0.5429,0.5783,0.6167,0.6562,0.6987,0.7458,0.7971,0.8451,0.8974,0.9475,0.9945,1.0339,1.0719,1.1,1.1254,1.1475,1.1685,1.1881,1.2052,1.2226,1.2375,1.25,1.262,1.2706,1.2778,1.2821,1.2856,1.2878,1.2899,1.2884,1.2887,1.2896,1.2893,1.2889,1.2878,1.2883,1.2884,1.2871,1.2856,1.2851,1.2836,1.2828,1.2809,1.2805,1.2799,1.2782,1.2777,1.2756,1.2747,1.2738,1.2729,1.2718,1.27,1.2693,1.2674,1.2677,1.2655,1.2639,1.2629
,,,,,,,,,,,,,,,,,,,,,,,,,,,,,,,,,,,,,,,,,,,,,,,,,,,,,,,,,,,,,,,,,,,,,,,,,,,,,,,,,,,,,,,,,,,,,,,,
Cycles / Well,,,,,,,,,,,,,,,,,,,,,,,,,,,,,,,,,,,,,,,,,,,,,,,,,,,,,,,,,,,,,,,,,,,,,,,,,,,,,,,,,,,,,,,,,,,,,,,,
E4,1,2,3,4,5,6,7,8,9,10,11,12,13,14,15,16,17,18,19,20,21,22,23,24,25,26,27,28,29,30,31,32,33,34,35,36,37,38,39,40,41,42,43,44,45,46,47,48,49,50,51,52,53,54,55,56,57,58,59,60,61,62,63,64,65,66,67,68,69,70,71,72,73,74,75,76,77,78,79,80,81,82,83,84,85,86,87,88,89,90,91,92,93,94,95,96
Time [s],0,1799.797,3599.741,5399.659,7199.573,8999.513,10799.44,12599.356,14399.272,16199.193,17999.112,19799.048,21598.963,23398.904,25198.829,26998.75,28798.659,30598.586,32398.522,34198.445,35998.366,37798.269,39598.205,41398.126,43198.043,44997.982,46797.898,48597.803,50397.735,52197.643,53997.591,55797.492,57597.42,59397.352,61197.265,62997.193,64797.11,66597.04,68396.981,70196.888,71996.807,73796.739,75596.665,77396.594,79196.521,80996.461,82796.378,84596.302,86396.226,88196.142,89996.07,91796.012,93595.919,95395.853,97195.785,98995.689,100795.633,102595.552,104395.481,106195.482,107995.331,109795.267,111595.183,113395.107,115195.043,116994.958,118794.88,120594.819,122394.73,124194.661,125994.586,127794.51,129594.425,131394.355,133194.302,134994.214,136794.146,138594.064,140393.993,142193.907,143993.836,145793.766,147593.683,149393.62,151193.535,152993.466,154793.383,156593.307,158393.229,160193.151,161993.083,163792.996,165592.93,167392.852,169192.773,170992.712
Temp. [°C],22.2,30,30,30,30,30.1,30,30,30,30,30,29.9,30,30,29.8,30,30,29.9,29.9,30,30,30.1,30,30,30,30,30,30,30,30,30,30,30,30,30,30,30,30,30,30,30.1,30,30,30,30,30,30,30,30,30,30,30,30,30,30,30,30,29.9,30,30,30,30,30,30.1,30,30.1,30,30.1,30,30,30,30,30,30,30,30,30,30,30,30,30,30,30,30,30,30,30,29.9,30,30,30,30,30,30,30,30
Mean,0.11562,0.11784,0.12096,0.12444,0.12726,0.12972,0.13202,0.13386,0.1359,0.13776,0.14008,0.1423,0.14518,0.14824,0.15168,0.1554,0.15924,0.16386,0.16872,0.17406,0.18002,0.18636,0.19306,0.2003,0.2088,0.2182,0.2286,0.23992,0.25246,0.26644,0.28198,0.29922,0.3191,0.34008,0.36312,0.3884,0.41626,0.4448,0.47548,0.50874,0.54444,0.58202,0.6215,0.66164,0.70404,0.74546,0.78842,0.8319,0.8745,0.9163,0.95338,0.99,1.0258,1.05842,1.08938,1.11648,1.14152,1.16558,1.18606,1.20524,1.22446,1.24346,1.26244,1.27792,1.29102,1.30202,1.31054,1.31608,1.31976,1.32184,1.32258,1.32396,1.32282,1.32228,1.32146,1.32064,1.31964,1.31906,1.31794,1.31968,1.31798,1.31878,1.31836,1.31858,1.31644,1.31586,1.31534,1.3153,1.3148,1.31446,1.31396,1.31286,1.31182,1.31094,1.30976,1.30944
StDev,0.003911138,0.004417352,0.005217087,0.005482062,0.005116444,0.004852525,0.004801771,0.004819544,0.004987484,0.004793016,0.004914468,0.004825453,0.004875141,0.004973228,0.005393237,0.005465803,0.005349112,0.005873074,0.006020133,0.006138648,0.006572823,0.006480201,0.006761878,0.006777905,0.007011776,0.007561415,0.008321358,0.00890264,0.009947764,0.01169115,0.012685701,0.014614274,0.017307224,0.020026657,0.023385295,0.026873035,0.031402914,0.035887393,0.040093541,0.045408898,0.051292085,0.058183649,0.065420563,0.07273495,0.07974273,0.086003651,0.094040933,0.102085332,0.110198435,0.117024271,0.123434971,0.129036913,0.133127815,0.136855442,0.140051319,0.144211449,0.145546031,0.147475191,0.14877931,0.148971987,0.151365726,0.152316408,0.151697488,0.150928417,0.150472164,0.150157973,0.148056368,0.146497362,0.145895949,0.145484889,0.14433706,0.144232063,0.144198637,0.144210894,0.144545055,0.144977388,0.14484831,0.144866104,0.145175421,0.144203509,0.145228155,0.145141472,0.145649367,0.144297148,0.144814357,0.14493541,0.145031645,0.144127565,0.144592704,0.143395704,0.143359907,0.143586117,0.144131666,0.143778103,0.1431895,0.142503765
1;2,0.1121,0.1134,0.1155,0.1183,0.1214,0.1241,0.1263,0.1281,0.1299,0.132,0.1342,0.1364,0.1391,0.1424,0.1454,0.149,0.153,0.1571,0.1619,0.1671,0.1728,0.1793,0.1859,0.1933,0.202,0.2114,0.2219,0.2335,0.2458,0.2598,0.2762,0.2939,0.3139,0.336,0.3583,0.3835,0.4113,0.4405,0.4723,0.5047,0.5405,0.579,0.6167,0.6561,0.698,0.7385,0.7812,0.8223,0.8631,0.9027,0.9419,0.9759,1.0135,1.0451,1.0747,1.1013,1.1282,1.1534,1.1719,1.1905,1.2103,1.2306,1.2499,1.2675,1.2802,1.2916,1.3016,1.3062,1.3123,1.3121,1.312,1.3164,1.3136,1.3135,1.313,1.312,1.3109,1.3086,1.3069,1.3114,1.3083,1.3115,1.3103,1.3128,1.3074,1.3057,1.3067,1.3046,1.3072,1.3065,1.3052,1.3043,1.3036,1.3027,1.3013,1.3025
2;1,0.1178,0.1211,0.1248,0.1282,0.1308,0.1325,0.1344,0.1359,0.1377,0.1392,0.1412,0.1431,0.146,0.1485,0.1514,0.1548,0.158,0.1621,0.1663,0.1711,0.1764,0.1822,0.1879,0.1943,0.2018,0.2096,0.2182,0.228,0.2388,0.2496,0.2633,0.2773,0.2927,0.3096,0.3277,0.3478,0.3689,0.3904,0.4149,0.4399,0.4667,0.4933,0.5224,0.5512,0.5826,0.6147,0.645,0.6765,0.7063,0.7373,0.763,0.7901,0.8188,0.8452,0.8708,0.8907,0.9127,0.9333,0.952,0.9707,0.9857,1.0024,1.0229,1.039,1.0532,1.0641,1.0757,1.0842,1.0883,1.0915,1.0948,1.0953,1.0947,1.0939,1.0923,1.0906,1.0902,1.0899,1.0888,1.0915,1.0883,1.0886,1.0874,1.0892,1.0865,1.0863,1.0852,1.0871,1.0849,1.0866,1.0864,1.0849,1.0826,1.0826,1.0822,1.083
2;2,0.1149,0.1166,0.1193,0.1229,0.1262,0.129,0.1317,0.1337,0.1358,0.1377,0.1402,0.1426,0.1455,0.1486,0.1522,0.1562,0.1605,0.1652,0.1705,0.1761,0.1824,0.1895,0.1967,0.2049,0.2142,0.2247,0.2364,0.249,0.2632,0.2791,0.2965,0.316,0.3387,0.3633,0.3901,0.4193,0.452,0.484,0.5191,0.5575,0.5989,0.6424,0.6896,0.7359,0.7855,0.8341,0.8849,0.936,0.9848,1.0313,1.0738,1.1142,1.1528,1.1886,1.222,1.2484,1.2746,1.3002,1.3213,1.3414,1.3623,1.3812,1.4,1.4151,1.4274,1.4375,1.445,1.4504,1.4525,1.455,1.4561,1.4569,1.456,1.4549,1.4536,1.4529,1.4523,1.451,1.4507,1.4523,1.4507,1.4507,1.4507,1.4503,1.4481,1.4488,1.4474,1.4477,1.4461,1.4456,1.4456,1.4448,1.4439,1.4434,1.4414,1.4406
2;3,0.1121,0.1144,0.1173,0.121,0.1239,0.1266,0.129,0.1309,0.133,0.1351,0.1374,0.1399,0.1429,0.1458,0.1493,0.1531,0.1572,0.1619,0.1669,0.1726,0.1785,0.185,0.1922,0.1999,0.2087,0.219,0.2301,0.2425,0.2559,0.2715,0.2877,0.3066,0.3281,0.351,0.3766,0.4045,0.436,0.4695,0.5035,0.5411,0.5818,0.6253,0.671,0.7182,0.7655,0.8111,0.8601,0.9111,0.962,1.0113,1.0522,1.094,1.1332,1.1686,1.2022,1.2367,1.2614,1.2866,1.3092,1.3274,1.3484,1.3679,1.3869,1.4004,1.4142,1.4246,1.43,1.4337,1.4371,1.4388,1.4383,1.4383,1.4377,1.4374,1.4373,1.4368,1.4358,1.4366,1.436,1.4351,1.4354,1.4358,1.4359,1.4333,1.4327,1.4319,1.4318,1.4306,1.4305,1.4284,1.4277,1.4266,1.4257,1.4243,1.4227,1.4217
3;2,0.1212,0.1237,0.1279,0.1318,0.134,0.1364,0.1387,0.1407,0.1431,0.1448,0.1474,0.1495,0.1524,0.1559,0.1601,0.1639,0.1675,0.173,0.178,0.1834,0.19,0.1958,0.2026,0.2091,0.2173,0.2263,0.2364,0.2466,0.2586,0.2722,0.2862,0.3023,0.3221,0.3405,0.3629,0.3869,0.4131,0.4396,0.4676,0.5005,0.5343,0.5701,0.6078,0.6468,0.6886,0.7289,0.7709,0.8136,0.8563,0.8989,0.936,0.9758,1.0107,1.0446,1.0772,1.1053,1.1307,1.1544,1.1759,1.1962,1.2156,1.2352,1.2525,1.2676,1.2801,1.2923,1.3004,1.3059,1.3086,1.3118,1.3117,1.3129,1.3121,1.3117,1.3111,1.3109,1.309,1.3092,1.3073,1.3081,1.3072,1.3073,1.3075,1.3073,1.3075,1.3066,1.3056,1.3065,1.3053,1.3052,1.3049,1.3037,1.3033,1.3017,1.3012,1.2994
,,,,,,,,,,,,,,,,,,,,,,,,,,,,,,,,,,,,,,,,,,,,,,,,,,,,,,,,,,,,,,,,,,,,,,,,,,,,,,,,,,,,,,,,,,,,,,,,
Cycles / Well,,,,,,,,,,,,,,,,,,,,,,,,,,,,,,,,,,,,,,,,,,,,,,,,,,,,,,,,,,,,,,,,,,,,,,,,,,,,,,,,,,,,,,,,,,,,,,,,
E5,1,2,3,4,5,6,7,8,9,10,11,12,13,14,15,16,17,18,19,20,21,22,23,24,25,26,27,28,29,30,31,32,33,34,35,36,37,38,39,40,41,42,43,44,45,46,47,48,49,50,51,52,53,54,55,56,57,58,59,60,61,62,63,64,65,66,67,68,69,70,71,72,73,74,75,76,77,78,79,80,81,82,83,84,85,86,87,88,89,90,91,92,93,94,95,96
Time [s],0,1799.797,3599.741,5399.659,7199.573,8999.513,10799.44,12599.356,14399.272,16199.193,17999.112,19799.048,21598.963,23398.904,25198.829,26998.75,28798.659,30598.586,32398.522,34198.445,35998.366,37798.269,39598.205,41398.126,43198.043,44997.982,46797.898,48597.803,50397.735,52197.643,53997.591,55797.492,57597.42,59397.352,61197.265,62997.193,64797.11,66597.04,68396.981,70196.888,71996.807,73796.739,75596.665,77396.594,79196.521,80996.461,82796.378,84596.302,86396.226,88196.142,89996.07,91796.012,93595.919,95395.853,97195.785,98995.689,100795.633,102595.552,104395.481,106195.482,107995.331,109795.267,111595.183,113395.107,115195.043,116994.958,118794.88,120594.819,122394.73,124194.661,125994.586,127794.51,129594.425,131394.355,133194.302,134994.214,136794.146,138594.064,140393.993,142193.907,143993.836,145793.766,147593.683,149393.62,151193.535,152993.466,154793.383,156593.307,158393.229,160193.151,161993.083,163792.996,165592.93,167392.852,169192.773,170992.712
Temp. [°C],22.2,30,30,30,30,30.1,30,30,30,30,30,29.9,30,30,29.8,30,30,29.9,29.9,30,30,30.1,30,30,30,30,30,30,30,30,30,30,30,30,30,30,30,30,30,30,30.1,30,30,30,30,30,30,30,30,30,30,30,30,30,30,30,30,29.9,30,30,30,30,30,30.1,30,30.1,30,30.1,30,30,30,30,30,30,30,30,30,30,30,30,30,30,30,30,30,30,30,29.9,30,30,30,30,30,30,30,30
Mean,0.1142,0.11648,0.11856,0.11944,0.11972,0.11964,0.12002,0.11996,0.11992,0.11988,0.11998,0.12004,0.12084,0.12056,0.12094,0.12116,0.12152,0.12232,0.1229,0.12366,0.12448,0.12532,0.12614,0.12688,0.12788,0.12908,0.13024,0.13132,0.13226,0.13356,0.13494,0.13636,0.13792,0.1392,0.14084,0.14268,0.14424,0.1461,0.1479,0.1501,0.1522,0.1542,0.15622,0.15844,0.16084,0.16302,0.16548,0.16768,0.17004,0.17358,0.17558,0.17862,0.18184,0.18464,0.18798,0.19148,0.19456,0.19802,0.20142,0.20498,0.20868,0.21244,0.2165,0.22072,0.2248,0.22872,0.23312,0.2374,0.24204,0.24664,0.25162,0.2564,0.26098,0.26628,0.27146,0.2766,0.28172,0.28748,0.29382,0.2999,0.30638,0.31332,0.31988,0.32736,0.33542,0.34378,0.35272,0.36252,0.37212,0.38304,0.39372,0.4055,0.41772,0.43132,0.44526,0.46124
StDev,0.007588478,0.006899058,0.007506197,0.006648534,0.006495152,0.005792495,0.006285062,0.006270008,0.00606358,0.005981388,0.006047479,0.005998166,0.006974812,0.005930683,0.006059125,0.005728263,0.005618897,0.006113264,0.00608605,0.006031832,0.006323132,0.006382554,0.006447713,0.006323527,0.006518205,0.00678432,0.006929863,0.007076157,0.006792496,0.006895143,0.007086819,0.007213044,0.007409251,0.007570997,0.007685571,0.008044377,0.007966053,0.008472308,0.008668333,0.009058421,0.009288434,0.009294891,0.009705256,0.009886,0.010038825,0.010154408,0.010600802,0.011033223,0.011246688,0.012665386,0.012056409,0.012620499,0.012923738,0.013161231,0.013659685,0.01427855,0.014517162,0.015121409,0.015466318,0.015834519,0.016332697,0.017001853,0.01741307,0.018168847,0.018407743,0.019238945,0.019656729,0.020154404,0.020655338,0.021230591,0.022058944,0.022591813,0.023483973,0.024500041,0.025340343,0.026116949,0.026570792,0.027172633,0.027844156,0.028735083,0.029712152,0.030473464,0.031209245,0.031970658,0.033498164,0.034344534,0.035734325,0.037140907,0.038273712,0.039702431,0.040930087,0.042464044,0.044917224,0.046702163,0.049081646,0.051685423
1;2,0.1099,0.111,0.1124,0.1137,0.114,0.1144,0.1144,0.1144,0.1145,0.1146,0.1146,0.1146,0.1148,0.1152,0.1155,0.1157,0.1162,0.1166,0.1171,0.1179,0.1185,0.1192,0.1199,0.1206,0.1215,0.1224,0.1234,0.1243,0.1254,0.1264,0.1276,0.1289,0.1302,0.1313,0.1327,0.1343,0.1357,0.1371,0.1387,0.1406,0.1424,0.1442,0.1458,0.1477,0.1497,0.1518,0.154,0.1557,0.1579,0.1602,0.1627,0.1651,0.168,0.1705,0.1734,0.1766,0.1794,0.1821,0.1851,0.1884,0.1918,0.195,0.1985,0.2022,0.2058,0.209,0.2132,0.2171,0.2212,0.2253,0.2294,0.2335,0.2373,0.2415,0.2457,0.2501,0.2552,0.2604,0.2659,0.2715,0.2772,0.2831,0.2895,0.2963,0.3029,0.3105,0.3183,0.3266,0.3353,0.3453,0.3547,0.365,0.3756,0.3887,0.4011,0.4156
2;1,0.1144,0.1187,0.1206,0.1214,0.1218,0.1217,0.1218,0.1218,0.1217,0.1214,0.1213,0.1215,0.122,0.1219,0.1221,0.1226,0.1228,0.1235,0.1239,0.1247,0.1252,0.126,0.1267,0.1275,0.1283,0.1293,0.1304,0.1315,0.1322,0.1335,0.1347,0.1361,0.1375,0.1386,0.14,0.1417,0.1432,0.1446,0.1463,0.1483,0.1503,0.1522,0.154,0.156,0.1587,0.1605,0.1626,0.1645,0.1667,0.1698,0.1715,0.1741,0.1773,0.18,0.1831,0.1859,0.1892,0.1925,0.1956,0.1991,0.2022,0.2054,0.2095,0.2128,0.2171,0.2208,0.2246,0.2285,0.2328,0.2371,0.2416,0.2464,0.25,0.2551,0.2598,0.2648,0.269,0.2747,0.2813,0.2865,0.2918,0.2988,0.3045,0.3119,0.3193,0.3275,0.3359,0.3458,0.3552,0.3657,0.376,0.3873,0.398,0.4099,0.4231,0.4379
2;2,0.1121,0.1145,0.1169,0.1185,0.119,0.1194,0.1196,0.1195,0.1196,0.1197,0.1198,0.1199,0.1202,0.1206,0.1209,0.1215,0.122,0.1227,0.1233,0.1242,0.1251,0.1258,0.1268,0.1278,0.1288,0.13,0.1312,0.1323,0.1336,0.135,0.1365,0.138,0.1396,0.1411,0.1429,0.1447,0.1465,0.1486,0.1505,0.1527,0.155,0.1572,0.1593,0.1618,0.1643,0.1668,0.1695,0.1718,0.1745,0.1776,0.1807,0.1842,0.1877,0.1911,0.1947,0.1984,0.2016,0.2054,0.2092,0.213,0.217,0.2213,0.2258,0.2303,0.2348,0.2391,0.2439,0.2489,0.2543,0.2595,0.2651,0.2707,0.2757,0.2815,0.2873,0.293,0.2989,0.3049,0.3125,0.3194,0.3269,0.3347,0.3424,0.3506,0.3597,0.3697,0.3796,0.3913,0.4015,0.4136,0.4263,0.4398,0.4541,0.4708,0.4875,0.5054
2;3,0.1076,0.1108,0.1124,0.1138,0.1141,0.1144,0.1146,0.1145,0.1146,0.1146,0.1148,0.1149,0.1152,0.1154,0.1158,0.1162,0.1166,0.1171,0.1179,0.1186,0.1193,0.1203,0.1211,0.1219,0.1228,0.124,0.1251,0.1261,0.1273,0.1287,0.13,0.1313,0.1329,0.1341,0.1359,0.1375,0.1393,0.141,0.1427,0.1447,0.1467,0.1489,0.1508,0.1531,0.1554,0.1576,0.1597,0.1619,0.164,0.167,0.1692,0.1721,0.175,0.1775,0.1805,0.1837,0.1864,0.1896,0.1929,0.196,0.1995,0.2029,0.2066,0.2107,0.2145,0.2177,0.2219,0.2257,0.23,0.2341,0.2387,0.2429,0.2474,0.252,0.2569,0.2613,0.2661,0.2713,0.2766,0.282,0.2882,0.2945,0.3002,0.3068,0.3138,0.321,0.3287,0.3368,0.3452,0.3544,0.3639,0.3743,0.3843,0.3957,0.4067,0.4198
3;2,0.127,0.1274,0.1305,0.1298,0.1297,0.1283,0.1297,0.1296,0.1292,0.1291,0.1294,0.1293,0.132,0.1297,0.1304,0.1298,0.13,0.1317,0.1323,0.1329,0.1343,0.1353,0.1362,0.1366,0.138,0.1397,0.1411,0.1424,0.1428,0.1442,0.1459,0.1475,0.1494,0.1509,0.1527,0.1552,0.1565,0.1592,0.1613,0.1642,0.1666,0.1685,0.1712,0.1736,0.1761,0.1784,0.1816,0.1845,0.1871,0.1933,0.1938,0.1976,0.2012,0.2041,0.2082,0.2128,0.2162,0.2205,0.2243,0.2284,0.2329,0.2376,0.2421,0.2476,0.2518,0.257,0.262,0.2668,0.2719,0.2772,0.2833,0.2885,0.2945,0.3013,0.3076,0.3138,0.3194,0.3261,0.3328,0.3401,0.3478,0.3555,0.3628,0.3712,0.3814,0.3902,0.4011,0.4121,0.4234,0.4362,0.4477,0.4611,0.4766,0.4915,0.5079,0.5275
,,,,,,,,,,,,,,,,,,,,,,,,,,,,,,,,,,,,,,,,,,,,,,,,,,,,,,,,,,,,,,,,,,,,,,,,,,,,,,,,,,,,,,,,,,,,,,,,
Cycles / Well,,,,,,,,,,,,,,,,,,,,,,,,,,,,,,,,,,,,,,,,,,,,,,,,,,,,,,,,,,,,,,,,,,,,,,,,,,,,,,,,,,,,,,,,,,,,,,,,
E6,1,2,3,4,5,6,7,8,9,10,11,12,13,14,15,16,17,18,19,20,21,22,23,24,25,26,27,28,29,30,31,32,33,34,35,36,37,38,39,40,41,42,43,44,45,46,47,48,49,50,51,52,53,54,55,56,57,58,59,60,61,62,63,64,65,66,67,68,69,70,71,72,73,74,75,76,77,78,79,80,81,82,83,84,85,86,87,88,89,90,91,92,93,94,95,96
Time [s],0,1799.797,3599.741,5399.659,7199.573,8999.513,10799.44,12599.356,14399.272,16199.193,17999.112,19799.048,21598.963,23398.904,25198.829,26998.75,28798.659,30598.586,32398.522,34198.445,35998.366,37798.269,39598.205,41398.126,43198.043,44997.982,46797.898,48597.803,50397.735,52197.643,53997.591,55797.492,57597.42,59397.352,61197.265,62997.193,64797.11,66597.04,68396.981,70196.888,71996.807,73796.739,75596.665,77396.594,79196.521,80996.461,82796.378,84596.302,86396.226,88196.142,89996.07,91796.012,93595.919,95395.853,97195.785,98995.689,100795.633,102595.552,104395.481,106195.482,107995.331,109795.267,111595.183,113395.107,115195.043,116994.958,118794.88,120594.819,122394.73,124194.661,125994.586,127794.51,129594.425,131394.355,133194.302,134994.214,136794.146,138594.064,140393.993,142193.907,143993.836,145793.766,147593.683,149393.62,151193.535,152993.466,154793.383,156593.307,158393.229,160193.151,161993.083,163792.996,165592.93,167392.852,169192.773,170992.712
Temp. [°C],22.2,30,30,30,30,30.1,30,30,30,30,30,29.9,30,30,29.8,30,30,29.9,29.9,30,30,30.1,30,30,30,30,30,30,30,30,30,30,30,30,30,30,30,30,30,30,30.1,30,30,30,30,30,30,30,30,30,30,30,30,30,30,30,30,29.9,30,30,30,30,30,30.1,30,30.1,30,30.1,30,30,30,30,30,30,30,30,30,30,30,30,30,30,30,30,30,30,30,29.9,30,30,30,30,30,30,30,30
Mean,0.1125,0.11448,0.11712,0.11926,0.12234,0.1275,0.1353,0.14538,0.15854,0.17488,0.19632,0.22314,0.25906,0.30142,0.35486,0.41878,0.49326,0.5784,0.6713,0.77238,0.87772,0.98518,1.08636,1.17734,1.25288,1.31058,1.35514,1.38918,1.41536,1.43286,1.44684,1.45646,1.46396,1.46862,1.47406,1.4776,1.4808,1.48422,1.48656,1.4894,1.49106,1.49268,1.49496,1.49634,1.49828,1.4995,1.50132,1.50296,1.504,1.50532,1.50682,1.5077,1.50912,1.51018,1.51162,1.51258,1.51338,1.5145,1.5153,1.516,1.51688,1.51728,1.51876,1.51942,1.52018,1.52124,1.52136,1.52238,1.5238,1.52452,1.52456,1.52542,1.5265,1.52772,1.52844,1.52874,1.52944,1.53042,1.53014,1.5324,1.53232,1.53308,1.5336,1.53386,1.53534,1.5356,1.53648,1.53752,1.53808,1.53898,1.53914,1.54024,1.5403,1.54108,1.54144,1.54284
StDev,0.004586938,0.004121529,0.006166604,0.006717738,0.00742617,0.008311137,0.01068059,0.012480665,0.014905133,0.017607584,0.021093885,0.024539214,0.029168528,0.031250232,0.034909282,0.037039803,0.039041875,0.040445704,0.041559295,0.043676161,0.044808113,0.045295,0.044999256,0.043296917,0.041073556,0.040011273,0.038311656,0.036812457,0.03643958,0.03625904,0.035531859,0.036135412,0.03545593,0.035225871,0.03542341,0.035331502,0.034943454,0.034912777,0.034905845,0.034820899,0.034876826,0.034786736,0.034959448,0.034661838,0.034498072,0.034438423,0.034635343,0.034714089,0.034527091,0.034492709,0.034346936,0.034797988,0.033593928,0.033846964,0.034057848,0.033913301,0.034063279,0.034020876,0.033464907,0.033658357,0.034276041,0.033839134,0.033594985,0.033737472,0.033590132,0.033638118,0.032735882,0.03353613,0.033569331,0.033321945,0.033406706,0.032960234,0.033251842,0.033286589,0.032982389,0.033148952,0.033033816,0.03305869,0.033307477,0.033101435,0.033276298,0.032693914,0.032672619,0.033002015,0.032024725,0.033005833,0.032524099,0.032157301,0.032672113,0.032525098,0.03253034,0.032403441,0.033366525,0.03234976,0.031978164,0.031896207
1;2,0.1096,0.1106,0.1117,0.1129,0.1151,0.1191,0.1245,0.1322,0.1425,0.1555,0.1729,0.1949,0.2247,0.2633,0.3108,0.3704,0.441,0.5236,0.6159,0.7154,0.8225,0.9339,1.0401,1.1368,1.2168,1.2786,1.327,1.3617,1.3876,1.4074,1.4219,1.4304,1.4387,1.4454,1.4499,1.4535,1.457,1.4616,1.4621,1.465,1.4669,1.4681,1.4715,1.4712,1.4752,1.4755,1.4768,1.4793,1.4786,1.4823,1.4823,1.4845,1.4857,1.4871,1.4881,1.4885,1.4894,1.4912,1.4916,1.4918,1.4915,1.4932,1.4946,1.4948,1.4961,1.4969,1.4969,1.4989,1.4995,1.5008,1.4999,1.5017,1.5027,1.5035,1.5037,1.5047,1.505,1.5053,1.5052,1.5071,1.5079,1.509,1.5091,1.5091,1.5116,1.5123,1.5128,1.5134,1.5141,1.5152,1.5147,1.5165,1.5156,1.5171,1.5172,1.5192
2;1,0.1127,0.1157,0.1185,0.1212,0.1254,0.1317,0.1399,0.1509,0.1649,0.1811,0.2019,0.2293,0.2658,0.3059,0.3582,0.4195,0.4898,0.5712,0.6576,0.753,0.853,0.9555,1.054,1.1427,1.2185,1.275,1.3193,1.3538,1.3825,1.3982,1.4128,1.4216,1.4298,1.4342,1.4396,1.4436,1.4477,1.45,1.4533,1.4557,1.4575,1.4596,1.4604,1.4635,1.464,1.4664,1.4678,1.4691,1.4713,1.4708,1.4736,1.4743,1.4767,1.4777,1.4789,1.4791,1.4802,1.4812,1.483,1.484,1.4836,1.4847,1.4863,1.4874,1.4882,1.489,1.4904,1.4897,1.4916,1.4917,1.493,1.4938,1.4943,1.4962,1.4975,1.4967,1.4982,1.4994,1.4984,1.5012,1.5009,1.5018,1.5021,1.5027,1.5045,1.504,1.5048,1.5072,1.5068,1.5081,1.5086,1.5092,1.5081,1.5102,1.5106,1.5132
2;2,0.1114,0.1134,0.1148,0.1168,0.1194,0.124,0.1312,0.1409,0.1537,0.1698,0.1915,0.2188,0.255,0.3014,0.3586,0.4285,0.5114,0.6055,0.7092,0.8207,0.9354,1.0495,1.1546,1.2448,1.3178,1.3746,1.4167,1.4475,1.4741,1.4912,1.504,1.5141,1.5207,1.5255,1.531,1.5346,1.5375,1.5407,1.5428,1.5452,1.5472,1.5487,1.551,1.5519,1.5535,1.5549,1.5567,1.5587,1.5591,1.5604,1.5616,1.5641,1.563,1.5648,1.5664,1.5663,1.5677,1.569,1.5688,1.5699,1.571,1.5714,1.5722,1.5733,1.574,1.5749,1.5735,1.5759,1.5773,1.5773,1.5779,1.578,1.5794,1.5809,1.581,1.5814,1.5821,1.5829,1.5829,1.5848,1.5855,1.585,1.5851,1.5862,1.586,1.5885,1.5879,1.5886,1.59,1.5908,1.5909,1.5917,1.5931,1.5924,1.5917,1.594
2;3,0.1086,0.1117,0.1134,0.1154,0.118,0.1228,0.1293,0.1387,0.1506,0.1662,0.1862,0.2118,0.2461,0.2877,0.34,0.4036,0.478,0.5631,0.6575,0.7611,0.8689,0.979,1.0815,1.1751,1.2515,1.3101,1.3553,1.3925,1.4142,1.4352,1.4482,1.4588,1.4648,1.4676,1.4734,1.4763,1.479,1.4832,1.4857,1.4894,1.4907,1.4924,1.4951,1.4959,1.4986,1.4994,1.5014,1.5022,1.5029,1.506,1.5062,1.5057,1.5079,1.5083,1.5097,1.5127,1.5125,1.5139,1.5144,1.5145,1.5171,1.5167,1.5175,1.5181,1.5189,1.5204,1.5213,1.5213,1.5227,1.5243,1.5237,1.5241,1.5252,1.5258,1.5273,1.528,1.5283,1.5293,1.5292,1.5317,1.531,1.532,1.5331,1.532,1.5347,1.5338,1.5357,1.536,1.537,1.537,1.5377,1.5388,1.5401,1.5399,1.5412,1.5414
3;2,0.1202,0.121,0.1272,0.13,0.1338,0.1399,0.1516,0.1642,0.181,0.2018,0.2291,0.2609,0.3037,0.3488,0.4067,0.4719,0.5461,0.6286,0.7163,0.8117,0.9088,1.008,1.1016,1.1873,1.2598,1.3146,1.3574,1.3904,1.4184,1.4323,1.4473,1.4574,1.4658,1.4704,1.4764,1.48,1.4828,1.4856,1.4889,1.4917,1.493,1.4946,1.4968,1.4992,1.5001,1.5013,1.5039,1.5055,1.5081,1.5071,1.5104,1.5099,1.5123,1.513,1.515,1.5163,1.5171,1.5172,1.5187,1.5198,1.5212,1.5204,1.5232,1.5235,1.5237,1.525,1.5247,1.5261,1.5279,1.5285,1.5283,1.5295,1.5309,1.5322,1.5327,1.5329,1.5336,1.5352,1.535,1.5372,1.5363,1.5376,1.5386,1.5393,1.5399,1.5394,1.5412,1.5424,1.5425,1.5438,1.5438,1.545,1.5446,1.5458,1.5465,1.5464
,,,,,,,,,,,,,,,,,,,,,,,,,,,,,,,,,,,,,,,,,,,,,,,,,,,,,,,,,,,,,,,,,,,,,,,,,,,,,,,,,,,,,,,,,,,,,,,,
Cycles / Well,,,,,,,,,,,,,,,,,,,,,,,,,,,,,,,,,,,,,,,,,,,,,,,,,,,,,,,,,,,,,,,,,,,,,,,,,,,,,,,,,,,,,,,,,,,,,,,,
E7,1,2,3,4,5,6,7,8,9,10,11,12,13,14,15,16,17,18,19,20,21,22,23,24,25,26,27,28,29,30,31,32,33,34,35,36,37,38,39,40,41,42,43,44,45,46,47,48,49,50,51,52,53,54,55,56,57,58,59,60,61,62,63,64,65,66,67,68,69,70,71,72,73,74,75,76,77,78,79,80,81,82,83,84,85,86,87,88,89,90,91,92,93,94,95,96
Time [s],0,1799.797,3599.741,5399.659,7199.573,8999.513,10799.44,12599.356,14399.272,16199.193,17999.112,19799.048,21598.963,23398.904,25198.829,26998.75,28798.659,30598.586,32398.522,34198.445,35998.366,37798.269,39598.205,41398.126,43198.043,44997.982,46797.898,48597.803,50397.735,52197.643,53997.591,55797.492,57597.42,59397.352,61197.265,62997.193,64797.11,66597.04,68396.981,70196.888,71996.807,73796.739,75596.665,77396.594,79196.521,80996.461,82796.378,84596.302,86396.226,88196.142,89996.07,91796.012,93595.919,95395.853,97195.785,98995.689,100795.633,102595.552,104395.481,106195.482,107995.331,109795.267,111595.183,113395.107,115195.043,116994.958,118794.88,120594.819,122394.73,124194.661,125994.586,127794.51,129594.425,131394.355,133194.302,134994.214,136794.146,138594.064,140393.993,142193.907,143993.836,145793.766,147593.683,149393.62,151193.535,152993.466,154793.383,156593.307,158393.229,160193.151,161993.083,163792.996,165592.93,167392.852,169192.773,170992.712
Temp. [°C],22.2,30,30,30,30,30.1,30,30,30,30,30,29.9,30,30,29.8,30,30,29.9,29.9,30,30,30.1,30,30,30,30,30,30,30,30,30,30,30,30,30,30,30,30,30,30,30.1,30,30,30,30,30,30,30,30,30,30,30,30,30,30,30,30,29.9,30,30,30,30,30,30.1,30,30.1,30,30.1,30,30,30,30,30,30,30,30,30,30,30,30,30,30,30,30,30,30,30,29.9,30,30,30,30,30,30,30,30
Mean,0.11004,0.11248,0.11582,0.1194,0.12418,0.13072,0.14018,0.15294,0.16992,0.19298,0.22348,0.26154,0.30806,0.3623,0.42338,0.49086,0.56008,0.63116,0.7031,0.77154,0.83678,0.89734,0.95438,1.00724,1.05598,1.09772,1.13696,1.17092,1.19946,1.22492,1.24596,1.26464,1.2824,1.29852,1.3123,1.3241,1.33432,1.34202,1.34816,1.35188,1.35482,1.35786,1.3587,1.36034,1.36128,1.36046,1.3611,1.36098,1.36104,1.3615,1.36126,1.36066,1.36022,1.3608,1.35988,1.36114,1.36068,1.36032,1.359,1.35956,1.35998,1.36004,1.35922,1.35904,1.35828,1.35842,1.35786,1.35784,1.3576,1.35758,1.35698,1.35724,1.35634,1.35552,1.35586,1.35568,1.35558,1.35546,1.35452,1.35534,1.35458,1.3557,1.35548,1.35494,1.35472,1.35404,1.35538,1.3546,1.3551,1.35518,1.35438,1.35506,1.35554,1.35502,1.3552,1.35524
StDev,0.001719884,0.002055967,0.002726169,0.003026549,0.003509558,0.003893841,0.004764662,0.005940791,0.006927265,0.00861696,0.011708416,0.017682421,0.02695372,0.038134827,0.051448489,0.068085116,0.084790282,0.102591535,0.120988264,0.13760488,0.154575845,0.167173093,0.17985845,0.190495848,0.197474548,0.201909378,0.2051096,0.206140382,0.206376629,0.206410336,0.207442915,0.2075401,0.209104149,0.210082786,0.2096138,0.209898606,0.207354231,0.20583608,0.20363608,0.202870222,0.200640143,0.199210826,0.198104076,0.197098283,0.196539403,0.194684753,0.195133582,0.194176098,0.193993977,0.192653809,0.192801369,0.19334832,0.192040326,0.192771484,0.192424471,0.193571364,0.193750708,0.192765627,0.192203109,0.192597373,0.193494152,0.194040725,0.193050452,0.193700576,0.192902455,0.19393297,0.193600937,0.194318072,0.193683711,0.19401025,0.193403172,0.192801862,0.19364414,0.192205403,0.19266796,0.193133547,0.192578522,0.192404244,0.192182197,0.191148144,0.192253809,0.192746102,0.193209386,0.192188314,0.19138484,0.191081653,0.191662404,0.19028099,0.191266842,0.190182036,0.189378146,0.19001927,0.190013126,0.189528987,0.188891781,0.18825279
1;2,0.1095,0.1117,0.1142,0.1177,0.1219,0.1288,0.138,0.1502,0.1662,0.1886,0.2193,0.2577,0.3065,0.3653,0.4295,0.5042,0.579,0.6593,0.7398,0.8151,0.8853,0.9536,1.0144,1.0701,1.1223,1.1633,1.2056,1.2401,1.2659,1.2934,1.3164,1.3339,1.3528,1.3715,1.3835,1.3977,1.4058,1.4159,1.4195,1.4235,1.4229,1.4249,1.4262,1.4235,1.4264,1.4222,1.4247,1.4233,1.4223,1.4218,1.421,1.4197,1.4185,1.4201,1.4184,1.4191,1.4188,1.417,1.4156,1.4138,1.4135,1.4146,1.4134,1.4124,1.411,1.4094,1.4102,1.4075,1.4071,1.4079,1.4055,1.4058,1.4032,1.4022,1.4029,1.4042,1.4026,1.4001,1.3995,1.402,1.3992,1.4021,1.4013,1.4004,1.3983,1.3967,1.3988,1.397,1.398,1.3993,1.3976,1.3961,1.3964,1.3952,1.3953,1.398
2;1,0.1113,0.1148,0.1188,0.1233,0.1291,0.1367,0.1478,0.1627,0.1804,0.2036,0.2314,0.2661,0.307,0.3515,0.4012,0.4531,0.5059,0.5598,0.6124,0.6637,0.7079,0.756,0.7955,0.8319,0.8696,0.904,0.9336,0.9628,0.9862,1.0088,1.0254,1.0418,1.056,1.071,1.0839,1.0939,1.1047,1.1119,1.1184,1.1219,1.1268,1.1324,1.1343,1.1367,1.1375,1.1409,1.1395,1.1416,1.142,1.1432,1.143,1.143,1.1444,1.1448,1.1451,1.1417,1.1423,1.1435,1.1436,1.1444,1.1429,1.1423,1.1436,1.142,1.1433,1.1416,1.1425,1.1418,1.1413,1.1411,1.1426,1.1431,1.1407,1.1436,1.1422,1.1408,1.1429,1.1424,1.142,1.1462,1.1417,1.1419,1.14,1.1424,1.1428,1.1429,1.1417,1.1455,1.1435,1.1457,1.1454,1.1454,1.145,1.1457,1.1474,1.1483
2;2,0.1106,0.112,0.115,0.1184,0.123,0.1295,0.1393,0.1529,0.1728,0.2007,0.2398,0.2897,0.3521,0.425,0.5075,0.5997,0.6933,0.789,0.8864,0.9778,1.0661,1.1433,1.2164,1.282,1.3386,1.387,1.4268,1.4614,1.4891,1.5129,1.5342,1.5529,1.5717,1.5889,1.6027,1.613,1.6201,1.6237,1.6265,1.6286,1.6295,1.6313,1.6311,1.6321,1.632,1.6311,1.6308,1.6315,1.6318,1.6303,1.6306,1.6324,1.6299,1.6319,1.631,1.6318,1.6326,1.6304,1.63,1.6314,1.6326,1.6334,1.6321,1.6327,1.6314,1.6327,1.6325,1.6338,1.6322,1.6323,1.633,1.6313,1.6319,1.6307,1.6307,1.6305,1.6306,1.6301,1.6288,1.6297,1.6289,1.6301,1.6305,1.6298,1.6282,1.6277,1.6286,1.6284,1.6289,1.628,1.6266,1.6279,1.6272,1.6267,1.6263,1.625
2;3,0.1073,0.1097,0.1126,0.1159,0.1205,0.1265,0.135,0.1468,0.1625,0.184,0.2129,0.2487,0.2946,0.3461,0.4076,0.4763,0.5493,0.6225,0.6977,0.7698,0.8427,0.9041,0.9692,1.0305,1.0837,1.128,1.1738,1.2092,1.2429,1.2693,1.2907,1.3106,1.33,1.3444,1.3582,1.3711,1.3808,1.3885,1.3962,1.4,1.4032,1.4053,1.4039,1.408,1.4068,1.404,1.4057,1.4022,1.4023,1.403,1.4028,1.4001,1.4004,1.3996,1.3985,1.4044,1.4021,1.4039,1.3989,1.4018,1.4042,1.4035,1.4009,1.402,1.4006,1.4035,1.3999,1.4024,1.4027,1.4028,1.3995,1.4017,1.4021,1.3978,1.3998,1.3996,1.3991,1.4014,1.4002,1.3961,1.4007,1.4015,1.4018,1.3989,1.4006,1.3995,1.4025,1.3975,1.4006,1.398,1.3964,1.4002,1.4031,1.4017,1.4012,1.3993
3;2,0.1115,0.1142,0.1185,0.1217,0.1264,0.1321,0.1408,0.1521,0.1677,0.188,0.214,0.2455,0.2801,0.3236,0.3711,0.421,0.4729,0.5252,0.5792,0.6313,0.6819,0.7297,0.7764,0.8217,0.8657,0.9063,0.945,0.9811,1.0132,1.0402,1.0631,1.084,1.1015,1.1168,1.1332,1.1448,1.1602,1.1701,1.1802,1.1854,1.1917,1.1954,1.198,1.2014,1.2037,1.2041,1.2048,1.2063,1.2068,1.2092,1.2089,1.2081,1.2079,1.2076,1.2064,1.2087,1.2076,1.2068,1.2069,1.2064,1.2067,1.2064,1.2061,1.2061,1.2051,1.2049,1.2042,1.2037,1.2047,1.2038,1.2043,1.2043,1.2038,1.2033,1.2037,1.2033,1.2027,1.2033,1.2021,1.2027,1.2024,1.2029,1.2038,1.2032,1.2037,1.2034,1.2053,1.2046,1.2045,1.2049,1.2059,1.2057,1.206,1.2058,1.2058,1.2056
,,,,,,,,,,,,,,,,,,,,,,,,,,,,,,,,,,,,,,,,,,,,,,,,,,,,,,,,,,,,,,,,,,,,,,,,,,,,,,,,,,,,,,,,,,,,,,,,
Cycles / Well,,,,,,,,,,,,,,,,,,,,,,,,,,,,,,,,,,,,,,,,,,,,,,,,,,,,,,,,,,,,,,,,,,,,,,,,,,,,,,,,,,,,,,,,,,,,,,,,
E8,1,2,3,4,5,6,7,8,9,10,11,12,13,14,15,16,17,18,19,20,21,22,23,24,25,26,27,28,29,30,31,32,33,34,35,36,37,38,39,40,41,42,43,44,45,46,47,48,49,50,51,52,53,54,55,56,57,58,59,60,61,62,63,64,65,66,67,68,69,70,71,72,73,74,75,76,77,78,79,80,81,82,83,84,85,86,87,88,89,90,91,92,93,94,95,96
Time [s],0,1799.797,3599.741,5399.659,7199.573,8999.513,10799.44,12599.356,14399.272,16199.193,17999.112,19799.048,21598.963,23398.904,25198.829,26998.75,28798.659,30598.586,32398.522,34198.445,35998.366,37798.269,39598.205,41398.126,43198.043,44997.982,46797.898,48597.803,50397.735,52197.643,53997.591,55797.492,57597.42,59397.352,61197.265,62997.193,64797.11,66597.04,68396.981,70196.888,71996.807,73796.739,75596.665,77396.594,79196.521,80996.461,82796.378,84596.302,86396.226,88196.142,89996.07,91796.012,93595.919,95395.853,97195.785,98995.689,100795.633,102595.552,104395.481,106195.482,107995.331,109795.267,111595.183,113395.107,115195.043,116994.958,118794.88,120594.819,122394.73,124194.661,125994.586,127794.51,129594.425,131394.355,133194.302,134994.214,136794.146,138594.064,140393.993,142193.907,143993.836,145793.766,147593.683,149393.62,151193.535,152993.466,154793.383,156593.307,158393.229,160193.151,161993.083,163792.996,165592.93,167392.852,169192.773,170992.712
Temp. [°C],22.2,30,30,30,30,30.1,30,30,30,30,30,29.9,30,30,29.8,30,30,29.9,29.9,30,30,30.1,30,30,30,30,30,30,30,30,30,30,30,30,30,30,30,30,30,30,30.1,30,30,30,30,30,30,30,30,30,30,30,30,30,30,30,30,29.9,30,30,30,30,30,30.1,30,30.1,30,30.1,30,30,30,30,30,30,30,30,30,30,30,30,30,30,30,30,30,30,30,29.9,30,30,30,30,30,30,30,30
Mean,0.11488,0.11686,0.11854,0.12078,0.12364,0.12816,0.13548,0.14486,0.157,0.1724,0.19322,0.21988,0.25562,0.2974,0.3502,0.41336,0.48772,0.57444,0.6711,0.7773,0.88916,0.99964,1.09992,1.18746,1.25654,1.30816,1.34856,1.37908,1.40336,1.42274,1.43822,1.44966,1.45926,1.46522,1.47068,1.47404,1.4771,1.48108,1.48384,1.48638,1.48864,1.49096,1.49298,1.4954,1.4975,1.49924,1.50128,1.50332,1.50544,1.50704,1.50908,1.51034,1.512,1.51368,1.51504,1.51732,1.51882,1.52002,1.52126,1.52274,1.5237,1.5246,1.52662,1.52802,1.52894,1.53036,1.5313,1.53258,1.53368,1.53538,1.53668,1.5367,1.53846,1.53938,1.54068,1.5419,1.5429,1.54392,1.54404,1.54606,1.54708,1.54792,1.54926,1.54966,1.55126,1.55214,1.55354,1.55432,1.55516,1.55598,1.55714,1.55788,1.55902,1.55994,1.56086,1.56146
StDev,0.006487835,0.005741777,0.007333348,0.007801731,0.008055619,0.009262181,0.011391093,0.013404216,0.015886472,0.018489592,0.021644214,0.025944788,0.031903871,0.033598884,0.036618097,0.037899512,0.038000882,0.037281939,0.035485067,0.033653603,0.031200208,0.029634237,0.027382421,0.025368051,0.022758361,0.021162656,0.019705786,0.018753986,0.018691255,0.018050568,0.017646444,0.017734655,0.017501229,0.017089822,0.017113796,0.017089558,0.017037459,0.016601717,0.016913693,0.016324736,0.016201481,0.016173837,0.016274121,0.016421937,0.016294938,0.015971631,0.01622381,0.015696082,0.016206881,0.015483152,0.015733309,0.015695636,0.015712734,0.015699904,0.015819387,0.015424882,0.016105806,0.015625524,0.015876492,0.01573763,0.016310733,0.015833982,0.015863228,0.015778688,0.015865466,0.015746206,0.015416874,0.015710411,0.015891727,0.015464378,0.015831361,0.015929689,0.015588233,0.015342001,0.015791992,0.015487576,0.015513865,0.015726157,0.015067448,0.015725711,0.015821726,0.015371467,0.015207991,0.015285058,0.015322957,0.015123095,0.015220151,0.015160046,0.014980921,0.015101556,0.01496673,0.015175045,0.014461397,0.015028573,0.015132184,0.014716589
1;2,0.1115,0.1126,0.113,0.1144,0.1174,0.1208,0.1255,0.1334,0.1426,0.155,0.1723,0.1943,0.2232,0.262,0.311,0.3711,0.444,0.5312,0.6288,0.7372,0.8541,0.9689,1.0744,1.1649,1.2387,1.2917,1.3347,1.3653,1.3888,1.4093,1.4254,1.4362,1.445,1.4509,1.4553,1.4582,1.4613,1.4658,1.4677,1.4707,1.4734,1.4752,1.4783,1.4787,1.4815,1.4838,1.4856,1.4886,1.4895,1.492,1.4932,1.4945,1.4957,1.4976,1.4991,1.5012,1.5013,1.5035,1.5043,1.506,1.5054,1.5065,1.5092,1.5111,1.5117,1.513,1.5146,1.5147,1.5155,1.5181,1.5193,1.5186,1.5203,1.5214,1.5215,1.5237,1.524,1.525,1.5269,1.5268,1.5282,1.5299,1.531,1.5314,1.533,1.5346,1.5359,1.5359,1.5373,1.5387,1.5397,1.5395,1.542,1.5416,1.543,1.5436
2;1,0.1162,0.1196,0.1226,0.1257,0.1295,0.1358,0.1442,0.1561,0.1712,0.1896,0.2129,0.2431,0.2831,0.3284,0.3852,0.4497,0.524,0.6111,0.704,0.8063,0.912,1.0185,1.1135,1.197,1.2622,1.3112,1.3496,1.3787,1.4022,1.4217,1.4372,1.4486,1.4591,1.465,1.4714,1.4738,1.4775,1.4805,1.4838,1.4859,1.4879,1.4903,1.4915,1.4948,1.4967,1.4993,1.501,1.502,1.5044,1.5052,1.508,1.5083,1.5104,1.5125,1.5125,1.5147,1.5174,1.5174,1.5191,1.5203,1.521,1.5221,1.5247,1.5249,1.5263,1.5274,1.529,1.5301,1.531,1.5319,1.5341,1.5351,1.5352,1.5379,1.5392,1.539,1.541,1.5414,1.5405,1.5434,1.544,1.5451,1.5462,1.5465,1.5485,1.5484,1.5503,1.551,1.5504,1.5523,1.554,1.555,1.5545,1.557,1.5573,1.5586
2;2,0.1123,0.114,0.115,0.1168,0.1196,0.123,0.129,0.1375,0.1486,0.1631,0.1831,0.2085,0.2426,0.2869,0.3415,0.4088,0.4889,0.5818,0.687,0.8015,0.9214,1.0367,1.1389,1.2256,1.2927,1.3427,1.3813,1.4105,1.4343,1.4528,1.4675,1.479,1.4873,1.4924,1.4977,1.501,1.5034,1.507,1.51,1.5116,1.5137,1.5156,1.5187,1.5201,1.5223,1.5231,1.5256,1.5274,1.5298,1.5308,1.5325,1.5343,1.5355,1.537,1.539,1.5403,1.5425,1.5432,1.5442,1.5459,1.5474,1.547,1.5492,1.551,1.5517,1.5529,1.5536,1.555,1.5558,1.5574,1.5593,1.5595,1.5606,1.5604,1.5626,1.5635,1.564,1.5656,1.5653,1.5675,1.569,1.5691,1.5701,1.5705,1.5721,1.5732,1.5745,1.5746,1.5751,1.5756,1.5775,1.5781,1.5786,1.5801,1.5814,1.581
2;3,0.1089,0.1124,0.1126,0.1149,0.1169,0.1208,0.1277,0.1349,0.1456,0.1593,0.1779,0.2015,0.2335,0.2726,0.3217,0.3828,0.4553,0.5402,0.6371,0.7442,0.8579,0.9709,1.0746,1.1648,1.2366,1.2907,1.3319,1.3641,1.3883,1.408,1.4233,1.435,1.444,1.4504,1.4565,1.4605,1.4627,1.4675,1.4702,1.4734,1.4755,1.478,1.48,1.4827,1.4846,1.4856,1.4876,1.4905,1.4924,1.4952,1.4967,1.499,1.5005,1.5016,1.5036,1.5066,1.5076,1.5093,1.5098,1.5118,1.5135,1.5146,1.5154,1.5174,1.518,1.52,1.5206,1.5227,1.5235,1.5258,1.5259,1.5262,1.5297,1.5293,1.5315,1.5329,1.5339,1.535,1.5351,1.5376,1.5383,1.5387,1.5409,1.5411,1.5423,1.5436,1.5444,1.5462,1.5477,1.5463,1.5481,1.5493,1.5516,1.5518,1.5523,1.5532
3;2,0.1255,0.1257,0.1295,0.1321,0.1348,0.1404,0.151,0.1624,0.177,0.195,0.2199,0.252,0.2957,0.3371,0.3916,0.4544,0.5264,0.6079,0.6986,0.7973,0.9004,1.0032,1.0982,1.185,1.2525,1.3045,1.3453,1.3768,1.4032,1.4219,1.4377,1.4495,1.4609,1.4674,1.4725,1.4767,1.4806,1.4846,1.4875,1.4903,1.4927,1.4957,1.4964,1.5007,1.5024,1.5044,1.5066,1.5081,1.5111,1.512,1.515,1.5156,1.5179,1.5197,1.521,1.5238,1.5253,1.5267,1.5289,1.5297,1.5312,1.5328,1.5346,1.5357,1.537,1.5385,1.5387,1.5404,1.5426,1.5437,1.5448,1.5441,1.5465,1.5479,1.5486,1.5504,1.5516,1.5526,1.5524,1.555,1.5559,1.5568,1.5581,1.5588,1.5604,1.5609,1.5626,1.5639,1.5653,1.567,1.5664,1.5675,1.5684,1.5692,1.5703,1.5709
,,,,,,,,,,,,,,,,,,,,,,,,,,,,,,,,,,,,,,,,,,,,,,,,,,,,,,,,,,,,,,,,,,,,,,,,,,,,,,,,,,,,,,,,,,,,,,,,
Cycles / Well,,,,,,,,,,,,,,,,,,,,,,,,,,,,,,,,,,,,,,,,,,,,,,,,,,,,,,,,,,,,,,,,,,,,,,,,,,,,,,,,,,,,,,,,,,,,,,,,
E9,1,2,3,4,5,6,7,8,9,10,11,12,13,14,15,16,17,18,19,20,21,22,23,24,25,26,27,28,29,30,31,32,33,34,35,36,37,38,39,40,41,42,43,44,45,46,47,48,49,50,51,52,53,54,55,56,57,58,59,60,61,62,63,64,65,66,67,68,69,70,71,72,73,74,75,76,77,78,79,80,81,82,83,84,85,86,87,88,89,90,91,92,93,94,95,96
Time [s],0,1799.797,3599.741,5399.659,7199.573,8999.513,10799.44,12599.356,14399.272,16199.193,17999.112,19799.048,21598.963,23398.904,25198.829,26998.75,28798.659,30598.586,32398.522,34198.445,35998.366,37798.269,39598.205,41398.126,43198.043,44997.982,46797.898,48597.803,50397.735,52197.643,53997.591,55797.492,57597.42,59397.352,61197.265,62997.193,64797.11,66597.04,68396.981,70196.888,71996.807,73796.739,75596.665,77396.594,79196.521,80996.461,82796.378,84596.302,86396.226,88196.142,89996.07,91796.012,93595.919,95395.853,97195.785,98995.689,100795.633,102595.552,104395.481,106195.482,107995.331,109795.267,111595.183,113395.107,115195.043,116994.958,118794.88,120594.819,122394.73,124194.661,125994.586,127794.51,129594.425,131394.355,133194.302,134994.214,136794.146,138594.064,140393.993,142193.907,143993.836,145793.766,147593.683,149393.62,151193.535,152993.466,154793.383,156593.307,158393.229,160193.151,161993.083,163792.996,165592.93,167392.852,169192.773,170992.712
Temp. [°C],22.2,30,30,30,30,30.1,30,30,30,30,30,29.9,30,30,29.8,30,30,29.9,29.9,30,30,30.1,30,30,30,30,30,30,30,30,30,30,30,30,30,30,30,30,30,30,30.1,30,30,30,30,30,30,30,30,30,30,30,30,30,30,30,30,29.9,30,30,30,30,30,30.1,30,30.1,30,30.1,30,30,30,30,30,30,30,30,30,30,30,30,30,30,30,30,30,30,30,29.9,30,30,30,30,30,30,30,30
Mean,0.11136,0.11412,0.11692,0.11984,0.12382,0.1293,0.13734,0.1474,0.16068,0.17894,0.20358,0.23636,0.28094,0.33172,0.39546,0.47054,0.5561,0.651,0.7553,0.86822,0.97898,1.07276,1.14912,1.20628,1.24756,1.27838,1.30344,1.32494,1.34406,1.36204,1.38024,1.39868,1.41752,1.4348,1.44946,1.45866,1.46502,1.46886,1.47192,1.47408,1.47622,1.47874,1.4802,1.48218,1.48348,1.4847,1.48706,1.48824,1.48988,1.49146,1.4922,1.49338,1.49456,1.49598,1.4964,1.49854,1.49898,1.49982,1.50086,1.50176,1.50252,1.50274,1.50424,1.50512,1.50564,1.50634,1.50666,1.50742,1.50884,1.50916,1.50966,1.51102,1.51154,1.51234,1.51342,1.51332,1.514,1.515,1.51452,1.5158,1.5164,1.51724,1.51752,1.51798,1.51908,1.51936,1.52008,1.52082,1.52106,1.52154,1.52232,1.52284,1.52352,1.52446,1.52458,1.52502
StDev,0.006318861,0.00600891,0.007203263,0.0076533,0.008384927,0.009271731,0.011429042,0.013235936,0.015154108,0.018134442,0.02106103,0.025901988,0.032930351,0.036921498,0.04265405,0.047877009,0.05173118,0.0566592,0.060302363,0.064173881,0.062320679,0.059620659,0.053729294,0.04898609,0.045335781,0.043513814,0.041680547,0.039615881,0.039044436,0.037508506,0.037175032,0.03658486,0.036523239,0.036107132,0.034207207,0.033119979,0.032780741,0.03146908,0.031365698,0.030593169,0.030701905,0.030652373,0.030531705,0.030456231,0.030190015,0.030064098,0.02998071,0.029289725,0.028984168,0.028898927,0.029268157,0.028572137,0.028773825,0.028961388,0.028448989,0.028236023,0.028960352,0.028440411,0.028096316,0.02784157,0.027434048,0.027809944,0.028084213,0.027523299,0.028232835,0.027877374,0.027522591,0.02694563,0.027511325,0.027192058,0.027096365,0.027542821,0.026745149,0.027561259,0.027421834,0.026563829,0.027083574,0.026886149,0.025857243,0.026715351,0.026776109,0.026001885,0.026149034,0.026475781,0.026082887,0.025722131,0.025787536,0.025964245,0.025761172,0.026412743,0.025622783,0.025883837,0.025184658,0.025628558,0.025637219,0.025425224
1;2,0.1086,0.1101,0.1119,0.1143,0.1174,0.1221,0.1279,0.1361,0.1476,0.163,0.185,0.2134,0.2514,0.2996,0.3582,0.4303,0.5145,0.6106,0.7171,0.8316,0.9444,1.0413,1.1223,1.1817,1.2252,1.2578,1.2838,1.3051,1.3233,1.3432,1.361,1.3794,1.3975,1.4157,1.43,1.4401,1.4461,1.4502,1.4524,1.4553,1.4568,1.4588,1.4608,1.4617,1.4635,1.4656,1.4676,1.4705,1.4707,1.4739,1.4732,1.4747,1.4754,1.477,1.4778,1.4789,1.4788,1.4804,1.4814,1.4824,1.4828,1.4833,1.4837,1.4852,1.4846,1.4856,1.4863,1.4864,1.4874,1.4883,1.4889,1.4917,1.4905,1.4906,1.4915,1.4929,1.4917,1.4922,1.4932,1.4943,1.4946,1.4963,1.496,1.4963,1.4978,1.4986,1.498,1.4997,1.5001,1.4997,1.5014,1.5006,1.502,1.5024,1.5023,1.5036
2;1,0.1106,0.1158,0.1204,0.1246,0.1299,0.1366,0.1461,0.1593,0.1764,0.1998,0.2297,0.2695,0.3226,0.38,0.4488,0.5275,0.613,0.7064,0.8068,0.9179,1.024,1.1157,1.1842,1.2388,1.2753,1.305,1.3285,1.3482,1.3674,1.3844,1.4019,1.4206,1.4407,1.4568,1.4707,1.4795,1.4863,1.4891,1.4926,1.4939,1.4963,1.4994,1.5018,1.5034,1.5045,1.5062,1.5079,1.5083,1.5102,1.5112,1.5122,1.5119,1.5137,1.5158,1.5156,1.5169,1.5182,1.5183,1.5199,1.5205,1.52,1.5214,1.5224,1.523,1.5249,1.5243,1.5244,1.5243,1.5269,1.5267,1.5273,1.5289,1.5291,1.5309,1.5318,1.5299,1.5322,1.5325,1.5312,1.5333,1.5341,1.5334,1.5338,1.5342,1.5355,1.5351,1.5361,1.5364,1.5372,1.5367,1.5377,1.5384,1.5387,1.54,1.5409,1.5408
2;2,0.1096,0.112,0.1138,0.1164,0.1199,0.1249,0.132,0.1414,0.1547,0.1731,0.1999,0.2362,0.2844,0.347,0.4212,0.5091,0.6071,0.7163,0.8329,0.9547,1.0653,1.1546,1.2253,1.2754,1.3128,1.3408,1.3635,1.3824,1.4002,1.4158,1.4336,1.4506,1.4686,1.4855,1.4967,1.5038,1.5089,1.5111,1.5137,1.5148,1.5168,1.5186,1.5196,1.521,1.5216,1.522,1.5249,1.5251,1.5259,1.528,1.5287,1.53,1.5308,1.5324,1.5323,1.5346,1.5354,1.5363,1.5362,1.5368,1.5379,1.5377,1.5398,1.54,1.5408,1.5418,1.5415,1.542,1.5435,1.5436,1.5436,1.5462,1.5453,1.5465,1.5473,1.547,1.5475,1.5483,1.5471,1.549,1.5499,1.5505,1.5512,1.5519,1.5521,1.5523,1.5528,1.554,1.554,1.5554,1.5549,1.556,1.5559,1.5573,1.5569,1.5571
2;3,0.1058,0.1089,0.1106,0.113,0.1165,0.1212,0.1279,0.1363,0.1472,0.1622,0.1826,0.2089,0.2449,0.2899,0.3471,0.4175,0.5013,0.5928,0.698,0.8077,0.9211,1.0132,1.0962,1.158,1.2022,1.2341,1.2611,1.2848,1.3036,1.3224,1.3404,1.3588,1.3778,1.3946,1.4105,1.42,1.4262,1.4318,1.4353,1.4379,1.4399,1.4423,1.4441,1.4458,1.4468,1.4474,1.4504,1.4515,1.4541,1.4554,1.4557,1.4583,1.459,1.4603,1.4613,1.4644,1.4636,1.4654,1.4667,1.4679,1.4699,1.4689,1.4705,1.472,1.4719,1.4732,1.4737,1.4761,1.4766,1.4771,1.4774,1.4778,1.4804,1.4799,1.4812,1.4818,1.4827,1.4842,1.4849,1.4845,1.4855,1.4873,1.488,1.4877,1.489,1.4897,1.4911,1.4908,1.4916,1.4911,1.4926,1.4939,1.4954,1.4959,1.496,1.496
3;2,0.1222,0.1238,0.1279,0.1309,0.1354,0.1417,0.1528,0.1639,0.1775,0.1966,0.2207,0.2538,0.3014,0.3421,0.402,0.4683,0.5446,0.6289,0.7217,0.8292,0.9401,1.039,1.1176,1.1775,1.2223,1.2542,1.2803,1.3042,1.3258,1.3444,1.3643,1.384,1.403,1.4214,1.4394,1.4499,1.4576,1.4621,1.4656,1.4685,1.4713,1.4746,1.4747,1.479,1.481,1.4823,1.4845,1.4858,1.4885,1.4888,1.4912,1.492,1.4939,1.4944,1.495,1.4979,1.4989,1.4987,1.5001,1.5012,1.502,1.5024,1.5048,1.5054,1.506,1.5068,1.5074,1.5083,1.5098,1.5101,1.5111,1.5105,1.5124,1.5138,1.5153,1.515,1.5159,1.5178,1.5162,1.5179,1.5179,1.5187,1.5186,1.5198,1.521,1.5211,1.5224,1.5232,1.5224,1.5248,1.525,1.5253,1.5256,1.5267,1.5268,1.5276
,,,,,,,,,,,,,,,,,,,,,,,,,,,,,,,,,,,,,,,,,,,,,,,,,,,,,,,,,,,,,,,,,,,,,,,,,,,,,,,,,,,,,,,,,,,,,,,,
Cycles / Well,,,,,,,,,,,,,,,,,,,,,,,,,,,,,,,,,,,,,,,,,,,,,,,,,,,,,,,,,,,,,,,,,,,,,,,,,,,,,,,,,,,,,,,,,,,,,,,,
E10,1,2,3,4,5,6,7,8,9,10,11,12,13,14,15,16,17,18,19,20,21,22,23,24,25,26,27,28,29,30,31,32,33,34,35,36,37,38,39,40,41,42,43,44,45,46,47,48,49,50,51,52,53,54,55,56,57,58,59,60,61,62,63,64,65,66,67,68,69,70,71,72,73,74,75,76,77,78,79,80,81,82,83,84,85,86,87,88,89,90,91,92,93,94,95,96
Time [s],0,1799.797,3599.741,5399.659,7199.573,8999.513,10799.44,12599.356,14399.272,16199.193,17999.112,19799.048,21598.963,23398.904,25198.829,26998.75,28798.659,30598.586,32398.522,34198.445,35998.366,37798.269,39598.205,41398.126,43198.043,44997.982,46797.898,48597.803,50397.735,52197.643,53997.591,55797.492,57597.42,59397.352,61197.265,62997.193,64797.11,66597.04,68396.981,70196.888,71996.807,73796.739,75596.665,77396.594,79196.521,80996.461,82796.378,84596.302,86396.226,88196.142,89996.07,91796.012,93595.919,95395.853,97195.785,98995.689,100795.633,102595.552,104395.481,106195.482,107995.331,109795.267,111595.183,113395.107,115195.043,116994.958,118794.88,120594.819,122394.73,124194.661,125994.586,127794.51,129594.425,131394.355,133194.302,134994.214,136794.146,138594.064,140393.993,142193.907,143993.836,145793.766,147593.683,149393.62,151193.535,152993.466,154793.383,156593.307,158393.229,160193.151,161993.083,163792.996,165592.93,167392.852,169192.773,170992.712
Temp. [°C],22.2,30,30,30,30,30.1,30,30,30,30,30,29.9,30,30,29.8,30,30,29.9,29.9,30,30,30.1,30,30,30,30,30,30,30,30,30,30,30,30,30,30,30,30,30,30,30.1,30,30,30,30,30,30,30,30,30,30,30,30,30,30,30,30,29.9,30,30,30,30,30,30.1,30,30.1,30,30.1,30,30,30,30,30,30,30,30,30,30,30,30,30,30,30,30,30,30,30,29.9,30,30,30,30,30,30,30,30
Mean,0.11338,0.11448,0.11604,0.11632,0.1161,0.1156,0.11554,0.115,0.11448,0.11404,0.11394,0.1136,0.11498,0.1131,0.1131,0.11284,0.11276,0.11282,0.11266,0.1127,0.11274,0.11272,0.11268,0.11258,0.11272,0.11278,0.11292,0.113,0.11302,0.11304,0.11306,0.11304,0.1132,0.1132,0.11338,0.11352,0.1135,0.11376,0.11384,0.11408,0.11416,0.11422,0.11438,0.11448,0.11448,0.11466,0.11478,0.11488,0.11504,0.11568,0.1151,0.1153,0.1153,0.11534,0.11568,0.11584,0.11592,0.11608,0.11612,0.1161,0.1162,0.1163,0.1164,0.1166,0.11666,0.11682,0.11702,0.11712,0.11724,0.11746,0.1175,0.11754,0.1177,0.11778,0.11796,0.11814,0.11818,0.11832,0.11842,0.11862,0.11868,0.11894,0.119,0.1192,0.11948,0.11964,0.11994,0.12024,0.1203,0.12062,0.12092,0.12138,0.12158,0.12184,0.12206,0.12244
StDev,0.006956795,0.005281761,0.005607406,0.004551593,0.004156922,0.003611094,0.004005996,0.003706076,0.003242992,0.003085936,0.003108537,0.002916333,0.005567046,0.002472853,0.00249299,0.002302824,0.00228976,0.002384743,0.002286482,0.002167948,0.00224232,0.002146392,0.002100476,0.002087343,0.002066882,0.002137054,0.002149884,0.002120142,0.002104044,0.002029286,0.00202682,0.002015688,0.001983683,0.002057912,0.001986706,0.002047437,0.002018663,0.002079183,0.002122027,0.002217431,0.002144295,0.002093323,0.002198181,0.002113528,0.002119434,0.002064703,0.002174167,0.002193627,0.002104281,0.002812828,0.002176006,0.002327015,0.002137756,0.002154762,0.002266495,0.002246775,0.002214046,0.002266495,0.002221936,0.002213594,0.002192031,0.002250555,0.002223736,0.002213594,0.002247888,0.00232422,0.002301521,0.002356268,0.002294123,0.002341581,0.002294559,0.002312574,0.002348404,0.002404579,0.002405826,0.002456217,0.002420124,0.002400417,0.002475278,0.00258689,0.00258689,0.00259191,0.002628688,0.002691654,0.002779748,0.002953473,0.002972877,0.003077824,0.00318826,0.003462225,0.003751266,0.003935988,0.00423875,0.004295696,0.004396362,0.004499778
1;2,0.1107,0.1115,0.1128,0.1138,0.114,0.1141,0.114,0.1136,0.1133,0.113,0.1129,0.1127,0.1126,0.1125,0.1126,0.1124,0.1124,0.1124,0.1124,0.1124,0.1125,0.1125,0.1125,0.1125,0.1125,0.1127,0.1127,0.1128,0.1129,0.1129,0.113,0.113,0.1132,0.1132,0.1136,0.1136,0.1137,0.1138,0.1139,0.1141,0.1141,0.1143,0.1144,0.1146,0.1146,0.1147,0.1149,0.1149,0.1151,0.1151,0.1153,0.1153,0.1154,0.1155,0.1156,0.1158,0.116,0.116,0.1161,0.1161,0.1164,0.1165,0.1164,0.1166,0.1167,0.117,0.117,0.1171,0.1173,0.1174,0.1175,0.1176,0.1177,0.1178,0.118,0.1181,0.1182,0.1183,0.1184,0.1184,0.1186,0.1188,0.119,0.119,0.1192,0.1193,0.1198,0.12,0.12,0.1202,0.1203,0.1206,0.1207,0.121,0.1212,0.1216
2;1,0.1127,0.1154,0.1169,0.1172,0.1172,0.1165,0.116,0.1156,0.1154,0.1149,0.1146,0.1142,0.115,0.1139,0.1139,0.1137,0.1139,0.1137,0.1135,0.1136,0.1137,0.1136,0.1137,0.1135,0.1137,0.1137,0.1139,0.1138,0.1139,0.1141,0.114,0.114,0.1141,0.114,0.1144,0.1144,0.1143,0.1146,0.1148,0.115,0.1151,0.1152,0.1154,0.1155,0.1154,0.1155,0.1158,0.1158,0.1159,0.1169,0.116,0.1162,0.1161,0.1161,0.1166,0.1166,0.1167,0.117,0.117,0.1169,0.1169,0.117,0.1171,0.1174,0.1174,0.1176,0.1177,0.1179,0.118,0.1181,0.1181,0.1182,0.1184,0.1184,0.1185,0.1187,0.1187,0.1188,0.1188,0.1189,0.119,0.1192,0.1191,0.1195,0.1197,0.1198,0.1198,0.1203,0.1201,0.1202,0.1203,0.1206,0.1207,0.1209,0.121,0.1212
2;2,0.111,0.1125,0.1142,0.115,0.1151,0.115,0.1148,0.1143,0.1142,0.1138,0.1138,0.1136,0.1134,0.1135,0.1133,0.1132,0.1132,0.1133,0.1132,0.1133,0.1133,0.1134,0.1133,0.1132,0.1134,0.1135,0.1135,0.1138,0.1138,0.1139,0.114,0.1139,0.1141,0.1141,0.1143,0.1144,0.1144,0.1147,0.1147,0.115,0.1152,0.1152,0.1154,0.1156,0.1156,0.1158,0.1159,0.1161,0.1163,0.1162,0.1164,0.1167,0.1166,0.1167,0.1171,0.1174,0.1173,0.1175,0.1176,0.1177,0.1178,0.1179,0.1181,0.1182,0.1183,0.1186,0.1188,0.119,0.119,0.1194,0.1193,0.1195,0.1196,0.1198,0.1201,0.1202,0.1203,0.1205,0.1207,0.121,0.121,0.1214,0.1215,0.1217,0.1222,0.1224,0.1228,0.1232,0.1235,0.1241,0.1248,0.1255,0.1261,0.1266,0.1268,0.1274
2;3,0.1072,0.1098,0.111,0.1119,0.1116,0.1113,0.111,0.1107,0.1103,0.11,0.1099,0.1097,0.1096,0.1094,0.1094,0.1093,0.1091,0.1091,0.109,0.1092,0.1091,0.1092,0.1092,0.1091,0.1093,0.1092,0.1094,0.1095,0.1095,0.1096,0.1096,0.1096,0.1098,0.1097,0.1099,0.11,0.11,0.1102,0.1102,0.1103,0.1105,0.1106,0.1106,0.1108,0.1108,0.1111,0.111,0.1111,0.1114,0.1113,0.1113,0.1113,0.1116,0.1116,0.1118,0.112,0.1121,0.1122,0.1123,0.1123,0.1124,0.1124,0.1126,0.1128,0.1128,0.1128,0.1131,0.1131,0.1133,0.1135,0.1136,0.1136,0.1137,0.1137,0.1139,0.114,0.1141,0.1143,0.1143,0.1144,0.1144,0.1147,0.1147,0.1148,0.115,0.1149,0.1152,0.1153,0.1153,0.1153,0.1153,0.1156,0.1154,0.1156,0.1157,0.116
3;2,0.1253,0.1232,0.1253,0.1237,0.1226,0.1211,0.1219,0.1208,0.1192,0.1185,0.1185,0.1178,0.1243,0.1162,0.1163,0.1156,0.1152,0.1156,0.1152,0.115,0.1151,0.1149,0.1147,0.1146,0.1147,0.1148,0.1151,0.1151,0.115,0.1147,0.1147,0.1147,0.1148,0.115,0.1147,0.1152,0.1151,0.1155,0.1156,0.116,0.1159,0.1158,0.1161,0.1159,0.116,0.1162,0.1163,0.1165,0.1165,0.1189,0.1165,0.117,0.1168,0.1168,0.1173,0.1174,0.1175,0.1177,0.1176,0.1175,0.1175,0.1177,0.1178,0.118,0.1181,0.1181,0.1185,0.1185,0.1186,0.1189,0.119,0.1188,0.1191,0.1192,0.1193,0.1197,0.1196,0.1197,0.1199,0.1204,0.1204,0.1206,0.1207,0.121,0.1213,0.1218,0.1221,0.1224,0.1226,0.1233,0.1239,0.1246,0.125,0.1251,0.1256,0.126
,,,,,,,,,,,,,,,,,,,,,,,,,,,,,,,,,,,,,,,,,,,,,,,,,,,,,,,,,,,,,,,,,,,,,,,,,,,,,,,,,,,,,,,,,,,,,,,,
Cycles / Well,,,,,,,,,,,,,,,,,,,,,,,,,,,,,,,,,,,,,,,,,,,,,,,,,,,,,,,,,,,,,,,,,,,,,,,,,,,,,,,,,,,,,,,,,,,,,,,,
E11,1,2,3,4,5,6,7,8,9,10,11,12,13,14,15,16,17,18,19,20,21,22,23,24,25,26,27,28,29,30,31,32,33,34,35,36,37,38,39,40,41,42,43,44,45,46,47,48,49,50,51,52,53,54,55,56,57,58,59,60,61,62,63,64,65,66,67,68,69,70,71,72,73,74,75,76,77,78,79,80,81,82,83,84,85,86,87,88,89,90,91,92,93,94,95,96
Time [s],0,1799.797,3599.741,5399.659,7199.573,8999.513,10799.44,12599.356,14399.272,16199.193,17999.112,19799.048,21598.963,23398.904,25198.829,26998.75,28798.659,30598.586,32398.522,34198.445,35998.366,37798.269,39598.205,41398.126,43198.043,44997.982,46797.898,48597.803,50397.735,52197.643,53997.591,55797.492,57597.42,59397.352,61197.265,62997.193,64797.11,66597.04,68396.981,70196.888,71996.807,73796.739,75596.665,77396.594,79196.521,80996.461,82796.378,84596.302,86396.226,88196.142,89996.07,91796.012,93595.919,95395.853,97195.785,98995.689,100795.633,102595.552,104395.481,106195.482,107995.331,109795.267,111595.183,113395.107,115195.043,116994.958,118794.88,120594.819,122394.73,124194.661,125994.586,127794.51,129594.425,131394.355,133194.302,134994.214,136794.146,138594.064,140393.993,142193.907,143993.836,145793.766,147593.683,149393.62,151193.535,152993.466,154793.383,156593.307,158393.229,160193.151,161993.083,163792.996,165592.93,167392.852,169192.773,170992.712
Temp. [°C],22.2,30,30,30,30,30.1,30,30,30,30,30,29.9,30,30,29.8,30,30,29.9,29.9,30,30,30.1,30,30,30,30,30,30,30,30,30,30,30,30,30,30,30,30,30,30,30.1,30,30,30,30,30,30,30,30,30,30,30,30,30,30,30,30,29.9,30,30,30,30,30,30.1,30,30.1,30,30.1,30,30,30,30,30,30,30,30,30,30,30,30,30,30,30,30,30,30,30,29.9,30,30,30,30,30,30,30,30
Mean,0.11114,0.11386,0.11654,0.11972,0.12322,0.12852,0.13644,0.1467,0.16116,0.18146,0.20836,0.24504,0.29346,0.35144,0.42228,0.50594,0.60246,0.70814,0.82188,0.93462,1.0357,1.12276,1.192,1.24158,1.2787,1.3068,1.32926,1.34806,1.36484,1.38026,1.39328,1.40572,1.41646,1.42588,1.43392,1.43906,1.44364,1.44672,1.4491,1.45006,1.45134,1.45366,1.45476,1.4572,1.459,1.46024,1.46184,1.46282,1.46418,1.46586,1.467,1.4674,1.46826,1.46948,1.47002,1.47156,1.47262,1.4735,1.47378,1.47432,1.47472,1.47584,1.47692,1.47718,1.47778,1.47886,1.47916,1.47984,1.48074,1.48138,1.4811,1.4821,1.4826,1.48382,1.48428,1.48452,1.48566,1.48626,1.48576,1.48784,1.48818,1.48852,1.48926,1.49008,1.49022,1.49086,1.4923,1.49252,1.49322,1.49286,1.4944,1.4948,1.4959,1.49636,1.49668,1.49744
StDev,0.00157734,0.002174396,0.002324435,0.002459065,0.002719743,0.003096288,0.003652807,0.004432268,0.005306882,0.006424796,0.008042574,0.010590703,0.014362207,0.020538087,0.027377856,0.036927402,0.047662176,0.059181526,0.069147393,0.076144514,0.079678761,0.077824116,0.075918871,0.074087563,0.072338095,0.070257811,0.069915113,0.069143134,0.068174761,0.067393642,0.06792052,0.06739701,0.067578569,0.068095205,0.068007257,0.066793323,0.065882266,0.065533518,0.065246111,0.06445749,0.064569366,0.064278947,0.06380931,0.064732411,0.064441485,0.064382863,0.064371756,0.063803699,0.063880568,0.063022242,0.06351244,0.064071405,0.06385619,0.063707668,0.063787397,0.064136752,0.064042931,0.064327133,0.064050425,0.063870744,0.064523616,0.064307099,0.063921921,0.064318326,0.063667511,0.064103104,0.06402822,0.064293841,0.064131373,0.063621278,0.064345668,0.064510736,0.064178579,0.064138382,0.063992906,0.064246844,0.064057263,0.063963177,0.063638966,0.063797751,0.064255171,0.064537214,0.064651319,0.064417793,0.064404324,0.064157213,0.064197819,0.063851993,0.063415392,0.063663121,0.063661448,0.063720209,0.063876874,0.063823844,0.063522099,0.063484904
1;2,0.1108,0.1124,0.1148,0.1179,0.121,0.1258,0.1326,0.1415,0.1542,0.1722,0.1963,0.2291,0.2724,0.3289,0.3964,0.4777,0.5718,0.6771,0.7926,0.9074,1.0124,1.1039,1.1776,1.2323,1.2712,1.2995,1.3228,1.3427,1.3601,1.3776,1.3901,1.4027,1.4135,1.4244,1.4312,1.4379,1.4429,1.4461,1.4475,1.4492,1.448,1.4515,1.4516,1.4557,1.4592,1.4604,1.4617,1.4616,1.4621,1.4631,1.4659,1.465,1.4663,1.4673,1.4669,1.471,1.4721,1.4721,1.4723,1.4719,1.4732,1.4756,1.4754,1.4757,1.477,1.4766,1.4771,1.4765,1.4787,1.4795,1.4778,1.4788,1.4779,1.4819,1.4818,1.482,1.4834,1.4819,1.4807,1.4852,1.4843,1.4856,1.4855,1.4881,1.4866,1.486,1.4885,1.4881,1.4898,1.4898,1.4915,1.4918,1.4915,1.4931,1.4927,1.495
2;1,0.1127,0.1162,0.1195,0.1227,0.1267,0.1325,0.1409,0.1525,0.1676,0.1882,0.215,0.25,0.2961,0.3479,0.4123,0.4857,0.5714,0.6652,0.7681,0.8721,0.9673,1.0528,1.1214,1.1695,1.2066,1.2374,1.2593,1.2782,1.2955,1.3113,1.3236,1.3354,1.3469,1.3557,1.3639,1.371,1.3752,1.3781,1.3814,1.3818,1.3845,1.3866,1.3893,1.3892,1.3903,1.3925,1.3938,1.3966,1.3974,1.3994,1.3995,1.4001,1.4016,1.403,1.4037,1.4034,1.4041,1.4047,1.4057,1.4065,1.405,1.4063,1.4076,1.4077,1.409,1.4106,1.4105,1.4113,1.4117,1.4125,1.4123,1.4131,1.4141,1.4143,1.4152,1.4145,1.416,1.4168,1.4177,1.4188,1.4182,1.4178,1.4187,1.4195,1.4199,1.4217,1.4221,1.4231,1.4236,1.4223,1.4241,1.4244,1.426,1.4258,1.4264,1.4268
2;2,0.1116,0.1136,0.1159,0.1192,0.1227,0.1281,0.1362,0.147,0.1627,0.1854,0.2162,0.258,0.3126,0.3828,0.4644,0.5614,0.6723,0.7926,0.9179,1.039,1.1423,1.2269,1.2913,1.3369,1.3714,1.3973,1.4184,1.4359,1.4515,1.4656,1.4791,1.4905,1.5011,1.5107,1.5192,1.5228,1.5258,1.5277,1.5303,1.5298,1.5313,1.5333,1.5341,1.5363,1.5378,1.5392,1.5405,1.5419,1.543,1.5442,1.545,1.5463,1.5469,1.5485,1.5493,1.5491,1.5503,1.5511,1.5518,1.5522,1.5522,1.5532,1.554,1.5544,1.5548,1.5564,1.5566,1.5575,1.558,1.5582,1.5579,1.5592,1.5603,1.5613,1.5614,1.5616,1.5625,1.5632,1.562,1.5647,1.5653,1.5656,1.5667,1.5671,1.5672,1.5684,1.5687,1.5698,1.569,1.5693,1.5706,1.5709,1.5721,1.5719,1.5722,1.5731
2;3,0.1086,0.1112,0.1141,0.117,0.1204,0.1254,0.1332,0.1433,0.1575,0.1778,0.2056,0.2439,0.2951,0.358,0.4339,0.5264,0.6321,0.7477,0.8705,0.9887,1.0942,1.1784,1.2477,1.2958,1.3313,1.3573,1.3803,1.3984,1.4141,1.4283,1.4422,1.4546,1.466,1.4756,1.4835,1.487,1.4912,1.4949,1.4969,1.4974,1.5001,1.5015,1.5025,1.5064,1.5069,1.5079,1.51,1.5098,1.5121,1.5127,1.5145,1.5158,1.5163,1.5168,1.5177,1.5208,1.5214,1.5235,1.5227,1.5235,1.5253,1.5254,1.5266,1.5276,1.5266,1.5289,1.529,1.5307,1.531,1.5309,1.5331,1.5341,1.5338,1.5337,1.5346,1.5354,1.5363,1.5376,1.5377,1.5381,1.5397,1.5402,1.5412,1.5411,1.5421,1.5422,1.5445,1.5432,1.5442,1.5433,1.5451,1.5458,1.5479,1.5484,1.5484,1.5481
3;2,0.112,0.1159,0.1184,0.1218,0.1253,0.1308,0.1393,0.1492,0.1638,0.1837,0.2087,0.2442,0.2911,0.3396,0.4044,0.4785,0.5647,0.6581,0.7603,0.8659,0.9623,1.0518,1.122,1.1734,1.213,1.2425,1.2655,1.2851,1.303,1.3185,1.3314,1.3454,1.3548,1.363,1.3718,1.3766,1.3831,1.3868,1.3894,1.3921,1.3928,1.3954,1.3963,1.3984,1.4008,1.4012,1.4032,1.4042,1.4063,1.4099,1.4101,1.4098,1.4102,1.4118,1.4125,1.4135,1.4152,1.4161,1.4164,1.4175,1.4179,1.4187,1.421,1.4205,1.4215,1.4218,1.4226,1.4232,1.4243,1.4258,1.4244,1.4253,1.4269,1.4279,1.4284,1.4291,1.4301,1.4318,1.4307,1.4324,1.4334,1.4334,1.4342,1.4346,1.4353,1.436,1.4377,1.4384,1.4395,1.4396,1.4407,1.4411,1.442,1.4426,1.4437,1.4442
,,,,,,,,,,,,,,,,,,,,,,,,,,,,,,,,,,,,,,,,,,,,,,,,,,,,,,,,,,,,,,,,,,,,,,,,,,,,,,,,,,,,,,,,,,,,,,,,
Cycles / Well,,,,,,,,,,,,,,,,,,,,,,,,,,,,,,,,,,,,,,,,,,,,,,,,,,,,,,,,,,,,,,,,,,,,,,,,,,,,,,,,,,,,,,,,,,,,,,,,
E12,1,2,3,4,5,6,7,8,9,10,11,12,13,14,15,16,17,18,19,20,21,22,23,24,25,26,27,28,29,30,31,32,33,34,35,36,37,38,39,40,41,42,43,44,45,46,47,48,49,50,51,52,53,54,55,56,57,58,59,60,61,62,63,64,65,66,67,68,69,70,71,72,73,74,75,76,77,78,79,80,81,82,83,84,85,86,87,88,89,90,91,92,93,94,95,96
Time [s],0,1799.797,3599.741,5399.659,7199.573,8999.513,10799.44,12599.356,14399.272,16199.193,17999.112,19799.048,21598.963,23398.904,25198.829,26998.75,28798.659,30598.586,32398.522,34198.445,35998.366,37798.269,39598.205,41398.126,43198.043,44997.982,46797.898,48597.803,50397.735,52197.643,53997.591,55797.492,57597.42,59397.352,61197.265,62997.193,64797.11,66597.04,68396.981,70196.888,71996.807,73796.739,75596.665,77396.594,79196.521,80996.461,82796.378,84596.302,86396.226,88196.142,89996.07,91796.012,93595.919,95395.853,97195.785,98995.689,100795.633,102595.552,104395.481,106195.482,107995.331,109795.267,111595.183,113395.107,115195.043,116994.958,118794.88,120594.819,122394.73,124194.661,125994.586,127794.51,129594.425,131394.355,133194.302,134994.214,136794.146,138594.064,140393.993,142193.907,143993.836,145793.766,147593.683,149393.62,151193.535,152993.466,154793.383,156593.307,158393.229,160193.151,161993.083,163792.996,165592.93,167392.852,169192.773,170992.712
Temp. [°C],22.2,30,30,30,30,30.1,30,30,30,30,30,29.9,30,30,29.8,30,30,29.9,29.9,30,30,30.1,30,30,30,30,30,30,30,30,30,30,30,30,30,30,30,30,30,30,30.1,30,30,30,30,30,30,30,30,30,30,30,30,30,30,30,30,29.9,30,30,30,30,30,30.1,30,30.1,30,30.1,30,30,30,30,30,30,30,30,30,30,30,30,30,30,30,30,30,30,30,29.9,30,30,30,30,30,30,30,30
Mean,0.0943,0.09414,0.094,0.09412,0.09414,0.0942,0.09422,0.09424,0.09428,0.09422,0.09424,0.09422,0.09424,0.09424,0.09424,0.09418,0.09418,0.09422,0.0942,0.09428,0.09424,0.0943,0.09428,0.09416,0.09428,0.0942,0.09432,0.09434,0.09432,0.0943,0.09434,0.09428,0.09434,0.09426,0.09438,0.09434,0.09438,0.09438,0.09444,0.09452,0.09454,0.09448,0.09446,0.09454,0.09454,0.0946,0.09458,0.09466,0.09474,0.09486,0.0946,0.0948,0.09466,0.09468,0.09482,0.09494,0.09484,0.09502,0.09506,0.09498,0.09506,0.0951,0.095,0.0951,0.09516,0.09512,0.09532,0.0953,0.0952,0.09548,0.09536,0.09538,0.09544,0.09558,0.09564,0.0958,0.09574,0.0958,0.09582,0.09598,0.096,0.09596,0.09602,0.09608,0.09632,0.0965,0.09652,0.09666,0.09682,0.0967,0.09664,0.09698,0.09712,0.09712,0.09718,0.09734
StDev,0.003103224,0.002966142,0.002974895,0.003024401,0.003002166,0.002920616,0.003075224,0.003045981,0.003059739,0.003126819,0.003149286,0.003133209,0.003254689,0.003192648,0.003149286,0.003207335,0.003253767,0.003215898,0.003192961,0.003244534,0.003244688,0.00328253,0.003259908,0.003283748,0.003296513,0.003277194,0.003269098,0.003277652,0.00330106,0.003330916,0.003335116,0.003320693,0.003367195,0.003353058,0.003362588,0.003325357,0.003360357,0.003362588,0.003384228,0.003393671,0.003330616,0.003340958,0.003369421,0.003342604,0.003311042,0.00317805,0.003273683,0.003197343,0.00312618,0.002918561,0.003207024,0.00308788,0.003134167,0.003097903,0.003114803,0.003046802,0.002989649,0.002916676,0.002881493,0.002949915,0.002965299,0.002842534,0.002979094,0.002892231,0.002813006,0.002839366,0.002779748,0.002791057,0.002732215,0.002732581,0.002715327,0.002701296,0.002712563,0.002735324,0.002747362,0.002732215,0.002824535,0.002815138,0.002841127,0.002914104,0.002973214,0.002872804,0.002991154,0.003047458,0.003182295,0.003413942,0.003374463,0.003514683,0.003859015,0.003732292,0.003789855,0.004114851,0.004468445,0.004437003,0.004662296,0.004827836
1;2,0.0982,0.0978,0.0977,0.0978,0.0977,0.0977,0.0979,0.0979,0.0979,0.0979,0.0979,0.0979,0.0982,0.098,0.0979,0.0979,0.0979,0.0979,0.0979,0.0981,0.098,0.0981,0.098,0.0979,0.0981,0.0979,0.098,0.098,0.098,0.098,0.0981,0.0979,0.0981,0.098,0.0981,0.098,0.098,0.0981,0.0981,0.0982,0.0982,0.0981,0.0981,0.0981,0.0981,0.0981,0.098,0.0981,0.0981,0.0982,0.0981,0.0982,0.098,0.0981,0.0982,0.0982,0.0981,0.0982,0.0982,0.0982,0.0983,0.0982,0.0982,0.0982,0.0982,0.0981,0.0983,0.0982,0.0981,0.0983,0.098,0.0981,0.0981,0.0983,0.0981,0.0981,0.098,0.0982,0.098,0.0981,0.0981,0.0982,0.0981,0.0981,0.0983,0.0982,0.0982,0.0981,0.0982,0.0982,0.0982,0.0982,0.0982,0.0981,0.098,0.0982
2;1,0.0926,0.0924,0.0923,0.0924,0.0925,0.0926,0.0925,0.0925,0.0925,0.0925,0.0925,0.0924,0.0925,0.0924,0.0925,0.0923,0.0924,0.0924,0.0924,0.0924,0.0924,0.0925,0.0924,0.0924,0.0924,0.0924,0.0925,0.0924,0.0925,0.0925,0.0924,0.0924,0.0924,0.0924,0.0924,0.0925,0.0924,0.0924,0.0924,0.0925,0.0925,0.0925,0.0925,0.0926,0.0925,0.0925,0.0925,0.0924,0.0926,0.0926,0.0924,0.0925,0.0924,0.0923,0.0925,0.0927,0.0926,0.0925,0.0925,0.0925,0.0926,0.0926,0.0924,0.0925,0.0925,0.0925,0.0926,0.0926,0.0926,0.0927,0.0925,0.0926,0.0925,0.0926,0.0925,0.0926,0.0924,0.0925,0.0925,0.0926,0.0925,0.0926,0.0925,0.0925,0.0926,0.0926,0.0927,0.0927,0.0926,0.0926,0.0925,0.0926,0.0925,0.0926,0.0925,0.0926
2;2,0.0968,0.0966,0.0964,0.0967,0.0968,0.0967,0.0969,0.0969,0.097,0.097,0.0971,0.097,0.097,0.0971,0.0971,0.0971,0.0972,0.0972,0.0971,0.0972,0.0972,0.0973,0.0973,0.0972,0.0973,0.0973,0.0974,0.0975,0.0975,0.0975,0.0975,0.0976,0.0976,0.0975,0.0977,0.0976,0.0978,0.0977,0.0979,0.098,0.0979,0.0979,0.0979,0.098,0.098,0.0979,0.0981,0.0981,0.0981,0.0979,0.098,0.0981,0.0981,0.098,0.0982,0.0983,0.0981,0.0982,0.0982,0.0982,0.0983,0.0982,0.0983,0.0983,0.0982,0.0983,0.0983,0.0984,0.0982,0.0984,0.0983,0.0983,0.0983,0.0984,0.0984,0.0984,0.0983,0.0984,0.0984,0.0984,0.0983,0.0985,0.0983,0.0984,0.0986,0.0985,0.0986,0.0987,0.0986,0.0986,0.0984,0.0986,0.0986,0.0986,0.0985,0.0985
2;3,0.0932,0.0932,0.0931,0.0931,0.0931,0.0933,0.0932,0.0932,0.0933,0.0932,0.0932,0.0933,0.0931,0.0932,0.0932,0.0932,0.0931,0.0932,0.0932,0.0932,0.0932,0.0932,0.0933,0.0931,0.0932,0.0931,0.0933,0.0933,0.0932,0.0932,0.0933,0.0931,0.0932,0.0931,0.0932,0.0932,0.0932,0.0932,0.0932,0.0932,0.0933,0.0932,0.0932,0.0933,0.0932,0.0932,0.0933,0.0932,0.0933,0.093,0.0931,0.0932,0.0931,0.093,0.0932,0.0933,0.0931,0.0933,0.0933,0.0932,0.0932,0.0932,0.0931,0.0932,0.0931,0.0931,0.0932,0.0932,0.0932,0.0932,0.093,0.0931,0.0931,0.0932,0.0931,0.0932,0.093,0.0931,0.093,0.093,0.093,0.0931,0.093,0.093,0.0931,0.0931,0.0931,0.0932,0.0931,0.093,0.0929,0.0931,0.093,0.093,0.093,0.093
3;2,0.0907,0.0907,0.0905,0.0906,0.0906,0.0907,0.0906,0.0907,0.0907,0.0905,0.0905,0.0905,0.0904,0.0905,0.0905,0.0904,0.0903,0.0904,0.0904,0.0905,0.0904,0.0904,0.0904,0.0902,0.0904,0.0903,0.0904,0.0905,0.0904,0.0903,0.0904,0.0904,0.0904,0.0903,0.0905,0.0904,0.0905,0.0905,0.0906,0.0907,0.0908,0.0907,0.0906,0.0907,0.0909,0.0913,0.091,0.0915,0.0916,0.0926,0.0914,0.092,0.0917,0.092,0.092,0.0922,0.0923,0.0929,0.0931,0.0928,0.0929,0.0933,0.093,0.0933,0.0938,0.0936,0.0942,0.0941,0.0939,0.0948,0.095,0.0948,0.0952,0.0954,0.0961,0.0967,0.097,0.0968,0.0972,0.0978,0.0981,0.0974,0.0982,0.0984,0.099,0.1001,0.1,0.1006,0.1016,0.1011,0.1012,0.1024,0.1033,0.1033,0.1039,0.1044
,,,,,,,,,,,,,,,,,,,,,,,,,,,,,,,,,,,,,,,,,,,,,,,,,,,,,,,,,,,,,,,,,,,,,,,,,,,,,,,,,,,,,,,,,,,,,,,,
Cycles / Well,,,,,,,,,,,,,,,,,,,,,,,,,,,,,,,,,,,,,,,,,,,,,,,,,,,,,,,,,,,,,,,,,,,,,,,,,,,,,,,,,,,,,,,,,,,,,,,,
F1,1,2,3,4,5,6,7,8,9,10,11,12,13,14,15,16,17,18,19,20,21,22,23,24,25,26,27,28,29,30,31,32,33,34,35,36,37,38,39,40,41,42,43,44,45,46,47,48,49,50,51,52,53,54,55,56,57,58,59,60,61,62,63,64,65,66,67,68,69,70,71,72,73,74,75,76,77,78,79,80,81,82,83,84,85,86,87,88,89,90,91,92,93,94,95,96
Time [s],0,1799.797,3599.741,5399.659,7199.573,8999.513,10799.44,12599.356,14399.272,16199.193,17999.112,19799.048,21598.963,23398.904,25198.829,26998.75,28798.659,30598.586,32398.522,34198.445,35998.366,37798.269,39598.205,41398.126,43198.043,44997.982,46797.898,48597.803,50397.735,52197.643,53997.591,55797.492,57597.42,59397.352,61197.265,62997.193,64797.11,66597.04,68396.981,70196.888,71996.807,73796.739,75596.665,77396.594,79196.521,80996.461,82796.378,84596.302,86396.226,88196.142,89996.07,91796.012,93595.919,95395.853,97195.785,98995.689,100795.633,102595.552,104395.481,106195.482,107995.331,109795.267,111595.183,113395.107,115195.043,116994.958,118794.88,120594.819,122394.73,124194.661,125994.586,127794.51,129594.425,131394.355,133194.302,134994.214,136794.146,138594.064,140393.993,142193.907,143993.836,145793.766,147593.683,149393.62,151193.535,152993.466,154793.383,156593.307,158393.229,160193.151,161993.083,163792.996,165592.93,167392.852,169192.773,170992.712
Temp. [°C],22.2,30,30,30,30,30.1,30,30,30,30,30,29.9,30,30,29.8,30,30,29.9,29.9,30,30,30.1,30,30,30,30,30,30,30,30,30,30,30,30,30,30,30,30,30,30,30.1,30,30,30,30,30,30,30,30,30,30,30,30,30,30,30,30,29.9,30,30,30,30,30,30.1,30,30.1,30,30.1,30,30,30,30,30,30,30,30,30,30,30,30,30,30,30,30,30,30,30,29.9,30,30,30,30,30,30,30,30
Mean,0.09502,0.09502,0.0948,0.09494,0.09494,0.09492,0.09496,0.09486,0.09488,0.09488,0.0949,0.09484,0.09488,0.0949,0.09488,0.09486,0.09486,0.09486,0.09484,0.0949,0.09488,0.095,0.0949,0.09484,0.09484,0.09492,0.095,0.095,0.09496,0.09498,0.095,0.09494,0.09502,0.09498,0.0951,0.09504,0.09512,0.09522,0.09532,0.09548,0.09554,0.09546,0.09548,0.09554,0.0959,0.09564,0.09574,0.09588,0.09616,0.09638,0.09602,0.0961,0.09602,0.096,0.0964,0.09648,0.09638,0.09652,0.09644,0.09672,0.09662,0.09648,0.0967,0.09684,0.09674,0.09676,0.09686,0.09682,0.09692,0.0971,0.097,0.09732,0.09732,0.0975,0.09732,0.09772,0.09768,0.09784,0.09784,0.09804,0.09794,0.09818,0.0984,0.09806,0.09876,0.09872,0.09902,0.0989,0.09914,0.09918,0.09922,0.0994,0.09968,0.0999,0.0997,0.10006
StDev,0.002318836,0.002695737,0.002808024,0.002923696,0.002923696,0.002954996,0.003003831,0.003036116,0.003080909,0.003151508,0.003121698,0.003115766,0.003133209,0.003162278,0.003168911,0.003234656,0.003177735,0.003216831,0.003191081,0.003174114,0.003243763,0.003213254,0.003163858,0.003216831,0.003212943,0.003227538,0.003184337,0.003227228,0.003215276,0.003242992,0.003163068,0.003165122,0.003190141,0.00307197,0.00310403,0.003153252,0.003119615,0.003065453,0.002908952,0.00294822,0.002897067,0.002875413,0.00290293,0.002940748,0.002703701,0.002786216,0.002748272,0.002722499,0.002734593,0.00283496,0.002758079,0.002734959,0.002733496,0.002709243,0.002914618,0.00286304,0.002772544,0.002909811,0.002864088,0.003086584,0.003037598,0.00292438,0.003076524,0.003167491,0.003066431,0.003181666,0.003145314,0.003254535,0.003428848,0.003590265,0.003553168,0.003899615,0.003995873,0.004238514,0.003745931,0.004435876,0.004516304,0.004741624,0.004768962,0.005197403,0.005169429,0.005248047,0.005921571,0.005395183,0.006360267,0.00645887,0.006699403,0.006497692,0.007108657,0.007252379,0.007460027,0.007748548,0.008318173,0.008859176,0.008465223,0.008927654
1;2,0.0979,0.0982,0.0981,0.0984,0.0984,0.0984,0.0985,0.0984,0.0985,0.0985,0.0985,0.0984,0.0985,0.0986,0.0985,0.0985,0.0984,0.0985,0.0984,0.0984,0.0985,0.0986,0.0984,0.0984,0.0984,0.0985,0.0985,0.0986,0.0985,0.0986,0.0984,0.0984,0.0985,0.0983,0.0985,0.0985,0.0985,0.0986,0.0985,0.0986,0.0987,0.0986,0.0986,0.0987,0.0986,0.0986,0.0986,0.0986,0.0988,0.0986,0.0986,0.0986,0.0986,0.0986,0.0987,0.0988,0.0987,0.0986,0.0986,0.0987,0.0986,0.0986,0.0985,0.0986,0.0985,0.0986,0.0987,0.0985,0.0986,0.0986,0.0985,0.0986,0.0986,0.0987,0.0987,0.0986,0.0984,0.0986,0.0986,0.0986,0.0985,0.0986,0.0986,0.0985,0.0988,0.0986,0.0988,0.0987,0.0987,0.0987,0.0986,0.0987,0.0986,0.0987,0.0986,0.0987
2;1,0.0954,0.0951,0.0944,0.0944,0.0942,0.0939,0.0938,0.0936,0.0935,0.0935,0.0935,0.0934,0.0934,0.0934,0.0933,0.0932,0.0932,0.0932,0.0931,0.0932,0.0931,0.0933,0.093,0.0929,0.093,0.093,0.0931,0.093,0.0929,0.0929,0.0929,0.0928,0.0929,0.0929,0.0929,0.0929,0.0929,0.0929,0.093,0.093,0.093,0.093,0.093,0.093,0.093,0.093,0.0931,0.093,0.0931,0.0931,0.093,0.0931,0.093,0.093,0.093,0.0932,0.0932,0.0931,0.0931,0.0931,0.0931,0.093,0.0931,0.0932,0.0932,0.0931,0.0932,0.0931,0.093,0.0932,0.093,0.0932,0.093,0.0931,0.0932,0.0932,0.0932,0.0931,0.0932,0.0931,0.093,0.0932,0.0931,0.0931,0.0932,0.0932,0.0934,0.0934,0.0933,0.0932,0.0932,0.0932,0.0933,0.0932,0.0932,0.0933
2;2,0.0963,0.0969,0.097,0.0973,0.0974,0.0975,0.0976,0.0976,0.0977,0.0978,0.0978,0.0978,0.0978,0.0978,0.0979,0.098,0.098,0.098,0.098,0.0981,0.0981,0.0982,0.0981,0.0981,0.0981,0.0982,0.0983,0.0983,0.0983,0.0983,0.0984,0.0983,0.0984,0.0983,0.0984,0.0984,0.0985,0.0985,0.0985,0.0988,0.0987,0.0986,0.0987,0.0988,0.0986,0.0987,0.0988,0.0988,0.0989,0.0988,0.0989,0.099,0.0988,0.0988,0.099,0.0991,0.0991,0.099,0.0991,0.099,0.099,0.099,0.099,0.0991,0.0991,0.099,0.0989,0.0991,0.099,0.0992,0.099,0.099,0.0991,0.0992,0.0991,0.0991,0.0992,0.0992,0.0991,0.0993,0.0991,0.0994,0.0992,0.0991,0.0994,0.0993,0.0994,0.0994,0.0994,0.0994,0.0992,0.0993,0.0993,0.0993,0.0992,0.0995
2;3,0.0935,0.0935,0.0934,0.0934,0.0934,0.0935,0.0936,0.0935,0.0934,0.0935,0.0935,0.0934,0.0935,0.0935,0.0935,0.0935,0.0935,0.0934,0.0935,0.0935,0.0935,0.0935,0.0936,0.0935,0.0934,0.0935,0.0935,0.0935,0.0935,0.0935,0.0935,0.0934,0.0935,0.0934,0.0936,0.0934,0.0935,0.0936,0.0935,0.0936,0.0936,0.0936,0.0935,0.0936,0.0934,0.0936,0.0937,0.0936,0.0937,0.0935,0.0935,0.0936,0.0935,0.0936,0.0935,0.0936,0.0937,0.0936,0.0936,0.0936,0.0935,0.0936,0.0936,0.0936,0.0936,0.0935,0.0937,0.0935,0.0935,0.0934,0.0935,0.0935,0.0935,0.0934,0.0937,0.0937,0.0935,0.0936,0.0935,0.0934,0.0934,0.0936,0.0934,0.0933,0.0935,0.0934,0.0936,0.0936,0.0935,0.0935,0.0935,0.0935,0.0935,0.0934,0.0935,0.0936
3;2,0.092,0.0914,0.0911,0.0912,0.0913,0.0913,0.0913,0.0912,0.0913,0.0911,0.0912,0.0912,0.0912,0.0912,0.0912,0.0911,0.0912,0.0912,0.0912,0.0913,0.0912,0.0914,0.0914,0.0913,0.0913,0.0914,0.0916,0.0916,0.0916,0.0916,0.0918,0.0918,0.0918,0.092,0.0921,0.092,0.0922,0.0925,0.0931,0.0934,0.0937,0.0935,0.0936,0.0936,0.0959,0.0943,0.0945,0.0954,0.0963,0.0979,0.0961,0.0962,0.0962,0.096,0.0978,0.0977,0.0972,0.0983,0.0978,0.0992,0.0989,0.0982,0.0993,0.0997,0.0993,0.0996,0.0998,0.0999,0.1005,0.1011,0.101,0.1023,0.1024,0.1031,0.1019,0.104,0.1041,0.1047,0.1048,0.1058,0.1057,0.1061,0.1077,0.1063,0.1089,0.1091,0.1099,0.1094,0.1108,0.1111,0.1116,0.1123,0.1137,0.1149,0.114,0.1152
,,,,,,,,,,,,,,,,,,,,,,,,,,,,,,,,,,,,,,,,,,,,,,,,,,,,,,,,,,,,,,,,,,,,,,,,,,,,,,,,,,,,,,,,,,,,,,,,
Cycles / Well,,,,,,,,,,,,,,,,,,,,,,,,,,,,,,,,,,,,,,,,,,,,,,,,,,,,,,,,,,,,,,,,,,,,,,,,,,,,,,,,,,,,,,,,,,,,,,,,
F2,1,2,3,4,5,6,7,8,9,10,11,12,13,14,15,16,17,18,19,20,21,22,23,24,25,26,27,28,29,30,31,32,33,34,35,36,37,38,39,40,41,42,43,44,45,46,47,48,49,50,51,52,53,54,55,56,57,58,59,60,61,62,63,64,65,66,67,68,69,70,71,72,73,74,75,76,77,78,79,80,81,82,83,84,85,86,87,88,89,90,91,92,93,94,95,96
Time [s],0,1799.797,3599.741,5399.659,7199.573,8999.513,10799.44,12599.356,14399.272,16199.193,17999.112,19799.048,21598.963,23398.904,25198.829,26998.75,28798.659,30598.586,32398.522,34198.445,35998.366,37798.269,39598.205,41398.126,43198.043,44997.982,46797.898,48597.803,50397.735,52197.643,53997.591,55797.492,57597.42,59397.352,61197.265,62997.193,64797.11,66597.04,68396.981,70196.888,71996.807,73796.739,75596.665,77396.594,79196.521,80996.461,82796.378,84596.302,86396.226,88196.142,89996.07,91796.012,93595.919,95395.853,97195.785,98995.689,100795.633,102595.552,104395.481,106195.482,107995.331,109795.267,111595.183,113395.107,115195.043,116994.958,118794.88,120594.819,122394.73,124194.661,125994.586,127794.51,129594.425,131394.355,133194.302,134994.214,136794.146,138594.064,140393.993,142193.907,143993.836,145793.766,147593.683,149393.62,151193.535,152993.466,154793.383,156593.307,158393.229,160193.151,161993.083,163792.996,165592.93,167392.852,169192.773,170992.712
Temp. [°C],22.2,30,30,30,30,30.1,30,30,30,30,30,29.9,30,30,29.8,30,30,29.9,29.9,30,30,30.1,30,30,30,30,30,30,30,30,30,30,30,30,30,30,30,30,30,30,30.1,30,30,30,30,30,30,30,30,30,30,30,30,30,30,30,30,29.9,30,30,30,30,30,30.1,30,30.1,30,30.1,30,30,30,30,30,30,30,30,30,30,30,30,30,30,30,30,30,30,30,29.9,30,30,30,30,30,30,30,30
Mean,0.11892,0.11974,0.12174,0.12264,0.12384,0.12438,0.12642,0.12738,0.12864,0.12996,0.1317,0.1338,0.13712,0.13822,0.14166,0.14566,0.14996,0.1558,0.16262,0.17076,0.18028,0.19184,0.20604,0.22218,0.24282,0.26706,0.29658,0.32998,0.36844,0.41426,0.46524,0.52232,0.5866,0.65702,0.73172,0.80988,0.88606,0.95806,1.01992,1.07264,1.11602,1.1511,1.17952,1.20476,1.22834,1.24884,1.26902,1.2848,1.29464,1.29868,1.30196,1.30448,1.30666,1.30826,1.3123,1.31392,1.31608,1.31772,1.31876,1.32054,1.32118,1.32018,1.32104,1.32196,1.32146,1.322,1.32142,1.32154,1.32084,1.32042,1.31986,1.31898,1.31762,1.3178,1.31552,1.31526,1.31372,1.31298,1.31102,1.31076,1.30968,1.30812,1.3077,1.30654,1.30528,1.30392,1.30262,1.30116,1.3003,1.29866,1.29766,1.29608,1.29492,1.29462,1.2924,1.2919
StDev,0.017071965,0.015530229,0.01590261,0.014936633,0.015304999,0.014466755,0.016327033,0.016373515,0.016627177,0.016838141,0.017290315,0.018319934,0.020766247,0.018083611,0.018972823,0.020206756,0.020519332,0.022365375,0.024135182,0.026512224,0.028730419,0.031974099,0.036828834,0.040902897,0.046766623,0.054122666,0.06287016,0.071146869,0.081806772,0.092483853,0.103080614,0.112365084,0.121483888,0.129115441,0.135684163,0.140261923,0.142162171,0.140806154,0.138528163,0.134394207,0.129742252,0.1272327,0.124628155,0.123002207,0.123726666,0.122767109,0.122346381,0.120679617,0.118763938,0.118845602,0.118248374,0.119069295,0.118924989,0.118596661,0.119379814,0.1181504,0.118736734,0.119738599,0.119735492,0.119850857,0.120298948,0.119957709,0.120820416,0.121647166,0.120457432,0.121004483,0.120404161,0.120645423,0.121184582,0.121681539,0.121196031,0.121587652,0.121439499,0.122157828,0.121145582,0.122012962,0.121587898,0.122415591,0.122195078,0.122008496,0.122260345,0.122582409,0.122985792,0.122209995,0.122423474,0.122408709,0.122689189,0.122397908,0.122708089,0.123015946,0.122985885,0.122845012,0.123070191,0.12270011,0.122996037,0.123020425
1;2,0.1107,0.1103,0.1113,0.1125,0.1132,0.1138,0.1144,0.1152,0.116,0.1169,0.1181,0.1195,0.1212,0.1231,0.1254,0.1279,0.1312,0.1349,0.1395,0.145,0.1518,0.1596,0.1688,0.18,0.1939,0.21,0.2291,0.2522,0.2789,0.3113,0.3484,0.3922,0.4417,0.4996,0.5612,0.6277,0.698,0.7678,0.831,0.8865,0.9346,0.9734,1.0044,1.0322,1.0538,1.0759,1.0964,1.1147,1.1266,1.1306,1.135,1.1363,1.1381,1.1404,1.1432,1.1466,1.1478,1.1477,1.1482,1.1498,1.1503,1.1504,1.1489,1.1492,1.1506,1.1498,1.15,1.1496,1.1488,1.1467,1.1473,1.1459,1.1458,1.1443,1.1438,1.142,1.1415,1.1389,1.1373,1.1378,1.1361,1.1345,1.1333,1.1331,1.132,1.1306,1.1286,1.1277,1.1268,1.1243,1.1239,1.1219,1.1209,1.1211,1.1196,1.1183
2;1,0.1153,0.1183,0.1209,0.1222,0.123,0.1242,0.126,0.1271,0.1282,0.1293,0.131,0.1325,0.1351,0.1372,0.1405,0.1439,0.1478,0.1531,0.1592,0.1661,0.1741,0.1842,0.1967,0.2111,0.2287,0.2501,0.2761,0.3051,0.3385,0.3799,0.4258,0.4794,0.5409,0.6085,0.6816,0.7592,0.8344,0.9085,0.9706,1.0254,1.0704,1.1044,1.1345,1.1589,1.183,1.203,1.2233,1.2385,1.2492,1.2543,1.2575,1.26,1.2639,1.2654,1.2689,1.2707,1.2723,1.2744,1.2762,1.2782,1.2779,1.276,1.2782,1.2784,1.2776,1.2787,1.2782,1.2786,1.2773,1.2777,1.2774,1.2761,1.2734,1.2747,1.2721,1.272,1.2702,1.2704,1.2688,1.2681,1.2671,1.2649,1.2656,1.2645,1.2634,1.2619,1.2613,1.2599,1.2589,1.2575,1.2557,1.2554,1.2531,1.2537,1.2499,1.2506
2;2,0.1115,0.1129,0.1147,0.1164,0.1177,0.1187,0.1199,0.1208,0.1221,0.1234,0.125,0.1267,0.1288,0.1314,0.1348,0.1386,0.1431,0.1485,0.1551,0.1627,0.1723,0.1833,0.1964,0.2125,0.2328,0.2564,0.2855,0.3195,0.3577,0.4046,0.4584,0.5182,0.5874,0.6627,0.7436,0.8284,0.9099,0.9885,1.054,1.1097,1.1543,1.1906,1.2194,1.2444,1.2702,1.2898,1.3118,1.3275,1.3374,1.3405,1.3437,1.3462,1.3479,1.3498,1.3536,1.3545,1.3575,1.3599,1.3606,1.3625,1.3636,1.3616,1.3627,1.3642,1.3639,1.3648,1.3634,1.3644,1.3629,1.3635,1.362,1.3611,1.3599,1.3594,1.3571,1.3575,1.3558,1.3551,1.3521,1.3514,1.3519,1.3504,1.3497,1.3491,1.3463,1.3449,1.3436,1.3411,1.3405,1.3388,1.3381,1.3365,1.3357,1.335,1.332,1.3327
2;3,0.108,0.1103,0.1124,0.1136,0.1149,0.1159,0.1172,0.1182,0.1196,0.1212,0.1229,0.1248,0.1273,0.1301,0.1334,0.1376,0.1427,0.1486,0.1557,0.1643,0.1744,0.1865,0.2004,0.2168,0.2382,0.2621,0.2922,0.3271,0.3655,0.4118,0.4633,0.5214,0.5868,0.6585,0.7358,0.818,0.8967,0.9684,1.0308,1.085,1.1296,1.165,1.1935,1.2197,1.2428,1.2643,1.2835,1.3,1.3103,1.3134,1.3163,1.3189,1.3204,1.3214,1.3266,1.3286,1.3311,1.3321,1.3336,1.335,1.3354,1.3351,1.3364,1.3365,1.3359,1.3366,1.3368,1.3362,1.3354,1.3352,1.334,1.3336,1.3316,1.3322,1.3297,1.3293,1.3273,1.3267,1.325,1.3246,1.3227,1.321,1.3197,1.3184,1.3171,1.3161,1.3145,1.3135,1.3117,1.3107,1.3093,1.3074,1.3064,1.3053,1.3033,1.3019
3;2,0.1491,0.1469,0.1494,0.1485,0.1504,0.1493,0.1546,0.1556,0.1573,0.159,0.1615,0.1655,0.1732,0.1693,0.1742,0.1803,0.185,0.1939,0.2036,0.2157,0.2288,0.2456,0.2679,0.2905,0.3205,0.3567,0.4,0.446,0.5016,0.5637,0.6303,0.7004,0.7762,0.8558,0.9364,1.0161,1.0913,1.1571,1.2132,1.2566,1.2912,1.3221,1.3458,1.3686,1.3919,1.4112,1.4301,1.4433,1.4497,1.4546,1.4573,1.461,1.463,1.4643,1.4692,1.4692,1.4717,1.4745,1.4752,1.4772,1.4787,1.4778,1.479,1.4815,1.4793,1.4801,1.4787,1.4789,1.4798,1.479,1.4786,1.4782,1.4774,1.4784,1.4749,1.4755,1.4738,1.4738,1.4719,1.4719,1.4706,1.4698,1.4702,1.4676,1.4676,1.4661,1.4651,1.4636,1.4636,1.462,1.4613,1.4592,1.4585,1.458,1.4572,1.456
,,,,,,,,,,,,,,,,,,,,,,,,,,,,,,,,,,,,,,,,,,,,,,,,,,,,,,,,,,,,,,,,,,,,,,,,,,,,,,,,,,,,,,,,,,,,,,,,
Cycles / Well,,,,,,,,,,,,,,,,,,,,,,,,,,,,,,,,,,,,,,,,,,,,,,,,,,,,,,,,,,,,,,,,,,,,,,,,,,,,,,,,,,,,,,,,,,,,,,,,
F3,1,2,3,4,5,6,7,8,9,10,11,12,13,14,15,16,17,18,19,20,21,22,23,24,25,26,27,28,29,30,31,32,33,34,35,36,37,38,39,40,41,42,43,44,45,46,47,48,49,50,51,52,53,54,55,56,57,58,59,60,61,62,63,64,65,66,67,68,69,70,71,72,73,74,75,76,77,78,79,80,81,82,83,84,85,86,87,88,89,90,91,92,93,94,95,96
Time [s],0,1799.797,3599.741,5399.659,7199.573,8999.513,10799.44,12599.356,14399.272,16199.193,17999.112,19799.048,21598.963,23398.904,25198.829,26998.75,28798.659,30598.586,32398.522,34198.445,35998.366,37798.269,39598.205,41398.126,43198.043,44997.982,46797.898,48597.803,50397.735,52197.643,53997.591,55797.492,57597.42,59397.352,61197.265,62997.193,64797.11,66597.04,68396.981,70196.888,71996.807,73796.739,75596.665,77396.594,79196.521,80996.461,82796.378,84596.302,86396.226,88196.142,89996.07,91796.012,93595.919,95395.853,97195.785,98995.689,100795.633,102595.552,104395.481,106195.482,107995.331,109795.267,111595.183,113395.107,115195.043,116994.958,118794.88,120594.819,122394.73,124194.661,125994.586,127794.51,129594.425,131394.355,133194.302,134994.214,136794.146,138594.064,140393.993,142193.907,143993.836,145793.766,147593.683,149393.62,151193.535,152993.466,154793.383,156593.307,158393.229,160193.151,161993.083,163792.996,165592.93,167392.852,169192.773,170992.712
Temp. [°C],22.2,30,30,30,30,30.1,30,30,30,30,30,29.9,30,30,29.8,30,30,29.9,29.9,30,30,30.1,30,30,30,30,30,30,30,30,30,30,30,30,30,30,30,30,30,30,30.1,30,30,30,30,30,30,30,30,30,30,30,30,30,30,30,30,29.9,30,30,30,30,30,30.1,30,30.1,30,30.1,30,30,30,30,30,30,30,30,30,30,30,30,30,30,30,30,30,30,30,29.9,30,30,30,30,30,30,30,30
Mean,0.11392,0.12166,0.13124,0.1403,0.14606,0.15006,0.15452,0.15872,0.16274,0.16784,0.17396,0.18058,0.18916,0.19738,0.20708,0.21886,0.23154,0.2447,0.25868,0.27426,0.28942,0.30672,0.32466,0.34398,0.36448,0.3867,0.40968,0.4329,0.45822,0.48376,0.51092,0.53774,0.56886,0.60226,0.63528,0.67052,0.70598,0.74242,0.77832,0.81648,0.84936,0.88424,0.91742,0.94822,0.97468,0.99664,1.01708,1.03714,1.05478,1.07264,1.08622,1.09984,1.11202,1.12478,1.13758,1.14652,1.15604,1.1621,1.16766,1.1724,1.17512,1.17544,1.17488,1.1762,1.17588,1.17428,1.17426,1.17486,1.17322,1.17336,1.1722,1.17244,1.16898,1.16728,1.16712,1.16692,1.16568,1.16432,1.16294,1.1634,1.16298,1.16248,1.1625,1.16274,1.15986,1.1579,1.15728,1.15596,1.15572,1.15536,1.15374,1.15256,1.15156,1.1522,1.15226,1.15124
StDev,0.003607908,0.003550775,0.00369635,0.005832238,0.008137137,0.009645362,0.010822754,0.012284828,0.013574535,0.014941821,0.016539891,0.01862799,0.021079208,0.024264212,0.027921802,0.032235121,0.037351345,0.041373482,0.04643686,0.052539109,0.058340955,0.064693485,0.071218382,0.078304355,0.084835234,0.092671382,0.099869375,0.107536505,0.116454957,0.124737917,0.133410914,0.142303103,0.151750941,0.161996799,0.172615894,0.182495526,0.193134544,0.203478788,0.213521139,0.222859961,0.232296692,0.241475295,0.251064109,0.257347085,0.262352925,0.26868216,0.27076998,0.274560645,0.27824884,0.280358677,0.284942357,0.289292504,0.291042088,0.293378743,0.293254884,0.296711471,0.296495469,0.295363962,0.295005454,0.293845682,0.293532003,0.295991002,0.295939178,0.294410878,0.294306969,0.294206623,0.29425136,0.293044695,0.294617247,0.294071425,0.293496269,0.294024375,0.294305457,0.293882795,0.293603077,0.292954752,0.2929009,0.294018022,0.293162562,0.291674502,0.292685133,0.292534352,0.291978227,0.290266391,0.290468635,0.290393294,0.290541876,0.290580734,0.289540838,0.290998931,0.289366607,0.289885034,0.289785719,0.287069521,0.287764058,0.287109157
1;2,0.1123,0.1189,0.1294,0.14,0.1472,0.1511,0.1559,0.1598,0.164,0.1693,0.1758,0.183,0.1922,0.2015,0.2114,0.2244,0.2378,0.2505,0.2642,0.279,0.2934,0.3088,0.3246,0.3395,0.358,0.3741,0.3933,0.4103,0.4289,0.4474,0.4679,0.4841,0.5072,0.5332,0.5541,0.5791,0.6017,0.6273,0.6503,0.6797,0.6994,0.7279,0.7476,0.7738,0.7914,0.8073,0.8251,0.842,0.8513,0.8663,0.874,0.8834,0.892,0.9022,0.9174,0.922,0.9337,0.9392,0.945,0.9511,0.9574,0.9552,0.9531,0.9567,0.9592,0.9546,0.9563,0.9597,0.9562,0.9594,0.9587,0.9605,0.9552,0.9517,0.9531,0.9559,0.9552,0.9489,0.9506,0.9545,0.9518,0.9533,0.9533,0.96,0.9515,0.9495,0.9479,0.9474,0.9488,0.9465,0.9467,0.9429,0.9424,0.947,0.9483,0.9471
2;1,0.1176,0.1246,0.1316,0.1368,0.1394,0.1415,0.1443,0.1467,0.1491,0.1528,0.1568,0.1608,0.1664,0.1707,0.1759,0.1821,0.189,0.1969,0.2045,0.2128,0.2213,0.2312,0.2416,0.2537,0.2677,0.2806,0.2973,0.3122,0.3275,0.3431,0.3609,0.3767,0.3977,0.4167,0.4369,0.4598,0.4815,0.5048,0.528,0.5541,0.5766,0.5983,0.6205,0.6412,0.663,0.6796,0.6973,0.711,0.7266,0.741,0.7515,0.7598,0.7711,0.7811,0.7927,0.7968,0.8054,0.8137,0.8202,0.826,0.8282,0.8256,0.826,0.8296,0.8273,0.8281,0.8281,0.8296,0.8262,0.8258,0.8255,0.8236,0.8202,0.8208,0.82,0.8194,0.8175,0.8178,0.8154,0.8168,0.8169,0.8152,0.8168,0.8165,0.8164,0.814,0.8141,0.8115,0.8122,0.8108,0.8108,0.8102,0.8089,0.8123,0.8106,0.8112
2;2,0.1134,0.1228,0.1362,0.1503,0.1597,0.1662,0.1724,0.179,0.185,0.1923,0.2008,0.2105,0.2227,0.2355,0.2507,0.2687,0.2891,0.3084,0.3299,0.3548,0.3786,0.4055,0.4332,0.4635,0.4944,0.5279,0.5627,0.597,0.6337,0.6689,0.708,0.7429,0.7866,0.8291,0.8722,0.9172,0.9605,1.0059,1.0481,1.0965,1.1332,1.1716,1.2081,1.2407,1.2723,1.2988,1.3217,1.3428,1.3636,1.3819,1.3989,1.4127,1.4273,1.4451,1.4567,1.4617,1.4733,1.481,1.4884,1.496,1.5021,1.4991,1.4997,1.5036,1.5009,1.5011,1.5024,1.5065,1.503,1.5033,1.5021,1.5012,1.496,1.4951,1.4952,1.4956,1.4917,1.492,1.488,1.49,1.4929,1.4912,1.4925,1.493,1.489,1.4849,1.4865,1.4815,1.4829,1.4821,1.4813,1.4799,1.478,1.4789,1.4775,1.4799
2;3,0.109,0.117,0.1263,0.1357,0.1417,0.146,0.1509,0.1553,0.1594,0.1643,0.1704,0.1772,0.1861,0.1947,0.2052,0.2172,0.2307,0.2447,0.2603,0.2777,0.2955,0.3159,0.3373,0.3613,0.3839,0.4125,0.4381,0.4674,0.5024,0.5381,0.5721,0.6134,0.6522,0.6996,0.7466,0.7933,0.8441,0.8931,0.9436,0.9892,1.0387,1.0891,1.138,1.1784,1.2085,1.2406,1.2619,1.2871,1.3083,1.3285,1.3491,1.3712,1.3842,1.3957,1.4097,1.4286,1.4354,1.4372,1.4404,1.4392,1.4384,1.4477,1.4456,1.4417,1.4435,1.44,1.4397,1.4339,1.4378,1.4369,1.4347,1.4371,1.4358,1.4328,1.4315,1.4294,1.4308,1.4306,1.4298,1.4256,1.4243,1.4246,1.4225,1.4188,1.4178,1.4177,1.4151,1.4176,1.4132,1.4169,1.4106,1.4108,1.4105,1.4053,1.4088,1.4025
3;2,0.1173,0.125,0.1327,0.1387,0.1423,0.1455,0.1491,0.1528,0.1562,0.1605,0.166,0.1714,0.1784,0.1845,0.1922,0.2019,0.2111,0.223,0.2345,0.247,0.2583,0.2722,0.2866,0.3019,0.3184,0.3384,0.357,0.3776,0.3986,0.4213,0.4457,0.4716,0.5006,0.5327,0.5666,0.6032,0.6421,0.681,0.7216,0.7629,0.7989,0.8343,0.8729,0.907,0.9382,0.9569,0.9794,1.0028,1.0241,1.0455,1.0576,1.0721,1.0855,1.0998,1.1114,1.1235,1.1324,1.1394,1.1443,1.1497,1.1495,1.1496,1.15,1.1494,1.1485,1.1476,1.1448,1.1446,1.1429,1.1414,1.14,1.1398,1.1377,1.136,1.1358,1.1343,1.1332,1.1323,1.1309,1.1301,1.129,1.1281,1.1274,1.1254,1.1246,1.1234,1.1228,1.1218,1.1215,1.1205,1.1193,1.119,1.118,1.1175,1.1161,1.1155
,,,,,,,,,,,,,,,,,,,,,,,,,,,,,,,,,,,,,,,,,,,,,,,,,,,,,,,,,,,,,,,,,,,,,,,,,,,,,,,,,,,,,,,,,,,,,,,,
Cycles / Well,,,,,,,,,,,,,,,,,,,,,,,,,,,,,,,,,,,,,,,,,,,,,,,,,,,,,,,,,,,,,,,,,,,,,,,,,,,,,,,,,,,,,,,,,,,,,,,,
F4,1,2,3,4,5,6,7,8,9,10,11,12,13,14,15,16,17,18,19,20,21,22,23,24,25,26,27,28,29,30,31,32,33,34,35,36,37,38,39,40,41,42,43,44,45,46,47,48,49,50,51,52,53,54,55,56,57,58,59,60,61,62,63,64,65,66,67,68,69,70,71,72,73,74,75,76,77,78,79,80,81,82,83,84,85,86,87,88,89,90,91,92,93,94,95,96
Time [s],0,1799.797,3599.741,5399.659,7199.573,8999.513,10799.44,12599.356,14399.272,16199.193,17999.112,19799.048,21598.963,23398.904,25198.829,26998.75,28798.659,30598.586,32398.522,34198.445,35998.366,37798.269,39598.205,41398.126,43198.043,44997.982,46797.898,48597.803,50397.735,52197.643,53997.591,55797.492,57597.42,59397.352,61197.265,62997.193,64797.11,66597.04,68396.981,70196.888,71996.807,73796.739,75596.665,77396.594,79196.521,80996.461,82796.378,84596.302,86396.226,88196.142,89996.07,91796.012,93595.919,95395.853,97195.785,98995.689,100795.633,102595.552,104395.481,106195.482,107995.331,109795.267,111595.183,113395.107,115195.043,116994.958,118794.88,120594.819,122394.73,124194.661,125994.586,127794.51,129594.425,131394.355,133194.302,134994.214,136794.146,138594.064,140393.993,142193.907,143993.836,145793.766,147593.683,149393.62,151193.535,152993.466,154793.383,156593.307,158393.229,160193.151,161993.083,163792.996,165592.93,167392.852,169192.773,170992.712
Temp. [°C],22.2,30,30,30,30,30.1,30,30,30,30,30,29.9,30,30,29.8,30,30,29.9,29.9,30,30,30.1,30,30,30,30,30,30,30,30,30,30,30,30,30,30,30,30,30,30,30.1,30,30,30,30,30,30,30,30,30,30,30,30,30,30,30,30,29.9,30,30,30,30,30,30.1,30,30.1,30,30.1,30,30,30,30,30,30,30,30,30,30,30,30,30,30,30,30,30,30,30,29.9,30,30,30,30,30,30,30,30
Mean,0.11426,0.1184,0.1244,0.12942,0.13274,0.13512,0.13688,0.1377,0.13834,0.13864,0.1393,0.14,0.1411,0.14186,0.14296,0.14456,0.14626,0.14816,0.15,0.15274,0.15486,0.15774,0.16078,0.16372,0.1677,0.1719,0.17684,0.18222,0.1882,0.19524,0.20264,0.2116,0.22218,0.23384,0.24788,0.26362,0.28116,0.30124,0.32356,0.34906,0.37612,0.40664,0.44054,0.478,0.5187,0.56212,0.60868,0.65986,0.71402,0.7735,0.8328,0.89744,0.96448,1.03128,1.09526,1.15224,1.20462,1.24722,1.28406,1.31632,1.34556,1.37024,1.39232,1.41106,1.42618,1.43748,1.4466,1.45302,1.45686,1.46184,1.46574,1.47014,1.4718,1.47432,1.47644,1.47852,1.47908,1.48042,1.48056,1.48368,1.48398,1.48538,1.48584,1.48884,1.48762,1.48702,1.48736,1.48836,1.48882,1.48816,1.48832,1.48772,1.48748,1.48834,1.48852,1.4884
StDev,0.004059926,0.005161395,0.005411562,0.004521836,0.004153673,0.004008366,0.00438486,0.004538171,0.004936902,0.005060929,0.005444263,0.005630719,0.00578835,0.006237227,0.006572138,0.007036192,0.007401216,0.007998625,0.008446893,0.009257051,0.009468527,0.009983637,0.010717602,0.010936956,0.011557032,0.012511794,0.013105075,0.013845107,0.014873466,0.016135923,0.017457176,0.019167159,0.020934589,0.022998978,0.025828027,0.028531684,0.031836033,0.035543677,0.039890387,0.043886934,0.049383216,0.054776528,0.061844668,0.068047851,0.075496093,0.083284614,0.090971792,0.09966671,0.108764342,0.118821126,0.130836788,0.141495435,0.152361534,0.160962145,0.165794309,0.173308491,0.176792525,0.179584136,0.182755118,0.18499937,0.188157402,0.192514683,0.195886733,0.195458955,0.19512508,0.195779243,0.195776556,0.192231974,0.193912514,0.19304767,0.192867164,0.19387422,0.194401672,0.1945103,0.194360613,0.192213155,0.192871556,0.194355041,0.194278004,0.192765705,0.194438209,0.193581577,0.19382351,0.191028487,0.192585921,0.193961715,0.194385604,0.194447366,0.193669892,0.195452815,0.19432099,0.19578905,0.195831323,0.192982675,0.192701523,0.192968223
1;2,0.1112,0.1137,0.1191,0.1251,0.1292,0.132,0.1343,0.1348,0.1357,0.1362,0.1368,0.1375,0.1387,0.1393,0.1405,0.142,0.1436,0.1451,0.1471,0.1494,0.1517,0.1544,0.1573,0.1604,0.1644,0.1682,0.1732,0.1783,0.1844,0.1907,0.198,0.2062,0.2159,0.2265,0.2386,0.2526,0.2675,0.2859,0.304,0.326,0.3463,0.3711,0.3969,0.4273,0.4578,0.4892,0.5244,0.562,0.5996,0.6392,0.6772,0.7217,0.7658,0.8141,0.8643,0.9028,0.9446,0.9772,1.0048,1.0304,1.052,1.0679,1.0815,1.0988,1.1129,1.1209,1.1291,1.1412,1.1413,1.1478,1.1508,1.1539,1.1543,1.1562,1.1585,1.1635,1.1635,1.1617,1.162,1.1676,1.1644,1.1676,1.1673,1.1751,1.1711,1.1681,1.1674,1.169,1.1699,1.1663,1.1681,1.1645,1.1643,1.1699,1.171,1.1703
2;1,0.1155,0.1197,0.1253,0.1287,0.1306,0.132,0.1326,0.1333,0.1328,0.1326,0.1326,0.133,0.1337,0.1338,0.1342,0.1352,0.1365,0.1375,0.1385,0.1401,0.1417,0.1437,0.1456,0.1479,0.1509,0.1535,0.1575,0.1619,0.1661,0.1711,0.1765,0.1831,0.1913,0.2002,0.2105,0.2229,0.2364,0.2514,0.2691,0.2909,0.3125,0.3381,0.3656,0.3977,0.4338,0.472,0.515,0.5619,0.6154,0.6728,0.731,0.7925,0.8625,0.9327,1.0051,1.0668,1.1257,1.1778,1.2218,1.26,1.2934,1.3162,1.3439,1.3697,1.3859,1.4016,1.4127,1.4229,1.4265,1.431,1.4379,1.4405,1.4405,1.4441,1.4459,1.4521,1.4493,1.4518,1.4507,1.456,1.4575,1.4581,1.4607,1.4638,1.4619,1.4605,1.4625,1.4591,1.4632,1.4611,1.4628,1.4629,1.4627,1.4658,1.4633,1.4652
2;2,0.1141,0.1178,0.1246,0.1313,0.1363,0.1397,0.1422,0.1435,0.1445,0.1451,0.1459,0.1466,0.1478,0.1489,0.1502,0.1518,0.1538,0.1559,0.1583,0.1612,0.164,0.1675,0.1711,0.1749,0.1798,0.1852,0.1911,0.1982,0.2057,0.214,0.2236,0.2351,0.2483,0.263,0.2808,0.3005,0.3226,0.3477,0.3764,0.4087,0.4429,0.4815,0.5253,0.5717,0.6237,0.6763,0.7341,0.7965,0.8634,0.9328,1.0067,1.0793,1.1563,1.2307,1.299,1.3577,1.4103,1.4529,1.4903,1.523,1.5532,1.5767,1.5994,1.6176,1.6286,1.6377,1.6456,1.6508,1.6534,1.6573,1.6596,1.6649,1.6643,1.6664,1.6677,1.6692,1.6692,1.6708,1.6699,1.6733,1.6739,1.6751,1.6764,1.6771,1.6762,1.6757,1.6769,1.6765,1.6765,1.6764,1.6758,1.6753,1.6756,1.6755,1.6747,1.6759
2;3,0.1101,0.1143,0.1202,0.1258,0.1295,0.1326,0.1343,0.1353,0.1362,0.1368,0.1374,0.138,0.1392,0.1399,0.1411,0.1424,0.1438,0.1459,0.1477,0.1505,0.1527,0.1558,0.1588,0.1622,0.1661,0.1709,0.1758,0.1814,0.1879,0.1959,0.2039,0.2135,0.2248,0.2375,0.2529,0.2693,0.2885,0.3102,0.3339,0.3601,0.3907,0.4235,0.4608,0.5004,0.5426,0.5927,0.6425,0.6978,0.7548,0.8166,0.8838,0.9576,1.0304,1.0998,1.1603,1.2211,1.2709,1.3108,1.3467,1.3781,1.4088,1.44,1.4623,1.4767,1.4936,1.5055,1.5143,1.516,1.5237,1.5285,1.5313,1.5382,1.5425,1.5447,1.5465,1.546,1.5488,1.5508,1.553,1.5528,1.5539,1.5557,1.5542,1.5558,1.556,1.5558,1.5558,1.5609,1.5589,1.5602,1.558,1.5583,1.558,1.5553,1.5578,1.5544
3;2,0.1204,0.1265,0.1328,0.1362,0.1381,0.1393,0.141,0.1416,0.1425,0.1425,0.1438,0.1449,0.1461,0.1474,0.1488,0.1514,0.1536,0.1564,0.1584,0.1625,0.1642,0.1673,0.1711,0.1732,0.1773,0.1817,0.1866,0.1913,0.1969,0.2045,0.2112,0.2201,0.2306,0.242,0.2566,0.2728,0.2908,0.311,0.3344,0.3596,0.3882,0.419,0.4541,0.4929,0.5356,0.5804,0.6274,0.6811,0.7369,0.8061,0.8653,0.9361,1.0074,1.0791,1.1476,1.2128,1.2716,1.3174,1.3567,1.3901,1.4204,1.4504,1.4745,1.4925,1.5099,1.5217,1.5313,1.5342,1.5394,1.5446,1.5491,1.5532,1.5574,1.5602,1.5636,1.5618,1.5646,1.567,1.5672,1.5687,1.5702,1.5704,1.5706,1.5724,1.5729,1.575,1.5742,1.5763,1.5756,1.5768,1.5769,1.5776,1.5768,1.5752,1.5758,1.5762
,,,,,,,,,,,,,,,,,,,,,,,,,,,,,,,,,,,,,,,,,,,,,,,,,,,,,,,,,,,,,,,,,,,,,,,,,,,,,,,,,,,,,,,,,,,,,,,,
Cycles / Well,,,,,,,,,,,,,,,,,,,,,,,,,,,,,,,,,,,,,,,,,,,,,,,,,,,,,,,,,,,,,,,,,,,,,,,,,,,,,,,,,,,,,,,,,,,,,,,,
F5,1,2,3,4,5,6,7,8,9,10,11,12,13,14,15,16,17,18,19,20,21,22,23,24,25,26,27,28,29,30,31,32,33,34,35,36,37,38,39,40,41,42,43,44,45,46,47,48,49,50,51,52,53,54,55,56,57,58,59,60,61,62,63,64,65,66,67,68,69,70,71,72,73,74,75,76,77,78,79,80,81,82,83,84,85,86,87,88,89,90,91,92,93,94,95,96
Time [s],0,1799.797,3599.741,5399.659,7199.573,8999.513,10799.44,12599.356,14399.272,16199.193,17999.112,19799.048,21598.963,23398.904,25198.829,26998.75,28798.659,30598.586,32398.522,34198.445,35998.366,37798.269,39598.205,41398.126,43198.043,44997.982,46797.898,48597.803,50397.735,52197.643,53997.591,55797.492,57597.42,59397.352,61197.265,62997.193,64797.11,66597.04,68396.981,70196.888,71996.807,73796.739,75596.665,77396.594,79196.521,80996.461,82796.378,84596.302,86396.226,88196.142,89996.07,91796.012,93595.919,95395.853,97195.785,98995.689,100795.633,102595.552,104395.481,106195.482,107995.331,109795.267,111595.183,113395.107,115195.043,116994.958,118794.88,120594.819,122394.73,124194.661,125994.586,127794.51,129594.425,131394.355,133194.302,134994.214,136794.146,138594.064,140393.993,142193.907,143993.836,145793.766,147593.683,149393.62,151193.535,152993.466,154793.383,156593.307,158393.229,160193.151,161993.083,163792.996,165592.93,167392.852,169192.773,170992.712
Temp. [°C],22.2,30,30,30,30,30.1,30,30,30,30,30,29.9,30,30,29.8,30,30,29.9,29.9,30,30,30.1,30,30,30,30,30,30,30,30,30,30,30,30,30,30,30,30,30,30,30.1,30,30,30,30,30,30,30,30,30,30,30,30,30,30,30,30,29.9,30,30,30,30,30,30.1,30,30.1,30,30.1,30,30,30,30,30,30,30,30,30,30,30,30,30,30,30,30,30,30,30,29.9,30,30,30,30,30,30,30,30
Mean,0.11248,0.11736,0.12406,0.13004,0.1345,0.1378,0.14034,0.142,0.14346,0.14456,0.1461,0.14758,0.1499,0.1517,0.15404,0.1565,0.15954,0.16274,0.16618,0.16982,0.17324,0.17722,0.18178,0.18622,0.19118,0.19646,0.20242,0.20822,0.21498,0.22164,0.22892,0.23586,0.2441,0.25224,0.26118,0.26968,0.27876,0.28798,0.29782,0.30824,0.3183,0.32892,0.33938,0.35094,0.36182,0.3728,0.38378,0.39428,0.4053,0.41876,0.4273,0.4392,0.45004,0.46126,0.47244,0.4833,0.4938,0.5043,0.51366,0.52312,0.53412,0.5434,0.55194,0.56088,0.5697,0.57654,0.58444,0.59238,0.59848,0.60548,0.61204,0.618,0.62332,0.62876,0.63446,0.63962,0.64462,0.64928,0.65414,0.6595,0.66394,0.66866,0.67328,0.67884,0.68196,0.68646,0.6906,0.69622,0.70052,0.70612,0.71096,0.71598,0.72106,0.72722,0.73324,0.73966
StDev,0.002426314,0.002180138,0.0022832,0.003500429,0.005082814,0.006371421,0.007420445,0.008027764,0.008627456,0.00888358,0.009250946,0.009731752,0.010136814,0.010879338,0.011400132,0.012044086,0.012725093,0.013433652,0.014462261,0.015454352,0.016702185,0.017919598,0.019207733,0.020883414,0.022390333,0.024109397,0.025869229,0.027451357,0.030093637,0.032115619,0.034048598,0.03643663,0.038854536,0.041540558,0.044357829,0.046607156,0.049200386,0.052032269,0.054672589,0.057532886,0.060214326,0.063872741,0.066889476,0.070257263,0.072844712,0.076450899,0.079451696,0.082531552,0.08481807,0.086584947,0.090587858,0.094138303,0.096813651,0.099510216,0.102099819,0.10603622,0.108318627,0.110244614,0.111899701,0.114183764,0.116861486,0.119698747,0.121523796,0.12313731,0.125414313,0.126347885,0.127890688,0.128890872,0.130663526,0.131800008,0.132815014,0.134556754,0.135752797,0.136538998,0.137319274,0.137597009,0.138346149,0.139628819,0.141426458,0.141345569,0.142357044,0.143324782,0.144582423,0.144724352,0.14546901,0.146015403,0.146825253,0.148744771,0.149395472,0.150734409,0.151583914,0.152778834,0.153379604,0.154025573,0.155672422,0.157539513
1;2,0.111,0.1156,0.1225,0.1294,0.135,0.1389,0.1417,0.1435,0.1452,0.1464,0.1481,0.1498,0.1523,0.1542,0.1566,0.1595,0.1628,0.166,0.1697,0.1735,0.1775,0.1822,0.1873,0.1926,0.1988,0.2043,0.2111,0.2176,0.2254,0.2324,0.2406,0.2483,0.2574,0.2665,0.2752,0.2848,0.2935,0.3037,0.3132,0.3249,0.3332,0.3443,0.3532,0.3645,0.3747,0.3845,0.3947,0.4051,0.4149,0.4263,0.4335,0.4433,0.4521,0.4626,0.4741,0.4805,0.4904,0.4998,0.5075,0.5157,0.5258,0.5311,0.5369,0.5452,0.5526,0.5568,0.5649,0.5733,0.5764,0.5843,0.5903,0.5971,0.6013,0.6055,0.6108,0.6174,0.6212,0.6228,0.6278,0.6356,0.6374,0.6433,0.6474,0.6563,0.6564,0.6606,0.6634,0.6681,0.673,0.6766,0.6827,0.6852,0.6892,0.699,0.7049,0.7107
2;1,0.1146,0.1188,0.1237,0.1278,0.1299,0.1314,0.1324,0.133,0.1335,0.1343,0.1351,0.1357,0.1374,0.1378,0.1392,0.1405,0.1424,0.1441,0.1459,0.1479,0.1496,0.152,0.1544,0.1571,0.1603,0.163,0.1673,0.1713,0.1746,0.1785,0.1839,0.1883,0.1941,0.1989,0.2038,0.2099,0.2157,0.221,0.2281,0.2356,0.2422,0.2486,0.2549,0.2625,0.2703,0.2771,0.2841,0.2905,0.2999,0.3085,0.3144,0.3215,0.3298,0.3381,0.3459,0.3515,0.3591,0.3682,0.376,0.3827,0.3904,0.3959,0.4024,0.411,0.4157,0.4229,0.4293,0.4365,0.4402,0.4455,0.4511,0.4541,0.4573,0.4622,0.4671,0.4721,0.4761,0.4806,0.4826,0.4874,0.4924,0.4963,0.5007,0.5049,0.5078,0.5115,0.5155,0.5168,0.5218,0.5259,0.5306,0.5342,0.5385,0.5451,0.5484,0.554
2;2,0.1133,0.1184,0.1274,0.1361,0.143,0.1481,0.1521,0.1545,0.1567,0.1581,0.1601,0.1621,0.1649,0.1676,0.1706,0.1737,0.1776,0.1815,0.1862,0.191,0.196,0.2015,0.2075,0.2143,0.2212,0.2286,0.2374,0.2453,0.2553,0.2647,0.2748,0.2849,0.297,0.3085,0.3213,0.333,0.3459,0.3585,0.3726,0.3875,0.4019,0.4176,0.4326,0.449,0.4643,0.4803,0.4955,0.5104,0.5259,0.5414,0.5556,0.5723,0.5877,0.6027,0.6178,0.6331,0.647,0.6615,0.6736,0.6865,0.7011,0.7133,0.725,0.7382,0.7488,0.7584,0.7688,0.7794,0.7871,0.7959,0.8039,0.8111,0.8169,0.8241,0.8307,0.8367,0.8425,0.8499,0.8567,0.8619,0.869,0.8747,0.8826,0.8878,0.8917,0.8966,0.9024,0.908,0.9145,0.9217,0.9288,0.9353,0.9412,0.9503,0.9572,0.9678
2;3,0.109,0.1145,0.1216,0.1275,0.1323,0.1362,0.1391,0.1412,0.1429,0.1443,0.1457,0.1474,0.1499,0.1518,0.1541,0.1567,0.1595,0.1628,0.1664,0.1704,0.1743,0.1788,0.1835,0.1887,0.1937,0.1999,0.2055,0.2119,0.2199,0.2272,0.2347,0.2429,0.2507,0.2601,0.2705,0.2791,0.2894,0.3,0.3106,0.3204,0.3321,0.3443,0.3566,0.3698,0.3807,0.3946,0.4073,0.4188,0.4298,0.4444,0.4574,0.4723,0.4844,0.4975,0.5088,0.5259,0.5372,0.5471,0.5575,0.5681,0.581,0.5953,0.6047,0.6117,0.624,0.6304,0.6385,0.6444,0.6541,0.6606,0.668,0.6763,0.6845,0.6897,0.6964,0.7004,0.7066,0.712,0.7183,0.7224,0.727,0.7328,0.736,0.7407,0.7463,0.7518,0.7563,0.7671,0.77,0.7775,0.7808,0.7876,0.7933,0.7953,0.8045,0.8098
3;2,0.1145,0.1195,0.1251,0.1294,0.1323,0.1344,0.1364,0.1378,0.139,0.1397,0.1415,0.1429,0.145,0.1471,0.1497,0.1521,0.1554,0.1593,0.1627,0.1663,0.1688,0.1716,0.1762,0.1784,0.1819,0.1865,0.1908,0.195,0.1997,0.2054,0.2106,0.2149,0.2213,0.2272,0.2351,0.2416,0.2493,0.2567,0.2646,0.2728,0.2821,0.2898,0.2996,0.3089,0.3191,0.3275,0.3373,0.3466,0.356,0.3732,0.3756,0.3866,0.3962,0.4054,0.4156,0.4255,0.4353,0.4449,0.4537,0.4626,0.4723,0.4814,0.4907,0.4983,0.5074,0.5142,0.5207,0.5283,0.5346,0.5411,0.5469,0.5514,0.5566,0.5623,0.5673,0.5715,0.5767,0.5811,0.5853,0.5902,0.5939,0.5962,0.5997,0.6045,0.6076,0.6118,0.6154,0.6211,0.6233,0.6289,0.6319,0.6376,0.6431,0.6464,0.6512,0.656
,,,,,,,,,,,,,,,,,,,,,,,,,,,,,,,,,,,,,,,,,,,,,,,,,,,,,,,,,,,,,,,,,,,,,,,,,,,,,,,,,,,,,,,,,,,,,,,,
Cycles / Well,,,,,,,,,,,,,,,,,,,,,,,,,,,,,,,,,,,,,,,,,,,,,,,,,,,,,,,,,,,,,,,,,,,,,,,,,,,,,,,,,,,,,,,,,,,,,,,,
F6,1,2,3,4,5,6,7,8,9,10,11,12,13,14,15,16,17,18,19,20,21,22,23,24,25,26,27,28,29,30,31,32,33,34,35,36,37,38,39,40,41,42,43,44,45,46,47,48,49,50,51,52,53,54,55,56,57,58,59,60,61,62,63,64,65,66,67,68,69,70,71,72,73,74,75,76,77,78,79,80,81,82,83,84,85,86,87,88,89,90,91,92,93,94,95,96
Time [s],0,1799.797,3599.741,5399.659,7199.573,8999.513,10799.44,12599.356,14399.272,16199.193,17999.112,19799.048,21598.963,23398.904,25198.829,26998.75,28798.659,30598.586,32398.522,34198.445,35998.366,37798.269,39598.205,41398.126,43198.043,44997.982,46797.898,48597.803,50397.735,52197.643,53997.591,55797.492,57597.42,59397.352,61197.265,62997.193,64797.11,66597.04,68396.981,70196.888,71996.807,73796.739,75596.665,77396.594,79196.521,80996.461,82796.378,84596.302,86396.226,88196.142,89996.07,91796.012,93595.919,95395.853,97195.785,98995.689,100795.633,102595.552,104395.481,106195.482,107995.331,109795.267,111595.183,113395.107,115195.043,116994.958,118794.88,120594.819,122394.73,124194.661,125994.586,127794.51,129594.425,131394.355,133194.302,134994.214,136794.146,138594.064,140393.993,142193.907,143993.836,145793.766,147593.683,149393.62,151193.535,152993.466,154793.383,156593.307,158393.229,160193.151,161993.083,163792.996,165592.93,167392.852,169192.773,170992.712
Temp. [°C],22.2,30,30,30,30,30.1,30,30,30,30,30,29.9,30,30,29.8,30,30,29.9,29.9,30,30,30.1,30,30,30,30,30,30,30,30,30,30,30,30,30,30,30,30,30,30,30.1,30,30,30,30,30,30,30,30,30,30,30,30,30,30,30,30,29.9,30,30,30,30,30,30.1,30,30.1,30,30.1,30,30,30,30,30,30,30,30,30,30,30,30,30,30,30,30,30,30,30,29.9,30,30,30,30,30,30,30,30
Mean,0.1123,0.11662,0.12464,0.13368,0.14398,0.15606,0.17296,0.19312,0.21874,0.25218,0.2908,0.3353,0.38566,0.43788,0.4913,0.54578,0.59878,0.64912,0.69856,0.74572,0.79126,0.83586,0.87822,0.91808,0.95704,0.98914,1.02254,1.04862,1.0721,1.09116,1.10948,1.123,1.13798,1.15054,1.16028,1.17138,1.17664,1.1821,1.18682,1.1935,1.19456,1.19826,1.20064,1.20436,1.20622,1.2072,1.20858,1.21078,1.21174,1.21404,1.21156,1.21222,1.21358,1.21528,1.21712,1.21756,1.21884,1.21948,1.21992,1.22074,1.22282,1.223,1.22248,1.2239,1.22416,1.22414,1.22504,1.22836,1.22678,1.22762,1.22866,1.22776,1.22728,1.2272,1.2281,1.22872,1.2285,1.22764,1.22794,1.23002,1.23162,1.2318,1.23154,1.23504,1.23312,1.23194,1.23262,1.23296,1.23392,1.23432,1.23646,1.23592,1.2356,1.23796,1.23844,1.2397
StDev,0.002166795,0.002323144,0.002634008,0.002833196,0.003942968,0.006263625,0.01016184,0.015388047,0.023190903,0.033943659,0.047345169,0.063553599,0.083516723,0.105242468,0.129212093,0.153451546,0.177843771,0.202568203,0.226987165,0.251000273,0.273767781,0.295065523,0.316741893,0.336149352,0.349996804,0.364914796,0.374108758,0.381649587,0.390667474,0.398209245,0.402243896,0.409561271,0.413552037,0.416275477,0.420314456,0.419122073,0.419189233,0.416718958,0.415629862,0.411962298,0.411577439,0.409539452,0.410261774,0.408234997,0.406311022,0.405822098,0.405496895,0.403104375,0.401554415,0.400413927,0.402152425,0.401802871,0.400697345,0.39994528,0.398364823,0.399397293,0.398770282,0.397140311,0.396673281,0.396175072,0.396250952,0.398434681,0.398246365,0.396971951,0.39682957,0.396110329,0.395573771,0.39280535,0.395607144,0.394265351,0.393430557,0.392782666,0.392400047,0.392218217,0.391803395,0.391220177,0.390006333,0.390861412,0.390621867,0.389385942,0.389049948,0.388161957,0.387641965,0.385511301,0.385615128,0.385515873,0.385229214,0.385808473,0.382934338,0.382952676,0.381547065,0.382836149,0.382228871,0.379859017,0.379561712,0.377319003
1;2,0.1113,0.1143,0.1216,0.1306,0.1406,0.1531,0.1694,0.1887,0.212,0.2405,0.273,0.3078,0.3465,0.3833,0.4145,0.4495,0.4773,0.5023,0.5254,0.5492,0.5702,0.5939,0.6144,0.6324,0.6592,0.6742,0.6974,0.7141,0.7313,0.7418,0.756,0.7617,0.7728,0.7867,0.7921,0.8072,0.8112,0.8196,0.8262,0.8365,0.8356,0.8451,0.8452,0.8531,0.8558,0.8576,0.8595,0.8668,0.8691,0.8728,0.8641,0.8682,0.8678,0.8708,0.8775,0.8759,0.8799,0.8808,0.8809,0.8822,0.8865,0.8855,0.881,0.8843,0.8874,0.8849,0.8873,0.8939,0.889,0.8939,0.8966,0.8958,0.8951,0.8944,0.896,0.8975,0.8987,0.8926,0.8963,0.9029,0.9022,0.9047,0.9033,0.9144,0.9087,0.9063,0.9056,0.9073,0.9114,0.9107,0.9154,0.9096,0.9107,0.9163,0.9186,0.9222
2;1,0.1143,0.1185,0.1263,0.1337,0.1418,0.15,0.1618,0.1757,0.1925,0.2147,0.2392,0.2676,0.2978,0.3282,0.3606,0.3928,0.4256,0.455,0.4841,0.509,0.5362,0.5604,0.5833,0.6059,0.6301,0.6463,0.6706,0.6875,0.6975,0.7073,0.72,0.7241,0.734,0.7397,0.7421,0.752,0.7559,0.7613,0.7656,0.7751,0.776,0.7793,0.7804,0.7836,0.7885,0.7892,0.7895,0.7915,0.7941,0.7953,0.795,0.7925,0.797,0.7995,0.7999,0.7997,0.7998,0.8037,0.805,0.8067,0.8067,0.8035,0.8061,0.8094,0.8071,0.8106,0.8119,0.8192,0.8138,0.8138,0.8157,0.8151,0.8154,0.8159,0.8171,0.8188,0.8195,0.821,0.8188,0.8207,0.8248,0.8252,0.8273,0.8291,0.8294,0.8283,0.8311,0.828,0.8321,0.8329,0.837,0.8372,0.8363,0.8409,0.8402,0.8442
2;2,0.1131,0.1165,0.1257,0.1372,0.1503,0.1665,0.1895,0.2177,0.2552,0.3051,0.3633,0.4306,0.5077,0.5878,0.6708,0.7545,0.8364,0.9128,0.9878,1.0585,1.1268,1.1888,1.2505,1.306,1.3592,1.3988,1.4445,1.4771,1.5044,1.5269,1.55,1.5652,1.5861,1.5988,1.6077,1.6219,1.6252,1.6264,1.6292,1.6374,1.6356,1.6373,1.6398,1.6408,1.6442,1.6433,1.6445,1.6447,1.6459,1.644,1.6423,1.6394,1.6418,1.645,1.6445,1.6419,1.6437,1.6446,1.6455,1.6474,1.6502,1.649,1.6474,1.6518,1.6485,1.6484,1.6514,1.656,1.653,1.6539,1.6538,1.6511,1.6474,1.6473,1.6484,1.6499,1.6469,1.6464,1.6449,1.6485,1.6517,1.6506,1.6517,1.6543,1.6492,1.6463,1.6479,1.6447,1.6452,1.6446,1.6481,1.6471,1.6449,1.6482,1.6458,1.6462
2;3,0.109,0.1144,0.1221,0.1312,0.1419,0.1545,0.1726,0.1946,0.2234,0.2617,0.3083,0.3647,0.4314,0.503,0.5801,0.6586,0.7361,0.815,0.892,0.9676,1.0396,1.1127,1.1821,1.2471,1.3006,1.3554,1.3947,1.4282,1.4657,1.4956,1.5164,1.542,1.5585,1.5762,1.593,1.5984,1.6044,1.6078,1.6117,1.6086,1.6102,1.6122,1.6147,1.6165,1.6129,1.6145,1.6145,1.6135,1.6109,1.6138,1.6144,1.6173,1.6151,1.614,1.6147,1.6202,1.6195,1.6169,1.6157,1.6146,1.6159,1.6218,1.6218,1.6182,1.6215,1.6203,1.6183,1.6156,1.6204,1.6183,1.6193,1.6184,1.6205,1.6199,1.6198,1.6188,1.6189,1.6193,1.6208,1.6195,1.6188,1.6188,1.6164,1.6166,1.618,1.6177,1.6172,1.6215,1.6173,1.6185,1.6173,1.6192,1.6192,1.616,1.6187,1.6166
3;2,0.1138,0.1194,0.1275,0.1357,0.1453,0.1562,0.1715,0.1889,0.2106,0.2389,0.2702,0.3058,0.3449,0.3871,0.4305,0.4735,0.5185,0.5605,0.6035,0.6443,0.6835,0.7235,0.7608,0.799,0.8361,0.871,0.9055,0.9362,0.9616,0.9842,1.005,1.022,1.0385,1.0513,1.0665,1.0774,1.0865,1.0954,1.1014,1.1099,1.1154,1.1174,1.1231,1.1278,1.1297,1.1314,1.1349,1.1374,1.1387,1.1443,1.142,1.1437,1.1462,1.1471,1.149,1.1501,1.1513,1.1514,1.1525,1.1528,1.1548,1.1552,1.1561,1.1558,1.1563,1.1565,1.1563,1.1571,1.1577,1.1582,1.1579,1.1584,1.158,1.1585,1.1592,1.1586,1.1585,1.1589,1.1589,1.1585,1.1606,1.1597,1.159,1.1608,1.1603,1.1611,1.1613,1.1633,1.1636,1.1649,1.1645,1.1665,1.1669,1.1684,1.1689,1.1693
,,,,,,,,,,,,,,,,,,,,,,,,,,,,,,,,,,,,,,,,,,,,,,,,,,,,,,,,,,,,,,,,,,,,,,,,,,,,,,,,,,,,,,,,,,,,,,,,
Cycles / Well,,,,,,,,,,,,,,,,,,,,,,,,,,,,,,,,,,,,,,,,,,,,,,,,,,,,,,,,,,,,,,,,,,,,,,,,,,,,,,,,,,,,,,,,,,,,,,,,
F7,1,2,3,4,5,6,7,8,9,10,11,12,13,14,15,16,17,18,19,20,21,22,23,24,25,26,27,28,29,30,31,32,33,34,35,36,37,38,39,40,41,42,43,44,45,46,47,48,49,50,51,52,53,54,55,56,57,58,59,60,61,62,63,64,65,66,67,68,69,70,71,72,73,74,75,76,77,78,79,80,81,82,83,84,85,86,87,88,89,90,91,92,93,94,95,96
Time [s],0,1799.797,3599.741,5399.659,7199.573,8999.513,10799.44,12599.356,14399.272,16199.193,17999.112,19799.048,21598.963,23398.904,25198.829,26998.75,28798.659,30598.586,32398.522,34198.445,35998.366,37798.269,39598.205,41398.126,43198.043,44997.982,46797.898,48597.803,50397.735,52197.643,53997.591,55797.492,57597.42,59397.352,61197.265,62997.193,64797.11,66597.04,68396.981,70196.888,71996.807,73796.739,75596.665,77396.594,79196.521,80996.461,82796.378,84596.302,86396.226,88196.142,89996.07,91796.012,93595.919,95395.853,97195.785,98995.689,100795.633,102595.552,104395.481,106195.482,107995.331,109795.267,111595.183,113395.107,115195.043,116994.958,118794.88,120594.819,122394.73,124194.661,125994.586,127794.51,129594.425,131394.355,133194.302,134994.214,136794.146,138594.064,140393.993,142193.907,143993.836,145793.766,147593.683,149393.62,151193.535,152993.466,154793.383,156593.307,158393.229,160193.151,161993.083,163792.996,165592.93,167392.852,169192.773,170992.712
Temp. [°C],22.2,30,30,30,30,30.1,30,30,30,30,30,29.9,30,30,29.8,30,30,29.9,29.9,30,30,30.1,30,30,30,30,30,30,30,30,30,30,30,30,30,30,30,30,30,30,30.1,30,30,30,30,30,30,30,30,30,30,30,30,30,30,30,30,29.9,30,30,30,30,30,30.1,30,30.1,30,30.1,30,30,30,30,30,30,30,30,30,30,30,30,30,30,30,30,30,30,30,29.9,30,30,30,30,30,30,30,30
Mean,0.11292,0.11672,0.12224,0.12828,0.135,0.14352,0.15548,0.17076,0.1917,0.21896,0.2531,0.29418,0.34356,0.39924,0.46112,0.52958,0.60126,0.67542,0.75044,0.82628,0.9003,0.97422,1.04358,1.10566,1.16498,1.21076,1.25276,1.286,1.31458,1.3379,1.36142,1.37948,1.39656,1.41018,1.41834,1.42708,1.43134,1.4372,1.44024,1.44592,1.44666,1.45054,1.4506,1.45384,1.45616,1.45702,1.45952,1.46232,1.46334,1.4653,1.46474,1.46598,1.46718,1.46924,1.47176,1.4718,1.47296,1.47438,1.4752,1.47652,1.47766,1.47744,1.47752,1.47864,1.48002,1.48,1.48082,1.48354,1.48196,1.48364,1.48438,1.4849,1.48406,1.484,1.48534,1.48606,1.48618,1.48602,1.48576,1.48866,1.48898,1.4899,1.49056,1.49216,1.49142,1.49136,1.49162,1.49208,1.49358,1.49314,1.49428,1.49388,1.4941,1.49584,1.4963,1.49708
StDev,0.0031697,0.003702297,0.004542356,0.005342003,0.00586302,0.006353896,0.007318265,0.009024023,0.01286332,0.01880593,0.027006388,0.038186411,0.051984882,0.068584933,0.088477833,0.109841645,0.132499766,0.155891186,0.178943687,0.201668185,0.221118226,0.236905091,0.248028158,0.255687745,0.254095252,0.256124595,0.252753275,0.248821331,0.248493887,0.249685642,0.24649259,0.247444574,0.245024464,0.240076252,0.2392742,0.232823983,0.229763635,0.224021785,0.222205666,0.216500651,0.215618768,0.212090141,0.21234293,0.210319621,0.20747309,0.206849757,0.205054339,0.20433796,0.202430934,0.201067849,0.201136926,0.201166975,0.1991533,0.197479741,0.195981448,0.197485025,0.195921867,0.19371042,0.192578906,0.191850129,0.191732113,0.192405465,0.192749467,0.191791913,0.191916107,0.191315525,0.189876465,0.187228585,0.190072639,0.188766027,0.188096217,0.188426657,0.188762398,0.188620757,0.188346471,0.186555094,0.187544973,0.187136306,0.187727284,0.186114865,0.185580042,0.185034794,0.185180191,0.183005268,0.18388501,0.1839871,0.184001446,0.18487284,0.182464769,0.184949704,0.182146952,0.183689213,0.18410167,0.181497722,0.181647585,0.180654469
1;2,0.1112,0.1136,0.1178,0.1228,0.1285,0.1366,0.1474,0.1606,0.1788,0.202,0.2323,0.268,0.3124,0.362,0.4152,0.4771,0.5377,0.5979,0.6588,0.7188,0.7779,0.8394,0.8952,0.9432,1.0044,1.0438,1.0881,1.1242,1.1554,1.1732,1.2011,1.2157,1.2337,1.2551,1.2612,1.2775,1.2801,1.2905,1.2943,1.3046,1.3014,1.3104,1.3074,1.3153,1.3186,1.3163,1.3221,1.3279,1.3284,1.3314,1.3261,1.3281,1.3279,1.3331,1.3397,1.3373,1.3408,1.3419,1.3421,1.345,1.3481,1.3454,1.3418,1.3451,1.3484,1.3463,1.3472,1.3547,1.3476,1.3516,1.3544,1.3553,1.3529,1.3509,1.3533,1.3547,1.3544,1.3504,1.3531,1.3602,1.3574,1.3597,1.3612,1.3669,1.3616,1.3596,1.3593,1.36,1.3639,1.3605,1.3637,1.3595,1.3611,1.3635,1.3653,1.3676
2;1,0.113,0.1175,0.1223,0.1271,0.133,0.1397,0.15,0.164,0.1801,0.2004,0.2236,0.2504,0.2818,0.3152,0.3511,0.3914,0.434,0.4784,0.523,0.569,0.6162,0.6644,0.7135,0.7631,0.8183,0.8598,0.9045,0.9413,0.9676,0.9912,1.0176,1.0354,1.0559,1.0732,1.0835,1.0995,1.1098,1.1237,1.1295,1.1432,1.1477,1.1548,1.1566,1.1601,1.1675,1.1714,1.1749,1.1771,1.1821,1.1856,1.1878,1.1884,1.1944,1.1976,1.2003,1.1986,1.2013,1.2074,1.2105,1.2124,1.2123,1.2121,1.214,1.2157,1.2152,1.2177,1.2212,1.226,1.2224,1.225,1.2255,1.2253,1.2245,1.2259,1.2267,1.2307,1.2291,1.2325,1.2289,1.2321,1.2355,1.2364,1.2365,1.2394,1.2397,1.2407,1.2415,1.2397,1.2443,1.2415,1.246,1.2454,1.2437,1.25,1.2491,1.251
2;2,0.1131,0.1163,0.1222,0.1294,0.137,0.1473,0.1621,0.1809,0.2085,0.2455,0.2923,0.3501,0.419,0.4971,0.5846,0.6799,0.7804,0.8818,0.9821,1.0808,1.173,1.2559,1.3297,1.3896,1.4426,1.483,1.5205,1.5464,1.5715,1.5925,1.6138,1.63,1.6441,1.6517,1.6569,1.6616,1.661,1.6635,1.6635,1.6668,1.6656,1.6654,1.6674,1.6666,1.669,1.6682,1.6684,1.6709,1.6715,1.67,1.6695,1.6698,1.6701,1.6713,1.6723,1.6712,1.6715,1.673,1.6724,1.6744,1.6748,1.673,1.6738,1.6756,1.6755,1.6751,1.6752,1.6769,1.6764,1.6768,1.6764,1.6773,1.6762,1.6755,1.6752,1.6761,1.6765,1.6769,1.6756,1.6775,1.678,1.6775,1.6797,1.6789,1.6777,1.6776,1.6789,1.6774,1.6783,1.6806,1.6783,1.6795,1.679,1.6796,1.679,1.6803
2;3,0.1094,0.1136,0.1193,0.1253,0.1325,0.1415,0.1539,0.1691,0.1906,0.2191,0.2558,0.3028,0.3618,0.427,0.5031,0.5885,0.676,0.7706,0.8665,0.9653,1.0582,1.1498,1.2256,1.2959,1.3463,1.393,1.4273,1.4568,1.485,1.5124,1.5305,1.5519,1.5666,1.5756,1.5849,1.5852,1.589,1.5886,1.5927,1.5906,1.5923,1.5945,1.5934,1.596,1.5934,1.5964,1.5973,1.598,1.596,1.6,1.5998,1.6024,1.6017,1.6011,1.6023,1.6061,1.6055,1.6035,1.6034,1.6024,1.6032,1.6069,1.6075,1.6055,1.6076,1.6077,1.6067,1.6053,1.608,1.6087,1.6089,1.6102,1.609,1.61,1.6118,1.6098,1.611,1.6109,1.6122,1.6125,1.612,1.6136,1.6126,1.6125,1.6143,1.6148,1.6141,1.6181,1.6155,1.618,1.6159,1.6176,1.6188,1.617,1.6188,1.6173
3;2,0.1179,0.1226,0.1296,0.1368,0.144,0.1525,0.164,0.1792,0.2005,0.2278,0.2615,0.2996,0.3428,0.3949,0.4516,0.511,0.5782,0.6484,0.7218,0.7975,0.8762,0.9616,1.0539,1.1365,1.2133,1.2742,1.3234,1.3613,1.3934,1.4202,1.4441,1.4644,1.4825,1.4953,1.5052,1.5116,1.5168,1.5197,1.5212,1.5244,1.5263,1.5276,1.5282,1.5312,1.5323,1.5328,1.5349,1.5377,1.5387,1.5395,1.5405,1.5412,1.5418,1.5431,1.5442,1.5458,1.5457,1.5461,1.5476,1.5484,1.5499,1.5498,1.5505,1.5513,1.5534,1.5532,1.5538,1.5548,1.5554,1.5561,1.5567,1.5564,1.5577,1.5577,1.5597,1.559,1.5599,1.5594,1.559,1.561,1.562,1.5623,1.5628,1.5631,1.5638,1.5641,1.5643,1.5652,1.5659,1.5651,1.5675,1.5674,1.5679,1.5691,1.5693,1.5692
,,,,,,,,,,,,,,,,,,,,,,,,,,,,,,,,,,,,,,,,,,,,,,,,,,,,,,,,,,,,,,,,,,,,,,,,,,,,,,,,,,,,,,,,,,,,,,,,
Cycles / Well,,,,,,,,,,,,,,,,,,,,,,,,,,,,,,,,,,,,,,,,,,,,,,,,,,,,,,,,,,,,,,,,,,,,,,,,,,,,,,,,,,,,,,,,,,,,,,,,
F8,1,2,3,4,5,6,7,8,9,10,11,12,13,14,15,16,17,18,19,20,21,22,23,24,25,26,27,28,29,30,31,32,33,34,35,36,37,38,39,40,41,42,43,44,45,46,47,48,49,50,51,52,53,54,55,56,57,58,59,60,61,62,63,64,65,66,67,68,69,70,71,72,73,74,75,76,77,78,79,80,81,82,83,84,85,86,87,88,89,90,91,92,93,94,95,96
Time [s],0,1799.797,3599.741,5399.659,7199.573,8999.513,10799.44,12599.356,14399.272,16199.193,17999.112,19799.048,21598.963,23398.904,25198.829,26998.75,28798.659,30598.586,32398.522,34198.445,35998.366,37798.269,39598.205,41398.126,43198.043,44997.982,46797.898,48597.803,50397.735,52197.643,53997.591,55797.492,57597.42,59397.352,61197.265,62997.193,64797.11,66597.04,68396.981,70196.888,71996.807,73796.739,75596.665,77396.594,79196.521,80996.461,82796.378,84596.302,86396.226,88196.142,89996.07,91796.012,93595.919,95395.853,97195.785,98995.689,100795.633,102595.552,104395.481,106195.482,107995.331,109795.267,111595.183,113395.107,115195.043,116994.958,118794.88,120594.819,122394.73,124194.661,125994.586,127794.51,129594.425,131394.355,133194.302,134994.214,136794.146,138594.064,140393.993,142193.907,143993.836,145793.766,147593.683,149393.62,151193.535,152993.466,154793.383,156593.307,158393.229,160193.151,161993.083,163792.996,165592.93,167392.852,169192.773,170992.712
Temp. [°C],22.2,30,30,30,30,30.1,30,30,30,30,30,29.9,30,30,29.8,30,30,29.9,29.9,30,30,30.1,30,30,30,30,30,30,30,30,30,30,30,30,30,30,30,30,30,30,30.1,30,30,30,30,30,30,30,30,30,30,30,30,30,30,30,30,29.9,30,30,30,30,30,30.1,30,30.1,30,30.1,30,30,30,30,30,30,30,30,30,30,30,30,30,30,30,30,30,30,30,29.9,30,30,30,30,30,30,30,30
Mean,0.11374,0.11698,0.12072,0.12456,0.12964,0.1368,0.14706,0.15988,0.17724,0.20098,0.23352,0.2747,0.32664,0.38774,0.4592,0.5425,0.63596,0.73904,0.85034,0.96422,1.06692,1.15148,1.21884,1.27096,1.3107,1.342,1.36788,1.39036,1.41142,1.43274,1.453,1.47308,1.48736,1.4963,1.50234,1.50614,1.50946,1.51278,1.51482,1.517,1.5187,1.52,1.52166,1.52372,1.5251,1.52754,1.52882,1.53036,1.5316,1.533,1.53408,1.53538,1.53668,1.53764,1.53914,1.54066,1.54152,1.54218,1.54258,1.54368,1.5446,1.54446,1.54586,1.54686,1.54776,1.5483,1.5487,1.54946,1.55038,1.55142,1.55148,1.55216,1.55312,1.55376,1.55414,1.55502,1.55554,1.55638,1.55612,1.55734,1.55746,1.55782,1.55894,1.55922,1.56034,1.56084,1.56118,1.56218,1.56334,1.56306,1.56324,1.56444,1.56502,1.56524,1.56576,1.56642
StDev,0.005422914,0.005769922,0.007505132,0.008386179,0.009613168,0.011055542,0.013537097,0.016279957,0.019547455,0.02373904,0.029478161,0.034647727,0.03943752,0.044739669,0.049735651,0.055614521,0.062161306,0.068108355,0.074064047,0.075109833,0.072268472,0.066131286,0.05992794,0.055971135,0.052613876,0.049713077,0.048314408,0.046647433,0.045733106,0.044912003,0.044087753,0.044115609,0.043353062,0.041752305,0.040653696,0.040273229,0.040367351,0.039930339,0.039201046,0.039327153,0.039862639,0.039234424,0.038681042,0.038785074,0.038511297,0.038457353,0.038701189,0.038383239,0.038114105,0.037207325,0.037444185,0.037295402,0.037784944,0.037799114,0.037401511,0.03742904,0.037350194,0.036934225,0.037245765,0.037203387,0.037200269,0.036067825,0.036644413,0.036963266,0.037225368,0.036633932,0.036624787,0.036716318,0.036442722,0.036150961,0.036338781,0.035315266,0.035980161,0.035932339,0.035793128,0.036714057,0.036445343,0.036340432,0.034967085,0.035999972,0.036051949,0.035910194,0.035767415,0.035588088,0.036006638,0.035604115,0.03550031,0.03513178,0.035394463,0.035569903,0.035899972,0.035661155,0.035214585,0.035211688,0.035742034,0.035853968
1;2,0.1108,0.1124,0.1148,0.1174,0.1208,0.1265,0.1337,0.1433,0.1567,0.1748,0.2001,0.2334,0.2777,0.3318,0.3967,0.4741,0.5619,0.6615,0.7687,0.8831,0.9873,1.0785,1.1529,1.2077,1.2528,1.2873,1.3146,1.339,1.3613,1.3832,1.4027,1.4232,1.4377,1.4489,1.456,1.4609,1.464,1.4674,1.4708,1.4735,1.4736,1.4758,1.4776,1.4795,1.4817,1.4843,1.4846,1.4868,1.4891,1.4906,1.4915,1.4928,1.4933,1.4948,1.4965,1.4975,1.4982,1.4999,1.5002,1.5007,1.502,1.5025,1.503,1.5036,1.5047,1.506,1.5057,1.5068,1.5075,1.5085,1.5088,1.5106,1.511,1.5116,1.5121,1.5112,1.5119,1.513,1.5148,1.5147,1.5148,1.5147,1.5167,1.517,1.5174,1.5184,1.5189,1.5206,1.5206,1.5196,1.5197,1.521,1.5223,1.5227,1.5222,1.5228
2;1,0.1144,0.1194,0.124,0.1284,0.1352,0.1434,0.1555,0.1715,0.1922,0.2196,0.2572,0.3021,0.356,0.4148,0.4826,0.56,0.6471,0.7409,0.8427,0.9493,1.0535,1.1402,1.2095,1.2661,1.3082,1.34,1.3677,1.3912,1.4111,1.4319,1.4546,1.4735,1.4899,1.5,1.5052,1.509,1.5141,1.5182,1.5201,1.5236,1.5262,1.5272,1.5276,1.5303,1.531,1.5351,1.5368,1.5381,1.5388,1.5389,1.5422,1.5415,1.5437,1.5447,1.5455,1.5474,1.5482,1.5492,1.5493,1.5505,1.551,1.5502,1.5511,1.5537,1.553,1.5547,1.5553,1.5556,1.5557,1.5574,1.5562,1.5565,1.5573,1.5589,1.5603,1.5608,1.5607,1.5617,1.5595,1.5608,1.5613,1.5626,1.5631,1.5636,1.5648,1.5639,1.5648,1.5641,1.5668,1.5662,1.5672,1.5673,1.5672,1.5674,1.5701,1.5703
2;2,0.1125,0.115,0.1179,0.1214,0.1258,0.1326,0.1422,0.155,0.1732,0.1989,0.2355,0.2847,0.3463,0.422,0.5083,0.6088,0.718,0.8355,0.9596,1.076,1.1724,1.2469,1.3051,1.3502,1.3845,1.4117,1.4339,1.4531,1.4733,1.4928,1.5103,1.53,1.5409,1.5465,1.5515,1.5544,1.5565,1.5582,1.5598,1.5614,1.5631,1.563,1.5649,1.5661,1.5672,1.5691,1.5706,1.5714,1.5728,1.5739,1.5734,1.5757,1.5767,1.5776,1.5788,1.5803,1.5808,1.5806,1.5817,1.5825,1.5838,1.5822,1.5843,1.5853,1.5871,1.5862,1.5861,1.5875,1.5881,1.5892,1.5885,1.5895,1.5909,1.5906,1.5905,1.5923,1.593,1.5938,1.5924,1.595,1.5945,1.5946,1.5961,1.5955,1.5968,1.5978,1.5978,1.5986,1.6006,1.6008,1.5997,1.6015,1.6012,1.6012,1.6016,1.6025
2;3,0.1084,0.1122,0.1146,0.1182,0.1227,0.1287,0.1376,0.1478,0.1618,0.1816,0.2077,0.2432,0.2907,0.3466,0.4156,0.4969,0.5881,0.6898,0.8011,0.9167,1.0209,1.108,1.1785,1.2325,1.271,1.3043,1.3295,1.3522,1.3744,1.3966,1.4177,1.4375,1.4513,1.4601,1.4677,1.4709,1.4732,1.4768,1.479,1.4797,1.4816,1.4832,1.4865,1.4881,1.4894,1.4911,1.4928,1.4943,1.4952,1.499,1.4987,1.5012,1.5019,1.5022,1.5046,1.5065,1.5077,1.5079,1.5079,1.5097,1.5104,1.5122,1.5136,1.5137,1.5145,1.5149,1.516,1.5164,1.5185,1.52,1.5198,1.5217,1.5219,1.5222,1.5223,1.5234,1.5246,1.5253,1.5265,1.527,1.5268,1.5276,1.5283,1.5288,1.5298,1.5313,1.5314,1.5332,1.5345,1.5349,1.5339,1.5361,1.5371,1.5371,1.5366,1.5373
3;2,0.1226,0.1259,0.1323,0.1374,0.1437,0.1528,0.1663,0.1818,0.2023,0.23,0.2671,0.3101,0.3625,0.4235,0.4928,0.5727,0.6647,0.7675,0.8796,0.996,1.1005,1.1838,1.2482,1.2983,1.337,1.3667,1.3937,1.4163,1.437,1.4592,1.4797,1.5012,1.517,1.526,1.5313,1.5355,1.5395,1.5433,1.5444,1.5468,1.549,1.5508,1.5517,1.5546,1.5562,1.5581,1.5593,1.5612,1.5621,1.5626,1.5646,1.5657,1.5678,1.5689,1.5703,1.5716,1.5727,1.5733,1.5738,1.575,1.5758,1.5752,1.5773,1.578,1.5795,1.5797,1.5804,1.581,1.5821,1.582,1.5841,1.5825,1.5845,1.5855,1.5855,1.5874,1.5875,1.5881,1.5874,1.5892,1.5899,1.5896,1.5905,1.5912,1.5929,1.5928,1.593,1.5944,1.5942,1.5938,1.5957,1.5963,1.5973,1.5978,1.5983,1.5992
,,,,,,,,,,,,,,,,,,,,,,,,,,,,,,,,,,,,,,,,,,,,,,,,,,,,,,,,,,,,,,,,,,,,,,,,,,,,,,,,,,,,,,,,,,,,,,,,
Cycles / Well,,,,,,,,,,,,,,,,,,,,,,,,,,,,,,,,,,,,,,,,,,,,,,,,,,,,,,,,,,,,,,,,,,,,,,,,,,,,,,,,,,,,,,,,,,,,,,,,
F9,1,2,3,4,5,6,7,8,9,10,11,12,13,14,15,16,17,18,19,20,21,22,23,24,25,26,27,28,29,30,31,32,33,34,35,36,37,38,39,40,41,42,43,44,45,46,47,48,49,50,51,52,53,54,55,56,57,58,59,60,61,62,63,64,65,66,67,68,69,70,71,72,73,74,75,76,77,78,79,80,81,82,83,84,85,86,87,88,89,90,91,92,93,94,95,96
Time [s],0,1799.797,3599.741,5399.659,7199.573,8999.513,10799.44,12599.356,14399.272,16199.193,17999.112,19799.048,21598.963,23398.904,25198.829,26998.75,28798.659,30598.586,32398.522,34198.445,35998.366,37798.269,39598.205,41398.126,43198.043,44997.982,46797.898,48597.803,50397.735,52197.643,53997.591,55797.492,57597.42,59397.352,61197.265,62997.193,64797.11,66597.04,68396.981,70196.888,71996.807,73796.739,75596.665,77396.594,79196.521,80996.461,82796.378,84596.302,86396.226,88196.142,89996.07,91796.012,93595.919,95395.853,97195.785,98995.689,100795.633,102595.552,104395.481,106195.482,107995.331,109795.267,111595.183,113395.107,115195.043,116994.958,118794.88,120594.819,122394.73,124194.661,125994.586,127794.51,129594.425,131394.355,133194.302,134994.214,136794.146,138594.064,140393.993,142193.907,143993.836,145793.766,147593.683,149393.62,151193.535,152993.466,154793.383,156593.307,158393.229,160193.151,161993.083,163792.996,165592.93,167392.852,169192.773,170992.712
Temp. [°C],22.2,30,30,30,30,30.1,30,30,30,30,30,29.9,30,30,29.8,30,30,29.9,29.9,30,30,30.1,30,30,30,30,30,30,30,30,30,30,30,30,30,30,30,30,30,30,30.1,30,30,30,30,30,30,30,30,30,30,30,30,30,30,30,30,29.9,30,30,30,30,30,30.1,30,30.1,30,30.1,30,30,30,30,30,30,30,30,30,30,30,30,30,30,30,30,30,30,30,29.9,30,30,30,30,30,30,30,30
Mean,0.11576,0.11838,0.12238,0.1265,0.13172,0.13904,0.1492,0.16292,0.18132,0.20592,0.23878,0.27996,0.33008,0.39006,0.4591,0.5371,0.62454,0.719,0.821,0.92972,1.03772,1.13362,1.20858,1.26516,1.30978,1.34286,1.37142,1.39614,1.41818,1.43826,1.45774,1.4748,1.49022,1.50156,1.50798,1.51242,1.51598,1.51946,1.52192,1.52414,1.52548,1.52776,1.52892,1.53102,1.53244,1.5344,1.53626,1.5383,1.53972,1.54052,1.5424,1.54292,1.54434,1.5457,1.54738,1.54844,1.54916,1.55016,1.55122,1.55234,1.55286,1.55302,1.55452,1.55536,1.55616,1.5576,1.55794,1.55882,1.55914,1.56046,1.56086,1.56166,1.56252,1.56352,1.56406,1.5648,1.56596,1.56626,1.5656,1.56796,1.56824,1.56878,1.56918,1.5702,1.5706,1.57158,1.5716,1.57212,1.57332,1.57376,1.57442,1.5751,1.5756,1.57648,1.57656,1.57704
StDev,0.005642517,0.005223217,0.005784203,0.005972855,0.006654848,0.00765983,0.008357332,0.010343452,0.012269556,0.015397467,0.019675797,0.025944614,0.034749561,0.046927529,0.061812418,0.077712901,0.095908983,0.113743198,0.129992827,0.140853566,0.140641217,0.134786598,0.126237344,0.11672169,0.103893465,0.098152652,0.090440102,0.084047891,0.078062456,0.072426949,0.068101784,0.065474919,0.061775537,0.058072093,0.055677841,0.053051173,0.051462967,0.049657306,0.049019557,0.047175873,0.04682336,0.045074527,0.045567664,0.044631794,0.044215755,0.043350836,0.043549317,0.042609858,0.042434856,0.042489552,0.041872724,0.04210798,0.041380346,0.041444059,0.04059867,0.040902665,0.040639181,0.040275402,0.039774829,0.040029589,0.040192574,0.039741502,0.040130188,0.039712693,0.039845301,0.039592108,0.039337425,0.039532101,0.039612157,0.038739941,0.038926893,0.038292858,0.038598601,0.038688784,0.038371057,0.038108726,0.038339901,0.038309242,0.037721546,0.037895752,0.038129818,0.037824556,0.037989959,0.037525525,0.03781382,0.037995618,0.037649104,0.037402901,0.037363712,0.036936134,0.037525751,0.037597008,0.037597806,0.037012863,0.037534557,0.037209851
1;2,0.1119,0.114,0.117,0.1203,0.1243,0.1303,0.1386,0.149,0.1633,0.1821,0.2077,0.2398,0.2791,0.3268,0.3819,0.4481,0.5174,0.5927,0.6736,0.761,0.8491,0.9355,1.0155,1.0829,1.148,1.1905,1.2309,1.2661,1.2989,1.3297,1.357,1.3787,1.4005,1.4183,1.4282,1.4375,1.4427,1.4487,1.4514,1.4563,1.4582,1.4628,1.463,1.4667,1.4686,1.4713,1.4729,1.4764,1.4778,1.4782,1.4808,1.4811,1.4837,1.4848,1.488,1.4886,1.49,1.4914,1.493,1.494,1.4943,1.4946,1.4953,1.4969,1.4982,1.4996,1.5004,1.5012,1.5011,1.5039,1.5037,1.5053,1.5059,1.5065,1.5076,1.5086,1.5094,1.5098,1.51,1.5121,1.5123,1.5129,1.5135,1.5156,1.5147,1.5157,1.5161,1.5171,1.5182,1.5187,1.5188,1.5193,1.5198,1.5218,1.5211,1.5225
2;1,0.1175,0.1203,0.1244,0.1285,0.1342,0.1412,0.1518,0.1665,0.1862,0.2107,0.2427,0.2789,0.3223,0.3711,0.4281,0.4936,0.5692,0.6522,0.7449,0.8538,0.9771,1.0881,1.1726,1.2352,1.2812,1.313,1.3428,1.3688,1.3892,1.4074,1.4273,1.4433,1.4588,1.4705,1.4776,1.4822,1.4875,1.4923,1.496,1.4999,1.5011,1.5047,1.5064,1.508,1.51,1.5136,1.5146,1.5176,1.5197,1.5201,1.5232,1.5226,1.5246,1.5266,1.5279,1.5282,1.5291,1.5309,1.5328,1.5332,1.5333,1.5342,1.5355,1.5368,1.5362,1.539,1.5394,1.5399,1.5398,1.5414,1.5422,1.5437,1.5436,1.5453,1.5455,1.5472,1.548,1.5484,1.5475,1.5503,1.5502,1.5515,1.5507,1.5515,1.5534,1.5536,1.5541,1.5538,1.5558,1.5563,1.5574,1.5581,1.5581,1.5589,1.5592,1.559
2;2,0.1151,0.1174,0.1213,0.1257,0.131,0.1385,0.1496,0.1645,0.1855,0.2149,0.2554,0.3089,0.3757,0.4553,0.5463,0.6471,0.7581,0.8739,0.9929,1.1101,1.2072,1.2849,1.3437,1.3863,1.4192,1.4449,1.4652,1.4852,1.5016,1.517,1.5341,1.5478,1.5597,1.568,1.5711,1.5738,1.5752,1.5769,1.5781,1.579,1.5796,1.5798,1.5818,1.5821,1.5832,1.5841,1.5855,1.5872,1.5884,1.5881,1.5895,1.5897,1.5904,1.5921,1.5926,1.5932,1.5942,1.5951,1.5957,1.5971,1.5976,1.5967,1.5977,1.5987,1.5998,1.6011,1.6009,1.6023,1.6013,1.6021,1.6019,1.6024,1.6031,1.6041,1.6034,1.6053,1.6062,1.6068,1.6046,1.6079,1.6087,1.6086,1.6091,1.6096,1.6097,1.6109,1.6106,1.6104,1.6112,1.6104,1.6126,1.6137,1.6136,1.6141,1.6142,1.615
2;3,0.1099,0.1138,0.1179,0.1224,0.1275,0.1346,0.1449,0.1578,0.1759,0.2003,0.2332,0.277,0.3354,0.4034,0.486,0.5799,0.6837,0.7956,0.9146,1.0344,1.1407,1.2256,1.2909,1.3386,1.3719,1.403,1.4252,1.4432,1.4617,1.4787,1.4936,1.5092,1.5218,1.5295,1.5348,1.5361,1.5379,1.5395,1.5418,1.5405,1.5415,1.5426,1.5432,1.545,1.5461,1.5466,1.5498,1.5505,1.5516,1.5537,1.5536,1.5559,1.5555,1.5562,1.558,1.56,1.5595,1.5597,1.5601,1.5616,1.5628,1.5635,1.5652,1.5651,1.5662,1.5664,1.5661,1.5671,1.5685,1.5694,1.5694,1.57,1.5717,1.572,1.5726,1.5729,1.5744,1.5745,1.5743,1.576,1.576,1.5765,1.5776,1.5778,1.5778,1.5792,1.579,1.5809,1.5807,1.5835,1.5817,1.5828,1.5841,1.5847,1.5836,1.5844
3;2,0.1244,0.1264,0.1313,0.1356,0.1416,0.1506,0.1611,0.1768,0.1957,0.2216,0.2549,0.2952,0.3379,0.3937,0.4532,0.5168,0.5943,0.6806,0.779,0.8893,1.0145,1.134,1.2202,1.2828,1.3286,1.3629,1.393,1.4174,1.4395,1.4585,1.4767,1.495,1.5103,1.5215,1.5282,1.5325,1.5366,1.5399,1.5423,1.545,1.547,1.5489,1.5502,1.5533,1.5543,1.5564,1.5585,1.5598,1.5611,1.5625,1.5649,1.5653,1.5675,1.5688,1.5704,1.5722,1.573,1.5737,1.5745,1.5758,1.5763,1.5761,1.5789,1.5793,1.5804,1.5819,1.5829,1.5836,1.585,1.5855,1.5871,1.5869,1.5883,1.5897,1.5912,1.59,1.5918,1.5918,1.5916,1.5935,1.594,1.5944,1.595,1.5965,1.5974,1.5985,1.5982,1.5984,1.6007,1.5999,1.6016,1.6016,1.6024,1.6029,1.6047,1.6043
,,,,,,,,,,,,,,,,,,,,,,,,,,,,,,,,,,,,,,,,,,,,,,,,,,,,,,,,,,,,,,,,,,,,,,,,,,,,,,,,,,,,,,,,,,,,,,,,
Cycles / Well,,,,,,,,,,,,,,,,,,,,,,,,,,,,,,,,,,,,,,,,,,,,,,,,,,,,,,,,,,,,,,,,,,,,,,,,,,,,,,,,,,,,,,,,,,,,,,,,
F10,1,2,3,4,5,6,7,8,9,10,11,12,13,14,15,16,17,18,19,20,21,22,23,24,25,26,27,28,29,30,31,32,33,34,35,36,37,38,39,40,41,42,43,44,45,46,47,48,49,50,51,52,53,54,55,56,57,58,59,60,61,62,63,64,65,66,67,68,69,70,71,72,73,74,75,76,77,78,79,80,81,82,83,84,85,86,87,88,89,90,91,92,93,94,95,96
Time [s],0,1799.797,3599.741,5399.659,7199.573,8999.513,10799.44,12599.356,14399.272,16199.193,17999.112,19799.048,21598.963,23398.904,25198.829,26998.75,28798.659,30598.586,32398.522,34198.445,35998.366,37798.269,39598.205,41398.126,43198.043,44997.982,46797.898,48597.803,50397.735,52197.643,53997.591,55797.492,57597.42,59397.352,61197.265,62997.193,64797.11,66597.04,68396.981,70196.888,71996.807,73796.739,75596.665,77396.594,79196.521,80996.461,82796.378,84596.302,86396.226,88196.142,89996.07,91796.012,93595.919,95395.853,97195.785,98995.689,100795.633,102595.552,104395.481,106195.482,107995.331,109795.267,111595.183,113395.107,115195.043,116994.958,118794.88,120594.819,122394.73,124194.661,125994.586,127794.51,129594.425,131394.355,133194.302,134994.214,136794.146,138594.064,140393.993,142193.907,143993.836,145793.766,147593.683,149393.62,151193.535,152993.466,154793.383,156593.307,158393.229,160193.151,161993.083,163792.996,165592.93,167392.852,169192.773,170992.712
Temp. [°C],22.2,30,30,30,30,30.1,30,30,30,30,30,29.9,30,30,29.8,30,30,29.9,29.9,30,30,30.1,30,30,30,30,30,30,30,30,30,30,30,30,30,30,30,30,30,30,30.1,30,30,30,30,30,30,30,30,30,30,30,30,30,30,30,30,29.9,30,30,30,30,30,30.1,30,30.1,30,30.1,30,30,30,30,30,30,30,30,30,30,30,30,30,30,30,30,30,30,30,29.9,30,30,30,30,30,30,30,30
Mean,0.11446,0.11608,0.11812,0.11926,0.11946,0.11944,0.11934,0.11888,0.11834,0.11808,0.11802,0.1176,0.11854,0.11744,0.11732,0.11742,0.11734,0.1174,0.11728,0.11726,0.1172,0.11726,0.11736,0.11712,0.11718,0.11726,0.1174,0.11748,0.11752,0.1175,0.11754,0.11736,0.11752,0.1174,0.1176,0.11758,0.11758,0.1178,0.11782,0.118,0.11802,0.11814,0.11828,0.11832,0.11844,0.11834,0.11846,0.11848,0.1186,0.1193,0.11846,0.1186,0.1185,0.1185,0.11878,0.11902,0.1191,0.11916,0.11908,0.11924,0.11926,0.11942,0.11958,0.11956,0.11976,0.11952,0.11978,0.11976,0.11982,0.12008,0.11982,0.11998,0.1201,0.12022,0.12032,0.12048,0.12038,0.12058,0.12064,0.12076,0.12088,0.12102,0.12094,0.12112,0.12142,0.12148,0.1216,0.12168,0.12192,0.12182,0.12178,0.12194,0.1226,0.1229,0.12308,0.1235
StDev,0.007185959,0.006894708,0.00637746,0.005954242,0.005715593,0.005512985,0.005557248,0.005024639,0.004948535,0.005009691,0.005094311,0.0049985,0.005510263,0.00511791,0.005178031,0.005387671,0.005309708,0.005358171,0.005502908,0.005388228,0.005410176,0.00534771,0.005374291,0.005296414,0.005341067,0.005370568,0.005519964,0.005567046,0.005685684,0.005540307,0.005587754,0.00563143,0.005524219,0.005757169,0.005724509,0.005534618,0.005516974,0.005615603,0.005723373,0.005830094,0.005863617,0.005999,0.005961292,0.006068525,0.006197822,0.006026857,0.006018139,0.005933127,0.00609877,0.005925791,0.005873925,0.005780571,0.005979548,0.005900424,0.006055328,0.006106308,0.006092618,0.006258834,0.006217073,0.006229205,0.006278376,0.006578906,0.00665635,0.006671057,0.006677799,0.006516287,0.00661793,0.00668229,0.00660053,0.006887089,0.006773256,0.006722871,0.006932171,0.006847043,0.006966491,0.007053155,0.006913176,0.007028656,0.006969433,0.007198125,0.007252379,0.007195624,0.007363966,0.007197013,0.007296026,0.00723374,0.007210062,0.007144018,0.007428122,0.007211588,0.007213668,0.007321748,0.007832305,0.007802564,0.007747064,0.008164558
1;2,0.1083,0.1101,0.1125,0.1143,0.1149,0.1151,0.1152,0.115,0.1147,0.1145,0.1143,0.1141,0.114,0.1138,0.1138,0.1137,0.1136,0.1137,0.1136,0.1137,0.1136,0.1136,0.1136,0.1136,0.1137,0.1137,0.1138,0.1139,0.1138,0.1139,0.1139,0.1138,0.114,0.1139,0.1139,0.1141,0.1141,0.1143,0.1143,0.1143,0.1145,0.1144,0.1145,0.1145,0.1145,0.1146,0.1148,0.1147,0.1148,0.1151,0.115,0.1152,0.1151,0.1151,0.1152,0.1154,0.1157,0.1156,0.1156,0.1157,0.1158,0.1158,0.1158,0.116,0.1161,0.1161,0.1164,0.1164,0.1165,0.1166,0.1166,0.1168,0.117,0.117,0.1171,0.1174,0.1174,0.1174,0.1176,0.1177,0.1178,0.1179,0.1177,0.118,0.1184,0.1184,0.1186,0.119,0.1192,0.1191,0.1191,0.1192,0.1195,0.1199,0.1202,0.1203
2;1,0.1224,0.1247,0.1256,0.1256,0.1253,0.125,0.1249,0.1225,0.1219,0.122,0.1222,0.1214,0.1213,0.1217,0.1218,0.1224,0.1221,0.1221,0.1225,0.1221,0.1221,0.122,0.1221,0.1216,0.122,0.1219,0.1225,0.1229,0.1233,0.1227,0.123,0.1227,0.1227,0.1232,0.1232,0.1228,0.1225,0.123,0.1234,0.1237,0.124,0.1245,0.1243,0.1246,0.1252,0.1245,0.1247,0.1243,0.125,0.1244,0.1241,0.1238,0.1242,0.1239,0.1245,0.125,0.1249,0.1255,0.1251,0.1254,0.1254,0.1264,0.1267,0.1266,0.1268,0.126,0.1265,0.1265,0.1263,0.1274,0.1268,0.1263,0.1271,0.1271,0.127,0.1272,0.1265,0.1272,0.1266,0.1276,0.1277,0.1275,0.128,0.1275,0.1282,0.1279,0.1277,0.1276,0.1288,0.128,0.1276,0.1278,0.1302,0.1303,0.1301,0.1317
2;2,0.117,0.1188,0.1215,0.1235,0.1243,0.1244,0.1244,0.1246,0.1243,0.1238,0.1236,0.1235,0.1233,0.1232,0.1232,0.1231,0.123,0.123,0.1229,0.123,0.1229,0.1231,0.123,0.123,0.1229,0.1231,0.1231,0.1232,0.1232,0.1234,0.1234,0.1234,0.1234,0.1234,0.1237,0.1236,0.1238,0.1239,0.1239,0.124,0.124,0.124,0.1244,0.1244,0.1242,0.1245,0.1246,0.1247,0.1245,0.1248,0.1247,0.125,0.125,0.1251,0.1253,0.1255,0.1257,0.1256,0.1257,0.1257,0.1259,0.126,0.1261,0.1262,0.1264,0.1263,0.1266,0.1267,0.1268,0.1268,0.1267,0.1273,0.1271,0.1272,0.1277,0.1279,0.128,0.128,0.1285,0.1282,0.1284,0.1288,0.1286,0.1289,0.1289,0.1292,0.1296,0.1295,0.1295,0.1295,0.1298,0.13,0.1302,0.1305,0.131,0.1311
2;3,0.1056,0.108,0.1105,0.1118,0.1123,0.1126,0.1123,0.1126,0.1123,0.1118,0.1116,0.1114,0.1113,0.1111,0.111,0.1107,0.1107,0.1105,0.1103,0.1104,0.1103,0.1106,0.1105,0.1104,0.1104,0.1104,0.1103,0.1105,0.1105,0.1106,0.1107,0.1104,0.1106,0.1104,0.1107,0.1108,0.1108,0.1108,0.1108,0.1107,0.1108,0.1108,0.111,0.1109,0.1108,0.111,0.1112,0.1112,0.111,0.1113,0.1111,0.1113,0.1111,0.1112,0.1112,0.1115,0.1115,0.1114,0.1113,0.1114,0.1114,0.1114,0.1114,0.1113,0.1115,0.1113,0.1115,0.1114,0.1115,0.1114,0.1113,0.1114,0.1111,0.1114,0.1113,0.1112,0.1112,0.1113,0.1114,0.1111,0.1111,0.1114,0.1112,0.1114,0.1114,0.1116,0.1118,0.1117,0.1116,0.1117,0.1117,0.1116,0.1117,0.1119,0.1122,0.1121
3;2,0.119,0.1188,0.1205,0.1211,0.1205,0.1201,0.1199,0.1197,0.1185,0.1183,0.1184,0.1176,0.1228,0.1174,0.1168,0.1172,0.1173,0.1177,0.1171,0.1171,0.1171,0.117,0.1176,0.117,0.1169,0.1172,0.1173,0.1169,0.1168,0.1169,0.1167,0.1165,0.1169,0.1161,0.1165,0.1166,0.1167,0.117,0.1167,0.1173,0.1168,0.117,0.1172,0.1172,0.1175,0.1171,0.117,0.1175,0.1177,0.1209,0.1174,0.1177,0.1171,0.1172,0.1177,0.1177,0.1177,0.1177,0.1177,0.118,0.1178,0.1175,0.1179,0.1177,0.118,0.1179,0.1179,0.1178,0.118,0.1182,0.1177,0.1181,0.1182,0.1184,0.1185,0.1187,0.1188,0.119,0.1191,0.1192,0.1194,0.1195,0.1192,0.1198,0.1202,0.1203,0.1203,0.1206,0.1205,0.1208,0.1207,0.1211,0.1214,0.1219,0.1219,0.1223
,,,,,,,,,,,,,,,,,,,,,,,,,,,,,,,,,,,,,,,,,,,,,,,,,,,,,,,,,,,,,,,,,,,,,,,,,,,,,,,,,,,,,,,,,,,,,,,,
Cycles / Well,,,,,,,,,,,,,,,,,,,,,,,,,,,,,,,,,,,,,,,,,,,,,,,,,,,,,,,,,,,,,,,,,,,,,,,,,,,,,,,,,,,,,,,,,,,,,,,,
F11,1,2,3,4,5,6,7,8,9,10,11,12,13,14,15,16,17,18,19,20,21,22,23,24,25,26,27,28,29,30,31,32,33,34,35,36,37,38,39,40,41,42,43,44,45,46,47,48,49,50,51,52,53,54,55,56,57,58,59,60,61,62,63,64,65,66,67,68,69,70,71,72,73,74,75,76,77,78,79,80,81,82,83,84,85,86,87,88,89,90,91,92,93,94,95,96
Time [s],0,1799.797,3599.741,5399.659,7199.573,8999.513,10799.44,12599.356,14399.272,16199.193,17999.112,19799.048,21598.963,23398.904,25198.829,26998.75,28798.659,30598.586,32398.522,34198.445,35998.366,37798.269,39598.205,41398.126,43198.043,44997.982,46797.898,48597.803,50397.735,52197.643,53997.591,55797.492,57597.42,59397.352,61197.265,62997.193,64797.11,66597.04,68396.981,70196.888,71996.807,73796.739,75596.665,77396.594,79196.521,80996.461,82796.378,84596.302,86396.226,88196.142,89996.07,91796.012,93595.919,95395.853,97195.785,98995.689,100795.633,102595.552,104395.481,106195.482,107995.331,109795.267,111595.183,113395.107,115195.043,116994.958,118794.88,120594.819,122394.73,124194.661,125994.586,127794.51,129594.425,131394.355,133194.302,134994.214,136794.146,138594.064,140393.993,142193.907,143993.836,145793.766,147593.683,149393.62,151193.535,152993.466,154793.383,156593.307,158393.229,160193.151,161993.083,163792.996,165592.93,167392.852,169192.773,170992.712
Temp. [°C],22.2,30,30,30,30,30.1,30,30,30,30,30,29.9,30,30,29.8,30,30,29.9,29.9,30,30,30.1,30,30,30,30,30,30,30,30,30,30,30,30,30,30,30,30,30,30,30.1,30,30,30,30,30,30,30,30,30,30,30,30,30,30,30,30,29.9,30,30,30,30,30,30.1,30,30.1,30,30.1,30,30,30,30,30,30,30,30,30,30,30,30,30,30,30,30,30,30,30,29.9,30,30,30,30,30,30,30,30
Mean,0.11022,0.112,0.11486,0.1182,0.1217,0.12672,0.13428,0.14432,0.15798,0.17724,0.20318,0.23662,0.2797,0.3317,0.39514,0.46952,0.55428,0.64776,0.74968,0.85532,0.95516,1.04624,1.1242,1.18558,1.23222,1.26584,1.29262,1.31564,1.33452,1.3511,1.36634,1.37952,1.39314,1.40384,1.4123,1.4194,1.4257,1.43058,1.43356,1.4368,1.43896,1.44122,1.44206,1.44404,1.4461,1.44724,1.4483,1.4507,1.4517,1.4529,1.45406,1.4549,1.45588,1.45734,1.45882,1.45998,1.46034,1.46124,1.46184,1.46274,1.46348,1.46322,1.46468,1.46536,1.4666,1.46746,1.4677,1.46866,1.46918,1.46964,1.47052,1.47136,1.47254,1.47236,1.47362,1.47378,1.4749,1.47492,1.47532,1.47698,1.47728,1.47776,1.47842,1.47972,1.4802,1.48072,1.48056,1.48182,1.48282,1.4829,1.48392,1.48418,1.4845,1.48592,1.48692,1.48728
StDev,0.003032656,0.002681418,0.00265669,0.002581666,0.002444381,0.002442744,0.002658383,0.00310918,0.004413275,0.006634606,0.010501286,0.015990997,0.022992064,0.033204668,0.04464855,0.058027812,0.073549317,0.090374598,0.107907701,0.122376497,0.130972184,0.134814328,0.132958791,0.128050291,0.122971062,0.119860035,0.116971565,0.114894682,0.113688773,0.112652896,0.111627071,0.112243873,0.111490865,0.111043518,0.111338291,0.110222638,0.109066631,0.107123933,0.10636876,0.104697946,0.104422737,0.104108343,0.104719688,0.104396829,0.103663783,0.104211386,0.104213747,0.103976368,0.103813125,0.103198668,0.103161587,0.104773136,0.103219993,0.103530107,0.10299751,0.10352916,0.10293837,0.103039036,0.103236515,0.103144501,0.103017751,0.103884296,0.103575562,0.103635047,0.103458567,0.103113884,0.104453291,0.103289027,0.104325749,0.103350148,0.103282511,0.10340763,0.103241455,0.103549278,0.103236752,0.102849268,0.103344763,0.103634946,0.103182906,0.103001466,0.103314481,0.102720947,0.102298275,0.101953332,0.101906379,0.102784031,0.102972584,0.10265913,0.102618283,0.102205724,0.102119523,0.10240311,0.102576532,0.102196658,0.102964955,0.101461899
1;2,0.108,0.11,0.1127,0.116,0.1193,0.124,0.131,0.1402,0.1525,0.1707,0.1949,0.2274,0.2681,0.3164,0.3731,0.4431,0.5181,0.5991,0.687,0.7801,0.87,0.9548,1.0345,1.0991,1.1526,1.1881,1.2181,1.243,1.2627,1.2804,1.2963,1.3061,1.3235,1.336,1.3448,1.3529,1.3588,1.3659,1.3699,1.3767,1.3779,1.3821,1.3802,1.3831,1.3875,1.3872,1.3875,1.3913,1.3919,1.3915,1.3939,1.3918,1.393,1.3951,1.3973,1.3997,1.3997,1.4002,1.4007,1.4003,1.4031,1.4012,1.401,1.4016,1.4038,1.4045,1.4032,1.4065,1.4036,1.4071,1.4065,1.4083,1.4091,1.4075,1.4105,1.4107,1.4111,1.4093,1.4107,1.4137,1.4119,1.4138,1.414,1.4189,1.4161,1.4156,1.4122,1.4152,1.4174,1.4177,1.4194,1.4172,1.4173,1.4194,1.4211,1.4216
2;1,0.1119,0.1137,0.1166,0.1194,0.1229,0.1275,0.134,0.144,0.156,0.1721,0.1939,0.2206,0.2565,0.296,0.3473,0.4067,0.475,0.5529,0.6383,0.7328,0.8266,0.9162,0.9951,1.0608,1.1098,1.1469,1.1753,1.2,1.2206,1.238,1.2544,1.2688,1.2808,1.2922,1.2995,1.3073,1.3156,1.321,1.3256,1.3286,1.3317,1.3334,1.3345,1.3365,1.339,1.3398,1.3412,1.3428,1.3451,1.3466,1.3475,1.3478,1.3504,1.3511,1.353,1.3531,1.3545,1.3559,1.3556,1.3574,1.357,1.3563,1.3594,1.3604,1.361,1.362,1.3608,1.3623,1.3628,1.3633,1.3648,1.3652,1.366,1.3664,1.3669,1.3681,1.3685,1.369,1.3696,1.3708,1.3713,1.3719,1.3737,1.373,1.3758,1.3759,1.3762,1.3771,1.3772,1.3778,1.378,1.3794,1.3793,1.3814,1.3801,1.3833
2;2,0.1106,0.1119,0.115,0.1189,0.1227,0.1284,0.1369,0.1479,0.1642,0.1875,0.2194,0.26,0.3111,0.3752,0.4499,0.5378,0.6367,0.7435,0.8585,0.9768,1.0833,1.1771,1.2555,1.3147,1.3592,1.389,1.4156,1.437,1.454,1.4697,1.4836,1.4973,1.5115,1.5223,1.5297,1.5363,1.5412,1.5445,1.546,1.5493,1.551,1.5515,1.5528,1.5547,1.5574,1.5581,1.5586,1.5606,1.5634,1.5621,1.5636,1.5656,1.5653,1.5676,1.5693,1.568,1.5691,1.5708,1.5709,1.5722,1.5729,1.572,1.5742,1.5749,1.5761,1.577,1.5792,1.5785,1.5791,1.5796,1.5808,1.5807,1.5822,1.582,1.5827,1.5833,1.5845,1.5855,1.5853,1.5862,1.5872,1.5865,1.5874,1.5879,1.5891,1.5884,1.5891,1.5905,1.5911,1.5906,1.5917,1.5927,1.5926,1.5948,1.5947,1.5948
2;3,0.1065,0.1089,0.1118,0.1152,0.119,0.1243,0.1325,0.1427,0.1571,0.1785,0.2072,0.2457,0.2964,0.3576,0.435,0.5244,0.6287,0.7458,0.8725,0.9973,1.1092,1.206,1.2796,1.3327,1.3703,1.4011,1.4217,1.4418,1.4601,1.4753,1.4897,1.504,1.515,1.5248,1.5347,1.5398,1.5452,1.5471,1.5502,1.5493,1.5515,1.5546,1.5565,1.5578,1.5576,1.5604,1.5621,1.5641,1.5633,1.5655,1.5662,1.5696,1.5685,1.5697,1.5698,1.5744,1.5729,1.5734,1.5747,1.5752,1.5754,1.5777,1.5781,1.579,1.5797,1.5797,1.5808,1.5808,1.5836,1.5818,1.5823,1.5843,1.5846,1.5853,1.5862,1.5853,1.5873,1.5871,1.5871,1.589,1.5893,1.5896,1.5893,1.5901,1.5903,1.594,1.5933,1.5937,1.5948,1.5946,1.5951,1.5955,1.5965,1.5965,1.5998,1.5976
3;2,0.1141,0.1155,0.1182,0.1215,0.1246,0.1294,0.137,0.1468,0.1601,0.1774,0.2005,0.2294,0.2664,0.3133,0.3704,0.4356,0.5129,0.5975,0.6921,0.7896,0.8867,0.9771,1.0563,1.1206,1.1692,1.2041,1.2324,1.2564,1.2752,1.2921,1.3077,1.3214,1.3349,1.3439,1.3528,1.3607,1.3677,1.3744,1.3761,1.3801,1.3827,1.3845,1.3863,1.3881,1.389,1.3907,1.3921,1.3947,1.3948,1.3988,1.3991,1.3997,1.4022,1.4032,1.4047,1.4047,1.4055,1.4059,1.4073,1.4086,1.409,1.4089,1.4107,1.4109,1.4124,1.4141,1.4145,1.4152,1.4168,1.4164,1.4182,1.4183,1.4208,1.4206,1.4218,1.4215,1.4231,1.4237,1.4239,1.4252,1.4267,1.427,1.4277,1.4287,1.4297,1.4297,1.432,1.4326,1.4336,1.4338,1.4354,1.4361,1.4368,1.4375,1.4389,1.4391
,,,,,,,,,,,,,,,,,,,,,,,,,,,,,,,,,,,,,,,,,,,,,,,,,,,,,,,,,,,,,,,,,,,,,,,,,,,,,,,,,,,,,,,,,,,,,,,,
Cycles / Well,,,,,,,,,,,,,,,,,,,,,,,,,,,,,,,,,,,,,,,,,,,,,,,,,,,,,,,,,,,,,,,,,,,,,,,,,,,,,,,,,,,,,,,,,,,,,,,,
F12,1,2,3,4,5,6,7,8,9,10,11,12,13,14,15,16,17,18,19,20,21,22,23,24,25,26,27,28,29,30,31,32,33,34,35,36,37,38,39,40,41,42,43,44,45,46,47,48,49,50,51,52,53,54,55,56,57,58,59,60,61,62,63,64,65,66,67,68,69,70,71,72,73,74,75,76,77,78,79,80,81,82,83,84,85,86,87,88,89,90,91,92,93,94,95,96
Time [s],0,1799.797,3599.741,5399.659,7199.573,8999.513,10799.44,12599.356,14399.272,16199.193,17999.112,19799.048,21598.963,23398.904,25198.829,26998.75,28798.659,30598.586,32398.522,34198.445,35998.366,37798.269,39598.205,41398.126,43198.043,44997.982,46797.898,48597.803,50397.735,52197.643,53997.591,55797.492,57597.42,59397.352,61197.265,62997.193,64797.11,66597.04,68396.981,70196.888,71996.807,73796.739,75596.665,77396.594,79196.521,80996.461,82796.378,84596.302,86396.226,88196.142,89996.07,91796.012,93595.919,95395.853,97195.785,98995.689,100795.633,102595.552,104395.481,106195.482,107995.331,109795.267,111595.183,113395.107,115195.043,116994.958,118794.88,120594.819,122394.73,124194.661,125994.586,127794.51,129594.425,131394.355,133194.302,134994.214,136794.146,138594.064,140393.993,142193.907,143993.836,145793.766,147593.683,149393.62,151193.535,152993.466,154793.383,156593.307,158393.229,160193.151,161993.083,163792.996,165592.93,167392.852,169192.773,170992.712
Temp. [°C],22.2,30,30,30,30,30.1,30,30,30,30,30,29.9,30,30,29.8,30,30,29.9,29.9,30,30,30.1,30,30,30,30,30,30,30,30,30,30,30,30,30,30,30,30,30,30,30.1,30,30,30,30,30,30,30,30,30,30,30,30,30,30,30,30,29.9,30,30,30,30,30,30.1,30,30.1,30,30.1,30,30,30,30,30,30,30,30,30,30,30,30,30,30,30,30,30,30,30,29.9,30,30,30,30,30,30,30,30
Mean,0.09516,0.09514,0.09492,0.0952,0.09516,0.09526,0.09534,0.0953,0.0953,0.09532,0.09542,0.09542,0.09536,0.09544,0.09544,0.09544,0.09548,0.09548,0.09552,0.09562,0.09552,0.0956,0.09564,0.0955,0.0956,0.09562,0.09566,0.09574,0.09578,0.09574,0.09578,0.0957,0.09584,0.09576,0.09586,0.09582,0.09584,0.09596,0.09602,0.09614,0.0961,0.09624,0.0962,0.09632,0.0963,0.0964,0.09644,0.09656,0.09668,0.0971,0.09678,0.09684,0.09686,0.09694,0.09718,0.09746,0.0972,0.09738,0.09738,0.0976,0.0976,0.09754,0.09764,0.09766,0.09784,0.09792,0.0979,0.098,0.09804,0.09826,0.0981,0.09812,0.09856,0.09852,0.0988,0.09886,0.09892,0.09882,0.09896,0.09904,0.09902,0.09932,0.09908,0.09938,0.09994,0.09994,0.1,0.10012,0.10026,0.10054,0.10032,0.10046,0.10064,0.10096,0.10078,0.10094
StDev,0.002614001,0.00258515,0.002608064,0.00266927,0.002707951,0.002694995,0.002829841,0.00274135,0.002739526,0.002855171,0.002890848,0.002896032,0.002570603,0.002916848,0.002937346,0.00292113,0.002991989,0.003004497,0.003011146,0.00300616,0.003043353,0.003017449,0.003001333,0.003055323,0.003019106,0.003045817,0.003063168,0.003050082,0.003129217,0.003078636,0.003129217,0.003061862,0.003094027,0.003100484,0.003122179,0.003071156,0.003004663,0.002987139,0.003060556,0.002993827,0.003000833,0.002904824,0.002891366,0.002882187,0.002786575,0.002914618,0.002695923,0.002707951,0.002677125,0.002384324,0.002583021,0.002512568,0.002495596,0.002444995,0.002447856,0.002424459,0.002480927,0.002459065,0.002424252,0.002526856,0.002476893,0.002407904,0.00242652,0.002482539,0.002538307,0.002641401,0.002622022,0.002622022,0.002684772,0.002850965,0.002809804,0.002814605,0.003347835,0.003364818,0.003662649,0.003821387,0.004072714,0.003892557,0.00398911,0.00418963,0.004213312,0.004531225,0.004320532,0.004823588,0.005537418,0.00575743,0.005783165,0.005896355,0.006324792,0.006901666,0.006607344,0.006697238,0.007285808,0.007895125,0.007513122,0.007608745
1;2,0.0982,0.0981,0.0977,0.0982,0.0982,0.0982,0.0984,0.0982,0.0981,0.0983,0.0984,0.0984,0.0977,0.0985,0.0984,0.0984,0.0985,0.0985,0.0985,0.0986,0.0985,0.0986,0.0985,0.0985,0.0985,0.0985,0.0986,0.0987,0.0987,0.0986,0.0987,0.0985,0.0987,0.0986,0.0987,0.0986,0.0985,0.0987,0.0987,0.0988,0.0987,0.0989,0.0987,0.0989,0.0987,0.099,0.0988,0.0989,0.099,0.0989,0.099,0.0988,0.0989,0.0988,0.099,0.099,0.099,0.099,0.0988,0.099,0.099,0.099,0.099,0.099,0.0991,0.099,0.0991,0.0992,0.0991,0.0992,0.099,0.0991,0.099,0.099,0.0991,0.0991,0.0989,0.0989,0.0991,0.0991,0.099,0.0992,0.099,0.0989,0.0992,0.099,0.0992,0.0992,0.0991,0.0991,0.0991,0.0991,0.0989,0.0989,0.099,0.0992
2;1,0.0937,0.0937,0.0935,0.0939,0.0939,0.0941,0.094,0.0941,0.0941,0.0941,0.0941,0.094,0.0941,0.0941,0.0942,0.094,0.0941,0.094,0.0941,0.0943,0.0941,0.0942,0.0943,0.094,0.0942,0.0942,0.0942,0.0942,0.0942,0.0942,0.0942,0.0942,0.0942,0.0943,0.0942,0.0942,0.0943,0.0943,0.0943,0.0943,0.0943,0.0943,0.0944,0.0944,0.0943,0.0943,0.0944,0.0943,0.0944,0.0943,0.0944,0.0944,0.0943,0.0944,0.0945,0.0946,0.0945,0.0945,0.0945,0.0945,0.0945,0.0946,0.0946,0.0946,0.0946,0.0945,0.0945,0.0946,0.0947,0.0947,0.0945,0.0946,0.0946,0.0945,0.0946,0.0945,0.0944,0.0945,0.0945,0.0944,0.0944,0.0946,0.0944,0.0945,0.0947,0.0946,0.0945,0.0947,0.0946,0.0946,0.0945,0.0946,0.0945,0.0946,0.0945,0.0946
2;2,0.0974,0.0974,0.0973,0.0976,0.0976,0.0977,0.098,0.0979,0.098,0.0981,0.0983,0.0983,0.0983,0.0983,0.0984,0.0984,0.0985,0.0986,0.0986,0.0987,0.0987,0.0987,0.0988,0.0987,0.0988,0.0989,0.0989,0.099,0.0992,0.0991,0.0992,0.0991,0.0993,0.0992,0.0994,0.0993,0.0993,0.0994,0.0996,0.0997,0.0997,0.0997,0.0997,0.0998,0.0998,0.1,0.0998,0.1,0.1001,0.1,0.1001,0.1002,0.1001,0.1002,0.1004,0.1006,0.1005,0.1006,0.1006,0.1007,0.1006,0.1006,0.1006,0.1007,0.1007,0.1007,0.1007,0.1008,0.1008,0.1008,0.1007,0.1009,0.1008,0.1011,0.101,0.101,0.1009,0.1009,0.101,0.101,0.1009,0.101,0.1009,0.101,0.1012,0.101,0.1012,0.1012,0.1011,0.1011,0.101,0.1012,0.1012,0.1012,0.1011,0.1013
2;3,0.0946,0.0946,0.0946,0.0945,0.0944,0.0946,0.0946,0.0946,0.0946,0.0945,0.0946,0.0947,0.0945,0.0946,0.0946,0.0947,0.0947,0.0946,0.0948,0.0948,0.0947,0.0948,0.0949,0.0947,0.0948,0.0948,0.0949,0.0949,0.095,0.095,0.095,0.0949,0.095,0.0949,0.095,0.095,0.095,0.095,0.0952,0.0952,0.0952,0.0952,0.0953,0.0953,0.0952,0.0952,0.0954,0.0954,0.0954,0.0953,0.0954,0.0955,0.0955,0.0955,0.0956,0.0957,0.0956,0.0957,0.0957,0.0956,0.0957,0.0958,0.0958,0.0957,0.0958,0.0958,0.0958,0.0959,0.0957,0.0958,0.0958,0.0957,0.0958,0.0957,0.0958,0.0958,0.0958,0.0957,0.0958,0.0958,0.0958,0.0958,0.0958,0.0958,0.0959,0.0959,0.0959,0.0959,0.0959,0.0959,0.0958,0.0959,0.0958,0.0958,0.0959,0.0959
3;2,0.0919,0.0919,0.0915,0.0918,0.0917,0.0917,0.0917,0.0917,0.0917,0.0916,0.0917,0.0917,0.0922,0.0917,0.0916,0.0917,0.0916,0.0917,0.0916,0.0917,0.0916,0.0917,0.0917,0.0916,0.0917,0.0917,0.0917,0.0919,0.0918,0.0918,0.0918,0.0918,0.092,0.0918,0.092,0.092,0.0921,0.0924,0.0923,0.0927,0.0926,0.0931,0.0929,0.0932,0.0935,0.0935,0.0938,0.0942,0.0945,0.097,0.095,0.0953,0.0955,0.0958,0.0964,0.0974,0.0964,0.0971,0.0973,0.0982,0.0982,0.0977,0.0982,0.0983,0.099,0.0996,0.0994,0.0995,0.0999,0.1008,0.1005,0.1003,0.1026,0.1023,0.1035,0.1039,0.1046,0.1041,0.1044,0.1049,0.105,0.106,0.1053,0.1067,0.1087,0.1092,0.1092,0.1096,0.1106,0.112,0.1112,0.1115,0.1128,0.1143,0.1134,0.1137
,,,,,,,,,,,,,,,,,,,,,,,,,,,,,,,,,,,,,,,,,,,,,,,,,,,,,,,,,,,,,,,,,,,,,,,,,,,,,,,,,,,,,,,,,,,,,,,,
Cycles / Well,,,,,,,,,,,,,,,,,,,,,,,,,,,,,,,,,,,,,,,,,,,,,,,,,,,,,,,,,,,,,,,,,,,,,,,,,,,,,,,,,,,,,,,,,,,,,,,,
G1,1,2,3,4,5,6,7,8,9,10,11,12,13,14,15,16,17,18,19,20,21,22,23,24,25,26,27,28,29,30,31,32,33,34,35,36,37,38,39,40,41,42,43,44,45,46,47,48,49,50,51,52,53,54,55,56,57,58,59,60,61,62,63,64,65,66,67,68,69,70,71,72,73,74,75,76,77,78,79,80,81,82,83,84,85,86,87,88,89,90,91,92,93,94,95,96
Time [s],0,1799.797,3599.741,5399.659,7199.573,8999.513,10799.44,12599.356,14399.272,16199.193,17999.112,19799.048,21598.963,23398.904,25198.829,26998.75,28798.659,30598.586,32398.522,34198.445,35998.366,37798.269,39598.205,41398.126,43198.043,44997.982,46797.898,48597.803,50397.735,52197.643,53997.591,55797.492,57597.42,59397.352,61197.265,62997.193,64797.11,66597.04,68396.981,70196.888,71996.807,73796.739,75596.665,77396.594,79196.521,80996.461,82796.378,84596.302,86396.226,88196.142,89996.07,91796.012,93595.919,95395.853,97195.785,98995.689,100795.633,102595.552,104395.481,106195.482,107995.331,109795.267,111595.183,113395.107,115195.043,116994.958,118794.88,120594.819,122394.73,124194.661,125994.586,127794.51,129594.425,131394.355,133194.302,134994.214,136794.146,138594.064,140393.993,142193.907,143993.836,145793.766,147593.683,149393.62,151193.535,152993.466,154793.383,156593.307,158393.229,160193.151,161993.083,163792.996,165592.93,167392.852,169192.773,170992.712
Temp. [°C],22.2,30,30,30,30,30.1,30,30,30,30,30,29.9,30,30,29.8,30,30,29.9,29.9,30,30,30.1,30,30,30,30,30,30,30,30,30,30,30,30,30,30,30,30,30,30,30.1,30,30,30,30,30,30,30,30,30,30,30,30,30,30,30,30,29.9,30,30,30,30,30,30.1,30,30.1,30,30.1,30,30,30,30,30,30,30,30,30,30,30,30,30,30,30,30,30,30,30,29.9,30,30,30,30,30,30,30,30
Mean,0.09512,0.09492,0.09478,0.09488,0.0949,0.09496,0.09498,0.09486,0.09492,0.09488,0.09492,0.09484,0.09496,0.09484,0.09486,0.0949,0.09484,0.0948,0.09484,0.09492,0.09488,0.09498,0.09488,0.09482,0.09486,0.09486,0.09496,0.09496,0.09494,0.09486,0.09498,0.09488,0.09498,0.09486,0.09496,0.09498,0.09496,0.09508,0.0951,0.09512,0.09518,0.09518,0.09512,0.09522,0.09522,0.09526,0.09534,0.09528,0.09544,0.09542,0.09538,0.09546,0.09542,0.09544,0.09564,0.09574,0.09572,0.09584,0.09562,0.09588,0.09594,0.09586,0.09594,0.09604,0.09602,0.09608,0.09612,0.09626,0.09626,0.09646,0.09632,0.09646,0.0967,0.09696,0.09698,0.09716,0.09724,0.09718,0.0975,0.09746,0.09728,0.09756,0.09772,0.09776,0.09826,0.09836,0.09848,0.09896,0.09884,0.09906,0.09916,0.0995,0.09958,0.09986,0.09994,0.1001
StDev,0.002115892,0.002302607,0.002386839,0.002456013,0.0025387,0.002616868,0.002628117,0.002765502,0.002712379,0.00279052,0.002838486,0.002818333,0.002888425,0.002893614,0.002966985,0.00292831,0.002989649,0.002960574,0.002979597,0.002994495,0.003080097,0.003109984,0.003157056,0.003032656,0.003094027,0.003133369,0.003132571,0.00312618,0.003142133,0.003133369,0.003157056,0.003197186,0.003243763,0.003260061,0.003208271,0.003237592,0.003253152,0.003285118,0.003215587,0.003201874,0.003227538,0.003270627,0.003285879,0.003282073,0.003139586,0.003194996,0.003255457,0.003217452,0.003159589,0.003089013,0.003077661,0.003142929,0.003139586,0.00312458,0.003097257,0.003009651,0.003040888,0.002994662,0.003070342,0.002908952,0.003010482,0.003031996,0.003013802,0.002977079,0.002954996,0.00297859,0.003027705,0.003005495,0.003024566,0.003059902,0.003085774,0.003142133,0.003383046,0.003556403,0.00353935,0.003652807,0.004067309,0.003840182,0.004316828,0.004355801,0.004130012,0.004277032,0.004738882,0.004807598,0.005406755,0.005750478,0.005755606,0.006588475,0.006449264,0.006947518,0.007291982,0.007866066,0.008156409,0.008570764,0.008799602,0.008761278
1;2,0.098,0.0982,0.0982,0.0983,0.0984,0.0986,0.0986,0.0986,0.0986,0.0986,0.0987,0.0986,0.0988,0.0986,0.0987,0.0987,0.0987,0.0986,0.0986,0.0987,0.0988,0.0988,0.0988,0.0986,0.0987,0.0987,0.0988,0.0987,0.0987,0.0987,0.0988,0.0988,0.0988,0.0987,0.0987,0.0988,0.0988,0.0989,0.0989,0.0988,0.0989,0.0989,0.099,0.0991,0.0989,0.0989,0.099,0.0989,0.099,0.0988,0.0988,0.099,0.0989,0.0989,0.099,0.099,0.099,0.099,0.0989,0.0989,0.099,0.0989,0.0989,0.099,0.0988,0.0989,0.099,0.0989,0.0989,0.0989,0.0989,0.0988,0.0989,0.099,0.0989,0.0989,0.0989,0.0989,0.0989,0.0988,0.0988,0.0989,0.0989,0.0989,0.099,0.0989,0.099,0.0991,0.0991,0.0991,0.0989,0.0989,0.0988,0.099,0.099,0.0991
2;1,0.0954,0.0947,0.0943,0.0941,0.0939,0.0938,0.0937,0.0934,0.0935,0.0934,0.0934,0.0932,0.0933,0.0932,0.0931,0.0931,0.0931,0.0929,0.0931,0.093,0.093,0.093,0.0928,0.0929,0.0929,0.0928,0.093,0.093,0.0929,0.0928,0.0929,0.0927,0.0929,0.0927,0.0928,0.0928,0.0928,0.0929,0.0929,0.093,0.093,0.0929,0.0929,0.0929,0.093,0.093,0.093,0.093,0.0931,0.093,0.093,0.093,0.0929,0.0929,0.093,0.0932,0.0931,0.0931,0.093,0.0931,0.093,0.093,0.0929,0.093,0.093,0.093,0.093,0.0931,0.0931,0.0931,0.0929,0.093,0.0929,0.0931,0.0932,0.0933,0.093,0.0931,0.0931,0.093,0.093,0.0932,0.093,0.093,0.0933,0.0932,0.0933,0.0933,0.0933,0.0932,0.0932,0.0933,0.0932,0.0933,0.0933,0.0936
2;2,0.0961,0.0961,0.0961,0.0965,0.0967,0.0968,0.0969,0.097,0.097,0.0971,0.0972,0.0971,0.0973,0.0973,0.0974,0.0974,0.0974,0.0974,0.0975,0.0976,0.0976,0.0979,0.0978,0.0976,0.0977,0.0978,0.0979,0.098,0.098,0.0978,0.098,0.0979,0.0982,0.0981,0.0982,0.0982,0.0982,0.0984,0.0983,0.0984,0.0985,0.0986,0.0984,0.0985,0.0984,0.0986,0.0988,0.0987,0.0988,0.0988,0.0987,0.0988,0.0988,0.0988,0.099,0.099,0.099,0.0991,0.099,0.099,0.0991,0.0992,0.0992,0.0991,0.0992,0.0991,0.0992,0.0992,0.0993,0.0992,0.0991,0.0993,0.0992,0.0993,0.0993,0.0994,0.0992,0.0994,0.0994,0.0993,0.0993,0.0995,0.0994,0.0994,0.0995,0.0995,0.0997,0.0997,0.0996,0.0996,0.0996,0.0996,0.0997,0.0996,0.0996,0.0998
2;3,0.093,0.0929,0.0928,0.093,0.0929,0.093,0.0931,0.0929,0.093,0.093,0.0929,0.093,0.093,0.0928,0.0929,0.093,0.0929,0.0928,0.0929,0.0931,0.0929,0.093,0.0929,0.0929,0.093,0.093,0.093,0.093,0.093,0.093,0.0931,0.0929,0.093,0.0929,0.093,0.093,0.0929,0.0931,0.0931,0.0932,0.0931,0.0931,0.093,0.0931,0.0931,0.0932,0.0932,0.0931,0.0932,0.0931,0.0932,0.0932,0.093,0.093,0.0931,0.0932,0.0931,0.0933,0.0931,0.0933,0.0931,0.0931,0.0932,0.0932,0.0932,0.0931,0.0931,0.0931,0.0931,0.0932,0.0931,0.0931,0.0931,0.0931,0.0931,0.0932,0.093,0.0931,0.0931,0.0931,0.093,0.0932,0.0931,0.0931,0.0932,0.0931,0.0932,0.0933,0.0932,0.0932,0.0931,0.0932,0.0931,0.0932,0.0931,0.0932
3;2,0.0931,0.0927,0.0925,0.0925,0.0926,0.0926,0.0926,0.0924,0.0925,0.0923,0.0924,0.0923,0.0924,0.0923,0.0922,0.0923,0.0921,0.0923,0.0921,0.0922,0.0921,0.0922,0.0921,0.0921,0.092,0.092,0.0921,0.0921,0.0921,0.092,0.0921,0.0921,0.092,0.0919,0.0921,0.0921,0.0921,0.0921,0.0923,0.0922,0.0924,0.0924,0.0923,0.0925,0.0927,0.0926,0.0927,0.0927,0.0931,0.0934,0.0932,0.0933,0.0935,0.0936,0.0941,0.0943,0.0944,0.0947,0.0941,0.0951,0.0955,0.0951,0.0955,0.0959,0.0959,0.0963,0.0963,0.097,0.0969,0.0979,0.0976,0.0981,0.0994,0.1003,0.1004,0.101,0.1021,0.1014,0.103,0.1031,0.1023,0.103,0.1042,0.1044,0.1063,0.1071,0.1072,0.1094,0.109,0.1102,0.111,0.1125,0.1131,0.1142,0.1147,0.1148
,,,,,,,,,,,,,,,,,,,,,,,,,,,,,,,,,,,,,,,,,,,,,,,,,,,,,,,,,,,,,,,,,,,,,,,,,,,,,,,,,,,,,,,,,,,,,,,,
Cycles / Well,,,,,,,,,,,,,,,,,,,,,,,,,,,,,,,,,,,,,,,,,,,,,,,,,,,,,,,,,,,,,,,,,,,,,,,,,,,,,,,,,,,,,,,,,,,,,,,,
G2,1,2,3,4,5,6,7,8,9,10,11,12,13,14,15,16,17,18,19,20,21,22,23,24,25,26,27,28,29,30,31,32,33,34,35,36,37,38,39,40,41,42,43,44,45,46,47,48,49,50,51,52,53,54,55,56,57,58,59,60,61,62,63,64,65,66,67,68,69,70,71,72,73,74,75,76,77,78,79,80,81,82,83,84,85,86,87,88,89,90,91,92,93,94,95,96
Time [s],0,1799.797,3599.741,5399.659,7199.573,8999.513,10799.44,12599.356,14399.272,16199.193,17999.112,19799.048,21598.963,23398.904,25198.829,26998.75,28798.659,30598.586,32398.522,34198.445,35998.366,37798.269,39598.205,41398.126,43198.043,44997.982,46797.898,48597.803,50397.735,52197.643,53997.591,55797.492,57597.42,59397.352,61197.265,62997.193,64797.11,66597.04,68396.981,70196.888,71996.807,73796.739,75596.665,77396.594,79196.521,80996.461,82796.378,84596.302,86396.226,88196.142,89996.07,91796.012,93595.919,95395.853,97195.785,98995.689,100795.633,102595.552,104395.481,106195.482,107995.331,109795.267,111595.183,113395.107,115195.043,116994.958,118794.88,120594.819,122394.73,124194.661,125994.586,127794.51,129594.425,131394.355,133194.302,134994.214,136794.146,138594.064,140393.993,142193.907,143993.836,145793.766,147593.683,149393.62,151193.535,152993.466,154793.383,156593.307,158393.229,160193.151,161993.083,163792.996,165592.93,167392.852,169192.773,170992.712
Temp. [°C],22.2,30,30,30,30,30.1,30,30,30,30,30,29.9,30,30,29.8,30,30,29.9,29.9,30,30,30.1,30,30,30,30,30,30,30,30,30,30,30,30,30,30,30,30,30,30,30.1,30,30,30,30,30,30,30,30,30,30,30,30,30,30,30,30,29.9,30,30,30,30,30,30.1,30,30.1,30,30.1,30,30,30,30,30,30,30,30,30,30,30,30,30,30,30,30,30,30,30,29.9,30,30,30,30,30,30,30,30
Mean,0.12346,0.13374,0.14422,0.15102,0.15434,0.15634,0.15812,0.15982,0.16208,0.16524,0.16866,0.17316,0.1799,0.18478,0.19206,0.2011,0.2113,0.22286,0.2366,0.2515,0.26862,0.28734,0.30854,0.33158,0.35814,0.38784,0.42042,0.45672,0.49552,0.53928,0.58698,0.63846,0.69302,0.75004,0.80928,0.86424,0.91668,0.96456,1.00626,1.03944,1.06972,1.09462,1.1162,1.13602,1.15704,1.17286,1.1842,1.19246,1.19922,1.2055,1.21118,1.21216,1.21534,1.2177,1.2197,1.2214,1.22316,1.22704,1.22848,1.2337,1.23608,1.23642,1.23738,1.24264,1.2407,1.24206,1.24252,1.24572,1.24734,1.24884,1.24976,1.25212,1.25154,1.25298,1.25204,1.25316,1.25232,1.25326,1.25428,1.25596,1.25598,1.25698,1.25722,1.259,1.25706,1.25662,1.25654,1.25874,1.25778,1.25794,1.2627,1.25894,1.2591,1.25826,1.25794,1.25776
StDev,0.005506632,0.006921199,0.009927588,0.012327084,0.01408272,0.014943326,0.015784708,0.016783683,0.017482763,0.018611099,0.019978063,0.021811648,0.024406249,0.026393598,0.029025213,0.032584352,0.036320311,0.040568128,0.045533559,0.050973277,0.05679993,0.063935616,0.07115956,0.080005512,0.088926869,0.098499939,0.109242881,0.120718669,0.134164086,0.146784935,0.161791431,0.176707875,0.192145926,0.209052441,0.222482184,0.239249782,0.250372566,0.25961161,0.266032494,0.273556078,0.277135494,0.282588043,0.289429119,0.294029908,0.295573913,0.298512802,0.300572421,0.30090543,0.300519262,0.299148625,0.29628042,0.298612697,0.298552195,0.298156394,0.298587198,0.30066552,0.301854274,0.299648366,0.300363974,0.298416588,0.299122211,0.30196804,0.302053302,0.299770409,0.303951073,0.303873252,0.305286655,0.304708495,0.305224119,0.305106232,0.305185023,0.305885088,0.305959218,0.305080566,0.307892048,0.308077966,0.309088057,0.309091852,0.308525561,0.30804066,0.309889056,0.310222351,0.309857987,0.309354473,0.310981741,0.310680989,0.311374956,0.309869469,0.311171001,0.311008799,0.308647404,0.312895706,0.31281023,0.312847324,0.314053862,0.315020306
1;2,0.1185,0.128,0.1385,0.146,0.1499,0.1523,0.1536,0.155,0.157,0.1597,0.1629,0.1663,0.1709,0.1766,0.1831,0.191,0.2001,0.2101,0.2219,0.2347,0.2498,0.2643,0.2821,0.2992,0.3197,0.3424,0.368,0.3956,0.4232,0.4556,0.4908,0.528,0.5675,0.6074,0.6531,0.6897,0.7307,0.7695,0.8079,0.8318,0.8593,0.8806,0.8947,0.9087,0.9296,0.9438,0.9514,0.9592,0.9646,0.9706,0.9789,0.9769,0.9835,0.9825,0.9821,0.985,0.9852,0.9901,0.9897,0.9974,0.9998,0.9969,0.9978,1.0071,0.9994,1.0023,1.0001,1.0042,1.0083,1.0107,1.0071,1.0063,1.0059,1.011,1.0048,1.0076,1.0045,1.0037,1.0049,1.0116,1.0071,1.0121,1.009,1.0122,1.009,1.0045,1.0061,1.0086,1.0096,1.0087,1.0183,1.0074,1.0085,1.01,1.0039,1.0052
2;1,0.1252,0.1277,0.1317,0.1342,0.1346,0.135,0.1355,0.1356,0.1368,0.1379,0.1391,0.1407,0.1437,0.1454,0.1485,0.1525,0.1572,0.1627,0.1694,0.1768,0.186,0.195,0.2061,0.2172,0.2324,0.2497,0.268,0.2895,0.3121,0.3408,0.3701,0.4041,0.4414,0.4804,0.5252,0.5631,0.6026,0.6385,0.6695,0.6949,0.7193,0.7364,0.7516,0.7667,0.7831,0.7943,0.8034,0.8112,0.8185,0.8272,0.8356,0.835,0.8363,0.8412,0.8447,0.8423,0.8429,0.8492,0.8512,0.8574,0.858,0.8558,0.8569,0.8621,0.8573,0.8576,0.8579,0.861,0.8598,0.8608,0.8645,0.8678,0.8666,0.8666,0.8653,0.8644,0.8633,0.8652,0.8673,0.8668,0.8661,0.864,0.8668,0.8687,0.8647,0.8675,0.8653,0.8699,0.8651,0.8661,0.8711,0.865,0.8648,0.8627,0.864,0.8614
2;2,0.124,0.1399,0.156,0.1673,0.1735,0.1765,0.1792,0.182,0.1851,0.1888,0.1937,0.1997,0.2076,0.217,0.2271,0.2412,0.2562,0.2732,0.2933,0.3151,0.3396,0.3658,0.3944,0.4243,0.4592,0.4961,0.5353,0.579,0.6223,0.6743,0.7265,0.7825,0.8403,0.9017,0.9663,1.0243,1.0779,1.1283,1.1717,1.2085,1.2421,1.2671,1.2894,1.311,1.3331,1.352,1.364,1.3723,1.3802,1.3893,1.3983,1.3972,1.3984,1.4027,1.4049,1.4044,1.406,1.412,1.4146,1.4222,1.4253,1.4273,1.4261,1.4356,1.4313,1.4327,1.4322,1.4383,1.4385,1.4394,1.4432,1.4466,1.4447,1.4455,1.4423,1.4454,1.4436,1.447,1.4474,1.447,1.4506,1.4499,1.4507,1.4539,1.4495,1.4506,1.4498,1.4532,1.4488,1.4515,1.4601,1.4545,1.4542,1.4498,1.4528,1.4499
2;3,0.1181,0.1307,0.1427,0.1507,0.1554,0.1581,0.1602,0.1624,0.1651,0.1678,0.1716,0.1767,0.1827,0.1899,0.1984,0.2094,0.2219,0.2366,0.253,0.2724,0.2944,0.3209,0.3496,0.3852,0.4224,0.4649,0.5129,0.5646,0.6261,0.6861,0.7571,0.8307,0.9092,0.9917,1.0695,1.1493,1.2167,1.2747,1.3227,1.3643,1.3962,1.428,1.4602,1.4851,1.5047,1.5227,1.5348,1.5432,1.5471,1.55,1.5492,1.5553,1.5598,1.56,1.5636,1.5699,1.5732,1.5717,1.5747,1.5748,1.577,1.5813,1.5837,1.5815,1.5877,1.5887,1.5925,1.5928,1.5954,1.5968,1.5963,1.5992,1.5986,1.5982,1.604,1.6037,1.6046,1.6041,1.6049,1.6076,1.6078,1.6105,1.6092,1.6101,1.6114,1.6096,1.6114,1.6108,1.6128,1.6114,1.6101,1.6137,1.6142,1.6156,1.6152,1.6181
3;2,0.1315,0.1424,0.1522,0.1569,0.1583,0.1598,0.1621,0.1641,0.1664,0.172,0.176,0.1824,0.1946,0.195,0.2032,0.2114,0.2211,0.2317,0.2454,0.2585,0.2733,0.2907,0.3105,0.332,0.357,0.3861,0.4179,0.4549,0.4939,0.5396,0.5904,0.647,0.7067,0.769,0.8323,0.8948,0.9555,1.0118,1.0595,1.0977,1.1317,1.161,1.1851,1.2086,1.2347,1.2515,1.2674,1.2764,1.2857,1.2904,1.2939,1.2964,1.2987,1.3021,1.3032,1.3054,1.3085,1.3122,1.3122,1.3167,1.3203,1.3208,1.3224,1.3269,1.3278,1.329,1.3299,1.3323,1.3347,1.3365,1.3377,1.3407,1.3419,1.3436,1.3438,1.3447,1.3456,1.3463,1.3469,1.3468,1.3483,1.3484,1.3504,1.3501,1.3507,1.3509,1.3501,1.3512,1.3526,1.352,1.3539,1.3541,1.3538,1.3532,1.3538,1.3542
,,,,,,,,,,,,,,,,,,,,,,,,,,,,,,,,,,,,,,,,,,,,,,,,,,,,,,,,,,,,,,,,,,,,,,,,,,,,,,,,,,,,,,,,,,,,,,,,
Cycles / Well,,,,,,,,,,,,,,,,,,,,,,,,,,,,,,,,,,,,,,,,,,,,,,,,,,,,,,,,,,,,,,,,,,,,,,,,,,,,,,,,,,,,,,,,,,,,,,,,
G3,1,2,3,4,5,6,7,8,9,10,11,12,13,14,15,16,17,18,19,20,21,22,23,24,25,26,27,28,29,30,31,32,33,34,35,36,37,38,39,40,41,42,43,44,45,46,47,48,49,50,51,52,53,54,55,56,57,58,59,60,61,62,63,64,65,66,67,68,69,70,71,72,73,74,75,76,77,78,79,80,81,82,83,84,85,86,87,88,89,90,91,92,93,94,95,96
Time [s],0,1799.797,3599.741,5399.659,7199.573,8999.513,10799.44,12599.356,14399.272,16199.193,17999.112,19799.048,21598.963,23398.904,25198.829,26998.75,28798.659,30598.586,32398.522,34198.445,35998.366,37798.269,39598.205,41398.126,43198.043,44997.982,46797.898,48597.803,50397.735,52197.643,53997.591,55797.492,57597.42,59397.352,61197.265,62997.193,64797.11,66597.04,68396.981,70196.888,71996.807,73796.739,75596.665,77396.594,79196.521,80996.461,82796.378,84596.302,86396.226,88196.142,89996.07,91796.012,93595.919,95395.853,97195.785,98995.689,100795.633,102595.552,104395.481,106195.482,107995.331,109795.267,111595.183,113395.107,115195.043,116994.958,118794.88,120594.819,122394.73,124194.661,125994.586,127794.51,129594.425,131394.355,133194.302,134994.214,136794.146,138594.064,140393.993,142193.907,143993.836,145793.766,147593.683,149393.62,151193.535,152993.466,154793.383,156593.307,158393.229,160193.151,161993.083,163792.996,165592.93,167392.852,169192.773,170992.712
Temp. [°C],22.2,30,30,30,30,30.1,30,30,30,30,30,29.9,30,30,29.8,30,30,29.9,29.9,30,30,30.1,30,30,30,30,30,30,30,30,30,30,30,30,30,30,30,30,30,30,30.1,30,30,30,30,30,30,30,30,30,30,30,30,30,30,30,30,29.9,30,30,30,30,30,30.1,30,30.1,30,30.1,30,30,30,30,30,30,30,30,30,30,30,30,30,30,30,30,30,30,30,29.9,30,30,30,30,30,30,30,30
Mean,0.12038,0.13006,0.14394,0.1531,0.15786,0.16068,0.16422,0.16734,0.1704,0.1748,0.17934,0.18414,0.19184,0.1956,0.20282,0.21006,0.21802,0.22616,0.23544,0.24504,0.255,0.26614,0.2779,0.29008,0.3031,0.31702,0.33176,0.3477,0.36278,0.3803,0.39788,0.41674,0.43656,0.45684,0.47906,0.5009,0.52494,0.54896,0.57524,0.6015,0.62856,0.6574,0.68566,0.71536,0.74816,0.77628,0.8059,0.83312,0.85836,0.88464,0.907,0.92812,0.9474,0.96636,0.9849,1.00046,1.01554,1.02946,1.04018,1.05056,1.05704,1.06076,1.0632,1.06878,1.06918,1.07258,1.07398,1.07656,1.07894,1.0811,1.08088,1.08202,1.08248,1.08292,1.08284,1.08294,1.08274,1.084,1.0843,1.08584,1.08458,1.08542,1.08554,1.08646,1.08448,1.08322,1.08334,1.08414,1.08424,1.08422,1.08554,1.0837,1.08316,1.08308,1.08222,1.08196
StDev,0.003013636,0.003392344,0.00642713,0.011175419,0.01458297,0.016365726,0.017875178,0.018981649,0.020134672,0.021488253,0.023262695,0.025221875,0.02682318,0.030050707,0.03271761,0.036162453,0.039232601,0.042844696,0.046133372,0.049466635,0.053951784,0.058363456,0.062682573,0.067634436,0.071752456,0.076529093,0.081565452,0.08658672,0.092519522,0.097448243,0.103741347,0.109850116,0.116477049,0.122887237,0.128744953,0.135928345,0.142211104,0.148628372,0.154880464,0.162907366,0.169550237,0.177079177,0.184846688,0.192645031,0.198401923,0.207337266,0.21659596,0.221993315,0.228523178,0.232802133,0.237769857,0.243232444,0.248746508,0.253366598,0.258699362,0.262498415,0.265200477,0.266440412,0.266516232,0.265029127,0.265813935,0.267171542,0.266656408,0.265426783,0.267715347,0.266212682,0.267099639,0.266387205,0.26408911,0.264950175,0.264363447,0.265172712,0.262384235,0.261543834,0.263953676,0.263687747,0.264101104,0.264810206,0.262511362,0.262929816,0.263233968,0.263474244,0.263557741,0.263590104,0.262514661,0.260980329,0.26141306,0.260885345,0.260727248,0.261289719,0.258645091,0.260804496,0.260617081,0.260221371,0.260482364,0.260875647
1;2,0.1184,0.1276,0.1414,0.1531,0.1597,0.1635,0.1672,0.1701,0.1734,0.1778,0.183,0.1881,0.1942,0.202,0.2096,0.2183,0.2271,0.236,0.2458,0.255,0.266,0.2768,0.2881,0.2982,0.3116,0.3235,0.3373,0.3508,0.3628,0.3782,0.392,0.4046,0.4198,0.4349,0.453,0.4645,0.4824,0.4992,0.5213,0.5356,0.5555,0.5758,0.5912,0.6106,0.634,0.6523,0.6708,0.6882,0.7026,0.7215,0.7389,0.7523,0.7646,0.7777,0.7875,0.7983,0.8109,0.8223,0.8328,0.8467,0.8549,0.8562,0.8582,0.8699,0.8634,0.871,0.8702,0.8742,0.8812,0.886,0.8839,0.8833,0.8878,0.89,0.886,0.8864,0.8856,0.8866,0.8907,0.8953,0.8906,0.8937,0.8936,0.896,0.8932,0.89,0.8923,0.8927,0.8953,0.8943,0.9019,0.8938,0.8929,0.8941,0.8903,0.8908
2;1,0.1222,0.1286,0.1382,0.1406,0.1403,0.1405,0.1418,0.1426,0.1438,0.1456,0.1475,0.149,0.153,0.1543,0.1574,0.161,0.1651,0.1692,0.1747,0.1807,0.1863,0.1925,0.1994,0.2057,0.2145,0.2236,0.233,0.2438,0.2514,0.265,0.2755,0.2876,0.2992,0.3128,0.3291,0.3436,0.3598,0.3753,0.3923,0.4104,0.4298,0.45,0.4698,0.4912,0.5158,0.5367,0.5548,0.5762,0.5957,0.6168,0.6354,0.6497,0.6624,0.6768,0.6904,0.7,0.711,0.7253,0.7354,0.7464,0.751,0.7525,0.755,0.7607,0.7587,0.7624,0.7637,0.7675,0.7712,0.7695,0.7721,0.7726,0.7749,0.7752,0.7729,0.7733,0.7721,0.7729,0.7757,0.7743,0.7756,0.7746,0.7745,0.7748,0.7738,0.777,0.7739,0.7763,0.7745,0.7746,0.7782,0.7753,0.7744,0.7733,0.7752,0.772
2;2,0.1215,0.1345,0.1544,0.1712,0.1804,0.1854,0.191,0.1954,0.1999,0.2059,0.2128,0.2199,0.2285,0.2382,0.2489,0.2614,0.2738,0.2874,0.3017,0.3167,0.3336,0.3514,0.37,0.3895,0.4088,0.431,0.4537,0.4779,0.5008,0.5276,0.5542,0.5818,0.6111,0.64,0.6714,0.7025,0.7334,0.7636,0.7966,0.832,0.8666,0.9034,0.9383,0.9768,1.0155,1.0542,1.0894,1.1206,1.1524,1.1822,1.2135,1.2346,1.2573,1.2802,1.3018,1.3148,1.3288,1.35,1.3602,1.3751,1.3843,1.3848,1.3848,1.3966,1.3907,1.3948,1.3973,1.4027,1.4047,1.4055,1.4074,1.4091,1.4068,1.4051,1.405,1.4052,1.4022,1.4059,1.4071,1.409,1.4105,1.4097,1.4111,1.4121,1.4051,1.4067,1.4033,1.4062,1.4039,1.4067,1.4101,1.4069,1.4026,1.3998,1.4028,1.3967
2;3,0.1162,0.1268,0.1402,0.1502,0.1564,0.16,0.1639,0.1671,0.1704,0.1741,0.1781,0.1834,0.1886,0.195,0.2024,0.2105,0.2188,0.2278,0.2375,0.2479,0.2588,0.2719,0.2845,0.3004,0.3145,0.329,0.3452,0.363,0.3843,0.401,0.4239,0.4491,0.4735,0.5006,0.5257,0.5568,0.5892,0.6227,0.6553,0.6916,0.7258,0.7635,0.803,0.8402,0.8767,0.9147,0.959,0.9926,1.0241,1.0538,1.0768,1.1101,1.1367,1.1611,1.187,1.2128,1.2347,1.2423,1.2532,1.2535,1.2585,1.2688,1.2722,1.2675,1.2797,1.2788,1.2808,1.2784,1.2758,1.2813,1.2771,1.279,1.276,1.277,1.2825,1.2818,1.2861,1.2862,1.2804,1.2819,1.2784,1.2824,1.2804,1.2817,1.2831,1.2742,1.2795,1.2762,1.2788,1.2764,1.2693,1.274,1.2778,1.2797,1.2754,1.2828
3;2,0.1236,0.1328,0.1455,0.1504,0.1525,0.154,0.1572,0.1615,0.1645,0.1706,0.1753,0.1803,0.1949,0.1885,0.1958,0.1991,0.2053,0.2104,0.2175,0.2249,0.2303,0.2381,0.2475,0.2566,0.2661,0.278,0.2896,0.303,0.3146,0.3297,0.3438,0.3606,0.3792,0.3959,0.4161,0.4371,0.4599,0.484,0.5107,0.5379,0.5651,0.5943,0.626,0.658,0.6988,0.7235,0.7555,0.788,0.817,0.8489,0.8704,0.8939,0.916,0.936,0.9578,0.9764,0.9923,1.0074,1.0193,1.0311,1.0365,1.0415,1.0458,1.0492,1.0534,1.0559,1.0579,1.06,1.0618,1.0632,1.0639,1.0661,1.0669,1.0673,1.0678,1.068,1.0677,1.0684,1.0676,1.0687,1.0678,1.0667,1.0681,1.0677,1.0672,1.0682,1.0677,1.0693,1.0687,1.0691,1.0682,1.0685,1.0681,1.0685,1.0674,1.0675
,,,,,,,,,,,,,,,,,,,,,,,,,,,,,,,,,,,,,,,,,,,,,,,,,,,,,,,,,,,,,,,,,,,,,,,,,,,,,,,,,,,,,,,,,,,,,,,,
Cycles / Well,,,,,,,,,,,,,,,,,,,,,,,,,,,,,,,,,,,,,,,,,,,,,,,,,,,,,,,,,,,,,,,,,,,,,,,,,,,,,,,,,,,,,,,,,,,,,,,,
G4,1,2,3,4,5,6,7,8,9,10,11,12,13,14,15,16,17,18,19,20,21,22,23,24,25,26,27,28,29,30,31,32,33,34,35,36,37,38,39,40,41,42,43,44,45,46,47,48,49,50,51,52,53,54,55,56,57,58,59,60,61,62,63,64,65,66,67,68,69,70,71,72,73,74,75,76,77,78,79,80,81,82,83,84,85,86,87,88,89,90,91,92,93,94,95,96
Time [s],0,1799.797,3599.741,5399.659,7199.573,8999.513,10799.44,12599.356,14399.272,16199.193,17999.112,19799.048,21598.963,23398.904,25198.829,26998.75,28798.659,30598.586,32398.522,34198.445,35998.366,37798.269,39598.205,41398.126,43198.043,44997.982,46797.898,48597.803,50397.735,52197.643,53997.591,55797.492,57597.42,59397.352,61197.265,62997.193,64797.11,66597.04,68396.981,70196.888,71996.807,73796.739,75596.665,77396.594,79196.521,80996.461,82796.378,84596.302,86396.226,88196.142,89996.07,91796.012,93595.919,95395.853,97195.785,98995.689,100795.633,102595.552,104395.481,106195.482,107995.331,109795.267,111595.183,113395.107,115195.043,116994.958,118794.88,120594.819,122394.73,124194.661,125994.586,127794.51,129594.425,131394.355,133194.302,134994.214,136794.146,138594.064,140393.993,142193.907,143993.836,145793.766,147593.683,149393.62,151193.535,152993.466,154793.383,156593.307,158393.229,160193.151,161993.083,163792.996,165592.93,167392.852,169192.773,170992.712
Temp. [°C],22.2,30,30,30,30,30.1,30,30,30,30,30,29.9,30,30,29.8,30,30,29.9,29.9,30,30,30.1,30,30,30,30,30,30,30,30,30,30,30,30,30,30,30,30,30,30,30.1,30,30,30,30,30,30,30,30,30,30,30,30,30,30,30,30,29.9,30,30,30,30,30,30.1,30,30.1,30,30.1,30,30,30,30,30,30,30,30,30,30,30,30,30,30,30,30,30,30,30,29.9,30,30,30,30,30,30,30,30
Mean,0.12142,0.128,0.13404,0.13736,0.13872,0.13892,0.1391,0.13892,0.13846,0.13834,0.13822,0.13808,0.13954,0.13804,0.13844,0.1385,0.13886,0.1393,0.13972,0.14036,0.14078,0.1414,0.14212,0.14268,0.14372,0.14468,0.14578,0.14702,0.14822,0.15006,0.15178,0.15388,0.15622,0.15862,0.16194,0.1653,0.16924,0.1742,0.17948,0.18634,0.19352,0.20232,0.21196,0.22288,0.23692,0.24878,0.26314,0.28002,0.29794,0.31768,0.33646,0.35804,0.381,0.40536,0.43102,0.45796,0.48592,0.51524,0.54644,0.58094,0.61584,0.65112,0.6885,0.72992,0.76572,0.80322,0.83542,0.8645,0.89146,0.91318,0.9355,0.9545,0.97168,0.98854,1.00218,1.0156,1.02426,1.03682,1.0442,1.05376,1.05914,1.06364,1.06868,1.07358,1.07474,1.07924,1.08154,1.08476,1.08704,1.08892,1.09422,1.09446,1.09604,1.09702,1.09856,1.09944
StDev,0.007495799,0.008751571,0.009344143,0.008435816,0.007992309,0.007515783,0.007732723,0.00795217,0.007819399,0.008171169,0.008277198,0.008380155,0.010432785,0.008170863,0.00856522,0.008241056,0.008426328,0.008469357,0.008422411,0.00855266,0.008589063,0.00856417,0.008889713,0.008949134,0.009002055,0.009224804,0.009350775,0.009564884,0.00988595,0.010278765,0.010755789,0.011311366,0.011800932,0.012472851,0.013386859,0.014378456,0.015533448,0.016965259,0.018469082,0.0206253,0.02273053,0.025420799,0.028902993,0.032543924,0.037492626,0.042444163,0.047893872,0.05419333,0.06148425,0.068118478,0.076053422,0.084123261,0.092820472,0.101443989,0.110444316,0.120092456,0.128206872,0.13742479,0.147108898,0.15789659,0.168492205,0.177886219,0.187738821,0.201026384,0.208040518,0.217732673,0.226238275,0.234389409,0.240744082,0.245995136,0.253440595,0.258694511,0.262117592,0.265371038,0.268269299,0.270341109,0.270737812,0.274161908,0.274552518,0.27702578,0.278648296,0.276831163,0.278849497,0.279273248,0.277128071,0.279184783,0.277612883,0.279280259,0.278836095,0.279029196,0.281059455,0.280426359,0.280258003,0.279485289,0.280175914,0.279760403
1;2,0.1152,0.1196,0.1252,0.1298,0.1322,0.1333,0.1335,0.1334,0.1331,0.133,0.1328,0.1328,0.1329,0.1331,0.1333,0.1338,0.1341,0.1346,0.1351,0.1359,0.1364,0.1371,0.1377,0.1384,0.1396,0.1404,0.1417,0.1431,0.1441,0.1461,0.1477,0.1498,0.1522,0.1548,0.158,0.1614,0.1655,0.1701,0.1758,0.1823,0.1903,0.199,0.2079,0.2189,0.2319,0.2457,0.2603,0.278,0.2954,0.3147,0.3359,0.3582,0.3805,0.4044,0.4275,0.4517,0.4793,0.5086,0.5358,0.5721,0.604,0.6332,0.6662,0.7126,0.7416,0.7824,0.8127,0.8431,0.8729,0.8949,0.9149,0.9297,0.9494,0.9704,0.9797,0.9929,1.0007,1.0139,1.0225,1.0346,1.0372,1.0444,1.0498,1.0521,1.0539,1.0545,1.0584,1.0604,1.0647,1.0642,1.0775,1.0707,1.0721,1.0736,1.0703,1.0719
2;1,0.1227,0.1271,0.1315,0.1334,0.1336,0.1333,0.133,0.1326,0.1322,0.1316,0.1314,0.1309,0.1317,0.1308,0.131,0.1311,0.1312,0.1316,0.1318,0.1321,0.1325,0.1329,0.1332,0.1333,0.1343,0.135,0.1358,0.1368,0.1374,0.1387,0.1397,0.1409,0.1426,0.144,0.146,0.148,0.1503,0.1536,0.1567,0.1612,0.1658,0.1713,0.177,0.1836,0.1912,0.1977,0.2051,0.2139,0.2237,0.2358,0.247,0.2583,0.2701,0.2843,0.2993,0.3133,0.3297,0.3514,0.3714,0.3972,0.4231,0.4484,0.4772,0.5124,0.5377,0.5674,0.5923,0.6159,0.6357,0.6517,0.6702,0.6846,0.6982,0.7098,0.7188,0.7284,0.7351,0.7441,0.7532,0.7586,0.7638,0.7639,0.7693,0.772,0.7732,0.7805,0.7794,0.7834,0.7833,0.7852,0.79,0.7885,0.7885,0.7876,0.7919,0.7896
2;2,0.1204,0.1285,0.1364,0.1415,0.1442,0.145,0.1453,0.1449,0.1447,0.1442,0.1442,0.1441,0.1443,0.1444,0.1446,0.1451,0.1456,0.1462,0.147,0.1477,0.1486,0.1496,0.1505,0.1516,0.153,0.1543,0.156,0.1575,0.1594,0.162,0.1647,0.1676,0.171,0.1748,0.1794,0.1847,0.1905,0.1979,0.2056,0.2161,0.227,0.24,0.2554,0.2722,0.2926,0.3142,0.3372,0.3637,0.3937,0.4234,0.4562,0.4902,0.5265,0.5644,0.6042,0.6453,0.6844,0.7294,0.7748,0.8275,0.88,0.9295,0.9821,1.0467,1.0915,1.1433,1.1891,1.2314,1.2666,1.296,1.3309,1.3584,1.3812,1.4018,1.4191,1.434,1.4426,1.4595,1.4687,1.4802,1.4889,1.4876,1.4977,1.5016,1.499,1.5084,1.5057,1.5129,1.5133,1.5158,1.5245,1.5226,1.5236,1.5219,1.5258,1.5244
2;3,0.1153,0.1225,0.1281,0.1319,0.1335,0.134,0.1342,0.1338,0.1333,0.1331,0.1329,0.1328,0.133,0.1328,0.1329,0.133,0.1333,0.1336,0.1342,0.1348,0.135,0.1358,0.1364,0.1372,0.138,0.1389,0.1399,0.1408,0.1422,0.1437,0.1454,0.1474,0.1495,0.1517,0.1548,0.158,0.1616,0.1661,0.171,0.1769,0.1832,0.191,0.1996,0.2092,0.2204,0.2321,0.2459,0.2611,0.2772,0.2922,0.3083,0.3283,0.3496,0.3706,0.3931,0.4178,0.4429,0.4631,0.488,0.5113,0.5375,0.5675,0.5959,0.6171,0.6524,0.6765,0.7016,0.7207,0.7404,0.758,0.7717,0.7878,0.8022,0.8161,0.8303,0.8422,0.8522,0.8607,0.866,0.8725,0.8767,0.8865,0.8891,0.8949,0.9,0.8996,0.9063,0.907,0.9114,0.9142,0.913,0.9183,0.9223,0.9257,0.9252,0.9294
3;2,0.1335,0.1423,0.149,0.1502,0.1501,0.149,0.1495,0.1499,0.149,0.1498,0.1498,0.1498,0.1558,0.1491,0.1504,0.1495,0.1501,0.1505,0.1505,0.1513,0.1514,0.1516,0.1528,0.1529,0.1537,0.1548,0.1555,0.1569,0.158,0.1598,0.1614,0.1637,0.1658,0.1678,0.1715,0.1744,0.1783,0.1833,0.1883,0.1952,0.2013,0.2103,0.2199,0.2305,0.2485,0.2542,0.2672,0.2834,0.2997,0.3223,0.3349,0.3552,0.3783,0.4031,0.431,0.4617,0.4933,0.5237,0.5622,0.5966,0.6346,0.677,0.7211,0.7608,0.8054,0.8465,0.8814,0.9114,0.9417,0.9653,0.9898,1.012,1.0274,1.0446,1.063,1.0805,1.0907,1.1059,1.1106,1.1229,1.1291,1.1358,1.1375,1.1473,1.1476,1.1532,1.1579,1.1601,1.1625,1.1652,1.1661,1.1722,1.1737,1.1763,1.1796,1.1819
,,,,,,,,,,,,,,,,,,,,,,,,,,,,,,,,,,,,,,,,,,,,,,,,,,,,,,,,,,,,,,,,,,,,,,,,,,,,,,,,,,,,,,,,,,,,,,,,
Cycles / Well,,,,,,,,,,,,,,,,,,,,,,,,,,,,,,,,,,,,,,,,,,,,,,,,,,,,,,,,,,,,,,,,,,,,,,,,,,,,,,,,,,,,,,,,,,,,,,,,
G5,1,2,3,4,5,6,7,8,9,10,11,12,13,14,15,16,17,18,19,20,21,22,23,24,25,26,27,28,29,30,31,32,33,34,35,36,37,38,39,40,41,42,43,44,45,46,47,48,49,50,51,52,53,54,55,56,57,58,59,60,61,62,63,64,65,66,67,68,69,70,71,72,73,74,75,76,77,78,79,80,81,82,83,84,85,86,87,88,89,90,91,92,93,94,95,96
Time [s],0,1799.797,3599.741,5399.659,7199.573,8999.513,10799.44,12599.356,14399.272,16199.193,17999.112,19799.048,21598.963,23398.904,25198.829,26998.75,28798.659,30598.586,32398.522,34198.445,35998.366,37798.269,39598.205,41398.126,43198.043,44997.982,46797.898,48597.803,50397.735,52197.643,53997.591,55797.492,57597.42,59397.352,61197.265,62997.193,64797.11,66597.04,68396.981,70196.888,71996.807,73796.739,75596.665,77396.594,79196.521,80996.461,82796.378,84596.302,86396.226,88196.142,89996.07,91796.012,93595.919,95395.853,97195.785,98995.689,100795.633,102595.552,104395.481,106195.482,107995.331,109795.267,111595.183,113395.107,115195.043,116994.958,118794.88,120594.819,122394.73,124194.661,125994.586,127794.51,129594.425,131394.355,133194.302,134994.214,136794.146,138594.064,140393.993,142193.907,143993.836,145793.766,147593.683,149393.62,151193.535,152993.466,154793.383,156593.307,158393.229,160193.151,161993.083,163792.996,165592.93,167392.852,169192.773,170992.712
Temp. [°C],22.2,30,30,30,30,30.1,30,30,30,30,30,29.9,30,30,29.8,30,30,29.9,29.9,30,30,30.1,30,30,30,30,30,30,30,30,30,30,30,30,30,30,30,30,30,30,30.1,30,30,30,30,30,30,30,30,30,30,30,30,30,30,30,30,29.9,30,30,30,30,30,30.1,30,30.1,30,30.1,30,30,30,30,30,30,30,30,30,30,30,30,30,30,30,30,30,30,30,29.9,30,30,30,30,30,30,30,30
Mean,0.12134,0.12716,0.13522,0.1399,0.14358,0.14528,0.14678,0.1471,0.14738,0.14792,0.14744,0.14768,0.14936,0.14872,0.14912,0.14948,0.1508,0.15106,0.15282,0.15348,0.15454,0.15586,0.15716,0.15868,0.16066,0.16224,0.16412,0.16608,0.16772,0.17006,0.17238,0.17488,0.17772,0.18006,0.18314,0.1861,0.18914,0.1926,0.19604,0.19938,0.20306,0.20686,0.21026,0.21422,0.21958,0.22198,0.22606,0.23038,0.23448,0.24044,0.24376,0.24822,0.25276,0.25724,0.2628,0.2675,0.27284,0.27792,0.28292,0.2879,0.29322,0.29818,0.30284,0.30888,0.31352,0.31874,0.32408,0.32966,0.33472,0.34022,0.34576,0.35148,0.35712,0.36288,0.36886,0.37408,0.37918,0.38544,0.3912,0.39706,0.40312,0.4094,0.41602,0.42282,0.42896,0.4358,0.44316,0.45054,0.45802,0.46568,0.47406,0.4823,0.49068,0.49984,0.50972,0.52008
StDev,0.004627959,0.005525667,0.006638298,0.006320601,0.006482823,0.007956255,0.008465341,0.008339664,0.008222956,0.008029446,0.008605696,0.008605057,0.008558212,0.008734815,0.008669602,0.009262667,0.010253048,0.009705823,0.01064575,0.010236308,0.009699639,0.010987174,0.011048213,0.011088147,0.012309062,0.012306421,0.012392215,0.012888832,0.013355598,0.013544298,0.013762522,0.014152102,0.014889997,0.016357047,0.017131491,0.017975678,0.018720924,0.019358848,0.019974058,0.020784778,0.02168059,0.022587895,0.023475796,0.024185057,0.024721185,0.025979357,0.027025691,0.028075915,0.029109397,0.029669311,0.031415012,0.032561818,0.033498627,0.034655346,0.035972837,0.037388167,0.038737166,0.039690137,0.040746006,0.041696043,0.042896352,0.044150617,0.045186923,0.046227881,0.047477647,0.048629857,0.049524004,0.051086329,0.051799585,0.053006198,0.054321294,0.055589855,0.056663233,0.057529836,0.059152287,0.060144967,0.061508796,0.062709393,0.06400043,0.064981097,0.065999447,0.067338956,0.068867968,0.070449393,0.07138041,0.072036553,0.074046222,0.075027282,0.076890162,0.078092106,0.079916788,0.081734417,0.083527971,0.085424253,0.08709872,0.089983537
1;2,0.117,0.1204,0.1279,0.134,0.1382,0.1417,0.1424,0.143,0.1453,0.1437,0.1445,0.1454,0.1447,0.1452,0.146,0.1478,0.1474,0.1487,0.1497,0.1525,0.1521,0.1536,0.1557,0.1569,0.1588,0.1608,0.1643,0.1659,0.1671,0.1696,0.1722,0.1745,0.1777,0.1802,0.1837,0.1865,0.1902,0.1937,0.1978,0.2011,0.205,0.2094,0.2127,0.2166,0.221,0.2249,0.2293,0.2337,0.2377,0.2428,0.2476,0.2523,0.2567,0.2616,0.2668,0.2715,0.2769,0.2826,0.2875,0.2932,0.2984,0.303,0.3079,0.315,0.3188,0.3243,0.3301,0.3349,0.3397,0.3454,0.3504,0.3556,0.3611,0.3673,0.3721,0.3772,0.3816,0.3873,0.3927,0.399,0.404,0.4105,0.416,0.4222,0.4285,0.4342,0.4415,0.4481,0.4541,0.4611,0.4707,0.4774,0.4829,0.4916,0.4982,0.5065
2;1,0.123,0.1267,0.1318,0.1339,0.137,0.1348,0.1354,0.1356,0.1354,0.1374,0.1351,0.135,0.1383,0.1367,0.1369,0.1356,0.136,0.1367,0.1375,0.1379,0.1407,0.1394,0.1406,0.1424,0.1425,0.1438,0.1454,0.1467,0.1479,0.1502,0.1525,0.1545,0.1563,0.1561,0.1581,0.1599,0.1619,0.1644,0.1669,0.1692,0.1718,0.1743,0.1765,0.1797,0.1833,0.1852,0.1878,0.1907,0.1936,0.1979,0.2005,0.2033,0.2066,0.2096,0.2138,0.2165,0.2197,0.2239,0.2274,0.2314,0.2354,0.2383,0.2417,0.247,0.2495,0.2531,0.2574,0.2609,0.2652,0.2689,0.2733,0.2772,0.2816,0.2859,0.2899,0.2938,0.2966,0.3013,0.3063,0.3107,0.3158,0.3193,0.3249,0.3289,0.3334,0.3398,0.3436,0.3502,0.355,0.3613,0.3672,0.3725,0.3783,0.3839,0.3915,0.3971
2;2,0.121,0.1276,0.1382,0.1462,0.1523,0.1563,0.1572,0.1579,0.158,0.1585,0.1583,0.1582,0.1594,0.16,0.1601,0.1608,0.1633,0.163,0.1661,0.1661,0.1674,0.1697,0.1712,0.1733,0.1767,0.1782,0.1802,0.1829,0.1855,0.1884,0.1914,0.1945,0.1984,0.2023,0.2065,0.2107,0.2148,0.2191,0.2233,0.2279,0.233,0.238,0.2427,0.2479,0.2531,0.2583,0.2638,0.2696,0.2754,0.2817,0.2886,0.2945,0.3005,0.3066,0.3145,0.321,0.328,0.3347,0.3412,0.3478,0.3551,0.3616,0.3678,0.3759,0.382,0.3887,0.3953,0.4034,0.4098,0.4167,0.4249,0.4324,0.4399,0.4465,0.4552,0.4618,0.4685,0.4769,0.4854,0.4927,0.5007,0.508,0.5179,0.5265,0.5338,0.5423,0.5518,0.5612,0.5713,0.581,0.5922,0.6027,0.6135,0.6246,0.6368,0.6504
2;3,0.1174,0.1254,0.1331,0.1386,0.1425,0.1453,0.1467,0.1488,0.1477,0.1479,0.1477,0.1477,0.1482,0.1484,0.1489,0.1493,0.1507,0.1511,0.1523,0.1534,0.1543,0.157,0.1573,0.159,0.1607,0.1634,0.1643,0.1664,0.1685,0.1704,0.1727,0.1753,0.1779,0.1805,0.1833,0.1866,0.1897,0.1932,0.1966,0.2,0.2039,0.2077,0.2114,0.2153,0.2193,0.2236,0.2278,0.2325,0.2366,0.2411,0.2453,0.2505,0.2549,0.2597,0.2651,0.271,0.2769,0.2816,0.2868,0.2909,0.2963,0.3021,0.3069,0.3112,0.3174,0.3232,0.3288,0.3344,0.339,0.3456,0.3502,0.3566,0.3617,0.3683,0.3745,0.3803,0.3866,0.3918,0.3968,0.4019,0.4079,0.4158,0.4214,0.4292,0.435,0.4402,0.4491,0.4557,0.464,0.4714,0.4781,0.4875,0.4974,0.5071,0.5175,0.5294
3;2,0.1283,0.1357,0.1451,0.1468,0.1479,0.1483,0.1522,0.1502,0.1505,0.1521,0.1516,0.1521,0.1562,0.1533,0.1537,0.1539,0.1566,0.1558,0.1585,0.1575,0.1582,0.1596,0.161,0.1618,0.1646,0.165,0.1664,0.1685,0.1696,0.1717,0.1731,0.1756,0.1783,0.1812,0.1841,0.1868,0.1891,0.1926,0.1956,0.1987,0.2016,0.2049,0.208,0.2116,0.2212,0.2179,0.2216,0.2254,0.2291,0.2387,0.2368,0.2405,0.2451,0.2487,0.2538,0.2575,0.2627,0.2668,0.2717,0.2762,0.2809,0.2859,0.2899,0.2953,0.2999,0.3044,0.3088,0.3147,0.3199,0.3245,0.33,0.3356,0.3413,0.3464,0.3526,0.3573,0.3626,0.3699,0.3748,0.381,0.3872,0.3934,0.3999,0.4073,0.4141,0.4225,0.4298,0.4375,0.4457,0.4536,0.4621,0.4714,0.4813,0.492,0.5046,0.517
,,,,,,,,,,,,,,,,,,,,,,,,,,,,,,,,,,,,,,,,,,,,,,,,,,,,,,,,,,,,,,,,,,,,,,,,,,,,,,,,,,,,,,,,,,,,,,,,
Cycles / Well,,,,,,,,,,,,,,,,,,,,,,,,,,,,,,,,,,,,,,,,,,,,,,,,,,,,,,,,,,,,,,,,,,,,,,,,,,,,,,,,,,,,,,,,,,,,,,,,
G6,1,2,3,4,5,6,7,8,9,10,11,12,13,14,15,16,17,18,19,20,21,22,23,24,25,26,27,28,29,30,31,32,33,34,35,36,37,38,39,40,41,42,43,44,45,46,47,48,49,50,51,52,53,54,55,56,57,58,59,60,61,62,63,64,65,66,67,68,69,70,71,72,73,74,75,76,77,78,79,80,81,82,83,84,85,86,87,88,89,90,91,92,93,94,95,96
Time [s],0,1799.797,3599.741,5399.659,7199.573,8999.513,10799.44,12599.356,14399.272,16199.193,17999.112,19799.048,21598.963,23398.904,25198.829,26998.75,28798.659,30598.586,32398.522,34198.445,35998.366,37798.269,39598.205,41398.126,43198.043,44997.982,46797.898,48597.803,50397.735,52197.643,53997.591,55797.492,57597.42,59397.352,61197.265,62997.193,64797.11,66597.04,68396.981,70196.888,71996.807,73796.739,75596.665,77396.594,79196.521,80996.461,82796.378,84596.302,86396.226,88196.142,89996.07,91796.012,93595.919,95395.853,97195.785,98995.689,100795.633,102595.552,104395.481,106195.482,107995.331,109795.267,111595.183,113395.107,115195.043,116994.958,118794.88,120594.819,122394.73,124194.661,125994.586,127794.51,129594.425,131394.355,133194.302,134994.214,136794.146,138594.064,140393.993,142193.907,143993.836,145793.766,147593.683,149393.62,151193.535,152993.466,154793.383,156593.307,158393.229,160193.151,161993.083,163792.996,165592.93,167392.852,169192.773,170992.712
Temp. [°C],22.2,30,30,30,30,30.1,30,30,30,30,30,29.9,30,30,29.8,30,30,29.9,29.9,30,30,30.1,30,30,30,30,30,30,30,30,30,30,30,30,30,30,30,30,30,30,30.1,30,30,30,30,30,30,30,30,30,30,30,30,30,30,30,30,29.9,30,30,30,30,30,30.1,30,30.1,30,30.1,30,30,30,30,30,30,30,30,30,30,30,30,30,30,30,30,30,30,30,29.9,30,30,30,30,30,30,30,30
Mean,0.12304,0.12694,0.13194,0.13664,0.14158,0.1477,0.15668,0.16736,0.18164,0.20134,0.22712,0.2596,0.30336,0.35038,0.40788,0.47214,0.54198,0.61336,0.68472,0.75408,0.81892,0.8791,0.93456,0.98608,1.03312,1.07646,1.11718,1.15398,1.18794,1.218,1.24548,1.27008,1.29082,1.30872,1.32408,1.33336,1.33974,1.34314,1.34562,1.34694,1.3482,1.34936,1.3506,1.35036,1.35122,1.35068,1.35062,1.3516,1.35118,1.3519,1.351,1.35138,1.35132,1.35202,1.35158,1.35152,1.35164,1.35102,1.3506,1.35078,1.35086,1.35006,1.35018,1.35084,1.3502,1.34998,1.35014,1.35002,1.35064,1.3504,1.34908,1.3487,1.34884,1.34878,1.3483,1.34818,1.348,1.34842,1.34708,1.3486,1.3481,1.34852,1.34796,1.34798,1.3481,1.34728,1.34806,1.34862,1.34894,1.34804,1.3489,1.34918,1.34906,1.3499,1.34898,1.34964
StDev,0.010137209,0.010469862,0.012225506,0.012928186,0.012060556,0.01263962,0.014509032,0.014786244,0.015525238,0.016973008,0.018433855,0.020458495,0.02506707,0.025652914,0.029204572,0.033925846,0.039904849,0.046668169,0.054726109,0.063747369,0.071362504,0.079530529,0.086103037,0.092755927,0.098216328,0.103160157,0.107511195,0.111714466,0.115433219,0.118201036,0.12053463,0.123042013,0.124846554,0.126601904,0.126775893,0.126657779,0.126156205,0.125212751,0.125267821,0.125134839,0.125267693,0.125346552,0.12504997,0.125827712,0.126380584,0.126384204,0.126272847,0.126894503,0.12674128,0.127746879,0.126776102,0.127676161,0.127919866,0.128963084,0.128469401,0.130125812,0.130131118,0.130178808,0.130448036,0.130153763,0.130902284,0.131757554,0.131882114,0.132608212,0.132463202,0.133139915,0.133346515,0.133878404,0.134561651,0.134547074,0.133737568,0.1342431,0.134271024,0.134354706,0.134581667,0.134978098,0.135145089,0.135216704,0.134578312,0.135304933,0.13488497,0.135876109,0.135508424,0.135875888,0.135469056,0.134438302,0.135251462,0.134464687,0.135285746,0.134613643,0.135262911,0.135541532,0.134639288,0.134928444,0.134528871,0.134623245
1;2,0.1148,0.1176,0.1207,0.1245,0.1297,0.1348,0.1424,0.1528,0.1667,0.1857,0.2104,0.2412,0.282,0.3313,0.3895,0.4572,0.5311,0.6083,0.6857,0.7623,0.8347,0.8991,0.9602,1.0148,1.0668,1.1142,1.1621,1.2015,1.2382,1.2729,1.3018,1.3266,1.3492,1.3687,1.3867,1.3933,1.4001,1.4019,1.4089,1.4074,1.4106,1.4131,1.4125,1.4128,1.4152,1.4144,1.4112,1.4136,1.4093,1.4132,1.4122,1.4116,1.4128,1.4151,1.4129,1.4128,1.4128,1.4124,1.4133,1.4134,1.4145,1.4105,1.4099,1.4151,1.4123,1.4108,1.4114,1.4108,1.412,1.4125,1.4108,1.4108,1.4097,1.4112,1.4087,1.4103,1.4077,1.4085,1.4074,1.4114,1.4079,1.4096,1.4086,1.4089,1.4086,1.4075,1.4067,1.4084,1.4077,1.406,1.4105,1.408,1.4065,1.4078,1.405,1.4063
2;1,0.1227,0.1271,0.132,0.1367,0.1424,0.1484,0.1556,0.1658,0.1786,0.1955,0.2185,0.2469,0.2847,0.3245,0.3734,0.4273,0.4867,0.5483,0.6082,0.6668,0.7224,0.774,0.8233,0.8667,0.9101,0.9502,0.9878,1.0214,1.052,1.0826,1.109,1.1324,1.1524,1.17,1.1863,1.1968,1.2044,1.2094,1.2115,1.2136,1.2148,1.2163,1.2173,1.2165,1.2162,1.2169,1.2161,1.216,1.2156,1.2154,1.2162,1.2157,1.215,1.2148,1.2153,1.2126,1.2133,1.2132,1.2121,1.214,1.213,1.2112,1.2105,1.2114,1.2109,1.2094,1.2096,1.2099,1.2087,1.2088,1.2096,1.2087,1.2085,1.2084,1.2076,1.2064,1.206,1.2069,1.2067,1.2067,1.2073,1.2063,1.2062,1.2054,1.2063,1.2069,1.206,1.2081,1.2066,1.2068,1.207,1.2068,1.2078,1.2076,1.2068,1.2073
2;2,0.1199,0.124,0.1288,0.1336,0.1393,0.146,0.1552,0.1665,0.1821,0.2034,0.232,0.2685,0.3151,0.3707,0.4374,0.5131,0.5958,0.6797,0.7628,0.8448,0.9184,0.9881,1.0507,1.1075,1.1604,1.2091,1.2521,1.293,1.3278,1.3614,1.3897,1.4161,1.4384,1.4553,1.471,1.4783,1.4822,1.4855,1.4858,1.4884,1.489,1.4901,1.491,1.4922,1.4923,1.492,1.4922,1.4925,1.494,1.4945,1.4942,1.4946,1.4942,1.4951,1.4949,1.4944,1.4935,1.4946,1.4935,1.4951,1.4956,1.4962,1.4961,1.4979,1.4965,1.4973,1.4969,1.498,1.4989,1.4977,1.4973,1.4976,1.4981,1.4963,1.497,1.4967,1.4968,1.4974,1.4949,1.4965,1.4977,1.4968,1.4981,1.4965,1.4964,1.4962,1.497,1.4974,1.498,1.4961,1.4981,1.4987,1.498,1.4981,1.4981,1.4977
2;3,0.1174,0.1214,0.1257,0.1301,0.1351,0.141,0.1494,0.1598,0.1734,0.1926,0.2177,0.2501,0.2933,0.3417,0.4003,0.4655,0.5376,0.6105,0.6869,0.7599,0.8287,0.8962,0.9558,1.0161,1.0661,1.112,1.1552,1.1952,1.2359,1.264,1.2955,1.3242,1.3457,1.3683,1.381,1.3956,1.4038,1.4065,1.4077,1.4097,1.4103,1.4104,1.4132,1.4124,1.4142,1.4136,1.416,1.4181,1.4184,1.4189,1.4148,1.4184,1.4182,1.4197,1.4194,1.4241,1.4257,1.4227,1.4226,1.4202,1.4206,1.4231,1.4245,1.4211,1.4232,1.4245,1.4255,1.4255,1.4269,1.4272,1.423,1.4226,1.4235,1.4245,1.4249,1.4244,1.4265,1.4265,1.4249,1.4258,1.4248,1.4282,1.4247,1.4275,1.4273,1.4234,1.4276,1.4254,1.4283,1.4278,1.4254,1.4285,1.4282,1.4303,1.4289,1.4306
3;2,0.1404,0.1446,0.1525,0.1583,0.1614,0.1683,0.1808,0.1919,0.2074,0.2295,0.257,0.2913,0.3417,0.3837,0.4388,0.4976,0.5587,0.62,0.68,0.7366,0.7904,0.8381,0.8828,0.9253,0.9622,0.9968,1.0287,1.0588,1.0858,1.1091,1.1314,1.1511,1.1684,1.1813,1.1954,1.2028,1.2082,1.2124,1.2142,1.2156,1.2163,1.2169,1.219,1.2179,1.2182,1.2165,1.2176,1.2178,1.2186,1.2175,1.2176,1.2166,1.2164,1.2154,1.2154,1.2137,1.2129,1.2122,1.2115,1.2112,1.2106,1.2093,1.2099,1.2087,1.2081,1.2079,1.2073,1.2059,1.2067,1.2058,1.2047,1.2038,1.2044,1.2035,1.2033,1.2031,1.203,1.2028,1.2015,1.2026,1.2028,1.2017,1.2022,1.2016,1.2019,1.2024,1.203,1.2038,1.2041,1.2035,1.2035,1.2039,1.2048,1.2057,1.2061,1.2063
,,,,,,,,,,,,,,,,,,,,,,,,,,,,,,,,,,,,,,,,,,,,,,,,,,,,,,,,,,,,,,,,,,,,,,,,,,,,,,,,,,,,,,,,,,,,,,,,
Cycles / Well,,,,,,,,,,,,,,,,,,,,,,,,,,,,,,,,,,,,,,,,,,,,,,,,,,,,,,,,,,,,,,,,,,,,,,,,,,,,,,,,,,,,,,,,,,,,,,,,
G7,1,2,3,4,5,6,7,8,9,10,11,12,13,14,15,16,17,18,19,20,21,22,23,24,25,26,27,28,29,30,31,32,33,34,35,36,37,38,39,40,41,42,43,44,45,46,47,48,49,50,51,52,53,54,55,56,57,58,59,60,61,62,63,64,65,66,67,68,69,70,71,72,73,74,75,76,77,78,79,80,81,82,83,84,85,86,87,88,89,90,91,92,93,94,95,96
Time [s],0,1799.797,3599.741,5399.659,7199.573,8999.513,10799.44,12599.356,14399.272,16199.193,17999.112,19799.048,21598.963,23398.904,25198.829,26998.75,28798.659,30598.586,32398.522,34198.445,35998.366,37798.269,39598.205,41398.126,43198.043,44997.982,46797.898,48597.803,50397.735,52197.643,53997.591,55797.492,57597.42,59397.352,61197.265,62997.193,64797.11,66597.04,68396.981,70196.888,71996.807,73796.739,75596.665,77396.594,79196.521,80996.461,82796.378,84596.302,86396.226,88196.142,89996.07,91796.012,93595.919,95395.853,97195.785,98995.689,100795.633,102595.552,104395.481,106195.482,107995.331,109795.267,111595.183,113395.107,115195.043,116994.958,118794.88,120594.819,122394.73,124194.661,125994.586,127794.51,129594.425,131394.355,133194.302,134994.214,136794.146,138594.064,140393.993,142193.907,143993.836,145793.766,147593.683,149393.62,151193.535,152993.466,154793.383,156593.307,158393.229,160193.151,161993.083,163792.996,165592.93,167392.852,169192.773,170992.712
Temp. [°C],22.2,30,30,30,30,30.1,30,30,30,30,30,29.9,30,30,29.8,30,30,29.9,29.9,30,30,30.1,30,30,30,30,30,30,30,30,30,30,30,30,30,30,30,30,30,30,30.1,30,30,30,30,30,30,30,30,30,30,30,30,30,30,30,30,29.9,30,30,30,30,30,30.1,30,30.1,30,30.1,30,30,30,30,30,30,30,30,30,30,30,30,30,30,30,30,30,30,30,29.9,30,30,30,30,30,30,30,30
Mean,0.11948,0.12962,0.14376,0.15532,0.16668,0.17972,0.19642,0.21614,0.23982,0.26784,0.29876,0.33214,0.3678,0.40552,0.44262,0.48078,0.51872,0.55492,0.58974,0.62292,0.65458,0.68394,0.7124,0.7383,0.76326,0.78588,0.80872,0.82982,0.85002,0.86716,0.8817,0.89564,0.90774,0.9183,0.92808,0.93634,0.94302,0.9497,0.95602,0.9614,0.9676,0.97274,0.97516,0.978,0.98266,0.98436,0.98722,0.9877,0.98754,0.99224,0.99258,0.99346,0.9956,0.99852,1.0005,1.00306,1.00582,1.0061,1.00786,1.00938,1.01192,1.01492,1.01514,1.01908,1.01942,1.02148,1.02292,1.02474,1.02724,1.03016,1.03098,1.03092,1.03104,1.03348,1.0351,1.03716,1.03732,1.04022,1.04128,1.0453,1.04618,1.04892,1.04972,1.05324,1.05284,1.05278,1.05458,1.05634,1.05896,1.05938,1.06312,1.06376,1.06488,1.06774,1.0688,1.07142
StDev,0.002358389,0.002282981,0.005554098,0.009787083,0.013854494,0.018821451,0.025646091,0.033069215,0.042908705,0.05441225,0.068236156,0.083632338,0.101203829,0.119528875,0.138481197,0.158395555,0.179057804,0.198621781,0.218271237,0.237396929,0.254436705,0.272898888,0.287807601,0.305838855,0.316866215,0.328035931,0.337573691,0.347506075,0.36039779,0.364227316,0.371630293,0.378767096,0.384284079,0.390369063,0.390439057,0.39656648,0.398105799,0.398811403,0.397688832,0.400692519,0.400347337,0.398172843,0.399605609,0.398024968,0.396870442,0.397187906,0.40131405,0.397903977,0.39806427,0.396190589,0.394096799,0.3937664,0.394300298,0.394319404,0.395045656,0.399598865,0.399962194,0.396105541,0.396038373,0.393032635,0.393485377,0.397525813,0.397117933,0.394315859,0.39757785,0.397480172,0.397251371,0.39593008,0.397217929,0.39696339,0.394070548,0.393364954,0.390927977,0.391120643,0.391721304,0.391789628,0.392236557,0.392404972,0.391011607,0.389760497,0.389458267,0.39165787,0.389444459,0.389479824,0.388609551,0.385433129,0.38733154,0.383993187,0.386205014,0.384850883,0.382373282,0.383344249,0.382338831,0.383602989,0.381467515,0.381888344
1;2,0.1179,0.1266,0.1413,0.1546,0.1667,0.1808,0.1977,0.2157,0.2372,0.2605,0.284,0.3071,0.332,0.356,0.3764,0.3978,0.4165,0.4354,0.4529,0.4682,0.4853,0.4979,0.5144,0.5265,0.546,0.5611,0.5825,0.601,0.6166,0.635,0.6503,0.6622,0.6751,0.686,0.6999,0.7056,0.7158,0.7245,0.7409,0.7433,0.7549,0.7668,0.7678,0.7732,0.7812,0.7856,0.7841,0.7901,0.7851,0.7965,0.7988,0.8002,0.8032,0.8083,0.8101,0.8103,0.8155,0.8191,0.8207,0.8251,0.8295,0.828,0.8281,0.8402,0.8352,0.8372,0.8405,0.8443,0.8472,0.8542,0.8546,0.8522,0.8547,0.8596,0.8588,0.8632,0.8612,0.8614,0.8638,0.8741,0.8722,0.8774,0.8786,0.8848,0.8837,0.881,0.8845,0.8872,0.8897,0.8894,0.9006,0.8959,0.8967,0.9008,0.8992,0.9061
2;1,0.1218,0.1295,0.1383,0.1442,0.151,0.1587,0.1672,0.1782,0.1913,0.2072,0.2234,0.2407,0.2595,0.277,0.2959,0.3154,0.3344,0.353,0.3693,0.3853,0.402,0.4139,0.4292,0.4371,0.4512,0.4636,0.4752,0.4854,0.4913,0.5037,0.5079,0.5141,0.519,0.5215,0.5292,0.5313,0.5341,0.5384,0.5409,0.544,0.5479,0.5533,0.5532,0.5569,0.5582,0.5606,0.5599,0.5607,0.5621,0.564,0.5683,0.5686,0.569,0.5712,0.5716,0.5694,0.5693,0.5737,0.5744,0.578,0.5791,0.5781,0.5784,0.5819,0.5797,0.5817,0.5821,0.5846,0.5838,0.5849,0.5896,0.5905,0.5927,0.5931,0.5942,0.594,0.5947,0.5984,0.5999,0.6023,0.6036,0.6018,0.6046,0.6062,0.6074,0.6119,0.6094,0.615,0.6142,0.616,0.62,0.6205,0.6225,0.6217,0.6265,0.6266
2;2,0.1199,0.1324,0.153,0.1711,0.1887,0.2092,0.236,0.2668,0.3054,0.3502,0.4008,0.4543,0.5127,0.571,0.6284,0.687,0.7452,0.7996,0.8514,0.8989,0.9453,0.9839,1.0251,1.0554,1.0907,1.1275,1.1572,1.184,1.2053,1.2367,1.2535,1.2703,1.2841,1.2954,1.3106,1.3179,1.3194,1.3293,1.3334,1.3393,1.3483,1.3525,1.3553,1.3628,1.3619,1.3664,1.3682,1.367,1.3656,1.3686,1.3752,1.3709,1.3734,1.3791,1.3796,1.3736,1.3746,1.3803,1.381,1.3884,1.3929,1.3959,1.3927,1.4004,1.3967,1.3974,1.4003,1.4032,1.4033,1.4062,1.4125,1.4109,1.4096,1.4102,1.4117,1.4106,1.4085,1.4163,1.4165,1.4238,1.4234,1.4237,1.4283,1.4273,1.4221,1.4249,1.4234,1.4271,1.4272,1.4301,1.4371,1.435,1.4337,1.4322,1.4388,1.4358
2;3,0.1163,0.1284,0.1423,0.1544,0.1664,0.1804,0.199,0.2221,0.2499,0.2854,0.3263,0.3743,0.4264,0.485,0.5454,0.6084,0.6727,0.7346,0.796,0.8573,0.9117,0.972,1.0202,1.08,1.1186,1.1515,1.1879,1.2245,1.2702,1.2823,1.3096,1.3356,1.3572,1.3791,1.3838,1.4054,1.4191,1.424,1.4286,1.4398,1.4421,1.443,1.4477,1.443,1.4488,1.4489,1.4613,1.4553,1.4572,1.458,1.4491,1.4536,1.4561,1.4563,1.4608,1.4799,1.484,1.4719,1.4741,1.464,1.4653,1.4767,1.479,1.4725,1.4835,1.4865,1.4857,1.4836,1.4901,1.4916,1.4821,1.4822,1.4784,1.4821,1.4852,1.4893,1.4928,1.4922,1.4908,1.488,1.4896,1.498,1.4908,1.4976,1.5,1.4916,1.4992,1.4926,1.5015,1.497,1.4915,1.4972,1.4984,1.5067,1.4992,1.5067
3;2,0.1215,0.1312,0.1439,0.1523,0.1606,0.1695,0.1822,0.1979,0.2153,0.2359,0.2593,0.2843,0.3084,0.3386,0.367,0.3953,0.4248,0.452,0.4791,0.5049,0.5286,0.552,0.5731,0.5925,0.6098,0.6257,0.6408,0.6542,0.6667,0.6781,0.6872,0.696,0.7033,0.7095,0.7169,0.7215,0.7267,0.7323,0.7363,0.7406,0.7448,0.7481,0.7518,0.7541,0.7632,0.7603,0.7626,0.7654,0.7677,0.7741,0.7715,0.774,0.7763,0.7777,0.7804,0.7821,0.7857,0.7855,0.7891,0.7914,0.7928,0.7959,0.7975,0.8004,0.802,0.8046,0.806,0.808,0.8118,0.8139,0.8161,0.8188,0.8198,0.8224,0.8256,0.8287,0.8294,0.8328,0.8354,0.8383,0.8421,0.8437,0.8463,0.8503,0.851,0.8545,0.8564,0.8598,0.8622,0.8644,0.8664,0.8702,0.8731,0.8773,0.8803,0.8819
,,,,,,,,,,,,,,,,,,,,,,,,,,,,,,,,,,,,,,,,,,,,,,,,,,,,,,,,,,,,,,,,,,,,,,,,,,,,,,,,,,,,,,,,,,,,,,,,
Cycles / Well,,,,,,,,,,,,,,,,,,,,,,,,,,,,,,,,,,,,,,,,,,,,,,,,,,,,,,,,,,,,,,,,,,,,,,,,,,,,,,,,,,,,,,,,,,,,,,,,
G8,1,2,3,4,5,6,7,8,9,10,11,12,13,14,15,16,17,18,19,20,21,22,23,24,25,26,27,28,29,30,31,32,33,34,35,36,37,38,39,40,41,42,43,44,45,46,47,48,49,50,51,52,53,54,55,56,57,58,59,60,61,62,63,64,65,66,67,68,69,70,71,72,73,74,75,76,77,78,79,80,81,82,83,84,85,86,87,88,89,90,91,92,93,94,95,96
Time [s],0,1799.797,3599.741,5399.659,7199.573,8999.513,10799.44,12599.356,14399.272,16199.193,17999.112,19799.048,21598.963,23398.904,25198.829,26998.75,28798.659,30598.586,32398.522,34198.445,35998.366,37798.269,39598.205,41398.126,43198.043,44997.982,46797.898,48597.803,50397.735,52197.643,53997.591,55797.492,57597.42,59397.352,61197.265,62997.193,64797.11,66597.04,68396.981,70196.888,71996.807,73796.739,75596.665,77396.594,79196.521,80996.461,82796.378,84596.302,86396.226,88196.142,89996.07,91796.012,93595.919,95395.853,97195.785,98995.689,100795.633,102595.552,104395.481,106195.482,107995.331,109795.267,111595.183,113395.107,115195.043,116994.958,118794.88,120594.819,122394.73,124194.661,125994.586,127794.51,129594.425,131394.355,133194.302,134994.214,136794.146,138594.064,140393.993,142193.907,143993.836,145793.766,147593.683,149393.62,151193.535,152993.466,154793.383,156593.307,158393.229,160193.151,161993.083,163792.996,165592.93,167392.852,169192.773,170992.712
Temp. [°C],22.2,30,30,30,30,30.1,30,30,30,30,30,29.9,30,30,29.8,30,30,29.9,29.9,30,30,30.1,30,30,30,30,30,30,30,30,30,30,30,30,30,30,30,30,30,30,30.1,30,30,30,30,30,30,30,30,30,30,30,30,30,30,30,30,29.9,30,30,30,30,30,30.1,30,30.1,30,30.1,30,30,30,30,30,30,30,30,30,30,30,30,30,30,30,30,30,30,30,29.9,30,30,30,30,30,30,30,30
Mean,0.12116,0.12984,0.13876,0.14666,0.15494,0.16486,0.17792,0.19376,0.21362,0.23932,0.27036,0.30722,0.35086,0.40222,0.46126,0.52848,0.60456,0.687,0.77678,0.87096,0.96374,1.05202,1.13424,1.20548,1.26864,1.32008,1.36306,1.39886,1.42868,1.45712,1.48056,1.4989,1.51224,1.5196,1.5264,1.52848,1.53104,1.53324,1.5363,1.53798,1.53952,1.54278,1.54414,1.54638,1.54756,1.54976,1.55138,1.55388,1.55488,1.5562,1.55894,1.56062,1.56198,1.5642,1.56528,1.56632,1.56764,1.56934,1.5706,1.57264,1.57408,1.57436,1.57588,1.57912,1.57888,1.5801,1.581,1.58252,1.58372,1.58592,1.58626,1.5869,1.5885,1.58974,1.59054,1.59172,1.59274,1.5938,1.59348,1.59646,1.5962,1.5972,1.59862,1.59964,1.60008,1.60148,1.60214,1.60338,1.60422,1.60438,1.60624,1.60668,1.60736,1.60824,1.60914,1.61014
StDev,0.004153673,0.005313473,0.006834691,0.008300181,0.009839106,0.011793346,0.014924879,0.018193488,0.022832915,0.028262466,0.035365916,0.043918755,0.055006663,0.067073482,0.080658341,0.094486438,0.111162102,0.127143541,0.144246133,0.159745166,0.168682373,0.174986705,0.173742663,0.171527861,0.163458597,0.157483386,0.151076845,0.145546669,0.143243611,0.138845839,0.135366421,0.13272528,0.129807465,0.127869093,0.125432791,0.125038482,0.123846591,0.123065706,0.121892596,0.121678951,0.121089273,0.120067344,0.1212247,0.120377373,0.120142386,0.119309358,0.119493209,0.1196435,0.119843218,0.119114819,0.118343031,0.11877629,0.118177439,0.117571,0.117922759,0.118903015,0.118475221,0.117395945,0.116828378,0.116404158,0.11604375,0.117192675,0.116953525,0.115430832,0.116427754,0.116433393,0.115725257,0.116320342,0.116208743,0.115560166,0.114828777,0.114892885,0.11472905,0.114028387,0.114413649,0.114508458,0.114786946,0.11408819,0.113606831,0.113406869,0.113968088,0.113215745,0.113689828,0.113145605,0.113338308,0.113047853,0.113294033,0.112950573,0.11299127,0.112525406,0.111626982,0.112412731,0.112695399,0.112557665,0.111812826,0.111670377
1;2,0.1172,0.124,0.1315,0.1393,0.1474,0.1561,0.1674,0.1814,0.1992,0.2226,0.2492,0.2806,0.3183,0.3612,0.4092,0.4654,0.5261,0.5956,0.6688,0.7485,0.8303,0.9113,0.9907,1.0588,1.129,1.184,1.2358,1.2766,1.3078,1.3409,1.3693,1.3879,1.4047,1.4146,1.4248,1.4267,1.4305,1.4337,1.4417,1.4403,1.4455,1.4496,1.4494,1.451,1.456,1.4552,1.455,1.4584,1.4566,1.4626,1.4632,1.4657,1.4654,1.4689,1.4686,1.4703,1.4721,1.4742,1.4755,1.479,1.481,1.4786,1.4798,1.4884,1.4836,1.4855,1.4864,1.4889,1.4909,1.4953,1.4947,1.4943,1.4966,1.5007,1.4982,1.5006,1.4999,1.5011,1.5003,1.5062,1.5044,1.5073,1.5094,1.5104,1.5101,1.5087,1.511,1.5119,1.5133,1.5139,1.5186,1.5179,1.5171,1.5185,1.5184,1.5206
2;1,0.1234,0.1276,0.1329,0.1368,0.142,0.1491,0.1577,0.169,0.1824,0.2009,0.2231,0.2492,0.2803,0.3161,0.3602,0.413,0.4726,0.5388,0.6124,0.6936,0.7796,0.8622,0.9474,1.024,1.0956,1.1537,1.2007,1.2415,1.2744,1.3064,1.3321,1.3538,1.3687,1.3775,1.3866,1.3883,1.3919,1.3948,1.3963,1.4007,1.401,1.4053,1.4053,1.4098,1.4086,1.414,1.4169,1.418,1.4206,1.4198,1.4255,1.4256,1.429,1.4315,1.4334,1.4312,1.4331,1.4365,1.439,1.4406,1.4421,1.4418,1.444,1.4463,1.4473,1.4478,1.4502,1.4498,1.4504,1.4526,1.4548,1.4561,1.4577,1.4578,1.4602,1.4598,1.4615,1.464,1.4647,1.4655,1.4657,1.4667,1.4665,1.4692,1.469,1.4729,1.472,1.4739,1.4744,1.4747,1.4763,1.4757,1.4772,1.4778,1.4802,1.4811
2;2,0.1213,0.1317,0.1434,0.1542,0.1652,0.1774,0.1943,0.2142,0.2401,0.2729,0.3123,0.3583,0.4135,0.4766,0.5481,0.6281,0.7194,0.8152,0.9179,1.0253,1.1271,1.2201,1.3042,1.3727,1.4322,1.4816,1.5192,1.5517,1.5778,1.6049,1.6234,1.6382,1.6488,1.6529,1.6598,1.6596,1.6608,1.6619,1.6642,1.6662,1.6667,1.6696,1.6712,1.6736,1.6744,1.6758,1.6769,1.6795,1.6808,1.6798,1.6851,1.6855,1.6861,1.6884,1.6884,1.6902,1.6902,1.692,1.6937,1.6962,1.6971,1.6973,1.6986,1.702,1.7011,1.7025,1.7022,1.7057,1.7059,1.7083,1.708,1.7084,1.7106,1.7105,1.7119,1.7125,1.7136,1.7136,1.7133,1.7172,1.7166,1.7168,1.7187,1.7184,1.7193,1.7214,1.7215,1.7235,1.7233,1.723,1.7244,1.7251,1.7257,1.7265,1.7255,1.7269
2;3,0.1171,0.1279,0.1384,0.1483,0.1584,0.1698,0.1849,0.2029,0.2262,0.2564,0.2939,0.3393,0.3968,0.46,0.5354,0.6197,0.716,0.8192,0.9319,1.0467,1.1493,1.2455,1.3228,1.3916,1.4421,1.4827,1.5177,1.5448,1.5738,1.594,1.6153,1.631,1.6403,1.647,1.6491,1.6517,1.6531,1.6549,1.6561,1.6573,1.6589,1.6603,1.6634,1.6641,1.6649,1.6661,1.669,1.6712,1.6723,1.6744,1.673,1.6767,1.6775,1.6785,1.6819,1.6831,1.6851,1.6846,1.6845,1.685,1.6861,1.6884,1.6897,1.6897,1.6921,1.6929,1.6939,1.6943,1.6961,1.6971,1.6966,1.6977,1.6985,1.6993,1.7003,1.7017,1.7032,1.7043,1.7028,1.7038,1.7055,1.7058,1.7073,1.7094,1.7089,1.709,1.7108,1.7103,1.7125,1.7118,1.7124,1.7137,1.7154,1.7159,1.7168,1.7176
3;2,0.1268,0.138,0.1476,0.1547,0.1617,0.1719,0.1853,0.2013,0.2202,0.2438,0.2733,0.3087,0.3454,0.3972,0.4534,0.5162,0.5887,0.6662,0.7529,0.8407,0.9324,1.021,1.1061,1.1803,1.2443,1.2984,1.3419,1.3797,1.4096,1.4394,1.4627,1.4836,1.4987,1.506,1.5117,1.5161,1.5189,1.5209,1.5232,1.5254,1.5255,1.5291,1.5314,1.5334,1.5339,1.5377,1.5391,1.5423,1.5441,1.5444,1.5479,1.5496,1.5519,1.5537,1.5541,1.5568,1.5577,1.5594,1.5603,1.5624,1.5641,1.5657,1.5673,1.5692,1.5703,1.5718,1.5723,1.5739,1.5753,1.5763,1.5772,1.578,1.5791,1.5804,1.5821,1.584,1.5855,1.586,1.5863,1.5896,1.5888,1.5894,1.5912,1.5908,1.5931,1.5954,1.5954,1.5973,1.5976,1.5985,1.5995,1.601,1.6014,1.6025,1.6048,1.6045
,,,,,,,,,,,,,,,,,,,,,,,,,,,,,,,,,,,,,,,,,,,,,,,,,,,,,,,,,,,,,,,,,,,,,,,,,,,,,,,,,,,,,,,,,,,,,,,,
Cycles / Well,,,,,,,,,,,,,,,,,,,,,,,,,,,,,,,,,,,,,,,,,,,,,,,,,,,,,,,,,,,,,,,,,,,,,,,,,,,,,,,,,,,,,,,,,,,,,,,,
G9,1,2,3,4,5,6,7,8,9,10,11,12,13,14,15,16,17,18,19,20,21,22,23,24,25,26,27,28,29,30,31,32,33,34,35,36,37,38,39,40,41,42,43,44,45,46,47,48,49,50,51,52,53,54,55,56,57,58,59,60,61,62,63,64,65,66,67,68,69,70,71,72,73,74,75,76,77,78,79,80,81,82,83,84,85,86,87,88,89,90,91,92,93,94,95,96
Time [s],0,1799.797,3599.741,5399.659,7199.573,8999.513,10799.44,12599.356,14399.272,16199.193,17999.112,19799.048,21598.963,23398.904,25198.829,26998.75,28798.659,30598.586,32398.522,34198.445,35998.366,37798.269,39598.205,41398.126,43198.043,44997.982,46797.898,48597.803,50397.735,52197.643,53997.591,55797.492,57597.42,59397.352,61197.265,62997.193,64797.11,66597.04,68396.981,70196.888,71996.807,73796.739,75596.665,77396.594,79196.521,80996.461,82796.378,84596.302,86396.226,88196.142,89996.07,91796.012,93595.919,95395.853,97195.785,98995.689,100795.633,102595.552,104395.481,106195.482,107995.331,109795.267,111595.183,113395.107,115195.043,116994.958,118794.88,120594.819,122394.73,124194.661,125994.586,127794.51,129594.425,131394.355,133194.302,134994.214,136794.146,138594.064,140393.993,142193.907,143993.836,145793.766,147593.683,149393.62,151193.535,152993.466,154793.383,156593.307,158393.229,160193.151,161993.083,163792.996,165592.93,167392.852,169192.773,170992.712
Temp. [°C],22.2,30,30,30,30,30.1,30,30,30,30,30,29.9,30,30,29.8,30,30,29.9,29.9,30,30,30.1,30,30,30,30,30,30,30,30,30,30,30,30,30,30,30,30,30,30,30.1,30,30,30,30,30,30,30,30,30,30,30,30,30,30,30,30,29.9,30,30,30,30,30,30.1,30,30.1,30,30.1,30,30,30,30,30,30,30,30,30,30,30,30,30,30,30,30,30,30,30,29.9,30,30,30,30,30,30,30,30
Mean,0.11898,0.12172,0.12456,0.12704,0.13052,0.13568,0.14352,0.15382,0.1674,0.1869,0.2132,0.248,0.29426,0.34782,0.41198,0.48584,0.57038,0.66358,0.76904,0.88496,0.99926,1.09984,1.18028,1.24288,1.28928,1.32358,1.3509,1.37364,1.3952,1.4147,1.43426,1.45222,1.46852,1.48072,1.48766,1.49146,1.4942,1.4965,1.49874,1.5007,1.50222,1.50436,1.50652,1.50838,1.50982,1.51214,1.51392,1.51602,1.51794,1.51874,1.52014,1.52136,1.52286,1.52388,1.5257,1.52692,1.52822,1.52844,1.52954,1.53012,1.53108,1.5313,1.53312,1.5333,1.53428,1.53542,1.53604,1.53634,1.5374,1.5382,1.53854,1.53998,1.54048,1.54158,1.54262,1.54246,1.54356,1.54412,1.54408,1.54528,1.54586,1.54664,1.54708,1.54774,1.54856,1.54924,1.55026,1.5511,1.5518,1.55228,1.5526,1.55376,1.5544,1.5553,1.55554,1.55632
StDev,0.008329886,0.007868736,0.008855676,0.009007386,0.009263477,0.009576638,0.010849286,0.011829708,0.012367093,0.014159802,0.015472718,0.01642422,0.017510939,0.01465476,0.013892696,0.01595221,0.020356252,0.026125218,0.032030189,0.034092419,0.031895658,0.029609424,0.02789206,0.025978395,0.026317618,0.025352949,0.025128171,0.024127847,0.02374342,0.023668122,0.023181199,0.022703898,0.022800811,0.022501489,0.022479947,0.021826658,0.021769589,0.021394392,0.02150844,0.021606365,0.021595532,0.021535389,0.021682989,0.020705603,0.020731425,0.020654128,0.020833315,0.020624548,0.02055658,0.020093855,0.019904849,0.019726454,0.020150757,0.020034895,0.019809972,0.019515174,0.019660544,0.020021314,0.019896809,0.019576185,0.019661816,0.019294688,0.019701827,0.019237723,0.019752392,0.019717175,0.019348204,0.019457723,0.019071445,0.01928069,0.01899442,0.01872023,0.019015178,0.018466239,0.01944883,0.019007972,0.018770535,0.019082636,0.018866293,0.018608251,0.019173367,0.018497919,0.018764781,0.018657251,0.018492647,0.019122055,0.018697807,0.018452913,0.017600142,0.018015743,0.01802942,0.018132512,0.018377024,0.017973453,0.018538285,0.017811429
1;2,0.114,0.1155,0.1171,0.1193,0.1223,0.127,0.1338,0.1431,0.1559,0.1737,0.1982,0.2333,0.2801,0.3404,0.4108,0.4924,0.5847,0.6867,0.7991,0.9167,1.0271,1.1217,1.1991,1.2582,1.3046,1.3374,1.3633,1.3856,1.4049,1.4247,1.4428,1.4594,1.4752,1.4871,1.4946,1.4967,1.4991,1.5006,1.5028,1.5043,1.5061,1.5082,1.5108,1.5111,1.5142,1.5161,1.5162,1.5183,1.5193,1.5204,1.5214,1.5216,1.5243,1.5248,1.5271,1.5273,1.5277,1.5279,1.5298,1.5295,1.5301,1.5295,1.5317,1.5332,1.5329,1.534,1.535,1.5345,1.5349,1.5364,1.5371,1.5386,1.5376,1.539,1.5388,1.5398,1.54,1.54,1.5406,1.5416,1.5417,1.5426,1.5428,1.5444,1.5445,1.5452,1.5459,1.5466,1.5471,1.5476,1.5486,1.5489,1.5484,1.55,1.5497,1.5504
2;1,0.1183,0.1225,0.1276,0.1308,0.1355,0.1417,0.1491,0.161,0.1764,0.1979,0.2273,0.2646,0.3114,0.361,0.4195,0.4856,0.5586,0.6414,0.7382,0.8538,0.9754,1.0841,1.1666,1.2325,1.2808,1.3157,1.3455,1.3676,1.3903,1.4103,1.4312,1.4519,1.4666,1.4804,1.4868,1.4917,1.495,1.4984,1.4999,1.5034,1.5049,1.5069,1.5076,1.511,1.5112,1.5139,1.5168,1.5189,1.5218,1.5211,1.5225,1.5238,1.5253,1.5267,1.5282,1.529,1.5308,1.532,1.5319,1.5324,1.5338,1.5328,1.5359,1.535,1.5367,1.5377,1.5376,1.5381,1.5391,1.5396,1.5405,1.5426,1.5427,1.5431,1.5453,1.5449,1.5455,1.5467,1.5473,1.5465,1.5478,1.5484,1.548,1.5483,1.5501,1.5505,1.5516,1.5522,1.553,1.5527,1.5536,1.5545,1.5561,1.5555,1.5563,1.5576
2;2,0.1156,0.1186,0.1206,0.123,0.1261,0.1311,0.1384,0.1486,0.1629,0.1831,0.2116,0.2497,0.2985,0.359,0.4281,0.5085,0.5991,0.6967,0.8068,0.9252,1.0396,1.1403,1.2196,1.2807,1.3274,1.3608,1.3879,1.4093,1.4311,1.4499,1.4691,1.4857,1.5031,1.5141,1.5208,1.5238,1.526,1.5274,1.5303,1.5318,1.5328,1.5351,1.5374,1.538,1.5393,1.5413,1.5435,1.5453,1.5468,1.5476,1.5487,1.5499,1.5514,1.5522,1.5538,1.5551,1.5569,1.557,1.5581,1.5583,1.5593,1.5598,1.5615,1.5613,1.5628,1.5635,1.5639,1.5648,1.5653,1.5666,1.5655,1.5671,1.568,1.5686,1.5705,1.5697,1.5712,1.5718,1.5712,1.5725,1.5738,1.5737,1.5751,1.5751,1.5755,1.5768,1.578,1.5783,1.578,1.579,1.5788,1.5806,1.5812,1.5823,1.5829,1.5826
2;3,0.1135,0.117,0.1188,0.121,0.1243,0.1291,0.1364,0.1454,0.1576,0.1745,0.1982,0.2292,0.2721,0.3259,0.3907,0.4668,0.5544,0.6502,0.7589,0.875,0.9847,1.082,1.1623,1.224,1.2669,1.3012,1.3272,1.3503,1.3717,1.3893,1.4096,1.4259,1.4433,1.4542,1.4608,1.4649,1.4666,1.4687,1.4714,1.4725,1.4732,1.4758,1.4772,1.4806,1.482,1.484,1.4855,1.4879,1.4895,1.4915,1.493,1.4946,1.4949,1.496,1.4983,1.5003,1.5018,1.5009,1.5022,1.5032,1.504,1.5055,1.5061,1.5072,1.5072,1.5079,1.5093,1.51,1.5116,1.5123,1.5119,1.5145,1.5145,1.5166,1.5159,1.5162,1.5185,1.5183,1.5183,1.5202,1.52,1.5218,1.5225,1.5226,1.5236,1.5231,1.5256,1.5266,1.5288,1.5286,1.5282,1.5299,1.5301,1.5322,1.5313,1.5331
3;2,0.1335,0.135,0.1387,0.1411,0.1444,0.1495,0.1599,0.171,0.1842,0.2053,0.2307,0.2632,0.3092,0.3528,0.4108,0.4759,0.5551,0.6429,0.7422,0.8541,0.9695,1.0711,1.1538,1.219,1.2667,1.3028,1.3306,1.3554,1.378,1.3993,1.4186,1.4382,1.4544,1.4678,1.4753,1.4802,1.4843,1.4874,1.4893,1.4915,1.4941,1.4958,1.4996,1.5012,1.5024,1.5054,1.5076,1.5097,1.5123,1.5131,1.5151,1.5169,1.5184,1.5197,1.5211,1.5229,1.5239,1.5244,1.5257,1.5272,1.5282,1.5289,1.5304,1.5298,1.5318,1.534,1.5344,1.5343,1.5361,1.5361,1.5377,1.5371,1.5396,1.5406,1.5426,1.5417,1.5426,1.5438,1.543,1.5456,1.546,1.5467,1.547,1.5483,1.5491,1.5506,1.5502,1.5518,1.5521,1.5535,1.5538,1.5549,1.5562,1.5565,1.5575,1.5579
,,,,,,,,,,,,,,,,,,,,,,,,,,,,,,,,,,,,,,,,,,,,,,,,,,,,,,,,,,,,,,,,,,,,,,,,,,,,,,,,,,,,,,,,,,,,,,,,
Cycles / Well,,,,,,,,,,,,,,,,,,,,,,,,,,,,,,,,,,,,,,,,,,,,,,,,,,,,,,,,,,,,,,,,,,,,,,,,,,,,,,,,,,,,,,,,,,,,,,,,
G10,1,2,3,4,5,6,7,8,9,10,11,12,13,14,15,16,17,18,19,20,21,22,23,24,25,26,27,28,29,30,31,32,33,34,35,36,37,38,39,40,41,42,43,44,45,46,47,48,49,50,51,52,53,54,55,56,57,58,59,60,61,62,63,64,65,66,67,68,69,70,71,72,73,74,75,76,77,78,79,80,81,82,83,84,85,86,87,88,89,90,91,92,93,94,95,96
Time [s],0,1799.797,3599.741,5399.659,7199.573,8999.513,10799.44,12599.356,14399.272,16199.193,17999.112,19799.048,21598.963,23398.904,25198.829,26998.75,28798.659,30598.586,32398.522,34198.445,35998.366,37798.269,39598.205,41398.126,43198.043,44997.982,46797.898,48597.803,50397.735,52197.643,53997.591,55797.492,57597.42,59397.352,61197.265,62997.193,64797.11,66597.04,68396.981,70196.888,71996.807,73796.739,75596.665,77396.594,79196.521,80996.461,82796.378,84596.302,86396.226,88196.142,89996.07,91796.012,93595.919,95395.853,97195.785,98995.689,100795.633,102595.552,104395.481,106195.482,107995.331,109795.267,111595.183,113395.107,115195.043,116994.958,118794.88,120594.819,122394.73,124194.661,125994.586,127794.51,129594.425,131394.355,133194.302,134994.214,136794.146,138594.064,140393.993,142193.907,143993.836,145793.766,147593.683,149393.62,151193.535,152993.466,154793.383,156593.307,158393.229,160193.151,161993.083,163792.996,165592.93,167392.852,169192.773,170992.712
Temp. [°C],22.2,30,30,30,30,30.1,30,30,30,30,30,29.9,30,30,29.8,30,30,29.9,29.9,30,30,30.1,30,30,30,30,30,30,30,30,30,30,30,30,30,30,30,30,30,30,30.1,30,30,30,30,30,30,30,30,30,30,30,30,30,30,30,30,29.9,30,30,30,30,30,30.1,30,30.1,30,30.1,30,30,30,30,30,30,30,30,30,30,30,30,30,30,30,30,30,30,30,29.9,30,30,30,30,30,30,30,30
Mean,0.11172,0.11288,0.11506,0.1161,0.11608,0.11576,0.11594,0.11552,0.11502,0.11476,0.1146,0.11444,0.11462,0.11394,0.11402,0.11394,0.11386,0.11372,0.1136,0.11352,0.11352,0.1135,0.11352,0.11346,0.11354,0.11356,0.11366,0.11374,0.11366,0.11376,0.11378,0.1137,0.11388,0.11372,0.11386,0.11396,0.11402,0.11418,0.11424,0.11442,0.11452,0.11458,0.11462,0.11478,0.11586,0.11486,0.11512,0.11508,0.11524,0.11632,0.11544,0.11544,0.11552,0.11558,0.11586,0.11602,0.11606,0.11614,0.1161,0.11628,0.11634,0.11636,0.11646,0.11652,0.11664,0.11674,0.11692,0.11712,0.11712,0.1173,0.11734,0.11744,0.11748,0.1178,0.11778,0.11794,0.11796,0.11806,0.11818,0.11826,0.11838,0.11858,0.11862,0.11868,0.11902,0.11914,0.11942,0.11954,0.11972,0.11986,0.11998,0.12036,0.12046,0.12064,0.12076,0.12124
StDev,0.003441947,0.003182295,0.003158006,0.002665521,0.002078942,0.001639512,0.002023116,0.001891296,0.001746997,0.00171843,0.001788854,0.001824281,0.001980404,0.001754423,0.001870027,0.001921718,0.001895521,0.001889974,0.001793042,0.001822635,0.001868689,0.001819341,0.001837662,0.001789693,0.001740115,0.001789693,0.001919114,0.001850135,0.001892881,0.001919114,0.001916246,0.001968502,0.001951154,0.0020142,0.002053777,0.002003247,0.002062038,0.002096902,0.002095948,0.002072921,0.002118254,0.002115892,0.002199318,0.002175316,0.00252646,0.002273324,0.002137054,0.002215175,0.00229739,0.002424252,0.002281009,0.002267818,0.002356268,0.002380546,0.00245418,0.002422189,0.002494594,0.002537321,0.002630589,0.002639508,0.002589981,0.002661391,0.002775428,0.002871759,0.002884961,0.002947541,0.002882187,0.002881319,0.002944826,0.003058594,0.002991321,0.003114964,0.003137993,0.003095158,0.003201874,0.003356784,0.003247768,0.003392344,0.003356635,0.003420234,0.003449203,0.003470158,0.003647876,0.003704322,0.003840182,0.003844867,0.003882911,0.003985975,0.004023307,0.004120437,0.00417157,0.004337972,0.004390672,0.004425268,0.00473846,0.004795102
1;2,0.1099,0.1105,0.1131,0.1147,0.1153,0.1157,0.1157,0.1155,0.1153,0.1151,0.115,0.1148,0.1146,0.1146,0.1146,0.1147,0.1145,0.1145,0.1146,0.1145,0.1147,0.1147,0.1146,0.1146,0.1147,0.1147,0.1148,0.1149,0.1149,0.1151,0.1151,0.1151,0.1152,0.1151,0.1154,0.1155,0.1155,0.1157,0.1157,0.1159,0.116,0.116,0.1162,0.1163,0.1162,0.1164,0.1165,0.1165,0.1167,0.1166,0.1168,0.1168,0.1169,0.117,0.1173,0.1174,0.1174,0.1176,0.1176,0.1177,0.1177,0.1178,0.118,0.118,0.1182,0.1183,0.1185,0.1187,0.1187,0.1188,0.1189,0.1192,0.1193,0.1195,0.1196,0.1197,0.1198,0.1198,0.12,0.1201,0.1203,0.1204,0.1205,0.1205,0.1212,0.1212,0.1215,0.1215,0.1217,0.1218,0.1219,0.1221,0.1222,0.1224,0.1227,0.1231
2;1,0.1116,0.1136,0.1152,0.1157,0.1153,0.115,0.1147,0.1144,0.1139,0.1136,0.1134,0.1132,0.1136,0.1128,0.1127,0.1126,0.1125,0.1123,0.1124,0.1123,0.1123,0.1124,0.1124,0.1125,0.1125,0.1126,0.1125,0.1126,0.1127,0.1126,0.1127,0.1127,0.1129,0.1128,0.113,0.113,0.1132,0.1132,0.1134,0.1135,0.1135,0.1137,0.1137,0.1139,0.1145,0.114,0.1142,0.1142,0.1142,0.115,0.1144,0.1144,0.1145,0.1145,0.1147,0.1151,0.1151,0.1152,0.1152,0.1154,0.1155,0.1156,0.1159,0.1158,0.1159,0.116,0.1164,0.1165,0.1166,0.1168,0.1168,0.1169,0.1169,0.1172,0.1172,0.1173,0.1174,0.1176,0.1177,0.1178,0.1179,0.1181,0.1181,0.1181,0.1183,0.1185,0.1185,0.1187,0.119,0.1192,0.1192,0.1194,0.1194,0.1198,0.1198,0.1202
2;2,0.1114,0.1128,0.1151,0.1168,0.1175,0.1177,0.1176,0.1174,0.1171,0.1168,0.1166,0.1164,0.1162,0.1161,0.116,0.1159,0.1158,0.1157,0.1157,0.1157,0.1158,0.1158,0.1158,0.1157,0.1157,0.1158,0.116,0.1161,0.1162,0.1162,0.1163,0.1163,0.1165,0.1165,0.1166,0.1166,0.1168,0.117,0.1171,0.1172,0.1174,0.1175,0.1176,0.1177,0.1177,0.118,0.1181,0.1182,0.1185,0.1184,0.1187,0.1187,0.1189,0.119,0.1194,0.1195,0.1197,0.1198,0.1199,0.1201,0.1201,0.1202,0.1204,0.1207,0.1208,0.121,0.121,0.1212,0.1213,0.1217,0.1216,0.1218,0.1218,0.1221,0.1222,0.1227,0.1224,0.1228,0.1228,0.123,0.1231,0.1234,0.1237,0.1239,0.1243,0.1244,0.1248,0.1251,0.1253,0.1256,0.1258,0.1265,0.1266,0.1268,0.1274,0.128
2;3,0.1083,0.1097,0.1118,0.1131,0.1135,0.1135,0.1134,0.113,0.1127,0.1125,0.1122,0.112,0.1119,0.1116,0.1115,0.1113,0.1113,0.1112,0.1112,0.1111,0.1111,0.1112,0.1111,0.1111,0.1113,0.1112,0.1111,0.1114,0.1114,0.1114,0.1115,0.1114,0.1116,0.1116,0.1117,0.1118,0.1118,0.1119,0.112,0.1121,0.1122,0.1123,0.1123,0.1123,0.1123,0.1125,0.1128,0.1128,0.1129,0.1129,0.113,0.1131,0.113,0.1131,0.1133,0.1134,0.1134,0.1135,0.1134,0.1134,0.1135,0.1135,0.1135,0.1135,0.1136,0.1136,0.1138,0.1139,0.1139,0.1139,0.114,0.114,0.1138,0.1141,0.114,0.1141,0.114,0.114,0.1141,0.1142,0.1142,0.1144,0.1142,0.1142,0.1144,0.1143,0.1146,0.1145,0.1146,0.1146,0.1146,0.1147,0.1146,0.1147,0.1145,0.1149
3;2,0.1174,0.1178,0.1201,0.1202,0.1188,0.1169,0.1183,0.1173,0.1161,0.1158,0.1158,0.1158,0.1168,0.1146,0.1153,0.1152,0.1152,0.1149,0.1141,0.114,0.1137,0.1134,0.1137,0.1134,0.1135,0.1135,0.1139,0.1137,0.1131,0.1135,0.1133,0.113,0.1132,0.1126,0.1126,0.1129,0.1128,0.1131,0.113,0.1134,0.1135,0.1134,0.1133,0.1137,0.1186,0.1134,0.114,0.1137,0.1139,0.1187,0.1143,0.1142,0.1143,0.1143,0.1146,0.1147,0.1147,0.1146,0.1144,0.1148,0.1149,0.1147,0.1145,0.1146,0.1147,0.1148,0.1149,0.1153,0.1151,0.1153,0.1154,0.1153,0.1156,0.1161,0.1159,0.1159,0.1162,0.1161,0.1163,0.1162,0.1164,0.1166,0.1166,0.1167,0.1169,0.1173,0.1177,0.1179,0.118,0.1181,0.1184,0.1191,0.1195,0.1195,0.1194,0.12
,,,,,,,,,,,,,,,,,,,,,,,,,,,,,,,,,,,,,,,,,,,,,,,,,,,,,,,,,,,,,,,,,,,,,,,,,,,,,,,,,,,,,,,,,,,,,,,,
Cycles / Well,,,,,,,,,,,,,,,,,,,,,,,,,,,,,,,,,,,,,,,,,,,,,,,,,,,,,,,,,,,,,,,,,,,,,,,,,,,,,,,,,,,,,,,,,,,,,,,,
G11,1,2,3,4,5,6,7,8,9,10,11,12,13,14,15,16,17,18,19,20,21,22,23,24,25,26,27,28,29,30,31,32,33,34,35,36,37,38,39,40,41,42,43,44,45,46,47,48,49,50,51,52,53,54,55,56,57,58,59,60,61,62,63,64,65,66,67,68,69,70,71,72,73,74,75,76,77,78,79,80,81,82,83,84,85,86,87,88,89,90,91,92,93,94,95,96
Time [s],0,1799.797,3599.741,5399.659,7199.573,8999.513,10799.44,12599.356,14399.272,16199.193,17999.112,19799.048,21598.963,23398.904,25198.829,26998.75,28798.659,30598.586,32398.522,34198.445,35998.366,37798.269,39598.205,41398.126,43198.043,44997.982,46797.898,48597.803,50397.735,52197.643,53997.591,55797.492,57597.42,59397.352,61197.265,62997.193,64797.11,66597.04,68396.981,70196.888,71996.807,73796.739,75596.665,77396.594,79196.521,80996.461,82796.378,84596.302,86396.226,88196.142,89996.07,91796.012,93595.919,95395.853,97195.785,98995.689,100795.633,102595.552,104395.481,106195.482,107995.331,109795.267,111595.183,113395.107,115195.043,116994.958,118794.88,120594.819,122394.73,124194.661,125994.586,127794.51,129594.425,131394.355,133194.302,134994.214,136794.146,138594.064,140393.993,142193.907,143993.836,145793.766,147593.683,149393.62,151193.535,152993.466,154793.383,156593.307,158393.229,160193.151,161993.083,163792.996,165592.93,167392.852,169192.773,170992.712
Temp. [°C],22.2,30,30,30,30,30.1,30,30,30,30,30,29.9,30,30,29.8,30,30,29.9,29.9,30,30,30.1,30,30,30,30,30,30,30,30,30,30,30,30,30,30,30,30,30,30,30.1,30,30,30,30,30,30,30,30,30,30,30,30,30,30,30,30,29.9,30,30,30,30,30,30.1,30,30.1,30,30.1,30,30,30,30,30,30,30,30,30,30,30,30,30,30,30,30,30,30,30,29.9,30,30,30,30,30,30,30,30
Mean,0.11218,0.11466,0.11794,0.1212,0.12472,0.1299,0.1375,0.14744,0.16086,0.17996,0.20534,0.2387,0.28174,0.33418,0.39844,0.47418,0.56164,0.65856,0.76342,0.87404,0.97728,1.07124,1.14896,1.20988,1.2538,1.287,1.31382,1.33408,1.35268,1.36902,1.38422,1.39792,1.40996,1.42056,1.42922,1.43596,1.44248,1.4462,1.45004,1.45294,1.45426,1.45728,1.45924,1.4605,1.46222,1.46366,1.46496,1.46636,1.46746,1.46928,1.46994,1.4719,1.47252,1.4742,1.47488,1.47602,1.47656,1.47738,1.47834,1.47896,1.48004,1.47986,1.48076,1.48224,1.48272,1.4834,1.48386,1.48452,1.486,1.48698,1.48734,1.48714,1.48824,1.48952,1.4902,1.49062,1.49104,1.49218,1.49106,1.49324,1.49334,1.49378,1.49448,1.49508,1.49622,1.49676,1.49742,1.4981,1.49966,1.4997,1.49998,1.50044,1.5013,1.50226,1.50266,1.50354
StDev,0.002718823,0.00273916,0.00279875,0.002727636,0.002726169,0.002825774,0.003306811,0.003810905,0.004992294,0.00728821,0.010897844,0.016174672,0.022843336,0.031737391,0.041037032,0.053050372,0.066384132,0.079337841,0.092538489,0.102839477,0.108686209,0.111319868,0.109843448,0.107211646,0.104083956,0.101247716,0.099978058,0.09909779,0.098050329,0.097356443,0.097382273,0.097537208,0.097282825,0.096949487,0.096795284,0.096567298,0.095174587,0.094400318,0.09383535,0.09290677,0.092313612,0.091453961,0.09250153,0.091079828,0.091154605,0.090835197,0.091275835,0.091220519,0.090240445,0.090063267,0.089998656,0.090132819,0.08985737,0.089556602,0.089723754,0.090287635,0.090320585,0.090028645,0.089873761,0.089591869,0.089894761,0.090407428,0.08973964,0.089993544,0.090403136,0.089844755,0.090159265,0.090354895,0.090275163,0.089935571,0.089649278,0.090090249,0.088942358,0.089440941,0.089045017,0.089376602,0.088883874,0.089352012,0.088844094,0.089057835,0.089003921,0.089283436,0.088507497,0.088906648,0.088350252,0.088047959,0.088478512,0.088144342,0.087742937,0.088044023,0.087844562,0.08821501,0.08805768,0.087657105,0.08715769,0.087413746
1;2,0.1098,0.1119,0.1152,0.1185,0.1221,0.1272,0.1345,0.1447,0.1589,0.1785,0.2051,0.241,0.2866,0.3437,0.4117,0.4936,0.5862,0.6886,0.7974,0.9087,1.0162,1.1116,1.1922,1.2531,1.2966,1.3289,1.3596,1.379,1.3965,1.4144,1.4296,1.4434,1.4559,1.4648,1.4741,1.4792,1.4855,1.4892,1.4938,1.4949,1.4954,1.4994,1.5009,1.5017,1.503,1.5036,1.5055,1.5067,1.5046,1.5079,1.5082,1.5101,1.5092,1.5122,1.5122,1.5139,1.5144,1.5144,1.5155,1.5167,1.518,1.5164,1.5171,1.5197,1.5198,1.5198,1.5203,1.5209,1.522,1.5243,1.5241,1.5229,1.5239,1.5247,1.5244,1.5259,1.5256,1.5266,1.5224,1.529,1.5272,1.5279,1.528,1.5289,1.5294,1.5299,1.5301,1.5309,1.5309,1.5316,1.5329,1.5311,1.5326,1.5334,1.5343,1.5341
2;1,0.1126,0.116,0.1195,0.1221,0.1253,0.1301,0.1368,0.1456,0.1566,0.1731,0.1949,0.223,0.2606,0.3014,0.355,0.4165,0.489,0.5714,0.6616,0.7597,0.8539,0.9446,1.0238,1.087,1.1343,1.1703,1.1986,1.2201,1.2401,1.2567,1.2717,1.2859,1.2984,1.3091,1.3189,1.3246,1.3325,1.337,1.3407,1.3443,1.3462,1.3502,1.3503,1.3527,1.354,1.3561,1.3567,1.358,1.3608,1.3617,1.3636,1.3645,1.3656,1.3678,1.3673,1.3676,1.3682,1.3695,1.3701,1.3715,1.3717,1.3709,1.3727,1.3737,1.3729,1.3746,1.3743,1.375,1.3761,1.3776,1.3778,1.3772,1.3799,1.3803,1.3803,1.3807,1.382,1.3825,1.3823,1.3839,1.3838,1.3839,1.3852,1.3848,1.3865,1.3879,1.3877,1.3888,1.3903,1.39,1.3903,1.3899,1.3905,1.3924,1.3935,1.3936
2;2,0.1152,0.1172,0.1209,0.1246,0.1286,0.1342,0.1429,0.154,0.1695,0.1922,0.2227,0.2628,0.3134,0.3754,0.4493,0.5364,0.6366,0.7444,0.8597,0.9794,1.0849,1.1795,1.2546,1.3118,1.3539,1.3855,1.4097,1.4301,1.4474,1.4629,1.4769,1.4915,1.5023,1.5127,1.5223,1.5278,1.5331,1.5364,1.5388,1.5411,1.5425,1.5442,1.548,1.547,1.5496,1.5503,1.5511,1.5527,1.554,1.5551,1.556,1.5583,1.5587,1.5593,1.5611,1.5605,1.561,1.5627,1.5636,1.5646,1.5653,1.5657,1.566,1.5684,1.568,1.5682,1.5686,1.5696,1.5711,1.5713,1.5732,1.5735,1.5732,1.5739,1.5739,1.5743,1.5747,1.5766,1.577,1.5783,1.5783,1.5785,1.5785,1.5803,1.5799,1.5812,1.5808,1.5811,1.5827,1.5832,1.5827,1.5839,1.585,1.5847,1.5852,1.5857
2;3,0.109,0.1115,0.1147,0.1183,0.1221,0.1275,0.1353,0.1454,0.1594,0.1797,0.2066,0.2422,0.2898,0.3476,0.4187,0.5034,0.6019,0.7109,0.83,0.9523,1.0623,1.1601,1.2353,1.2946,1.3341,1.3636,1.3874,1.4063,1.425,1.4394,1.456,1.469,1.4815,1.493,1.4998,1.5087,1.5137,1.5162,1.5197,1.5227,1.5233,1.5251,1.5276,1.5286,1.5298,1.5321,1.5344,1.5356,1.537,1.5379,1.5386,1.5404,1.5419,1.5431,1.5433,1.5471,1.5478,1.5477,1.5482,1.5474,1.5493,1.5507,1.551,1.5511,1.5536,1.5542,1.5553,1.5561,1.5576,1.5577,1.5561,1.5571,1.5574,1.5607,1.5618,1.5622,1.5622,1.5636,1.5621,1.5623,1.5638,1.5649,1.5651,1.5649,1.567,1.5662,1.5692,1.5695,1.5712,1.5709,1.5708,1.5728,1.5725,1.5742,1.5731,1.5756
3;2,0.1143,0.1167,0.1194,0.1225,0.1255,0.1305,0.138,0.1475,0.1599,0.1763,0.1974,0.2245,0.2583,0.3028,0.3575,0.421,0.4945,0.5775,0.6684,0.7701,0.8691,0.9604,1.0389,1.1029,1.1501,1.1867,1.2138,1.2349,1.2544,1.2717,1.2869,1.2998,1.3117,1.3232,1.331,1.3395,1.3476,1.3522,1.3572,1.3617,1.3639,1.3675,1.3694,1.3725,1.3747,1.3762,1.3771,1.3788,1.3809,1.3838,1.3833,1.3862,1.3872,1.3886,1.3905,1.391,1.3914,1.3926,1.3943,1.3946,1.3959,1.3956,1.397,1.3983,1.3993,1.4002,1.4008,1.401,1.4032,1.404,1.4055,1.405,1.4068,1.408,1.4106,1.41,1.4107,1.4116,1.4115,1.4127,1.4136,1.4137,1.4156,1.4165,1.4183,1.4186,1.4193,1.4202,1.4232,1.4228,1.4232,1.4245,1.4259,1.4266,1.4272,1.4287
,,,,,,,,,,,,,,,,,,,,,,,,,,,,,,,,,,,,,,,,,,,,,,,,,,,,,,,,,,,,,,,,,,,,,,,,,,,,,,,,,,,,,,,,,,,,,,,,
Cycles / Well,,,,,,,,,,,,,,,,,,,,,,,,,,,,,,,,,,,,,,,,,,,,,,,,,,,,,,,,,,,,,,,,,,,,,,,,,,,,,,,,,,,,,,,,,,,,,,,,
G12,1,2,3,4,5,6,7,8,9,10,11,12,13,14,15,16,17,18,19,20,21,22,23,24,25,26,27,28,29,30,31,32,33,34,35,36,37,38,39,40,41,42,43,44,45,46,47,48,49,50,51,52,53,54,55,56,57,58,59,60,61,62,63,64,65,66,67,68,69,70,71,72,73,74,75,76,77,78,79,80,81,82,83,84,85,86,87,88,89,90,91,92,93,94,95,96
Time [s],0,1799.797,3599.741,5399.659,7199.573,8999.513,10799.44,12599.356,14399.272,16199.193,17999.112,19799.048,21598.963,23398.904,25198.829,26998.75,28798.659,30598.586,32398.522,34198.445,35998.366,37798.269,39598.205,41398.126,43198.043,44997.982,46797.898,48597.803,50397.735,52197.643,53997.591,55797.492,57597.42,59397.352,61197.265,62997.193,64797.11,66597.04,68396.981,70196.888,71996.807,73796.739,75596.665,77396.594,79196.521,80996.461,82796.378,84596.302,86396.226,88196.142,89996.07,91796.012,93595.919,95395.853,97195.785,98995.689,100795.633,102595.552,104395.481,106195.482,107995.331,109795.267,111595.183,113395.107,115195.043,116994.958,118794.88,120594.819,122394.73,124194.661,125994.586,127794.51,129594.425,131394.355,133194.302,134994.214,136794.146,138594.064,140393.993,142193.907,143993.836,145793.766,147593.683,149393.62,151193.535,152993.466,154793.383,156593.307,158393.229,160193.151,161993.083,163792.996,165592.93,167392.852,169192.773,170992.712
Temp. [°C],22.2,30,30,30,30,30.1,30,30,30,30,30,29.9,30,30,29.8,30,30,29.9,29.9,30,30,30.1,30,30,30,30,30,30,30,30,30,30,30,30,30,30,30,30,30,30,30.1,30,30,30,30,30,30,30,30,30,30,30,30,30,30,30,30,29.9,30,30,30,30,30,30.1,30,30.1,30,30.1,30,30,30,30,30,30,30,30,30,30,30,30,30,30,30,30,30,30,30,29.9,30,30,30,30,30,30,30,30
Mean,0.0988,0.09708,0.09712,0.09722,0.09714,0.0971,0.0976,0.09728,0.09722,0.0974,0.09734,0.09758,0.09988,0.09734,0.0974,0.09744,0.09742,0.0976,0.09784,0.09754,0.09786,0.09764,0.09768,0.09752,0.09778,0.09774,0.09814,0.09818,0.0979,0.09806,0.09814,0.0978,0.09802,0.09776,0.09772,0.09774,0.09782,0.09824,0.09832,0.09852,0.09854,0.09854,0.09852,0.0986,0.10084,0.09866,0.09904,0.09892,0.09904,0.1011,0.09906,0.09906,0.0992,0.099,0.09938,0.09926,0.0991,0.09918,0.09916,0.0993,0.0994,0.0991,0.09912,0.09912,0.09912,0.09918,0.09902,0.09932,0.09918,0.09928,0.09922,0.09916,0.09932,0.09976,0.09954,0.09984,0.09978,0.09946,0.0997,0.09964,0.09962,0.09976,0.09968,0.09972,0.09994,0.09992,0.10018,0.10044,0.10278,0.10032,0.10034,0.1005,0.10074,0.10074,0.10058,0.10082
StDev,0.006122908,0.003194057,0.003402499,0.003345445,0.003198906,0.003118493,0.003736977,0.003283596,0.003232182,0.003488553,0.003362737,0.003711738,0.007778946,0.003359018,0.003431472,0.003431181,0.003568193,0.003883941,0.004063004,0.00364184,0.004223506,0.003673282,0.00390858,0.003634831,0.004105728,0.003969005,0.00456377,0.004638103,0.00413461,0.004433734,0.004481406,0.004193447,0.004341313,0.00402902,0.003948037,0.003965224,0.004089866,0.004655427,0.004737827,0.00506478,0.005165075,0.00522427,0.005062312,0.005276836,0.009610827,0.005320996,0.00598565,0.005812659,0.005950042,0.010009745,0.00608876,0.006026857,0.00648691,0.006251,0.006706489,0.00624924,0.006069596,0.006325109,0.006285539,0.00668618,0.006783067,0.006165225,0.006342476,0.006363725,0.006268732,0.006543088,0.006035064,0.006562545,0.006422383,0.006370008,0.006466607,0.006506766,0.007090628,0.007496199,0.007290953,0.007643494,0.007824768,0.006947877,0.007475627,0.007374144,0.007518444,0.007455401,0.007539032,0.007621811,0.007828346,0.008011055,0.008283236,0.008888363,0.013660417,0.008665564,0.008950028,0.009076343,0.009631355,0.009660642,0.009396382,0.009573505
1;2,0.0989,0.099,0.0988,0.099,0.0991,0.0992,0.0992,0.0993,0.0991,0.0991,0.0992,0.0992,0.0991,0.0992,0.0992,0.0992,0.0991,0.0991,0.0991,0.0993,0.0992,0.0992,0.0992,0.099,0.0991,0.0991,0.0991,0.0992,0.0992,0.0992,0.0993,0.0991,0.0993,0.0992,0.0993,0.0991,0.0991,0.0993,0.0992,0.0993,0.0992,0.0992,0.0994,0.0992,0.0992,0.0993,0.0994,0.0994,0.0994,0.0993,0.0993,0.0993,0.0993,0.0993,0.0995,0.0995,0.0993,0.0993,0.0993,0.0993,0.0995,0.0994,0.0992,0.0993,0.0993,0.0994,0.0994,0.0994,0.0993,0.0996,0.0993,0.0993,0.0991,0.0994,0.0994,0.0994,0.0993,0.0993,0.0993,0.0993,0.0992,0.0994,0.0992,0.0993,0.0993,0.0993,0.0994,0.0995,0.0993,0.0993,0.0993,0.0994,0.0993,0.0992,0.0993,0.0993
2;1,0.0939,0.0939,0.0937,0.0938,0.0939,0.0939,0.0938,0.0939,0.0939,0.0939,0.094,0.0939,0.0943,0.0939,0.0939,0.094,0.0939,0.0938,0.0939,0.0939,0.0938,0.094,0.0938,0.0939,0.0939,0.094,0.0939,0.0939,0.0939,0.0939,0.0939,0.0938,0.0939,0.0938,0.0938,0.0939,0.0939,0.094,0.094,0.094,0.094,0.0939,0.094,0.094,0.0947,0.0939,0.094,0.0939,0.094,0.0946,0.094,0.094,0.0939,0.0938,0.094,0.0942,0.094,0.094,0.094,0.0939,0.0939,0.094,0.0939,0.0938,0.094,0.0938,0.094,0.0939,0.0939,0.094,0.094,0.0939,0.0937,0.094,0.0938,0.0941,0.0938,0.094,0.0939,0.0939,0.0939,0.094,0.0939,0.094,0.094,0.0938,0.094,0.094,0.0947,0.0941,0.0938,0.0939,0.094,0.094,0.0939,0.0941
2;2,0.0995,0.0995,0.0995,0.0995,0.0996,0.0998,0.0997,0.0996,0.0996,0.0997,0.0996,0.0997,0.0996,0.0996,0.0996,0.0996,0.0997,0.0996,0.0997,0.0997,0.0998,0.0998,0.0997,0.0995,0.0996,0.0997,0.0997,0.0998,0.0997,0.0998,0.0998,0.0996,0.0998,0.0997,0.0997,0.0997,0.0997,0.0998,0.0999,0.0999,0.0998,0.0998,0.0998,0.0998,0.0997,0.0999,0.0998,0.0998,0.0999,0.0998,0.0999,0.0999,0.0999,0.0998,0.0999,0.1,0.1,0.0999,0.0999,0.0999,0.0998,0.0998,0.0998,0.0998,0.0999,0.0997,0.0999,0.0999,0.0998,0.1,0.0999,0.0998,0.0998,0.0998,0.0998,0.1,0.0998,0.0999,0.0998,0.0999,0.0997,0.0999,0.0998,0.0997,0.1,0.0999,0.1,0.0999,0.0998,0.0999,0.0999,0.1,0.1,0.0999,0.0999,0.1001
2;3,0.0932,0.0933,0.0932,0.0934,0.0934,0.0935,0.0935,0.0935,0.0935,0.0934,0.0934,0.0934,0.0935,0.0935,0.0935,0.0935,0.0933,0.0933,0.0935,0.0934,0.0933,0.0935,0.0934,0.0935,0.0933,0.0933,0.0935,0.0934,0.0935,0.0934,0.0935,0.0933,0.0934,0.0934,0.0934,0.0934,0.0934,0.0934,0.0935,0.0935,0.0935,0.0935,0.0935,0.0935,0.0933,0.0936,0.0936,0.0936,0.0936,0.0935,0.0935,0.0936,0.0934,0.0933,0.0934,0.0935,0.0936,0.0935,0.0935,0.0934,0.0935,0.0935,0.0935,0.0935,0.0934,0.0934,0.0934,0.0936,0.0935,0.0935,0.0934,0.0933,0.0932,0.0935,0.0933,0.0933,0.0933,0.0934,0.0935,0.0934,0.0933,0.0935,0.0934,0.0933,0.0935,0.0934,0.0935,0.0934,0.0934,0.0934,0.0933,0.0934,0.0933,0.0934,0.0933,0.0935
3;2,0.1085,0.0997,0.1004,0.1004,0.0997,0.0991,0.1018,0.1001,0.1,0.1009,0.1005,0.1017,0.1129,0.1005,0.1008,0.1009,0.1011,0.1022,0.103,0.1014,0.1032,0.1017,0.1023,0.1017,0.103,0.1026,0.1045,0.1046,0.1032,0.104,0.1042,0.1032,0.1037,0.1027,0.1024,0.1026,0.103,0.1047,0.105,0.1059,0.1062,0.1063,0.1059,0.1065,0.1173,0.1066,0.1084,0.1079,0.1083,0.1183,0.1086,0.1085,0.1095,0.1088,0.1101,0.1091,0.1086,0.1092,0.1091,0.11,0.1103,0.1088,0.1092,0.1092,0.109,0.1096,0.1084,0.1098,0.1094,0.1093,0.1095,0.1095,0.1108,0.1121,0.1114,0.1124,0.1127,0.1107,0.112,0.1117,0.112,0.112,0.1121,0.1123,0.1129,0.1132,0.114,0.1154,0.1267,0.1149,0.1154,0.1158,0.1171,0.1172,0.1165,0.1171
,,,,,,,,,,,,,,,,,,,,,,,,,,,,,,,,,,,,,,,,,,,,,,,,,,,,,,,,,,,,,,,,,,,,,,,,,,,,,,,,,,,,,,,,,,,,,,,,
Cycles / Well,,,,,,,,,,,,,,,,,,,,,,,,,,,,,,,,,,,,,,,,,,,,,,,,,,,,,,,,,,,,,,,,,,,,,,,,,,,,,,,,,,,,,,,,,,,,,,,,
H1,1,2,3,4,5,6,7,8,9,10,11,12,13,14,15,16,17,18,19,20,21,22,23,24,25,26,27,28,29,30,31,32,33,34,35,36,37,38,39,40,41,42,43,44,45,46,47,48,49,50,51,52,53,54,55,56,57,58,59,60,61,62,63,64,65,66,67,68,69,70,71,72,73,74,75,76,77,78,79,80,81,82,83,84,85,86,87,88,89,90,91,92,93,94,95,96
Time [s],0,1799.797,3599.741,5399.659,7199.573,8999.513,10799.44,12599.356,14399.272,16199.193,17999.112,19799.048,21598.963,23398.904,25198.829,26998.75,28798.659,30598.586,32398.522,34198.445,35998.366,37798.269,39598.205,41398.126,43198.043,44997.982,46797.898,48597.803,50397.735,52197.643,53997.591,55797.492,57597.42,59397.352,61197.265,62997.193,64797.11,66597.04,68396.981,70196.888,71996.807,73796.739,75596.665,77396.594,79196.521,80996.461,82796.378,84596.302,86396.226,88196.142,89996.07,91796.012,93595.919,95395.853,97195.785,98995.689,100795.633,102595.552,104395.481,106195.482,107995.331,109795.267,111595.183,113395.107,115195.043,116994.958,118794.88,120594.819,122394.73,124194.661,125994.586,127794.51,129594.425,131394.355,133194.302,134994.214,136794.146,138594.064,140393.993,142193.907,143993.836,145793.766,147593.683,149393.62,151193.535,152993.466,154793.383,156593.307,158393.229,160193.151,161993.083,163792.996,165592.93,167392.852,169192.773,170992.712
Temp. [°C],22.2,30,30,30,30,30.1,30,30,30,30,30,29.9,30,30,29.8,30,30,29.9,29.9,30,30,30.1,30,30,30,30,30,30,30,30,30,30,30,30,30,30,30,30,30,30,30.1,30,30,30,30,30,30,30,30,30,30,30,30,30,30,30,30,29.9,30,30,30,30,30,30.1,30,30.1,30,30.1,30,30,30,30,30,30,30,30,30,30,30,30,30,30,30,30,30,30,30,29.9,30,30,30,30,30,30,30,30
Mean,0.09446,0.0946,0.0944,0.09462,0.09454,0.09464,0.09472,0.09468,0.0947,0.09468,0.09468,0.09468,0.09476,0.09474,0.09476,0.09476,0.09474,0.0947,0.0948,0.0949,0.09488,0.09506,0.09504,0.09506,0.09512,0.09526,0.09536,0.0956,0.09566,0.0958,0.09604,0.09604,0.0963,0.09646,0.09672,0.0968,0.09708,0.09734,0.0977,0.09804,0.09846,0.09854,0.09878,0.099,0.10066,0.09954,0.09966,0.1,0.10056,0.10214,0.10102,0.10102,0.1014,0.1012,0.10216,0.10244,0.10226,0.10244,0.1026,0.10292,0.1029,0.1027,0.10332,0.10316,0.10364,0.10356,0.1039,0.10396,0.10414,0.1048,0.10426,0.10498,0.105,0.10562,0.10584,0.10602,0.10604,0.10608,0.10648,0.10646,0.10648,0.10666,0.10696,0.10708,0.10778,0.10776,0.10876,0.10848,0.11096,0.10882,0.10918,0.10952,0.10932,0.11036,0.10986,0.11032
StDev,0.003174587,0.003075711,0.003166228,0.00318622,0.003298181,0.003346341,0.003345445,0.003436859,0.003341407,0.003369273,0.003409839,0.003403968,0.003386444,0.003416577,0.003438459,0.003397499,0.003410718,0.003357827,0.003357827,0.003374907,0.003344697,0.003292112,0.003143724,0.003065616,0.002960912,0.002923696,0.002886694,0.002853945,0.002775428,0.002735873,0.002837781,0.00279428,0.003019106,0.003175374,0.003414235,0.003519233,0.003906661,0.004270012,0.005025933,0.005508902,0.006295475,0.006516364,0.006982263,0.007392226,0.01111454,0.008518685,0.008772286,0.009495262,0.010527013,0.014231409,0.011738484,0.011641606,0.012673397,0.012189545,0.014105956,0.014610886,0.014335027,0.014839912,0.015200329,0.015894716,0.01568104,0.015351384,0.016826378,0.016473706,0.017532342,0.017525496,0.018098757,0.018180429,0.018747613,0.020045573,0.018961224,0.02060017,0.020983565,0.021973325,0.022396272,0.022860599,0.023179582,0.023262244,0.023875971,0.023884053,0.024262049,0.024381304,0.025439792,0.025372958,0.02676522,0.027054815,0.028946209,0.028264589,0.033842104,0.029244264,0.030161847,0.030803036,0.03046452,0.032728092,0.03167188,0.032412451
1;2,0.0987,0.0987,0.0986,0.0988,0.0988,0.0989,0.0989,0.0989,0.0989,0.0989,0.0988,0.0989,0.0989,0.0989,0.0989,0.0988,0.0988,0.0987,0.0988,0.099,0.0989,0.099,0.0988,0.0988,0.0987,0.0988,0.0988,0.099,0.0989,0.0988,0.0989,0.0987,0.0988,0.0988,0.0989,0.0989,0.0989,0.0989,0.0989,0.0988,0.0989,0.0989,0.0989,0.0989,0.0988,0.0989,0.0989,0.0989,0.0989,0.0988,0.0989,0.0989,0.0988,0.0989,0.0988,0.0989,0.0989,0.0989,0.0989,0.0989,0.0989,0.0989,0.0988,0.0988,0.0988,0.0988,0.0987,0.0989,0.0988,0.0989,0.0988,0.0988,0.0987,0.0989,0.0988,0.0989,0.0988,0.0987,0.0989,0.0988,0.0987,0.0988,0.0986,0.0988,0.0989,0.0988,0.099,0.0989,0.0989,0.0989,0.0989,0.0989,0.0988,0.0989,0.0989,0.099
2;1,0.0922,0.0931,0.0929,0.093,0.0928,0.0929,0.093,0.0929,0.0931,0.0929,0.0929,0.0928,0.0931,0.093,0.093,0.093,0.0929,0.0929,0.093,0.0929,0.0929,0.093,0.0929,0.0929,0.0928,0.093,0.093,0.093,0.0931,0.0929,0.093,0.0929,0.0929,0.0929,0.093,0.093,0.093,0.093,0.0929,0.0931,0.093,0.093,0.093,0.093,0.093,0.0931,0.093,0.0929,0.0931,0.0931,0.093,0.0931,0.093,0.093,0.0931,0.0931,0.0931,0.093,0.093,0.0931,0.0932,0.0932,0.0931,0.0931,0.0931,0.093,0.0931,0.0932,0.0931,0.0932,0.0931,0.0931,0.0929,0.0931,0.0931,0.0931,0.093,0.0931,0.0931,0.0932,0.0931,0.0932,0.0931,0.0931,0.0931,0.0931,0.0932,0.0933,0.0934,0.0931,0.0931,0.0932,0.0932,0.0932,0.0931,0.0934
2;2,0.0968,0.0968,0.0967,0.097,0.0971,0.0973,0.0975,0.0976,0.0974,0.0975,0.0977,0.0976,0.0977,0.0977,0.0978,0.0979,0.0979,0.0978,0.0979,0.098,0.098,0.0982,0.0981,0.098,0.098,0.0981,0.0982,0.0983,0.0983,0.0982,0.0984,0.0983,0.0983,0.0983,0.0984,0.0984,0.0985,0.0985,0.0985,0.0987,0.0987,0.0987,0.0986,0.0987,0.0985,0.0987,0.0987,0.0987,0.0988,0.0986,0.0986,0.0988,0.0986,0.0986,0.0987,0.0987,0.0987,0.0986,0.0987,0.0986,0.0987,0.0986,0.0986,0.0986,0.0986,0.0985,0.0986,0.0985,0.0985,0.0986,0.0986,0.0984,0.0983,0.0985,0.0985,0.0985,0.0983,0.0983,0.0984,0.0984,0.0982,0.0983,0.0982,0.0983,0.0984,0.0982,0.0983,0.0984,0.0983,0.0982,0.0982,0.0982,0.0981,0.0981,0.0981,0.0981
2;3,0.0934,0.0933,0.093,0.0933,0.0932,0.0933,0.0933,0.0933,0.0933,0.0932,0.0932,0.0932,0.0932,0.0933,0.0933,0.0931,0.0931,0.0931,0.0932,0.0932,0.0932,0.0933,0.0932,0.093,0.0931,0.0932,0.0931,0.0932,0.0932,0.0932,0.0931,0.0932,0.0931,0.0931,0.0931,0.0931,0.0931,0.0932,0.0931,0.0931,0.0932,0.0931,0.0932,0.0932,0.0931,0.0931,0.0932,0.0933,0.0933,0.0931,0.0932,0.0931,0.0931,0.0931,0.0933,0.0934,0.0932,0.0932,0.0931,0.0931,0.0932,0.0931,0.0931,0.0931,0.0931,0.093,0.0932,0.0931,0.093,0.093,0.093,0.0931,0.0929,0.093,0.0932,0.093,0.0929,0.0929,0.0931,0.093,0.0928,0.093,0.0927,0.093,0.0931,0.0928,0.093,0.093,0.0929,0.093,0.0928,0.0929,0.0929,0.0929,0.0929,0.093
3;2,0.0912,0.0911,0.0908,0.091,0.0908,0.0908,0.0909,0.0907,0.0908,0.0909,0.0908,0.0909,0.0909,0.0908,0.0908,0.091,0.091,0.091,0.0911,0.0914,0.0914,0.0918,0.0922,0.0926,0.093,0.0932,0.0937,0.0945,0.0948,0.0959,0.0968,0.0971,0.0984,0.0992,0.1002,0.1006,0.1019,0.1031,0.1051,0.1065,0.1085,0.109,0.1102,0.1112,0.1199,0.1139,0.1145,0.1162,0.1187,0.1271,0.1214,0.1212,0.1235,0.1224,0.1269,0.1281,0.1274,0.1285,0.1293,0.1309,0.1305,0.1297,0.133,0.1322,0.1346,0.1345,0.1359,0.1361,0.1373,0.1403,0.1378,0.1415,0.1422,0.1446,0.1456,0.1466,0.1472,0.1474,0.1489,0.1489,0.1496,0.15,0.1522,0.1522,0.1554,0.1559,0.1603,0.1588,0.1713,0.1609,0.1629,0.1644,0.1636,0.1687,0.1663,0.1681
,,,,,,,,,,,,,,,,,,,,,,,,,,,,,,,,,,,,,,,,,,,,,,,,,,,,,,,,,,,,,,,,,,,,,,,,,,,,,,,,,,,,,,,,,,,,,,,,
Cycles / Well,,,,,,,,,,,,,,,,,,,,,,,,,,,,,,,,,,,,,,,,,,,,,,,,,,,,,,,,,,,,,,,,,,,,,,,,,,,,,,,,,,,,,,,,,,,,,,,,
H2,1,2,3,4,5,6,7,8,9,10,11,12,13,14,15,16,17,18,19,20,21,22,23,24,25,26,27,28,29,30,31,32,33,34,35,36,37,38,39,40,41,42,43,44,45,46,47,48,49,50,51,52,53,54,55,56,57,58,59,60,61,62,63,64,65,66,67,68,69,70,71,72,73,74,75,76,77,78,79,80,81,82,83,84,85,86,87,88,89,90,91,92,93,94,95,96
Time [s],0,1799.797,3599.741,5399.659,7199.573,8999.513,10799.44,12599.356,14399.272,16199.193,17999.112,19799.048,21598.963,23398.904,25198.829,26998.75,28798.659,30598.586,32398.522,34198.445,35998.366,37798.269,39598.205,41398.126,43198.043,44997.982,46797.898,48597.803,50397.735,52197.643,53997.591,55797.492,57597.42,59397.352,61197.265,62997.193,64797.11,66597.04,68396.981,70196.888,71996.807,73796.739,75596.665,77396.594,79196.521,80996.461,82796.378,84596.302,86396.226,88196.142,89996.07,91796.012,93595.919,95395.853,97195.785,98995.689,100795.633,102595.552,104395.481,106195.482,107995.331,109795.267,111595.183,113395.107,115195.043,116994.958,118794.88,120594.819,122394.73,124194.661,125994.586,127794.51,129594.425,131394.355,133194.302,134994.214,136794.146,138594.064,140393.993,142193.907,143993.836,145793.766,147593.683,149393.62,151193.535,152993.466,154793.383,156593.307,158393.229,160193.151,161993.083,163792.996,165592.93,167392.852,169192.773,170992.712
Temp. [°C],22.2,30,30,30,30,30.1,30,30,30,30,30,29.9,30,30,29.8,30,30,29.9,29.9,30,30,30.1,30,30,30,30,30,30,30,30,30,30,30,30,30,30,30,30,30,30,30.1,30,30,30,30,30,30,30,30,30,30,30,30,30,30,30,30,29.9,30,30,30,30,30,30.1,30,30.1,30,30.1,30,30,30,30,30,30,30,30,30,30,30,30,30,30,30,30,30,30,30,29.9,30,30,30,30,30,30,30,30
Mean,0.09484,0.09484,0.09466,0.09484,0.09488,0.09502,0.09508,0.09506,0.09508,0.09512,0.09516,0.0952,0.09528,0.09528,0.09534,0.09534,0.0954,0.09544,0.0955,0.09566,0.09564,0.0958,0.09578,0.09576,0.09582,0.09578,0.09598,0.09608,0.09612,0.09622,0.0963,0.09608,0.09634,0.09632,0.09658,0.0965,0.09652,0.09672,0.0969,0.09706,0.09714,0.09724,0.0972,0.09734,0.09808,0.09766,0.0977,0.09774,0.09804,0.09872,0.09818,0.09826,0.09832,0.09816,0.09858,0.09878,0.0986,0.09872,0.09894,0.09898,0.09898,0.09878,0.09908,0.09908,0.09914,0.09924,0.09934,0.09926,0.09948,0.09986,0.09946,0.09978,0.09974,0.10006,0.1001,0.10026,0.10022,0.10014,0.1004,0.10042,0.10048,0.10072,0.10066,0.10066,0.10112,0.10118,0.10146,0.10156,0.10296,0.10158,0.10194,0.102,0.10194,0.10242,0.10214,0.10254
StDev,0.002669831,0.002775428,0.002871063,0.002993827,0.002997833,0.003105962,0.003105157,0.003197343,0.003266803,0.003180723,0.003243917,0.003224128,0.003161803,0.003278262,0.003218385,0.003212164,0.003154362,0.00318873,0.003100806,0.003047622,0.003055814,0.003037269,0.003031006,0.002957702,0.002983622,0.002977751,0.002933769,0.002857796,0.002841127,0.002817268,0.00284605,0.002901207,0.002740985,0.002822587,0.00280927,0.002774887,0.002897758,0.002897758,0.002839894,0.002958547,0.003016289,0.003065616,0.003055323,0.003176161,0.004228711,0.003379053,0.003415406,0.003523918,0.003669196,0.005060336,0.004145118,0.00415006,0.004306623,0.003980327,0.004583339,0.004793433,0.004611399,0.004738882,0.005032693,0.005183339,0.004970614,0.004817364,0.005415441,0.005314791,0.005367308,0.005598482,0.005650044,0.005635867,0.005974278,0.006452751,0.005976872,0.006589158,0.006726663,0.007080819,0.007137577,0.007346292,0.00754069,0.00729301,0.007831666,0.007796602,0.008204389,0.008397738,0.008535397,0.008404344,0.009133017,0.009431172,0.009782024,0.01004007,0.013207876,0.010235087,0.011237571,0.011102928,0.011144864,0.012220352,0.01169115,0.012226324
1;2,0.0985,0.0986,0.0984,0.0987,0.0986,0.0988,0.0987,0.0988,0.0989,0.0987,0.0988,0.0989,0.0988,0.0988,0.0988,0.0988,0.0987,0.0989,0.0988,0.0988,0.0987,0.0989,0.0988,0.0987,0.0988,0.0987,0.0988,0.0988,0.0988,0.0988,0.0989,0.0987,0.0987,0.0988,0.0989,0.0988,0.0988,0.0989,0.0988,0.0989,0.0989,0.0989,0.0989,0.0988,0.0989,0.0988,0.0991,0.0988,0.0991,0.0989,0.0988,0.0989,0.099,0.0988,0.0989,0.099,0.099,0.099,0.0991,0.0988,0.0989,0.099,0.0989,0.0989,0.0988,0.0988,0.0989,0.0989,0.0989,0.099,0.0988,0.0988,0.0988,0.099,0.0989,0.099,0.0988,0.099,0.099,0.0989,0.0987,0.0988,0.0987,0.0989,0.0991,0.099,0.099,0.0991,0.099,0.0989,0.0988,0.099,0.0989,0.0988,0.0989,0.0991
2;1,0.0935,0.0935,0.0932,0.0932,0.0931,0.0931,0.0931,0.0929,0.0928,0.0929,0.0928,0.0929,0.0929,0.0928,0.0928,0.0927,0.0927,0.0927,0.0927,0.0928,0.0927,0.0928,0.0927,0.0927,0.0926,0.0926,0.0927,0.0928,0.0927,0.0927,0.0927,0.0925,0.0928,0.0925,0.0927,0.0927,0.0924,0.0926,0.0927,0.0926,0.0926,0.0926,0.0926,0.0926,0.0925,0.0927,0.0927,0.0926,0.0928,0.0926,0.0926,0.0926,0.0926,0.0927,0.0927,0.0927,0.0926,0.0926,0.0927,0.0927,0.0929,0.0926,0.0926,0.0926,0.0927,0.0927,0.0928,0.0926,0.0927,0.0928,0.0927,0.0926,0.0925,0.0926,0.0927,0.0928,0.0926,0.0926,0.0926,0.0927,0.0926,0.0927,0.0926,0.0926,0.0925,0.0926,0.0926,0.0926,0.0926,0.0926,0.0925,0.0926,0.0925,0.0925,0.0924,0.0925
2;2,0.0967,0.0968,0.0969,0.0972,0.0974,0.0977,0.0979,0.098,0.0981,0.0982,0.0983,0.0982,0.0984,0.0986,0.0986,0.0986,0.0987,0.0987,0.0987,0.0989,0.099,0.0991,0.0991,0.099,0.0991,0.0991,0.0993,0.0993,0.0993,0.0994,0.0995,0.0994,0.0995,0.0994,0.0997,0.0996,0.0997,0.0999,0.0998,0.0999,0.1,0.1001,0.1,0.1001,0.1,0.1002,0.1004,0.1004,0.1006,0.1004,0.1006,0.1006,0.1006,0.1008,0.1009,0.1011,0.1011,0.1012,0.1011,0.1012,0.1014,0.1013,0.1013,0.1013,0.1014,0.1014,0.1015,0.1015,0.1015,0.1016,0.1015,0.1017,0.1014,0.1016,0.1016,0.1016,0.1016,0.1016,0.1017,0.1017,0.1015,0.1017,0.1016,0.1017,0.1019,0.1017,0.102,0.1019,0.1016,0.1019,0.1016,0.1017,0.1017,0.1017,0.1017,0.1018
2;3,0.0935,0.0935,0.0933,0.0936,0.0938,0.094,0.0942,0.0941,0.0941,0.0942,0.0943,0.0944,0.0944,0.0945,0.0946,0.0946,0.0947,0.0946,0.0948,0.095,0.0949,0.095,0.0951,0.0951,0.095,0.095,0.0951,0.0953,0.0953,0.0953,0.0953,0.0952,0.0954,0.0952,0.0955,0.0954,0.0954,0.0954,0.0955,0.0956,0.0956,0.0957,0.0956,0.0956,0.0955,0.0958,0.0957,0.0958,0.0959,0.0957,0.0957,0.0959,0.0957,0.0958,0.0958,0.0959,0.0958,0.0959,0.0959,0.0959,0.0959,0.0959,0.0958,0.096,0.096,0.0959,0.0959,0.0959,0.0959,0.0961,0.0959,0.0959,0.0958,0.0959,0.0959,0.0959,0.0958,0.0958,0.0957,0.0958,0.0957,0.0959,0.0957,0.0957,0.0959,0.0957,0.0959,0.0958,0.0958,0.0957,0.0957,0.0958,0.0957,0.0957,0.0956,0.0958
3;2,0.092,0.0918,0.0915,0.0915,0.0915,0.0915,0.0915,0.0915,0.0915,0.0916,0.0916,0.0916,0.0919,0.0917,0.0919,0.092,0.0922,0.0923,0.0925,0.0928,0.0929,0.0932,0.0932,0.0933,0.0936,0.0935,0.094,0.0942,0.0945,0.0949,0.0951,0.0946,0.0953,0.0957,0.0961,0.096,0.0963,0.0968,0.0977,0.0983,0.0986,0.0989,0.0989,0.0996,0.1035,0.1008,0.1006,0.1011,0.1018,0.106,0.1032,0.1033,0.1037,0.1027,0.1046,0.1052,0.1045,0.1049,0.1059,0.1063,0.1058,0.1051,0.1068,0.1066,0.1068,0.1074,0.1076,0.1074,0.1084,0.1098,0.1084,0.1099,0.1102,0.1112,0.1114,0.112,0.1123,0.1117,0.113,0.113,0.1139,0.1145,0.1147,0.1144,0.1162,0.1169,0.1178,0.1184,0.1258,0.1188,0.1211,0.1209,0.1209,0.1234,0.1221,0.1235
,,,,,,,,,,,,,,,,,,,,,,,,,,,,,,,,,,,,,,,,,,,,,,,,,,,,,,,,,,,,,,,,,,,,,,,,,,,,,,,,,,,,,,,,,,,,,,,,
Cycles / Well,,,,,,,,,,,,,,,,,,,,,,,,,,,,,,,,,,,,,,,,,,,,,,,,,,,,,,,,,,,,,,,,,,,,,,,,,,,,,,,,,,,,,,,,,,,,,,,,
H3,1,2,3,4,5,6,7,8,9,10,11,12,13,14,15,16,17,18,19,20,21,22,23,24,25,26,27,28,29,30,31,32,33,34,35,36,37,38,39,40,41,42,43,44,45,46,47,48,49,50,51,52,53,54,55,56,57,58,59,60,61,62,63,64,65,66,67,68,69,70,71,72,73,74,75,76,77,78,79,80,81,82,83,84,85,86,87,88,89,90,91,92,93,94,95,96
Time [s],0,1799.797,3599.741,5399.659,7199.573,8999.513,10799.44,12599.356,14399.272,16199.193,17999.112,19799.048,21598.963,23398.904,25198.829,26998.75,28798.659,30598.586,32398.522,34198.445,35998.366,37798.269,39598.205,41398.126,43198.043,44997.982,46797.898,48597.803,50397.735,52197.643,53997.591,55797.492,57597.42,59397.352,61197.265,62997.193,64797.11,66597.04,68396.981,70196.888,71996.807,73796.739,75596.665,77396.594,79196.521,80996.461,82796.378,84596.302,86396.226,88196.142,89996.07,91796.012,93595.919,95395.853,97195.785,98995.689,100795.633,102595.552,104395.481,106195.482,107995.331,109795.267,111595.183,113395.107,115195.043,116994.958,118794.88,120594.819,122394.73,124194.661,125994.586,127794.51,129594.425,131394.355,133194.302,134994.214,136794.146,138594.064,140393.993,142193.907,143993.836,145793.766,147593.683,149393.62,151193.535,152993.466,154793.383,156593.307,158393.229,160193.151,161993.083,163792.996,165592.93,167392.852,169192.773,170992.712
Temp. [°C],22.2,30,30,30,30,30.1,30,30,30,30,30,29.9,30,30,29.8,30,30,29.9,29.9,30,30,30.1,30,30,30,30,30,30,30,30,30,30,30,30,30,30,30,30,30,30,30.1,30,30,30,30,30,30,30,30,30,30,30,30,30,30,30,30,29.9,30,30,30,30,30,30.1,30,30.1,30,30.1,30,30,30,30,30,30,30,30,30,30,30,30,30,30,30,30,30,30,30,29.9,30,30,30,30,30,30,30,30
Mean,0.09498,0.09494,0.09472,0.0949,0.09494,0.09496,0.09502,0.09482,0.09486,0.09492,0.09486,0.09482,0.09496,0.09486,0.09482,0.09482,0.09484,0.09478,0.09482,0.0949,0.09482,0.09494,0.09486,0.0948,0.09478,0.0948,0.09488,0.09488,0.0949,0.09486,0.09494,0.09482,0.09488,0.09482,0.09494,0.09484,0.09486,0.09496,0.09494,0.09498,0.09504,0.09502,0.09506,0.09506,0.09502,0.09508,0.09514,0.09508,0.09518,0.09518,0.09516,0.09522,0.09512,0.09512,0.09528,0.09542,0.09534,0.09536,0.0954,0.09544,0.09542,0.0954,0.0955,0.09542,0.09552,0.0955,0.0956,0.09572,0.09568,0.09586,0.09566,0.09576,0.09572,0.09602,0.09608,0.0962,0.09614,0.0962,0.09632,0.09636,0.0963,0.09652,0.09648,0.09646,0.09694,0.09688,0.09732,0.09722,0.09774,0.09748,0.09748,0.09766,0.0977,0.09804,0.0979,0.09842
StDev,0.002113528,0.002124382,0.002265392,0.002333452,0.00235648,0.002466374,0.00252824,0.002509382,0.002557929,0.002560664,0.002600577,0.002571381,0.00261113,0.002619733,0.002674322,0.002666833,0.002708874,0.002672452,0.00273441,0.00276134,0.002755358,0.00278801,0.002767309,0.002729469,0.002839366,0.002841654,0.002848157,0.002848157,0.002871411,0.002862342,0.002927969,0.002911529,0.002952457,0.002876978,0.002954319,0.002933087,0.002956856,0.002899655,0.002966985,0.002965974,0.002913417,0.002927798,0.002960236,0.002924551,0.002971027,0.002982784,0.002971195,0.002970185,0.002903791,0.002885654,0.002899655,0.002885654,0.002896032,0.002896032,0.002829664,0.002733496,0.002812117,0.002835137,0.002744995,0.002750091,0.002769838,0.002695366,0.002697221,0.002720662,0.002680858,0.002657066,0.00261247,0.002602307,0.002516347,0.002521507,0.002596729,0.002589981,0.002537124,0.002502399,0.002560664,0.002579729,0.002610172,0.00257682,0.002612853,0.002687564,0.002747726,0.002719743,0.002866531,0.002894478,0.003240062,0.003249154,0.003669741,0.003520937,0.0046822,0.004130617,0.004243466,0.004390103,0.004396021,0.005114489,0.004917316,0.005558507
1;2,0.0969,0.097,0.0971,0.0973,0.0975,0.0977,0.0978,0.0977,0.0976,0.0978,0.0979,0.0978,0.0979,0.0979,0.0979,0.0978,0.0979,0.0978,0.0979,0.0981,0.098,0.0981,0.0979,0.0979,0.0979,0.098,0.0981,0.0981,0.0981,0.0981,0.0983,0.098,0.0982,0.0981,0.0982,0.0981,0.0982,0.0982,0.0982,0.0983,0.0983,0.0983,0.0983,0.0983,0.0983,0.0983,0.0984,0.0983,0.0984,0.0983,0.0984,0.0984,0.0983,0.0983,0.0984,0.0984,0.0984,0.0984,0.0984,0.0985,0.0984,0.0983,0.0984,0.0984,0.0984,0.0983,0.0983,0.0984,0.0983,0.0984,0.0983,0.0983,0.0983,0.0984,0.0984,0.0984,0.0983,0.0984,0.0984,0.0984,0.0983,0.0984,0.0982,0.0982,0.0986,0.0985,0.0986,0.0985,0.0984,0.0985,0.0984,0.0985,0.0985,0.0985,0.0984,0.0986
2;1,0.0967,0.0964,0.0959,0.096,0.0959,0.0956,0.0956,0.0951,0.0952,0.0951,0.0949,0.0948,0.0949,0.0948,0.0946,0.0946,0.0947,0.0944,0.0945,0.0945,0.0943,0.0945,0.0944,0.0941,0.0942,0.0941,0.0941,0.0941,0.0941,0.0941,0.0941,0.0939,0.0939,0.0939,0.094,0.0938,0.0937,0.0938,0.0938,0.0938,0.0939,0.0939,0.0938,0.0939,0.0936,0.0937,0.0938,0.0937,0.0937,0.0937,0.0936,0.0936,0.0936,0.0936,0.0936,0.0937,0.0937,0.0937,0.0937,0.0936,0.0936,0.0936,0.0936,0.0935,0.0936,0.0935,0.0937,0.0937,0.0937,0.0936,0.0935,0.0935,0.0934,0.0936,0.0936,0.0937,0.0935,0.0936,0.0936,0.0936,0.0934,0.0937,0.0934,0.0934,0.0935,0.0934,0.0936,0.0936,0.0935,0.0935,0.0934,0.0935,0.0935,0.0935,0.0934,0.0936
2;2,0.0958,0.0959,0.0959,0.0963,0.0963,0.0966,0.0968,0.0966,0.0969,0.0969,0.0968,0.0968,0.0971,0.0969,0.097,0.0971,0.0971,0.0971,0.0972,0.0972,0.0972,0.0974,0.0974,0.0973,0.0974,0.0974,0.0975,0.0975,0.0976,0.0975,0.0976,0.0977,0.0977,0.0975,0.0978,0.0977,0.0977,0.0978,0.0979,0.0979,0.0979,0.0979,0.0981,0.098,0.0981,0.0982,0.0982,0.0982,0.0982,0.0983,0.0982,0.0983,0.0982,0.0982,0.0983,0.0984,0.0984,0.0985,0.0984,0.0984,0.0985,0.0984,0.0985,0.0984,0.0985,0.0985,0.0986,0.0987,0.0985,0.0986,0.0986,0.0987,0.0984,0.0986,0.0987,0.0988,0.0986,0.0988,0.0987,0.0988,0.0986,0.0988,0.0987,0.0987,0.099,0.0988,0.099,0.0991,0.0988,0.099,0.0989,0.0992,0.099,0.0991,0.099,0.0993
2;3,0.0933,0.0933,0.093,0.0931,0.0932,0.0932,0.0932,0.0932,0.0931,0.0932,0.0932,0.0932,0.0933,0.0932,0.0932,0.0932,0.0931,0.0932,0.0931,0.0933,0.0932,0.0932,0.0932,0.0932,0.0932,0.0932,0.0933,0.0933,0.0933,0.0932,0.0933,0.0931,0.0932,0.0932,0.0933,0.0932,0.0933,0.0934,0.0933,0.0933,0.0934,0.0933,0.0933,0.0933,0.0932,0.0934,0.0934,0.0933,0.0934,0.0932,0.0932,0.0933,0.0932,0.0932,0.0935,0.0936,0.0934,0.0933,0.0933,0.0934,0.0934,0.0934,0.0933,0.0934,0.0933,0.0933,0.0934,0.0935,0.0934,0.0934,0.0933,0.0933,0.0932,0.0934,0.0933,0.0933,0.0932,0.0934,0.0934,0.0933,0.0932,0.0934,0.0933,0.0932,0.0934,0.0934,0.0935,0.0935,0.0933,0.0933,0.0933,0.0933,0.0935,0.0933,0.0934,0.0935
3;2,0.0922,0.0921,0.0917,0.0918,0.0918,0.0917,0.0917,0.0915,0.0915,0.0916,0.0915,0.0915,0.0916,0.0915,0.0914,0.0914,0.0914,0.0914,0.0914,0.0914,0.0914,0.0915,0.0914,0.0915,0.0912,0.0913,0.0914,0.0914,0.0914,0.0914,0.0914,0.0914,0.0914,0.0914,0.0914,0.0914,0.0914,0.0916,0.0915,0.0916,0.0917,0.0917,0.0918,0.0918,0.0919,0.0918,0.0919,0.0919,0.0922,0.0924,0.0924,0.0925,0.0923,0.0923,0.0926,0.093,0.0928,0.0929,0.0932,0.0933,0.0932,0.0933,0.0937,0.0934,0.0938,0.0939,0.094,0.0943,0.0945,0.0953,0.0946,0.095,0.0953,0.0961,0.0964,0.0968,0.0971,0.0968,0.0975,0.0977,0.098,0.0983,0.0988,0.0988,0.1002,0.1003,0.1019,0.1014,0.1047,0.1031,0.1034,0.1038,0.104,0.1058,0.1053,0.1071
,,,,,,,,,,,,,,,,,,,,,,,,,,,,,,,,,,,,,,,,,,,,,,,,,,,,,,,,,,,,,,,,,,,,,,,,,,,,,,,,,,,,,,,,,,,,,,,,
Cycles / Well,,,,,,,,,,,,,,,,,,,,,,,,,,,,,,,,,,,,,,,,,,,,,,,,,,,,,,,,,,,,,,,,,,,,,,,,,,,,,,,,,,,,,,,,,,,,,,,,
H4,1,2,3,4,5,6,7,8,9,10,11,12,13,14,15,16,17,18,19,20,21,22,23,24,25,26,27,28,29,30,31,32,33,34,35,36,37,38,39,40,41,42,43,44,45,46,47,48,49,50,51,52,53,54,55,56,57,58,59,60,61,62,63,64,65,66,67,68,69,70,71,72,73,74,75,76,77,78,79,80,81,82,83,84,85,86,87,88,89,90,91,92,93,94,95,96
Time [s],0,1799.797,3599.741,5399.659,7199.573,8999.513,10799.44,12599.356,14399.272,16199.193,17999.112,19799.048,21598.963,23398.904,25198.829,26998.75,28798.659,30598.586,32398.522,34198.445,35998.366,37798.269,39598.205,41398.126,43198.043,44997.982,46797.898,48597.803,50397.735,52197.643,53997.591,55797.492,57597.42,59397.352,61197.265,62997.193,64797.11,66597.04,68396.981,70196.888,71996.807,73796.739,75596.665,77396.594,79196.521,80996.461,82796.378,84596.302,86396.226,88196.142,89996.07,91796.012,93595.919,95395.853,97195.785,98995.689,100795.633,102595.552,104395.481,106195.482,107995.331,109795.267,111595.183,113395.107,115195.043,116994.958,118794.88,120594.819,122394.73,124194.661,125994.586,127794.51,129594.425,131394.355,133194.302,134994.214,136794.146,138594.064,140393.993,142193.907,143993.836,145793.766,147593.683,149393.62,151193.535,152993.466,154793.383,156593.307,158393.229,160193.151,161993.083,163792.996,165592.93,167392.852,169192.773,170992.712
Temp. [°C],22.2,30,30,30,30,30.1,30,30,30,30,30,29.9,30,30,29.8,30,30,29.9,29.9,30,30,30.1,30,30,30,30,30,30,30,30,30,30,30,30,30,30,30,30,30,30,30.1,30,30,30,30,30,30,30,30,30,30,30,30,30,30,30,30,29.9,30,30,30,30,30,30.1,30,30.1,30,30.1,30,30,30,30,30,30,30,30,30,30,30,30,30,30,30,30,30,30,30,29.9,30,30,30,30,30,30,30,30
Mean,0.0947,0.09468,0.09454,0.09468,0.09464,0.0947,0.0947,0.09466,0.09466,0.09464,0.09468,0.09466,0.0947,0.09464,0.09464,0.09466,0.09458,0.09464,0.09462,0.09474,0.09466,0.09476,0.0947,0.09458,0.09464,0.0946,0.09472,0.09474,0.09476,0.09474,0.09482,0.09468,0.09482,0.09474,0.09486,0.09478,0.09488,0.09494,0.09502,0.09512,0.0952,0.09526,0.0952,0.09528,0.0954,0.09536,0.09534,0.09544,0.09554,0.09588,0.09562,0.09572,0.09558,0.09564,0.0959,0.09594,0.09588,0.09588,0.09602,0.09604,0.096,0.09594,0.09616,0.09602,0.09614,0.09612,0.09612,0.0962,0.0962,0.0965,0.09624,0.09638,0.0963,0.09658,0.09672,0.09682,0.09672,0.09666,0.0969,0.09692,0.09694,0.09704,0.09708,0.09706,0.09746,0.0974,0.09768,0.09754,0.09816,0.09756,0.09786,0.0979,0.09802,0.09826,0.09806,0.09852
StDev,0.002459675,0.002583021,0.002704256,0.002800357,0.002951779,0.002980772,0.003090307,0.003110145,0.003206712,0.003179308,0.003227538,0.003231563,0.003202343,0.003249308,0.00328527,0.003226918,0.003264506,0.003282225,0.00331391,0.003312552,0.003300455,0.003284509,0.003326409,0.003294996,0.003265425,0.003283291,0.00331994,0.003311042,0.003353058,0.003211386,0.003266037,0.003323703,0.003205776,0.003256225,0.003153252,0.003229861,0.003154679,0.003148492,0.00309144,0.003079286,0.003029026,0.002973718,0.003020761,0.002944826,0.002791057,0.002858846,0.002969512,0.002837781,0.00278801,0.002633819,0.00270869,0.002763512,0.002775248,0.002731849,0.00272305,0.002704256,0.002723417,0.002674322,0.002686447,0.002654807,0.002732215,0.002715327,0.002717168,0.002624309,0.002710719,0.002767128,0.002624309,0.002663644,0.002772183,0.002816913,0.002740985,0.002831431,0.002899138,0.002963444,0.003147539,0.003168122,0.003168122,0.003090793,0.003362291,0.003334966,0.003488983,0.003476061,0.003618287,0.003626017,0.003951329,0.004124924,0.004335551,0.004155478,0.005563542,0.004359817,0.004897755,0.0050015,0.00518816,0.005621655,0.005463332,0.00598097
1;2,0.0978,0.098,0.098,0.0982,0.0984,0.0986,0.0986,0.0987,0.0987,0.0987,0.0988,0.0988,0.0987,0.0987,0.0988,0.0988,0.0987,0.0988,0.0988,0.0989,0.0988,0.0989,0.0989,0.0987,0.0988,0.0987,0.0989,0.0989,0.099,0.0988,0.099,0.0989,0.0989,0.0989,0.0988,0.0989,0.0989,0.099,0.099,0.0991,0.0991,0.0992,0.0991,0.0991,0.0991,0.0991,0.0992,0.0992,0.0992,0.0991,0.0991,0.0993,0.0992,0.0992,0.0993,0.0993,0.0993,0.0992,0.0993,0.0992,0.0993,0.0993,0.0992,0.099,0.0992,0.0991,0.0991,0.0992,0.0992,0.0992,0.0992,0.0993,0.099,0.0992,0.0992,0.0992,0.0991,0.0993,0.0993,0.0993,0.0991,0.0993,0.0992,0.0991,0.0994,0.0992,0.0992,0.0992,0.0991,0.0991,0.0991,0.0992,0.0991,0.0991,0.0989,0.0992
2;1,0.0956,0.0954,0.0951,0.0951,0.0949,0.0947,0.0946,0.0944,0.0944,0.0942,0.0942,0.0941,0.0941,0.0941,0.094,0.0939,0.0938,0.0938,0.0938,0.0939,0.0938,0.0937,0.0937,0.0936,0.0936,0.0936,0.0935,0.0936,0.0935,0.0935,0.0935,0.0934,0.0935,0.0935,0.0935,0.0934,0.0934,0.0935,0.0935,0.0935,0.0935,0.0935,0.0934,0.0935,0.0934,0.0934,0.0934,0.0934,0.0935,0.0934,0.0934,0.0935,0.0934,0.0935,0.0934,0.0936,0.0935,0.0935,0.0936,0.0935,0.0935,0.0934,0.0935,0.0934,0.0934,0.0932,0.0935,0.0935,0.0934,0.0936,0.0934,0.0934,0.0932,0.0934,0.0935,0.0935,0.0934,0.0934,0.0934,0.0934,0.0934,0.0934,0.0933,0.0934,0.0936,0.0933,0.0935,0.0934,0.0933,0.0933,0.0933,0.0933,0.0933,0.0933,0.0931,0.0933
2;2,0.0955,0.0956,0.0957,0.0961,0.0962,0.0963,0.0966,0.0965,0.0967,0.0967,0.0968,0.0968,0.097,0.0969,0.0969,0.0969,0.0969,0.097,0.097,0.0972,0.0971,0.0973,0.0972,0.0971,0.0971,0.0971,0.0973,0.0973,0.0974,0.0973,0.0974,0.0973,0.0974,0.0973,0.0975,0.0974,0.0975,0.0975,0.0976,0.0977,0.0978,0.0977,0.0978,0.0978,0.0977,0.0978,0.0979,0.0978,0.0979,0.098,0.0979,0.098,0.0979,0.0979,0.0981,0.0982,0.0982,0.0981,0.0982,0.0981,0.0982,0.0981,0.0982,0.0981,0.0982,0.0981,0.0982,0.0982,0.0983,0.0983,0.0982,0.0983,0.0981,0.0984,0.0984,0.0983,0.0982,0.0983,0.0983,0.0983,0.0983,0.0984,0.0983,0.0982,0.0985,0.0985,0.0986,0.0986,0.0984,0.0985,0.0985,0.0985,0.0987,0.0986,0.0985,0.0989
2;3,0.0932,0.0932,0.093,0.0931,0.093,0.0931,0.0931,0.0931,0.0931,0.0931,0.0931,0.0931,0.0931,0.0931,0.0931,0.0931,0.0931,0.0931,0.0931,0.0931,0.0931,0.0931,0.0931,0.093,0.093,0.0931,0.0932,0.0932,0.0931,0.0931,0.0931,0.093,0.0931,0.093,0.0932,0.093,0.0931,0.0931,0.0931,0.0932,0.0932,0.0932,0.0932,0.0933,0.0931,0.0932,0.0932,0.0933,0.0934,0.0933,0.0932,0.0932,0.0932,0.0932,0.0933,0.0933,0.0934,0.0933,0.0933,0.0933,0.0932,0.0933,0.0932,0.0933,0.0933,0.0932,0.0934,0.0934,0.0932,0.0933,0.0933,0.0933,0.0931,0.0933,0.0931,0.0933,0.0932,0.0932,0.0932,0.0933,0.0931,0.0933,0.0933,0.0932,0.0933,0.0932,0.0934,0.0934,0.0932,0.0933,0.0933,0.0932,0.0932,0.0933,0.0933,0.0933
3;2,0.0914,0.0912,0.0909,0.0909,0.0907,0.0908,0.0906,0.0906,0.0904,0.0905,0.0905,0.0905,0.0906,0.0904,0.0904,0.0906,0.0904,0.0905,0.0904,0.0906,0.0905,0.0908,0.0906,0.0905,0.0907,0.0905,0.0907,0.0907,0.0908,0.091,0.0911,0.0908,0.0912,0.091,0.0913,0.0912,0.0915,0.0916,0.0919,0.0921,0.0924,0.0927,0.0925,0.0927,0.0937,0.0933,0.093,0.0935,0.0937,0.0956,0.0945,0.0946,0.0942,0.0944,0.0954,0.0953,0.095,0.0953,0.0957,0.0961,0.0958,0.0956,0.0967,0.0963,0.0966,0.097,0.0964,0.0967,0.0969,0.0981,0.0971,0.0976,0.0981,0.0986,0.0994,0.0998,0.0997,0.0991,0.1003,0.1003,0.1008,0.1008,0.1013,0.1014,0.1025,0.1028,0.1037,0.1031,0.1068,0.1036,0.1051,0.1053,0.1058,0.107,0.1065,0.1079
,,,,,,,,,,,,,,,,,,,,,,,,,,,,,,,,,,,,,,,,,,,,,,,,,,,,,,,,,,,,,,,,,,,,,,,,,,,,,,,,,,,,,,,,,,,,,,,,
Cycles / Well,,,,,,,,,,,,,,,,,,,,,,,,,,,,,,,,,,,,,,,,,,,,,,,,,,,,,,,,,,,,,,,,,,,,,,,,,,,,,,,,,,,,,,,,,,,,,,,,
H5,1,2,3,4,5,6,7,8,9,10,11,12,13,14,15,16,17,18,19,20,21,22,23,24,25,26,27,28,29,30,31,32,33,34,35,36,37,38,39,40,41,42,43,44,45,46,47,48,49,50,51,52,53,54,55,56,57,58,59,60,61,62,63,64,65,66,67,68,69,70,71,72,73,74,75,76,77,78,79,80,81,82,83,84,85,86,87,88,89,90,91,92,93,94,95,96
Time [s],0,1799.797,3599.741,5399.659,7199.573,8999.513,10799.44,12599.356,14399.272,16199.193,17999.112,19799.048,21598.963,23398.904,25198.829,26998.75,28798.659,30598.586,32398.522,34198.445,35998.366,37798.269,39598.205,41398.126,43198.043,44997.982,46797.898,48597.803,50397.735,52197.643,53997.591,55797.492,57597.42,59397.352,61197.265,62997.193,64797.11,66597.04,68396.981,70196.888,71996.807,73796.739,75596.665,77396.594,79196.521,80996.461,82796.378,84596.302,86396.226,88196.142,89996.07,91796.012,93595.919,95395.853,97195.785,98995.689,100795.633,102595.552,104395.481,106195.482,107995.331,109795.267,111595.183,113395.107,115195.043,116994.958,118794.88,120594.819,122394.73,124194.661,125994.586,127794.51,129594.425,131394.355,133194.302,134994.214,136794.146,138594.064,140393.993,142193.907,143993.836,145793.766,147593.683,149393.62,151193.535,152993.466,154793.383,156593.307,158393.229,160193.151,161993.083,163792.996,165592.93,167392.852,169192.773,170992.712
Temp. [°C],22.2,30,30,30,30,30.1,30,30,30,30,30,29.9,30,30,29.8,30,30,29.9,29.9,30,30,30.1,30,30,30,30,30,30,30,30,30,30,30,30,30,30,30,30,30,30,30.1,30,30,30,30,30,30,30,30,30,30,30,30,30,30,30,30,29.9,30,30,30,30,30,30.1,30,30.1,30,30.1,30,30,30,30,30,30,30,30,30,30,30,30,30,30,30,30,30,30,30,29.9,30,30,30,30,30,30,30,30
Mean,0.09444,0.09434,0.09416,0.09434,0.09434,0.09442,0.09446,0.09438,0.09438,0.09438,0.09436,0.09436,0.09448,0.09438,0.09444,0.0944,0.0944,0.09442,0.09448,0.09452,0.09446,0.09456,0.09448,0.09448,0.09448,0.09448,0.09454,0.09462,0.09466,0.09468,0.09474,0.09454,0.09474,0.09466,0.09472,0.09476,0.09486,0.095,0.095,0.09518,0.09518,0.09532,0.09532,0.09538,0.09568,0.09552,0.0955,0.09562,0.09572,0.09616,0.09576,0.09596,0.09578,0.0958,0.09602,0.09616,0.09602,0.09608,0.09626,0.09622,0.09626,0.09616,0.09626,0.09632,0.0963,0.09646,0.09632,0.09642,0.09652,0.0967,0.0964,0.0966,0.09664,0.09688,0.09702,0.09726,0.09712,0.097,0.09736,0.09722,0.09736,0.09738,0.09738,0.09744,0.09782,0.09788,0.0982,0.09802,0.0989,0.0983,0.09834,0.0984,0.0986,0.09886,0.09868,0.09914
StDev,0.002333024,0.002378655,0.002676378,0.002816558,0.002863215,0.002942278,0.003104513,0.00312362,0.003165754,0.003157056,0.00312618,0.003161171,0.003226763,0.003226763,0.003253921,0.00323651,0.003249615,0.003259908,0.003250692,0.003248384,0.00325776,0.003253152,0.00319484,0.003213565,0.003176004,0.003184651,0.003212164,0.003128418,0.003174587,0.00314595,0.003091602,0.003191081,0.003127779,0.003106928,0.003141178,0.003102902,0.003054177,0.002977415,0.002888771,0.002925235,0.002876108,0.002854295,0.0028735,0.002863913,0.002781546,0.002833196,0.002774887,0.002804817,0.002777949,0.003071319,0.002874543,0.002861468,0.002882187,0.002857446,0.002931211,0.002917705,0.002902068,0.003023574,0.00307376,0.003037598,0.003072946,0.003076199,0.003161171,0.003168911,0.003248846,0.003369421,0.003219783,0.003268333,0.003381863,0.003609709,0.003350373,0.003542598,0.003789855,0.003791701,0.004060419,0.00428404,0.004325737,0.004007493,0.004682734,0.004300814,0.004799271,0.004571324,0.004834977,0.004913553,0.005302547,0.005448119,0.005904659,0.005496999,0.007453187,0.006222941,0.006438789,0.00642028,0.006900725,0.007410331,0.007084278,0.007658198
1;2,0.0976,0.0976,0.0978,0.0981,0.0981,0.0983,0.0984,0.0983,0.0982,0.0983,0.0982,0.0982,0.0984,0.0983,0.0984,0.0983,0.0983,0.0983,0.0984,0.0984,0.0983,0.0985,0.0983,0.0983,0.0983,0.0983,0.0984,0.0983,0.0984,0.0984,0.0984,0.0983,0.0985,0.0983,0.0984,0.0984,0.0984,0.0985,0.0984,0.0986,0.0985,0.0986,0.0986,0.0986,0.0984,0.0986,0.0986,0.0985,0.0986,0.0986,0.0985,0.0986,0.0986,0.0985,0.0986,0.0987,0.0986,0.0987,0.0987,0.0986,0.0987,0.0986,0.0986,0.0987,0.0985,0.0986,0.0985,0.0986,0.0986,0.0986,0.0986,0.0986,0.0985,0.0987,0.0986,0.0987,0.0985,0.0987,0.0986,0.0987,0.0985,0.0987,0.0985,0.0986,0.0987,0.0986,0.0988,0.0987,0.0986,0.0987,0.0986,0.0987,0.0986,0.0987,0.0986,0.0988
2;1,0.0942,0.0938,0.0934,0.0934,0.0934,0.0932,0.0931,0.0929,0.093,0.0928,0.0928,0.0928,0.0928,0.0927,0.0926,0.0926,0.0927,0.0926,0.0926,0.0926,0.0926,0.0926,0.0926,0.0924,0.0924,0.0925,0.0926,0.0927,0.0926,0.0925,0.0926,0.0924,0.0925,0.0924,0.0924,0.0925,0.0925,0.0926,0.0926,0.0927,0.0927,0.0926,0.0927,0.0926,0.0928,0.0926,0.0928,0.0926,0.0928,0.0927,0.0926,0.0928,0.0926,0.0927,0.0927,0.0928,0.0928,0.0927,0.0927,0.0927,0.0929,0.0926,0.0927,0.0928,0.0926,0.0927,0.0926,0.0928,0.0927,0.0927,0.0927,0.0927,0.0925,0.0928,0.0927,0.0929,0.0927,0.0928,0.0927,0.0928,0.0927,0.0928,0.0927,0.0926,0.0928,0.0929,0.0929,0.093,0.0929,0.0928,0.0929,0.0929,0.0928,0.0929,0.0929,0.0931
2;2,0.0958,0.0958,0.0959,0.0963,0.0964,0.0966,0.097,0.097,0.0972,0.0971,0.0971,0.0972,0.0974,0.0973,0.0974,0.0974,0.0974,0.0975,0.0975,0.0976,0.0976,0.0976,0.0975,0.0976,0.0975,0.0975,0.0976,0.0977,0.0978,0.0978,0.0978,0.0977,0.0978,0.0978,0.0979,0.0979,0.098,0.098,0.0979,0.0981,0.0981,0.0981,0.0982,0.0982,0.0981,0.0982,0.0982,0.0983,0.0984,0.0982,0.0984,0.0984,0.0983,0.0982,0.0984,0.0985,0.0985,0.0985,0.0985,0.0985,0.0986,0.0985,0.0984,0.0985,0.0985,0.0985,0.0986,0.0986,0.0986,0.0986,0.0985,0.0985,0.0984,0.0986,0.0987,0.0988,0.0986,0.0987,0.0987,0.0987,0.0986,0.0987,0.0986,0.0986,0.0989,0.0989,0.0988,0.0989,0.0988,0.0989,0.0988,0.0989,0.0988,0.0989,0.0989,0.099
2;3,0.0929,0.0929,0.0926,0.0928,0.0928,0.0929,0.0928,0.0928,0.0927,0.0928,0.0928,0.0927,0.0928,0.0927,0.0928,0.0927,0.0927,0.0927,0.0928,0.0928,0.0927,0.0928,0.0928,0.0927,0.0928,0.0928,0.0927,0.0928,0.0928,0.0928,0.0929,0.0927,0.0927,0.0927,0.0927,0.0927,0.0928,0.0928,0.0929,0.0928,0.0929,0.0929,0.0929,0.0929,0.0927,0.0929,0.093,0.093,0.0931,0.0929,0.0929,0.093,0.0929,0.0928,0.093,0.0932,0.093,0.0929,0.0931,0.0931,0.0929,0.093,0.0929,0.0929,0.0929,0.0929,0.093,0.0929,0.093,0.093,0.0928,0.0929,0.0928,0.093,0.093,0.093,0.0929,0.0929,0.0929,0.093,0.0928,0.093,0.0928,0.0929,0.093,0.0929,0.0931,0.0931,0.093,0.093,0.0928,0.0929,0.093,0.0928,0.0928,0.093
3;2,0.0917,0.0916,0.0911,0.0911,0.091,0.0911,0.091,0.0909,0.0908,0.0909,0.0909,0.0909,0.091,0.0909,0.091,0.091,0.0909,0.091,0.0911,0.0912,0.0911,0.0913,0.0912,0.0914,0.0914,0.0913,0.0914,0.0916,0.0917,0.0919,0.092,0.0916,0.0922,0.0921,0.0922,0.0923,0.0926,0.0931,0.0932,0.0937,0.0937,0.0944,0.0942,0.0946,0.0964,0.0953,0.0949,0.0957,0.0957,0.0984,0.0964,0.097,0.0965,0.0968,0.0974,0.0976,0.0972,0.0976,0.0983,0.0982,0.0982,0.0981,0.0987,0.0987,0.099,0.0996,0.0989,0.0992,0.0997,0.1006,0.0994,0.1003,0.101,0.1013,0.1021,0.1029,0.1029,0.1019,0.1039,0.1029,0.1042,0.1037,0.1043,0.1045,0.1057,0.1061,0.1074,0.1064,0.1112,0.1081,0.1086,0.1086,0.1098,0.111,0.1102,0.1118
,,,,,,,,,,,,,,,,,,,,,,,,,,,,,,,,,,,,,,,,,,,,,,,,,,,,,,,,,,,,,,,,,,,,,,,,,,,,,,,,,,,,,,,,,,,,,,,,
Cycles / Well,,,,,,,,,,,,,,,,,,,,,,,,,,,,,,,,,,,,,,,,,,,,,,,,,,,,,,,,,,,,,,,,,,,,,,,,,,,,,,,,,,,,,,,,,,,,,,,,
H6,1,2,3,4,5,6,7,8,9,10,11,12,13,14,15,16,17,18,19,20,21,22,23,24,25,26,27,28,29,30,31,32,33,34,35,36,37,38,39,40,41,42,43,44,45,46,47,48,49,50,51,52,53,54,55,56,57,58,59,60,61,62,63,64,65,66,67,68,69,70,71,72,73,74,75,76,77,78,79,80,81,82,83,84,85,86,87,88,89,90,91,92,93,94,95,96
Time [s],0,1799.797,3599.741,5399.659,7199.573,8999.513,10799.44,12599.356,14399.272,16199.193,17999.112,19799.048,21598.963,23398.904,25198.829,26998.75,28798.659,30598.586,32398.522,34198.445,35998.366,37798.269,39598.205,41398.126,43198.043,44997.982,46797.898,48597.803,50397.735,52197.643,53997.591,55797.492,57597.42,59397.352,61197.265,62997.193,64797.11,66597.04,68396.981,70196.888,71996.807,73796.739,75596.665,77396.594,79196.521,80996.461,82796.378,84596.302,86396.226,88196.142,89996.07,91796.012,93595.919,95395.853,97195.785,98995.689,100795.633,102595.552,104395.481,106195.482,107995.331,109795.267,111595.183,113395.107,115195.043,116994.958,118794.88,120594.819,122394.73,124194.661,125994.586,127794.51,129594.425,131394.355,133194.302,134994.214,136794.146,138594.064,140393.993,142193.907,143993.836,145793.766,147593.683,149393.62,151193.535,152993.466,154793.383,156593.307,158393.229,160193.151,161993.083,163792.996,165592.93,167392.852,169192.773,170992.712
Temp. [°C],22.2,30,30,30,30,30.1,30,30,30,30,30,29.9,30,30,29.8,30,30,29.9,29.9,30,30,30.1,30,30,30,30,30,30,30,30,30,30,30,30,30,30,30,30,30,30,30.1,30,30,30,30,30,30,30,30,30,30,30,30,30,30,30,30,29.9,30,30,30,30,30,30.1,30,30.1,30,30.1,30,30,30,30,30,30,30,30,30,30,30,30,30,30,30,30,30,30,30,29.9,30,30,30,30,30,30,30,30
Mean,0.09458,0.0944,0.0942,0.09438,0.0944,0.09442,0.09446,0.09432,0.09444,0.09434,0.09432,0.09434,0.09444,0.09432,0.0943,0.09432,0.09434,0.09432,0.09432,0.09442,0.09432,0.0945,0.0944,0.09434,0.09442,0.09434,0.09444,0.09446,0.09448,0.0945,0.09456,0.09444,0.0946,0.0945,0.09462,0.09464,0.09468,0.09478,0.09484,0.09494,0.09498,0.0952,0.09514,0.09512,0.0956,0.09518,0.0952,0.0953,0.09536,0.09588,0.09546,0.09554,0.09544,0.09544,0.09566,0.09582,0.09572,0.09576,0.09584,0.09586,0.09576,0.09572,0.09594,0.0957,0.09588,0.09598,0.09584,0.096,0.09592,0.09628,0.09588,0.09606,0.09606,0.0964,0.09662,0.09654,0.09644,0.09652,0.09668,0.09674,0.0968,0.09672,0.0966,0.09674,0.09718,0.09714,0.09728,0.09732,0.09812,0.09748,0.09748,0.09754,0.09756,0.0979,0.09776,0.09824
StDev,0.002663081,0.002687936,0.002774887,0.002778849,0.002824889,0.002853419,0.002908264,0.002930358,0.003026219,0.002994662,0.003007823,0.003018775,0.0030648,0.003096288,0.003056141,0.00307197,0.003023739,0.003049098,0.003021093,0.003025227,0.003095481,0.003090307,0.00304795,0.002975399,0.003005329,0.003100484,0.003031171,0.003004663,0.002976911,0.002988311,0.002923696,0.003054996,0.002864437,0.002933428,0.002849035,0.002865833,0.002820815,0.002815493,0.002754632,0.002753725,0.002717904,0.002592296,0.002588049,0.002650849,0.002564176,0.002574296,0.002592296,0.002624881,0.00257449,0.002732581,0.002557929,0.002576432,0.002555973,0.002579341,0.002582247,0.002595573,0.002595573,0.002612087,0.002606338,0.002629258,0.002625452,0.002628117,0.002750091,0.002591332,0.00266402,0.002769838,0.002642537,0.002709243,0.002648962,0.002905512,0.002785139,0.002841303,0.002885827,0.00308545,0.0032874,0.003260828,0.003314061,0.0032874,0.003511695,0.003601111,0.003886515,0.003627947,0.00354048,0.003677363,0.004126379,0.004257112,0.004271651,0.004340737,0.006087035,0.004749947,0.004870524,0.004982269,0.004898775,0.005551126,0.005498454,0.005949622
1;2,0.0975,0.0976,0.0975,0.0976,0.0977,0.0978,0.0978,0.0977,0.0979,0.0979,0.0978,0.0979,0.0979,0.0979,0.0979,0.0979,0.0979,0.0979,0.0978,0.0979,0.0979,0.0981,0.0979,0.0978,0.0979,0.0979,0.098,0.098,0.098,0.098,0.098,0.098,0.098,0.0979,0.098,0.098,0.098,0.0981,0.0981,0.0982,0.0982,0.0982,0.0981,0.0982,0.098,0.0981,0.0982,0.0982,0.0983,0.0982,0.0983,0.0982,0.0982,0.0982,0.0982,0.0983,0.0982,0.0983,0.0982,0.0983,0.0983,0.0982,0.0983,0.0982,0.0982,0.0982,0.0982,0.0983,0.0982,0.0983,0.0983,0.0983,0.0981,0.0983,0.0984,0.0983,0.0982,0.0983,0.0983,0.0983,0.0982,0.0983,0.0982,0.0982,0.0984,0.0983,0.0985,0.0985,0.0984,0.0983,0.0983,0.0983,0.0983,0.0983,0.0982,0.0985
2;1,0.0953,0.0949,0.0945,0.0946,0.0947,0.0945,0.0944,0.0941,0.0942,0.0939,0.0936,0.0938,0.0937,0.0935,0.0935,0.0934,0.0934,0.0933,0.0932,0.0934,0.0931,0.0932,0.0931,0.0929,0.0931,0.093,0.0929,0.093,0.0929,0.0929,0.093,0.0929,0.0929,0.0929,0.0929,0.0929,0.0929,0.0929,0.0929,0.093,0.093,0.093,0.093,0.0929,0.0929,0.093,0.093,0.0929,0.093,0.093,0.0929,0.0929,0.093,0.0928,0.093,0.0931,0.093,0.093,0.0931,0.0931,0.093,0.0929,0.093,0.0931,0.093,0.093,0.093,0.0931,0.0931,0.0931,0.0928,0.093,0.0929,0.0931,0.0931,0.0931,0.0929,0.093,0.0931,0.0931,0.0929,0.0931,0.0929,0.0929,0.0931,0.093,0.0932,0.0931,0.0931,0.0931,0.093,0.093,0.0931,0.0931,0.093,0.0932
2;2,0.0963,0.096,0.096,0.0963,0.0963,0.0964,0.0967,0.0966,0.0969,0.0967,0.0969,0.0968,0.0972,0.097,0.0969,0.097,0.097,0.097,0.0971,0.0972,0.0972,0.0974,0.0973,0.0972,0.0973,0.0973,0.0973,0.0973,0.0973,0.0974,0.0974,0.0974,0.0974,0.0974,0.0974,0.0975,0.0975,0.0976,0.0976,0.0977,0.0977,0.0978,0.0978,0.0978,0.0977,0.0978,0.0978,0.098,0.0979,0.0979,0.0978,0.098,0.0979,0.0978,0.0981,0.0982,0.0981,0.0982,0.0981,0.0981,0.0981,0.0981,0.0981,0.0981,0.0981,0.098,0.0981,0.0981,0.0981,0.0983,0.098,0.0981,0.0981,0.0983,0.0984,0.0983,0.0982,0.0983,0.0983,0.0983,0.0983,0.0983,0.0982,0.0983,0.0985,0.0983,0.0985,0.0985,0.0983,0.0985,0.0985,0.0985,0.0985,0.0985,0.0985,0.0987
2;3,0.0929,0.0927,0.0925,0.0928,0.0927,0.0928,0.0928,0.0928,0.0927,0.0927,0.0928,0.0927,0.0928,0.0928,0.0927,0.0928,0.0927,0.0928,0.0928,0.0928,0.0927,0.0928,0.0928,0.0927,0.0927,0.0927,0.0929,0.0928,0.0929,0.0928,0.0928,0.0927,0.0928,0.0928,0.0929,0.0928,0.0928,0.0929,0.0929,0.0929,0.0929,0.093,0.093,0.093,0.0928,0.0929,0.093,0.093,0.0931,0.0928,0.093,0.093,0.0929,0.0929,0.093,0.0931,0.093,0.0931,0.093,0.093,0.093,0.093,0.0929,0.0929,0.093,0.0929,0.093,0.093,0.093,0.0931,0.0929,0.0929,0.0929,0.093,0.0931,0.093,0.0929,0.093,0.0929,0.0929,0.0928,0.0928,0.0929,0.093,0.0931,0.093,0.093,0.0931,0.0929,0.093,0.0929,0.0929,0.093,0.093,0.0928,0.0931
3;2,0.0909,0.0908,0.0905,0.0906,0.0906,0.0906,0.0906,0.0904,0.0905,0.0905,0.0905,0.0905,0.0906,0.0904,0.0905,0.0905,0.0907,0.0906,0.0907,0.0908,0.0907,0.091,0.0909,0.0911,0.0911,0.0908,0.0911,0.0912,0.0913,0.0914,0.0916,0.0912,0.0919,0.0915,0.0919,0.092,0.0922,0.0924,0.0927,0.0929,0.0931,0.094,0.0938,0.0937,0.0966,0.0941,0.094,0.0944,0.0945,0.0975,0.0953,0.0956,0.0952,0.0955,0.096,0.0964,0.0963,0.0962,0.0968,0.0968,0.0964,0.0964,0.0974,0.0962,0.0971,0.0978,0.0969,0.0975,0.0972,0.0986,0.0974,0.098,0.0983,0.0993,0.1001,0.1,0.1,0.1,0.1008,0.1011,0.1018,0.1011,0.1008,0.1013,0.1028,0.1031,0.1032,0.1034,0.1079,0.1045,0.1047,0.105,0.1049,0.1066,0.1063,0.1077
,,,,,,,,,,,,,,,,,,,,,,,,,,,,,,,,,,,,,,,,,,,,,,,,,,,,,,,,,,,,,,,,,,,,,,,,,,,,,,,,,,,,,,,,,,,,,,,,
Cycles / Well,,,,,,,,,,,,,,,,,,,,,,,,,,,,,,,,,,,,,,,,,,,,,,,,,,,,,,,,,,,,,,,,,,,,,,,,,,,,,,,,,,,,,,,,,,,,,,,,
H7,1,2,3,4,5,6,7,8,9,10,11,12,13,14,15,16,17,18,19,20,21,22,23,24,25,26,27,28,29,30,31,32,33,34,35,36,37,38,39,40,41,42,43,44,45,46,47,48,49,50,51,52,53,54,55,56,57,58,59,60,61,62,63,64,65,66,67,68,69,70,71,72,73,74,75,76,77,78,79,80,81,82,83,84,85,86,87,88,89,90,91,92,93,94,95,96
Time [s],0,1799.797,3599.741,5399.659,7199.573,8999.513,10799.44,12599.356,14399.272,16199.193,17999.112,19799.048,21598.963,23398.904,25198.829,26998.75,28798.659,30598.586,32398.522,34198.445,35998.366,37798.269,39598.205,41398.126,43198.043,44997.982,46797.898,48597.803,50397.735,52197.643,53997.591,55797.492,57597.42,59397.352,61197.265,62997.193,64797.11,66597.04,68396.981,70196.888,71996.807,73796.739,75596.665,77396.594,79196.521,80996.461,82796.378,84596.302,86396.226,88196.142,89996.07,91796.012,93595.919,95395.853,97195.785,98995.689,100795.633,102595.552,104395.481,106195.482,107995.331,109795.267,111595.183,113395.107,115195.043,116994.958,118794.88,120594.819,122394.73,124194.661,125994.586,127794.51,129594.425,131394.355,133194.302,134994.214,136794.146,138594.064,140393.993,142193.907,143993.836,145793.766,147593.683,149393.62,151193.535,152993.466,154793.383,156593.307,158393.229,160193.151,161993.083,163792.996,165592.93,167392.852,169192.773,170992.712
Temp. [°C],22.2,30,30,30,30,30.1,30,30,30,30,30,29.9,30,30,29.8,30,30,29.9,29.9,30,30,30.1,30,30,30,30,30,30,30,30,30,30,30,30,30,30,30,30,30,30,30.1,30,30,30,30,30,30,30,30,30,30,30,30,30,30,30,30,29.9,30,30,30,30,30,30.1,30,30.1,30,30.1,30,30,30,30,30,30,30,30,30,30,30,30,30,30,30,30,30,30,30,29.9,30,30,30,30,30,30,30,30
Mean,0.09394,0.0938,0.09368,0.0938,0.09384,0.09392,0.09398,0.09392,0.09398,0.09392,0.0939,0.0939,0.09408,0.09394,0.09392,0.09394,0.094,0.0939,0.09394,0.0941,0.09402,0.09406,0.094,0.09402,0.09398,0.09398,0.09402,0.09404,0.09408,0.09408,0.0941,0.09398,0.09416,0.0941,0.09418,0.09418,0.09414,0.09426,0.09424,0.09436,0.09436,0.09452,0.09454,0.09456,0.09466,0.09466,0.09454,0.09474,0.09482,0.09502,0.09468,0.095,0.09472,0.09476,0.095,0.09528,0.09504,0.09506,0.09508,0.09516,0.09512,0.09496,0.09524,0.09518,0.09534,0.09528,0.09532,0.09536,0.09544,0.09556,0.0953,0.09544,0.09522,0.09558,0.09576,0.09596,0.09568,0.09578,0.0959,0.09588,0.09598,0.09608,0.09602,0.096,0.09636,0.09646,0.09676,0.09652,0.0972,0.09686,0.09658,0.09686,0.09686,0.09722,0.09712,0.0973
StDev,0.0019995,0.002053047,0.002275302,0.002444381,0.002520516,0.002579147,0.002728919,0.002791415,0.002838486,0.002822587,0.002943637,0.002933428,0.002936324,0.002985465,0.002956687,0.003022085,0.003026549,0.003061046,0.003038585,0.003079773,0.003126819,0.003081071,0.003130495,0.003102741,0.003093865,0.003087394,0.003089822,0.003034469,0.003131613,0.003075224,0.003140064,0.003078474,0.00312618,0.003099193,0.003075224,0.003064637,0.003088365,0.003063168,0.003025393,0.003033645,0.002995497,0.002876978,0.00289275,0.00292626,0.002676378,0.0028369,0.002804996,0.002717168,0.00279052,0.002634768,0.002741715,0.002645751,0.002751727,0.002740073,0.0027313,0.002686447,0.002681977,0.002676378,0.002712379,0.002688494,0.002723417,0.002760072,0.002659511,0.002632869,0.00266233,0.002704071,0.002720662,0.002687564,0.002748272,0.002804996,0.002718455,0.002757354,0.002781546,0.002939728,0.002936495,0.003130974,0.003050738,0.003001166,0.003018278,0.003093057,0.003320693,0.003270627,0.003360357,0.003285575,0.003632217,0.003882396,0.004160889,0.003877757,0.005157034,0.004475265,0.004148132,0.004417352,0.004593256,0.005189605,0.005156258,0.005119082
1;2,0.0968,0.0968,0.0969,0.0972,0.0972,0.0973,0.0975,0.0975,0.0975,0.0975,0.0976,0.0975,0.0976,0.0976,0.0975,0.0976,0.0977,0.0976,0.0976,0.0978,0.0978,0.0977,0.0977,0.0977,0.0977,0.0976,0.0977,0.0976,0.0978,0.0977,0.0978,0.0977,0.0978,0.0977,0.0978,0.0978,0.0978,0.0979,0.0978,0.0979,0.0979,0.0979,0.0979,0.098,0.0978,0.098,0.0979,0.0979,0.0981,0.0979,0.0978,0.098,0.0979,0.098,0.0981,0.0982,0.098,0.098,0.098,0.0981,0.0981,0.098,0.098,0.098,0.098,0.0979,0.0981,0.0981,0.0979,0.0981,0.098,0.098,0.0977,0.0982,0.098,0.098,0.0978,0.0982,0.0982,0.098,0.0979,0.098,0.098,0.098,0.0981,0.098,0.0982,0.098,0.098,0.0981,0.098,0.0981,0.098,0.098,0.0981,0.0982
2;1,0.0936,0.0932,0.0928,0.0929,0.0928,0.0929,0.0929,0.0926,0.0928,0.0926,0.0925,0.0925,0.0927,0.0925,0.0924,0.0923,0.0925,0.0923,0.0923,0.0924,0.0923,0.0923,0.0923,0.0923,0.0922,0.0922,0.0922,0.0923,0.0922,0.0922,0.0922,0.0922,0.0922,0.0922,0.0923,0.0922,0.0922,0.0923,0.0922,0.0922,0.0922,0.0922,0.0923,0.0922,0.0923,0.0922,0.0923,0.0924,0.0923,0.0922,0.0922,0.0924,0.0922,0.0922,0.0923,0.0924,0.0923,0.0923,0.0922,0.0923,0.0923,0.0921,0.0923,0.0924,0.0924,0.0922,0.0923,0.0924,0.0922,0.0923,0.0922,0.0923,0.0921,0.0922,0.0923,0.0923,0.0921,0.0923,0.0924,0.0923,0.0922,0.0923,0.0922,0.0922,0.0924,0.0923,0.0924,0.0923,0.0923,0.0923,0.0921,0.0923,0.0922,0.0922,0.0921,0.0923
2;2,0.0949,0.0948,0.095,0.0953,0.0956,0.0958,0.096,0.0961,0.0963,0.0962,0.0963,0.0964,0.0967,0.0965,0.0965,0.0966,0.0966,0.0966,0.0967,0.0969,0.0968,0.0969,0.0969,0.0969,0.0968,0.0969,0.0969,0.0969,0.097,0.097,0.0971,0.0968,0.0972,0.0971,0.0971,0.0971,0.0971,0.0972,0.0972,0.0974,0.0973,0.0974,0.0975,0.0975,0.0973,0.0975,0.0973,0.0975,0.0976,0.0974,0.0975,0.0976,0.0975,0.0974,0.0977,0.0978,0.0977,0.0977,0.0977,0.0977,0.0978,0.0977,0.0977,0.0977,0.0978,0.0977,0.0977,0.0978,0.0978,0.0979,0.0978,0.0978,0.0977,0.0979,0.0979,0.098,0.0977,0.0978,0.0979,0.098,0.0979,0.098,0.0979,0.0979,0.098,0.0979,0.0981,0.0981,0.098,0.0981,0.0981,0.0981,0.098,0.0982,0.098,0.0983
2;3,0.0928,0.0927,0.0926,0.0926,0.0927,0.0927,0.0928,0.0927,0.0927,0.0926,0.0926,0.0926,0.0927,0.0926,0.0927,0.0927,0.0927,0.0926,0.0925,0.0927,0.0927,0.0928,0.0926,0.0926,0.0926,0.0926,0.0926,0.0927,0.0927,0.0927,0.0926,0.0925,0.0927,0.0927,0.0928,0.0928,0.0926,0.0927,0.0927,0.0927,0.0928,0.0929,0.0927,0.0928,0.0925,0.0928,0.0927,0.0928,0.0929,0.0926,0.0926,0.0928,0.0927,0.0926,0.0928,0.0929,0.0928,0.0928,0.0927,0.0928,0.0928,0.0927,0.0928,0.0928,0.0928,0.0927,0.0927,0.0928,0.0928,0.0928,0.0928,0.0927,0.0924,0.0926,0.0928,0.0928,0.0926,0.0927,0.0928,0.0927,0.0926,0.0928,0.0926,0.0927,0.0927,0.0927,0.0928,0.0928,0.0927,0.0927,0.0927,0.0928,0.0927,0.0927,0.0926,0.0928
3;2,0.0916,0.0915,0.0911,0.091,0.0909,0.0909,0.0907,0.0907,0.0906,0.0907,0.0905,0.0905,0.0907,0.0905,0.0905,0.0905,0.0905,0.0904,0.0906,0.0907,0.0905,0.0906,0.0905,0.0906,0.0906,0.0906,0.0907,0.0907,0.0907,0.0908,0.0908,0.0907,0.0909,0.0908,0.0909,0.091,0.091,0.0912,0.0913,0.0916,0.0916,0.0922,0.0923,0.0923,0.0934,0.0928,0.0925,0.0931,0.0932,0.095,0.0933,0.0942,0.0933,0.0936,0.0941,0.0951,0.0944,0.0945,0.0948,0.0949,0.0946,0.0943,0.0954,0.095,0.0957,0.0959,0.0958,0.0957,0.0965,0.0967,0.0957,0.0964,0.0962,0.097,0.0978,0.0987,0.0982,0.0979,0.0982,0.0984,0.0993,0.0993,0.0994,0.0992,0.1006,0.1014,0.1023,0.1014,0.105,0.1031,0.102,0.103,0.1034,0.105,0.1048,0.1049
,,,,,,,,,,,,,,,,,,,,,,,,,,,,,,,,,,,,,,,,,,,,,,,,,,,,,,,,,,,,,,,,,,,,,,,,,,,,,,,,,,,,,,,,,,,,,,,,
Cycles / Well,,,,,,,,,,,,,,,,,,,,,,,,,,,,,,,,,,,,,,,,,,,,,,,,,,,,,,,,,,,,,,,,,,,,,,,,,,,,,,,,,,,,,,,,,,,,,,,,
H8,1,2,3,4,5,6,7,8,9,10,11,12,13,14,15,16,17,18,19,20,21,22,23,24,25,26,27,28,29,30,31,32,33,34,35,36,37,38,39,40,41,42,43,44,45,46,47,48,49,50,51,52,53,54,55,56,57,58,59,60,61,62,63,64,65,66,67,68,69,70,71,72,73,74,75,76,77,78,79,80,81,82,83,84,85,86,87,88,89,90,91,92,93,94,95,96
Time [s],0,1799.797,3599.741,5399.659,7199.573,8999.513,10799.44,12599.356,14399.272,16199.193,17999.112,19799.048,21598.963,23398.904,25198.829,26998.75,28798.659,30598.586,32398.522,34198.445,35998.366,37798.269,39598.205,41398.126,43198.043,44997.982,46797.898,48597.803,50397.735,52197.643,53997.591,55797.492,57597.42,59397.352,61197.265,62997.193,64797.11,66597.04,68396.981,70196.888,71996.807,73796.739,75596.665,77396.594,79196.521,80996.461,82796.378,84596.302,86396.226,88196.142,89996.07,91796.012,93595.919,95395.853,97195.785,98995.689,100795.633,102595.552,104395.481,106195.482,107995.331,109795.267,111595.183,113395.107,115195.043,116994.958,118794.88,120594.819,122394.73,124194.661,125994.586,127794.51,129594.425,131394.355,133194.302,134994.214,136794.146,138594.064,140393.993,142193.907,143993.836,145793.766,147593.683,149393.62,151193.535,152993.466,154793.383,156593.307,158393.229,160193.151,161993.083,163792.996,165592.93,167392.852,169192.773,170992.712
Temp. [°C],22.2,30,30,30,30,30.1,30,30,30,30,30,29.9,30,30,29.8,30,30,29.9,29.9,30,30,30.1,30,30,30,30,30,30,30,30,30,30,30,30,30,30,30,30,30,30,30.1,30,30,30,30,30,30,30,30,30,30,30,30,30,30,30,30,29.9,30,30,30,30,30,30.1,30,30.1,30,30.1,30,30,30,30,30,30,30,30,30,30,30,30,30,30,30,30,30,30,30,29.9,30,30,30,30,30,30,30,30
Mean,0.09468,0.09446,0.09424,0.09434,0.09436,0.09442,0.09444,0.09444,0.0945,0.09446,0.09446,0.0945,0.0946,0.0945,0.0945,0.09448,0.09448,0.0945,0.09448,0.09458,0.09454,0.09464,0.0945,0.0945,0.09454,0.09448,0.0946,0.09466,0.0947,0.0947,0.09472,0.09454,0.09478,0.09466,0.09474,0.09478,0.09482,0.0949,0.095,0.09512,0.09508,0.09526,0.0953,0.0953,0.09558,0.09538,0.09532,0.09546,0.09572,0.09596,0.0956,0.09586,0.09554,0.09568,0.09584,0.09614,0.0959,0.0959,0.09598,0.0961,0.09596,0.09604,0.0961,0.0961,0.0963,0.09618,0.09618,0.09616,0.0964,0.09646,0.0962,0.09634,0.0963,0.09666,0.09686,0.097,0.09684,0.09686,0.0969,0.09694,0.09706,0.09694,0.09702,0.09708,0.09744,0.0975,0.09758,0.09766,0.09846,0.09776,0.0976,0.09818,0.09788,0.09856,0.09822,0.09874
StDev,0.002756266,0.002740073,0.00283249,0.002886694,0.002878889,0.002996164,0.003006327,0.003097257,0.003053686,0.003118974,0.003151666,0.003214809,0.003219472,0.003254996,0.00329621,0.003249923,0.003301818,0.003274141,0.003344697,0.003337963,0.003308021,0.003342604,0.003347387,0.003386001,0.003308021,0.003361101,0.003351865,0.003373129,0.003374907,0.003371202,0.003346939,0.003387182,0.003254535,0.003346341,0.003308021,0.003311646,0.003323703,0.003335416,0.003265731,0.003194057,0.003193274,0.003051721,0.003015792,0.003015792,0.00281105,0.003035951,0.003089822,0.002975399,0.002909811,0.002853594,0.002920616,0.00286932,0.003011312,0.002944826,0.002955165,0.002928822,0.002935132,0.002937686,0.00288652,0.002903446,0.002989649,0.002911701,0.002960574,0.002953811,0.002974054,0.002932064,0.002927798,0.002956856,0.002945335,0.002998833,0.002932576,0.003054177,0.003038914,0.003171435,0.003403381,0.003550352,0.003379793,0.003253921,0.00333991,0.003382011,0.003654176,0.003384967,0.003707695,0.003772532,0.003885614,0.004101829,0.004149337,0.004231784,0.005842773,0.004378127,0.00428369,0.00522561,0.004699681,0.005905337,0.005453164,0.005940791
1;2,0.098,0.0979,0.0978,0.0979,0.0979,0.0982,0.0981,0.0982,0.0982,0.0982,0.0982,0.0982,0.0983,0.0983,0.0984,0.0983,0.0983,0.0983,0.0984,0.0984,0.0983,0.0985,0.0983,0.0983,0.0983,0.0983,0.0985,0.0985,0.0986,0.0985,0.0985,0.0984,0.0984,0.0984,0.0985,0.0985,0.0986,0.0987,0.0986,0.0987,0.0987,0.0987,0.0987,0.0987,0.0987,0.0987,0.0988,0.0987,0.0989,0.0988,0.0987,0.0988,0.0987,0.0988,0.0989,0.099,0.099,0.099,0.0989,0.099,0.099,0.0989,0.0989,0.0989,0.0989,0.0988,0.099,0.0989,0.0988,0.0989,0.0989,0.0989,0.0989,0.099,0.0989,0.099,0.099,0.099,0.099,0.099,0.0988,0.099,0.0988,0.0989,0.0991,0.0991,0.0991,0.0992,0.0991,0.0991,0.0989,0.0992,0.099,0.0991,0.099,0.0991
2;1,0.0946,0.0939,0.0935,0.0934,0.0935,0.0933,0.0933,0.0932,0.0935,0.0932,0.0931,0.0931,0.0934,0.093,0.0929,0.0929,0.0929,0.0928,0.0927,0.0929,0.0927,0.093,0.0927,0.0926,0.0927,0.0926,0.0928,0.0928,0.0928,0.0928,0.0927,0.0926,0.0928,0.0926,0.0927,0.0926,0.0927,0.0929,0.0928,0.0929,0.0928,0.0929,0.0929,0.0929,0.093,0.0929,0.093,0.0929,0.093,0.093,0.0929,0.093,0.0929,0.0928,0.093,0.093,0.0931,0.093,0.093,0.093,0.0929,0.0929,0.0929,0.093,0.0929,0.0929,0.0931,0.093,0.0931,0.0931,0.0931,0.0929,0.093,0.093,0.093,0.0929,0.093,0.0932,0.0931,0.0931,0.093,0.093,0.0929,0.0929,0.0932,0.0932,0.0932,0.0932,0.0932,0.0933,0.0932,0.0931,0.0931,0.0932,0.0931,0.0933
2;2,0.0967,0.0965,0.0964,0.0967,0.0967,0.0968,0.097,0.0971,0.0971,0.0972,0.0973,0.0975,0.0976,0.0975,0.0975,0.0975,0.0976,0.0976,0.0976,0.0978,0.0978,0.0978,0.0978,0.0979,0.0978,0.0978,0.0978,0.098,0.098,0.0981,0.0981,0.0979,0.0982,0.0981,0.0981,0.0982,0.0982,0.0983,0.0985,0.0985,0.0984,0.0985,0.0985,0.0985,0.0984,0.0987,0.0986,0.0987,0.0988,0.0987,0.0988,0.0989,0.0989,0.0988,0.099,0.0991,0.099,0.099,0.099,0.099,0.0991,0.0991,0.099,0.0992,0.0991,0.099,0.0992,0.0992,0.0992,0.0993,0.0992,0.0993,0.0991,0.0993,0.0993,0.0994,0.0992,0.0993,0.0995,0.0994,0.0993,0.0994,0.0993,0.0993,0.0995,0.0994,0.0995,0.0996,0.0994,0.0995,0.0995,0.0996,0.0996,0.0996,0.0995,0.0998
2;3,0.0929,0.0929,0.0927,0.0928,0.0928,0.0929,0.0929,0.0929,0.0928,0.0929,0.0929,0.093,0.0929,0.093,0.093,0.0929,0.0929,0.093,0.093,0.093,0.093,0.0931,0.0929,0.0929,0.093,0.0929,0.093,0.093,0.093,0.093,0.0931,0.0929,0.0929,0.093,0.093,0.0931,0.0931,0.093,0.0931,0.0932,0.0933,0.0932,0.0932,0.0932,0.093,0.0932,0.0933,0.0932,0.0934,0.0931,0.0933,0.0933,0.0931,0.0932,0.0932,0.0934,0.0933,0.0934,0.0934,0.0934,0.0933,0.0935,0.0932,0.0933,0.0934,0.0933,0.0934,0.0933,0.0934,0.0934,0.0933,0.0933,0.0931,0.0934,0.0933,0.0934,0.0933,0.0934,0.0934,0.0934,0.0933,0.0935,0.0932,0.0932,0.0935,0.0933,0.0934,0.0934,0.0932,0.0934,0.0933,0.0933,0.0934,0.0933,0.0932,0.0936
3;2,0.0912,0.0911,0.0908,0.0909,0.0909,0.0909,0.0909,0.0908,0.0909,0.0908,0.0908,0.0907,0.0908,0.0907,0.0907,0.0908,0.0907,0.0908,0.0907,0.0908,0.0909,0.0908,0.0908,0.0908,0.0909,0.0908,0.0909,0.091,0.0911,0.0911,0.0912,0.0909,0.0916,0.0912,0.0914,0.0915,0.0915,0.0916,0.092,0.0923,0.0922,0.093,0.0932,0.0932,0.0948,0.0934,0.0929,0.0938,0.0945,0.0962,0.0943,0.0953,0.0941,0.0948,0.0951,0.0962,0.0951,0.0951,0.0956,0.0961,0.0955,0.0958,0.0965,0.0961,0.0972,0.0969,0.0962,0.0964,0.0975,0.0976,0.0965,0.0973,0.0974,0.0986,0.0998,0.1003,0.0997,0.0994,0.0995,0.0998,0.1009,0.0998,0.1009,0.1011,0.1019,0.1025,0.1027,0.1029,0.1074,0.1035,0.1031,0.1057,0.1043,0.1076,0.1063,0.1079
,,,,,,,,,,,,,,,,,,,,,,,,,,,,,,,,,,,,,,,,,,,,,,,,,,,,,,,,,,,,,,,,,,,,,,,,,,,,,,,,,,,,,,,,,,,,,,,,
Cycles / Well,,,,,,,,,,,,,,,,,,,,,,,,,,,,,,,,,,,,,,,,,,,,,,,,,,,,,,,,,,,,,,,,,,,,,,,,,,,,,,,,,,,,,,,,,,,,,,,,
H9,1,2,3,4,5,6,7,8,9,10,11,12,13,14,15,16,17,18,19,20,21,22,23,24,25,26,27,28,29,30,31,32,33,34,35,36,37,38,39,40,41,42,43,44,45,46,47,48,49,50,51,52,53,54,55,56,57,58,59,60,61,62,63,64,65,66,67,68,69,70,71,72,73,74,75,76,77,78,79,80,81,82,83,84,85,86,87,88,89,90,91,92,93,94,95,96
Time [s],0,1799.797,3599.741,5399.659,7199.573,8999.513,10799.44,12599.356,14399.272,16199.193,17999.112,19799.048,21598.963,23398.904,25198.829,26998.75,28798.659,30598.586,32398.522,34198.445,35998.366,37798.269,39598.205,41398.126,43198.043,44997.982,46797.898,48597.803,50397.735,52197.643,53997.591,55797.492,57597.42,59397.352,61197.265,62997.193,64797.11,66597.04,68396.981,70196.888,71996.807,73796.739,75596.665,77396.594,79196.521,80996.461,82796.378,84596.302,86396.226,88196.142,89996.07,91796.012,93595.919,95395.853,97195.785,98995.689,100795.633,102595.552,104395.481,106195.482,107995.331,109795.267,111595.183,113395.107,115195.043,116994.958,118794.88,120594.819,122394.73,124194.661,125994.586,127794.51,129594.425,131394.355,133194.302,134994.214,136794.146,138594.064,140393.993,142193.907,143993.836,145793.766,147593.683,149393.62,151193.535,152993.466,154793.383,156593.307,158393.229,160193.151,161993.083,163792.996,165592.93,167392.852,169192.773,170992.712
Temp. [°C],22.2,30,30,30,30,30.1,30,30,30,30,30,29.9,30,30,29.8,30,30,29.9,29.9,30,30,30.1,30,30,30,30,30,30,30,30,30,30,30,30,30,30,30,30,30,30,30.1,30,30,30,30,30,30,30,30,30,30,30,30,30,30,30,30,29.9,30,30,30,30,30,30.1,30,30.1,30,30.1,30,30,30,30,30,30,30,30,30,30,30,30,30,30,30,30,30,30,30,29.9,30,30,30,30,30,30,30,30
Mean,0.09468,0.09462,0.09446,0.09462,0.09464,0.09478,0.09482,0.09472,0.09474,0.09476,0.0948,0.0948,0.09484,0.09486,0.09484,0.09484,0.09484,0.09482,0.09484,0.09498,0.09492,0.09504,0.09498,0.0949,0.09496,0.0949,0.09504,0.09508,0.09508,0.09514,0.09514,0.09506,0.09522,0.0951,0.09528,0.09524,0.09532,0.0954,0.0955,0.0956,0.09566,0.09568,0.09574,0.09588,0.0962,0.0959,0.09582,0.09596,0.09616,0.09642,0.09616,0.09628,0.0961,0.09618,0.09632,0.09662,0.09648,0.09642,0.09658,0.09658,0.09654,0.09644,0.09674,0.09656,0.09662,0.09674,0.0966,0.09672,0.09664,0.09688,0.09668,0.09678,0.09688,0.09712,0.09722,0.09746,0.0972,0.09722,0.09738,0.09758,0.09748,0.09732,0.09746,0.09754,0.09776,0.09776,0.0978,0.09812,0.09854,0.09792,0.09786,0.09818,0.09826,0.0985,0.09844,0.0988
StDev,0.003570994,0.003415699,0.003370163,0.003468717,0.003438459,0.003393671,0.003463669,0.003460058,0.003506137,0.003515395,0.003472031,0.003506423,0.003429723,0.003511837,0.003527464,0.003466699,0.003466699,0.003496713,0.003527464,0.003502428,0.003479511,0.003501857,0.003501,0.003417601,0.003364967,0.003448913,0.003393081,0.003390723,0.003445577,0.003306509,0.003344099,0.003423887,0.003242221,0.003332417,0.00325223,0.003344847,0.00325223,0.003163068,0.003088689,0.003033974,0.003024566,0.003002832,0.002893614,0.00281016,0.002556365,0.002838133,0.002914961,0.002745542,0.002762788,0.002585923,0.002628307,0.002575267,0.002724885,0.002680858,0.002698518,0.002568463,0.002546959,0.002566515,0.002597499,0.002574296,0.002555973,0.002589015,0.002536336,0.00257449,0.002567489,0.002548137,0.002543619,0.002564566,0.002514558,0.002548921,0.002548921,0.002589788,0.00266402,0.002689238,0.002768935,0.003027871,0.002849561,0.002725252,0.002990318,0.003181509,0.003305601,0.002914961,0.003193431,0.003178522,0.003362737,0.003438459,0.003368976,0.00379302,0.004796144,0.003749267,0.003655544,0.004045615,0.004248294,0.004653493,0.004698191,0.005039345
1;2,0.0989,0.0986,0.0983,0.0986,0.0986,0.0986,0.0987,0.0985,0.0985,0.0987,0.0986,0.0986,0.0986,0.0987,0.0987,0.0986,0.0986,0.0986,0.0987,0.0988,0.0987,0.0988,0.0987,0.0986,0.0986,0.0985,0.0986,0.0987,0.0987,0.0987,0.0987,0.0986,0.0987,0.0987,0.0987,0.0987,0.0988,0.0988,0.0989,0.0988,0.0989,0.0989,0.0989,0.0989,0.0988,0.099,0.0989,0.0989,0.0991,0.0989,0.0989,0.0989,0.0989,0.099,0.0991,0.0992,0.099,0.099,0.0991,0.099,0.0991,0.099,0.099,0.0991,0.0991,0.099,0.099,0.0991,0.099,0.0991,0.099,0.099,0.0989,0.099,0.099,0.0991,0.099,0.099,0.099,0.0991,0.0989,0.0991,0.099,0.0991,0.0991,0.0991,0.0991,0.0992,0.099,0.0991,0.099,0.0991,0.0991,0.099,0.099,0.0991
2;1,0.0929,0.093,0.0928,0.093,0.093,0.0931,0.0932,0.0931,0.0931,0.0931,0.0931,0.0931,0.0932,0.0932,0.093,0.0931,0.0931,0.0931,0.093,0.0931,0.0931,0.0933,0.0931,0.093,0.0931,0.0932,0.0932,0.0932,0.0932,0.0932,0.0932,0.0931,0.0931,0.0931,0.0933,0.0933,0.0933,0.0933,0.0934,0.0934,0.0934,0.0934,0.0934,0.0935,0.0935,0.0935,0.0936,0.0935,0.0936,0.0935,0.0935,0.0936,0.0935,0.0935,0.0936,0.0938,0.0937,0.0938,0.0936,0.0937,0.0938,0.0937,0.0937,0.0937,0.0937,0.0937,0.0937,0.0938,0.0938,0.0938,0.0937,0.0938,0.0936,0.0938,0.0939,0.0938,0.0937,0.0939,0.0938,0.0938,0.0936,0.0938,0.0937,0.0938,0.0939,0.0938,0.0939,0.094,0.0939,0.0937,0.0937,0.0938,0.0937,0.0939,0.0937,0.0939
2;2,0.0979,0.0977,0.0976,0.0978,0.0978,0.098,0.0981,0.0981,0.0982,0.0981,0.0982,0.0983,0.0982,0.0983,0.0983,0.0983,0.0983,0.0983,0.0983,0.0985,0.0984,0.0986,0.0986,0.0984,0.0984,0.0985,0.0986,0.0986,0.0987,0.0986,0.0987,0.0987,0.0987,0.0986,0.0988,0.0989,0.0988,0.0988,0.0988,0.099,0.099,0.099,0.0989,0.099,0.0988,0.099,0.0991,0.099,0.0992,0.099,0.099,0.0991,0.0992,0.0991,0.0993,0.0993,0.0992,0.0993,0.0993,0.0994,0.0993,0.0993,0.0992,0.0993,0.0993,0.0991,0.0993,0.0994,0.0993,0.0993,0.0992,0.0993,0.0992,0.0994,0.0993,0.0994,0.0993,0.0993,0.0994,0.0994,0.0993,0.0994,0.0994,0.0994,0.0995,0.0994,0.0995,0.0995,0.0993,0.0994,0.0995,0.0995,0.0995,0.0995,0.0994,0.0996
2;3,0.0932,0.0933,0.0932,0.0933,0.0933,0.0935,0.0935,0.0934,0.0935,0.0934,0.0935,0.0934,0.0935,0.0935,0.0936,0.0935,0.0935,0.0935,0.0936,0.0936,0.0936,0.0936,0.0936,0.0935,0.0936,0.0935,0.0937,0.0937,0.0937,0.0937,0.0936,0.0938,0.0937,0.0936,0.0938,0.0937,0.0938,0.0939,0.0938,0.0939,0.094,0.094,0.094,0.094,0.0939,0.0941,0.0941,0.0941,0.0941,0.0941,0.0941,0.0943,0.0943,0.0942,0.0943,0.0945,0.0944,0.0945,0.0945,0.0945,0.0945,0.0944,0.0945,0.0945,0.0945,0.0944,0.0945,0.0945,0.0945,0.0946,0.0944,0.0943,0.0944,0.0946,0.0945,0.0946,0.0945,0.0946,0.0945,0.0946,0.0944,0.0945,0.0944,0.0945,0.0946,0.0946,0.0947,0.0947,0.0946,0.0946,0.0946,0.0947,0.0947,0.0946,0.0946,0.0948
3;2,0.0905,0.0905,0.0904,0.0904,0.0905,0.0907,0.0906,0.0905,0.0904,0.0905,0.0906,0.0906,0.0907,0.0906,0.0906,0.0907,0.0907,0.0906,0.0906,0.0909,0.0908,0.0909,0.0909,0.091,0.0911,0.0908,0.0911,0.0912,0.0911,0.0915,0.0915,0.0911,0.0919,0.0915,0.0918,0.0916,0.0919,0.0922,0.0926,0.0929,0.093,0.0931,0.0935,0.094,0.096,0.0939,0.0934,0.0943,0.0948,0.0966,0.0953,0.0955,0.0946,0.0951,0.0953,0.0963,0.0961,0.0955,0.0964,0.0963,0.096,0.0958,0.0973,0.0962,0.0965,0.0975,0.0965,0.0968,0.0966,0.0976,0.0971,0.0975,0.0983,0.0988,0.0994,0.1004,0.0995,0.0993,0.1002,0.101,0.1012,0.0998,0.1008,0.1009,0.1017,0.1019,0.1018,0.1032,0.1059,0.1028,0.1025,0.1038,0.1043,0.1055,0.1055,0.1066
,,,,,,,,,,,,,,,,,,,,,,,,,,,,,,,,,,,,,,,,,,,,,,,,,,,,,,,,,,,,,,,,,,,,,,,,,,,,,,,,,,,,,,,,,,,,,,,,
Cycles / Well,,,,,,,,,,,,,,,,,,,,,,,,,,,,,,,,,,,,,,,,,,,,,,,,,,,,,,,,,,,,,,,,,,,,,,,,,,,,,,,,,,,,,,,,,,,,,,,,
H10,1,2,3,4,5,6,7,8,9,10,11,12,13,14,15,16,17,18,19,20,21,22,23,24,25,26,27,28,29,30,31,32,33,34,35,36,37,38,39,40,41,42,43,44,45,46,47,48,49,50,51,52,53,54,55,56,57,58,59,60,61,62,63,64,65,66,67,68,69,70,71,72,73,74,75,76,77,78,79,80,81,82,83,84,85,86,87,88,89,90,91,92,93,94,95,96
Time [s],0,1799.797,3599.741,5399.659,7199.573,8999.513,10799.44,12599.356,14399.272,16199.193,17999.112,19799.048,21598.963,23398.904,25198.829,26998.75,28798.659,30598.586,32398.522,34198.445,35998.366,37798.269,39598.205,41398.126,43198.043,44997.982,46797.898,48597.803,50397.735,52197.643,53997.591,55797.492,57597.42,59397.352,61197.265,62997.193,64797.11,66597.04,68396.981,70196.888,71996.807,73796.739,75596.665,77396.594,79196.521,80996.461,82796.378,84596.302,86396.226,88196.142,89996.07,91796.012,93595.919,95395.853,97195.785,98995.689,100795.633,102595.552,104395.481,106195.482,107995.331,109795.267,111595.183,113395.107,115195.043,116994.958,118794.88,120594.819,122394.73,124194.661,125994.586,127794.51,129594.425,131394.355,133194.302,134994.214,136794.146,138594.064,140393.993,142193.907,143993.836,145793.766,147593.683,149393.62,151193.535,152993.466,154793.383,156593.307,158393.229,160193.151,161993.083,163792.996,165592.93,167392.852,169192.773,170992.712
Temp. [°C],22.2,30,30,30,30,30.1,30,30,30,30,30,29.9,30,30,29.8,30,30,29.9,29.9,30,30,30.1,30,30,30,30,30,30,30,30,30,30,30,30,30,30,30,30,30,30,30.1,30,30,30,30,30,30,30,30,30,30,30,30,30,30,30,30,29.9,30,30,30,30,30,30.1,30,30.1,30,30.1,30,30,30,30,30,30,30,30,30,30,30,30,30,30,30,30,30,30,30,29.9,30,30,30,30,30,30,30,30
Mean,0.09408,0.0939,0.09372,0.0939,0.09398,0.094,0.09408,0.094,0.09406,0.09406,0.09406,0.09408,0.09406,0.09412,0.09406,0.0941,0.09408,0.09406,0.0941,0.09418,0.09412,0.09418,0.09416,0.094,0.09408,0.0941,0.09412,0.09418,0.09422,0.09418,0.0942,0.09412,0.09416,0.09416,0.0942,0.09416,0.09422,0.09428,0.09428,0.0943,0.0943,0.09438,0.09432,0.09434,0.0943,0.0944,0.09436,0.09434,0.09442,0.0943,0.09436,0.09438,0.09434,0.0943,0.09442,0.09454,0.09444,0.09446,0.09444,0.09446,0.09454,0.09444,0.09438,0.09444,0.09448,0.09442,0.09454,0.09458,0.09452,0.09458,0.09448,0.0946,0.09442,0.0947,0.09478,0.0948,0.09468,0.09472,0.09486,0.09482,0.09484,0.09498,0.09486,0.09498,0.09526,0.0952,0.09538,0.0953,0.09558,0.09556,0.09544,0.09578,0.0956,0.09582,0.09584,0.09596
StDev,0.001578607,0.001907878,0.002139392,0.002379075,0.002465157,0.002522895,0.002648962,0.002739526,0.002766406,0.00282542,0.002836018,0.002892577,0.002847455,0.002907232,0.002950085,0.003053686,0.003031006,0.003054996,0.003077337,0.003083342,0.003130016,0.003136399,0.003151666,0.003159905,0.003175217,0.003223352,0.003247615,0.00328664,0.003280549,0.003302575,0.00325346,0.003295755,0.003350821,0.003347088,0.003287096,0.003344847,0.003377425,0.003323703,0.003477355,0.003405143,0.003478505,0.003444851,0.003462947,0.003433366,0.003355592,0.003548239,0.00348181,0.003530297,0.003510271,0.003460491,0.003537372,0.003540056,0.003488266,0.003533412,0.003536524,0.003585108,0.003530297,0.003547252,0.00355007,0.0035557,0.003544432,0.003521789,0.003548521,0.003508276,0.003505282,0.003524486,0.00355007,0.003528739,0.003387772,0.003421549,0.003506708,0.003501428,0.003459335,0.003319639,0.003320693,0.003200781,0.003187789,0.003323703,0.00308026,0.003168122,0.003061536,0.003154679,0.003085936,0.003021093,0.002930529,0.002918047,0.002914104,0.002952965,0.00280927,0.002908264,0.002868449,0.002947372,0.002839894,0.00303348,0.003017118,0.002955165
1;2,0.0964,0.0965,0.0965,0.0969,0.0971,0.0972,0.0973,0.0973,0.0973,0.0974,0.0974,0.0975,0.0973,0.0974,0.0975,0.0976,0.0976,0.0975,0.0976,0.0977,0.0976,0.0977,0.0977,0.0975,0.0976,0.0976,0.0976,0.0978,0.0978,0.0978,0.0977,0.0977,0.0979,0.0978,0.0978,0.0977,0.0979,0.0978,0.098,0.0979,0.098,0.0981,0.098,0.098,0.0978,0.0981,0.098,0.0981,0.0981,0.0979,0.098,0.0981,0.098,0.098,0.0981,0.0983,0.098,0.0982,0.0981,0.0981,0.0981,0.098,0.098,0.098,0.0981,0.098,0.0982,0.0982,0.098,0.0981,0.098,0.0982,0.0979,0.0981,0.0982,0.0981,0.0979,0.0982,0.098,0.0981,0.098,0.0982,0.0981,0.098,0.0982,0.098,0.0982,0.0982,0.0982,0.0983,0.0981,0.0982,0.0981,0.0982,0.0981,0.0982
2;1,0.0926,0.0924,0.0922,0.0924,0.0923,0.0923,0.0924,0.0922,0.0923,0.0923,0.0922,0.0922,0.0923,0.0924,0.0922,0.0922,0.0922,0.0922,0.0922,0.0923,0.0922,0.0923,0.0922,0.0921,0.0921,0.0921,0.0921,0.0922,0.0922,0.0921,0.0922,0.0922,0.0922,0.0922,0.0922,0.0922,0.0921,0.0922,0.0921,0.0922,0.0921,0.0923,0.0922,0.0922,0.0924,0.0923,0.0922,0.0921,0.0924,0.0922,0.0922,0.0922,0.0922,0.0921,0.0922,0.0923,0.0922,0.0923,0.0921,0.0922,0.0924,0.0923,0.092,0.0922,0.0922,0.0921,0.0922,0.0922,0.0923,0.0922,0.0922,0.0922,0.092,0.0922,0.0921,0.0922,0.0921,0.092,0.0922,0.0922,0.0921,0.0923,0.0919,0.0921,0.0922,0.0921,0.0922,0.0922,0.0922,0.0922,0.0921,0.0921,0.0922,0.092,0.092,0.0922
2;2,0.095,0.0952,0.0954,0.0958,0.0959,0.096,0.0963,0.0963,0.0965,0.0965,0.0965,0.0966,0.0967,0.0968,0.0967,0.0969,0.0968,0.0969,0.0969,0.097,0.0971,0.0971,0.0971,0.097,0.0971,0.0972,0.0973,0.0973,0.0974,0.0974,0.0974,0.0973,0.0973,0.0974,0.0974,0.0975,0.0975,0.0976,0.0977,0.0977,0.0978,0.0978,0.0978,0.0978,0.0977,0.098,0.0979,0.0979,0.098,0.0978,0.098,0.098,0.0979,0.0979,0.0981,0.0982,0.0982,0.0981,0.0982,0.0982,0.0983,0.0982,0.0982,0.0982,0.0982,0.0982,0.0983,0.0984,0.0982,0.0983,0.0983,0.0984,0.0983,0.0984,0.0985,0.0984,0.0983,0.0984,0.0984,0.0984,0.0983,0.0986,0.0983,0.0985,0.0986,0.0986,0.0987,0.0987,0.0985,0.0987,0.0986,0.0987,0.0987,0.0987,0.0988,0.0989
2;3,0.0932,0.0934,0.093,0.0932,0.0934,0.0933,0.0934,0.0934,0.0934,0.0934,0.0935,0.0934,0.0933,0.0934,0.0933,0.0933,0.0933,0.0933,0.0934,0.0934,0.0933,0.0934,0.0934,0.0932,0.0933,0.0934,0.0934,0.0934,0.0934,0.0933,0.0934,0.0933,0.0933,0.0933,0.0933,0.0933,0.0934,0.0935,0.0935,0.0935,0.0934,0.0934,0.0934,0.0934,0.0934,0.0935,0.0935,0.0934,0.0934,0.0935,0.0935,0.0934,0.0934,0.0934,0.0934,0.0936,0.0935,0.0934,0.0934,0.0935,0.0936,0.0934,0.0933,0.0934,0.0934,0.0934,0.0935,0.0934,0.0933,0.0934,0.0934,0.0934,0.0931,0.0934,0.0934,0.0934,0.0934,0.0933,0.0933,0.0933,0.0934,0.0934,0.0932,0.0932,0.0936,0.0933,0.0934,0.0934,0.0934,0.0933,0.0933,0.0933,0.0934,0.0932,0.0933,0.0935
3;2,0.0932,0.092,0.0915,0.0912,0.0912,0.0912,0.091,0.0908,0.0908,0.0907,0.0907,0.0907,0.0907,0.0906,0.0906,0.0905,0.0905,0.0904,0.0904,0.0905,0.0904,0.0904,0.0904,0.0902,0.0903,0.0902,0.0902,0.0902,0.0903,0.0903,0.0903,0.0901,0.0901,0.0901,0.0903,0.0901,0.0902,0.0903,0.0901,0.0902,0.0902,0.0903,0.0902,0.0903,0.0902,0.0901,0.0902,0.0902,0.0902,0.0901,0.0901,0.0902,0.0902,0.0901,0.0903,0.0903,0.0903,0.0903,0.0904,0.0903,0.0903,0.0903,0.0904,0.0904,0.0905,0.0904,0.0905,0.0907,0.0908,0.0909,0.0905,0.0908,0.0908,0.0914,0.0917,0.0919,0.0917,0.0917,0.0924,0.0921,0.0924,0.0924,0.0928,0.0931,0.0937,0.094,0.0944,0.094,0.0956,0.0953,0.0951,0.0966,0.0956,0.097,0.097,0.097
,,,,,,,,,,,,,,,,,,,,,,,,,,,,,,,,,,,,,,,,,,,,,,,,,,,,,,,,,,,,,,,,,,,,,,,,,,,,,,,,,,,,,,,,,,,,,,,,
Cycles / Well,,,,,,,,,,,,,,,,,,,,,,,,,,,,,,,,,,,,,,,,,,,,,,,,,,,,,,,,,,,,,,,,,,,,,,,,,,,,,,,,,,,,,,,,,,,,,,,,
H11,1,2,3,4,5,6,7,8,9,10,11,12,13,14,15,16,17,18,19,20,21,22,23,24,25,26,27,28,29,30,31,32,33,34,35,36,37,38,39,40,41,42,43,44,45,46,47,48,49,50,51,52,53,54,55,56,57,58,59,60,61,62,63,64,65,66,67,68,69,70,71,72,73,74,75,76,77,78,79,80,81,82,83,84,85,86,87,88,89,90,91,92,93,94,95,96
Time [s],0,1799.797,3599.741,5399.659,7199.573,8999.513,10799.44,12599.356,14399.272,16199.193,17999.112,19799.048,21598.963,23398.904,25198.829,26998.75,28798.659,30598.586,32398.522,34198.445,35998.366,37798.269,39598.205,41398.126,43198.043,44997.982,46797.898,48597.803,50397.735,52197.643,53997.591,55797.492,57597.42,59397.352,61197.265,62997.193,64797.11,66597.04,68396.981,70196.888,71996.807,73796.739,75596.665,77396.594,79196.521,80996.461,82796.378,84596.302,86396.226,88196.142,89996.07,91796.012,93595.919,95395.853,97195.785,98995.689,100795.633,102595.552,104395.481,106195.482,107995.331,109795.267,111595.183,113395.107,115195.043,116994.958,118794.88,120594.819,122394.73,124194.661,125994.586,127794.51,129594.425,131394.355,133194.302,134994.214,136794.146,138594.064,140393.993,142193.907,143993.836,145793.766,147593.683,149393.62,151193.535,152993.466,154793.383,156593.307,158393.229,160193.151,161993.083,163792.996,165592.93,167392.852,169192.773,170992.712
Temp. [°C],22.2,30,30,30,30,30.1,30,30,30,30,30,29.9,30,30,29.8,30,30,29.9,29.9,30,30,30.1,30,30,30,30,30,30,30,30,30,30,30,30,30,30,30,30,30,30,30.1,30,30,30,30,30,30,30,30,30,30,30,30,30,30,30,30,29.9,30,30,30,30,30,30.1,30,30.1,30,30.1,30,30,30,30,30,30,30,30,30,30,30,30,30,30,30,30,30,30,30,29.9,30,30,30,30,30,30,30,30
Mean,0.09526,0.09496,0.09476,0.09496,0.09492,0.09498,0.09504,0.09498,0.09498,0.095,0.09502,0.09504,0.09502,0.09502,0.09502,0.09506,0.09504,0.09508,0.09508,0.09516,0.09512,0.09524,0.0952,0.09508,0.09516,0.09514,0.0952,0.09522,0.09526,0.09526,0.0953,0.09518,0.09534,0.09524,0.09534,0.09532,0.09536,0.09542,0.09546,0.09544,0.0955,0.09554,0.0955,0.09558,0.09548,0.0957,0.09574,0.0957,0.09584,0.09576,0.09582,0.09578,0.0958,0.09584,0.09598,0.09616,0.09604,0.0961,0.09616,0.09612,0.0962,0.09612,0.09624,0.09622,0.09632,0.09624,0.09636,0.09644,0.0964,0.09658,0.09636,0.09652,0.0965,0.09678,0.0968,0.09694,0.0967,0.09686,0.09706,0.0971,0.09702,0.09712,0.09712,0.0973,0.09752,0.0975,0.09784,0.0977,0.0982,0.09788,0.09788,0.098,0.09796,0.09826,0.09818,0.09822
StDev,0.001457052,0.00171843,0.001995745,0.002041568,0.002215175,0.002287357,0.002431666,0.002484351,0.002631919,0.002662705,0.002775248,0.002764598,0.002781546,0.002902068,0.002914104,0.002927969,0.002977919,0.002992825,0.003031006,0.003058267,0.003040888,0.003134964,0.00311127,0.003174429,0.003189514,0.003179308,0.003108054,0.003268333,0.003187946,0.003189514,0.00325346,0.003256839,0.003294389,0.003294389,0.003252384,0.003267568,0.003332867,0.003363332,0.003320843,0.003336615,0.003311344,0.003269251,0.003311344,0.00332295,0.003237592,0.003242684,0.003308776,0.003284052,0.003243917,0.003127779,0.003201874,0.003190141,0.003120096,0.003174587,0.003179151,0.003098871,0.003081071,0.003110466,0.003010482,0.003089822,0.003108054,0.003089013,0.002945845,0.003089013,0.003054832,0.002991321,0.002971195,0.002913417,0.002954657,0.002908952,0.002931382,0.002865659,0.002907748,0.002815493,0.002883574,0.002836018,0.002838133,0.002910842,0.002955165,0.002930017,0.002972709,0.002909811,0.003001166,0.00308626,0.003226763,0.003307567,0.003479655,0.003359315,0.004103657,0.003711738,0.003779815,0.003780873,0.003830535,0.004269426,0.00425582,0.00410451
1;2,0.0976,0.0975,0.0976,0.0978,0.0979,0.098,0.0982,0.098,0.0982,0.0983,0.0984,0.0984,0.0983,0.0984,0.0984,0.0984,0.0984,0.0984,0.0985,0.0986,0.0985,0.0987,0.0987,0.0986,0.0987,0.0986,0.0985,0.0988,0.0987,0.0988,0.0988,0.0987,0.0989,0.0988,0.0988,0.0988,0.0989,0.099,0.099,0.099,0.099,0.099,0.099,0.0991,0.0989,0.0991,0.0992,0.0991,0.0992,0.099,0.0991,0.0991,0.099,0.0991,0.0993,0.0994,0.0992,0.0993,0.0992,0.0993,0.0994,0.0993,0.0992,0.0994,0.0994,0.0993,0.0993,0.0993,0.0993,0.0994,0.0992,0.0993,0.0993,0.0992,0.0994,0.0994,0.0993,0.0994,0.0993,0.0994,0.0993,0.0993,0.0993,0.0993,0.0994,0.0993,0.0994,0.0995,0.0993,0.0994,0.0994,0.0995,0.0993,0.0994,0.0994,0.0995
2;1,0.0943,0.0937,0.0934,0.0938,0.0936,0.0936,0.0936,0.0934,0.0934,0.0934,0.0934,0.0934,0.0935,0.0932,0.0933,0.0933,0.0932,0.0932,0.0932,0.0933,0.0933,0.0935,0.0933,0.0932,0.0932,0.0932,0.0933,0.0932,0.0933,0.0933,0.0934,0.0931,0.0933,0.0932,0.0934,0.0933,0.0934,0.0933,0.0934,0.0933,0.0933,0.0934,0.0933,0.0934,0.0935,0.0936,0.0936,0.0936,0.0938,0.0937,0.0937,0.0936,0.0936,0.0936,0.0937,0.0938,0.0939,0.0939,0.0938,0.0938,0.094,0.0939,0.0939,0.0939,0.0939,0.0938,0.0941,0.0941,0.094,0.0941,0.0941,0.0941,0.0939,0.0941,0.094,0.0941,0.094,0.0939,0.0939,0.0941,0.0939,0.0941,0.094,0.094,0.094,0.0939,0.0941,0.094,0.0941,0.094,0.0939,0.094,0.094,0.0939,0.0938,0.094
2;2,0.0956,0.096,0.0961,0.0964,0.0966,0.0968,0.097,0.0972,0.0973,0.0973,0.0975,0.0975,0.0976,0.0978,0.0978,0.0979,0.098,0.0981,0.0981,0.0982,0.0982,0.0984,0.0983,0.0983,0.0984,0.0984,0.0985,0.0986,0.0986,0.0985,0.0987,0.0986,0.0988,0.0987,0.0988,0.0988,0.0989,0.099,0.099,0.099,0.0991,0.0991,0.0991,0.0992,0.099,0.0993,0.0994,0.0994,0.0995,0.0993,0.0995,0.0994,0.0994,0.0995,0.0996,0.0997,0.0996,0.0997,0.0997,0.0997,0.0998,0.0997,0.0997,0.0998,0.0999,0.0997,0.0999,0.0999,0.0999,0.1,0.0999,0.0999,0.0998,0.1,0.1,0.1001,0.0999,0.1,0.1,0.1001,0.1,0.1002,0.1001,0.1002,0.1002,0.1001,0.1003,0.1002,0.1001,0.1001,0.1,0.1003,0.1002,0.1002,0.1002,0.1003
2;3,0.0939,0.0938,0.0937,0.0938,0.0938,0.0938,0.0939,0.094,0.0939,0.0939,0.0938,0.0939,0.0938,0.0938,0.0938,0.0939,0.0938,0.0939,0.0938,0.0939,0.0938,0.0939,0.0939,0.0937,0.0938,0.0939,0.0939,0.0938,0.0939,0.0939,0.0939,0.0938,0.0939,0.0938,0.0939,0.0939,0.0939,0.094,0.094,0.094,0.094,0.094,0.094,0.094,0.0939,0.094,0.0941,0.0939,0.094,0.094,0.0939,0.0939,0.0939,0.0939,0.094,0.0941,0.0941,0.094,0.094,0.094,0.094,0.0939,0.0939,0.094,0.0939,0.0939,0.094,0.094,0.0939,0.094,0.094,0.094,0.0937,0.0939,0.0939,0.0941,0.0939,0.0939,0.0939,0.0939,0.0938,0.094,0.0938,0.0939,0.094,0.0939,0.0941,0.0941,0.094,0.0939,0.0939,0.094,0.0939,0.094,0.0939,0.094
3;2,0.0949,0.0938,0.093,0.093,0.0927,0.0927,0.0925,0.0923,0.0921,0.0921,0.092,0.092,0.0919,0.0919,0.0918,0.0918,0.0918,0.0918,0.0918,0.0918,0.0918,0.0917,0.0918,0.0916,0.0917,0.0916,0.0918,0.0917,0.0918,0.0918,0.0917,0.0917,0.0918,0.0917,0.0918,0.0918,0.0917,0.0918,0.0919,0.0919,0.0921,0.0922,0.0921,0.0922,0.0921,0.0925,0.0924,0.0925,0.0927,0.0928,0.0929,0.0929,0.0931,0.0931,0.0933,0.0938,0.0934,0.0936,0.0941,0.0938,0.0938,0.0938,0.0945,0.094,0.0945,0.0945,0.0945,0.0949,0.0949,0.0954,0.0946,0.0953,0.0958,0.0967,0.0967,0.097,0.0964,0.0971,0.0982,0.098,0.0981,0.098,0.0984,0.0991,0.1,0.1003,0.1013,0.1007,0.1035,0.102,0.1022,0.1022,0.1024,0.1038,0.1036,0.1033
,,,,,,,,,,,,,,,,,,,,,,,,,,,,,,,,,,,,,,,,,,,,,,,,,,,,,,,,,,,,,,,,,,,,,,,,,,,,,,,,,,,,,,,,,,,,,,,,
Cycles / Well,,,,,,,,,,,,,,,,,,,,,,,,,,,,,,,,,,,,,,,,,,,,,,,,,,,,,,,,,,,,,,,,,,,,,,,,,,,,,,,,,,,,,,,,,,,,,,,,
H12,1,2,3,4,5,6,7,8,9,10,11,12,13,14,15,16,17,18,19,20,21,22,23,24,25,26,27,28,29,30,31,32,33,34,35,36,37,38,39,40,41,42,43,44,45,46,47,48,49,50,51,52,53,54,55,56,57,58,59,60,61,62,63,64,65,66,67,68,69,70,71,72,73,74,75,76,77,78,79,80,81,82,83,84,85,86,87,88,89,90,91,92,93,94,95,96
Time [s],0,1799.797,3599.741,5399.659,7199.573,8999.513,10799.44,12599.356,14399.272,16199.193,17999.112,19799.048,21598.963,23398.904,25198.829,26998.75,28798.659,30598.586,32398.522,34198.445,35998.366,37798.269,39598.205,41398.126,43198.043,44997.982,46797.898,48597.803,50397.735,52197.643,53997.591,55797.492,57597.42,59397.352,61197.265,62997.193,64797.11,66597.04,68396.981,70196.888,71996.807,73796.739,75596.665,77396.594,79196.521,80996.461,82796.378,84596.302,86396.226,88196.142,89996.07,91796.012,93595.919,95395.853,97195.785,98995.689,100795.633,102595.552,104395.481,106195.482,107995.331,109795.267,111595.183,113395.107,115195.043,116994.958,118794.88,120594.819,122394.73,124194.661,125994.586,127794.51,129594.425,131394.355,133194.302,134994.214,136794.146,138594.064,140393.993,142193.907,143993.836,145793.766,147593.683,149393.62,151193.535,152993.466,154793.383,156593.307,158393.229,160193.151,161993.083,163792.996,165592.93,167392.852,169192.773,170992.712
Temp. [°C],22.2,30,30,30,30,30.1,30,30,30,30,30,29.9,30,30,29.8,30,30,29.9,29.9,30,30,30.1,30,30,30,30,30,30,30,30,30,30,30,30,30,30,30,30,30,30,30.1,30,30,30,30,30,30,30,30,30,30,30,30,30,30,30,30,29.9,30,30,30,30,30,30.1,30,30.1,30,30.1,30,30,30,30,30,30,30,30,30,30,30,30,30,30,30,30,30,30,30,29.9,30,30,30,30,30,30,30,30
Mean,0.09502,0.09494,0.09476,0.09488,0.09488,0.09498,0.09504,0.09502,0.09502,0.09504,0.09508,0.095,0.09506,0.09508,0.09506,0.09504,0.09504,0.09506,0.09506,0.09518,0.0951,0.09518,0.09514,0.09508,0.0951,0.0951,0.09524,0.09524,0.09522,0.09522,0.09524,0.0951,0.0953,0.09518,0.09528,0.09524,0.09526,0.09532,0.09538,0.09544,0.09552,0.09558,0.09556,0.09562,0.09576,0.09588,0.09588,0.0961,0.09616,0.09652,0.09642,0.09652,0.09658,0.0967,0.09698,0.09734,0.09708,0.09722,0.09756,0.09762,0.0977,0.09754,0.09798,0.098,0.09808,0.09822,0.0984,0.09868,0.09862,0.09884,0.09876,0.0991,0.09912,0.09966,0.09984,0.10006,0.09978,0.10008,0.10028,0.10056,0.10048,0.1007,0.1009,0.10088,0.10144,0.10168,0.10196,0.10196,0.10398,0.10244,0.1024,0.10248,0.10276,0.10316,0.10304,0.1035
StDev,0.001948589,0.00195397,0.00214779,0.00229826,0.002467185,0.002589788,0.002640644,0.00274536,0.002792311,0.002827189,0.002971868,0.002944486,0.002890156,0.003029356,0.003025393,0.003037762,0.003053359,0.003076199,0.003169858,0.003199531,0.0031233,0.003229087,0.00323311,0.003229087,0.003216364,0.00325346,0.003228467,0.003306509,0.003282073,0.003225988,0.003359018,0.003291656,0.003332417,0.003319187,0.003262974,0.003287552,0.003317831,0.003250692,0.003278262,0.003308021,0.003206556,0.003089822,0.003070505,0.003100323,0.002918561,0.002824358,0.002864786,0.002754088,0.002770018,0.00274536,0.002684586,0.002829664,0.002838486,0.003015792,0.003089822,0.003395291,0.003100323,0.003409839,0.003915737,0.003976431,0.004083503,0.003848116,0.004655857,0.004722817,0.00493072,0.005193939,0.005346027,0.005853802,0.005810938,0.006149228,0.00625044,0.006880044,0.007230284,0.008122992,0.008274841,0.008785101,0.008525374,0.009056048,0.009375873,0.010069161,0.010140118,0.010047885,0.010936864,0.010760204,0.011709313,0.012378691,0.012782332,0.01284243,0.017038985,0.014062112,0.014074623,0.014199718,0.014974745,0.015744936,0.015599615,0.016222978
1;2,0.0981,0.0979,0.0979,0.0981,0.0983,0.0985,0.0986,0.0986,0.0986,0.0986,0.0988,0.0987,0.0985,0.0987,0.0987,0.0987,0.0987,0.0987,0.0988,0.099,0.0987,0.0989,0.0989,0.0988,0.0988,0.0988,0.0989,0.099,0.099,0.0989,0.099,0.0988,0.0991,0.0989,0.0989,0.0988,0.099,0.099,0.0991,0.0992,0.0991,0.0991,0.0991,0.0991,0.0991,0.099,0.099,0.0991,0.0991,0.0991,0.0991,0.0991,0.0989,0.099,0.0991,0.0993,0.099,0.0991,0.099,0.099,0.0991,0.099,0.099,0.099,0.0989,0.0989,0.099,0.0991,0.099,0.099,0.0989,0.0989,0.0988,0.099,0.099,0.099,0.0989,0.0989,0.099,0.0989,0.0988,0.099,0.0989,0.0988,0.099,0.0989,0.0991,0.0991,0.0991,0.099,0.0988,0.0989,0.0988,0.0989,0.0989,0.099
2;1,0.0935,0.0936,0.0934,0.0935,0.0935,0.0935,0.0936,0.0935,0.0935,0.0936,0.0936,0.0935,0.0936,0.0936,0.0935,0.0935,0.0935,0.0935,0.0934,0.0935,0.0935,0.0935,0.0936,0.0934,0.0935,0.0934,0.0936,0.0935,0.0935,0.0935,0.0935,0.0933,0.0935,0.0934,0.0936,0.0935,0.0934,0.0935,0.0935,0.0934,0.0935,0.0935,0.0935,0.0935,0.0935,0.0935,0.0935,0.0935,0.0934,0.0936,0.0936,0.0934,0.0935,0.0933,0.0936,0.0937,0.0936,0.0935,0.0935,0.0936,0.0936,0.0936,0.0936,0.0936,0.0935,0.0936,0.0936,0.0936,0.0935,0.0937,0.0935,0.0936,0.0934,0.0934,0.0937,0.0936,0.0934,0.0934,0.0936,0.0935,0.0933,0.0937,0.0934,0.0935,0.0936,0.0937,0.0937,0.0937,0.0942,0.0936,0.0936,0.0935,0.0935,0.0936,0.0935,0.0937
2;2,0.0958,0.096,0.0961,0.0965,0.0966,0.0969,0.097,0.0972,0.0973,0.0974,0.0976,0.0975,0.0977,0.0978,0.0978,0.0978,0.0978,0.0979,0.098,0.0981,0.0981,0.0983,0.0982,0.0982,0.0982,0.0983,0.0984,0.0985,0.0984,0.0984,0.0986,0.0984,0.0986,0.0985,0.0986,0.0987,0.0986,0.0986,0.0987,0.0988,0.0989,0.0988,0.0987,0.0989,0.0988,0.0989,0.099,0.0989,0.099,0.0989,0.0989,0.099,0.099,0.099,0.0991,0.0991,0.0992,0.0992,0.0992,0.0991,0.0991,0.0991,0.0991,0.099,0.0991,0.0991,0.0992,0.0992,0.0991,0.0992,0.0991,0.0991,0.0989,0.0991,0.0992,0.0991,0.099,0.0991,0.0991,0.099,0.0991,0.0992,0.0991,0.0991,0.0992,0.099,0.0991,0.0991,0.099,0.0991,0.0991,0.0991,0.099,0.099,0.099,0.0992
2;3,0.0937,0.0936,0.0934,0.0935,0.0936,0.0936,0.0937,0.0937,0.0937,0.0937,0.0936,0.0935,0.0937,0.0937,0.0936,0.0935,0.0936,0.0936,0.0936,0.0937,0.0936,0.0936,0.0935,0.0935,0.0935,0.0935,0.0937,0.0936,0.0936,0.0936,0.0936,0.0935,0.0936,0.0936,0.0936,0.0935,0.0936,0.0936,0.0936,0.0937,0.0936,0.0936,0.0937,0.0937,0.0935,0.0936,0.0936,0.0936,0.0937,0.0936,0.0937,0.0936,0.0935,0.0935,0.0936,0.0937,0.0938,0.0936,0.0936,0.0936,0.0936,0.0936,0.0935,0.0935,0.0935,0.0934,0.0936,0.0936,0.0937,0.0936,0.0935,0.0935,0.0934,0.0935,0.0935,0.0936,0.0934,0.0935,0.0934,0.0935,0.0933,0.0936,0.0933,0.0935,0.0936,0.0935,0.0936,0.0935,0.0935,0.0934,0.0934,0.0935,0.0934,0.0934,0.0933,0.0935
3;2,0.094,0.0936,0.093,0.0928,0.0924,0.0924,0.0923,0.0921,0.092,0.0919,0.0918,0.0918,0.0918,0.0916,0.0917,0.0917,0.0916,0.0916,0.0915,0.0916,0.0916,0.0916,0.0915,0.0915,0.0915,0.0915,0.0916,0.0916,0.0916,0.0917,0.0915,0.0915,0.0917,0.0915,0.0917,0.0917,0.0917,0.0919,0.092,0.0921,0.0925,0.0929,0.0928,0.0929,0.0939,0.0944,0.0943,0.0954,0.0956,0.0974,0.0968,0.0975,0.098,0.0987,0.0995,0.1009,0.0998,0.1007,0.1025,0.1028,0.1031,0.1024,0.1047,0.1049,0.1054,0.1061,0.1066,0.1079,0.1078,0.1087,0.1088,0.1104,0.1111,0.1133,0.1138,0.115,0.1142,0.1155,0.1163,0.1179,0.1179,0.118,0.1198,0.1195,0.1218,0.1233,0.1243,0.1244,0.1341,0.1271,0.1271,0.1274,0.1291,0.1309,0.1305,0.1321
,,,,,,,,,,,,,,,,,,,,,,,,,,,,,,,,,,,,,,,,,,,,,,,,,,,,,,,,,,,,,,,,,,,,,,,,,,,,,,,,,,,,,,,,,,,,,,,,
End Time,,,,2025-09-25 12:00:01,,,,,,,,,,,,,,,,,,,,,,,,,,,,,,,,,,,,,,,,,,,,,,,,,,,,,,,,,,,,,,,,,,,,,,,,,,,,,,,,,,,,,,,,,,,,
,,,,,,,,,,,,,,,,,,,,,,,,,,,,,,,,,,,,,,,,,,,,,,,,,,,,,,,,,,,,,,,,,,,,,,,,,,,,,,,,,,,,,,,,,,,,,,,,
,,,,,,,,,,,,,,,,,,,,,,,,,,,,,,,,,,,,,,,,,,,,,,,,,,,,,,,,,,,,,,,,,,,,,,,,,,,,,,,,,,,,,,,,,,,,,,,,
