Method name: 48hr_growth_30C_withShaking,,,,,,,,,,,,,,,,,,,,,,,,,,,,,,,,,,,,,,,,,,,,,,,,,,,,,,,,,,,,,,,,,,,,,,,,,,,,,,,,,,,,,,,,,,,,,,,,
Application: SparkControl,,,,V2.3,,,,,,,,,,,,,,,,,,,,,,,,,,,,,,,,,,,,,,,,,,,,,,,,,,,,,,,,,,,,,,,,,,,,,,,,,,,,,,,,,,,,,,,,,,,,
Device: Spark,,,,Serial number: 1807000105,,,,,,,,,,,,,,,,,,,,,,,,,,,,,,,,,,,,,,,,,,,,,,,,,,,,,,,,,,,,,,,,,,,,,,,,,,,,,,,,,,,,,,,,,,,,
Firmware:,,,,LUM:V5.2.3|ABS:V4.3.2|ABS_MEX:V5.0.7|MTP:V13.1.5|FLUOR:V5.1.3|FLUOR_BOTTOM:V5.0.2,,,,,,,,,,,,,,,,,,,,,,,,,,,,,,,,,,,,,,,,,,,,,,,,,,,,,,,,,,,,,,,,,,,,,,,,,,,,,,,,,,,,,,,,,,,,
,,,,,,,,,,,,,,,,,,,,,,,,,,,,,,,,,,,,,,,,,,,,,,,,,,,,,,,,,,,,,,,,,,,,,,,,,,,,,,,,,,,,,,,,,,,,,,,,
Date:,,,,2025-08-14,,,,,,,,,,,,,,,,,,,,,,,,,,,,,,,,,,,,,,,,,,,,,,,,,,,,,,,,,,,,,,,,,,,,,,,,,,,,,,,,,,,,,,,,,,,,
Time:,,,,1:53 PM,,,,,,,,,,,,,,,,,,,,,,,,,,,,,,,,,,,,,,,,,,,,,,,,,,,,,,,,,,,,,,,,,,,,,,,,,,,,,,,,,,,,,,,,,,,,
System,,,,CORD2104-PC2,,,,,,,,,,,,,,,,,,,,,,,,,,,,,,,,,,,,,,,,,,,,,,,,,,,,,,,,,,,,,,,,,,,,,,,,,,,,,,,,,,,,,,,,,,,,
User,,,,CORD2104-PC2\burketo,,,,,,,,,,,,,,,,,,,,,,,,,,,,,,,,,,,,,,,,,,,,,,,,,,,,,,,,,,,,,,,,,,,,,,,,,,,,,,,,,,,,,,,,,,,,
Plate,,,,[BD96ft_FluoroBlok] - BD Falcon 96 Flat Transparent Cat. No.: 351161/351162/351163/351164,,,,,,,,,,,,,,,,,,,,,,,,,,,,,,,,,,,,,,,,,,,,,,,,,,,,,,,,,,,,,,,,,,,,,,,,,,,,,,,,,,,,,,,,,,,,
Lid lifter,,,,Lid,,,,,,,,,,,,,,,,,,,,,,,,,,,,,,,,,,,,,,,,,,,,,,,,,,,,,,,,,,,,,,,,,,,,,,,,,,,,,,,,,,,,,,,,,,,,
Humidity Cassette,,,,No humidity cassette,,,,,,,,,,,,,,,,,,,,,,,,,,,,,,,,,,,,,,,,,,,,,,,,,,,,,,,,,,,,,,,,,,,,,,,,,,,,,,,,,,,,,,,,,,,,
Smooth mode,,,,Selected,,,,,,,,,,,,,,,,,,,,,,,,,,,,,,,,,,,,,,,,,,,,,,,,,,,,,,,,,,,,,,,,,,,,,,,,,,,,,,,,,,,,,,,,,,,,
,,,,,,,,,,,,,,,,,,,,,,,,,,,,,,,,,,,,,,,,,,,,,,,,,,,,,,,,,,,,,,,,,,,,,,,,,,,,,,,,,,,,,,,,,,,,,,,,
List of actions in this measurement script:,,,,,,,,,,,,,,,,,,,,,,,,,,,,,,,,,,,,,,,,,,,,,,,,,,,,,,,,,,,,,,,,,,,,,,,,,,,,,,,,,,,,,,,,,,,,,,,,
Plate,,,,,,,,,,,,,,,,,,,,,,,,,,,,,,,,,,,,,,,,,,,,,,,,,,,,,,,,,,,,,,,,,,,,,,,,,,,,,,,,,,,,,,,,,,,,,,,,
,Shaking,,,,,,,,,,,,,,,,,,,,,,,,,,,,,,,,,,,,,,,,,,,,,,,,,,,,,,,,,,,,,,,,,,,,,,,,,,,,,,,,,,,,,,,,,,,,,,,
,Absorbance,,,,,Initial,,,,,,,,,,,,,,,,,,,,,,,,,,,,,,,,,,,,,,,,,,,,,,,,,,,,,,,,,,,,,,,,,,,,,,,,,,,,,,,,,,,,,,,,,,
,Kinetic,,,,,,,,,,,,,,,,,,,,,,,,,,,,,,,,,,,,,,,,,,,,,,,,,,,,,,,,,,,,,,,,,,,,,,,,,,,,,,,,,,,,,,,,,,,,,,,
,,Condition,,,,,,,,,,,,,,,,,,,,,,,,,,,,,,,,,,,,,,,,,,,,,,,,,,,,,,,,,,,,,,,,,,,,,,,,,,,,,,,,,,,,,,,,,,,,,,
,,,Temperature,,,,,,,,,,,,,,,,,,,,,,,,,,,,,,,,,,,,,,,,,,,,,,,,,,,,,,,,,,,,,,,,,,,,,,,,,,,,,,,,,,,,,,,,,,,,,
,,,Shaking,,,,,,,,,,,,,,,,,,,,,,,,,,,,,,,,,,,,,,,,,,,,,,,,,,,,,,,,,,,,,,,,,,,,,,,,,,,,,,,,,,,,,,,,,,,,,
,,,Absorbance,,,Growth,,,,,,,,,,,,,,,,,,,,,,,,,,,,,,,,,,,,,,,,,,,,,,,,,,,,,,,,,,,,,,,,,,,,,,,,,,,,,,,,,,,,,,,,,,
,,,,,,,,,,,,,,,,,,,,,,,,,,,,,,,,,,,,,,,,,,,,,,,,,,,,,,,,,,,,,,,,,,,,,,,,,,,,,,,,,,,,,,,,,,,,,,,,
Name,,,,BD96ft_FluoroBlok,,,,,,,,,,,,,,,,,,,,,,,,,,,,,,,,,,,,,,,,,,,,,,,,,,,,,,,,,,,,,,,,,,,,,,,,,,,,,,,,,,,,,,,,,,,,
Plate layout,,,,,,,,,,,,,,,,,,,,,,,,,,,,,,,,,,,,,,,,,,,,,,,,,,,,,,,,,,,,,,,,,,,,,,,,,,,,,,,,,,,,,,,,,,,,,,,,
Plate area,,,,A1-H12,,,,,,,,,,,,,,,,,,,,,,,,,,,,,,,,,,,,,,,,,,,,,,,,,,,,,,,,,,,,,,,,,,,,,,,,,,,,,,,,,,,,,,,,,,,,
,,,,,,,,,,,,,,,,,,,,,,,,,,,,,,,,,,,,,,,,,,,,,,,,,,,,,,,,,,,,,,,,,,,,,,,,,,,,,,,,,,,,,,,,,,,,,,,,
Start Time,,,,2025-08-12 14:18:33,,,,,,,,,,,,,,,,,,,,,,,,,,,,,,,,,,,,,,,,,,,,,,,,,,,,,,,,,,,,,,,,,,,,,,,,,,,,,,,,,,,,,,,,,,,,
Shaking (Orbital) Duration,,,,5,s,,,,,,,,,,,,,,,,,,,,,,,,,,,,,,,,,,,,,,,,,,,,,,,,,,,,,,,,,,,,,,,,,,,,,,,,,,,,,,,,,,,,,,,,,,,
Shaking (Orbital) Position,,,,Current,,,,,,,,,,,,,,,,,,,,,,,,,,,,,,,,,,,,,,,,,,,,,,,,,,,,,,,,,,,,,,,,,,,,,,,,,,,,,,,,,,,,,,,,,,,,
Shaking (Orbital) Amplitude,,,,1,mm,,,,,,,,,,,,,,,,,,,,,,,,,,,,,,,,,,,,,,,,,,,,,,,,,,,,,,,,,,,,,,,,,,,,,,,,,,,,,,,,,,,,,,,,,,,
Shaking (Orbital) Frequency,,,,510,rpm,,,,,,,,,,,,,,,,,,,,,,,,,,,,,,,,,,,,,,,,,,,,,,,,,,,,,,,,,,,,,,,,,,,,,,,,,,,,,,,,,,,,,,,,,,,
End Time,,,,2025-08-12 14:18:38,,,,,,,,,,,,,,,,,,,,,,,,,,,,,,,,,,,,,,,,,,,,,,,,,,,,,,,,,,,,,,,,,,,,,,,,,,,,,,,,,,,,,,,,,,,,
,,,,,,,,,,,,,,,,,,,,,,,,,,,,,,,,,,,,,,,,,,,,,,,,,,,,,,,,,,,,,,,,,,,,,,,,,,,,,,,,,,,,,,,,,,,,,,,,
Mode,Absorbance,,,,,,,,,,,,,,,,,,,,,,,,,,,,,,,,,,,,,,,,,,,,,,,,,,,,,,,,,,,,,,,,,,,,,,,,,,,,,,,,,,,,,,,,,,,,,,,
Measurement wavelength,,,,600,nm,,,,,,,,,,,,,,,,,,,,,,,,,,,,,,,,,,,,,,,,,,,,,,,,,,,,,,,,,,,,,,,,,,,,,,,,,,,,,,,,,,,,,,,,,,,
Number of flashes,,,,10,,,,,,,,,,,,,,,,,,,,,,,,,,,,,,,,,,,,,,,,,,,,,,,,,,,,,,,,,,,,,,,,,,,,,,,,,,,,,,,,,,,,,,,,,,,,
Settle time,,,,50,ms,,,,,,,,,,,,,,,,,,,,,,,,,,,,,,,,,,,,,,,,,,,,,,,,,,,,,,,,,,,,,,,,,,,,,,,,,,,,,,,,,,,,,,,,,,,
Multiple Reads per Well (Circle (filled)),,,,3 x 3,,,,,,,,,,,,,,,,,,,,,,,,,,,,,,,,,,,,,,,,,,,,,,,,,,,,,,,,,,,,,,,,,,,,,,,,,,,,,,,,,,,,,,,,,,,,
Multiple Reads per Well (Border),,,,500,µm,,,,,,,,,,,,,,,,,,,,,,,,,,,,,,,,,,,,,,,,,,,,,,,,,,,,,,,,,,,,,,,,,,,,,,,,,,,,,,,,,,,,,,,,,,,
Part of Plate,,,,A1-H12,,,,,,,,,,,,,,,,,,,,,,,,,,,,,,,,,,,,,,,,,,,,,,,,,,,,,,,,,,,,,,,,,,,,,,,,,,,,,,,,,,,,,,,,,,,,
,,,,,,,,,,,,,,,,,,,,,,,,,,,,,,,,,,,,,,,,,,,,,,,,,,,,,,,,,,,,,,,,,,,,,,,,,,,,,,,,,,,,,,,,,,,,,,,,
Start Time,,,,2025-08-12 14:18:42,,,,,,,,,,,,,,,,,,,,,,,,,,,,,,,,,,,,,,,,,,,,,,,,,,,,,,,,,,,,,,,,,,,,,,,,,,,,,,,,,,,,,,,,,,,,
Temperature,,,,19.9,°C,,,,,,,,,,,,,,,,,,,,,,,,,,,,,,,,,,,,,,,,,,,,,,,,,,,,,,,,,,,,,,,,,,,,,,,,,,,,,,,,,,,,,,,,,,,
,,,,,,,,,,,,,,,,,,,,,,,,,,,,,,,,,,,,,,,,,,,,,,,,,,,,,,,,,,,,,,,,,,,,,,,,,,,,,,,,,,,,,,,,,,,,,,,,
,1;2,,,,,,,,,,,,,,,,,,,,,,,,,,,,,,,,,,,,,,,,,,,,,,,,,,,,,,,,,,,,,,,,,,,,,,,,,,,,,,,,,,,,,,,,,,,,,,,
2;1,2;2,2;3,,,,,,,,,,,,,,,,,,,,,,,,,,,,,,,,,,,,,,,,,,,,,,,,,,,,,,,,,,,,,,,,,,,,,,,,,,,,,,,,,,,,,,,,,,,,,,
,3;2,,,,,,,,,,,,,,,,,,,,,,,,,,,,,,,,,,,,,,,,,,,,,,,,,,,,,,,,,,,,,,,,,,,,,,,,,,,,,,,,,,,,,,,,,,,,,,,
Well,A1,A2,A3,A4,A5,A6,A7,A8,A9,A10,A11,A12,B1,B2,B3,B4,B5,B6,B7,B8,B9,B10,B11,B12,C1,C2,C3,C4,C5,C6,C7,C8,C9,C10,C11,C12,D1,D2,D3,D4,D5,D6,D7,D8,D9,D10,D11,D12,E1,E2,E3,E4,E5,E6,E7,E8,E9,E10,E11,E12,F1,F2,F3,F4,F5,F6,F7,F8,F9,F10,F11,F12,G1,G2,G3,G4,G5,G6,G7,G8,G9,G10,G11,G12,H1,H2,H3,H4,H5,H6,H7,H8,H9,H10,H11,H12
Mean,0.09578,0.09646,0.09582,0.09488,0.09552,0.09554,0.09626,0.09764,0.0953,0.0962,0.09736,0.09704,0.09568,0.11536,0.11296,0.11616,0.12052,0.1172,0.1135,0.11432,0.11118,0.11396,0.0957,0.09574,0.0966,0.11428,0.1121,0.11362,0.11636,0.11176,0.11476,0.11644,0.1155,0.11946,0.09612,0.09574,0.09558,0.11422,0.11414,0.123,0.11686,0.11582,0.11548,0.11036,0.11276,0.11272,0.09676,0.09612,0.09554,0.11564,0.11094,0.11664,0.11414,0.11628,0.11566,0.0975,0.09826,0.09856,0.09816,0.09656,0.09574,0.11512,0.11334,0.12198,0.11722,0.11832,0.12102,0.09874,0.0981,0.0987,0.09936,0.09876,0.09602,0.11338,0.11412,0.11636,0.11562,0.11526,0.12038,0.09892,0.09932,0.10092,0.1007,0.0968,0.0951,0.0959,0.09676,0.0968,0.09538,0.09492,0.09542,0.09546,0.0952,0.09576,0.0967,0.09572
StDev,0.002273104,0.002277718,0.003032656,0.002936324,0.003142769,0.002851842,0.002296301,0.002378655,0.00226495,0.003464823,0.003189514,0.003089984,0.002235397,0.002109028,0.001979394,0.004397499,0.01918416,0.004352011,0.00469521,0.004648871,0.003185436,0.003746732,0.002839894,0.003260061,0.002893095,0.006691188,0.002274863,0.006005581,0.006604771,0.003039408,0.003525337,0.003808937,0.003285575,0.006632722,0.003335716,0.003250846,0.00283496,0.002326371,0.0022832,0.014420645,0.003282225,0.003013636,0.00292438,0.002075572,0.002599615,0.001953714,0.002471437,0.002945675,0.002805887,0.002028053,0.001165333,0.003835753,0.002561835,0.003399559,0.002950085,0.002272664,0.001213672,0.001320227,0.00127397,0.001353883,0.001875633,0.001725399,0.001393915,0.011762525,0.002654619,0.004062881,0.00438315,0.001448447,0.00223495,0.001345362,0.003050902,0.003951329,0.002695737,0.001927952,0.001370036,0.007318333,0.002362626,0.001627268,0.007077217,0.002889983,0.00112116,0.003930903,0.002129554,0.003517101,0.002094039,0.001647726,0.001919114,0.003339162,0.003029356,0.001996747,0.002424252,0.001860914,0.001570032,0.003143724,0.002469818,0.001207063
1;2,0.0984,0.099,0.0996,0.0988,0.0989,0.0983,0.0986,0.0997,0.0986,0.0987,0.1004,0.1002,0.0989,0.1151,0.1124,0.1135,0.1113,0.1153,0.1111,0.1105,0.1097,0.1115,0.0989,0.0989,0.099,0.1121,0.1112,0.1101,0.1121,0.1104,0.113,0.1133,0.1142,0.1151,0.0994,0.099,0.099,0.114,0.1132,0.1152,0.1148,0.1144,0.1141,0.1109,0.1107,0.1112,0.1002,0.0994,0.099,0.1157,0.1116,0.1145,0.1129,0.1144,0.1138,0.1011,0.0994,0.1004,0.0999,0.0986,0.0982,0.116,0.1142,0.1153,0.1177,0.115,0.1175,0.1008,0.1017,0.1006,0.1021,0.1045,0.0989,0.1129,0.114,0.1121,0.115,0.115,0.1159,0.1031,0.1012,0.1046,0.1036,0.1009,0.0966,0.0977,0.0995,0.0991,0.099,0.0978,0.0986,0.098,0.0973,0.1,0.0995,0.0975
2;1,0.0941,0.0944,0.0942,0.0929,0.0926,0.0944,0.0941,0.0959,0.0941,0.0956,0.0953,0.0965,0.0948,0.1153,0.1141,0.1183,0.116,0.1215,0.1164,0.1199,0.1145,0.1173,0.0939,0.0935,0.0927,0.1111,0.1139,0.1135,0.1184,0.1135,0.1172,0.1199,0.1189,0.1243,0.0942,0.094,0.0949,0.1137,0.115,0.1222,0.1187,0.1182,0.1165,0.112,0.1154,0.1138,0.096,0.0944,0.0943,0.116,0.1106,0.118,0.1172,0.1163,0.1162,0.0962,0.0995,0.0976,0.0982,0.0958,0.0964,0.1142,0.1118,0.1207,0.1193,0.1199,0.1229,0.099,0.0958,0.0995,0.0971,0.095,0.0981,0.1133,0.1138,0.1151,0.1174,0.1162,0.1204,0.0964,0.0986,0.0992,0.1012,0.0941,0.0977,0.0967,0.0959,0.1004,0.0945,0.0944,0.0955,0.096,0.0958,0.0942,0.0969,0.0952
2;2,0.0979,0.0988,0.0985,0.0971,0.0988,0.0987,0.0989,0.1001,0.0966,0.1006,0.1012,0.1001,0.097,0.1137,0.1133,0.1147,0.1123,0.1157,0.1122,0.1135,0.1114,0.1126,0.0986,0.0995,0.0999,0.1124,0.1121,0.1122,0.114,0.1115,0.1146,0.1165,0.1159,0.1169,0.1,0.0994,0.0979,0.1138,0.1141,0.1162,0.1166,0.1163,0.1155,0.1123,0.1127,0.1139,0.0984,0.0991,0.098,0.1154,0.111,0.116,0.1139,0.1166,0.1163,0.0981,0.0983,0.0989,0.0988,0.0973,0.0964,0.1143,0.1135,0.1176,0.1174,0.1179,0.1205,0.0989,0.0985,0.0984,0.103,0.1008,0.0967,0.113,0.114,0.1145,0.1157,0.1157,0.1185,0.1007,0.0995,0.1054,0.1015,0.1003,0.0951,0.0968,0.098,0.0977,0.0979,0.0959,0.0967,0.0959,0.0954,0.098,0.0983,0.0957
2;3,0.0952,0.0945,0.0941,0.0937,0.0946,0.0942,0.0949,0.0946,0.0942,0.0941,0.0956,0.0953,0.0943,0.1138,0.1099,0.1116,0.1085,0.1117,0.1079,0.1094,0.1066,0.1099,0.0943,0.0945,0.0957,0.1097,0.1088,0.1085,0.1104,0.1077,0.11,0.112,0.1106,0.1126,0.0943,0.0941,0.094,0.1116,0.1111,0.1133,0.1129,0.1114,0.1117,0.1073,0.1097,0.1101,0.0946,0.0948,0.0939,0.1127,0.1092,0.1123,0.1107,0.1125,0.1121,0.0969,0.0968,0.097,0.0967,0.0955,0.0939,0.1134,0.1121,0.1138,0.1127,0.1144,0.1167,0.0982,0.097,0.0976,0.0985,0.098,0.0934,0.1112,0.1125,0.111,0.112,0.1126,0.1147,0.0977,0.0985,0.0992,0.0985,0.0951,0.0933,0.0943,0.0954,0.0945,0.0939,0.0939,0.094,0.0943,0.0944,0.0943,0.0957,0.0942
3;2,0.0933,0.0956,0.0927,0.0919,0.0927,0.0921,0.0948,0.0979,0.093,0.092,0.0943,0.0931,0.0934,0.1189,0.1151,0.1227,0.1545,0.1218,0.1199,0.1183,0.1137,0.1185,0.0928,0.0923,0.0957,0.1261,0.1145,0.1238,0.1269,0.1157,0.119,0.1205,0.1179,0.1284,0.0927,0.0922,0.0921,0.118,0.1173,0.1481,0.1213,0.1188,0.1196,0.1093,0.1153,0.1146,0.0946,0.0929,0.0925,0.1184,0.1123,0.1224,0.116,0.1216,0.1199,0.0952,0.0973,0.0989,0.0972,0.0956,0.0938,0.1177,0.1151,0.1425,0.119,0.1244,0.1275,0.0968,0.0975,0.0974,0.0961,0.0955,0.093,0.1165,0.1163,0.1291,0.118,0.1168,0.1324,0.0967,0.0988,0.0962,0.0987,0.0936,0.0928,0.094,0.095,0.0923,0.0916,0.0926,0.0923,0.0931,0.0931,0.0923,0.0931,0.096
,,,,,,,,,,,,,,,,,,,,,,,,,,,,,,,,,,,,,,,,,,,,,,,,,,,,,,,,,,,,,,,,,,,,,,,,,,,,,,,,,,,,,,,,,,,,,,,,
End Time,,,,2025-08-12 14:20:43,,,,,,,,,,,,,,,,,,,,,,,,,,,,,,,,,,,,,,,,,,,,,,,,,,,,,,,,,,,,,,,,,,,,,,,,,,,,,,,,,,,,,,,,,,,,
,,,,,,,,,,,,,,,,,,,,,,,,,,,,,,,,,,,,,,,,,,,,,,,,,,,,,,,,,,,,,,,,,,,,,,,,,,,,,,,,,,,,,,,,,,,,,,,,
Mode,Kinetic,,,,,,,,,,,,,,,,,,,,,,,,,,,,,,,,,,,,,,,,,,,,,,,,,,,,,,,,,,,,,,,,,,,,,,,,,,,,,,,,,,,,,,,,,,,,,,,
Kinetic cycles,,,,96,,,,,,,,,,,,,,,,,,,,,,,,,,,,,,,,,,,,,,,,,,,,,,,,,,,,,,,,,,,,,,,,,,,,,,,,,,,,,,,,,,,,,,,,,,,,
Interval time,,,,00:30:00,hh:mm:ss,,,,,,,,,,,,,,,,,,,,,,,,,,,,,,,,,,,,,,,,,,,,,,,,,,,,,,,,,,,,,,,,,,,,,,,,,,,,,,,,,,,,,,,,,,,
,,,,,,,,,,,,,,,,,,,,,,,,,,,,,,,,,,,,,,,,,,,,,,,,,,,,,,,,,,,,,,,,,,,,,,,,,,,,,,,,,,,,,,,,,,,,,,,,
Mode,Condition,,,,,,,,,,,,,,,,,,,,,,,,,,,,,,,,,,,,,,,,,,,,,,,,,,,,,,,,,,,,,,,,,,,,,,,,,,,,,,,,,,,,,,,,,,,,,,,
Type,,,,Start at cycle,,,,,,,,,,,,,,,,,,,,,,,,,,,,,,,,,,,,,,,,,,,,,,,,,,,,,,,,,,,,,,,,,,,,,,,,,,,,,,,,,,,,,,,,,,,,
Executed continuously,,,,,,,,,,,,,,,,,,,,,,,,,,,,,,,,,,,,,,,,,,,,,,,,,,,,,,,,,,,,,,,,,,,,,,,,,,,,,,,,,,,,,,,,,,,,,,,,
Operation,,,,at cycle 1,,,,,,,,,,,,,,,,,,,,,,,,,,,,,,,,,,,,,,,,,,,,,,,,,,,,,,,,,,,,,,,,,,,,,,,,,,,,,,,,,,,,,,,,,,,,
,,,,,,,,,,,,,,,,,,,,,,,,,,,,,,,,,,,,,,,,,,,,,,,,,,,,,,,,,,,,,,,,,,,,,,,,,,,,,,,,,,,,,,,,,,,,,,,,
Temperature control,,,,On,,,,,,,,,,,,,,,,,,,,,,,,,,,,,,,,,,,,,,,,,,,,,,,,,,,,,,,,,,,,,,,,,,,,,,,,,,,,,,,,,,,,,,,,,,,,
Target temperature,,,,30,°C,,,,,,,,,,,,,,,,,,,,,,,,,,,,,,,,,,,,,,,,,,,,,,,,,,,,,,,,,,,,,,,,,,,,,,,,,,,,,,,,,,,,,,,,,,,
,,,,,,,,,,,,,,,,,,,,,,,,,,,,,,,,,,,,,,,,,,,,,,,,,,,,,,,,,,,,,,,,,,,,,,,,,,,,,,,,,,,,,,,,,,,,,,,,
Shaking (Orbital) Duration,,,,5,s,,,,,,,,,,,,,,,,,,,,,,,,,,,,,,,,,,,,,,,,,,,,,,,,,,,,,,,,,,,,,,,,,,,,,,,,,,,,,,,,,,,,,,,,,,,
Shaking (Orbital) Position,,,,Current,,,,,,,,,,,,,,,,,,,,,,,,,,,,,,,,,,,,,,,,,,,,,,,,,,,,,,,,,,,,,,,,,,,,,,,,,,,,,,,,,,,,,,,,,,,,
Shaking (Orbital) Amplitude,,,,1,mm,,,,,,,,,,,,,,,,,,,,,,,,,,,,,,,,,,,,,,,,,,,,,,,,,,,,,,,,,,,,,,,,,,,,,,,,,,,,,,,,,,,,,,,,,,,
Shaking (Orbital) Frequency,,,,510,rpm,,,,,,,,,,,,,,,,,,,,,,,,,,,,,,,,,,,,,,,,,,,,,,,,,,,,,,,,,,,,,,,,,,,,,,,,,,,,,,,,,,,,,,,,,,,
,,,,,,,,,,,,,,,,,,,,,,,,,,,,,,,,,,,,,,,,,,,,,,,,,,,,,,,,,,,,,,,,,,,,,,,,,,,,,,,,,,,,,,,,,,,,,,,,
Mode,Absorbance,,,,,,,,,,,,,,,,,,,,,,,,,,,,,,,,,,,,,,,,,,,,,,,,,,,,,,,,,,,,,,,,,,,,,,,,,,,,,,,,,,,,,,,,,,,,,,,
Measurement wavelength,,,,600,nm,,,,,,,,,,,,,,,,,,,,,,,,,,,,,,,,,,,,,,,,,,,,,,,,,,,,,,,,,,,,,,,,,,,,,,,,,,,,,,,,,,,,,,,,,,,
Number of flashes,,,,10,,,,,,,,,,,,,,,,,,,,,,,,,,,,,,,,,,,,,,,,,,,,,,,,,,,,,,,,,,,,,,,,,,,,,,,,,,,,,,,,,,,,,,,,,,,,
Settle time,,,,50,ms,,,,,,,,,,,,,,,,,,,,,,,,,,,,,,,,,,,,,,,,,,,,,,,,,,,,,,,,,,,,,,,,,,,,,,,,,,,,,,,,,,,,,,,,,,,
Multiple Reads per Well (Circle (filled)),,,,3 x 3,,,,,,,,,,,,,,,,,,,,,,,,,,,,,,,,,,,,,,,,,,,,,,,,,,,,,,,,,,,,,,,,,,,,,,,,,,,,,,,,,,,,,,,,,,,,
Multiple Reads per Well (Border),,,,500,µm,,,,,,,,,,,,,,,,,,,,,,,,,,,,,,,,,,,,,,,,,,,,,,,,,,,,,,,,,,,,,,,,,,,,,,,,,,,,,,,,,,,,,,,,,,,
Part of Plate,,,,A1-H12,,,,,,,,,,,,,,,,,,,,,,,,,,,,,,,,,,,,,,,,,,,,,,,,,,,,,,,,,,,,,,,,,,,,,,,,,,,,,,,,,,,,,,,,,,,,
,,,,,,,,,,,,,,,,,,,,,,,,,,,,,,,,,,,,,,,,,,,,,,,,,,,,,,,,,,,,,,,,,,,,,,,,,,,,,,,,,,,,,,,,,,,,,,,,
Start Time,,,,2025-08-12 14:20:48,,,,,,,,,,,,,,,,,,,,,,,,,,,,,,,,,,,,,,,,,,,,,,,,,,,,,,,,,,,,,,,,,,,,,,,,,,,,,,,,,,,,,,,,,,,,
,,,,,,,,,,,,,,,,,,,,,,,,,,,,,,,,,,,,,,,,,,,,,,,,,,,,,,,,,,,,,,,,,,,,,,,,,,,,,,,,,,,,,,,,,,,,,,,,
Growth,,,,,,,,,,,,,,,,,,,,,,,,,,,,,,,,,,,,,,,,,,,,,,,,,,,,,,,,,,,,,,,,,,,,,,,,,,,,,,,,,,,,,,,,,,,,,,,,
,1;2,,,,,,,,,,,,,,,,,,,,,,,,,,,,,,,,,,,,,,,,,,,,,,,,,,,,,,,,,,,,,,,,,,,,,,,,,,,,,,,,,,,,,,,,,,,,,,,
2;1,2;2,2;3,,,,,,,,,,,,,,,,,,,,,,,,,,,,,,,,,,,,,,,,,,,,,,,,,,,,,,,,,,,,,,,,,,,,,,,,,,,,,,,,,,,,,,,,,,,,,,
,3;2,,,,,,,,,,,,,,,,,,,,,,,,,,,,,,,,,,,,,,,,,,,,,,,,,,,,,,,,,,,,,,,,,,,,,,,,,,,,,,,,,,,,,,,,,,,,,,,
Cycles / Well,,,,,,,,,,,,,,,,,,,,,,,,,,,,,,,,,,,,,,,,,,,,,,,,,,,,,,,,,,,,,,,,,,,,,,,,,,,,,,,,,,,,,,,,,,,,,,,,
A1,1,2,3,4,5,6,7,8,9,10,11,12,13,14,15,16,17,18,19,20,21,22,23,24,25,26,27,28,29,30,31,32,33,34,35,36,37,38,39,40,41,42,43,44,45,46,47,48,49,50,51,52,53,54,55,56,57,58,59,60,61,62,63,64,65,66,67,68,69,70,71,72,73,74,75,76,77,78,79,80,81,82,83,84,85,86,87,88,89,90,91,92,93,94,95,96
Time [s],0,1799.827,3599.741,5399.669,7199.582,8999.52,10799.439,12599.362,14399.295,16199.216,17999.146,19799.079,21599.004,23398.923,25198.859,26998.777,28798.697,30598.623,32398.553,34198.485,35998.416,37798.341,39598.268,41398.198,43198.124,44998.054,46797.976,48597.918,50397.831,52197.762,53997.692,55797.629,57597.534,59397.461,61197.38,62997.315,64797.24,66597.165,68397.092,70197.031,71996.926,73796.86,75596.777,77396.712,79196.627,80996.562,82796.484,84596.403,86396.337,88196.281,89996.203,91796.133,93596.059,95395.99,97195.917,98995.844,100795.796,102595.694,104395.689,106195.553,107995.487,109795.413,111595.34,113395.273,115195.195,116995.132,118795.052,120594.981,122394.898,124194.845,125994.76,127794.681,129594.622,131394.544,133194.474,134994.397,136794.315,138594.255,140394.181,142194.115,143994.039,145793.949,147593.888,149393.809,151193.742,152993.677,154793.597,156593.512,158393.435,160193.362,161993.31,163793.212,165593.147,167393.086,169192.983,170992.91
Temp. [°C],20.1,30,29.8,30,30.1,30,29.9,30.1,30.1,30.1,30,30,30,30,30,30,30,30,30,30,30,30,30.1,30.1,30.1,30.1,30,30,30.1,30.1,30,30,30.1,30,29.9,30,30.1,30,30.1,29.9,30.1,29.8,30,29.9,30.1,30,30,29.9,30,30,30,30.1,29.9,30.2,30.1,30.1,30.1,30,30,30,30,30,30,30,30,30,30.1,30,30,30.2,30,30.1,30,30.1,30,30,30,30,30,30,29.9,30.1,30.1,30.1,30.1,30.1,29.9,30,29.8,30.1,30.1,29.8,29.9,30,30,30
Mean,0.09566,0.09544,0.09552,0.0955,0.09564,0.09566,0.0956,0.09568,0.09576,0.09578,0.0959,0.09588,0.09586,0.0958,0.09588,0.09588,0.09592,0.096,0.096,0.09608,0.0962,0.09624,0.09626,0.0963,0.09646,0.09654,0.09646,0.0968,0.09686,0.09702,0.09714,0.09728,0.09732,0.09748,0.09752,0.09778,0.09792,0.0979,0.09802,0.0982,0.09824,0.09852,0.09852,0.09866,0.09874,0.09868,0.099,0.09908,0.09928,0.0994,0.0994,0.0993,0.0997,0.0992,0.09956,0.09974,0.10004,0.10026,0.10044,0.10078,0.10062,0.10074,0.10092,0.1011,0.10122,0.101,0.10138,0.10136,0.1016,0.1017,0.1019,0.1021,0.1023,0.10256,0.10222,0.10266,0.10286,0.1028,0.10288,0.10306,0.10334,0.1037,0.104,0.10404,0.10398,0.10432,0.10434,0.10456,0.10456,0.10456,0.1051,0.10498,0.10486,0.10536,0.1056,0.1056
StDev,0.002324435,0.00236072,0.002361567,0.002392697,0.002434748,0.002494594,0.002494995,0.002552842,0.002510578,0.002539094,0.002513961,0.002548921,0.002459268,0.002525866,0.002572353,0.002524282,0.002531205,0.002496998,0.002413504,0.002426314,0.002381176,0.002396456,0.002399583,0.002374868,0.002369177,0.002352233,0.00233088,0.002359025,0.002392279,0.002536139,0.002515552,0.002637613,0.002738065,0.00302688,0.002992825,0.003312401,0.003423741,0.003602083,0.003713758,0.003943983,0.004199167,0.004471801,0.004693293,0.004674184,0.00506241,0.005037559,0.005576289,0.005557158,0.006106718,0.006438944,0.006232977,0.00594979,0.006988204,0.00595357,0.006575181,0.007201944,0.007776117,0.008202012,0.008373351,0.009330166,0.009055219,0.009341734,0.00963286,0.010003749,0.010149729,0.009906563,0.010547843,0.010564705,0.011256554,0.011320115,0.012015823,0.012077044,0.01279199,0.013237938,0.012432498,0.013418942,0.013730732,0.013813037,0.014063854,0.014225083,0.014785398,0.015760393,0.016472856,0.016217367,0.016201605,0.017113796,0.016936883,0.017536761,0.017528063,0.017355201,0.018672038,0.018177101,0.018079906,0.019296321,0.019496025,0.019491921
1;2,0.0982,0.0984,0.0984,0.0983,0.0984,0.0985,0.0984,0.0986,0.0986,0.0987,0.0987,0.0986,0.0985,0.0985,0.0986,0.0986,0.0986,0.0986,0.0985,0.0986,0.0986,0.0986,0.0986,0.0986,0.0986,0.0987,0.0985,0.0987,0.0986,0.0987,0.0986,0.0986,0.0986,0.0986,0.0985,0.0987,0.0987,0.0986,0.0987,0.0986,0.0986,0.0987,0.0986,0.0987,0.0985,0.0986,0.0985,0.0985,0.0986,0.0985,0.0985,0.0984,0.0984,0.0983,0.0984,0.0983,0.0983,0.0983,0.0984,0.0984,0.0982,0.0983,0.0984,0.0982,0.0984,0.0982,0.0983,0.0983,0.0983,0.0983,0.0981,0.0983,0.0983,0.0982,0.0981,0.0982,0.0982,0.098,0.0981,0.0981,0.0981,0.098,0.0981,0.0981,0.0981,0.0979,0.098,0.0979,0.098,0.0979,0.0979,0.098,0.0977,0.0977,0.0979,0.0978
2;1,0.0938,0.0938,0.0937,0.0936,0.0936,0.0936,0.0935,0.0935,0.0936,0.0936,0.0937,0.0937,0.0937,0.0936,0.0936,0.0936,0.0936,0.0937,0.0936,0.0937,0.0937,0.0937,0.0936,0.0936,0.0937,0.0938,0.0937,0.0938,0.0938,0.0937,0.0938,0.0939,0.0938,0.0937,0.0938,0.0938,0.0941,0.0938,0.0939,0.094,0.0938,0.094,0.0938,0.094,0.0939,0.0938,0.094,0.0941,0.0939,0.0939,0.0941,0.0942,0.0941,0.094,0.0941,0.0939,0.094,0.094,0.0941,0.094,0.0941,0.0939,0.094,0.0941,0.0942,0.094,0.0943,0.0942,0.0941,0.0941,0.0942,0.0942,0.0941,0.0943,0.0944,0.0942,0.0945,0.0944,0.0943,0.0945,0.0945,0.0945,0.0945,0.0948,0.0947,0.0947,0.095,0.0948,0.095,0.0951,0.0951,0.0953,0.0953,0.0954,0.0956,0.0956
2;2,0.0979,0.0974,0.0976,0.0977,0.098,0.0981,0.0981,0.0982,0.0983,0.0983,0.0985,0.0986,0.0985,0.0985,0.0987,0.0986,0.0987,0.0988,0.0987,0.0988,0.0989,0.099,0.099,0.099,0.0992,0.0992,0.0992,0.0993,0.0993,0.0993,0.0994,0.0993,0.0993,0.0995,0.0995,0.0996,0.0995,0.0995,0.0995,0.0995,0.0995,0.0996,0.0996,0.0998,0.0997,0.0995,0.0997,0.0997,0.0997,0.0996,0.0998,0.0998,0.0996,0.0997,0.0996,0.0997,0.0997,0.0998,0.0999,0.0998,0.0996,0.0997,0.0998,0.0998,0.0997,0.0998,0.0997,0.0997,0.0996,0.0998,0.0996,0.0998,0.0996,0.0996,0.0997,0.0998,0.0997,0.0996,0.0997,0.0997,0.0997,0.0998,0.0996,0.0997,0.0997,0.0996,0.0997,0.0997,0.0995,0.0996,0.0996,0.0996,0.0997,0.0995,0.0996,0.0996
2;3,0.0953,0.0947,0.0948,0.0949,0.095,0.0949,0.0948,0.0948,0.0948,0.0948,0.0949,0.095,0.0949,0.0949,0.0948,0.0948,0.0948,0.0948,0.0948,0.0948,0.0949,0.0949,0.0949,0.095,0.0949,0.0949,0.095,0.095,0.0949,0.0949,0.0951,0.095,0.095,0.0949,0.095,0.095,0.0949,0.0949,0.0949,0.095,0.0949,0.095,0.0949,0.095,0.0949,0.0949,0.0948,0.095,0.0949,0.0949,0.0949,0.095,0.0949,0.095,0.0951,0.0949,0.0949,0.0949,0.095,0.0948,0.0949,0.0949,0.0948,0.0949,0.0949,0.0948,0.0948,0.0948,0.0947,0.0948,0.0946,0.0949,0.0947,0.0948,0.0948,0.0948,0.0948,0.0948,0.0946,0.0948,0.0949,0.0946,0.0946,0.0948,0.0947,0.0947,0.0946,0.0947,0.0946,0.0948,0.0946,0.0947,0.0946,0.0945,0.0946,0.0947
3;2,0.0931,0.0929,0.0931,0.093,0.0932,0.0932,0.0932,0.0933,0.0935,0.0935,0.0937,0.0935,0.0937,0.0935,0.0937,0.0938,0.0939,0.0941,0.0944,0.0945,0.0949,0.095,0.0952,0.0953,0.0959,0.0961,0.0959,0.0972,0.0977,0.0985,0.0988,0.0996,0.0999,0.1007,0.1008,0.1018,0.1024,0.1027,0.1031,0.1039,0.1044,0.1053,0.1057,0.1058,0.1067,0.1066,0.108,0.1081,0.1093,0.1101,0.1097,0.1091,0.1115,0.109,0.1106,0.1119,0.1133,0.1143,0.1148,0.1169,0.1163,0.1169,0.1176,0.1185,0.1189,0.1182,0.1198,0.1198,0.1213,0.1215,0.123,0.1233,0.1248,0.1259,0.1241,0.1263,0.1271,0.1272,0.1277,0.1282,0.1295,0.1316,0.1332,0.1328,0.1327,0.1347,0.1344,0.1357,0.1357,0.1354,0.1383,0.1373,0.137,0.1397,0.1403,0.1403
,,,,,,,,,,,,,,,,,,,,,,,,,,,,,,,,,,,,,,,,,,,,,,,,,,,,,,,,,,,,,,,,,,,,,,,,,,,,,,,,,,,,,,,,,,,,,,,,
Cycles / Well,,,,,,,,,,,,,,,,,,,,,,,,,,,,,,,,,,,,,,,,,,,,,,,,,,,,,,,,,,,,,,,,,,,,,,,,,,,,,,,,,,,,,,,,,,,,,,,,
A2,1,2,3,4,5,6,7,8,9,10,11,12,13,14,15,16,17,18,19,20,21,22,23,24,25,26,27,28,29,30,31,32,33,34,35,36,37,38,39,40,41,42,43,44,45,46,47,48,49,50,51,52,53,54,55,56,57,58,59,60,61,62,63,64,65,66,67,68,69,70,71,72,73,74,75,76,77,78,79,80,81,82,83,84,85,86,87,88,89,90,91,92,93,94,95,96
Time [s],0,1799.827,3599.741,5399.669,7199.582,8999.52,10799.439,12599.362,14399.295,16199.216,17999.146,19799.079,21599.004,23398.923,25198.859,26998.777,28798.697,30598.623,32398.553,34198.485,35998.416,37798.341,39598.268,41398.198,43198.124,44998.054,46797.976,48597.918,50397.831,52197.762,53997.692,55797.629,57597.534,59397.461,61197.38,62997.315,64797.24,66597.165,68397.092,70197.031,71996.926,73796.86,75596.777,77396.712,79196.627,80996.562,82796.484,84596.403,86396.337,88196.281,89996.203,91796.133,93596.059,95395.99,97195.917,98995.844,100795.796,102595.694,104395.689,106195.553,107995.487,109795.413,111595.34,113395.273,115195.195,116995.132,118795.052,120594.981,122394.898,124194.845,125994.76,127794.681,129594.622,131394.544,133194.474,134994.397,136794.315,138594.255,140394.181,142194.115,143994.039,145793.949,147593.888,149393.809,151193.742,152993.677,154793.597,156593.512,158393.435,160193.362,161993.31,163793.212,165593.147,167393.086,169192.983,170992.91
Temp. [°C],20.1,30,29.8,30,30.1,30,29.9,30.1,30.1,30.1,30,30,30,30,30,30,30,30,30,30,30,30,30.1,30.1,30.1,30.1,30,30,30.1,30.1,30,30,30.1,30,29.9,30,30.1,30,30.1,29.9,30.1,29.8,30,29.9,30.1,30,30,29.9,30,30,30,30.1,29.9,30.2,30.1,30.1,30.1,30,30,30,30,30,30,30,30,30,30.1,30,30,30.2,30,30.1,30,30.1,30,30,30,30,30,30,29.9,30.1,30.1,30.1,30.1,30.1,29.9,30,29.8,30.1,30.1,29.8,29.9,30,30,30
Mean,0.09598,0.09556,0.09554,0.09556,0.09568,0.09566,0.09556,0.09564,0.09564,0.09576,0.09576,0.09574,0.0958,0.09576,0.09566,0.09578,0.09582,0.09586,0.09584,0.0959,0.096,0.096,0.09598,0.09594,0.09596,0.0961,0.09602,0.0964,0.0964,0.09646,0.09644,0.0966,0.0965,0.09662,0.09664,0.09686,0.0968,0.09686,0.097,0.09692,0.09694,0.09706,0.09708,0.09708,0.09704,0.09708,0.09722,0.09742,0.0974,0.09746,0.09742,0.09718,0.09736,0.09722,0.0973,0.09762,0.0976,0.0977,0.09774,0.09802,0.09802,0.09794,0.09804,0.09802,0.09808,0.09786,0.09808,0.09818,0.09828,0.09824,0.09842,0.09858,0.09854,0.0987,0.09846,0.09878,0.09876,0.09868,0.09872,0.09886,0.09896,0.09924,0.09938,0.0993,0.09928,0.09942,0.09938,0.09922,0.09932,0.09936,0.09988,0.09952,0.0996,0.09968,0.09988,0.09982
StDev,0.002605187,0.002693139,0.002653865,0.002684772,0.002644239,0.002691282,0.002667021,0.002676378,0.002674509,0.00265198,0.002559883,0.002577402,0.002534758,0.002510578,0.002605379,0.00254303,0.002562616,0.002577402,0.002441925,0.002462722,0.002469818,0.002436186,0.002508386,0.002469413,0.002421363,0.002461707,0.002498399,0.002588436,0.002548529,0.002615913,0.002565736,0.002659887,0.002675818,0.002813716,0.002790699,0.002918561,0.002856571,0.003074573,0.00309435,0.002991154,0.003121378,0.00328527,0.003261441,0.003240679,0.003344099,0.003367046,0.003578687,0.00373122,0.003814446,0.004056846,0.003785102,0.00342666,0.00371322,0.003505282,0.003720215,0.00416137,0.00430581,0.004246763,0.004407153,0.005092347,0.004970614,0.00497172,0.00515781,0.005129035,0.005110479,0.004942469,0.005111458,0.005306317,0.005625567,0.005486164,0.005904829,0.006105489,0.00625044,0.006309913,0.005903219,0.006351535,0.006494459,0.006411864,0.006513601,0.006784025,0.006966922,0.007698896,0.008054626,0.007615773,0.007617546,0.008141683,0.007889677,0.007446946,0.007748032,0.007788004,0.009013712,0.00818578,0.008493233,0.008632613,0.008785613,0.008810051
1;2,0.0989,0.0987,0.0985,0.0985,0.0986,0.0986,0.0985,0.0987,0.0986,0.0988,0.0986,0.0986,0.0986,0.0985,0.0986,0.0986,0.0987,0.0987,0.0985,0.0986,0.0987,0.0986,0.0986,0.0986,0.0985,0.0986,0.0986,0.0989,0.0987,0.0987,0.0987,0.0987,0.0986,0.0987,0.0986,0.0987,0.0987,0.0987,0.0987,0.0986,0.0987,0.0987,0.0986,0.0987,0.0986,0.0986,0.0986,0.0986,0.0986,0.0984,0.0986,0.0984,0.0985,0.0985,0.0984,0.0985,0.0985,0.0987,0.0986,0.0985,0.0985,0.0985,0.0985,0.0984,0.0986,0.0984,0.0985,0.0985,0.0985,0.0985,0.0985,0.0985,0.0983,0.0985,0.0984,0.0986,0.0985,0.0984,0.0985,0.0984,0.0985,0.0985,0.0985,0.0985,0.0984,0.0983,0.0984,0.0985,0.0983,0.0983,0.0984,0.0984,0.0982,0.0983,0.0984,0.0983
2;1,0.0942,0.094,0.0938,0.0937,0.0937,0.0937,0.0936,0.0935,0.0935,0.0935,0.0936,0.0935,0.0934,0.0936,0.0934,0.0935,0.0934,0.0934,0.0934,0.0935,0.0934,0.0934,0.0933,0.0934,0.0933,0.0934,0.0933,0.0933,0.0934,0.0933,0.0934,0.0934,0.0932,0.0932,0.0932,0.0934,0.0933,0.0932,0.0934,0.0934,0.0933,0.0933,0.0933,0.0934,0.0933,0.0933,0.0933,0.0934,0.0933,0.0933,0.0935,0.0934,0.0934,0.0935,0.0934,0.0935,0.0934,0.0934,0.0935,0.0933,0.0934,0.0934,0.0932,0.0933,0.0934,0.0932,0.0934,0.0934,0.0933,0.0933,0.0933,0.0934,0.0933,0.0934,0.0934,0.0934,0.0933,0.0934,0.0933,0.0933,0.0933,0.0932,0.0932,0.0933,0.0934,0.0932,0.0933,0.0934,0.0933,0.0934,0.0932,0.0933,0.0933,0.0933,0.0934,0.0934
2;2,0.0987,0.0982,0.0983,0.0984,0.0985,0.0985,0.0984,0.0984,0.0985,0.0985,0.0985,0.0985,0.0985,0.0985,0.0984,0.0985,0.0985,0.0986,0.0984,0.0985,0.0985,0.0985,0.0986,0.0985,0.0984,0.0986,0.0986,0.0987,0.0987,0.0987,0.0987,0.0986,0.0987,0.0986,0.0986,0.0986,0.0986,0.0986,0.0986,0.0987,0.0986,0.0986,0.0987,0.0987,0.0985,0.0987,0.0987,0.0987,0.0987,0.0986,0.0987,0.0988,0.0987,0.0986,0.0986,0.0987,0.0985,0.0987,0.0987,0.0987,0.0987,0.0986,0.0988,0.0987,0.0987,0.0987,0.0988,0.0988,0.0988,0.0988,0.0988,0.0988,0.0989,0.0989,0.0988,0.0988,0.0989,0.0988,0.0988,0.0988,0.0989,0.0987,0.0987,0.0989,0.0989,0.0989,0.0989,0.0989,0.0989,0.099,0.0989,0.0989,0.0988,0.0989,0.099,0.0989
2;3,0.0946,0.0941,0.0942,0.0943,0.0943,0.0945,0.0942,0.0942,0.0942,0.0942,0.0943,0.0942,0.0942,0.0942,0.0941,0.0942,0.0942,0.0941,0.094,0.0941,0.0941,0.0941,0.094,0.094,0.094,0.094,0.094,0.0941,0.094,0.094,0.094,0.094,0.094,0.0939,0.094,0.094,0.0941,0.0939,0.094,0.094,0.0939,0.0939,0.094,0.0939,0.0938,0.0938,0.0938,0.094,0.0939,0.0938,0.0938,0.0939,0.0939,0.0938,0.0938,0.0938,0.0937,0.0939,0.0937,0.0937,0.0938,0.0936,0.0937,0.0937,0.0937,0.0936,0.0937,0.0937,0.0936,0.0937,0.0936,0.0937,0.0935,0.0937,0.0937,0.0939,0.0937,0.0936,0.0936,0.0937,0.0936,0.0936,0.0935,0.0937,0.0936,0.0935,0.0936,0.0936,0.0937,0.0936,0.0936,0.0936,0.0936,0.0935,0.0937,0.0936
3;2,0.0935,0.0928,0.0929,0.0929,0.0933,0.093,0.0931,0.0934,0.0934,0.0938,0.0938,0.0939,0.0943,0.094,0.0938,0.0941,0.0943,0.0945,0.0949,0.0948,0.0953,0.0954,0.0954,0.0952,0.0956,0.0959,0.0956,0.097,0.0972,0.0976,0.0974,0.0983,0.098,0.0987,0.0988,0.0996,0.0993,0.0999,0.1003,0.0999,0.1002,0.1008,0.1008,0.1007,0.101,0.101,0.1017,0.1024,0.1025,0.1032,0.1025,0.1014,0.1023,0.1017,0.1023,0.1036,0.1039,0.1038,0.1042,0.1059,0.1057,0.1056,0.106,0.106,0.106,0.1054,0.106,0.1065,0.1072,0.1069,0.1079,0.1085,0.1087,0.109,0.108,0.1092,0.1094,0.1092,0.1094,0.1101,0.1105,0.1122,0.113,0.1121,0.1121,0.1132,0.1127,0.1117,0.1124,0.1125,0.1153,0.1134,0.1141,0.1144,0.1149,0.1149
,,,,,,,,,,,,,,,,,,,,,,,,,,,,,,,,,,,,,,,,,,,,,,,,,,,,,,,,,,,,,,,,,,,,,,,,,,,,,,,,,,,,,,,,,,,,,,,,
Cycles / Well,,,,,,,,,,,,,,,,,,,,,,,,,,,,,,,,,,,,,,,,,,,,,,,,,,,,,,,,,,,,,,,,,,,,,,,,,,,,,,,,,,,,,,,,,,,,,,,,
A3,1,2,3,4,5,6,7,8,9,10,11,12,13,14,15,16,17,18,19,20,21,22,23,24,25,26,27,28,29,30,31,32,33,34,35,36,37,38,39,40,41,42,43,44,45,46,47,48,49,50,51,52,53,54,55,56,57,58,59,60,61,62,63,64,65,66,67,68,69,70,71,72,73,74,75,76,77,78,79,80,81,82,83,84,85,86,87,88,89,90,91,92,93,94,95,96
Time [s],0,1799.827,3599.741,5399.669,7199.582,8999.52,10799.439,12599.362,14399.295,16199.216,17999.146,19799.079,21599.004,23398.923,25198.859,26998.777,28798.697,30598.623,32398.553,34198.485,35998.416,37798.341,39598.268,41398.198,43198.124,44998.054,46797.976,48597.918,50397.831,52197.762,53997.692,55797.629,57597.534,59397.461,61197.38,62997.315,64797.24,66597.165,68397.092,70197.031,71996.926,73796.86,75596.777,77396.712,79196.627,80996.562,82796.484,84596.403,86396.337,88196.281,89996.203,91796.133,93596.059,95395.99,97195.917,98995.844,100795.796,102595.694,104395.689,106195.553,107995.487,109795.413,111595.34,113395.273,115195.195,116995.132,118795.052,120594.981,122394.898,124194.845,125994.76,127794.681,129594.622,131394.544,133194.474,134994.397,136794.315,138594.255,140394.181,142194.115,143994.039,145793.949,147593.888,149393.809,151193.742,152993.677,154793.597,156593.512,158393.435,160193.362,161993.31,163793.212,165593.147,167393.086,169192.983,170992.91
Temp. [°C],20.1,30,29.8,30,30.1,30,29.9,30.1,30.1,30.1,30,30,30,30,30,30,30,30,30,30,30,30,30.1,30.1,30.1,30.1,30,30,30.1,30.1,30,30,30.1,30,29.9,30,30.1,30,30.1,29.9,30.1,29.8,30,29.9,30.1,30,30,29.9,30,30,30,30.1,29.9,30.2,30.1,30.1,30.1,30,30,30,30,30,30,30,30,30,30.1,30,30,30.2,30,30.1,30,30.1,30,30,30,30,30,30,29.9,30.1,30.1,30.1,30.1,30.1,29.9,30,29.8,30.1,30.1,29.8,29.9,30,30,30
Mean,0.09578,0.09542,0.09554,0.09568,0.09576,0.0957,0.09566,0.09566,0.09574,0.09584,0.09582,0.09582,0.09578,0.09584,0.09576,0.09588,0.09598,0.09596,0.0959,0.09604,0.09606,0.09614,0.09616,0.09612,0.09622,0.0963,0.09628,0.09654,0.09656,0.09654,0.09668,0.09684,0.09682,0.09692,0.09692,0.09708,0.0971,0.0971,0.09728,0.09716,0.09718,0.09736,0.09742,0.09752,0.09748,0.09752,0.09766,0.0978,0.09772,0.09772,0.09782,0.09756,0.0978,0.09772,0.09786,0.09802,0.0981,0.09828,0.0984,0.0986,0.09852,0.09846,0.0986,0.09858,0.0986,0.09854,0.09882,0.09896,0.09904,0.09902,0.09924,0.09916,0.09938,0.09944,0.09928,0.09974,0.09952,0.09954,0.09954,0.09978,0.09998,0.10014,0.10036,0.10034,0.10028,0.10048,0.10038,0.10044,0.10052,0.10074,0.10116,0.10086,0.10066,0.10082,0.10106,0.10104
StDev,0.002899483,0.002997833,0.00300882,0.002935473,0.002929676,0.002940238,0.002929676,0.00296867,0.002982113,0.00302043,0.002952457,0.002943977,0.002847279,0.002881493,0.002909983,0.002833196,0.002914104,0.002793385,0.002792848,0.00275554,0.002687564,0.002663269,0.002608256,0.002595573,0.002609023,0.002628688,0.002635716,0.002544209,0.002502599,0.002551078,0.0025014,0.002571575,0.002579147,0.002633819,0.002659323,0.002725252,0.002786575,0.002834608,0.002921815,0.002796963,0.002774347,0.00301546,0.003037598,0.0031697,0.003294237,0.003297272,0.003483246,0.003624914,0.003497428,0.003681304,0.0036245,0.003218385,0.003555278,0.003603748,0.003693643,0.004074555,0.004186287,0.004303138,0.004654568,0.005177837,0.00494085,0.004980763,0.005189894,0.005211238,0.005056184,0.005111066,0.005485618,0.005867112,0.006089171,0.006026774,0.006499846,0.006210717,0.006845948,0.006804998,0.006643568,0.007329598,0.007075451,0.007093166,0.007119902,0.007622139,0.008001687,0.008488404,0.008958125,0.008809824,0.008695229,0.009324001,0.008956394,0.009023746,0.009255647,0.009668144,0.0106364,0.010022126,0.009699124,0.010163759,0.010409035,0.010533186
1;2,0.0994,0.0993,0.0993,0.0993,0.0993,0.0992,0.0992,0.0992,0.0993,0.0994,0.0993,0.0993,0.0991,0.0991,0.0991,0.0991,0.0994,0.0992,0.099,0.0992,0.0991,0.0991,0.099,0.099,0.0991,0.0992,0.0991,0.0993,0.0991,0.0991,0.0991,0.0991,0.0992,0.099,0.0991,0.099,0.0991,0.099,0.099,0.099,0.099,0.099,0.099,0.099,0.0989,0.0989,0.099,0.099,0.0991,0.0988,0.0989,0.0986,0.0989,0.0988,0.0988,0.0988,0.0989,0.099,0.0987,0.0989,0.0988,0.0988,0.0988,0.0988,0.0989,0.0987,0.0989,0.0988,0.0988,0.0988,0.0987,0.0988,0.0988,0.0989,0.0987,0.0988,0.0988,0.0989,0.0987,0.0987,0.0987,0.0987,0.0987,0.0987,0.0988,0.0986,0.0987,0.0987,0.0987,0.0987,0.0987,0.0986,0.0985,0.0986,0.0986,0.0986
2;1,0.0943,0.0939,0.094,0.0942,0.0942,0.0942,0.0941,0.0941,0.0941,0.0941,0.0942,0.0942,0.0943,0.0943,0.0942,0.0943,0.0942,0.0943,0.0942,0.0943,0.0942,0.0943,0.0942,0.0942,0.0942,0.0942,0.0943,0.0942,0.0942,0.0941,0.0942,0.0942,0.0942,0.0941,0.0941,0.0942,0.0941,0.0941,0.0942,0.0942,0.0943,0.0942,0.0942,0.0942,0.0941,0.0942,0.0941,0.0942,0.0941,0.0941,0.0943,0.0943,0.0943,0.0942,0.0943,0.0942,0.0942,0.0944,0.0942,0.0941,0.0943,0.0942,0.0942,0.0941,0.0942,0.0942,0.0941,0.0942,0.0941,0.0942,0.0941,0.0942,0.094,0.0942,0.0941,0.0943,0.0941,0.0941,0.0941,0.0941,0.0942,0.094,0.094,0.0941,0.094,0.094,0.0941,0.0941,0.094,0.0941,0.0941,0.0941,0.094,0.094,0.0942,0.0941
2;2,0.0983,0.0979,0.0982,0.0983,0.0985,0.0985,0.0984,0.0985,0.0986,0.0988,0.0987,0.0987,0.0986,0.0988,0.0987,0.0988,0.0989,0.0988,0.0989,0.0989,0.0989,0.099,0.099,0.0989,0.099,0.0991,0.0992,0.0991,0.0991,0.0991,0.0992,0.0992,0.0992,0.0991,0.0993,0.0993,0.0993,0.0991,0.0993,0.0993,0.0991,0.0993,0.0993,0.0993,0.0993,0.0993,0.0993,0.0994,0.0993,0.0993,0.0994,0.0995,0.0993,0.0994,0.0995,0.0993,0.0993,0.0995,0.0996,0.0995,0.0995,0.0994,0.0994,0.0994,0.0995,0.0994,0.0995,0.0995,0.0995,0.0994,0.0996,0.0995,0.0995,0.0995,0.0996,0.0997,0.0995,0.0996,0.0996,0.0996,0.0997,0.0995,0.0995,0.0996,0.0996,0.0995,0.0996,0.0996,0.0996,0.0996,0.0996,0.0995,0.0995,0.0994,0.0996,0.0995
2;3,0.0942,0.0936,0.0937,0.094,0.094,0.0939,0.0939,0.0938,0.0939,0.094,0.094,0.0939,0.0939,0.094,0.0939,0.094,0.094,0.094,0.0938,0.094,0.0939,0.0939,0.0939,0.0939,0.0939,0.094,0.094,0.0941,0.094,0.0939,0.0941,0.094,0.094,0.094,0.094,0.094,0.094,0.0939,0.094,0.094,0.094,0.094,0.0941,0.0941,0.0939,0.0939,0.094,0.094,0.0941,0.0939,0.094,0.0941,0.0941,0.0939,0.094,0.094,0.094,0.094,0.0941,0.0939,0.0939,0.0938,0.0939,0.0939,0.094,0.0939,0.0941,0.0939,0.0939,0.0939,0.0939,0.094,0.0939,0.0939,0.0938,0.0939,0.0939,0.0938,0.0939,0.0939,0.0938,0.0939,0.0939,0.0939,0.0939,0.0938,0.0938,0.0939,0.0939,0.0939,0.0938,0.0939,0.0939,0.0937,0.0938,0.0937
3;2,0.0927,0.0924,0.0925,0.0926,0.0928,0.0927,0.0927,0.0927,0.0928,0.0929,0.0929,0.093,0.093,0.093,0.0929,0.0932,0.0934,0.0935,0.0936,0.0938,0.0942,0.0944,0.0947,0.0946,0.0949,0.095,0.0948,0.096,0.0964,0.0965,0.0968,0.0977,0.0975,0.0984,0.0981,0.0989,0.099,0.0994,0.0999,0.0993,0.0995,0.1003,0.1005,0.101,0.1012,0.1013,0.1019,0.1024,0.102,0.1025,0.1025,0.1013,0.1024,0.1023,0.1027,0.1038,0.1041,0.1045,0.1054,0.1066,0.1061,0.1061,0.1067,0.1067,0.1064,0.1065,0.1075,0.1084,0.1089,0.1088,0.1099,0.1093,0.1107,0.1107,0.1102,0.112,0.1113,0.1113,0.1114,0.1126,0.1135,0.1146,0.1157,0.1154,0.1151,0.1165,0.1157,0.1159,0.1164,0.1174,0.1196,0.1182,0.1174,0.1184,0.1191,0.1193
,,,,,,,,,,,,,,,,,,,,,,,,,,,,,,,,,,,,,,,,,,,,,,,,,,,,,,,,,,,,,,,,,,,,,,,,,,,,,,,,,,,,,,,,,,,,,,,,
Cycles / Well,,,,,,,,,,,,,,,,,,,,,,,,,,,,,,,,,,,,,,,,,,,,,,,,,,,,,,,,,,,,,,,,,,,,,,,,,,,,,,,,,,,,,,,,,,,,,,,,
A4,1,2,3,4,5,6,7,8,9,10,11,12,13,14,15,16,17,18,19,20,21,22,23,24,25,26,27,28,29,30,31,32,33,34,35,36,37,38,39,40,41,42,43,44,45,46,47,48,49,50,51,52,53,54,55,56,57,58,59,60,61,62,63,64,65,66,67,68,69,70,71,72,73,74,75,76,77,78,79,80,81,82,83,84,85,86,87,88,89,90,91,92,93,94,95,96
Time [s],0,1799.827,3599.741,5399.669,7199.582,8999.52,10799.439,12599.362,14399.295,16199.216,17999.146,19799.079,21599.004,23398.923,25198.859,26998.777,28798.697,30598.623,32398.553,34198.485,35998.416,37798.341,39598.268,41398.198,43198.124,44998.054,46797.976,48597.918,50397.831,52197.762,53997.692,55797.629,57597.534,59397.461,61197.38,62997.315,64797.24,66597.165,68397.092,70197.031,71996.926,73796.86,75596.777,77396.712,79196.627,80996.562,82796.484,84596.403,86396.337,88196.281,89996.203,91796.133,93596.059,95395.99,97195.917,98995.844,100795.796,102595.694,104395.689,106195.553,107995.487,109795.413,111595.34,113395.273,115195.195,116995.132,118795.052,120594.981,122394.898,124194.845,125994.76,127794.681,129594.622,131394.544,133194.474,134994.397,136794.315,138594.255,140394.181,142194.115,143994.039,145793.949,147593.888,149393.809,151193.742,152993.677,154793.597,156593.512,158393.435,160193.362,161993.31,163793.212,165593.147,167393.086,169192.983,170992.91
Temp. [°C],20.1,30,29.8,30,30.1,30,29.9,30.1,30.1,30.1,30,30,30,30,30,30,30,30,30,30,30,30,30.1,30.1,30.1,30.1,30,30,30.1,30.1,30,30,30.1,30,29.9,30,30.1,30,30.1,29.9,30.1,29.8,30,29.9,30.1,30,30,29.9,30,30,30,30.1,29.9,30.2,30.1,30.1,30.1,30,30,30,30,30,30,30,30,30,30.1,30,30,30.2,30,30.1,30,30.1,30,30,30,30,30,30,29.9,30.1,30.1,30.1,30.1,30.1,29.9,30,29.8,30.1,30.1,29.8,29.9,30,30,30
Mean,0.09486,0.09456,0.09462,0.0947,0.09478,0.09474,0.0947,0.0947,0.0947,0.09476,0.09484,0.0948,0.09474,0.0948,0.09476,0.0948,0.09484,0.09486,0.0948,0.09482,0.09488,0.09494,0.09494,0.09492,0.09498,0.09512,0.09504,0.09534,0.09536,0.0954,0.09558,0.0957,0.09574,0.09598,0.09596,0.0962,0.09626,0.0964,0.09674,0.09656,0.09682,0.09694,0.0971,0.0971,0.09718,0.09726,0.09742,0.09762,0.09758,0.09778,0.09788,0.0975,0.09782,0.09784,0.0979,0.09808,0.09844,0.09858,0.09876,0.09914,0.09926,0.0989,0.09908,0.0993,0.09936,0.0992,0.09976,0.09962,0.1,0.09996,0.1003,0.10048,0.10052,0.1007,0.10062,0.10108,0.1011,0.10114,0.10092,0.10116,0.10142,0.10192,0.10204,0.10196,0.10186,0.10242,0.10216,0.10206,0.10218,0.10246,0.10306,0.1029,0.10268,0.10298,0.10314,0.10352
StDev,0.002990485,0.00284482,0.002894305,0.002947881,0.002985297,0.00288756,0.002950424,0.002950424,0.003038092,0.00300882,0.003033645,0.003061862,0.003122179,0.003112073,0.003150873,0.003157531,0.003154838,0.003144519,0.003088689,0.003110788,0.003098709,0.003031171,0.003082694,0.003051557,0.003025227,0.002943128,0.002973718,0.002933087,0.002855346,0.002804461,0.002806599,0.002839894,0.002841303,0.002821702,0.002843062,0.00296395,0.002923696,0.003133688,0.003345594,0.003236201,0.003557668,0.003764705,0.003937639,0.003894868,0.00420678,0.004254174,0.004412142,0.00482825,0.004759937,0.005342939,0.005292164,0.004677606,0.005263269,0.005313003,0.005353037,0.005843116,0.006579742,0.006664983,0.006927337,0.007815561,0.008023279,0.007439758,0.007769942,0.008123115,0.008274539,0.008148313,0.008948631,0.00887902,0.009639243,0.009661677,0.010279348,0.010558977,0.010857117,0.011017486,0.010892061,0.011793727,0.011892855,0.012028009,0.011636022,0.01233645,0.012587176,0.014007748,0.014258261,0.013973296,0.013863549,0.01525867,0.014519917,0.014361685,0.014683222,0.015118796,0.016597379,0.016195061,0.015779639,0.016591172,0.016621913,0.017509198
1;2,0.0988,0.0984,0.0985,0.0986,0.0986,0.0985,0.0985,0.0985,0.0986,0.0986,0.0987,0.0987,0.0987,0.0988,0.0987,0.0988,0.0988,0.0988,0.0987,0.0987,0.0987,0.0987,0.0988,0.0987,0.0987,0.0987,0.0987,0.0989,0.0988,0.0987,0.0988,0.0989,0.0988,0.0987,0.0987,0.0988,0.0988,0.0987,0.0989,0.0988,0.0988,0.0987,0.0987,0.0988,0.0986,0.0986,0.0987,0.0987,0.0987,0.0986,0.0984,0.0986,0.0986,0.0984,0.0986,0.0985,0.0985,0.0985,0.0987,0.0986,0.0986,0.0985,0.0986,0.0987,0.0986,0.0986,0.0988,0.0987,0.0987,0.0987,0.0987,0.0988,0.0987,0.0987,0.0987,0.0987,0.0989,0.0987,0.0986,0.0986,0.0988,0.0985,0.0985,0.0985,0.0984,0.0984,0.0984,0.0984,0.0984,0.0984,0.0983,0.0983,0.0984,0.0982,0.0984,0.0984
2;1,0.0927,0.0926,0.0927,0.0926,0.0926,0.0926,0.0926,0.0926,0.0926,0.0926,0.0927,0.0926,0.0926,0.0925,0.0925,0.0925,0.0925,0.0925,0.0925,0.0925,0.0925,0.0925,0.0923,0.0924,0.0924,0.0925,0.0924,0.0925,0.0924,0.0924,0.0925,0.0924,0.0923,0.0924,0.0924,0.0925,0.0926,0.0925,0.0926,0.0926,0.0926,0.0926,0.0926,0.0926,0.0925,0.0926,0.0927,0.0927,0.0926,0.0925,0.0927,0.0925,0.0926,0.0926,0.0927,0.0925,0.0926,0.0926,0.0927,0.0927,0.0927,0.0926,0.0926,0.0927,0.0924,0.0923,0.0925,0.0924,0.0924,0.0923,0.0924,0.0924,0.0924,0.0925,0.0925,0.0924,0.0925,0.0925,0.0925,0.0924,0.0925,0.0922,0.0923,0.0924,0.0924,0.0923,0.0924,0.0923,0.0923,0.0924,0.0924,0.0924,0.0923,0.0923,0.0924,0.0924
2;2,0.0972,0.0967,0.0968,0.097,0.0972,0.097,0.0971,0.0971,0.0972,0.0973,0.0974,0.0974,0.0974,0.0974,0.0975,0.0975,0.0976,0.0976,0.0975,0.0976,0.0977,0.0977,0.0977,0.0977,0.0978,0.0979,0.0978,0.0981,0.098,0.098,0.0982,0.0982,0.0982,0.0982,0.0982,0.0984,0.0984,0.0983,0.0985,0.0985,0.0985,0.0984,0.0985,0.0986,0.0985,0.0986,0.0985,0.0985,0.0985,0.0985,0.0987,0.0986,0.0986,0.0986,0.0986,0.0985,0.0986,0.0988,0.0987,0.0987,0.0988,0.0988,0.0988,0.0988,0.099,0.0988,0.0989,0.0989,0.099,0.0989,0.099,0.099,0.0989,0.099,0.0989,0.0991,0.0989,0.099,0.0988,0.0988,0.099,0.099,0.0989,0.099,0.099,0.0989,0.099,0.099,0.099,0.099,0.0989,0.099,0.099,0.0989,0.0991,0.099
2;3,0.0937,0.0933,0.0934,0.0935,0.0938,0.0938,0.0936,0.0936,0.0935,0.0935,0.0936,0.0935,0.0934,0.0935,0.0935,0.0935,0.0935,0.0936,0.0934,0.0934,0.0935,0.0935,0.0935,0.0935,0.0934,0.0936,0.0935,0.0936,0.0935,0.0934,0.0935,0.0935,0.0935,0.0936,0.0935,0.0935,0.0936,0.0935,0.0937,0.0935,0.0935,0.0935,0.0936,0.0936,0.0935,0.0935,0.0936,0.0935,0.0936,0.0934,0.0936,0.0936,0.0935,0.0936,0.0935,0.0936,0.0934,0.0936,0.0936,0.0935,0.0935,0.0934,0.0934,0.0934,0.0936,0.0935,0.0937,0.0935,0.0935,0.0935,0.0935,0.0936,0.0934,0.0936,0.0936,0.0937,0.0935,0.0935,0.0936,0.0934,0.0935,0.0935,0.0935,0.0935,0.0934,0.0933,0.0934,0.0934,0.0933,0.0935,0.0934,0.0934,0.0933,0.0933,0.0934,0.0934
3;2,0.0919,0.0918,0.0917,0.0918,0.0917,0.0918,0.0917,0.0917,0.0916,0.0918,0.0918,0.0918,0.0916,0.0918,0.0916,0.0917,0.0918,0.0918,0.0919,0.0919,0.092,0.0923,0.0924,0.0923,0.0926,0.0929,0.0928,0.0936,0.0941,0.0945,0.0949,0.0955,0.0959,0.097,0.097,0.0978,0.0979,0.099,0.1,0.0994,0.1007,0.1015,0.1021,0.1019,0.1028,0.103,0.1036,0.1047,0.1045,0.1059,0.106,0.1042,0.1058,0.106,0.1061,0.1073,0.1091,0.1094,0.1101,0.1122,0.1127,0.1112,0.112,0.1129,0.1132,0.1128,0.1149,0.1146,0.1164,0.1164,0.1179,0.1186,0.1192,0.1197,0.1194,0.1215,0.1217,0.122,0.1211,0.1226,0.1233,0.1264,0.127,0.1264,0.1261,0.1292,0.1276,0.1272,0.1279,0.129,0.1323,0.1314,0.1304,0.1322,0.1324,0.1344
,,,,,,,,,,,,,,,,,,,,,,,,,,,,,,,,,,,,,,,,,,,,,,,,,,,,,,,,,,,,,,,,,,,,,,,,,,,,,,,,,,,,,,,,,,,,,,,,
Cycles / Well,,,,,,,,,,,,,,,,,,,,,,,,,,,,,,,,,,,,,,,,,,,,,,,,,,,,,,,,,,,,,,,,,,,,,,,,,,,,,,,,,,,,,,,,,,,,,,,,
A5,1,2,3,4,5,6,7,8,9,10,11,12,13,14,15,16,17,18,19,20,21,22,23,24,25,26,27,28,29,30,31,32,33,34,35,36,37,38,39,40,41,42,43,44,45,46,47,48,49,50,51,52,53,54,55,56,57,58,59,60,61,62,63,64,65,66,67,68,69,70,71,72,73,74,75,76,77,78,79,80,81,82,83,84,85,86,87,88,89,90,91,92,93,94,95,96
Time [s],0,1799.827,3599.741,5399.669,7199.582,8999.52,10799.439,12599.362,14399.295,16199.216,17999.146,19799.079,21599.004,23398.923,25198.859,26998.777,28798.697,30598.623,32398.553,34198.485,35998.416,37798.341,39598.268,41398.198,43198.124,44998.054,46797.976,48597.918,50397.831,52197.762,53997.692,55797.629,57597.534,59397.461,61197.38,62997.315,64797.24,66597.165,68397.092,70197.031,71996.926,73796.86,75596.777,77396.712,79196.627,80996.562,82796.484,84596.403,86396.337,88196.281,89996.203,91796.133,93596.059,95395.99,97195.917,98995.844,100795.796,102595.694,104395.689,106195.553,107995.487,109795.413,111595.34,113395.273,115195.195,116995.132,118795.052,120594.981,122394.898,124194.845,125994.76,127794.681,129594.622,131394.544,133194.474,134994.397,136794.315,138594.255,140394.181,142194.115,143994.039,145793.949,147593.888,149393.809,151193.742,152993.677,154793.597,156593.512,158393.435,160193.362,161993.31,163793.212,165593.147,167393.086,169192.983,170992.91
Temp. [°C],20.1,30,29.8,30,30.1,30,29.9,30.1,30.1,30.1,30,30,30,30,30,30,30,30,30,30,30,30,30.1,30.1,30.1,30.1,30,30,30.1,30.1,30,30,30.1,30,29.9,30,30.1,30,30.1,29.9,30.1,29.8,30,29.9,30.1,30,30,29.9,30,30,30,30.1,29.9,30.2,30.1,30.1,30.1,30,30,30,30,30,30,30,30,30,30.1,30,30,30.2,30,30.1,30,30.1,30,30,30,30,30,30,29.9,30.1,30.1,30.1,30.1,30.1,29.9,30,29.8,30.1,30.1,29.8,29.9,30,30,30
Mean,0.0955,0.09532,0.0954,0.09548,0.09554,0.09548,0.09548,0.09544,0.09548,0.09548,0.09556,0.09556,0.09556,0.0955,0.09552,0.0955,0.09552,0.0956,0.09556,0.09564,0.09564,0.09578,0.09572,0.09572,0.0958,0.09592,0.09596,0.09618,0.09622,0.09624,0.09626,0.09646,0.09648,0.09654,0.0966,0.09678,0.09686,0.09686,0.09698,0.09694,0.09704,0.09712,0.09712,0.09724,0.09722,0.09724,0.09736,0.09738,0.09748,0.09742,0.09764,0.09742,0.09746,0.09718,0.09744,0.09746,0.09774,0.0978,0.09802,0.09828,0.09804,0.09796,0.09808,0.09822,0.09834,0.09812,0.09852,0.09848,0.09868,0.09882,0.09884,0.09884,0.0991,0.09918,0.09904,0.09908,0.09934,0.09936,0.09914,0.09928,0.09938,0.0997,0.09978,0.09996,0.0997,0.10006,0.09994,0.09982,0.09996,0.10044,0.10062,0.10042,0.10044,0.1005,0.10058,0.10056
StDev,0.002984125,0.003030182,0.003053686,0.003047458,0.003077824,0.003130815,0.003136399,0.003114964,0.003151508,0.003122819,0.003211386,0.003122179,0.003151666,0.003166228,0.003182295,0.003120897,0.003151508,0.003065942,0.003110145,0.003077012,0.003113358,0.002957533,0.003020265,0.002972709,0.002867926,0.002872629,0.002891885,0.002857796,0.00280749,0.002808558,0.002787113,0.002858846,0.002859545,0.002938197,0.002945335,0.003023574,0.003098871,0.003235429,0.003191708,0.003225368,0.003350075,0.003436132,0.003502428,0.003509701,0.003707695,0.003688902,0.003852012,0.00377452,0.004037574,0.004101463,0.004153673,0.003751266,0.003950063,0.003636207,0.00391829,0.004021567,0.004549505,0.004401704,0.004849948,0.005444906,0.00509539,0.005086551,0.005238034,0.005497909,0.005543735,0.005433875,0.005951218,0.005862337,0.006311656,0.006600909,0.006685656,0.006654547,0.007222534,0.00730972,0.007197083,0.007021894,0.007668637,0.007750677,0.007318333,0.00777541,0.007804934,0.008797159,0.008987046,0.009098791,0.008591275,0.00958191,0.009094119,0.008893087,0.009306073,0.010105098,0.010599623,0.010277013,0.010332618,0.010506665,0.010423627,0.01064063
1;2,0.0987,0.0986,0.0985,0.0984,0.0985,0.0985,0.0984,0.0984,0.0984,0.0984,0.0985,0.0985,0.0984,0.0984,0.0984,0.0983,0.0983,0.0983,0.0983,0.0983,0.0984,0.0983,0.0983,0.0982,0.0982,0.0983,0.0983,0.0983,0.0983,0.0982,0.0982,0.0983,0.0982,0.0983,0.0982,0.0983,0.0983,0.0982,0.0984,0.0982,0.0982,0.0982,0.0982,0.0981,0.0981,0.0981,0.0981,0.0981,0.0981,0.098,0.0982,0.098,0.0979,0.0979,0.0979,0.098,0.0979,0.098,0.0982,0.0981,0.098,0.098,0.0979,0.0979,0.098,0.0979,0.098,0.0981,0.0979,0.0979,0.0978,0.098,0.0981,0.098,0.0977,0.098,0.0979,0.0978,0.0978,0.0978,0.0977,0.0977,0.0977,0.0978,0.0978,0.0977,0.0978,0.0977,0.0977,0.0977,0.0977,0.0976,0.0977,0.0977,0.0977,0.0976
2;1,0.0927,0.0925,0.0926,0.0927,0.0928,0.0927,0.0927,0.0927,0.0926,0.0928,0.0927,0.0927,0.0928,0.0926,0.0927,0.0927,0.0927,0.0927,0.0926,0.0927,0.0926,0.0927,0.0925,0.0926,0.0926,0.0926,0.0926,0.0927,0.0926,0.0925,0.0926,0.0926,0.0926,0.0925,0.0926,0.0926,0.0926,0.0925,0.0927,0.0926,0.0925,0.0926,0.0925,0.0927,0.0925,0.0925,0.0925,0.0927,0.0925,0.0924,0.0926,0.0928,0.0926,0.0926,0.0926,0.0925,0.0926,0.0927,0.0925,0.0926,0.0925,0.0925,0.0925,0.0925,0.0926,0.0924,0.0926,0.0925,0.0926,0.0925,0.0925,0.0925,0.0924,0.0925,0.0925,0.0926,0.0925,0.0926,0.0925,0.0923,0.0925,0.0924,0.0923,0.0924,0.0924,0.0923,0.0925,0.0924,0.0924,0.0926,0.0925,0.0925,0.0924,0.0924,0.0925,0.0924
2;2,0.0986,0.0985,0.0988,0.099,0.0991,0.0991,0.0992,0.0991,0.0992,0.0992,0.0994,0.0992,0.0994,0.0993,0.0994,0.0993,0.0994,0.0994,0.0994,0.0995,0.0995,0.0995,0.0995,0.0995,0.0994,0.0995,0.0996,0.0998,0.0996,0.0995,0.0996,0.0996,0.0996,0.0996,0.0995,0.0996,0.0997,0.0996,0.0997,0.0997,0.0998,0.0997,0.0996,0.0997,0.0996,0.0996,0.0997,0.0996,0.0997,0.0996,0.0997,0.0996,0.0997,0.0996,0.0997,0.0995,0.0996,0.0998,0.0998,0.0997,0.0997,0.0996,0.0996,0.0998,0.0997,0.0996,0.0997,0.0998,0.0997,0.0997,0.0997,0.0997,0.0998,0.0998,0.0997,0.0997,0.0997,0.0997,0.0998,0.0997,0.0998,0.0996,0.0997,0.0998,0.0997,0.0997,0.0997,0.0997,0.0997,0.0998,0.0997,0.0997,0.0997,0.0996,0.0999,0.0997
2;3,0.0947,0.0943,0.0944,0.0946,0.0946,0.0945,0.0945,0.0944,0.0946,0.0944,0.0946,0.0947,0.0945,0.0945,0.0944,0.0945,0.0945,0.0945,0.0945,0.0945,0.0944,0.0946,0.0945,0.0945,0.0945,0.0945,0.0946,0.0946,0.0946,0.0945,0.0946,0.0945,0.0945,0.0945,0.0944,0.0946,0.0946,0.0944,0.0945,0.0945,0.0946,0.0945,0.0945,0.0946,0.0944,0.0945,0.0945,0.0945,0.0945,0.0944,0.0946,0.0946,0.0946,0.0944,0.0946,0.0946,0.0944,0.0946,0.0946,0.0944,0.0944,0.0942,0.0944,0.0943,0.0945,0.0943,0.0944,0.0944,0.0944,0.0945,0.0945,0.0944,0.0943,0.0944,0.0944,0.0945,0.0945,0.0944,0.0944,0.0944,0.0945,0.0942,0.0942,0.0944,0.0944,0.0942,0.0943,0.0944,0.0942,0.0943,0.0943,0.0942,0.0942,0.0942,0.0943,0.0942
3;2,0.0928,0.0927,0.0927,0.0927,0.0927,0.0926,0.0926,0.0926,0.0926,0.0926,0.0926,0.0927,0.0927,0.0927,0.0927,0.0927,0.0927,0.0931,0.093,0.0932,0.0933,0.0938,0.0938,0.0938,0.0943,0.0947,0.0947,0.0955,0.096,0.0965,0.0963,0.0973,0.0975,0.0978,0.0983,0.0988,0.0991,0.0996,0.0996,0.0997,0.1001,0.1006,0.1008,0.1011,0.1015,0.1015,0.102,0.102,0.1026,0.1027,0.1031,0.1021,0.1025,0.1014,0.1024,0.1027,0.1042,0.1039,0.105,0.1066,0.1056,0.1055,0.106,0.1066,0.1069,0.1064,0.1079,0.1076,0.1088,0.1095,0.1097,0.1096,0.1109,0.1112,0.1109,0.1106,0.1121,0.1123,0.1112,0.1122,0.1124,0.1146,0.115,0.1154,0.1142,0.1164,0.1154,0.1149,0.1158,0.1178,0.1189,0.1181,0.1182,0.1186,0.1185,0.1189
,,,,,,,,,,,,,,,,,,,,,,,,,,,,,,,,,,,,,,,,,,,,,,,,,,,,,,,,,,,,,,,,,,,,,,,,,,,,,,,,,,,,,,,,,,,,,,,,
Cycles / Well,,,,,,,,,,,,,,,,,,,,,,,,,,,,,,,,,,,,,,,,,,,,,,,,,,,,,,,,,,,,,,,,,,,,,,,,,,,,,,,,,,,,,,,,,,,,,,,,
A6,1,2,3,4,5,6,7,8,9,10,11,12,13,14,15,16,17,18,19,20,21,22,23,24,25,26,27,28,29,30,31,32,33,34,35,36,37,38,39,40,41,42,43,44,45,46,47,48,49,50,51,52,53,54,55,56,57,58,59,60,61,62,63,64,65,66,67,68,69,70,71,72,73,74,75,76,77,78,79,80,81,82,83,84,85,86,87,88,89,90,91,92,93,94,95,96
Time [s],0,1799.827,3599.741,5399.669,7199.582,8999.52,10799.439,12599.362,14399.295,16199.216,17999.146,19799.079,21599.004,23398.923,25198.859,26998.777,28798.697,30598.623,32398.553,34198.485,35998.416,37798.341,39598.268,41398.198,43198.124,44998.054,46797.976,48597.918,50397.831,52197.762,53997.692,55797.629,57597.534,59397.461,61197.38,62997.315,64797.24,66597.165,68397.092,70197.031,71996.926,73796.86,75596.777,77396.712,79196.627,80996.562,82796.484,84596.403,86396.337,88196.281,89996.203,91796.133,93596.059,95395.99,97195.917,98995.844,100795.796,102595.694,104395.689,106195.553,107995.487,109795.413,111595.34,113395.273,115195.195,116995.132,118795.052,120594.981,122394.898,124194.845,125994.76,127794.681,129594.622,131394.544,133194.474,134994.397,136794.315,138594.255,140394.181,142194.115,143994.039,145793.949,147593.888,149393.809,151193.742,152993.677,154793.597,156593.512,158393.435,160193.362,161993.31,163793.212,165593.147,167393.086,169192.983,170992.91
Temp. [°C],20.1,30,29.8,30,30.1,30,29.9,30.1,30.1,30.1,30,30,30,30,30,30,30,30,30,30,30,30,30.1,30.1,30.1,30.1,30,30,30.1,30.1,30,30,30.1,30,29.9,30,30.1,30,30.1,29.9,30.1,29.8,30,29.9,30.1,30,30,29.9,30,30,30,30.1,29.9,30.2,30.1,30.1,30.1,30,30,30,30,30,30,30,30,30,30.1,30,30,30.2,30,30.1,30,30.1,30,30,30,30,30,30,29.9,30.1,30.1,30.1,30.1,30.1,29.9,30,29.8,30.1,30.1,29.8,29.9,30,30,30
Mean,0.09556,0.09516,0.09522,0.09538,0.09538,0.09538,0.09532,0.09532,0.09538,0.0954,0.09546,0.09546,0.09542,0.0954,0.09552,0.09552,0.0955,0.09558,0.09554,0.0956,0.09564,0.0957,0.09574,0.0957,0.09584,0.09592,0.09582,0.09612,0.09614,0.09618,0.0962,0.09636,0.09644,0.09648,0.09662,0.09676,0.0968,0.09676,0.09682,0.0968,0.0969,0.09718,0.09722,0.09716,0.09728,0.09724,0.09744,0.09754,0.09748,0.09766,0.09772,0.09748,0.0976,0.09736,0.09762,0.09772,0.098,0.09808,0.0983,0.09854,0.0985,0.09828,0.09862,0.0985,0.09866,0.09842,0.09874,0.09888,0.09914,0.09908,0.09924,0.09912,0.09928,0.09964,0.09922,0.09992,0.09968,0.09994,0.09952,0.09984,0.09986,0.10032,0.10034,0.10036,0.10044,0.1006,0.1006,0.10044,0.10072,0.10066,0.10138,0.1012,0.10082,0.10098,0.10144,0.1012
StDev,0.002806778,0.002876282,0.002793206,0.00280125,0.002840246,0.002834078,0.002852543,0.002885654,0.0028735,0.002902585,0.002831607,0.002767309,0.00279589,0.002808024,0.002854295,0.002803034,0.002815138,0.002697592,0.002687564,0.002666458,0.002675444,0.002600961,0.002554016,0.002508984,0.0024986,0.002513364,0.002476288,0.002396247,0.002345847,0.002336022,0.002272664,0.00232336,0.002310411,0.002305862,0.002322068,0.002315815,0.002380126,0.002473459,0.002406657,0.002456624,0.002501999,0.002687378,0.002737152,0.002717168,0.00294822,0.00289275,0.003058267,0.003308021,0.003215121,0.00356132,0.003599583,0.003116408,0.003396322,0.00303282,0.003523776,0.003785102,0.004130981,0.004096584,0.004602717,0.00513303,0.005079862,0.004746788,0.005475126,0.005217279,0.00523431,0.00507415,0.005622099,0.005788091,0.006468617,0.00629738,0.006738546,0.006341687,0.006815204,0.007362608,0.006542706,0.007810698,0.007447281,0.008109131,0.007284024,0.008077933,0.007956004,0.008870006,0.009082841,0.008846638,0.009144561,0.009715194,0.009474439,0.009128691,0.009854542,0.009654947,0.011131577,0.010948973,0.010169661,0.010675064,0.011195222,0.010835128
1;2,0.0982,0.098,0.0978,0.0979,0.0979,0.098,0.0979,0.098,0.098,0.098,0.098,0.0981,0.098,0.098,0.0981,0.098,0.098,0.0981,0.098,0.098,0.0981,0.0981,0.0981,0.0979,0.0981,0.0982,0.098,0.0981,0.0982,0.0981,0.098,0.0982,0.0982,0.0982,0.0981,0.0981,0.0982,0.0981,0.0982,0.098,0.0981,0.0982,0.0982,0.0982,0.0981,0.0981,0.0981,0.0981,0.0981,0.0981,0.098,0.098,0.098,0.0979,0.098,0.0979,0.0981,0.0981,0.0981,0.0981,0.0981,0.0981,0.0981,0.098,0.0982,0.0979,0.0979,0.098,0.0979,0.098,0.0979,0.098,0.098,0.0981,0.0981,0.0981,0.0981,0.098,0.0979,0.098,0.098,0.0979,0.0978,0.098,0.0979,0.0979,0.0979,0.0979,0.0979,0.0978,0.098,0.0978,0.0978,0.0977,0.0979,0.0977
2;1,0.0945,0.094,0.0941,0.0942,0.0942,0.0942,0.0942,0.0941,0.0942,0.0941,0.0942,0.0942,0.0941,0.0941,0.0942,0.0942,0.0942,0.0941,0.0941,0.0941,0.0942,0.0942,0.0942,0.0941,0.0942,0.0942,0.0941,0.0943,0.0942,0.0942,0.0943,0.0943,0.0943,0.0942,0.0943,0.0944,0.0943,0.0941,0.0943,0.0942,0.0943,0.0944,0.0944,0.0944,0.0943,0.0943,0.0944,0.0942,0.0942,0.0943,0.0944,0.0944,0.0944,0.0944,0.0942,0.0942,0.0943,0.0943,0.0944,0.0943,0.0942,0.0943,0.0941,0.0942,0.0944,0.0942,0.0943,0.0943,0.0943,0.0942,0.0943,0.0943,0.0942,0.0943,0.0943,0.0944,0.0943,0.0942,0.0942,0.0941,0.0942,0.0944,0.0942,0.0945,0.0944,0.0942,0.0944,0.0944,0.0943,0.0944,0.0943,0.0943,0.0944,0.0943,0.0945,0.0945
2;2,0.0987,0.0983,0.0984,0.0986,0.0987,0.0986,0.0986,0.0986,0.0987,0.0988,0.0988,0.0986,0.0987,0.0987,0.0989,0.0989,0.0989,0.0988,0.0988,0.0989,0.0989,0.0989,0.0989,0.0989,0.099,0.0991,0.099,0.0993,0.0991,0.0992,0.0992,0.0993,0.0993,0.0992,0.0993,0.0993,0.0993,0.0993,0.0994,0.0992,0.0993,0.0995,0.0994,0.0994,0.0993,0.0993,0.0994,0.0995,0.0995,0.0995,0.0994,0.0996,0.0994,0.0995,0.0995,0.0995,0.0996,0.0996,0.0995,0.0995,0.0996,0.0995,0.0995,0.0995,0.0996,0.0994,0.0995,0.0997,0.0996,0.0996,0.0996,0.0997,0.0995,0.0996,0.0996,0.0998,0.0996,0.0996,0.0997,0.0996,0.0997,0.0997,0.0997,0.0997,0.0998,0.0997,0.0997,0.0997,0.0997,0.0997,0.0998,0.0997,0.0996,0.0995,0.0998,0.0998
2;3,0.0943,0.0938,0.094,0.0943,0.0942,0.0942,0.0941,0.0941,0.0941,0.0942,0.0942,0.0942,0.0941,0.094,0.0942,0.0942,0.0941,0.0942,0.0941,0.0941,0.0941,0.0941,0.0941,0.0942,0.0941,0.0941,0.0942,0.0943,0.0941,0.0941,0.0942,0.0941,0.0941,0.0941,0.0941,0.0942,0.0942,0.0941,0.0942,0.0941,0.0941,0.0942,0.0942,0.0941,0.0941,0.0941,0.0942,0.0942,0.0942,0.094,0.0941,0.0942,0.0941,0.0941,0.0941,0.094,0.094,0.0943,0.0941,0.0941,0.0941,0.0939,0.094,0.094,0.0941,0.0941,0.0941,0.0941,0.094,0.0941,0.0939,0.094,0.094,0.0941,0.094,0.0941,0.0941,0.0941,0.094,0.0939,0.094,0.094,0.094,0.094,0.0939,0.0938,0.094,0.094,0.0939,0.094,0.094,0.0939,0.0938,0.0938,0.094,0.0939
3;2,0.0921,0.0917,0.0918,0.0919,0.0919,0.0919,0.0918,0.0918,0.0919,0.0919,0.0921,0.0922,0.0922,0.0922,0.0922,0.0923,0.0923,0.0927,0.0927,0.0929,0.0929,0.0932,0.0934,0.0934,0.0938,0.094,0.0938,0.0946,0.0951,0.0953,0.0953,0.0959,0.0963,0.0967,0.0973,0.0978,0.098,0.0982,0.098,0.0985,0.0987,0.0996,0.0999,0.0997,0.1006,0.1004,0.1011,0.1017,0.1014,0.1024,0.1027,0.1012,0.1021,0.1009,0.1023,0.103,0.104,0.1041,0.1054,0.1067,0.1065,0.1056,0.1074,0.1068,0.107,0.1065,0.1079,0.1083,0.1099,0.1095,0.1105,0.1096,0.1107,0.1121,0.1101,0.1132,0.1123,0.1138,0.1118,0.1136,0.1134,0.1156,0.116,0.1156,0.1162,0.1174,0.117,0.1162,0.1178,0.1174,0.1208,0.1203,0.1185,0.1196,0.121,0.1201
,,,,,,,,,,,,,,,,,,,,,,,,,,,,,,,,,,,,,,,,,,,,,,,,,,,,,,,,,,,,,,,,,,,,,,,,,,,,,,,,,,,,,,,,,,,,,,,,
Cycles / Well,,,,,,,,,,,,,,,,,,,,,,,,,,,,,,,,,,,,,,,,,,,,,,,,,,,,,,,,,,,,,,,,,,,,,,,,,,,,,,,,,,,,,,,,,,,,,,,,
A7,1,2,3,4,5,6,7,8,9,10,11,12,13,14,15,16,17,18,19,20,21,22,23,24,25,26,27,28,29,30,31,32,33,34,35,36,37,38,39,40,41,42,43,44,45,46,47,48,49,50,51,52,53,54,55,56,57,58,59,60,61,62,63,64,65,66,67,68,69,70,71,72,73,74,75,76,77,78,79,80,81,82,83,84,85,86,87,88,89,90,91,92,93,94,95,96
Time [s],0,1799.827,3599.741,5399.669,7199.582,8999.52,10799.439,12599.362,14399.295,16199.216,17999.146,19799.079,21599.004,23398.923,25198.859,26998.777,28798.697,30598.623,32398.553,34198.485,35998.416,37798.341,39598.268,41398.198,43198.124,44998.054,46797.976,48597.918,50397.831,52197.762,53997.692,55797.629,57597.534,59397.461,61197.38,62997.315,64797.24,66597.165,68397.092,70197.031,71996.926,73796.86,75596.777,77396.712,79196.627,80996.562,82796.484,84596.403,86396.337,88196.281,89996.203,91796.133,93596.059,95395.99,97195.917,98995.844,100795.796,102595.694,104395.689,106195.553,107995.487,109795.413,111595.34,113395.273,115195.195,116995.132,118795.052,120594.981,122394.898,124194.845,125994.76,127794.681,129594.622,131394.544,133194.474,134994.397,136794.315,138594.255,140394.181,142194.115,143994.039,145793.949,147593.888,149393.809,151193.742,152993.677,154793.597,156593.512,158393.435,160193.362,161993.31,163793.212,165593.147,167393.086,169192.983,170992.91
Temp. [°C],20.1,30,29.8,30,30.1,30,29.9,30.1,30.1,30.1,30,30,30,30,30,30,30,30,30,30,30,30,30.1,30.1,30.1,30.1,30,30,30.1,30.1,30,30,30.1,30,29.9,30,30.1,30,30.1,29.9,30.1,29.8,30,29.9,30.1,30,30,29.9,30,30,30,30.1,29.9,30.2,30.1,30.1,30.1,30,30,30,30,30,30,30,30,30,30.1,30,30,30.2,30,30.1,30,30.1,30,30,30,30,30,30,29.9,30.1,30.1,30.1,30.1,30.1,29.9,30,29.8,30.1,30.1,29.8,29.9,30,30,30
Mean,0.09604,0.09558,0.09564,0.09582,0.09584,0.09586,0.0958,0.09576,0.09586,0.09594,0.09602,0.096,0.0961,0.09604,0.0961,0.09604,0.09612,0.09624,0.0963,0.09634,0.09642,0.09652,0.09658,0.0964,0.09672,0.09676,0.09662,0.09698,0.09704,0.09714,0.09708,0.0973,0.09738,0.09754,0.09748,0.09774,0.09776,0.09766,0.09768,0.09778,0.09786,0.09794,0.0981,0.09822,0.09814,0.09814,0.09826,0.09848,0.09826,0.09832,0.09846,0.09818,0.09838,0.098,0.09828,0.0984,0.09866,0.09874,0.09894,0.09896,0.09886,0.09886,0.0993,0.09902,0.09916,0.0989,0.09932,0.09922,0.0994,0.09958,0.09962,0.0995,0.09952,0.09994,0.09976,0.10002,0.09998,0.1,0.09976,0.1001,0.10018,0.10032,0.10046,0.1005,0.1005,0.10072,0.10048,0.10084,0.10072,0.1009,0.10128,0.10122,0.10116,0.10112,0.10142,0.1015
StDev,0.002463331,0.00254303,0.00247548,0.00236791,0.002391234,0.002362837,0.002329163,0.002310411,0.002251222,0.002225534,0.002239866,0.002219234,0.002105944,0.00215824,0.002188607,0.002207487,0.002118254,0.002068333,0.00210119,0.002061068,0.002070507,0.002162637,0.002190205,0.002127205,0.002284075,0.002294123,0.002140561,0.002401458,0.002636854,0.002614957,0.002640455,0.002839014,0.003042532,0.003303483,0.003258374,0.003507563,0.003723976,0.003639093,0.003458612,0.003720484,0.003934844,0.003907429,0.00423143,0.004269895,0.004410556,0.004285207,0.004508104,0.004907341,0.004645751,0.004823588,0.00492321,0.004370011,0.00479239,0.004071855,0.004670867,0.005075924,0.00546379,0.005315825,0.005828207,0.006074784,0.005912529,0.005881156,0.006518819,0.006202983,0.006183284,0.006002083,0.006673605,0.006591434,0.00699035,0.007341458,0.007415996,0.007159958,0.007399797,0.008102654,0.00772936,0.008164068,0.008113692,0.008324362,0.007775153,0.008518509,0.00851892,0.009084437,0.009499105,0.009331934,0.009424702,0.01001434,0.009333381,0.010057982,0.00984769,0.010069508,0.01107145,0.011047941,0.0109685,0.010988039,0.01110707,0.01155422
1;2,0.0985,0.0981,0.0981,0.098,0.0981,0.0981,0.098,0.098,0.098,0.0981,0.0982,0.0981,0.098,0.0981,0.0981,0.0981,0.098,0.098,0.0981,0.098,0.098,0.0981,0.0981,0.098,0.0981,0.0981,0.098,0.0981,0.098,0.098,0.098,0.0982,0.0981,0.0981,0.0981,0.0981,0.0981,0.0979,0.0981,0.0981,0.0981,0.098,0.0981,0.0982,0.098,0.098,0.0981,0.0981,0.098,0.098,0.098,0.0979,0.0977,0.0977,0.0978,0.0977,0.0978,0.098,0.098,0.0979,0.0978,0.098,0.098,0.0979,0.098,0.0977,0.0978,0.098,0.0978,0.0979,0.0978,0.0978,0.0978,0.0978,0.0978,0.0979,0.0978,0.0977,0.0978,0.0979,0.0977,0.0976,0.0975,0.0977,0.0977,0.0976,0.0977,0.0977,0.0976,0.0977,0.0976,0.0976,0.0975,0.0975,0.0978,0.0976
2;1,0.094,0.0938,0.0939,0.0941,0.0941,0.094,0.0939,0.0939,0.0939,0.0939,0.094,0.094,0.094,0.0939,0.094,0.0938,0.0939,0.0939,0.0939,0.094,0.0939,0.0939,0.0939,0.0938,0.0939,0.0938,0.0939,0.094,0.0939,0.094,0.0939,0.094,0.0939,0.0939,0.0939,0.094,0.0938,0.0938,0.094,0.094,0.0938,0.094,0.094,0.0941,0.0939,0.0941,0.094,0.094,0.0939,0.0939,0.094,0.0941,0.0941,0.0941,0.094,0.0939,0.0939,0.0941,0.094,0.094,0.094,0.094,0.0941,0.0939,0.0941,0.094,0.0941,0.094,0.094,0.094,0.094,0.094,0.0939,0.094,0.0941,0.0941,0.0941,0.0942,0.094,0.0939,0.0941,0.094,0.094,0.094,0.094,0.094,0.0941,0.0941,0.0941,0.0942,0.0942,0.0941,0.0941,0.0941,0.0943,0.0942
2;2,0.0989,0.0985,0.0985,0.0987,0.0987,0.0987,0.0986,0.0985,0.0986,0.0986,0.0987,0.0987,0.0987,0.0986,0.0988,0.0987,0.0987,0.0987,0.0987,0.0988,0.0987,0.0988,0.0988,0.0987,0.0988,0.0989,0.0988,0.0989,0.0989,0.0989,0.0989,0.099,0.099,0.099,0.099,0.0991,0.0991,0.099,0.0991,0.099,0.099,0.0991,0.0991,0.0992,0.0991,0.0991,0.0992,0.0993,0.0991,0.0991,0.0991,0.0992,0.0992,0.0993,0.0992,0.0992,0.0993,0.0994,0.0993,0.0992,0.0992,0.0992,0.0993,0.0992,0.0994,0.0993,0.0994,0.0993,0.0992,0.0993,0.0993,0.0993,0.0994,0.0993,0.0994,0.0993,0.0992,0.0992,0.0993,0.0993,0.0995,0.0993,0.0993,0.0995,0.0993,0.0993,0.0994,0.0994,0.0994,0.0994,0.0994,0.0993,0.0993,0.0992,0.0995,0.0994
2;3,0.0949,0.0945,0.0945,0.0948,0.0948,0.0948,0.0948,0.0947,0.0946,0.0947,0.0947,0.0948,0.0947,0.0945,0.0946,0.0946,0.0946,0.0947,0.0946,0.0947,0.0947,0.0946,0.0946,0.0946,0.0946,0.0948,0.0948,0.0948,0.0946,0.0948,0.0947,0.0947,0.0947,0.0947,0.0946,0.0948,0.0947,0.0947,0.0947,0.0946,0.0947,0.0948,0.0947,0.0948,0.0947,0.0947,0.0947,0.0947,0.0947,0.0946,0.0948,0.0947,0.0948,0.0947,0.0947,0.0946,0.0947,0.0948,0.0948,0.0946,0.0946,0.0945,0.0948,0.0947,0.0948,0.0946,0.0947,0.0945,0.0947,0.0946,0.0947,0.0947,0.0944,0.0947,0.0945,0.0947,0.0948,0.0945,0.0946,0.0946,0.0947,0.0946,0.0945,0.0946,0.0946,0.0945,0.0945,0.0946,0.0946,0.0947,0.0945,0.0945,0.0945,0.0944,0.0946,0.0945
3;2,0.0939,0.093,0.0932,0.0935,0.0935,0.0937,0.0937,0.0937,0.0942,0.0944,0.0945,0.0944,0.0951,0.0951,0.095,0.095,0.0954,0.0959,0.0962,0.0962,0.0968,0.0972,0.0975,0.0969,0.0982,0.0982,0.0976,0.0991,0.0998,0.1,0.0999,0.1006,0.1012,0.102,0.1018,0.1027,0.1031,0.1029,0.1025,0.1032,0.1037,0.1038,0.1046,0.1048,0.105,0.1048,0.1053,0.1063,0.1056,0.106,0.1064,0.105,0.1061,0.1042,0.1057,0.1066,0.1076,0.1074,0.1086,0.1091,0.1087,0.1086,0.1103,0.1094,0.1095,0.1089,0.1106,0.1103,0.1113,0.1121,0.1123,0.1117,0.1121,0.1139,0.113,0.1141,0.114,0.1144,0.1131,0.1148,0.1149,0.1161,0.117,0.1167,0.1169,0.1182,0.1167,0.1184,0.1179,0.1185,0.1207,0.1206,0.1204,0.1204,0.1209,0.1218
,,,,,,,,,,,,,,,,,,,,,,,,,,,,,,,,,,,,,,,,,,,,,,,,,,,,,,,,,,,,,,,,,,,,,,,,,,,,,,,,,,,,,,,,,,,,,,,,
Cycles / Well,,,,,,,,,,,,,,,,,,,,,,,,,,,,,,,,,,,,,,,,,,,,,,,,,,,,,,,,,,,,,,,,,,,,,,,,,,,,,,,,,,,,,,,,,,,,,,,,
A8,1,2,3,4,5,6,7,8,9,10,11,12,13,14,15,16,17,18,19,20,21,22,23,24,25,26,27,28,29,30,31,32,33,34,35,36,37,38,39,40,41,42,43,44,45,46,47,48,49,50,51,52,53,54,55,56,57,58,59,60,61,62,63,64,65,66,67,68,69,70,71,72,73,74,75,76,77,78,79,80,81,82,83,84,85,86,87,88,89,90,91,92,93,94,95,96
Time [s],0,1799.827,3599.741,5399.669,7199.582,8999.52,10799.439,12599.362,14399.295,16199.216,17999.146,19799.079,21599.004,23398.923,25198.859,26998.777,28798.697,30598.623,32398.553,34198.485,35998.416,37798.341,39598.268,41398.198,43198.124,44998.054,46797.976,48597.918,50397.831,52197.762,53997.692,55797.629,57597.534,59397.461,61197.38,62997.315,64797.24,66597.165,68397.092,70197.031,71996.926,73796.86,75596.777,77396.712,79196.627,80996.562,82796.484,84596.403,86396.337,88196.281,89996.203,91796.133,93596.059,95395.99,97195.917,98995.844,100795.796,102595.694,104395.689,106195.553,107995.487,109795.413,111595.34,113395.273,115195.195,116995.132,118795.052,120594.981,122394.898,124194.845,125994.76,127794.681,129594.622,131394.544,133194.474,134994.397,136794.315,138594.255,140394.181,142194.115,143994.039,145793.949,147593.888,149393.809,151193.742,152993.677,154793.597,156593.512,158393.435,160193.362,161993.31,163793.212,165593.147,167393.086,169192.983,170992.91
Temp. [°C],20.1,30,29.8,30,30.1,30,29.9,30.1,30.1,30.1,30,30,30,30,30,30,30,30,30,30,30,30,30.1,30.1,30.1,30.1,30,30,30.1,30.1,30,30,30.1,30,29.9,30,30.1,30,30.1,29.9,30.1,29.8,30,29.9,30.1,30,30,29.9,30,30,30,30.1,29.9,30.2,30.1,30.1,30.1,30,30,30,30,30,30,30,30,30,30.1,30,30,30.2,30,30.1,30,30.1,30,30,30,30,30,30,29.9,30.1,30.1,30.1,30.1,30.1,29.9,30,29.8,30.1,30.1,29.8,29.9,30,30,30
Mean,0.09752,0.097,0.09722,0.09744,0.09754,0.0974,0.0974,0.09752,0.0976,0.09784,0.0979,0.09794,0.09816,0.09802,0.09808,0.0981,0.09816,0.09826,0.09826,0.09828,0.09846,0.09844,0.09854,0.09838,0.0986,0.09854,0.09838,0.09888,0.09886,0.09892,0.09892,0.09914,0.09904,0.0992,0.09922,0.09922,0.09918,0.0991,0.09918,0.09918,0.0992,0.09936,0.09928,0.09934,0.09922,0.09926,0.09948,0.09944,0.09936,0.09944,0.09942,0.09924,0.09942,0.09896,0.09924,0.0993,0.09958,0.09948,0.09974,0.0997,0.09966,0.09952,0.09964,0.09966,0.09982,0.09964,0.09996,0.10008,0.10004,0.10014,0.10022,0.10008,0.1003,0.10038,0.10018,0.10042,0.10052,0.10028,0.10024,0.10058,0.10058,0.10088,0.10086,0.1009,0.10102,0.10108,0.10094,0.10084,0.1011,0.10132,0.10148,0.10138,0.1012,0.1013,0.10144,0.10138
StDev,0.002393115,0.002249444,0.002161481,0.002164024,0.002218783,0.002198863,0.002253886,0.002445813,0.002434132,0.002578372,0.002664583,0.002774527,0.003127779,0.002932917,0.003069528,0.003120096,0.003169858,0.003309532,0.003439186,0.003420088,0.003711199,0.003703107,0.004015346,0.00375726,0.004182702,0.003986603,0.003659508,0.004333244,0.004476382,0.004668726,0.004466766,0.004902346,0.004829389,0.005130302,0.005170783,0.005111458,0.005125134,0.005130302,0.005039048,0.005228002,0.005230201,0.005621655,0.005414056,0.005415072,0.005495635,0.005500273,0.005937339,0.005815325,0.005678732,0.005987737,0.005825118,0.005259563,0.005694471,0.004976244,0.00535285,0.005791805,0.006217877,0.005880221,0.006400625,0.006574192,0.006544693,0.006252759,0.006663933,0.006748926,0.006707235,0.006465137,0.006952913,0.007280247,0.007343909,0.007444998,0.007635247,0.007159399,0.007851751,0.007999812,0.007316557,0.007893162,0.008164986,0.007795319,0.007829304,0.008346676,0.008408151,0.009047486,0.009221334,0.008915716,0.009284772,0.00968566,0.009121568,0.008961194,0.009625227,0.009983587,0.010351425,0.010135433,0.010058081,0.010226681,0.010207742,0.010185136
1;2,0.0997,0.099,0.099,0.099,0.0991,0.099,0.0989,0.0989,0.099,0.099,0.099,0.099,0.0989,0.0988,0.0988,0.0988,0.0989,0.0988,0.0988,0.0988,0.0988,0.0988,0.0988,0.0987,0.0988,0.0987,0.0988,0.0988,0.0987,0.0986,0.0988,0.0988,0.0987,0.0987,0.0987,0.0986,0.0986,0.0986,0.0986,0.0986,0.0986,0.0986,0.0987,0.0987,0.0986,0.0985,0.0984,0.0985,0.0986,0.0983,0.0983,0.0983,0.0982,0.0982,0.0982,0.0982,0.0984,0.0984,0.0985,0.0983,0.0982,0.0983,0.0981,0.0981,0.0983,0.0981,0.0982,0.0983,0.0981,0.0982,0.0982,0.0982,0.0982,0.0981,0.0983,0.0982,0.0981,0.0981,0.0981,0.0981,0.098,0.098,0.0979,0.098,0.0979,0.0979,0.098,0.0978,0.0979,0.0978,0.0979,0.0978,0.0977,0.0979,0.0979,0.0978
2;1,0.0958,0.0954,0.0955,0.0958,0.0958,0.0957,0.0955,0.0955,0.0957,0.0957,0.0958,0.0957,0.0957,0.0957,0.0957,0.0957,0.0957,0.0958,0.0956,0.0957,0.0957,0.0957,0.0957,0.0957,0.0956,0.0957,0.0957,0.096,0.0958,0.0958,0.0959,0.0959,0.0958,0.0959,0.0959,0.0959,0.0958,0.0958,0.096,0.0958,0.0958,0.0958,0.0958,0.0959,0.0957,0.0958,0.0958,0.0959,0.0957,0.0958,0.0959,0.0962,0.0961,0.0957,0.096,0.0959,0.0959,0.0959,0.0959,0.0958,0.0959,0.0957,0.0957,0.0957,0.0959,0.0959,0.096,0.0959,0.096,0.096,0.096,0.0962,0.096,0.0961,0.0961,0.096,0.0961,0.096,0.0959,0.0962,0.0961,0.0962,0.0961,0.0964,0.0963,0.0961,0.0963,0.0963,0.0962,0.0964,0.0963,0.0965,0.0962,0.0963,0.0964,0.0963
2;2,0.1001,0.0996,0.0996,0.0997,0.0997,0.0996,0.0996,0.0997,0.0996,0.0997,0.0997,0.0996,0.0996,0.0996,0.0997,0.0996,0.0997,0.0997,0.0996,0.0996,0.0997,0.0996,0.0996,0.0996,0.0996,0.0996,0.0996,0.0997,0.0998,0.0997,0.0997,0.0997,0.0998,0.0997,0.0997,0.0998,0.0997,0.0996,0.0998,0.0996,0.0997,0.0997,0.0997,0.0997,0.0996,0.0996,0.0996,0.0996,0.0997,0.0997,0.0997,0.0996,0.0997,0.0997,0.0996,0.0996,0.0996,0.0996,0.0997,0.0996,0.0996,0.0996,0.0996,0.0995,0.0996,0.0995,0.0997,0.0997,0.0996,0.0996,0.0997,0.0997,0.0996,0.0995,0.0997,0.0998,0.0998,0.0996,0.0996,0.0997,0.0998,0.0997,0.0996,0.0997,0.0997,0.0995,0.0997,0.0998,0.0996,0.0996,0.0997,0.0997,0.0995,0.0994,0.0997,0.0997
2;3,0.0946,0.0944,0.0946,0.0946,0.0946,0.0945,0.0945,0.0943,0.0943,0.0945,0.0944,0.0944,0.0944,0.0944,0.0943,0.0943,0.0943,0.0943,0.0943,0.0943,0.0943,0.0943,0.0941,0.0941,0.0941,0.0942,0.0942,0.0943,0.0942,0.0942,0.0943,0.0943,0.0942,0.0942,0.0942,0.0943,0.0943,0.0941,0.0942,0.0942,0.0942,0.0941,0.0941,0.0942,0.094,0.0941,0.0942,0.0941,0.0941,0.094,0.0941,0.0942,0.0942,0.0942,0.0943,0.0939,0.094,0.0942,0.0941,0.094,0.0939,0.094,0.0939,0.0939,0.0941,0.0941,0.0941,0.094,0.0939,0.094,0.0939,0.094,0.0939,0.094,0.0941,0.0941,0.094,0.094,0.0939,0.0939,0.0939,0.0939,0.0938,0.094,0.094,0.0939,0.0939,0.0939,0.0939,0.094,0.0939,0.0938,0.0938,0.0937,0.0939,0.0939
3;2,0.0974,0.0966,0.0974,0.0981,0.0985,0.0982,0.0985,0.0992,0.0994,0.1003,0.1006,0.101,0.1022,0.1016,0.1019,0.1021,0.1022,0.1027,0.103,0.103,0.1038,0.1038,0.1045,0.1038,0.1049,0.1045,0.1036,0.1056,0.1058,0.1063,0.1059,0.107,0.1067,0.1075,0.1076,0.1075,0.1075,0.1074,0.1073,0.1077,0.1077,0.1086,0.1081,0.1082,0.1082,0.1083,0.1094,0.1091,0.1087,0.1094,0.1091,0.1079,0.1089,0.107,0.1081,0.1089,0.11,0.1093,0.1105,0.1108,0.1107,0.11,0.1109,0.1111,0.1112,0.1106,0.1118,0.1125,0.1126,0.1129,0.1133,0.1123,0.1138,0.1142,0.1127,0.114,0.1146,0.1137,0.1137,0.115,0.1151,0.1166,0.1169,0.1164,0.1172,0.118,0.1168,0.1164,0.1179,0.1188,0.1196,0.1191,0.1188,0.1192,0.1193,0.1192
,,,,,,,,,,,,,,,,,,,,,,,,,,,,,,,,,,,,,,,,,,,,,,,,,,,,,,,,,,,,,,,,,,,,,,,,,,,,,,,,,,,,,,,,,,,,,,,,
Cycles / Well,,,,,,,,,,,,,,,,,,,,,,,,,,,,,,,,,,,,,,,,,,,,,,,,,,,,,,,,,,,,,,,,,,,,,,,,,,,,,,,,,,,,,,,,,,,,,,,,
A9,1,2,3,4,5,6,7,8,9,10,11,12,13,14,15,16,17,18,19,20,21,22,23,24,25,26,27,28,29,30,31,32,33,34,35,36,37,38,39,40,41,42,43,44,45,46,47,48,49,50,51,52,53,54,55,56,57,58,59,60,61,62,63,64,65,66,67,68,69,70,71,72,73,74,75,76,77,78,79,80,81,82,83,84,85,86,87,88,89,90,91,92,93,94,95,96
Time [s],0,1799.827,3599.741,5399.669,7199.582,8999.52,10799.439,12599.362,14399.295,16199.216,17999.146,19799.079,21599.004,23398.923,25198.859,26998.777,28798.697,30598.623,32398.553,34198.485,35998.416,37798.341,39598.268,41398.198,43198.124,44998.054,46797.976,48597.918,50397.831,52197.762,53997.692,55797.629,57597.534,59397.461,61197.38,62997.315,64797.24,66597.165,68397.092,70197.031,71996.926,73796.86,75596.777,77396.712,79196.627,80996.562,82796.484,84596.403,86396.337,88196.281,89996.203,91796.133,93596.059,95395.99,97195.917,98995.844,100795.796,102595.694,104395.689,106195.553,107995.487,109795.413,111595.34,113395.273,115195.195,116995.132,118795.052,120594.981,122394.898,124194.845,125994.76,127794.681,129594.622,131394.544,133194.474,134994.397,136794.315,138594.255,140394.181,142194.115,143994.039,145793.949,147593.888,149393.809,151193.742,152993.677,154793.597,156593.512,158393.435,160193.362,161993.31,163793.212,165593.147,167393.086,169192.983,170992.91
Temp. [°C],20.1,30,29.8,30,30.1,30,29.9,30.1,30.1,30.1,30,30,30,30,30,30,30,30,30,30,30,30,30.1,30.1,30.1,30.1,30,30,30.1,30.1,30,30,30.1,30,29.9,30,30.1,30,30.1,29.9,30.1,29.8,30,29.9,30.1,30,30,29.9,30,30,30,30.1,29.9,30.2,30.1,30.1,30.1,30,30,30,30,30,30,30,30,30,30.1,30,30,30.2,30,30.1,30,30.1,30,30,30,30,30,30,29.9,30.1,30.1,30.1,30.1,30.1,29.9,30,29.8,30.1,30.1,29.8,29.9,30,30,30
Mean,0.09532,0.095,0.0951,0.09516,0.09518,0.09524,0.09516,0.09514,0.09524,0.09526,0.09532,0.09534,0.09528,0.09526,0.0953,0.09528,0.09528,0.0953,0.09532,0.09532,0.09538,0.09536,0.09534,0.09528,0.09542,0.09542,0.09546,0.09558,0.09548,0.09556,0.09562,0.09568,0.09572,0.09572,0.0958,0.09596,0.09604,0.096,0.0961,0.09612,0.0962,0.09638,0.0964,0.09648,0.0965,0.0965,0.09662,0.09694,0.09684,0.09694,0.09706,0.09698,0.09716,0.09698,0.09714,0.09734,0.09748,0.09778,0.09812,0.09806,0.09814,0.09808,0.09846,0.09846,0.09856,0.09856,0.09886,0.099,0.09926,0.09922,0.09948,0.09946,0.09992,0.09998,0.09966,0.10024,0.10028,0.10018,0.10002,0.10056,0.10076,0.10084,0.10108,0.10122,0.10138,0.1015,0.10148,0.10182,0.10182,0.10222,0.10254,0.10236,0.10222,0.10244,0.10274,0.1027
StDev,0.002398333,0.002388514,0.002518928,0.002556951,0.002684586,0.002713485,0.00270518,0.002820106,0.002851842,0.002980436,0.002927798,0.002910842,0.002963444,0.003033645,0.003032326,0.003059739,0.003060556,0.003130495,0.00312442,0.003115606,0.003160222,0.00316828,0.00312538,0.003141178,0.003105962,0.003092248,0.00312618,0.003086584,0.003080097,0.002987139,0.003016952,0.003058104,0.003021093,0.002907232,0.002875761,0.002751908,0.002776329,0.002781187,0.0027,0.002692025,0.002678619,0.002613809,0.002620115,0.002630969,0.002680485,0.0027377,0.002733496,0.002895341,0.002836018,0.003028696,0.003059902,0.002955842,0.003098871,0.002903791,0.003110145,0.003439186,0.003669741,0.003914333,0.004542796,0.004594888,0.004761617,0.004713491,0.00538962,0.005318176,0.005364047,0.005564441,0.005988572,0.006327322,0.006855873,0.006812635,0.007332598,0.00716924,0.008284141,0.008216873,0.007564258,0.008721124,0.008758253,0.0088092,0.008522148,0.009669178,0.010057236,0.010502524,0.010733452,0.010771815,0.011383189,0.011705341,0.011507041,0.012247734,0.012282386,0.013049598,0.013811698,0.013348521,0.013208785,0.013750745,0.013971328,0.014103191
1;2,0.0987,0.0982,0.0984,0.0983,0.0984,0.0984,0.0983,0.0984,0.0985,0.0985,0.0985,0.0985,0.0985,0.0984,0.0985,0.0985,0.0984,0.0985,0.0985,0.0984,0.0985,0.0985,0.0984,0.0984,0.0985,0.0984,0.0985,0.0985,0.0984,0.0984,0.0985,0.0986,0.0985,0.0984,0.0985,0.0984,0.0985,0.0984,0.0985,0.0984,0.0986,0.0985,0.0984,0.0985,0.0985,0.0984,0.0984,0.0984,0.0984,0.0983,0.0983,0.0982,0.0982,0.0981,0.0982,0.0982,0.0982,0.0984,0.0985,0.0984,0.0982,0.0983,0.0982,0.0984,0.0983,0.0982,0.0983,0.0983,0.0983,0.0983,0.0982,0.0982,0.0984,0.0982,0.0982,0.0983,0.0984,0.0982,0.098,0.0981,0.0981,0.098,0.0981,0.0982,0.0981,0.0981,0.0981,0.0981,0.0981,0.0981,0.0981,0.098,0.098,0.098,0.0982,0.0981
2;1,0.0935,0.0932,0.0933,0.0933,0.0933,0.0934,0.0933,0.0931,0.0932,0.0932,0.0933,0.0934,0.0933,0.0932,0.0932,0.0932,0.0932,0.0931,0.0933,0.0932,0.0932,0.0932,0.0932,0.0931,0.0932,0.0932,0.0932,0.0933,0.0931,0.0932,0.0932,0.0931,0.0932,0.0931,0.0931,0.0932,0.0932,0.0931,0.0932,0.093,0.0932,0.0933,0.0932,0.0933,0.0931,0.0931,0.0932,0.0932,0.0932,0.0931,0.0932,0.0932,0.0932,0.0933,0.0933,0.0932,0.0932,0.0934,0.0931,0.0933,0.0932,0.093,0.0933,0.0933,0.0934,0.0932,0.0932,0.0932,0.0932,0.0932,0.0933,0.0934,0.0932,0.0935,0.0934,0.0935,0.0935,0.0933,0.0933,0.0934,0.0933,0.0933,0.0934,0.0936,0.0935,0.0934,0.0935,0.0935,0.0936,0.0937,0.0936,0.0938,0.0937,0.0937,0.0938,0.0937
2;2,0.0969,0.0968,0.0971,0.0974,0.0976,0.0978,0.0977,0.0978,0.098,0.0983,0.0983,0.0983,0.0983,0.0985,0.0985,0.0985,0.0986,0.0987,0.0987,0.0988,0.0989,0.0989,0.0989,0.0988,0.0989,0.099,0.099,0.0992,0.0991,0.0991,0.0992,0.0993,0.0994,0.0993,0.0993,0.0994,0.0995,0.0995,0.0994,0.0994,0.0994,0.0995,0.0995,0.0995,0.0994,0.0996,0.0997,0.0997,0.0995,0.0996,0.0997,0.0999,0.0997,0.0997,0.0997,0.0996,0.0998,0.0998,0.0998,0.0997,0.0999,0.0998,0.0998,0.0996,0.0998,0.0997,0.0999,0.0999,0.0999,0.0998,0.0998,0.0998,0.0998,0.0999,0.1,0.0999,0.0999,0.0998,0.0999,0.0998,0.0999,0.0998,0.0998,0.1,0.0998,0.0998,0.1,0.1,0.0998,0.0999,0.0999,0.0999,0.0998,0.0998,0.1,0.0999
2;3,0.0944,0.0941,0.0941,0.0943,0.0943,0.0943,0.0943,0.0943,0.0943,0.0943,0.0944,0.0944,0.0943,0.0943,0.0943,0.0943,0.0943,0.0943,0.0943,0.0943,0.0944,0.0943,0.0942,0.0942,0.0944,0.0943,0.0945,0.0945,0.0944,0.0944,0.0944,0.0945,0.0945,0.0943,0.0943,0.0945,0.0945,0.0944,0.0944,0.0945,0.0945,0.0945,0.0945,0.0944,0.0944,0.0943,0.0944,0.0945,0.0944,0.0943,0.0944,0.0945,0.0946,0.0945,0.0944,0.0944,0.0943,0.0944,0.0946,0.0942,0.0943,0.0944,0.0942,0.0943,0.0944,0.0944,0.0945,0.0944,0.0944,0.0944,0.0944,0.0945,0.0943,0.0944,0.0944,0.0944,0.0944,0.0944,0.0944,0.0943,0.0944,0.0941,0.0944,0.0944,0.0943,0.0943,0.0943,0.0943,0.0943,0.0943,0.0943,0.0943,0.0942,0.0941,0.0944,0.0943
3;2,0.0931,0.0927,0.0926,0.0925,0.0923,0.0923,0.0922,0.0921,0.0922,0.092,0.0921,0.0921,0.092,0.0919,0.092,0.0919,0.0919,0.0919,0.0918,0.0919,0.0919,0.0919,0.092,0.0919,0.0921,0.0922,0.0921,0.0924,0.0924,0.0927,0.0928,0.0929,0.093,0.0935,0.0938,0.0943,0.0945,0.0946,0.095,0.0953,0.0953,0.0961,0.0964,0.0967,0.0971,0.0971,0.0974,0.0989,0.0987,0.0994,0.0997,0.0991,0.1001,0.0993,0.1001,0.1013,0.1019,0.1029,0.1046,0.1047,0.1051,0.1049,0.1068,0.1067,0.1069,0.1073,0.1084,0.1092,0.1105,0.1104,0.1117,0.1114,0.1139,0.1139,0.1123,0.1151,0.1152,0.1152,0.1145,0.1172,0.1181,0.119,0.1197,0.1199,0.1212,0.1219,0.1215,0.1232,0.1233,0.1251,0.1268,0.1258,0.1254,0.1266,0.1273,0.1275
,,,,,,,,,,,,,,,,,,,,,,,,,,,,,,,,,,,,,,,,,,,,,,,,,,,,,,,,,,,,,,,,,,,,,,,,,,,,,,,,,,,,,,,,,,,,,,,,
Cycles / Well,,,,,,,,,,,,,,,,,,,,,,,,,,,,,,,,,,,,,,,,,,,,,,,,,,,,,,,,,,,,,,,,,,,,,,,,,,,,,,,,,,,,,,,,,,,,,,,,
A10,1,2,3,4,5,6,7,8,9,10,11,12,13,14,15,16,17,18,19,20,21,22,23,24,25,26,27,28,29,30,31,32,33,34,35,36,37,38,39,40,41,42,43,44,45,46,47,48,49,50,51,52,53,54,55,56,57,58,59,60,61,62,63,64,65,66,67,68,69,70,71,72,73,74,75,76,77,78,79,80,81,82,83,84,85,86,87,88,89,90,91,92,93,94,95,96
Time [s],0,1799.827,3599.741,5399.669,7199.582,8999.52,10799.439,12599.362,14399.295,16199.216,17999.146,19799.079,21599.004,23398.923,25198.859,26998.777,28798.697,30598.623,32398.553,34198.485,35998.416,37798.341,39598.268,41398.198,43198.124,44998.054,46797.976,48597.918,50397.831,52197.762,53997.692,55797.629,57597.534,59397.461,61197.38,62997.315,64797.24,66597.165,68397.092,70197.031,71996.926,73796.86,75596.777,77396.712,79196.627,80996.562,82796.484,84596.403,86396.337,88196.281,89996.203,91796.133,93596.059,95395.99,97195.917,98995.844,100795.796,102595.694,104395.689,106195.553,107995.487,109795.413,111595.34,113395.273,115195.195,116995.132,118795.052,120594.981,122394.898,124194.845,125994.76,127794.681,129594.622,131394.544,133194.474,134994.397,136794.315,138594.255,140394.181,142194.115,143994.039,145793.949,147593.888,149393.809,151193.742,152993.677,154793.597,156593.512,158393.435,160193.362,161993.31,163793.212,165593.147,167393.086,169192.983,170992.91
Temp. [°C],20.1,30,29.8,30,30.1,30,29.9,30.1,30.1,30.1,30,30,30,30,30,30,30,30,30,30,30,30,30.1,30.1,30.1,30.1,30,30,30.1,30.1,30,30,30.1,30,29.9,30,30.1,30,30.1,29.9,30.1,29.8,30,29.9,30.1,30,30,29.9,30,30,30,30.1,29.9,30.2,30.1,30.1,30.1,30,30,30,30,30,30,30,30,30,30.1,30,30,30.2,30,30.1,30,30.1,30,30,30,30,30,30,29.9,30.1,30.1,30.1,30.1,30.1,29.9,30,29.8,30.1,30.1,29.8,29.9,30,30,30
Mean,0.0971,0.09618,0.0964,0.09654,0.09664,0.09664,0.09658,0.09658,0.09654,0.0966,0.09672,0.09668,0.09666,0.09664,0.09668,0.09664,0.09664,0.09676,0.09664,0.0967,0.0967,0.09684,0.09678,0.09676,0.09696,0.09716,0.0971,0.09714,0.0972,0.09716,0.09742,0.0974,0.09734,0.09754,0.09756,0.09768,0.0978,0.09764,0.09778,0.09784,0.09788,0.0981,0.09802,0.09804,0.09818,0.0978,0.09802,0.09824,0.09818,0.09824,0.09798,0.09816,0.09832,0.09802,0.09798,0.09808,0.09814,0.09834,0.0986,0.0985,0.09862,0.0984,0.0985,0.09846,0.0984,0.09826,0.09838,0.09844,0.09846,0.09848,0.09858,0.09848,0.09852,0.09866,0.09834,0.09876,0.09866,0.09862,0.09854,0.09868,0.0989,0.099,0.09898,0.09896,0.09898,0.09892,0.09904,0.09904,0.09908,0.09928,0.09928,0.0993,0.09908,0.09918,0.09934,0.09928
StDev,0.002937686,0.003557668,0.003629738,0.003639093,0.003667151,0.003697702,0.003690122,0.003661557,0.003639093,0.003657868,0.003588454,0.003634144,0.003594162,0.003636344,0.003520937,0.003595553,0.003525337,0.00348181,0.003390133,0.003489986,0.003397058,0.003276126,0.003174429,0.003207491,0.003099677,0.002919418,0.002905168,0.002960236,0.002752272,0.002780827,0.002582053,0.002643861,0.00263875,0.002502599,0.002556951,0.002544013,0.002459675,0.002485558,0.002603267,0.002471437,0.002523292,0.002676752,0.002562616,0.002554995,0.002804817,0.002486966,0.002620496,0.002760978,0.002804817,0.002901379,0.002589788,0.002586117,0.002739891,0.0024994,0.002559687,0.002758985,0.002770018,0.002874543,0.003248846,0.003321144,0.003352163,0.00305041,0.003315871,0.003198906,0.003040559,0.003128578,0.003134805,0.003169858,0.003246999,0.003348432,0.003549225,0.003236819,0.003472319,0.003659645,0.003042696,0.003583015,0.003530297,0.003696891,0.003510413,0.003860958,0.004141859,0.004384062,0.004465087,0.004197976,0.0043043,0.004465087,0.004439932,0.004512538,0.004669797,0.004918536,0.005050446,0.005068037,0.00483446,0.00513001,0.005104704,0.005160136
1;2,0.0992,0.0993,0.0998,0.1,0.1001,0.1001,0.1,0.1,0.1,0.1001,0.1001,0.1001,0.1,0.1,0.1,0.1001,0.1,0.1,0.0998,0.1,0.0999,0.0999,0.0998,0.0997,0.0999,0.1,0.0998,0.0999,0.0997,0.0997,0.0998,0.0997,0.0997,0.0997,0.0997,0.0997,0.0995,0.0995,0.0997,0.0995,0.0996,0.0996,0.0995,0.0995,0.0993,0.0994,0.0994,0.0994,0.0993,0.0992,0.0992,0.0991,0.099,0.099,0.099,0.0989,0.099,0.0991,0.0991,0.099,0.0991,0.099,0.0988,0.099,0.0988,0.0987,0.0987,0.0989,0.0986,0.0987,0.0987,0.0987,0.0986,0.0985,0.0986,0.0987,0.0986,0.0985,0.0984,0.0984,0.0985,0.0983,0.0983,0.0985,0.0984,0.0981,0.0983,0.0982,0.0982,0.0982,0.0981,0.0981,0.0979,0.0979,0.098,0.098
2;1,0.0956,0.0956,0.0958,0.0959,0.0961,0.096,0.0961,0.096,0.0959,0.0959,0.096,0.096,0.096,0.0961,0.096,0.0959,0.096,0.0961,0.0959,0.096,0.0959,0.096,0.0959,0.0959,0.0959,0.0959,0.096,0.096,0.0958,0.0958,0.0959,0.0959,0.0959,0.0959,0.0959,0.0959,0.0959,0.0957,0.0957,0.0959,0.0958,0.0959,0.0959,0.096,0.0958,0.0959,0.0959,0.0959,0.0958,0.0959,0.096,0.0962,0.0963,0.0961,0.096,0.0959,0.096,0.096,0.096,0.096,0.0961,0.096,0.096,0.096,0.0961,0.0957,0.096,0.096,0.0961,0.0959,0.0959,0.096,0.096,0.096,0.0962,0.0961,0.0961,0.096,0.096,0.0958,0.0959,0.096,0.0959,0.096,0.096,0.0959,0.0961,0.0961,0.0959,0.0961,0.096,0.0961,0.0959,0.0959,0.0962,0.096
2;2,0.1012,0.1002,0.1003,0.1004,0.1005,0.1006,0.1005,0.1005,0.1004,0.1005,0.1006,0.1006,0.1006,0.1006,0.1005,0.1005,0.1004,0.1006,0.1004,0.1005,0.1005,0.1006,0.1004,0.1005,0.1006,0.1006,0.1006,0.1007,0.1006,0.1006,0.1005,0.1007,0.1006,0.1005,0.1006,0.1007,0.1006,0.1005,0.1006,0.1006,0.1006,0.1007,0.1006,0.1007,0.1005,0.1006,0.1007,0.1006,0.1005,0.1005,0.1005,0.1005,0.1006,0.1005,0.1006,0.1005,0.1005,0.1007,0.1006,0.1005,0.1006,0.1005,0.1005,0.1005,0.1006,0.1005,0.1007,0.1007,0.1006,0.1006,0.1004,0.1006,0.1005,0.1006,0.1004,0.1006,0.1005,0.1007,0.1005,0.1005,0.1006,0.1005,0.1005,0.1006,0.1005,0.1004,0.1006,0.1005,0.1006,0.1005,0.1006,0.1005,0.1005,0.1004,0.1006,0.1006
2;3,0.0947,0.0941,0.0943,0.0945,0.0946,0.0946,0.0945,0.0945,0.0945,0.0945,0.0947,0.0946,0.0945,0.0944,0.0946,0.0945,0.0946,0.0946,0.0946,0.0946,0.0945,0.0945,0.0945,0.0945,0.0945,0.0946,0.0946,0.0947,0.0945,0.0946,0.0946,0.0946,0.0946,0.0946,0.0945,0.0946,0.0947,0.0946,0.0945,0.0947,0.0947,0.0946,0.0947,0.0947,0.0946,0.0946,0.0946,0.0947,0.0946,0.0945,0.0945,0.0947,0.0947,0.0947,0.0946,0.0945,0.0945,0.0947,0.0947,0.0944,0.0945,0.0946,0.0945,0.0945,0.0946,0.0945,0.0945,0.0945,0.0945,0.0945,0.0945,0.0946,0.0944,0.0945,0.0945,0.0947,0.0946,0.0943,0.0945,0.0945,0.0945,0.0945,0.0944,0.0945,0.0945,0.0944,0.0944,0.0944,0.0944,0.0945,0.0944,0.0944,0.0944,0.0943,0.0944,0.0943
3;2,0.0948,0.0917,0.0918,0.0919,0.0919,0.0919,0.0918,0.0919,0.0919,0.092,0.0922,0.0921,0.0922,0.0921,0.0923,0.0922,0.0922,0.0925,0.0925,0.0924,0.0927,0.0932,0.0933,0.0932,0.0939,0.0947,0.0945,0.0944,0.0954,0.0951,0.0963,0.0961,0.0959,0.097,0.0971,0.0975,0.0983,0.0979,0.0984,0.0985,0.0987,0.0997,0.0994,0.0993,0.1007,0.0985,0.0995,0.1006,0.1007,0.1011,0.0997,0.1003,0.101,0.0998,0.0997,0.1006,0.1007,0.1012,0.1026,0.1026,0.1028,0.1019,0.1027,0.1023,0.1019,0.1019,0.102,0.1021,0.1025,0.1027,0.1034,0.1025,0.1031,0.1037,0.102,0.1037,0.1035,0.1036,0.1033,0.1042,0.105,0.1057,0.1058,0.1052,0.1055,0.1058,0.1058,0.106,0.1063,0.1071,0.1073,0.1074,0.1067,0.1074,0.1075,0.1075
,,,,,,,,,,,,,,,,,,,,,,,,,,,,,,,,,,,,,,,,,,,,,,,,,,,,,,,,,,,,,,,,,,,,,,,,,,,,,,,,,,,,,,,,,,,,,,,,
Cycles / Well,,,,,,,,,,,,,,,,,,,,,,,,,,,,,,,,,,,,,,,,,,,,,,,,,,,,,,,,,,,,,,,,,,,,,,,,,,,,,,,,,,,,,,,,,,,,,,,,
A11,1,2,3,4,5,6,7,8,9,10,11,12,13,14,15,16,17,18,19,20,21,22,23,24,25,26,27,28,29,30,31,32,33,34,35,36,37,38,39,40,41,42,43,44,45,46,47,48,49,50,51,52,53,54,55,56,57,58,59,60,61,62,63,64,65,66,67,68,69,70,71,72,73,74,75,76,77,78,79,80,81,82,83,84,85,86,87,88,89,90,91,92,93,94,95,96
Time [s],0,1799.827,3599.741,5399.669,7199.582,8999.52,10799.439,12599.362,14399.295,16199.216,17999.146,19799.079,21599.004,23398.923,25198.859,26998.777,28798.697,30598.623,32398.553,34198.485,35998.416,37798.341,39598.268,41398.198,43198.124,44998.054,46797.976,48597.918,50397.831,52197.762,53997.692,55797.629,57597.534,59397.461,61197.38,62997.315,64797.24,66597.165,68397.092,70197.031,71996.926,73796.86,75596.777,77396.712,79196.627,80996.562,82796.484,84596.403,86396.337,88196.281,89996.203,91796.133,93596.059,95395.99,97195.917,98995.844,100795.796,102595.694,104395.689,106195.553,107995.487,109795.413,111595.34,113395.273,115195.195,116995.132,118795.052,120594.981,122394.898,124194.845,125994.76,127794.681,129594.622,131394.544,133194.474,134994.397,136794.315,138594.255,140394.181,142194.115,143994.039,145793.949,147593.888,149393.809,151193.742,152993.677,154793.597,156593.512,158393.435,160193.362,161993.31,163793.212,165593.147,167393.086,169192.983,170992.91
Temp. [°C],20.1,30,29.8,30,30.1,30,29.9,30.1,30.1,30.1,30,30,30,30,30,30,30,30,30,30,30,30,30.1,30.1,30.1,30.1,30,30,30.1,30.1,30,30,30.1,30,29.9,30,30.1,30,30.1,29.9,30.1,29.8,30,29.9,30.1,30,30,29.9,30,30,30,30.1,29.9,30.2,30.1,30.1,30.1,30,30,30,30,30,30,30,30,30,30.1,30,30,30.2,30,30.1,30,30.1,30,30,30,30,30,30,29.9,30.1,30.1,30.1,30.1,30.1,29.9,30,29.8,30.1,30.1,29.8,29.9,30,30,30
Mean,0.09894,0.09672,0.09686,0.09692,0.09702,0.09698,0.0969,0.09688,0.09698,0.09706,0.09712,0.0971,0.09704,0.09704,0.09704,0.09714,0.09714,0.0971,0.09716,0.0972,0.0973,0.09736,0.09732,0.09734,0.09742,0.09748,0.09746,0.0977,0.09774,0.09782,0.0979,0.09804,0.09802,0.0982,0.0982,0.09828,0.09834,0.09814,0.0984,0.09842,0.09842,0.0986,0.09862,0.09878,0.09876,0.09864,0.09882,0.09898,0.09896,0.099,0.09882,0.09888,0.0991,0.09874,0.09892,0.099,0.09918,0.09934,0.09958,0.09948,0.0996,0.09938,0.09974,0.09966,0.09962,0.0995,0.09966,0.09976,0.09978,0.09984,0.09992,0.09996,0.10004,0.10014,0.09996,0.10016,0.10026,0.10034,0.10014,0.10038,0.1006,0.10062,0.10058,0.1007,0.10078,0.1007,0.1009,0.10064,0.10096,0.10102,0.101,0.10098,0.10088,0.10094,0.10124,0.1012
StDev,0.00304516,0.003093057,0.003007158,0.003068713,0.002920103,0.002976071,0.00292831,0.002980268,0.002921815,0.002874543,0.002820815,0.002836371,0.002826305,0.002886694,0.002790699,0.002771823,0.002726353,0.002757716,0.002690353,0.002704626,0.00270555,0.002564761,0.002606147,0.002590946,0.002541063,0.002544013,0.002572547,0.002436186,0.002520516,0.002510378,0.00248998,0.002482539,0.002497399,0.002620115,0.002667396,0.002652734,0.002751,0.002702406,0.002887906,0.002738978,0.002926944,0.003039737,0.003011146,0.003197186,0.003379793,0.003102096,0.003219783,0.003563285,0.003508276,0.003845777,0.003353655,0.003443399,0.003822957,0.003367195,0.00351383,0.003735639,0.00402455,0.00400662,0.004728319,0.004471801,0.004675468,0.004413842,0.004880881,0.004785708,0.004557631,0.004820788,0.004823173,0.004919654,0.005190568,0.005158779,0.005418671,0.005254332,0.005614089,0.005699386,0.005277594,0.005857303,0.005880731,0.006045081,0.005864128,0.006430941,0.006661081,0.006907025,0.00685653,0.006697761,0.007011918,0.00706647,0.007238439,0.006780708,0.007604801,0.007523762,0.007686352,0.007515451,0.007608351,0.007735179,0.008099259,0.008009994
1;2,0.1005,0.0998,0.0997,0.0997,0.0997,0.0997,0.0996,0.0997,0.0998,0.0998,0.0998,0.0998,0.0998,0.0997,0.0998,0.0998,0.0997,0.0998,0.0999,0.0998,0.0999,0.0999,0.0999,0.0998,0.0998,0.0999,0.0998,0.0999,0.0999,0.1,0.1,0.1,0.0999,0.0999,0.1,0.1001,0.0998,0.0997,0.1001,0.0998,0.0999,0.0999,0.0999,0.1,0.0999,0.0999,0.0999,0.0998,0.0998,0.0999,0.0997,0.0995,0.0996,0.0996,0.0995,0.0996,0.0996,0.0998,0.0997,0.0998,0.0998,0.0998,0.0998,0.0999,0.0998,0.0997,0.0997,0.0998,0.0996,0.0998,0.0997,0.0997,0.0997,0.0997,0.0996,0.0997,0.0997,0.0997,0.0995,0.0996,0.0997,0.0995,0.0995,0.0997,0.0995,0.0995,0.0996,0.0995,0.0994,0.0995,0.0995,0.0993,0.0992,0.0993,0.0994,0.0995
2;1,0.0957,0.095,0.0951,0.0952,0.0953,0.0953,0.0953,0.0951,0.0953,0.0953,0.0954,0.0953,0.0952,0.0952,0.0953,0.0953,0.0953,0.0953,0.0953,0.0952,0.0952,0.0953,0.0951,0.0952,0.0953,0.0952,0.0952,0.0955,0.0954,0.0954,0.0954,0.0956,0.0955,0.0954,0.0955,0.0956,0.0955,0.0954,0.0954,0.0956,0.0954,0.0956,0.0956,0.0956,0.0954,0.0956,0.0957,0.0957,0.0956,0.0955,0.0957,0.0957,0.0957,0.0956,0.0958,0.0957,0.0957,0.0959,0.0957,0.0957,0.0959,0.0957,0.0959,0.0959,0.0959,0.0955,0.0958,0.0959,0.0957,0.0957,0.0957,0.0959,0.0959,0.0961,0.0961,0.0959,0.0961,0.0959,0.0959,0.0957,0.0959,0.0961,0.0959,0.0963,0.0961,0.0959,0.0961,0.0961,0.096,0.0962,0.096,0.0962,0.0959,0.096,0.0961,0.0961
2;2,0.1034,0.1002,0.1004,0.1006,0.1005,0.1005,0.1004,0.1004,0.1004,0.1005,0.1005,0.1005,0.1004,0.1006,0.1003,0.1005,0.1005,0.1004,0.1003,0.1005,0.1006,0.1004,0.1004,0.1005,0.1005,0.1005,0.1006,0.1006,0.1007,0.1006,0.1006,0.1005,0.1005,0.1006,0.1006,0.1007,0.1006,0.1005,0.1007,0.1008,0.1006,0.1007,0.1007,0.1008,0.1006,0.1006,0.1008,0.1007,0.1008,0.1005,0.1006,0.1006,0.1007,0.1006,0.1006,0.1006,0.1007,0.1007,0.1007,0.1006,0.1007,0.1008,0.1007,0.1006,0.1006,0.1005,0.1007,0.1007,0.1006,0.1008,0.1008,0.1008,0.1006,0.1006,0.1007,0.1006,0.1006,0.1009,0.1007,0.1007,0.1007,0.1006,0.1005,0.1007,0.1007,0.1006,0.1008,0.1007,0.1006,0.1007,0.1005,0.1006,0.1007,0.1006,0.1007,0.1006
2;3,0.0971,0.0953,0.0955,0.0956,0.0958,0.0958,0.0955,0.0955,0.0955,0.0955,0.0956,0.0956,0.0954,0.0954,0.0955,0.0954,0.0954,0.0953,0.0953,0.0953,0.0954,0.0953,0.0953,0.0953,0.0952,0.0953,0.0952,0.0954,0.0952,0.0952,0.0953,0.0952,0.0952,0.0953,0.0951,0.0952,0.0952,0.095,0.0951,0.0953,0.0951,0.0951,0.0952,0.0952,0.0951,0.0951,0.0952,0.0951,0.0952,0.0949,0.0951,0.0952,0.0951,0.095,0.0951,0.095,0.095,0.0952,0.095,0.0951,0.0949,0.0948,0.095,0.0949,0.0952,0.0949,0.095,0.095,0.095,0.095,0.0949,0.0951,0.0949,0.0949,0.095,0.0949,0.095,0.095,0.0949,0.0949,0.095,0.0947,0.0949,0.0949,0.095,0.0949,0.0949,0.0949,0.0949,0.0949,0.0949,0.095,0.0948,0.0947,0.0949,0.0949
3;2,0.098,0.0933,0.0936,0.0935,0.0938,0.0936,0.0937,0.0937,0.0939,0.0942,0.0943,0.0943,0.0944,0.0943,0.0943,0.0947,0.0948,0.0947,0.095,0.0952,0.0954,0.0959,0.0959,0.0959,0.0963,0.0965,0.0965,0.0971,0.0975,0.0979,0.0982,0.0989,0.099,0.0998,0.0998,0.0998,0.1006,0.1001,0.1007,0.1006,0.1011,0.1017,0.1017,0.1023,0.1028,0.102,0.1025,0.1036,0.1034,0.1042,0.103,0.1034,0.1044,0.1029,0.1036,0.1041,0.1049,0.1051,0.1068,0.1062,0.1067,0.1058,0.1073,0.107,0.1066,0.1069,0.1071,0.1074,0.108,0.1079,0.1085,0.1083,0.1091,0.1094,0.1084,0.1097,0.1099,0.1102,0.1097,0.111,0.1117,0.1122,0.1121,0.1119,0.1126,0.1126,0.1131,0.112,0.1139,0.1138,0.1141,0.1138,0.1138,0.1141,0.1151,0.1149
,,,,,,,,,,,,,,,,,,,,,,,,,,,,,,,,,,,,,,,,,,,,,,,,,,,,,,,,,,,,,,,,,,,,,,,,,,,,,,,,,,,,,,,,,,,,,,,,
Cycles / Well,,,,,,,,,,,,,,,,,,,,,,,,,,,,,,,,,,,,,,,,,,,,,,,,,,,,,,,,,,,,,,,,,,,,,,,,,,,,,,,,,,,,,,,,,,,,,,,,
A12,1,2,3,4,5,6,7,8,9,10,11,12,13,14,15,16,17,18,19,20,21,22,23,24,25,26,27,28,29,30,31,32,33,34,35,36,37,38,39,40,41,42,43,44,45,46,47,48,49,50,51,52,53,54,55,56,57,58,59,60,61,62,63,64,65,66,67,68,69,70,71,72,73,74,75,76,77,78,79,80,81,82,83,84,85,86,87,88,89,90,91,92,93,94,95,96
Time [s],0,1799.827,3599.741,5399.669,7199.582,8999.52,10799.439,12599.362,14399.295,16199.216,17999.146,19799.079,21599.004,23398.923,25198.859,26998.777,28798.697,30598.623,32398.553,34198.485,35998.416,37798.341,39598.268,41398.198,43198.124,44998.054,46797.976,48597.918,50397.831,52197.762,53997.692,55797.629,57597.534,59397.461,61197.38,62997.315,64797.24,66597.165,68397.092,70197.031,71996.926,73796.86,75596.777,77396.712,79196.627,80996.562,82796.484,84596.403,86396.337,88196.281,89996.203,91796.133,93596.059,95395.99,97195.917,98995.844,100795.796,102595.694,104395.689,106195.553,107995.487,109795.413,111595.34,113395.273,115195.195,116995.132,118795.052,120594.981,122394.898,124194.845,125994.76,127794.681,129594.622,131394.544,133194.474,134994.397,136794.315,138594.255,140394.181,142194.115,143994.039,145793.949,147593.888,149393.809,151193.742,152993.677,154793.597,156593.512,158393.435,160193.362,161993.31,163793.212,165593.147,167393.086,169192.983,170992.91
Temp. [°C],20.1,30,29.8,30,30.1,30,29.9,30.1,30.1,30.1,30,30,30,30,30,30,30,30,30,30,30,30,30.1,30.1,30.1,30.1,30,30,30.1,30.1,30,30,30.1,30,29.9,30,30.1,30,30.1,29.9,30.1,29.8,30,29.9,30.1,30,30,29.9,30,30,30,30.1,29.9,30.2,30.1,30.1,30.1,30,30,30,30,30,30,30,30,30,30.1,30,30,30.2,30,30.1,30,30.1,30,30,30,30,30,30,29.9,30.1,30.1,30.1,30.1,30.1,29.9,30,29.8,30.1,30.1,29.8,29.9,30,30,30
Mean,0.09694,0.09662,0.09674,0.09682,0.09686,0.0968,0.09676,0.09676,0.09674,0.09682,0.09686,0.0969,0.0968,0.0968,0.09682,0.09676,0.09684,0.09688,0.09678,0.09682,0.09688,0.09696,0.09694,0.09694,0.09694,0.09706,0.09704,0.09718,0.0972,0.09718,0.0973,0.0975,0.09746,0.0975,0.0975,0.09764,0.09772,0.09764,0.0978,0.09774,0.09788,0.09794,0.09794,0.09808,0.09812,0.098,0.09822,0.09824,0.09834,0.0984,0.09834,0.09844,0.0985,0.09816,0.09834,0.09848,0.09852,0.09876,0.099,0.09886,0.09904,0.09886,0.09918,0.0992,0.09916,0.09918,0.0993,0.09938,0.0993,0.09936,0.09966,0.09968,0.09978,0.10002,0.09994,0.10022,0.10024,0.10032,0.10024,0.1004,0.10068,0.10086,0.10092,0.1009,0.10102,0.10102,0.10128,0.10136,0.1014,0.10156,0.10162,0.10178,0.10156,0.10182,0.1021,0.10214
StDev,0.002907404,0.002815493,0.002748272,0.002788727,0.002764598,0.002767671,0.002730018,0.002780827,0.002762788,0.00279589,0.002730018,0.002755903,0.00272305,0.002765863,0.002701296,0.002698703,0.002693139,0.002667771,0.002667771,0.002619542,0.002602307,0.002422396,0.002501599,0.002466374,0.002359661,0.002383904,0.002389142,0.002281885,0.002194311,0.002144062,0.002079663,0.001942936,0.002010721,0.001959592,0.001953202,0.001937266,0.001849865,0.001899474,0.001948076,0.001852836,0.001933132,0.001942421,0.001890238,0.00203519,0.002106419,0.001969772,0.002164948,0.002294123,0.002421363,0.002602883,0.00227662,0.002380756,0.0025387,0.002214272,0.002463331,0.002619542,0.002564566,0.002847455,0.003306811,0.003234656,0.00357673,0.003431181,0.003749267,0.003786159,0.003709852,0.003909859,0.0038923,0.00405179,0.004107919,0.004225281,0.004715718,0.004551593,0.004887433,0.005318552,0.005087534,0.005633116,0.005583279,0.005908215,0.005741777,0.006268572,0.006602045,0.006957945,0.007139118,0.006949101,0.007305956,0.007402837,0.007867147,0.007940592,0.008023092,0.008208106,0.008452633,0.008646502,0.008595522,0.008998444,0.009338362,0.009486464
1;2,0.0999,0.0994,0.0993,0.0992,0.0992,0.0991,0.099,0.099,0.099,0.0991,0.0991,0.0991,0.0989,0.0989,0.0988,0.0988,0.0987,0.0988,0.0987,0.0986,0.0987,0.0987,0.0987,0.0986,0.0985,0.0986,0.0986,0.0985,0.0984,0.0984,0.0985,0.0986,0.0985,0.0984,0.0985,0.0986,0.0985,0.0983,0.0984,0.0982,0.0984,0.0982,0.0983,0.0984,0.0983,0.0982,0.0982,0.098,0.0983,0.0982,0.0981,0.098,0.0978,0.0978,0.0979,0.0979,0.0979,0.098,0.0981,0.098,0.0977,0.0977,0.0979,0.0979,0.0979,0.0977,0.0978,0.0979,0.0977,0.0978,0.0978,0.0978,0.0979,0.0978,0.0977,0.0978,0.0978,0.0978,0.0977,0.0976,0.0976,0.0975,0.0975,0.0976,0.0975,0.0975,0.0975,0.0974,0.0975,0.0974,0.0974,0.0974,0.0972,0.0973,0.0975,0.0973
2;1,0.0965,0.0961,0.0962,0.0965,0.0965,0.0965,0.0964,0.0965,0.0964,0.0965,0.0965,0.0966,0.0965,0.0965,0.0965,0.0965,0.0966,0.0965,0.0964,0.0964,0.0965,0.0965,0.0964,0.0965,0.0965,0.0966,0.0965,0.0967,0.0966,0.0965,0.0967,0.0967,0.0968,0.0968,0.0967,0.0968,0.0967,0.0967,0.0967,0.0968,0.0967,0.0969,0.0969,0.0969,0.0968,0.0969,0.097,0.097,0.0968,0.0968,0.097,0.0973,0.0973,0.0971,0.097,0.0971,0.0972,0.0972,0.0973,0.0972,0.0974,0.0972,0.0972,0.0974,0.0974,0.0972,0.0976,0.0975,0.0974,0.0975,0.0976,0.0978,0.0977,0.0978,0.0979,0.0978,0.0981,0.0978,0.0981,0.0978,0.0981,0.0983,0.0982,0.0985,0.0985,0.0984,0.0985,0.0988,0.0987,0.099,0.0989,0.0992,0.0988,0.0991,0.0991,0.0992
2;2,0.0998,0.0995,0.0997,0.0999,0.1,0.0999,0.0999,0.0999,0.0999,0.1,0.1,0.1001,0.1,0.1001,0.1001,0.1,0.1002,0.1002,0.1001,0.1002,0.1002,0.1001,0.1002,0.1002,0.1001,0.1003,0.1003,0.1004,0.1004,0.1003,0.1003,0.1003,0.1004,0.1004,0.1003,0.1004,0.1003,0.1004,0.1006,0.1003,0.1005,0.1004,0.1004,0.1005,0.1004,0.1003,0.1005,0.1005,0.1005,0.1004,0.1005,0.1005,0.1005,0.1004,0.1004,0.1005,0.1006,0.1006,0.1006,0.1005,0.1006,0.1005,0.1005,0.1006,0.1006,0.1005,0.1005,0.1005,0.1005,0.1004,0.1004,0.1005,0.1005,0.1005,0.1005,0.1006,0.1006,0.1006,0.1005,0.1004,0.1005,0.1006,0.1006,0.1006,0.1005,0.1004,0.1005,0.1005,0.1005,0.1005,0.1005,0.1005,0.1004,0.1003,0.1005,0.1005
2;3,0.0953,0.0951,0.0953,0.0954,0.0953,0.0954,0.0953,0.0954,0.0953,0.0954,0.0954,0.0954,0.0954,0.0953,0.0954,0.0952,0.0953,0.0954,0.0953,0.0953,0.0953,0.0953,0.0954,0.0953,0.0953,0.0953,0.0953,0.0955,0.0953,0.0953,0.0954,0.0954,0.0953,0.0953,0.0952,0.0953,0.0954,0.0953,0.0954,0.0953,0.0954,0.0953,0.0954,0.0953,0.0953,0.0953,0.0953,0.0952,0.0952,0.0951,0.0954,0.0953,0.0953,0.0952,0.0952,0.0952,0.0953,0.0954,0.0952,0.0951,0.0951,0.095,0.0953,0.0951,0.0951,0.0952,0.0952,0.0952,0.0951,0.095,0.0951,0.0952,0.095,0.0951,0.0952,0.0952,0.0951,0.0951,0.095,0.0951,0.0952,0.0951,0.0951,0.095,0.095,0.095,0.095,0.095,0.095,0.0951,0.095,0.095,0.0949,0.0949,0.095,0.095
3;2,0.0932,0.093,0.0932,0.0931,0.0933,0.0931,0.0932,0.093,0.0931,0.0931,0.0933,0.0933,0.0932,0.0932,0.0933,0.0933,0.0934,0.0935,0.0934,0.0936,0.0937,0.0942,0.094,0.0941,0.0943,0.0945,0.0945,0.0948,0.0953,0.0954,0.0956,0.0965,0.0963,0.0966,0.0968,0.0971,0.0977,0.0975,0.0979,0.0981,0.0984,0.0989,0.0987,0.0993,0.0998,0.0993,0.1001,0.1005,0.1009,0.1015,0.1007,0.1011,0.1016,0.1003,0.1012,0.1017,0.1016,0.1026,0.1038,0.1035,0.1044,0.1039,0.105,0.105,0.1048,0.1053,0.1054,0.1058,0.1058,0.1061,0.1074,0.1071,0.1078,0.1089,0.1084,0.1097,0.1096,0.1103,0.1099,0.1111,0.112,0.1128,0.1132,0.1128,0.1136,0.1138,0.1149,0.1151,0.1153,0.1158,0.1163,0.1168,0.1165,0.1175,0.1184,0.1187
,,,,,,,,,,,,,,,,,,,,,,,,,,,,,,,,,,,,,,,,,,,,,,,,,,,,,,,,,,,,,,,,,,,,,,,,,,,,,,,,,,,,,,,,,,,,,,,,
Cycles / Well,,,,,,,,,,,,,,,,,,,,,,,,,,,,,,,,,,,,,,,,,,,,,,,,,,,,,,,,,,,,,,,,,,,,,,,,,,,,,,,,,,,,,,,,,,,,,,,,
B1,1,2,3,4,5,6,7,8,9,10,11,12,13,14,15,16,17,18,19,20,21,22,23,24,25,26,27,28,29,30,31,32,33,34,35,36,37,38,39,40,41,42,43,44,45,46,47,48,49,50,51,52,53,54,55,56,57,58,59,60,61,62,63,64,65,66,67,68,69,70,71,72,73,74,75,76,77,78,79,80,81,82,83,84,85,86,87,88,89,90,91,92,93,94,95,96
Time [s],0,1799.827,3599.741,5399.669,7199.582,8999.52,10799.439,12599.362,14399.295,16199.216,17999.146,19799.079,21599.004,23398.923,25198.859,26998.777,28798.697,30598.623,32398.553,34198.485,35998.416,37798.341,39598.268,41398.198,43198.124,44998.054,46797.976,48597.918,50397.831,52197.762,53997.692,55797.629,57597.534,59397.461,61197.38,62997.315,64797.24,66597.165,68397.092,70197.031,71996.926,73796.86,75596.777,77396.712,79196.627,80996.562,82796.484,84596.403,86396.337,88196.281,89996.203,91796.133,93596.059,95395.99,97195.917,98995.844,100795.796,102595.694,104395.689,106195.553,107995.487,109795.413,111595.34,113395.273,115195.195,116995.132,118795.052,120594.981,122394.898,124194.845,125994.76,127794.681,129594.622,131394.544,133194.474,134994.397,136794.315,138594.255,140394.181,142194.115,143994.039,145793.949,147593.888,149393.809,151193.742,152993.677,154793.597,156593.512,158393.435,160193.362,161993.31,163793.212,165593.147,167393.086,169192.983,170992.91
Temp. [°C],20.1,30,29.8,30,30.1,30,29.9,30.1,30.1,30.1,30,30,30,30,30,30,30,30,30,30,30,30,30.1,30.1,30.1,30.1,30,30,30.1,30.1,30,30,30.1,30,29.9,30,30.1,30,30.1,29.9,30.1,29.8,30,29.9,30.1,30,30,29.9,30,30,30,30.1,29.9,30.2,30.1,30.1,30.1,30,30,30,30,30,30,30,30,30,30.1,30,30,30.2,30,30.1,30,30.1,30,30,30,30,30,30,29.9,30.1,30.1,30.1,30.1,30.1,29.9,30,29.8,30.1,30.1,29.8,29.9,30,30,30
Mean,0.09554,0.09524,0.09528,0.09526,0.09524,0.09526,0.09528,0.09532,0.09528,0.0954,0.09548,0.09542,0.09542,0.09542,0.09542,0.09542,0.09546,0.0955,0.09542,0.09552,0.09554,0.09556,0.09562,0.09558,0.09566,0.09572,0.09572,0.09586,0.0958,0.0958,0.09592,0.09596,0.09598,0.09606,0.09606,0.09622,0.09624,0.09622,0.0963,0.09638,0.0964,0.09658,0.09652,0.0967,0.09656,0.09662,0.09672,0.09668,0.09674,0.09686,0.09686,0.09676,0.09712,0.09674,0.09696,0.09708,0.09732,0.09734,0.09744,0.09752,0.09752,0.0976,0.09784,0.09772,0.0979,0.09778,0.09804,0.09832,0.09806,0.09818,0.0985,0.09834,0.09828,0.09864,0.09868,0.09896,0.0988,0.0991,0.09894,0.09922,0.09922,0.0993,0.09934,0.09962,0.09968,0.09956,0.09984,0.09984,0.09978,0.10022,0.10016,0.10028,0.10034,0.10034,0.10062,0.10068
StDev,0.00236072,0.002422396,0.002610939,0.002742809,0.002806778,0.00288236,0.002896032,0.00295415,0.002988645,0.00297069,0.002987809,0.003001166,0.003043353,0.00299366,0.002987809,0.003043353,0.003028696,0.003014133,0.003005329,0.002967659,0.002991321,0.002961925,0.003034304,0.002960912,0.002954319,0.002994495,0.002955842,0.002958547,0.002984125,0.003014963,0.002923525,0.002944147,0.00297355,0.002995497,0.002995497,0.002960912,0.002925406,0.002961756,0.003019106,0.003057286,0.00309435,0.003074411,0.003042532,0.003192961,0.003114964,0.00324145,0.003206556,0.003204216,0.003310287,0.003491848,0.003291352,0.003289073,0.00362519,0.003219161,0.003533836,0.003690122,0.00394487,0.003816805,0.004025295,0.004261103,0.004323425,0.004430011,0.004763717,0.004539493,0.004713279,0.004599674,0.005030706,0.005470101,0.0051844,0.005310085,0.00596783,0.005507086,0.005580054,0.006277579,0.006262747,0.006816744,0.006472248,0.007052659,0.00675855,0.007466057,0.007197013,0.007748226,0.007647418,0.008081275,0.008227819,0.008309212,0.008742311,0.008617598,0.008579161,0.009422951,0.009308759,0.009670677,0.009694741,0.009994398,0.010165235,0.010465993
1;2,0.0989,0.0987,0.0989,0.0989,0.0989,0.099,0.0989,0.099,0.099,0.099,0.0991,0.0991,0.099,0.099,0.0989,0.099,0.099,0.099,0.0989,0.099,0.099,0.099,0.0991,0.0989,0.099,0.0991,0.099,0.0991,0.0991,0.0991,0.099,0.099,0.0992,0.0991,0.0991,0.0991,0.0991,0.099,0.0991,0.0991,0.099,0.0992,0.0992,0.0993,0.0991,0.0991,0.0992,0.099,0.099,0.0991,0.0991,0.0991,0.0991,0.0991,0.099,0.099,0.0991,0.099,0.099,0.099,0.099,0.099,0.0992,0.099,0.0991,0.099,0.0989,0.0991,0.099,0.0989,0.099,0.0991,0.0991,0.0989,0.0989,0.099,0.0989,0.099,0.099,0.0989,0.0991,0.0988,0.0989,0.0991,0.099,0.0988,0.099,0.0991,0.099,0.0989,0.099,0.099,0.099,0.0988,0.099,0.0989
2;1,0.0939,0.0939,0.0934,0.0929,0.0927,0.0926,0.0925,0.0924,0.0923,0.0924,0.0924,0.0923,0.0922,0.0923,0.0923,0.0922,0.0921,0.0923,0.0921,0.0922,0.0922,0.0923,0.0921,0.0922,0.0922,0.0922,0.0922,0.0922,0.0921,0.0921,0.0922,0.0922,0.0922,0.0921,0.0921,0.0923,0.0923,0.0922,0.0922,0.0921,0.0921,0.0923,0.0923,0.0923,0.0923,0.0922,0.0923,0.0923,0.0922,0.0921,0.0923,0.0922,0.0923,0.0923,0.0922,0.0922,0.0923,0.0924,0.0923,0.0922,0.0923,0.0923,0.0922,0.0924,0.0924,0.0923,0.0923,0.0924,0.0922,0.0923,0.0923,0.0923,0.0922,0.0923,0.0923,0.0923,0.0924,0.0924,0.0923,0.0922,0.0924,0.0923,0.0923,0.0923,0.0924,0.0922,0.0923,0.0922,0.0922,0.0924,0.0924,0.0923,0.0923,0.0923,0.0925,0.0923
2;2,0.0971,0.0968,0.0971,0.0974,0.0975,0.0976,0.0978,0.0979,0.0979,0.0981,0.0982,0.0981,0.0983,0.0982,0.0983,0.0983,0.0983,0.0984,0.0983,0.0983,0.0984,0.0984,0.0985,0.0985,0.0985,0.0986,0.0986,0.0987,0.0986,0.0987,0.0987,0.0988,0.0987,0.0988,0.0988,0.0989,0.0989,0.0988,0.0989,0.0988,0.0989,0.099,0.099,0.099,0.099,0.099,0.0991,0.0991,0.099,0.0989,0.0991,0.0991,0.0991,0.099,0.0992,0.0991,0.0991,0.0992,0.0992,0.0992,0.0991,0.0992,0.0993,0.0991,0.0993,0.0993,0.0993,0.0993,0.0992,0.0994,0.0993,0.0995,0.0993,0.0993,0.0994,0.0993,0.0993,0.0994,0.0992,0.0994,0.0994,0.0992,0.0994,0.0994,0.0993,0.0993,0.0993,0.0995,0.0994,0.0994,0.0994,0.0993,0.0994,0.0992,0.0994,0.0994
2;3,0.0944,0.0939,0.0942,0.0942,0.0942,0.0942,0.0942,0.0942,0.0941,0.0943,0.0943,0.0942,0.0942,0.0942,0.0942,0.0942,0.0943,0.0943,0.0941,0.0942,0.0942,0.0941,0.0942,0.0942,0.0942,0.0943,0.0943,0.0944,0.0942,0.0942,0.0942,0.0942,0.0942,0.0942,0.0942,0.0942,0.0944,0.0942,0.0942,0.0943,0.0942,0.0944,0.0944,0.0943,0.0942,0.0941,0.0943,0.0942,0.0942,0.0942,0.0944,0.0943,0.0943,0.0943,0.0942,0.0942,0.0942,0.0944,0.0944,0.0943,0.0941,0.0941,0.0942,0.0942,0.0943,0.0943,0.0944,0.0943,0.0943,0.0943,0.0942,0.0943,0.0942,0.0942,0.0943,0.0943,0.0943,0.0942,0.0944,0.0942,0.0943,0.0941,0.0942,0.0943,0.0943,0.0941,0.0941,0.0942,0.0942,0.0942,0.0941,0.0941,0.0942,0.094,0.0942,0.0942
3;2,0.0934,0.0929,0.0928,0.0929,0.0929,0.0929,0.093,0.0931,0.0931,0.0932,0.0934,0.0934,0.0934,0.0934,0.0934,0.0934,0.0936,0.0935,0.0937,0.0939,0.0939,0.094,0.0942,0.0941,0.0944,0.0944,0.0945,0.0949,0.095,0.0949,0.0955,0.0956,0.0956,0.0961,0.0961,0.0966,0.0965,0.0969,0.0971,0.0976,0.0978,0.098,0.0977,0.0986,0.0982,0.0987,0.0987,0.0988,0.0993,0.1,0.0994,0.0991,0.1008,0.099,0.1002,0.1009,0.1019,0.1017,0.1023,0.1029,0.1031,0.1034,0.1043,0.1039,0.1044,0.104,0.1053,0.1065,0.1056,0.106,0.1077,0.1065,0.1066,0.1085,0.1085,0.1099,0.1091,0.1105,0.1098,0.1114,0.1109,0.1121,0.1119,0.113,0.1134,0.1134,0.1145,0.1142,0.1141,0.1162,0.1159,0.1167,0.1168,0.1174,0.118,0.1186
,,,,,,,,,,,,,,,,,,,,,,,,,,,,,,,,,,,,,,,,,,,,,,,,,,,,,,,,,,,,,,,,,,,,,,,,,,,,,,,,,,,,,,,,,,,,,,,,
Cycles / Well,,,,,,,,,,,,,,,,,,,,,,,,,,,,,,,,,,,,,,,,,,,,,,,,,,,,,,,,,,,,,,,,,,,,,,,,,,,,,,,,,,,,,,,,,,,,,,,,
B2,1,2,3,4,5,6,7,8,9,10,11,12,13,14,15,16,17,18,19,20,21,22,23,24,25,26,27,28,29,30,31,32,33,34,35,36,37,38,39,40,41,42,43,44,45,46,47,48,49,50,51,52,53,54,55,56,57,58,59,60,61,62,63,64,65,66,67,68,69,70,71,72,73,74,75,76,77,78,79,80,81,82,83,84,85,86,87,88,89,90,91,92,93,94,95,96
Time [s],0,1799.827,3599.741,5399.669,7199.582,8999.52,10799.439,12599.362,14399.295,16199.216,17999.146,19799.079,21599.004,23398.923,25198.859,26998.777,28798.697,30598.623,32398.553,34198.485,35998.416,37798.341,39598.268,41398.198,43198.124,44998.054,46797.976,48597.918,50397.831,52197.762,53997.692,55797.629,57597.534,59397.461,61197.38,62997.315,64797.24,66597.165,68397.092,70197.031,71996.926,73796.86,75596.777,77396.712,79196.627,80996.562,82796.484,84596.403,86396.337,88196.281,89996.203,91796.133,93596.059,95395.99,97195.917,98995.844,100795.796,102595.694,104395.689,106195.553,107995.487,109795.413,111595.34,113395.273,115195.195,116995.132,118795.052,120594.981,122394.898,124194.845,125994.76,127794.681,129594.622,131394.544,133194.474,134994.397,136794.315,138594.255,140394.181,142194.115,143994.039,145793.949,147593.888,149393.809,151193.742,152993.677,154793.597,156593.512,158393.435,160193.362,161993.31,163793.212,165593.147,167393.086,169192.983,170992.91
Temp. [°C],20.1,30,29.8,30,30.1,30,29.9,30.1,30.1,30.1,30,30,30,30,30,30,30,30,30,30,30,30,30.1,30.1,30.1,30.1,30,30,30.1,30.1,30,30,30.1,30,29.9,30,30.1,30,30.1,29.9,30.1,29.8,30,29.9,30.1,30,30,29.9,30,30,30,30.1,29.9,30.2,30.1,30.1,30.1,30,30,30,30,30,30,30,30,30,30.1,30,30,30.2,30,30.1,30,30.1,30,30,30,30,30,30,29.9,30.1,30.1,30.1,30.1,30.1,29.9,30,29.8,30.1,30.1,29.8,29.9,30,30,30
Mean,0.1211,0.11662,0.11802,0.11988,0.12266,0.1268,0.13286,0.14128,0.15344,0.17032,0.19364,0.22598,0.2679,0.32184,0.38716,0.46392,0.55136,0.6466,0.74364,0.8346,0.91426,0.9803,1.02934,1.06594,1.09388,1.1168,1.13706,1.1536,1.16884,1.1821,1.19512,1.20686,1.21734,1.22586,1.23342,1.239,1.24316,1.2462,1.24852,1.25052,1.25274,1.25498,1.25642,1.2582,1.25968,1.26136,1.263,1.26384,1.26536,1.26664,1.26808,1.26918,1.26976,1.2711,1.27192,1.27302,1.27354,1.27386,1.27488,1.27566,1.27634,1.27728,1.27744,1.27888,1.2792,1.2801,1.28126,1.28092,1.2819,1.28322,1.28366,1.28448,1.28428,1.28494,1.28518,1.2865,1.28712,1.28852,1.28816,1.28868,1.28996,1.29092,1.29166,1.2926,1.29358,1.29402,1.29458,1.29572,1.29618,1.29756,1.2982,1.29876,1.2995,1.30042,1.30186,1.30222
StDev,0.002046949,0.001669431,0.001478851,0.001706458,0.002155922,0.002842534,0.003803682,0.005372802,0.007735179,0.011593403,0.017028006,0.0249551,0.035564519,0.048576465,0.064239225,0.081415459,0.099728045,0.117298402,0.130489532,0.137813787,0.139850359,0.137568292,0.135118441,0.133841952,0.131124681,0.13044334,0.129935476,0.129030772,0.128320041,0.128305553,0.128047597,0.128557722,0.128000168,0.127229804,0.126632804,0.124878801,0.123725474,0.122603426,0.121356611,0.121191902,0.120460545,0.120297452,0.120082334,0.120050864,0.120731487,0.119845392,0.119733705,0.119354129,0.119338397,0.118524905,0.118845055,0.119161516,0.119324067,0.119803527,0.118715951,0.118295359,0.11848267,0.117794771,0.117544404,0.117565782,0.117125394,0.11782108,0.116614806,0.117059246,0.11665599,0.116546836,0.116053901,0.115698518,0.116146222,0.116248944,0.115881806,0.115535955,0.116042522,0.115628664,0.115676476,0.114768659,0.114882275,0.113897024,0.114226324,0.113310997,0.113497458,0.112736693,0.113189854,0.11274582,0.113068462,0.112361969,0.112155637,0.111745121,0.112112832,0.11195659,0.111015697,0.111354672,0.110701129,0.110451967,0.110576006,0.110358991
1;2,0.1215,0.1171,0.1194,0.1221,0.1258,0.1313,0.1391,0.1503,0.1666,0.19,0.2224,0.2682,0.3278,0.4026,0.4931,0.5966,0.7123,0.833,0.9474,1.0468,1.1262,1.187,1.2311,1.2648,1.2879,1.3095,1.3282,1.3427,1.3565,1.3691,1.3818,1.395,1.4041,1.4114,1.4184,1.4206,1.4226,1.4243,1.4252,1.4273,1.4281,1.4306,1.4316,1.4334,1.4357,1.4361,1.4372,1.4377,1.4391,1.4395,1.4409,1.4425,1.4437,1.4454,1.4452,1.4458,1.4463,1.4452,1.4464,1.4473,1.4476,1.4496,1.448,1.45,1.4499,1.4507,1.4511,1.4503,1.4518,1.4538,1.4535,1.4535,1.4546,1.4547,1.455,1.4548,1.4555,1.4559,1.456,1.4547,1.4563,1.4565,1.458,1.4583,1.4601,1.4595,1.4601,1.4599,1.4615,1.4627,1.462,1.4635,1.4633,1.4637,1.4654,1.465
2;1,0.1212,0.1169,0.1185,0.1203,0.123,0.1267,0.1321,0.1391,0.15,0.1643,0.184,0.2108,0.2453,0.2889,0.3422,0.404,0.4754,0.5542,0.6371,0.7198,0.7958,0.8618,0.9117,0.9488,0.9786,1.002,1.023,1.0413,1.0554,1.0693,1.0831,1.0948,1.1056,1.1154,1.1228,1.1295,1.1355,1.1401,1.1429,1.1466,1.1495,1.1524,1.1547,1.1567,1.1571,1.1592,1.1612,1.1625,1.1634,1.1662,1.167,1.1692,1.1692,1.1703,1.1716,1.1733,1.173,1.1742,1.176,1.1766,1.1777,1.1781,1.1788,1.1795,1.1802,1.1821,1.1831,1.183,1.184,1.1861,1.1856,1.1874,1.1868,1.1875,1.1877,1.1903,1.1906,1.1929,1.1927,1.1939,1.195,1.1962,1.1964,1.1983,1.1991,1.2003,1.2016,1.2023,1.2026,1.2042,1.2061,1.206,1.2079,1.2085,1.2093,1.2099
2;2,0.1198,0.1147,0.1158,0.1175,0.1198,0.1234,0.1287,0.1362,0.1471,0.1622,0.1835,0.2135,0.2525,0.3038,0.3667,0.4407,0.5258,0.6197,0.7145,0.8052,0.8871,0.9555,1.007,1.0455,1.0747,1.0989,1.1207,1.1367,1.153,1.167,1.1795,1.1921,1.2023,1.2109,1.2185,1.2251,1.2292,1.232,1.2348,1.2364,1.239,1.2419,1.2437,1.2437,1.247,1.2479,1.2504,1.2506,1.2525,1.2534,1.2556,1.2556,1.2554,1.2579,1.2585,1.2598,1.2609,1.2611,1.2622,1.2629,1.264,1.2645,1.2647,1.2663,1.2669,1.2676,1.2689,1.2686,1.2695,1.2711,1.2718,1.2724,1.2711,1.2725,1.2727,1.2746,1.2756,1.2761,1.2765,1.2767,1.2781,1.2797,1.2807,1.2805,1.2826,1.2833,1.2831,1.2856,1.285,1.2861,1.2862,1.287,1.2879,1.2889,1.2905,1.2911
2;3,0.1188,0.1154,0.1173,0.1191,0.122,0.1263,0.1325,0.1414,0.1538,0.1716,0.1961,0.2291,0.2725,0.33,0.3987,0.4813,0.575,0.6793,0.7873,0.886,0.9715,1.0389,1.0881,1.125,1.1527,1.1752,1.1958,1.2135,1.2286,1.2425,1.2556,1.2658,1.2772,1.2855,1.2923,1.298,1.3025,1.3047,1.3056,1.3071,1.3094,1.3103,1.3116,1.3143,1.3153,1.3171,1.3188,1.3195,1.321,1.3216,1.3236,1.3253,1.3258,1.3272,1.3268,1.3274,1.3282,1.329,1.3289,1.3296,1.3294,1.3308,1.3305,1.3322,1.3319,1.3327,1.3337,1.3331,1.3345,1.3347,1.3353,1.3366,1.3363,1.3363,1.3366,1.3375,1.3381,1.3389,1.3382,1.3394,1.3406,1.3403,1.3409,1.3423,1.3421,1.3421,1.3424,1.3439,1.3441,1.3455,1.346,1.3458,1.3461,1.3472,1.3485,1.3494
3;2,0.1242,0.119,0.1191,0.1204,0.1227,0.1263,0.1319,0.1394,0.1497,0.1635,0.1822,0.2083,0.2414,0.2839,0.3351,0.397,0.4683,0.5468,0.6319,0.7152,0.7907,0.8583,0.9088,0.9456,0.9755,0.9984,1.0176,1.0338,1.0507,1.0626,1.0756,1.0866,1.0975,1.1061,1.1151,1.1218,1.126,1.1299,1.1341,1.1352,1.1377,1.1397,1.1405,1.1429,1.1433,1.1465,1.1474,1.1489,1.1508,1.1525,1.1533,1.1533,1.1547,1.1547,1.1575,1.1588,1.1593,1.1598,1.1609,1.1619,1.163,1.1634,1.1652,1.1664,1.1671,1.1674,1.1695,1.1696,1.1697,1.1704,1.1721,1.1725,1.1726,1.1737,1.1739,1.1753,1.1758,1.1788,1.1774,1.1787,1.1798,1.1819,1.1823,1.1836,1.184,1.1849,1.1857,1.1869,1.1877,1.1893,1.1907,1.1915,1.1923,1.1938,1.1956,1.1957
,,,,,,,,,,,,,,,,,,,,,,,,,,,,,,,,,,,,,,,,,,,,,,,,,,,,,,,,,,,,,,,,,,,,,,,,,,,,,,,,,,,,,,,,,,,,,,,,
Cycles / Well,,,,,,,,,,,,,,,,,,,,,,,,,,,,,,,,,,,,,,,,,,,,,,,,,,,,,,,,,,,,,,,,,,,,,,,,,,,,,,,,,,,,,,,,,,,,,,,,
B3,1,2,3,4,5,6,7,8,9,10,11,12,13,14,15,16,17,18,19,20,21,22,23,24,25,26,27,28,29,30,31,32,33,34,35,36,37,38,39,40,41,42,43,44,45,46,47,48,49,50,51,52,53,54,55,56,57,58,59,60,61,62,63,64,65,66,67,68,69,70,71,72,73,74,75,76,77,78,79,80,81,82,83,84,85,86,87,88,89,90,91,92,93,94,95,96
Time [s],0,1799.827,3599.741,5399.669,7199.582,8999.52,10799.439,12599.362,14399.295,16199.216,17999.146,19799.079,21599.004,23398.923,25198.859,26998.777,28798.697,30598.623,32398.553,34198.485,35998.416,37798.341,39598.268,41398.198,43198.124,44998.054,46797.976,48597.918,50397.831,52197.762,53997.692,55797.629,57597.534,59397.461,61197.38,62997.315,64797.24,66597.165,68397.092,70197.031,71996.926,73796.86,75596.777,77396.712,79196.627,80996.562,82796.484,84596.403,86396.337,88196.281,89996.203,91796.133,93596.059,95395.99,97195.917,98995.844,100795.796,102595.694,104395.689,106195.553,107995.487,109795.413,111595.34,113395.273,115195.195,116995.132,118795.052,120594.981,122394.898,124194.845,125994.76,127794.681,129594.622,131394.544,133194.474,134994.397,136794.315,138594.255,140394.181,142194.115,143994.039,145793.949,147593.888,149393.809,151193.742,152993.677,154793.597,156593.512,158393.435,160193.362,161993.31,163793.212,165593.147,167393.086,169192.983,170992.91
Temp. [°C],20.1,30,29.8,30,30.1,30,29.9,30.1,30.1,30.1,30,30,30,30,30,30,30,30,30,30,30,30,30.1,30.1,30.1,30.1,30,30,30.1,30.1,30,30,30.1,30,29.9,30,30.1,30,30.1,29.9,30.1,29.8,30,29.9,30.1,30,30,29.9,30,30,30,30.1,29.9,30.2,30.1,30.1,30.1,30,30,30,30,30,30,30,30,30,30.1,30,30,30.2,30,30.1,30,30.1,30,30,30,30,30,30,29.9,30.1,30.1,30.1,30.1,30.1,29.9,30,29.8,30.1,30.1,29.8,29.9,30,30,30
Mean,0.11932,0.11364,0.11486,0.1165,0.11914,0.12282,0.1283,0.13598,0.1468,0.16198,0.18282,0.21186,0.25092,0.30198,0.36652,0.44438,0.53676,0.63984,0.74928,0.85512,0.94856,1.02542,1.08156,1.1234,1.15384,1.17836,1.19964,1.217,1.23266,1.24674,1.25964,1.27094,1.28242,1.29104,1.29858,1.30466,1.30844,1.31208,1.31424,1.31628,1.31768,1.31996,1.32156,1.32302,1.32418,1.32554,1.32704,1.32894,1.32994,1.33084,1.332,1.33296,1.33354,1.33504,1.33544,1.33638,1.33648,1.33736,1.33812,1.33842,1.3387,1.33982,1.34012,1.34076,1.34124,1.34184,1.34258,1.34288,1.34352,1.34418,1.34482,1.34508,1.34548,1.3462,1.34732,1.34778,1.3483,1.34908,1.34918,1.34964,1.35044,1.35108,1.3519,1.35282,1.35336,1.35362,1.3547,1.3553,1.35572,1.35632,1.35696,1.35778,1.3583,1.35868,1.36008,1.36066
StDev,0.002202726,0.002035436,0.002061068,0.002145926,0.002626404,0.002875239,0.003406611,0.004124561,0.004696275,0.005387207,0.006005581,0.007263814,0.008745971,0.010998273,0.014090493,0.018441177,0.024375254,0.031940304,0.038941071,0.044212747,0.046887877,0.04666998,0.045527662,0.04401051,0.043325604,0.043289641,0.042842187,0.041647569,0.041272182,0.040857349,0.041145146,0.041062245,0.040782128,0.040374163,0.04021731,0.039362457,0.03840733,0.037675018,0.037259603,0.036488176,0.036447044,0.036958531,0.036826118,0.036841648,0.03714784,0.0365887,0.036631312,0.036428052,0.036092977,0.036112089,0.036045111,0.036095678,0.036099488,0.036342303,0.036031972,0.035987595,0.035938934,0.035529256,0.035803589,0.035755028,0.03552112,0.035619335,0.03594436,0.035668936,0.035342439,0.035240857,0.035392895,0.035301799,0.034825738,0.035210822,0.03516002,0.035326081,0.034964296,0.035187427,0.034960435,0.034704423,0.034784551,0.034334633,0.034877959,0.034102097,0.034697449,0.034668386,0.035023349,0.034221148,0.034462559,0.034229622,0.034430728,0.03395924,0.034293833,0.034417394,0.034017172,0.033705445,0.03375063,0.033639961,0.033680439,0.03364919
1;2,0.1178,0.1124,0.1138,0.1155,0.1178,0.1214,0.1267,0.1343,0.1454,0.1612,0.1835,0.2145,0.2571,0.314,0.385,0.4718,0.5751,0.6902,0.8106,0.9234,1.0192,1.0954,1.1493,1.1885,1.2172,1.241,1.2622,1.2772,1.2917,1.3054,1.3181,1.329,1.3396,1.3468,1.3547,1.359,1.3616,1.3644,1.3656,1.3669,1.368,1.3714,1.3724,1.3735,1.3754,1.3758,1.3771,1.3791,1.3797,1.3804,1.3813,1.3817,1.3831,1.3846,1.385,1.3858,1.3856,1.3858,1.3874,1.3878,1.3872,1.3888,1.3895,1.3897,1.3897,1.3903,1.3911,1.3916,1.3916,1.3924,1.3931,1.3937,1.3939,1.3955,1.3963,1.3961,1.3968,1.3966,1.3972,1.3972,1.3986,1.3996,1.4009,1.4012,1.4015,1.4019,1.4029,1.403,1.4037,1.4044,1.4046,1.4053,1.4061,1.4057,1.4073,1.4075
2;1,0.1208,0.1149,0.1162,0.118,0.1213,0.1253,0.1311,0.1389,0.15,0.1656,0.1868,0.216,0.2552,0.3056,0.3689,0.4433,0.5298,0.627,0.7299,0.8312,0.9222,0.9982,1.0548,1.0956,1.1254,1.1491,1.1709,1.1892,1.2029,1.2186,1.2309,1.2416,1.2521,1.2605,1.268,1.2745,1.2782,1.2831,1.2841,1.2868,1.2886,1.2896,1.2922,1.2928,1.2941,1.2955,1.2965,1.2986,1.2994,1.3013,1.3024,1.3044,1.3045,1.3064,1.3066,1.3073,1.308,1.3085,1.3094,1.3102,1.3098,1.3113,1.3114,1.3116,1.3127,1.3136,1.3135,1.3138,1.3156,1.3164,1.3168,1.3176,1.3178,1.3194,1.3213,1.32,1.3213,1.322,1.3222,1.323,1.3239,1.3241,1.3251,1.3268,1.3273,1.3283,1.3287,1.3296,1.3294,1.3296,1.3308,1.3317,1.332,1.333,1.3347,1.3347
2;2,0.1198,0.1125,0.1136,0.1149,0.117,0.1202,0.1248,0.1313,0.1409,0.1542,0.1732,0.1995,0.2357,0.284,0.3459,0.4227,0.5153,0.6194,0.731,0.8397,0.9374,1.0165,1.0749,1.1192,1.1514,1.1769,1.1991,1.2172,1.2338,1.2481,1.2616,1.2728,1.2854,1.2947,1.3022,1.309,1.3126,1.3159,1.3193,1.3201,1.322,1.3247,1.3261,1.3275,1.3282,1.3305,1.3324,1.3334,1.3349,1.3353,1.3371,1.3385,1.3387,1.3395,1.3407,1.3414,1.3419,1.3435,1.3434,1.3437,1.3444,1.3453,1.346,1.3462,1.3469,1.3465,1.3481,1.3482,1.348,1.3489,1.3507,1.3505,1.3507,1.3511,1.3524,1.353,1.3537,1.3537,1.3546,1.354,1.3558,1.3564,1.357,1.3569,1.3585,1.3583,1.36,1.3605,1.3608,1.3617,1.3622,1.3624,1.3627,1.3642,1.3657,1.3665
2;3,0.1164,0.1118,0.1129,0.1146,0.117,0.1207,0.1262,0.1339,0.1448,0.1606,0.1819,0.2116,0.2515,0.3035,0.3697,0.45,0.545,0.6515,0.7631,0.8717,0.9669,1.0433,1.0987,1.1398,1.1704,1.1956,1.215,1.2324,1.2489,1.2619,1.2756,1.2876,1.2992,1.3086,1.3152,1.3213,1.3247,1.3278,1.3297,1.3318,1.3331,1.3348,1.337,1.3393,1.3404,1.3411,1.3428,1.3447,1.3451,1.3466,1.3475,1.3489,1.3486,1.3512,1.3502,1.3515,1.3515,1.3519,1.3527,1.3526,1.3535,1.3542,1.3544,1.3555,1.3556,1.3567,1.3572,1.3571,1.358,1.3592,1.3587,1.3591,1.3591,1.359,1.3597,1.3609,1.361,1.3629,1.3629,1.3629,1.3634,1.3635,1.3646,1.3651,1.3658,1.3654,1.3668,1.367,1.3681,1.3687,1.369,1.3697,1.3701,1.3704,1.3714,1.3725
3;2,0.1218,0.1166,0.1178,0.1195,0.1226,0.1265,0.1327,0.1415,0.1529,0.1683,0.1887,0.2177,0.2551,0.3028,0.3631,0.4341,0.5186,0.6111,0.7118,0.8096,0.8971,0.9737,1.0301,1.0739,1.1048,1.1292,1.151,1.169,1.186,1.1997,1.212,1.2237,1.2358,1.2446,1.2528,1.2595,1.2651,1.2692,1.2725,1.2758,1.2767,1.2793,1.2801,1.282,1.2828,1.2848,1.2864,1.2889,1.2906,1.2906,1.2917,1.2913,1.2928,1.2935,1.2947,1.2959,1.2954,1.2971,1.2977,1.2978,1.2986,1.2995,1.2993,1.3008,1.3013,1.3021,1.303,1.3037,1.3044,1.304,1.3048,1.3045,1.3059,1.306,1.3069,1.3089,1.3087,1.3102,1.309,1.3111,1.3105,1.3118,1.3119,1.3141,1.3137,1.3142,1.3151,1.3164,1.3166,1.3172,1.3182,1.3198,1.3206,1.3201,1.3213,1.3221
,,,,,,,,,,,,,,,,,,,,,,,,,,,,,,,,,,,,,,,,,,,,,,,,,,,,,,,,,,,,,,,,,,,,,,,,,,,,,,,,,,,,,,,,,,,,,,,,
Cycles / Well,,,,,,,,,,,,,,,,,,,,,,,,,,,,,,,,,,,,,,,,,,,,,,,,,,,,,,,,,,,,,,,,,,,,,,,,,,,,,,,,,,,,,,,,,,,,,,,,
B4,1,2,3,4,5,6,7,8,9,10,11,12,13,14,15,16,17,18,19,20,21,22,23,24,25,26,27,28,29,30,31,32,33,34,35,36,37,38,39,40,41,42,43,44,45,46,47,48,49,50,51,52,53,54,55,56,57,58,59,60,61,62,63,64,65,66,67,68,69,70,71,72,73,74,75,76,77,78,79,80,81,82,83,84,85,86,87,88,89,90,91,92,93,94,95,96
Time [s],0,1799.827,3599.741,5399.669,7199.582,8999.52,10799.439,12599.362,14399.295,16199.216,17999.146,19799.079,21599.004,23398.923,25198.859,26998.777,28798.697,30598.623,32398.553,34198.485,35998.416,37798.341,39598.268,41398.198,43198.124,44998.054,46797.976,48597.918,50397.831,52197.762,53997.692,55797.629,57597.534,59397.461,61197.38,62997.315,64797.24,66597.165,68397.092,70197.031,71996.926,73796.86,75596.777,77396.712,79196.627,80996.562,82796.484,84596.403,86396.337,88196.281,89996.203,91796.133,93596.059,95395.99,97195.917,98995.844,100795.796,102595.694,104395.689,106195.553,107995.487,109795.413,111595.34,113395.273,115195.195,116995.132,118795.052,120594.981,122394.898,124194.845,125994.76,127794.681,129594.622,131394.544,133194.474,134994.397,136794.315,138594.255,140394.181,142194.115,143994.039,145793.949,147593.888,149393.809,151193.742,152993.677,154793.597,156593.512,158393.435,160193.362,161993.31,163793.212,165593.147,167393.086,169192.983,170992.91
Temp. [°C],20.1,30,29.8,30,30.1,30,29.9,30.1,30.1,30.1,30,30,30,30,30,30,30,30,30,30,30,30,30.1,30.1,30.1,30.1,30,30,30.1,30.1,30,30,30.1,30,29.9,30,30.1,30,30.1,29.9,30.1,29.8,30,29.9,30.1,30,30,29.9,30,30,30,30.1,29.9,30.2,30.1,30.1,30.1,30,30,30,30,30,30,30,30,30,30.1,30,30,30.2,30,30.1,30,30.1,30,30,30,30,30,30,29.9,30.1,30.1,30.1,30.1,30.1,29.9,30,29.8,30.1,30.1,29.8,29.9,30,30,30
Mean,0.12346,0.11808,0.12002,0.12278,0.12664,0.13168,0.13904,0.1493,0.16408,0.18458,0.21204,0.24902,0.29364,0.34538,0.40194,0.45944,0.51524,0.5672,0.61446,0.65584,0.6904,0.72166,0.74702,0.7691,0.78788,0.80422,0.81846,0.83114,0.8412,0.8497,0.85764,0.86312,0.86756,0.87116,0.87466,0.87712,0.87944,0.88238,0.8846,0.88826,0.89266,0.89758,0.9032,0.91142,0.92052,0.932,0.9446,0.96104,0.97566,0.99012,1.00384,1.01526,1.02178,1.02546,1.027,1.02728,1.02632,1.02568,1.02388,1.02228,1.0202,1.01934,1.01674,1.01584,1.014,1.01244,1.01122,1.00916,1.0082,1.0074,1.0058,1.0056,1.00454,1.00306,1.00226,1.0019,1.00186,1.00124,1.00036,1.00038,1.00056,0.99992,0.9993,0.99964,0.99968,0.99954,0.99966,0.99992,1.0001,1.00042,1.00028,1.00068,1.00114,1.00126,1.00188,1.00226
StDev,0.004988286,0.004510765,0.004764137,0.005361157,0.006493304,0.007401824,0.008709937,0.009946105,0.011818502,0.013912656,0.016316954,0.019298627,0.021540381,0.0231087,0.024697834,0.025485153,0.02649883,0.027403741,0.028418181,0.029280932,0.03033043,0.031439593,0.032311716,0.033740406,0.034219322,0.035129219,0.036440541,0.037255912,0.038587692,0.039146392,0.040192139,0.041385348,0.042579138,0.043345911,0.044277229,0.046108969,0.047124813,0.048709824,0.050636597,0.052508409,0.054997664,0.057777608,0.060856963,0.064510712,0.068230067,0.072481618,0.076949009,0.08175777,0.086494988,0.089257896,0.091835413,0.092752051,0.093593093,0.093141897,0.092934843,0.092622983,0.092743043,0.092341822,0.092275414,0.092768782,0.093023438,0.093191969,0.093498492,0.093186093,0.093031312,0.092903434,0.092748677,0.092949384,0.092511053,0.092690021,0.092460992,0.092239986,0.092481095,0.092738385,0.092265882,0.092731683,0.092626578,0.092916968,0.092299637,0.092465572,0.092374905,0.092409588,0.092372209,0.092169154,0.0924081,0.091856208,0.092149107,0.092093007,0.091819851,0.091892802,0.091425144,0.091782716,0.091244222,0.091240249,0.091109533,0.09079864
1;2,0.1199,0.1147,0.1167,0.1191,0.1223,0.1269,0.1334,0.1431,0.1574,0.1776,0.2052,0.2431,0.2902,0.3466,0.4076,0.4706,0.5321,0.5899,0.6421,0.6878,0.7268,0.7609,0.7892,0.8143,0.8349,0.853,0.8696,0.8844,0.8967,0.9058,0.9159,0.9234,0.9296,0.9342,0.9394,0.9441,0.9482,0.9539,0.9588,0.9651,0.9733,0.9821,0.9923,1.0053,1.0197,1.0372,1.0562,1.079,1.0985,1.1167,1.1333,1.1448,1.1526,1.1544,1.1554,1.1545,1.1537,1.1522,1.15,1.1489,1.1467,1.1461,1.1435,1.1418,1.1398,1.1379,1.1361,1.1341,1.1324,1.1312,1.1293,1.1289,1.1281,1.126,1.1245,1.1243,1.1241,1.1235,1.1216,1.1218,1.1217,1.1205,1.1198,1.1194,1.12,1.1185,1.1186,1.1183,1.1181,1.1181,1.1174,1.1181,1.118,1.1181,1.1181,1.1181
2;1,0.1263,0.1214,0.1241,0.128,0.1332,0.1394,0.1481,0.1595,0.1771,0.2004,0.2311,0.2722,0.3202,0.3742,0.4323,0.4902,0.5451,0.596,0.642,0.6814,0.7144,0.7451,0.7688,0.7902,0.8073,0.823,0.8371,0.8481,0.8583,0.8672,0.874,0.8796,0.884,0.888,0.8915,0.895,0.8971,0.8997,0.9026,0.9072,0.9115,0.9178,0.9243,0.934,0.9442,0.9569,0.9709,0.9898,1.0078,1.0233,1.0384,1.0503,1.0567,1.0613,1.0626,1.0634,1.0625,1.0625,1.0606,1.0601,1.0588,1.0581,1.0557,1.0556,1.0539,1.0525,1.0522,1.0508,1.0501,1.0497,1.0482,1.0482,1.0475,1.0474,1.0465,1.0471,1.0473,1.0478,1.0463,1.0464,1.0462,1.0471,1.0464,1.0469,1.0469,1.0471,1.0484,1.0487,1.049,1.0494,1.0493,1.0504,1.0503,1.0505,1.0516,1.0518
2;2,0.1218,0.1158,0.1172,0.1196,0.1227,0.1268,0.133,0.1422,0.1553,0.174,0.1992,0.2337,0.2764,0.3272,0.3832,0.4417,0.4976,0.5514,0.6003,0.644,0.6802,0.7125,0.7389,0.7625,0.7821,0.7996,0.8143,0.8283,0.8387,0.8478,0.8567,0.8623,0.8676,0.8716,0.8747,0.8779,0.8805,0.8836,0.8863,0.8899,0.8954,0.9004,0.9063,0.9158,0.9257,0.9382,0.9515,0.9688,0.9861,1.0013,1.0165,1.0304,1.0374,1.0423,1.0445,1.0455,1.0445,1.0435,1.0424,1.0402,1.0383,1.0373,1.0355,1.0342,1.032,1.0305,1.0288,1.0265,1.0252,1.0253,1.0234,1.0226,1.0214,1.0203,1.0194,1.0191,1.0187,1.0176,1.0174,1.0175,1.0184,1.017,1.0165,1.0174,1.0172,1.0174,1.017,1.0181,1.0179,1.019,1.0183,1.0184,1.0188,1.0189,1.0196,1.0199
2;3,0.1186,0.1142,0.1159,0.118,0.1208,0.1252,0.1317,0.1409,0.1538,0.172,0.1967,0.2296,0.2704,0.3182,0.3711,0.4259,0.4795,0.5297,0.5757,0.6161,0.6509,0.6817,0.7069,0.7283,0.747,0.7627,0.7762,0.7888,0.7984,0.8067,0.8143,0.8196,0.8233,0.827,0.8296,0.8304,0.8329,0.8343,0.8349,0.8366,0.8394,0.8418,0.8455,0.8498,0.8565,0.8639,0.8741,0.8851,0.8954,0.9068,0.918,0.9289,0.9339,0.9374,0.9391,0.939,0.939,0.9381,0.936,0.9336,0.9311,0.9302,0.9271,0.9258,0.9237,0.9217,0.9201,0.9177,0.9169,0.9163,0.9144,0.9141,0.9128,0.9104,0.9101,0.909,0.9082,0.907,0.9062,0.9054,0.9056,0.9045,0.9037,0.9043,0.904,0.9042,0.9035,0.9037,0.9036,0.9041,0.9042,0.904,0.9044,0.9052,0.9053,0.906
3;2,0.1307,0.1243,0.1262,0.1292,0.1342,0.1401,0.149,0.1608,0.1768,0.1989,0.228,0.2665,0.311,0.3607,0.4155,0.4688,0.5219,0.569,0.6122,0.6499,0.6797,0.7081,0.7313,0.7502,0.7681,0.7828,0.7951,0.8061,0.8139,0.821,0.8273,0.8307,0.8333,0.835,0.8381,0.8382,0.8385,0.8404,0.8404,0.8425,0.8437,0.8458,0.8476,0.8522,0.8565,0.8638,0.8703,0.8825,0.8905,0.9025,0.913,0.9219,0.9283,0.9319,0.9334,0.934,0.9319,0.9321,0.9304,0.9286,0.9261,0.925,0.9219,0.9218,0.9206,0.9196,0.9189,0.9167,0.9164,0.9145,0.9137,0.9142,0.9129,0.9112,0.9108,0.91,0.911,0.9103,0.9103,0.9108,0.9109,0.9105,0.9101,0.9102,0.9103,0.9105,0.9108,0.9108,0.9119,0.9115,0.9122,0.9125,0.9142,0.9136,0.9148,0.9155
,,,,,,,,,,,,,,,,,,,,,,,,,,,,,,,,,,,,,,,,,,,,,,,,,,,,,,,,,,,,,,,,,,,,,,,,,,,,,,,,,,,,,,,,,,,,,,,,
Cycles / Well,,,,,,,,,,,,,,,,,,,,,,,,,,,,,,,,,,,,,,,,,,,,,,,,,,,,,,,,,,,,,,,,,,,,,,,,,,,,,,,,,,,,,,,,,,,,,,,,
B5,1,2,3,4,5,6,7,8,9,10,11,12,13,14,15,16,17,18,19,20,21,22,23,24,25,26,27,28,29,30,31,32,33,34,35,36,37,38,39,40,41,42,43,44,45,46,47,48,49,50,51,52,53,54,55,56,57,58,59,60,61,62,63,64,65,66,67,68,69,70,71,72,73,74,75,76,77,78,79,80,81,82,83,84,85,86,87,88,89,90,91,92,93,94,95,96
Time [s],0,1799.827,3599.741,5399.669,7199.582,8999.52,10799.439,12599.362,14399.295,16199.216,17999.146,19799.079,21599.004,23398.923,25198.859,26998.777,28798.697,30598.623,32398.553,34198.485,35998.416,37798.341,39598.268,41398.198,43198.124,44998.054,46797.976,48597.918,50397.831,52197.762,53997.692,55797.629,57597.534,59397.461,61197.38,62997.315,64797.24,66597.165,68397.092,70197.031,71996.926,73796.86,75596.777,77396.712,79196.627,80996.562,82796.484,84596.403,86396.337,88196.281,89996.203,91796.133,93596.059,95395.99,97195.917,98995.844,100795.796,102595.694,104395.689,106195.553,107995.487,109795.413,111595.34,113395.273,115195.195,116995.132,118795.052,120594.981,122394.898,124194.845,125994.76,127794.681,129594.622,131394.544,133194.474,134994.397,136794.315,138594.255,140394.181,142194.115,143994.039,145793.949,147593.888,149393.809,151193.742,152993.677,154793.597,156593.512,158393.435,160193.362,161993.31,163793.212,165593.147,167393.086,169192.983,170992.91
Temp. [°C],20.1,30,29.8,30,30.1,30,29.9,30.1,30.1,30.1,30,30,30,30,30,30,30,30,30,30,30,30,30.1,30.1,30.1,30.1,30,30,30.1,30.1,30,30,30.1,30,29.9,30,30.1,30,30.1,29.9,30.1,29.8,30,29.9,30.1,30,30,29.9,30,30,30,30.1,29.9,30.2,30.1,30.1,30.1,30,30,30,30,30,30,30,30,30,30.1,30,30,30.2,30,30.1,30,30.1,30,30,30,30,30,30,29.9,30.1,30.1,30.1,30.1,30.1,29.9,30,29.8,30.1,30.1,29.8,29.9,30,30,30
Mean,0.12522,0.11822,0.12084,0.12256,0.1257,0.12934,0.13606,0.14496,0.15718,0.175,0.19876,0.2305,0.27094,0.31802,0.37186,0.42828,0.48518,0.5401,0.59028,0.63492,0.67262,0.7059,0.73362,0.7575,0.7776,0.7946,0.8092,0.82104,0.83146,0.84052,0.84856,0.85534,0.86138,0.86724,0.87178,0.87664,0.88074,0.88548,0.89084,0.89708,0.90448,0.91392,0.92368,0.93546,0.94926,0.96572,0.98464,1.00578,1.02724,1.0481,1.06762,1.08486,1.09796,1.10652,1.11276,1.1153,1.1176,1.1183,1.1177,1.11778,1.11614,1.11624,1.11478,1.11382,1.11296,1.11196,1.11072,1.10992,1.10904,1.10856,1.10724,1.10666,1.10558,1.10476,1.10416,1.10398,1.10358,1.10294,1.10218,1.1023,1.10204,1.10164,1.10154,1.10132,1.10128,1.1011,1.10104,1.10114,1.10114,1.10112,1.10098,1.10144,1.10128,1.10142,1.10204,1.10178
StDev,0.014479537,0.011230405,0.011803516,0.011694999,0.012747353,0.012718608,0.015198125,0.01682403,0.018398696,0.021782677,0.025381647,0.029878755,0.034423582,0.03663587,0.039065496,0.039450311,0.040233655,0.039367182,0.038248229,0.038272536,0.037887359,0.038000855,0.037507559,0.037547503,0.037575258,0.03767247,0.038106496,0.038233009,0.03869332,0.038802925,0.038983561,0.039581915,0.040087118,0.040500654,0.040372292,0.041006804,0.041430098,0.041911597,0.042948783,0.043130755,0.044640195,0.045364876,0.046186004,0.046943296,0.048814475,0.050307524,0.052341504,0.054055638,0.056175155,0.05767261,0.05878254,0.059950088,0.059877233,0.060210398,0.059778324,0.05943631,0.059863846,0.059734328,0.059828421,0.05859942,0.05850541,0.058466084,0.058466332,0.058089732,0.057575672,0.057741605,0.057074881,0.057224925,0.056909955,0.057097574,0.056844903,0.056453724,0.056418942,0.056119542,0.056189883,0.056168648,0.055743672,0.05576637,0.055711058,0.055964498,0.056160066,0.055617515,0.05529094,0.055720481,0.055500964,0.055335161,0.055226561,0.055233758,0.055592562,0.055870046,0.055580635,0.055166185,0.055329892,0.054985744,0.055305361,0.05528261
1;2,0.1174,0.1116,0.1135,0.115,0.117,0.1202,0.1249,0.1321,0.1423,0.1567,0.1765,0.2032,0.2391,0.2833,0.3345,0.3903,0.4469,0.5029,0.5549,0.601,0.6397,0.6744,0.7037,0.7292,0.7498,0.7685,0.7836,0.7967,0.808,0.8179,0.8272,0.833,0.8403,0.8472,0.852,0.8569,0.8614,0.8661,0.8722,0.8785,0.8849,0.8941,0.9034,0.9149,0.9271,0.9444,0.9628,0.9843,1.0036,1.0241,1.0423,1.0601,1.0743,1.0803,1.087,1.089,1.0921,1.0931,1.0916,1.0921,1.0907,1.0897,1.0879,1.0875,1.0865,1.0863,1.0837,1.083,1.0822,1.0818,1.0804,1.0795,1.0783,1.0779,1.0771,1.0771,1.0766,1.0761,1.0756,1.0757,1.0756,1.0739,1.0736,1.0733,1.0727,1.0727,1.0726,1.0717,1.0713,1.0713,1.0711,1.0717,1.0718,1.0714,1.0713,1.0711
2;1,0.1225,0.1184,0.1216,0.1249,0.1293,0.1343,0.1419,0.1518,0.1667,0.1872,0.214,0.2498,0.2943,0.3453,0.4013,0.4584,0.5158,0.5697,0.619,0.6628,0.7003,0.7319,0.7592,0.7821,0.8009,0.8168,0.831,0.8419,0.8521,0.8607,0.8677,0.8745,0.8798,0.8856,0.8901,0.8943,0.8989,0.9046,0.9097,0.9165,0.9242,0.9335,0.9439,0.9559,0.9711,0.9893,1.008,1.0307,1.0537,1.0736,1.0937,1.1096,1.1224,1.1316,1.1376,1.1413,1.1442,1.1454,1.1464,1.1459,1.1442,1.1442,1.1417,1.1419,1.1407,1.1401,1.1384,1.138,1.1371,1.1364,1.1355,1.1348,1.1331,1.1328,1.1324,1.1312,1.1325,1.1324,1.1314,1.1316,1.1309,1.132,1.1323,1.1324,1.133,1.1321,1.1332,1.1333,1.1337,1.1341,1.134,1.1347,1.1343,1.1344,1.1354,1.136
2;2,0.1199,0.1136,0.1155,0.1171,0.1195,0.1229,0.1283,0.1363,0.1479,0.1649,0.1881,0.2195,0.2602,0.3099,0.3672,0.4284,0.4905,0.5515,0.6072,0.6569,0.6989,0.7355,0.7667,0.7939,0.8167,0.8361,0.853,0.8664,0.879,0.889,0.8991,0.907,0.9147,0.922,0.9268,0.9332,0.9385,0.9439,0.9515,0.9579,0.968,0.9789,0.9906,1.0042,1.0214,1.04,1.0632,1.0869,1.1119,1.1362,1.1577,1.1778,1.1908,1.2001,1.2056,1.2071,1.2097,1.2098,1.2087,1.2069,1.2051,1.2053,1.2045,1.2022,1.2007,1.1996,1.1977,1.197,1.1955,1.1955,1.1935,1.1923,1.1916,1.1899,1.1894,1.1897,1.1877,1.1868,1.186,1.1865,1.1868,1.1847,1.1838,1.1841,1.1834,1.1833,1.1823,1.1825,1.1829,1.1831,1.1824,1.1819,1.1821,1.1818,1.1828,1.182
2;3,0.1156,0.11,0.1126,0.1138,0.1162,0.1198,0.125,0.1331,0.1439,0.1588,0.1795,0.2072,0.2426,0.2856,0.3349,0.3883,0.4414,0.4946,0.5437,0.5862,0.6235,0.6555,0.6834,0.7067,0.7271,0.7436,0.7579,0.7694,0.7795,0.7884,0.7967,0.8032,0.8085,0.8141,0.8192,0.8235,0.8277,0.8321,0.8365,0.8426,0.8488,0.8577,0.8679,0.88,0.8936,0.9092,0.9279,0.9485,0.9699,0.991,1.0108,1.0285,1.0416,1.0515,1.0576,1.0609,1.0623,1.0624,1.0622,1.0633,1.0617,1.062,1.0613,1.0603,1.0604,1.0584,1.0589,1.0584,1.0572,1.0569,1.0556,1.0552,1.055,1.054,1.0539,1.0537,1.054,1.0534,1.0522,1.0519,1.0514,1.0513,1.0514,1.0503,1.0509,1.0507,1.0501,1.0505,1.05,1.0495,1.0495,1.0499,1.0492,1.0505,1.0509,1.0507
3;2,0.1507,0.1375,0.141,0.142,0.1465,0.1495,0.1602,0.1715,0.1851,0.2074,0.2357,0.2728,0.3185,0.366,0.4214,0.476,0.5313,0.5818,0.6266,0.6677,0.7007,0.7322,0.7551,0.7756,0.7935,0.808,0.8205,0.8308,0.8387,0.8466,0.8521,0.859,0.8636,0.8673,0.8708,0.8753,0.8772,0.8807,0.8843,0.8899,0.8965,0.9054,0.9126,0.9223,0.9331,0.9457,0.9613,0.9785,0.9971,1.0156,1.0336,1.0483,1.0607,1.0691,1.076,1.0782,1.0797,1.0808,1.0796,1.0807,1.079,1.08,1.0785,1.0772,1.0765,1.0754,1.0749,1.0732,1.0732,1.0722,1.0712,1.0715,1.0699,1.0692,1.068,1.0682,1.0671,1.066,1.0657,1.0658,1.0655,1.0663,1.0666,1.0665,1.0664,1.0667,1.067,1.0677,1.0678,1.0676,1.0679,1.069,1.069,1.069,1.0698,1.0691
,,,,,,,,,,,,,,,,,,,,,,,,,,,,,,,,,,,,,,,,,,,,,,,,,,,,,,,,,,,,,,,,,,,,,,,,,,,,,,,,,,,,,,,,,,,,,,,,
Cycles / Well,,,,,,,,,,,,,,,,,,,,,,,,,,,,,,,,,,,,,,,,,,,,,,,,,,,,,,,,,,,,,,,,,,,,,,,,,,,,,,,,,,,,,,,,,,,,,,,,
B6,1,2,3,4,5,6,7,8,9,10,11,12,13,14,15,16,17,18,19,20,21,22,23,24,25,26,27,28,29,30,31,32,33,34,35,36,37,38,39,40,41,42,43,44,45,46,47,48,49,50,51,52,53,54,55,56,57,58,59,60,61,62,63,64,65,66,67,68,69,70,71,72,73,74,75,76,77,78,79,80,81,82,83,84,85,86,87,88,89,90,91,92,93,94,95,96
Time [s],0,1799.827,3599.741,5399.669,7199.582,8999.52,10799.439,12599.362,14399.295,16199.216,17999.146,19799.079,21599.004,23398.923,25198.859,26998.777,28798.697,30598.623,32398.553,34198.485,35998.416,37798.341,39598.268,41398.198,43198.124,44998.054,46797.976,48597.918,50397.831,52197.762,53997.692,55797.629,57597.534,59397.461,61197.38,62997.315,64797.24,66597.165,68397.092,70197.031,71996.926,73796.86,75596.777,77396.712,79196.627,80996.562,82796.484,84596.403,86396.337,88196.281,89996.203,91796.133,93596.059,95395.99,97195.917,98995.844,100795.796,102595.694,104395.689,106195.553,107995.487,109795.413,111595.34,113395.273,115195.195,116995.132,118795.052,120594.981,122394.898,124194.845,125994.76,127794.681,129594.622,131394.544,133194.474,134994.397,136794.315,138594.255,140394.181,142194.115,143994.039,145793.949,147593.888,149393.809,151193.742,152993.677,154793.597,156593.512,158393.435,160193.362,161993.31,163793.212,165593.147,167393.086,169192.983,170992.91
Temp. [°C],20.1,30,29.8,30,30.1,30,29.9,30.1,30.1,30.1,30,30,30,30,30,30,30,30,30,30,30,30,30.1,30.1,30.1,30.1,30,30,30.1,30.1,30,30,30.1,30,29.9,30,30.1,30,30.1,29.9,30.1,29.8,30,29.9,30.1,30,30,29.9,30,30,30,30.1,29.9,30.2,30.1,30.1,30.1,30,30,30,30,30,30,30,30,30,30.1,30,30,30.2,30,30.1,30,30.1,30,30,30,30,30,30,29.9,30.1,30.1,30.1,30.1,30.1,29.9,30,29.8,30.1,30.1,29.8,29.9,30,30,30
Mean,0.12532,0.11976,0.12252,0.12558,0.13002,0.13578,0.14436,0.15624,0.17322,0.19688,0.2297,0.27444,0.33166,0.40342,0.49056,0.5904,0.70418,0.81992,0.92958,1.02312,1.09512,1.1474,1.18396,1.21254,1.23538,1.25502,1.27142,1.28698,1.3001,1.3113,1.3223,1.33228,1.34016,1.34744,1.35322,1.35656,1.35962,1.36214,1.3639,1.36568,1.36696,1.36878,1.36994,1.37146,1.37234,1.37362,1.37536,1.37686,1.37682,1.37786,1.37896,1.3801,1.38096,1.38204,1.38238,1.38318,1.38364,1.38398,1.38462,1.38536,1.3859,1.38658,1.38658,1.38798,1.38834,1.38884,1.3895,1.3897,1.39036,1.39078,1.39146,1.39178,1.39222,1.39272,1.39312,1.39398,1.3948,1.3957,1.39552,1.39656,1.39744,1.39784,1.39884,1.39884,1.39966,1.40018,1.40058,1.40156,1.40176,1.40258,1.40282,1.40362,1.40406,1.40448,1.40554,1.40622
StDev,0.004315322,0.00478205,0.005542292,0.006369223,0.007660091,0.008694366,0.010217779,0.012095991,0.01458722,0.017559385,0.021453321,0.025696848,0.029008154,0.031173418,0.032499508,0.031612972,0.032796143,0.032580623,0.032836519,0.03228958,0.030708826,0.029239101,0.028907317,0.027586192,0.027851248,0.027536739,0.026218257,0.025857049,0.026813336,0.026627148,0.026675457,0.026033574,0.026767574,0.027315252,0.026462653,0.026012362,0.025606972,0.024662684,0.025177172,0.024219145,0.025325244,0.025157643,0.025082922,0.025255158,0.024833103,0.024553146,0.024416961,0.024992659,0.024891304,0.023976197,0.023931736,0.023627844,0.024116447,0.02380731,0.023819467,0.024118499,0.023875573,0.023196056,0.023958861,0.023475796,0.023329273,0.023463738,0.024113212,0.023247624,0.023933721,0.023620923,0.023191917,0.023883362,0.023079601,0.022869784,0.02321073,0.022979926,0.022648885,0.022929719,0.022652086,0.023109132,0.022541074,0.023136875,0.02272668,0.022976684,0.022724502,0.022841147,0.022310827,0.022490509,0.022069051,0.022209728,0.022217268,0.022034927,0.021696958,0.021900388,0.021823542,0.021595416,0.022134091,0.021647448,0.021385345,0.021735501
1;2,0.1225,0.1164,0.1192,0.1219,0.1254,0.1307,0.1383,0.1494,0.1655,0.1882,0.2202,0.2651,0.3247,0.4011,0.4941,0.6036,0.7279,0.8529,0.9686,1.0646,1.1361,1.187,1.2235,1.2508,1.2741,1.2937,1.308,1.3227,1.3363,1.3482,1.3586,1.3685,1.377,1.3845,1.3897,1.3922,1.3944,1.395,1.3982,1.3986,1.4014,1.4027,1.4032,1.4062,1.406,1.4069,1.4078,1.4102,1.4097,1.4097,1.4107,1.4119,1.4134,1.4148,1.4144,1.4154,1.4158,1.4145,1.4167,1.4167,1.4172,1.4184,1.419,1.4196,1.4207,1.4204,1.4206,1.422,1.4215,1.4214,1.4224,1.4222,1.4226,1.4234,1.4237,1.4249,1.4248,1.4267,1.4259,1.4269,1.4273,1.4283,1.4282,1.4288,1.4293,1.43,1.4301,1.4315,1.4308,1.432,1.4322,1.4326,1.4338,1.4327,1.4339,1.435
2;1,0.1295,0.125,0.1291,0.1337,0.1397,0.1467,0.1571,0.1713,0.1922,0.2196,0.2583,0.3097,0.3709,0.4448,0.5317,0.6276,0.7373,0.845,0.9476,1.0353,1.1037,1.1511,1.1862,1.2136,1.2343,1.2509,1.2671,1.2816,1.2927,1.3047,1.315,1.3246,1.3315,1.3392,1.3457,1.3488,1.3513,1.3546,1.3552,1.3573,1.3586,1.3607,1.3627,1.3633,1.364,1.3656,1.3685,1.3688,1.3685,1.3696,1.3701,1.3707,1.371,1.3711,1.3728,1.3734,1.3742,1.3741,1.3742,1.3745,1.3747,1.3767,1.3758,1.3782,1.3785,1.379,1.3803,1.3787,1.3807,1.3814,1.3814,1.3816,1.3824,1.3833,1.3831,1.3826,1.3846,1.3849,1.3849,1.3854,1.3862,1.3871,1.3885,1.3878,1.3891,1.3891,1.3896,1.3907,1.3913,1.3915,1.3915,1.3921,1.3932,1.3931,1.3946,1.3952
2;2,0.1239,0.1176,0.1197,0.1222,0.1259,0.1307,0.1382,0.1486,0.1641,0.186,0.2165,0.2592,0.315,0.3874,0.4757,0.5792,0.6976,0.8191,0.9339,1.031,1.1047,1.1598,1.1969,1.225,1.2493,1.2701,1.2861,1.3027,1.3182,1.3276,1.3402,1.3489,1.3583,1.3665,1.3705,1.3739,1.3773,1.38,1.3815,1.3825,1.3844,1.3866,1.3882,1.3885,1.3897,1.3909,1.3929,1.3951,1.3956,1.3958,1.397,1.3975,1.3989,1.3991,1.4001,1.4014,1.4013,1.4022,1.4029,1.4034,1.4036,1.4037,1.4049,1.4048,1.4058,1.4066,1.4068,1.4075,1.4075,1.4081,1.4094,1.4099,1.4094,1.4101,1.4102,1.412,1.4124,1.4136,1.4132,1.4151,1.416,1.4157,1.4167,1.4166,1.4166,1.4174,1.4183,1.4181,1.4187,1.4197,1.4198,1.4206,1.4211,1.4225,1.4227,1.4237
2;3,0.1205,0.115,0.1168,0.1191,0.1224,0.1273,0.1346,0.1447,0.159,0.1792,0.2075,0.2465,0.2976,0.3632,0.4452,0.543,0.6532,0.7702,0.8821,0.9792,1.0561,1.1114,1.1492,1.1802,1.2033,1.2247,1.2418,1.2584,1.2702,1.2817,1.2936,1.305,1.313,1.3194,1.3253,1.3288,1.3322,1.3358,1.3378,1.3398,1.3398,1.3422,1.3431,1.3454,1.3459,1.3481,1.3489,1.3505,1.3509,1.353,1.3539,1.3558,1.3565,1.3589,1.3583,1.3587,1.3596,1.3603,1.361,1.3618,1.3623,1.3628,1.3631,1.3644,1.3637,1.3644,1.3659,1.3659,1.3673,1.3681,1.3688,1.3695,1.3698,1.3699,1.3714,1.372,1.373,1.3737,1.3739,1.3753,1.3764,1.376,1.377,1.3777,1.3783,1.3792,1.3801,1.3806,1.3815,1.3828,1.3829,1.384,1.3828,1.3842,1.3857,1.386
3;2,0.1302,0.1248,0.1278,0.131,0.1367,0.1435,0.1536,0.1672,0.1853,0.2114,0.246,0.2917,0.3501,0.4206,0.5061,0.5986,0.7049,0.8124,0.9157,1.0055,1.075,1.1277,1.164,1.1931,1.2159,1.2357,1.2541,1.2695,1.2831,1.2943,1.3041,1.3144,1.321,1.3276,1.3349,1.3391,1.3429,1.3453,1.3468,1.3502,1.3506,1.3517,1.3525,1.3539,1.3561,1.3566,1.3587,1.3597,1.3594,1.3612,1.3631,1.3646,1.365,1.3663,1.3663,1.367,1.3673,1.3688,1.3683,1.3704,1.3717,1.3713,1.3701,1.3729,1.373,1.3738,1.3739,1.3744,1.3748,1.3749,1.3753,1.3757,1.3769,1.3769,1.3772,1.3784,1.3792,1.3796,1.3797,1.3801,1.3813,1.3821,1.3838,1.3833,1.385,1.3852,1.3848,1.3869,1.3865,1.3869,1.3877,1.3888,1.3894,1.3899,1.3908,1.3912
,,,,,,,,,,,,,,,,,,,,,,,,,,,,,,,,,,,,,,,,,,,,,,,,,,,,,,,,,,,,,,,,,,,,,,,,,,,,,,,,,,,,,,,,,,,,,,,,
Cycles / Well,,,,,,,,,,,,,,,,,,,,,,,,,,,,,,,,,,,,,,,,,,,,,,,,,,,,,,,,,,,,,,,,,,,,,,,,,,,,,,,,,,,,,,,,,,,,,,,,
B7,1,2,3,4,5,6,7,8,9,10,11,12,13,14,15,16,17,18,19,20,21,22,23,24,25,26,27,28,29,30,31,32,33,34,35,36,37,38,39,40,41,42,43,44,45,46,47,48,49,50,51,52,53,54,55,56,57,58,59,60,61,62,63,64,65,66,67,68,69,70,71,72,73,74,75,76,77,78,79,80,81,82,83,84,85,86,87,88,89,90,91,92,93,94,95,96
Time [s],0,1799.827,3599.741,5399.669,7199.582,8999.52,10799.439,12599.362,14399.295,16199.216,17999.146,19799.079,21599.004,23398.923,25198.859,26998.777,28798.697,30598.623,32398.553,34198.485,35998.416,37798.341,39598.268,41398.198,43198.124,44998.054,46797.976,48597.918,50397.831,52197.762,53997.692,55797.629,57597.534,59397.461,61197.38,62997.315,64797.24,66597.165,68397.092,70197.031,71996.926,73796.86,75596.777,77396.712,79196.627,80996.562,82796.484,84596.403,86396.337,88196.281,89996.203,91796.133,93596.059,95395.99,97195.917,98995.844,100795.796,102595.694,104395.689,106195.553,107995.487,109795.413,111595.34,113395.273,115195.195,116995.132,118795.052,120594.981,122394.898,124194.845,125994.76,127794.681,129594.622,131394.544,133194.474,134994.397,136794.315,138594.255,140394.181,142194.115,143994.039,145793.949,147593.888,149393.809,151193.742,152993.677,154793.597,156593.512,158393.435,160193.362,161993.31,163793.212,165593.147,167393.086,169192.983,170992.91
Temp. [°C],20.1,30,29.8,30,30.1,30,29.9,30.1,30.1,30.1,30,30,30,30,30,30,30,30,30,30,30,30,30.1,30.1,30.1,30.1,30,30,30.1,30.1,30,30,30.1,30,29.9,30,30.1,30,30.1,29.9,30.1,29.8,30,29.9,30.1,30,30,29.9,30,30,30,30.1,29.9,30.2,30.1,30.1,30.1,30,30,30,30,30,30,30,30,30,30.1,30,30,30.2,30,30.1,30,30.1,30,30,30,30,30,30,29.9,30.1,30.1,30.1,30.1,30.1,29.9,30,29.8,30.1,30.1,29.8,29.9,30,30,30
Mean,0.12106,0.11468,0.11692,0.119,0.12212,0.12612,0.13228,0.14096,0.15334,0.17068,0.19446,0.22802,0.27306,0.33166,0.40488,0.4926,0.5953,0.7085,0.82476,0.93212,1.02392,1.09486,1.1454,1.18234,1.20996,1.2329,1.25136,1.26876,1.28434,1.29702,1.31004,1.32016,1.33004,1.33858,1.34534,1.3519,1.35606,1.35848,1.36088,1.36296,1.36448,1.36594,1.3676,1.36902,1.37032,1.37166,1.37352,1.37526,1.37592,1.37688,1.37798,1.3794,1.38022,1.3811,1.38212,1.38302,1.38332,1.38426,1.38492,1.38536,1.38576,1.38708,1.3867,1.38802,1.38894,1.38962,1.39052,1.39056,1.39158,1.39216,1.39262,1.39352,1.39406,1.39434,1.39526,1.39566,1.39674,1.39832,1.3979,1.399,1.39958,1.40018,1.401,1.40186,1.4024,1.40284,1.40316,1.40382,1.40456,1.40506,1.40574,1.40644,1.40646,1.40736,1.40838,1.40922
StDev,0.004705635,0.004449944,0.004886921,0.005442885,0.006435993,0.007240649,0.008256936,0.009309296,0.010870511,0.012882818,0.015188581,0.018357478,0.021656015,0.025118678,0.02867049,0.032098442,0.035433247,0.039860319,0.04361173,0.045224628,0.045580994,0.043541796,0.041729426,0.040500901,0.040743993,0.040479007,0.039863743,0.039476993,0.038398346,0.038451229,0.038340683,0.038952574,0.038473276,0.0387438,0.038485945,0.038033406,0.03759738,0.036546026,0.036118375,0.035619419,0.036109029,0.035299901,0.034754352,0.036173429,0.035477204,0.03565197,0.035414785,0.036043418,0.035146721,0.034977807,0.03496687,0.034861225,0.03525439,0.034324627,0.034318756,0.034560483,0.034704063,0.034556013,0.035041932,0.03456708,0.034730001,0.034183432,0.035135452,0.034181238,0.034435345,0.034247584,0.034373202,0.034460528,0.034243788,0.034352918,0.034664925,0.034641117,0.034665011,0.034088605,0.034119613,0.03433006,0.033558203,0.03360122,0.033329116,0.03380392,0.034128683,0.03337105,0.032989998,0.033225036,0.033092446,0.033246398,0.033223757,0.033273593,0.033182269,0.033340411,0.033220747,0.032801037,0.03300603,0.032353176,0.032717304,0.033004878
1;2,0.1184,0.1121,0.1141,0.1162,0.1185,0.1221,0.1276,0.1358,0.1479,0.1649,0.1891,0.2235,0.2707,0.3337,0.4136,0.5097,0.6245,0.7501,0.8776,0.9903,1.0846,1.153,1.2009,1.2369,1.2658,1.2882,1.3055,1.3231,1.3363,1.3489,1.362,1.3728,1.382,1.3908,1.3977,1.4035,1.407,1.4078,1.4096,1.4114,1.4135,1.414,1.4137,1.4176,1.4182,1.4201,1.4214,1.4241,1.4231,1.4238,1.425,1.4263,1.4284,1.4279,1.4285,1.4295,1.4301,1.4308,1.4323,1.4319,1.4326,1.4331,1.4345,1.4339,1.4353,1.4354,1.4364,1.4367,1.4375,1.4382,1.4392,1.44,1.4402,1.4396,1.4406,1.4415,1.4417,1.4427,1.4423,1.444,1.445,1.4445,1.4449,1.4461,1.4465,1.4471,1.4479,1.4478,1.4487,1.4488,1.4498,1.45,1.4508,1.4498,1.4516,1.4526
2;1,0.1237,0.1191,0.1219,0.1255,0.1299,0.135,0.1422,0.152,0.1669,0.1878,0.2159,0.2552,0.3054,0.3691,0.446,0.5355,0.6349,0.7433,0.8519,0.9522,1.0387,1.1046,1.1524,1.1876,1.2115,1.2334,1.2516,1.2677,1.2828,1.2953,1.3065,1.3172,1.3263,1.3342,1.3421,1.3485,1.3519,1.355,1.3569,1.3591,1.3595,1.3609,1.3638,1.3639,1.3657,1.3676,1.369,1.3695,1.371,1.3717,1.3731,1.3738,1.374,1.3745,1.3768,1.378,1.378,1.3796,1.3782,1.3798,1.3799,1.381,1.3792,1.3813,1.3821,1.3829,1.3841,1.383,1.3853,1.3853,1.3851,1.3856,1.3857,1.3873,1.3882,1.3883,1.3897,1.3909,1.3898,1.3906,1.3901,1.3913,1.3924,1.3925,1.3939,1.3936,1.3939,1.3946,1.3959,1.3955,1.3959,1.3975,1.3963,1.399,1.3992,1.3996
2;2,0.1208,0.1133,0.1151,0.1169,0.1193,0.1225,0.1279,0.1356,0.1469,0.1634,0.1859,0.2185,0.263,0.3215,0.3951,0.485,0.5927,0.7118,0.8335,0.9456,1.0395,1.1132,1.1651,1.2015,1.2301,1.254,1.2729,1.2894,1.3063,1.3192,1.3327,1.3431,1.3534,1.3624,1.3675,1.3741,1.3785,1.3804,1.3828,1.3838,1.3863,1.3872,1.3895,1.3917,1.3921,1.3928,1.3951,1.3977,1.3979,1.3989,1.3998,1.4014,1.4017,1.4023,1.4032,1.4043,1.4047,1.405,1.4069,1.4068,1.4074,1.4086,1.4084,1.41,1.4107,1.4117,1.4127,1.4131,1.4133,1.4142,1.415,1.4161,1.4173,1.4169,1.4177,1.418,1.4182,1.4203,1.4202,1.4216,1.4225,1.4228,1.4233,1.4244,1.4244,1.4255,1.425,1.4268,1.4268,1.4283,1.4286,1.4285,1.4286,1.4294,1.4306,1.4321
2;3,0.1151,0.1094,0.1113,0.1126,0.115,0.1184,0.1237,0.1315,0.1421,0.1569,0.1778,0.2071,0.2469,0.2999,0.3672,0.4497,0.548,0.658,0.7746,0.885,0.9818,1.057,1.1102,1.1488,1.1786,1.2013,1.2197,1.2396,1.255,1.2683,1.2825,1.2918,1.3013,1.3106,1.3181,1.3251,1.3299,1.3324,1.3355,1.3386,1.34,1.3419,1.3442,1.3445,1.3459,1.3469,1.3491,1.3505,1.3523,1.3536,1.3542,1.3562,1.3568,1.3589,1.3599,1.3609,1.3611,1.3629,1.363,1.3635,1.3636,1.3655,1.3658,1.3667,1.3682,1.3689,1.3694,1.3697,1.3706,1.3714,1.3717,1.3729,1.3737,1.3738,1.375,1.3755,1.3773,1.3805,1.3784,1.3797,1.3813,1.3815,1.3821,1.3835,1.3841,1.384,1.3847,1.3853,1.3862,1.3876,1.3878,1.3889,1.3886,1.3906,1.3915,1.3922
3;2,0.1273,0.1195,0.1222,0.1238,0.1279,0.1326,0.14,0.1499,0.1629,0.1804,0.2036,0.2358,0.2793,0.3341,0.4025,0.4831,0.5764,0.6793,0.7862,0.8875,0.975,1.0465,1.0984,1.1369,1.1638,1.1876,1.2071,1.224,1.2413,1.2534,1.2665,1.2759,1.2872,1.2949,1.3013,1.3083,1.313,1.3168,1.3196,1.3219,1.3231,1.3257,1.3268,1.3274,1.3297,1.3309,1.333,1.3345,1.3353,1.3364,1.3378,1.3393,1.3402,1.3419,1.3422,1.3424,1.3427,1.343,1.3442,1.3448,1.3453,1.3472,1.3456,1.3482,1.3484,1.3492,1.35,1.3503,1.3512,1.3517,1.3521,1.353,1.3534,1.3541,1.3548,1.355,1.3568,1.3572,1.3588,1.3591,1.359,1.3608,1.3623,1.3628,1.3631,1.364,1.3643,1.3646,1.3652,1.3651,1.3666,1.3673,1.368,1.368,1.369,1.3696
,,,,,,,,,,,,,,,,,,,,,,,,,,,,,,,,,,,,,,,,,,,,,,,,,,,,,,,,,,,,,,,,,,,,,,,,,,,,,,,,,,,,,,,,,,,,,,,,
Cycles / Well,,,,,,,,,,,,,,,,,,,,,,,,,,,,,,,,,,,,,,,,,,,,,,,,,,,,,,,,,,,,,,,,,,,,,,,,,,,,,,,,,,,,,,,,,,,,,,,,
B8,1,2,3,4,5,6,7,8,9,10,11,12,13,14,15,16,17,18,19,20,21,22,23,24,25,26,27,28,29,30,31,32,33,34,35,36,37,38,39,40,41,42,43,44,45,46,47,48,49,50,51,52,53,54,55,56,57,58,59,60,61,62,63,64,65,66,67,68,69,70,71,72,73,74,75,76,77,78,79,80,81,82,83,84,85,86,87,88,89,90,91,92,93,94,95,96
Time [s],0,1799.827,3599.741,5399.669,7199.582,8999.52,10799.439,12599.362,14399.295,16199.216,17999.146,19799.079,21599.004,23398.923,25198.859,26998.777,28798.697,30598.623,32398.553,34198.485,35998.416,37798.341,39598.268,41398.198,43198.124,44998.054,46797.976,48597.918,50397.831,52197.762,53997.692,55797.629,57597.534,59397.461,61197.38,62997.315,64797.24,66597.165,68397.092,70197.031,71996.926,73796.86,75596.777,77396.712,79196.627,80996.562,82796.484,84596.403,86396.337,88196.281,89996.203,91796.133,93596.059,95395.99,97195.917,98995.844,100795.796,102595.694,104395.689,106195.553,107995.487,109795.413,111595.34,113395.273,115195.195,116995.132,118795.052,120594.981,122394.898,124194.845,125994.76,127794.681,129594.622,131394.544,133194.474,134994.397,136794.315,138594.255,140394.181,142194.115,143994.039,145793.949,147593.888,149393.809,151193.742,152993.677,154793.597,156593.512,158393.435,160193.362,161993.31,163793.212,165593.147,167393.086,169192.983,170992.91
Temp. [°C],20.1,30,29.8,30,30.1,30,29.9,30.1,30.1,30.1,30,30,30,30,30,30,30,30,30,30,30,30,30.1,30.1,30.1,30.1,30,30,30.1,30.1,30,30,30.1,30,29.9,30,30.1,30,30.1,29.9,30.1,29.8,30,29.9,30.1,30,30,29.9,30,30,30,30.1,29.9,30.2,30.1,30.1,30.1,30,30,30,30,30,30,30,30,30,30.1,30,30,30.2,30,30.1,30,30.1,30,30,30,30,30,30,29.9,30.1,30.1,30.1,30.1,30.1,29.9,30,29.8,30.1,30.1,29.8,29.9,30,30,30
Mean,0.12354,0.11674,0.11922,0.12252,0.12672,0.13202,0.13996,0.15088,0.16666,0.18812,0.21698,0.25548,0.30606,0.36578,0.43748,0.51828,0.60914,0.70618,0.80774,0.90846,1.00272,1.08474,1.1533,1.2069,1.24698,1.27858,1.30242,1.3237,1.34194,1.3582,1.37344,1.3883,1.4003,1.41188,1.4206,1.42694,1.43008,1.43196,1.43406,1.43486,1.43552,1.43734,1.43888,1.44042,1.4413,1.44214,1.44344,1.44424,1.445,1.44574,1.4469,1.44714,1.44832,1.44942,1.45046,1.45016,1.45054,1.45136,1.45122,1.45152,1.45178,1.45256,1.45244,1.45378,1.4539,1.45414,1.45442,1.4547,1.45516,1.45586,1.45618,1.45662,1.45678,1.45768,1.45792,1.45784,1.45846,1.45952,1.45898,1.45914,1.45954,1.46048,1.46118,1.46126,1.46196,1.46236,1.46278,1.46354,1.46378,1.46418,1.46472,1.4649,1.46514,1.4662,1.46694,1.46698
StDev,0.004895202,0.004181866,0.004153553,0.004489098,0.00473149,0.00527892,0.006039702,0.006630008,0.008277258,0.009743562,0.011869583,0.014216962,0.017835022,0.021829956,0.027512488,0.034196447,0.042597922,0.051720953,0.060904417,0.06760801,0.071119526,0.072965972,0.072166093,0.070244715,0.06864111,0.067585183,0.066936253,0.066252736,0.067043814,0.066864228,0.067289955,0.066440613,0.0673013,0.066290852,0.066086799,0.065644825,0.064809968,0.064069361,0.063851139,0.063490535,0.063532448,0.06347624,0.062519213,0.064720028,0.063404968,0.063619046,0.063303894,0.063892981,0.063695212,0.063389652,0.063115569,0.063641834,0.063782027,0.063606383,0.063817615,0.063770393,0.063768237,0.063803785,0.063302425,0.063474696,0.063310086,0.063542923,0.063391585,0.062652789,0.063532708,0.06384648,0.063434115,0.06377182,0.063554528,0.063658055,0.063789239,0.06397884,0.063929391,0.064113587,0.063771404,0.064143963,0.064040401,0.064138577,0.063832648,0.064594837,0.064509945,0.063963404,0.063983217,0.064453029,0.06388629,0.06414143,0.063967781,0.064031149,0.063989585,0.064620523,0.06427151,0.064234843,0.064308771,0.064583473,0.064566191,0.064711375
1;2,0.1196,0.113,0.1157,0.1189,0.1226,0.1271,0.1335,0.1433,0.1565,0.1749,0.2003,0.2347,0.281,0.3367,0.4036,0.4806,0.5682,0.6622,0.76,0.8576,0.9522,1.0345,1.105,1.1614,1.208,1.2388,1.2628,1.2851,1.3041,1.322,1.3372,1.3517,1.3654,1.3782,1.3877,1.3935,1.3968,1.3999,1.4017,1.4019,1.4025,1.4047,1.4058,1.4062,1.4086,1.4092,1.4087,1.4092,1.4099,1.4117,1.4117,1.4093,1.4123,1.4116,1.4136,1.413,1.4141,1.416,1.4152,1.4139,1.4152,1.4155,1.416,1.418,1.4161,1.4141,1.4152,1.4168,1.4159,1.4171,1.4185,1.4182,1.4193,1.4199,1.4207,1.4199,1.4189,1.4199,1.4201,1.4188,1.4182,1.4187,1.4209,1.4205,1.4213,1.4217,1.4218,1.4233,1.4215,1.4227,1.4236,1.4231,1.4244,1.4246,1.4244,1.424
2;1,0.1288,0.1218,0.1245,0.1284,0.1327,0.1385,0.1471,0.1588,0.1762,0.1982,0.228,0.2658,0.3161,0.3721,0.4402,0.5158,0.5994,0.6893,0.7818,0.8755,0.966,1.0434,1.1105,1.1634,1.2,1.2315,1.2564,1.2762,1.2939,1.3096,1.3237,1.3402,1.3504,1.362,1.3716,1.3783,1.3804,1.3832,1.3851,1.3857,1.3867,1.3884,1.3908,1.3904,1.3928,1.3935,1.3956,1.3956,1.3964,1.3969,1.3979,1.3977,1.3976,1.4005,1.4009,1.4008,1.4007,1.402,1.4015,1.403,1.4019,1.403,1.4035,1.4042,1.4045,1.405,1.4053,1.4051,1.4059,1.4062,1.4063,1.406,1.4052,1.4071,1.4071,1.4069,1.408,1.4096,1.4086,1.4079,1.4079,1.4102,1.4106,1.4105,1.4117,1.4118,1.4119,1.4121,1.4137,1.4122,1.4132,1.4133,1.412,1.4142,1.4145,1.4144
2;2,0.1233,0.1166,0.1191,0.1225,0.127,0.1324,0.1409,0.1527,0.1693,0.1931,0.2253,0.2695,0.3276,0.397,0.48,0.5737,0.6801,0.7927,0.9092,1.0196,1.1196,1.2036,1.2703,1.3202,1.3574,1.3867,1.4089,1.4279,1.4475,1.4639,1.4785,1.4927,1.5063,1.516,1.5244,1.5298,1.5304,1.5318,1.5337,1.5333,1.5335,1.5353,1.5356,1.5401,1.5396,1.5407,1.5406,1.5424,1.5429,1.5433,1.5436,1.5434,1.544,1.5454,1.547,1.5473,1.5475,1.549,1.5478,1.5481,1.5481,1.5496,1.5493,1.5498,1.5506,1.5515,1.5504,1.5521,1.5511,1.5524,1.5532,1.553,1.5529,1.5546,1.5542,1.555,1.5549,1.5553,1.5547,1.5565,1.5557,1.5568,1.5578,1.5579,1.5578,1.5586,1.5584,1.5591,1.5596,1.5602,1.5606,1.5604,1.5614,1.5625,1.5626,1.5628
2;3,0.1179,0.1123,0.1147,0.1175,0.1215,0.1264,0.1341,0.1448,0.1597,0.181,0.2089,0.2479,0.2974,0.3593,0.4319,0.5163,0.6101,0.7116,0.8184,0.9255,1.0213,1.1069,1.1767,1.2311,1.271,1.3037,1.3286,1.352,1.3702,1.3853,1.4033,1.4166,1.4281,1.4397,1.4482,1.455,1.4602,1.4603,1.4621,1.4641,1.4658,1.4674,1.4682,1.4716,1.4705,1.4716,1.4748,1.4757,1.4763,1.4765,1.4785,1.4815,1.4839,1.4842,1.4848,1.4833,1.4839,1.4835,1.4837,1.4848,1.4848,1.4851,1.4848,1.4851,1.4871,1.4873,1.4887,1.4874,1.4899,1.4898,1.4896,1.4918,1.4921,1.4923,1.4925,1.4921,1.4938,1.4964,1.4949,1.4946,1.4968,1.4958,1.496,1.4976,1.4979,1.4984,1.4993,1.5003,1.5001,1.502,1.5017,1.5024,1.5013,1.5034,1.5051,1.5053
3;2,0.1281,0.12,0.1221,0.1253,0.1298,0.1357,0.1442,0.1548,0.1716,0.1934,0.2224,0.2595,0.3082,0.3638,0.4317,0.505,0.5879,0.6751,0.7693,0.8641,0.9545,1.0353,1.104,1.1584,1.1985,1.2322,1.2554,1.2773,1.294,1.3102,1.3245,1.3403,1.3513,1.3635,1.3711,1.3781,1.3826,1.3846,1.3877,1.3893,1.3891,1.3909,1.394,1.3938,1.395,1.3957,1.3975,1.3983,1.3995,1.4003,1.4028,1.4038,1.4038,1.4054,1.406,1.4064,1.4065,1.4063,1.4079,1.4078,1.4089,1.4096,1.4086,1.4118,1.4112,1.4128,1.4125,1.4121,1.413,1.4138,1.4133,1.4141,1.4144,1.4145,1.4151,1.4153,1.4167,1.4164,1.4166,1.4179,1.4191,1.4209,1.4206,1.4198,1.4211,1.4213,1.4225,1.4229,1.424,1.4238,1.4245,1.4253,1.4266,1.4263,1.4281,1.4284
,,,,,,,,,,,,,,,,,,,,,,,,,,,,,,,,,,,,,,,,,,,,,,,,,,,,,,,,,,,,,,,,,,,,,,,,,,,,,,,,,,,,,,,,,,,,,,,,
Cycles / Well,,,,,,,,,,,,,,,,,,,,,,,,,,,,,,,,,,,,,,,,,,,,,,,,,,,,,,,,,,,,,,,,,,,,,,,,,,,,,,,,,,,,,,,,,,,,,,,,
B9,1,2,3,4,5,6,7,8,9,10,11,12,13,14,15,16,17,18,19,20,21,22,23,24,25,26,27,28,29,30,31,32,33,34,35,36,37,38,39,40,41,42,43,44,45,46,47,48,49,50,51,52,53,54,55,56,57,58,59,60,61,62,63,64,65,66,67,68,69,70,71,72,73,74,75,76,77,78,79,80,81,82,83,84,85,86,87,88,89,90,91,92,93,94,95,96
Time [s],0,1799.827,3599.741,5399.669,7199.582,8999.52,10799.439,12599.362,14399.295,16199.216,17999.146,19799.079,21599.004,23398.923,25198.859,26998.777,28798.697,30598.623,32398.553,34198.485,35998.416,37798.341,39598.268,41398.198,43198.124,44998.054,46797.976,48597.918,50397.831,52197.762,53997.692,55797.629,57597.534,59397.461,61197.38,62997.315,64797.24,66597.165,68397.092,70197.031,71996.926,73796.86,75596.777,77396.712,79196.627,80996.562,82796.484,84596.403,86396.337,88196.281,89996.203,91796.133,93596.059,95395.99,97195.917,98995.844,100795.796,102595.694,104395.689,106195.553,107995.487,109795.413,111595.34,113395.273,115195.195,116995.132,118795.052,120594.981,122394.898,124194.845,125994.76,127794.681,129594.622,131394.544,133194.474,134994.397,136794.315,138594.255,140394.181,142194.115,143994.039,145793.949,147593.888,149393.809,151193.742,152993.677,154793.597,156593.512,158393.435,160193.362,161993.31,163793.212,165593.147,167393.086,169192.983,170992.91
Temp. [°C],20.1,30,29.8,30,30.1,30,29.9,30.1,30.1,30.1,30,30,30,30,30,30,30,30,30,30,30,30,30.1,30.1,30.1,30.1,30,30,30.1,30.1,30,30,30.1,30,29.9,30,30.1,30,30.1,29.9,30.1,29.8,30,29.9,30.1,30,30,29.9,30,30,30,30.1,29.9,30.2,30.1,30.1,30.1,30,30,30,30,30,30,30,30,30,30.1,30,30,30.2,30,30.1,30,30.1,30,30,30,30,30,30,29.9,30.1,30.1,30.1,30.1,30.1,29.9,30,29.8,30.1,30.1,29.8,29.9,30,30,30
Mean,0.1197,0.11332,0.1152,0.1178,0.121,0.12532,0.13138,0.14022,0.15276,0.16974,0.19252,0.22298,0.26144,0.30674,0.35856,0.41208,0.46636,0.51746,0.56632,0.60962,0.64858,0.68262,0.71196,0.7365,0.75792,0.77672,0.7931,0.80574,0.81706,0.82726,0.83534,0.8424,0.84786,0.85392,0.85818,0.86244,0.86608,0.86948,0.87326,0.87746,0.88216,0.8878,0.89404,0.90174,0.91138,0.92318,0.93756,0.9531,0.97282,0.9941,1.01772,1.04074,1.06322,1.08484,1.10282,1.11626,1.12642,1.1329,1.13708,1.13988,1.14108,1.14242,1.1421,1.14346,1.14366,1.14294,1.14292,1.14302,1.14318,1.143,1.14256,1.14264,1.1425,1.14256,1.1426,1.1432,1.14348,1.14382,1.14328,1.14324,1.14324,1.1442,1.14486,1.14444,1.14488,1.14508,1.14568,1.1462,1.14634,1.14706,1.14764,1.14822,1.14828,1.14912,1.14974,1.15024
StDev,0.003430015,0.003921989,0.00397995,0.00478905,0.005272096,0.005913713,0.006528936,0.007738346,0.009287519,0.010491568,0.011500304,0.012464831,0.0133547,0.013921135,0.015231973,0.016581074,0.019154712,0.022493844,0.02614999,0.030164913,0.032927147,0.036006416,0.03842965,0.040221139,0.042638562,0.044187068,0.045547393,0.046799765,0.048845808,0.050207848,0.051327507,0.052378622,0.053957928,0.05496719,0.056256662,0.057282397,0.058241669,0.058920854,0.059705176,0.06101744,0.061976915,0.062984244,0.063768903,0.065558661,0.067445697,0.069467885,0.0716799,0.075005233,0.079184197,0.083386899,0.087805592,0.091151182,0.096470032,0.099956155,0.103342813,0.104506713,0.105916226,0.106991448,0.107418932,0.107461468,0.107558226,0.108625029,0.108888406,0.109128608,0.109203471,0.109014439,0.109024181,0.109626853,0.109632623,0.110151282,0.110322314,0.110345199,0.110375292,0.110667398,0.110888863,0.11080282,0.111024128,0.1104636,0.11114307,0.111176023,0.111728837,0.111225065,0.111656943,0.11171512,0.111444995,0.111677513,0.111548451,0.112014508,0.11172416,0.112452492,0.111720602,0.111836989,0.11250872,0.112224137,0.112082371,0.112448713
1;2,0.1176,0.1111,0.1131,0.1154,0.1183,0.122,0.1274,0.135,0.1461,0.1615,0.183,0.2122,0.2496,0.2948,0.3464,0.4017,0.4588,0.5119,0.5632,0.6094,0.6506,0.6859,0.717,0.7412,0.7636,0.7827,0.7997,0.8126,0.825,0.8378,0.8454,0.8546,0.8618,0.8683,0.8754,0.8802,0.8849,0.8896,0.8925,0.8979,0.9027,0.9107,0.916,0.9251,0.9365,0.9484,0.9652,0.982,1.0076,1.0323,1.0583,1.0824,1.1114,1.1336,1.1545,1.1681,1.1795,1.188,1.1916,1.195,1.1964,1.1966,1.1972,1.1992,1.1979,1.1948,1.196,1.1965,1.1961,1.1964,1.1961,1.1956,1.1959,1.1979,1.1975,1.1972,1.1954,1.1967,1.1967,1.1943,1.1941,1.1943,1.1979,1.1956,1.1966,1.1968,1.1972,1.1975,1.1975,1.1969,1.2002,1.1997,1.2002,1.1996,1.201,1.2003
2;1,0.1233,0.1185,0.1206,0.1246,0.1286,0.1338,0.1406,0.1512,0.1659,0.1843,0.2082,0.2403,0.2788,0.3232,0.3731,0.4233,0.4735,0.5196,0.5647,0.6034,0.6383,0.6682,0.6943,0.717,0.7358,0.7525,0.7665,0.7766,0.7869,0.7945,0.8019,0.807,0.8117,0.8163,0.8194,0.8221,0.8251,0.8273,0.8304,0.8325,0.8356,0.8391,0.8453,0.8504,0.8576,0.8677,0.8793,0.8914,0.9062,0.9229,0.9422,0.9626,0.9803,1.0007,1.0154,1.0286,1.0382,1.0437,1.0487,1.0508,1.0519,1.0525,1.0523,1.0527,1.0536,1.0526,1.0524,1.0518,1.0517,1.0509,1.0504,1.0506,1.0498,1.049,1.0488,1.0494,1.05,1.0503,1.0488,1.0487,1.048,1.0487,1.0473,1.0474,1.0474,1.0478,1.048,1.0478,1.0483,1.0482,1.048,1.0486,1.0484,1.0492,1.0496,1.05
2;2,0.1194,0.1127,0.1145,0.1169,0.1198,0.1238,0.1297,0.1382,0.1507,0.1684,0.1923,0.2252,0.2666,0.3174,0.3752,0.4354,0.4966,0.5546,0.6093,0.6584,0.7015,0.7396,0.7721,0.7992,0.824,0.8448,0.8632,0.8771,0.8911,0.9026,0.912,0.9198,0.9272,0.9339,0.9391,0.9446,0.9485,0.952,0.957,0.9619,0.9675,0.9724,0.9791,0.987,0.9966,1.0096,1.0229,1.0393,1.0583,1.0781,1.1015,1.123,1.1442,1.1669,1.1835,1.196,1.2047,1.2104,1.2131,1.2155,1.2145,1.2171,1.2154,1.2173,1.2176,1.2164,1.2152,1.2161,1.2161,1.2159,1.2146,1.2132,1.2133,1.2128,1.2131,1.2134,1.2144,1.2125,1.2133,1.2128,1.2126,1.2138,1.2138,1.214,1.2141,1.2139,1.2135,1.2149,1.2139,1.2151,1.2137,1.214,1.215,1.2161,1.2155,1.2173
2;3,0.1153,0.1085,0.1103,0.112,0.1148,0.1186,0.1241,0.132,0.143,0.1587,0.1802,0.2096,0.2464,0.291,0.3416,0.3961,0.451,0.5051,0.5557,0.6012,0.6409,0.678,0.7085,0.7348,0.7571,0.7774,0.7943,0.8092,0.8207,0.8308,0.8405,0.8478,0.8526,0.8606,0.8642,0.8691,0.8742,0.8784,0.8834,0.8895,0.8957,0.9036,0.9122,0.9236,0.937,0.9523,0.9719,0.9935,1.0191,1.049,1.0807,1.1116,1.1411,1.168,1.1919,1.2083,1.2215,1.2292,1.2358,1.2387,1.2419,1.2451,1.2457,1.2467,1.248,1.2493,1.2494,1.2497,1.2505,1.251,1.2515,1.2533,1.2528,1.2525,1.2531,1.2545,1.2561,1.2566,1.2559,1.2581,1.2595,1.26,1.2601,1.2606,1.2605,1.2614,1.2628,1.2637,1.2643,1.267,1.266,1.2678,1.268,1.2692,1.27,1.271
3;2,0.1229,0.1158,0.1175,0.1201,0.1235,0.1284,0.1351,0.1447,0.1581,0.1758,0.1989,0.2276,0.2658,0.3073,0.3565,0.4039,0.4519,0.4961,0.5387,0.5757,0.6116,0.6414,0.6679,0.6903,0.7091,0.7262,0.7418,0.7532,0.7616,0.7706,0.7769,0.7828,0.786,0.7905,0.7928,0.7962,0.7977,0.8001,0.803,0.8055,0.8093,0.8132,0.8176,0.8226,0.8292,0.8379,0.8485,0.8593,0.8729,0.8882,0.9059,0.9241,0.9391,0.955,0.9688,0.9803,0.9882,0.9932,0.9962,0.9994,1.0007,1.0008,0.9999,1.0014,1.0012,1.0016,1.0016,1.001,1.0015,1.0008,1.0002,1.0005,1.0007,1.0006,1.0005,1.0015,1.0015,1.003,1.0017,1.0023,1.002,1.0042,1.0052,1.0046,1.0058,1.0055,1.0069,1.0071,1.0077,1.0081,1.0103,1.011,1.0098,1.0115,1.0126,1.0126
,,,,,,,,,,,,,,,,,,,,,,,,,,,,,,,,,,,,,,,,,,,,,,,,,,,,,,,,,,,,,,,,,,,,,,,,,,,,,,,,,,,,,,,,,,,,,,,,
Cycles / Well,,,,,,,,,,,,,,,,,,,,,,,,,,,,,,,,,,,,,,,,,,,,,,,,,,,,,,,,,,,,,,,,,,,,,,,,,,,,,,,,,,,,,,,,,,,,,,,,
B10,1,2,3,4,5,6,7,8,9,10,11,12,13,14,15,16,17,18,19,20,21,22,23,24,25,26,27,28,29,30,31,32,33,34,35,36,37,38,39,40,41,42,43,44,45,46,47,48,49,50,51,52,53,54,55,56,57,58,59,60,61,62,63,64,65,66,67,68,69,70,71,72,73,74,75,76,77,78,79,80,81,82,83,84,85,86,87,88,89,90,91,92,93,94,95,96
Time [s],0,1799.827,3599.741,5399.669,7199.582,8999.52,10799.439,12599.362,14399.295,16199.216,17999.146,19799.079,21599.004,23398.923,25198.859,26998.777,28798.697,30598.623,32398.553,34198.485,35998.416,37798.341,39598.268,41398.198,43198.124,44998.054,46797.976,48597.918,50397.831,52197.762,53997.692,55797.629,57597.534,59397.461,61197.38,62997.315,64797.24,66597.165,68397.092,70197.031,71996.926,73796.86,75596.777,77396.712,79196.627,80996.562,82796.484,84596.403,86396.337,88196.281,89996.203,91796.133,93596.059,95395.99,97195.917,98995.844,100795.796,102595.694,104395.689,106195.553,107995.487,109795.413,111595.34,113395.273,115195.195,116995.132,118795.052,120594.981,122394.898,124194.845,125994.76,127794.681,129594.622,131394.544,133194.474,134994.397,136794.315,138594.255,140394.181,142194.115,143994.039,145793.949,147593.888,149393.809,151193.742,152993.677,154793.597,156593.512,158393.435,160193.362,161993.31,163793.212,165593.147,167393.086,169192.983,170992.91
Temp. [°C],20.1,30,29.8,30,30.1,30,29.9,30.1,30.1,30.1,30,30,30,30,30,30,30,30,30,30,30,30,30.1,30.1,30.1,30.1,30,30,30.1,30.1,30,30,30.1,30,29.9,30,30.1,30,30.1,29.9,30.1,29.8,30,29.9,30.1,30,30,29.9,30,30,30,30.1,29.9,30.2,30.1,30.1,30.1,30,30,30,30,30,30,30,30,30,30.1,30,30,30.2,30,30.1,30,30.1,30,30,30,30,30,30,29.9,30.1,30.1,30.1,30.1,30.1,29.9,30,29.8,30.1,30.1,29.8,29.9,30,30,30
Mean,0.12328,0.11652,0.1183,0.12104,0.12434,0.12894,0.13536,0.14458,0.15776,0.17614,0.20072,0.2342,0.2793,0.3372,0.40892,0.49346,0.59222,0.70194,0.8178,0.92784,1.0253,1.10488,1.16354,1.20512,1.2369,1.26192,1.28326,1.30076,1.31576,1.33052,1.34362,1.35518,1.36576,1.37482,1.38282,1.38956,1.3943,1.39714,1.39902,1.4009,1.4018,1.4041,1.40582,1.40572,1.40814,1.40922,1.41154,1.41208,1.41294,1.41448,1.41548,1.41654,1.41724,1.41902,1.41926,1.41916,1.4203,1.4213,1.422,1.42186,1.42256,1.42338,1.4233,1.42494,1.42606,1.42646,1.42708,1.42704,1.42784,1.4283,1.4289,1.42976,1.4303,1.43088,1.43176,1.43254,1.4331,1.43486,1.43384,1.43472,1.43492,1.43602,1.43664,1.43688,1.43776,1.43798,1.4387,1.4396,1.44016,1.44114,1.44186,1.44254,1.442,1.4432,1.44402,1.4445
StDev,0.003885486,0.004193686,0.004001875,0.004858292,0.005346307,0.006306584,0.007113579,0.008776788,0.010776502,0.013401231,0.016361754,0.019119493,0.022511775,0.024636355,0.02616146,0.02610657,0.025706556,0.027062853,0.029647344,0.032379592,0.034464692,0.035089771,0.035527285,0.034549342,0.035365449,0.035010241,0.035093347,0.03506869,0.034913937,0.034891933,0.034902965,0.035159451,0.035121475,0.035138184,0.035579938,0.035099473,0.034640294,0.034190978,0.034365928,0.03424113,0.034201462,0.034186913,0.0346885,0.03415863,0.034489245,0.034373856,0.033717102,0.034273999,0.033744229,0.034177727,0.034336963,0.033605922,0.034690244,0.034124434,0.034139903,0.034693126,0.034105425,0.034588148,0.034483329,0.034541251,0.034381143,0.034124947,0.034661578,0.035208848,0.034366161,0.034313379,0.034289459,0.034432514,0.034222989,0.034036524,0.034595737,0.034459295,0.034538312,0.034650209,0.034722082,0.034490332,0.034833892,0.034712289,0.034560425,0.034221733,0.034087344,0.034574803,0.034542192,0.034645231,0.034418643,0.034571983,0.034503406,0.034502971,0.034666742,0.034380125,0.034772087,0.03496524,0.034864954,0.034515142,0.034803118,0.034873629
1;2,0.1208,0.1138,0.116,0.118,0.1209,0.1246,0.1302,0.1376,0.1487,0.1646,0.1862,0.2168,0.2584,0.314,0.3841,0.469,0.5699,0.6833,0.8024,0.9185,1.0211,1.1024,1.1664,1.2082,1.2425,1.2676,1.2895,1.3074,1.3226,1.3376,1.3506,1.3636,1.3725,1.3825,1.3911,1.3975,1.4007,1.406,1.4056,1.4079,1.409,1.4107,1.4138,1.4125,1.4159,1.4162,1.4173,1.4184,1.4184,1.4208,1.4226,1.4226,1.423,1.424,1.4249,1.4243,1.4253,1.4284,1.4285,1.428,1.4283,1.4287,1.4283,1.4326,1.4315,1.4319,1.4328,1.4329,1.4334,1.4338,1.4337,1.435,1.4353,1.4374,1.4384,1.4385,1.4386,1.439,1.4398,1.4386,1.4377,1.4399,1.4419,1.4408,1.4423,1.4428,1.4425,1.4435,1.4447,1.4447,1.4457,1.4466,1.4452,1.4451,1.447,1.4468
2;1,0.1266,0.1208,0.1233,0.1272,0.1315,0.1372,0.1451,0.156,0.1716,0.1936,0.2219,0.2593,0.308,0.3677,0.4385,0.5192,0.6113,0.7116,0.8186,0.9191,1.0099,1.084,1.14,1.1796,1.2093,1.2332,1.2536,1.2701,1.2856,1.2992,1.3127,1.3227,1.3351,1.3435,1.351,1.3578,1.3636,1.3651,1.3681,1.369,1.3702,1.3729,1.3734,1.374,1.3755,1.3772,1.3793,1.3798,1.3815,1.3814,1.3823,1.3839,1.3836,1.3857,1.3867,1.3862,1.3878,1.3874,1.3887,1.388,1.389,1.3898,1.3897,1.3902,1.3919,1.3927,1.3931,1.3932,1.3941,1.3945,1.3949,1.3954,1.3958,1.3955,1.3956,1.3974,1.397,1.3993,1.3981,1.3998,1.4004,1.401,1.4014,1.402,1.4026,1.4024,1.4032,1.404,1.4039,1.4057,1.4054,1.4064,1.4058,1.4074,1.4076,1.4085
2;2,0.121,0.115,0.1171,0.1193,0.1225,0.1265,0.1327,0.1415,0.1544,0.1725,0.1974,0.2324,0.2804,0.3433,0.4211,0.5133,0.6226,0.7438,0.8688,0.9847,1.0848,1.164,1.2215,1.261,1.2927,1.3167,1.3379,1.3547,1.3697,1.384,1.3968,1.4085,1.4195,1.4279,1.4368,1.4426,1.4468,1.4481,1.451,1.4523,1.453,1.4552,1.4572,1.4567,1.4593,1.4609,1.4622,1.4637,1.4641,1.4653,1.4666,1.4666,1.4684,1.4703,1.4701,1.471,1.4712,1.4723,1.4733,1.4732,1.4735,1.4738,1.4751,1.4763,1.4768,1.4775,1.478,1.4779,1.4782,1.4783,1.4801,1.4805,1.4811,1.4817,1.4823,1.4831,1.4833,1.4858,1.484,1.4849,1.485,1.4869,1.4874,1.488,1.4882,1.4883,1.4891,1.4899,1.4904,1.4912,1.4928,1.4937,1.4935,1.4939,1.4951,1.496
2;3,0.1197,0.1119,0.1136,0.1157,0.1186,0.1225,0.1284,0.1362,0.1476,0.1635,0.185,0.2153,0.2558,0.3101,0.3786,0.4623,0.563,0.6756,0.7969,0.9132,1.0143,1.1002,1.1596,1.2031,1.2362,1.2625,1.284,1.3028,1.3169,1.3325,1.3465,1.3571,1.3684,1.3781,1.385,1.3925,1.3984,1.4004,1.4031,1.4054,1.4064,1.4095,1.411,1.4111,1.4133,1.4136,1.417,1.4169,1.4177,1.4207,1.4208,1.4226,1.4251,1.4253,1.426,1.4262,1.4274,1.4278,1.4281,1.4284,1.4298,1.4312,1.4304,1.4323,1.4339,1.4335,1.434,1.4345,1.4359,1.4365,1.4372,1.4381,1.439,1.4384,1.4399,1.4406,1.4434,1.4445,1.4429,1.4445,1.4454,1.4456,1.4451,1.4462,1.4471,1.4478,1.449,1.45,1.4506,1.4519,1.4518,1.4526,1.4517,1.4544,1.4545,1.455
3;2,0.1283,0.1211,0.1215,0.125,0.1282,0.1339,0.1404,0.1516,0.1665,0.1865,0.2131,0.2472,0.2939,0.3509,0.4223,0.5035,0.5943,0.6954,0.8023,0.9037,0.9964,1.0738,1.1302,1.1737,1.2038,1.2296,1.2513,1.2688,1.284,1.2993,1.3115,1.324,1.3333,1.3421,1.3502,1.3574,1.362,1.3661,1.3673,1.3699,1.3704,1.3722,1.3737,1.3743,1.3767,1.3782,1.3819,1.3816,1.383,1.3842,1.3851,1.387,1.3861,1.3898,1.3886,1.3881,1.3898,1.3906,1.3914,1.3917,1.3922,1.3934,1.393,1.3933,1.3962,1.3967,1.3975,1.3967,1.3976,1.3984,1.3986,1.3998,1.4003,1.4014,1.4026,1.4031,1.4032,1.4057,1.4044,1.4058,1.4061,1.4067,1.4074,1.4074,1.4086,1.4086,1.4097,1.4106,1.4112,1.4122,1.4136,1.4134,1.4138,1.4152,1.4159,1.4162
,,,,,,,,,,,,,,,,,,,,,,,,,,,,,,,,,,,,,,,,,,,,,,,,,,,,,,,,,,,,,,,,,,,,,,,,,,,,,,,,,,,,,,,,,,,,,,,,
Cycles / Well,,,,,,,,,,,,,,,,,,,,,,,,,,,,,,,,,,,,,,,,,,,,,,,,,,,,,,,,,,,,,,,,,,,,,,,,,,,,,,,,,,,,,,,,,,,,,,,,
B11,1,2,3,4,5,6,7,8,9,10,11,12,13,14,15,16,17,18,19,20,21,22,23,24,25,26,27,28,29,30,31,32,33,34,35,36,37,38,39,40,41,42,43,44,45,46,47,48,49,50,51,52,53,54,55,56,57,58,59,60,61,62,63,64,65,66,67,68,69,70,71,72,73,74,75,76,77,78,79,80,81,82,83,84,85,86,87,88,89,90,91,92,93,94,95,96
Time [s],0,1799.827,3599.741,5399.669,7199.582,8999.52,10799.439,12599.362,14399.295,16199.216,17999.146,19799.079,21599.004,23398.923,25198.859,26998.777,28798.697,30598.623,32398.553,34198.485,35998.416,37798.341,39598.268,41398.198,43198.124,44998.054,46797.976,48597.918,50397.831,52197.762,53997.692,55797.629,57597.534,59397.461,61197.38,62997.315,64797.24,66597.165,68397.092,70197.031,71996.926,73796.86,75596.777,77396.712,79196.627,80996.562,82796.484,84596.403,86396.337,88196.281,89996.203,91796.133,93596.059,95395.99,97195.917,98995.844,100795.796,102595.694,104395.689,106195.553,107995.487,109795.413,111595.34,113395.273,115195.195,116995.132,118795.052,120594.981,122394.898,124194.845,125994.76,127794.681,129594.622,131394.544,133194.474,134994.397,136794.315,138594.255,140394.181,142194.115,143994.039,145793.949,147593.888,149393.809,151193.742,152993.677,154793.597,156593.512,158393.435,160193.362,161993.31,163793.212,165593.147,167393.086,169192.983,170992.91
Temp. [°C],20.1,30,29.8,30,30.1,30,29.9,30.1,30.1,30.1,30,30,30,30,30,30,30,30,30,30,30,30,30.1,30.1,30.1,30.1,30,30,30.1,30.1,30,30,30.1,30,29.9,30,30.1,30,30.1,29.9,30.1,29.8,30,29.9,30.1,30,30,29.9,30,30,30,30.1,29.9,30.2,30.1,30.1,30.1,30,30,30,30,30,30,30,30,30,30.1,30,30,30.2,30,30.1,30,30.1,30,30,30,30,30,30,29.9,30.1,30.1,30.1,30.1,30.1,29.9,30,29.8,30.1,30.1,29.8,29.9,30,30,30
Mean,0.10404,0.09546,0.09558,0.09572,0.09572,0.09568,0.0957,0.09562,0.09566,0.09576,0.09584,0.09578,0.09566,0.0957,0.09572,0.09572,0.09574,0.0957,0.09572,0.09568,0.0957,0.09572,0.0957,0.09564,0.09574,0.09576,0.09576,0.09594,0.09582,0.09582,0.0958,0.09582,0.09582,0.09578,0.0958,0.09588,0.09586,0.09576,0.09584,0.0958,0.09582,0.09594,0.0959,0.09594,0.09584,0.0958,0.09592,0.0959,0.0959,0.09574,0.09586,0.0959,0.09584,0.0958,0.09576,0.09572,0.09586,0.09596,0.0959,0.09574,0.09584,0.09574,0.09576,0.09588,0.09588,0.09578,0.09588,0.09586,0.0958,0.09584,0.09584,0.0959,0.09588,0.09584,0.09588,0.09596,0.09592,0.09584,0.09586,0.0958,0.09588,0.09578,0.09586,0.09596,0.09588,0.09578,0.09586,0.09588,0.09582,0.09592,0.09586,0.09584,0.09586,0.09576,0.09594,0.09586
StDev,0.002871063,0.002795174,0.002741715,0.002772544,0.002762607,0.002709613,0.002790161,0.002762607,0.002828957,0.002864961,0.002843062,0.002844644,0.002867577,0.002880104,0.002923525,0.002870888,0.002899655,0.002909467,0.002893441,0.002896032,0.002868798,0.002897758,0.002909467,0.002883227,0.002921986,0.002871933,0.002889291,0.002943297,0.002949068,0.002933769,0.00293087,0.00295415,0.002949068,0.002939728,0.002965637,0.002936324,0.002966985,0.002956856,0.002943297,0.002924893,0.002916676,0.002921986,0.002890502,0.002977919,0.002950085,0.002924893,0.002897758,0.002965637,0.003019934,0.003005495,0.003013802,0.002926602,0.002991321,0.002952118,0.002885827,0.002916676,0.002928822,0.003007158,0.002999167,0.002977919,0.002933939,0.002972036,0.002956856,0.00307197,0.002942278,0.002969343,0.002942278,0.003058267,0.002975735,0.00296867,0.002972036,0.003009983,0.003036775,0.002979597,0.002980268,0.003084315,0.002949068,0.003025393,0.003002166,0.002975735,0.002972709,0.002934621,0.003027045,0.002992156,0.002972709,0.002986972,0.002992156,0.002986972,0.002981107,0.002960912,0.002956856,0.002939898,0.002998833,0.003013802,0.002927969,0.002907404
1;2,0.1066,0.0984,0.0985,0.0985,0.0984,0.0983,0.0984,0.0983,0.0984,0.0986,0.0986,0.0985,0.0985,0.0985,0.0986,0.0985,0.0985,0.0985,0.0986,0.0985,0.0985,0.0985,0.0985,0.0984,0.0986,0.0985,0.0985,0.0987,0.0987,0.0987,0.0985,0.0986,0.0987,0.0986,0.0986,0.0987,0.0987,0.0985,0.0986,0.0986,0.0985,0.0988,0.0986,0.0988,0.0985,0.0986,0.0987,0.0987,0.0988,0.0985,0.0986,0.0985,0.0985,0.0984,0.0983,0.0984,0.0986,0.0988,0.0987,0.0986,0.0985,0.0985,0.0985,0.0988,0.0986,0.0986,0.0986,0.0988,0.0985,0.0986,0.0986,0.0987,0.0987,0.0985,0.0987,0.0989,0.0986,0.0986,0.0986,0.0985,0.0986,0.0985,0.0987,0.0988,0.0986,0.0985,0.0987,0.0986,0.0986,0.0986,0.0986,0.0984,0.0986,0.0985,0.0985,0.0985
2;1,0.102,0.0938,0.094,0.0942,0.0941,0.0941,0.0941,0.094,0.0941,0.0942,0.0942,0.0941,0.094,0.0942,0.0941,0.0941,0.0941,0.094,0.094,0.094,0.094,0.094,0.094,0.094,0.094,0.0941,0.0941,0.0942,0.0941,0.0941,0.0941,0.0941,0.0941,0.094,0.0941,0.0942,0.0941,0.094,0.0941,0.0941,0.0942,0.0942,0.0942,0.0942,0.0941,0.0941,0.0942,0.0942,0.0941,0.0939,0.0941,0.0941,0.0941,0.0942,0.0941,0.0941,0.0942,0.0942,0.094,0.094,0.0941,0.0939,0.094,0.0941,0.0942,0.0939,0.0942,0.0941,0.094,0.0941,0.094,0.0941,0.0941,0.094,0.0941,0.0942,0.0941,0.0941,0.094,0.094,0.0941,0.0939,0.0939,0.0942,0.0941,0.094,0.0941,0.0941,0.0941,0.0942,0.0941,0.0942,0.0941,0.094,0.0942,0.0941
2;2,0.1077,0.0985,0.0985,0.0988,0.0989,0.0988,0.0989,0.0988,0.0989,0.099,0.0991,0.0991,0.0989,0.099,0.099,0.099,0.0991,0.0991,0.099,0.099,0.099,0.0991,0.0991,0.099,0.0991,0.0991,0.0991,0.0994,0.0992,0.0992,0.0993,0.0993,0.0992,0.0992,0.0993,0.0993,0.0993,0.0993,0.0993,0.0992,0.0993,0.0993,0.0993,0.0994,0.0994,0.0992,0.0993,0.0994,0.0994,0.0993,0.0995,0.0995,0.0995,0.0994,0.0993,0.0992,0.0993,0.0995,0.0995,0.0992,0.0994,0.0993,0.0993,0.0995,0.0994,0.0993,0.0994,0.0994,0.0994,0.0994,0.0994,0.0995,0.0995,0.0995,0.0994,0.0996,0.0995,0.0995,0.0995,0.0994,0.0995,0.0993,0.0995,0.0995,0.0995,0.0994,0.0994,0.0995,0.0994,0.0995,0.0994,0.0995,0.0995,0.0994,0.0996,0.0994
2;3,0.1022,0.0941,0.0943,0.0945,0.0945,0.0945,0.0945,0.0944,0.0944,0.0944,0.0946,0.0945,0.0944,0.0943,0.0945,0.0945,0.0945,0.0943,0.0944,0.0944,0.0944,0.0944,0.0943,0.0943,0.0944,0.0945,0.0946,0.0947,0.0945,0.0944,0.0945,0.0945,0.0945,0.0945,0.0944,0.0945,0.0946,0.0944,0.0946,0.0945,0.0945,0.0946,0.0947,0.0946,0.0946,0.0945,0.0946,0.0945,0.0946,0.0946,0.0945,0.0946,0.0945,0.0945,0.0945,0.0944,0.0946,0.0946,0.0945,0.0944,0.0945,0.0944,0.0944,0.0944,0.0945,0.0944,0.0945,0.0945,0.0945,0.0944,0.0945,0.0945,0.0945,0.0945,0.0945,0.0944,0.0946,0.0944,0.0945,0.0945,0.0944,0.0945,0.0944,0.0945,0.0944,0.0944,0.0944,0.0945,0.0943,0.0946,0.0945,0.0944,0.0944,0.0944,0.0945,0.0945
3;2,0.1017,0.0925,0.0926,0.0926,0.0927,0.0927,0.0926,0.0926,0.0925,0.0926,0.0927,0.0927,0.0925,0.0925,0.0924,0.0925,0.0925,0.0926,0.0926,0.0925,0.0926,0.0926,0.0926,0.0925,0.0926,0.0926,0.0925,0.0927,0.0926,0.0927,0.0926,0.0926,0.0926,0.0926,0.0926,0.0927,0.0926,0.0926,0.0926,0.0926,0.0926,0.0928,0.0927,0.0927,0.0926,0.0926,0.0928,0.0927,0.0926,0.0924,0.0926,0.0928,0.0926,0.0925,0.0926,0.0925,0.0926,0.0927,0.0928,0.0925,0.0927,0.0926,0.0926,0.0926,0.0927,0.0927,0.0927,0.0925,0.0926,0.0927,0.0927,0.0927,0.0926,0.0927,0.0927,0.0927,0.0928,0.0926,0.0927,0.0926,0.0928,0.0927,0.0928,0.0928,0.0928,0.0926,0.0927,0.0927,0.0927,0.0927,0.0927,0.0927,0.0927,0.0925,0.0929,0.0928
,,,,,,,,,,,,,,,,,,,,,,,,,,,,,,,,,,,,,,,,,,,,,,,,,,,,,,,,,,,,,,,,,,,,,,,,,,,,,,,,,,,,,,,,,,,,,,,,
Cycles / Well,,,,,,,,,,,,,,,,,,,,,,,,,,,,,,,,,,,,,,,,,,,,,,,,,,,,,,,,,,,,,,,,,,,,,,,,,,,,,,,,,,,,,,,,,,,,,,,,
B12,1,2,3,4,5,6,7,8,9,10,11,12,13,14,15,16,17,18,19,20,21,22,23,24,25,26,27,28,29,30,31,32,33,34,35,36,37,38,39,40,41,42,43,44,45,46,47,48,49,50,51,52,53,54,55,56,57,58,59,60,61,62,63,64,65,66,67,68,69,70,71,72,73,74,75,76,77,78,79,80,81,82,83,84,85,86,87,88,89,90,91,92,93,94,95,96
Time [s],0,1799.827,3599.741,5399.669,7199.582,8999.52,10799.439,12599.362,14399.295,16199.216,17999.146,19799.079,21599.004,23398.923,25198.859,26998.777,28798.697,30598.623,32398.553,34198.485,35998.416,37798.341,39598.268,41398.198,43198.124,44998.054,46797.976,48597.918,50397.831,52197.762,53997.692,55797.629,57597.534,59397.461,61197.38,62997.315,64797.24,66597.165,68397.092,70197.031,71996.926,73796.86,75596.777,77396.712,79196.627,80996.562,82796.484,84596.403,86396.337,88196.281,89996.203,91796.133,93596.059,95395.99,97195.917,98995.844,100795.796,102595.694,104395.689,106195.553,107995.487,109795.413,111595.34,113395.273,115195.195,116995.132,118795.052,120594.981,122394.898,124194.845,125994.76,127794.681,129594.622,131394.544,133194.474,134994.397,136794.315,138594.255,140394.181,142194.115,143994.039,145793.949,147593.888,149393.809,151193.742,152993.677,154793.597,156593.512,158393.435,160193.362,161993.31,163793.212,165593.147,167393.086,169192.983,170992.91
Temp. [°C],20.1,30,29.8,30,30.1,30,29.9,30.1,30.1,30.1,30,30,30,30,30,30,30,30,30,30,30,30,30.1,30.1,30.1,30.1,30,30,30.1,30.1,30,30,30.1,30,29.9,30,30.1,30,30.1,29.9,30.1,29.8,30,29.9,30.1,30,30,29.9,30,30,30,30.1,29.9,30.2,30.1,30.1,30.1,30,30,30,30,30,30,30,30,30,30.1,30,30,30.2,30,30.1,30,30.1,30,30,30,30,30,30,29.9,30.1,30.1,30.1,30.1,30.1,29.9,30,29.8,30.1,30.1,29.8,29.9,30,30,30
Mean,0.09646,0.09534,0.09552,0.0956,0.09558,0.09552,0.09546,0.09548,0.09558,0.09556,0.09558,0.09584,0.09554,0.09558,0.0955,0.09574,0.09586,0.09558,0.0955,0.09558,0.09558,0.09566,0.09558,0.09552,0.09568,0.09628,0.09608,0.09652,0.0958,0.0957,0.09596,0.09588,0.09592,0.09604,0.09606,0.09628,0.09612,0.09606,0.09614,0.09628,0.0961,0.0963,0.09646,0.0964,0.09642,0.09636,0.09658,0.09656,0.09658,0.09648,0.09662,0.09684,0.09692,0.09664,0.09672,0.0966,0.09666,0.09702,0.0971,0.09694,0.09716,0.09702,0.0972,0.09722,0.0972,0.09712,0.09736,0.09738,0.09728,0.09732,0.09752,0.09754,0.09734,0.0977,0.0979,0.09782,0.09774,0.09834,0.09822,0.09802,0.09816,0.09812,0.09822,0.0985,0.09854,0.09828,0.09852,0.09866,0.09878,0.09862,0.0991,0.09908,0.0988,0.09876,0.09916,0.09888
StDev,0.003150079,0.003105318,0.003190141,0.003142451,0.003207335,0.00312522,0.003220714,0.003257606,0.003244534,0.003234656,0.003233728,0.002876282,0.003311042,0.003216675,0.003230325,0.003072946,0.002906544,0.003282834,0.003212476,0.003289681,0.003272155,0.003233883,0.003272155,0.003285118,0.003096288,0.002644239,0.00274809,0.00253811,0.003120096,0.003116087,0.00289275,0.002935473,0.002977751,0.002860594,0.002894478,0.002750818,0.002788727,0.002796963,0.002864961,0.002628117,0.002793743,0.002701851,0.002568657,0.002609598,0.002659323,0.002600577,0.002605187,0.002547155,0.002664958,0.002613809,0.002605187,0.00257449,0.002658383,0.002501599,0.002585923,0.002524876,0.002610172,0.002830548,0.002963106,0.002853594,0.003072946,0.002906372,0.0031233,0.003174429,0.003128898,0.003174429,0.003313307,0.003376685,0.003398088,0.003399559,0.003541469,0.003549366,0.003428994,0.003887801,0.004163532,0.004155358,0.003995998,0.005065866,0.004926662,0.004707122,0.004624716,0.004843243,0.004986181,0.005127865,0.005524762,0.005109012,0.005450871,0.005624767,0.005944073,0.005526934,0.006454843,0.006641687,0.006082763,0.006110892,0.006560716,0.006373931
1;2,0.0994,0.0981,0.0986,0.0985,0.0985,0.0984,0.0985,0.0985,0.0987,0.0985,0.0987,0.0985,0.0988,0.0987,0.0985,0.0987,0.0986,0.0987,0.0985,0.0987,0.0987,0.0988,0.0987,0.0986,0.0986,0.0988,0.0987,0.0987,0.0988,0.0988,0.0987,0.0987,0.0988,0.0988,0.0988,0.0989,0.0988,0.0987,0.0989,0.0986,0.0986,0.0988,0.0986,0.0987,0.0986,0.0986,0.0987,0.0987,0.0986,0.0985,0.0987,0.0982,0.0984,0.0984,0.0982,0.0983,0.0983,0.0986,0.0985,0.0984,0.0985,0.0982,0.0985,0.0984,0.0985,0.0983,0.0984,0.0984,0.0982,0.0982,0.0984,0.0982,0.0982,0.0984,0.0981,0.0984,0.0982,0.0982,0.0982,0.0981,0.0983,0.098,0.0982,0.0982,0.0981,0.0981,0.0981,0.0982,0.0981,0.0981,0.0981,0.098,0.0981,0.0978,0.0981,0.098
2;1,0.0958,0.0932,0.0934,0.0934,0.0934,0.0934,0.0934,0.0933,0.0935,0.0934,0.0934,0.0934,0.0933,0.0934,0.0933,0.0934,0.0934,0.0935,0.0933,0.0934,0.0934,0.0934,0.0934,0.0934,0.0934,0.0936,0.0935,0.0937,0.0935,0.0936,0.0936,0.0937,0.0934,0.0936,0.0935,0.0937,0.0937,0.0937,0.0936,0.0936,0.0935,0.0937,0.0938,0.0937,0.0934,0.0936,0.0936,0.0938,0.0936,0.0935,0.0937,0.0938,0.0938,0.0937,0.0937,0.0936,0.0936,0.0937,0.0936,0.0936,0.0937,0.0937,0.0936,0.0935,0.0936,0.0934,0.0935,0.0936,0.0935,0.0936,0.0937,0.0938,0.0936,0.0937,0.0938,0.0935,0.0936,0.0937,0.0937,0.0935,0.0937,0.0935,0.0935,0.0939,0.0937,0.0937,0.0937,0.0938,0.0938,0.0938,0.0941,0.0939,0.0938,0.0939,0.094,0.0937
2;2,0.0999,0.0991,0.0992,0.0993,0.0994,0.0992,0.0992,0.0993,0.0993,0.0994,0.0993,0.0994,0.0993,0.0993,0.0993,0.0994,0.0994,0.0994,0.0993,0.0994,0.0994,0.0994,0.0994,0.0994,0.0994,0.0994,0.0994,0.0995,0.0995,0.0993,0.0995,0.0994,0.0995,0.0995,0.0996,0.0996,0.0995,0.0995,0.0996,0.0995,0.0996,0.0996,0.0996,0.0996,0.0995,0.0994,0.0995,0.0995,0.0996,0.0994,0.0996,0.0996,0.0995,0.0993,0.0994,0.0995,0.0995,0.0996,0.0996,0.0995,0.0996,0.0994,0.0996,0.0995,0.0995,0.0994,0.0995,0.0996,0.0995,0.0995,0.0995,0.0996,0.0995,0.0995,0.0997,0.0995,0.0996,0.0995,0.0994,0.0996,0.0997,0.0997,0.0996,0.0997,0.0996,0.0995,0.0997,0.0997,0.0996,0.0997,0.0995,0.0995,0.0995,0.0994,0.0997,0.0996
2;3,0.0947,0.0943,0.0943,0.0946,0.0945,0.0945,0.0943,0.0944,0.0944,0.0945,0.0944,0.0943,0.0943,0.0943,0.0944,0.0943,0.0944,0.0943,0.0943,0.0944,0.0943,0.0944,0.0943,0.0942,0.0943,0.0944,0.0943,0.0945,0.0944,0.0942,0.0943,0.0944,0.0943,0.0943,0.0942,0.0944,0.0944,0.0942,0.0942,0.0943,0.0941,0.0944,0.0943,0.0945,0.0942,0.0941,0.0943,0.0943,0.0941,0.0941,0.0943,0.0944,0.0943,0.0943,0.0942,0.0944,0.0942,0.0942,0.0942,0.0941,0.094,0.0941,0.0941,0.0942,0.0941,0.0941,0.0943,0.0941,0.094,0.094,0.0941,0.0941,0.094,0.094,0.0941,0.0941,0.0941,0.0941,0.094,0.0939,0.0941,0.094,0.094,0.0942,0.094,0.0939,0.094,0.094,0.094,0.0941,0.094,0.0939,0.0939,0.0939,0.094,0.0938
3;2,0.0925,0.092,0.0921,0.0922,0.0921,0.0921,0.0919,0.0919,0.092,0.092,0.0921,0.0936,0.092,0.0922,0.092,0.0929,0.0935,0.092,0.0921,0.092,0.0921,0.0923,0.0921,0.092,0.0927,0.0952,0.0945,0.0962,0.0928,0.0926,0.0937,0.0932,0.0936,0.094,0.0942,0.0948,0.0942,0.0942,0.0944,0.0954,0.0947,0.095,0.096,0.0955,0.0964,0.0961,0.0968,0.0965,0.097,0.0969,0.0968,0.0982,0.0986,0.0975,0.0981,0.0972,0.0977,0.099,0.0996,0.0991,0.1,0.0997,0.1002,0.1005,0.1003,0.1004,0.1011,0.1012,0.1012,0.1013,0.1019,0.102,0.1014,0.1029,0.1038,0.1036,0.1032,0.1062,0.1058,0.105,0.105,0.1054,0.1058,0.1065,0.1073,0.1062,0.1071,0.1076,0.1084,0.1074,0.1098,0.1101,0.1087,0.1088,0.11,0.1093
,,,,,,,,,,,,,,,,,,,,,,,,,,,,,,,,,,,,,,,,,,,,,,,,,,,,,,,,,,,,,,,,,,,,,,,,,,,,,,,,,,,,,,,,,,,,,,,,
Cycles / Well,,,,,,,,,,,,,,,,,,,,,,,,,,,,,,,,,,,,,,,,,,,,,,,,,,,,,,,,,,,,,,,,,,,,,,,,,,,,,,,,,,,,,,,,,,,,,,,,
C1,1,2,3,4,5,6,7,8,9,10,11,12,13,14,15,16,17,18,19,20,21,22,23,24,25,26,27,28,29,30,31,32,33,34,35,36,37,38,39,40,41,42,43,44,45,46,47,48,49,50,51,52,53,54,55,56,57,58,59,60,61,62,63,64,65,66,67,68,69,70,71,72,73,74,75,76,77,78,79,80,81,82,83,84,85,86,87,88,89,90,91,92,93,94,95,96
Time [s],0,1799.827,3599.741,5399.669,7199.582,8999.52,10799.439,12599.362,14399.295,16199.216,17999.146,19799.079,21599.004,23398.923,25198.859,26998.777,28798.697,30598.623,32398.553,34198.485,35998.416,37798.341,39598.268,41398.198,43198.124,44998.054,46797.976,48597.918,50397.831,52197.762,53997.692,55797.629,57597.534,59397.461,61197.38,62997.315,64797.24,66597.165,68397.092,70197.031,71996.926,73796.86,75596.777,77396.712,79196.627,80996.562,82796.484,84596.403,86396.337,88196.281,89996.203,91796.133,93596.059,95395.99,97195.917,98995.844,100795.796,102595.694,104395.689,106195.553,107995.487,109795.413,111595.34,113395.273,115195.195,116995.132,118795.052,120594.981,122394.898,124194.845,125994.76,127794.681,129594.622,131394.544,133194.474,134994.397,136794.315,138594.255,140394.181,142194.115,143994.039,145793.949,147593.888,149393.809,151193.742,152993.677,154793.597,156593.512,158393.435,160193.362,161993.31,163793.212,165593.147,167393.086,169192.983,170992.91
Temp. [°C],20.1,30,29.8,30,30.1,30,29.9,30.1,30.1,30.1,30,30,30,30,30,30,30,30,30,30,30,30,30.1,30.1,30.1,30.1,30,30,30.1,30.1,30,30,30.1,30,29.9,30,30.1,30,30.1,29.9,30.1,29.8,30,29.9,30.1,30,30,29.9,30,30,30,30.1,29.9,30.2,30.1,30.1,30.1,30,30,30,30,30,30,30,30,30,30.1,30,30,30.2,30,30.1,30,30.1,30,30,30,30,30,30,29.9,30.1,30.1,30.1,30.1,30.1,29.9,30,29.8,30.1,30.1,29.8,29.9,30,30,30
Mean,0.09622,0.09586,0.09592,0.09594,0.09604,0.09602,0.09602,0.09596,0.09614,0.09614,0.09632,0.09634,0.09636,0.09616,0.09636,0.09638,0.09648,0.09642,0.09648,0.0964,0.09664,0.0966,0.09662,0.09666,0.09676,0.09694,0.09706,0.09748,0.0973,0.0975,0.09728,0.09766,0.09756,0.09766,0.0978,0.09782,0.0979,0.098,0.09834,0.09836,0.09834,0.09874,0.09858,0.09862,0.09856,0.09876,0.09898,0.0992,0.09928,0.09896,0.09926,0.09948,0.09948,0.09906,0.09942,0.09962,0.09976,0.10012,0.10012,0.09992,0.1002,0.09996,0.10024,0.1002,0.10052,0.1007,0.10112,0.10112,0.101,0.10108,0.10152,0.10124,0.10096,0.1013,0.10158,0.1016,0.10192,0.1019,0.102,0.10188,0.10204,0.10198,0.10198,0.10238,0.10268,0.10224,0.10246,0.10242,0.1026,0.1027,0.10284,0.10324,0.10294,0.10286,0.1032,0.10334
StDev,0.00299366,0.003134964,0.003070342,0.002980436,0.002951779,0.003018609,0.003003664,0.003050902,0.003005495,0.003006327,0.002871759,0.002907404,0.002858846,0.002943297,0.00286932,0.002882187,0.002911529,0.002817268,0.002831431,0.002849561,0.00292113,0.002909467,0.002991989,0.003014631,0.003021258,0.003176161,0.003234656,0.003637582,0.003483533,0.003787479,0.003516675,0.004019079,0.003948164,0.004059926,0.004267903,0.004191897,0.004383492,0.004792181,0.005200769,0.005292731,0.00528706,0.005819192,0.005578261,0.005562104,0.005632761,0.006147601,0.006390383,0.006945862,0.007149266,0.006644772,0.006864619,0.007435859,0.00745634,0.006688273,0.00755427,0.007990432,0.008244574,0.008739108,0.008662679,0.00851158,0.009223069,0.008672255,0.009078987,0.009248513,0.009737659,0.010301699,0.011126185,0.010973012,0.011038116,0.011237081,0.012102355,0.011386308,0.010952077,0.011551407,0.012227101,0.012287188,0.012932401,0.012984799,0.013213062,0.012869615,0.013120328,0.013268647,0.013110759,0.01392074,0.014587049,0.013942848,0.014094077,0.013997928,0.014449221,0.014630789,0.014976081,0.016022578,0.015305326,0.015466674,0.015767847,0.016064806
1;2,0.0988,0.0988,0.0987,0.0985,0.0987,0.0988,0.0988,0.0989,0.099,0.099,0.099,0.0989,0.0989,0.0989,0.0989,0.0989,0.099,0.0989,0.0988,0.0989,0.0989,0.099,0.099,0.0988,0.0989,0.099,0.0989,0.0991,0.099,0.099,0.099,0.099,0.099,0.0989,0.099,0.0991,0.0989,0.0989,0.099,0.099,0.0989,0.0991,0.0991,0.099,0.099,0.0989,0.099,0.099,0.0989,0.0989,0.0989,0.0989,0.0988,0.0988,0.0988,0.0988,0.0988,0.099,0.0989,0.0988,0.0988,0.0989,0.099,0.0988,0.0989,0.0989,0.099,0.0989,0.0988,0.0989,0.0988,0.0989,0.0988,0.0987,0.0988,0.0988,0.0989,0.0989,0.0989,0.0987,0.0988,0.0987,0.0989,0.0988,0.0989,0.0987,0.0989,0.0988,0.0989,0.0989,0.0988,0.0988,0.0988,0.0987,0.0988,0.0988
2;1,0.0927,0.0926,0.0928,0.0928,0.0929,0.0928,0.0928,0.0927,0.0927,0.0927,0.0929,0.0928,0.0928,0.0928,0.0928,0.0927,0.0927,0.0928,0.0928,0.0927,0.0927,0.0928,0.0926,0.0926,0.0927,0.0926,0.0927,0.0928,0.0927,0.0927,0.0926,0.0927,0.0926,0.0927,0.0926,0.0927,0.0926,0.0926,0.0926,0.0926,0.0927,0.0928,0.0927,0.0929,0.0927,0.0927,0.0927,0.0927,0.0927,0.0926,0.0929,0.0928,0.0929,0.0927,0.0928,0.0927,0.0926,0.0928,0.0929,0.0928,0.0927,0.0927,0.0928,0.0928,0.0927,0.0926,0.0927,0.0928,0.0926,0.0925,0.0926,0.0927,0.0926,0.0928,0.0928,0.0926,0.0926,0.0926,0.0926,0.0928,0.0928,0.0926,0.0926,0.0928,0.0927,0.0926,0.0928,0.0928,0.0928,0.0927,0.0928,0.0927,0.0927,0.0926,0.0927,0.0928
2;2,0.0998,0.0995,0.0996,0.0996,0.0996,0.0996,0.0996,0.0995,0.0996,0.0996,0.0996,0.0997,0.0996,0.0996,0.0996,0.0996,0.0996,0.0995,0.0995,0.0995,0.0996,0.0996,0.0996,0.0996,0.0995,0.0996,0.0996,0.0997,0.0997,0.0997,0.0997,0.0997,0.0996,0.0996,0.0996,0.0997,0.0997,0.0996,0.0998,0.0998,0.0996,0.0997,0.0997,0.0997,0.0997,0.0996,0.0997,0.0997,0.0997,0.0995,0.0997,0.0997,0.0996,0.0997,0.0995,0.0996,0.0997,0.0998,0.0998,0.0997,0.0997,0.0997,0.0996,0.0995,0.0997,0.0997,0.0995,0.0998,0.0996,0.0997,0.0996,0.0996,0.0996,0.0996,0.0996,0.0997,0.0997,0.0995,0.0996,0.0996,0.0997,0.0996,0.0996,0.0997,0.0997,0.0995,0.0996,0.0996,0.0995,0.0997,0.0996,0.0995,0.0995,0.0994,0.0996,0.0995
2;3,0.0954,0.095,0.095,0.0951,0.095,0.095,0.0948,0.0947,0.0947,0.0948,0.0948,0.0946,0.0947,0.0946,0.0946,0.0947,0.0946,0.0947,0.0945,0.0947,0.0946,0.0945,0.0945,0.0944,0.0944,0.0945,0.0945,0.0945,0.0945,0.0944,0.0945,0.0944,0.0944,0.0944,0.0945,0.0945,0.0946,0.0942,0.0944,0.0943,0.0943,0.0944,0.0944,0.0944,0.0943,0.0942,0.0944,0.0942,0.0942,0.0942,0.0944,0.0943,0.0943,0.0943,0.0941,0.0941,0.0942,0.0942,0.0943,0.0941,0.094,0.094,0.0942,0.094,0.0942,0.094,0.0941,0.0941,0.094,0.0939,0.0941,0.0941,0.094,0.0941,0.0939,0.094,0.094,0.094,0.0939,0.094,0.094,0.0939,0.094,0.0939,0.0939,0.0938,0.0939,0.094,0.0939,0.0939,0.0939,0.0938,0.0939,0.0936,0.094,0.094
3;2,0.0944,0.0934,0.0935,0.0937,0.094,0.0939,0.0941,0.094,0.0947,0.0946,0.0953,0.0957,0.0958,0.0949,0.0959,0.096,0.0965,0.0962,0.0968,0.0962,0.0974,0.0971,0.0974,0.0979,0.0983,0.099,0.0996,0.1013,0.1006,0.1017,0.1006,0.1025,0.1022,0.1027,0.1033,0.1031,0.1037,0.1047,0.1059,0.1061,0.1062,0.1077,0.107,0.1071,0.1071,0.1084,0.1091,0.1104,0.1109,0.1096,0.1104,0.1117,0.1118,0.1098,0.1119,0.1129,0.1135,0.1148,0.1147,0.1142,0.1158,0.1145,0.1156,0.1159,0.1171,0.1183,0.1203,0.12,0.12,0.1204,0.1225,0.1209,0.1198,0.1213,0.1228,0.1229,0.1244,0.1245,0.125,0.1243,0.1249,0.1251,0.1248,0.1267,0.1282,0.1266,0.1271,0.1269,0.1279,0.1283,0.1291,0.1314,0.1298,0.13,0.1309,0.1316
,,,,,,,,,,,,,,,,,,,,,,,,,,,,,,,,,,,,,,,,,,,,,,,,,,,,,,,,,,,,,,,,,,,,,,,,,,,,,,,,,,,,,,,,,,,,,,,,
Cycles / Well,,,,,,,,,,,,,,,,,,,,,,,,,,,,,,,,,,,,,,,,,,,,,,,,,,,,,,,,,,,,,,,,,,,,,,,,,,,,,,,,,,,,,,,,,,,,,,,,
C2,1,2,3,4,5,6,7,8,9,10,11,12,13,14,15,16,17,18,19,20,21,22,23,24,25,26,27,28,29,30,31,32,33,34,35,36,37,38,39,40,41,42,43,44,45,46,47,48,49,50,51,52,53,54,55,56,57,58,59,60,61,62,63,64,65,66,67,68,69,70,71,72,73,74,75,76,77,78,79,80,81,82,83,84,85,86,87,88,89,90,91,92,93,94,95,96
Time [s],0,1799.827,3599.741,5399.669,7199.582,8999.52,10799.439,12599.362,14399.295,16199.216,17999.146,19799.079,21599.004,23398.923,25198.859,26998.777,28798.697,30598.623,32398.553,34198.485,35998.416,37798.341,39598.268,41398.198,43198.124,44998.054,46797.976,48597.918,50397.831,52197.762,53997.692,55797.629,57597.534,59397.461,61197.38,62997.315,64797.24,66597.165,68397.092,70197.031,71996.926,73796.86,75596.777,77396.712,79196.627,80996.562,82796.484,84596.403,86396.337,88196.281,89996.203,91796.133,93596.059,95395.99,97195.917,98995.844,100795.796,102595.694,104395.689,106195.553,107995.487,109795.413,111595.34,113395.273,115195.195,116995.132,118795.052,120594.981,122394.898,124194.845,125994.76,127794.681,129594.622,131394.544,133194.474,134994.397,136794.315,138594.255,140394.181,142194.115,143994.039,145793.949,147593.888,149393.809,151193.742,152993.677,154793.597,156593.512,158393.435,160193.362,161993.31,163793.212,165593.147,167393.086,169192.983,170992.91
Temp. [°C],20.1,30,29.8,30,30.1,30,29.9,30.1,30.1,30.1,30,30,30,30,30,30,30,30,30,30,30,30,30.1,30.1,30.1,30.1,30,30,30.1,30.1,30,30,30.1,30,29.9,30,30.1,30,30.1,29.9,30.1,29.8,30,29.9,30.1,30,30,29.9,30,30,30,30.1,29.9,30.2,30.1,30.1,30.1,30,30,30,30,30,30,30,30,30,30.1,30,30,30.2,30,30.1,30,30.1,30,30,30,30,30,30,29.9,30.1,30.1,30.1,30.1,30.1,29.9,30,29.8,30.1,30.1,29.8,29.9,30,30,30
Mean,0.11786,0.11396,0.11622,0.1187,0.12162,0.12486,0.12964,0.13596,0.1451,0.15756,0.17426,0.19716,0.22916,0.2708,0.32278,0.3859,0.45952,0.5434,0.63328,0.72444,0.80882,0.88266,0.94374,0.98902,1.02416,1.05044,1.07242,1.09094,1.10766,1.12222,1.13608,1.14766,1.15988,1.16968,1.17824,1.18422,1.18866,1.19236,1.19536,1.19804,1.20082,1.2026,1.20344,1.2063,1.2084,1.2096,1.2107,1.2122,1.21272,1.2143,1.21538,1.21706,1.2195,1.2193,1.21988,1.2202,1.22004,1.22154,1.2221,1.22218,1.22254,1.22374,1.22272,1.2248,1.22444,1.22358,1.2246,1.2258,1.22648,1.2267,1.22662,1.2282,1.22866,1.2289,1.23042,1.2301,1.22998,1.23076,1.23184,1.23354,1.2335,1.23426,1.2343,1.23504,1.23478,1.23572,1.23538,1.23708,1.2381,1.2379,1.23936,1.2388,1.2407,1.24024,1.24164,1.242
StDev,0.00507277,0.004424703,0.004091699,0.004464303,0.005481514,0.005965568,0.007002357,0.008342242,0.010199755,0.012847295,0.016334718,0.021384995,0.028912506,0.038216619,0.049241517,0.062284067,0.077247375,0.094530498,0.112739909,0.129509876,0.142017242,0.150553887,0.152800239,0.153146081,0.152732194,0.153554056,0.154075394,0.153616497,0.15478121,0.155109548,0.154958081,0.155885416,0.156395115,0.155967808,0.155649905,0.155037502,0.153725333,0.152956066,0.151630812,0.15048265,0.14929994,0.148658787,0.14933214,0.148324442,0.148190098,0.148293746,0.148824679,0.148807174,0.149146411,0.148703514,0.148715389,0.149169846,0.148780106,0.149851693,0.150257036,0.14983853,0.150308726,0.149733707,0.150218524,0.150308789,0.150316809,0.150782005,0.150966344,0.150601428,0.150924047,0.151502333,0.151403319,0.15168904,0.151576341,0.151019254,0.151558081,0.151258901,0.151450992,0.151545917,0.152122539,0.151599406,0.152294245,0.152685307,0.152170786,0.151192156,0.151576928,0.151297779,0.151361967,0.151015986,0.151163544,0.151221979,0.151571343,0.151695804,0.151413457,0.151568664,0.151365693,0.151866619,0.15185959,0.151378955,0.152014105,0.151975705
1;2,0.1165,0.1123,0.1146,0.117,0.1195,0.1227,0.127,0.1332,0.1421,0.1546,0.1719,0.1965,0.2319,0.2795,0.3398,0.4156,0.5051,0.6107,0.7231,0.8352,0.9353,1.0221,1.0867,1.1338,1.1693,1.1964,1.2196,1.2389,1.257,1.2727,1.2868,1.2998,1.3124,1.3223,1.3303,1.3351,1.3394,1.3419,1.3442,1.3447,1.3467,1.3473,1.3502,1.3512,1.352,1.3537,1.3551,1.3564,1.3581,1.3593,1.3597,1.3606,1.3622,1.364,1.365,1.3649,1.365,1.3653,1.3679,1.3681,1.3679,1.3688,1.3681,1.3687,1.3696,1.3697,1.3714,1.3726,1.3718,1.3722,1.372,1.373,1.3742,1.3741,1.3763,1.375,1.3758,1.378,1.3773,1.3774,1.3783,1.379,1.3787,1.3793,1.3797,1.3802,1.3794,1.3813,1.3814,1.3819,1.3827,1.3833,1.3848,1.3836,1.3863,1.387
2;1,0.1156,0.113,0.1178,0.1224,0.1268,0.1315,0.1374,0.1456,0.1567,0.173,0.1944,0.2246,0.2686,0.3237,0.3907,0.4703,0.5614,0.6627,0.7706,0.8774,0.9731,1.0533,1.1151,1.16,1.194,1.2212,1.2433,1.2603,1.2779,1.2917,1.3052,1.3177,1.3303,1.3394,1.3478,1.3543,1.356,1.3598,1.3611,1.3637,1.3644,1.366,1.3667,1.3689,1.3719,1.3728,1.3747,1.3765,1.377,1.3779,1.3793,1.3818,1.3825,1.384,1.3853,1.3856,1.3864,1.3876,1.3872,1.3879,1.3887,1.3905,1.3908,1.3923,1.3918,1.3924,1.3924,1.3938,1.3953,1.3942,1.3956,1.3965,1.3967,1.3974,1.3991,1.3994,1.4001,1.4003,1.4017,1.4026,1.4027,1.4029,1.4035,1.4035,1.4034,1.4047,1.4056,1.4071,1.4079,1.4075,1.409,1.4088,1.4105,1.41,1.4116,1.4118
2;2,0.1167,0.1123,0.1147,0.1171,0.1193,0.1221,0.1259,0.131,0.1383,0.1485,0.1623,0.1811,0.2088,0.2456,0.2918,0.3507,0.4194,0.499,0.584,0.6732,0.7555,0.8268,0.8903,0.9362,0.9713,0.9984,1.0211,1.0405,1.0575,1.0739,1.0877,1.099,1.1119,1.1212,1.1306,1.135,1.1404,1.1431,1.1466,1.1492,1.153,1.1545,1.1545,1.1582,1.1604,1.1614,1.1626,1.1638,1.1633,1.1655,1.1671,1.1703,1.1768,1.174,1.1738,1.1726,1.1716,1.174,1.1743,1.1733,1.1736,1.1763,1.1722,1.178,1.1762,1.1719,1.1741,1.1758,1.1773,1.1781,1.1774,1.1806,1.1807,1.1811,1.1834,1.1811,1.18,1.1811,1.1835,1.1864,1.1852,1.187,1.186,1.1877,1.1861,1.1879,1.1864,1.189,1.1907,1.1901,1.1924,1.1903,1.1933,1.1926,1.1937,1.1933
2;3,0.1138,0.1105,0.1116,0.113,0.1148,0.1175,0.1214,0.1263,0.1336,0.1431,0.1556,0.1723,0.1945,0.2237,0.2613,0.3067,0.3609,0.4228,0.4911,0.5624,0.6324,0.6978,0.7554,0.8016,0.8372,0.8628,0.8848,0.9043,0.9194,0.9333,0.9477,0.9591,0.9703,0.981,0.9901,0.9978,1.0034,1.0089,1.0143,1.0187,1.022,1.0244,1.0253,1.0286,1.0308,1.0317,1.0323,1.0341,1.0349,1.0368,1.0372,1.0369,1.037,1.0381,1.0387,1.04,1.0397,1.0415,1.0413,1.0423,1.0424,1.0421,1.043,1.0437,1.0434,1.0438,1.0448,1.0449,1.0452,1.0461,1.046,1.0469,1.0471,1.0472,1.0475,1.049,1.0485,1.0488,1.0502,1.0526,1.0523,1.0536,1.0535,1.0545,1.0548,1.0556,1.0548,1.056,1.0563,1.0561,1.0577,1.0571,1.058,1.0586,1.0595,1.0602
3;2,0.1267,0.1217,0.1224,0.124,0.1277,0.1305,0.1365,0.1437,0.1548,0.1686,0.1871,0.2113,0.242,0.2815,0.3303,0.3862,0.4508,0.5218,0.5976,0.674,0.7478,0.8133,0.8712,0.9135,0.949,0.9734,0.9933,1.0107,1.0265,1.0395,1.053,1.0627,1.0745,1.0845,1.0924,1.0989,1.1041,1.1081,1.1106,1.1139,1.118,1.1208,1.1205,1.1246,1.1269,1.1284,1.1288,1.1302,1.1303,1.132,1.1336,1.1357,1.139,1.1364,1.1366,1.1379,1.1375,1.1393,1.1398,1.1393,1.1401,1.141,1.1395,1.1413,1.1412,1.1401,1.1403,1.1419,1.1428,1.1429,1.1421,1.144,1.1446,1.1447,1.1458,1.146,1.1455,1.1456,1.1465,1.1487,1.149,1.1488,1.1498,1.1502,1.1499,1.1502,1.1507,1.152,1.1542,1.1539,1.155,1.1545,1.1569,1.1564,1.1571,1.1577
,,,,,,,,,,,,,,,,,,,,,,,,,,,,,,,,,,,,,,,,,,,,,,,,,,,,,,,,,,,,,,,,,,,,,,,,,,,,,,,,,,,,,,,,,,,,,,,,
Cycles / Well,,,,,,,,,,,,,,,,,,,,,,,,,,,,,,,,,,,,,,,,,,,,,,,,,,,,,,,,,,,,,,,,,,,,,,,,,,,,,,,,,,,,,,,,,,,,,,,,
C3,1,2,3,4,5,6,7,8,9,10,11,12,13,14,15,16,17,18,19,20,21,22,23,24,25,26,27,28,29,30,31,32,33,34,35,36,37,38,39,40,41,42,43,44,45,46,47,48,49,50,51,52,53,54,55,56,57,58,59,60,61,62,63,64,65,66,67,68,69,70,71,72,73,74,75,76,77,78,79,80,81,82,83,84,85,86,87,88,89,90,91,92,93,94,95,96
Time [s],0,1799.827,3599.741,5399.669,7199.582,8999.52,10799.439,12599.362,14399.295,16199.216,17999.146,19799.079,21599.004,23398.923,25198.859,26998.777,28798.697,30598.623,32398.553,34198.485,35998.416,37798.341,39598.268,41398.198,43198.124,44998.054,46797.976,48597.918,50397.831,52197.762,53997.692,55797.629,57597.534,59397.461,61197.38,62997.315,64797.24,66597.165,68397.092,70197.031,71996.926,73796.86,75596.777,77396.712,79196.627,80996.562,82796.484,84596.403,86396.337,88196.281,89996.203,91796.133,93596.059,95395.99,97195.917,98995.844,100795.796,102595.694,104395.689,106195.553,107995.487,109795.413,111595.34,113395.273,115195.195,116995.132,118795.052,120594.981,122394.898,124194.845,125994.76,127794.681,129594.622,131394.544,133194.474,134994.397,136794.315,138594.255,140394.181,142194.115,143994.039,145793.949,147593.888,149393.809,151193.742,152993.677,154793.597,156593.512,158393.435,160193.362,161993.31,163793.212,165593.147,167393.086,169192.983,170992.91
Temp. [°C],20.1,30,29.8,30,30.1,30,29.9,30.1,30.1,30.1,30,30,30,30,30,30,30,30,30,30,30,30,30.1,30.1,30.1,30.1,30,30,30.1,30.1,30,30,30.1,30,29.9,30,30.1,30,30.1,29.9,30.1,29.8,30,29.9,30.1,30,30,29.9,30,30,30,30.1,29.9,30.2,30.1,30.1,30.1,30,30,30,30,30,30,30,30,30,30.1,30,30,30.2,30,30.1,30,30.1,30,30,30,30,30,30,29.9,30.1,30.1,30.1,30.1,30.1,29.9,30,29.8,30.1,30.1,29.8,29.9,30,30,30
Mean,0.1183,0.11386,0.1156,0.11784,0.12082,0.1249,0.13078,0.1388,0.15048,0.1671,0.1896,0.22056,0.26116,0.31408,0.37972,0.45838,0.55016,0.65282,0.76358,0.87234,0.97032,1.05406,1.1175,1.16392,1.19872,1.22536,1.24626,1.26518,1.28236,1.2966,1.31014,1.32202,1.3344,1.34364,1.35132,1.35768,1.36084,1.36382,1.36586,1.36676,1.36838,1.3705,1.37212,1.3734,1.37514,1.37638,1.37792,1.37936,1.38056,1.38144,1.38304,1.3839,1.38518,1.38588,1.387,1.3876,1.38824,1.38868,1.38974,1.3896,1.38982,1.39142,1.39142,1.39238,1.39262,1.39282,1.39374,1.39432,1.39498,1.39514,1.39578,1.39666,1.39656,1.3978,1.39856,1.39902,1.39924,1.40088,1.40014,1.40044,1.40128,1.40214,1.40286,1.4036,1.404,1.40474,1.40538,1.40654,1.40732,1.40758,1.40804,1.40894,1.40946,1.41048,1.41124,1.41198
StDev,0.002472853,0.002538307,0.002836371,0.003267721,0.003914971,0.004334167,0.005018665,0.005574944,0.005836694,0.006407808,0.006462198,0.006207898,0.005684892,0.004856645,0.005183339,0.00803287,0.014242296,0.022838608,0.031284773,0.038002934,0.042845968,0.044759837,0.044759412,0.043908222,0.043365159,0.043443906,0.043778454,0.043972912,0.043534963,0.043811642,0.044050289,0.044434412,0.044828395,0.044902595,0.04511349,0.044666061,0.043992306,0.043506459,0.043258213,0.043065857,0.043228891,0.04316677,0.043036345,0.043205787,0.042915126,0.042653335,0.042156221,0.042125681,0.042022649,0.042205604,0.042195651,0.041688668,0.041786445,0.041638168,0.041817341,0.041463056,0.041731259,0.042152307,0.041427443,0.041459981,0.041470676,0.041515684,0.041131399,0.041135958,0.041494783,0.041681375,0.041960315,0.041647713,0.041373748,0.04109371,0.041315639,0.040970636,0.041210047,0.041498675,0.040045262,0.040994902,0.041353513,0.041762148,0.040929061,0.040597574,0.040909009,0.040639796,0.040576693,0.040543742,0.04094942,0.040467802,0.040461488,0.040353352,0.040211528,0.040520637,0.040218317,0.040457484,0.040563999,0.040466925,0.039861172,0.040074081
1;2,0.1175,0.1119,0.1134,0.1151,0.1173,0.121,0.1261,0.1337,0.1453,0.1616,0.1847,0.2167,0.2589,0.3146,0.3838,0.4672,0.5653,0.6756,0.7939,0.9079,1.0091,1.0947,1.1587,1.204,1.2382,1.2654,1.286,1.3049,1.3217,1.3352,1.3485,1.3619,1.373,1.382,1.3893,1.3957,1.3974,1.4001,1.4026,1.403,1.4046,1.4072,1.409,1.4095,1.4097,1.4117,1.4124,1.4139,1.4137,1.4149,1.4163,1.4163,1.4171,1.4182,1.4197,1.4201,1.4217,1.4228,1.4219,1.4221,1.4223,1.4238,1.4242,1.4249,1.426,1.4266,1.4281,1.4277,1.4281,1.4281,1.4294,1.4297,1.4291,1.4311,1.4301,1.4318,1.4324,1.4351,1.4326,1.4324,1.4346,1.4342,1.4356,1.4361,1.4374,1.4369,1.4387,1.439,1.4398,1.4404,1.4404,1.4421,1.4416,1.4438,1.4427,1.4442
2;1,0.1206,0.1157,0.1181,0.1207,0.1243,0.1288,0.1351,0.1433,0.1554,0.1726,0.1953,0.2265,0.267,0.3191,0.3825,0.4571,0.542,0.637,0.741,0.843,0.9353,1.0171,1.0798,1.126,1.1617,1.1882,1.2089,1.2271,1.244,1.2581,1.2701,1.2811,1.2929,1.3023,1.309,1.3155,1.3196,1.3231,1.3251,1.326,1.3275,1.3292,1.3314,1.3317,1.3335,1.3356,1.338,1.3396,1.3406,1.3408,1.3426,1.3431,1.3438,1.3448,1.3467,1.3474,1.3492,1.3485,1.3504,1.3505,1.3508,1.352,1.3536,1.3528,1.3535,1.3547,1.355,1.3555,1.3569,1.3573,1.358,1.3583,1.3582,1.3591,1.362,1.362,1.362,1.364,1.364,1.3633,1.365,1.3665,1.3674,1.3686,1.369,1.3694,1.3706,1.3727,1.373,1.373,1.3739,1.3753,1.375,1.3762,1.3774,1.3788
2;2,0.1183,0.1133,0.1146,0.1167,0.1192,0.1229,0.1283,0.1357,0.147,0.1634,0.1854,0.2164,0.2579,0.3127,0.382,0.4661,0.5658,0.6781,0.7979,0.9141,1.0172,1.1033,1.1656,1.2116,1.2464,1.2728,1.2947,1.3136,1.3303,1.3455,1.3595,1.3714,1.385,1.3944,1.4026,1.4088,1.4114,1.4137,1.4152,1.4156,1.4176,1.4197,1.4211,1.4232,1.4253,1.4257,1.4266,1.4277,1.4298,1.4311,1.4326,1.4328,1.4346,1.4347,1.4366,1.437,1.4375,1.4376,1.4393,1.4391,1.4395,1.441,1.4406,1.4411,1.4417,1.4424,1.4432,1.4438,1.4444,1.4437,1.4448,1.4452,1.4463,1.4472,1.4469,1.4484,1.4491,1.4508,1.4497,1.4494,1.4503,1.4513,1.452,1.4529,1.4534,1.4538,1.454,1.4557,1.456,1.4567,1.4572,1.4581,1.4594,1.46,1.4608,1.4618
2;3,0.1146,0.1112,0.1128,0.1148,0.1176,0.1215,0.1272,0.1351,0.1466,0.1625,0.1847,0.2151,0.2547,0.3066,0.3709,0.4496,0.5416,0.6456,0.7571,0.8678,0.9688,1.0518,1.1167,1.163,1.1967,1.2231,1.2438,1.2637,1.281,1.2957,1.3099,1.3205,1.3343,1.3439,1.3521,1.357,1.3613,1.3643,1.3657,1.3678,1.3693,1.3704,1.3716,1.3733,1.3759,1.3765,1.3789,1.3808,1.3822,1.3824,1.3845,1.3863,1.3877,1.3884,1.3879,1.3879,1.3881,1.3898,1.3901,1.3896,1.3895,1.3917,1.3902,1.3928,1.3921,1.3911,1.3924,1.3935,1.3936,1.3948,1.3941,1.3958,1.3949,1.3967,1.397,1.3967,1.3966,1.3977,1.3976,1.399,1.3983,1.4,1.3992,1.3998,1.3999,1.4019,1.4012,1.4021,1.4035,1.4034,1.4033,1.4035,1.4048,1.404,1.4057,1.405
3;2,0.1205,0.1172,0.1191,0.1219,0.1257,0.1303,0.1372,0.1462,0.1581,0.1754,0.1979,0.2281,0.2673,0.3174,0.3794,0.4519,0.5361,0.6278,0.728,0.8289,0.9212,1.0034,1.0667,1.115,1.1506,1.1773,1.1979,1.2166,1.2348,1.2485,1.2627,1.2752,1.2868,1.2956,1.3036,1.3114,1.3145,1.3179,1.3207,1.3214,1.3229,1.326,1.3275,1.3293,1.3313,1.3324,1.3337,1.3348,1.3365,1.338,1.3392,1.341,1.3427,1.3433,1.3441,1.3456,1.3447,1.3447,1.347,1.3467,1.347,1.3486,1.3485,1.3503,1.3498,1.3493,1.35,1.3511,1.3519,1.3518,1.3526,1.3543,1.3543,1.3549,1.3568,1.3562,1.3561,1.3568,1.3568,1.3581,1.3582,1.3587,1.3601,1.3606,1.3603,1.3617,1.3624,1.3632,1.3643,1.3644,1.3654,1.3657,1.3665,1.3684,1.3696,1.3701
,,,,,,,,,,,,,,,,,,,,,,,,,,,,,,,,,,,,,,,,,,,,,,,,,,,,,,,,,,,,,,,,,,,,,,,,,,,,,,,,,,,,,,,,,,,,,,,,
Cycles / Well,,,,,,,,,,,,,,,,,,,,,,,,,,,,,,,,,,,,,,,,,,,,,,,,,,,,,,,,,,,,,,,,,,,,,,,,,,,,,,,,,,,,,,,,,,,,,,,,
C4,1,2,3,4,5,6,7,8,9,10,11,12,13,14,15,16,17,18,19,20,21,22,23,24,25,26,27,28,29,30,31,32,33,34,35,36,37,38,39,40,41,42,43,44,45,46,47,48,49,50,51,52,53,54,55,56,57,58,59,60,61,62,63,64,65,66,67,68,69,70,71,72,73,74,75,76,77,78,79,80,81,82,83,84,85,86,87,88,89,90,91,92,93,94,95,96
Time [s],0,1799.827,3599.741,5399.669,7199.582,8999.52,10799.439,12599.362,14399.295,16199.216,17999.146,19799.079,21599.004,23398.923,25198.859,26998.777,28798.697,30598.623,32398.553,34198.485,35998.416,37798.341,39598.268,41398.198,43198.124,44998.054,46797.976,48597.918,50397.831,52197.762,53997.692,55797.629,57597.534,59397.461,61197.38,62997.315,64797.24,66597.165,68397.092,70197.031,71996.926,73796.86,75596.777,77396.712,79196.627,80996.562,82796.484,84596.403,86396.337,88196.281,89996.203,91796.133,93596.059,95395.99,97195.917,98995.844,100795.796,102595.694,104395.689,106195.553,107995.487,109795.413,111595.34,113395.273,115195.195,116995.132,118795.052,120594.981,122394.898,124194.845,125994.76,127794.681,129594.622,131394.544,133194.474,134994.397,136794.315,138594.255,140394.181,142194.115,143994.039,145793.949,147593.888,149393.809,151193.742,152993.677,154793.597,156593.512,158393.435,160193.362,161993.31,163793.212,165593.147,167393.086,169192.983,170992.91
Temp. [°C],20.1,30,29.8,30,30.1,30,29.9,30.1,30.1,30.1,30,30,30,30,30,30,30,30,30,30,30,30,30.1,30.1,30.1,30.1,30,30,30.1,30.1,30,30,30.1,30,29.9,30,30.1,30,30.1,29.9,30.1,29.8,30,29.9,30.1,30,30,29.9,30,30,30,30.1,29.9,30.2,30.1,30.1,30.1,30,30,30,30,30,30,30,30,30,30.1,30,30,30.2,30,30.1,30,30.1,30,30,30,30,30,30,29.9,30.1,30.1,30.1,30.1,30.1,29.9,30,29.8,30.1,30.1,29.8,29.9,30,30,30
Mean,0.11966,0.115,0.11676,0.11902,0.122,0.12616,0.13232,0.14086,0.15338,0.17026,0.1935,0.22356,0.2611,0.30558,0.35534,0.40654,0.45786,0.50642,0.55156,0.59148,0.62756,0.658,0.68398,0.70666,0.7262,0.74284,0.75694,0.76854,0.77974,0.78804,0.79558,0.80154,0.80716,0.81154,0.8158,0.82056,0.8242,0.82874,0.83254,0.83688,0.84298,0.85022,0.85926,0.86968,0.88348,0.89954,0.91864,0.94036,0.96458,0.99116,1.0189,1.04558,1.07102,1.09448,1.11526,1.13262,1.14562,1.15506,1.16204,1.16702,1.1707,1.17306,1.17506,1.17572,1.17654,1.17714,1.17778,1.17762,1.17752,1.17826,1.1787,1.17792,1.17786,1.178,1.17748,1.1784,1.17932,1.17952,1.1794,1.17954,1.17984,1.18018,1.18096,1.18094,1.18184,1.18074,1.18266,1.18324,1.18362,1.18408,1.18438,1.18512,1.18492,1.18584,1.1864,1.18748
StDev,0.005723024,0.005484524,0.005578799,0.006529318,0.006961681,0.00785799,0.009326682,0.0108735,0.013338178,0.015761599,0.019209243,0.022583689,0.025584957,0.028164463,0.030712994,0.030838418,0.031104389,0.031158418,0.030955904,0.03065407,0.031442058,0.031972254,0.03286848,0.032584321,0.032638551,0.03305621,0.033418677,0.033896209,0.034094178,0.034640193,0.035621861,0.036335699,0.036904918,0.038063539,0.039434946,0.040784164,0.042038256,0.043446438,0.045035464,0.046825816,0.049589686,0.052223625,0.055195045,0.059642158,0.06376176,0.068307415,0.074428308,0.079779339,0.086015446,0.092112692,0.098716311,0.104056124,0.109734917,0.112922039,0.114676427,0.11601546,0.116312884,0.116103889,0.116009194,0.114953391,0.114121668,0.113904886,0.111800751,0.113465708,0.112833386,0.110843597,0.110936229,0.111009941,0.110853584,0.110422701,0.110806927,0.111394196,0.111357097,0.111934735,0.11120772,0.111107606,0.110246075,0.110340958,0.110092915,0.110513927,0.109683969,0.109893366,0.108720205,0.109373639,0.108569715,0.109527453,0.107073727,0.107322356,0.106626015,0.106474819,0.106338196,0.105738862,0.106207966,0.105117829,0.105406048,0.10378616
1;2,0.1152,0.1109,0.1123,0.1137,0.1157,0.1189,0.1236,0.1305,0.1403,0.1545,0.1739,0.2,0.2342,0.2759,0.3234,0.3748,0.427,0.4765,0.5235,0.5652,0.6022,0.6344,0.6622,0.6874,0.7077,0.7255,0.74,0.7518,0.7637,0.773,0.7809,0.7876,0.7931,0.7973,0.8016,0.8071,0.8104,0.8144,0.8181,0.8228,0.8268,0.8343,0.8429,0.8506,0.8634,0.8774,0.8934,0.9154,0.9368,0.962,0.9868,1.0106,1.0329,1.0557,1.0762,1.0921,1.1061,1.1152,1.1212,1.1274,1.1304,1.1353,1.1375,1.1363,1.1379,1.1395,1.1402,1.1399,1.1397,1.141,1.1404,1.1378,1.1382,1.1377,1.1361,1.1394,1.139,1.1392,1.1389,1.138,1.1386,1.1371,1.1392,1.1387,1.1409,1.1373,1.1424,1.1416,1.1432,1.1436,1.1429,1.144,1.1421,1.1456,1.1448,1.1469
2;1,0.1202,0.1153,0.1172,0.1198,0.1232,0.1275,0.1336,0.1417,0.1537,0.1703,0.1922,0.2201,0.2556,0.2965,0.3416,0.3894,0.4361,0.4812,0.5224,0.5589,0.5915,0.6182,0.6405,0.6613,0.6798,0.6946,0.7077,0.7181,0.7283,0.7352,0.7409,0.7455,0.7501,0.7526,0.7546,0.7565,0.7586,0.7609,0.7622,0.7639,0.7667,0.7698,0.7746,0.7792,0.7871,0.7966,0.8073,0.8202,0.8351,0.8524,0.8702,0.8896,0.9069,0.9244,0.9418,0.9565,0.968,0.9775,0.9849,0.9904,0.9955,0.9976,1.0023,1.0015,1.0029,1.0059,1.0065,1.0065,1.0068,1.0076,1.0077,1.0071,1.0067,1.0063,1.0074,1.0071,1.0098,1.0099,1.0101,1.0099,1.0117,1.0124,1.0144,1.0138,1.015,1.0141,1.0183,1.0191,1.0201,1.0208,1.0216,1.0231,1.0231,1.0247,1.0255,1.0285
2;2,0.1187,0.1132,0.1146,0.1162,0.1188,0.1222,0.1273,0.1347,0.1458,0.1609,0.1822,0.2105,0.2466,0.2906,0.3406,0.3932,0.4467,0.4972,0.5447,0.5877,0.6258,0.659,0.6869,0.7118,0.7329,0.7512,0.7662,0.7792,0.7921,0.8013,0.81,0.8168,0.824,0.8295,0.8347,0.8409,0.8458,0.8507,0.8557,0.8608,0.8683,0.8758,0.8859,0.8979,0.9131,0.9319,0.9538,0.9781,1.0067,1.0366,1.0674,1.0967,1.1245,1.1522,1.1737,1.1946,1.2096,1.2195,1.2271,1.2323,1.2365,1.238,1.2403,1.241,1.2417,1.2427,1.2423,1.243,1.2418,1.2431,1.2436,1.2428,1.2426,1.2418,1.2416,1.2423,1.2441,1.2442,1.2438,1.2438,1.2438,1.2446,1.2458,1.2451,1.246,1.2442,1.246,1.2461,1.2476,1.2473,1.2478,1.2483,1.2487,1.2491,1.2498,1.2506
2;3,0.1151,0.1113,0.1135,0.1154,0.1188,0.1231,0.1294,0.1386,0.1518,0.1697,0.1947,0.2278,0.2679,0.316,0.3694,0.4237,0.4778,0.5287,0.5767,0.6189,0.6567,0.6893,0.7167,0.7398,0.759,0.7757,0.7904,0.8023,0.8134,0.8229,0.8318,0.8393,0.8452,0.8508,0.8567,0.8618,0.8679,0.8738,0.8795,0.8869,0.8973,0.9083,0.9217,0.9384,0.9579,0.9793,1.0064,1.0341,1.0649,1.0986,1.1337,1.1673,1.1995,1.224,1.2457,1.2618,1.2731,1.2813,1.2878,1.2896,1.2916,1.2945,1.2921,1.2964,1.296,1.2926,1.2941,1.2942,1.2946,1.2935,1.2943,1.2955,1.2949,1.2966,1.2951,1.2947,1.2939,1.2944,1.2937,1.2944,1.2943,1.2948,1.2933,1.2952,1.2937,1.2962,1.2935,1.2949,1.2937,1.2942,1.294,1.2938,1.2948,1.2941,1.2955,1.2936
3;2,0.1291,0.1243,0.1262,0.13,0.1335,0.1391,0.1477,0.1588,0.1753,0.1959,0.2245,0.2594,0.3012,0.3489,0.4017,0.4516,0.5017,0.5485,0.5905,0.6267,0.6616,0.6891,0.7136,0.733,0.7516,0.7672,0.7804,0.7913,0.8012,0.8078,0.8143,0.8185,0.8234,0.8275,0.8314,0.8365,0.8383,0.8439,0.8472,0.85,0.8558,0.8629,0.8712,0.8823,0.8959,0.9125,0.9323,0.954,0.9794,1.0062,1.0364,1.0637,1.0913,1.1161,1.1389,1.1581,1.1713,1.1818,1.1892,1.1954,1.1995,1.1999,1.2031,1.2034,1.2042,1.205,1.2058,1.2045,1.2047,1.2061,1.2075,1.2064,1.2069,1.2076,1.2072,1.2085,1.2098,1.2099,1.2105,1.2116,1.2108,1.212,1.2121,1.2119,1.2136,1.2119,1.2131,1.2145,1.2135,1.2145,1.2156,1.2164,1.2159,1.2157,1.2164,1.2178
,,,,,,,,,,,,,,,,,,,,,,,,,,,,,,,,,,,,,,,,,,,,,,,,,,,,,,,,,,,,,,,,,,,,,,,,,,,,,,,,,,,,,,,,,,,,,,,,
Cycles / Well,,,,,,,,,,,,,,,,,,,,,,,,,,,,,,,,,,,,,,,,,,,,,,,,,,,,,,,,,,,,,,,,,,,,,,,,,,,,,,,,,,,,,,,,,,,,,,,,
C5,1,2,3,4,5,6,7,8,9,10,11,12,13,14,15,16,17,18,19,20,21,22,23,24,25,26,27,28,29,30,31,32,33,34,35,36,37,38,39,40,41,42,43,44,45,46,47,48,49,50,51,52,53,54,55,56,57,58,59,60,61,62,63,64,65,66,67,68,69,70,71,72,73,74,75,76,77,78,79,80,81,82,83,84,85,86,87,88,89,90,91,92,93,94,95,96
Time [s],0,1799.827,3599.741,5399.669,7199.582,8999.52,10799.439,12599.362,14399.295,16199.216,17999.146,19799.079,21599.004,23398.923,25198.859,26998.777,28798.697,30598.623,32398.553,34198.485,35998.416,37798.341,39598.268,41398.198,43198.124,44998.054,46797.976,48597.918,50397.831,52197.762,53997.692,55797.629,57597.534,59397.461,61197.38,62997.315,64797.24,66597.165,68397.092,70197.031,71996.926,73796.86,75596.777,77396.712,79196.627,80996.562,82796.484,84596.403,86396.337,88196.281,89996.203,91796.133,93596.059,95395.99,97195.917,98995.844,100795.796,102595.694,104395.689,106195.553,107995.487,109795.413,111595.34,113395.273,115195.195,116995.132,118795.052,120594.981,122394.898,124194.845,125994.76,127794.681,129594.622,131394.544,133194.474,134994.397,136794.315,138594.255,140394.181,142194.115,143994.039,145793.949,147593.888,149393.809,151193.742,152993.677,154793.597,156593.512,158393.435,160193.362,161993.31,163793.212,165593.147,167393.086,169192.983,170992.91
Temp. [°C],20.1,30,29.8,30,30.1,30,29.9,30.1,30.1,30.1,30,30,30,30,30,30,30,30,30,30,30,30,30.1,30.1,30.1,30.1,30,30,30.1,30.1,30,30,30.1,30,29.9,30,30.1,30,30.1,29.9,30.1,29.8,30,29.9,30.1,30,30,29.9,30,30,30,30.1,29.9,30.2,30.1,30.1,30.1,30,30,30,30,30,30,30,30,30,30.1,30,30,30.2,30,30.1,30,30.1,30,30,30,30,30,30,29.9,30.1,30.1,30.1,30.1,30.1,29.9,30,29.8,30.1,30.1,29.8,29.9,30,30,30
Mean,0.1238,0.11934,0.12218,0.12546,0.12962,0.13542,0.1436,0.15544,0.17148,0.19374,0.22358,0.26338,0.31146,0.36796,0.42902,0.49134,0.55292,0.60954,0.66086,0.70606,0.7451,0.77894,0.80664,0.83056,0.8522,0.87068,0.88634,0.89984,0.91238,0.9223,0.9314,0.93934,0.9464,0.95268,0.9585,0.96568,0.97108,0.9766,0.98342,0.99052,0.99842,1.00928,1.02106,1.0339,1.04964,1.06932,1.08954,1.11178,1.1351,1.15738,1.1776,1.1928,1.20572,1.21426,1.2202,1.22348,1.2258,1.22526,1.22424,1.22316,1.22228,1.2215,1.2202,1.21842,1.21724,1.21664,1.21516,1.2138,1.21246,1.21122,1.21164,1.20936,1.20868,1.20798,1.2076,1.20676,1.20652,1.20632,1.20504,1.20408,1.2039,1.20348,1.2041,1.20312,1.2042,1.20194,1.20344,1.2031,1.20344,1.20298,1.2027,1.20316,1.20202,1.20308,1.20286,1.20346
StDev,0.006388662,0.006105571,0.006815204,0.007613672,0.008189444,0.009151339,0.010544667,0.013126995,0.01509162,0.017451877,0.020098682,0.022836528,0.024661671,0.02595839,0.026911652,0.027180195,0.028170854,0.03010769,0.032187467,0.034039874,0.036231616,0.037991486,0.039901855,0.041421528,0.043338839,0.044716183,0.046394482,0.048131726,0.04959755,0.051468097,0.053075795,0.055080605,0.056980391,0.058050728,0.05985119,0.061204142,0.062983228,0.06526316,0.067291285,0.069219195,0.072053362,0.075543577,0.077799923,0.080965394,0.085633451,0.08872405,0.093973257,0.096973795,0.101426377,0.104281911,0.107391992,0.109561216,0.110133133,0.109462747,0.108565096,0.107937445,0.107368431,0.107419914,0.107239839,0.107697414,0.107626679,0.107666174,0.106647714,0.108738526,0.108311186,0.106396208,0.10683484,0.107347287,0.107323078,0.107813204,0.108177253,0.108251018,0.108129191,0.108469475,0.108186413,0.107407788,0.10746619,0.107668459,0.106611364,0.107210177,0.106867769,0.107284724,0.106502136,0.106865719,0.106048998,0.106843638,0.105461571,0.10543038,0.105611614,0.105548316,0.105660021,0.105381986,0.10579474,0.105135066,0.105354511,0.104240266
1;2,0.1191,0.1143,0.1165,0.119,0.1225,0.1269,0.1333,0.1424,0.1558,0.1748,0.2008,0.2369,0.282,0.3377,0.3985,0.4621,0.5263,0.5847,0.6386,0.6865,0.7278,0.7631,0.7927,0.8187,0.8414,0.8614,0.8785,0.8934,0.9072,0.9172,0.9274,0.9352,0.9422,0.9483,0.9542,0.9638,0.9669,0.9722,0.9801,0.988,0.9946,1.0051,1.0168,1.0266,1.0392,1.0576,1.0742,1.0959,1.1154,1.1365,1.1549,1.1667,1.177,1.1865,1.1922,1.1954,1.198,1.195,1.1918,1.1914,1.1895,1.1903,1.1885,1.1849,1.1847,1.1855,1.1844,1.1817,1.1782,1.1768,1.1785,1.1749,1.1738,1.1736,1.1725,1.173,1.1722,1.1707,1.1698,1.1673,1.1672,1.1655,1.1667,1.1651,1.1685,1.1626,1.1685,1.1663,1.1665,1.1657,1.1636,1.1646,1.1615,1.1661,1.1637,1.1663
2;1,0.1263,0.1226,0.1261,0.1298,0.1341,0.1398,0.1479,0.1593,0.1746,0.1961,0.2242,0.2607,0.3052,0.3561,0.411,0.4676,0.5217,0.5719,0.6169,0.6573,0.6916,0.7227,0.7469,0.768,0.7868,0.8032,0.8161,0.8267,0.8374,0.8447,0.8514,0.8563,0.8605,0.8651,0.8685,0.8735,0.8765,0.8782,0.8817,0.8856,0.8889,0.8941,0.9023,0.9103,0.9189,0.9335,0.9464,0.9633,0.9806,0.9985,1.0143,1.0277,1.0405,1.05,1.0576,1.062,1.0651,1.0654,1.0652,1.0629,1.0635,1.062,1.0624,1.0575,1.0572,1.0594,1.0566,1.0549,1.0547,1.0528,1.0522,1.0508,1.0503,1.0489,1.0497,1.0491,1.0489,1.0492,1.0492,1.0477,1.0482,1.0477,1.0496,1.0481,1.0497,1.0475,1.05,1.0503,1.0502,1.0503,1.0501,1.051,1.05,1.0507,1.0511,1.0526
2;2,0.1214,0.1172,0.1194,0.1222,0.1262,0.1318,0.1393,0.1503,0.1663,0.1886,0.2189,0.2602,0.3113,0.3719,0.4385,0.5061,0.5742,0.6362,0.6931,0.7427,0.7852,0.8234,0.8541,0.8804,0.9053,0.9261,0.9441,0.9596,0.9747,0.987,0.9982,1.0081,1.0174,1.0248,1.0325,1.0414,1.0486,1.0558,1.0652,1.0737,1.0839,1.0974,1.1114,1.1261,1.1457,1.167,1.1915,1.2144,1.2411,1.2637,1.2846,1.3005,1.3112,1.3219,1.3278,1.3318,1.3341,1.3327,1.3311,1.3307,1.3303,1.3289,1.3273,1.3245,1.3248,1.3236,1.321,1.32,1.3185,1.3179,1.3183,1.3161,1.3153,1.3149,1.3143,1.3122,1.3127,1.3128,1.3104,1.3092,1.3092,1.3089,1.3103,1.3087,1.3094,1.3073,1.3082,1.3079,1.3088,1.3085,1.308,1.3081,1.308,1.3085,1.3084,1.3084
2;3,0.1184,0.1142,0.1167,0.1196,0.1235,0.1293,0.1376,0.1489,0.165,0.1874,0.2181,0.259,0.3084,0.3659,0.4287,0.4933,0.5576,0.6165,0.6708,0.718,0.7582,0.7919,0.8219,0.8462,0.8678,0.8868,0.9025,0.9171,0.9299,0.9413,0.951,0.9613,0.9695,0.9766,0.9849,0.9919,1,1.0082,1.015,1.0243,1.0354,1.0503,1.0638,1.0819,1.1029,1.1268,1.1539,1.1806,1.21,1.2378,1.2639,1.2845,1.3017,1.3066,1.3112,1.3126,1.3137,1.3152,1.3148,1.3132,1.3135,1.3129,1.31,1.3132,1.3101,1.3065,1.3063,1.3059,1.3058,1.3049,1.3057,1.3046,1.3037,1.3032,1.3034,1.3014,1.3005,1.3012,1.2987,1.2993,1.2985,1.2992,1.2977,1.298,1.2975,1.2974,1.2965,1.2964,1.2962,1.296,1.296,1.2965,1.2955,1.295,1.2958,1.2943
3;2,0.1338,0.1284,0.1322,0.1367,0.1418,0.1493,0.1599,0.1763,0.1957,0.2218,0.2559,0.3001,0.3504,0.4082,0.4684,0.5276,0.5848,0.6384,0.6849,0.7258,0.7627,0.7936,0.8176,0.8395,0.8597,0.8759,0.8905,0.9024,0.9127,0.9213,0.929,0.9358,0.9424,0.9486,0.9524,0.9578,0.9634,0.9686,0.9751,0.981,0.9893,0.9995,1.011,1.0246,1.0415,1.0617,1.0817,1.1047,1.1284,1.1504,1.1703,1.1846,1.1982,1.2063,1.2122,1.2156,1.2181,1.218,1.2183,1.2176,1.2146,1.2134,1.2128,1.212,1.2094,1.2082,1.2075,1.2065,1.2051,1.2037,1.2035,1.2004,1.2003,1.1993,1.1981,1.1981,1.1983,1.1977,1.1971,1.1969,1.1964,1.1961,1.1962,1.1957,1.1959,1.1949,1.194,1.1946,1.1955,1.1944,1.1958,1.1956,1.1951,1.1951,1.1953,1.1957
,,,,,,,,,,,,,,,,,,,,,,,,,,,,,,,,,,,,,,,,,,,,,,,,,,,,,,,,,,,,,,,,,,,,,,,,,,,,,,,,,,,,,,,,,,,,,,,,
Cycles / Well,,,,,,,,,,,,,,,,,,,,,,,,,,,,,,,,,,,,,,,,,,,,,,,,,,,,,,,,,,,,,,,,,,,,,,,,,,,,,,,,,,,,,,,,,,,,,,,,
C6,1,2,3,4,5,6,7,8,9,10,11,12,13,14,15,16,17,18,19,20,21,22,23,24,25,26,27,28,29,30,31,32,33,34,35,36,37,38,39,40,41,42,43,44,45,46,47,48,49,50,51,52,53,54,55,56,57,58,59,60,61,62,63,64,65,66,67,68,69,70,71,72,73,74,75,76,77,78,79,80,81,82,83,84,85,86,87,88,89,90,91,92,93,94,95,96
Time [s],0,1799.827,3599.741,5399.669,7199.582,8999.52,10799.439,12599.362,14399.295,16199.216,17999.146,19799.079,21599.004,23398.923,25198.859,26998.777,28798.697,30598.623,32398.553,34198.485,35998.416,37798.341,39598.268,41398.198,43198.124,44998.054,46797.976,48597.918,50397.831,52197.762,53997.692,55797.629,57597.534,59397.461,61197.38,62997.315,64797.24,66597.165,68397.092,70197.031,71996.926,73796.86,75596.777,77396.712,79196.627,80996.562,82796.484,84596.403,86396.337,88196.281,89996.203,91796.133,93596.059,95395.99,97195.917,98995.844,100795.796,102595.694,104395.689,106195.553,107995.487,109795.413,111595.34,113395.273,115195.195,116995.132,118795.052,120594.981,122394.898,124194.845,125994.76,127794.681,129594.622,131394.544,133194.474,134994.397,136794.315,138594.255,140394.181,142194.115,143994.039,145793.949,147593.888,149393.809,151193.742,152993.677,154793.597,156593.512,158393.435,160193.362,161993.31,163793.212,165593.147,167393.086,169192.983,170992.91
Temp. [°C],20.1,30,29.8,30,30.1,30,29.9,30.1,30.1,30.1,30,30,30,30,30,30,30,30,30,30,30,30,30.1,30.1,30.1,30.1,30,30,30.1,30.1,30,30,30.1,30,29.9,30,30.1,30,30.1,29.9,30.1,29.8,30,29.9,30.1,30,30,29.9,30,30,30,30.1,29.9,30.2,30.1,30.1,30.1,30,30,30,30,30,30,30,30,30,30.1,30,30,30.2,30,30.1,30,30.1,30,30,30,30,30,30,29.9,30.1,30.1,30.1,30.1,30.1,29.9,30,29.8,30.1,30.1,29.8,29.9,30,30,30
Mean,0.12054,0.11342,0.11554,0.11782,0.12098,0.1255,0.1324,0.14206,0.15572,0.17478,0.201,0.23722,0.28442,0.34512,0.4198,0.50824,0.61136,0.72608,0.84362,0.95228,1.047,1.11924,1.1713,1.20918,1.23856,1.26188,1.28046,1.29678,1.3127,1.32496,1.33758,1.34936,1.35894,1.3669,1.37414,1.38,1.38288,1.38584,1.38752,1.38984,1.39144,1.3936,1.39522,1.39666,1.39774,1.39916,1.40038,1.40068,1.4022,1.40308,1.40434,1.40522,1.40542,1.40654,1.40754,1.4082,1.40896,1.4093,1.40992,1.41046,1.41074,1.41132,1.41166,1.41352,1.41314,1.41326,1.41398,1.4148,1.41552,1.41606,1.41642,1.41716,1.41772,1.41832,1.4192,1.42004,1.42036,1.42106,1.42112,1.42144,1.42196,1.4226,1.4237,1.42338,1.42454,1.42464,1.42528,1.42608,1.42618,1.42716,1.42746,1.4282,1.4287,1.42914,1.43002,1.43046
StDev,0.003737379,0.003183866,0.003847467,0.00459478,0.005201154,0.005989574,0.007491662,0.009472486,0.011650193,0.014350854,0.016988967,0.020039636,0.023072321,0.024625028,0.025374791,0.023581518,0.021447098,0.021027411,0.02272833,0.025267509,0.025779546,0.027023656,0.027446949,0.027164168,0.027884099,0.02748103,0.027225778,0.027207297,0.026972023,0.027245055,0.027636063,0.027436891,0.029081661,0.028533226,0.0289253,0.02831519,0.02802886,0.027652089,0.027056367,0.027016902,0.026527024,0.027093634,0.027272367,0.027254137,0.027390929,0.027244045,0.027716096,0.02744489,0.027993035,0.027452359,0.028130819,0.028205886,0.027796708,0.027949293,0.027747126,0.028080687,0.027757756,0.028255353,0.028213242,0.028074597,0.028485751,0.028328907,0.028399613,0.028611134,0.028386846,0.028012015,0.028082325,0.028058243,0.027905949,0.02789871,0.027916518,0.027935694,0.028378284,0.028548415,0.028033105,0.028825735,0.028922102,0.02918712,0.028198528,0.028449569,0.02841123,0.028451274,0.0282573,0.028507666,0.02859166,0.028626875,0.028636463,0.02822219,0.028675024,0.028874781,0.028649136,0.028832274,0.029428133,0.028451942,0.029321784,0.028750009
1;2,0.1184,0.1114,0.113,0.1146,0.1171,0.1207,0.1259,0.1334,0.1445,0.1605,0.183,0.2151,0.2576,0.3155,0.3885,0.4778,0.5841,0.7043,0.8273,0.9422,1.0415,1.1153,1.1675,1.207,1.2391,1.2632,1.2825,1.298,1.3146,1.3261,1.3397,1.3515,1.3621,1.3701,1.3774,1.3829,1.3858,1.3879,1.3889,1.3921,1.3934,1.3962,1.3977,1.3988,1.3994,1.4011,1.403,1.403,1.4043,1.4041,1.4062,1.4065,1.4057,1.4075,1.4081,1.4097,1.4113,1.4099,1.4111,1.4119,1.4128,1.4138,1.414,1.4156,1.415,1.4142,1.4153,1.416,1.4171,1.4172,1.4176,1.4187,1.419,1.4197,1.4202,1.4215,1.4219,1.4224,1.4218,1.4216,1.4223,1.4234,1.4249,1.4231,1.4249,1.4241,1.4264,1.4269,1.4268,1.4281,1.4275,1.4276,1.4295,1.43,1.4291,1.4298
2;1,0.1214,0.1157,0.1185,0.1218,0.1257,0.1311,0.1392,0.1504,0.166,0.1877,0.2149,0.2527,0.3032,0.3633,0.4361,0.5201,0.6161,0.7217,0.8302,0.9315,1.0217,1.0913,1.1424,1.1805,1.2078,1.2312,1.2493,1.2659,1.2823,1.2938,1.3056,1.3178,1.3241,1.3333,1.3403,1.3463,1.3507,1.3535,1.3564,1.359,1.3604,1.361,1.3632,1.3639,1.3647,1.3669,1.3676,1.3681,1.3691,1.3708,1.3702,1.3707,1.3719,1.3726,1.3735,1.374,1.3751,1.3754,1.3754,1.3763,1.376,1.3763,1.3768,1.378,1.378,1.3791,1.38,1.3804,1.3812,1.3824,1.3823,1.3828,1.3827,1.3829,1.3851,1.3842,1.3845,1.3852,1.3865,1.3861,1.3869,1.3875,1.3893,1.389,1.3893,1.3889,1.3901,1.391,1.3905,1.3912,1.3918,1.3928,1.3917,1.3942,1.3942,1.3951
2;2,0.1209,0.1123,0.1137,0.1154,0.1181,0.122,0.1281,0.1368,0.1497,0.1682,0.1946,0.2315,0.2806,0.3447,0.4245,0.5195,0.6311,0.7565,0.882,0.9962,1.0906,1.1642,1.2168,1.254,1.2836,1.3061,1.3237,1.3402,1.3558,1.3684,1.3812,1.3928,1.4041,1.4113,1.4191,1.4241,1.427,1.4293,1.4304,1.4327,1.4332,1.4357,1.438,1.439,1.4403,1.4418,1.4435,1.4435,1.4458,1.4463,1.4479,1.4487,1.4486,1.4499,1.4504,1.4516,1.4516,1.4532,1.4534,1.4538,1.4545,1.4544,1.4552,1.4572,1.4565,1.4565,1.4575,1.458,1.4583,1.4592,1.4594,1.4599,1.4611,1.4617,1.4623,1.4638,1.4643,1.4656,1.4643,1.4647,1.4654,1.4658,1.467,1.4674,1.4682,1.4681,1.469,1.4689,1.4697,1.4708,1.4709,1.4722,1.4727,1.4723,1.475,1.4742
2;3,0.116,0.11,0.1118,0.1136,0.1165,0.1208,0.127,0.1356,0.148,0.165,0.1898,0.2238,0.2683,0.3271,0.3999,0.4895,0.5943,0.7109,0.8319,0.944,1.0422,1.1157,1.1673,1.2052,1.2347,1.2569,1.2766,1.2935,1.3084,1.3214,1.3346,1.3459,1.356,1.3648,1.3727,1.3772,1.38,1.3833,1.385,1.3862,1.3885,1.3908,1.3922,1.3948,1.3962,1.3969,1.3988,1.3985,1.4011,1.4011,1.4029,1.4049,1.4056,1.4057,1.4073,1.4074,1.4084,1.4095,1.4098,1.4101,1.4106,1.4118,1.4111,1.4133,1.4133,1.4133,1.4133,1.4147,1.4157,1.4163,1.4166,1.4178,1.4186,1.4199,1.4202,1.4216,1.4219,1.4226,1.4226,1.4239,1.4237,1.4252,1.4251,1.4253,1.4266,1.4276,1.4269,1.4283,1.4285,1.4299,1.4304,1.4314,1.4328,1.4321,1.4329,1.4341
3;2,0.126,0.1177,0.1207,0.1237,0.1275,0.1329,0.1418,0.1541,0.1704,0.1925,0.2227,0.263,0.3124,0.375,0.45,0.5343,0.6312,0.737,0.8467,0.9475,1.039,1.1097,1.1625,1.1992,1.2276,1.252,1.2702,1.2863,1.3024,1.3151,1.3268,1.3388,1.3484,1.355,1.3612,1.3695,1.3709,1.3752,1.3769,1.3792,1.3817,1.3843,1.385,1.3868,1.3881,1.3891,1.389,1.3903,1.3907,1.3931,1.3945,1.3953,1.3953,1.397,1.3984,1.3983,1.3984,1.3985,1.3999,1.4002,1.3998,1.4003,1.4012,1.4035,1.4029,1.4032,1.4038,1.4049,1.4053,1.4052,1.4062,1.4066,1.4072,1.4074,1.4082,1.4091,1.4092,1.4095,1.4104,1.4109,1.4115,1.4111,1.4122,1.4121,1.4137,1.4145,1.414,1.4153,1.4154,1.4158,1.4167,1.417,1.4168,1.4171,1.4189,1.4191
,,,,,,,,,,,,,,,,,,,,,,,,,,,,,,,,,,,,,,,,,,,,,,,,,,,,,,,,,,,,,,,,,,,,,,,,,,,,,,,,,,,,,,,,,,,,,,,,
Cycles / Well,,,,,,,,,,,,,,,,,,,,,,,,,,,,,,,,,,,,,,,,,,,,,,,,,,,,,,,,,,,,,,,,,,,,,,,,,,,,,,,,,,,,,,,,,,,,,,,,
C7,1,2,3,4,5,6,7,8,9,10,11,12,13,14,15,16,17,18,19,20,21,22,23,24,25,26,27,28,29,30,31,32,33,34,35,36,37,38,39,40,41,42,43,44,45,46,47,48,49,50,51,52,53,54,55,56,57,58,59,60,61,62,63,64,65,66,67,68,69,70,71,72,73,74,75,76,77,78,79,80,81,82,83,84,85,86,87,88,89,90,91,92,93,94,95,96
Time [s],0,1799.827,3599.741,5399.669,7199.582,8999.52,10799.439,12599.362,14399.295,16199.216,17999.146,19799.079,21599.004,23398.923,25198.859,26998.777,28798.697,30598.623,32398.553,34198.485,35998.416,37798.341,39598.268,41398.198,43198.124,44998.054,46797.976,48597.918,50397.831,52197.762,53997.692,55797.629,57597.534,59397.461,61197.38,62997.315,64797.24,66597.165,68397.092,70197.031,71996.926,73796.86,75596.777,77396.712,79196.627,80996.562,82796.484,84596.403,86396.337,88196.281,89996.203,91796.133,93596.059,95395.99,97195.917,98995.844,100795.796,102595.694,104395.689,106195.553,107995.487,109795.413,111595.34,113395.273,115195.195,116995.132,118795.052,120594.981,122394.898,124194.845,125994.76,127794.681,129594.622,131394.544,133194.474,134994.397,136794.315,138594.255,140394.181,142194.115,143994.039,145793.949,147593.888,149393.809,151193.742,152993.677,154793.597,156593.512,158393.435,160193.362,161993.31,163793.212,165593.147,167393.086,169192.983,170992.91
Temp. [°C],20.1,30,29.8,30,30.1,30,29.9,30.1,30.1,30.1,30,30,30,30,30,30,30,30,30,30,30,30,30.1,30.1,30.1,30.1,30,30,30.1,30.1,30,30,30.1,30,29.9,30,30.1,30,30.1,29.9,30.1,29.8,30,29.9,30.1,30,30,29.9,30,30,30,30.1,29.9,30.2,30.1,30.1,30.1,30,30,30,30,30,30,30,30,30,30.1,30,30,30.2,30,30.1,30,30.1,30,30,30,30,30,30,29.9,30.1,30.1,30.1,30.1,30.1,29.9,30,29.8,30.1,30.1,29.8,29.9,30,30,30
Mean,0.12308,0.1163,0.11904,0.12168,0.12562,0.13092,0.13878,0.14956,0.1647,0.18638,0.21564,0.25594,0.30828,0.3748,0.45516,0.54858,0.65678,0.77344,0.88658,0.988,1.0741,1.13666,1.18074,1.21352,1.2393,1.26108,1.27852,1.2949,1.30968,1.32166,1.33404,1.34342,1.35262,1.36022,1.36648,1.37078,1.37364,1.37564,1.37772,1.37948,1.38032,1.38262,1.38348,1.38532,1.3866,1.38788,1.38916,1.3903,1.39104,1.39184,1.39288,1.3936,1.395,1.39542,1.39676,1.39782,1.3986,1.39926,1.39944,1.39972,1.40066,1.40162,1.40192,1.40324,1.40336,1.40382,1.40442,1.40514,1.406,1.40622,1.40732,1.40818,1.40836,1.40896,1.41052,1.4104,1.41108,1.4119,1.41188,1.41312,1.4139,1.41472,1.41524,1.41592,1.41642,1.4165,1.41746,1.41814,1.4188,1.4199,1.42044,1.42086,1.42158,1.4215,1.42258,1.42308
StDev,0.004289172,0.003729611,0.004661867,0.005152863,0.006322341,0.007371364,0.008994832,0.011182486,0.013410444,0.017312337,0.021306877,0.025528866,0.029959423,0.03315592,0.033898274,0.033060203,0.032066447,0.03062961,0.029787027,0.02905185,0.027577074,0.026821316,0.026269526,0.025651257,0.025971619,0.025800136,0.025949027,0.025731498,0.025452249,0.025268023,0.025553728,0.02605901,0.026308592,0.026142819,0.026356062,0.025493274,0.025344191,0.025090795,0.025094163,0.025315549,0.025032419,0.025690601,0.025480326,0.025005139,0.025100797,0.024800242,0.025200159,0.024850855,0.02525397,0.024658629,0.024746656,0.024756918,0.024963573,0.024067135,0.024234645,0.024776541,0.024539458,0.024679911,0.024515872,0.024768064,0.024511691,0.024127205,0.024477071,0.02344116,0.02444142,0.024477173,0.024428508,0.024577083,0.023996875,0.024147816,0.024303847,0.024505958,0.02421514,0.024049387,0.024112486,0.024073949,0.024322253,0.023805672,0.023788485,0.024015766,0.023868284,0.024099212,0.023806155,0.024312795,0.024121609,0.024229631,0.024637329,0.024087818,0.024222613,0.024659886,0.023896506,0.024197066,0.024772404,0.023755315,0.023954686,0.023488657
1;2,0.1204,0.1138,0.1157,0.1179,0.1205,0.1249,0.1311,0.1396,0.1525,0.1703,0.1957,0.2319,0.2811,0.3458,0.4268,0.5239,0.6379,0.7631,0.8834,0.9901,1.0806,1.1451,1.1903,1.224,1.2522,1.2751,1.2928,1.3086,1.3245,1.3383,1.3511,1.3606,1.3708,1.3784,1.3849,1.3893,1.3925,1.3932,1.3945,1.3978,1.3975,1.4012,1.4011,1.4035,1.4041,1.4051,1.4067,1.4077,1.4089,1.4084,1.4106,1.4103,1.412,1.4123,1.4141,1.4156,1.4164,1.417,1.4164,1.4171,1.4185,1.4188,1.4197,1.4193,1.421,1.4213,1.4225,1.4228,1.4229,1.4242,1.4248,1.4268,1.426,1.4255,1.4287,1.4272,1.4283,1.4286,1.4288,1.4304,1.4309,1.4315,1.4315,1.4325,1.4334,1.4332,1.4354,1.4351,1.4359,1.4376,1.4377,1.4376,1.4393,1.4383,1.4401,1.4395
2;1,0.1257,0.1196,0.1232,0.1265,0.1315,0.1379,0.147,0.159,0.1754,0.2002,0.2326,0.2754,0.3306,0.3982,0.4775,0.5675,0.6686,0.779,0.8861,0.9808,1.0619,1.1223,1.1635,1.1969,1.2199,1.2408,1.2573,1.2738,1.2892,1.3003,1.3126,1.322,1.3298,1.3381,1.3445,1.348,1.3521,1.3542,1.3559,1.3579,1.3597,1.3595,1.362,1.3636,1.3643,1.3657,1.3661,1.3678,1.3678,1.3696,1.37,1.3704,1.371,1.3726,1.3742,1.3742,1.3758,1.3756,1.3766,1.3762,1.3773,1.3785,1.3784,1.3797,1.3793,1.3797,1.3801,1.3807,1.382,1.3811,1.3827,1.383,1.3837,1.384,1.3861,1.3857,1.3853,1.3883,1.3866,1.388,1.3891,1.3894,1.3901,1.3909,1.3908,1.3905,1.391,1.3919,1.3928,1.3927,1.3946,1.3938,1.3937,1.3956,1.396,1.397
2;2,0.1234,0.1151,0.1171,0.1194,0.1229,0.1276,0.1346,0.1444,0.159,0.1796,0.2084,0.2494,0.3032,0.3725,0.4577,0.5582,0.6748,0.7989,0.9175,1.0223,1.1083,1.171,1.2153,1.2477,1.2735,1.295,1.3123,1.3288,1.3431,1.3538,1.3673,1.3776,1.3871,1.394,1.4009,1.4033,1.4059,1.4084,1.4108,1.4122,1.4129,1.4151,1.4166,1.4172,1.4189,1.4196,1.4215,1.422,1.4234,1.424,1.4245,1.4262,1.4274,1.4266,1.4281,1.4299,1.43,1.4311,1.4314,1.4317,1.4322,1.4328,1.4332,1.4337,1.4348,1.4355,1.4357,1.4369,1.4373,1.4371,1.4388,1.4393,1.4395,1.4405,1.4411,1.4421,1.4425,1.4428,1.4426,1.444,1.4448,1.4461,1.4464,1.4481,1.4478,1.4481,1.4489,1.4492,1.4502,1.4516,1.4512,1.4522,1.4533,1.4523,1.4531,1.4536
2;3,0.1175,0.1122,0.1144,0.1167,0.1199,0.1244,0.1313,0.1408,0.1542,0.1727,0.1981,0.2337,0.2795,0.3402,0.4164,0.506,0.6111,0.726,0.8397,0.9441,1.0346,1.0999,1.1471,1.181,1.2081,1.2311,1.2487,1.2656,1.2808,1.2936,1.3066,1.3153,1.3258,1.3325,1.3389,1.3448,1.3472,1.3498,1.352,1.3534,1.3535,1.3561,1.3566,1.3593,1.3607,1.3621,1.3636,1.3647,1.3657,1.3668,1.3682,1.3698,1.371,1.3723,1.3733,1.3745,1.3745,1.376,1.3756,1.3758,1.3775,1.3788,1.3786,1.3819,1.3809,1.3815,1.3825,1.383,1.3847,1.3859,1.3861,1.3872,1.3872,1.3886,1.3892,1.3902,1.3908,1.3902,1.3922,1.3927,1.3936,1.3945,1.3954,1.3955,1.3967,1.3968,1.3972,1.3988,1.3992,1.4008,1.4014,1.4024,1.4029,1.4029,1.4041,1.4053
3;2,0.1284,0.1208,0.1248,0.1279,0.1333,0.1398,0.1499,0.164,0.1824,0.2091,0.2434,0.2893,0.347,0.4173,0.4974,0.5873,0.6915,0.8002,0.9062,1.0027,1.0851,1.145,1.1875,1.218,1.2428,1.2634,1.2815,1.2977,1.3108,1.3223,1.3326,1.3416,1.3496,1.3581,1.3632,1.3685,1.3705,1.3726,1.3754,1.3761,1.378,1.3812,1.3811,1.383,1.385,1.3869,1.3879,1.3893,1.3894,1.3904,1.3911,1.3913,1.3936,1.3933,1.3941,1.3949,1.3963,1.3966,1.3972,1.3978,1.3978,1.3992,1.3997,1.4016,1.4008,1.4011,1.4013,1.4023,1.4031,1.4028,1.4042,1.4046,1.4054,1.4062,1.4075,1.4068,1.4085,1.4096,1.4092,1.4105,1.4111,1.4121,1.4128,1.4126,1.4134,1.4139,1.4148,1.4157,1.4159,1.4168,1.4173,1.4183,1.4187,1.4184,1.4196,1.42
,,,,,,,,,,,,,,,,,,,,,,,,,,,,,,,,,,,,,,,,,,,,,,,,,,,,,,,,,,,,,,,,,,,,,,,,,,,,,,,,,,,,,,,,,,,,,,,,
Cycles / Well,,,,,,,,,,,,,,,,,,,,,,,,,,,,,,,,,,,,,,,,,,,,,,,,,,,,,,,,,,,,,,,,,,,,,,,,,,,,,,,,,,,,,,,,,,,,,,,,
C8,1,2,3,4,5,6,7,8,9,10,11,12,13,14,15,16,17,18,19,20,21,22,23,24,25,26,27,28,29,30,31,32,33,34,35,36,37,38,39,40,41,42,43,44,45,46,47,48,49,50,51,52,53,54,55,56,57,58,59,60,61,62,63,64,65,66,67,68,69,70,71,72,73,74,75,76,77,78,79,80,81,82,83,84,85,86,87,88,89,90,91,92,93,94,95,96
Time [s],0,1799.827,3599.741,5399.669,7199.582,8999.52,10799.439,12599.362,14399.295,16199.216,17999.146,19799.079,21599.004,23398.923,25198.859,26998.777,28798.697,30598.623,32398.553,34198.485,35998.416,37798.341,39598.268,41398.198,43198.124,44998.054,46797.976,48597.918,50397.831,52197.762,53997.692,55797.629,57597.534,59397.461,61197.38,62997.315,64797.24,66597.165,68397.092,70197.031,71996.926,73796.86,75596.777,77396.712,79196.627,80996.562,82796.484,84596.403,86396.337,88196.281,89996.203,91796.133,93596.059,95395.99,97195.917,98995.844,100795.796,102595.694,104395.689,106195.553,107995.487,109795.413,111595.34,113395.273,115195.195,116995.132,118795.052,120594.981,122394.898,124194.845,125994.76,127794.681,129594.622,131394.544,133194.474,134994.397,136794.315,138594.255,140394.181,142194.115,143994.039,145793.949,147593.888,149393.809,151193.742,152993.677,154793.597,156593.512,158393.435,160193.362,161993.31,163793.212,165593.147,167393.086,169192.983,170992.91
Temp. [°C],20.1,30,29.8,30,30.1,30,29.9,30.1,30.1,30.1,30,30,30,30,30,30,30,30,30,30,30,30,30.1,30.1,30.1,30.1,30,30,30.1,30.1,30,30,30.1,30,29.9,30,30.1,30,30.1,29.9,30.1,29.8,30,29.9,30.1,30,30,29.9,30,30,30,30.1,29.9,30.2,30.1,30.1,30.1,30,30,30,30,30,30,30,30,30,30.1,30,30,30.2,30,30.1,30,30.1,30,30,30,30,30,30,29.9,30.1,30.1,30.1,30.1,30.1,29.9,30,29.8,30.1,30.1,29.8,29.9,30,30,30
Mean,0.12484,0.11792,0.12056,0.12342,0.12768,0.13276,0.14034,0.15128,0.1668,0.18806,0.21788,0.25734,0.30912,0.37238,0.44902,0.5359,0.63416,0.7408,0.85058,0.9551,1.0485,1.1262,1.18602,1.23004,1.26414,1.2905,1.31134,1.3299,1.34708,1.36156,1.37516,1.38894,1.40014,1.41044,1.41804,1.42356,1.42688,1.42828,1.42912,1.43024,1.43182,1.43276,1.43426,1.43566,1.43688,1.4375,1.43904,1.43984,1.44072,1.44182,1.44234,1.44318,1.44384,1.44506,1.44544,1.44574,1.44646,1.44684,1.4478,1.44766,1.4482,1.4492,1.44902,1.44968,1.45066,1.45092,1.45126,1.45204,1.45228,1.45318,1.4534,1.45356,1.45378,1.45428,1.45476,1.45564,1.45614,1.45752,1.45714,1.45764,1.45774,1.45814,1.45934,1.45916,1.4603,1.46024,1.46124,1.46166,1.4621,1.4628,1.46326,1.46386,1.4641,1.46476,1.46564,1.46586
StDev,0.004189033,0.004225754,0.004568698,0.004787693,0.005591243,0.006336245,0.007276881,0.009070943,0.011061193,0.013202954,0.016184931,0.018753213,0.022035358,0.024675028,0.027416546,0.03029018,0.034671862,0.041167645,0.046994915,0.051052767,0.053020609,0.052988348,0.052253871,0.050649314,0.050373932,0.050788089,0.05036872,0.049887022,0.049897264,0.050356459,0.050720144,0.051050886,0.051643857,0.051154306,0.051081924,0.050789399,0.049782396,0.050207141,0.049629296,0.049677892,0.049117329,0.048636231,0.049221824,0.048898855,0.049529254,0.049374538,0.049557018,0.049437971,0.049503454,0.049509262,0.049321932,0.049942937,0.050009079,0.04992903,0.049900631,0.049641444,0.049569275,0.049451471,0.049223318,0.049471739,0.049618696,0.049323321,0.049012519,0.050062731,0.049356134,0.049405536,0.049485786,0.049333944,0.048908966,0.049914497,0.049380765,0.049921568,0.049829981,0.049493101,0.049121156,0.049666619,0.049941346,0.050206494,0.049450308,0.049156363,0.049790792,0.049573713,0.049872919,0.04999293,0.050012998,0.049986078,0.049650156,0.050063839,0.049875194,0.050613585,0.050120934,0.050128964,0.050382388,0.050028622,0.050932141,0.049992479
1;2,0.1211,0.1147,0.1172,0.1198,0.1231,0.1273,0.1335,0.1419,0.1547,0.1726,0.1979,0.2331,0.2797,0.3387,0.4129,0.499,0.5972,0.7038,0.8168,0.9233,1.0211,1.1037,1.1659,1.2137,1.2508,1.2797,1.3005,1.3185,1.338,1.3519,1.3661,1.3801,1.3907,1.402,1.4103,1.4158,1.4189,1.4203,1.4211,1.423,1.4242,1.4262,1.4274,1.4268,1.4284,1.4294,1.4299,1.4321,1.4323,1.4324,1.4332,1.4335,1.4346,1.435,1.4356,1.4369,1.4372,1.4368,1.4379,1.4378,1.4376,1.4403,1.4395,1.439,1.4411,1.4409,1.4409,1.4414,1.4412,1.441,1.4427,1.4432,1.4429,1.4426,1.4423,1.4445,1.4447,1.4471,1.446,1.4466,1.4463,1.446,1.4469,1.4455,1.4479,1.4472,1.4503,1.4498,1.4506,1.4502,1.4505,1.4509,1.4506,1.4528,1.4523,1.4531
2;1,0.1285,0.1228,0.1256,0.1292,0.1343,0.1401,0.1481,0.1603,0.1773,0.1988,0.2289,0.2678,0.3176,0.3766,0.4492,0.5281,0.6175,0.7129,0.8122,0.9091,0.9952,1.0707,1.1289,1.1727,1.2063,1.2312,1.253,1.2729,1.2886,1.3029,1.3162,1.3299,1.3399,1.3508,1.3578,1.3642,1.3677,1.368,1.3712,1.3714,1.3738,1.3742,1.3763,1.3776,1.3781,1.3781,1.3792,1.3804,1.3813,1.3829,1.3829,1.3822,1.3823,1.3842,1.3847,1.3848,1.3867,1.3869,1.3883,1.3876,1.3877,1.3887,1.389,1.3883,1.3896,1.39,1.3908,1.3911,1.3926,1.3925,1.3923,1.3911,1.3919,1.3929,1.3941,1.3942,1.3936,1.3942,1.3954,1.3958,1.3952,1.3959,1.3965,1.3965,1.3975,1.397,1.3981,1.3982,1.3986,1.3985,1.3994,1.4002,1.4,1.4007,1.4002,1.4022
2;2,0.1239,0.117,0.1193,0.1222,0.1264,0.1312,0.1388,0.1496,0.1655,0.1883,0.22,0.2631,0.3206,0.3919,0.4785,0.5773,0.6881,0.8082,0.9293,1.0402,1.1351,1.2124,1.2696,1.3102,1.3435,1.3698,1.3904,1.408,1.4243,1.4398,1.4539,1.4677,1.4799,1.4895,1.4963,1.5017,1.5032,1.5045,1.5054,1.5061,1.507,1.5067,1.5102,1.5108,1.5129,1.5129,1.5145,1.5151,1.5162,1.5173,1.5167,1.5176,1.5179,1.5199,1.5201,1.5198,1.5214,1.5211,1.5222,1.5219,1.5226,1.5233,1.5225,1.525,1.5242,1.5249,1.5255,1.5257,1.5257,1.5283,1.5269,1.5276,1.5276,1.5274,1.5273,1.5295,1.5296,1.5319,1.5303,1.5298,1.5309,1.531,1.5327,1.5326,1.5337,1.533,1.5337,1.5346,1.5347,1.5366,1.5362,1.5369,1.5369,1.5371,1.5388,1.5384
2;3,0.1208,0.1133,0.1156,0.1183,0.1219,0.1265,0.1335,0.1435,0.1576,0.1774,0.2055,0.2434,0.2935,0.3567,0.4321,0.5213,0.6227,0.733,0.8464,0.9553,1.0538,1.1316,1.194,1.2382,1.2722,1.2992,1.3192,1.3397,1.3572,1.3714,1.3852,1.4008,1.4115,1.4212,1.4298,1.4349,1.4378,1.4408,1.4407,1.442,1.4433,1.4439,1.4438,1.4463,1.4478,1.4484,1.4507,1.4514,1.4523,1.4544,1.4563,1.4589,1.4601,1.4598,1.4606,1.4605,1.4599,1.4615,1.4612,1.4623,1.4629,1.4625,1.463,1.4633,1.4652,1.4648,1.4656,1.4665,1.4666,1.4677,1.4684,1.4684,1.4696,1.4708,1.4717,1.471,1.4728,1.4719,1.4727,1.474,1.4743,1.4747,1.4755,1.4762,1.4773,1.4782,1.4779,1.4792,1.4793,1.4802,1.4806,1.4813,1.4831,1.4828,1.485,1.4838
3;2,0.1299,0.1218,0.1251,0.1276,0.1327,0.1387,0.1478,0.1611,0.1789,0.2032,0.2371,0.2793,0.3342,0.398,0.4724,0.5538,0.6453,0.7461,0.8482,0.9476,1.0373,1.1126,1.1717,1.2154,1.2479,1.2726,1.2936,1.3104,1.3273,1.3418,1.3544,1.3662,1.3787,1.3887,1.396,1.4012,1.4068,1.4078,1.4072,1.4087,1.4108,1.4128,1.4136,1.4168,1.4172,1.4187,1.4209,1.4202,1.4215,1.4221,1.4226,1.4237,1.4243,1.4264,1.4262,1.4267,1.4271,1.4279,1.4294,1.4287,1.4302,1.4312,1.4311,1.4328,1.4332,1.434,1.4335,1.4355,1.4353,1.4364,1.4367,1.4375,1.4369,1.4377,1.4384,1.439,1.44,1.4425,1.4413,1.442,1.442,1.4431,1.4451,1.445,1.4451,1.4458,1.4462,1.4465,1.4473,1.4485,1.4496,1.45,1.4499,1.4504,1.4519,1.4518
,,,,,,,,,,,,,,,,,,,,,,,,,,,,,,,,,,,,,,,,,,,,,,,,,,,,,,,,,,,,,,,,,,,,,,,,,,,,,,,,,,,,,,,,,,,,,,,,
Cycles / Well,,,,,,,,,,,,,,,,,,,,,,,,,,,,,,,,,,,,,,,,,,,,,,,,,,,,,,,,,,,,,,,,,,,,,,,,,,,,,,,,,,,,,,,,,,,,,,,,
C9,1,2,3,4,5,6,7,8,9,10,11,12,13,14,15,16,17,18,19,20,21,22,23,24,25,26,27,28,29,30,31,32,33,34,35,36,37,38,39,40,41,42,43,44,45,46,47,48,49,50,51,52,53,54,55,56,57,58,59,60,61,62,63,64,65,66,67,68,69,70,71,72,73,74,75,76,77,78,79,80,81,82,83,84,85,86,87,88,89,90,91,92,93,94,95,96
Time [s],0,1799.827,3599.741,5399.669,7199.582,8999.52,10799.439,12599.362,14399.295,16199.216,17999.146,19799.079,21599.004,23398.923,25198.859,26998.777,28798.697,30598.623,32398.553,34198.485,35998.416,37798.341,39598.268,41398.198,43198.124,44998.054,46797.976,48597.918,50397.831,52197.762,53997.692,55797.629,57597.534,59397.461,61197.38,62997.315,64797.24,66597.165,68397.092,70197.031,71996.926,73796.86,75596.777,77396.712,79196.627,80996.562,82796.484,84596.403,86396.337,88196.281,89996.203,91796.133,93596.059,95395.99,97195.917,98995.844,100795.796,102595.694,104395.689,106195.553,107995.487,109795.413,111595.34,113395.273,115195.195,116995.132,118795.052,120594.981,122394.898,124194.845,125994.76,127794.681,129594.622,131394.544,133194.474,134994.397,136794.315,138594.255,140394.181,142194.115,143994.039,145793.949,147593.888,149393.809,151193.742,152993.677,154793.597,156593.512,158393.435,160193.362,161993.31,163793.212,165593.147,167393.086,169192.983,170992.91
Temp. [°C],20.1,30,29.8,30,30.1,30,29.9,30.1,30.1,30.1,30,30,30,30,30,30,30,30,30,30,30,30,30.1,30.1,30.1,30.1,30,30,30.1,30.1,30,30,30.1,30,29.9,30,30.1,30,30.1,29.9,30.1,29.8,30,29.9,30.1,30,30,29.9,30,30,30,30.1,29.9,30.2,30.1,30.1,30.1,30,30,30,30,30,30,30,30,30,30.1,30,30,30.2,30,30.1,30,30.1,30,30,30,30,30,30,29.9,30.1,30.1,30.1,30.1,30.1,29.9,30,29.8,30.1,30.1,29.8,29.9,30,30,30
Mean,0.12356,0.11536,0.11726,0.11954,0.12252,0.12644,0.1322,0.14038,0.15194,0.16872,0.19134,0.22122,0.26082,0.30756,0.36222,0.42104,0.48074,0.54012,0.59466,0.64486,0.68832,0.72484,0.75738,0.78394,0.8073,0.82688,0.84366,0.8584,0.871,0.88258,0.89152,0.89918,0.90652,0.9133,0.9194,0.92544,0.9315,0.93874,0.945,0.95306,0.96254,0.9732,0.98576,1.00032,1.0165,1.03574,1.05522,1.07636,1.09768,1.11832,1.13674,1.15218,1.16402,1.17298,1.17738,1.17944,1.18108,1.18196,1.18148,1.18096,1.17956,1.1795,1.17824,1.1783,1.17726,1.17656,1.17594,1.17536,1.17488,1.17482,1.17358,1.17312,1.17226,1.1723,1.17258,1.17128,1.17158,1.17132,1.1708,1.17154,1.17116,1.17144,1.1717,1.17206,1.172,1.1722,1.17198,1.17242,1.17236,1.1731,1.1731,1.17328,1.17318,1.17398,1.1742,1.17444
StDev,0.003744062,0.003948164,0.004385544,0.005049059,0.005579606,0.006297857,0.00723982,0.008696953,0.01000065,0.012675449,0.015066287,0.017480046,0.020131244,0.021676439,0.022996674,0.023526432,0.023514953,0.023980346,0.024813565,0.026249914,0.027590071,0.029465624,0.030955323,0.032889938,0.034603685,0.035540498,0.036938774,0.037866674,0.038846235,0.03979167,0.040868472,0.042314737,0.043256179,0.04401176,0.044419478,0.045733937,0.046018094,0.046936638,0.048050026,0.048120765,0.049529516,0.050779031,0.052354398,0.054557328,0.056983506,0.059735274,0.061995056,0.064157486,0.06711257,0.068633534,0.070543129,0.070502886,0.070637009,0.070879101,0.070635239,0.069291038,0.070071942,0.068753204,0.069072259,0.068552593,0.06813797,0.068714882,0.068583475,0.067553608,0.067792241,0.067908858,0.067882052,0.067245282,0.067156176,0.067034372,0.066843526,0.066539139,0.066500135,0.066619704,0.066800127,0.066390941,0.066313136,0.066426855,0.066108055,0.065978542,0.06541428,0.065571854,0.065733895,0.065784253,0.065603697,0.065153281,0.065898308,0.065618839,0.065372915,0.065476561,0.064981267,0.064558129,0.064461865,0.064866224,0.064742065,0.064430994
1;2,0.1213,0.1138,0.1155,0.1172,0.1195,0.1229,0.128,0.135,0.146,0.1611,0.1823,0.2115,0.2509,0.2988,0.3555,0.4178,0.482,0.5455,0.6051,0.659,0.707,0.7471,0.7826,0.8119,0.8377,0.8591,0.8768,0.893,0.9065,0.9183,0.9285,0.9379,0.9448,0.9527,0.9586,0.9655,0.9712,0.9782,0.9848,0.9923,1.0012,1.0117,1.0247,1.0399,1.0554,1.075,1.094,1.1153,1.1366,1.1564,1.1741,1.187,1.198,1.2051,1.2091,1.2107,1.2117,1.2107,1.2097,1.2097,1.2066,1.2073,1.2069,1.2055,1.2034,1.2026,1.2019,1.2006,1.1998,1.199,1.1972,1.1961,1.1958,1.1955,1.1947,1.1941,1.1941,1.1936,1.1921,1.1912,1.1904,1.1902,1.1917,1.191,1.1923,1.1893,1.1917,1.1908,1.1913,1.1914,1.1905,1.1909,1.19,1.1917,1.1909,1.1911
2;1,0.1271,0.1204,0.1229,0.1263,0.13,0.1349,0.1421,0.1521,0.1658,0.1863,0.2121,0.246,0.2899,0.3391,0.3952,0.454,0.5114,0.568,0.6192,0.6671,0.706,0.7398,0.769,0.7939,0.815,0.8314,0.8473,0.8605,0.8719,0.883,0.8902,0.8962,0.9036,0.9097,0.9149,0.9196,0.9257,0.9308,0.9372,0.9433,0.951,0.9587,0.9695,0.9812,0.9944,1.0125,1.0301,1.05,1.0704,1.0889,1.1059,1.1193,1.1285,1.1381,1.1418,1.145,1.1472,1.1482,1.1478,1.1467,1.1456,1.1444,1.1438,1.1424,1.1417,1.1415,1.1397,1.1392,1.1388,1.1382,1.1363,1.1351,1.1344,1.1334,1.1337,1.1326,1.132,1.1322,1.131,1.1315,1.1313,1.132,1.1315,1.1305,1.1306,1.1307,1.1302,1.13,1.1299,1.1294,1.129,1.1297,1.1294,1.1296,1.1298,1.1306
2;2,0.1233,0.1144,0.1161,0.1178,0.1203,0.1238,0.129,0.1363,0.1471,0.1624,0.1841,0.2134,0.2529,0.3009,0.3577,0.4202,0.4845,0.5492,0.6083,0.6628,0.7104,0.7504,0.7862,0.8153,0.8413,0.8631,0.8822,0.8982,0.9125,0.926,0.9367,0.9463,0.9558,0.9633,0.9707,0.979,0.9859,0.9958,1.0038,1.0131,1.0261,1.04,1.0554,1.0741,1.0954,1.1195,1.1433,1.1682,1.1947,1.2187,1.2408,1.2577,1.2704,1.2808,1.2851,1.2851,1.2884,1.2879,1.2882,1.2867,1.2853,1.286,1.2839,1.283,1.2828,1.2826,1.282,1.2806,1.2802,1.2801,1.2786,1.2782,1.2768,1.2771,1.2783,1.2759,1.2762,1.2763,1.2757,1.2766,1.2753,1.276,1.276,1.2768,1.2761,1.2765,1.2765,1.2768,1.2762,1.2773,1.2768,1.2762,1.276,1.2771,1.2772,1.2772
2;3,0.1187,0.1102,0.1116,0.1135,0.1163,0.1196,0.1246,0.1316,0.1419,0.1562,0.1762,0.203,0.2386,0.2817,0.3323,0.3879,0.4453,0.5029,0.5565,0.6062,0.6494,0.6854,0.7184,0.7437,0.7662,0.7872,0.8025,0.8167,0.829,0.8409,0.8499,0.8571,0.8643,0.8714,0.8781,0.8833,0.8886,0.897,0.9019,0.9111,0.9213,0.9321,0.9456,0.9599,0.9782,0.9958,1.0167,1.0377,1.0582,1.0797,1.099,1.1169,1.1307,1.1392,1.144,1.1459,1.1467,1.1492,1.1487,1.1481,1.1478,1.1475,1.1464,1.1484,1.1476,1.1452,1.1455,1.1458,1.145,1.1465,1.1469,1.146,1.1459,1.1471,1.147,1.146,1.147,1.1462,1.1464,1.1492,1.1497,1.15,1.1503,1.152,1.1506,1.1534,1.1521,1.1542,1.1537,1.1554,1.1561,1.1561,1.1573,1.158,1.1597,1.1589
3;2,0.1274,0.118,0.1202,0.1229,0.1265,0.131,0.1373,0.1469,0.1589,0.1776,0.202,0.2322,0.2718,0.3173,0.3704,0.4253,0.4805,0.535,0.5842,0.6292,0.6688,0.7015,0.7307,0.7549,0.7763,0.7936,0.8095,0.8236,0.8351,0.8447,0.8523,0.8584,0.8641,0.8694,0.8747,0.8798,0.8861,0.8919,0.8973,0.9055,0.9131,0.9235,0.9336,0.9465,0.9591,0.9759,0.992,1.0106,1.0285,1.0479,1.0639,1.08,1.0925,1.1017,1.1069,1.1105,1.1114,1.1138,1.113,1.1136,1.1125,1.1123,1.1102,1.1122,1.1108,1.1109,1.1106,1.1106,1.1106,1.1103,1.1089,1.1102,1.1084,1.1084,1.1092,1.1078,1.1086,1.1083,1.1088,1.1092,1.1091,1.109,1.109,1.11,1.1104,1.1111,1.1094,1.1103,1.1107,1.112,1.1131,1.1135,1.1132,1.1135,1.1134,1.1144
,,,,,,,,,,,,,,,,,,,,,,,,,,,,,,,,,,,,,,,,,,,,,,,,,,,,,,,,,,,,,,,,,,,,,,,,,,,,,,,,,,,,,,,,,,,,,,,,
Cycles / Well,,,,,,,,,,,,,,,,,,,,,,,,,,,,,,,,,,,,,,,,,,,,,,,,,,,,,,,,,,,,,,,,,,,,,,,,,,,,,,,,,,,,,,,,,,,,,,,,
C10,1,2,3,4,5,6,7,8,9,10,11,12,13,14,15,16,17,18,19,20,21,22,23,24,25,26,27,28,29,30,31,32,33,34,35,36,37,38,39,40,41,42,43,44,45,46,47,48,49,50,51,52,53,54,55,56,57,58,59,60,61,62,63,64,65,66,67,68,69,70,71,72,73,74,75,76,77,78,79,80,81,82,83,84,85,86,87,88,89,90,91,92,93,94,95,96
Time [s],0,1799.827,3599.741,5399.669,7199.582,8999.52,10799.439,12599.362,14399.295,16199.216,17999.146,19799.079,21599.004,23398.923,25198.859,26998.777,28798.697,30598.623,32398.553,34198.485,35998.416,37798.341,39598.268,41398.198,43198.124,44998.054,46797.976,48597.918,50397.831,52197.762,53997.692,55797.629,57597.534,59397.461,61197.38,62997.315,64797.24,66597.165,68397.092,70197.031,71996.926,73796.86,75596.777,77396.712,79196.627,80996.562,82796.484,84596.403,86396.337,88196.281,89996.203,91796.133,93596.059,95395.99,97195.917,98995.844,100795.796,102595.694,104395.689,106195.553,107995.487,109795.413,111595.34,113395.273,115195.195,116995.132,118795.052,120594.981,122394.898,124194.845,125994.76,127794.681,129594.622,131394.544,133194.474,134994.397,136794.315,138594.255,140394.181,142194.115,143994.039,145793.949,147593.888,149393.809,151193.742,152993.677,154793.597,156593.512,158393.435,160193.362,161993.31,163793.212,165593.147,167393.086,169192.983,170992.91
Temp. [°C],20.1,30,29.8,30,30.1,30,29.9,30.1,30.1,30.1,30,30,30,30,30,30,30,30,30,30,30,30,30.1,30.1,30.1,30.1,30,30,30.1,30.1,30,30,30.1,30,29.9,30,30.1,30,30.1,29.9,30.1,29.8,30,29.9,30.1,30,30,29.9,30,30,30,30.1,29.9,30.2,30.1,30.1,30.1,30,30,30,30,30,30,30,30,30,30.1,30,30,30.2,30,30.1,30,30.1,30,30,30,30,30,30,29.9,30.1,30.1,30.1,30.1,30.1,29.9,30,29.8,30.1,30.1,29.8,29.9,30,30,30
Mean,0.12804,0.11844,0.12102,0.12336,0.12616,0.13008,0.13654,0.1456,0.15776,0.17492,0.1986,0.23056,0.27474,0.3302,0.4007,0.48472,0.58336,0.69584,0.81266,0.92428,1.02244,1.10058,1.15738,1.19934,1.2294,1.25412,1.27378,1.29162,1.30752,1.32144,1.33452,1.34538,1.3556,1.36404,1.37276,1.37992,1.38454,1.38796,1.39028,1.39194,1.3939,1.39612,1.39698,1.39868,1.40024,1.40138,1.40258,1.40436,1.40526,1.40626,1.40704,1.40824,1.409,1.41026,1.4109,1.41166,1.4122,1.41296,1.41408,1.4143,1.41508,1.41578,1.41606,1.41748,1.41776,1.41792,1.4189,1.41954,1.42014,1.4208,1.42132,1.42202,1.42238,1.42356,1.42408,1.42466,1.42544,1.42714,1.42678,1.4276,1.42824,1.42918,1.42964,1.43064,1.43114,1.43158,1.43172,1.43292,1.43382,1.43422,1.43488,1.43544,1.436,1.43664,1.43708,1.43788
StDev,0.007167496,0.006245238,0.006730305,0.008439668,0.009078711,0.009653859,0.011278874,0.01344749,0.01597836,0.019247909,0.023326809,0.028178325,0.033407754,0.037070339,0.038664325,0.038815873,0.036879168,0.033459274,0.027908565,0.0240906,0.021395864,0.019786789,0.019649478,0.019338769,0.018793217,0.018630271,0.018253,0.017994777,0.0184287,0.018705962,0.018939826,0.019385226,0.019048097,0.019274154,0.01917793,0.018647171,0.018523849,0.018374248,0.017911644,0.017740152,0.01789986,0.017213425,0.017629719,0.018138274,0.017745225,0.017605738,0.01750577,0.017547307,0.017747197,0.017697825,0.017537189,0.017608606,0.017808846,0.01762067,0.017351225,0.017657095,0.01748771,0.017021545,0.017678433,0.017711155,0.017254188,0.017711211,0.017317275,0.016824149,0.017198343,0.017058195,0.017176728,0.01745603,0.017566531,0.017754295,0.017211246,0.017043386,0.017299913,0.017366289,0.017590821,0.017739588,0.017822963,0.017807386,0.017619222,0.017532969,0.01769076,0.017323308,0.017436829,0.017422055,0.01766955,0.017511054,0.017533739,0.017122996,0.017459009,0.017541722,0.017548989,0.017688216,0.017577542,0.017891423,0.017667682,0.018072825
1;2,0.1228,0.1142,0.1164,0.1175,0.1197,0.1233,0.1283,0.1353,0.1453,0.1601,0.1804,0.2083,0.249,0.3021,0.3723,0.4579,0.56,0.6784,0.8022,0.9207,1.0246,1.1057,1.1644,1.2075,1.2387,1.2635,1.2843,1.3008,1.318,1.332,1.3462,1.357,1.3668,1.3758,1.3832,1.391,1.3947,1.3985,1.4007,1.401,1.4038,1.4045,1.4065,1.4091,1.4104,1.4108,1.4117,1.4139,1.4156,1.4153,1.4161,1.4174,1.4176,1.4188,1.4194,1.4211,1.4208,1.4218,1.4238,1.4231,1.4227,1.4242,1.425,1.4252,1.4267,1.4265,1.428,1.4285,1.4292,1.4286,1.4299,1.4286,1.4308,1.4318,1.4318,1.4326,1.4335,1.4359,1.4359,1.4361,1.437,1.4373,1.438,1.4382,1.4401,1.44,1.4396,1.4401,1.4424,1.4413,1.4429,1.4434,1.4431,1.4446,1.4444,1.4456
2;1,0.1337,0.1256,0.1287,0.1335,0.137,0.1416,0.1499,0.1606,0.1767,0.1981,0.2268,0.2651,0.3164,0.3765,0.4478,0.5314,0.6279,0.7336,0.8415,0.9444,1.0346,1.1074,1.1581,1.1979,1.2248,1.2494,1.2686,1.2848,1.2991,1.3128,1.3246,1.3354,1.3461,1.3525,1.3619,1.3694,1.373,1.3768,1.3784,1.3808,1.3823,1.3853,1.3855,1.387,1.3889,1.3904,1.3907,1.3928,1.3928,1.3929,1.3943,1.3956,1.3961,1.3967,1.3977,1.3986,1.3993,1.4002,1.4004,1.4015,1.4023,1.4019,1.4029,1.405,1.405,1.4049,1.4058,1.4057,1.4063,1.4071,1.4072,1.4083,1.4079,1.4088,1.4093,1.4096,1.4099,1.4112,1.4109,1.4122,1.4121,1.4136,1.4138,1.415,1.4146,1.4154,1.4154,1.4168,1.4171,1.4176,1.418,1.4181,1.4189,1.4196,1.4199,1.4196
2;2,0.1246,0.1155,0.1179,0.1191,0.1216,0.1251,0.1306,0.1386,0.1497,0.1654,0.1878,0.2187,0.2625,0.3191,0.3918,0.4791,0.5837,0.7038,0.8278,0.9448,1.0467,1.1256,1.185,1.2267,1.2569,1.2814,1.3,1.3186,1.3348,1.3492,1.3622,1.3739,1.3837,1.3924,1.4017,1.4075,1.4125,1.4154,1.417,1.4191,1.4209,1.4227,1.4237,1.4258,1.4268,1.4281,1.4293,1.4309,1.4317,1.4333,1.4338,1.4351,1.4365,1.4374,1.4376,1.4384,1.4391,1.4389,1.4407,1.4415,1.442,1.443,1.4424,1.4436,1.4439,1.444,1.4448,1.446,1.4468,1.4484,1.4475,1.4489,1.4487,1.45,1.4511,1.4519,1.4528,1.4541,1.4532,1.4542,1.4549,1.4555,1.4561,1.4574,1.4575,1.4579,1.4584,1.4591,1.4598,1.461,1.4613,1.462,1.4629,1.4637,1.464,1.4652
2;3,0.1215,0.1122,0.1143,0.1153,0.1176,0.121,0.1263,0.1337,0.1437,0.1577,0.1774,0.2044,0.242,0.2919,0.3582,0.4389,0.536,0.6479,0.7696,0.8858,0.99,1.0725,1.1324,1.1753,1.2094,1.2347,1.2558,1.2752,1.2916,1.3055,1.3193,1.3307,1.3417,1.3507,1.3586,1.3665,1.372,1.3756,1.3782,1.3799,1.3812,1.3842,1.385,1.3865,1.3879,1.389,1.3911,1.3931,1.3943,1.3962,1.3968,1.3975,1.3986,1.4006,1.4011,1.4017,1.4023,1.4031,1.404,1.4042,1.4062,1.4075,1.407,1.4086,1.4086,1.4089,1.4107,1.4114,1.4115,1.4127,1.4136,1.4147,1.4153,1.417,1.418,1.4181,1.4185,1.42,1.4197,1.4208,1.4216,1.423,1.4229,1.4246,1.4252,1.4261,1.426,1.428,1.4289,1.43,1.43,1.431,1.4312,1.4317,1.4324,1.4331
3;2,0.1376,0.1247,0.1278,0.1314,0.1349,0.1394,0.1476,0.1598,0.1734,0.1933,0.2206,0.2563,0.3038,0.3614,0.4334,0.5163,0.6092,0.7155,0.8222,0.9257,1.0163,1.0917,1.147,1.1893,1.2172,1.2416,1.2602,1.2787,1.2941,1.3077,1.3203,1.3299,1.3397,1.3488,1.3584,1.3652,1.3705,1.3735,1.3771,1.3789,1.3813,1.3839,1.3842,1.385,1.3872,1.3886,1.3901,1.3911,1.3919,1.3936,1.3942,1.3956,1.3962,1.3978,1.3987,1.3985,1.3995,1.4008,1.4015,1.4012,1.4022,1.4023,1.403,1.405,1.4046,1.4053,1.4052,1.4061,1.4069,1.4072,1.4084,1.4096,1.4092,1.4102,1.4102,1.4111,1.4125,1.4145,1.4142,1.4147,1.4156,1.4165,1.4174,1.418,1.4183,1.4185,1.4192,1.4206,1.4209,1.4212,1.4222,1.4227,1.4239,1.4236,1.4247,1.4259
,,,,,,,,,,,,,,,,,,,,,,,,,,,,,,,,,,,,,,,,,,,,,,,,,,,,,,,,,,,,,,,,,,,,,,,,,,,,,,,,,,,,,,,,,,,,,,,,
Cycles / Well,,,,,,,,,,,,,,,,,,,,,,,,,,,,,,,,,,,,,,,,,,,,,,,,,,,,,,,,,,,,,,,,,,,,,,,,,,,,,,,,,,,,,,,,,,,,,,,,
C11,1,2,3,4,5,6,7,8,9,10,11,12,13,14,15,16,17,18,19,20,21,22,23,24,25,26,27,28,29,30,31,32,33,34,35,36,37,38,39,40,41,42,43,44,45,46,47,48,49,50,51,52,53,54,55,56,57,58,59,60,61,62,63,64,65,66,67,68,69,70,71,72,73,74,75,76,77,78,79,80,81,82,83,84,85,86,87,88,89,90,91,92,93,94,95,96
Time [s],0,1799.827,3599.741,5399.669,7199.582,8999.52,10799.439,12599.362,14399.295,16199.216,17999.146,19799.079,21599.004,23398.923,25198.859,26998.777,28798.697,30598.623,32398.553,34198.485,35998.416,37798.341,39598.268,41398.198,43198.124,44998.054,46797.976,48597.918,50397.831,52197.762,53997.692,55797.629,57597.534,59397.461,61197.38,62997.315,64797.24,66597.165,68397.092,70197.031,71996.926,73796.86,75596.777,77396.712,79196.627,80996.562,82796.484,84596.403,86396.337,88196.281,89996.203,91796.133,93596.059,95395.99,97195.917,98995.844,100795.796,102595.694,104395.689,106195.553,107995.487,109795.413,111595.34,113395.273,115195.195,116995.132,118795.052,120594.981,122394.898,124194.845,125994.76,127794.681,129594.622,131394.544,133194.474,134994.397,136794.315,138594.255,140394.181,142194.115,143994.039,145793.949,147593.888,149393.809,151193.742,152993.677,154793.597,156593.512,158393.435,160193.362,161993.31,163793.212,165593.147,167393.086,169192.983,170992.91
Temp. [°C],20.1,30,29.8,30,30.1,30,29.9,30.1,30.1,30.1,30,30,30,30,30,30,30,30,30,30,30,30,30.1,30.1,30.1,30.1,30,30,30.1,30.1,30,30,30.1,30,29.9,30,30.1,30,30.1,29.9,30.1,29.8,30,29.9,30.1,30,30,29.9,30,30,30,30.1,29.9,30.2,30.1,30.1,30.1,30,30,30,30,30,30,30,30,30,30.1,30,30,30.2,30,30.1,30,30.1,30,30,30,30,30,30,29.9,30.1,30.1,30.1,30.1,30.1,29.9,30,29.8,30.1,30.1,29.8,29.9,30,30,30
Mean,0.1041,0.0956,0.09566,0.09576,0.09578,0.09578,0.0957,0.0956,0.09564,0.09568,0.09576,0.09578,0.0957,0.0957,0.09572,0.0957,0.09572,0.09576,0.09566,0.0957,0.0957,0.09568,0.09562,0.09562,0.09566,0.09572,0.09572,0.09576,0.0957,0.0957,0.09572,0.09576,0.09576,0.09566,0.09568,0.09574,0.09574,0.09562,0.09572,0.09564,0.09562,0.09576,0.09572,0.0958,0.09574,0.0957,0.09574,0.09574,0.0957,0.09562,0.09574,0.09582,0.09574,0.0958,0.09568,0.09562,0.09576,0.09582,0.0958,0.09562,0.0957,0.09568,0.09574,0.09568,0.0958,0.09566,0.09578,0.09576,0.09574,0.09572,0.0957,0.09578,0.09572,0.0957,0.0957,0.09574,0.0958,0.09566,0.09564,0.0957,0.0957,0.09572,0.09572,0.09574,0.09578,0.09568,0.09572,0.09576,0.09566,0.09582,0.09576,0.09572,0.09568,0.09556,0.09584,0.09574
StDev,0.003366749,0.00308788,0.003128578,0.003146109,0.0031697,0.003118814,0.003144042,0.003184337,0.003197343,0.003161803,0.003185593,0.003171277,0.003196873,0.003196873,0.003172066,0.003186691,0.003191708,0.003133369,0.003240833,0.003186691,0.003202343,0.003217452,0.003230635,0.003172066,0.003238518,0.003224438,0.003175217,0.003228467,0.003230325,0.003238827,0.003215898,0.003228467,0.003173799,0.00318873,0.003256839,0.003243917,0.003229241,0.003172066,0.003219006,0.003195778,0.003120417,0.003213721,0.003215121,0.003278719,0.003200469,0.003190611,0.003240062,0.003243917,0.003227228,0.003209673,0.003152459,0.003243763,0.003200469,0.003147221,0.003256839,0.003230635,0.003232337,0.003232182,0.003227228,0.003215121,0.003241913,0.003256839,0.00318873,0.00321123,0.003281768,0.003197343,0.00330106,0.003272308,0.00318873,0.003259141,0.003239599,0.003246845,0.003219783,0.003285575,0.003194527,0.003243917,0.003231873,0.003122179,0.003243917,0.003271085,0.003194527,0.003254535,0.003153886,0.00323311,0.003191708,0.003191708,0.00324145,0.003207491,0.003217608,0.003208894,0.003207491,0.003190925,0.003155471,0.003217608,0.003193431,0.003219938
1;2,0.1072,0.0988,0.0989,0.0989,0.099,0.0989,0.0989,0.0989,0.0989,0.0988,0.099,0.099,0.099,0.099,0.0989,0.0989,0.0989,0.0989,0.0989,0.0989,0.0989,0.0989,0.0988,0.0988,0.0989,0.099,0.0989,0.099,0.0989,0.099,0.099,0.099,0.099,0.0988,0.0989,0.099,0.099,0.0988,0.0989,0.099,0.0987,0.099,0.0989,0.0991,0.0989,0.0989,0.099,0.0989,0.0989,0.0989,0.0988,0.099,0.0989,0.0989,0.0989,0.0988,0.0989,0.0989,0.099,0.0988,0.0989,0.0989,0.0989,0.0987,0.0991,0.0987,0.099,0.099,0.0989,0.0989,0.0989,0.0989,0.0988,0.0989,0.0988,0.0989,0.0989,0.0988,0.0989,0.0989,0.0988,0.0988,0.0988,0.0989,0.0989,0.0988,0.099,0.0989,0.0988,0.0989,0.0989,0.0989,0.0987,0.0987,0.0989,0.0989
2;1,0.1021,0.0939,0.0939,0.094,0.0941,0.094,0.0939,0.0937,0.0938,0.0938,0.0939,0.094,0.0939,0.0939,0.0939,0.0938,0.0938,0.0939,0.0938,0.0938,0.0938,0.0937,0.0937,0.0938,0.0939,0.0939,0.0938,0.0938,0.0937,0.0938,0.0937,0.0938,0.0938,0.0938,0.0937,0.0937,0.0937,0.0938,0.0937,0.0938,0.0938,0.0938,0.0938,0.0939,0.0939,0.0937,0.0938,0.0938,0.0938,0.0938,0.0938,0.094,0.0939,0.094,0.0937,0.0937,0.0938,0.094,0.0939,0.0937,0.0938,0.0937,0.0938,0.0937,0.0938,0.0937,0.0937,0.0937,0.0938,0.0937,0.0939,0.0938,0.0938,0.0937,0.0937,0.0938,0.0939,0.0937,0.0936,0.0937,0.0937,0.0936,0.0937,0.0937,0.0938,0.0937,0.0937,0.0937,0.0937,0.0938,0.0937,0.0937,0.0937,0.0936,0.0939,0.0937
2;2,0.1083,0.099,0.0991,0.0993,0.0993,0.0993,0.0992,0.0991,0.0992,0.0993,0.0993,0.0993,0.0992,0.0992,0.0993,0.0993,0.0993,0.0993,0.0993,0.0993,0.0993,0.0993,0.0993,0.0992,0.0993,0.0993,0.0993,0.0994,0.0994,0.0993,0.0993,0.0994,0.0993,0.0993,0.0994,0.0994,0.0994,0.0992,0.0994,0.0991,0.0992,0.0994,0.0994,0.0995,0.0994,0.0993,0.0994,0.0995,0.0994,0.0992,0.0994,0.0995,0.0994,0.0994,0.0994,0.0993,0.0995,0.0996,0.0995,0.0993,0.0994,0.0994,0.0994,0.0995,0.0995,0.0994,0.0996,0.0995,0.0994,0.0995,0.0994,0.0996,0.0995,0.0995,0.0994,0.0995,0.0996,0.0992,0.0993,0.0995,0.0994,0.0996,0.0994,0.0995,0.0995,0.0994,0.0994,0.0995,0.0994,0.0996,0.0995,0.0994,0.0994,0.0993,0.0996,0.0995
2;3,0.1016,0.094,0.0941,0.0943,0.0942,0.0943,0.0942,0.0941,0.0941,0.0942,0.0943,0.0943,0.0942,0.0942,0.0942,0.0942,0.0944,0.0943,0.0942,0.0942,0.0943,0.0943,0.0942,0.0941,0.0941,0.0942,0.0943,0.0943,0.0942,0.0942,0.0943,0.0943,0.0943,0.0942,0.0942,0.0943,0.0942,0.0941,0.0943,0.0941,0.0941,0.0942,0.0942,0.0942,0.0942,0.0943,0.0942,0.0942,0.0941,0.094,0.0943,0.0944,0.0942,0.0943,0.0942,0.0942,0.0943,0.0943,0.0942,0.0941,0.0942,0.0942,0.0942,0.0942,0.0943,0.0943,0.0943,0.0943,0.0942,0.0942,0.0941,0.0942,0.0942,0.0942,0.0943,0.0942,0.0942,0.0942,0.0942,0.0941,0.0943,0.0942,0.0942,0.0942,0.0942,0.0941,0.0941,0.0942,0.0941,0.0943,0.0942,0.0941,0.0942,0.094,0.0943,0.0941
3;2,0.1013,0.0923,0.0923,0.0923,0.0923,0.0924,0.0923,0.0922,0.0922,0.0923,0.0923,0.0923,0.0922,0.0922,0.0923,0.0923,0.0922,0.0924,0.0921,0.0923,0.0922,0.0922,0.0921,0.0922,0.0921,0.0922,0.0923,0.0923,0.0923,0.0922,0.0923,0.0923,0.0924,0.0922,0.0922,0.0923,0.0924,0.0922,0.0923,0.0922,0.0923,0.0924,0.0923,0.0923,0.0923,0.0923,0.0923,0.0923,0.0923,0.0922,0.0924,0.0922,0.0923,0.0924,0.0922,0.0921,0.0923,0.0923,0.0924,0.0922,0.0922,0.0922,0.0924,0.0923,0.0923,0.0922,0.0923,0.0923,0.0924,0.0923,0.0922,0.0924,0.0923,0.0922,0.0923,0.0923,0.0924,0.0924,0.0922,0.0923,0.0923,0.0924,0.0925,0.0924,0.0925,0.0924,0.0924,0.0925,0.0923,0.0925,0.0925,0.0925,0.0924,0.0922,0.0925,0.0925
,,,,,,,,,,,,,,,,,,,,,,,,,,,,,,,,,,,,,,,,,,,,,,,,,,,,,,,,,,,,,,,,,,,,,,,,,,,,,,,,,,,,,,,,,,,,,,,,
Cycles / Well,,,,,,,,,,,,,,,,,,,,,,,,,,,,,,,,,,,,,,,,,,,,,,,,,,,,,,,,,,,,,,,,,,,,,,,,,,,,,,,,,,,,,,,,,,,,,,,,
C12,1,2,3,4,5,6,7,8,9,10,11,12,13,14,15,16,17,18,19,20,21,22,23,24,25,26,27,28,29,30,31,32,33,34,35,36,37,38,39,40,41,42,43,44,45,46,47,48,49,50,51,52,53,54,55,56,57,58,59,60,61,62,63,64,65,66,67,68,69,70,71,72,73,74,75,76,77,78,79,80,81,82,83,84,85,86,87,88,89,90,91,92,93,94,95,96
Time [s],0,1799.827,3599.741,5399.669,7199.582,8999.52,10799.439,12599.362,14399.295,16199.216,17999.146,19799.079,21599.004,23398.923,25198.859,26998.777,28798.697,30598.623,32398.553,34198.485,35998.416,37798.341,39598.268,41398.198,43198.124,44998.054,46797.976,48597.918,50397.831,52197.762,53997.692,55797.629,57597.534,59397.461,61197.38,62997.315,64797.24,66597.165,68397.092,70197.031,71996.926,73796.86,75596.777,77396.712,79196.627,80996.562,82796.484,84596.403,86396.337,88196.281,89996.203,91796.133,93596.059,95395.99,97195.917,98995.844,100795.796,102595.694,104395.689,106195.553,107995.487,109795.413,111595.34,113395.273,115195.195,116995.132,118795.052,120594.981,122394.898,124194.845,125994.76,127794.681,129594.622,131394.544,133194.474,134994.397,136794.315,138594.255,140394.181,142194.115,143994.039,145793.949,147593.888,149393.809,151193.742,152993.677,154793.597,156593.512,158393.435,160193.362,161993.31,163793.212,165593.147,167393.086,169192.983,170992.91
Temp. [°C],20.1,30,29.8,30,30.1,30,29.9,30.1,30.1,30.1,30,30,30,30,30,30,30,30,30,30,30,30,30.1,30.1,30.1,30.1,30,30,30.1,30.1,30,30,30.1,30,29.9,30,30.1,30,30.1,29.9,30.1,29.8,30,29.9,30.1,30,30,29.9,30,30,30,30.1,29.9,30.2,30.1,30.1,30.1,30,30,30,30,30,30,30,30,30,30.1,30,30,30.2,30,30.1,30,30.1,30,30,30,30,30,30,29.9,30.1,30.1,30.1,30.1,30.1,29.9,30,29.8,30.1,30.1,29.8,29.9,30,30,30
Mean,0.09574,0.0955,0.0956,0.09566,0.09568,0.09562,0.0956,0.09552,0.0956,0.09564,0.09568,0.0957,0.09564,0.09574,0.09562,0.09564,0.09568,0.09582,0.09562,0.09574,0.09572,0.0957,0.09564,0.0956,0.09566,0.09582,0.0957,0.09598,0.09574,0.09578,0.09582,0.0959,0.0959,0.0959,0.09594,0.09598,0.09602,0.09596,0.09606,0.09608,0.09606,0.09624,0.09632,0.09632,0.09628,0.09636,0.09636,0.09644,0.09642,0.09626,0.09644,0.09648,0.09646,0.09634,0.09652,0.09656,0.09668,0.09678,0.0969,0.09676,0.09688,0.09684,0.09708,0.09696,0.0969,0.0971,0.09732,0.09736,0.09728,0.09716,0.09726,0.09746,0.0974,0.09732,0.09754,0.09762,0.0977,0.09772,0.09778,0.09798,0.09808,0.0981,0.09802,0.0982,0.09826,0.09812,0.09836,0.09838,0.0983,0.09852,0.09862,0.09856,0.09864,0.0984,0.09868,0.09872
StDev,0.003303483,0.003237283,0.00321014,0.003183237,0.003185436,0.003258374,0.003230325,0.003312401,0.003310589,0.003319337,0.003335716,0.003324906,0.003321596,0.003282986,0.003296513,0.003282986,0.003282834,0.003215121,0.003294237,0.003286792,0.003311646,0.003254996,0.003324605,0.003347387,0.003294389,0.003176004,0.003311344,0.003147539,0.003256225,0.003189357,0.003161803,0.00317175,0.003154362,0.00310403,0.00316828,0.003066268,0.003067083,0.002930529,0.002927969,0.002908092,0.00287802,0.002807668,0.002823473,0.002869146,0.002821702,0.002737334,0.002681977,0.002648207,0.002671516,0.002734593,0.002617824,0.002631919,0.002610172,0.002680112,0.002630969,0.002617824,0.002595573,0.002660263,0.002752272,0.002618778,0.002669644,0.002732764,0.002699444,0.002754632,0.002664583,0.0028,0.002917533,0.002905684,0.002974391,0.002916848,0.002953473,0.003121378,0.003102418,0.003074411,0.003306509,0.003406905,0.003544714,0.003588454,0.003696891,0.003969509,0.004122742,0.004299419,0.004119102,0.004317986,0.00437127,0.00432747,0.004517521,0.00455379,0.004590207,0.004872063,0.005135854,0.005031203,0.005219483,0.00509166,0.005130984,0.005402499
1;2,0.0991,0.0989,0.099,0.0989,0.0989,0.0989,0.0988,0.0989,0.0989,0.099,0.099,0.099,0.099,0.099,0.0989,0.0989,0.0989,0.099,0.099,0.0989,0.099,0.0989,0.0989,0.0989,0.0989,0.0989,0.0989,0.0991,0.0989,0.0989,0.0989,0.0989,0.099,0.0989,0.099,0.099,0.099,0.0988,0.0989,0.0989,0.0989,0.099,0.0991,0.0991,0.099,0.099,0.0989,0.0988,0.0988,0.0988,0.0987,0.0988,0.0987,0.0988,0.0987,0.0988,0.0988,0.0988,0.099,0.0987,0.0988,0.0989,0.0989,0.0989,0.0988,0.0988,0.0989,0.0989,0.0988,0.0987,0.0988,0.0988,0.0988,0.0987,0.0986,0.099,0.0988,0.0988,0.0988,0.0987,0.0988,0.0986,0.0987,0.0988,0.0987,0.0987,0.0988,0.0988,0.0987,0.0988,0.0986,0.0985,0.0985,0.0985,0.0986,0.0985
2;1,0.094,0.0936,0.0939,0.0939,0.094,0.0938,0.0939,0.0937,0.0937,0.0939,0.0939,0.0939,0.0938,0.094,0.0938,0.0939,0.0939,0.0939,0.0938,0.094,0.094,0.0939,0.0938,0.0938,0.0939,0.094,0.0939,0.0941,0.0939,0.0939,0.094,0.0939,0.0939,0.094,0.094,0.094,0.0939,0.0939,0.0939,0.0938,0.0938,0.0939,0.0941,0.0941,0.0939,0.0939,0.094,0.094,0.0939,0.0938,0.094,0.094,0.094,0.0939,0.0939,0.0939,0.094,0.0939,0.0939,0.0939,0.094,0.0939,0.0942,0.0939,0.0939,0.094,0.094,0.0942,0.094,0.0939,0.0941,0.0941,0.094,0.0939,0.094,0.0939,0.0939,0.0939,0.0941,0.094,0.0939,0.094,0.094,0.094,0.0941,0.094,0.0941,0.0941,0.094,0.0941,0.0941,0.0942,0.0942,0.0939,0.0943,0.0941
2;2,0.0994,0.099,0.099,0.0992,0.0992,0.0992,0.0992,0.0991,0.0993,0.0993,0.0994,0.0994,0.0993,0.0994,0.0993,0.0993,0.0994,0.0995,0.0992,0.0995,0.0994,0.0994,0.0994,0.0994,0.0994,0.0995,0.0995,0.0996,0.0995,0.0995,0.0995,0.0997,0.0996,0.0996,0.0997,0.0996,0.0997,0.0995,0.0996,0.0996,0.0995,0.0996,0.0997,0.0998,0.0997,0.0996,0.0996,0.0997,0.0997,0.0996,0.0997,0.0997,0.0997,0.0996,0.0997,0.0996,0.0997,0.0999,0.0998,0.0997,0.0997,0.0997,0.0996,0.0997,0.0996,0.0996,0.0999,0.0998,0.0998,0.0999,0.0997,0.0999,0.0999,0.0999,0.0999,0.0998,0.0999,0.0998,0.0997,0.0998,0.1,0.0999,0.0997,0.0998,0.0999,0.0998,0.0999,0.0999,0.0998,0.0999,0.0999,0.0998,0.0997,0.0996,0.0999,0.0998
2;3,0.0941,0.094,0.0941,0.0941,0.0942,0.0943,0.0942,0.0942,0.0942,0.0941,0.0942,0.0943,0.0942,0.0943,0.0942,0.0942,0.0942,0.0943,0.0942,0.0943,0.0943,0.0942,0.0942,0.094,0.0941,0.0943,0.0942,0.0944,0.0942,0.0941,0.0942,0.0943,0.0942,0.0941,0.0942,0.0942,0.0942,0.0941,0.0942,0.0942,0.0942,0.0943,0.0942,0.0943,0.0943,0.0941,0.0942,0.0942,0.0942,0.0941,0.0942,0.0942,0.0942,0.0941,0.0941,0.0941,0.0942,0.0943,0.0941,0.0942,0.0941,0.094,0.0941,0.0941,0.0942,0.0941,0.0943,0.0942,0.0941,0.0941,0.094,0.0941,0.0941,0.0941,0.0941,0.0941,0.0941,0.0941,0.0939,0.0941,0.0941,0.0939,0.094,0.0941,0.0941,0.0939,0.0941,0.0941,0.094,0.094,0.094,0.094,0.094,0.0938,0.094,0.094
3;2,0.0921,0.092,0.092,0.0922,0.0921,0.0919,0.0919,0.0917,0.0919,0.0919,0.0919,0.0919,0.0919,0.092,0.0919,0.0919,0.092,0.0924,0.0919,0.092,0.0919,0.0921,0.0919,0.0919,0.092,0.0924,0.092,0.0927,0.0922,0.0925,0.0925,0.0927,0.0928,0.0929,0.0928,0.0931,0.0933,0.0935,0.0937,0.0939,0.0939,0.0944,0.0945,0.0943,0.0945,0.0952,0.0951,0.0955,0.0955,0.095,0.0956,0.0957,0.0957,0.0953,0.0962,0.0964,0.0967,0.097,0.0977,0.0973,0.0978,0.0977,0.0986,0.0982,0.098,0.099,0.0995,0.0997,0.0997,0.0992,0.0997,0.1004,0.1002,0.1,0.1011,0.1013,0.1018,0.102,0.1024,0.1033,0.1036,0.1041,0.1037,0.1043,0.1045,0.1042,0.1049,0.105,0.105,0.1058,0.1065,0.1063,0.1068,0.1062,0.1066,0.1072
,,,,,,,,,,,,,,,,,,,,,,,,,,,,,,,,,,,,,,,,,,,,,,,,,,,,,,,,,,,,,,,,,,,,,,,,,,,,,,,,,,,,,,,,,,,,,,,,
Cycles / Well,,,,,,,,,,,,,,,,,,,,,,,,,,,,,,,,,,,,,,,,,,,,,,,,,,,,,,,,,,,,,,,,,,,,,,,,,,,,,,,,,,,,,,,,,,,,,,,,
D1,1,2,3,4,5,6,7,8,9,10,11,12,13,14,15,16,17,18,19,20,21,22,23,24,25,26,27,28,29,30,31,32,33,34,35,36,37,38,39,40,41,42,43,44,45,46,47,48,49,50,51,52,53,54,55,56,57,58,59,60,61,62,63,64,65,66,67,68,69,70,71,72,73,74,75,76,77,78,79,80,81,82,83,84,85,86,87,88,89,90,91,92,93,94,95,96
Time [s],0,1799.827,3599.741,5399.669,7199.582,8999.52,10799.439,12599.362,14399.295,16199.216,17999.146,19799.079,21599.004,23398.923,25198.859,26998.777,28798.697,30598.623,32398.553,34198.485,35998.416,37798.341,39598.268,41398.198,43198.124,44998.054,46797.976,48597.918,50397.831,52197.762,53997.692,55797.629,57597.534,59397.461,61197.38,62997.315,64797.24,66597.165,68397.092,70197.031,71996.926,73796.86,75596.777,77396.712,79196.627,80996.562,82796.484,84596.403,86396.337,88196.281,89996.203,91796.133,93596.059,95395.99,97195.917,98995.844,100795.796,102595.694,104395.689,106195.553,107995.487,109795.413,111595.34,113395.273,115195.195,116995.132,118795.052,120594.981,122394.898,124194.845,125994.76,127794.681,129594.622,131394.544,133194.474,134994.397,136794.315,138594.255,140394.181,142194.115,143994.039,145793.949,147593.888,149393.809,151193.742,152993.677,154793.597,156593.512,158393.435,160193.362,161993.31,163793.212,165593.147,167393.086,169192.983,170992.91
Temp. [°C],20.1,30,29.8,30,30.1,30,29.9,30.1,30.1,30.1,30,30,30,30,30,30,30,30,30,30,30,30,30.1,30.1,30.1,30.1,30,30,30.1,30.1,30,30,30.1,30,29.9,30,30.1,30,30.1,29.9,30.1,29.8,30,29.9,30.1,30,30,29.9,30,30,30,30.1,29.9,30.2,30.1,30.1,30.1,30,30,30,30,30,30,30,30,30,30.1,30,30,30.2,30,30.1,30,30.1,30,30,30,30,30,30,29.9,30.1,30.1,30.1,30.1,30.1,29.9,30,29.8,30.1,30.1,29.8,29.9,30,30,30
Mean,0.0955,0.0953,0.09528,0.0953,0.09526,0.09526,0.09516,0.09518,0.0952,0.09522,0.09526,0.09524,0.0952,0.0952,0.09524,0.09526,0.09522,0.09528,0.09516,0.09524,0.09528,0.09528,0.09532,0.09524,0.09528,0.09538,0.09536,0.0955,0.09546,0.09546,0.09554,0.0955,0.09554,0.09562,0.09564,0.09568,0.09558,0.0956,0.09582,0.09576,0.09578,0.09594,0.09598,0.09606,0.09598,0.096,0.09616,0.09608,0.09616,0.096,0.0961,0.0961,0.09634,0.0961,0.09628,0.09638,0.09654,0.09652,0.09686,0.09678,0.09678,0.09682,0.09684,0.09702,0.09714,0.09702,0.0976,0.09734,0.0973,0.09742,0.09754,0.0977,0.09768,0.09794,0.0977,0.09804,0.09796,0.09842,0.09808,0.09826,0.09844,0.09864,0.09858,0.09878,0.09882,0.09886,0.0989,0.09918,0.09906,0.0993,0.09936,0.0995,0.09952,0.0997,0.09974,0.09972
StDev,0.002912044,0.002858321,0.002901207,0.002984125,0.002958547,0.002950085,0.00300882,0.003074411,0.003038914,0.003072784,0.003118974,0.003117371,0.003128098,0.0031265,0.00316828,0.003236974,0.003190141,0.003226763,0.003230015,0.003186377,0.003204216,0.003153886,0.003257606,0.003232337,0.003239907,0.00312362,0.003205152,0.003202343,0.003136559,0.003134167,0.003058267,0.003178836,0.003097257,0.003019437,0.002992992,0.003021093,0.003047458,0.002994161,0.002943977,0.002938197,0.002882187,0.002839542,0.002911529,0.002848333,0.002829664,0.002772183,0.002818333,0.002882187,0.002897067,0.002810694,0.002826659,0.002788369,0.002780827,0.002873152,0.002768935,0.00283496,0.002864088,0.002872629,0.003010482,0.003066268,0.003066268,0.003137993,0.003166702,0.003284357,0.003415113,0.003344697,0.003702026,0.003693643,0.003695944,0.003802236,0.003996624,0.004082279,0.004303138,0.004515861,0.004392607,0.004658648,0.004553899,0.005450413,0.004824106,0.005271432,0.005424297,0.0060583,0.005807495,0.005979716,0.00614101,0.006353188,0.006350197,0.006912814,0.006830666,0.007075663,0.007237265,0.007668768,0.007609336,0.008463155,0.008021721,0.00802197
1;2,0.099,0.0988,0.0989,0.0989,0.0989,0.0988,0.0988,0.0989,0.0988,0.0989,0.0989,0.0989,0.0988,0.0989,0.0989,0.099,0.0989,0.099,0.0988,0.0988,0.0989,0.0989,0.099,0.0989,0.0989,0.0989,0.0989,0.099,0.0989,0.0989,0.0989,0.099,0.0989,0.0989,0.0989,0.099,0.0989,0.0988,0.099,0.099,0.0989,0.099,0.0991,0.099,0.099,0.0988,0.099,0.0989,0.099,0.0987,0.0988,0.0988,0.0988,0.0989,0.0988,0.0989,0.0989,0.0988,0.0991,0.0988,0.0988,0.0989,0.0988,0.099,0.099,0.0989,0.0991,0.099,0.0988,0.0989,0.0988,0.099,0.0988,0.099,0.0986,0.099,0.0989,0.0988,0.0989,0.0989,0.0989,0.0988,0.0989,0.0989,0.099,0.0989,0.0988,0.0988,0.0988,0.0989,0.0989,0.0988,0.0988,0.0986,0.0989,0.0989
2;1,0.0944,0.0945,0.0942,0.0939,0.0937,0.0937,0.0936,0.0935,0.0935,0.0934,0.0934,0.0933,0.0934,0.0932,0.0933,0.0932,0.0931,0.0932,0.0929,0.093,0.093,0.093,0.093,0.0929,0.093,0.0931,0.093,0.093,0.093,0.0929,0.0929,0.0929,0.0929,0.0929,0.093,0.0928,0.0929,0.0928,0.0929,0.093,0.093,0.0931,0.093,0.0931,0.0931,0.093,0.0931,0.0929,0.0929,0.0929,0.093,0.0929,0.0931,0.093,0.0931,0.093,0.093,0.093,0.0931,0.093,0.093,0.093,0.0929,0.093,0.093,0.093,0.0932,0.093,0.093,0.0929,0.093,0.0932,0.0929,0.0931,0.0929,0.0931,0.0931,0.0931,0.093,0.0929,0.093,0.0929,0.093,0.0931,0.093,0.093,0.0931,0.0931,0.093,0.0931,0.0931,0.0931,0.0931,0.0928,0.0931,0.0931
2;2,0.098,0.0976,0.0976,0.0979,0.0978,0.0979,0.0978,0.0979,0.098,0.098,0.0982,0.0982,0.0982,0.0981,0.0983,0.0984,0.0983,0.0984,0.0984,0.0985,0.0985,0.0984,0.0986,0.0985,0.0986,0.0986,0.0987,0.0989,0.0988,0.0988,0.0988,0.0989,0.0989,0.0989,0.0989,0.0989,0.0989,0.0989,0.099,0.0989,0.0989,0.099,0.0991,0.0992,0.099,0.099,0.0992,0.0992,0.0992,0.0991,0.0992,0.0991,0.0991,0.0993,0.0992,0.0992,0.0994,0.0994,0.0994,0.0994,0.0994,0.0993,0.0993,0.0995,0.0995,0.0993,0.0998,0.0993,0.0995,0.0995,0.0995,0.0995,0.0994,0.0996,0.0994,0.0995,0.0997,0.0996,0.0997,0.0995,0.0997,0.0996,0.0997,0.0998,0.0998,0.0997,0.0997,0.0997,0.0996,0.0998,0.0997,0.0996,0.0997,0.0995,0.0997,0.0996
2;3,0.0941,0.0938,0.0939,0.094,0.094,0.094,0.0939,0.0939,0.0939,0.094,0.094,0.0939,0.0939,0.094,0.0939,0.0939,0.094,0.094,0.0939,0.0939,0.094,0.094,0.094,0.0939,0.0939,0.0939,0.094,0.0941,0.094,0.094,0.0941,0.0939,0.094,0.094,0.0939,0.0941,0.0938,0.0939,0.0941,0.0939,0.0939,0.0941,0.094,0.0941,0.0939,0.0939,0.094,0.0938,0.0938,0.0938,0.0938,0.094,0.0938,0.0939,0.0939,0.0939,0.0941,0.094,0.0941,0.0939,0.0939,0.0938,0.0939,0.0939,0.0939,0.0938,0.0942,0.0939,0.0938,0.094,0.0939,0.0939,0.0939,0.0939,0.0939,0.094,0.0939,0.0939,0.0939,0.0939,0.094,0.0938,0.0938,0.094,0.0939,0.0938,0.0939,0.0939,0.0938,0.0939,0.0939,0.0938,0.0939,0.0937,0.0939,0.0939
3;2,0.092,0.0918,0.0918,0.0918,0.0919,0.0919,0.0917,0.0917,0.0918,0.0918,0.0918,0.0919,0.0917,0.0918,0.0918,0.0918,0.0918,0.0918,0.0918,0.092,0.092,0.0921,0.092,0.092,0.092,0.0924,0.0922,0.0925,0.0926,0.0927,0.093,0.0928,0.093,0.0934,0.0935,0.0936,0.0934,0.0936,0.0941,0.094,0.0942,0.0945,0.0947,0.0949,0.0949,0.0953,0.0955,0.0956,0.0959,0.0955,0.0957,0.0957,0.0969,0.0954,0.0964,0.0969,0.0973,0.0974,0.0986,0.0988,0.0988,0.0991,0.0993,0.0997,0.1003,0.1001,0.1017,0.1015,0.1014,0.1018,0.1025,0.1029,0.1034,0.1041,0.1037,0.1046,0.1042,0.1067,0.1049,0.1061,0.1066,0.1081,0.1075,0.1081,0.1084,0.1089,0.109,0.1104,0.1101,0.1108,0.1112,0.1122,0.1121,0.1139,0.1131,0.1131
,,,,,,,,,,,,,,,,,,,,,,,,,,,,,,,,,,,,,,,,,,,,,,,,,,,,,,,,,,,,,,,,,,,,,,,,,,,,,,,,,,,,,,,,,,,,,,,,
Cycles / Well,,,,,,,,,,,,,,,,,,,,,,,,,,,,,,,,,,,,,,,,,,,,,,,,,,,,,,,,,,,,,,,,,,,,,,,,,,,,,,,,,,,,,,,,,,,,,,,,
D2,1,2,3,4,5,6,7,8,9,10,11,12,13,14,15,16,17,18,19,20,21,22,23,24,25,26,27,28,29,30,31,32,33,34,35,36,37,38,39,40,41,42,43,44,45,46,47,48,49,50,51,52,53,54,55,56,57,58,59,60,61,62,63,64,65,66,67,68,69,70,71,72,73,74,75,76,77,78,79,80,81,82,83,84,85,86,87,88,89,90,91,92,93,94,95,96
Time [s],0,1799.827,3599.741,5399.669,7199.582,8999.52,10799.439,12599.362,14399.295,16199.216,17999.146,19799.079,21599.004,23398.923,25198.859,26998.777,28798.697,30598.623,32398.553,34198.485,35998.416,37798.341,39598.268,41398.198,43198.124,44998.054,46797.976,48597.918,50397.831,52197.762,53997.692,55797.629,57597.534,59397.461,61197.38,62997.315,64797.24,66597.165,68397.092,70197.031,71996.926,73796.86,75596.777,77396.712,79196.627,80996.562,82796.484,84596.403,86396.337,88196.281,89996.203,91796.133,93596.059,95395.99,97195.917,98995.844,100795.796,102595.694,104395.689,106195.553,107995.487,109795.413,111595.34,113395.273,115195.195,116995.132,118795.052,120594.981,122394.898,124194.845,125994.76,127794.681,129594.622,131394.544,133194.474,134994.397,136794.315,138594.255,140394.181,142194.115,143994.039,145793.949,147593.888,149393.809,151193.742,152993.677,154793.597,156593.512,158393.435,160193.362,161993.31,163793.212,165593.147,167393.086,169192.983,170992.91
Temp. [°C],20.1,30,29.8,30,30.1,30,29.9,30.1,30.1,30.1,30,30,30,30,30,30,30,30,30,30,30,30,30.1,30.1,30.1,30.1,30,30,30.1,30.1,30,30,30.1,30,29.9,30,30.1,30,30.1,29.9,30.1,29.8,30,29.9,30.1,30,30,29.9,30,30,30,30.1,29.9,30.2,30.1,30.1,30.1,30,30,30,30,30,30,30,30,30,30.1,30,30,30.2,30,30.1,30,30.1,30,30,30,30,30,30,29.9,30.1,30.1,30.1,30.1,30.1,29.9,30,29.8,30.1,30.1,29.8,29.9,30,30,30
Mean,0.11686,0.116,0.1179,0.12002,0.12312,0.12734,0.1335,0.14216,0.15456,0.17182,0.19558,0.22818,0.27136,0.32816,0.39804,0.48164,0.5786,0.68574,0.7954,0.8979,0.98696,1.05896,1.1119,1.15018,1.17962,1.20372,1.22332,1.241,1.25612,1.27072,1.28322,1.2946,1.30548,1.31358,1.32132,1.3268,1.33014,1.33246,1.33438,1.33574,1.33754,1.33922,1.341,1.34246,1.34418,1.34558,1.34716,1.34828,1.34964,1.35118,1.3528,1.35334,1.3542,1.3561,1.35724,1.35814,1.35844,1.35936,1.36028,1.3609,1.36128,1.3621,1.36264,1.3639,1.36424,1.3655,1.36598,1.36656,1.36724,1.3673,1.36866,1.36926,1.36946,1.36994,1.37088,1.3715,1.372,1.37296,1.3735,1.37456,1.375,1.37548,1.37626,1.3773,1.3778,1.37822,1.3787,1.37966,1.38024,1.38126,1.3819,1.3824,1.38312,1.38352,1.38462,1.38556
StDev,0.001641036,0.002709243,0.00310403,0.003423741,0.003958788,0.004348333,0.004972424,0.005257661,0.005913797,0.006588778,0.007481778,0.008517453,0.010288975,0.013719985,0.018915946,0.025211961,0.032672312,0.041424425,0.049084672,0.053507616,0.054919514,0.052969453,0.052311423,0.051183953,0.050163602,0.048427182,0.048221126,0.04791289,0.04708882,0.047024642,0.046707087,0.046685865,0.04649115,0.045796037,0.045693457,0.044605549,0.044064078,0.043313197,0.043155034,0.042516444,0.042943486,0.042617567,0.042241094,0.042901259,0.041508397,0.041059798,0.041455313,0.041530314,0.041131776,0.040650055,0.040764752,0.041140831,0.040649477,0.041297094,0.041112565,0.040425091,0.040290917,0.040056498,0.040314786,0.040112654,0.039686988,0.039987936,0.039858475,0.040569631,0.039829863,0.039988248,0.039539689,0.039371474,0.039650006,0.038869332,0.039258158,0.03923478,0.038514711,0.038647354,0.038641066,0.038222833,0.03820072,0.03785747,0.038469338,0.038141224,0.037834376,0.037646474,0.037839041,0.037571798,0.037671674,0.037808491,0.037664904,0.036795489,0.037216099,0.037238864,0.037126271,0.036714098,0.03661908,0.035987942,0.036269643,0.036493876
1;2,0.1173,0.1145,0.1159,0.1176,0.1202,0.1242,0.13,0.1387,0.1511,0.1694,0.1947,0.2309,0.2791,0.3427,0.4228,0.5171,0.626,0.7471,0.8669,0.9754,1.0652,1.1335,1.1859,1.2224,1.2501,1.2721,1.2913,1.3077,1.3217,1.3356,1.3473,1.3589,1.3694,1.3762,1.3837,1.3869,1.3901,1.3916,1.393,1.3934,1.3959,1.3972,1.3989,1.4012,1.4013,1.4013,1.4034,1.4055,1.4058,1.4065,1.408,1.4094,1.4095,1.4124,1.4134,1.4129,1.4135,1.4144,1.4157,1.4162,1.416,1.4175,1.4179,1.4203,1.4199,1.4212,1.4212,1.4215,1.4226,1.4215,1.4237,1.4242,1.4233,1.4237,1.4249,1.4253,1.4256,1.4253,1.4274,1.4282,1.428,1.4284,1.4294,1.43,1.4308,1.4316,1.4317,1.4316,1.4328,1.4342,1.4349,1.4349,1.4347,1.4344,1.4361,1.4376
2;1,0.1175,0.1163,0.1192,0.1222,0.1259,0.1304,0.1371,0.1455,0.1586,0.1753,0.1987,0.2301,0.2716,0.3259,0.3898,0.4668,0.557,0.6564,0.7568,0.8559,0.9415,1.0156,1.068,1.1069,1.1371,1.1633,1.1826,1.2012,1.2166,1.2311,1.2443,1.2561,1.2669,1.2751,1.2832,1.2898,1.2939,1.2958,1.2976,1.2997,1.3011,1.3031,1.3051,1.306,1.308,1.3098,1.3118,1.3132,1.3151,1.3174,1.3183,1.3192,1.3205,1.3217,1.3217,1.3234,1.3238,1.3253,1.3254,1.3269,1.3279,1.3283,1.3287,1.33,1.3308,1.3322,1.3331,1.334,1.3344,1.3355,1.336,1.3366,1.3376,1.3376,1.3395,1.3401,1.3408,1.3415,1.342,1.3437,1.3443,1.3444,1.3457,1.347,1.3474,1.3479,1.3485,1.3506,1.3505,1.3516,1.3523,1.3532,1.3537,1.3546,1.3553,1.3567
2;2,0.1173,0.1145,0.1157,0.1173,0.1199,0.1234,0.1287,0.1364,0.1472,0.1624,0.1836,0.2134,0.2536,0.3064,0.3741,0.4562,0.552,0.6599,0.7724,0.8785,0.9714,1.046,1.1025,1.1426,1.173,1.1981,1.2186,1.2374,1.2532,1.2688,1.2815,1.2934,1.3041,1.3127,1.3215,1.3269,1.3304,1.3319,1.3337,1.3354,1.3376,1.3382,1.3405,1.3412,1.3436,1.3446,1.3464,1.3472,1.3484,1.3501,1.352,1.3529,1.3541,1.356,1.3581,1.3584,1.3587,1.3593,1.3599,1.3605,1.3609,1.3614,1.3617,1.3625,1.3629,1.3649,1.3645,1.3653,1.3667,1.3665,1.3675,1.3684,1.3687,1.3692,1.3701,1.3698,1.3705,1.3719,1.373,1.3738,1.3743,1.3749,1.3756,1.3768,1.3767,1.3772,1.3787,1.3788,1.3801,1.3809,1.3813,1.3816,1.3832,1.3836,1.3846,1.386
2;3,0.114,0.1141,0.1159,0.118,0.1209,0.1253,0.1314,0.1408,0.1538,0.172,0.1971,0.2311,0.2766,0.3359,0.4104,0.4983,0.5996,0.7105,0.8255,0.9297,1.0201,1.0914,1.1418,1.1789,1.2078,1.2299,1.2491,1.2672,1.2815,1.2964,1.3091,1.3197,1.3308,1.3388,1.3459,1.352,1.354,1.3563,1.3587,1.3596,1.3612,1.3633,1.3639,1.3663,1.3665,1.3691,1.3707,1.3707,1.3727,1.3741,1.3761,1.376,1.3765,1.3786,1.379,1.3806,1.3801,1.3806,1.3819,1.3821,1.3822,1.383,1.3836,1.3852,1.3847,1.3858,1.3864,1.3868,1.3871,1.387,1.3884,1.3889,1.3888,1.3898,1.3902,1.3907,1.3913,1.3931,1.3924,1.3931,1.3937,1.3938,1.3947,1.3956,1.3963,1.3964,1.3964,1.3972,1.3975,1.3981,1.3985,1.3988,1.4002,1.4,1.401,1.4012
3;2,0.1182,0.1206,0.1228,0.125,0.1287,0.1334,0.1403,0.1494,0.1621,0.18,0.2038,0.2354,0.2759,0.3299,0.3931,0.4698,0.5584,0.6548,0.7554,0.85,0.9366,1.0083,1.0613,1.1001,1.1301,1.1552,1.175,1.1915,1.2076,1.2217,1.2339,1.2449,1.2562,1.2651,1.2723,1.2784,1.2823,1.2867,1.2889,1.2906,1.2919,1.2943,1.2966,1.2976,1.3015,1.3031,1.3035,1.3048,1.3062,1.3078,1.3096,1.3092,1.3104,1.3118,1.314,1.3154,1.3161,1.3172,1.3185,1.3188,1.3194,1.3203,1.3213,1.3215,1.3229,1.3234,1.3247,1.3252,1.3254,1.326,1.3277,1.3282,1.3289,1.3294,1.3297,1.3316,1.3318,1.333,1.3327,1.334,1.3347,1.3359,1.3359,1.3371,1.3378,1.338,1.3382,1.3401,1.3403,1.3415,1.3425,1.3435,1.3438,1.345,1.3461,1.3463
,,,,,,,,,,,,,,,,,,,,,,,,,,,,,,,,,,,,,,,,,,,,,,,,,,,,,,,,,,,,,,,,,,,,,,,,,,,,,,,,,,,,,,,,,,,,,,,,
Cycles / Well,,,,,,,,,,,,,,,,,,,,,,,,,,,,,,,,,,,,,,,,,,,,,,,,,,,,,,,,,,,,,,,,,,,,,,,,,,,,,,,,,,,,,,,,,,,,,,,,
D3,1,2,3,4,5,6,7,8,9,10,11,12,13,14,15,16,17,18,19,20,21,22,23,24,25,26,27,28,29,30,31,32,33,34,35,36,37,38,39,40,41,42,43,44,45,46,47,48,49,50,51,52,53,54,55,56,57,58,59,60,61,62,63,64,65,66,67,68,69,70,71,72,73,74,75,76,77,78,79,80,81,82,83,84,85,86,87,88,89,90,91,92,93,94,95,96
Time [s],0,1799.827,3599.741,5399.669,7199.582,8999.52,10799.439,12599.362,14399.295,16199.216,17999.146,19799.079,21599.004,23398.923,25198.859,26998.777,28798.697,30598.623,32398.553,34198.485,35998.416,37798.341,39598.268,41398.198,43198.124,44998.054,46797.976,48597.918,50397.831,52197.762,53997.692,55797.629,57597.534,59397.461,61197.38,62997.315,64797.24,66597.165,68397.092,70197.031,71996.926,73796.86,75596.777,77396.712,79196.627,80996.562,82796.484,84596.403,86396.337,88196.281,89996.203,91796.133,93596.059,95395.99,97195.917,98995.844,100795.796,102595.694,104395.689,106195.553,107995.487,109795.413,111595.34,113395.273,115195.195,116995.132,118795.052,120594.981,122394.898,124194.845,125994.76,127794.681,129594.622,131394.544,133194.474,134994.397,136794.315,138594.255,140394.181,142194.115,143994.039,145793.949,147593.888,149393.809,151193.742,152993.677,154793.597,156593.512,158393.435,160193.362,161993.31,163793.212,165593.147,167393.086,169192.983,170992.91
Temp. [°C],20.1,30,29.8,30,30.1,30,29.9,30.1,30.1,30.1,30,30,30,30,30,30,30,30,30,30,30,30,30.1,30.1,30.1,30.1,30,30,30.1,30.1,30,30,30.1,30,29.9,30,30.1,30,30.1,29.9,30.1,29.8,30,29.9,30.1,30,30,29.9,30,30,30,30.1,29.9,30.2,30.1,30.1,30.1,30,30,30,30,30,30,30,30,30,30.1,30,30,30.2,30,30.1,30,30.1,30,30,30,30,30,30,29.9,30.1,30.1,30.1,30.1,30.1,29.9,30,29.8,30.1,30.1,29.8,29.9,30,30,30
Mean,0.11908,0.1161,0.11782,0.1198,0.12272,0.1267,0.1326,0.14114,0.15342,0.17084,0.1948,0.22776,0.2723,0.32926,0.40038,0.48558,0.58462,0.69518,0.80854,0.91354,1.00462,1.07606,1.1267,1.16528,1.19298,1.21646,1.23534,1.25292,1.2677,1.2816,1.29334,1.30494,1.31396,1.32234,1.32922,1.33516,1.33856,1.34126,1.34296,1.34476,1.34634,1.34882,1.35046,1.35232,1.35354,1.35536,1.35628,1.35766,1.3592,1.35972,1.36066,1.36132,1.36194,1.36358,1.36406,1.36524,1.36606,1.36654,1.36684,1.3676,1.36812,1.36908,1.36902,1.37034,1.3707,1.37112,1.37232,1.3728,1.37348,1.37442,1.375,1.37548,1.37608,1.3767,1.37734,1.3785,1.37884,1.37994,1.38038,1.38106,1.38226,1.38314,1.3834,1.38376,1.38442,1.38478,1.3853,1.38624,1.3872,1.38818,1.38886,1.38978,1.39024,1.39114,1.39166,1.39266
StDev,0.001976613,0.002460691,0.002912387,0.003140064,0.003911138,0.004220782,0.004952272,0.006032247,0.007342139,0.009033991,0.011222522,0.01394482,0.016420566,0.019001921,0.021800963,0.023961469,0.027936303,0.033740362,0.037354826,0.040482132,0.041740472,0.041349885,0.040505185,0.039788214,0.039958503,0.038962071,0.039437901,0.039280237,0.039458332,0.039103197,0.039109244,0.039210113,0.039674337,0.039832939,0.039947115,0.03922503,0.039010934,0.038701525,0.038732648,0.03855046,0.038113816,0.038276716,0.03810765,0.037772503,0.038130801,0.037938081,0.037864588,0.037695398,0.037929276,0.038011538,0.037822916,0.038230773,0.037438656,0.037759992,0.037408662,0.037551804,0.037576495,0.036962048,0.036971989,0.036987836,0.037061597,0.036522692,0.036667179,0.036556025,0.036392513,0.036787185,0.03642193,0.036095637,0.036327634,0.036365877,0.03596547,0.035795698,0.03574223,0.035851081,0.035903175,0.035601264,0.035567654,0.036340102,0.035498268,0.0352627,0.035310806,0.035123041,0.034810702,0.034892879,0.034322544,0.034767686,0.034400436,0.034253073,0.034576509,0.034049479,0.033595878,0.033646649,0.034196023,0.033930267,0.033368593,0.033336811
1;2,0.1182,0.1146,0.1158,0.1174,0.1196,0.1233,0.1284,0.1359,0.147,0.1629,0.1851,0.2159,0.2587,0.3153,0.3871,0.4748,0.5763,0.6937,0.8137,0.9222,1.015,1.0877,1.1406,1.178,1.2048,1.2289,1.2484,1.266,1.2798,1.2935,1.3052,1.3169,1.3267,1.3353,1.3411,1.3476,1.3503,1.3522,1.3549,1.3554,1.357,1.3598,1.3608,1.3629,1.3636,1.3648,1.3661,1.3667,1.3693,1.3695,1.3705,1.3708,1.3711,1.3725,1.3729,1.3743,1.3748,1.3754,1.3753,1.3765,1.3769,1.3776,1.3778,1.3796,1.3798,1.3802,1.3816,1.3804,1.3829,1.3827,1.384,1.3846,1.3842,1.3851,1.3854,1.3868,1.3869,1.3887,1.3891,1.3898,1.3918,1.3926,1.3921,1.392,1.3925,1.3939,1.3936,1.3937,1.3953,1.396,1.3971,1.3979,1.3981,1.3987,1.3988,1.4008
2;1,0.1207,0.1165,0.1186,0.121,0.1243,0.1283,0.1342,0.142,0.1535,0.1699,0.1921,0.2221,0.2634,0.3146,0.378,0.4556,0.5446,0.6416,0.7466,0.8463,0.9346,1.0059,1.0584,1.0979,1.1252,1.1503,1.1684,1.1858,1.2007,1.2154,1.2271,1.2385,1.247,1.2548,1.2616,1.2685,1.2724,1.2754,1.2771,1.2791,1.2813,1.2835,1.2857,1.2879,1.2886,1.2907,1.2917,1.2933,1.2944,1.2948,1.2961,1.2962,1.2979,1.2992,1.3004,1.3013,1.3017,1.3033,1.3036,1.3042,1.3046,1.3065,1.3062,1.3077,1.3083,1.3083,1.31,1.3112,1.3112,1.3122,1.3133,1.3142,1.3149,1.3151,1.3159,1.3174,1.3179,1.3177,1.3194,1.3204,1.3213,1.3226,1.3236,1.3239,1.3255,1.3249,1.3262,1.3274,1.3278,1.3297,1.331,1.3317,1.3313,1.3325,1.3341,1.3351
2;2,0.119,0.1151,0.1163,0.118,0.1204,0.1239,0.1291,0.1368,0.1481,0.1642,0.1864,0.218,0.2614,0.318,0.3902,0.4773,0.5797,0.695,0.8143,0.9231,1.0175,1.0913,1.1426,1.1827,1.2101,1.2339,1.2536,1.2715,1.2874,1.3013,1.3139,1.3254,1.3348,1.3437,1.35,1.3564,1.3589,1.3632,1.3643,1.3659,1.3674,1.3697,1.3721,1.3733,1.3744,1.3769,1.3774,1.3794,1.3809,1.3809,1.3821,1.3824,1.3822,1.3846,1.3848,1.3865,1.3874,1.3875,1.3877,1.3881,1.3887,1.389,1.3894,1.3908,1.391,1.3916,1.3925,1.3942,1.3943,1.3959,1.3962,1.3966,1.3976,1.3981,1.3986,1.3996,1.3998,1.4016,1.4015,1.4017,1.4033,1.4038,1.4043,1.4049,1.4051,1.4061,1.4064,1.4079,1.408,1.4095,1.4095,1.4106,1.4114,1.4121,1.4131,1.414
2;3,0.1163,0.1141,0.1158,0.1178,0.1204,0.1246,0.1308,0.14,0.153,0.1716,0.1976,0.2331,0.2807,0.3417,0.4174,0.5078,0.6133,0.7316,0.8479,0.9563,1.0467,1.1152,1.1648,1.2017,1.2298,1.2516,1.2705,1.2868,1.3024,1.3163,1.3275,1.3392,1.3488,1.3564,1.3644,1.3684,1.3726,1.3737,1.3756,1.3775,1.3783,1.381,1.3827,1.384,1.3861,1.3873,1.3882,1.389,1.3905,1.3916,1.3922,1.394,1.3936,1.3957,1.3962,1.3971,1.3971,1.3972,1.3977,1.3983,1.3989,1.3997,1.3995,1.4005,1.4007,1.4021,1.4027,1.4027,1.403,1.4041,1.4038,1.4044,1.4049,1.4051,1.4066,1.407,1.4077,1.4092,1.4085,1.409,1.4092,1.4104,1.4108,1.4114,1.4116,1.4113,1.4121,1.4126,1.4145,1.4145,1.4146,1.4151,1.4163,1.4166,1.4164,1.4171
3;2,0.1212,0.1202,0.1226,0.1248,0.1289,0.1334,0.1405,0.151,0.1655,0.1856,0.2128,0.2497,0.2973,0.3567,0.4292,0.5124,0.6092,0.714,0.8202,0.9198,1.0093,1.0802,1.1271,1.1661,1.195,1.2176,1.2358,1.2545,1.2682,1.2815,1.293,1.3047,1.3125,1.3215,1.329,1.3349,1.3386,1.3418,1.3429,1.3459,1.3477,1.3501,1.351,1.3535,1.355,1.3571,1.358,1.3599,1.3609,1.3618,1.3624,1.3632,1.3649,1.3659,1.366,1.367,1.3693,1.3693,1.3699,1.3709,1.3715,1.3726,1.3722,1.3731,1.3737,1.3734,1.3748,1.3755,1.376,1.3772,1.3777,1.3776,1.3788,1.3801,1.3802,1.3817,1.3819,1.3825,1.3834,1.3844,1.3857,1.3863,1.3862,1.3866,1.3874,1.3877,1.3882,1.3896,1.3904,1.3912,1.3921,1.3936,1.3941,1.3958,1.3959,1.3963
,,,,,,,,,,,,,,,,,,,,,,,,,,,,,,,,,,,,,,,,,,,,,,,,,,,,,,,,,,,,,,,,,,,,,,,,,,,,,,,,,,,,,,,,,,,,,,,,
Cycles / Well,,,,,,,,,,,,,,,,,,,,,,,,,,,,,,,,,,,,,,,,,,,,,,,,,,,,,,,,,,,,,,,,,,,,,,,,,,,,,,,,,,,,,,,,,,,,,,,,
D4,1,2,3,4,5,6,7,8,9,10,11,12,13,14,15,16,17,18,19,20,21,22,23,24,25,26,27,28,29,30,31,32,33,34,35,36,37,38,39,40,41,42,43,44,45,46,47,48,49,50,51,52,53,54,55,56,57,58,59,60,61,62,63,64,65,66,67,68,69,70,71,72,73,74,75,76,77,78,79,80,81,82,83,84,85,86,87,88,89,90,91,92,93,94,95,96
Time [s],0,1799.827,3599.741,5399.669,7199.582,8999.52,10799.439,12599.362,14399.295,16199.216,17999.146,19799.079,21599.004,23398.923,25198.859,26998.777,28798.697,30598.623,32398.553,34198.485,35998.416,37798.341,39598.268,41398.198,43198.124,44998.054,46797.976,48597.918,50397.831,52197.762,53997.692,55797.629,57597.534,59397.461,61197.38,62997.315,64797.24,66597.165,68397.092,70197.031,71996.926,73796.86,75596.777,77396.712,79196.627,80996.562,82796.484,84596.403,86396.337,88196.281,89996.203,91796.133,93596.059,95395.99,97195.917,98995.844,100795.796,102595.694,104395.689,106195.553,107995.487,109795.413,111595.34,113395.273,115195.195,116995.132,118795.052,120594.981,122394.898,124194.845,125994.76,127794.681,129594.622,131394.544,133194.474,134994.397,136794.315,138594.255,140394.181,142194.115,143994.039,145793.949,147593.888,149393.809,151193.742,152993.677,154793.597,156593.512,158393.435,160193.362,161993.31,163793.212,165593.147,167393.086,169192.983,170992.91
Temp. [°C],20.1,30,29.8,30,30.1,30,29.9,30.1,30.1,30.1,30,30,30,30,30,30,30,30,30,30,30,30,30.1,30.1,30.1,30.1,30,30,30.1,30.1,30,30,30.1,30,29.9,30,30.1,30,30.1,29.9,30.1,29.8,30,29.9,30.1,30,30,29.9,30,30,30,30.1,29.9,30.2,30.1,30.1,30.1,30,30,30,30,30,30,30,30,30,30.1,30,30,30.2,30,30.1,30,30.1,30,30,30,30,30,30,29.9,30.1,30.1,30.1,30.1,30.1,29.9,30,29.8,30.1,30.1,29.8,29.9,30,30,30
Mean,0.12734,0.12248,0.12544,0.12828,0.13266,0.1377,0.14562,0.15662,0.1727,0.19374,0.22288,0.2606,0.30638,0.35998,0.41816,0.47722,0.53496,0.58888,0.63684,0.67908,0.71644,0.74756,0.77328,0.79564,0.8148,0.83118,0.84444,0.85722,0.86826,0.877,0.88548,0.8921,0.89842,0.90384,0.90882,0.91296,0.91746,0.92326,0.9282,0.93504,0.94294,0.95184,0.96308,0.97618,0.99106,1.00786,1.0265,1.0456,1.06364,1.07914,1.0922,1.10286,1.11002,1.1117,1.11302,1.11296,1.11368,1.11246,1.1116,1.10982,1.10858,1.1077,1.10606,1.10504,1.1035,1.10168,1.10142,1.10004,1.0983,1.09748,1.09722,1.09618,1.09594,1.09494,1.0942,1.0931,1.093,1.09346,1.092,1.09138,1.09164,1.09168,1.09158,1.09126,1.09134,1.09184,1.0919,1.09252,1.09274,1.0925,1.09294,1.09326,1.09372,1.094,1.09478,1.09494
StDev,0.01198741,0.010729026,0.01154829,0.01228727,0.014460048,0.015482409,0.018224077,0.021655415,0.026438419,0.031246008,0.038353188,0.046259972,0.053248399,0.059697546,0.064440616,0.06815891,0.070611918,0.072411581,0.0736535,0.07406377,0.074659983,0.07460498,0.074616667,0.074901355,0.074481306,0.075155685,0.07544046,0.07522358,0.075842455,0.076208202,0.076338666,0.077163171,0.077968885,0.078055032,0.079133128,0.079998175,0.080403781,0.08182645,0.083152661,0.084672091,0.086602702,0.088800073,0.091515857,0.094519347,0.097242316,0.1000555,0.102962979,0.105338407,0.10881419,0.109781251,0.111024164,0.109826012,0.109539888,0.111064531,0.111642541,0.111159921,0.111658394,0.111228023,0.111595408,0.11171469,0.11141271,0.111061042,0.111614103,0.111543122,0.111286477,0.111239368,0.111232266,0.110954711,0.110927161,0.11149613,0.111126558,0.112091333,0.111367334,0.111474069,0.11077195,0.111134423,0.111394995,0.111153309,0.111066692,0.111507296,0.111445336,0.111812329,0.111704396,0.111788609,0.111807191,0.111738279,0.111534905,0.111873442,0.11175262,0.111607347,0.111730224,0.11153642,0.111674514,0.111251742,0.111457041,0.111616724
1;2,0.1198,0.1145,0.1163,0.118,0.1203,0.1239,0.1289,0.1363,0.1474,0.1629,0.1842,0.213,0.2501,0.2957,0.3472,0.4008,0.4552,0.5066,0.5517,0.593,0.6297,0.6608,0.6868,0.7086,0.7287,0.7439,0.757,0.7705,0.7813,0.7897,0.7983,0.8037,0.8097,0.8152,0.8193,0.8227,0.8276,0.832,0.8362,0.8413,0.8474,0.8553,0.864,0.8743,0.8873,0.9028,0.919,0.9363,0.9524,0.9673,0.9793,0.9926,1.0003,0.999,0.9992,0.9997,0.9993,0.998,0.9972,0.9946,0.9942,0.9938,0.9924,0.991,0.99,0.9878,0.9879,0.9857,0.9843,0.9824,0.9832,0.9807,0.9815,0.9806,0.9812,0.9797,0.9794,0.9797,0.9781,0.977,0.9776,0.9774,0.9766,0.9767,0.9768,0.9768,0.9765,0.9784,0.9779,0.9776,0.9785,0.9793,0.9799,0.98,0.9809,0.9803
2;1,0.1288,0.1241,0.1278,0.1319,0.1371,0.1432,0.1523,0.1639,0.182,0.2052,0.2365,0.2769,0.3258,0.3822,0.4414,0.5025,0.5606,0.6147,0.6635,0.7053,0.742,0.7724,0.7973,0.8188,0.8362,0.8523,0.865,0.8772,0.8882,0.8965,0.9039,0.9103,0.9161,0.9212,0.9243,0.9285,0.9315,0.9356,0.9392,0.9441,0.9498,0.9554,0.9653,0.9765,0.9889,1.0035,1.0209,1.0393,1.0555,1.0708,1.0839,1.094,1.0995,1.1036,1.1053,1.1058,1.107,1.1061,1.1045,1.1034,1.1015,1.1007,1.0994,1.0983,1.0966,1.096,1.0953,1.0948,1.0939,1.093,1.0935,1.0931,1.0929,1.092,1.0909,1.0902,1.0906,1.0916,1.0913,1.0905,1.0901,1.0913,1.0918,1.0911,1.0918,1.0939,1.0948,1.0947,1.0948,1.0954,1.0955,1.0959,1.0973,1.0981,1.099,1.0991
2;2,0.1218,0.1175,0.1198,0.1221,0.1253,0.1298,0.1367,0.1463,0.1602,0.1797,0.2069,0.2431,0.2888,0.3433,0.4045,0.4671,0.528,0.5862,0.6379,0.6843,0.724,0.7581,0.786,0.81,0.831,0.8488,0.8632,0.8768,0.8888,0.8985,0.9087,0.9156,0.9227,0.928,0.9349,0.939,0.9448,0.9518,0.9581,0.9656,0.9762,0.9866,0.9997,1.0149,1.0333,1.0529,1.0742,1.0954,1.1177,1.1336,1.1488,1.1595,1.1674,1.169,1.1697,1.1697,1.1715,1.1706,1.17,1.1681,1.1664,1.1647,1.1638,1.1627,1.1605,1.1599,1.159,1.1577,1.1552,1.1546,1.154,1.1535,1.1525,1.1516,1.1511,1.1506,1.1506,1.1506,1.1492,1.1489,1.1492,1.1488,1.1494,1.1486,1.1488,1.149,1.1488,1.1494,1.1498,1.1495,1.1503,1.1509,1.1506,1.1509,1.152,1.153
2;3,0.1187,0.1158,0.1187,0.1212,0.1246,0.1293,0.1358,0.1456,0.1595,0.1783,0.204,0.2374,0.2788,0.3276,0.3819,0.4367,0.4913,0.5417,0.5878,0.6279,0.6638,0.6936,0.7181,0.7401,0.7588,0.7747,0.7873,0.7995,0.8092,0.8174,0.8252,0.8317,0.8368,0.8422,0.8463,0.8497,0.8532,0.8584,0.8619,0.8688,0.8753,0.8827,0.8919,0.903,0.9151,0.9285,0.9443,0.9607,0.9741,0.9885,0.9996,1.0099,1.0178,1.0184,1.0199,1.0197,1.02,1.0193,1.0181,1.0166,1.0156,1.0151,1.0117,1.0113,1.01,1.0074,1.0073,1.0067,1.0044,1.0037,1.0026,1.0008,1.001,0.9996,0.9988,0.997,0.9963,0.9972,0.9953,0.9944,0.9948,0.9939,0.9941,0.9936,0.9932,0.9935,0.9939,0.993,0.9942,0.9938,0.9936,0.9936,0.9934,0.9943,0.9944,0.9948
3;2,0.1476,0.1405,0.1446,0.1482,0.156,0.1623,0.1744,0.191,0.2144,0.2426,0.2828,0.3326,0.3884,0.4511,0.5158,0.579,0.6397,0.6952,0.7433,0.7849,0.8227,0.8529,0.8782,0.9007,0.9193,0.9362,0.9497,0.9621,0.9738,0.9829,0.9913,0.9992,1.0068,1.0126,1.0193,1.0249,1.0302,1.0385,1.0456,1.0554,1.066,1.0792,1.0945,1.1122,1.1307,1.1516,1.1741,1.1963,1.2185,1.2355,1.2494,1.2583,1.2651,1.2685,1.271,1.2699,1.2706,1.2683,1.2682,1.2664,1.2652,1.2642,1.263,1.2619,1.2604,1.2573,1.2576,1.2553,1.2537,1.2537,1.2528,1.2528,1.2518,1.2509,1.249,1.248,1.2481,1.2482,1.2461,1.2461,1.2465,1.247,1.246,1.2463,1.2461,1.246,1.2455,1.2471,1.247,1.2462,1.2468,1.2466,1.2474,1.2467,1.2476,1.2475
,,,,,,,,,,,,,,,,,,,,,,,,,,,,,,,,,,,,,,,,,,,,,,,,,,,,,,,,,,,,,,,,,,,,,,,,,,,,,,,,,,,,,,,,,,,,,,,,
Cycles / Well,,,,,,,,,,,,,,,,,,,,,,,,,,,,,,,,,,,,,,,,,,,,,,,,,,,,,,,,,,,,,,,,,,,,,,,,,,,,,,,,,,,,,,,,,,,,,,,,
D5,1,2,3,4,5,6,7,8,9,10,11,12,13,14,15,16,17,18,19,20,21,22,23,24,25,26,27,28,29,30,31,32,33,34,35,36,37,38,39,40,41,42,43,44,45,46,47,48,49,50,51,52,53,54,55,56,57,58,59,60,61,62,63,64,65,66,67,68,69,70,71,72,73,74,75,76,77,78,79,80,81,82,83,84,85,86,87,88,89,90,91,92,93,94,95,96
Time [s],0,1799.827,3599.741,5399.669,7199.582,8999.52,10799.439,12599.362,14399.295,16199.216,17999.146,19799.079,21599.004,23398.923,25198.859,26998.777,28798.697,30598.623,32398.553,34198.485,35998.416,37798.341,39598.268,41398.198,43198.124,44998.054,46797.976,48597.918,50397.831,52197.762,53997.692,55797.629,57597.534,59397.461,61197.38,62997.315,64797.24,66597.165,68397.092,70197.031,71996.926,73796.86,75596.777,77396.712,79196.627,80996.562,82796.484,84596.403,86396.337,88196.281,89996.203,91796.133,93596.059,95395.99,97195.917,98995.844,100795.796,102595.694,104395.689,106195.553,107995.487,109795.413,111595.34,113395.273,115195.195,116995.132,118795.052,120594.981,122394.898,124194.845,125994.76,127794.681,129594.622,131394.544,133194.474,134994.397,136794.315,138594.255,140394.181,142194.115,143994.039,145793.949,147593.888,149393.809,151193.742,152993.677,154793.597,156593.512,158393.435,160193.362,161993.31,163793.212,165593.147,167393.086,169192.983,170992.91
Temp. [°C],20.1,30,29.8,30,30.1,30,29.9,30.1,30.1,30.1,30,30,30,30,30,30,30,30,30,30,30,30,30.1,30.1,30.1,30.1,30,30,30.1,30.1,30,30,30.1,30,29.9,30,30.1,30,30.1,29.9,30.1,29.8,30,29.9,30.1,30,30,29.9,30,30,30,30.1,29.9,30.2,30.1,30.1,30.1,30,30,30,30,30,30,30,30,30,30.1,30,30,30.2,30,30.1,30,30.1,30,30,30,30,30,30,29.9,30.1,30.1,30.1,30.1,30.1,29.9,30,29.8,30.1,30.1,29.8,29.9,30,30,30
Mean,0.12384,0.11882,0.12134,0.12384,0.12784,0.13296,0.14018,0.15094,0.16628,0.1874,0.21642,0.25508,0.30426,0.3626,0.42682,0.49498,0.56306,0.6273,0.6866,0.73738,0.78124,0.8178,0.84848,0.87492,0.89782,0.918,0.93576,0.95068,0.96524,0.9771,0.98948,1.00026,1.01176,1.02212,1.03176,1.04344,1.05524,1.06786,1.08244,1.09704,1.11324,1.1304,1.1486,1.16346,1.17754,1.18796,1.1957,1.19998,1.20262,1.20356,1.20258,1.20114,1.1984,1.19824,1.19658,1.1932,1.19144,1.18918,1.1861,1.18386,1.18118,1.17946,1.17668,1.17538,1.17272,1.17098,1.16936,1.16768,1.16666,1.16474,1.16364,1.1628,1.16112,1.16046,1.1589,1.15796,1.15724,1.15648,1.15574,1.15516,1.15428,1.154,1.15426,1.15354,1.15276,1.15254,1.15194,1.15196,1.15138,1.15116,1.151,1.15082,1.15086,1.1507,1.15168,1.15168
StDev,0.003447898,0.003536524,0.004177679,0.004491993,0.005515252,0.006453139,0.007440228,0.009155217,0.01151334,0.013596139,0.016488238,0.019842807,0.022921889,0.02618215,0.029122706,0.03292092,0.036828902,0.040824502,0.045503736,0.048801609,0.051400418,0.054839356,0.056899183,0.059271173,0.061880263,0.063260809,0.065326051,0.067231778,0.069254047,0.071695641,0.073164486,0.075431313,0.077609619,0.079207399,0.082077055,0.085273988,0.088307406,0.09114641,0.094867792,0.097862419,0.101593568,0.105825635,0.109117116,0.111398375,0.114268316,0.115430317,0.116057292,0.115824035,0.116183226,0.11608524,0.116381407,0.116980439,0.1180272,0.117421391,0.117767788,0.117468102,0.117446426,0.117349742,0.117639088,0.117416217,0.118321351,0.118524694,0.118342435,0.118395511,0.118548606,0.118985386,0.118360521,0.118544473,0.118669175,0.118586479,0.118424123,0.118735062,0.118347505,0.119087879,0.118829373,0.118490708,0.118132142,0.118320273,0.117417303,0.117495034,0.117340347,0.117255938,0.116882561,0.117342673,0.116952589,0.11640259,0.115907433,0.116105934,0.116049933,0.115925549,0.115472702,0.114994291,0.115057759,0.114791942,0.114457512,0.114624635
1;2,0.1213,0.1161,0.1176,0.1195,0.1221,0.1262,0.1321,0.1406,0.1531,0.1713,0.197,0.2321,0.2779,0.3342,0.3979,0.4677,0.5378,0.605,0.6662,0.7204,0.7668,0.8052,0.8389,0.8654,0.8895,0.9123,0.9313,0.9463,0.9615,0.9751,0.9887,1.0006,1.0139,1.0251,1.0356,1.0485,1.0627,1.0765,1.0957,1.1125,1.1322,1.1528,1.1745,1.1904,1.2076,1.2193,1.2271,1.2321,1.2348,1.2366,1.2356,1.2335,1.2319,1.2324,1.2322,1.2256,1.2255,1.2247,1.2198,1.218,1.2156,1.214,1.2098,1.2091,1.2074,1.2062,1.203,1.2017,1.2014,1.1999,1.1986,1.1989,1.1961,1.1959,1.194,1.1923,1.1915,1.1904,1.1903,1.1886,1.1884,1.1878,1.189,1.1883,1.1866,1.1874,1.1858,1.1865,1.1847,1.1845,1.1847,1.1847,1.1849,1.1839,1.1841,1.185
2;1,0.1253,0.1205,0.1234,0.1263,0.1307,0.1356,0.1427,0.1527,0.1668,0.1858,0.212,0.246,0.2903,0.3408,0.3969,0.4544,0.5128,0.5678,0.6185,0.6627,0.7017,0.7323,0.7596,0.7826,0.8017,0.8187,0.8334,0.8457,0.8578,0.866,0.8763,0.8835,0.8918,0.8999,0.9062,0.9134,0.9213,0.9297,0.9385,0.9496,0.9606,0.9714,0.9846,0.9972,1.0071,1.0157,1.0231,1.027,1.0294,1.03,1.0288,1.028,1.0239,1.0245,1.0218,1.0195,1.0178,1.0158,1.0127,1.0106,1.0068,1.0051,1.0028,1.0016,0.9985,0.9964,0.9953,0.9935,0.9927,0.991,0.9904,0.9893,0.9882,0.9864,0.9858,0.9851,0.985,0.9841,0.9844,0.984,0.9831,0.9832,0.9839,0.9829,0.9826,0.9829,0.9836,0.9835,0.9833,0.9834,0.9838,0.9841,0.9841,0.9846,0.9859,0.9859
2;2,0.1235,0.1175,0.1193,0.1216,0.1251,0.1295,0.1362,0.1464,0.161,0.1818,0.2101,0.2492,0.2992,0.3607,0.4285,0.5012,0.5744,0.644,0.7077,0.7633,0.8097,0.8511,0.883,0.9114,0.9378,0.9609,0.98,0.9969,1.0124,1.0261,1.0399,1.0514,1.0649,1.0769,1.0879,1.1012,1.1149,1.1281,1.145,1.161,1.1765,1.1961,1.2143,1.2294,1.2432,1.2541,1.2608,1.2655,1.2672,1.2665,1.2656,1.2628,1.2586,1.2594,1.257,1.2544,1.2524,1.2496,1.2462,1.2436,1.2415,1.2392,1.2368,1.2347,1.2317,1.2289,1.2286,1.2273,1.2256,1.2237,1.2221,1.2208,1.2187,1.2183,1.2158,1.2161,1.2159,1.2146,1.2143,1.2133,1.2126,1.2113,1.2125,1.211,1.2112,1.2109,1.2097,1.2099,1.2093,1.2095,1.2085,1.2084,1.2081,1.2084,1.2104,1.2102
2;3,0.1202,0.1158,0.1187,0.1213,0.1253,0.1307,0.1383,0.1498,0.1661,0.1897,0.2216,0.2638,0.3181,0.3816,0.4519,0.5275,0.6012,0.6706,0.7363,0.7906,0.8372,0.8762,0.9098,0.939,0.9642,0.9833,1.0035,1.0204,1.0382,1.0525,1.0662,1.0797,1.093,1.1047,1.1187,1.1343,1.1495,1.1659,1.1831,1.2015,1.2231,1.2439,1.2658,1.2845,1.302,1.3133,1.3231,1.3259,1.3299,1.331,1.3306,1.3323,1.3317,1.3296,1.3279,1.3255,1.3231,1.3204,1.3191,1.3164,1.3148,1.3139,1.3114,1.3105,1.3077,1.3072,1.3043,1.3026,1.3021,1.2999,1.2991,1.2986,1.2971,1.2972,1.2963,1.2943,1.2928,1.2929,1.29,1.2905,1.2888,1.2893,1.2879,1.2886,1.287,1.2853,1.2851,1.2851,1.2852,1.2846,1.284,1.2828,1.2831,1.2828,1.2829,1.283
3;2,0.1289,0.1242,0.1277,0.1305,0.136,0.1428,0.1516,0.1652,0.1844,0.2084,0.2414,0.2843,0.3358,0.3957,0.4589,0.5241,0.5891,0.6491,0.7043,0.7499,0.7908,0.8242,0.8511,0.8762,0.8959,0.9148,0.9306,0.9441,0.9563,0.9658,0.9763,0.9861,0.9952,1.004,1.0104,1.0198,1.0278,1.0391,1.0499,1.0606,1.0738,1.0878,1.1038,1.1158,1.1278,1.1374,1.1444,1.1494,1.1518,1.1537,1.1523,1.1491,1.1459,1.1453,1.144,1.141,1.1384,1.1354,1.1327,1.1307,1.1272,1.1251,1.1226,1.121,1.1183,1.1162,1.1156,1.1133,1.1115,1.1092,1.108,1.1064,1.1055,1.1045,1.1026,1.102,1.101,1.1004,1.0997,1.0994,1.0985,1.0984,1.098,1.0969,1.0964,1.0962,1.0955,1.0948,1.0944,1.0938,1.094,1.0941,1.0941,1.0938,1.0951,1.0943
,,,,,,,,,,,,,,,,,,,,,,,,,,,,,,,,,,,,,,,,,,,,,,,,,,,,,,,,,,,,,,,,,,,,,,,,,,,,,,,,,,,,,,,,,,,,,,,,
Cycles / Well,,,,,,,,,,,,,,,,,,,,,,,,,,,,,,,,,,,,,,,,,,,,,,,,,,,,,,,,,,,,,,,,,,,,,,,,,,,,,,,,,,,,,,,,,,,,,,,,
D6,1,2,3,4,5,6,7,8,9,10,11,12,13,14,15,16,17,18,19,20,21,22,23,24,25,26,27,28,29,30,31,32,33,34,35,36,37,38,39,40,41,42,43,44,45,46,47,48,49,50,51,52,53,54,55,56,57,58,59,60,61,62,63,64,65,66,67,68,69,70,71,72,73,74,75,76,77,78,79,80,81,82,83,84,85,86,87,88,89,90,91,92,93,94,95,96
Time [s],0,1799.827,3599.741,5399.669,7199.582,8999.52,10799.439,12599.362,14399.295,16199.216,17999.146,19799.079,21599.004,23398.923,25198.859,26998.777,28798.697,30598.623,32398.553,34198.485,35998.416,37798.341,39598.268,41398.198,43198.124,44998.054,46797.976,48597.918,50397.831,52197.762,53997.692,55797.629,57597.534,59397.461,61197.38,62997.315,64797.24,66597.165,68397.092,70197.031,71996.926,73796.86,75596.777,77396.712,79196.627,80996.562,82796.484,84596.403,86396.337,88196.281,89996.203,91796.133,93596.059,95395.99,97195.917,98995.844,100795.796,102595.694,104395.689,106195.553,107995.487,109795.413,111595.34,113395.273,115195.195,116995.132,118795.052,120594.981,122394.898,124194.845,125994.76,127794.681,129594.622,131394.544,133194.474,134994.397,136794.315,138594.255,140394.181,142194.115,143994.039,145793.949,147593.888,149393.809,151193.742,152993.677,154793.597,156593.512,158393.435,160193.362,161993.31,163793.212,165593.147,167393.086,169192.983,170992.91
Temp. [°C],20.1,30,29.8,30,30.1,30,29.9,30.1,30.1,30.1,30,30,30,30,30,30,30,30,30,30,30,30,30.1,30.1,30.1,30.1,30,30,30.1,30.1,30,30,30.1,30,29.9,30,30.1,30,30.1,29.9,30.1,29.8,30,29.9,30.1,30,30,29.9,30,30,30,30.1,29.9,30.2,30.1,30.1,30.1,30,30,30,30,30,30,30,30,30,30.1,30,30,30.2,30,30.1,30,30.1,30,30,30,30,30,30,29.9,30.1,30.1,30.1,30.1,30.1,29.9,30,29.8,30.1,30.1,29.8,29.9,30,30,30
Mean,0.12316,0.1173,0.1198,0.12286,0.12672,0.13206,0.13988,0.1508,0.16694,0.18886,0.2193,0.2614,0.31558,0.38604,0.469,0.56754,0.67968,0.7977,0.91016,1.0099,1.08752,1.14526,1.1856,1.2161,1.2393,1.25966,1.2767,1.29162,1.30484,1.31664,1.32854,1.3383,1.34636,1.35332,1.35922,1.3627,1.3658,1.36748,1.3699,1.37152,1.37328,1.37602,1.37654,1.37792,1.37952,1.38008,1.38168,1.38202,1.38302,1.38402,1.38502,1.38584,1.38682,1.38732,1.38776,1.38836,1.3895,1.38946,1.39034,1.39056,1.39098,1.39204,1.39232,1.39296,1.39344,1.39402,1.3951,1.39584,1.39596,1.39664,1.39758,1.39824,1.39834,1.39944,1.39944,1.40034,1.40104,1.4025,1.40154,1.40252,1.40254,1.4037,1.40466,1.40576,1.40556,1.40618,1.40654,1.40704,1.40726,1.4082,1.40876,1.40934,1.41,1.41076,1.41122,1.41192
StDev,0.003339611,0.002872281,0.004051543,0.00506636,0.006111219,0.007159818,0.008778496,0.010745232,0.013726726,0.01696122,0.02108803,0.02563874,0.029644089,0.032453551,0.034285565,0.032735959,0.029175538,0.026139338,0.023741377,0.021842504,0.018963439,0.019088164,0.017952576,0.017796207,0.017412783,0.017478787,0.017001765,0.016629702,0.01655666,0.016738369,0.016432681,0.017182986,0.016703084,0.016471551,0.01674685,0.016193672,0.016466177,0.016487632,0.016368109,0.015929438,0.016065709,0.016580018,0.016266776,0.016743267,0.01652247,0.016858292,0.016063841,0.015981458,0.016885112,0.016262903,0.016747746,0.016546389,0.017190899,0.016491574,0.016796666,0.017147828,0.017103362,0.016615144,0.016729405,0.016914136,0.017337445,0.017139662,0.017347104,0.017184528,0.017538044,0.017347104,0.017264559,0.017205464,0.016837993,0.016847047,0.017057022,0.016831459,0.017361538,0.01700744,0.017000971,0.017603778,0.017314098,0.01712323,0.017052507,0.017215023,0.017222311,0.016802083,0.017046202,0.017446576,0.018129065,0.017875038,0.017975483,0.017644348,0.017838105,0.017767245,0.017717449,0.017961848,0.018136565,0.017911253,0.017661455,0.018268744
1;2,0.1215,0.1154,0.1163,0.1183,0.1211,0.1254,0.1314,0.1403,0.1533,0.1716,0.1973,0.2335,0.2826,0.3488,0.429,0.5281,0.6438,0.7653,0.8817,0.9847,1.0673,1.1275,1.1707,1.2018,1.226,1.2472,1.2659,1.2814,1.2939,1.3056,1.3181,1.328,1.3373,1.3447,1.3499,1.3522,1.3564,1.3589,1.3615,1.3625,1.3642,1.3674,1.3673,1.3684,1.3706,1.3715,1.3728,1.3737,1.3753,1.3756,1.3755,1.3762,1.378,1.3786,1.3778,1.3784,1.3795,1.3805,1.3817,1.3818,1.3824,1.3837,1.3836,1.3836,1.384,1.3848,1.3863,1.3865,1.3874,1.3882,1.3886,1.3897,1.3895,1.391,1.3906,1.3916,1.3917,1.3937,1.392,1.3932,1.3948,1.3954,1.3968,1.3978,1.3961,1.3976,1.3972,1.3982,1.398,1.399,1.4003,1.4007,1.4015,1.4029,1.4025,1.4029
2;1,0.1252,0.1197,0.1232,0.1277,0.1326,0.1385,0.1479,0.1598,0.1774,0.2007,0.2324,0.2765,0.3324,0.4043,0.487,0.5812,0.6884,0.7987,0.905,0.9985,1.0739,1.1272,1.1675,1.1967,1.2189,1.2389,1.2555,1.2709,1.2838,1.2953,1.3071,1.316,1.3238,1.3308,1.3367,1.3419,1.3435,1.3446,1.3471,1.3497,1.3513,1.3529,1.3542,1.355,1.3565,1.3564,1.3595,1.3595,1.3588,1.361,1.3617,1.3631,1.3621,1.3638,1.3642,1.3644,1.3662,1.3661,1.3665,1.3665,1.3661,1.3672,1.3675,1.3688,1.3684,1.3694,1.3704,1.3715,1.3719,1.3727,1.3732,1.3741,1.3733,1.3749,1.3748,1.3746,1.3761,1.3776,1.3772,1.3778,1.377,1.3792,1.3798,1.3802,1.3792,1.3798,1.3804,1.3812,1.3811,1.3822,1.3825,1.3827,1.383,1.3838,1.3851,1.3849
2;2,0.1237,0.1166,0.1182,0.1207,0.1239,0.1285,0.1355,0.1451,0.1599,0.1805,0.2093,0.2498,0.3028,0.374,0.458,0.5607,0.6796,0.8035,0.9187,1.023,1.1013,1.1616,1.202,1.2319,1.2559,1.2766,1.2943,1.3095,1.3231,1.335,1.347,1.3581,1.3656,1.3723,1.379,1.3822,1.3848,1.3863,1.389,1.389,1.3912,1.3948,1.3952,1.3967,1.3981,1.3993,1.3995,1.3997,1.402,1.402,1.4034,1.4044,1.4052,1.4048,1.4054,1.407,1.4081,1.4074,1.4085,1.4085,1.4095,1.4101,1.4111,1.4114,1.4122,1.4129,1.4139,1.4142,1.4141,1.4156,1.416,1.4164,1.4169,1.4178,1.4167,1.4187,1.4193,1.4205,1.4195,1.4207,1.4201,1.4214,1.4231,1.4255,1.4244,1.4247,1.4254,1.4253,1.4256,1.4269,1.4273,1.4283,1.4292,1.4296,1.4298,1.431
2;3,0.1184,0.114,0.1163,0.1187,0.122,0.1269,0.1339,0.1441,0.1587,0.1792,0.2082,0.2492,0.3021,0.371,0.453,0.5525,0.6644,0.7848,0.9,1.003,1.0825,1.1416,1.181,1.2133,1.2379,1.2574,1.2745,1.289,1.3044,1.3163,1.3289,1.3375,1.3463,1.3535,1.3596,1.3633,1.3668,1.3685,1.3713,1.3726,1.3744,1.3773,1.3784,1.3793,1.3813,1.3817,1.383,1.3838,1.3845,1.3861,1.3875,1.388,1.3899,1.39,1.3914,1.3916,1.3908,1.3915,1.3928,1.3927,1.3932,1.3947,1.3947,1.3952,1.3969,1.3968,1.3978,1.3985,1.3983,1.3988,1.4007,1.4009,1.4016,1.4023,1.403,1.4043,1.4053,1.4066,1.4056,1.4065,1.4058,1.4072,1.4073,1.4098,1.4101,1.4105,1.4111,1.4113,1.4126,1.4136,1.4137,1.4149,1.4156,1.4163,1.4169,1.4176
3;2,0.127,0.1208,0.125,0.1289,0.134,0.141,0.1507,0.1647,0.1854,0.2123,0.2493,0.298,0.358,0.4321,0.518,0.6152,0.7222,0.8362,0.9454,1.0403,1.1126,1.1684,1.2068,1.2368,1.2578,1.2782,1.2933,1.3073,1.319,1.331,1.3416,1.3519,1.3588,1.3653,1.3709,1.3739,1.3775,1.3791,1.3806,1.3838,1.3853,1.3877,1.3876,1.3902,1.3911,1.3915,1.3936,1.3934,1.3945,1.3954,1.397,1.3975,1.3989,1.3994,1.4,1.4004,1.4029,1.4018,1.4022,1.4033,1.4037,1.4045,1.4047,1.4058,1.4057,1.4062,1.4071,1.4085,1.4081,1.4079,1.4094,1.4101,1.4104,1.4112,1.4121,1.4125,1.4128,1.4141,1.4134,1.4144,1.415,1.4153,1.4163,1.4155,1.418,1.4183,1.4186,1.4192,1.419,1.4193,1.42,1.4201,1.4207,1.4212,1.4218,1.4232
,,,,,,,,,,,,,,,,,,,,,,,,,,,,,,,,,,,,,,,,,,,,,,,,,,,,,,,,,,,,,,,,,,,,,,,,,,,,,,,,,,,,,,,,,,,,,,,,
Cycles / Well,,,,,,,,,,,,,,,,,,,,,,,,,,,,,,,,,,,,,,,,,,,,,,,,,,,,,,,,,,,,,,,,,,,,,,,,,,,,,,,,,,,,,,,,,,,,,,,,
D7,1,2,3,4,5,6,7,8,9,10,11,12,13,14,15,16,17,18,19,20,21,22,23,24,25,26,27,28,29,30,31,32,33,34,35,36,37,38,39,40,41,42,43,44,45,46,47,48,49,50,51,52,53,54,55,56,57,58,59,60,61,62,63,64,65,66,67,68,69,70,71,72,73,74,75,76,77,78,79,80,81,82,83,84,85,86,87,88,89,90,91,92,93,94,95,96
Time [s],0,1799.827,3599.741,5399.669,7199.582,8999.52,10799.439,12599.362,14399.295,16199.216,17999.146,19799.079,21599.004,23398.923,25198.859,26998.777,28798.697,30598.623,32398.553,34198.485,35998.416,37798.341,39598.268,41398.198,43198.124,44998.054,46797.976,48597.918,50397.831,52197.762,53997.692,55797.629,57597.534,59397.461,61197.38,62997.315,64797.24,66597.165,68397.092,70197.031,71996.926,73796.86,75596.777,77396.712,79196.627,80996.562,82796.484,84596.403,86396.337,88196.281,89996.203,91796.133,93596.059,95395.99,97195.917,98995.844,100795.796,102595.694,104395.689,106195.553,107995.487,109795.413,111595.34,113395.273,115195.195,116995.132,118795.052,120594.981,122394.898,124194.845,125994.76,127794.681,129594.622,131394.544,133194.474,134994.397,136794.315,138594.255,140394.181,142194.115,143994.039,145793.949,147593.888,149393.809,151193.742,152993.677,154793.597,156593.512,158393.435,160193.362,161993.31,163793.212,165593.147,167393.086,169192.983,170992.91
Temp. [°C],20.1,30,29.8,30,30.1,30,29.9,30.1,30.1,30.1,30,30,30,30,30,30,30,30,30,30,30,30,30.1,30.1,30.1,30.1,30,30,30.1,30.1,30,30,30.1,30,29.9,30,30.1,30,30.1,29.9,30.1,29.8,30,29.9,30.1,30,30,29.9,30,30,30,30.1,29.9,30.2,30.1,30.1,30.1,30,30,30,30,30,30,30,30,30,30.1,30,30,30.2,30,30.1,30,30.1,30,30,30,30,30,30,29.9,30.1,30.1,30.1,30.1,30.1,29.9,30,29.8,30.1,30.1,29.8,29.9,30,30,30
Mean,0.12284,0.11684,0.11956,0.12224,0.12576,0.13068,0.13772,0.14814,0.16306,0.18432,0.21314,0.25294,0.3056,0.37178,0.45352,0.5501,0.65996,0.77894,0.89394,0.99654,1.08328,1.14482,1.18982,1.22246,1.24862,1.27018,1.28792,1.30422,1.3192,1.33114,1.34352,1.35274,1.3617,1.36942,1.37686,1.38232,1.38454,1.38674,1.38878,1.38998,1.3915,1.39378,1.39444,1.39608,1.39756,1.39812,1.3994,1.40056,1.40152,1.4022,1.40308,1.40388,1.4048,1.40586,1.40704,1.40756,1.4072,1.40904,1.40974,1.41016,1.41076,1.41188,1.41216,1.41334,1.41326,1.41432,1.41536,1.41582,1.41652,1.4165,1.41748,1.41832,1.41856,1.41986,1.41984,1.42064,1.42124,1.42234,1.42208,1.42326,1.42462,1.42456,1.42564,1.4259,1.42624,1.42698,1.42774,1.42866,1.42916,1.42982,1.42996,1.43076,1.43124,1.4321,1.43228,1.4329
StDev,0.002909983,0.00325776,0.00418963,0.004920163,0.005794221,0.006789477,0.007932024,0.01028144,0.013226224,0.016967528,0.021559754,0.027059804,0.032172892,0.0360789,0.039487112,0.041277536,0.040725643,0.040523919,0.039912943,0.037887768,0.03475359,0.033506596,0.032165463,0.032286034,0.031507094,0.031917425,0.030896149,0.030430363,0.031159108,0.031376153,0.031008176,0.031027294,0.031334805,0.031072287,0.030987142,0.031140279,0.031153058,0.031129134,0.031731246,0.03131696,0.031394506,0.031892585,0.031094903,0.03053141,0.031392005,0.031808285,0.031077082,0.030997306,0.031442678,0.031689352,0.031666339,0.031662075,0.031612735,0.031557139,0.031637762,0.032027925,0.031672307,0.031612861,0.032127838,0.031646058,0.032502046,0.031999406,0.032472342,0.031686243,0.032302523,0.03245238,0.03260733,0.032431805,0.031723603,0.032356529,0.032570953,0.032045234,0.032138108,0.032513966,0.032834783,0.033069971,0.033065813,0.032800198,0.032809328,0.032473728,0.032450686,0.03271816,0.032568052,0.033149736,0.033286679,0.032893647,0.032652994,0.033007166,0.032724654,0.032942556,0.03267343,0.033066494,0.033201852,0.033122273,0.033057329,0.033012725
1;2,0.1212,0.1144,0.1158,0.1176,0.1201,0.124,0.1295,0.1371,0.1486,0.1651,0.1881,0.2207,0.2666,0.3265,0.4025,0.4953,0.6066,0.7268,0.8448,0.9535,1.0459,1.1125,1.1584,1.1929,1.2229,1.2446,1.2639,1.2813,1.2955,1.3095,1.322,1.3312,1.3413,1.3477,1.3561,1.3608,1.3638,1.3663,1.3677,1.3684,1.3706,1.3735,1.3746,1.3763,1.3771,1.3785,1.3797,1.3808,1.3812,1.3822,1.3828,1.383,1.3847,1.3849,1.3857,1.3862,1.3869,1.3888,1.3886,1.3896,1.391,1.3931,1.3924,1.3936,1.3943,1.3958,1.3963,1.3968,1.3982,1.3975,1.3983,1.3994,1.3993,1.4012,1.4008,1.4021,1.4022,1.4041,1.4023,1.4045,1.4049,1.4063,1.4071,1.4086,1.4069,1.4091,1.4095,1.4107,1.4111,1.4113,1.4116,1.412,1.4125,1.415,1.4144,1.4143
2;1,0.1241,0.1191,0.1227,0.126,0.13,0.1352,0.1428,0.1541,0.1697,0.1916,0.2207,0.2605,0.3124,0.3759,0.4549,0.5453,0.6457,0.7565,0.8639,0.9611,1.0482,1.1065,1.1531,1.1832,1.2077,1.229,1.2471,1.264,1.2776,1.2874,1.3007,1.3101,1.3178,1.3269,1.3338,1.3396,1.3409,1.3429,1.3443,1.3464,1.3475,1.3485,1.3504,1.3528,1.3533,1.3526,1.3552,1.3567,1.3571,1.357,1.3581,1.3591,1.3596,1.3615,1.3627,1.3624,1.3621,1.3641,1.3642,1.3652,1.3637,1.3651,1.3652,1.3676,1.3661,1.3666,1.3677,1.3684,1.37,1.3692,1.3698,1.3715,1.3717,1.372,1.3715,1.3717,1.3726,1.3738,1.3743,1.3754,1.3773,1.376,1.3775,1.376,1.3772,1.3778,1.3792,1.3794,1.3804,1.3809,1.3814,1.3819,1.382,1.3821,1.3828,1.3839
2;2,0.1223,0.1161,0.118,0.1204,0.1236,0.1279,0.1344,0.1439,0.158,0.1784,0.2064,0.2458,0.2991,0.3677,0.4526,0.5552,0.6721,0.799,0.9193,1.0256,1.1125,1.1751,1.2195,1.2514,1.2791,1.3025,1.3185,1.3356,1.3505,1.3617,1.3747,1.3847,1.3938,1.4013,1.4081,1.4149,1.4153,1.4178,1.4205,1.4202,1.4223,1.4254,1.4257,1.4258,1.4286,1.4298,1.4298,1.4317,1.4329,1.4333,1.4339,1.4344,1.4354,1.437,1.4379,1.4386,1.438,1.4402,1.4407,1.4409,1.4421,1.4423,1.4435,1.443,1.4441,1.4453,1.4467,1.4468,1.447,1.4475,1.4482,1.4488,1.4488,1.4506,1.4504,1.4518,1.4524,1.4535,1.4529,1.4533,1.4544,1.4549,1.4559,1.4565,1.4569,1.457,1.4576,1.4592,1.4592,1.4599,1.4596,1.4618,1.4617,1.4624,1.4625,1.4631
2;3,0.1195,0.1134,0.1161,0.1184,0.1215,0.1261,0.133,0.1427,0.1565,0.1769,0.2048,0.2436,0.2951,0.362,0.4445,0.5436,0.6569,0.7792,0.8989,1.0044,1.0905,1.1539,1.1995,1.2346,1.2616,1.2808,1.2999,1.3141,1.3321,1.3457,1.3564,1.3651,1.3736,1.381,1.3882,1.3944,1.3971,1.4002,1.4021,1.4033,1.4041,1.4068,1.4072,1.4092,1.4103,1.4112,1.4119,1.4128,1.4145,1.4157,1.4162,1.4183,1.4197,1.4196,1.421,1.4226,1.4214,1.423,1.4252,1.4251,1.4264,1.427,1.4272,1.4287,1.428,1.4296,1.4308,1.4315,1.4319,1.4325,1.4339,1.4341,1.4347,1.4362,1.4374,1.4372,1.4376,1.438,1.4386,1.4401,1.442,1.4413,1.4427,1.4439,1.4442,1.4444,1.445,1.4457,1.4468,1.4475,1.4477,1.4481,1.449,1.4499,1.4505,1.4509
3;2,0.1271,0.1212,0.1252,0.1288,0.1336,0.1402,0.1489,0.1629,0.1825,0.2096,0.2457,0.2941,0.3548,0.4268,0.5131,0.6111,0.7185,0.8332,0.9428,1.0381,1.1193,1.1761,1.2186,1.2502,1.2718,1.294,1.3102,1.3261,1.3403,1.3514,1.3638,1.3726,1.382,1.3902,1.3981,1.4019,1.4056,1.4065,1.4093,1.4116,1.413,1.4147,1.4143,1.4163,1.4185,1.4185,1.4204,1.4208,1.4219,1.4228,1.4244,1.4246,1.4246,1.4263,1.4279,1.428,1.4276,1.4291,1.43,1.43,1.4306,1.4319,1.4325,1.4338,1.4338,1.4343,1.4353,1.4356,1.4355,1.4358,1.4372,1.4378,1.4383,1.4393,1.4391,1.4404,1.4414,1.4423,1.4423,1.443,1.4445,1.4443,1.445,1.4445,1.446,1.4466,1.4474,1.4483,1.4483,1.4495,1.4495,1.45,1.451,1.4511,1.4512,1.4523
,,,,,,,,,,,,,,,,,,,,,,,,,,,,,,,,,,,,,,,,,,,,,,,,,,,,,,,,,,,,,,,,,,,,,,,,,,,,,,,,,,,,,,,,,,,,,,,,
Cycles / Well,,,,,,,,,,,,,,,,,,,,,,,,,,,,,,,,,,,,,,,,,,,,,,,,,,,,,,,,,,,,,,,,,,,,,,,,,,,,,,,,,,,,,,,,,,,,,,,,
D8,1,2,3,4,5,6,7,8,9,10,11,12,13,14,15,16,17,18,19,20,21,22,23,24,25,26,27,28,29,30,31,32,33,34,35,36,37,38,39,40,41,42,43,44,45,46,47,48,49,50,51,52,53,54,55,56,57,58,59,60,61,62,63,64,65,66,67,68,69,70,71,72,73,74,75,76,77,78,79,80,81,82,83,84,85,86,87,88,89,90,91,92,93,94,95,96
Time [s],0,1799.827,3599.741,5399.669,7199.582,8999.52,10799.439,12599.362,14399.295,16199.216,17999.146,19799.079,21599.004,23398.923,25198.859,26998.777,28798.697,30598.623,32398.553,34198.485,35998.416,37798.341,39598.268,41398.198,43198.124,44998.054,46797.976,48597.918,50397.831,52197.762,53997.692,55797.629,57597.534,59397.461,61197.38,62997.315,64797.24,66597.165,68397.092,70197.031,71996.926,73796.86,75596.777,77396.712,79196.627,80996.562,82796.484,84596.403,86396.337,88196.281,89996.203,91796.133,93596.059,95395.99,97195.917,98995.844,100795.796,102595.694,104395.689,106195.553,107995.487,109795.413,111595.34,113395.273,115195.195,116995.132,118795.052,120594.981,122394.898,124194.845,125994.76,127794.681,129594.622,131394.544,133194.474,134994.397,136794.315,138594.255,140394.181,142194.115,143994.039,145793.949,147593.888,149393.809,151193.742,152993.677,154793.597,156593.512,158393.435,160193.362,161993.31,163793.212,165593.147,167393.086,169192.983,170992.91
Temp. [°C],20.1,30,29.8,30,30.1,30,29.9,30.1,30.1,30.1,30,30,30,30,30,30,30,30,30,30,30,30,30.1,30.1,30.1,30.1,30,30,30.1,30.1,30,30,30.1,30,29.9,30,30.1,30,30.1,29.9,30.1,29.8,30,29.9,30.1,30,30,29.9,30,30,30,30.1,29.9,30.2,30.1,30.1,30.1,30,30,30,30,30,30,30,30,30,30.1,30,30,30.2,30,30.1,30,30.1,30,30,30,30,30,30,29.9,30.1,30.1,30.1,30.1,30.1,29.9,30,29.8,30.1,30.1,29.8,29.9,30,30,30
Mean,0.1175,0.11102,0.11384,0.1172,0.12152,0.12602,0.13286,0.1426,0.15612,0.17474,0.19988,0.23376,0.2762,0.3283,0.3907,0.4608,0.53764,0.62074,0.70646,0.7949,0.88416,0.96862,1.04766,1.11744,1.17738,1.2272,1.26522,1.29444,1.3176,1.338,1.35694,1.37344,1.38952,1.40412,1.4165,1.42716,1.43392,1.43948,1.44268,1.44498,1.44696,1.44922,1.45146,1.45242,1.45312,1.45334,1.45438,1.45532,1.45584,1.45626,1.45628,1.45652,1.45702,1.45882,1.45962,1.45888,1.46042,1.46106,1.46132,1.4605,1.46108,1.46156,1.46112,1.46266,1.4626,1.46202,1.46286,1.46306,1.4637,1.46344,1.4636,1.46488,1.46522,1.46538,1.4653,1.46466,1.46552,1.46696,1.4669,1.46702,1.46754,1.46762,1.46932,1.46846,1.4688,1.46956,1.47004,1.47036,1.47064,1.47174,1.47156,1.47218,1.47202,1.47286,1.47354,1.4745
StDev,0.002241651,0.00243146,0.00281567,0.002622022,0.003105157,0.003501,0.004322384,0.005897881,0.008022281,0.010851175,0.014992898,0.021128606,0.028565014,0.038680486,0.050395287,0.063568349,0.079325803,0.095049266,0.109604598,0.125453358,0.138483837,0.150374971,0.156772504,0.160127349,0.160930628,0.158800708,0.155916122,0.155288387,0.154276424,0.1540131,0.154134983,0.153884463,0.154401577,0.154167513,0.154194325,0.153919989,0.15331134,0.15130688,0.150886421,0.149487983,0.148017729,0.147285155,0.146171092,0.1468908,0.146617912,0.146492058,0.146323296,0.14621502,0.146751024,0.1477333,0.147958008,0.148439809,0.149098045,0.149283579,0.148705656,0.149649313,0.148552035,0.148948424,0.148546414,0.149247898,0.149199889,0.15003084,0.149656463,0.149467598,0.150222086,0.15057263,0.150555631,0.150394491,0.149163266,0.149901528,0.15021879,0.149064003,0.150253293,0.150688195,0.151201405,0.151534428,0.15147649,0.151879255,0.150949727,0.151078016,0.151393603,0.151131357,0.14994538,0.151376511,0.151990312,0.150904616,0.151029047,0.151817614,0.151396939,0.151698955,0.152033477,0.151801818,0.151969444,0.151643506,0.152088159,0.151899934
1;2,0.1165,0.1108,0.1131,0.1165,0.1199,0.1231,0.1278,0.1349,0.1449,0.1592,0.1793,0.2061,0.2407,0.2833,0.3346,0.393,0.4573,0.5268,0.5982,0.6724,0.7487,0.8216,0.8924,0.9573,1.0177,1.0714,1.1125,1.1434,1.1687,1.1894,1.2077,1.2261,1.2406,1.2561,1.2693,1.2813,1.2877,1.2955,1.2992,1.3022,1.3069,1.3122,1.3162,1.3149,1.3182,1.317,1.3191,1.3187,1.3201,1.3188,1.3185,1.317,1.3181,1.3181,1.3215,1.3185,1.3221,1.3218,1.3228,1.3218,1.323,1.3218,1.3221,1.3241,1.3228,1.3225,1.3218,1.3217,1.3242,1.3248,1.3228,1.327,1.3248,1.3264,1.3241,1.3241,1.3245,1.3267,1.3263,1.3257,1.328,1.3266,1.3306,1.3277,1.3271,1.3296,1.3292,1.3287,1.3294,1.3313,1.3314,1.3329,1.3324,1.3331,1.3323,1.3344
2;1,0.1198,0.1141,0.1177,0.1208,0.1249,0.1294,0.1363,0.146,0.1588,0.175,0.1957,0.2235,0.2579,0.2992,0.3497,0.4061,0.4644,0.5299,0.6025,0.6729,0.749,0.8182,0.8899,0.9553,1.0125,1.0626,1.1028,1.131,1.1543,1.1744,1.1942,1.2087,1.2258,1.2411,1.2522,1.2626,1.2692,1.2765,1.2803,1.2849,1.2875,1.2887,1.2924,1.2935,1.2928,1.2945,1.2944,1.2969,1.2954,1.2942,1.2935,1.2938,1.2919,1.2953,1.2953,1.2944,1.2967,1.298,1.298,1.2955,1.2956,1.2958,1.2951,1.2972,1.2959,1.2941,1.2962,1.2976,1.2991,1.2966,1.2979,1.299,1.299,1.2968,1.2969,1.2951,1.2968,1.2975,1.2992,1.2989,1.2969,1.2994,1.302,1.2989,1.2991,1.3009,1.3017,1.3009,1.3013,1.3015,1.3001,1.3005,1.2996,1.3016,1.3027,1.303
2;2,0.1184,0.112,0.1147,0.1182,0.1237,0.1285,0.1363,0.1471,0.163,0.1854,0.2168,0.2603,0.3137,0.3812,0.4608,0.5504,0.649,0.7529,0.8592,0.9666,1.0718,1.1666,1.2502,1.3203,1.3795,1.4257,1.459,1.4857,1.5072,1.5265,1.5464,1.5606,1.5785,1.5949,1.606,1.6164,1.6202,1.6233,1.6255,1.6261,1.6267,1.6284,1.6306,1.6313,1.6326,1.6326,1.6325,1.6339,1.6342,1.6332,1.6327,1.6318,1.6312,1.6354,1.6353,1.6352,1.6364,1.6397,1.6385,1.637,1.6386,1.6393,1.638,1.64,1.639,1.6389,1.6394,1.6403,1.6402,1.6402,1.6409,1.6407,1.6419,1.6418,1.6406,1.6401,1.642,1.6457,1.644,1.6425,1.6425,1.6439,1.6455,1.6423,1.6446,1.6449,1.6452,1.6464,1.6452,1.6468,1.6463,1.6469,1.6451,1.6462,1.6481,1.6485
2;3,0.1141,0.1074,0.1099,0.1136,0.1171,0.1215,0.1285,0.1376,0.1508,0.1698,0.1954,0.2309,0.2763,0.3322,0.3991,0.4756,0.5642,0.6573,0.7508,0.8529,0.9525,1.0505,1.136,1.2114,1.2744,1.3247,1.3621,1.3932,1.417,1.4376,1.4561,1.4749,1.4902,1.5027,1.5168,1.5281,1.5352,1.5392,1.5437,1.5456,1.5463,1.5479,1.5487,1.5514,1.5508,1.5511,1.5527,1.5528,1.5549,1.5583,1.5587,1.5613,1.5643,1.5631,1.5647,1.5648,1.5648,1.5629,1.5639,1.5653,1.5637,1.5659,1.5652,1.5667,1.5686,1.5674,1.5686,1.5685,1.5672,1.5684,1.5682,1.5692,1.5708,1.572,1.5737,1.5738,1.5734,1.5734,1.573,1.5746,1.576,1.5745,1.5744,1.5789,1.578,1.5776,1.5783,1.5785,1.5795,1.5814,1.5819,1.5821,1.5836,1.5841,1.5839,1.5852
3;2,0.1187,0.1108,0.1138,0.1169,0.122,0.1276,0.1354,0.1474,0.1631,0.1843,0.2122,0.248,0.2924,0.3456,0.4093,0.4789,0.5533,0.6368,0.7216,0.8097,0.8988,0.9862,1.0698,1.1429,1.2028,1.2516,1.2897,1.3189,1.3408,1.3621,1.3803,1.3969,1.4125,1.4258,1.4382,1.4474,1.4573,1.4629,1.4647,1.4661,1.4674,1.4689,1.4694,1.471,1.4712,1.4715,1.4732,1.4743,1.4746,1.4768,1.478,1.4787,1.4796,1.4822,1.4813,1.4815,1.4821,1.4829,1.4834,1.4829,1.4845,1.485,1.4852,1.4853,1.4867,1.4872,1.4883,1.4872,1.4878,1.4872,1.4882,1.4885,1.4896,1.4899,1.4912,1.4902,1.4909,1.4915,1.492,1.4934,1.4943,1.4937,1.4941,1.4945,1.4952,1.4948,1.4958,1.4973,1.4978,1.4977,1.4981,1.4985,1.4994,1.4993,1.5007,1.5014
,,,,,,,,,,,,,,,,,,,,,,,,,,,,,,,,,,,,,,,,,,,,,,,,,,,,,,,,,,,,,,,,,,,,,,,,,,,,,,,,,,,,,,,,,,,,,,,,
Cycles / Well,,,,,,,,,,,,,,,,,,,,,,,,,,,,,,,,,,,,,,,,,,,,,,,,,,,,,,,,,,,,,,,,,,,,,,,,,,,,,,,,,,,,,,,,,,,,,,,,
D9,1,2,3,4,5,6,7,8,9,10,11,12,13,14,15,16,17,18,19,20,21,22,23,24,25,26,27,28,29,30,31,32,33,34,35,36,37,38,39,40,41,42,43,44,45,46,47,48,49,50,51,52,53,54,55,56,57,58,59,60,61,62,63,64,65,66,67,68,69,70,71,72,73,74,75,76,77,78,79,80,81,82,83,84,85,86,87,88,89,90,91,92,93,94,95,96
Time [s],0,1799.827,3599.741,5399.669,7199.582,8999.52,10799.439,12599.362,14399.295,16199.216,17999.146,19799.079,21599.004,23398.923,25198.859,26998.777,28798.697,30598.623,32398.553,34198.485,35998.416,37798.341,39598.268,41398.198,43198.124,44998.054,46797.976,48597.918,50397.831,52197.762,53997.692,55797.629,57597.534,59397.461,61197.38,62997.315,64797.24,66597.165,68397.092,70197.031,71996.926,73796.86,75596.777,77396.712,79196.627,80996.562,82796.484,84596.403,86396.337,88196.281,89996.203,91796.133,93596.059,95395.99,97195.917,98995.844,100795.796,102595.694,104395.689,106195.553,107995.487,109795.413,111595.34,113395.273,115195.195,116995.132,118795.052,120594.981,122394.898,124194.845,125994.76,127794.681,129594.622,131394.544,133194.474,134994.397,136794.315,138594.255,140394.181,142194.115,143994.039,145793.949,147593.888,149393.809,151193.742,152993.677,154793.597,156593.512,158393.435,160193.362,161993.31,163793.212,165593.147,167393.086,169192.983,170992.91
Temp. [°C],20.1,30,29.8,30,30.1,30,29.9,30.1,30.1,30.1,30,30,30,30,30,30,30,30,30,30,30,30,30.1,30.1,30.1,30.1,30,30,30.1,30.1,30,30,30.1,30,29.9,30,30.1,30,30.1,29.9,30.1,29.8,30,29.9,30.1,30,30,29.9,30,30,30,30.1,29.9,30.2,30.1,30.1,30.1,30,30,30,30,30,30,30,30,30,30.1,30,30,30.2,30,30.1,30,30.1,30,30,30,30,30,30,29.9,30.1,30.1,30.1,30.1,30.1,29.9,30,29.8,30.1,30.1,29.8,29.9,30,30,30
Mean,0.12054,0.11352,0.11644,0.11826,0.12124,0.12518,0.13124,0.13984,0.15182,0.1683,0.19042,0.21922,0.25638,0.29926,0.3491,0.40104,0.45258,0.50322,0.55138,0.59512,0.63422,0.66772,0.6974,0.72206,0.74334,0.7613,0.77596,0.78862,0.79954,0.80954,0.81884,0.82558,0.83246,0.83748,0.8422,0.84704,0.85108,0.85616,0.86124,0.86584,0.8717,0.87904,0.88828,0.89648,0.90802,0.92078,0.93714,0.9543,0.97454,0.9976,1.02128,1.04738,1.0737,1.10112,1.1248,1.1439,1.16102,1.17448,1.184,1.1908,1.19502,1.19894,1.2001,1.20378,1.20426,1.20506,1.20606,1.20652,1.20774,1.2079,1.20834,1.20978,1.2091,1.21024,1.21032,1.2108,1.21188,1.21228,1.21284,1.21322,1.21304,1.21414,1.21614,1.2156,1.2164,1.21746,1.2178,1.21894,1.21904,1.22012,1.22146,1.22154,1.22204,1.22236,1.22414,1.22526
StDev,0.002899655,0.003607908,0.003703107,0.004040792,0.004512538,0.005210758,0.006342161,0.00785958,0.009826342,0.012180107,0.014814587,0.017580586,0.021086299,0.023036341,0.027017494,0.029931305,0.032330048,0.034705144,0.037862409,0.040369506,0.042674372,0.045034398,0.046969831,0.048513328,0.049801034,0.050815352,0.052017766,0.053085045,0.053802119,0.054952962,0.05634326,0.056611456,0.057326155,0.057932866,0.058725335,0.059448322,0.059906945,0.06043168,0.06140092,0.062179482,0.06316993,0.064217622,0.065299824,0.066995649,0.068756941,0.072080837,0.075377901,0.078946153,0.083868784,0.089846647,0.095221699,0.100029581,0.104896806,0.110641344,0.114269878,0.117355571,0.118157382,0.118217562,0.11967529,0.120519625,0.120092181,0.120924865,0.119646249,0.120640507,0.120654001,0.120110149,0.120071991,0.119904866,0.120677807,0.12102225,0.120803924,0.120868553,0.121054451,0.12101057,0.121943315,0.122124772,0.121236843,0.120430631,0.120724368,0.121478957,0.121370705,0.120413342,0.120043609,0.122281479,0.121626868,0.121197702,0.121563276,0.122316814,0.122583127,0.123410401,0.122811005,0.122800175,0.123401694,0.122885691,0.123561373,0.12353782
1;2,0.118,0.111,0.1142,0.1152,0.1178,0.1208,0.1254,0.1321,0.1415,0.1547,0.1732,0.1977,0.23,0.2691,0.3134,0.3613,0.4089,0.4573,0.5028,0.5451,0.5832,0.6152,0.6444,0.6682,0.6895,0.708,0.7227,0.7352,0.7466,0.7571,0.7662,0.7753,0.7829,0.789,0.7954,0.801,0.8061,0.8125,0.8195,0.8263,0.8346,0.8446,0.8576,0.8678,0.8834,0.8983,0.9196,0.9423,0.9669,0.9946,1.0222,1.0509,1.0818,1.1108,1.14,1.1566,1.1766,1.1915,1.2031,1.2117,1.2174,1.2219,1.2213,1.2293,1.2287,1.2275,1.2293,1.2294,1.2338,1.2337,1.2332,1.2364,1.2341,1.2355,1.2346,1.2348,1.236,1.2374,1.2378,1.2369,1.237,1.2371,1.2409,1.2386,1.2395,1.2417,1.2423,1.2421,1.2433,1.2451,1.2474,1.2469,1.2481,1.2477,1.2493,1.2519
2;1,0.1233,0.1183,0.1213,0.123,0.127,0.1313,0.1387,0.1484,0.1616,0.1798,0.2027,0.2322,0.2692,0.3105,0.3581,0.4068,0.4541,0.4994,0.5442,0.5828,0.6186,0.6483,0.6748,0.6969,0.7163,0.7315,0.7433,0.7543,0.7632,0.7708,0.779,0.7827,0.7884,0.7929,0.7948,0.7983,0.8005,0.8047,0.8078,0.8105,0.8147,0.8195,0.826,0.8314,0.8395,0.8482,0.8592,0.8711,0.8845,0.8988,0.9144,0.9335,0.9516,0.9721,0.9891,1.0042,1.0198,1.0318,1.038,1.0435,1.0468,1.0487,1.0516,1.0537,1.0534,1.0555,1.0566,1.0574,1.0559,1.0563,1.0567,1.0581,1.0568,1.0577,1.0561,1.056,1.0585,1.0602,1.0598,1.0584,1.0584,1.0605,1.0626,1.0588,1.06,1.0613,1.0609,1.0616,1.0602,1.06,1.0613,1.0617,1.0606,1.062,1.0626,1.0632
2;2,0.12,0.1126,0.1163,0.1171,0.1201,0.1238,0.1296,0.1379,0.1498,0.1667,0.1898,0.2208,0.2609,0.3097,0.3656,0.425,0.4857,0.5442,0.5989,0.6494,0.6951,0.734,0.7679,0.7955,0.8206,0.841,0.8579,0.8728,0.8851,0.8974,0.9097,0.9172,0.9258,0.9327,0.9389,0.9452,0.9499,0.9563,0.9633,0.9694,0.9772,0.986,0.9967,1.0072,1.0211,1.0385,1.059,1.0804,1.1067,1.1366,1.1656,1.196,1.226,1.2624,1.288,1.3115,1.3287,1.3409,1.3503,1.3581,1.3597,1.363,1.363,1.3667,1.366,1.3669,1.3673,1.3675,1.3681,1.3682,1.3682,1.3691,1.3682,1.3687,1.3689,1.369,1.3691,1.3678,1.3693,1.3702,1.3698,1.369,1.37,1.3722,1.3715,1.3708,1.3709,1.3739,1.3726,1.3744,1.3735,1.3731,1.3735,1.3728,1.376,1.3759
2;3,0.1176,0.1096,0.1118,0.114,0.1165,0.12,0.1254,0.133,0.1437,0.1586,0.1788,0.2057,0.2402,0.2818,0.3293,0.3801,0.4333,0.4855,0.5328,0.5781,0.6182,0.6537,0.6838,0.7095,0.7326,0.752,0.768,0.7818,0.7934,0.804,0.8132,0.821,0.8284,0.8334,0.8396,0.8455,0.8507,0.8562,0.8624,0.8677,0.8744,0.8835,0.894,0.9037,0.9157,0.9306,0.9479,0.9661,0.9882,1.0144,1.0426,1.0742,1.1051,1.1318,1.1584,1.1806,1.1977,1.2121,1.2242,1.2301,1.2362,1.243,1.2439,1.2469,1.2502,1.2511,1.2525,1.2533,1.2545,1.2564,1.2576,1.2588,1.2602,1.262,1.2651,1.2668,1.2671,1.2675,1.2671,1.2693,1.269,1.2713,1.2724,1.2746,1.2758,1.2776,1.279,1.2804,1.2821,1.2836,1.2858,1.2872,1.2885,1.2898,1.2911,1.2927
3;2,0.1238,0.1161,0.1186,0.122,0.1248,0.13,0.1371,0.1478,0.1625,0.1817,0.2076,0.2397,0.2816,0.3252,0.3791,0.432,0.4809,0.5297,0.5782,0.6202,0.656,0.6874,0.7161,0.7402,0.7577,0.774,0.7879,0.799,0.8094,0.8184,0.8261,0.8317,0.8368,0.8394,0.8423,0.8452,0.8482,0.8511,0.8532,0.8553,0.8576,0.8616,0.8671,0.8723,0.8804,0.8883,0.9,0.9116,0.9264,0.9436,0.9616,0.9823,1.004,1.0285,1.0485,1.0666,1.0823,1.0961,1.1044,1.1106,1.115,1.1181,1.1207,1.1223,1.123,1.1243,1.1246,1.125,1.1264,1.1249,1.126,1.1265,1.1262,1.1273,1.1269,1.1274,1.1287,1.1285,1.1302,1.1313,1.131,1.1328,1.1348,1.1338,1.1352,1.1359,1.1359,1.1367,1.137,1.1375,1.1393,1.1388,1.1395,1.1395,1.1417,1.1426
,,,,,,,,,,,,,,,,,,,,,,,,,,,,,,,,,,,,,,,,,,,,,,,,,,,,,,,,,,,,,,,,,,,,,,,,,,,,,,,,,,,,,,,,,,,,,,,,
Cycles / Well,,,,,,,,,,,,,,,,,,,,,,,,,,,,,,,,,,,,,,,,,,,,,,,,,,,,,,,,,,,,,,,,,,,,,,,,,,,,,,,,,,,,,,,,,,,,,,,,
D10,1,2,3,4,5,6,7,8,9,10,11,12,13,14,15,16,17,18,19,20,21,22,23,24,25,26,27,28,29,30,31,32,33,34,35,36,37,38,39,40,41,42,43,44,45,46,47,48,49,50,51,52,53,54,55,56,57,58,59,60,61,62,63,64,65,66,67,68,69,70,71,72,73,74,75,76,77,78,79,80,81,82,83,84,85,86,87,88,89,90,91,92,93,94,95,96
Time [s],0,1799.827,3599.741,5399.669,7199.582,8999.52,10799.439,12599.362,14399.295,16199.216,17999.146,19799.079,21599.004,23398.923,25198.859,26998.777,28798.697,30598.623,32398.553,34198.485,35998.416,37798.341,39598.268,41398.198,43198.124,44998.054,46797.976,48597.918,50397.831,52197.762,53997.692,55797.629,57597.534,59397.461,61197.38,62997.315,64797.24,66597.165,68397.092,70197.031,71996.926,73796.86,75596.777,77396.712,79196.627,80996.562,82796.484,84596.403,86396.337,88196.281,89996.203,91796.133,93596.059,95395.99,97195.917,98995.844,100795.796,102595.694,104395.689,106195.553,107995.487,109795.413,111595.34,113395.273,115195.195,116995.132,118795.052,120594.981,122394.898,124194.845,125994.76,127794.681,129594.622,131394.544,133194.474,134994.397,136794.315,138594.255,140394.181,142194.115,143994.039,145793.949,147593.888,149393.809,151193.742,152993.677,154793.597,156593.512,158393.435,160193.362,161993.31,163793.212,165593.147,167393.086,169192.983,170992.91
Temp. [°C],20.1,30,29.8,30,30.1,30,29.9,30.1,30.1,30.1,30,30,30,30,30,30,30,30,30,30,30,30,30.1,30.1,30.1,30.1,30,30,30.1,30.1,30,30,30.1,30,29.9,30,30.1,30,30.1,29.9,30.1,29.8,30,29.9,30.1,30,30,29.9,30,30,30,30.1,29.9,30.2,30.1,30.1,30.1,30,30,30,30,30,30,30,30,30,30.1,30,30,30.2,30,30.1,30,30.1,30,30,30,30,30,30,29.9,30.1,30.1,30.1,30.1,30.1,29.9,30,29.8,30.1,30.1,29.8,29.9,30,30,30
Mean,0.1208,0.11294,0.1154,0.11784,0.1211,0.1253,0.13182,0.1408,0.15314,0.17052,0.19416,0.2269,0.26978,0.32538,0.3946,0.47676,0.5731,0.68048,0.79718,0.9129,1.01754,1.10776,1.17622,1.22614,1.26342,1.29152,1.31388,1.33308,1.35016,1.3651,1.37956,1.39178,1.40326,1.41332,1.4221,1.42992,1.43528,1.43942,1.44116,1.44326,1.4444,1.4462,1.44892,1.4495,1.45172,1.45208,1.45408,1.4546,1.45608,1.45696,1.4583,1.45904,1.45964,1.46114,1.46172,1.46226,1.46322,1.46406,1.4645,1.46486,1.4653,1.46594,1.46656,1.4682,1.46848,1.46898,1.46994,1.4701,1.47114,1.47128,1.4722,1.47298,1.47382,1.4748,1.475,1.4753,1.47602,1.47714,1.47782,1.47782,1.478,1.47914,1.48014,1.4803,1.48162,1.4818,1.48242,1.483,1.48382,1.48442,1.48498,1.48604,1.4864,1.48618,1.48726,1.48816
StDev,0.002485961,0.002228901,0.002754088,0.002936495,0.003578407,0.004157523,0.005548153,0.006900725,0.008650607,0.010962071,0.013575272,0.016826022,0.02098397,0.025344171,0.031363833,0.037205752,0.045423232,0.052844602,0.059849745,0.064605224,0.065956334,0.064914313,0.060645544,0.057829301,0.057287232,0.055000109,0.054294631,0.053054001,0.052501933,0.052793134,0.051588303,0.052237506,0.051881143,0.051858914,0.05243291,0.051223549,0.050850438,0.050224018,0.049651213,0.049702545,0.049579582,0.050304374,0.049856715,0.049363043,0.050146854,0.049848641,0.049727427,0.049511514,0.049234916,0.049460419,0.050055969,0.050207848,0.050872321,0.051066653,0.050065377,0.050320652,0.049610856,0.050016127,0.050137361,0.050133053,0.050284988,0.050295407,0.050547334,0.049535694,0.050125812,0.050246413,0.050503346,0.050382289,0.04999348,0.050507692,0.050046428,0.049682764,0.050560034,0.050703402,0.050463452,0.050888456,0.050790915,0.05126254,0.050440876,0.051157082,0.050110727,0.050525221,0.050062741,0.051626398,0.050895943,0.050591007,0.050796378,0.050814024,0.050725014,0.050651673,0.050772896,0.051103014,0.051330741,0.051332563,0.05118577,0.050740102
1;2,0.1181,0.1108,0.1128,0.115,0.1174,0.1207,0.1254,0.1322,0.1417,0.1551,0.1742,0.2005,0.2355,0.2826,0.3413,0.4143,0.499,0.5985,0.7096,0.8227,0.9296,1.0249,1.1028,1.1587,1.1977,1.2316,1.2573,1.2789,1.2974,1.3127,1.3295,1.3419,1.3536,1.365,1.3729,1.3806,1.3872,1.3928,1.3958,1.3973,1.3998,1.4006,1.4044,1.4044,1.4066,1.4075,1.4093,1.4089,1.4116,1.4112,1.4134,1.4126,1.4128,1.4131,1.4175,1.4162,1.4195,1.4197,1.419,1.4206,1.4195,1.4209,1.4204,1.4246,1.4244,1.4233,1.4245,1.4245,1.4273,1.4268,1.4274,1.4301,1.4293,1.4294,1.4305,1.4295,1.4309,1.432,1.4328,1.4307,1.4328,1.4328,1.4346,1.4333,1.4351,1.4362,1.4368,1.4371,1.4386,1.44,1.4402,1.4403,1.441,1.4398,1.4405,1.4429
2;1,0.1227,0.1153,0.1187,0.1214,0.1255,0.1302,0.1382,0.1479,0.1617,0.1803,0.2057,0.2391,0.2812,0.3345,0.401,0.4785,0.5688,0.6682,0.7762,0.8849,0.9853,1.0719,1.1383,1.1869,1.2237,1.2506,1.2713,1.2908,1.3073,1.3214,1.3366,1.3478,1.3603,1.3692,1.3782,1.3876,1.3923,1.3966,1.3985,1.4005,1.4011,1.4027,1.4058,1.4068,1.409,1.4098,1.4115,1.4126,1.4132,1.4145,1.4142,1.4159,1.4157,1.4175,1.417,1.4186,1.4191,1.4196,1.4209,1.4202,1.4216,1.4211,1.4225,1.4233,1.4235,1.4252,1.4253,1.4257,1.4261,1.4253,1.4279,1.4276,1.428,1.4295,1.4283,1.4297,1.4302,1.4306,1.4322,1.4327,1.4326,1.4344,1.4358,1.4349,1.4361,1.4363,1.4368,1.4372,1.4379,1.4378,1.4381,1.4394,1.439,1.4398,1.4409,1.4413
2;2,0.1217,0.113,0.1153,0.1178,0.1208,0.1249,0.1308,0.1395,0.152,0.17,0.1951,0.2308,0.2781,0.3407,0.4187,0.5109,0.6206,0.7413,0.87,0.9932,1.1026,1.1918,1.2562,1.3039,1.3396,1.3662,1.3878,1.4056,1.4222,1.437,1.4502,1.4633,1.4753,1.4846,1.4942,1.4998,1.5052,1.509,1.5101,1.5116,1.5128,1.5155,1.5178,1.5174,1.5208,1.5218,1.5226,1.5227,1.5236,1.5242,1.5261,1.5265,1.5271,1.5294,1.5289,1.5296,1.53,1.5315,1.5319,1.5323,1.5326,1.5331,1.5344,1.5346,1.5358,1.536,1.5369,1.5374,1.5383,1.538,1.5392,1.5393,1.541,1.542,1.5408,1.5425,1.5431,1.5438,1.5444,1.5453,1.5442,1.5457,1.5464,1.5492,1.5484,1.5485,1.5494,1.5497,1.5502,1.5511,1.5515,1.5525,1.5533,1.5531,1.5541,1.5544
2;3,0.1182,0.1106,0.1126,0.1149,0.1179,0.1219,0.1279,0.1367,0.1486,0.1656,0.1885,0.2216,0.2652,0.3233,0.3957,0.4825,0.5863,0.7017,0.8268,0.9493,1.0548,1.1479,1.2142,1.2609,1.3004,1.326,1.3488,1.3673,1.3836,1.3999,1.4137,1.4267,1.4365,1.4481,1.4574,1.4648,1.469,1.4722,1.4736,1.4765,1.4776,1.4801,1.4826,1.4827,1.4861,1.4847,1.488,1.4881,1.4897,1.4914,1.4938,1.4953,1.4978,1.4982,1.4983,1.4991,1.4993,1.5001,1.5009,1.5013,1.5022,1.5029,1.5032,1.5042,1.505,1.5062,1.5079,1.5071,1.5075,1.5094,1.5089,1.5098,1.5115,1.5128,1.5139,1.5136,1.5144,1.5175,1.5158,1.5162,1.5153,1.5172,1.5176,1.5182,1.5202,1.5199,1.5208,1.5216,1.5229,1.5228,1.5237,1.5257,1.526,1.5258,1.5262,1.5269
3;2,0.1233,0.115,0.1176,0.1201,0.1239,0.1288,0.1368,0.1477,0.1617,0.1816,0.2073,0.2425,0.2889,0.3458,0.4163,0.4976,0.5908,0.6927,0.8033,0.9144,1.0154,1.1023,1.1696,1.2203,1.2557,1.2832,1.3042,1.3228,1.3403,1.3545,1.3678,1.3792,1.3906,1.3997,1.4078,1.4168,1.4227,1.4265,1.4278,1.4304,1.4307,1.4321,1.434,1.4362,1.4361,1.4366,1.439,1.4407,1.4423,1.4435,1.444,1.4449,1.4448,1.4475,1.4469,1.4478,1.4482,1.4494,1.4498,1.4499,1.4506,1.4517,1.4523,1.4543,1.4537,1.4542,1.4551,1.4558,1.4565,1.4569,1.4576,1.4581,1.4593,1.4603,1.4615,1.4612,1.4615,1.4618,1.4639,1.4642,1.4651,1.4656,1.4663,1.4659,1.4683,1.4681,1.4683,1.4694,1.4695,1.4704,1.4714,1.4723,1.4727,1.4724,1.4746,1.4753
,,,,,,,,,,,,,,,,,,,,,,,,,,,,,,,,,,,,,,,,,,,,,,,,,,,,,,,,,,,,,,,,,,,,,,,,,,,,,,,,,,,,,,,,,,,,,,,,
Cycles / Well,,,,,,,,,,,,,,,,,,,,,,,,,,,,,,,,,,,,,,,,,,,,,,,,,,,,,,,,,,,,,,,,,,,,,,,,,,,,,,,,,,,,,,,,,,,,,,,,
D11,1,2,3,4,5,6,7,8,9,10,11,12,13,14,15,16,17,18,19,20,21,22,23,24,25,26,27,28,29,30,31,32,33,34,35,36,37,38,39,40,41,42,43,44,45,46,47,48,49,50,51,52,53,54,55,56,57,58,59,60,61,62,63,64,65,66,67,68,69,70,71,72,73,74,75,76,77,78,79,80,81,82,83,84,85,86,87,88,89,90,91,92,93,94,95,96
Time [s],0,1799.827,3599.741,5399.669,7199.582,8999.52,10799.439,12599.362,14399.295,16199.216,17999.146,19799.079,21599.004,23398.923,25198.859,26998.777,28798.697,30598.623,32398.553,34198.485,35998.416,37798.341,39598.268,41398.198,43198.124,44998.054,46797.976,48597.918,50397.831,52197.762,53997.692,55797.629,57597.534,59397.461,61197.38,62997.315,64797.24,66597.165,68397.092,70197.031,71996.926,73796.86,75596.777,77396.712,79196.627,80996.562,82796.484,84596.403,86396.337,88196.281,89996.203,91796.133,93596.059,95395.99,97195.917,98995.844,100795.796,102595.694,104395.689,106195.553,107995.487,109795.413,111595.34,113395.273,115195.195,116995.132,118795.052,120594.981,122394.898,124194.845,125994.76,127794.681,129594.622,131394.544,133194.474,134994.397,136794.315,138594.255,140394.181,142194.115,143994.039,145793.949,147593.888,149393.809,151193.742,152993.677,154793.597,156593.512,158393.435,160193.362,161993.31,163793.212,165593.147,167393.086,169192.983,170992.91
Temp. [°C],20.1,30,29.8,30,30.1,30,29.9,30.1,30.1,30.1,30,30,30,30,30,30,30,30,30,30,30,30,30.1,30.1,30.1,30.1,30,30,30.1,30.1,30,30,30.1,30,29.9,30,30.1,30,30.1,29.9,30.1,29.8,30,29.9,30.1,30,30,29.9,30,30,30,30.1,29.9,30.2,30.1,30.1,30.1,30,30,30,30,30,30,30,30,30,30.1,30,30,30.2,30,30.1,30,30.1,30,30,30,30,30,30,29.9,30.1,30.1,30.1,30.1,30.1,29.9,30,29.8,30.1,30.1,29.8,29.9,30,30,30
Mean,0.10436,0.09584,0.09594,0.09592,0.09596,0.09592,0.09586,0.09584,0.09586,0.09588,0.096,0.09596,0.09598,0.09596,0.09594,0.09598,0.09596,0.09598,0.09586,0.0959,0.09594,0.09598,0.09588,0.0959,0.0959,0.096,0.09598,0.09606,0.09594,0.0959,0.09596,0.09604,0.09604,0.09592,0.09592,0.096,0.09592,0.09588,0.09606,0.09588,0.09596,0.09604,0.09602,0.09606,0.096,0.09596,0.09602,0.09596,0.09596,0.09584,0.096,0.09604,0.09594,0.09602,0.09592,0.09588,0.096,0.09598,0.09604,0.09592,0.09602,0.09592,0.09598,0.096,0.09598,0.09588,0.09616,0.096,0.0959,0.0959,0.09598,0.09602,0.096,0.09596,0.09592,0.096,0.09596,0.09596,0.0959,0.09596,0.09596,0.09596,0.09594,0.09598,0.09602,0.09598,0.09592,0.09598,0.09592,0.09598,0.09604,0.09592,0.09592,0.09576,0.09602,0.09594
StDev,0.002099524,0.002267818,0.002282104,0.002226432,0.002263405,0.002217431,0.002233383,0.002338376,0.002298478,0.002308029,0.002339872,0.002354358,0.002288449,0.002409979,0.002322283,0.002313439,0.002254551,0.002334952,0.002371287,0.00235372,0.002374447,0.002288449,0.002319914,0.002409357,0.002356905,0.002369599,0.00243146,0.002394368,0.002406865,0.002409357,0.002440901,0.002406865,0.002374447,0.002386839,0.002441721,0.002441311,0.002380546,0.002413918,0.002394368,0.002359449,0.002435775,0.002406865,0.002414953,0.00242652,0.002434132,0.002380756,0.002475278,0.002512568,0.002481532,0.002416195,0.002526856,0.002435775,0.00242755,0.002403539,0.002448877,0.002535153,0.002488976,0.002453976,0.002481532,0.002461097,0.002554799,0.0025004,0.002493391,0.002521904,0.002570409,0.00248133,0.002495596,0.002513961,0.002462722,0.002521904,0.002535153,0.002541063,0.002468805,0.002460285,0.002588822,0.002592296,0.002546174,0.002549117,0.002602883,0.00253535,0.00258515,0.002583215,0.002563786,0.002568463,0.002579147,0.002570409,0.0025004,0.002535153,0.002531205,0.002570409,0.002564761,0.002535153,0.002578178,0.002536336,0.002571381,0.002567684
1;2,0.1071,0.0991,0.0992,0.099,0.0991,0.099,0.099,0.0991,0.0991,0.0991,0.0993,0.0992,0.0991,0.0993,0.0991,0.0992,0.099,0.0992,0.0992,0.0991,0.0992,0.0991,0.099,0.0992,0.0991,0.0993,0.0993,0.0993,0.0992,0.0992,0.0993,0.0993,0.0993,0.0992,0.0993,0.0993,0.0992,0.0991,0.0993,0.099,0.0992,0.0993,0.0992,0.0993,0.0992,0.0991,0.0994,0.0993,0.0993,0.0991,0.0994,0.0992,0.0991,0.0991,0.0991,0.0992,0.0993,0.0992,0.0993,0.0992,0.0994,0.0992,0.0993,0.0993,0.0993,0.0991,0.0994,0.0993,0.0991,0.0992,0.0993,0.0994,0.0993,0.0992,0.0993,0.0993,0.0993,0.0993,0.0993,0.0992,0.0993,0.0993,0.0993,0.0993,0.0994,0.0993,0.0992,0.0993,0.0992,0.0993,0.0993,0.0992,0.0992,0.099,0.0993,0.0993
2;1,0.1037,0.0951,0.095,0.095,0.0948,0.0949,0.0948,0.0947,0.0949,0.0948,0.0949,0.0948,0.0949,0.0948,0.0948,0.095,0.0949,0.0948,0.0947,0.0947,0.0948,0.0949,0.0947,0.0947,0.0947,0.0948,0.0948,0.0949,0.0947,0.0947,0.0947,0.0948,0.0949,0.0947,0.0947,0.0947,0.0946,0.0947,0.0949,0.0947,0.0948,0.0948,0.0948,0.0948,0.0948,0.0948,0.0947,0.0946,0.0947,0.0947,0.0946,0.0948,0.0946,0.0948,0.0946,0.0945,0.0948,0.0948,0.0947,0.0946,0.0947,0.0946,0.0946,0.0947,0.0945,0.0945,0.0947,0.0946,0.0945,0.0946,0.0946,0.0945,0.0945,0.0946,0.0945,0.0945,0.0944,0.0945,0.0944,0.0944,0.0944,0.0944,0.0944,0.0945,0.0944,0.0945,0.0946,0.0946,0.0944,0.0945,0.0947,0.0945,0.0945,0.0943,0.0945,0.0945
2;2,0.106,0.0972,0.0974,0.0975,0.0976,0.0975,0.0974,0.0975,0.0974,0.0975,0.0976,0.0977,0.0977,0.0977,0.0977,0.0976,0.0977,0.0977,0.0975,0.0977,0.0977,0.0977,0.0977,0.0977,0.0977,0.0977,0.0978,0.0979,0.0978,0.0977,0.0978,0.0979,0.0978,0.0977,0.0977,0.0979,0.0977,0.0978,0.0979,0.0978,0.0979,0.0979,0.098,0.098,0.098,0.0979,0.0979,0.098,0.0979,0.0977,0.098,0.0981,0.098,0.0981,0.098,0.098,0.098,0.098,0.0981,0.0979,0.0981,0.098,0.098,0.0981,0.0982,0.098,0.0983,0.0981,0.098,0.098,0.0981,0.0981,0.098,0.098,0.0981,0.0983,0.0981,0.0981,0.0981,0.0982,0.0982,0.0982,0.0981,0.0982,0.0982,0.0982,0.098,0.0981,0.0981,0.0982,0.0983,0.0981,0.0982,0.098,0.0983,0.0981
2;3,0.1023,0.094,0.0942,0.0941,0.0943,0.0942,0.0942,0.0941,0.0941,0.0942,0.0942,0.0941,0.0942,0.0941,0.0942,0.0941,0.0942,0.0942,0.0939,0.0941,0.094,0.0942,0.0941,0.0941,0.0942,0.0942,0.0942,0.0942,0.0941,0.0941,0.0941,0.0942,0.0941,0.094,0.094,0.0942,0.0941,0.094,0.0942,0.094,0.0941,0.0942,0.0942,0.0942,0.0941,0.0941,0.0942,0.094,0.0941,0.094,0.0941,0.0942,0.0941,0.0942,0.0941,0.094,0.0941,0.094,0.0942,0.0941,0.0941,0.094,0.0941,0.0941,0.0941,0.094,0.0943,0.0941,0.0941,0.094,0.0941,0.0941,0.0942,0.0941,0.094,0.0941,0.0942,0.0941,0.094,0.0942,0.0941,0.094,0.0941,0.094,0.0942,0.0941,0.094,0.0941,0.0941,0.0941,0.0941,0.094,0.094,0.0938,0.0941,0.094
3;2,0.1027,0.0938,0.0939,0.094,0.094,0.094,0.0939,0.0938,0.0938,0.0938,0.094,0.094,0.094,0.0939,0.0939,0.094,0.094,0.094,0.094,0.0939,0.094,0.094,0.0939,0.0938,0.0938,0.094,0.0938,0.094,0.0939,0.0938,0.0939,0.094,0.0941,0.094,0.0939,0.0939,0.094,0.0938,0.094,0.0939,0.0938,0.094,0.0939,0.094,0.0939,0.0939,0.0939,0.0939,0.0938,0.0937,0.0939,0.0939,0.0939,0.0939,0.0938,0.0937,0.0938,0.0939,0.0939,0.0938,0.0938,0.0938,0.0939,0.0938,0.0938,0.0938,0.0941,0.0939,0.0938,0.0937,0.0938,0.094,0.094,0.0939,0.0937,0.0938,0.0938,0.0938,0.0937,0.0938,0.0938,0.0939,0.0938,0.0939,0.0939,0.0938,0.0938,0.0938,0.0938,0.0938,0.0938,0.0938,0.0937,0.0937,0.0939,0.0938
,,,,,,,,,,,,,,,,,,,,,,,,,,,,,,,,,,,,,,,,,,,,,,,,,,,,,,,,,,,,,,,,,,,,,,,,,,,,,,,,,,,,,,,,,,,,,,,,
Cycles / Well,,,,,,,,,,,,,,,,,,,,,,,,,,,,,,,,,,,,,,,,,,,,,,,,,,,,,,,,,,,,,,,,,,,,,,,,,,,,,,,,,,,,,,,,,,,,,,,,
D12,1,2,3,4,5,6,7,8,9,10,11,12,13,14,15,16,17,18,19,20,21,22,23,24,25,26,27,28,29,30,31,32,33,34,35,36,37,38,39,40,41,42,43,44,45,46,47,48,49,50,51,52,53,54,55,56,57,58,59,60,61,62,63,64,65,66,67,68,69,70,71,72,73,74,75,76,77,78,79,80,81,82,83,84,85,86,87,88,89,90,91,92,93,94,95,96
Time [s],0,1799.827,3599.741,5399.669,7199.582,8999.52,10799.439,12599.362,14399.295,16199.216,17999.146,19799.079,21599.004,23398.923,25198.859,26998.777,28798.697,30598.623,32398.553,34198.485,35998.416,37798.341,39598.268,41398.198,43198.124,44998.054,46797.976,48597.918,50397.831,52197.762,53997.692,55797.629,57597.534,59397.461,61197.38,62997.315,64797.24,66597.165,68397.092,70197.031,71996.926,73796.86,75596.777,77396.712,79196.627,80996.562,82796.484,84596.403,86396.337,88196.281,89996.203,91796.133,93596.059,95395.99,97195.917,98995.844,100795.796,102595.694,104395.689,106195.553,107995.487,109795.413,111595.34,113395.273,115195.195,116995.132,118795.052,120594.981,122394.898,124194.845,125994.76,127794.681,129594.622,131394.544,133194.474,134994.397,136794.315,138594.255,140394.181,142194.115,143994.039,145793.949,147593.888,149393.809,151193.742,152993.677,154793.597,156593.512,158393.435,160193.362,161993.31,163793.212,165593.147,167393.086,169192.983,170992.91
Temp. [°C],20.1,30,29.8,30,30.1,30,29.9,30.1,30.1,30.1,30,30,30,30,30,30,30,30,30,30,30,30,30.1,30.1,30.1,30.1,30,30,30.1,30.1,30,30,30.1,30,29.9,30,30.1,30,30.1,29.9,30.1,29.8,30,29.9,30.1,30,30,29.9,30,30,30,30.1,29.9,30.2,30.1,30.1,30.1,30,30,30,30,30,30,30,30,30,30.1,30,30,30.2,30,30.1,30,30.1,30,30,30,30,30,30,29.9,30.1,30.1,30.1,30.1,30.1,29.9,30,29.8,30.1,30.1,29.8,29.9,30,30,30
Mean,0.09598,0.09558,0.09566,0.09574,0.09574,0.09572,0.09562,0.09564,0.09566,0.09568,0.0958,0.09574,0.09568,0.09574,0.09566,0.09576,0.09574,0.09576,0.09568,0.09574,0.0957,0.09574,0.09572,0.09572,0.0957,0.09582,0.09574,0.09592,0.0958,0.09578,0.09578,0.09582,0.09586,0.09588,0.0958,0.09578,0.09586,0.0957,0.09584,0.0958,0.09574,0.09588,0.09586,0.09594,0.09586,0.0958,0.09586,0.09582,0.09594,0.09578,0.09582,0.09592,0.09584,0.09588,0.09584,0.09582,0.09596,0.096,0.09608,0.09594,0.09598,0.096,0.09606,0.09614,0.09614,0.09612,0.09634,0.0962,0.09632,0.0963,0.09634,0.09648,0.09644,0.0965,0.09648,0.09656,0.0966,0.09662,0.0967,0.0969,0.09688,0.09704,0.09704,0.09718,0.09724,0.09702,0.09728,0.0973,0.09722,0.09752,0.09742,0.09752,0.09744,0.09744,0.0977,0.09788
StDev,0.002940578,0.002847279,0.002775428,0.002742809,0.00275826,0.002731666,0.002776148,0.002796069,0.002809448,0.002851666,0.002836371,0.002851842,0.002904651,0.00289275,0.002877151,0.002970354,0.002944147,0.002933087,0.002998666,0.002963613,0.00297069,0.002944996,0.003011146,0.003011976,0.003023243,0.003051557,0.003133369,0.003012806,0.003078149,0.003052376,0.003037598,0.003067083,0.003119776,0.00309144,0.003118493,0.00309144,0.003010482,0.003026549,0.003133369,0.003116087,0.003148492,0.00314595,0.003157214,0.003187946,0.003159589,0.003162278,0.003068876,0.00314436,0.003078636,0.00309144,0.003149127,0.003093057,0.003121378,0.003040066,0.003105318,0.003077661,0.003130974,0.003037269,0.002947372,0.003077824,0.003039243,0.003003331,0.002991321,0.002905684,0.002900517,0.002876978,0.002851842,0.00279732,0.002774347,0.00275318,0.002674509,0.002593646,0.002648207,0.002579729,0.002573325,0.002558906,0.002540669,0.002479314,0.002547548,0.002545584,0.002524282,0.00264159,0.002690353,0.002624309,0.002711642,0.002630019,0.002788727,0.00276134,0.002780647,0.002923525,0.002879583,0.003048278,0.002902241,0.003259294,0.003273377,0.003529448
1;2,0.0995,0.099,0.0989,0.0988,0.0988,0.0987,0.0988,0.0987,0.0988,0.0989,0.0989,0.0989,0.0989,0.099,0.0988,0.099,0.0989,0.099,0.099,0.099,0.099,0.099,0.099,0.0989,0.099,0.0992,0.0991,0.0992,0.0991,0.0991,0.0991,0.0991,0.0992,0.0992,0.0992,0.0991,0.099,0.0988,0.0992,0.0991,0.099,0.0992,0.0992,0.0993,0.0992,0.0991,0.099,0.0991,0.0992,0.099,0.099,0.099,0.0989,0.0989,0.099,0.0989,0.0992,0.0991,0.0991,0.0991,0.0991,0.0991,0.0992,0.0991,0.0992,0.0991,0.0992,0.099,0.0992,0.099,0.099,0.0991,0.099,0.0989,0.0989,0.099,0.099,0.0987,0.0988,0.0991,0.099,0.0989,0.0989,0.099,0.0988,0.0989,0.0988,0.0989,0.0989,0.0991,0.0989,0.0989,0.0989,0.0987,0.0989,0.099
2;1,0.0944,0.0941,0.0943,0.0944,0.0944,0.0945,0.0944,0.0943,0.0943,0.0943,0.0944,0.0944,0.0943,0.0944,0.0943,0.0943,0.0944,0.0944,0.0943,0.0945,0.0943,0.0943,0.0943,0.0944,0.0942,0.0944,0.0944,0.0946,0.0944,0.0944,0.0944,0.0945,0.0945,0.0945,0.0944,0.0944,0.0945,0.0944,0.0945,0.0943,0.0944,0.0945,0.0944,0.0946,0.0945,0.0945,0.0946,0.0944,0.0946,0.0944,0.0945,0.0945,0.0944,0.0945,0.0944,0.0943,0.0945,0.0945,0.0946,0.0943,0.0944,0.0943,0.0944,0.0945,0.0945,0.0945,0.0946,0.0945,0.0945,0.0944,0.0945,0.0946,0.0945,0.0945,0.0943,0.0943,0.0946,0.0944,0.0944,0.0946,0.0946,0.0945,0.0944,0.0946,0.0946,0.0945,0.0945,0.0946,0.0945,0.0947,0.0946,0.0946,0.0946,0.0944,0.0946,0.0946
2;2,0.0987,0.0982,0.0983,0.0985,0.0985,0.0985,0.0983,0.0985,0.0985,0.0985,0.0987,0.0986,0.0986,0.0986,0.0986,0.0988,0.0988,0.0987,0.0987,0.0987,0.0987,0.0987,0.0988,0.0989,0.0988,0.0989,0.099,0.099,0.099,0.0989,0.0989,0.099,0.0991,0.0991,0.099,0.099,0.0991,0.099,0.0991,0.0991,0.0991,0.0992,0.0992,0.0993,0.0992,0.0992,0.0992,0.0992,0.0992,0.0991,0.0993,0.0994,0.0994,0.0993,0.0993,0.0993,0.0994,0.0994,0.0994,0.0994,0.0994,0.0994,0.0994,0.0995,0.0994,0.0994,0.0997,0.0995,0.0995,0.0996,0.0995,0.0995,0.0996,0.0996,0.0995,0.0995,0.0996,0.0996,0.0996,0.0996,0.0996,0.0996,0.0997,0.0997,0.0997,0.0996,0.0996,0.0997,0.0997,0.0998,0.0998,0.0997,0.0997,0.0995,0.0998,0.0997
2;3,0.0945,0.0941,0.0942,0.0943,0.0944,0.0943,0.0941,0.0942,0.0941,0.0942,0.0944,0.0943,0.0942,0.0942,0.0942,0.0943,0.0942,0.0943,0.0941,0.0942,0.0941,0.0943,0.0942,0.0941,0.0942,0.0942,0.094,0.0943,0.0942,0.0942,0.0941,0.0942,0.0942,0.0942,0.0941,0.0941,0.0942,0.094,0.0941,0.0942,0.0941,0.0942,0.0942,0.0942,0.0941,0.0939,0.0941,0.0941,0.0942,0.0941,0.094,0.0942,0.0941,0.0942,0.094,0.0941,0.0941,0.0942,0.0942,0.0941,0.0941,0.0941,0.0941,0.094,0.0939,0.094,0.0941,0.094,0.094,0.094,0.094,0.0942,0.094,0.094,0.094,0.0941,0.0941,0.0941,0.0939,0.094,0.094,0.0939,0.0939,0.0941,0.094,0.0939,0.094,0.094,0.0939,0.094,0.094,0.0939,0.094,0.0936,0.0939,0.0939
3;2,0.0928,0.0925,0.0926,0.0927,0.0926,0.0926,0.0925,0.0925,0.0926,0.0925,0.0926,0.0925,0.0924,0.0925,0.0924,0.0924,0.0924,0.0924,0.0923,0.0923,0.0924,0.0924,0.0923,0.0923,0.0923,0.0924,0.0922,0.0925,0.0923,0.0923,0.0924,0.0923,0.0923,0.0924,0.0923,0.0923,0.0925,0.0923,0.0923,0.0923,0.0921,0.0923,0.0923,0.0923,0.0923,0.0923,0.0924,0.0923,0.0925,0.0923,0.0923,0.0925,0.0924,0.0925,0.0925,0.0925,0.0926,0.0928,0.0931,0.0928,0.0929,0.0931,0.0932,0.0936,0.0937,0.0936,0.0941,0.094,0.0944,0.0945,0.0947,0.095,0.0951,0.0955,0.0957,0.0959,0.0957,0.0963,0.0968,0.0972,0.0972,0.0983,0.0983,0.0985,0.0991,0.0982,0.0995,0.0993,0.0991,0.1,0.0998,0.1005,0.1,0.101,0.1013,0.1022
,,,,,,,,,,,,,,,,,,,,,,,,,,,,,,,,,,,,,,,,,,,,,,,,,,,,,,,,,,,,,,,,,,,,,,,,,,,,,,,,,,,,,,,,,,,,,,,,
Cycles / Well,,,,,,,,,,,,,,,,,,,,,,,,,,,,,,,,,,,,,,,,,,,,,,,,,,,,,,,,,,,,,,,,,,,,,,,,,,,,,,,,,,,,,,,,,,,,,,,,
E1,1,2,3,4,5,6,7,8,9,10,11,12,13,14,15,16,17,18,19,20,21,22,23,24,25,26,27,28,29,30,31,32,33,34,35,36,37,38,39,40,41,42,43,44,45,46,47,48,49,50,51,52,53,54,55,56,57,58,59,60,61,62,63,64,65,66,67,68,69,70,71,72,73,74,75,76,77,78,79,80,81,82,83,84,85,86,87,88,89,90,91,92,93,94,95,96
Time [s],0,1799.827,3599.741,5399.669,7199.582,8999.52,10799.439,12599.362,14399.295,16199.216,17999.146,19799.079,21599.004,23398.923,25198.859,26998.777,28798.697,30598.623,32398.553,34198.485,35998.416,37798.341,39598.268,41398.198,43198.124,44998.054,46797.976,48597.918,50397.831,52197.762,53997.692,55797.629,57597.534,59397.461,61197.38,62997.315,64797.24,66597.165,68397.092,70197.031,71996.926,73796.86,75596.777,77396.712,79196.627,80996.562,82796.484,84596.403,86396.337,88196.281,89996.203,91796.133,93596.059,95395.99,97195.917,98995.844,100795.796,102595.694,104395.689,106195.553,107995.487,109795.413,111595.34,113395.273,115195.195,116995.132,118795.052,120594.981,122394.898,124194.845,125994.76,127794.681,129594.622,131394.544,133194.474,134994.397,136794.315,138594.255,140394.181,142194.115,143994.039,145793.949,147593.888,149393.809,151193.742,152993.677,154793.597,156593.512,158393.435,160193.362,161993.31,163793.212,165593.147,167393.086,169192.983,170992.91
Temp. [°C],20.1,30,29.8,30,30.1,30,29.9,30.1,30.1,30.1,30,30,30,30,30,30,30,30,30,30,30,30,30.1,30.1,30.1,30.1,30,30,30.1,30.1,30,30,30.1,30,29.9,30,30.1,30,30.1,29.9,30.1,29.8,30,29.9,30.1,30,30,29.9,30,30,30,30.1,29.9,30.2,30.1,30.1,30.1,30,30,30,30,30,30,30,30,30,30.1,30,30,30.2,30,30.1,30,30.1,30,30,30,30,30,30,29.9,30.1,30.1,30.1,30.1,30.1,29.9,30,29.8,30.1,30.1,29.8,29.9,30,30,30
Mean,0.0955,0.09516,0.09532,0.09532,0.0953,0.09534,0.09528,0.09528,0.09526,0.09528,0.09538,0.09534,0.09532,0.0953,0.0953,0.09532,0.09536,0.0953,0.09524,0.09536,0.09536,0.09538,0.09534,0.0953,0.09536,0.09536,0.0954,0.0955,0.09544,0.09546,0.0955,0.09552,0.0956,0.09558,0.0956,0.09558,0.09556,0.09548,0.0956,0.09558,0.0956,0.0958,0.09582,0.09588,0.09576,0.09574,0.09588,0.09586,0.09594,0.09574,0.09584,0.09596,0.0959,0.09596,0.09596,0.09602,0.09606,0.09618,0.0964,0.09628,0.09636,0.09632,0.0964,0.0965,0.09658,0.0964,0.09698,0.09674,0.09664,0.09686,0.09692,0.09698,0.09706,0.0971,0.09722,0.09724,0.09726,0.09718,0.09724,0.09736,0.0977,0.09756,0.09772,0.09776,0.09798,0.09818,0.09804,0.09812,0.09806,0.09818,0.09812,0.09846,0.09824,0.09836,0.09864,0.09862
StDev,0.002750455,0.002754632,0.002763512,0.00279589,0.002808914,0.002817446,0.002836723,0.002870017,0.00292626,0.00294822,0.002905512,0.002944996,0.002972709,0.003007491,0.003064311,0.003031006,0.003048442,0.003022416,0.003075386,0.003048442,0.003048442,0.00302192,0.003063168,0.003040559,0.003068061,0.00312618,0.003067572,0.003071645,0.003083504,0.00305254,0.00309758,0.003046637,0.00304795,0.003062189,0.002939388,0.002967659,0.003070505,0.003000333,0.003074898,0.003044175,0.002972373,0.002927456,0.003005329,0.002896032,0.002919418,0.002886694,0.002896032,0.002872804,0.002763693,0.002885827,0.00284482,0.002872804,0.002795532,0.00282365,0.002839542,0.002799464,0.002757354,0.002744449,0.002710166,0.00266402,0.002682909,0.002786934,0.00272672,0.00275681,0.002726169,0.002729469,0.002858671,0.002816558,0.002757354,0.002820993,0.002856046,0.00295415,0.003077824,0.003113679,0.003300303,0.003211386,0.003129377,0.003149127,0.003387182,0.00341804,0.003926831,0.003785234,0.003958788,0.00389782,0.004281588,0.00459913,0.00444331,0.004524047,0.004475824,0.004602934,0.00443813,0.005205094,0.004921179,0.005370568,0.005271432,0.005486073
1;2,0.0989,0.0987,0.0988,0.0988,0.0988,0.0988,0.0988,0.0988,0.0989,0.0989,0.0989,0.0989,0.0989,0.0989,0.099,0.0989,0.099,0.0989,0.0989,0.099,0.099,0.099,0.099,0.0988,0.0989,0.099,0.0989,0.0991,0.099,0.0989,0.099,0.0991,0.0991,0.0991,0.099,0.0989,0.0991,0.0989,0.099,0.0991,0.099,0.0991,0.0992,0.0991,0.0991,0.099,0.0991,0.0991,0.099,0.0989,0.0989,0.099,0.0988,0.099,0.099,0.099,0.099,0.0991,0.0992,0.099,0.0989,0.0992,0.0991,0.0991,0.0992,0.0989,0.0994,0.099,0.0989,0.099,0.099,0.0991,0.0989,0.099,0.099,0.0991,0.0991,0.0991,0.0989,0.0989,0.0989,0.099,0.0989,0.0991,0.099,0.099,0.099,0.099,0.0989,0.099,0.099,0.099,0.0989,0.0987,0.099,0.0989
2;1,0.0942,0.0941,0.0941,0.094,0.094,0.0939,0.0938,0.0938,0.0937,0.0937,0.0938,0.0938,0.0938,0.0936,0.0936,0.0936,0.0936,0.0936,0.0935,0.0936,0.0936,0.0936,0.0935,0.0935,0.0935,0.0934,0.0935,0.0936,0.0935,0.0936,0.0935,0.0936,0.0936,0.0936,0.0936,0.0936,0.0935,0.0933,0.0934,0.0934,0.0935,0.0937,0.0936,0.0938,0.0936,0.0935,0.0936,0.0935,0.0936,0.0935,0.0935,0.0936,0.0935,0.0937,0.0935,0.0936,0.0937,0.0937,0.0937,0.0937,0.0937,0.0935,0.0936,0.0935,0.0938,0.0936,0.0938,0.0937,0.0936,0.0938,0.0938,0.0937,0.0937,0.0937,0.0935,0.0938,0.0938,0.0938,0.0936,0.0936,0.0937,0.0936,0.0937,0.0937,0.0937,0.0938,0.0937,0.0937,0.0938,0.0937,0.0938,0.0937,0.0936,0.0935,0.0939,0.0937
2;2,0.0979,0.0973,0.0976,0.0977,0.0977,0.0978,0.0977,0.0978,0.0978,0.0979,0.098,0.098,0.098,0.0981,0.0981,0.0982,0.0982,0.0981,0.0981,0.0982,0.0982,0.0982,0.0982,0.0983,0.0984,0.0984,0.0985,0.0985,0.0985,0.0986,0.0987,0.0985,0.0987,0.0987,0.0986,0.0987,0.0987,0.0986,0.0989,0.0987,0.0987,0.0989,0.099,0.099,0.0988,0.0988,0.099,0.0989,0.0989,0.0989,0.099,0.0992,0.0991,0.0991,0.0991,0.0991,0.0991,0.0991,0.0992,0.0991,0.0993,0.0992,0.0992,0.0993,0.0994,0.0993,0.0995,0.0993,0.0993,0.0994,0.0993,0.0994,0.0994,0.0994,0.0994,0.0994,0.0995,0.0993,0.0994,0.0996,0.0995,0.0996,0.0995,0.0996,0.0996,0.0995,0.0996,0.0996,0.0995,0.0997,0.0997,0.0996,0.0995,0.0994,0.0997,0.0996
2;3,0.094,0.0937,0.0939,0.0939,0.0938,0.094,0.094,0.0939,0.0938,0.0938,0.094,0.0939,0.0939,0.0938,0.0938,0.0938,0.0939,0.0939,0.0938,0.0939,0.0939,0.0939,0.0939,0.0938,0.0938,0.0939,0.0938,0.0939,0.0939,0.0938,0.0938,0.0939,0.0939,0.0938,0.0938,0.0939,0.0937,0.0937,0.0938,0.0937,0.0936,0.0939,0.094,0.0939,0.0939,0.0937,0.0939,0.0938,0.0938,0.0937,0.0938,0.0939,0.094,0.094,0.0938,0.0937,0.0938,0.0937,0.0939,0.0938,0.0938,0.0938,0.0938,0.0939,0.0939,0.0937,0.094,0.0937,0.0938,0.0938,0.0938,0.0938,0.0937,0.0937,0.0938,0.0937,0.0939,0.0937,0.0936,0.0938,0.0937,0.0936,0.0937,0.0938,0.0938,0.0938,0.0937,0.0938,0.0937,0.0938,0.0938,0.0937,0.0937,0.0936,0.0939,0.0938
3;2,0.0925,0.092,0.0922,0.0922,0.0922,0.0922,0.0921,0.0921,0.0921,0.0921,0.0922,0.0921,0.092,0.0921,0.092,0.0921,0.0921,0.092,0.0919,0.0921,0.0921,0.0922,0.0921,0.0921,0.0922,0.0921,0.0923,0.0924,0.0923,0.0924,0.0925,0.0925,0.0927,0.0927,0.093,0.0928,0.0928,0.0929,0.0929,0.093,0.0932,0.0934,0.0933,0.0936,0.0934,0.0937,0.0938,0.094,0.0944,0.0937,0.094,0.0941,0.0941,0.094,0.0944,0.0947,0.0947,0.0953,0.096,0.0958,0.0961,0.0959,0.0963,0.0967,0.0966,0.0965,0.0982,0.098,0.0976,0.0983,0.0987,0.0989,0.0996,0.0997,0.1004,0.1002,0.1,0.1,0.1007,0.1009,0.1027,0.102,0.1028,0.1026,0.1038,0.1048,0.1042,0.1045,0.1044,0.1047,0.1043,0.1063,0.1055,0.1066,0.1067,0.1071
,,,,,,,,,,,,,,,,,,,,,,,,,,,,,,,,,,,,,,,,,,,,,,,,,,,,,,,,,,,,,,,,,,,,,,,,,,,,,,,,,,,,,,,,,,,,,,,,
Cycles / Well,,,,,,,,,,,,,,,,,,,,,,,,,,,,,,,,,,,,,,,,,,,,,,,,,,,,,,,,,,,,,,,,,,,,,,,,,,,,,,,,,,,,,,,,,,,,,,,,
E2,1,2,3,4,5,6,7,8,9,10,11,12,13,14,15,16,17,18,19,20,21,22,23,24,25,26,27,28,29,30,31,32,33,34,35,36,37,38,39,40,41,42,43,44,45,46,47,48,49,50,51,52,53,54,55,56,57,58,59,60,61,62,63,64,65,66,67,68,69,70,71,72,73,74,75,76,77,78,79,80,81,82,83,84,85,86,87,88,89,90,91,92,93,94,95,96
Time [s],0,1799.827,3599.741,5399.669,7199.582,8999.52,10799.439,12599.362,14399.295,16199.216,17999.146,19799.079,21599.004,23398.923,25198.859,26998.777,28798.697,30598.623,32398.553,34198.485,35998.416,37798.341,39598.268,41398.198,43198.124,44998.054,46797.976,48597.918,50397.831,52197.762,53997.692,55797.629,57597.534,59397.461,61197.38,62997.315,64797.24,66597.165,68397.092,70197.031,71996.926,73796.86,75596.777,77396.712,79196.627,80996.562,82796.484,84596.403,86396.337,88196.281,89996.203,91796.133,93596.059,95395.99,97195.917,98995.844,100795.796,102595.694,104395.689,106195.553,107995.487,109795.413,111595.34,113395.273,115195.195,116995.132,118795.052,120594.981,122394.898,124194.845,125994.76,127794.681,129594.622,131394.544,133194.474,134994.397,136794.315,138594.255,140394.181,142194.115,143994.039,145793.949,147593.888,149393.809,151193.742,152993.677,154793.597,156593.512,158393.435,160193.362,161993.31,163793.212,165593.147,167393.086,169192.983,170992.91
Temp. [°C],20.1,30,29.8,30,30.1,30,29.9,30.1,30.1,30.1,30,30,30,30,30,30,30,30,30,30,30,30,30.1,30.1,30.1,30.1,30,30,30.1,30.1,30,30,30.1,30,29.9,30,30.1,30,30.1,29.9,30.1,29.8,30,29.9,30.1,30,30,29.9,30,30,30,30.1,29.9,30.2,30.1,30.1,30.1,30,30,30,30,30,30,30,30,30,30.1,30,30,30.2,30,30.1,30,30.1,30,30,30,30,30,30,29.9,30.1,30.1,30.1,30.1,30.1,29.9,30,29.8,30.1,30.1,29.8,29.9,30,30,30
Mean,0.11554,0.11686,0.11914,0.1213,0.12478,0.12938,0.13622,0.14602,0.1598,0.1793,0.206,0.24252,0.29068,0.35136,0.4267,0.51434,0.61468,0.72488,0.83514,0.93604,1.02366,1.09174,1.14248,1.17968,1.20738,1.23032,1.24976,1.26666,1.28174,1.29552,1.30858,1.32042,1.33122,1.33944,1.34678,1.35176,1.35492,1.35746,1.36038,1.36148,1.36312,1.3645,1.36666,1.36786,1.36952,1.37066,1.37266,1.37376,1.37482,1.37588,1.37648,1.37808,1.37842,1.3799,1.38128,1.38154,1.38246,1.38296,1.3845,1.38456,1.38508,1.38596,1.3862,1.38774,1.3881,1.38862,1.38948,1.38986,1.3904,1.39108,1.39202,1.39278,1.39316,1.3938,1.39408,1.39454,1.39512,1.39662,1.39626,1.39736,1.39778,1.39854,1.39948,1.40044,1.4008,1.40108,1.40178,1.4024,1.4025,1.4034,1.4041,1.40532,1.40566,1.40594,1.40692,1.4074
StDev,0.00177426,0.002226657,0.002946693,0.003454707,0.003986477,0.004480179,0.005183821,0.005868731,0.006720119,0.007767561,0.009034379,0.010778312,0.013669382,0.017197035,0.02244315,0.029299369,0.037591914,0.046752187,0.053660721,0.058038504,0.059030526,0.057960443,0.056004393,0.054632838,0.054126999,0.053188128,0.052470592,0.051740245,0.052459156,0.05150997,0.051315514,0.051500019,0.051863783,0.051376678,0.050749158,0.050202271,0.04930144,0.048530485,0.048389792,0.048280193,0.047456159,0.047936573,0.047452376,0.047044054,0.047565923,0.047761679,0.047679639,0.047223543,0.047396909,0.046994595,0.04695058,0.047129683,0.046918408,0.04710743,0.046699647,0.047013168,0.047124601,0.046630977,0.046618559,0.046516803,0.046479587,0.046427987,0.046364534,0.046251141,0.04661577,0.04591772,0.045887602,0.045999815,0.04548835,0.045866894,0.045717415,0.045436846,0.045490691,0.045060515,0.044750609,0.044936711,0.045300077,0.045067416,0.044917513,0.044929256,0.044543372,0.044282367,0.044463659,0.044058972,0.044753156,0.044433118,0.044046305,0.043859777,0.043673047,0.043570747,0.043553588,0.043611661,0.043414663,0.043236882,0.043022924,0.043497184
1;2,0.1154,0.1159,0.1169,0.1182,0.1208,0.1244,0.13,0.1384,0.1504,0.1676,0.1921,0.2264,0.2719,0.3315,0.4055,0.494,0.5953,0.7088,0.8231,0.9267,1.0168,1.0868,1.1394,1.1772,1.2053,1.2297,1.2474,1.266,1.2803,1.294,1.3068,1.3192,1.33,1.3373,1.3445,1.3481,1.3521,1.3527,1.3556,1.3557,1.3572,1.3586,1.3613,1.3624,1.3635,1.3652,1.367,1.3674,1.3689,1.3697,1.3696,1.3707,1.3723,1.3726,1.3746,1.3741,1.3762,1.3759,1.3778,1.377,1.3773,1.379,1.3789,1.3816,1.3814,1.3817,1.3833,1.3838,1.3835,1.3848,1.3852,1.3866,1.3865,1.3867,1.3882,1.3871,1.3878,1.3893,1.3898,1.3893,1.3904,1.3914,1.3917,1.3942,1.3941,1.3943,1.3949,1.3949,1.3951,1.3957,1.3968,1.3976,1.3985,1.3983,1.3989,1.3988
2;1,0.1162,0.1176,0.1209,0.1238,0.1277,0.1328,0.14,0.1496,0.1636,0.1823,0.2074,0.2417,0.2861,0.3416,0.4102,0.4881,0.5779,0.6759,0.7765,0.8715,0.9569,1.0253,1.0781,1.1161,1.1443,1.168,1.1897,1.2074,1.2216,1.2369,1.2506,1.2628,1.2723,1.2822,1.2897,1.2945,1.2991,1.3034,1.307,1.3086,1.3108,1.3119,1.3147,1.3167,1.3166,1.3184,1.3203,1.3225,1.3232,1.3247,1.3257,1.3276,1.3279,1.3296,1.3306,1.3308,1.3313,1.333,1.3344,1.3352,1.3359,1.3365,1.3369,1.3378,1.3389,1.3397,1.3407,1.3406,1.342,1.3419,1.3429,1.3445,1.3444,1.3458,1.3463,1.3469,1.3475,1.349,1.3491,1.3501,1.3508,1.3518,1.3538,1.3536,1.3534,1.3545,1.3562,1.3569,1.3574,1.3583,1.3588,1.36,1.3606,1.3613,1.3629,1.3627
2;2,0.1152,0.1156,0.1174,0.1191,0.1222,0.1266,0.133,0.1425,0.156,0.1757,0.2029,0.2403,0.2908,0.3545,0.435,0.5291,0.6373,0.756,0.8735,0.9789,1.0687,1.1385,1.1881,1.2252,1.2529,1.2766,1.296,1.3127,1.3284,1.3415,1.3553,1.3674,1.3786,1.3873,1.3939,1.3999,1.4012,1.4038,1.4076,1.4083,1.4086,1.4113,1.4119,1.4132,1.4154,1.4168,1.419,1.4192,1.4207,1.4212,1.4216,1.4234,1.4226,1.4254,1.4249,1.4274,1.4284,1.4287,1.4301,1.4301,1.4297,1.4317,1.4322,1.4328,1.4338,1.4343,1.4352,1.4357,1.4357,1.4357,1.4372,1.4381,1.4386,1.4385,1.4393,1.4397,1.441,1.442,1.4418,1.4431,1.4427,1.443,1.4444,1.4459,1.4463,1.4465,1.4461,1.4474,1.4469,1.4481,1.4487,1.4494,1.4503,1.4507,1.4516,1.4522
2;3,0.113,0.1148,0.117,0.1193,0.123,0.1279,0.1353,0.1462,0.1614,0.1836,0.2139,0.2549,0.3095,0.3775,0.4613,0.5586,0.6692,0.7895,0.9058,1.0103,1.0971,1.1611,1.2085,1.2429,1.2695,1.2894,1.3085,1.3235,1.3397,1.3524,1.3646,1.3764,1.3874,1.3948,1.4016,1.405,1.4079,1.4098,1.4117,1.4134,1.4147,1.4158,1.4183,1.4187,1.4209,1.4221,1.4238,1.4252,1.426,1.4269,1.4279,1.4299,1.4304,1.4315,1.4335,1.4326,1.4332,1.4333,1.4348,1.4351,1.4365,1.4359,1.4359,1.4376,1.4384,1.4376,1.4381,1.4385,1.4389,1.4407,1.441,1.4409,1.4414,1.4421,1.4408,1.4423,1.4429,1.4444,1.4433,1.4448,1.445,1.4456,1.4468,1.4457,1.4476,1.4474,1.4485,1.4483,1.4486,1.4491,1.4497,1.4517,1.4509,1.4509,1.4517,1.4532
3;2,0.1179,0.1204,0.1235,0.1261,0.1302,0.1352,0.1428,0.1534,0.1676,0.1873,0.2137,0.2493,0.2951,0.3517,0.4215,0.5019,0.5937,0.6942,0.7968,0.8928,0.9788,1.047,1.0983,1.137,1.1649,1.1879,1.2072,1.2237,1.2387,1.2528,1.2656,1.2763,1.2878,1.2956,1.3042,1.3113,1.3143,1.3176,1.32,1.3214,1.3243,1.3249,1.3271,1.3283,1.3312,1.3308,1.3332,1.3345,1.3353,1.3369,1.3376,1.3388,1.3389,1.3404,1.3428,1.3428,1.3432,1.3439,1.3454,1.3454,1.346,1.3467,1.3471,1.3489,1.348,1.3498,1.3501,1.3507,1.3519,1.3523,1.3538,1.3538,1.3549,1.3559,1.3558,1.3567,1.3564,1.3584,1.3573,1.3595,1.36,1.3609,1.3607,1.3628,1.3626,1.3627,1.3632,1.3645,1.3645,1.3658,1.3665,1.3679,1.368,1.3685,1.3695,1.3701
,,,,,,,,,,,,,,,,,,,,,,,,,,,,,,,,,,,,,,,,,,,,,,,,,,,,,,,,,,,,,,,,,,,,,,,,,,,,,,,,,,,,,,,,,,,,,,,,
Cycles / Well,,,,,,,,,,,,,,,,,,,,,,,,,,,,,,,,,,,,,,,,,,,,,,,,,,,,,,,,,,,,,,,,,,,,,,,,,,,,,,,,,,,,,,,,,,,,,,,,
E3,1,2,3,4,5,6,7,8,9,10,11,12,13,14,15,16,17,18,19,20,21,22,23,24,25,26,27,28,29,30,31,32,33,34,35,36,37,38,39,40,41,42,43,44,45,46,47,48,49,50,51,52,53,54,55,56,57,58,59,60,61,62,63,64,65,66,67,68,69,70,71,72,73,74,75,76,77,78,79,80,81,82,83,84,85,86,87,88,89,90,91,92,93,94,95,96
Time [s],0,1799.827,3599.741,5399.669,7199.582,8999.52,10799.439,12599.362,14399.295,16199.216,17999.146,19799.079,21599.004,23398.923,25198.859,26998.777,28798.697,30598.623,32398.553,34198.485,35998.416,37798.341,39598.268,41398.198,43198.124,44998.054,46797.976,48597.918,50397.831,52197.762,53997.692,55797.629,57597.534,59397.461,61197.38,62997.315,64797.24,66597.165,68397.092,70197.031,71996.926,73796.86,75596.777,77396.712,79196.627,80996.562,82796.484,84596.403,86396.337,88196.281,89996.203,91796.133,93596.059,95395.99,97195.917,98995.844,100795.796,102595.694,104395.689,106195.553,107995.487,109795.413,111595.34,113395.273,115195.195,116995.132,118795.052,120594.981,122394.898,124194.845,125994.76,127794.681,129594.622,131394.544,133194.474,134994.397,136794.315,138594.255,140394.181,142194.115,143994.039,145793.949,147593.888,149393.809,151193.742,152993.677,154793.597,156593.512,158393.435,160193.362,161993.31,163793.212,165593.147,167393.086,169192.983,170992.91
Temp. [°C],20.1,30,29.8,30,30.1,30,29.9,30.1,30.1,30.1,30,30,30,30,30,30,30,30,30,30,30,30,30.1,30.1,30.1,30.1,30,30,30.1,30.1,30,30,30.1,30,29.9,30,30.1,30,30.1,29.9,30.1,29.8,30,29.9,30.1,30,30,29.9,30,30,30,30.1,29.9,30.2,30.1,30.1,30.1,30,30,30,30,30,30,30,30,30,30.1,30,30,30.2,30,30.1,30,30.1,30,30,30,30,30,30,29.9,30.1,30.1,30.1,30.1,30.1,29.9,30,29.8,30.1,30.1,29.8,29.9,30,30,30
Mean,0.11498,0.11252,0.11472,0.11716,0.12002,0.1236,0.12862,0.13568,0.14562,0.15958,0.17856,0.20468,0.2401,0.28678,0.34706,0.41894,0.50448,0.6015,0.70708,0.8147,0.9129,0.9992,1.067,1.11788,1.15674,1.18544,1.20848,1.22794,1.24548,1.2608,1.27468,1.28806,1.3001,1.3105,1.31892,1.32486,1.32944,1.3328,1.33554,1.33764,1.33988,1.3409,1.34278,1.3444,1.34548,1.34744,1.34912,1.35008,1.351,1.35198,1.35296,1.35404,1.35458,1.35626,1.35752,1.35758,1.35826,1.3586,1.35928,1.35946,1.36032,1.36076,1.36112,1.3622,1.3628,1.36282,1.36418,1.36424,1.36464,1.3656,1.36588,1.36658,1.36696,1.36824,1.36872,1.36936,1.37014,1.37178,1.37114,1.37264,1.37282,1.37362,1.37444,1.37524,1.37598,1.3757,1.37672,1.37748,1.37768,1.37888,1.37932,1.38022,1.38098,1.38154,1.3828,1.38354
StDev,0.001096358,0.001175585,0.00168434,0.002098333,0.002493391,0.00275681,0.002854295,0.002798571,0.002914104,0.003659508,0.00572739,0.009114659,0.014526355,0.021422231,0.029733029,0.039927221,0.05239687,0.066210498,0.079918127,0.090246302,0.094923496,0.096352504,0.092850552,0.090778037,0.088575691,0.087267852,0.085983935,0.085005665,0.084362355,0.084001994,0.083427136,0.083468156,0.082947664,0.083510149,0.083297701,0.081785744,0.080660263,0.07978822,0.078439518,0.078160047,0.077201697,0.077861544,0.077883804,0.077057219,0.077915544,0.077565121,0.077429884,0.077417388,0.077374544,0.077203446,0.077225566,0.07728789,0.077039256,0.076868674,0.076693657,0.076487202,0.07632554,0.075987137,0.076327236,0.075995151,0.076005802,0.076222753,0.075973298,0.076135767,0.076063756,0.076259504,0.075887726,0.076416248,0.076191784,0.075829941,0.075868518,0.075736332,0.075792632,0.075653903,0.076081713,0.075320668,0.075564694,0.075313525,0.074952472,0.075145179,0.074959069,0.074570416,0.074793369,0.074331373,0.074373934,0.074316586,0.074521118,0.074230095,0.074080207,0.073911447,0.074188624,0.074572696,0.073641951,0.074050712,0.07328274,0.073509408
1;2,0.1161,0.1131,0.1157,0.1184,0.1213,0.125,0.1301,0.1374,0.1482,0.164,0.1864,0.217,0.2595,0.3157,0.3874,0.4732,0.5751,0.6907,0.8136,0.9338,1.0358,1.123,1.1838,1.2319,1.2663,1.2932,1.3144,1.3324,1.3488,1.3637,1.3762,1.3899,1.4008,1.4129,1.4193,1.4232,1.4263,1.4283,1.4294,1.4308,1.4327,1.435,1.4357,1.4354,1.4368,1.4401,1.4416,1.4421,1.4433,1.4434,1.4442,1.4438,1.4445,1.4464,1.4477,1.4481,1.4482,1.4484,1.4501,1.4499,1.4512,1.4515,1.4521,1.4529,1.4532,1.4532,1.4549,1.4555,1.4552,1.4561,1.4563,1.4574,1.4575,1.4586,1.4602,1.4594,1.4603,1.4619,1.4611,1.4623,1.4634,1.4642,1.4652,1.4642,1.4659,1.4656,1.4661,1.467,1.4666,1.4675,1.4679,1.4694,1.4697,1.471,1.4716,1.4721
2;1,0.1138,0.1126,0.1162,0.1195,0.1232,0.1271,0.1323,0.139,0.1482,0.1606,0.1771,0.1998,0.2297,0.2706,0.3233,0.3863,0.4609,0.5458,0.6406,0.7398,0.8328,0.9182,0.9881,1.0411,1.081,1.1109,1.1344,1.1561,1.1735,1.1885,1.2031,1.2162,1.2284,1.239,1.2468,1.254,1.2593,1.2629,1.2662,1.2681,1.2725,1.2728,1.2748,1.2768,1.2772,1.2801,1.2813,1.2831,1.2835,1.285,1.2859,1.2867,1.2876,1.2891,1.2914,1.291,1.2927,1.2934,1.2934,1.295,1.2957,1.2955,1.2963,1.2968,1.2977,1.2976,1.2995,1.3,1.3002,1.3011,1.3013,1.3026,1.3028,1.3044,1.305,1.3062,1.307,1.3082,1.3091,1.3097,1.311,1.3131,1.3134,1.3145,1.3144,1.3148,1.3159,1.3174,1.3186,1.3189,1.3189,1.3202,1.322,1.323,1.3246,1.3249
2;2,0.1156,0.1117,0.1132,0.1152,0.1177,0.1207,0.1252,0.1318,0.1411,0.1544,0.1724,0.1975,0.2318,0.2782,0.3381,0.4113,0.4986,0.5992,0.7087,0.8191,0.9218,1.0121,1.0822,1.1345,1.1745,1.2043,1.2279,1.248,1.2666,1.2822,1.2966,1.3108,1.3233,1.3337,1.343,1.3498,1.3532,1.357,1.3596,1.3614,1.3625,1.364,1.3665,1.3689,1.37,1.3703,1.3721,1.3733,1.3745,1.3757,1.3769,1.3785,1.3781,1.3803,1.3804,1.3812,1.382,1.3821,1.3829,1.3821,1.3831,1.3843,1.3837,1.386,1.386,1.3858,1.3878,1.3879,1.3884,1.3902,1.3899,1.3904,1.3907,1.3918,1.3925,1.3931,1.3943,1.3955,1.395,1.3969,1.397,1.3969,1.3984,1.4003,1.3998,1.3997,1.4006,1.4015,1.4013,1.4029,1.4036,1.4041,1.4041,1.4055,1.4058,1.408
2;3,0.1138,0.1111,0.1126,0.1147,0.1173,0.1209,0.1264,0.1342,0.1454,0.1612,0.1823,0.2118,0.2518,0.3028,0.3681,0.4452,0.5377,0.6406,0.753,0.8665,0.968,1.0536,1.121,1.1695,1.2084,1.2355,1.2576,1.2759,1.2927,1.3076,1.3215,1.3339,1.3459,1.3552,1.3653,1.3696,1.3745,1.3773,1.3792,1.3819,1.383,1.3835,1.3865,1.3881,1.3908,1.3914,1.393,1.3942,1.3945,1.396,1.3971,1.3999,1.4004,1.401,1.4026,1.4012,1.402,1.4019,1.402,1.4025,1.4027,1.4033,1.4035,1.4044,1.4057,1.4064,1.4058,1.4062,1.407,1.4065,1.4075,1.4074,1.4084,1.4097,1.4094,1.4102,1.411,1.4126,1.4109,1.4131,1.4114,1.4118,1.4124,1.4136,1.4144,1.4137,1.416,1.4156,1.4164,1.4175,1.4185,1.4197,1.4194,1.419,1.4202,1.4206
3;2,0.1156,0.1141,0.1159,0.118,0.1206,0.1243,0.1291,0.136,0.1452,0.1577,0.1746,0.1973,0.2277,0.2666,0.3184,0.3787,0.4501,0.5312,0.6195,0.7143,0.8061,0.8891,0.9599,1.0124,1.0535,1.0833,1.1081,1.1273,1.1458,1.162,1.176,1.1895,1.2021,1.2117,1.2202,1.2277,1.2339,1.2385,1.2433,1.246,1.2487,1.2492,1.2504,1.2528,1.2526,1.2553,1.2576,1.2577,1.2592,1.2598,1.2607,1.2613,1.2623,1.2645,1.2655,1.2664,1.2664,1.2672,1.268,1.2678,1.2689,1.2692,1.27,1.2709,1.2714,1.2711,1.2729,1.2716,1.2724,1.2741,1.2744,1.2751,1.2754,1.2767,1.2765,1.2779,1.2781,1.2807,1.2796,1.2812,1.2813,1.2821,1.2828,1.2836,1.2854,1.2847,1.285,1.2859,1.2855,1.2876,1.2877,1.2877,1.2897,1.2892,1.2918,1.2921
,,,,,,,,,,,,,,,,,,,,,,,,,,,,,,,,,,,,,,,,,,,,,,,,,,,,,,,,,,,,,,,,,,,,,,,,,,,,,,,,,,,,,,,,,,,,,,,,
Cycles / Well,,,,,,,,,,,,,,,,,,,,,,,,,,,,,,,,,,,,,,,,,,,,,,,,,,,,,,,,,,,,,,,,,,,,,,,,,,,,,,,,,,,,,,,,,,,,,,,,
E4,1,2,3,4,5,6,7,8,9,10,11,12,13,14,15,16,17,18,19,20,21,22,23,24,25,26,27,28,29,30,31,32,33,34,35,36,37,38,39,40,41,42,43,44,45,46,47,48,49,50,51,52,53,54,55,56,57,58,59,60,61,62,63,64,65,66,67,68,69,70,71,72,73,74,75,76,77,78,79,80,81,82,83,84,85,86,87,88,89,90,91,92,93,94,95,96
Time [s],0,1799.827,3599.741,5399.669,7199.582,8999.52,10799.439,12599.362,14399.295,16199.216,17999.146,19799.079,21599.004,23398.923,25198.859,26998.777,28798.697,30598.623,32398.553,34198.485,35998.416,37798.341,39598.268,41398.198,43198.124,44998.054,46797.976,48597.918,50397.831,52197.762,53997.692,55797.629,57597.534,59397.461,61197.38,62997.315,64797.24,66597.165,68397.092,70197.031,71996.926,73796.86,75596.777,77396.712,79196.627,80996.562,82796.484,84596.403,86396.337,88196.281,89996.203,91796.133,93596.059,95395.99,97195.917,98995.844,100795.796,102595.694,104395.689,106195.553,107995.487,109795.413,111595.34,113395.273,115195.195,116995.132,118795.052,120594.981,122394.898,124194.845,125994.76,127794.681,129594.622,131394.544,133194.474,134994.397,136794.315,138594.255,140394.181,142194.115,143994.039,145793.949,147593.888,149393.809,151193.742,152993.677,154793.597,156593.512,158393.435,160193.362,161993.31,163793.212,165593.147,167393.086,169192.983,170992.91
Temp. [°C],20.1,30,29.8,30,30.1,30,29.9,30.1,30.1,30.1,30,30,30,30,30,30,30,30,30,30,30,30,30.1,30.1,30.1,30.1,30,30,30.1,30.1,30,30,30.1,30,29.9,30,30.1,30,30.1,29.9,30.1,29.8,30,29.9,30.1,30,30,29.9,30,30,30,30.1,29.9,30.2,30.1,30.1,30.1,30,30,30,30,30,30,30,30,30,30.1,30,30,30.2,30,30.1,30,30.1,30,30,30,30,30,30,29.9,30.1,30.1,30.1,30.1,30.1,29.9,30,29.8,30.1,30.1,29.8,29.9,30,30,30
Mean,0.12216,0.11886,0.12156,0.1244,0.12846,0.13352,0.14108,0.15202,0.16746,0.18892,0.21802,0.25678,0.30484,0.36194,0.42568,0.49178,0.55752,0.61908,0.67474,0.72426,0.765,0.8012,0.83108,0.85718,0.87842,0.89762,0.91348,0.92758,0.93932,0.95026,0.95866,0.9666,0.97366,0.9799,0.98544,0.99044,0.99492,1.00012,1.00644,1.01228,1.01922,1.02874,1.03918,1.05158,1.06576,1.0809,1.09946,1.1172,1.13474,1.15006,1.16282,1.1705,1.17614,1.1817,1.1834,1.1852,1.18458,1.18362,1.18312,1.18194,1.18066,1.17988,1.1777,1.17762,1.17584,1.17496,1.17496,1.17424,1.17246,1.1719,1.1709,1.17034,1.16982,1.16886,1.16858,1.16752,1.16728,1.16658,1.16668,1.16602,1.16684,1.16662,1.1665,1.16694,1.167,1.1671,1.16644,1.16718,1.16714,1.16724,1.16762,1.1681,1.16846,1.16822,1.17008,1.17012
StDev,0.003445722,0.004038936,0.004716249,0.004875449,0.005792064,0.006495152,0.007249276,0.008929278,0.010439732,0.012269352,0.014438906,0.016956031,0.019331917,0.021498442,0.023912173,0.027113687,0.030273867,0.034218518,0.037404452,0.041232184,0.044109353,0.046898028,0.04945591,0.051517444,0.054026771,0.055510603,0.057979496,0.059076535,0.060712124,0.06228975,0.064015842,0.065831338,0.066199985,0.067765958,0.069320726,0.070739897,0.073253375,0.074796604,0.076511718,0.079161651,0.081533012,0.084207025,0.08825402,0.091540494,0.095946251,0.100105769,0.104194928,0.108514446,0.112123918,0.11476303,0.117477432,0.118775692,0.118384661,0.117771283,0.117263954,0.116814747,0.115833553,0.114824135,0.115150758,0.114370158,0.114009311,0.113863172,0.113452369,0.113641309,0.114053772,0.113269338,0.11310744,0.11250848,0.111852371,0.111826272,0.111885768,0.111153264,0.111121587,0.110811701,0.109464478,0.109643021,0.109233635,0.10911724,0.107872643,0.108058489,0.106864087,0.106064495,0.106356123,0.106000509,0.105377654,0.104348503,0.105245988,0.104309094,0.104134063,0.104088414,0.104097584,0.103459098,0.102627813,0.101934817,0.101707605,0.101303934
1;2,0.12,0.1159,0.1178,0.1204,0.1235,0.1277,0.1341,0.1431,0.1566,0.1757,0.2022,0.2385,0.285,0.3415,0.4066,0.4742,0.5426,0.6071,0.6659,0.7183,0.7617,0.7997,0.8307,0.859,0.8822,0.9034,0.9191,0.9345,0.9465,0.9593,0.9686,0.9779,0.9854,0.9932,0.998,1.0039,1.0094,1.0151,1.022,1.0289,1.0359,1.0483,1.058,1.0702,1.085,1.1013,1.1219,1.1387,1.157,1.1724,1.1839,1.1905,1.1972,1.2032,1.2059,1.2071,1.206,1.2045,1.2049,1.2026,1.2003,1.2011,1.1974,1.1984,1.1962,1.1939,1.1966,1.1959,1.1919,1.1904,1.191,1.191,1.1911,1.1896,1.1899,1.1879,1.1874,1.1855,1.1873,1.1853,1.1871,1.1863,1.1852,1.1864,1.1866,1.1864,1.1862,1.1868,1.1851,1.1855,1.1861,1.1869,1.1856,1.1859,1.1891,1.1884
2;1,0.1234,0.12,0.1232,0.1263,0.1305,0.1354,0.1427,0.1531,0.1676,0.1874,0.2142,0.2498,0.2924,0.3431,0.3986,0.4564,0.5141,0.5674,0.6168,0.6595,0.6954,0.7268,0.7526,0.7755,0.7927,0.8097,0.8221,0.8343,0.8435,0.8523,0.8578,0.8625,0.8696,0.8729,0.8763,0.879,0.8798,0.8819,0.8863,0.8873,0.8905,0.8953,0.8993,0.9051,0.9119,0.9199,0.9308,0.941,0.9519,0.9626,0.9708,0.9767,0.982,0.9883,0.9908,0.9933,0.9939,0.9946,0.9934,0.9935,0.9927,0.9917,0.9904,0.9897,0.9876,0.9884,0.988,0.9883,0.988,0.9876,0.9859,0.9867,0.986,0.9855,0.9873,0.9862,0.9868,0.9868,0.988,0.9878,0.9902,0.9914,0.9913,0.9917,0.9925,0.9946,0.9923,0.9947,0.9954,0.9959,0.996,0.9972,0.9992,1.0002,1.0022,1.003
2;2,0.1215,0.1173,0.1194,0.1221,0.1255,0.13,0.1371,0.1469,0.1616,0.1822,0.2104,0.2485,0.2971,0.3563,0.4232,0.4926,0.5626,0.6288,0.6883,0.742,0.7858,0.825,0.8576,0.8863,0.91,0.9307,0.9486,0.9641,0.9774,0.9896,0.9992,1.0082,1.0163,1.0235,1.0296,1.0357,1.0405,1.0468,1.0543,1.0604,1.0679,1.08,1.092,1.1068,1.1236,1.1411,1.1613,1.1806,1.2015,1.2171,1.2305,1.2379,1.2426,1.2509,1.2507,1.2548,1.2544,1.2528,1.253,1.2511,1.2504,1.2499,1.2475,1.2476,1.2449,1.2456,1.2445,1.2439,1.2414,1.2423,1.2412,1.2398,1.2397,1.2377,1.2387,1.2369,1.2375,1.2366,1.2354,1.2365,1.2364,1.2369,1.237,1.2372,1.2377,1.237,1.2359,1.2369,1.2371,1.2369,1.2373,1.2373,1.2382,1.2374,1.2401,1.2399
2;3,0.1185,0.1157,0.1183,0.1211,0.1251,0.1305,0.1387,0.1505,0.1672,0.191,0.2233,0.2653,0.3183,0.3802,0.4494,0.521,0.5917,0.6587,0.7181,0.7714,0.8149,0.8531,0.8851,0.9126,0.9356,0.9558,0.9745,0.9888,1.0019,1.0142,1.0239,1.033,1.0404,1.0473,1.0554,1.0614,1.0694,1.0753,1.084,1.0926,1.1027,1.1129,1.1286,1.1428,1.1611,1.1798,1.2012,1.2237,1.2429,1.2613,1.2776,1.288,1.292,1.2945,1.2964,1.2962,1.2936,1.2918,1.2908,1.2893,1.2872,1.2849,1.283,1.2823,1.2824,1.2803,1.2791,1.2775,1.2765,1.2753,1.2731,1.2722,1.2708,1.2702,1.2667,1.2671,1.266,1.2664,1.2637,1.2636,1.2625,1.2609,1.2621,1.261,1.2593,1.2591,1.2597,1.2591,1.2598,1.2605,1.2604,1.2597,1.2593,1.2585,1.2586,1.2586
3;2,0.1274,0.1254,0.1291,0.1321,0.1377,0.144,0.1528,0.1665,0.1843,0.2083,0.24,0.2818,0.3314,0.3886,0.4506,0.5147,0.5766,0.6334,0.6846,0.7301,0.7672,0.8014,0.8294,0.8525,0.8716,0.8885,0.9031,0.9162,0.9273,0.9359,0.9438,0.9514,0.9566,0.9626,0.9679,0.9722,0.9755,0.9815,0.9856,0.9922,0.9991,1.0072,1.018,1.033,1.0472,1.0624,1.0821,1.102,1.1204,1.1369,1.1513,1.1594,1.1669,1.1716,1.1732,1.1746,1.175,1.1744,1.1735,1.1732,1.1727,1.1718,1.1702,1.1701,1.1681,1.1666,1.1666,1.1656,1.1645,1.1639,1.1633,1.162,1.1615,1.1613,1.1603,1.1595,1.1587,1.1576,1.159,1.1569,1.158,1.1576,1.1569,1.1584,1.1589,1.1584,1.1581,1.1584,1.1583,1.1574,1.1583,1.1594,1.16,1.1591,1.1604,1.1607
,,,,,,,,,,,,,,,,,,,,,,,,,,,,,,,,,,,,,,,,,,,,,,,,,,,,,,,,,,,,,,,,,,,,,,,,,,,,,,,,,,,,,,,,,,,,,,,,
Cycles / Well,,,,,,,,,,,,,,,,,,,,,,,,,,,,,,,,,,,,,,,,,,,,,,,,,,,,,,,,,,,,,,,,,,,,,,,,,,,,,,,,,,,,,,,,,,,,,,,,
E5,1,2,3,4,5,6,7,8,9,10,11,12,13,14,15,16,17,18,19,20,21,22,23,24,25,26,27,28,29,30,31,32,33,34,35,36,37,38,39,40,41,42,43,44,45,46,47,48,49,50,51,52,53,54,55,56,57,58,59,60,61,62,63,64,65,66,67,68,69,70,71,72,73,74,75,76,77,78,79,80,81,82,83,84,85,86,87,88,89,90,91,92,93,94,95,96
Time [s],0,1799.827,3599.741,5399.669,7199.582,8999.52,10799.439,12599.362,14399.295,16199.216,17999.146,19799.079,21599.004,23398.923,25198.859,26998.777,28798.697,30598.623,32398.553,34198.485,35998.416,37798.341,39598.268,41398.198,43198.124,44998.054,46797.976,48597.918,50397.831,52197.762,53997.692,55797.629,57597.534,59397.461,61197.38,62997.315,64797.24,66597.165,68397.092,70197.031,71996.926,73796.86,75596.777,77396.712,79196.627,80996.562,82796.484,84596.403,86396.337,88196.281,89996.203,91796.133,93596.059,95395.99,97195.917,98995.844,100795.796,102595.694,104395.689,106195.553,107995.487,109795.413,111595.34,113395.273,115195.195,116995.132,118795.052,120594.981,122394.898,124194.845,125994.76,127794.681,129594.622,131394.544,133194.474,134994.397,136794.315,138594.255,140394.181,142194.115,143994.039,145793.949,147593.888,149393.809,151193.742,152993.677,154793.597,156593.512,158393.435,160193.362,161993.31,163793.212,165593.147,167393.086,169192.983,170992.91
Temp. [°C],20.1,30,29.8,30,30.1,30,29.9,30.1,30.1,30.1,30,30,30,30,30,30,30,30,30,30,30,30,30.1,30.1,30.1,30.1,30,30,30.1,30.1,30,30,30.1,30,29.9,30,30.1,30,30.1,29.9,30.1,29.8,30,29.9,30.1,30,30,29.9,30,30,30,30.1,29.9,30.2,30.1,30.1,30.1,30,30,30,30,30,30,30,30,30,30.1,30,30,30.2,30,30.1,30,30.1,30,30,30,30,30,30,29.9,30.1,30.1,30.1,30.1,30.1,29.9,30,29.8,30.1,30.1,29.8,29.9,30,30,30
Mean,0.1194,0.11562,0.11882,0.12204,0.12622,0.1313,0.13892,0.14952,0.16478,0.18592,0.21418,0.25198,0.29914,0.35402,0.41554,0.47848,0.54138,0.60026,0.65426,0.70188,0.74252,0.77726,0.80656,0.83268,0.85338,0.87282,0.88734,0.90108,0.91248,0.9231,0.9323,0.94018,0.94798,0.95468,0.96042,0.96668,0.97312,0.97966,0.98682,0.99408,1.00254,1.01438,1.02644,1.04006,1.05536,1.07332,1.09362,1.11322,1.13462,1.15484,1.1723,1.18612,1.19736,1.20732,1.21234,1.21596,1.2173,1.21976,1.2196,1.21934,1.21802,1.21834,1.2171,1.21726,1.21532,1.21408,1.21432,1.21384,1.21176,1.21138,1.2103,1.21068,1.21066,1.20978,1.2098,1.20878,1.20868,1.2068,1.2076,1.20632,1.20718,1.2072,1.2072,1.20762,1.2082,1.208,1.2074,1.20754,1.20722,1.20742,1.2077,1.20786,1.20822,1.20816,1.21052,1.2097
StDev,0.002285826,0.002767128,0.003480948,0.003890758,0.004453875,0.00490459,0.006084571,0.007480441,0.009315954,0.011428561,0.014426261,0.018324492,0.02297429,0.028473971,0.03466566,0.041627959,0.048659706,0.05555266,0.061111603,0.066943125,0.072073102,0.075912074,0.079413148,0.08200864,0.085152316,0.087715888,0.090607853,0.092132226,0.09459528,0.096115269,0.098392098,0.100708302,0.102160545,0.104616667,0.106747234,0.108592435,0.111388002,0.114562354,0.117201694,0.120841785,0.124314633,0.128151227,0.13272629,0.13821819,0.144064024,0.149257703,0.155548761,0.16120621,0.166671449,0.172992321,0.177952901,0.181787065,0.183641534,0.182666327,0.182489076,0.181551888,0.181401392,0.180294268,0.180545451,0.180323939,0.180158963,0.180173314,0.179998389,0.180730498,0.181723298,0.180295097,0.180360727,0.179695501,0.180763957,0.18110873,0.180752414,0.180026212,0.180432932,0.179763712,0.179652261,0.179903813,0.179970114,0.180400333,0.179198312,0.179770039,0.178753201,0.178390961,0.178403251,0.178205,0.178214015,0.177149908,0.177405115,0.177006096,0.177061125,0.177178009,0.176701372,0.176375163,0.175897675,0.175148831,0.174752187,0.175053706
1;2,0.1186,0.1133,0.1157,0.1182,0.1213,0.1254,0.1309,0.1392,0.1514,0.169,0.1927,0.2255,0.2678,0.3182,0.3756,0.4352,0.4967,0.5542,0.6077,0.6549,0.6941,0.7297,0.7582,0.785,0.8065,0.826,0.8399,0.8544,0.8659,0.8766,0.8867,0.8946,0.9007,0.908,0.9123,0.919,0.9254,0.9307,0.9379,0.9436,0.9483,0.9587,0.9678,0.9787,0.9886,1.0057,1.0245,1.041,1.0606,1.0762,1.0937,1.1054,1.1176,1.1277,1.1345,1.1391,1.1408,1.1461,1.1452,1.1449,1.143,1.1441,1.1417,1.1425,1.1394,1.1389,1.1411,1.141,1.1362,1.1357,1.1338,1.1361,1.1375,1.1356,1.1368,1.1334,1.1335,1.1298,1.1318,1.1289,1.1315,1.1311,1.131,1.1322,1.1314,1.1313,1.1316,1.1312,1.1284,1.1275,1.1303,1.1297,1.1286,1.1287,1.1335,1.1311
2;1,0.1222,0.1186,0.1224,0.1259,0.1302,0.1351,0.1422,0.1522,0.1663,0.1847,0.2096,0.2423,0.2826,0.329,0.3812,0.4337,0.4856,0.5345,0.5809,0.6201,0.6541,0.6832,0.7079,0.7307,0.7467,0.7629,0.7737,0.7853,0.7936,0.8021,0.8077,0.8128,0.82,0.8222,0.826,0.8289,0.8317,0.8331,0.8361,0.8379,0.8427,0.8492,0.8542,0.8601,0.8675,0.877,0.8878,0.8982,0.9106,0.9214,0.9296,0.9373,0.9445,0.9546,0.9588,0.9631,0.9641,0.967,0.9666,0.9665,0.9663,0.966,0.9657,0.9642,0.9613,0.9616,0.9614,0.9621,0.9599,0.9591,0.9585,0.9591,0.9584,0.9588,0.9592,0.9588,0.9587,0.9567,0.9592,0.9574,0.9593,0.9602,0.9607,0.9604,0.9622,0.9633,0.9618,0.9628,0.9637,0.9644,0.9639,0.965,0.9669,0.968,0.9699,0.9692
2;2,0.1189,0.1148,0.1175,0.1205,0.1245,0.1295,0.1369,0.1475,0.163,0.1853,0.2153,0.2561,0.3073,0.3679,0.4368,0.5081,0.5791,0.6468,0.7073,0.7619,0.8081,0.8477,0.8799,0.9098,0.9338,0.9566,0.9734,0.9896,1.003,1.0161,1.0277,1.0366,1.0487,1.0571,1.0636,1.0715,1.0806,1.0899,1.0992,1.1092,1.1195,1.1361,1.1512,1.1679,1.1862,1.2073,1.2315,1.2533,1.2778,1.3,1.3177,1.3283,1.3386,1.3534,1.3559,1.3601,1.3614,1.3628,1.3628,1.3614,1.3598,1.3604,1.3579,1.358,1.3559,1.3555,1.3545,1.3536,1.3515,1.3515,1.3509,1.3498,1.3507,1.3486,1.3501,1.3476,1.3483,1.3453,1.3461,1.3441,1.3464,1.3448,1.3447,1.3456,1.3469,1.3459,1.3435,1.3452,1.3438,1.3444,1.3436,1.344,1.3452,1.3448,1.3484,1.3468
2;3,0.1163,0.1129,0.1158,0.1191,0.1235,0.129,0.1375,0.1489,0.1657,0.1899,0.2223,0.265,0.3192,0.3819,0.4514,0.523,0.5948,0.6612,0.7219,0.7754,0.8216,0.86,0.8937,0.9221,0.946,0.9677,0.9859,1.0005,1.0151,1.0264,1.0376,1.0493,1.0567,1.0659,1.0756,1.0834,1.0929,1.1024,1.1123,1.1236,1.1375,1.1522,1.1694,1.1903,1.2134,1.2373,1.2652,1.2918,1.3192,1.3479,1.372,1.3938,1.4078,1.4113,1.4172,1.4183,1.4189,1.4197,1.4198,1.4198,1.4192,1.4189,1.4187,1.4197,1.4198,1.4151,1.4165,1.4155,1.4161,1.4161,1.4138,1.4136,1.4139,1.4128,1.4121,1.413,1.4126,1.4123,1.4113,1.4114,1.4095,1.4103,1.4109,1.4098,1.4108,1.4091,1.4099,1.4084,1.4096,1.4101,1.4095,1.4092,1.4086,1.4076,1.408,1.4084
3;2,0.121,0.1185,0.1227,0.1265,0.1316,0.1375,0.1471,0.1598,0.1775,0.2007,0.231,0.271,0.3188,0.3731,0.4327,0.4924,0.5507,0.6046,0.6535,0.6971,0.7347,0.7657,0.7931,0.8158,0.8339,0.8509,0.8638,0.8756,0.8848,0.8943,0.9018,0.9076,0.9138,0.9202,0.9246,0.9306,0.935,0.9422,0.9486,0.9561,0.9647,0.9757,0.9896,1.0033,1.0211,1.0393,1.0591,1.0818,1.1049,1.1287,1.1485,1.1658,1.1783,1.1896,1.1953,1.1992,1.2013,1.2032,1.2036,1.2041,1.2018,1.2023,1.2015,1.2019,1.2002,1.1993,1.1981,1.197,1.1951,1.1945,1.1945,1.1948,1.1928,1.1931,1.1908,1.1911,1.1903,1.1899,1.1896,1.1898,1.1892,1.1896,1.1887,1.1901,1.1897,1.1904,1.1902,1.1901,1.1906,1.1907,1.1912,1.1914,1.1918,1.1917,1.1928,1.193
,,,,,,,,,,,,,,,,,,,,,,,,,,,,,,,,,,,,,,,,,,,,,,,,,,,,,,,,,,,,,,,,,,,,,,,,,,,,,,,,,,,,,,,,,,,,,,,,
Cycles / Well,,,,,,,,,,,,,,,,,,,,,,,,,,,,,,,,,,,,,,,,,,,,,,,,,,,,,,,,,,,,,,,,,,,,,,,,,,,,,,,,,,,,,,,,,,,,,,,,
E6,1,2,3,4,5,6,7,8,9,10,11,12,13,14,15,16,17,18,19,20,21,22,23,24,25,26,27,28,29,30,31,32,33,34,35,36,37,38,39,40,41,42,43,44,45,46,47,48,49,50,51,52,53,54,55,56,57,58,59,60,61,62,63,64,65,66,67,68,69,70,71,72,73,74,75,76,77,78,79,80,81,82,83,84,85,86,87,88,89,90,91,92,93,94,95,96
Time [s],0,1799.827,3599.741,5399.669,7199.582,8999.52,10799.439,12599.362,14399.295,16199.216,17999.146,19799.079,21599.004,23398.923,25198.859,26998.777,28798.697,30598.623,32398.553,34198.485,35998.416,37798.341,39598.268,41398.198,43198.124,44998.054,46797.976,48597.918,50397.831,52197.762,53997.692,55797.629,57597.534,59397.461,61197.38,62997.315,64797.24,66597.165,68397.092,70197.031,71996.926,73796.86,75596.777,77396.712,79196.627,80996.562,82796.484,84596.403,86396.337,88196.281,89996.203,91796.133,93596.059,95395.99,97195.917,98995.844,100795.796,102595.694,104395.689,106195.553,107995.487,109795.413,111595.34,113395.273,115195.195,116995.132,118795.052,120594.981,122394.898,124194.845,125994.76,127794.681,129594.622,131394.544,133194.474,134994.397,136794.315,138594.255,140394.181,142194.115,143994.039,145793.949,147593.888,149393.809,151193.742,152993.677,154793.597,156593.512,158393.435,160193.362,161993.31,163793.212,165593.147,167393.086,169192.983,170992.91
Temp. [°C],20.1,30,29.8,30,30.1,30,29.9,30.1,30.1,30.1,30,30,30,30,30,30,30,30,30,30,30,30,30.1,30.1,30.1,30.1,30,30,30.1,30.1,30,30,30.1,30,29.9,30,30.1,30,30.1,29.9,30.1,29.8,30,29.9,30.1,30,30,29.9,30,30,30,30.1,29.9,30.2,30.1,30.1,30.1,30,30,30,30,30,30,30,30,30,30.1,30,30,30.2,30,30.1,30,30.1,30,30,30,30,30,30,29.9,30.1,30.1,30.1,30.1,30.1,29.9,30,29.8,30.1,30.1,29.8,29.9,30,30,30
Mean,0.12346,0.1168,0.11944,0.12202,0.12572,0.131,0.13876,0.14938,0.16472,0.18646,0.21654,0.2575,0.3112,0.3788,0.46144,0.55766,0.66794,0.78624,0.89976,1.00136,1.082,1.14074,1.18222,1.2136,1.23872,1.25868,1.27576,1.29206,1.30614,1.31838,1.32948,1.34028,1.34832,1.35562,1.36274,1.36682,1.36926,1.37176,1.37356,1.37582,1.37736,1.3792,1.3808,1.38144,1.38264,1.38384,1.38552,1.38608,1.38796,1.38798,1.3891,1.38962,1.39092,1.3917,1.3921,1.39334,1.39348,1.39438,1.3955,1.39524,1.39642,1.39696,1.39676,1.39842,1.39834,1.3984,1.39982,1.3998,1.40048,1.40096,1.40164,1.40238,1.4026,1.40316,1.40388,1.40458,1.40572,1.40648,1.40646,1.40734,1.40826,1.40822,1.4097,1.41028,1.4108,1.4114,1.41156,1.4128,1.41312,1.41376,1.41442,1.41468,1.41504,1.41534,1.41686,1.41706
StDev,0.00372129,0.003350373,0.004822655,0.005658357,0.006757366,0.007938829,0.009880688,0.012232212,0.015421641,0.019495205,0.025082125,0.03069601,0.03628643,0.040506234,0.042136006,0.041463454,0.039035663,0.035067193,0.029959856,0.025890307,0.02199284,0.021000786,0.019607958,0.0186,0.017952354,0.017578879,0.018394374,0.017809632,0.017503942,0.01708353,0.017296734,0.017379499,0.017462732,0.017121682,0.017895335,0.017478329,0.017332426,0.017551439,0.017731695,0.017232295,0.017008028,0.017743731,0.017249783,0.017859955,0.01796157,0.018309369,0.01737691,0.017390285,0.017496943,0.017749141,0.018414668,0.018132898,0.01868387,0.017970671,0.018666682,0.018414206,0.0181903,0.017547849,0.017920658,0.017893379,0.01822737,0.017962684,0.018026175,0.018211041,0.018846565,0.017997639,0.018440499,0.018334258,0.018316168,0.018666628,0.018508052,0.018016853,0.018302049,0.018203928,0.018199643,0.019220744,0.018516398,0.018813346,0.018663681,0.019133034,0.019193436,0.019006236,0.018318433,0.018903227,0.018870215,0.019306087,0.018945527,0.018424169,0.019285668,0.019107014,0.019096387,0.018818262,0.018913434,0.01871478,0.018706095,0.018981122
1;2,0.1208,0.1142,0.1151,0.1167,0.119,0.1232,0.129,0.1369,0.1487,0.1654,0.1885,0.2219,0.2672,0.3277,0.4058,0.4998,0.6106,0.7317,0.8518,0.9591,1.0458,1.107,1.1516,1.1851,1.2128,1.2336,1.2492,1.2674,1.282,1.2971,1.3073,1.3186,1.3253,1.3347,1.3401,1.344,1.3459,1.3495,1.3498,1.3538,1.3552,1.3561,1.3585,1.3584,1.3593,1.3604,1.363,1.3633,1.3653,1.3648,1.3658,1.3664,1.3666,1.3685,1.3679,1.3698,1.3708,1.3725,1.3724,1.372,1.3732,1.3741,1.3732,1.3745,1.3741,1.375,1.376,1.3759,1.3771,1.3769,1.3783,1.3796,1.3791,1.38,1.3806,1.3793,1.382,1.3829,1.3825,1.3833,1.3842,1.3842,1.3868,1.3866,1.3873,1.3869,1.3878,1.3895,1.3884,1.3895,1.3906,1.3918,1.3913,1.3915,1.3931,1.3929
2;1,0.124,0.1178,0.1217,0.1253,0.1301,0.1366,0.1458,0.1582,0.1751,0.1987,0.2316,0.2766,0.3342,0.4038,0.486,0.5808,0.687,0.7983,0.9067,1.0035,1.0808,1.1369,1.176,1.207,1.23,1.2497,1.2665,1.2818,1.2966,1.3063,1.3174,1.3279,1.3373,1.343,1.3501,1.3554,1.3585,1.3592,1.3625,1.3638,1.3658,1.3671,1.3685,1.3687,1.37,1.3708,1.3736,1.3743,1.3762,1.3757,1.3757,1.3762,1.3776,1.3792,1.3791,1.3806,1.3803,1.3813,1.3831,1.3828,1.3834,1.3837,1.3839,1.3858,1.3845,1.3858,1.3864,1.3866,1.3873,1.3874,1.3876,1.3887,1.3894,1.3894,1.3903,1.3912,1.3921,1.3919,1.3927,1.3925,1.3934,1.3936,1.3961,1.3956,1.396,1.3971,1.3967,1.3987,1.3981,1.3989,1.3994,1.3991,1.4003,1.401,1.4026,1.403
2;2,0.1232,0.116,0.1175,0.1196,0.1225,0.1269,0.1334,0.1426,0.1566,0.1766,0.2042,0.2432,0.2951,0.3628,0.448,0.5482,0.6651,0.7903,0.9076,1.0142,1.0971,1.1579,1.2,1.2319,1.2585,1.2786,1.296,1.3127,1.3277,1.3408,1.3514,1.3631,1.3706,1.3782,1.3858,1.3891,1.3906,1.3941,1.3955,1.3977,1.3986,1.4014,1.402,1.4035,1.4047,1.4067,1.4074,1.4077,1.4101,1.4098,1.4124,1.4117,1.4135,1.4142,1.4152,1.4169,1.417,1.4168,1.4182,1.4174,1.4195,1.4192,1.4184,1.4206,1.4213,1.4206,1.4222,1.4218,1.4235,1.4238,1.4245,1.4245,1.4253,1.4253,1.426,1.4278,1.4283,1.4295,1.4292,1.4307,1.4318,1.4313,1.433,1.4334,1.4339,1.4352,1.4344,1.4351,1.4352,1.4363,1.4375,1.4375,1.4379,1.4375,1.4394,1.4402
2;3,0.1199,0.1139,0.1161,0.1182,0.1217,0.1263,0.1332,0.1431,0.157,0.1777,0.2065,0.2459,0.2993,0.3668,0.4503,0.5487,0.6603,0.7826,0.8986,1.0017,1.0846,1.1436,1.1861,1.2169,1.2417,1.2619,1.2796,1.2955,1.3096,1.3221,1.3346,1.3452,1.353,1.3594,1.3678,1.3716,1.3744,1.377,1.3782,1.3802,1.3823,1.3847,1.3864,1.3873,1.3885,1.3889,1.3911,1.3919,1.3922,1.3936,1.395,1.3958,1.397,1.3969,1.3974,1.3983,1.3979,1.4001,1.4018,1.4007,1.4023,1.4031,1.4032,1.4054,1.4056,1.4045,1.4064,1.4066,1.4073,1.4081,1.4085,1.4092,1.4098,1.411,1.4118,1.4131,1.4146,1.4152,1.4145,1.415,1.4168,1.4165,1.4175,1.419,1.4198,1.4208,1.4209,1.4219,1.4239,1.4237,1.4244,1.4244,1.4245,1.4253,1.426,1.4269
3;2,0.1294,0.1221,0.1268,0.1303,0.1353,0.142,0.1524,0.1661,0.1862,0.2139,0.2519,0.2999,0.3602,0.4329,0.5171,0.6108,0.7167,0.8283,0.9341,1.0283,1.1017,1.1583,1.1974,1.2271,1.2506,1.2696,1.2875,1.3029,1.3148,1.3256,1.3367,1.3466,1.3554,1.3628,1.3699,1.374,1.3769,1.379,1.3818,1.3836,1.3849,1.3867,1.3886,1.3893,1.3907,1.3924,1.3925,1.3932,1.396,1.396,1.3966,1.398,1.3999,1.3997,1.4009,1.4011,1.4014,1.4012,1.402,1.4033,1.4037,1.4047,1.4051,1.4058,1.4062,1.4061,1.4081,1.4081,1.4072,1.4086,1.4093,1.4099,1.4094,1.4101,1.4107,1.4115,1.4116,1.4129,1.4134,1.4152,1.4151,1.4155,1.4151,1.4168,1.417,1.417,1.418,1.4188,1.42,1.4204,1.4202,1.4206,1.4212,1.4214,1.4232,1.4223
,,,,,,,,,,,,,,,,,,,,,,,,,,,,,,,,,,,,,,,,,,,,,,,,,,,,,,,,,,,,,,,,,,,,,,,,,,,,,,,,,,,,,,,,,,,,,,,,
Cycles / Well,,,,,,,,,,,,,,,,,,,,,,,,,,,,,,,,,,,,,,,,,,,,,,,,,,,,,,,,,,,,,,,,,,,,,,,,,,,,,,,,,,,,,,,,,,,,,,,,
E7,1,2,3,4,5,6,7,8,9,10,11,12,13,14,15,16,17,18,19,20,21,22,23,24,25,26,27,28,29,30,31,32,33,34,35,36,37,38,39,40,41,42,43,44,45,46,47,48,49,50,51,52,53,54,55,56,57,58,59,60,61,62,63,64,65,66,67,68,69,70,71,72,73,74,75,76,77,78,79,80,81,82,83,84,85,86,87,88,89,90,91,92,93,94,95,96
Time [s],0,1799.827,3599.741,5399.669,7199.582,8999.52,10799.439,12599.362,14399.295,16199.216,17999.146,19799.079,21599.004,23398.923,25198.859,26998.777,28798.697,30598.623,32398.553,34198.485,35998.416,37798.341,39598.268,41398.198,43198.124,44998.054,46797.976,48597.918,50397.831,52197.762,53997.692,55797.629,57597.534,59397.461,61197.38,62997.315,64797.24,66597.165,68397.092,70197.031,71996.926,73796.86,75596.777,77396.712,79196.627,80996.562,82796.484,84596.403,86396.337,88196.281,89996.203,91796.133,93596.059,95395.99,97195.917,98995.844,100795.796,102595.694,104395.689,106195.553,107995.487,109795.413,111595.34,113395.273,115195.195,116995.132,118795.052,120594.981,122394.898,124194.845,125994.76,127794.681,129594.622,131394.544,133194.474,134994.397,136794.315,138594.255,140394.181,142194.115,143994.039,145793.949,147593.888,149393.809,151193.742,152993.677,154793.597,156593.512,158393.435,160193.362,161993.31,163793.212,165593.147,167393.086,169192.983,170992.91
Temp. [°C],20.1,30,29.8,30,30.1,30,29.9,30.1,30.1,30.1,30,30,30,30,30,30,30,30,30,30,30,30,30.1,30.1,30.1,30.1,30,30,30.1,30.1,30,30,30.1,30,29.9,30,30.1,30,30.1,29.9,30.1,29.8,30,29.9,30.1,30,30,29.9,30,30,30,30.1,29.9,30.2,30.1,30.1,30.1,30,30,30,30,30,30,30,30,30,30.1,30,30,30.2,30,30.1,30,30.1,30,30,30,30,30,30,29.9,30.1,30.1,30.1,30.1,30.1,29.9,30,29.8,30.1,30.1,29.8,29.9,30,30,30
Mean,0.12268,0.11542,0.11794,0.1205,0.124,0.12874,0.1359,0.14556,0.15966,0.17948,0.20698,0.24502,0.29456,0.35728,0.43474,0.52538,0.6306,0.74472,0.86146,0.96872,1.05954,1.12828,1.17804,1.21414,1.24248,1.2653,1.28462,1.30096,1.31646,1.32942,1.3417,1.35206,1.36224,1.37038,1.3785,1.38346,1.3873,1.38924,1.39186,1.39306,1.39442,1.3963,1.39784,1.39948,1.40084,1.40246,1.40308,1.4045,1.40588,1.40638,1.4076,1.4089,1.40972,1.41056,1.4108,1.41232,1.41278,1.41392,1.41456,1.415,1.41578,1.41706,1.41686,1.418,1.4183,1.41846,1.4203,1.4203,1.42072,1.42224,1.42226,1.42304,1.42352,1.4242,1.42466,1.42454,1.42592,1.4269,1.4269,1.4282,1.42926,1.42972,1.43016,1.43092,1.43156,1.432,1.43288,1.43344,1.4335,1.43482,1.43544,1.43606,1.43606,1.43654,1.43748,1.43776
StDev,0.002894305,0.002662142,0.003807624,0.004847164,0.005989992,0.007207843,0.00902912,0.010996272,0.014164674,0.018001306,0.023677352,0.030227752,0.037154784,0.043721757,0.048257777,0.05118659,0.052420464,0.053042832,0.051055587,0.04707767,0.043060806,0.040832365,0.038094658,0.036143436,0.035624879,0.03468083,0.034521109,0.033889128,0.0335134,0.033824946,0.033066146,0.033412991,0.032962221,0.033863358,0.033688054,0.03295456,0.032519071,0.03239395,0.03245332,0.032353794,0.031675969,0.032021321,0.031852912,0.032562125,0.03154137,0.031870409,0.031263909,0.03094794,0.030997452,0.031365618,0.031502778,0.03166228,0.031893369,0.031870096,0.032316869,0.031999094,0.031923769,0.031542622,0.03199364,0.031689509,0.031873453,0.032013638,0.031423049,0.032023351,0.031908384,0.031892209,0.031834965,0.031678305,0.031844183,0.032527265,0.032522807,0.031949851,0.031844497,0.032159991,0.032277051,0.032626799,0.032258441,0.033158634,0.032231817,0.032614261,0.032504969,0.032431112,0.03194586,0.032540544,0.032497431,0.0321225,0.032419238,0.032264811,0.032188507,0.032107585,0.032036823,0.032671976,0.032625343,0.032190728,0.032478485,0.032496661
1;2,0.1198,0.1129,0.114,0.1156,0.1179,0.1214,0.1266,0.1337,0.1444,0.1597,0.1809,0.2114,0.2523,0.3069,0.3781,0.4646,0.569,0.6825,0.8036,0.9174,1.0164,1.0894,1.143,1.182,1.2141,1.2371,1.2569,1.2741,1.2897,1.3048,1.3162,1.3271,1.3368,1.3463,1.3535,1.3585,1.3618,1.3654,1.3673,1.3692,1.3701,1.3716,1.3744,1.3763,1.3781,1.3788,1.3804,1.3819,1.3829,1.3836,1.3848,1.386,1.3872,1.3871,1.3876,1.3897,1.3905,1.3912,1.3917,1.3916,1.3921,1.3948,1.394,1.3948,1.3949,1.3951,1.3985,1.3972,1.3977,1.3996,1.3991,1.3999,1.3997,1.4004,1.4014,1.4007,1.4032,1.4023,1.4036,1.4043,1.406,1.4065,1.4075,1.4078,1.4082,1.409,1.4094,1.4103,1.4102,1.4119,1.4135,1.414,1.4124,1.4137,1.4154,1.4147
2;1,0.1235,0.1163,0.1197,0.1231,0.127,0.1319,0.1392,0.1499,0.1648,0.1853,0.2133,0.2504,0.2989,0.3597,0.4346,0.5203,0.6184,0.7255,0.8351,0.9377,1.0253,1.0925,1.1431,1.1796,1.2039,1.2288,1.2476,1.2646,1.2792,1.2903,1.3042,1.3133,1.325,1.3305,1.3389,1.3451,1.3504,1.3508,1.354,1.3544,1.3574,1.3589,1.3596,1.3596,1.3629,1.3644,1.3648,1.3672,1.369,1.3683,1.369,1.3696,1.369,1.3712,1.3702,1.3724,1.3728,1.3748,1.3748,1.3759,1.3762,1.3766,1.3778,1.3778,1.3781,1.3789,1.3793,1.3804,1.3805,1.3802,1.3811,1.3826,1.3838,1.3837,1.3836,1.3829,1.3843,1.3851,1.3858,1.3866,1.3875,1.3883,1.3891,1.389,1.39,1.3909,1.3912,1.392,1.392,1.3931,1.3935,1.3926,1.3942,1.3947,1.3948,1.3954
2;2,0.1233,0.1154,0.117,0.1189,0.1219,0.126,0.1325,0.1418,0.1551,0.1746,0.2017,0.2407,0.2916,0.3569,0.4391,0.5369,0.6515,0.7745,0.8971,1.0074,1.0998,1.1679,1.217,1.2509,1.2799,1.3028,1.3219,1.3379,1.3528,1.3664,1.3785,1.3891,1.3994,1.4087,1.4171,1.4201,1.4244,1.4252,1.428,1.4286,1.4294,1.4321,1.4332,1.4359,1.437,1.4377,1.4384,1.4391,1.4405,1.4412,1.4426,1.4434,1.4441,1.4455,1.4452,1.4477,1.4489,1.448,1.4499,1.4498,1.4504,1.4519,1.4516,1.4528,1.4531,1.4537,1.4552,1.4549,1.4562,1.4575,1.4585,1.4577,1.4583,1.4592,1.46,1.4597,1.4606,1.4636,1.462,1.4635,1.4651,1.4654,1.4657,1.4667,1.4675,1.4674,1.4681,1.4685,1.4684,1.4694,1.4704,1.471,1.4717,1.4711,1.4726,1.4725
2;3,0.12,0.1131,0.1154,0.1173,0.1203,0.1247,0.1313,0.1401,0.1526,0.1706,0.1952,0.2301,0.2771,0.3371,0.4124,0.5018,0.606,0.7216,0.8414,0.953,1.0459,1.1167,1.1675,1.2046,1.2355,1.2576,1.2776,1.2936,1.3118,1.3239,1.3372,1.3479,1.3576,1.3656,1.3754,1.3802,1.3838,1.3864,1.3888,1.3908,1.3921,1.3942,1.396,1.3981,1.3987,1.4005,1.4026,1.4028,1.4037,1.405,1.4069,1.4092,1.4118,1.4112,1.4118,1.4123,1.4129,1.4139,1.4146,1.4157,1.4173,1.4175,1.4177,1.4195,1.4208,1.4194,1.4222,1.4225,1.4231,1.4252,1.4242,1.4254,1.4259,1.4271,1.4275,1.4283,1.4291,1.4304,1.4301,1.4321,1.4331,1.4328,1.4337,1.4347,1.4351,1.4353,1.4372,1.4371,1.4381,1.4396,1.4393,1.4412,1.4403,1.441,1.4414,1.4426
3;2,0.1268,0.1194,0.1236,0.1276,0.1329,0.1397,0.1499,0.1623,0.1814,0.2072,0.2438,0.2925,0.3529,0.4258,0.5095,0.6033,0.7081,0.8195,0.9301,1.0281,1.1103,1.1749,1.2196,1.2536,1.279,1.3002,1.3191,1.3346,1.3488,1.3617,1.3724,1.3829,1.3924,1.4008,1.4076,1.4134,1.4161,1.4184,1.4212,1.4223,1.4231,1.4247,1.426,1.4275,1.4275,1.4309,1.4292,1.4315,1.4333,1.4338,1.4347,1.4363,1.4365,1.4378,1.4392,1.4395,1.4388,1.4417,1.4418,1.442,1.4429,1.4445,1.4432,1.4451,1.4446,1.4452,1.4463,1.4465,1.4461,1.4487,1.4484,1.4496,1.4499,1.4506,1.4508,1.4511,1.4524,1.4531,1.453,1.4545,1.4546,1.4556,1.4548,1.4564,1.457,1.4574,1.4585,1.4593,1.4588,1.4601,1.4605,1.4615,1.4617,1.4622,1.4632,1.4636
,,,,,,,,,,,,,,,,,,,,,,,,,,,,,,,,,,,,,,,,,,,,,,,,,,,,,,,,,,,,,,,,,,,,,,,,,,,,,,,,,,,,,,,,,,,,,,,,
Cycles / Well,,,,,,,,,,,,,,,,,,,,,,,,,,,,,,,,,,,,,,,,,,,,,,,,,,,,,,,,,,,,,,,,,,,,,,,,,,,,,,,,,,,,,,,,,,,,,,,,
E8,1,2,3,4,5,6,7,8,9,10,11,12,13,14,15,16,17,18,19,20,21,22,23,24,25,26,27,28,29,30,31,32,33,34,35,36,37,38,39,40,41,42,43,44,45,46,47,48,49,50,51,52,53,54,55,56,57,58,59,60,61,62,63,64,65,66,67,68,69,70,71,72,73,74,75,76,77,78,79,80,81,82,83,84,85,86,87,88,89,90,91,92,93,94,95,96
Time [s],0,1799.827,3599.741,5399.669,7199.582,8999.52,10799.439,12599.362,14399.295,16199.216,17999.146,19799.079,21599.004,23398.923,25198.859,26998.777,28798.697,30598.623,32398.553,34198.485,35998.416,37798.341,39598.268,41398.198,43198.124,44998.054,46797.976,48597.918,50397.831,52197.762,53997.692,55797.629,57597.534,59397.461,61197.38,62997.315,64797.24,66597.165,68397.092,70197.031,71996.926,73796.86,75596.777,77396.712,79196.627,80996.562,82796.484,84596.403,86396.337,88196.281,89996.203,91796.133,93596.059,95395.99,97195.917,98995.844,100795.796,102595.694,104395.689,106195.553,107995.487,109795.413,111595.34,113395.273,115195.195,116995.132,118795.052,120594.981,122394.898,124194.845,125994.76,127794.681,129594.622,131394.544,133194.474,134994.397,136794.315,138594.255,140394.181,142194.115,143994.039,145793.949,147593.888,149393.809,151193.742,152993.677,154793.597,156593.512,158393.435,160193.362,161993.31,163793.212,165593.147,167393.086,169192.983,170992.91
Temp. [°C],20.1,30,29.8,30,30.1,30,29.9,30.1,30.1,30.1,30,30,30,30,30,30,30,30,30,30,30,30,30.1,30.1,30.1,30.1,30,30,30.1,30.1,30,30,30.1,30,29.9,30,30.1,30,30.1,29.9,30.1,29.8,30,29.9,30.1,30,30,29.9,30,30,30,30.1,29.9,30.2,30.1,30.1,30.1,30,30,30,30,30,30,30,30,30,30.1,30,30,30.2,30,30.1,30,30.1,30,30,30,30,30,30,29.9,30.1,30.1,30.1,30.1,30.1,29.9,30,29.8,30.1,30.1,29.8,29.9,30,30,30
Mean,0.10274,0.09518,0.09524,0.0953,0.0953,0.0954,0.09532,0.09532,0.09536,0.09534,0.09544,0.09548,0.0954,0.0954,0.09548,0.09538,0.09546,0.09538,0.09538,0.09546,0.09544,0.09544,0.09546,0.09538,0.0954,0.09548,0.0955,0.09558,0.09548,0.09548,0.0955,0.09548,0.09552,0.09552,0.09544,0.09544,0.09544,0.09538,0.09552,0.09542,0.09544,0.09558,0.0956,0.09558,0.0955,0.09542,0.09558,0.09546,0.0955,0.0954,0.0955,0.09558,0.09544,0.09554,0.0955,0.09548,0.09556,0.09562,0.09564,0.09542,0.0955,0.09552,0.09544,0.0956,0.09552,0.09536,0.09576,0.09548,0.09546,0.09552,0.09552,0.09558,0.09548,0.09544,0.09544,0.09558,0.09558,0.09546,0.09548,0.0956,0.09562,0.0955,0.09552,0.0956,0.09554,0.09554,0.09554,0.09556,0.0955,0.09558,0.0956,0.09548,0.09552,0.0953,0.09562,0.09548
StDev,0.002030517,0.002144062,0.002254551,0.002290196,0.00248998,0.002413504,0.002452957,0.002452957,0.002545192,0.002521507,0.00259191,0.002554799,0.002595188,0.002694439,0.002645184,0.002680858,0.002694068,0.002658383,0.002704995,0.00269685,0.002681977,0.002744631,0.002713485,0.002732581,0.002673013,0.002774347,0.002747726,0.002772544,0.002774347,0.002758985,0.002790161,0.002774347,0.002796784,0.002777049,0.002750091,0.002903102,0.002841303,0.00280125,0.002692025,0.002899483,0.002847455,0.002817268,0.002836371,0.00280125,0.002850439,0.002806599,0.002815493,0.002834255,0.002878368,0.002824004,0.002850439,0.002844644,0.002807668,0.00282365,0.00283196,0.00295415,0.002799643,0.002850789,0.002868449,0.002850789,0.002861818,0.002942278,0.002899655,0.002861818,0.002896032,0.002843062,0.002871933,0.002934621,0.002842182,0.002866531,0.002942278,0.002934621,0.002934621,0.002973718,0.002912559,0.002967659,0.002981107,0.002902241,0.002934621,0.002938537,0.002955842,0.002952118,0.002895168,0.002923183,0.002959392,0.002912559,0.002958547,0.002886694,0.002923183,0.00291839,0.002952118,0.00291839,0.002926944,0.002952118,0.002957533,0.002996164
1;2,0.1059,0.0985,0.0987,0.0988,0.0991,0.099,0.099,0.099,0.0991,0.099,0.0992,0.0992,0.0992,0.0993,0.0993,0.0993,0.0994,0.0992,0.0993,0.0993,0.0993,0.0994,0.0993,0.0993,0.0992,0.0994,0.0994,0.0995,0.0994,0.0994,0.0994,0.0994,0.0995,0.0994,0.0993,0.0995,0.0994,0.0993,0.0993,0.0995,0.0995,0.0995,0.0996,0.0995,0.0995,0.0993,0.0995,0.0995,0.0995,0.0994,0.0995,0.0995,0.0993,0.0994,0.0994,0.0996,0.0995,0.0995,0.0996,0.0993,0.0994,0.0996,0.0994,0.0995,0.0995,0.0993,0.0997,0.0995,0.0994,0.0995,0.0996,0.0996,0.0995,0.0994,0.0994,0.0996,0.0997,0.0994,0.0995,0.0996,0.0996,0.0995,0.0995,0.0996,0.0996,0.0994,0.0995,0.0995,0.0995,0.0995,0.0996,0.0994,0.0995,0.0993,0.0997,0.0996
2;1,0.101,0.0945,0.0943,0.0943,0.0942,0.0943,0.0943,0.0943,0.0944,0.0944,0.0943,0.0944,0.0944,0.0943,0.0944,0.0943,0.0944,0.0943,0.0942,0.0943,0.0943,0.0943,0.0944,0.0942,0.0943,0.0943,0.0943,0.0943,0.0943,0.0942,0.0943,0.0943,0.0943,0.0943,0.0942,0.0942,0.0942,0.0941,0.0945,0.094,0.0942,0.0944,0.0943,0.0943,0.0942,0.0942,0.0943,0.0942,0.0941,0.0942,0.0942,0.0943,0.094,0.0943,0.0942,0.0942,0.0943,0.0944,0.0942,0.0942,0.0942,0.0941,0.0942,0.0943,0.0942,0.094,0.0945,0.0941,0.094,0.0942,0.0941,0.0942,0.0941,0.0941,0.094,0.0943,0.0941,0.0939,0.0941,0.0942,0.0941,0.094,0.0941,0.0943,0.0941,0.0942,0.0942,0.0942,0.0942,0.0942,0.0942,0.0941,0.0942,0.0939,0.0943,0.0941
2;2,0.103,0.096,0.0962,0.0963,0.0964,0.0966,0.0965,0.0965,0.0967,0.0967,0.0969,0.0969,0.0968,0.0969,0.097,0.0968,0.0969,0.0969,0.0969,0.0971,0.097,0.097,0.0971,0.097,0.097,0.0972,0.0972,0.0973,0.0972,0.0972,0.0973,0.0972,0.0972,0.0973,0.0972,0.0973,0.0973,0.0972,0.0972,0.0973,0.0971,0.0974,0.0974,0.0974,0.0973,0.0973,0.0974,0.0972,0.0974,0.0971,0.0973,0.0975,0.0974,0.0975,0.0974,0.0974,0.0973,0.0976,0.0976,0.0974,0.0975,0.0975,0.0974,0.0976,0.0975,0.0973,0.0977,0.0975,0.0974,0.0974,0.0975,0.0976,0.0975,0.0976,0.0975,0.0977,0.0976,0.0975,0.0975,0.0977,0.0978,0.0976,0.0975,0.0976,0.0976,0.0977,0.0977,0.0976,0.0975,0.0977,0.0977,0.0976,0.0976,0.0974,0.0976,0.0975
2;3,0.1029,0.0938,0.094,0.0941,0.094,0.0942,0.094,0.094,0.0939,0.094,0.0941,0.0941,0.0939,0.094,0.094,0.094,0.094,0.094,0.094,0.094,0.094,0.094,0.094,0.0939,0.094,0.094,0.094,0.0942,0.094,0.094,0.094,0.094,0.0941,0.0941,0.094,0.0939,0.0939,0.0939,0.094,0.0939,0.0941,0.0941,0.0941,0.0941,0.0941,0.0939,0.0942,0.0939,0.0941,0.094,0.0941,0.0941,0.094,0.094,0.0941,0.0939,0.0942,0.0941,0.0942,0.0939,0.094,0.094,0.094,0.0941,0.094,0.0938,0.0943,0.094,0.094,0.0941,0.094,0.0941,0.094,0.094,0.094,0.0939,0.0941,0.0942,0.094,0.094,0.0941,0.0941,0.0941,0.0941,0.094,0.0941,0.094,0.094,0.094,0.0941,0.0941,0.094,0.0939,0.0938,0.0941,0.094
3;2,0.1009,0.0931,0.093,0.093,0.0928,0.0929,0.0928,0.0928,0.0927,0.0926,0.0927,0.0928,0.0927,0.0925,0.0927,0.0925,0.0926,0.0925,0.0925,0.0926,0.0926,0.0925,0.0925,0.0925,0.0925,0.0925,0.0926,0.0926,0.0925,0.0926,0.0925,0.0925,0.0925,0.0925,0.0925,0.0923,0.0924,0.0924,0.0926,0.0924,0.0923,0.0925,0.0926,0.0926,0.0924,0.0924,0.0925,0.0925,0.0924,0.0923,0.0924,0.0925,0.0925,0.0925,0.0924,0.0923,0.0925,0.0925,0.0926,0.0923,0.0924,0.0924,0.0922,0.0925,0.0924,0.0924,0.0926,0.0923,0.0925,0.0924,0.0924,0.0924,0.0923,0.0921,0.0923,0.0924,0.0924,0.0923,0.0923,0.0925,0.0925,0.0923,0.0924,0.0924,0.0924,0.0923,0.0923,0.0925,0.0923,0.0924,0.0924,0.0923,0.0924,0.0921,0.0924,0.0922
,,,,,,,,,,,,,,,,,,,,,,,,,,,,,,,,,,,,,,,,,,,,,,,,,,,,,,,,,,,,,,,,,,,,,,,,,,,,,,,,,,,,,,,,,,,,,,,,
Cycles / Well,,,,,,,,,,,,,,,,,,,,,,,,,,,,,,,,,,,,,,,,,,,,,,,,,,,,,,,,,,,,,,,,,,,,,,,,,,,,,,,,,,,,,,,,,,,,,,,,
E9,1,2,3,4,5,6,7,8,9,10,11,12,13,14,15,16,17,18,19,20,21,22,23,24,25,26,27,28,29,30,31,32,33,34,35,36,37,38,39,40,41,42,43,44,45,46,47,48,49,50,51,52,53,54,55,56,57,58,59,60,61,62,63,64,65,66,67,68,69,70,71,72,73,74,75,76,77,78,79,80,81,82,83,84,85,86,87,88,89,90,91,92,93,94,95,96
Time [s],0,1799.827,3599.741,5399.669,7199.582,8999.52,10799.439,12599.362,14399.295,16199.216,17999.146,19799.079,21599.004,23398.923,25198.859,26998.777,28798.697,30598.623,32398.553,34198.485,35998.416,37798.341,39598.268,41398.198,43198.124,44998.054,46797.976,48597.918,50397.831,52197.762,53997.692,55797.629,57597.534,59397.461,61197.38,62997.315,64797.24,66597.165,68397.092,70197.031,71996.926,73796.86,75596.777,77396.712,79196.627,80996.562,82796.484,84596.403,86396.337,88196.281,89996.203,91796.133,93596.059,95395.99,97195.917,98995.844,100795.796,102595.694,104395.689,106195.553,107995.487,109795.413,111595.34,113395.273,115195.195,116995.132,118795.052,120594.981,122394.898,124194.845,125994.76,127794.681,129594.622,131394.544,133194.474,134994.397,136794.315,138594.255,140394.181,142194.115,143994.039,145793.949,147593.888,149393.809,151193.742,152993.677,154793.597,156593.512,158393.435,160193.362,161993.31,163793.212,165593.147,167393.086,169192.983,170992.91
Temp. [°C],20.1,30,29.8,30,30.1,30,29.9,30.1,30.1,30.1,30,30,30,30,30,30,30,30,30,30,30,30,30.1,30.1,30.1,30.1,30,30,30.1,30.1,30,30,30.1,30,29.9,30,30.1,30,30.1,29.9,30.1,29.8,30,29.9,30.1,30,30,29.9,30,30,30,30.1,29.9,30.2,30.1,30.1,30.1,30,30,30,30,30,30,30,30,30,30.1,30,30,30.2,30,30.1,30,30.1,30,30,30,30,30,30,29.9,30.1,30.1,30.1,30.1,30.1,29.9,30,29.8,30.1,30.1,29.8,29.9,30,30,30
Mean,0.10348,0.09578,0.09578,0.09584,0.0959,0.09588,0.0958,0.09582,0.09584,0.09586,0.09594,0.09604,0.09594,0.09596,0.096,0.096,0.09604,0.09604,0.09596,0.09598,0.09598,0.09606,0.09602,0.09602,0.096,0.09614,0.09606,0.09616,0.09608,0.09602,0.0961,0.09614,0.0962,0.09616,0.09612,0.09608,0.09612,0.09594,0.0962,0.096,0.0961,0.09624,0.09614,0.0962,0.09614,0.09604,0.09626,0.09606,0.09604,0.096,0.09606,0.0961,0.09608,0.09606,0.09606,0.09608,0.09616,0.09616,0.0962,0.09606,0.0961,0.09618,0.09604,0.09614,0.09616,0.09604,0.09638,0.09618,0.09606,0.09612,0.09616,0.0962,0.09608,0.0962,0.09614,0.09626,0.09624,0.09608,0.09606,0.09618,0.09624,0.09612,0.09612,0.09618,0.0962,0.09608,0.09612,0.09618,0.0961,0.09624,0.09618,0.0961,0.09604,0.09596,0.09618,0.09616
StDev,0.000914877,0.001323631,0.001377316,0.001404635,0.001469694,0.001518881,0.001620185,0.001696172,0.001689083,0.001705286,0.001741551,0.001741551,0.001760114,0.00181604,0.001793042,0.001767767,0.001721337,0.001836573,0.00181604,0.001830847,0.001830847,0.001876966,0.001822635,0.001807484,0.001787456,0.001820165,0.001851486,0.001856879,0.001834939,0.001826746,0.001885471,0.00182291,0.001849324,0.001894202,0.001843095,0.001947306,0.001848513,0.001935975,0.001945508,0.001907878,0.001892089,0.001934683,0.00197813,0.001907878,0.001957805,0.001939845,0.001913897,0.001935975,0.001919114,0.001964688,0.00188494,0.001924838,0.001971548,0.001899474,0.001894202,0.001938298,0.001976866,0.001962906,0.001946792,0.001976866,0.001957039,0.002087343,0.002001999,0.002015688,0.001924318,0.002073162,0.001976613,0.002053534,0.001962906,0.001946022,0.001981918,0.001988718,0.001979141,0.001976107,0.002040343,0.002054994,0.002028053,0.002001749,0.002068333,0.002012958,0.001988215,0.001905781,0.001995495,0.002001749,0.002014944,0.001982927,0.002047437,0.001982927,0.001963415,0.002015688,0.001971548,0.001963415,0.001937266,0.002008233,0.001982927,0.001939845
1;2,0.1048,0.0978,0.0979,0.098,0.0981,0.0982,0.0982,0.0983,0.0983,0.0983,0.0984,0.0985,0.0984,0.0985,0.0985,0.0984,0.0984,0.0986,0.0985,0.0985,0.0985,0.0987,0.0986,0.0985,0.0984,0.0987,0.0986,0.0987,0.0985,0.0985,0.0987,0.0986,0.0987,0.0987,0.0986,0.0987,0.0986,0.0986,0.0987,0.0986,0.0986,0.0988,0.0987,0.0988,0.0987,0.0986,0.0988,0.0986,0.0986,0.0986,0.0985,0.0986,0.0986,0.0986,0.0986,0.0986,0.0987,0.0987,0.0987,0.0987,0.0986,0.0989,0.0987,0.0988,0.0986,0.0987,0.0989,0.0989,0.0986,0.0986,0.0987,0.0988,0.0986,0.0988,0.0988,0.099,0.0988,0.0986,0.0988,0.0988,0.0988,0.0985,0.0987,0.0987,0.0988,0.0986,0.0988,0.0987,0.0986,0.0988,0.0987,0.0986,0.0985,0.0985,0.0987,0.0986
2;1,0.1033,0.096,0.0959,0.0958,0.0957,0.0957,0.0956,0.0956,0.0957,0.0957,0.0957,0.0958,0.0958,0.0957,0.0958,0.0958,0.0958,0.0958,0.0957,0.0957,0.0957,0.0958,0.0958,0.0958,0.0957,0.0958,0.0958,0.0957,0.0957,0.0957,0.0957,0.0957,0.0957,0.0957,0.0957,0.0957,0.0957,0.0955,0.096,0.0955,0.0956,0.0959,0.0958,0.0957,0.0957,0.0957,0.0959,0.0958,0.0956,0.0956,0.0956,0.0955,0.0956,0.0956,0.0956,0.0957,0.0957,0.0956,0.0958,0.0955,0.0957,0.0958,0.0955,0.0957,0.0957,0.0954,0.096,0.0956,0.0955,0.0958,0.0957,0.0957,0.0955,0.0956,0.0956,0.0958,0.0957,0.0953,0.0954,0.0954,0.0957,0.0956,0.0955,0.0957,0.0956,0.0955,0.0955,0.0956,0.0955,0.0956,0.0955,0.0955,0.0955,0.0954,0.0956,0.0955
2;2,0.1039,0.0959,0.096,0.0962,0.0965,0.0964,0.0965,0.0966,0.0966,0.0967,0.0969,0.097,0.0969,0.097,0.097,0.0971,0.0971,0.0971,0.097,0.0971,0.0971,0.0971,0.097,0.0971,0.0972,0.0972,0.0972,0.0974,0.0974,0.0972,0.0973,0.0974,0.0975,0.0975,0.0974,0.0974,0.0974,0.0972,0.0976,0.0973,0.0975,0.0976,0.0976,0.0975,0.0976,0.0974,0.0976,0.0974,0.0974,0.0974,0.0975,0.0976,0.0976,0.0974,0.0974,0.0975,0.0977,0.0977,0.0977,0.0975,0.0976,0.0977,0.0975,0.0976,0.0977,0.0977,0.0979,0.0977,0.0976,0.0976,0.0977,0.0977,0.0977,0.0977,0.0977,0.0977,0.0979,0.0978,0.0976,0.0978,0.0978,0.0977,0.0977,0.0978,0.0978,0.0977,0.0977,0.0978,0.0977,0.0979,0.0978,0.0977,0.0976,0.0976,0.0978,0.0978
2;3,0.1024,0.0944,0.0945,0.0945,0.0947,0.0946,0.0944,0.0945,0.0944,0.0945,0.0945,0.0946,0.0944,0.0945,0.0946,0.0945,0.0946,0.0945,0.0945,0.0945,0.0945,0.0946,0.0945,0.0946,0.0945,0.0947,0.0945,0.0947,0.0946,0.0946,0.0946,0.0947,0.0947,0.0946,0.0946,0.0945,0.0947,0.0944,0.0945,0.0945,0.0946,0.0946,0.0945,0.0947,0.0945,0.0945,0.0947,0.0945,0.0945,0.0944,0.0946,0.0947,0.0947,0.0946,0.0945,0.0946,0.0945,0.0946,0.0945,0.0945,0.0946,0.0945,0.0945,0.0945,0.0946,0.0945,0.0948,0.0946,0.0945,0.0945,0.0946,0.0946,0.0944,0.0947,0.0945,0.0947,0.0946,0.0946,0.0946,0.0947,0.0947,0.0947,0.0946,0.0946,0.0946,0.0945,0.0945,0.0946,0.0946,0.0947,0.0947,0.0946,0.0946,0.0944,0.0946,0.0947
3;2,0.103,0.0948,0.0946,0.0947,0.0945,0.0945,0.0943,0.0941,0.0942,0.0941,0.0942,0.0943,0.0942,0.0941,0.0941,0.0942,0.0943,0.0942,0.0941,0.0941,0.0941,0.0941,0.0942,0.0941,0.0942,0.0943,0.0942,0.0943,0.0942,0.0941,0.0942,0.0943,0.0944,0.0943,0.0943,0.0941,0.0942,0.094,0.0942,0.0941,0.0942,0.0943,0.0941,0.0943,0.0942,0.094,0.0943,0.094,0.0941,0.094,0.0941,0.0941,0.0939,0.0941,0.0942,0.094,0.0942,0.0942,0.0943,0.0941,0.094,0.094,0.094,0.0941,0.0942,0.0939,0.0943,0.0941,0.0941,0.0941,0.0941,0.0942,0.0942,0.0942,0.0941,0.0941,0.0942,0.0941,0.0939,0.0942,0.0942,0.0941,0.0941,0.0941,0.0942,0.0941,0.0941,0.0942,0.0941,0.0942,0.0942,0.0941,0.094,0.0939,0.0942,0.0942
,,,,,,,,,,,,,,,,,,,,,,,,,,,,,,,,,,,,,,,,,,,,,,,,,,,,,,,,,,,,,,,,,,,,,,,,,,,,,,,,,,,,,,,,,,,,,,,,
Cycles / Well,,,,,,,,,,,,,,,,,,,,,,,,,,,,,,,,,,,,,,,,,,,,,,,,,,,,,,,,,,,,,,,,,,,,,,,,,,,,,,,,,,,,,,,,,,,,,,,,
E10,1,2,3,4,5,6,7,8,9,10,11,12,13,14,15,16,17,18,19,20,21,22,23,24,25,26,27,28,29,30,31,32,33,34,35,36,37,38,39,40,41,42,43,44,45,46,47,48,49,50,51,52,53,54,55,56,57,58,59,60,61,62,63,64,65,66,67,68,69,70,71,72,73,74,75,76,77,78,79,80,81,82,83,84,85,86,87,88,89,90,91,92,93,94,95,96
Time [s],0,1799.827,3599.741,5399.669,7199.582,8999.52,10799.439,12599.362,14399.295,16199.216,17999.146,19799.079,21599.004,23398.923,25198.859,26998.777,28798.697,30598.623,32398.553,34198.485,35998.416,37798.341,39598.268,41398.198,43198.124,44998.054,46797.976,48597.918,50397.831,52197.762,53997.692,55797.629,57597.534,59397.461,61197.38,62997.315,64797.24,66597.165,68397.092,70197.031,71996.926,73796.86,75596.777,77396.712,79196.627,80996.562,82796.484,84596.403,86396.337,88196.281,89996.203,91796.133,93596.059,95395.99,97195.917,98995.844,100795.796,102595.694,104395.689,106195.553,107995.487,109795.413,111595.34,113395.273,115195.195,116995.132,118795.052,120594.981,122394.898,124194.845,125994.76,127794.681,129594.622,131394.544,133194.474,134994.397,136794.315,138594.255,140394.181,142194.115,143994.039,145793.949,147593.888,149393.809,151193.742,152993.677,154793.597,156593.512,158393.435,160193.362,161993.31,163793.212,165593.147,167393.086,169192.983,170992.91
Temp. [°C],20.1,30,29.8,30,30.1,30,29.9,30.1,30.1,30.1,30,30,30,30,30,30,30,30,30,30,30,30,30.1,30.1,30.1,30.1,30,30,30.1,30.1,30,30,30.1,30,29.9,30,30.1,30,30.1,29.9,30.1,29.8,30,29.9,30.1,30,30,29.9,30,30,30,30.1,29.9,30.2,30.1,30.1,30.1,30,30,30,30,30,30,30,30,30,30.1,30,30,30.2,30,30.1,30,30.1,30,30,30,30,30,30,29.9,30.1,30.1,30.1,30.1,30.1,29.9,30,29.8,30.1,30.1,29.8,29.9,30,30,30
Mean,0.10444,0.09574,0.09584,0.09596,0.09596,0.096,0.09588,0.09592,0.09596,0.096,0.09604,0.09608,0.096,0.09604,0.09604,0.09606,0.09612,0.09612,0.09602,0.09612,0.09614,0.09612,0.09614,0.09612,0.09612,0.0962,0.0961,0.09628,0.09626,0.0962,0.09624,0.09632,0.09632,0.09628,0.0962,0.0961,0.0962,0.09612,0.0963,0.09616,0.09618,0.09636,0.0963,0.09632,0.0963,0.09612,0.09628,0.0962,0.09624,0.09612,0.09622,0.09632,0.09622,0.09626,0.0962,0.0963,0.09634,0.0963,0.09638,0.09624,0.09622,0.09628,0.0962,0.09626,0.0963,0.0962,0.09654,0.09626,0.09622,0.09632,0.09626,0.09636,0.0963,0.09632,0.09628,0.09638,0.0963,0.09628,0.09624,0.0964,0.09642,0.09622,0.09628,0.09636,0.09638,0.09624,0.0963,0.09628,0.09626,0.09634,0.09638,0.0962,0.09624,0.0961,0.09638,0.09626
StDev,0.001499333,0.001458767,0.00144326,0.001545316,0.001548548,0.0016,0.001693222,0.001728294,0.001734359,0.001813836,0.001817416,0.001781011,0.001882817,0.001904731,0.001921718,0.001942421,0.001974082,0.001974082,0.001974082,0.002024105,0.002004495,0.00201668,0.001995745,0.002012958,0.002012958,0.002083267,0.002029778,0.002098094,0.002071956,0.002082066,0.002076776,0.002112345,0.002105232,0.002190205,0.002126029,0.002171405,0.002173707,0.002144062,0.002136586,0.002150116,0.002133542,0.002112581,0.002113055,0.002190205,0.002123676,0.002144062,0.002182201,0.002213594,0.002131431,0.002184491,0.002198181,0.002139392,0.002134713,0.002202953,0.002159861,0.002302173,0.002263405,0.002204541,0.002185635,0.002177843,0.002190205,0.002191347,0.00221698,0.002247888,0.002252776,0.002205675,0.002216529,0.00228976,0.002235397,0.002229798,0.002256768,0.002247888,0.002263846,0.002278596,0.002284075,0.002178761,0.002211334,0.002229798,0.002221036,0.002243881,0.002278596,0.002325296,0.002275302,0.002247888,0.002232039,0.002263405,0.002305428,0.00232422,0.002243435,0.002263405,0.002374237,0.002254994,0.002213143,0.002212465,0.002274203,0.002287575
1;2,0.1065,0.0977,0.0978,0.0981,0.0981,0.0982,0.0982,0.0982,0.0983,0.0984,0.0984,0.0984,0.0986,0.0985,0.0986,0.0986,0.0987,0.0987,0.0986,0.0988,0.0988,0.0987,0.0987,0.0987,0.0987,0.0989,0.0987,0.099,0.0989,0.0989,0.0988,0.0991,0.099,0.0991,0.0989,0.0989,0.099,0.0988,0.0991,0.0988,0.0988,0.099,0.0989,0.099,0.099,0.0988,0.099,0.099,0.0989,0.0988,0.099,0.0989,0.0987,0.099,0.0988,0.0992,0.0991,0.099,0.0991,0.099,0.0989,0.0991,0.099,0.0991,0.0991,0.0989,0.0993,0.0991,0.099,0.099,0.0991,0.0992,0.0992,0.0991,0.0992,0.0991,0.099,0.0991,0.099,0.099,0.0992,0.0991,0.0991,0.0992,0.0992,0.099,0.0992,0.0991,0.099,0.0991,0.0993,0.099,0.0989,0.0989,0.0992,0.099
2;1,0.1036,0.0945,0.0946,0.0947,0.0947,0.0947,0.0946,0.0945,0.0947,0.0947,0.0948,0.0948,0.0947,0.0947,0.0947,0.0947,0.0948,0.0948,0.0947,0.0948,0.0947,0.0948,0.0948,0.0948,0.0948,0.0949,0.0947,0.0949,0.095,0.0948,0.0949,0.0949,0.095,0.0949,0.0949,0.0947,0.0948,0.0947,0.095,0.0947,0.0948,0.0951,0.0949,0.095,0.095,0.0947,0.0949,0.0948,0.095,0.0946,0.0949,0.095,0.0949,0.0949,0.0949,0.0948,0.095,0.0949,0.0951,0.0949,0.0949,0.0949,0.0949,0.0948,0.0948,0.0948,0.0951,0.0948,0.0947,0.0949,0.095,0.0949,0.0949,0.0949,0.0949,0.0949,0.095,0.0948,0.0949,0.095,0.095,0.0947,0.0949,0.0949,0.095,0.0949,0.0949,0.095,0.0949,0.095,0.0951,0.0948,0.0949,0.0947,0.095,0.0949
2;2,0.1049,0.0963,0.0966,0.0969,0.097,0.0971,0.0971,0.0973,0.0973,0.0975,0.0976,0.0976,0.0974,0.0977,0.0976,0.0977,0.0978,0.0978,0.0977,0.0978,0.0978,0.0979,0.0979,0.0979,0.0979,0.098,0.0979,0.0981,0.0981,0.098,0.0982,0.0981,0.0982,0.0982,0.0981,0.098,0.0981,0.0981,0.0981,0.0982,0.0982,0.0983,0.0983,0.0984,0.0982,0.0981,0.0983,0.0982,0.0982,0.0982,0.0982,0.0984,0.0984,0.0983,0.0983,0.0984,0.0985,0.0984,0.0984,0.0982,0.0983,0.0982,0.0982,0.0983,0.0984,0.0983,0.0986,0.0984,0.0983,0.0985,0.0983,0.0984,0.0983,0.0985,0.0983,0.0984,0.0984,0.0983,0.0983,0.0987,0.0986,0.0984,0.0984,0.0984,0.0984,0.0984,0.0984,0.0985,0.0984,0.0985,0.0986,0.0983,0.0984,0.0981,0.0985,0.0985
2;3,0.1025,0.0941,0.0943,0.0944,0.0945,0.0945,0.0943,0.0944,0.0944,0.0945,0.0945,0.0946,0.0944,0.0945,0.0944,0.0944,0.0945,0.0945,0.0944,0.0945,0.0946,0.0944,0.0945,0.0945,0.0945,0.0945,0.0945,0.0947,0.0945,0.0945,0.0946,0.0947,0.0946,0.0946,0.0944,0.0944,0.0944,0.0944,0.0945,0.0944,0.0944,0.0946,0.0946,0.0945,0.0946,0.0944,0.0947,0.0944,0.0945,0.0944,0.0944,0.0946,0.0945,0.0944,0.0944,0.0945,0.0945,0.0946,0.0946,0.0945,0.0944,0.0945,0.0945,0.0945,0.0945,0.0944,0.0948,0.0945,0.0944,0.0945,0.0944,0.0946,0.0945,0.0946,0.0944,0.0947,0.0944,0.0945,0.0944,0.0946,0.0947,0.0945,0.0944,0.0946,0.0946,0.0944,0.0945,0.0945,0.0945,0.0946,0.0945,0.0944,0.0945,0.0944,0.0946,0.0944
3;2,0.1047,0.0961,0.0959,0.0957,0.0955,0.0955,0.0952,0.0952,0.0951,0.0949,0.0949,0.095,0.0949,0.0948,0.0949,0.0949,0.0948,0.0948,0.0947,0.0947,0.0948,0.0948,0.0948,0.0947,0.0947,0.0947,0.0947,0.0947,0.0948,0.0948,0.0947,0.0948,0.0948,0.0946,0.0947,0.0945,0.0947,0.0946,0.0948,0.0947,0.0947,0.0948,0.0948,0.0947,0.0947,0.0946,0.0945,0.0946,0.0946,0.0946,0.0946,0.0947,0.0946,0.0947,0.0946,0.0946,0.0946,0.0946,0.0947,0.0946,0.0946,0.0947,0.0944,0.0946,0.0947,0.0946,0.0949,0.0945,0.0947,0.0947,0.0945,0.0947,0.0946,0.0945,0.0946,0.0948,0.0947,0.0947,0.0946,0.0947,0.0946,0.0944,0.0946,0.0947,0.0947,0.0945,0.0945,0.0943,0.0945,0.0945,0.0944,0.0945,0.0945,0.0944,0.0946,0.0945
,,,,,,,,,,,,,,,,,,,,,,,,,,,,,,,,,,,,,,,,,,,,,,,,,,,,,,,,,,,,,,,,,,,,,,,,,,,,,,,,,,,,,,,,,,,,,,,,
Cycles / Well,,,,,,,,,,,,,,,,,,,,,,,,,,,,,,,,,,,,,,,,,,,,,,,,,,,,,,,,,,,,,,,,,,,,,,,,,,,,,,,,,,,,,,,,,,,,,,,,
E11,1,2,3,4,5,6,7,8,9,10,11,12,13,14,15,16,17,18,19,20,21,22,23,24,25,26,27,28,29,30,31,32,33,34,35,36,37,38,39,40,41,42,43,44,45,46,47,48,49,50,51,52,53,54,55,56,57,58,59,60,61,62,63,64,65,66,67,68,69,70,71,72,73,74,75,76,77,78,79,80,81,82,83,84,85,86,87,88,89,90,91,92,93,94,95,96
Time [s],0,1799.827,3599.741,5399.669,7199.582,8999.52,10799.439,12599.362,14399.295,16199.216,17999.146,19799.079,21599.004,23398.923,25198.859,26998.777,28798.697,30598.623,32398.553,34198.485,35998.416,37798.341,39598.268,41398.198,43198.124,44998.054,46797.976,48597.918,50397.831,52197.762,53997.692,55797.629,57597.534,59397.461,61197.38,62997.315,64797.24,66597.165,68397.092,70197.031,71996.926,73796.86,75596.777,77396.712,79196.627,80996.562,82796.484,84596.403,86396.337,88196.281,89996.203,91796.133,93596.059,95395.99,97195.917,98995.844,100795.796,102595.694,104395.689,106195.553,107995.487,109795.413,111595.34,113395.273,115195.195,116995.132,118795.052,120594.981,122394.898,124194.845,125994.76,127794.681,129594.622,131394.544,133194.474,134994.397,136794.315,138594.255,140394.181,142194.115,143994.039,145793.949,147593.888,149393.809,151193.742,152993.677,154793.597,156593.512,158393.435,160193.362,161993.31,163793.212,165593.147,167393.086,169192.983,170992.91
Temp. [°C],20.1,30,29.8,30,30.1,30,29.9,30.1,30.1,30.1,30,30,30,30,30,30,30,30,30,30,30,30,30.1,30.1,30.1,30.1,30,30,30.1,30.1,30,30,30.1,30,29.9,30,30.1,30,30.1,29.9,30.1,29.8,30,29.9,30.1,30,30,29.9,30,30,30,30.1,29.9,30.2,30.1,30.1,30.1,30,30,30,30,30,30,30,30,30,30.1,30,30,30.2,30,30.1,30,30.1,30,30,30,30,30,30,29.9,30.1,30.1,30.1,30.1,30.1,29.9,30,29.8,30.1,30.1,29.8,29.9,30,30,30
Mean,0.10408,0.09596,0.09608,0.09612,0.09606,0.09608,0.09602,0.096,0.09604,0.096,0.09608,0.09608,0.09608,0.09604,0.09608,0.09602,0.09602,0.09602,0.09596,0.0961,0.09604,0.09606,0.09602,0.09602,0.09602,0.09614,0.09612,0.09618,0.0961,0.0961,0.09606,0.09612,0.09612,0.09614,0.09608,0.09596,0.096,0.09602,0.09616,0.09606,0.096,0.09616,0.09614,0.09616,0.09608,0.09596,0.09616,0.09598,0.096,0.09594,0.09608,0.09614,0.09598,0.09614,0.09606,0.09608,0.09606,0.09612,0.09622,0.09606,0.0961,0.09612,0.09604,0.09604,0.09602,0.09596,0.0963,0.09612,0.09604,0.09612,0.09604,0.0962,0.09606,0.09606,0.09604,0.0961,0.09612,0.09602,0.096,0.09618,0.0962,0.09604,0.09602,0.09616,0.09608,0.09604,0.09604,0.0961,0.096,0.0961,0.09614,0.09602,0.096,0.09586,0.09612,0.09602
StDev,0.001430734,0.001087658,0.001156287,0.001235718,0.001372224,0.001384558,0.00139714,0.001467992,0.001477498,0.001549193,0.001605304,0.001640732,0.001573849,0.001628803,0.001699117,0.001709386,0.001690266,0.001749857,0.001768615,0.001798611,0.001810525,0.001860914,0.001841738,0.001810249,0.001841738,0.001870294,0.001841738,0.001961377,0.00196596,0.001885471,0.001970533,0.001994242,0.001962651,0.00195397,0.001997999,0.002013206,0.002086864,0.00201668,0.001983179,0.002054994,0.001988718,0.002036664,0.002076776,0.00205621,0.001997999,0.002030517,0.002067124,0.002058397,0.002141261,0.002071956,0.002169562,0.002034207,0.002144062,0.002094755,0.002154762,0.002127675,0.002099524,0.002194767,0.002219685,0.002183575,0.00226495,0.002163793,0.002191575,0.002243435,0.002219685,0.00221991,0.002173707,0.002224185,0.002246775,0.002255438,0.002154762,0.002228228,0.002274423,0.002237856,0.00228976,0.002288012,0.002311277,0.002276401,0.002324866,0.0023467,0.002385372,0.002338376,0.002315599,0.002354358,0.002381596,0.002302824,0.002343715,0.002404163,0.002313007,0.002324866,0.002362837,0.002371076,0.002313007,0.002390188,0.002340299,0.002403539
1;2,0.1058,0.0975,0.0976,0.0976,0.0977,0.0977,0.0977,0.0978,0.0978,0.0977,0.098,0.098,0.098,0.098,0.0981,0.098,0.0979,0.098,0.098,0.0982,0.0981,0.0982,0.0981,0.0981,0.0981,0.0983,0.0982,0.0983,0.0983,0.0982,0.0982,0.0984,0.0984,0.0984,0.0983,0.0983,0.0984,0.0983,0.0985,0.0983,0.0982,0.0985,0.0985,0.0984,0.0983,0.0982,0.0985,0.0983,0.0984,0.0982,0.0984,0.0982,0.0982,0.0984,0.0983,0.0985,0.0984,0.0986,0.0986,0.0985,0.0986,0.0985,0.0985,0.0984,0.0984,0.0985,0.0987,0.0986,0.0985,0.0986,0.0984,0.0986,0.0986,0.0985,0.0987,0.0986,0.0986,0.0984,0.0986,0.0987,0.0989,0.0986,0.0986,0.0987,0.0987,0.0985,0.0987,0.0987,0.0985,0.0987,0.0987,0.0986,0.0985,0.0985,0.0987,0.0986
2;1,0.1043,0.0954,0.0954,0.0954,0.0954,0.0952,0.0953,0.0952,0.0953,0.0954,0.0953,0.0952,0.0955,0.0953,0.0952,0.0953,0.0953,0.0954,0.0953,0.0953,0.0953,0.0954,0.0953,0.0954,0.0953,0.0954,0.0954,0.0955,0.0953,0.0953,0.0953,0.0954,0.0954,0.0955,0.0953,0.0952,0.0952,0.0953,0.0955,0.0954,0.0953,0.0954,0.0954,0.0954,0.0953,0.0953,0.0954,0.0953,0.0953,0.0952,0.0953,0.0954,0.0951,0.0954,0.0951,0.0953,0.0952,0.0953,0.0955,0.0954,0.0953,0.0953,0.0953,0.0952,0.0952,0.0951,0.0956,0.0954,0.0952,0.0953,0.0953,0.0954,0.0953,0.0953,0.0952,0.0953,0.0953,0.0952,0.0951,0.0955,0.0953,0.0952,0.0952,0.0954,0.0953,0.0953,0.0952,0.0953,0.0953,0.0952,0.0954,0.0952,0.0953,0.0951,0.0953,0.0952
2;2,0.105,0.0967,0.097,0.0973,0.0973,0.0974,0.0973,0.0973,0.0974,0.0975,0.0975,0.0976,0.0974,0.0975,0.0976,0.0976,0.0976,0.0976,0.0975,0.0977,0.0977,0.0977,0.0977,0.0976,0.0977,0.0978,0.0978,0.098,0.0979,0.0979,0.0979,0.0979,0.0978,0.0978,0.0979,0.0977,0.0978,0.0978,0.0978,0.0979,0.0978,0.0979,0.098,0.098,0.0979,0.0978,0.098,0.0978,0.0979,0.0979,0.0981,0.0982,0.0981,0.0981,0.0982,0.098,0.098,0.098,0.0983,0.098,0.0982,0.0981,0.098,0.0982,0.0981,0.0979,0.0983,0.0981,0.0981,0.0982,0.098,0.0983,0.0981,0.0981,0.098,0.0982,0.0983,0.0982,0.0981,0.0983,0.0983,0.0982,0.0981,0.0983,0.0982,0.0982,0.0981,0.0983,0.0981,0.0982,0.0983,0.0982,0.0981,0.098,0.0982,0.0983
2;3,0.1023,0.0952,0.0955,0.0954,0.0954,0.0955,0.0953,0.0953,0.0953,0.0953,0.0954,0.0954,0.0953,0.0952,0.0954,0.0952,0.0954,0.0953,0.0953,0.0954,0.0953,0.0953,0.0953,0.0953,0.0953,0.0954,0.0954,0.0955,0.0954,0.0953,0.0954,0.0953,0.0954,0.0954,0.0954,0.0952,0.0953,0.0953,0.0954,0.0954,0.0953,0.0955,0.0953,0.0956,0.0954,0.0952,0.0954,0.0952,0.0952,0.0951,0.0954,0.0954,0.0953,0.0954,0.0954,0.0952,0.0953,0.0955,0.0954,0.0952,0.0952,0.0954,0.0952,0.0953,0.0953,0.0952,0.0954,0.0953,0.0953,0.0953,0.0953,0.0954,0.0952,0.0953,0.0952,0.0953,0.0953,0.0953,0.0952,0.0954,0.0954,0.0952,0.0952,0.0954,0.0953,0.0952,0.0952,0.0953,0.0952,0.0953,0.0953,0.0952,0.0952,0.095,0.0954,0.0951
3;2,0.103,0.095,0.0949,0.0949,0.0945,0.0946,0.0945,0.0944,0.0944,0.0941,0.0942,0.0942,0.0942,0.0942,0.0941,0.094,0.0939,0.0938,0.0937,0.0939,0.0938,0.0937,0.0937,0.0937,0.0937,0.0938,0.0938,0.0936,0.0936,0.0938,0.0935,0.0936,0.0936,0.0936,0.0935,0.0934,0.0933,0.0934,0.0936,0.0933,0.0934,0.0935,0.0935,0.0934,0.0935,0.0933,0.0935,0.0933,0.0932,0.0933,0.0932,0.0935,0.0932,0.0934,0.0933,0.0934,0.0934,0.0932,0.0933,0.0932,0.0932,0.0933,0.0932,0.0931,0.0931,0.0931,0.0935,0.0932,0.0931,0.0932,0.0932,0.0933,0.0931,0.0931,0.0931,0.0931,0.0931,0.093,0.093,0.093,0.0931,0.093,0.093,0.093,0.0929,0.093,0.093,0.0929,0.0929,0.0931,0.093,0.0929,0.0929,0.0927,0.093,0.0929
,,,,,,,,,,,,,,,,,,,,,,,,,,,,,,,,,,,,,,,,,,,,,,,,,,,,,,,,,,,,,,,,,,,,,,,,,,,,,,,,,,,,,,,,,,,,,,,,
Cycles / Well,,,,,,,,,,,,,,,,,,,,,,,,,,,,,,,,,,,,,,,,,,,,,,,,,,,,,,,,,,,,,,,,,,,,,,,,,,,,,,,,,,,,,,,,,,,,,,,,
E12,1,2,3,4,5,6,7,8,9,10,11,12,13,14,15,16,17,18,19,20,21,22,23,24,25,26,27,28,29,30,31,32,33,34,35,36,37,38,39,40,41,42,43,44,45,46,47,48,49,50,51,52,53,54,55,56,57,58,59,60,61,62,63,64,65,66,67,68,69,70,71,72,73,74,75,76,77,78,79,80,81,82,83,84,85,86,87,88,89,90,91,92,93,94,95,96
Time [s],0,1799.827,3599.741,5399.669,7199.582,8999.52,10799.439,12599.362,14399.295,16199.216,17999.146,19799.079,21599.004,23398.923,25198.859,26998.777,28798.697,30598.623,32398.553,34198.485,35998.416,37798.341,39598.268,41398.198,43198.124,44998.054,46797.976,48597.918,50397.831,52197.762,53997.692,55797.629,57597.534,59397.461,61197.38,62997.315,64797.24,66597.165,68397.092,70197.031,71996.926,73796.86,75596.777,77396.712,79196.627,80996.562,82796.484,84596.403,86396.337,88196.281,89996.203,91796.133,93596.059,95395.99,97195.917,98995.844,100795.796,102595.694,104395.689,106195.553,107995.487,109795.413,111595.34,113395.273,115195.195,116995.132,118795.052,120594.981,122394.898,124194.845,125994.76,127794.681,129594.622,131394.544,133194.474,134994.397,136794.315,138594.255,140394.181,142194.115,143994.039,145793.949,147593.888,149393.809,151193.742,152993.677,154793.597,156593.512,158393.435,160193.362,161993.31,163793.212,165593.147,167393.086,169192.983,170992.91
Temp. [°C],20.1,30,29.8,30,30.1,30,29.9,30.1,30.1,30.1,30,30,30,30,30,30,30,30,30,30,30,30,30.1,30.1,30.1,30.1,30,30,30.1,30.1,30,30,30.1,30,29.9,30,30.1,30,30.1,29.9,30.1,29.8,30,29.9,30.1,30,30,29.9,30,30,30,30.1,29.9,30.2,30.1,30.1,30.1,30,30,30,30,30,30,30,30,30,30.1,30,30,30.2,30,30.1,30,30.1,30,30,30,30,30,30,29.9,30.1,30.1,30.1,30.1,30.1,29.9,30,29.8,30.1,30.1,29.8,29.9,30,30,30
Mean,0.09658,0.09652,0.09644,0.09652,0.0965,0.09656,0.09646,0.09644,0.0965,0.09654,0.09662,0.09664,0.09662,0.0966,0.09662,0.09664,0.09668,0.09666,0.09654,0.09672,0.09666,0.09668,0.09666,0.09666,0.09666,0.09674,0.09676,0.09684,0.09676,0.0968,0.09682,0.09686,0.09682,0.09684,0.0968,0.09674,0.0968,0.09674,0.09682,0.09678,0.09682,0.09694,0.09692,0.09698,0.0969,0.0968,0.0969,0.09676,0.09684,0.09672,0.09692,0.09696,0.09688,0.09692,0.09694,0.09692,0.09702,0.09696,0.09708,0.0969,0.09694,0.09696,0.09702,0.09692,0.09696,0.09688,0.09732,0.0971,0.09702,0.0971,0.09712,0.09722,0.09724,0.09722,0.09726,0.09736,0.09724,0.09724,0.09724,0.09742,0.09766,0.09752,0.09748,0.09752,0.09764,0.09766,0.09762,0.0977,0.0976,0.09772,0.09784,0.09782,0.09784,0.09774,0.09796,0.09806
StDev,0.001525451,0.001565886,0.00186628,0.001938298,0.002232711,0.002157081,0.002291942,0.002370232,0.002407281,0.002466374,0.00248133,0.00253239,0.002578178,0.002597114,0.00259461,0.002688494,0.002695737,0.002736421,0.002742809,0.002800357,0.002762788,0.002788727,0.002789803,0.00285972,0.002807668,0.00282365,0.002807668,0.002850965,0.002903963,0.002868798,0.002950763,0.002886694,0.002921815,0.002947541,0.002915476,0.002946693,0.00289655,0.002947541,0.003031006,0.003040888,0.002896895,0.003005495,0.003035951,0.002997833,0.002955503,0.0029858,0.00302407,0.003017946,0.002950085,0.002979429,0.003059739,0.003013802,0.003063821,0.003040888,0.003050902,0.003035128,0.002996164,0.003004663,0.003031831,0.003113679,0.003110145,0.002992992,0.003066268,0.003054832,0.003078636,0.003017781,0.003044996,0.002990819,0.00299533,0.002938537,0.002989482,0.002904651,0.002944147,0.002882187,0.002856221,0.002827189,0.002845699,0.002805887,0.00279875,0.002684586,0.002602499,0.002509382,0.00259461,0.002516347,0.00257449,0.002438852,0.002527251,0.002456624,0.002458658,0.002398333,0.002400625,0.002350957,0.002322283,0.002257875,0.002363895,0.002380756
1;2,0.0988,0.0987,0.0989,0.099,0.0992,0.0992,0.0992,0.0993,0.0993,0.0993,0.0994,0.0994,0.0995,0.0994,0.0995,0.0996,0.0996,0.0996,0.0995,0.0997,0.0995,0.0996,0.0995,0.0996,0.0995,0.0997,0.0996,0.0998,0.0997,0.0996,0.0997,0.0997,0.0997,0.0997,0.0996,0.0997,0.0997,0.0996,0.0999,0.0996,0.0995,0.0998,0.0999,0.0999,0.0997,0.0996,0.0998,0.0995,0.0996,0.0996,0.0997,0.0997,0.0996,0.0997,0.0997,0.0998,0.0998,0.0998,0.0999,0.0998,0.0998,0.0997,0.0998,0.0997,0.0997,0.0994,0.1,0.0998,0.0997,0.0997,0.0999,0.0997,0.0999,0.0997,0.0998,0.0998,0.0997,0.0996,0.0997,0.0997,0.1,0.0997,0.0997,0.0997,0.0999,0.0997,0.0997,0.0997,0.0996,0.0996,0.0998,0.0997,0.0995,0.0994,0.0997,0.0997
2;1,0.0952,0.0953,0.095,0.0951,0.0949,0.095,0.0949,0.095,0.095,0.0951,0.0951,0.0951,0.095,0.0951,0.0951,0.095,0.0951,0.095,0.0949,0.0951,0.095,0.095,0.095,0.0949,0.0951,0.0951,0.0952,0.0952,0.0951,0.0951,0.0951,0.0951,0.0951,0.0951,0.0952,0.095,0.0951,0.095,0.0949,0.0949,0.0951,0.0952,0.0952,0.0952,0.0952,0.0951,0.0951,0.0949,0.0951,0.095,0.0953,0.0954,0.0951,0.0952,0.0951,0.095,0.0952,0.0952,0.0953,0.0951,0.0951,0.0951,0.0951,0.0951,0.0951,0.0951,0.0954,0.0952,0.0951,0.0952,0.0952,0.0952,0.0951,0.0952,0.0952,0.0953,0.0951,0.0952,0.0952,0.0953,0.0954,0.0952,0.0951,0.0953,0.0953,0.0952,0.0951,0.0952,0.0951,0.0953,0.0952,0.0952,0.0952,0.0951,0.0951,0.0951
2;2,0.0975,0.0976,0.0978,0.098,0.0983,0.0983,0.0983,0.0983,0.0985,0.0987,0.0988,0.0989,0.0989,0.0989,0.0989,0.099,0.0991,0.0992,0.099,0.0993,0.0993,0.0993,0.0994,0.0994,0.0994,0.0994,0.0995,0.0996,0.0996,0.0997,0.0998,0.0998,0.0998,0.0999,0.0998,0.0997,0.0997,0.0998,0.0998,0.1,0.0999,0.1001,0.1,0.1001,0.1,0.1,0.1001,0.1,0.1,0.0998,0.1002,0.1002,0.1003,0.1002,0.1003,0.1002,0.1003,0.1002,0.1004,0.1003,0.1004,0.1003,0.1004,0.1003,0.1004,0.1004,0.1008,0.1005,0.1005,0.1005,0.1005,0.1007,0.1007,0.1007,0.1007,0.1008,0.1007,0.1007,0.1007,0.1008,0.1009,0.1007,0.1008,0.1007,0.1009,0.1008,0.1009,0.1009,0.1008,0.1009,0.1009,0.1008,0.1009,0.1006,0.1009,0.1009
2;3,0.0959,0.0959,0.096,0.0961,0.0962,0.0962,0.0962,0.0961,0.0962,0.0962,0.0963,0.0964,0.0963,0.0964,0.0963,0.0964,0.0964,0.0963,0.0963,0.0964,0.0964,0.0964,0.0963,0.0964,0.0963,0.0964,0.0964,0.0964,0.0964,0.0965,0.0965,0.0965,0.0964,0.0964,0.0964,0.0963,0.0964,0.0963,0.0965,0.0965,0.0965,0.0965,0.0965,0.0965,0.0965,0.0963,0.0964,0.0965,0.0964,0.0963,0.0965,0.0965,0.0964,0.0965,0.0965,0.0964,0.0965,0.0964,0.0965,0.0963,0.0963,0.0964,0.0966,0.0964,0.0965,0.0964,0.0968,0.0965,0.0963,0.0965,0.0964,0.0966,0.0965,0.0965,0.0964,0.0966,0.0965,0.0965,0.0962,0.0965,0.0965,0.0964,0.0963,0.0965,0.0964,0.0964,0.0964,0.0964,0.0964,0.0965,0.0965,0.0963,0.0964,0.0962,0.0964,0.0963
3;2,0.0955,0.0951,0.0945,0.0944,0.0939,0.0941,0.0937,0.0935,0.0935,0.0934,0.0935,0.0934,0.0934,0.0932,0.0933,0.0932,0.0932,0.0932,0.093,0.0931,0.0931,0.0931,0.0931,0.093,0.093,0.0931,0.0931,0.0932,0.093,0.0931,0.093,0.0932,0.0931,0.0931,0.093,0.093,0.0931,0.093,0.093,0.0929,0.0931,0.0931,0.093,0.0932,0.0931,0.093,0.0931,0.0929,0.0931,0.0929,0.0929,0.093,0.093,0.093,0.0931,0.0932,0.0933,0.0932,0.0933,0.093,0.0931,0.0933,0.0932,0.0931,0.0931,0.0931,0.0936,0.0935,0.0935,0.0936,0.0936,0.0939,0.094,0.094,0.0942,0.0943,0.0942,0.0942,0.0944,0.0948,0.0955,0.0956,0.0955,0.0954,0.0957,0.0962,0.096,0.0963,0.0961,0.0963,0.0968,0.0971,0.0972,0.0974,0.0977,0.0983
,,,,,,,,,,,,,,,,,,,,,,,,,,,,,,,,,,,,,,,,,,,,,,,,,,,,,,,,,,,,,,,,,,,,,,,,,,,,,,,,,,,,,,,,,,,,,,,,
Cycles / Well,,,,,,,,,,,,,,,,,,,,,,,,,,,,,,,,,,,,,,,,,,,,,,,,,,,,,,,,,,,,,,,,,,,,,,,,,,,,,,,,,,,,,,,,,,,,,,,,
F1,1,2,3,4,5,6,7,8,9,10,11,12,13,14,15,16,17,18,19,20,21,22,23,24,25,26,27,28,29,30,31,32,33,34,35,36,37,38,39,40,41,42,43,44,45,46,47,48,49,50,51,52,53,54,55,56,57,58,59,60,61,62,63,64,65,66,67,68,69,70,71,72,73,74,75,76,77,78,79,80,81,82,83,84,85,86,87,88,89,90,91,92,93,94,95,96
Time [s],0,1799.827,3599.741,5399.669,7199.582,8999.52,10799.439,12599.362,14399.295,16199.216,17999.146,19799.079,21599.004,23398.923,25198.859,26998.777,28798.697,30598.623,32398.553,34198.485,35998.416,37798.341,39598.268,41398.198,43198.124,44998.054,46797.976,48597.918,50397.831,52197.762,53997.692,55797.629,57597.534,59397.461,61197.38,62997.315,64797.24,66597.165,68397.092,70197.031,71996.926,73796.86,75596.777,77396.712,79196.627,80996.562,82796.484,84596.403,86396.337,88196.281,89996.203,91796.133,93596.059,95395.99,97195.917,98995.844,100795.796,102595.694,104395.689,106195.553,107995.487,109795.413,111595.34,113395.273,115195.195,116995.132,118795.052,120594.981,122394.898,124194.845,125994.76,127794.681,129594.622,131394.544,133194.474,134994.397,136794.315,138594.255,140394.181,142194.115,143994.039,145793.949,147593.888,149393.809,151193.742,152993.677,154793.597,156593.512,158393.435,160193.362,161993.31,163793.212,165593.147,167393.086,169192.983,170992.91
Temp. [°C],20.1,30,29.8,30,30.1,30,29.9,30.1,30.1,30.1,30,30,30,30,30,30,30,30,30,30,30,30,30.1,30.1,30.1,30.1,30,30,30.1,30.1,30,30,30.1,30,29.9,30,30.1,30,30.1,29.9,30.1,29.8,30,29.9,30.1,30,30,29.9,30,30,30,30.1,29.9,30.2,30.1,30.1,30.1,30,30,30,30,30,30,30,30,30,30.1,30,30,30.2,30,30.1,30,30.1,30,30,30,30,30,30,29.9,30.1,30.1,30.1,30.1,30.1,29.9,30,29.8,30.1,30.1,29.8,29.9,30,30,30
Mean,0.0956,0.09524,0.09528,0.09534,0.09534,0.09536,0.09534,0.0953,0.09538,0.09538,0.09542,0.09546,0.09536,0.0954,0.09542,0.09544,0.09544,0.09542,0.09544,0.09552,0.09556,0.09556,0.09554,0.09546,0.09552,0.09566,0.09564,0.09584,0.09572,0.09576,0.09582,0.09586,0.0959,0.09598,0.09594,0.09586,0.09592,0.09582,0.09626,0.09606,0.0961,0.09628,0.09626,0.0964,0.09632,0.09618,0.0965,0.09634,0.0964,0.09636,0.09648,0.09652,0.09662,0.0965,0.09664,0.0967,0.09682,0.09696,0.0971,0.09694,0.09722,0.09722,0.09738,0.09732,0.09728,0.0974,0.0979,0.0977,0.09754,0.09762,0.09782,0.09812,0.09782,0.0982,0.09798,0.09842,0.0981,0.09846,0.09824,0.09868,0.09886,0.09872,0.09918,0.09904,0.0992,0.09896,0.0994,0.09944,0.09938,0.09966,0.09942,0.09972,0.0997,0.09962,0.09982,0.10028
StDev,0.002062765,0.002322283,0.002434543,0.00258515,0.002740985,0.002740985,0.00282542,0.002852192,0.002822587,0.002903791,0.002858671,0.002918561,0.002912559,0.00292831,0.002954996,0.003017946,0.003011312,0.002930358,0.002959392,0.002930358,0.00289275,0.002936495,0.002956011,0.002933087,0.002971027,0.00288236,0.002987139,0.002843062,0.002859545,0.00282365,0.002811939,0.002777229,0.00283196,0.002765321,0.002804104,0.002790699,0.002824358,0.002777949,0.002657631,0.002691282,0.002659887,0.002695737,0.002704256,0.002641023,0.002635716,0.002654619,0.002626785,0.002653865,0.002681418,0.002725436,0.002678059,0.002677125,0.002711457,0.002681418,0.00273916,0.002773986,0.002818155,0.002888425,0.002924893,0.003051721,0.003248384,0.003204216,0.003532987,0.003277499,0.003409839,0.003582597,0.0037343,0.003890373,0.003716584,0.003783781,0.004119102,0.004343616,0.004232257,0.00466744,0.004599674,0.004885898,0.004635191,0.005116444,0.004895202,0.005407125,0.005621655,0.005752999,0.006556829,0.006152479,0.006539113,0.006153292,0.007066824,0.006863891,0.007213668,0.00743996,0.006965415,0.007712133,0.007670398,0.007876674,0.007772837,0.008892525
1;2,0.0984,0.0983,0.0984,0.0986,0.0988,0.0988,0.0988,0.0988,0.0988,0.0989,0.0988,0.099,0.0988,0.0989,0.0989,0.0989,0.099,0.0988,0.0989,0.0989,0.0989,0.099,0.0989,0.0988,0.0989,0.0989,0.099,0.0991,0.0989,0.0989,0.0989,0.099,0.099,0.0991,0.099,0.0989,0.099,0.0988,0.099,0.0989,0.0989,0.0992,0.0992,0.0991,0.099,0.0989,0.099,0.0988,0.0989,0.0988,0.0991,0.0991,0.099,0.099,0.0989,0.0989,0.099,0.099,0.099,0.099,0.099,0.099,0.099,0.099,0.0989,0.0988,0.0992,0.0989,0.0989,0.0989,0.099,0.0991,0.0988,0.0989,0.0988,0.0991,0.099,0.099,0.0988,0.0991,0.0992,0.0989,0.099,0.099,0.0989,0.099,0.099,0.099,0.0988,0.099,0.099,0.0989,0.0989,0.0988,0.099,0.0989
2;1,0.0953,0.0949,0.0945,0.0942,0.0939,0.094,0.0937,0.0937,0.0937,0.0937,0.0937,0.0937,0.0936,0.0936,0.0935,0.0935,0.0936,0.0935,0.0935,0.0936,0.0936,0.0936,0.0936,0.0935,0.0936,0.0937,0.0935,0.0938,0.0936,0.0938,0.0937,0.0937,0.0937,0.0938,0.0937,0.0935,0.0936,0.0935,0.0937,0.0937,0.0937,0.0938,0.0938,0.0938,0.0938,0.0936,0.0939,0.0936,0.0937,0.0934,0.0938,0.0938,0.0937,0.0937,0.0937,0.0937,0.0938,0.0938,0.0939,0.0935,0.0936,0.0938,0.0937,0.0939,0.0936,0.0937,0.0942,0.0938,0.0938,0.0938,0.0937,0.094,0.0936,0.0938,0.0937,0.0939,0.0936,0.0938,0.0938,0.094,0.0939,0.0939,0.0938,0.0939,0.0939,0.0939,0.0938,0.094,0.0938,0.0939,0.094,0.0939,0.0939,0.0937,0.0939,0.0939
2;2,0.0969,0.0968,0.0972,0.0975,0.0977,0.0977,0.0979,0.0979,0.098,0.0981,0.0982,0.0982,0.0982,0.0982,0.0983,0.0985,0.0984,0.0984,0.0984,0.0985,0.0985,0.0985,0.0986,0.0985,0.0986,0.0987,0.0988,0.0988,0.0988,0.0988,0.0989,0.0988,0.099,0.0989,0.099,0.0989,0.099,0.0989,0.099,0.099,0.099,0.0991,0.0991,0.0992,0.0991,0.0989,0.0992,0.0991,0.0991,0.099,0.0991,0.0992,0.0992,0.0992,0.0994,0.0992,0.0992,0.0993,0.0994,0.0992,0.0994,0.0993,0.0992,0.0993,0.0992,0.0993,0.0997,0.0994,0.0993,0.0993,0.0994,0.0995,0.0994,0.0995,0.0993,0.0995,0.0995,0.0995,0.0995,0.0996,0.0997,0.0994,0.0996,0.0996,0.0997,0.0995,0.0996,0.0997,0.0995,0.0997,0.0995,0.0996,0.0996,0.0994,0.0997,0.0996
2;3,0.094,0.0936,0.0937,0.0939,0.0938,0.0939,0.0939,0.0937,0.0939,0.0937,0.0938,0.0938,0.0937,0.0938,0.0939,0.0938,0.0936,0.0937,0.0937,0.0938,0.0939,0.0938,0.0938,0.0937,0.0937,0.0939,0.0938,0.0939,0.0938,0.0938,0.0938,0.0939,0.0938,0.0938,0.0937,0.0937,0.0937,0.0937,0.0937,0.0937,0.0938,0.0939,0.0939,0.094,0.0938,0.0936,0.0938,0.0937,0.0936,0.0936,0.0937,0.0938,0.0938,0.0938,0.0938,0.0937,0.0937,0.0938,0.0939,0.0937,0.0938,0.0937,0.0936,0.0937,0.0937,0.0936,0.0939,0.0937,0.0936,0.0937,0.0937,0.0938,0.0937,0.0938,0.0935,0.0939,0.0937,0.0938,0.0936,0.0937,0.0939,0.0936,0.0937,0.0938,0.0937,0.0936,0.0936,0.0938,0.0935,0.0937,0.0937,0.0936,0.0936,0.0934,0.0937,0.0936
3;2,0.0934,0.0926,0.0926,0.0925,0.0925,0.0924,0.0924,0.0924,0.0925,0.0925,0.0926,0.0926,0.0925,0.0925,0.0925,0.0925,0.0926,0.0927,0.0927,0.0928,0.0929,0.0929,0.0928,0.0928,0.0928,0.0931,0.0931,0.0936,0.0935,0.0935,0.0938,0.0939,0.094,0.0943,0.0943,0.0943,0.0943,0.0942,0.0959,0.095,0.0951,0.0954,0.0953,0.0959,0.0959,0.0959,0.0966,0.0965,0.0967,0.097,0.0967,0.0967,0.0974,0.0968,0.0974,0.098,0.0984,0.0989,0.0993,0.0993,0.1003,0.1003,0.1014,0.1007,0.101,0.1016,0.1025,0.1027,0.1021,0.1024,0.1033,0.1042,0.1036,0.105,0.1046,0.1057,0.1047,0.1062,0.1055,0.107,0.1076,0.1078,0.1098,0.1089,0.1098,0.1088,0.111,0.1107,0.1113,0.112,0.1109,0.1126,0.1125,0.1128,0.1128,0.1154
,,,,,,,,,,,,,,,,,,,,,,,,,,,,,,,,,,,,,,,,,,,,,,,,,,,,,,,,,,,,,,,,,,,,,,,,,,,,,,,,,,,,,,,,,,,,,,,,
Cycles / Well,,,,,,,,,,,,,,,,,,,,,,,,,,,,,,,,,,,,,,,,,,,,,,,,,,,,,,,,,,,,,,,,,,,,,,,,,,,,,,,,,,,,,,,,,,,,,,,,
F2,1,2,3,4,5,6,7,8,9,10,11,12,13,14,15,16,17,18,19,20,21,22,23,24,25,26,27,28,29,30,31,32,33,34,35,36,37,38,39,40,41,42,43,44,45,46,47,48,49,50,51,52,53,54,55,56,57,58,59,60,61,62,63,64,65,66,67,68,69,70,71,72,73,74,75,76,77,78,79,80,81,82,83,84,85,86,87,88,89,90,91,92,93,94,95,96
Time [s],0,1799.827,3599.741,5399.669,7199.582,8999.52,10799.439,12599.362,14399.295,16199.216,17999.146,19799.079,21599.004,23398.923,25198.859,26998.777,28798.697,30598.623,32398.553,34198.485,35998.416,37798.341,39598.268,41398.198,43198.124,44998.054,46797.976,48597.918,50397.831,52197.762,53997.692,55797.629,57597.534,59397.461,61197.38,62997.315,64797.24,66597.165,68397.092,70197.031,71996.926,73796.86,75596.777,77396.712,79196.627,80996.562,82796.484,84596.403,86396.337,88196.281,89996.203,91796.133,93596.059,95395.99,97195.917,98995.844,100795.796,102595.694,104395.689,106195.553,107995.487,109795.413,111595.34,113395.273,115195.195,116995.132,118795.052,120594.981,122394.898,124194.845,125994.76,127794.681,129594.622,131394.544,133194.474,134994.397,136794.315,138594.255,140394.181,142194.115,143994.039,145793.949,147593.888,149393.809,151193.742,152993.677,154793.597,156593.512,158393.435,160193.362,161993.31,163793.212,165593.147,167393.086,169192.983,170992.91
Temp. [°C],20.1,30,29.8,30,30.1,30,29.9,30.1,30.1,30.1,30,30,30,30,30,30,30,30,30,30,30,30,30.1,30.1,30.1,30.1,30,30,30.1,30.1,30,30,30.1,30,29.9,30,30.1,30,30.1,29.9,30.1,29.8,30,29.9,30.1,30,30,29.9,30,30,30,30.1,29.9,30.2,30.1,30.1,30.1,30,30,30,30,30,30,30,30,30,30.1,30,30,30.2,30,30.1,30,30.1,30,30,30,30,30,30,29.9,30.1,30.1,30.1,30.1,30.1,29.9,30,29.8,30.1,30.1,29.8,29.9,30,30,30
Mean,0.11516,0.1166,0.11872,0.1211,0.12442,0.12926,0.13632,0.14622,0.16036,0.18026,0.20786,0.24464,0.29264,0.35452,0.42902,0.5169,0.61578,0.72376,0.83036,0.92752,1.01184,1.0763,1.12422,1.15956,1.1876,1.2108,1.22994,1.24692,1.26234,1.27624,1.2896,1.3013,1.31164,1.31976,1.32576,1.32932,1.33332,1.33494,1.3361,1.33776,1.33968,1.3412,1.34336,1.34476,1.34614,1.34738,1.34916,1.35002,1.3516,1.35246,1.35356,1.35424,1.35522,1.35624,1.35738,1.35824,1.35838,1.35898,1.36022,1.3603,1.36134,1.362,1.36242,1.36364,1.36388,1.3643,1.3653,1.36566,1.366,1.36664,1.36708,1.36774,1.36774,1.36874,1.3696,1.36982,1.37072,1.37212,1.37168,1.3726,1.37336,1.37314,1.37466,1.37528,1.37614,1.37644,1.37658,1.3779,1.3788,1.3792,1.37938,1.38042,1.38078,1.38106,1.38174,1.38244
StDev,0.001989472,0.002480927,0.003177578,0.003637994,0.004592058,0.00533226,0.006589158,0.008237536,0.010106087,0.012681798,0.016090774,0.02023198,0.024919932,0.030621839,0.03645452,0.042622177,0.049541669,0.054685035,0.05824876,0.059266323,0.05836457,0.055000318,0.052181098,0.050025274,0.048764126,0.047743534,0.046509117,0.046193041,0.045694617,0.044819003,0.044697371,0.044427244,0.044449893,0.044561115,0.043962291,0.043440672,0.043226809,0.043003465,0.043940926,0.043255092,0.043162739,0.042982729,0.043287677,0.043334374,0.043685043,0.043610973,0.042987242,0.04332265,0.043242456,0.042813292,0.043113896,0.042794194,0.042162211,0.042877535,0.042767944,0.043192916,0.042188589,0.042978797,0.042428611,0.042716683,0.042520619,0.042834507,0.04263997,0.04241442,0.042095807,0.042243343,0.042176534,0.041986938,0.042015652,0.042092909,0.041847903,0.041820964,0.041469302,0.042006821,0.041587077,0.04097581,0.041397307,0.041221802,0.041364683,0.041737154,0.041105632,0.040445865,0.041144416,0.040569533,0.040689593,0.040687381,0.040611168,0.040746902,0.041445325,0.040615022,0.040560782,0.040601687,0.040545123,0.040617829,0.040841437,0.040622875
1;2,0.1155,0.1154,0.1164,0.1179,0.1199,0.1237,0.1287,0.1362,0.1478,0.1639,0.1869,0.2184,0.2607,0.3152,0.382,0.4626,0.5539,0.6572,0.7601,0.8577,0.9423,1.0103,1.0633,1.1013,1.13,1.1545,1.1744,1.1912,1.2064,1.2211,1.2345,1.2476,1.2576,1.2643,1.2709,1.2747,1.2787,1.2799,1.2793,1.2822,1.2843,1.2858,1.2875,1.288,1.2896,1.2907,1.2925,1.2937,1.2945,1.2967,1.2973,1.2982,1.3008,1.2997,1.3017,1.302,1.3029,1.3027,1.305,1.3042,1.3059,1.3055,1.3061,1.3085,1.3089,1.309,1.31,1.3109,1.3113,1.3112,1.3118,1.3119,1.3131,1.3133,1.3146,1.3162,1.316,1.3178,1.3168,1.3171,1.3186,1.3189,1.3198,1.3214,1.3221,1.3232,1.3225,1.3234,1.323,1.3245,1.3247,1.3254,1.3261,1.3261,1.3263,1.3273
2;1,0.1141,0.1163,0.1187,0.1217,0.1252,0.13,0.1372,0.1469,0.1604,0.1797,0.2057,0.2399,0.2835,0.3411,0.4118,0.4932,0.5858,0.689,0.7914,0.8874,0.9724,1.0394,1.0886,1.1243,1.1546,1.1778,1.1989,1.217,1.2338,1.2484,1.262,1.273,1.2839,1.2929,1.3001,1.3045,1.3088,1.311,1.3117,1.3135,1.316,1.3177,1.3195,1.3225,1.3227,1.3242,1.3265,1.3263,1.3289,1.3296,1.3307,1.3324,1.3332,1.3345,1.3353,1.3358,1.3375,1.3376,1.3383,1.3389,1.3398,1.3408,1.341,1.3424,1.3427,1.3434,1.3444,1.3439,1.3448,1.3464,1.3469,1.349,1.348,1.3492,1.3503,1.3499,1.352,1.3527,1.3527,1.3533,1.3549,1.3553,1.3555,1.3569,1.3579,1.357,1.3587,1.3604,1.3618,1.3618,1.3626,1.3635,1.3629,1.3635,1.3649,1.3657
2;2,0.1139,0.1143,0.1157,0.1178,0.1205,0.1249,0.1313,0.1404,0.1536,0.1725,0.199,0.235,0.284,0.3472,0.4242,0.5169,0.6215,0.7365,0.8495,0.9511,1.0391,1.1054,1.1542,1.1903,1.219,1.242,1.2608,1.2781,1.2941,1.3086,1.322,1.3346,1.345,1.353,1.3592,1.3623,1.3661,1.368,1.3693,1.3704,1.3723,1.374,1.3764,1.3771,1.3792,1.3804,1.3812,1.3835,1.3841,1.3844,1.3865,1.3869,1.3872,1.3888,1.3902,1.392,1.391,1.3915,1.3927,1.3931,1.3947,1.3956,1.3962,1.3973,1.3976,1.3981,1.3991,1.3995,1.3996,1.3995,1.3996,1.4,1.4001,1.4023,1.4028,1.4032,1.4031,1.4053,1.405,1.4061,1.4067,1.4055,1.4077,1.4082,1.4088,1.4098,1.4097,1.4112,1.4127,1.4119,1.4128,1.4131,1.414,1.4143,1.4152,1.4154
2;3,0.1138,0.1162,0.119,0.1214,0.1252,0.1306,0.139,0.1505,0.1669,0.1903,0.2229,0.267,0.3234,0.3937,0.4777,0.5748,0.6848,0.8015,0.9121,1.0112,1.0924,1.1507,1.1949,1.226,1.2516,1.273,1.2902,1.3064,1.3204,1.3323,1.3454,1.3566,1.3669,1.3746,1.3796,1.3824,1.386,1.3866,1.3888,1.3899,1.3919,1.3928,1.3952,1.3969,1.3987,1.3997,1.4004,1.4013,1.4029,1.404,1.4049,1.4053,1.4062,1.4072,1.4085,1.4094,1.4084,1.4106,1.411,1.4111,1.4117,1.4123,1.4121,1.4138,1.4132,1.4138,1.4146,1.4146,1.4154,1.4164,1.4165,1.4171,1.4168,1.4179,1.4182,1.4175,1.4197,1.4202,1.4197,1.421,1.4208,1.4199,1.4222,1.4222,1.4235,1.4237,1.4234,1.4247,1.4262,1.4259,1.4255,1.4269,1.4268,1.4271,1.428,1.4287
3;2,0.1185,0.1208,0.1238,0.1267,0.1313,0.1371,0.1454,0.1571,0.1731,0.1949,0.2248,0.2629,0.3116,0.3754,0.4494,0.537,0.6329,0.7346,0.8387,0.9302,1.013,1.0757,1.1201,1.1559,1.1828,1.2067,1.2254,1.2419,1.257,1.2708,1.2841,1.2947,1.3048,1.314,1.319,1.3227,1.327,1.3292,1.3314,1.3328,1.3339,1.3357,1.3382,1.3393,1.3405,1.3419,1.3452,1.3453,1.3476,1.3476,1.3484,1.3484,1.3487,1.351,1.3512,1.352,1.3521,1.3525,1.3541,1.3542,1.3546,1.3558,1.3567,1.3562,1.357,1.3572,1.3584,1.3594,1.3589,1.3597,1.3606,1.3607,1.3607,1.361,1.3621,1.3623,1.3628,1.3646,1.3642,1.3655,1.3658,1.3661,1.3681,1.3677,1.3684,1.3685,1.3686,1.3698,1.3703,1.3719,1.3713,1.3732,1.3741,1.3743,1.3743,1.3751
,,,,,,,,,,,,,,,,,,,,,,,,,,,,,,,,,,,,,,,,,,,,,,,,,,,,,,,,,,,,,,,,,,,,,,,,,,,,,,,,,,,,,,,,,,,,,,,,
Cycles / Well,,,,,,,,,,,,,,,,,,,,,,,,,,,,,,,,,,,,,,,,,,,,,,,,,,,,,,,,,,,,,,,,,,,,,,,,,,,,,,,,,,,,,,,,,,,,,,,,
F3,1,2,3,4,5,6,7,8,9,10,11,12,13,14,15,16,17,18,19,20,21,22,23,24,25,26,27,28,29,30,31,32,33,34,35,36,37,38,39,40,41,42,43,44,45,46,47,48,49,50,51,52,53,54,55,56,57,58,59,60,61,62,63,64,65,66,67,68,69,70,71,72,73,74,75,76,77,78,79,80,81,82,83,84,85,86,87,88,89,90,91,92,93,94,95,96
Time [s],0,1799.827,3599.741,5399.669,7199.582,8999.52,10799.439,12599.362,14399.295,16199.216,17999.146,19799.079,21599.004,23398.923,25198.859,26998.777,28798.697,30598.623,32398.553,34198.485,35998.416,37798.341,39598.268,41398.198,43198.124,44998.054,46797.976,48597.918,50397.831,52197.762,53997.692,55797.629,57597.534,59397.461,61197.38,62997.315,64797.24,66597.165,68397.092,70197.031,71996.926,73796.86,75596.777,77396.712,79196.627,80996.562,82796.484,84596.403,86396.337,88196.281,89996.203,91796.133,93596.059,95395.99,97195.917,98995.844,100795.796,102595.694,104395.689,106195.553,107995.487,109795.413,111595.34,113395.273,115195.195,116995.132,118795.052,120594.981,122394.898,124194.845,125994.76,127794.681,129594.622,131394.544,133194.474,134994.397,136794.315,138594.255,140394.181,142194.115,143994.039,145793.949,147593.888,149393.809,151193.742,152993.677,154793.597,156593.512,158393.435,160193.362,161993.31,163793.212,165593.147,167393.086,169192.983,170992.91
Temp. [°C],20.1,30,29.8,30,30.1,30,29.9,30.1,30.1,30.1,30,30,30,30,30,30,30,30,30,30,30,30,30.1,30.1,30.1,30.1,30,30,30.1,30.1,30,30,30.1,30,29.9,30,30.1,30,30.1,29.9,30.1,29.8,30,29.9,30.1,30,30,29.9,30,30,30,30.1,29.9,30.2,30.1,30.1,30.1,30,30,30,30,30,30,30,30,30,30.1,30,30,30.2,30,30.1,30,30.1,30,30,30,30,30,30,29.9,30.1,30.1,30.1,30.1,30.1,29.9,30,29.8,30.1,30.1,29.8,29.9,30,30,30
Mean,0.11504,0.11416,0.11586,0.11796,0.12078,0.12456,0.13028,0.13852,0.15028,0.16696,0.18998,0.22158,0.26446,0.31962,0.38926,0.47184,0.5682,0.67658,0.78674,0.89072,0.9836,1.0564,1.11014,1.14908,1.17866,1.20232,1.22286,1.24054,1.25566,1.27054,1.28336,1.29458,1.30502,1.31382,1.32042,1.32634,1.32996,1.3323,1.33564,1.33682,1.33836,1.34034,1.34186,1.34356,1.34448,1.34606,1.3473,1.34876,1.35004,1.35104,1.35224,1.35294,1.35354,1.3554,1.35562,1.35672,1.35734,1.3577,1.35866,1.35904,1.35976,1.36052,1.36052,1.36238,1.3621,1.3624,1.36388,1.36432,1.3645,1.3661,1.36626,1.36652,1.3672,1.3681,1.3684,1.36944,1.36978,1.37146,1.37084,1.37198,1.37268,1.37328,1.37332,1.37452,1.37486,1.37558,1.37646,1.37746,1.37816,1.3791,1.37934,1.3801,1.38092,1.38164,1.38282,1.38362
StDev,0.001627268,0.00117601,0.001404635,0.00147411,0.001768333,0.001810525,0.001844451,0.002153369,0.002333881,0.002830724,0.003766563,0.005730358,0.009007386,0.013804238,0.020167994,0.028407622,0.038641752,0.049784054,0.058280812,0.064210256,0.065513625,0.06404393,0.062753749,0.061358838,0.059525776,0.058615587,0.05836487,0.057236116,0.056735906,0.056055,0.055567374,0.055673441,0.056575189,0.056033624,0.055266554,0.054639253,0.053742655,0.053512849,0.053516054,0.052450853,0.052726872,0.052797566,0.05259152,0.052075983,0.052316795,0.052073919,0.053041493,0.05271478,0.051445583,0.051735317,0.051951833,0.051780141,0.051265661,0.05198822,0.052005836,0.051752169,0.051418654,0.051032833,0.05125898,0.05074897,0.050623344,0.050866659,0.051170372,0.051139388,0.051185936,0.050980094,0.051374575,0.050959955,0.050882905,0.050800098,0.050703185,0.050655325,0.050863887,0.050571583,0.050562882,0.050564444,0.050084299,0.050228906,0.049981927,0.050200867,0.050524123,0.050251537,0.050321884,0.05022352,0.050228309,0.050751916,0.04984499,0.049729096,0.049752417,0.049619099,0.049971222,0.0495641,0.049540458,0.049832198,0.04948623,0.049127864
1;2,0.1165,0.1144,0.1155,0.1174,0.1198,0.1237,0.1295,0.138,0.1504,0.1686,0.1937,0.2295,0.2783,0.3415,0.4208,0.5159,0.6268,0.7505,0.8713,0.9826,1.0755,1.1445,1.1952,1.2323,1.2588,1.2806,1.2996,1.315,1.3292,1.3438,1.3558,1.3653,1.3783,1.3849,1.3911,1.3953,1.398,1.4001,1.4026,1.4029,1.4045,1.4069,1.408,1.4083,1.4091,1.4113,1.414,1.4152,1.4141,1.4155,1.4172,1.4171,1.4169,1.4193,1.4196,1.4212,1.422,1.4216,1.4231,1.4221,1.4231,1.4249,1.4252,1.4258,1.4265,1.4263,1.4284,1.4283,1.428,1.4304,1.4304,1.4301,1.4318,1.4321,1.4326,1.4343,1.4335,1.4355,1.4347,1.4346,1.4368,1.437,1.437,1.4374,1.4384,1.4407,1.4399,1.4403,1.4411,1.4419,1.4429,1.4434,1.4438,1.4449,1.4455,1.4459
2;1,0.1123,0.1137,0.1159,0.1184,0.1219,0.1259,0.1319,0.1404,0.1524,0.1692,0.1924,0.2232,0.2649,0.3172,0.3833,0.461,0.549,0.6513,0.7547,0.8537,0.9454,1.0172,1.0726,1.1111,1.1412,1.1664,1.1866,1.2037,1.2193,1.2351,1.2474,1.2587,1.2699,1.2786,1.2857,1.2919,1.2966,1.2999,1.304,1.3061,1.3065,1.3089,1.3099,1.3125,1.3131,1.3143,1.3159,1.3167,1.3183,1.3192,1.3206,1.321,1.3219,1.3236,1.3243,1.3246,1.3266,1.3269,1.328,1.3288,1.3294,1.33,1.3303,1.3315,1.3311,1.332,1.3329,1.3342,1.3342,1.3356,1.3366,1.3381,1.3386,1.3394,1.3402,1.3411,1.3417,1.3437,1.3424,1.3435,1.3447,1.3454,1.3454,1.3471,1.3479,1.3489,1.3504,1.3508,1.3514,1.3528,1.3529,1.354,1.355,1.3563,1.3573,1.3583
2;2,0.1159,0.1132,0.1145,0.1165,0.119,0.1224,0.1278,0.1353,0.1465,0.1621,0.184,0.2147,0.2573,0.313,0.3848,0.47,0.5705,0.6839,0.7991,0.9059,1.0026,1.0783,1.1335,1.1734,1.2032,1.2277,1.2499,1.2676,1.2831,1.2973,1.3101,1.3237,1.3335,1.3438,1.3491,1.3559,1.358,1.36,1.3648,1.3643,1.3662,1.3682,1.37,1.3721,1.3736,1.3741,1.3756,1.3771,1.3781,1.3796,1.3805,1.3811,1.3819,1.3849,1.3855,1.3853,1.3846,1.3858,1.3868,1.3875,1.3874,1.3882,1.3887,1.3913,1.3903,1.3913,1.3926,1.3932,1.3937,1.395,1.3943,1.3947,1.3953,1.396,1.3961,1.3972,1.3978,1.3992,1.399,1.4011,1.4006,1.4015,1.4012,1.4033,1.4031,1.4038,1.4043,1.4057,1.407,1.4079,1.408,1.4083,1.4093,1.4103,1.4114,1.4124
2;3,0.115,0.1134,0.1152,0.1172,0.1199,0.1239,0.1299,0.1383,0.1501,0.1671,0.1907,0.223,0.2662,0.3219,0.392,0.4745,0.5728,0.6817,0.794,0.9004,0.9934,1.0664,1.1197,1.1572,1.1868,1.2096,1.2304,1.2493,1.264,1.2779,1.2911,1.3027,1.3115,1.3209,1.3275,1.3335,1.3377,1.3398,1.3424,1.3439,1.3462,1.3474,1.349,1.3508,1.352,1.3534,1.3542,1.3555,1.3577,1.3582,1.3594,1.3613,1.3615,1.363,1.3624,1.364,1.3644,1.364,1.3645,1.3653,1.3663,1.3659,1.3654,1.3688,1.3679,1.3673,1.3693,1.3689,1.3694,1.3698,1.3707,1.371,1.3706,1.3721,1.372,1.3718,1.3724,1.3741,1.3729,1.3757,1.3759,1.376,1.3768,1.3777,1.3773,1.3764,1.378,1.3796,1.3794,1.38,1.3801,1.3806,1.3818,1.3819,1.3834,1.3835
3;2,0.1155,0.1161,0.1182,0.1203,0.1233,0.1269,0.1323,0.1406,0.152,0.1678,0.1891,0.2175,0.2556,0.3045,0.3654,0.4378,0.5219,0.6155,0.7146,0.811,0.9011,0.9756,1.0297,1.0714,1.1033,1.1273,1.1478,1.1671,1.1827,1.1986,1.2124,1.2225,1.2319,1.2409,1.2487,1.2551,1.2595,1.2617,1.2644,1.2669,1.2684,1.2703,1.2724,1.2741,1.2746,1.2772,1.2768,1.2793,1.282,1.2827,1.2835,1.2842,1.2855,1.2862,1.2863,1.2885,1.2891,1.2902,1.2909,1.2915,1.2926,1.2936,1.293,1.2945,1.2947,1.2951,1.2962,1.297,1.2972,1.2997,1.2993,1.2987,1.2997,1.3009,1.3011,1.3028,1.3035,1.3048,1.3052,1.305,1.3054,1.3065,1.3062,1.3071,1.3076,1.3081,1.3097,1.3109,1.3119,1.3129,1.3128,1.3142,1.3147,1.3148,1.3165,1.318
,,,,,,,,,,,,,,,,,,,,,,,,,,,,,,,,,,,,,,,,,,,,,,,,,,,,,,,,,,,,,,,,,,,,,,,,,,,,,,,,,,,,,,,,,,,,,,,,
Cycles / Well,,,,,,,,,,,,,,,,,,,,,,,,,,,,,,,,,,,,,,,,,,,,,,,,,,,,,,,,,,,,,,,,,,,,,,,,,,,,,,,,,,,,,,,,,,,,,,,,
F4,1,2,3,4,5,6,7,8,9,10,11,12,13,14,15,16,17,18,19,20,21,22,23,24,25,26,27,28,29,30,31,32,33,34,35,36,37,38,39,40,41,42,43,44,45,46,47,48,49,50,51,52,53,54,55,56,57,58,59,60,61,62,63,64,65,66,67,68,69,70,71,72,73,74,75,76,77,78,79,80,81,82,83,84,85,86,87,88,89,90,91,92,93,94,95,96
Time [s],0,1799.827,3599.741,5399.669,7199.582,8999.52,10799.439,12599.362,14399.295,16199.216,17999.146,19799.079,21599.004,23398.923,25198.859,26998.777,28798.697,30598.623,32398.553,34198.485,35998.416,37798.341,39598.268,41398.198,43198.124,44998.054,46797.976,48597.918,50397.831,52197.762,53997.692,55797.629,57597.534,59397.461,61197.38,62997.315,64797.24,66597.165,68397.092,70197.031,71996.926,73796.86,75596.777,77396.712,79196.627,80996.562,82796.484,84596.403,86396.337,88196.281,89996.203,91796.133,93596.059,95395.99,97195.917,98995.844,100795.796,102595.694,104395.689,106195.553,107995.487,109795.413,111595.34,113395.273,115195.195,116995.132,118795.052,120594.981,122394.898,124194.845,125994.76,127794.681,129594.622,131394.544,133194.474,134994.397,136794.315,138594.255,140394.181,142194.115,143994.039,145793.949,147593.888,149393.809,151193.742,152993.677,154793.597,156593.512,158393.435,160193.362,161993.31,163793.212,165593.147,167393.086,169192.983,170992.91
Temp. [°C],20.1,30,29.8,30,30.1,30,29.9,30.1,30.1,30.1,30,30,30,30,30,30,30,30,30,30,30,30,30.1,30.1,30.1,30.1,30,30,30.1,30.1,30,30,30.1,30,29.9,30,30.1,30,30.1,29.9,30.1,29.8,30,29.9,30.1,30,30,29.9,30,30,30,30.1,29.9,30.2,30.1,30.1,30.1,30,30,30,30,30,30,30,30,30,30.1,30,30,30.2,30,30.1,30,30.1,30,30,30,30,30,30,29.9,30.1,30.1,30.1,30.1,30.1,29.9,30,29.8,30.1,30.1,29.8,29.9,30,30,30
Mean,0.12476,0.1205,0.1227,0.12558,0.1293,0.1339,0.14104,0.151,0.16544,0.18546,0.21216,0.2473,0.2913,0.34278,0.39926,0.45776,0.51556,0.56886,0.61834,0.66198,0.69954,0.73098,0.7581,0.78102,0.8004,0.81738,0.83176,0.84324,0.85422,0.86334,0.87116,0.87746,0.88442,0.89006,0.89494,0.8999,0.9043,0.9087,0.91642,0.91948,0.92702,0.93582,0.94564,0.95668,0.97058,0.98552,1.0029,1.01914,1.03502,1.04916,1.06168,1.06948,1.07514,1.08134,1.0836,1.08624,1.0867,1.08648,1.08552,1.08516,1.08386,1.08304,1.08306,1.08018,1.07934,1.07898,1.07784,1.0773,1.0758,1.07584,1.07514,1.07422,1.07346,1.07378,1.07312,1.0739,1.07296,1.07304,1.07264,1.07354,1.0738,1.07412,1.07464,1.07452,1.07574,1.07592,1.07668,1.07716,1.07736,1.07872,1.07878,1.07902,1.0795,1.08032,1.08162,1.0819
StDev,0.009904948,0.00865419,0.008908423,0.009455263,0.010703504,0.011028146,0.01266582,0.014079595,0.016599187,0.019662986,0.023212023,0.027456056,0.031678463,0.036614983,0.040760925,0.04566041,0.050550846,0.054497505,0.058528224,0.062450997,0.06521831,0.06760693,0.069912088,0.07193978,0.073837964,0.075732536,0.077063565,0.078902617,0.080577708,0.08154519,0.083091353,0.085430633,0.08627553,0.087698449,0.089347345,0.091512431,0.094092694,0.09660634,0.098179107,0.102779823,0.106295894,0.111104442,0.115632124,0.121455823,0.126431709,0.133075738,0.138587788,0.1444414,0.150699144,0.15466261,0.157885487,0.160239031,0.160751137,0.161582109,0.161187127,0.160815742,0.161021971,0.160363921,0.159991725,0.160526284,0.159974726,0.159983446,0.159037002,0.159698316,0.159511733,0.159126088,0.159085364,0.159159558,0.158895233,0.159065295,0.158411373,0.158972221,0.158295224,0.15813702,0.157733056,0.157371408,0.156794828,0.156180242,0.155827719,0.156221727,0.155307566,0.154928361,0.154367736,0.153741657,0.153105725,0.152641302,0.151908318,0.151515488,0.151054272,0.15083553,0.150124622,0.149316014,0.149223775,0.148876281,0.148285154,0.147410532
1;2,0.1185,0.1144,0.1158,0.1178,0.1204,0.1244,0.1302,0.139,0.1515,0.1697,0.1945,0.2282,0.2716,0.3241,0.3827,0.4454,0.5073,0.5654,0.6193,0.6668,0.708,0.7428,0.7735,0.7983,0.8204,0.8393,0.8557,0.8692,0.8816,0.8932,0.902,0.9093,0.9183,0.9254,0.9312,0.9378,0.9439,0.9497,0.9589,0.9639,0.9736,0.9871,1.0001,1.014,1.0301,1.0494,1.0727,1.0922,1.1114,1.1275,1.1431,1.1499,1.1568,1.1647,1.1685,1.1715,1.1719,1.1712,1.1695,1.1692,1.1667,1.1665,1.1684,1.1634,1.1632,1.163,1.1615,1.161,1.1584,1.1586,1.157,1.1558,1.1558,1.1552,1.1543,1.1554,1.1529,1.1536,1.1512,1.1525,1.1535,1.1531,1.1543,1.1518,1.1541,1.1553,1.1556,1.155,1.155,1.1563,1.1564,1.1554,1.1573,1.1573,1.1571,1.1564
2;1,0.1237,0.1187,0.1216,0.1248,0.1281,0.1324,0.1382,0.1466,0.1585,0.1742,0.1953,0.2229,0.2578,0.298,0.3433,0.3896,0.4357,0.4796,0.5203,0.5559,0.5876,0.6142,0.6368,0.6559,0.6717,0.6852,0.6972,0.7057,0.7137,0.721,0.7264,0.729,0.734,0.7374,0.7396,0.7411,0.7413,0.742,0.747,0.7433,0.7457,0.7472,0.7503,0.7526,0.7587,0.7637,0.7721,0.7797,0.7864,0.7943,0.8018,0.8064,0.8104,0.8152,0.8181,0.8206,0.8209,0.8213,0.8213,0.8198,0.8199,0.8186,0.8194,0.8163,0.8157,0.8159,0.8148,0.8139,0.8129,0.8128,0.8127,0.8115,0.8116,0.8119,0.8121,0.8134,0.8133,0.8142,0.8145,0.8153,0.8167,0.8176,0.8188,0.8198,0.8216,0.8226,0.824,0.8255,0.8263,0.8278,0.8292,0.8304,0.8314,0.8329,0.8352,0.8367
2;2,0.1221,0.1177,0.1193,0.1218,0.1249,0.1292,0.1354,0.1445,0.158,0.1769,0.2027,0.2374,0.2819,0.3346,0.3944,0.4554,0.5172,0.5735,0.626,0.6724,0.7126,0.7469,0.7756,0.8007,0.8224,0.8406,0.8564,0.8681,0.8809,0.8906,0.8995,0.9064,0.9149,0.92,0.9262,0.9309,0.936,0.9401,0.9472,0.9512,0.9573,0.9657,0.9761,0.9864,0.9998,1.0121,1.0304,1.0448,1.0596,1.0738,1.086,1.0927,1.0983,1.1054,1.1083,1.1112,1.1114,1.1113,1.1099,1.11,1.107,1.1068,1.1084,1.1036,1.1038,1.1036,1.1028,1.1025,1.1001,1.1002,1.1003,1.0983,1.0978,1.0983,1.0968,1.0977,1.0983,1.098,1.0981,1.0985,1.0987,1.0992,1.0999,1.1001,1.1004,1.1014,1.1026,1.103,1.1028,1.1049,1.105,1.1058,1.1054,1.1056,1.1084,1.1091
2;3,0.1176,0.116,0.1186,0.1216,0.1253,0.1306,0.1385,0.1497,0.1654,0.188,0.2183,0.2577,0.3075,0.3649,0.4274,0.4921,0.5547,0.613,0.6671,0.7141,0.7535,0.7875,0.8162,0.8405,0.8611,0.8791,0.8944,0.9082,0.9201,0.9291,0.9389,0.9483,0.9536,0.9611,0.9676,0.9752,0.9823,0.9907,0.9997,1.0097,1.0227,1.037,1.0525,1.0715,1.0916,1.1153,1.1368,1.161,1.1853,1.204,1.2196,1.2322,1.2366,1.2428,1.2436,1.2443,1.2454,1.2438,1.2434,1.2432,1.2429,1.2409,1.2371,1.238,1.2363,1.2352,1.2341,1.2332,1.2322,1.2326,1.2306,1.2318,1.2293,1.2294,1.2288,1.2288,1.2275,1.2262,1.2265,1.2287,1.2268,1.2269,1.2259,1.2263,1.2255,1.2245,1.2235,1.2247,1.2242,1.2248,1.2242,1.2233,1.2237,1.2248,1.2259,1.2251
3;2,0.1419,0.1357,0.1382,0.1419,0.1478,0.1529,0.1629,0.1752,0.1938,0.2185,0.25,0.2903,0.3377,0.3923,0.4485,0.5063,0.5629,0.6128,0.659,0.7007,0.736,0.7635,0.7884,0.8097,0.8264,0.8427,0.8551,0.865,0.8748,0.8828,0.889,0.8943,0.9013,0.9064,0.9101,0.9145,0.918,0.921,0.9293,0.9293,0.9358,0.9421,0.9492,0.9589,0.9727,0.9871,1.0025,1.018,1.0324,1.0462,1.0579,1.0662,1.0736,1.0786,1.0795,1.0836,1.0839,1.0848,1.0835,1.0836,1.0828,1.0824,1.082,1.0796,1.0777,1.0772,1.076,1.0759,1.0754,1.075,1.0751,1.0737,1.0728,1.0741,1.0736,1.0742,1.0728,1.0732,1.0729,1.0727,1.0733,1.0738,1.0743,1.0746,1.0771,1.0758,1.0777,1.0776,1.0785,1.0798,1.0791,1.0802,1.0797,1.081,1.0815,1.0822
,,,,,,,,,,,,,,,,,,,,,,,,,,,,,,,,,,,,,,,,,,,,,,,,,,,,,,,,,,,,,,,,,,,,,,,,,,,,,,,,,,,,,,,,,,,,,,,,
Cycles / Well,,,,,,,,,,,,,,,,,,,,,,,,,,,,,,,,,,,,,,,,,,,,,,,,,,,,,,,,,,,,,,,,,,,,,,,,,,,,,,,,,,,,,,,,,,,,,,,,
F5,1,2,3,4,5,6,7,8,9,10,11,12,13,14,15,16,17,18,19,20,21,22,23,24,25,26,27,28,29,30,31,32,33,34,35,36,37,38,39,40,41,42,43,44,45,46,47,48,49,50,51,52,53,54,55,56,57,58,59,60,61,62,63,64,65,66,67,68,69,70,71,72,73,74,75,76,77,78,79,80,81,82,83,84,85,86,87,88,89,90,91,92,93,94,95,96
Time [s],0,1799.827,3599.741,5399.669,7199.582,8999.52,10799.439,12599.362,14399.295,16199.216,17999.146,19799.079,21599.004,23398.923,25198.859,26998.777,28798.697,30598.623,32398.553,34198.485,35998.416,37798.341,39598.268,41398.198,43198.124,44998.054,46797.976,48597.918,50397.831,52197.762,53997.692,55797.629,57597.534,59397.461,61197.38,62997.315,64797.24,66597.165,68397.092,70197.031,71996.926,73796.86,75596.777,77396.712,79196.627,80996.562,82796.484,84596.403,86396.337,88196.281,89996.203,91796.133,93596.059,95395.99,97195.917,98995.844,100795.796,102595.694,104395.689,106195.553,107995.487,109795.413,111595.34,113395.273,115195.195,116995.132,118795.052,120594.981,122394.898,124194.845,125994.76,127794.681,129594.622,131394.544,133194.474,134994.397,136794.315,138594.255,140394.181,142194.115,143994.039,145793.949,147593.888,149393.809,151193.742,152993.677,154793.597,156593.512,158393.435,160193.362,161993.31,163793.212,165593.147,167393.086,169192.983,170992.91
Temp. [°C],20.1,30,29.8,30,30.1,30,29.9,30.1,30.1,30.1,30,30,30,30,30,30,30,30,30,30,30,30,30.1,30.1,30.1,30.1,30,30,30.1,30.1,30,30,30.1,30,29.9,30,30.1,30,30.1,29.9,30.1,29.8,30,29.9,30.1,30,30,29.9,30,30,30,30.1,29.9,30.2,30.1,30.1,30.1,30,30,30,30,30,30,30,30,30,30.1,30,30,30.2,30,30.1,30,30.1,30,30,30,30,30,30,29.9,30.1,30.1,30.1,30.1,30.1,29.9,30,29.8,30.1,30.1,29.8,29.9,30,30,30
Mean,0.12158,0.11804,0.12206,0.12622,0.13194,0.13824,0.14774,0.1612,0.17948,0.20564,0.24018,0.285,0.3397,0.40306,0.47158,0.54178,0.6098,0.67394,0.73102,0.78136,0.823,0.85892,0.89016,0.91526,0.93774,0.95642,0.973,0.98628,0.99982,1.0115,1.0218,1.03006,1.04016,1.04802,1.05474,1.06256,1.07044,1.0795,1.0909,1.09828,1.11042,1.12512,1.13928,1.15416,1.17052,1.18698,1.20324,1.21494,1.22494,1.23106,1.236,1.2375,1.23886,1.2395,1.23946,1.23896,1.23684,1.2353,1.2333,1.23156,1.22952,1.22884,1.22868,1.22628,1.22576,1.2242,1.22318,1.22276,1.22078,1.22076,1.22056,1.21908,1.21884,1.21848,1.218,1.21772,1.21714,1.21744,1.2167,1.21594,1.21634,1.21586,1.2164,1.21592,1.2168,1.21762,1.21742,1.21776,1.21788,1.2181,1.21854,1.21878,1.21988,1.21902,1.2201,1.22052
StDev,0.002866531,0.002419297,0.00274372,0.002852543,0.003058267,0.002816558,0.00337387,0.00446934,0.006237548,0.008958404,0.012696338,0.018263214,0.025361092,0.034475905,0.044612072,0.055168533,0.065529879,0.074852408,0.084197577,0.090898256,0.097094876,0.103316756,0.107187886,0.111906403,0.115716974,0.118948422,0.12243045,0.126949328,0.129750923,0.13193451,0.135337596,0.139141378,0.139807414,0.143097299,0.144562557,0.147497824,0.151649013,0.154238436,0.156725939,0.161529694,0.165171341,0.169010745,0.173873221,0.179050239,0.183200538,0.186700849,0.18834221,0.190691696,0.191663202,0.191922909,0.192298323,0.194191915,0.193345851,0.194493123,0.193528894,0.193597503,0.192055182,0.192721275,0.193416545,0.192895225,0.194038056,0.194193223,0.192142648,0.194007634,0.193603481,0.19305068,0.193719919,0.19427444,0.194508141,0.194299313,0.193646851,0.194320604,0.193203385,0.193946248,0.194181204,0.193518286,0.193974104,0.193481635,0.192859599,0.194228121,0.192887229,0.192796948,0.19206193,0.19309928,0.192296386,0.191271252,0.191155819,0.191927794,0.191785145,0.191647489,0.191194385,0.191084646,0.190777454,0.190511252,0.191453754,0.190929914
1;2,0.1229,0.1174,0.1206,0.1245,0.1293,0.1354,0.1431,0.1544,0.1703,0.1934,0.2249,0.2659,0.3163,0.3739,0.4358,0.4988,0.5604,0.6185,0.6672,0.7137,0.7501,0.7809,0.812,0.8323,0.8534,0.8709,0.8862,0.8972,0.9084,0.9202,0.9286,0.9363,0.9474,0.9545,0.96,0.9665,0.9705,0.9786,0.9882,0.9885,0.9982,1.0091,1.0181,1.0253,1.0376,1.0494,1.0654,1.071,1.0792,1.0832,1.0868,1.0851,1.091,1.0877,1.0891,1.0892,1.0892,1.085,1.0814,1.0815,1.0785,1.0777,1.08,1.0747,1.0761,1.0732,1.0712,1.0717,1.0675,1.0685,1.0677,1.0658,1.0668,1.0657,1.0658,1.0651,1.0631,1.0646,1.0632,1.0598,1.0628,1.0608,1.0619,1.0597,1.0618,1.0643,1.0633,1.0619,1.0623,1.0616,1.0615,1.0608,1.0644,1.063,1.0611,1.0617
2;1,0.1235,0.1205,0.1248,0.1292,0.1347,0.1401,0.1483,0.1601,0.176,0.1987,0.2281,0.2657,0.3121,0.365,0.4233,0.4825,0.54,0.5946,0.6438,0.6883,0.7244,0.7547,0.781,0.8024,0.8211,0.8368,0.85,0.8577,0.8686,0.8775,0.8855,0.8889,0.8979,0.9017,0.9069,0.9105,0.9145,0.9194,0.9272,0.9306,0.9378,0.9473,0.956,0.9649,0.9764,0.9891,1.0022,1.0127,1.0211,1.0281,1.0322,1.0333,1.033,1.0343,1.0354,1.0342,1.0333,1.032,1.0295,1.0277,1.0244,1.024,1.0259,1.0219,1.0209,1.021,1.0199,1.0175,1.016,1.0157,1.0173,1.015,1.0158,1.0145,1.0131,1.0147,1.0135,1.0141,1.0145,1.0131,1.0136,1.0145,1.0152,1.0141,1.0157,1.017,1.0173,1.0176,1.0173,1.0186,1.0199,1.0212,1.0204,1.0207,1.022,1.0232
2;2,0.1208,0.1171,0.1205,0.125,0.1314,0.1379,0.1484,0.1632,0.1832,0.2125,0.2517,0.3034,0.3667,0.4412,0.5221,0.6047,0.6859,0.7598,0.8269,0.8858,0.9357,0.9771,1.0135,1.0433,1.0708,1.0944,1.1143,1.1297,1.1474,1.1617,1.1761,1.1863,1.2004,1.2109,1.2186,1.2277,1.2374,1.2491,1.263,1.2731,1.2866,1.3019,1.3199,1.3353,1.3546,1.3701,1.3888,1.401,1.4088,1.4155,1.419,1.4187,1.4179,1.4219,1.4208,1.4215,1.4191,1.4177,1.4144,1.4127,1.4089,1.4101,1.4118,1.4054,1.407,1.4057,1.4057,1.4049,1.4014,1.4008,1.4022,1.3993,1.3996,1.3994,1.3989,1.3982,1.3974,1.3994,1.3971,1.3959,1.3953,1.3944,1.3969,1.3954,1.3971,1.3976,1.3993,1.3991,1.3979,1.3982,1.3984,1.4002,1.4009,1.3989,1.4018,1.4019
2;3,0.1169,0.1148,0.1192,0.1231,0.1288,0.1358,0.1465,0.1618,0.1823,0.2116,0.25,0.3004,0.3628,0.4346,0.5132,0.5937,0.671,0.7457,0.8132,0.87,0.9166,0.9607,0.9952,1.0259,1.0518,1.0727,1.0938,1.1147,1.13,1.1438,1.1578,1.1724,1.1797,1.192,1.2009,1.2135,1.2286,1.2401,1.2539,1.2687,1.2868,1.3083,1.3284,1.3523,1.3739,1.3977,1.4146,1.4299,1.4431,1.4492,1.4555,1.4625,1.464,1.464,1.4633,1.4618,1.457,1.4564,1.4566,1.454,1.4556,1.4539,1.4484,1.4527,1.4497,1.4468,1.4464,1.4471,1.4465,1.4466,1.444,1.445,1.4422,1.443,1.4429,1.442,1.442,1.4401,1.4393,1.4414,1.4399,1.4397,1.4368,1.4391,1.4379,1.437,1.4348,1.4371,1.4378,1.4378,1.4374,1.4362,1.4367,1.4365,1.4376,1.4373
3;2,0.1238,0.1204,0.1252,0.1293,0.1355,0.142,0.1524,0.1665,0.1856,0.212,0.2462,0.2896,0.3406,0.4006,0.4635,0.5292,0.5917,0.6511,0.704,0.749,0.7882,0.8212,0.8491,0.8724,0.8916,0.9073,0.9207,0.9321,0.9447,0.9543,0.961,0.9664,0.9754,0.981,0.9873,0.9946,1.0012,1.0103,1.0222,1.0305,1.0427,1.059,1.074,1.093,1.1101,1.1286,1.1452,1.1601,1.1725,1.1793,1.1865,1.1879,1.1884,1.1896,1.1887,1.1881,1.1856,1.1854,1.1846,1.1819,1.1802,1.1785,1.1773,1.1767,1.1751,1.1743,1.1727,1.1726,1.1725,1.1722,1.1716,1.1703,1.1698,1.1698,1.1693,1.1686,1.1697,1.169,1.1694,1.1695,1.1701,1.1699,1.1712,1.1713,1.1715,1.1722,1.1724,1.1731,1.1741,1.1743,1.1755,1.1755,1.177,1.176,1.178,1.1785
,,,,,,,,,,,,,,,,,,,,,,,,,,,,,,,,,,,,,,,,,,,,,,,,,,,,,,,,,,,,,,,,,,,,,,,,,,,,,,,,,,,,,,,,,,,,,,,,
Cycles / Well,,,,,,,,,,,,,,,,,,,,,,,,,,,,,,,,,,,,,,,,,,,,,,,,,,,,,,,,,,,,,,,,,,,,,,,,,,,,,,,,,,,,,,,,,,,,,,,,
F6,1,2,3,4,5,6,7,8,9,10,11,12,13,14,15,16,17,18,19,20,21,22,23,24,25,26,27,28,29,30,31,32,33,34,35,36,37,38,39,40,41,42,43,44,45,46,47,48,49,50,51,52,53,54,55,56,57,58,59,60,61,62,63,64,65,66,67,68,69,70,71,72,73,74,75,76,77,78,79,80,81,82,83,84,85,86,87,88,89,90,91,92,93,94,95,96
Time [s],0,1799.827,3599.741,5399.669,7199.582,8999.52,10799.439,12599.362,14399.295,16199.216,17999.146,19799.079,21599.004,23398.923,25198.859,26998.777,28798.697,30598.623,32398.553,34198.485,35998.416,37798.341,39598.268,41398.198,43198.124,44998.054,46797.976,48597.918,50397.831,52197.762,53997.692,55797.629,57597.534,59397.461,61197.38,62997.315,64797.24,66597.165,68397.092,70197.031,71996.926,73796.86,75596.777,77396.712,79196.627,80996.562,82796.484,84596.403,86396.337,88196.281,89996.203,91796.133,93596.059,95395.99,97195.917,98995.844,100795.796,102595.694,104395.689,106195.553,107995.487,109795.413,111595.34,113395.273,115195.195,116995.132,118795.052,120594.981,122394.898,124194.845,125994.76,127794.681,129594.622,131394.544,133194.474,134994.397,136794.315,138594.255,140394.181,142194.115,143994.039,145793.949,147593.888,149393.809,151193.742,152993.677,154793.597,156593.512,158393.435,160193.362,161993.31,163793.212,165593.147,167393.086,169192.983,170992.91
Temp. [°C],20.1,30,29.8,30,30.1,30,29.9,30.1,30.1,30.1,30,30,30,30,30,30,30,30,30,30,30,30,30.1,30.1,30.1,30.1,30,30,30.1,30.1,30,30,30.1,30,29.9,30,30.1,30,30.1,29.9,30.1,29.8,30,29.9,30.1,30,30,29.9,30,30,30,30.1,29.9,30.2,30.1,30.1,30.1,30,30,30,30,30,30,30,30,30,30.1,30,30,30.2,30,30.1,30,30.1,30,30,30,30,30,30,29.9,30.1,30.1,30.1,30.1,30.1,29.9,30,29.8,30.1,30.1,29.8,29.9,30,30,30
Mean,0.12446,0.11736,0.1199,0.12252,0.12642,0.13174,0.13994,0.15114,0.16772,0.19072,0.22204,0.2647,0.31888,0.3885,0.47204,0.57058,0.68172,0.79998,0.91304,1.0126,1.09362,1.15246,1.19352,1.22504,1.24966,1.2694,1.2867,1.30302,1.31692,1.32952,1.3407,1.35116,1.35896,1.36656,1.37256,1.37614,1.37858,1.3811,1.38352,1.38438,1.3861,1.3871,1.3888,1.3905,1.39174,1.39332,1.39538,1.39556,1.397,1.3975,1.39848,1.3991,1.40002,1.40158,1.4025,1.40238,1.40342,1.4041,1.40476,1.40524,1.40578,1.4066,1.4067,1.40842,1.40876,1.40918,1.4103,1.4109,1.41146,1.41272,1.41316,1.41348,1.41418,1.4148,1.41542,1.41596,1.41696,1.41818,1.41784,1.41936,1.41978,1.4203,1.4212,1.422,1.4223,1.42322,1.42374,1.4247,1.42544,1.42592,1.42652,1.4272,1.42758,1.4284,1.42924,1.4302
StDev,0.003904869,0.003738048,0.004556863,0.005241851,0.00631324,0.006983767,0.008825701,0.010399904,0.013604485,0.016796934,0.021043004,0.025034676,0.028104128,0.030458907,0.030651803,0.029548046,0.02692679,0.025085593,0.025171075,0.022809757,0.021550568,0.022248213,0.020182963,0.020964446,0.020308939,0.020154652,0.020494511,0.020289209,0.021024438,0.021202995,0.021500814,0.021822763,0.021471446,0.021037657,0.020923742,0.020674574,0.02132128,0.020994404,0.021412076,0.021105023,0.020971528,0.020695169,0.021047922,0.021665872,0.021616267,0.021088551,0.020672736,0.020331085,0.021310913,0.021245352,0.021268686,0.021604398,0.021790181,0.021969228,0.021467883,0.022257066,0.021931986,0.022107126,0.022377064,0.02207109,0.021965587,0.02211097,0.022460298,0.022249989,0.022143464,0.021991066,0.02230807,0.022157843,0.022293564,0.022887704,0.022601947,0.022350324,0.022315398,0.022753791,0.02294574,0.022443774,0.023283857,0.023709639,0.022975052,0.022632013,0.022960662,0.022934036,0.022503222,0.023409293,0.023504999,0.022811006,0.023296845,0.023344271,0.023169333,0.023645444,0.023365937,0.023533487,0.023850199,0.024073533,0.023638803,0.024264892
1;2,0.1213,0.1137,0.1156,0.1175,0.1205,0.1249,0.1311,0.1405,0.1534,0.1719,0.1976,0.2341,0.2827,0.3476,0.4294,0.5272,0.6413,0.7628,0.8787,0.9836,1.0702,1.1289,1.1732,1.2054,1.2308,1.2521,1.2694,1.2855,1.3002,1.3141,1.3245,1.3351,1.3428,1.3516,1.3562,1.3591,1.363,1.3632,1.3666,1.3668,1.3692,1.3703,1.3712,1.3724,1.3733,1.3748,1.3782,1.378,1.3787,1.3793,1.3799,1.3795,1.3811,1.3835,1.384,1.3833,1.3845,1.3851,1.3844,1.3859,1.3865,1.388,1.3877,1.3894,1.3905,1.3897,1.39,1.391,1.391,1.3937,1.394,1.3944,1.3945,1.3955,1.3954,1.3964,1.3968,1.3972,1.3972,1.4001,1.3995,1.4,1.4024,1.4006,1.4011,1.4033,1.4032,1.4034,1.4053,1.4048,1.4058,1.4063,1.4064,1.4065,1.4076,1.4082
2;1,0.1273,0.1182,0.1215,0.125,0.1295,0.1354,0.1449,0.1574,0.1759,0.1998,0.232,0.2765,0.3328,0.4013,0.4826,0.5768,0.6791,0.7915,0.8976,0.9953,1.0735,1.1311,1.1738,1.2037,1.2287,1.2479,1.2645,1.2815,1.2932,1.305,1.3161,1.3266,1.3349,1.343,1.3495,1.3536,1.3544,1.3587,1.3597,1.3616,1.3627,1.3644,1.3663,1.3665,1.3683,1.3713,1.3728,1.3743,1.3743,1.3748,1.376,1.3764,1.3765,1.3771,1.3796,1.3783,1.3804,1.3802,1.381,1.3814,1.382,1.3822,1.3824,1.3837,1.3838,1.3855,1.3866,1.3868,1.3873,1.3865,1.3879,1.3886,1.3896,1.3894,1.3899,1.391,1.3909,1.3925,1.3928,1.3935,1.3945,1.3948,1.3956,1.3964,1.3963,1.3972,1.3976,1.3989,1.3987,1.3993,1.4001,1.4006,1.4006,1.4018,1.4029,1.4028
2;2,0.1233,0.116,0.1175,0.1196,0.1226,0.1272,0.1342,0.1444,0.1595,0.1814,0.2116,0.2536,0.3081,0.3801,0.4673,0.5713,0.6909,0.8159,0.9352,1.0368,1.1202,1.1807,1.2198,1.2531,1.2766,1.2966,1.3147,1.3309,1.3457,1.3588,1.3706,1.3822,1.3894,1.3973,1.4023,1.4052,1.4091,1.4103,1.4136,1.4136,1.4146,1.4158,1.4182,1.4198,1.4215,1.4222,1.4237,1.4237,1.4262,1.4267,1.4276,1.4282,1.4293,1.4313,1.4318,1.4322,1.4336,1.434,1.4344,1.4348,1.4353,1.4365,1.4375,1.4382,1.4382,1.4384,1.4399,1.4398,1.4402,1.4424,1.4431,1.4432,1.4433,1.445,1.4455,1.4454,1.4475,1.4499,1.4479,1.4487,1.4499,1.4502,1.4509,1.4523,1.4527,1.452,1.4535,1.4543,1.4544,1.4557,1.4561,1.4569,1.4577,1.4589,1.4588,1.4603
2;3,0.1207,0.1155,0.1178,0.12,0.1235,0.1291,0.1367,0.1474,0.1627,0.1857,0.2164,0.2589,0.3131,0.3829,0.4667,0.5675,0.6813,0.8013,0.9158,1.0162,1.0969,1.1568,1.1958,1.2267,1.2513,1.2699,1.2881,1.3043,1.3189,1.3301,1.3424,1.3518,1.36,1.3676,1.3742,1.379,1.3803,1.383,1.3858,1.3856,1.3873,1.3884,1.39,1.3928,1.3946,1.3942,1.3968,1.3962,1.3982,1.399,1.4,1.4016,1.4019,1.4036,1.4038,1.4036,1.404,1.4059,1.4075,1.4076,1.4087,1.409,1.4085,1.412,1.411,1.4115,1.4132,1.4141,1.4153,1.4158,1.4161,1.4167,1.4174,1.4178,1.4193,1.4197,1.4211,1.4217,1.4216,1.4238,1.4235,1.425,1.4249,1.4271,1.4276,1.4278,1.4279,1.4295,1.4307,1.4308,1.4316,1.4322,1.4328,1.433,1.4346,1.4361
3;2,0.1297,0.1234,0.1271,0.1305,0.136,0.1421,0.1528,0.166,0.1871,0.2148,0.2526,0.3004,0.3577,0.4306,0.5142,0.6101,0.716,0.8284,0.9379,1.0311,1.1073,1.1648,1.205,1.2363,1.2609,1.2805,1.2968,1.3129,1.3266,1.3396,1.3499,1.3601,1.3677,1.3733,1.3806,1.3838,1.3861,1.3903,1.3919,1.3943,1.3967,1.3966,1.3983,1.401,1.401,1.4041,1.4054,1.4056,1.4076,1.4077,1.4089,1.4098,1.4113,1.4124,1.4133,1.4145,1.4146,1.4153,1.4165,1.4165,1.4164,1.4173,1.4174,1.4188,1.4203,1.4208,1.4218,1.4228,1.4235,1.4252,1.4247,1.4245,1.4261,1.4263,1.427,1.4273,1.4285,1.4296,1.4297,1.4307,1.4315,1.4315,1.4322,1.4336,1.4338,1.4358,1.4365,1.4374,1.4381,1.439,1.439,1.44,1.4404,1.4418,1.4423,1.4436
,,,,,,,,,,,,,,,,,,,,,,,,,,,,,,,,,,,,,,,,,,,,,,,,,,,,,,,,,,,,,,,,,,,,,,,,,,,,,,,,,,,,,,,,,,,,,,,,
Cycles / Well,,,,,,,,,,,,,,,,,,,,,,,,,,,,,,,,,,,,,,,,,,,,,,,,,,,,,,,,,,,,,,,,,,,,,,,,,,,,,,,,,,,,,,,,,,,,,,,,
F7,1,2,3,4,5,6,7,8,9,10,11,12,13,14,15,16,17,18,19,20,21,22,23,24,25,26,27,28,29,30,31,32,33,34,35,36,37,38,39,40,41,42,43,44,45,46,47,48,49,50,51,52,53,54,55,56,57,58,59,60,61,62,63,64,65,66,67,68,69,70,71,72,73,74,75,76,77,78,79,80,81,82,83,84,85,86,87,88,89,90,91,92,93,94,95,96
Time [s],0,1799.827,3599.741,5399.669,7199.582,8999.52,10799.439,12599.362,14399.295,16199.216,17999.146,19799.079,21599.004,23398.923,25198.859,26998.777,28798.697,30598.623,32398.553,34198.485,35998.416,37798.341,39598.268,41398.198,43198.124,44998.054,46797.976,48597.918,50397.831,52197.762,53997.692,55797.629,57597.534,59397.461,61197.38,62997.315,64797.24,66597.165,68397.092,70197.031,71996.926,73796.86,75596.777,77396.712,79196.627,80996.562,82796.484,84596.403,86396.337,88196.281,89996.203,91796.133,93596.059,95395.99,97195.917,98995.844,100795.796,102595.694,104395.689,106195.553,107995.487,109795.413,111595.34,113395.273,115195.195,116995.132,118795.052,120594.981,122394.898,124194.845,125994.76,127794.681,129594.622,131394.544,133194.474,134994.397,136794.315,138594.255,140394.181,142194.115,143994.039,145793.949,147593.888,149393.809,151193.742,152993.677,154793.597,156593.512,158393.435,160193.362,161993.31,163793.212,165593.147,167393.086,169192.983,170992.91
Temp. [°C],20.1,30,29.8,30,30.1,30,29.9,30.1,30.1,30.1,30,30,30,30,30,30,30,30,30,30,30,30,30.1,30.1,30.1,30.1,30,30,30.1,30.1,30,30,30.1,30,29.9,30,30.1,30,30.1,29.9,30.1,29.8,30,29.9,30.1,30,30,29.9,30,30,30,30.1,29.9,30.2,30.1,30.1,30.1,30,30,30,30,30,30,30,30,30,30.1,30,30,30.2,30,30.1,30,30.1,30,30,30,30,30,30,29.9,30.1,30.1,30.1,30.1,30.1,29.9,30,29.8,30.1,30.1,29.8,29.9,30,30,30
Mean,0.12722,0.11968,0.12202,0.12502,0.12912,0.13466,0.14254,0.15352,0.16962,0.1925,0.22366,0.26678,0.32306,0.3932,0.47778,0.57658,0.68922,0.80956,0.92166,1.02224,1.10146,1.15948,1.20046,1.23102,1.25542,1.27558,1.29348,1.30844,1.32242,1.33478,1.34696,1.3568,1.3645,1.3728,1.37984,1.38332,1.38638,1.38806,1.39022,1.39146,1.39326,1.39436,1.39662,1.39816,1.39964,1.40076,1.40284,1.4033,1.40524,1.40562,1.4065,1.40766,1.40842,1.40958,1.41006,1.4113,1.412,1.41276,1.4135,1.41392,1.41494,1.41606,1.4163,1.41792,1.41822,1.41888,1.41978,1.42046,1.42078,1.42184,1.42268,1.42314,1.42382,1.42478,1.42518,1.42596,1.42686,1.42772,1.42792,1.42896,1.4294,1.43044,1.431,1.43146,1.43222,1.43276,1.43358,1.4341,1.43528,1.43614,1.43634,1.43762,1.43804,1.4376,1.43886,1.43972
StDev,0.004535637,0.004060419,0.005158682,0.00610467,0.007344181,0.00843552,0.010242949,0.012164169,0.015489254,0.019476524,0.024016099,0.029782999,0.035008756,0.038740612,0.03934688,0.038190535,0.035226084,0.03119548,0.026977454,0.023209007,0.020612933,0.019485815,0.01852358,0.01841513,0.019159384,0.018831277,0.018594004,0.018720791,0.019029372,0.018653472,0.018570487,0.018998553,0.018920888,0.019214187,0.019118917,0.017968361,0.018962647,0.018632579,0.018312346,0.018865789,0.018120513,0.018487915,0.018583514,0.018859295,0.018428321,0.018914624,0.018811911,0.018559768,0.018607472,0.018511537,0.018861336,0.018918985,0.018948799,0.019356575,0.019183665,0.019252662,0.018246507,0.01947673,0.019168203,0.01938471,0.019451298,0.019662986,0.019269536,0.01938974,0.019574907,0.019591376,0.019906331,0.019824682,0.019990173,0.020856246,0.020336347,0.020170597,0.020120562,0.021010402,0.02038264,0.020556702,0.020524083,0.020022662,0.019902814,0.0204472,0.020103234,0.020062602,0.020744035,0.02093306,0.020704879,0.020396887,0.021079777,0.02070966,0.020545851,0.020915138,0.020633056,0.020522719,0.020852889,0.020549818,0.020902105,0.021339096
1;2,0.123,0.1157,0.1171,0.1194,0.1221,0.1264,0.1324,0.1412,0.154,0.1722,0.198,0.2336,0.2828,0.3469,0.4287,0.5269,0.6411,0.7659,0.8832,0.9903,1.0753,1.137,1.179,1.2103,1.236,1.2571,1.2753,1.2902,1.3052,1.3184,1.3303,1.3404,1.3478,1.3566,1.3641,1.3681,1.3702,1.3717,1.3752,1.3744,1.3775,1.3782,1.3805,1.3825,1.383,1.3841,1.386,1.3865,1.3893,1.3897,1.3892,1.3897,1.391,1.3931,1.3933,1.394,1.3968,1.3963,1.3957,1.3964,1.3971,1.3989,1.4002,1.4008,1.4004,1.4019,1.4018,1.4019,1.4021,1.402,1.4042,1.4053,1.406,1.4066,1.407,1.4074,1.409,1.4097,1.4101,1.4115,1.411,1.412,1.4134,1.4122,1.414,1.4143,1.4149,1.4157,1.4174,1.4175,1.4178,1.42,1.4198,1.4193,1.4196,1.4213
2;1,0.1294,0.1218,0.1255,0.1294,0.1348,0.141,0.1498,0.1624,0.181,0.2061,0.2385,0.2849,0.3437,0.4152,0.4995,0.5957,0.7018,0.8175,0.9239,1.0192,1.0941,1.1489,1.1906,1.2205,1.2424,1.2617,1.2795,1.2938,1.3061,1.319,1.3312,1.3401,1.3482,1.3559,1.3631,1.3682,1.369,1.3713,1.372,1.3748,1.3767,1.3773,1.3795,1.3803,1.383,1.3837,1.3869,1.3869,1.3883,1.3883,1.3896,1.3907,1.3909,1.3903,1.3915,1.3925,1.3937,1.3934,1.3955,1.3955,1.3961,1.3963,1.3974,1.3987,1.3998,1.3996,1.4005,1.4016,1.4015,1.4014,1.4033,1.4029,1.4038,1.4027,1.4044,1.4051,1.4054,1.4073,1.4073,1.407,1.4088,1.4098,1.4087,1.4097,1.4105,1.4113,1.4112,1.4122,1.4132,1.4137,1.4146,1.4153,1.4154,1.4153,1.4172,1.4163
2;2,0.1267,0.1182,0.1193,0.1217,0.1251,0.13,0.1368,0.1469,0.1611,0.1826,0.2123,0.254,0.3099,0.3814,0.4696,0.5736,0.6933,0.8203,0.9379,1.0433,1.1236,1.1832,1.2237,1.2546,1.282,1.3024,1.32,1.3356,1.3501,1.3626,1.3746,1.3856,1.3926,1.402,1.4092,1.4111,1.4146,1.4156,1.4168,1.4193,1.4199,1.4216,1.424,1.426,1.4264,1.4282,1.4309,1.4302,1.4331,1.4327,1.434,1.4349,1.4355,1.4372,1.437,1.4381,1.4386,1.4408,1.4407,1.4418,1.4426,1.4442,1.4447,1.4455,1.4463,1.4469,1.4484,1.4486,1.4488,1.4505,1.4518,1.4516,1.4523,1.4537,1.4533,1.4545,1.4554,1.4556,1.4551,1.4569,1.4566,1.4576,1.4595,1.4595,1.461,1.4602,1.4623,1.4624,1.4634,1.4642,1.4643,1.4654,1.466,1.4648,1.4672,1.4684
2;3,0.1232,0.117,0.1189,0.1211,0.1246,0.1298,0.137,0.147,0.1613,0.1823,0.2118,0.2527,0.3067,0.3753,0.4594,0.5585,0.6735,0.7947,0.9097,1.0121,1.0929,1.152,1.1935,1.2241,1.2484,1.2697,1.288,1.3042,1.3182,1.3302,1.3431,1.3536,1.3604,1.3689,1.3756,1.3793,1.3834,1.3851,1.3883,1.3888,1.3904,1.3921,1.394,1.3952,1.3971,1.3972,1.3989,1.4,1.4025,1.403,1.4044,1.4065,1.4068,1.4082,1.4077,1.4101,1.4113,1.4114,1.4127,1.4131,1.4153,1.4165,1.4151,1.4177,1.4171,1.4177,1.42,1.4208,1.4211,1.4232,1.422,1.4233,1.4237,1.4256,1.4256,1.4271,1.4282,1.4292,1.4291,1.4303,1.4306,1.4322,1.4324,1.4336,1.4346,1.435,1.4361,1.4366,1.438,1.439,1.4387,1.4398,1.4407,1.4406,1.4416,1.4428
3;2,0.1338,0.1257,0.1293,0.1335,0.139,0.1461,0.1567,0.1701,0.1907,0.2193,0.2577,0.3087,0.3722,0.4472,0.5317,0.6282,0.7364,0.8494,0.9536,1.0463,1.1214,1.1763,1.2155,1.2456,1.2683,1.287,1.3046,1.3184,1.3325,1.3437,1.3556,1.3643,1.3735,1.3806,1.3872,1.3899,1.3947,1.3966,1.3988,1.4,1.4018,1.4026,1.4051,1.4068,1.4087,1.4106,1.4115,1.4129,1.413,1.4144,1.4153,1.4165,1.4179,1.4191,1.4208,1.4218,1.4196,1.4219,1.4229,1.4228,1.4236,1.4244,1.4241,1.4269,1.4275,1.4283,1.4282,1.4294,1.4304,1.4321,1.4321,1.4326,1.4333,1.4353,1.4356,1.4357,1.4363,1.4368,1.438,1.4391,1.44,1.4406,1.441,1.4423,1.441,1.443,1.4434,1.4436,1.4444,1.4463,1.4463,1.4476,1.4483,1.448,1.4487,1.4498
,,,,,,,,,,,,,,,,,,,,,,,,,,,,,,,,,,,,,,,,,,,,,,,,,,,,,,,,,,,,,,,,,,,,,,,,,,,,,,,,,,,,,,,,,,,,,,,,
Cycles / Well,,,,,,,,,,,,,,,,,,,,,,,,,,,,,,,,,,,,,,,,,,,,,,,,,,,,,,,,,,,,,,,,,,,,,,,,,,,,,,,,,,,,,,,,,,,,,,,,
F8,1,2,3,4,5,6,7,8,9,10,11,12,13,14,15,16,17,18,19,20,21,22,23,24,25,26,27,28,29,30,31,32,33,34,35,36,37,38,39,40,41,42,43,44,45,46,47,48,49,50,51,52,53,54,55,56,57,58,59,60,61,62,63,64,65,66,67,68,69,70,71,72,73,74,75,76,77,78,79,80,81,82,83,84,85,86,87,88,89,90,91,92,93,94,95,96
Time [s],0,1799.827,3599.741,5399.669,7199.582,8999.52,10799.439,12599.362,14399.295,16199.216,17999.146,19799.079,21599.004,23398.923,25198.859,26998.777,28798.697,30598.623,32398.553,34198.485,35998.416,37798.341,39598.268,41398.198,43198.124,44998.054,46797.976,48597.918,50397.831,52197.762,53997.692,55797.629,57597.534,59397.461,61197.38,62997.315,64797.24,66597.165,68397.092,70197.031,71996.926,73796.86,75596.777,77396.712,79196.627,80996.562,82796.484,84596.403,86396.337,88196.281,89996.203,91796.133,93596.059,95395.99,97195.917,98995.844,100795.796,102595.694,104395.689,106195.553,107995.487,109795.413,111595.34,113395.273,115195.195,116995.132,118795.052,120594.981,122394.898,124194.845,125994.76,127794.681,129594.622,131394.544,133194.474,134994.397,136794.315,138594.255,140394.181,142194.115,143994.039,145793.949,147593.888,149393.809,151193.742,152993.677,154793.597,156593.512,158393.435,160193.362,161993.31,163793.212,165593.147,167393.086,169192.983,170992.91
Temp. [°C],20.1,30,29.8,30,30.1,30,29.9,30.1,30.1,30.1,30,30,30,30,30,30,30,30,30,30,30,30,30.1,30.1,30.1,30.1,30,30,30.1,30.1,30,30,30.1,30,29.9,30,30.1,30,30.1,29.9,30.1,29.8,30,29.9,30.1,30,30,29.9,30,30,30,30.1,29.9,30.2,30.1,30.1,30.1,30,30,30,30,30,30,30,30,30,30.1,30,30,30.2,30,30.1,30,30.1,30,30,30,30,30,30,29.9,30.1,30.1,30.1,30.1,30.1,29.9,30,29.8,30.1,30.1,29.8,29.9,30,30,30
Mean,0.10326,0.09616,0.09616,0.09624,0.09632,0.09632,0.09622,0.0963,0.0963,0.0963,0.09638,0.09638,0.09634,0.09636,0.09636,0.09638,0.09636,0.09646,0.09634,0.09646,0.09642,0.0964,0.0964,0.09632,0.09638,0.0965,0.09642,0.09652,0.09644,0.09646,0.09652,0.09654,0.0966,0.09656,0.09648,0.09634,0.09642,0.09642,0.0965,0.09646,0.09642,0.09656,0.09656,0.09658,0.09654,0.09636,0.09654,0.0964,0.09648,0.09638,0.09652,0.09654,0.09636,0.09652,0.09646,0.09638,0.09654,0.09656,0.0966,0.09632,0.0964,0.0965,0.09644,0.09656,0.09646,0.09646,0.09678,0.0965,0.09644,0.09648,0.0965,0.09654,0.09646,0.09656,0.0965,0.09664,0.09642,0.09644,0.09644,0.09652,0.09668,0.09646,0.09654,0.09656,0.09658,0.09652,0.09652,0.09658,0.09654,0.09654,0.0966,0.09648,0.09652,0.09632,0.09656,0.09656
StDev,0.001807761,0.001765786,0.001852836,0.00195141,0.002111161,0.002137054,0.002176465,0.002206808,0.002297825,0.002355844,0.002411846,0.00236791,0.00244806,0.002462316,0.002442949,0.002451938,0.002502599,0.002502599,0.00257449,0.002548137,0.002505394,0.002575849,0.00255147,0.002519325,0.002582053,0.002557342,0.002612853,0.002612853,0.002626404,0.002620687,0.002637613,0.002653865,0.002687006,0.002642537,0.002653677,0.002718088,0.002724335,0.002697592,0.002604803,0.002685703,0.00274718,0.002686634,0.002686634,0.002703146,0.002653865,0.00275554,0.002701481,0.002648585,0.002728919,0.002703146,0.002729835,0.002702406,0.002706104,0.002636665,0.002694995,0.002703146,0.002723601,0.002734593,0.002766767,0.002724335,0.002691654,0.002702776,0.002718088,0.002797856,0.002779029,0.002763693,0.00279589,0.002828427,0.002740985,0.002815493,0.002783882,0.002789803,0.002770018,0.002783523,0.002779388,0.002766406,0.002856046,0.002795174,0.002785319,0.00286042,0.002815493,0.002847455,0.002789803,0.002871063,0.002839366,0.00286042,0.002821702,0.002815493,0.00281922,0.002839542,0.002828427,0.00286042,0.002846401,0.002846401,0.002871063,0.002857971
1;2,0.1057,0.0988,0.0989,0.0991,0.0994,0.0994,0.0993,0.0994,0.0995,0.0996,0.0997,0.0997,0.0997,0.0997,0.0997,0.0998,0.0998,0.0999,0.0999,0.0999,0.0998,0.0999,0.0999,0.0998,0.0999,0.0999,0.0999,0.1,0.0999,0.0999,0.1,0.1,0.1002,0.1,0.1,0.0999,0.1,0.1,0.0999,0.1,0.1001,0.1001,0.1001,0.1001,0.1,0.0999,0.1,0.0998,0.1,0.0999,0.1,0.1,0.0999,0.1,0.0999,0.0999,0.1,0.1001,0.1001,0.0999,0.0999,0.0999,0.1,0.1002,0.1,0.1,0.1004,0.1001,0.1,0.1001,0.1001,0.1001,0.1001,0.1001,0.1001,0.1002,0.1002,0.1,0.1001,0.1002,0.1003,0.1001,0.1001,0.1002,0.1002,0.1002,0.1001,0.1002,0.1001,0.1001,0.1002,0.1001,0.1001,0.0999,0.1002,0.1001
2;1,0.1027,0.0963,0.096,0.0959,0.0959,0.096,0.0958,0.0959,0.0959,0.0958,0.0959,0.0959,0.0958,0.0958,0.0959,0.0958,0.0957,0.0958,0.0956,0.0958,0.0959,0.0958,0.0957,0.0957,0.0957,0.0959,0.0957,0.0958,0.0958,0.0959,0.0959,0.0959,0.096,0.0959,0.0959,0.0957,0.0957,0.0957,0.0959,0.0959,0.0958,0.0959,0.0959,0.0959,0.0959,0.0957,0.096,0.0957,0.0959,0.0957,0.0958,0.0959,0.0955,0.0957,0.0957,0.0957,0.0959,0.0959,0.096,0.0956,0.0957,0.0959,0.0958,0.0957,0.0957,0.0958,0.0961,0.0957,0.0957,0.0958,0.0958,0.0958,0.0956,0.0959,0.0957,0.096,0.0956,0.0958,0.0957,0.0957,0.096,0.0958,0.0958,0.0958,0.0958,0.0957,0.0958,0.0959,0.0958,0.0958,0.0958,0.0957,0.0957,0.0955,0.0958,0.0958
2;2,0.1037,0.0965,0.0968,0.097,0.0972,0.0972,0.0973,0.0974,0.0975,0.0975,0.0977,0.0976,0.0977,0.0978,0.0977,0.0977,0.0978,0.0979,0.0978,0.098,0.0979,0.0979,0.0979,0.0977,0.0979,0.0981,0.0981,0.0982,0.0981,0.0981,0.0982,0.0983,0.0982,0.0983,0.0981,0.0981,0.0982,0.0981,0.0982,0.0981,0.0981,0.0983,0.0983,0.0984,0.0983,0.0982,0.0983,0.0982,0.0983,0.0982,0.0984,0.0984,0.0982,0.0983,0.0984,0.0982,0.0984,0.0984,0.0985,0.0981,0.0982,0.0984,0.0982,0.0985,0.0984,0.0984,0.0987,0.0985,0.0983,0.0984,0.0984,0.0985,0.0983,0.0985,0.0984,0.0985,0.0983,0.0984,0.0983,0.0985,0.0986,0.0984,0.0985,0.0986,0.0986,0.0985,0.0985,0.0985,0.0986,0.0986,0.0986,0.0985,0.0986,0.0984,0.0986,0.0987
2;3,0.1035,0.0951,0.0951,0.0953,0.0953,0.0953,0.0951,0.0952,0.0951,0.0952,0.0952,0.0952,0.0952,0.0952,0.0952,0.0952,0.0952,0.0953,0.0952,0.0953,0.0952,0.0952,0.0952,0.0952,0.0952,0.0953,0.0952,0.0953,0.0953,0.0953,0.0953,0.0953,0.0954,0.0954,0.0953,0.0951,0.0952,0.0953,0.0953,0.0953,0.0951,0.0953,0.0953,0.0953,0.0953,0.0952,0.0954,0.0953,0.0952,0.0951,0.0954,0.0953,0.0952,0.0953,0.0952,0.0951,0.0954,0.0953,0.0954,0.0951,0.0952,0.0953,0.0952,0.0953,0.0953,0.0951,0.0954,0.0953,0.0952,0.0952,0.0952,0.0953,0.0953,0.0953,0.0953,0.0954,0.0951,0.0951,0.0951,0.0953,0.0954,0.0952,0.0953,0.0953,0.0953,0.0953,0.0953,0.0953,0.0952,0.0953,0.0954,0.0953,0.0953,0.0951,0.0953,0.0953
3;2,0.1007,0.0941,0.094,0.0939,0.0938,0.0937,0.0936,0.0936,0.0935,0.0934,0.0934,0.0935,0.0933,0.0933,0.0933,0.0934,0.0933,0.0934,0.0932,0.0933,0.0933,0.0932,0.0933,0.0932,0.0932,0.0933,0.0932,0.0933,0.0931,0.0931,0.0932,0.0932,0.0932,0.0932,0.0931,0.0929,0.093,0.093,0.0932,0.093,0.093,0.0932,0.0932,0.0932,0.0932,0.0928,0.093,0.093,0.093,0.093,0.093,0.0931,0.093,0.0933,0.0931,0.093,0.093,0.0931,0.093,0.0929,0.093,0.093,0.093,0.0931,0.0929,0.093,0.0933,0.0929,0.093,0.0929,0.093,0.093,0.093,0.093,0.093,0.0931,0.0929,0.0929,0.093,0.0929,0.0931,0.0928,0.093,0.0929,0.093,0.0929,0.0929,0.093,0.093,0.0929,0.093,0.0928,0.0929,0.0927,0.0929,0.0929
,,,,,,,,,,,,,,,,,,,,,,,,,,,,,,,,,,,,,,,,,,,,,,,,,,,,,,,,,,,,,,,,,,,,,,,,,,,,,,,,,,,,,,,,,,,,,,,,
Cycles / Well,,,,,,,,,,,,,,,,,,,,,,,,,,,,,,,,,,,,,,,,,,,,,,,,,,,,,,,,,,,,,,,,,,,,,,,,,,,,,,,,,,,,,,,,,,,,,,,,
F9,1,2,3,4,5,6,7,8,9,10,11,12,13,14,15,16,17,18,19,20,21,22,23,24,25,26,27,28,29,30,31,32,33,34,35,36,37,38,39,40,41,42,43,44,45,46,47,48,49,50,51,52,53,54,55,56,57,58,59,60,61,62,63,64,65,66,67,68,69,70,71,72,73,74,75,76,77,78,79,80,81,82,83,84,85,86,87,88,89,90,91,92,93,94,95,96
Time [s],0,1799.827,3599.741,5399.669,7199.582,8999.52,10799.439,12599.362,14399.295,16199.216,17999.146,19799.079,21599.004,23398.923,25198.859,26998.777,28798.697,30598.623,32398.553,34198.485,35998.416,37798.341,39598.268,41398.198,43198.124,44998.054,46797.976,48597.918,50397.831,52197.762,53997.692,55797.629,57597.534,59397.461,61197.38,62997.315,64797.24,66597.165,68397.092,70197.031,71996.926,73796.86,75596.777,77396.712,79196.627,80996.562,82796.484,84596.403,86396.337,88196.281,89996.203,91796.133,93596.059,95395.99,97195.917,98995.844,100795.796,102595.694,104395.689,106195.553,107995.487,109795.413,111595.34,113395.273,115195.195,116995.132,118795.052,120594.981,122394.898,124194.845,125994.76,127794.681,129594.622,131394.544,133194.474,134994.397,136794.315,138594.255,140394.181,142194.115,143994.039,145793.949,147593.888,149393.809,151193.742,152993.677,154793.597,156593.512,158393.435,160193.362,161993.31,163793.212,165593.147,167393.086,169192.983,170992.91
Temp. [°C],20.1,30,29.8,30,30.1,30,29.9,30.1,30.1,30.1,30,30,30,30,30,30,30,30,30,30,30,30,30.1,30.1,30.1,30.1,30,30,30.1,30.1,30,30,30.1,30,29.9,30,30.1,30,30.1,29.9,30.1,29.8,30,29.9,30.1,30,30,29.9,30,30,30,30.1,29.9,30.2,30.1,30.1,30.1,30,30,30,30,30,30,30,30,30,30.1,30,30,30.2,30,30.1,30,30.1,30,30,30,30,30,30,29.9,30.1,30.1,30.1,30.1,30.1,29.9,30,29.8,30.1,30.1,29.8,29.9,30,30,30
Mean,0.10264,0.09578,0.09588,0.09592,0.09594,0.09596,0.09592,0.09588,0.09592,0.09594,0.09604,0.09604,0.09602,0.09602,0.09604,0.09606,0.096,0.09606,0.09598,0.09604,0.096,0.09606,0.09606,0.096,0.09606,0.09612,0.096,0.09618,0.09606,0.0961,0.09608,0.09616,0.09612,0.09612,0.09604,0.09594,0.09602,0.09596,0.09606,0.096,0.09598,0.09616,0.09616,0.09622,0.09608,0.096,0.09614,0.09602,0.096,0.09594,0.09606,0.09618,0.09602,0.09606,0.09608,0.09606,0.09606,0.09616,0.09622,0.09604,0.09608,0.09608,0.0961,0.09616,0.09612,0.09604,0.09638,0.09612,0.09602,0.0961,0.09606,0.09614,0.09606,0.09612,0.0961,0.0962,0.0961,0.09608,0.096,0.09608,0.09624,0.09604,0.09612,0.09616,0.09616,0.09608,0.09606,0.09616,0.09604,0.09614,0.09612,0.09604,0.09606,0.0959,0.09612,0.0961
StDev,0.002467387,0.002299348,0.002403539,0.002403539,0.002555973,0.002544209,0.002568463,0.002636665,0.002688308,0.002707951,0.002754632,0.002754632,0.002752635,0.002769838,0.00277092,0.002804996,0.002904307,0.002848333,0.002823473,0.002829841,0.002811583,0.002839542,0.002894478,0.002857446,0.002871063,0.002862167,0.002846928,0.002867403,0.00289275,0.002846928,0.00290293,0.002927969,0.002911529,0.002920103,0.002944147,0.003002166,0.002955842,0.002991321,0.00292113,0.002897413,0.002916676,0.002941598,0.002977079,0.00292438,0.002935473,0.00292831,0.002944147,0.002960912,0.00292831,0.002988812,0.002907404,0.002937176,0.002949068,0.002895341,0.00294822,0.002907404,0.003058267,0.002919418,0.002903791,0.002931382,0.002939728,0.002927798,0.002911185,0.003045981,0.003028531,0.002976239,0.002989482,0.003026054,0.00292438,0.002866182,0.002907404,0.002964456,0.002951779,0.002955842,0.003029851,0.002953811,0.00292831,0.002904651,0.002950424,0.003075224,0.002989649,0.003027045,0.003038421,0.002992156,0.003010482,0.002985297,0.003010482,0.003010482,0.003027045,0.003027045,0.003044175,0.003108537,0.003045981,0.003055323,0.002992825,0.003006659
1;2,0.1065,0.0993,0.0995,0.0994,0.0996,0.0996,0.0996,0.0996,0.0997,0.0997,0.0999,0.0999,0.0998,0.0999,0.0998,0.0999,0.1,0.0999,0.0998,0.0999,0.0998,0.0999,0.1,0.0999,0.0999,0.0999,0.0998,0.1,0.0999,0.0999,0.0999,0.1,0.1,0.1,0.0999,0.0999,0.0999,0.1,0.1,0.0999,0.0999,0.1001,0.1001,0.1001,0.0999,0.0998,0.1,0.0999,0.0998,0.0999,0.0998,0.0999,0.0998,0.0998,0.0999,0.0999,0.1001,0.1,0.1,0.0999,0.0999,0.0999,0.0999,0.1001,0.0999,0.0999,0.1003,0.1,0.0999,0.0998,0.0998,0.1,0.0999,0.1,0.1001,0.1,0.0999,0.0998,0.0997,0.1,0.1001,0.0999,0.1,0.0999,0.1,0.0999,0.0999,0.1,0.0999,0.1,0.1,0.1,0.1,0.0998,0.1,0.0999
2;1,0.0997,0.0934,0.0934,0.0934,0.0933,0.0933,0.0933,0.0932,0.0932,0.0932,0.0933,0.0933,0.0933,0.0933,0.0933,0.0933,0.0932,0.0932,0.0932,0.0932,0.0932,0.0933,0.0932,0.0932,0.0933,0.0933,0.0932,0.0933,0.0931,0.0933,0.0932,0.0932,0.0933,0.0932,0.0931,0.0929,0.0931,0.093,0.0933,0.0932,0.0931,0.0932,0.0932,0.0933,0.0932,0.0931,0.0932,0.0931,0.0931,0.093,0.0932,0.0932,0.0931,0.0933,0.0931,0.0933,0.0931,0.0933,0.0934,0.0932,0.0932,0.0933,0.0933,0.0932,0.0931,0.0931,0.0935,0.0932,0.0931,0.0933,0.0932,0.0933,0.0932,0.0932,0.0931,0.0934,0.0932,0.0931,0.0931,0.093,0.0932,0.093,0.0931,0.0932,0.0931,0.0931,0.093,0.0931,0.093,0.0931,0.0931,0.093,0.0931,0.0929,0.0932,0.0931
2;2,0.1029,0.0967,0.097,0.0973,0.0975,0.0975,0.0975,0.0976,0.0977,0.0978,0.0979,0.0979,0.098,0.0979,0.0981,0.0981,0.0981,0.0982,0.0981,0.0981,0.0981,0.0982,0.0982,0.0981,0.0983,0.0984,0.0982,0.0984,0.0983,0.0983,0.0984,0.0985,0.0984,0.0984,0.0984,0.0983,0.0984,0.0982,0.0983,0.0982,0.0982,0.0984,0.0985,0.0985,0.0985,0.0984,0.0985,0.0984,0.0984,0.0983,0.0985,0.0987,0.0985,0.0985,0.0985,0.0984,0.0985,0.0985,0.0986,0.0984,0.0985,0.0985,0.0985,0.0987,0.0988,0.0985,0.0988,0.0987,0.0983,0.0985,0.0985,0.0986,0.0985,0.0985,0.0985,0.0987,0.0985,0.0985,0.0986,0.0987,0.0987,0.0986,0.0987,0.0988,0.0987,0.0986,0.0986,0.0987,0.0986,0.0987,0.0987,0.0987,0.0986,0.0985,0.0986,0.0987
2;3,0.1019,0.0945,0.0946,0.0947,0.0946,0.0948,0.0946,0.0946,0.0946,0.0947,0.0947,0.0947,0.0947,0.0947,0.0947,0.0947,0.0945,0.0947,0.0946,0.0947,0.0947,0.0947,0.0946,0.0946,0.0946,0.0947,0.0947,0.0948,0.0947,0.0948,0.0947,0.0948,0.0947,0.0947,0.0947,0.0946,0.0946,0.0946,0.0946,0.0947,0.0946,0.0948,0.0948,0.0949,0.0946,0.0947,0.0948,0.0947,0.0947,0.0945,0.0947,0.0948,0.0947,0.0946,0.0947,0.0946,0.0946,0.0948,0.0949,0.0946,0.0947,0.0946,0.0946,0.0947,0.0947,0.0946,0.095,0.0946,0.0947,0.0947,0.0947,0.0946,0.0946,0.0947,0.0947,0.0948,0.0948,0.0948,0.0946,0.0946,0.0949,0.0947,0.0947,0.0948,0.0948,0.0947,0.0947,0.0948,0.0947,0.0948,0.0948,0.0946,0.0946,0.0945,0.0947,0.0947
3;2,0.1022,0.095,0.0949,0.0948,0.0947,0.0946,0.0946,0.0944,0.0944,0.0943,0.0944,0.0944,0.0943,0.0943,0.0943,0.0943,0.0942,0.0943,0.0942,0.0943,0.0942,0.0942,0.0943,0.0942,0.0942,0.0943,0.0941,0.0944,0.0943,0.0942,0.0942,0.0943,0.0942,0.0943,0.0941,0.094,0.0941,0.094,0.0941,0.094,0.0941,0.0943,0.0942,0.0943,0.0942,0.094,0.0942,0.094,0.094,0.094,0.0941,0.0943,0.094,0.0941,0.0942,0.0941,0.094,0.0942,0.0942,0.0941,0.0941,0.0941,0.0942,0.0941,0.0941,0.0941,0.0943,0.0941,0.0941,0.0942,0.0941,0.0942,0.0941,0.0942,0.0941,0.0941,0.0941,0.0942,0.094,0.0941,0.0943,0.094,0.0941,0.0941,0.0942,0.0941,0.0941,0.0942,0.094,0.0941,0.094,0.0939,0.094,0.0938,0.0941,0.0941
,,,,,,,,,,,,,,,,,,,,,,,,,,,,,,,,,,,,,,,,,,,,,,,,,,,,,,,,,,,,,,,,,,,,,,,,,,,,,,,,,,,,,,,,,,,,,,,,
Cycles / Well,,,,,,,,,,,,,,,,,,,,,,,,,,,,,,,,,,,,,,,,,,,,,,,,,,,,,,,,,,,,,,,,,,,,,,,,,,,,,,,,,,,,,,,,,,,,,,,,
F10,1,2,3,4,5,6,7,8,9,10,11,12,13,14,15,16,17,18,19,20,21,22,23,24,25,26,27,28,29,30,31,32,33,34,35,36,37,38,39,40,41,42,43,44,45,46,47,48,49,50,51,52,53,54,55,56,57,58,59,60,61,62,63,64,65,66,67,68,69,70,71,72,73,74,75,76,77,78,79,80,81,82,83,84,85,86,87,88,89,90,91,92,93,94,95,96
Time [s],0,1799.827,3599.741,5399.669,7199.582,8999.52,10799.439,12599.362,14399.295,16199.216,17999.146,19799.079,21599.004,23398.923,25198.859,26998.777,28798.697,30598.623,32398.553,34198.485,35998.416,37798.341,39598.268,41398.198,43198.124,44998.054,46797.976,48597.918,50397.831,52197.762,53997.692,55797.629,57597.534,59397.461,61197.38,62997.315,64797.24,66597.165,68397.092,70197.031,71996.926,73796.86,75596.777,77396.712,79196.627,80996.562,82796.484,84596.403,86396.337,88196.281,89996.203,91796.133,93596.059,95395.99,97195.917,98995.844,100795.796,102595.694,104395.689,106195.553,107995.487,109795.413,111595.34,113395.273,115195.195,116995.132,118795.052,120594.981,122394.898,124194.845,125994.76,127794.681,129594.622,131394.544,133194.474,134994.397,136794.315,138594.255,140394.181,142194.115,143994.039,145793.949,147593.888,149393.809,151193.742,152993.677,154793.597,156593.512,158393.435,160193.362,161993.31,163793.212,165593.147,167393.086,169192.983,170992.91
Temp. [°C],20.1,30,29.8,30,30.1,30,29.9,30.1,30.1,30.1,30,30,30,30,30,30,30,30,30,30,30,30,30.1,30.1,30.1,30.1,30,30,30.1,30.1,30,30,30.1,30,29.9,30,30.1,30,30.1,29.9,30.1,29.8,30,29.9,30.1,30,30,29.9,30,30,30,30.1,29.9,30.2,30.1,30.1,30.1,30,30,30,30,30,30,30,30,30,30.1,30,30,30.2,30,30.1,30,30.1,30,30,30,30,30,30,29.9,30.1,30.1,30.1,30.1,30.1,29.9,30,29.8,30.1,30.1,29.8,29.9,30,30,30
Mean,0.10412,0.09572,0.09582,0.09588,0.09594,0.09596,0.09588,0.09588,0.09598,0.09598,0.09598,0.09598,0.09594,0.09598,0.09596,0.09604,0.09594,0.09594,0.096,0.09602,0.09602,0.09608,0.09604,0.096,0.09608,0.09616,0.09614,0.09624,0.09606,0.09624,0.0962,0.09618,0.09628,0.09618,0.09618,0.096,0.09618,0.09604,0.09614,0.09608,0.0961,0.09628,0.09616,0.09634,0.0962,0.09606,0.0962,0.09612,0.09616,0.09602,0.09616,0.09626,0.09618,0.09616,0.09626,0.09616,0.09626,0.09628,0.09638,0.09614,0.09622,0.0962,0.09628,0.09614,0.09622,0.09612,0.0965,0.09626,0.09618,0.09626,0.09622,0.0963,0.0962,0.09622,0.0962,0.09636,0.09624,0.0962,0.09616,0.0963,0.09642,0.0962,0.0962,0.09628,0.09628,0.09622,0.0962,0.09624,0.09626,0.09628,0.09624,0.09618,0.0962,0.09604,0.0963,0.09618
StDev,0.001513935,0.001391761,0.001472073,0.001465264,0.001533949,0.001627268,0.001642255,0.001699117,0.001617714,0.001797776,0.0017936,0.001853915,0.001836573,0.0017936,0.001833848,0.00185957,0.001965452,0.001998249,0.001906568,0.001963925,0.001981666,0.001986706,0.002040343,0.002019901,0.001976613,0.001995745,0.001973069,0.002015688,0.001995745,0.001872966,0.001939072,0.002037646,0.00196901,0.002089737,0.002030271,0.002002498,0.002029039,0.0019995,0.00207798,0.002058397,0.002067607,0.001986706,0.002065914,0.002059854,0.001986202,0.002016928,0.002090454,0.002057183,0.001957805,0.002057183,0.002010721,0.001993239,0.002109976,0.001980656,0.002054994,0.00214546,0.002175546,0.002006739,0.00199925,0.00211967,0.002071714,0.002054264,0.002038872,0.002150116,0.002138224,0.002101666,0.00212838,0.002087582,0.00215569,0.002130258,0.00215569,0.00212838,0.002164486,0.002160324,0.002172556,0.002175546,0.002187007,0.002158703,0.002222161,0.00210119,0.002194767,0.002233831,0.002184033,0.002120613,0.00215569,0.002147557,0.002187464,0.002178991,0.00215244,0.002191347,0.002187007,0.002191347,0.002233831,0.002178991,0.002174856,0.002207261
1;2,0.1064,0.0977,0.098,0.098,0.0981,0.0983,0.0982,0.0983,0.0983,0.0985,0.0984,0.0985,0.0985,0.0984,0.0985,0.0986,0.0987,0.0987,0.0986,0.0987,0.0987,0.0987,0.0988,0.0987,0.0987,0.0988,0.0988,0.0989,0.0987,0.0988,0.0988,0.0988,0.0989,0.0989,0.0988,0.0987,0.0988,0.0987,0.0988,0.0987,0.0988,0.099,0.0988,0.099,0.0988,0.0987,0.0989,0.0989,0.0987,0.0987,0.0988,0.0987,0.0989,0.0987,0.0989,0.099,0.099,0.0989,0.0989,0.0989,0.0989,0.0988,0.099,0.0989,0.099,0.0988,0.0992,0.099,0.0989,0.099,0.0989,0.099,0.099,0.099,0.099,0.0991,0.099,0.0991,0.0989,0.0989,0.0991,0.099,0.0989,0.0989,0.099,0.0989,0.099,0.099,0.099,0.0991,0.099,0.099,0.099,0.0988,0.099,0.099
2;1,0.1042,0.0962,0.0961,0.096,0.0959,0.0959,0.0958,0.0958,0.0958,0.0959,0.0958,0.0958,0.0957,0.0958,0.0958,0.0959,0.0957,0.0957,0.0957,0.0958,0.0959,0.0959,0.0958,0.0958,0.0958,0.0959,0.0959,0.096,0.0958,0.096,0.0959,0.096,0.096,0.096,0.096,0.0957,0.0958,0.0957,0.096,0.0958,0.0957,0.096,0.096,0.0961,0.0959,0.0957,0.0959,0.0957,0.0958,0.0957,0.0958,0.0961,0.0959,0.0959,0.0959,0.0959,0.096,0.096,0.0961,0.0959,0.0959,0.0958,0.0959,0.0958,0.0958,0.0958,0.0962,0.0958,0.0959,0.096,0.0959,0.096,0.0958,0.0959,0.0958,0.0961,0.0959,0.0957,0.0959,0.0959,0.0961,0.0959,0.0959,0.0959,0.096,0.0959,0.0959,0.0959,0.0959,0.0959,0.0959,0.0958,0.0959,0.0957,0.096,0.0959
2;2,0.1042,0.0959,0.0961,0.0964,0.0967,0.0967,0.0967,0.0967,0.0968,0.0969,0.0971,0.0971,0.097,0.0971,0.097,0.0971,0.097,0.0971,0.0972,0.0972,0.0972,0.0974,0.0973,0.0973,0.0974,0.0975,0.0974,0.0976,0.0974,0.0974,0.0975,0.0976,0.0976,0.0976,0.0976,0.0973,0.0977,0.0974,0.0976,0.0976,0.0976,0.0975,0.0976,0.0978,0.0976,0.0975,0.0977,0.0975,0.0976,0.0975,0.0976,0.0978,0.0977,0.0976,0.0978,0.0976,0.0979,0.0977,0.0979,0.0976,0.0977,0.0978,0.0977,0.0977,0.0978,0.0977,0.0981,0.0978,0.0978,0.0978,0.0979,0.0979,0.0978,0.0978,0.0978,0.098,0.0979,0.0977,0.0979,0.098,0.0982,0.0979,0.0979,0.098,0.0979,0.0979,0.0978,0.0979,0.0979,0.0979,0.0979,0.0978,0.0979,0.0977,0.098,0.0978
2;3,0.1036,0.0942,0.0944,0.0945,0.0946,0.0945,0.0945,0.0944,0.0945,0.0945,0.0945,0.0945,0.0944,0.0945,0.0944,0.0945,0.0945,0.0944,0.0945,0.0945,0.0944,0.0944,0.0945,0.0943,0.0946,0.0946,0.0945,0.0946,0.0945,0.0946,0.0945,0.0946,0.0947,0.0945,0.0945,0.0944,0.0945,0.0945,0.0944,0.0945,0.0945,0.0947,0.0946,0.0947,0.0946,0.0945,0.0946,0.0945,0.0946,0.0943,0.0945,0.0947,0.0945,0.0946,0.0946,0.0944,0.0945,0.0946,0.0948,0.0945,0.0947,0.0946,0.0944,0.0946,0.0945,0.0944,0.0948,0.0945,0.0945,0.0945,0.0946,0.0946,0.0945,0.0945,0.0946,0.0946,0.0946,0.0945,0.0944,0.0947,0.0947,0.0945,0.0946,0.0946,0.0946,0.0945,0.0945,0.0945,0.0945,0.0946,0.0946,0.0945,0.0945,0.0943,0.0946,0.0944
3;2,0.1022,0.0946,0.0945,0.0945,0.0944,0.0944,0.0942,0.0942,0.0945,0.0941,0.0941,0.094,0.0941,0.0941,0.0941,0.0941,0.0938,0.0938,0.094,0.0939,0.0939,0.094,0.0938,0.0939,0.0939,0.094,0.0941,0.0941,0.0939,0.0944,0.0943,0.0939,0.0942,0.0939,0.094,0.0939,0.0941,0.0939,0.0939,0.0938,0.0939,0.0942,0.0938,0.0941,0.0941,0.0939,0.0939,0.094,0.0941,0.0939,0.0941,0.094,0.0939,0.094,0.0941,0.0939,0.0939,0.0942,0.0942,0.0938,0.0939,0.094,0.0944,0.0937,0.094,0.0939,0.0942,0.0942,0.0938,0.094,0.0938,0.094,0.0939,0.0939,0.0938,0.094,0.0938,0.094,0.0937,0.094,0.094,0.0937,0.0937,0.094,0.0939,0.0939,0.0938,0.0939,0.094,0.0939,0.0938,0.0938,0.0937,0.0937,0.0939,0.0938
,,,,,,,,,,,,,,,,,,,,,,,,,,,,,,,,,,,,,,,,,,,,,,,,,,,,,,,,,,,,,,,,,,,,,,,,,,,,,,,,,,,,,,,,,,,,,,,,
Cycles / Well,,,,,,,,,,,,,,,,,,,,,,,,,,,,,,,,,,,,,,,,,,,,,,,,,,,,,,,,,,,,,,,,,,,,,,,,,,,,,,,,,,,,,,,,,,,,,,,,
F11,1,2,3,4,5,6,7,8,9,10,11,12,13,14,15,16,17,18,19,20,21,22,23,24,25,26,27,28,29,30,31,32,33,34,35,36,37,38,39,40,41,42,43,44,45,46,47,48,49,50,51,52,53,54,55,56,57,58,59,60,61,62,63,64,65,66,67,68,69,70,71,72,73,74,75,76,77,78,79,80,81,82,83,84,85,86,87,88,89,90,91,92,93,94,95,96
Time [s],0,1799.827,3599.741,5399.669,7199.582,8999.52,10799.439,12599.362,14399.295,16199.216,17999.146,19799.079,21599.004,23398.923,25198.859,26998.777,28798.697,30598.623,32398.553,34198.485,35998.416,37798.341,39598.268,41398.198,43198.124,44998.054,46797.976,48597.918,50397.831,52197.762,53997.692,55797.629,57597.534,59397.461,61197.38,62997.315,64797.24,66597.165,68397.092,70197.031,71996.926,73796.86,75596.777,77396.712,79196.627,80996.562,82796.484,84596.403,86396.337,88196.281,89996.203,91796.133,93596.059,95395.99,97195.917,98995.844,100795.796,102595.694,104395.689,106195.553,107995.487,109795.413,111595.34,113395.273,115195.195,116995.132,118795.052,120594.981,122394.898,124194.845,125994.76,127794.681,129594.622,131394.544,133194.474,134994.397,136794.315,138594.255,140394.181,142194.115,143994.039,145793.949,147593.888,149393.809,151193.742,152993.677,154793.597,156593.512,158393.435,160193.362,161993.31,163793.212,165593.147,167393.086,169192.983,170992.91
Temp. [°C],20.1,30,29.8,30,30.1,30,29.9,30.1,30.1,30.1,30,30,30,30,30,30,30,30,30,30,30,30,30.1,30.1,30.1,30.1,30,30,30.1,30.1,30,30,30.1,30,29.9,30,30.1,30,30.1,29.9,30.1,29.8,30,29.9,30.1,30,30,29.9,30,30,30,30.1,29.9,30.2,30.1,30.1,30.1,30,30,30,30,30,30,30,30,30,30.1,30,30,30.2,30,30.1,30,30.1,30,30,30,30,30,30,29.9,30.1,30.1,30.1,30.1,30.1,29.9,30,29.8,30.1,30.1,29.8,29.9,30,30,30
Mean,0.10496,0.09716,0.09732,0.09734,0.09726,0.09716,0.09726,0.09738,0.0973,0.09738,0.09746,0.09764,0.09736,0.09712,0.09738,0.09722,0.09732,0.09732,0.0972,0.0973,0.09732,0.0972,0.09742,0.09728,0.0974,0.09748,0.09732,0.09748,0.09728,0.09724,0.09734,0.0973,0.0975,0.09758,0.0974,0.09732,0.09734,0.09724,0.09832,0.09746,0.09734,0.09754,0.0975,0.0974,0.09736,0.09726,0.09738,0.09716,0.09722,0.0972,0.09732,0.09722,0.0971,0.09726,0.09722,0.09716,0.09734,0.09738,0.09742,0.09716,0.09722,0.09718,0.09738,0.09728,0.0972,0.0972,0.0977,0.09742,0.09726,0.0972,0.0972,0.09746,0.0972,0.0973,0.09714,0.09732,0.09736,0.09734,0.09728,0.09734,0.09746,0.09738,0.09732,0.09742,0.09738,0.09728,0.09742,0.09742,0.09742,0.09746,0.09742,0.09728,0.09724,0.09708,0.09736,0.09748
StDev,0.003071319,0.002805887,0.002889118,0.002845699,0.003041052,0.003140541,0.00275826,0.002663081,0.002810694,0.002732581,0.002688494,0.0024996,0.002791595,0.003060556,0.002791415,0.003104352,0.002720662,0.002864786,0.002857446,0.002891366,0.00288652,0.002901724,0.002566515,0.002843765,0.002640076,0.00266402,0.00281105,0.00279052,0.002943977,0.002946693,0.002868449,0.00287054,0.00272672,0.002630019,0.002810694,0.002738978,0.002912559,0.002878889,0.002214046,0.002685703,0.002837781,0.002713485,0.002732215,0.002925748,0.002818333,0.002811227,0.002865659,0.002893614,0.002854295,0.002808024,0.002887386,0.003008654,0.003020761,0.002943297,0.003008654,0.002863215,0.00273916,0.002805708,0.002799464,0.002893614,0.002815493,0.00298446,0.002635716,0.002768935,0.002912902,0.002969007,0.002693511,0.002738978,0.002871063,0.002979933,0.00302407,0.002818333,0.002901724,0.002718455,0.00285447,0.002843765,0.002786216,0.002800536,0.002821702,0.002813894,0.002811227,0.002738065,0.00281105,0.002768935,0.002767128,0.002821702,0.00273441,0.002686447,0.002682722,0.00275826,0.00274536,0.002812828,0.002868449,0.002865659,0.002760072,0.002613809
1;2,0.1074,0.1,0.1003,0.1002,0.1002,0.1002,0.1001,0.1002,0.1002,0.1002,0.1002,0.1002,0.1002,0.1002,0.1002,0.1003,0.1001,0.1002,0.1001,0.1003,0.1003,0.1001,0.1002,0.1002,0.1001,0.1002,0.1002,0.1004,0.1002,0.1002,0.1002,0.1002,0.1003,0.1002,0.1003,0.1001,0.1003,0.1001,0.1003,0.1002,0.1002,0.1003,0.1003,0.1003,0.1002,0.1001,0.1003,0.1001,0.1,0.1,0.1002,0.1001,0.1,0.1001,0.1001,0.1001,0.1001,0.1002,0.1002,0.1001,0.0999,0.1002,0.1,0.1,0.1001,0.1002,0.1005,0.1002,0.1002,0.1002,0.1002,0.1003,0.1001,0.1001,0.1001,0.1001,0.1002,0.1002,0.1001,0.1002,0.1002,0.1002,0.1002,0.1001,0.1002,0.1001,0.1002,0.1002,0.1002,0.1003,0.1002,0.1001,0.1001,0.1,0.1001,0.1001
2;1,0.103,0.0948,0.095,0.0952,0.0952,0.0952,0.095,0.0951,0.095,0.0951,0.0952,0.0952,0.0951,0.095,0.0952,0.095,0.0951,0.0951,0.0952,0.0951,0.0951,0.0951,0.0951,0.0951,0.0951,0.0952,0.0951,0.0953,0.0951,0.0951,0.0952,0.0952,0.0952,0.0952,0.0951,0.0951,0.0951,0.0952,0.0953,0.0951,0.0951,0.0953,0.0953,0.0953,0.0952,0.095,0.0952,0.095,0.0952,0.095,0.0951,0.0951,0.0951,0.0953,0.0951,0.095,0.0952,0.0951,0.0953,0.095,0.0951,0.0951,0.0952,0.0952,0.0952,0.095,0.0955,0.0952,0.0951,0.0951,0.095,0.0953,0.0951,0.0952,0.0951,0.0952,0.0952,0.0953,0.0952,0.0952,0.0953,0.0952,0.0951,0.0953,0.0953,0.0952,0.0951,0.0952,0.0951,0.0952,0.0953,0.0951,0.0951,0.0949,0.0951,0.0951
2;2,0.1091,0.1002,0.1004,0.1004,0.1005,0.1005,0.1002,0.1002,0.1003,0.1003,0.1004,0.1004,0.1004,0.1003,0.1004,0.1005,0.1003,0.1004,0.1002,0.1003,0.1003,0.1003,0.1001,0.1003,0.1003,0.1004,0.1003,0.1004,0.1004,0.1003,0.1004,0.1003,0.1004,0.1005,0.1004,0.1003,0.1004,0.1003,0.1003,0.1004,0.1004,0.1005,0.1004,0.1005,0.1004,0.1003,0.1004,0.1002,0.1003,0.1002,0.1004,0.1005,0.1003,0.1004,0.1005,0.1001,0.1003,0.1004,0.1005,0.1002,0.1003,0.1003,0.1003,0.1003,0.1003,0.1003,0.1006,0.1004,0.1003,0.1003,0.1004,0.1005,0.1003,0.1002,0.1001,0.1004,0.1003,0.1003,0.1003,0.1003,0.1005,0.1003,0.1003,0.1005,0.1003,0.1003,0.1004,0.1003,0.1003,0.1004,0.1004,0.1003,0.1003,0.1001,0.1004,0.1004
2;3,0.1029,0.0965,0.0966,0.0967,0.0968,0.0966,0.0966,0.0966,0.0966,0.0967,0.0967,0.0968,0.0966,0.0966,0.0967,0.0967,0.0965,0.0967,0.0966,0.0967,0.0968,0.0966,0.0966,0.0966,0.0966,0.0967,0.0967,0.0968,0.0968,0.0968,0.0968,0.0968,0.0969,0.0969,0.0967,0.0966,0.0968,0.0967,0.0968,0.0967,0.0967,0.0968,0.0969,0.0969,0.0967,0.0966,0.0968,0.0966,0.0967,0.0967,0.0968,0.0967,0.0967,0.0968,0.0967,0.0967,0.0967,0.0968,0.0967,0.0966,0.0968,0.0966,0.0967,0.0967,0.0966,0.0967,0.0969,0.0967,0.0966,0.0967,0.0967,0.0968,0.0966,0.0966,0.0965,0.0968,0.0968,0.0967,0.0967,0.0968,0.097,0.0967,0.0967,0.0968,0.0968,0.0967,0.0967,0.0967,0.0967,0.0968,0.0967,0.0967,0.0967,0.0965,0.0967,0.0967
3;2,0.1024,0.0943,0.0943,0.0942,0.0936,0.0933,0.0944,0.0948,0.0944,0.0946,0.0948,0.0956,0.0945,0.0935,0.0944,0.0936,0.0946,0.0942,0.0939,0.0941,0.0941,0.0939,0.0951,0.0942,0.0949,0.0949,0.0943,0.0945,0.0939,0.0938,0.0941,0.094,0.0947,0.0951,0.0945,0.0945,0.0941,0.0939,0.0989,0.0949,0.0943,0.0948,0.0946,0.094,0.0943,0.0943,0.0942,0.0939,0.0939,0.0941,0.0941,0.0937,0.0934,0.0937,0.0937,0.0939,0.0944,0.0944,0.0944,0.0939,0.094,0.0937,0.0947,0.0942,0.0938,0.0938,0.095,0.0946,0.0941,0.0937,0.0937,0.0944,0.0939,0.0944,0.0939,0.0941,0.0943,0.0942,0.0941,0.0942,0.0943,0.0945,0.0943,0.0944,0.0943,0.0941,0.0947,0.0947,0.0948,0.0946,0.0945,0.0942,0.094,0.0939,0.0945,0.0951
,,,,,,,,,,,,,,,,,,,,,,,,,,,,,,,,,,,,,,,,,,,,,,,,,,,,,,,,,,,,,,,,,,,,,,,,,,,,,,,,,,,,,,,,,,,,,,,,
Cycles / Well,,,,,,,,,,,,,,,,,,,,,,,,,,,,,,,,,,,,,,,,,,,,,,,,,,,,,,,,,,,,,,,,,,,,,,,,,,,,,,,,,,,,,,,,,,,,,,,,
F12,1,2,3,4,5,6,7,8,9,10,11,12,13,14,15,16,17,18,19,20,21,22,23,24,25,26,27,28,29,30,31,32,33,34,35,36,37,38,39,40,41,42,43,44,45,46,47,48,49,50,51,52,53,54,55,56,57,58,59,60,61,62,63,64,65,66,67,68,69,70,71,72,73,74,75,76,77,78,79,80,81,82,83,84,85,86,87,88,89,90,91,92,93,94,95,96
Time [s],0,1799.827,3599.741,5399.669,7199.582,8999.52,10799.439,12599.362,14399.295,16199.216,17999.146,19799.079,21599.004,23398.923,25198.859,26998.777,28798.697,30598.623,32398.553,34198.485,35998.416,37798.341,39598.268,41398.198,43198.124,44998.054,46797.976,48597.918,50397.831,52197.762,53997.692,55797.629,57597.534,59397.461,61197.38,62997.315,64797.24,66597.165,68397.092,70197.031,71996.926,73796.86,75596.777,77396.712,79196.627,80996.562,82796.484,84596.403,86396.337,88196.281,89996.203,91796.133,93596.059,95395.99,97195.917,98995.844,100795.796,102595.694,104395.689,106195.553,107995.487,109795.413,111595.34,113395.273,115195.195,116995.132,118795.052,120594.981,122394.898,124194.845,125994.76,127794.681,129594.622,131394.544,133194.474,134994.397,136794.315,138594.255,140394.181,142194.115,143994.039,145793.949,147593.888,149393.809,151193.742,152993.677,154793.597,156593.512,158393.435,160193.362,161993.31,163793.212,165593.147,167393.086,169192.983,170992.91
Temp. [°C],20.1,30,29.8,30,30.1,30,29.9,30.1,30.1,30.1,30,30,30,30,30,30,30,30,30,30,30,30,30.1,30.1,30.1,30.1,30,30,30.1,30.1,30,30,30.1,30,29.9,30,30.1,30,30.1,29.9,30.1,29.8,30,29.9,30.1,30,30,29.9,30,30,30,30.1,29.9,30.2,30.1,30.1,30.1,30,30,30,30,30,30,30,30,30,30.1,30,30,30.2,30,30.1,30,30.1,30,30,30,30,30,30,29.9,30.1,30.1,30.1,30.1,30.1,29.9,30,29.8,30.1,30.1,29.8,29.9,30,30,30
Mean,0.0987,0.09834,0.0985,0.09848,0.0985,0.09852,0.0984,0.09838,0.09842,0.09834,0.09844,0.09842,0.09838,0.09844,0.09844,0.09842,0.09842,0.09846,0.0984,0.09844,0.0984,0.09842,0.09838,0.09844,0.0984,0.0985,0.09848,0.0986,0.0985,0.0985,0.09854,0.09854,0.09852,0.09858,0.09848,0.09846,0.0985,0.09848,0.09846,0.0984,0.09842,0.09864,0.09862,0.09862,0.09854,0.09842,0.09864,0.0985,0.09852,0.09844,0.09858,0.0986,0.09854,0.09864,0.0986,0.09862,0.09864,0.09868,0.09876,0.09852,0.09858,0.09866,0.09868,0.09868,0.0986,0.09866,0.09898,0.09876,0.09864,0.0987,0.0987,0.09878,0.09868,0.09876,0.09866,0.0988,0.0988,0.0988,0.09872,0.0989,0.09896,0.09882,0.0988,0.09894,0.09892,0.09888,0.09896,0.09904,0.09898,0.09912,0.09914,0.09904,0.09912,0.09908,0.0992,0.09926
StDev,0.003813791,0.003680761,0.003776242,0.003713085,0.003896152,0.003923901,0.003927467,0.003971398,0.003981457,0.004108893,0.004108893,0.004150542,0.004220427,0.004231194,0.00428754,0.004297906,0.004344767,0.004394656,0.004368638,0.004385544,0.004467102,0.004465647,0.004592058,0.004448932,0.004523826,0.004566727,0.004555436,0.004520509,0.004597826,0.004562894,0.004570886,0.004583448,0.004630011,0.004666583,0.004666583,0.004646827,0.004701064,0.00468156,0.004696595,0.004737088,0.004767284,0.004742679,0.004740464,0.004786648,0.004764767,0.004833425,0.004839731,0.004845617,0.004865902,0.004877807,0.004919045,0.00474447,0.00489418,0.004859321,0.004843552,0.004872576,0.004907443,0.004867956,0.004960645,0.004960544,0.004933761,0.004886512,0.005017669,0.004982168,0.005029911,0.004942975,0.005007195,0.004962157,0.004981767,0.005029413,0.005047276,0.005050446,0.005007195,0.00502822,0.005054008,0.00507937,0.004946716,0.0049684,0.004969608,0.004896427,0.004922195,0.004948434,0.004953282,0.004839731,0.004841178,0.004919553,0.004877294,0.004755313,0.004749421,0.004738882,0.004732653,0.004634436,0.004695956,0.004583885,0.004572199,0.004446684
1;2,0.1042,0.1035,0.1037,0.1034,0.1037,0.1037,0.1036,0.1036,0.1036,0.1037,0.1038,0.1038,0.1038,0.1038,0.1039,0.1038,0.104,0.1041,0.104,0.104,0.1041,0.1041,0.1042,0.104,0.1042,0.1043,0.1042,0.1042,0.1042,0.1041,0.1042,0.1041,0.1043,0.1043,0.1042,0.1042,0.1043,0.1043,0.1042,0.1041,0.1042,0.1044,0.1044,0.1044,0.1043,0.1042,0.1045,0.1044,0.1044,0.1042,0.1045,0.1041,0.1042,0.1044,0.1042,0.1043,0.1044,0.1045,0.1046,0.1044,0.1044,0.1044,0.1047,0.1045,0.1045,0.1045,0.1048,0.1046,0.1044,0.1045,0.1045,0.1046,0.1045,0.1046,0.1045,0.1047,0.1045,0.1044,0.1044,0.1044,0.1046,0.1045,0.1045,0.1044,0.1044,0.1045,0.1046,0.1046,0.1044,0.1046,0.1046,0.1043,0.1046,0.1044,0.1044,0.1043
2;1,0.0949,0.0944,0.0945,0.0944,0.0943,0.0944,0.0943,0.0942,0.0943,0.0942,0.0943,0.0943,0.0942,0.0943,0.0942,0.0942,0.0943,0.0943,0.0942,0.0943,0.0942,0.0942,0.0942,0.0943,0.0942,0.0943,0.0943,0.0945,0.0943,0.0943,0.0944,0.0944,0.0944,0.0944,0.0943,0.0943,0.0944,0.0944,0.0944,0.0943,0.0943,0.0945,0.0944,0.0944,0.0944,0.0942,0.0944,0.0943,0.0943,0.0942,0.0944,0.0945,0.0943,0.0945,0.0944,0.0944,0.0945,0.0946,0.0946,0.0943,0.0944,0.0946,0.0944,0.0945,0.0943,0.0946,0.0948,0.0946,0.0945,0.0945,0.0944,0.0945,0.0945,0.0945,0.0944,0.0945,0.0945,0.0946,0.0944,0.0948,0.0947,0.0945,0.0945,0.0947,0.0946,0.0944,0.0945,0.0947,0.0946,0.0946,0.0946,0.0944,0.0945,0.0944,0.0945,0.0946
2;2,0.1007,0.1004,0.1007,0.1009,0.1009,0.1011,0.1009,0.101,0.1012,0.1011,0.1012,0.1013,0.1013,0.1015,0.1015,0.1016,0.1015,0.1016,0.1015,0.1016,0.1016,0.1016,0.1017,0.1018,0.1016,0.1018,0.1019,0.1021,0.102,0.1021,0.1021,0.1022,0.1021,0.1023,0.1022,0.1021,0.1022,0.1021,0.1022,0.1023,0.1023,0.1024,0.1024,0.1025,0.1024,0.1024,0.1026,0.1024,0.1025,0.1026,0.1026,0.1027,0.1028,0.1027,0.1028,0.1028,0.1029,0.1028,0.103,0.1027,0.1028,0.1029,0.1029,0.103,0.1029,0.1029,0.1034,0.1031,0.1031,0.1032,0.1032,0.1033,0.1031,0.1032,0.1032,0.1033,0.1033,0.1034,0.1033,0.1035,0.1035,0.1034,0.1034,0.1035,0.1035,0.1035,0.1035,0.1034,0.1035,0.1036,0.1036,0.1035,0.1035,0.1034,0.1036,0.1036
2;3,0.098,0.0978,0.0981,0.0981,0.0983,0.0982,0.0982,0.0981,0.098,0.0981,0.0982,0.0981,0.0982,0.0982,0.0982,0.0982,0.0981,0.0981,0.0981,0.0982,0.0981,0.0982,0.0981,0.0981,0.0981,0.0982,0.0981,0.0982,0.0982,0.0981,0.0981,0.0982,0.098,0.0981,0.098,0.098,0.098,0.098,0.098,0.0979,0.0979,0.0983,0.0982,0.0982,0.0981,0.098,0.0981,0.098,0.098,0.0979,0.0981,0.0982,0.0981,0.0982,0.0982,0.0982,0.098,0.098,0.0982,0.098,0.098,0.098,0.098,0.0981,0.0981,0.098,0.0983,0.098,0.0979,0.098,0.0981,0.0981,0.098,0.0981,0.0979,0.0981,0.098,0.0981,0.0979,0.0981,0.0981,0.0979,0.0978,0.0981,0.098,0.0979,0.0979,0.098,0.0979,0.0979,0.098,0.0979,0.0979,0.0978,0.098,0.0979
3;2,0.0957,0.0956,0.0955,0.0956,0.0953,0.0952,0.095,0.095,0.095,0.0946,0.0947,0.0946,0.0944,0.0944,0.0944,0.0943,0.0942,0.0942,0.0942,0.0941,0.094,0.094,0.0937,0.094,0.0939,0.0939,0.0939,0.094,0.0938,0.0939,0.0939,0.0938,0.0938,0.0938,0.0937,0.0937,0.0936,0.0936,0.0935,0.0934,0.0934,0.0936,0.0937,0.0936,0.0935,0.0933,0.0936,0.0934,0.0934,0.0933,0.0933,0.0935,0.0933,0.0934,0.0934,0.0934,0.0934,0.0935,0.0934,0.0932,0.0933,0.0934,0.0934,0.0933,0.0932,0.0933,0.0936,0.0935,0.0933,0.0933,0.0933,0.0934,0.0933,0.0934,0.0933,0.0934,0.0937,0.0935,0.0936,0.0937,0.0939,0.0938,0.0938,0.094,0.0941,0.0941,0.0943,0.0945,0.0945,0.0949,0.0949,0.0951,0.0951,0.0954,0.0955,0.0959
,,,,,,,,,,,,,,,,,,,,,,,,,,,,,,,,,,,,,,,,,,,,,,,,,,,,,,,,,,,,,,,,,,,,,,,,,,,,,,,,,,,,,,,,,,,,,,,,
Cycles / Well,,,,,,,,,,,,,,,,,,,,,,,,,,,,,,,,,,,,,,,,,,,,,,,,,,,,,,,,,,,,,,,,,,,,,,,,,,,,,,,,,,,,,,,,,,,,,,,,
G1,1,2,3,4,5,6,7,8,9,10,11,12,13,14,15,16,17,18,19,20,21,22,23,24,25,26,27,28,29,30,31,32,33,34,35,36,37,38,39,40,41,42,43,44,45,46,47,48,49,50,51,52,53,54,55,56,57,58,59,60,61,62,63,64,65,66,67,68,69,70,71,72,73,74,75,76,77,78,79,80,81,82,83,84,85,86,87,88,89,90,91,92,93,94,95,96
Time [s],0,1799.827,3599.741,5399.669,7199.582,8999.52,10799.439,12599.362,14399.295,16199.216,17999.146,19799.079,21599.004,23398.923,25198.859,26998.777,28798.697,30598.623,32398.553,34198.485,35998.416,37798.341,39598.268,41398.198,43198.124,44998.054,46797.976,48597.918,50397.831,52197.762,53997.692,55797.629,57597.534,59397.461,61197.38,62997.315,64797.24,66597.165,68397.092,70197.031,71996.926,73796.86,75596.777,77396.712,79196.627,80996.562,82796.484,84596.403,86396.337,88196.281,89996.203,91796.133,93596.059,95395.99,97195.917,98995.844,100795.796,102595.694,104395.689,106195.553,107995.487,109795.413,111595.34,113395.273,115195.195,116995.132,118795.052,120594.981,122394.898,124194.845,125994.76,127794.681,129594.622,131394.544,133194.474,134994.397,136794.315,138594.255,140394.181,142194.115,143994.039,145793.949,147593.888,149393.809,151193.742,152993.677,154793.597,156593.512,158393.435,160193.362,161993.31,163793.212,165593.147,167393.086,169192.983,170992.91
Temp. [°C],20.1,30,29.8,30,30.1,30,29.9,30.1,30.1,30.1,30,30,30,30,30,30,30,30,30,30,30,30,30.1,30.1,30.1,30.1,30,30,30.1,30.1,30,30,30.1,30,29.9,30,30.1,30,30.1,29.9,30.1,29.8,30,29.9,30.1,30,30,29.9,30,30,30,30.1,29.9,30.2,30.1,30.1,30.1,30,30,30,30,30,30,30,30,30,30.1,30,30,30.2,30,30.1,30,30.1,30,30,30,30,30,30,29.9,30.1,30.1,30.1,30.1,30.1,29.9,30,29.8,30.1,30.1,29.8,29.9,30,30,30
Mean,0.09594,0.09564,0.09572,0.09566,0.09566,0.09562,0.09562,0.09558,0.09558,0.09558,0.09566,0.0957,0.09556,0.09564,0.0956,0.0956,0.09554,0.09562,0.09552,0.0956,0.0956,0.09556,0.09548,0.0956,0.09548,0.0956,0.09552,0.09566,0.09556,0.09558,0.09554,0.09558,0.09564,0.09568,0.09558,0.09538,0.09554,0.0954,0.0956,0.0955,0.09554,0.09568,0.09564,0.09568,0.09558,0.09544,0.09554,0.0955,0.09552,0.09544,0.09562,0.09564,0.0955,0.09552,0.09558,0.09556,0.09568,0.09572,0.09584,0.09562,0.0957,0.09568,0.09576,0.09576,0.09574,0.09572,0.0962,0.0959,0.09594,0.09592,0.09598,0.0961,0.09596,0.09608,0.09616,0.09622,0.09616,0.09624,0.0962,0.09632,0.09664,0.09648,0.09658,0.09664,0.09678,0.09684,0.0968,0.09702,0.09672,0.09706,0.09706,0.09712,0.09724,0.09712,0.09724,0.09748
StDev,0.002606338,0.002693139,0.002683654,0.002680112,0.002604419,0.002633819,0.002624309,0.002675257,0.002677125,0.002668708,0.002681977,0.00271201,0.002707951,0.002693139,0.002743173,0.002751363,0.002782625,0.002736238,0.002769838,0.002755903,0.002767671,0.00274372,0.00279052,0.002825774,0.002813716,0.002857446,0.002783343,0.002797856,0.002877151,0.002849035,0.002828957,0.002833196,0.002855346,0.002833196,0.002868275,0.002855171,0.002841303,0.002887906,0.002984125,0.002905168,0.002855346,0.002931211,0.002912559,0.002912387,0.002979429,0.002933087,0.002965299,0.002977415,0.002991989,0.002928822,0.002889983,0.002945845,0.002885308,0.002975231,0.003027705,0.002952626,0.002935473,0.00292609,0.002992156,0.002968501,0.002891366,0.002982784,0.00291599,0.002909983,0.002966985,0.002848157,0.002773085,0.002817801,0.00281922,0.002755358,0.002754451,0.002734045,0.00265198,0.002714222,0.002717168,0.002697592,0.002695923,0.002669831,0.002680485,0.002662142,0.002631159,0.002761702,0.002710535,0.002685703,0.002706843,0.00272727,0.002696294,0.002826128,0.002727086,0.002913417,0.002903963,0.00310918,0.003268486,0.00318308,0.003127779,0.00345789
1;2,0.0991,0.0987,0.0989,0.0989,0.0989,0.0989,0.0989,0.0989,0.0989,0.099,0.0991,0.0991,0.099,0.0991,0.0991,0.0991,0.0991,0.0992,0.0991,0.0992,0.0992,0.0991,0.0991,0.0992,0.0992,0.0993,0.0992,0.0993,0.0993,0.0993,0.0992,0.0993,0.0994,0.0994,0.0993,0.0991,0.0992,0.0992,0.0995,0.0993,0.0993,0.0995,0.0995,0.0995,0.0995,0.0992,0.0994,0.0993,0.0994,0.0993,0.0994,0.0994,0.0992,0.0994,0.0995,0.0993,0.0995,0.0995,0.0996,0.0993,0.0994,0.0994,0.0995,0.0995,0.0995,0.0993,0.0997,0.0994,0.0994,0.0993,0.0994,0.0994,0.0993,0.0994,0.0994,0.0994,0.0993,0.0993,0.0994,0.0994,0.0996,0.0994,0.0994,0.0994,0.0994,0.0994,0.0993,0.0995,0.0993,0.0995,0.0994,0.0994,0.0993,0.0992,0.0994,0.0994
2;1,0.0973,0.0974,0.0973,0.097,0.0967,0.0967,0.0967,0.0966,0.0965,0.0964,0.0965,0.0965,0.0962,0.0962,0.0962,0.0961,0.0959,0.0959,0.0958,0.0959,0.0958,0.0957,0.0955,0.0957,0.0954,0.0956,0.0953,0.0955,0.0953,0.0953,0.0952,0.0952,0.0952,0.0953,0.095,0.0947,0.0949,0.0947,0.0949,0.0947,0.0949,0.0949,0.0948,0.0948,0.0947,0.0945,0.0944,0.0946,0.0945,0.0944,0.0946,0.0945,0.0943,0.0943,0.0942,0.0943,0.0944,0.0943,0.0944,0.0943,0.0943,0.0941,0.0942,0.0941,0.094,0.0941,0.0945,0.0942,0.0942,0.0943,0.0943,0.0943,0.0942,0.0942,0.0942,0.0943,0.0942,0.0942,0.0941,0.0942,0.0945,0.0941,0.0942,0.0942,0.0943,0.0943,0.0943,0.0943,0.0942,0.0944,0.0943,0.0942,0.0942,0.0942,0.0943,0.0943
2;2,0.0968,0.0964,0.0965,0.0966,0.0967,0.0966,0.0966,0.0967,0.0968,0.0967,0.0968,0.097,0.0969,0.097,0.097,0.0971,0.0971,0.0971,0.0971,0.0971,0.0972,0.0972,0.0972,0.0974,0.0972,0.0974,0.0973,0.0975,0.0975,0.0975,0.0975,0.0975,0.0976,0.0976,0.0977,0.0975,0.0977,0.0975,0.0978,0.0977,0.0976,0.0979,0.0978,0.0979,0.0978,0.0978,0.0979,0.0979,0.0979,0.0977,0.0979,0.0981,0.0979,0.0979,0.0981,0.0981,0.0981,0.0982,0.0985,0.0983,0.0982,0.0984,0.0983,0.0983,0.0984,0.0983,0.0987,0.0985,0.0986,0.0985,0.0985,0.0987,0.0983,0.0986,0.0987,0.0988,0.0987,0.0987,0.0986,0.0987,0.0989,0.0988,0.0987,0.0989,0.0989,0.0987,0.0988,0.0989,0.0988,0.099,0.0989,0.0989,0.0988,0.0988,0.0991,0.0989
2;3,0.0935,0.0933,0.0933,0.0933,0.0934,0.0935,0.0934,0.0933,0.0933,0.0934,0.0933,0.0934,0.0934,0.0934,0.0933,0.0933,0.0934,0.0935,0.0933,0.0934,0.0934,0.0935,0.0934,0.0934,0.0933,0.0934,0.0934,0.0935,0.0934,0.0934,0.0935,0.0935,0.0935,0.0936,0.0934,0.0933,0.0934,0.0933,0.0934,0.0933,0.0934,0.0935,0.0934,0.0935,0.0935,0.0933,0.0935,0.0933,0.0933,0.0933,0.0934,0.0935,0.0935,0.0935,0.0934,0.0934,0.0934,0.0935,0.0936,0.0933,0.0934,0.0934,0.0934,0.0934,0.0935,0.0933,0.0938,0.0934,0.0935,0.0934,0.0934,0.0935,0.0934,0.0935,0.0934,0.0935,0.0933,0.0933,0.0934,0.0934,0.0936,0.0932,0.0933,0.0935,0.0935,0.0935,0.0935,0.0936,0.0934,0.0934,0.0935,0.0933,0.0933,0.0932,0.0934,0.0934
3;2,0.093,0.0924,0.0926,0.0925,0.0926,0.0924,0.0925,0.0924,0.0924,0.0924,0.0926,0.0925,0.0923,0.0925,0.0924,0.0924,0.0922,0.0924,0.0923,0.0924,0.0924,0.0923,0.0922,0.0923,0.0923,0.0923,0.0924,0.0925,0.0923,0.0924,0.0923,0.0924,0.0925,0.0925,0.0925,0.0923,0.0925,0.0923,0.0924,0.0925,0.0925,0.0926,0.0927,0.0927,0.0924,0.0924,0.0925,0.0924,0.0925,0.0925,0.0928,0.0927,0.0926,0.0925,0.0927,0.0927,0.093,0.0931,0.0931,0.0929,0.0932,0.0931,0.0934,0.0935,0.0933,0.0936,0.0943,0.094,0.094,0.0941,0.0943,0.0946,0.0946,0.0947,0.0951,0.0951,0.0953,0.0957,0.0955,0.0959,0.0966,0.0969,0.0973,0.0972,0.0978,0.0983,0.0981,0.0988,0.0979,0.099,0.0992,0.0998,0.1006,0.1002,0.1,0.1014
,,,,,,,,,,,,,,,,,,,,,,,,,,,,,,,,,,,,,,,,,,,,,,,,,,,,,,,,,,,,,,,,,,,,,,,,,,,,,,,,,,,,,,,,,,,,,,,,
Cycles / Well,,,,,,,,,,,,,,,,,,,,,,,,,,,,,,,,,,,,,,,,,,,,,,,,,,,,,,,,,,,,,,,,,,,,,,,,,,,,,,,,,,,,,,,,,,,,,,,,
G2,1,2,3,4,5,6,7,8,9,10,11,12,13,14,15,16,17,18,19,20,21,22,23,24,25,26,27,28,29,30,31,32,33,34,35,36,37,38,39,40,41,42,43,44,45,46,47,48,49,50,51,52,53,54,55,56,57,58,59,60,61,62,63,64,65,66,67,68,69,70,71,72,73,74,75,76,77,78,79,80,81,82,83,84,85,86,87,88,89,90,91,92,93,94,95,96
Time [s],0,1799.827,3599.741,5399.669,7199.582,8999.52,10799.439,12599.362,14399.295,16199.216,17999.146,19799.079,21599.004,23398.923,25198.859,26998.777,28798.697,30598.623,32398.553,34198.485,35998.416,37798.341,39598.268,41398.198,43198.124,44998.054,46797.976,48597.918,50397.831,52197.762,53997.692,55797.629,57597.534,59397.461,61197.38,62997.315,64797.24,66597.165,68397.092,70197.031,71996.926,73796.86,75596.777,77396.712,79196.627,80996.562,82796.484,84596.403,86396.337,88196.281,89996.203,91796.133,93596.059,95395.99,97195.917,98995.844,100795.796,102595.694,104395.689,106195.553,107995.487,109795.413,111595.34,113395.273,115195.195,116995.132,118795.052,120594.981,122394.898,124194.845,125994.76,127794.681,129594.622,131394.544,133194.474,134994.397,136794.315,138594.255,140394.181,142194.115,143994.039,145793.949,147593.888,149393.809,151193.742,152993.677,154793.597,156593.512,158393.435,160193.362,161993.31,163793.212,165593.147,167393.086,169192.983,170992.91
Temp. [°C],20.1,30,29.8,30,30.1,30,29.9,30.1,30.1,30.1,30,30,30,30,30,30,30,30,30,30,30,30,30.1,30.1,30.1,30.1,30,30,30.1,30.1,30,30,30.1,30,29.9,30,30.1,30,30.1,29.9,30.1,29.8,30,29.9,30.1,30,30,29.9,30,30,30,30.1,29.9,30.2,30.1,30.1,30.1,30,30,30,30,30,30,30,30,30,30.1,30,30,30.2,30,30.1,30,30.1,30,30,30,30,30,30,29.9,30.1,30.1,30.1,30.1,30.1,29.9,30,29.8,30.1,30.1,29.8,29.9,30,30,30
Mean,0.11358,0.11508,0.11714,0.11932,0.12234,0.12642,0.13246,0.14094,0.15322,0.17012,0.19268,0.22434,0.26592,0.32076,0.38796,0.4674,0.56044,0.66226,0.77,0.87042,0.95998,1.03366,1.08892,1.12906,1.16014,1.18442,1.20516,1.22232,1.23788,1.25262,1.2658,1.27748,1.28876,1.29758,1.3046,1.30974,1.31404,1.31722,1.3206,1.32214,1.32446,1.32594,1.3283,1.32904,1.33124,1.33256,1.3341,1.33452,1.33616,1.33732,1.33866,1.33936,1.3401,1.34172,1.3422,1.34348,1.344,1.34476,1.3456,1.3464,1.34716,1.34828,1.34822,1.35002,1.34954,1.35036,1.35142,1.35182,1.35264,1.35284,1.354,1.35462,1.35476,1.35504,1.35558,1.35646,1.3576,1.35802,1.35828,1.35926,1.36002,1.36058,1.361,1.3617,1.3621,1.36266,1.36334,1.36408,1.3643,1.3654,1.36614,1.36716,1.36768,1.3685,1.36892,1.3698
StDev,0.001794993,0.00236791,0.002875413,0.003141974,0.00316038,0.00319484,0.003108537,0.002941598,0.003073597,0.003884199,0.005969673,0.010168727,0.016450745,0.024951613,0.035653022,0.048132733,0.06206926,0.07567931,0.087601826,0.095407531,0.098544898,0.097329173,0.09498722,0.093322602,0.091577579,0.090128336,0.089643338,0.088602918,0.08784311,0.087641126,0.086693022,0.08718536,0.086749369,0.086190933,0.084766503,0.083142787,0.082578768,0.080732812,0.080833254,0.079989737,0.079164973,0.07903188,0.078645502,0.078879864,0.078725142,0.078549017,0.077498387,0.078403233,0.077865576,0.077931489,0.078122583,0.077577142,0.077586822,0.07745613,0.077632178,0.076833242,0.07722396,0.077232687,0.07691141,0.076736302,0.076718824,0.076889739,0.07660096,0.076274747,0.076101958,0.075856134,0.075726759,0.075641966,0.075219532,0.075151733,0.075378279,0.075194627,0.07524296,0.075196562,0.074468161,0.074630443,0.074315308,0.074757454,0.07459817,0.074091349,0.073746369,0.073565766,0.073899763,0.073924455,0.073565311,0.073396069,0.073369939,0.073308437,0.073297442,0.072794128,0.07284767,0.072463253,0.072370933,0.072006007,0.072331508,0.071765277
1;2,0.1135,0.1137,0.1152,0.1168,0.1199,0.1241,0.1305,0.1397,0.1535,0.1732,0.2,0.2383,0.2898,0.357,0.4391,0.536,0.6482,0.768,0.8906,1.0002,1.0928,1.1634,1.2157,1.2523,1.281,1.3032,1.3229,1.338,1.3528,1.367,1.3783,1.3914,1.4017,1.4092,1.4143,1.4166,1.4208,1.4216,1.425,1.4252,1.4274,1.4282,1.4301,1.4316,1.4324,1.434,1.4336,1.4362,1.4365,1.4378,1.4398,1.4397,1.4406,1.4418,1.4428,1.4424,1.4434,1.4449,1.4455,1.4456,1.4473,1.448,1.4476,1.4489,1.4483,1.4488,1.4498,1.4501,1.4499,1.4501,1.4526,1.4526,1.4528,1.4533,1.4528,1.4535,1.4545,1.4567,1.456,1.4559,1.456,1.4561,1.4568,1.4578,1.4579,1.458,1.4588,1.4601,1.4597,1.4602,1.4617,1.462,1.4625,1.463,1.4638,1.4636
2;1,0.1134,0.115,0.1175,0.1205,0.1238,0.1282,0.1341,0.1423,0.154,0.1693,0.1896,0.2174,0.2543,0.3019,0.3594,0.4249,0.5052,0.5948,0.6895,0.7811,0.8669,0.9397,0.9969,1.0368,1.0691,1.0942,1.1159,1.1342,1.1509,1.1653,1.1803,1.1925,1.2034,1.2123,1.2197,1.2269,1.2316,1.2361,1.2406,1.2427,1.2464,1.2492,1.2513,1.2514,1.2545,1.256,1.2576,1.257,1.2587,1.2602,1.2609,1.264,1.2645,1.2664,1.2668,1.2682,1.267,1.2684,1.269,1.2702,1.2709,1.2721,1.272,1.2743,1.274,1.2744,1.2758,1.2767,1.2779,1.2792,1.28,1.281,1.2809,1.2817,1.2827,1.2834,1.2854,1.2844,1.2855,1.2873,1.2881,1.289,1.2891,1.2899,1.2899,1.2913,1.2917,1.2922,1.293,1.2939,1.2949,1.2962,1.2963,1.2985,1.2986,1.3001
2;2,0.1132,0.1137,0.1152,0.1171,0.1198,0.1234,0.129,0.1369,0.1481,0.1637,0.185,0.2146,0.2543,0.3072,0.3727,0.4515,0.5431,0.6442,0.7527,0.8535,0.9462,1.024,1.0819,1.1256,1.1584,1.1837,1.2055,1.2225,1.2393,1.255,1.2693,1.2808,1.293,1.3026,1.3099,1.3157,1.3202,1.3233,1.3276,1.3292,1.3311,1.332,1.334,1.3342,1.3367,1.3386,1.3416,1.3405,1.3423,1.3435,1.3448,1.345,1.3455,1.348,1.3477,1.3485,1.3504,1.3509,1.3514,1.3526,1.3527,1.3551,1.3543,1.3558,1.356,1.3569,1.3574,1.358,1.3593,1.3582,1.3601,1.3608,1.3612,1.3608,1.3612,1.3626,1.3635,1.3634,1.3639,1.3657,1.3655,1.3666,1.3674,1.3677,1.3683,1.3684,1.369,1.3697,1.3699,1.3713,1.3714,1.373,1.3731,1.3737,1.3747,1.3756
2;3,0.1114,0.1138,0.1158,0.1179,0.121,0.1253,0.1318,0.141,0.1541,0.1726,0.1971,0.2317,0.2766,0.3366,0.4107,0.4973,0.5989,0.7098,0.8261,0.9329,1.0245,1.0974,1.1496,1.1886,1.2177,1.2407,1.2611,1.2787,1.2927,1.3071,1.3199,1.3309,1.3419,1.3507,1.3567,1.3614,1.3643,1.3663,1.3693,1.3706,1.3713,1.3738,1.3761,1.3767,1.3803,1.3804,1.3811,1.3817,1.3838,1.3849,1.3858,1.3866,1.3873,1.3886,1.3893,1.3913,1.3912,1.3911,1.3917,1.3928,1.3926,1.3939,1.3941,1.396,1.3948,1.3954,1.3966,1.3968,1.3977,1.3986,1.3979,1.3989,1.3989,1.3992,1.3995,1.4007,1.4014,1.4007,1.4018,1.4025,1.404,1.4044,1.405,1.4056,1.4054,1.4065,1.407,1.4068,1.4079,1.4084,1.4086,1.4093,1.4099,1.4104,1.4107,1.4117
3;2,0.1164,0.1192,0.122,0.1243,0.1272,0.1311,0.1369,0.1448,0.1564,0.1718,0.1917,0.2197,0.2546,0.3011,0.3579,0.4273,0.5068,0.5945,0.6911,0.7844,0.8695,0.9438,1.0005,1.042,1.0745,1.1003,1.1204,1.1382,1.1537,1.1687,1.1812,1.1918,1.2038,1.2131,1.2224,1.2281,1.2333,1.2388,1.2405,1.243,1.2461,1.2465,1.25,1.2513,1.2523,1.2538,1.2566,1.2572,1.2595,1.2602,1.262,1.2615,1.2626,1.2638,1.2644,1.267,1.268,1.2685,1.2704,1.2708,1.2723,1.2723,1.2731,1.2751,1.2746,1.2763,1.2775,1.2775,1.2784,1.2781,1.2794,1.2798,1.28,1.2802,1.2817,1.2821,1.2832,1.2849,1.2842,1.2849,1.2865,1.2868,1.2867,1.2875,1.289,1.2891,1.2902,1.2916,1.291,1.2932,1.2941,1.2953,1.2966,1.2969,1.2968,1.298
,,,,,,,,,,,,,,,,,,,,,,,,,,,,,,,,,,,,,,,,,,,,,,,,,,,,,,,,,,,,,,,,,,,,,,,,,,,,,,,,,,,,,,,,,,,,,,,,
Cycles / Well,,,,,,,,,,,,,,,,,,,,,,,,,,,,,,,,,,,,,,,,,,,,,,,,,,,,,,,,,,,,,,,,,,,,,,,,,,,,,,,,,,,,,,,,,,,,,,,,
G3,1,2,3,4,5,6,7,8,9,10,11,12,13,14,15,16,17,18,19,20,21,22,23,24,25,26,27,28,29,30,31,32,33,34,35,36,37,38,39,40,41,42,43,44,45,46,47,48,49,50,51,52,53,54,55,56,57,58,59,60,61,62,63,64,65,66,67,68,69,70,71,72,73,74,75,76,77,78,79,80,81,82,83,84,85,86,87,88,89,90,91,92,93,94,95,96
Time [s],0,1799.827,3599.741,5399.669,7199.582,8999.52,10799.439,12599.362,14399.295,16199.216,17999.146,19799.079,21599.004,23398.923,25198.859,26998.777,28798.697,30598.623,32398.553,34198.485,35998.416,37798.341,39598.268,41398.198,43198.124,44998.054,46797.976,48597.918,50397.831,52197.762,53997.692,55797.629,57597.534,59397.461,61197.38,62997.315,64797.24,66597.165,68397.092,70197.031,71996.926,73796.86,75596.777,77396.712,79196.627,80996.562,82796.484,84596.403,86396.337,88196.281,89996.203,91796.133,93596.059,95395.99,97195.917,98995.844,100795.796,102595.694,104395.689,106195.553,107995.487,109795.413,111595.34,113395.273,115195.195,116995.132,118795.052,120594.981,122394.898,124194.845,125994.76,127794.681,129594.622,131394.544,133194.474,134994.397,136794.315,138594.255,140394.181,142194.115,143994.039,145793.949,147593.888,149393.809,151193.742,152993.677,154793.597,156593.512,158393.435,160193.362,161993.31,163793.212,165593.147,167393.086,169192.983,170992.91
Temp. [°C],20.1,30,29.8,30,30.1,30,29.9,30.1,30.1,30.1,30,30,30,30,30,30,30,30,30,30,30,30,30.1,30.1,30.1,30.1,30,30,30.1,30.1,30,30,30.1,30,29.9,30,30.1,30,30.1,29.9,30.1,29.8,30,29.9,30.1,30,30,29.9,30,30,30,30.1,29.9,30.2,30.1,30.1,30.1,30,30,30,30,30,30,30,30,30,30.1,30,30,30.2,30,30.1,30,30.1,30,30,30,30,30,30,29.9,30.1,30.1,30.1,30.1,30.1,29.9,30,29.8,30.1,30.1,29.8,29.9,30,30,30
Mean,0.11558,0.1156,0.11788,0.12,0.12308,0.12722,0.13336,0.14202,0.1547,0.17238,0.19664,0.23026,0.27486,0.33254,0.40308,0.48712,0.58458,0.6923,0.80376,0.9082,0.99998,1.0738,1.12842,1.16744,1.1978,1.2217,1.24164,1.25914,1.27444,1.28896,1.30166,1.31282,1.32398,1.33236,1.33882,1.34356,1.3473,1.35012,1.3534,1.3539,1.35604,1.35778,1.35902,1.3601,1.36136,1.363,1.36472,1.36544,1.36686,1.36746,1.36906,1.36946,1.37034,1.37164,1.3725,1.37342,1.37384,1.37452,1.37548,1.37544,1.3762,1.37692,1.37708,1.37838,1.37858,1.379,1.38084,1.3808,1.38122,1.38208,1.38264,1.38316,1.38306,1.38408,1.38488,1.38534,1.386,1.38704,1.38708,1.38774,1.3887,1.38914,1.38936,1.39038,1.39128,1.39144,1.39228,1.3929,1.39338,1.39418,1.39472,1.3957,1.39592,1.39662,1.39782,1.39856
StDev,0.001490637,0.001445683,0.001891296,0.00200624,0.002535153,0.002911529,0.003480374,0.003873887,0.004667976,0.005607762,0.00675485,0.008638461,0.010812632,0.014288037,0.018691094,0.025091473,0.033223591,0.042388501,0.050024124,0.055568471,0.057318993,0.056048907,0.054800383,0.053617096,0.053064866,0.05237781,0.052534398,0.05161742,0.051581033,0.051758845,0.051667427,0.051883543,0.051837699,0.05141739,0.051340939,0.050812577,0.049440115,0.049225116,0.049410576,0.048464678,0.048561229,0.048151397,0.047950881,0.047589127,0.04778528,0.047592384,0.048331429,0.047696415,0.04770066,0.047730787,0.047925494,0.047533914,0.047668679,0.047523026,0.047542875,0.047115836,0.047069767,0.046796282,0.046681335,0.046779248,0.046891524,0.046912866,0.046381214,0.046848127,0.046703447,0.046671405,0.046730322,0.04651016,0.045947056,0.046111354,0.046444569,0.046470561,0.046165442,0.046400022,0.046211979,0.045916097,0.045845992,0.046337814,0.046087547,0.045956316,0.045592817,0.0452721,0.045255475,0.045372811,0.044864541,0.045227845,0.044807388,0.044604652,0.044564414,0.044659176,0.044786181,0.044544753,0.044622326,0.044734573,0.044617844,0.044298341
1;2,0.1178,0.1165,0.1184,0.1201,0.1225,0.1265,0.1322,0.141,0.1538,0.172,0.1976,0.2331,0.2812,0.3439,0.421,0.5136,0.622,0.7401,0.8598,0.9699,1.0621,1.1338,1.1862,1.2228,1.2517,1.2749,1.2946,1.3108,1.326,1.3397,1.3518,1.3624,1.3734,1.3816,1.3869,1.3907,1.3941,1.396,1.3991,1.3988,1.4015,1.4023,1.4033,1.4039,1.4044,1.4064,1.408,1.4089,1.4099,1.411,1.4122,1.4113,1.4123,1.4127,1.4143,1.4144,1.4158,1.4164,1.4169,1.4164,1.417,1.4188,1.418,1.4201,1.4194,1.4197,1.4214,1.4212,1.4203,1.4209,1.4227,1.4238,1.423,1.4241,1.4245,1.4246,1.4252,1.4266,1.4261,1.4256,1.4267,1.4273,1.4269,1.4285,1.4293,1.4293,1.4295,1.4305,1.4303,1.431,1.4325,1.4327,1.4335,1.4334,1.4337,1.4347
2;1,0.1138,0.1145,0.1171,0.1199,0.1234,0.1278,0.1341,0.1427,0.1552,0.1717,0.1942,0.2247,0.2655,0.3177,0.381,0.4555,0.5421,0.6366,0.7382,0.835,0.9229,0.9984,1.054,1.0947,1.1248,1.1499,1.1694,1.1885,1.2037,1.2169,1.2297,1.2405,1.2518,1.2613,1.2667,1.2726,1.2781,1.2816,1.2842,1.2855,1.2877,1.2896,1.2909,1.293,1.2936,1.2959,1.2954,1.2982,1.2987,1.2996,1.3011,1.3006,1.3009,1.3029,1.3038,1.3054,1.3058,1.3075,1.3085,1.3075,1.3083,1.3091,1.3099,1.3103,1.3108,1.3115,1.3128,1.3132,1.3141,1.3146,1.3151,1.3165,1.3159,1.3167,1.318,1.3184,1.3187,1.3204,1.3199,1.3205,1.3222,1.323,1.3233,1.3247,1.3265,1.3255,1.3269,1.3282,1.3285,1.3292,1.3301,1.3313,1.3318,1.3311,1.3333,1.3344
2;2,0.1155,0.1153,0.117,0.119,0.1218,0.1256,0.1315,0.1399,0.1522,0.1697,0.1942,0.2288,0.2749,0.3359,0.4115,0.5021,0.6087,0.7259,0.8461,0.9568,1.051,1.1248,1.1788,1.2181,1.2481,1.2716,1.2919,1.3092,1.3244,1.3392,1.3523,1.3644,1.3757,1.3839,1.3903,1.3953,1.3966,1.4002,1.4036,1.4026,1.4046,1.4061,1.407,1.4083,1.4103,1.4116,1.4137,1.4141,1.4151,1.4156,1.418,1.4176,1.4182,1.4205,1.4208,1.4215,1.421,1.4219,1.4228,1.4227,1.424,1.4238,1.4238,1.4251,1.4259,1.4265,1.4281,1.4279,1.4281,1.4294,1.4299,1.4308,1.4298,1.4313,1.4324,1.4321,1.4322,1.4351,1.4342,1.4353,1.4357,1.4354,1.4361,1.4375,1.4378,1.4381,1.4386,1.4389,1.4396,1.4406,1.4411,1.4421,1.4421,1.4428,1.4451,1.4452
2;3,0.1148,0.1141,0.116,0.1178,0.1205,0.1243,0.13,0.1382,0.15,0.1668,0.1896,0.2212,0.2634,0.3175,0.385,0.4657,0.5601,0.6664,0.7764,0.8814,0.9753,1.0512,1.1078,1.1474,1.1797,1.204,1.2239,1.2414,1.2568,1.2727,1.2855,1.2972,1.3085,1.3163,1.3237,1.3283,1.3321,1.3344,1.3376,1.3389,1.3412,1.3439,1.3458,1.3461,1.3484,1.3495,1.352,1.3505,1.3532,1.3532,1.3537,1.3573,1.3581,1.3587,1.3593,1.3584,1.3597,1.3601,1.3602,1.3621,1.3626,1.3624,1.3633,1.3656,1.3654,1.3648,1.367,1.3667,1.3675,1.3688,1.3687,1.3679,1.3686,1.3695,1.3705,1.3712,1.3723,1.3714,1.3721,1.3729,1.3736,1.3745,1.3744,1.3753,1.3764,1.3771,1.3777,1.3778,1.3784,1.3788,1.3787,1.3796,1.3785,1.3818,1.3813,1.383
3;2,0.116,0.1176,0.1209,0.1232,0.1272,0.1319,0.139,0.1483,0.1623,0.1817,0.2076,0.2435,0.2893,0.3477,0.4169,0.4987,0.59,0.6925,0.7983,0.8979,0.9886,1.0608,1.1153,1.1542,1.1847,1.2081,1.2284,1.2458,1.2613,1.2763,1.289,1.2996,1.3105,1.3187,1.3265,1.3309,1.3356,1.3384,1.3425,1.3437,1.3452,1.347,1.3481,1.3492,1.3501,1.3516,1.3545,1.3555,1.3574,1.3579,1.3603,1.3605,1.3622,1.3634,1.3643,1.3674,1.3669,1.3667,1.369,1.3685,1.3691,1.3705,1.3704,1.3708,1.3714,1.3725,1.3749,1.375,1.3761,1.3767,1.3768,1.3768,1.378,1.3788,1.379,1.3804,1.3816,1.3817,1.3831,1.3844,1.3853,1.3855,1.3861,1.3859,1.3864,1.3872,1.3887,1.3891,1.3901,1.3913,1.3912,1.3928,1.3937,1.394,1.3957,1.3955
,,,,,,,,,,,,,,,,,,,,,,,,,,,,,,,,,,,,,,,,,,,,,,,,,,,,,,,,,,,,,,,,,,,,,,,,,,,,,,,,,,,,,,,,,,,,,,,,
Cycles / Well,,,,,,,,,,,,,,,,,,,,,,,,,,,,,,,,,,,,,,,,,,,,,,,,,,,,,,,,,,,,,,,,,,,,,,,,,,,,,,,,,,,,,,,,,,,,,,,,
G4,1,2,3,4,5,6,7,8,9,10,11,12,13,14,15,16,17,18,19,20,21,22,23,24,25,26,27,28,29,30,31,32,33,34,35,36,37,38,39,40,41,42,43,44,45,46,47,48,49,50,51,52,53,54,55,56,57,58,59,60,61,62,63,64,65,66,67,68,69,70,71,72,73,74,75,76,77,78,79,80,81,82,83,84,85,86,87,88,89,90,91,92,93,94,95,96
Time [s],0,1799.827,3599.741,5399.669,7199.582,8999.52,10799.439,12599.362,14399.295,16199.216,17999.146,19799.079,21599.004,23398.923,25198.859,26998.777,28798.697,30598.623,32398.553,34198.485,35998.416,37798.341,39598.268,41398.198,43198.124,44998.054,46797.976,48597.918,50397.831,52197.762,53997.692,55797.629,57597.534,59397.461,61197.38,62997.315,64797.24,66597.165,68397.092,70197.031,71996.926,73796.86,75596.777,77396.712,79196.627,80996.562,82796.484,84596.403,86396.337,88196.281,89996.203,91796.133,93596.059,95395.99,97195.917,98995.844,100795.796,102595.694,104395.689,106195.553,107995.487,109795.413,111595.34,113395.273,115195.195,116995.132,118795.052,120594.981,122394.898,124194.845,125994.76,127794.681,129594.622,131394.544,133194.474,134994.397,136794.315,138594.255,140394.181,142194.115,143994.039,145793.949,147593.888,149393.809,151193.742,152993.677,154793.597,156593.512,158393.435,160193.362,161993.31,163793.212,165593.147,167393.086,169192.983,170992.91
Temp. [°C],20.1,30,29.8,30,30.1,30,29.9,30.1,30.1,30.1,30,30,30,30,30,30,30,30,30,30,30,30,30.1,30.1,30.1,30.1,30,30,30.1,30.1,30,30,30.1,30,29.9,30,30.1,30,30.1,29.9,30.1,29.8,30,29.9,30.1,30,30,29.9,30,30,30,30.1,29.9,30.2,30.1,30.1,30.1,30,30,30,30,30,30,30,30,30,30.1,30,30,30.2,30,30.1,30,30.1,30,30,30,30,30,30,29.9,30.1,30.1,30.1,30.1,30.1,29.9,30,29.8,30.1,30.1,29.8,29.9,30,30,30
Mean,0.1181,0.1151,0.11756,0.11958,0.12266,0.12658,0.13248,0.14038,0.15208,0.16824,0.1896,0.21856,0.2548,0.29866,0.34776,0.4004,0.45174,0.5015,0.54746,0.58812,0.62428,0.65504,0.681,0.70386,0.72296,0.73942,0.75306,0.76514,0.77508,0.78476,0.79274,0.7996,0.80642,0.81164,0.81656,0.82002,0.82506,0.83,0.83584,0.8404,0.84746,0.85544,0.86678,0.87838,0.89238,0.90868,0.92696,0.94674,0.96682,0.98546,1.00326,1.01602,1.02736,1.03876,1.04576,1.05154,1.05454,1.05668,1.05812,1.05788,1.05814,1.05794,1.05804,1.05726,1.05674,1.05798,1.0576,1.05742,1.0572,1.05674,1.0569,1.05704,1.05656,1.05662,1.05708,1.05738,1.0577,1.05972,1.05836,1.0592,1.05954,1.05948,1.06046,1.06096,1.06206,1.06238,1.06292,1.0645,1.06394,1.06604,1.06612,1.06702,1.06864,1.06838,1.07032,1.0712
StDev,0.005363301,0.005491357,0.006362625,0.006459644,0.007305683,0.007529409,0.008445827,0.009025353,0.010275067,0.011746404,0.012883129,0.015320672,0.017372824,0.020890859,0.025251396,0.030746707,0.036407046,0.042548619,0.048089999,0.053446861,0.05852373,0.062095354,0.066054523,0.068681024,0.071773554,0.073994912,0.07638634,0.078377439,0.080440114,0.082481501,0.084020849,0.085800583,0.08739286,0.089307687,0.090461058,0.092787214,0.094975907,0.097648912,0.09921138,0.102924268,0.10617633,0.109999332,0.114785265,0.120317276,0.126444759,0.132416661,0.139890968,0.146310331,0.15408878,0.160106786,0.164985842,0.169307271,0.172086789,0.174573718,0.175120467,0.175583521,0.175050287,0.175122177,0.174725662,0.174747452,0.174191857,0.174838791,0.173774316,0.174267877,0.174580334,0.173610374,0.173549604,0.173152872,0.173031486,0.173732331,0.17305658,0.172383245,0.173352857,0.172880499,0.172621731,0.17272237,0.172375593,0.171166343,0.171732213,0.17122894,0.171526421,0.170588062,0.1701268,0.17030864,0.169902275,0.169513575,0.169280247,0.168744778,0.168958362,0.167982448,0.167803135,0.168168329,0.166503132,0.167440563,0.166564453,0.166184009
1;2,0.1151,0.1111,0.1125,0.1143,0.1166,0.1203,0.1255,0.1332,0.1444,0.1605,0.1827,0.2131,0.2529,0.3015,0.3572,0.4174,0.4773,0.5348,0.5883,0.6354,0.6774,0.7126,0.7432,0.7697,0.7928,0.8117,0.8287,0.8423,0.8547,0.8665,0.8747,0.8823,0.8914,0.898,0.9037,0.9075,0.9154,0.9209,0.9263,0.9331,0.9424,0.95,0.9633,0.9769,0.9929,1.0109,1.0298,1.0512,1.0745,1.0949,1.1152,1.1263,1.1392,1.1527,1.1597,1.1655,1.1674,1.1713,1.1718,1.1707,1.1689,1.1701,1.1689,1.167,1.1663,1.1676,1.166,1.1655,1.1632,1.1629,1.1628,1.1633,1.1621,1.1611,1.1607,1.1605,1.1611,1.1638,1.1615,1.1605,1.1601,1.1585,1.1602,1.1598,1.1609,1.1593,1.1589,1.1614,1.1602,1.1617,1.1616,1.1624,1.1635,1.1614,1.1645,1.1631
2;1,0.1164,0.1146,0.1168,0.1197,0.1229,0.1268,0.1325,0.1395,0.1502,0.1635,0.1816,0.2052,0.2352,0.2713,0.3107,0.3533,0.3949,0.4346,0.4723,0.5044,0.5329,0.5585,0.5788,0.5982,0.6134,0.6264,0.6374,0.6463,0.6535,0.6607,0.6657,0.6697,0.6744,0.6766,0.6802,0.6797,0.6819,0.6817,0.6847,0.683,0.6854,0.6868,0.6897,0.6924,0.6964,0.7033,0.7096,0.7189,0.7275,0.7369,0.7468,0.7541,0.7608,0.768,0.7728,0.7773,0.7803,0.7824,0.7849,0.784,0.7844,0.7839,0.7851,0.7833,0.7821,0.784,0.7835,0.7838,0.7834,0.7819,0.7826,0.7841,0.7819,0.7828,0.7831,0.7834,0.7846,0.7873,0.7858,0.7867,0.7867,0.7876,0.7888,0.7892,0.7905,0.7915,0.7922,0.794,0.7938,0.7966,0.7971,0.7973,0.8009,0.8,0.803,0.804
2;2,0.1179,0.1135,0.1153,0.1171,0.1195,0.123,0.1281,0.1351,0.1455,0.1603,0.1803,0.2074,0.2424,0.2845,0.3334,0.3853,0.4372,0.4877,0.5345,0.5769,0.6146,0.6468,0.6744,0.6986,0.7191,0.7365,0.7516,0.765,0.7755,0.7858,0.7949,0.803,0.8108,0.8167,0.8216,0.827,0.8321,0.8387,0.8441,0.851,0.8583,0.8679,0.8808,0.8941,0.9094,0.9275,0.9464,0.9682,0.9887,1.0076,1.0265,1.0379,1.0489,1.0623,1.0693,1.0751,1.0774,1.0795,1.0808,1.0807,1.0812,1.0802,1.0806,1.0804,1.0794,1.081,1.0814,1.0808,1.0812,1.0809,1.0812,1.0804,1.0792,1.0795,1.0795,1.08,1.0796,1.0827,1.0796,1.0821,1.082,1.082,1.0844,1.0843,1.0853,1.0861,1.0863,1.0882,1.0868,1.0898,1.0903,1.0905,1.0926,1.0908,1.094,1.0952
2;3,0.1138,0.1117,0.1146,0.1162,0.1192,0.1234,0.1294,0.1382,0.1505,0.1685,0.1924,0.2247,0.265,0.3135,0.3682,0.4265,0.4835,0.5383,0.5891,0.6334,0.6736,0.707,0.736,0.7605,0.7819,0.7996,0.8149,0.8286,0.84,0.8517,0.8614,0.8703,0.8776,0.8846,0.8913,0.8977,0.9042,0.9119,0.9208,0.9284,0.9393,0.9532,0.9694,0.9877,1.0093,1.0333,1.0627,1.0903,1.1207,1.1475,1.1704,1.1927,1.207,1.2198,1.2263,1.2322,1.2345,1.2356,1.2376,1.2373,1.2373,1.2381,1.2368,1.2371,1.2371,1.2358,1.2357,1.2351,1.2355,1.236,1.2347,1.2342,1.2356,1.2357,1.2358,1.2367,1.2369,1.235,1.2364,1.2364,1.2379,1.2368,1.2357,1.2374,1.2374,1.2383,1.2389,1.2383,1.2395,1.2393,1.2393,1.2408,1.2394,1.243,1.2423,1.2433
3;2,0.1273,0.1246,0.1286,0.1306,0.1351,0.1394,0.1469,0.1559,0.1698,0.1884,0.211,0.2424,0.2785,0.3225,0.3693,0.4195,0.4658,0.5121,0.5531,0.5905,0.6229,0.6503,0.6726,0.6923,0.7076,0.7229,0.7327,0.7435,0.7517,0.7591,0.767,0.7727,0.7779,0.7823,0.786,0.7882,0.7917,0.7968,0.8033,0.8065,0.8119,0.8193,0.8307,0.8408,0.8539,0.8684,0.8863,0.9051,0.9227,0.9404,0.9574,0.9691,0.9809,0.991,1.0007,1.0076,1.0131,1.0146,1.0155,1.0167,1.0189,1.0174,1.0188,1.0185,1.0188,1.0215,1.0214,1.0219,1.0227,1.022,1.0232,1.0232,1.024,1.024,1.0263,1.0263,1.0263,1.0298,1.0285,1.0303,1.031,1.0325,1.0332,1.0341,1.0362,1.0367,1.0383,1.0406,1.0394,1.0428,1.0423,1.0441,1.0468,1.0467,1.0478,1.0504
,,,,,,,,,,,,,,,,,,,,,,,,,,,,,,,,,,,,,,,,,,,,,,,,,,,,,,,,,,,,,,,,,,,,,,,,,,,,,,,,,,,,,,,,,,,,,,,,
Cycles / Well,,,,,,,,,,,,,,,,,,,,,,,,,,,,,,,,,,,,,,,,,,,,,,,,,,,,,,,,,,,,,,,,,,,,,,,,,,,,,,,,,,,,,,,,,,,,,,,,
G5,1,2,3,4,5,6,7,8,9,10,11,12,13,14,15,16,17,18,19,20,21,22,23,24,25,26,27,28,29,30,31,32,33,34,35,36,37,38,39,40,41,42,43,44,45,46,47,48,49,50,51,52,53,54,55,56,57,58,59,60,61,62,63,64,65,66,67,68,69,70,71,72,73,74,75,76,77,78,79,80,81,82,83,84,85,86,87,88,89,90,91,92,93,94,95,96
Time [s],0,1799.827,3599.741,5399.669,7199.582,8999.52,10799.439,12599.362,14399.295,16199.216,17999.146,19799.079,21599.004,23398.923,25198.859,26998.777,28798.697,30598.623,32398.553,34198.485,35998.416,37798.341,39598.268,41398.198,43198.124,44998.054,46797.976,48597.918,50397.831,52197.762,53997.692,55797.629,57597.534,59397.461,61197.38,62997.315,64797.24,66597.165,68397.092,70197.031,71996.926,73796.86,75596.777,77396.712,79196.627,80996.562,82796.484,84596.403,86396.337,88196.281,89996.203,91796.133,93596.059,95395.99,97195.917,98995.844,100795.796,102595.694,104395.689,106195.553,107995.487,109795.413,111595.34,113395.273,115195.195,116995.132,118795.052,120594.981,122394.898,124194.845,125994.76,127794.681,129594.622,131394.544,133194.474,134994.397,136794.315,138594.255,140394.181,142194.115,143994.039,145793.949,147593.888,149393.809,151193.742,152993.677,154793.597,156593.512,158393.435,160193.362,161993.31,163793.212,165593.147,167393.086,169192.983,170992.91
Temp. [°C],20.1,30,29.8,30,30.1,30,29.9,30.1,30.1,30.1,30,30,30,30,30,30,30,30,30,30,30,30,30.1,30.1,30.1,30.1,30,30,30.1,30.1,30,30,30.1,30,29.9,30,30.1,30,30.1,29.9,30.1,29.8,30,29.9,30.1,30,30,29.9,30,30,30,30.1,29.9,30.2,30.1,30.1,30.1,30,30,30,30,30,30,30,30,30,30.1,30,30,30.2,30,30.1,30,30.1,30,30,30,30,30,30,29.9,30.1,30.1,30.1,30.1,30.1,29.9,30,29.8,30.1,30.1,29.8,29.9,30,30,30
Mean,0.11946,0.11538,0.11808,0.12066,0.12438,0.1293,0.13646,0.14614,0.16024,0.17996,0.20644,0.24188,0.28616,0.33888,0.3969,0.45682,0.51588,0.57148,0.62238,0.66684,0.70514,0.7386,0.76754,0.79176,0.81366,0.8317,0.8469,0.86028,0.87236,0.88322,0.89252,0.90094,0.90886,0.9156,0.9223,0.92806,0.93512,0.94228,0.95162,0.9586,0.96832,0.97906,0.99256,1.00712,1.02338,1.04168,1.06042,1.07908,1.09722,1.11338,1.12776,1.13624,1.14254,1.14798,1.14992,1.15124,1.15154,1.15168,1.15114,1.15068,1.1495,1.14908,1.14836,1.14822,1.1475,1.1463,1.14664,1.1458,1.14418,1.14478,1.14414,1.1438,1.14384,1.14366,1.14318,1.14324,1.14392,1.14456,1.14398,1.14438,1.14388,1.14388,1.14474,1.14568,1.14686,1.14628,1.14692,1.148,1.14814,1.14934,1.14976,1.15048,1.15136,1.15164,1.15384,1.15394
StDev,0.002223286,0.002262079,0.002788727,0.003107732,0.003505995,0.003706751,0.004143429,0.004177679,0.004085095,0.003119776,0.001967994,0.002583989,0.006110074,0.011224393,0.017968166,0.024345575,0.031745189,0.038419617,0.045050882,0.050213574,0.055508675,0.059823992,0.063707676,0.067205826,0.071019631,0.073988344,0.076839736,0.07917324,0.081723638,0.084437888,0.08688177,0.089409133,0.091023228,0.093471413,0.095704859,0.098121904,0.100670661,0.104342235,0.106253739,0.110292633,0.11307547,0.11642967,0.120780164,0.125677074,0.130156087,0.13512025,0.139658072,0.143069256,0.146486764,0.148884962,0.150890666,0.151244283,0.150981019,0.150683815,0.150703059,0.150017926,0.149240671,0.148991114,0.14771333,0.14822971,0.147544281,0.147749491,0.147795172,0.148279793,0.147862808,0.146727434,0.147101319,0.146421532,0.145665154,0.146130154,0.14522642,0.144720524,0.145082849,0.144741832,0.144166907,0.143658129,0.143404121,0.143434194,0.143464863,0.142464599,0.142695172,0.141647051,0.141196257,0.140884517,0.141359924,0.14037545,0.13994764,0.140031496,0.13966332,0.139066793,0.138772793,0.138456318,0.137611747,0.137678241,0.137821925,0.137242789
1;2,0.1193,0.1137,0.1157,0.118,0.1212,0.1259,0.1326,0.1421,0.1566,0.1774,0.2057,0.244,0.2923,0.3508,0.4157,0.4823,0.5478,0.6096,0.666,0.7152,0.7575,0.7947,0.8263,0.855,0.8802,0.9008,0.9185,0.9347,0.9486,0.9619,0.9731,0.9836,0.9934,1.0023,1.0108,1.0177,1.0281,1.0375,1.0487,1.0598,1.0721,1.084,1.1014,1.1202,1.1396,1.1633,1.1833,1.2081,1.2292,1.2469,1.2651,1.27,1.2771,1.2812,1.2831,1.2845,1.2841,1.2845,1.2829,1.2818,1.2796,1.2798,1.2792,1.2793,1.2771,1.2764,1.2767,1.276,1.2705,1.271,1.2697,1.2698,1.2694,1.2695,1.2674,1.2665,1.266,1.2689,1.2667,1.2652,1.2647,1.264,1.2635,1.2645,1.2659,1.2632,1.2634,1.2659,1.2643,1.2654,1.2647,1.2639,1.2664,1.2641,1.2673,1.2668
2;1,0.1211,0.1172,0.1202,0.1236,0.1277,0.1328,0.14,0.1493,0.1629,0.1813,0.2056,0.2375,0.2766,0.3233,0.3727,0.4244,0.474,0.5216,0.5644,0.6018,0.6333,0.6613,0.6849,0.7053,0.7218,0.7365,0.7485,0.7594,0.7682,0.7766,0.7831,0.7878,0.794,0.7978,0.8026,0.8055,0.8097,0.8123,0.8192,0.8222,0.8293,0.836,0.8452,0.8547,0.8665,0.8793,0.8941,0.9095,0.9247,0.9391,0.9516,0.9588,0.9657,0.9716,0.973,0.9754,0.9774,0.9774,0.9773,0.9764,0.9759,0.9748,0.974,0.9725,0.9716,0.9724,0.9717,0.9718,0.9712,0.9706,0.9697,0.9703,0.9698,0.9702,0.9708,0.9707,0.9717,0.9733,0.9714,0.9727,0.9721,0.9734,0.9744,0.9756,0.9759,0.9765,0.9771,0.9786,0.9781,0.9803,0.9811,0.9819,0.9841,0.9833,0.9856,0.9863
2;2,0.1202,0.1149,0.1171,0.1193,0.1228,0.1274,0.1342,0.1436,0.1575,0.1776,0.205,0.2417,0.2889,0.3452,0.4078,0.4717,0.5368,0.5968,0.6524,0.7006,0.743,0.7789,0.8105,0.8373,0.8617,0.8817,0.8988,0.9147,0.9291,0.9419,0.9523,0.9627,0.9718,0.9798,0.987,0.9943,1.0032,1.0125,1.0215,1.031,1.0432,1.0558,1.0726,1.0898,1.1092,1.1299,1.1537,1.1735,1.1938,1.2121,1.2272,1.2352,1.2411,1.249,1.2515,1.2519,1.2538,1.2527,1.2527,1.2518,1.2507,1.2496,1.2494,1.249,1.2488,1.2478,1.2488,1.2472,1.2463,1.2474,1.2463,1.2453,1.2459,1.2446,1.2445,1.245,1.2461,1.2487,1.2459,1.2476,1.2467,1.2459,1.2476,1.248,1.2489,1.249,1.2495,1.2507,1.25,1.2519,1.2527,1.2531,1.2536,1.2538,1.2566,1.2567
2;3,0.1157,0.1129,0.1156,0.118,0.1216,0.1266,0.1337,0.1439,0.1581,0.1787,0.206,0.243,0.289,0.3437,0.4046,0.4673,0.5299,0.5895,0.6448,0.6917,0.7335,0.7702,0.8023,0.8268,0.851,0.8711,0.8882,0.9011,0.9146,0.9272,0.939,0.9487,0.957,0.9657,0.9753,0.9839,0.9911,1.0021,1.0141,1.0233,1.0341,1.0495,1.0654,1.0839,1.1039,1.1251,1.148,1.1664,1.187,1.2049,1.2188,1.2327,1.2379,1.2417,1.2431,1.2437,1.2414,1.2419,1.2389,1.2409,1.2392,1.2392,1.2379,1.2388,1.2382,1.2336,1.2341,1.2323,1.2327,1.2339,1.2322,1.2309,1.2317,1.2316,1.2313,1.2307,1.2317,1.2278,1.2314,1.2302,1.2307,1.2299,1.2303,1.231,1.2333,1.2321,1.2323,1.2319,1.2339,1.2331,1.2337,1.2357,1.2332,1.2365,1.2373,1.2367
3;2,0.121,0.1182,0.1218,0.1244,0.1286,0.1338,0.1418,0.1518,0.1661,0.1848,0.2099,0.2432,0.284,0.3314,0.3837,0.4384,0.4909,0.5399,0.5843,0.6249,0.6584,0.6879,0.7137,0.7344,0.7536,0.7684,0.7805,0.7915,0.8013,0.8085,0.8151,0.8219,0.8281,0.8324,0.8358,0.8389,0.8435,0.847,0.8546,0.8567,0.8629,0.87,0.8782,0.887,0.8977,0.9108,0.923,0.9379,0.9514,0.9639,0.9761,0.9845,0.9909,0.9964,0.9989,1.0007,1.001,1.0019,1.0039,1.0025,1.0021,1.002,1.0013,1.0015,1.0018,1.0013,1.0019,1.0017,1.0002,1.001,1.0028,1.0027,1.0024,1.0024,1.0019,1.0033,1.0041,1.0041,1.0045,1.0062,1.0052,1.0062,1.0079,1.0093,1.0103,1.0106,1.0123,1.0129,1.0144,1.016,1.0166,1.0178,1.0195,1.0205,1.0224,1.0232
,,,,,,,,,,,,,,,,,,,,,,,,,,,,,,,,,,,,,,,,,,,,,,,,,,,,,,,,,,,,,,,,,,,,,,,,,,,,,,,,,,,,,,,,,,,,,,,,
Cycles / Well,,,,,,,,,,,,,,,,,,,,,,,,,,,,,,,,,,,,,,,,,,,,,,,,,,,,,,,,,,,,,,,,,,,,,,,,,,,,,,,,,,,,,,,,,,,,,,,,
G6,1,2,3,4,5,6,7,8,9,10,11,12,13,14,15,16,17,18,19,20,21,22,23,24,25,26,27,28,29,30,31,32,33,34,35,36,37,38,39,40,41,42,43,44,45,46,47,48,49,50,51,52,53,54,55,56,57,58,59,60,61,62,63,64,65,66,67,68,69,70,71,72,73,74,75,76,77,78,79,80,81,82,83,84,85,86,87,88,89,90,91,92,93,94,95,96
Time [s],0,1799.827,3599.741,5399.669,7199.582,8999.52,10799.439,12599.362,14399.295,16199.216,17999.146,19799.079,21599.004,23398.923,25198.859,26998.777,28798.697,30598.623,32398.553,34198.485,35998.416,37798.341,39598.268,41398.198,43198.124,44998.054,46797.976,48597.918,50397.831,52197.762,53997.692,55797.629,57597.534,59397.461,61197.38,62997.315,64797.24,66597.165,68397.092,70197.031,71996.926,73796.86,75596.777,77396.712,79196.627,80996.562,82796.484,84596.403,86396.337,88196.281,89996.203,91796.133,93596.059,95395.99,97195.917,98995.844,100795.796,102595.694,104395.689,106195.553,107995.487,109795.413,111595.34,113395.273,115195.195,116995.132,118795.052,120594.981,122394.898,124194.845,125994.76,127794.681,129594.622,131394.544,133194.474,134994.397,136794.315,138594.255,140394.181,142194.115,143994.039,145793.949,147593.888,149393.809,151193.742,152993.677,154793.597,156593.512,158393.435,160193.362,161993.31,163793.212,165593.147,167393.086,169192.983,170992.91
Temp. [°C],20.1,30,29.8,30,30.1,30,29.9,30.1,30.1,30.1,30,30,30,30,30,30,30,30,30,30,30,30,30.1,30.1,30.1,30.1,30,30,30.1,30.1,30,30,30.1,30,29.9,30,30.1,30,30.1,29.9,30.1,29.8,30,29.9,30.1,30,30,29.9,30,30,30,30.1,29.9,30.2,30.1,30.1,30.1,30,30,30,30,30,30,30,30,30,30.1,30,30,30.2,30,30.1,30,30.1,30,30,30,30,30,30,29.9,30.1,30.1,30.1,30.1,30.1,29.9,30,29.8,30.1,30.1,29.8,29.9,30,30,30
Mean,0.11994,0.113,0.11534,0.11732,0.1202,0.12434,0.13054,0.13864,0.15046,0.167,0.1898,0.222,0.26504,0.32352,0.39476,0.48172,0.58402,0.69708,0.81526,0.92634,1.02242,1.09902,1.15278,1.1922,1.22198,1.24512,1.26468,1.28248,1.29704,1.31218,1.32428,1.3352,1.34536,1.35324,1.36136,1.36776,1.37148,1.37456,1.37682,1.378,1.37982,1.38176,1.38358,1.38522,1.38642,1.38846,1.38954,1.3898,1.39192,1.39216,1.39362,1.39432,1.39512,1.39666,1.39704,1.39878,1.399,1.39992,1.4011,1.40112,1.40226,1.40296,1.4035,1.40492,1.40502,1.40566,1.40732,1.40754,1.40804,1.40932,1.4098,1.41062,1.41114,1.41252,1.4129,1.41354,1.41462,1.41578,1.41596,1.4171,1.418,1.4187,1.41968,1.42032,1.42108,1.42166,1.42262,1.42308,1.4241,1.4249,1.42568,1.42614,1.42674,1.42714,1.42876,1.42918
StDev,0.00177426,0.001914419,0.002407904,0.00295161,0.003396322,0.003944363,0.004803436,0.005360317,0.006217154,0.006707831,0.007585513,0.008376455,0.008618178,0.008327184,0.007277225,0.00729157,0.011155133,0.017212989,0.023051095,0.028192694,0.030032516,0.030147255,0.030161101,0.028953843,0.029262553,0.02919601,0.029106391,0.029623589,0.028406126,0.029105618,0.029695067,0.030035812,0.029340637,0.029450348,0.029988715,0.02898453,0.028376258,0.027833128,0.027835445,0.027014718,0.026859579,0.026997092,0.027067268,0.026223406,0.026734846,0.027416108,0.026621007,0.026690354,0.027461191,0.026081373,0.02656684,0.026232556,0.026703314,0.026736829,0.026634245,0.027121523,0.026212592,0.026956669,0.026248333,0.026035975,0.026154789,0.026238388,0.026453261,0.026823814,0.026479086,0.025845464,0.026534826,0.025907586,0.026312507,0.026795373,0.026321854,0.026293288,0.026679262,0.026084421,0.026289066,0.026550009,0.026551121,0.026264558,0.025897259,0.026350712,0.026459025,0.026089461,0.026218638,0.025712682,0.026004942,0.025646013,0.025922133,0.025862463,0.026333913,0.026252048,0.026434769,0.026639407,0.025798895,0.025889824,0.025870698,0.02589637
1;2,0.1196,0.112,0.114,0.1156,0.118,0.1218,0.1272,0.1349,0.1463,0.1629,0.1853,0.2179,0.263,0.3243,0.3995,0.492,0.6029,0.7234,0.8475,0.9639,1.06,1.1353,1.1876,1.2247,1.2539,1.276,1.295,1.3128,1.3251,1.3411,1.3541,1.3637,1.373,1.3814,1.3885,1.3923,1.3956,1.3989,1.4005,1.4008,1.4028,1.405,1.4049,1.4067,1.4074,1.4104,1.4109,1.4117,1.4136,1.4123,1.4139,1.4145,1.4153,1.4165,1.4162,1.4188,1.4193,1.4207,1.4199,1.4194,1.4218,1.4215,1.4227,1.4238,1.4232,1.4235,1.4254,1.4255,1.426,1.4281,1.4273,1.4287,1.4293,1.43,1.4303,1.4305,1.432,1.4319,1.4324,1.4332,1.4341,1.4348,1.4354,1.4352,1.4374,1.436,1.4376,1.4376,1.4393,1.4394,1.44,1.44,1.4411,1.4405,1.4421,1.4422
2;1,0.121,0.1148,0.1178,0.1208,0.1241,0.1289,0.1357,0.1442,0.157,0.1744,0.1987,0.2321,0.2758,0.3337,0.4033,0.4864,0.5816,0.6871,0.7986,0.9033,0.9963,1.0705,1.1217,1.162,1.1898,1.2131,1.2323,1.248,1.2643,1.279,1.2906,1.2991,1.3109,1.3186,1.3254,1.3316,1.3369,1.34,1.3409,1.3433,1.3459,1.3467,1.3489,1.3516,1.3519,1.3523,1.3538,1.3548,1.3558,1.3577,1.3584,1.3592,1.359,1.3604,1.3608,1.3619,1.3641,1.3643,1.3646,1.3652,1.3664,1.3664,1.3674,1.3676,1.3682,1.3703,1.37,1.3717,1.3716,1.372,1.3728,1.3737,1.3734,1.3751,1.3757,1.3756,1.3767,1.378,1.379,1.3794,1.3795,1.3812,1.3819,1.3833,1.3833,1.3843,1.3846,1.3854,1.3855,1.3866,1.387,1.3872,1.389,1.3888,1.3908,1.3914
2;2,0.1207,0.1125,0.1142,0.1156,0.118,0.1214,0.127,0.1343,0.1452,0.1609,0.1825,0.2134,0.2555,0.3141,0.3867,0.476,0.5833,0.7031,0.8268,0.9429,1.0426,1.1208,1.176,1.2154,1.2463,1.2702,1.2897,1.3087,1.3227,1.3385,1.3507,1.3628,1.3736,1.3804,1.3905,1.3963,1.3999,1.4017,1.4035,1.4045,1.4062,1.4072,1.4114,1.4111,1.4134,1.4156,1.4156,1.416,1.4195,1.4185,1.4209,1.42,1.4216,1.4236,1.4237,1.4263,1.4249,1.4267,1.4275,1.4274,1.4283,1.4292,1.4301,1.4315,1.4315,1.4321,1.4341,1.4337,1.4346,1.4361,1.4369,1.4373,1.4382,1.4385,1.4393,1.4404,1.4414,1.4428,1.4418,1.4444,1.4449,1.4454,1.447,1.4465,1.4476,1.4484,1.4495,1.4497,1.4506,1.4518,1.453,1.4538,1.4535,1.4539,1.4556,1.4566
2;3,0.117,0.1106,0.1127,0.1144,0.1172,0.1212,0.1269,0.135,0.1463,0.1626,0.1852,0.2168,0.2589,0.3163,0.3878,0.4749,0.5785,0.6932,0.8141,0.9263,1.024,1.1015,1.156,1.1956,1.2256,1.2492,1.2695,1.2868,1.3022,1.3172,1.3296,1.3415,1.3499,1.3591,1.3672,1.375,1.3779,1.3808,1.3843,1.3846,1.3861,1.3892,1.3904,1.3924,1.394,1.3961,1.397,1.3969,1.3994,1.3996,1.4007,1.403,1.4037,1.405,1.4064,1.407,1.4072,1.4084,1.4097,1.4102,1.4105,1.4121,1.4123,1.4148,1.415,1.4147,1.4168,1.4168,1.4178,1.4189,1.4189,1.4196,1.4203,1.4222,1.423,1.4239,1.4246,1.4259,1.4268,1.4272,1.4285,1.4289,1.4296,1.4317,1.4307,1.4322,1.4327,1.4342,1.4357,1.4366,1.4373,1.4383,1.4375,1.4388,1.4406,1.4407
3;2,0.1214,0.1151,0.118,0.1202,0.1237,0.1284,0.1359,0.1448,0.1575,0.1742,0.1973,0.2298,0.272,0.3292,0.3965,0.4793,0.5738,0.6786,0.7893,0.8953,0.9892,1.067,1.1226,1.1633,1.1943,1.2171,1.2369,1.2561,1.2709,1.2851,1.2964,1.3089,1.3194,1.3267,1.3352,1.3436,1.3471,1.3514,1.3549,1.3568,1.3581,1.3607,1.3623,1.3643,1.3654,1.3679,1.3704,1.3696,1.3713,1.3727,1.3742,1.3749,1.376,1.3778,1.3781,1.3799,1.3795,1.3795,1.3838,1.3834,1.3843,1.3856,1.385,1.3869,1.3872,1.3877,1.3903,1.39,1.3902,1.3915,1.3931,1.3938,1.3945,1.3968,1.3962,1.3973,1.3984,1.4003,1.3998,1.4013,1.403,1.4032,1.4045,1.4049,1.4064,1.4074,1.4087,1.4085,1.4094,1.4101,1.4111,1.4114,1.4126,1.4137,1.4147,1.415
,,,,,,,,,,,,,,,,,,,,,,,,,,,,,,,,,,,,,,,,,,,,,,,,,,,,,,,,,,,,,,,,,,,,,,,,,,,,,,,,,,,,,,,,,,,,,,,,
Cycles / Well,,,,,,,,,,,,,,,,,,,,,,,,,,,,,,,,,,,,,,,,,,,,,,,,,,,,,,,,,,,,,,,,,,,,,,,,,,,,,,,,,,,,,,,,,,,,,,,,
G7,1,2,3,4,5,6,7,8,9,10,11,12,13,14,15,16,17,18,19,20,21,22,23,24,25,26,27,28,29,30,31,32,33,34,35,36,37,38,39,40,41,42,43,44,45,46,47,48,49,50,51,52,53,54,55,56,57,58,59,60,61,62,63,64,65,66,67,68,69,70,71,72,73,74,75,76,77,78,79,80,81,82,83,84,85,86,87,88,89,90,91,92,93,94,95,96
Time [s],0,1799.827,3599.741,5399.669,7199.582,8999.52,10799.439,12599.362,14399.295,16199.216,17999.146,19799.079,21599.004,23398.923,25198.859,26998.777,28798.697,30598.623,32398.553,34198.485,35998.416,37798.341,39598.268,41398.198,43198.124,44998.054,46797.976,48597.918,50397.831,52197.762,53997.692,55797.629,57597.534,59397.461,61197.38,62997.315,64797.24,66597.165,68397.092,70197.031,71996.926,73796.86,75596.777,77396.712,79196.627,80996.562,82796.484,84596.403,86396.337,88196.281,89996.203,91796.133,93596.059,95395.99,97195.917,98995.844,100795.796,102595.694,104395.689,106195.553,107995.487,109795.413,111595.34,113395.273,115195.195,116995.132,118795.052,120594.981,122394.898,124194.845,125994.76,127794.681,129594.622,131394.544,133194.474,134994.397,136794.315,138594.255,140394.181,142194.115,143994.039,145793.949,147593.888,149393.809,151193.742,152993.677,154793.597,156593.512,158393.435,160193.362,161993.31,163793.212,165593.147,167393.086,169192.983,170992.91
Temp. [°C],20.1,30,29.8,30,30.1,30,29.9,30.1,30.1,30.1,30,30,30,30,30,30,30,30,30,30,30,30,30.1,30.1,30.1,30.1,30,30,30.1,30.1,30,30,30.1,30,29.9,30,30.1,30,30.1,29.9,30.1,29.8,30,29.9,30.1,30,30,29.9,30,30,30,30.1,29.9,30.2,30.1,30.1,30.1,30,30,30,30,30,30,30,30,30,30.1,30,30,30.2,30,30.1,30,30.1,30,30,30,30,30,30,29.9,30.1,30.1,30.1,30.1,30.1,29.9,30,29.8,30.1,30.1,29.8,29.9,30,30,30
Mean,0.12434,0.11682,0.11912,0.12114,0.12406,0.12816,0.13464,0.14282,0.1552,0.17212,0.1952,0.22736,0.2701,0.32748,0.3986,0.485,0.58572,0.69758,0.81312,0.92074,1.01346,1.08692,1.13946,1.1769,1.20664,1.22916,1.24884,1.26586,1.28128,1.29492,1.30706,1.31894,1.3285,1.33644,1.34452,1.35096,1.35516,1.35854,1.361,1.362,1.36424,1.36602,1.3676,1.36892,1.37088,1.37228,1.37308,1.37444,1.37556,1.37674,1.37802,1.37892,1.3802,1.38134,1.38184,1.38316,1.38314,1.38476,1.38564,1.3858,1.387,1.38826,1.38918,1.39016,1.39038,1.39132,1.3926,1.39378,1.39392,1.39492,1.39552,1.39646,1.39684,1.39758,1.39886,1.39906,1.40008,1.40184,1.40188,1.40316,1.40406,1.4049,1.4057,1.4065,1.40692,1.40734,1.40858,1.4092,1.41016,1.41118,1.41156,1.41204,1.41274,1.41344,1.41482,1.41564
StDev,0.006197419,0.005391846,0.005765154,0.006654172,0.007390737,0.007469471,0.009158766,0.009799337,0.011314813,0.012923119,0.014442126,0.016607769,0.017511282,0.017994638,0.01706429,0.014864387,0.011355924,0.012308818,0.018065215,0.02349102,0.027874953,0.02925247,0.030050008,0.030349629,0.031153298,0.031013997,0.031431004,0.032366155,0.03125999,0.031811822,0.032270699,0.031991139,0.031692191,0.03191415,0.032585227,0.031076164,0.031448657,0.030948635,0.032176622,0.030995403,0.030054001,0.030417544,0.030561086,0.031655758,0.030907717,0.030998823,0.030741047,0.03027314,0.031646848,0.03122696,0.030708256,0.030588838,0.030729221,0.03066061,0.031238886,0.031741109,0.031147761,0.030972375,0.030987869,0.030818014,0.031073703,0.031714713,0.031764083,0.032264888,0.03200714,0.031996203,0.032383406,0.032194052,0.031566866,0.032125644,0.031790832,0.032057807,0.03227403,0.032012451,0.032255976,0.032197795,0.03203072,0.032852671,0.032072215,0.033114695,0.032457865,0.031815955,0.032368503,0.032781931,0.032551989,0.03247419,0.032591364,0.032131527,0.032249388,0.032312722,0.032745962,0.032805914,0.032123169,0.031859661,0.03228176,0.032424343
1;2,0.1204,0.1119,0.1139,0.1149,0.1171,0.1209,0.126,0.1334,0.1445,0.1597,0.1812,0.2113,0.2535,0.3108,0.3829,0.4727,0.5797,0.7,0.8245,0.9371,1.0346,1.1091,1.1602,1.199,1.2282,1.2513,1.2704,1.2886,1.3022,1.3167,1.3289,1.3392,1.3479,1.355,1.364,1.3685,1.3718,1.3752,1.3784,1.3771,1.3791,1.3811,1.3822,1.3837,1.3849,1.3864,1.386,1.3886,1.3902,1.3917,1.3924,1.3922,1.394,1.3945,1.3949,1.3963,1.3951,1.3976,1.3968,1.3973,1.3986,1.4008,1.4021,1.4022,1.4024,1.4042,1.405,1.4061,1.406,1.4071,1.4062,1.4075,1.4082,1.4079,1.4097,1.4094,1.4105,1.4121,1.4119,1.4138,1.4135,1.414,1.4142,1.4148,1.4164,1.416,1.4173,1.4178,1.4185,1.4191,1.4197,1.4205,1.4208,1.4207,1.4229,1.4237
2;1,0.1235,0.1175,0.1214,0.1244,0.1276,0.1323,0.1388,0.1473,0.1606,0.1776,0.2019,0.2343,0.2773,0.3325,0.4014,0.4817,0.574,0.6761,0.7827,0.8844,0.9727,1.0446,1.0963,1.1336,1.1624,1.1857,1.2047,1.2212,1.2374,1.2505,1.262,1.2746,1.2839,1.2907,1.2987,1.3057,1.3091,1.313,1.3129,1.3151,1.3196,1.3202,1.3211,1.3208,1.3236,1.3249,1.3267,1.3283,1.3271,1.3285,1.3309,1.3317,1.3325,1.3335,1.3337,1.3337,1.3354,1.3368,1.3378,1.3383,1.3393,1.3392,1.3401,1.3404,1.3405,1.3419,1.3425,1.344,1.3452,1.3454,1.3463,1.3473,1.3464,1.3475,1.3484,1.3489,1.3502,1.3503,1.3514,1.3512,1.3532,1.3551,1.3547,1.3549,1.3552,1.3562,1.357,1.3587,1.3596,1.3601,1.3597,1.3599,1.3617,1.3627,1.3635,1.3641
2;2,0.1232,0.1155,0.117,0.1184,0.1207,0.1244,0.1298,0.1373,0.1483,0.1641,0.186,0.2163,0.258,0.3152,0.3871,0.4757,0.5819,0.7005,0.8227,0.9364,1.0324,1.1079,1.1625,1.2012,1.231,1.2537,1.2739,1.2924,1.3075,1.3215,1.3346,1.3471,1.3559,1.364,1.373,1.3773,1.3825,1.3864,1.3881,1.3888,1.3902,1.3923,1.3937,1.3969,1.3978,1.3988,1.4005,1.4004,1.4027,1.4028,1.4039,1.4044,1.4056,1.4066,1.4079,1.4097,1.4097,1.4104,1.4124,1.4118,1.4129,1.4151,1.4162,1.4176,1.4173,1.4181,1.4202,1.4211,1.4202,1.4221,1.4232,1.4242,1.424,1.4246,1.4258,1.4262,1.4272,1.4299,1.428,1.4311,1.4313,1.4327,1.4334,1.4345,1.4336,1.4353,1.4361,1.4359,1.4366,1.4381,1.439,1.4391,1.4398,1.4395,1.4419,1.443
2;3,0.1196,0.1135,0.1152,0.1168,0.1196,0.124,0.1299,0.1383,0.1502,0.1672,0.1898,0.2221,0.2647,0.3228,0.3953,0.4847,0.5896,0.7056,0.8254,0.9364,1.0317,1.1052,1.159,1.1944,1.2266,1.2483,1.2689,1.2855,1.3003,1.314,1.326,1.3383,1.3486,1.3572,1.3653,1.3718,1.3763,1.3778,1.3826,1.383,1.3851,1.3866,1.3887,1.39,1.392,1.394,1.3947,1.3954,1.3974,1.3983,1.3995,1.4012,1.4022,1.4036,1.405,1.4062,1.4066,1.4078,1.4088,1.4093,1.4112,1.4117,1.4123,1.4145,1.4143,1.4152,1.4166,1.4178,1.4181,1.4192,1.4194,1.421,1.4213,1.4223,1.4238,1.4242,1.4249,1.4269,1.4275,1.4286,1.4298,1.4291,1.431,1.4324,1.4326,1.4325,1.4341,1.4352,1.4369,1.4373,1.4377,1.4383,1.438,1.4395,1.4403,1.4411
3;2,0.135,0.1257,0.1281,0.1312,0.1353,0.1392,0.1487,0.1578,0.1724,0.192,0.2171,0.2528,0.297,0.3561,0.4263,0.5102,0.6034,0.7057,0.8103,0.9094,0.9959,1.0678,1.1193,1.1563,1.185,1.2068,1.2263,1.2416,1.259,1.2719,1.2838,1.2955,1.3062,1.3153,1.3216,1.3315,1.3361,1.3403,1.343,1.346,1.3472,1.3499,1.3523,1.3532,1.3561,1.3573,1.3575,1.3595,1.3604,1.3624,1.3634,1.3651,1.3667,1.3685,1.3677,1.3699,1.3689,1.3712,1.3724,1.3723,1.373,1.3745,1.3752,1.3761,1.3774,1.3772,1.3787,1.3799,1.3801,1.3808,1.3825,1.3823,1.3843,1.3856,1.3866,1.3866,1.3876,1.39,1.3906,1.3911,1.3925,1.3936,1.3952,1.3959,1.3968,1.3967,1.3984,1.3984,1.3992,1.4013,1.4017,1.4024,1.4034,1.4048,1.4055,1.4063
,,,,,,,,,,,,,,,,,,,,,,,,,,,,,,,,,,,,,,,,,,,,,,,,,,,,,,,,,,,,,,,,,,,,,,,,,,,,,,,,,,,,,,,,,,,,,,,,
Cycles / Well,,,,,,,,,,,,,,,,,,,,,,,,,,,,,,,,,,,,,,,,,,,,,,,,,,,,,,,,,,,,,,,,,,,,,,,,,,,,,,,,,,,,,,,,,,,,,,,,
G8,1,2,3,4,5,6,7,8,9,10,11,12,13,14,15,16,17,18,19,20,21,22,23,24,25,26,27,28,29,30,31,32,33,34,35,36,37,38,39,40,41,42,43,44,45,46,47,48,49,50,51,52,53,54,55,56,57,58,59,60,61,62,63,64,65,66,67,68,69,70,71,72,73,74,75,76,77,78,79,80,81,82,83,84,85,86,87,88,89,90,91,92,93,94,95,96
Time [s],0,1799.827,3599.741,5399.669,7199.582,8999.52,10799.439,12599.362,14399.295,16199.216,17999.146,19799.079,21599.004,23398.923,25198.859,26998.777,28798.697,30598.623,32398.553,34198.485,35998.416,37798.341,39598.268,41398.198,43198.124,44998.054,46797.976,48597.918,50397.831,52197.762,53997.692,55797.629,57597.534,59397.461,61197.38,62997.315,64797.24,66597.165,68397.092,70197.031,71996.926,73796.86,75596.777,77396.712,79196.627,80996.562,82796.484,84596.403,86396.337,88196.281,89996.203,91796.133,93596.059,95395.99,97195.917,98995.844,100795.796,102595.694,104395.689,106195.553,107995.487,109795.413,111595.34,113395.273,115195.195,116995.132,118795.052,120594.981,122394.898,124194.845,125994.76,127794.681,129594.622,131394.544,133194.474,134994.397,136794.315,138594.255,140394.181,142194.115,143994.039,145793.949,147593.888,149393.809,151193.742,152993.677,154793.597,156593.512,158393.435,160193.362,161993.31,163793.212,165593.147,167393.086,169192.983,170992.91
Temp. [°C],20.1,30,29.8,30,30.1,30,29.9,30.1,30.1,30.1,30,30,30,30,30,30,30,30,30,30,30,30,30.1,30.1,30.1,30.1,30,30,30.1,30.1,30,30,30.1,30,29.9,30,30.1,30,30.1,29.9,30.1,29.8,30,29.9,30.1,30,30,29.9,30,30,30,30.1,29.9,30.2,30.1,30.1,30.1,30,30,30,30,30,30,30,30,30,30.1,30,30,30.2,30,30.1,30,30.1,30,30,30,30,30,30,29.9,30.1,30.1,30.1,30.1,30.1,29.9,30,29.8,30.1,30.1,29.8,29.9,30,30,30
Mean,0.102,0.09572,0.09582,0.09588,0.09588,0.09586,0.09582,0.09578,0.0958,0.09578,0.09588,0.09586,0.09586,0.09584,0.09582,0.09588,0.09584,0.09586,0.09576,0.0959,0.09594,0.0959,0.0958,0.09578,0.09582,0.0959,0.09588,0.09598,0.09584,0.09592,0.09594,0.09592,0.09596,0.09598,0.09586,0.09574,0.09592,0.09582,0.09592,0.09582,0.09588,0.09602,0.09598,0.09604,0.09594,0.0958,0.09596,0.0958,0.09584,0.0958,0.09598,0.09596,0.09586,0.09598,0.09594,0.09596,0.09594,0.09604,0.09612,0.09578,0.09588,0.09592,0.09594,0.09594,0.0959,0.09586,0.09618,0.09592,0.09588,0.0959,0.09588,0.09596,0.09594,0.0959,0.09586,0.09596,0.0959,0.09586,0.09592,0.09596,0.09618,0.0959,0.09588,0.096,0.09596,0.09598,0.09596,0.09598,0.09594,0.09602,0.096,0.09588,0.09588,0.09572,0.09598,0.0959
StDev,0.003234965,0.002656501,0.002752635,0.002876108,0.002854295,0.002847455,0.002888252,0.002947372,0.002909467,0.002983622,0.002949915,0.002971195,0.002979597,0.002944996,0.003058104,0.002997833,0.003022085,0.003055814,0.003068061,0.00302407,0.003077012,0.003149603,0.003009983,0.003116408,0.003089013,0.003042203,0.003076849,0.003107571,0.003108537,0.003088203,0.003062352,0.003083342,0.003128578,0.003137993,0.003082694,0.003116569,0.003107571,0.003083342,0.003056469,0.003162594,0.003095481,0.003157847,0.003157056,0.003129377,0.003140541,0.003075711,0.003128578,0.00313608,0.003105318,0.003136877,0.003137993,0.003134964,0.003167491,0.003167333,0.003157214,0.003170647,0.003189514,0.003231563,0.003157847,0.003201874,0.003236819,0.003166544,0.003190298,0.003252384,0.00317805,0.00312458,0.003172854,0.003190925,0.003179937,0.0032642,0.003232182,0.003148492,0.003256225,0.003231099,0.003158006,0.003158006,0.003203904,0.003158006,0.003210452,0.003253152,0.00319875,0.003167807,0.003224438,0.003167807,0.003209829,0.003172066,0.003158006,0.003179937,0.00322149,0.003236047,0.003254228,0.003232955,0.00319875,0.003182295,0.003179937,0.003248076
1;2,0.1064,0.0997,0.0999,0.1001,0.1,0.1,0.0999,0.1,0.0999,0.1,0.0999,0.1,0.1,0.0999,0.1,0.1,0.0999,0.1,0.0999,0.1,0.1001,0.1001,0.0998,0.0999,0.1,0.0999,0.1,0.1001,0.1,0.1001,0.1,0.1,0.1001,0.1,0.0999,0.0999,0.1,0.0999,0.0999,0.1,0.0999,0.1001,0.1001,0.1001,0.1001,0.0998,0.1001,0.0999,0.0999,0.0999,0.1,0.1,0.0999,0.1001,0.1001,0.1001,0.1001,0.1002,0.1002,0.1,0.1001,0.1,0.1001,0.1002,0.1,0.0999,0.1002,0.1,0.0999,0.1001,0.1,0.0999,0.1,0.1001,0.0999,0.1,0.1,0.0999,0.1001,0.1001,0.1002,0.0999,0.1,0.1,0.1,0.1,0.0999,0.1,0.1,0.1002,0.1001,0.1,0.0999,0.0997,0.1,0.1
2;1,0.0986,0.0938,0.0937,0.0935,0.0936,0.0936,0.0936,0.0935,0.0936,0.0934,0.0935,0.0936,0.0936,0.0936,0.0934,0.0936,0.0934,0.0934,0.0934,0.0935,0.0935,0.0934,0.0934,0.0933,0.0934,0.0935,0.0935,0.0935,0.0934,0.0934,0.0934,0.0934,0.0935,0.0935,0.0933,0.0932,0.0934,0.0933,0.0936,0.0934,0.0934,0.0935,0.0934,0.0936,0.0934,0.0934,0.0935,0.0932,0.0934,0.0933,0.0935,0.0934,0.0933,0.0934,0.0933,0.0935,0.0933,0.0934,0.0936,0.0932,0.0934,0.0933,0.0934,0.0932,0.0933,0.0933,0.0937,0.0933,0.0932,0.0932,0.0932,0.0934,0.0933,0.0932,0.0933,0.0933,0.0933,0.0933,0.0933,0.0932,0.0934,0.0932,0.0933,0.0934,0.0932,0.0934,0.0934,0.0934,0.0933,0.0934,0.0933,0.0933,0.0932,0.0932,0.0934,0.0934
2;2,0.1042,0.0972,0.0974,0.0976,0.0977,0.0976,0.0978,0.0977,0.0978,0.0978,0.0981,0.098,0.098,0.098,0.0981,0.0981,0.0982,0.0982,0.0981,0.0982,0.0983,0.0984,0.0982,0.0983,0.0982,0.0984,0.0983,0.0985,0.0983,0.0983,0.0984,0.0984,0.0985,0.0987,0.0984,0.0982,0.0985,0.0983,0.0985,0.0984,0.0985,0.0987,0.0986,0.0987,0.0985,0.0984,0.0985,0.0984,0.0984,0.0984,0.0987,0.0986,0.0986,0.0986,0.0985,0.0986,0.0986,0.0988,0.0988,0.0984,0.0986,0.0986,0.0986,0.0986,0.0986,0.0985,0.099,0.0987,0.0987,0.0987,0.0987,0.0988,0.0989,0.0986,0.0986,0.0987,0.0987,0.0986,0.0986,0.0988,0.099,0.0987,0.0987,0.0988,0.0988,0.0988,0.0988,0.0988,0.0988,0.0988,0.0989,0.0987,0.0987,0.0986,0.0988,0.0988
2;3,0.1011,0.0943,0.0945,0.0945,0.0945,0.0946,0.0944,0.0944,0.0944,0.0944,0.0945,0.0943,0.0944,0.0944,0.0944,0.0944,0.0944,0.0944,0.0944,0.0945,0.0945,0.0944,0.0944,0.0943,0.0943,0.0944,0.0944,0.0944,0.0943,0.0944,0.0945,0.0945,0.0944,0.0944,0.0944,0.0943,0.0943,0.0944,0.0943,0.0942,0.0943,0.0945,0.0945,0.0944,0.0943,0.0942,0.0944,0.0943,0.0944,0.0943,0.0944,0.0946,0.0944,0.0946,0.0945,0.0944,0.0944,0.0945,0.0946,0.0942,0.0942,0.0945,0.0944,0.0945,0.0944,0.0944,0.0945,0.0943,0.0943,0.0943,0.0943,0.0944,0.0943,0.0944,0.0943,0.0944,0.0942,0.0943,0.0944,0.0944,0.0948,0.0944,0.0942,0.0945,0.0945,0.0943,0.0945,0.0944,0.0944,0.0943,0.0944,0.0943,0.0945,0.0941,0.0944,0.0942
3;2,0.0997,0.0936,0.0936,0.0937,0.0936,0.0935,0.0934,0.0933,0.0933,0.0933,0.0934,0.0934,0.0933,0.0933,0.0932,0.0933,0.0933,0.0933,0.093,0.0933,0.0933,0.0932,0.0932,0.0931,0.0932,0.0933,0.0932,0.0934,0.0932,0.0934,0.0934,0.0933,0.0933,0.0933,0.0933,0.0931,0.0934,0.0932,0.0933,0.0931,0.0933,0.0933,0.0933,0.0934,0.0934,0.0932,0.0933,0.0932,0.0931,0.0931,0.0933,0.0932,0.0931,0.0932,0.0933,0.0932,0.0933,0.0933,0.0934,0.0931,0.0931,0.0932,0.0932,0.0932,0.0932,0.0932,0.0935,0.0933,0.0933,0.0932,0.0932,0.0933,0.0932,0.0932,0.0932,0.0934,0.0933,0.0932,0.0932,0.0933,0.0935,0.0933,0.0932,0.0933,0.0933,0.0934,0.0932,0.0933,0.0932,0.0934,0.0933,0.0931,0.0931,0.093,0.0933,0.0931
,,,,,,,,,,,,,,,,,,,,,,,,,,,,,,,,,,,,,,,,,,,,,,,,,,,,,,,,,,,,,,,,,,,,,,,,,,,,,,,,,,,,,,,,,,,,,,,,
Cycles / Well,,,,,,,,,,,,,,,,,,,,,,,,,,,,,,,,,,,,,,,,,,,,,,,,,,,,,,,,,,,,,,,,,,,,,,,,,,,,,,,,,,,,,,,,,,,,,,,,
G9,1,2,3,4,5,6,7,8,9,10,11,12,13,14,15,16,17,18,19,20,21,22,23,24,25,26,27,28,29,30,31,32,33,34,35,36,37,38,39,40,41,42,43,44,45,46,47,48,49,50,51,52,53,54,55,56,57,58,59,60,61,62,63,64,65,66,67,68,69,70,71,72,73,74,75,76,77,78,79,80,81,82,83,84,85,86,87,88,89,90,91,92,93,94,95,96
Time [s],0,1799.827,3599.741,5399.669,7199.582,8999.52,10799.439,12599.362,14399.295,16199.216,17999.146,19799.079,21599.004,23398.923,25198.859,26998.777,28798.697,30598.623,32398.553,34198.485,35998.416,37798.341,39598.268,41398.198,43198.124,44998.054,46797.976,48597.918,50397.831,52197.762,53997.692,55797.629,57597.534,59397.461,61197.38,62997.315,64797.24,66597.165,68397.092,70197.031,71996.926,73796.86,75596.777,77396.712,79196.627,80996.562,82796.484,84596.403,86396.337,88196.281,89996.203,91796.133,93596.059,95395.99,97195.917,98995.844,100795.796,102595.694,104395.689,106195.553,107995.487,109795.413,111595.34,113395.273,115195.195,116995.132,118795.052,120594.981,122394.898,124194.845,125994.76,127794.681,129594.622,131394.544,133194.474,134994.397,136794.315,138594.255,140394.181,142194.115,143994.039,145793.949,147593.888,149393.809,151193.742,152993.677,154793.597,156593.512,158393.435,160193.362,161993.31,163793.212,165593.147,167393.086,169192.983,170992.91
Temp. [°C],20.1,30,29.8,30,30.1,30,29.9,30.1,30.1,30.1,30,30,30,30,30,30,30,30,30,30,30,30,30.1,30.1,30.1,30.1,30,30,30.1,30.1,30,30,30.1,30,29.9,30,30.1,30,30.1,29.9,30.1,29.8,30,29.9,30.1,30,30,29.9,30,30,30,30.1,29.9,30.2,30.1,30.1,30.1,30,30,30,30,30,30,30,30,30,30.1,30,30,30.2,30,30.1,30,30.1,30,30,30,30,30,30,29.9,30.1,30.1,30.1,30.1,30.1,29.9,30,29.8,30.1,30.1,29.8,29.9,30,30,30
Mean,0.1016,0.09544,0.0955,0.09554,0.09544,0.09552,0.09542,0.09546,0.09546,0.09548,0.0956,0.09556,0.0955,0.09556,0.09562,0.09558,0.09556,0.09562,0.09554,0.09562,0.09564,0.09566,0.09568,0.0956,0.09566,0.09564,0.09564,0.09578,0.09564,0.09566,0.09566,0.0957,0.09578,0.09576,0.09572,0.0955,0.09574,0.09558,0.09574,0.09564,0.09566,0.09582,0.09572,0.09578,0.0957,0.09562,0.09576,0.09558,0.09554,0.09554,0.09572,0.09574,0.0956,0.0957,0.09568,0.09566,0.09566,0.09584,0.0959,0.09564,0.09572,0.09568,0.09564,0.09576,0.09574,0.0956,0.09598,0.09578,0.09574,0.09576,0.09574,0.09578,0.09566,0.09574,0.09564,0.09584,0.09574,0.0957,0.0957,0.0958,0.09596,0.09568,0.09576,0.0958,0.09578,0.09572,0.09568,0.0958,0.09574,0.09584,0.09582,0.09574,0.09568,0.09554,0.09576,0.09568
StDev,0.001733494,0.001567801,0.001659819,0.001867619,0.002006988,0.002032732,0.002124147,0.002126735,0.002170944,0.002266495,0.002283637,0.002353296,0.002329163,0.002324435,0.002459065,0.002420124,0.00241723,0.00239416,0.002441925,0.0024994,0.002488574,0.002522499,0.002511374,0.00255832,0.002506591,0.002595766,0.002534364,0.002540079,0.002640644,0.002568657,0.002568657,0.002575849,0.002587856,0.002616868,0.002609981,0.002622975,0.002642537,0.002692025,0.00261113,0.002614001,0.002691282,0.002652734,0.00270037,0.002723417,0.002668333,0.002691096,0.002649151,0.002729835,0.002649151,0.00261113,0.002699444,0.002671704,0.002717536,0.002626785,0.002669644,0.002751908,0.002694068,0.002719926,0.002750455,0.002811227,0.002732581,0.002739891,0.002719926,0.002736421,0.002816558,0.002712932,0.002832314,0.002832314,0.002771823,0.002827189,0.002829841,0.00283496,0.00284482,0.00288236,0.00283249,0.002811227,0.002813006,0.002835489,0.002864437,0.00285482,0.002861468,0.002893441,0.002852718,0.002852192,0.002901207,0.002872629,0.002870888,0.002871411,0.002862342,0.002879757,0.002872629,0.002922841,0.002925235,0.002912559,0.002924551,0.0028735
1;2,0.1042,0.098,0.0981,0.0983,0.0983,0.0984,0.0984,0.0984,0.0984,0.0986,0.0987,0.0987,0.0987,0.0987,0.0989,0.0989,0.0987,0.0988,0.0988,0.099,0.099,0.0991,0.099,0.099,0.099,0.0991,0.099,0.0991,0.0991,0.099,0.099,0.0991,0.0991,0.0991,0.0991,0.0989,0.0992,0.0991,0.0992,0.099,0.0991,0.0993,0.0992,0.0993,0.0991,0.099,0.0991,0.099,0.0989,0.0989,0.0992,0.0992,0.099,0.099,0.099,0.0992,0.0991,0.0993,0.0993,0.0992,0.0992,0.0992,0.0991,0.0993,0.0993,0.0991,0.0996,0.0994,0.0992,0.0994,0.0993,0.0994,0.0993,0.0993,0.0992,0.0994,0.0993,0.0994,0.0994,0.0994,0.0996,0.0994,0.0993,0.0994,0.0994,0.0993,0.0992,0.0994,0.0993,0.0994,0.0994,0.0994,0.0994,0.0991,0.0994,0.0992
2;1,0.1006,0.0945,0.0945,0.0944,0.0943,0.0944,0.0942,0.0943,0.0943,0.0943,0.0944,0.0943,0.0943,0.0943,0.0942,0.0943,0.0943,0.0943,0.0943,0.0943,0.0943,0.0943,0.0944,0.0942,0.0943,0.0943,0.0943,0.0945,0.0944,0.0944,0.0944,0.0943,0.0945,0.0945,0.0944,0.0941,0.0944,0.0943,0.0946,0.0942,0.0943,0.0945,0.0944,0.0944,0.0944,0.0942,0.0944,0.0942,0.0942,0.0942,0.0945,0.0944,0.0943,0.0944,0.0943,0.0943,0.0942,0.0945,0.0945,0.0943,0.0943,0.0944,0.0943,0.0943,0.0942,0.0942,0.0946,0.0944,0.0943,0.0943,0.0944,0.0943,0.0942,0.0943,0.0942,0.0945,0.0943,0.0943,0.0943,0.0943,0.0946,0.0943,0.0943,0.0944,0.0944,0.0943,0.0943,0.0944,0.0943,0.0945,0.0944,0.0943,0.0942,0.0941,0.0943,0.0942
2;2,0.1023,0.0959,0.0962,0.0966,0.0967,0.0968,0.0968,0.0969,0.097,0.097,0.0972,0.0973,0.0971,0.0972,0.0974,0.0972,0.0974,0.0974,0.0973,0.0974,0.0974,0.0974,0.0975,0.0975,0.0975,0.0975,0.0975,0.0977,0.0976,0.0976,0.0976,0.0976,0.0978,0.0978,0.0977,0.0975,0.0977,0.0976,0.0976,0.0977,0.0978,0.0978,0.0978,0.0979,0.0978,0.0978,0.0979,0.0978,0.0976,0.0976,0.0978,0.0978,0.0978,0.0978,0.0979,0.0978,0.0978,0.098,0.0982,0.0979,0.0979,0.0978,0.0978,0.0979,0.098,0.0977,0.0982,0.098,0.098,0.098,0.098,0.098,0.0979,0.0981,0.0979,0.0981,0.098,0.0978,0.0979,0.0981,0.0982,0.0979,0.0981,0.0981,0.0981,0.0981,0.0981,0.0981,0.0981,0.0982,0.0982,0.0981,0.098,0.098,0.0982,0.0981
2;3,0.1012,0.0945,0.0946,0.0946,0.0945,0.0946,0.0945,0.0945,0.0945,0.0945,0.0946,0.0945,0.0944,0.0946,0.0947,0.0946,0.0946,0.0946,0.0945,0.0945,0.0946,0.0946,0.0947,0.0945,0.0946,0.0946,0.0946,0.0947,0.0945,0.0946,0.0946,0.0947,0.0947,0.0947,0.0947,0.0945,0.0947,0.0944,0.0946,0.0946,0.0945,0.0947,0.0946,0.0946,0.0946,0.0946,0.0947,0.0945,0.0946,0.0944,0.0945,0.0946,0.0945,0.0947,0.0946,0.0945,0.0946,0.0947,0.0948,0.0944,0.0946,0.0945,0.0945,0.0946,0.0947,0.0945,0.0948,0.0946,0.0947,0.0945,0.0946,0.0947,0.0945,0.0947,0.0946,0.0946,0.0946,0.0946,0.0945,0.0947,0.0948,0.0945,0.0947,0.0946,0.0947,0.0945,0.0945,0.0947,0.0946,0.0947,0.0946,0.0946,0.0945,0.0944,0.0945,0.0946
3;2,0.0997,0.0943,0.0941,0.0938,0.0934,0.0934,0.0932,0.0932,0.0931,0.093,0.0931,0.093,0.093,0.093,0.0929,0.0929,0.0928,0.093,0.0928,0.0929,0.0929,0.0929,0.0928,0.0928,0.0929,0.0927,0.0928,0.0929,0.0926,0.0927,0.0927,0.0928,0.0928,0.0927,0.0927,0.0925,0.0927,0.0925,0.0927,0.0927,0.0926,0.0928,0.0926,0.0927,0.0926,0.0925,0.0927,0.0924,0.0924,0.0926,0.0926,0.0927,0.0924,0.0926,0.0926,0.0925,0.0926,0.0927,0.0927,0.0924,0.0926,0.0925,0.0925,0.0927,0.0925,0.0925,0.0927,0.0925,0.0925,0.0926,0.0924,0.0925,0.0924,0.0923,0.0923,0.0926,0.0925,0.0924,0.0924,0.0925,0.0926,0.0923,0.0924,0.0925,0.0923,0.0924,0.0923,0.0924,0.0924,0.0924,0.0925,0.0923,0.0923,0.0921,0.0924,0.0923
,,,,,,,,,,,,,,,,,,,,,,,,,,,,,,,,,,,,,,,,,,,,,,,,,,,,,,,,,,,,,,,,,,,,,,,,,,,,,,,,,,,,,,,,,,,,,,,,
Cycles / Well,,,,,,,,,,,,,,,,,,,,,,,,,,,,,,,,,,,,,,,,,,,,,,,,,,,,,,,,,,,,,,,,,,,,,,,,,,,,,,,,,,,,,,,,,,,,,,,,
G10,1,2,3,4,5,6,7,8,9,10,11,12,13,14,15,16,17,18,19,20,21,22,23,24,25,26,27,28,29,30,31,32,33,34,35,36,37,38,39,40,41,42,43,44,45,46,47,48,49,50,51,52,53,54,55,56,57,58,59,60,61,62,63,64,65,66,67,68,69,70,71,72,73,74,75,76,77,78,79,80,81,82,83,84,85,86,87,88,89,90,91,92,93,94,95,96
Time [s],0,1799.827,3599.741,5399.669,7199.582,8999.52,10799.439,12599.362,14399.295,16199.216,17999.146,19799.079,21599.004,23398.923,25198.859,26998.777,28798.697,30598.623,32398.553,34198.485,35998.416,37798.341,39598.268,41398.198,43198.124,44998.054,46797.976,48597.918,50397.831,52197.762,53997.692,55797.629,57597.534,59397.461,61197.38,62997.315,64797.24,66597.165,68397.092,70197.031,71996.926,73796.86,75596.777,77396.712,79196.627,80996.562,82796.484,84596.403,86396.337,88196.281,89996.203,91796.133,93596.059,95395.99,97195.917,98995.844,100795.796,102595.694,104395.689,106195.553,107995.487,109795.413,111595.34,113395.273,115195.195,116995.132,118795.052,120594.981,122394.898,124194.845,125994.76,127794.681,129594.622,131394.544,133194.474,134994.397,136794.315,138594.255,140394.181,142194.115,143994.039,145793.949,147593.888,149393.809,151193.742,152993.677,154793.597,156593.512,158393.435,160193.362,161993.31,163793.212,165593.147,167393.086,169192.983,170992.91
Temp. [°C],20.1,30,29.8,30,30.1,30,29.9,30.1,30.1,30.1,30,30,30,30,30,30,30,30,30,30,30,30,30.1,30.1,30.1,30.1,30,30,30.1,30.1,30,30,30.1,30,29.9,30,30.1,30,30.1,29.9,30.1,29.8,30,29.9,30.1,30,30,29.9,30,30,30,30.1,29.9,30.2,30.1,30.1,30.1,30,30,30,30,30,30,30,30,30,30.1,30,30,30.2,30,30.1,30,30.1,30,30,30,30,30,30,29.9,30.1,30.1,30.1,30.1,30.1,29.9,30,29.8,30.1,30.1,29.8,29.9,30,30,30
Mean,0.10278,0.09692,0.09708,0.09714,0.09718,0.09712,0.0971,0.09704,0.0971,0.09718,0.0972,0.09722,0.09714,0.09724,0.09718,0.0972,0.09724,0.0972,0.09714,0.09714,0.09724,0.09724,0.09718,0.09724,0.09722,0.0973,0.09732,0.09736,0.09726,0.09728,0.09736,0.09734,0.09746,0.09738,0.09732,0.09714,0.0973,0.09718,0.09724,0.09722,0.09728,0.09742,0.09738,0.09738,0.09734,0.09716,0.09736,0.09726,0.09714,0.09718,0.09732,0.0973,0.09724,0.09728,0.0973,0.09734,0.09732,0.09738,0.0975,0.0972,0.09736,0.09736,0.09724,0.09736,0.09732,0.09724,0.0977,0.09738,0.0973,0.09736,0.09732,0.09744,0.09734,0.09736,0.09732,0.09746,0.09734,0.09736,0.09726,0.09746,0.09768,0.09722,0.09734,0.09744,0.09742,0.09742,0.09734,0.09746,0.0974,0.0975,0.09748,0.09734,0.09734,0.09726,0.09744,0.09744
StDev,0.00438315,0.003684698,0.003687411,0.003634969,0.003711065,0.003684698,0.003638681,0.003656228,0.003678994,0.003691477,0.003754331,0.003743928,0.003738048,0.003772002,0.003734568,0.003758324,0.00381615,0.003766962,0.003776639,0.003810905,0.003819424,0.003825964,0.003817329,0.00381615,0.003824526,0.003763642,0.003887416,0.003882396,0.003848766,0.003868721,0.003897178,0.003859145,0.003897178,0.003868721,0.003851234,0.003856553,0.003946517,0.003832362,0.00381615,0.003870013,0.003873242,0.003884842,0.003875177,0.003868721,0.003893328,0.003886258,0.00379447,0.00382531,0.00380434,0.003933446,0.003891915,0.003813791,0.00383184,0.003792361,0.003864583,0.003948797,0.003819293,0.003875177,0.003954112,0.003941446,0.003929758,0.00388883,0.003859145,0.003897178,0.003884842,0.003943729,0.003956008,0.003966989,0.003999375,0.003882396,0.003921352,0.003950696,0.003866264,0.003997874,0.003913694,0.004021567,0.003953859,0.003903588,0.003950696,0.003946898,0.003926449,0.003971398,0.003950696,0.003975299,0.003935353,0.00398585,0.003917014,0.004005371,0.003966737,0.003990614,0.004010237,0.003975299,0.004059926,0.003997874,0.004015968,0.003965854
1;2,0.1073,0.1008,0.1009,0.1009,0.1008,0.1009,0.1008,0.1007,0.1008,0.1008,0.1009,0.1009,0.1007,0.1009,0.1007,0.1008,0.1008,0.1007,0.1007,0.1008,0.1008,0.1007,0.1007,0.1008,0.1009,0.1008,0.1009,0.101,0.1008,0.1009,0.101,0.1009,0.1011,0.101,0.1008,0.1007,0.1008,0.1007,0.1008,0.1008,0.1008,0.101,0.1009,0.101,0.101,0.1007,0.1008,0.1009,0.1006,0.1007,0.1008,0.1009,0.1008,0.1008,0.1008,0.101,0.1008,0.1009,0.1011,0.1008,0.1009,0.1009,0.1008,0.101,0.1009,0.1008,0.1013,0.101,0.1009,0.101,0.101,0.1011,0.1008,0.101,0.1009,0.1011,0.101,0.1009,0.1008,0.101,0.1013,0.1008,0.101,0.101,0.1009,0.101,0.1009,0.101,0.1009,0.101,0.1011,0.1009,0.1009,0.1009,0.101,0.1009
2;1,0.1007,0.0954,0.0956,0.0957,0.0958,0.0958,0.0957,0.0957,0.0957,0.0957,0.0956,0.0957,0.0957,0.0957,0.0956,0.0956,0.0956,0.0957,0.0956,0.0955,0.0957,0.0957,0.0955,0.0956,0.0956,0.0957,0.0957,0.0957,0.0957,0.0956,0.0957,0.0957,0.0958,0.0957,0.0957,0.0954,0.0955,0.0955,0.0956,0.0955,0.0955,0.0957,0.0957,0.0957,0.0956,0.0954,0.0957,0.0956,0.0953,0.0955,0.0956,0.0956,0.0956,0.0957,0.0957,0.0955,0.0956,0.0957,0.0957,0.0955,0.0956,0.0957,0.0956,0.0957,0.0956,0.0955,0.096,0.0956,0.0956,0.0957,0.0956,0.0957,0.0957,0.0957,0.0956,0.0956,0.0957,0.0957,0.0957,0.0958,0.096,0.0955,0.0956,0.0958,0.0957,0.0957,0.0957,0.0958,0.0958,0.0957,0.0957,0.0957,0.0956,0.0956,0.0957,0.0957
2;2,0.1071,0.1008,0.101,0.101,0.1013,0.101,0.101,0.101,0.1011,0.1013,0.1014,0.1014,0.1014,0.1015,0.1015,0.1015,0.1017,0.1016,0.1015,0.1015,0.1017,0.1018,0.1017,0.1017,0.1016,0.1017,0.1019,0.1019,0.1018,0.1018,0.1019,0.1019,0.102,0.1019,0.1019,0.1017,0.1021,0.1017,0.1017,0.1018,0.1019,0.102,0.102,0.1019,0.1019,0.1018,0.1019,0.1017,0.1017,0.1019,0.102,0.1017,0.1017,0.1017,0.1019,0.102,0.1019,0.102,0.1022,0.1019,0.1021,0.102,0.1018,0.1019,0.1019,0.102,0.1024,0.1021,0.1021,0.1019,0.1019,0.1021,0.102,0.1021,0.102,0.1023,0.102,0.102,0.102,0.1022,0.1023,0.102,0.102,0.1022,0.1022,0.1022,0.102,0.1023,0.1022,0.1024,0.1023,0.1021,0.1023,0.102,0.1023,0.1023
2;3,0.1017,0.0949,0.0951,0.0952,0.0952,0.0952,0.0952,0.0951,0.0951,0.0952,0.0952,0.0952,0.0951,0.0952,0.0952,0.0952,0.0952,0.0951,0.0951,0.0951,0.0951,0.0951,0.0951,0.0952,0.0951,0.0953,0.0952,0.0952,0.0951,0.0952,0.0953,0.0952,0.0954,0.0953,0.0953,0.0951,0.0952,0.0952,0.0952,0.0951,0.0953,0.0954,0.0953,0.0953,0.0952,0.0951,0.0953,0.0951,0.0952,0.0951,0.0953,0.0954,0.0953,0.0953,0.0952,0.0953,0.0952,0.0953,0.0955,0.095,0.0952,0.0952,0.0951,0.0953,0.0953,0.095,0.0956,0.0953,0.0951,0.0952,0.0952,0.0953,0.0952,0.0952,0.0951,0.0953,0.0951,0.0953,0.095,0.0953,0.0956,0.095,0.0952,0.0953,0.0953,0.0953,0.0952,0.0953,0.0952,0.0953,0.0953,0.0952,0.0951,0.0951,0.0953,0.0953
3;2,0.0971,0.0927,0.0928,0.0929,0.0928,0.0927,0.0928,0.0927,0.0928,0.0929,0.0929,0.0929,0.0928,0.0929,0.0929,0.0929,0.0929,0.0929,0.0928,0.0928,0.0929,0.0929,0.0929,0.0929,0.0929,0.093,0.0929,0.093,0.0929,0.0929,0.0929,0.093,0.093,0.093,0.0929,0.0928,0.0929,0.0928,0.0929,0.0929,0.0929,0.093,0.093,0.093,0.093,0.0928,0.0931,0.093,0.0929,0.0927,0.0929,0.0929,0.0928,0.0929,0.0929,0.0929,0.0931,0.093,0.093,0.0928,0.093,0.093,0.0929,0.0929,0.0929,0.0929,0.0932,0.0929,0.0928,0.093,0.0929,0.093,0.093,0.0928,0.093,0.093,0.0929,0.0929,0.0928,0.093,0.0932,0.0928,0.0929,0.0929,0.093,0.0929,0.0929,0.0929,0.0929,0.0931,0.093,0.0928,0.0928,0.0927,0.0929,0.093
,,,,,,,,,,,,,,,,,,,,,,,,,,,,,,,,,,,,,,,,,,,,,,,,,,,,,,,,,,,,,,,,,,,,,,,,,,,,,,,,,,,,,,,,,,,,,,,,
Cycles / Well,,,,,,,,,,,,,,,,,,,,,,,,,,,,,,,,,,,,,,,,,,,,,,,,,,,,,,,,,,,,,,,,,,,,,,,,,,,,,,,,,,,,,,,,,,,,,,,,
G11,1,2,3,4,5,6,7,8,9,10,11,12,13,14,15,16,17,18,19,20,21,22,23,24,25,26,27,28,29,30,31,32,33,34,35,36,37,38,39,40,41,42,43,44,45,46,47,48,49,50,51,52,53,54,55,56,57,58,59,60,61,62,63,64,65,66,67,68,69,70,71,72,73,74,75,76,77,78,79,80,81,82,83,84,85,86,87,88,89,90,91,92,93,94,95,96
Time [s],0,1799.827,3599.741,5399.669,7199.582,8999.52,10799.439,12599.362,14399.295,16199.216,17999.146,19799.079,21599.004,23398.923,25198.859,26998.777,28798.697,30598.623,32398.553,34198.485,35998.416,37798.341,39598.268,41398.198,43198.124,44998.054,46797.976,48597.918,50397.831,52197.762,53997.692,55797.629,57597.534,59397.461,61197.38,62997.315,64797.24,66597.165,68397.092,70197.031,71996.926,73796.86,75596.777,77396.712,79196.627,80996.562,82796.484,84596.403,86396.337,88196.281,89996.203,91796.133,93596.059,95395.99,97195.917,98995.844,100795.796,102595.694,104395.689,106195.553,107995.487,109795.413,111595.34,113395.273,115195.195,116995.132,118795.052,120594.981,122394.898,124194.845,125994.76,127794.681,129594.622,131394.544,133194.474,134994.397,136794.315,138594.255,140394.181,142194.115,143994.039,145793.949,147593.888,149393.809,151193.742,152993.677,154793.597,156593.512,158393.435,160193.362,161993.31,163793.212,165593.147,167393.086,169192.983,170992.91
Temp. [°C],20.1,30,29.8,30,30.1,30,29.9,30.1,30.1,30.1,30,30,30,30,30,30,30,30,30,30,30,30,30.1,30.1,30.1,30.1,30,30,30.1,30.1,30,30,30.1,30,29.9,30,30.1,30,30.1,29.9,30.1,29.8,30,29.9,30.1,30,30,29.9,30,30,30,30.1,29.9,30.2,30.1,30.1,30.1,30,30,30,30,30,30,30,30,30,30.1,30,30,30.2,30,30.1,30,30.1,30,30,30,30,30,30,29.9,30.1,30.1,30.1,30.1,30.1,29.9,30,29.8,30.1,30.1,29.8,29.9,30,30,30
Mean,0.1,0.09724,0.09728,0.09734,0.0973,0.09736,0.09728,0.09728,0.0973,0.09732,0.09742,0.09736,0.09736,0.09742,0.0974,0.09742,0.09744,0.09746,0.09738,0.09748,0.09744,0.09746,0.09746,0.09742,0.09748,0.09752,0.09752,0.0976,0.0975,0.09756,0.09754,0.09756,0.09762,0.09764,0.09754,0.09738,0.09756,0.09742,0.09764,0.09752,0.09754,0.09766,0.0976,0.09768,0.09764,0.09744,0.09764,0.09744,0.0974,0.09744,0.09762,0.0976,0.09746,0.09758,0.09756,0.09758,0.09758,0.09772,0.09774,0.09748,0.09758,0.09756,0.09754,0.09754,0.09764,0.09758,0.09788,0.0976,0.0976,0.09762,0.0976,0.09766,0.0976,0.09756,0.09764,0.09766,0.09756,0.09754,0.0975,0.09772,0.0979,0.09756,0.0976,0.0977,0.09766,0.09768,0.09762,0.09768,0.09758,0.09768,0.09766,0.09758,0.09758,0.09746,0.09766,0.09756
StDev,0.003512122,0.00169794,0.001817141,0.001762952,0.002,0.001990729,0.002066882,0.002127675,0.002204541,0.002276401,0.002338162,0.002339444,0.002326585,0.002419091,0.002387467,0.002471235,0.002451122,0.002482539,0.002430432,0.002443768,0.002547155,0.00256671,0.002517538,0.002577208,0.002574296,0.002563591,0.002579147,0.002642915,0.002620115,0.002629258,0.002609214,0.002689424,0.002690167,0.00269685,0.002693139,0.002604227,0.002700555,0.002676191,0.00269685,0.002688308,0.002728186,0.002667958,0.002704626,0.002780647,0.00269685,0.002780827,0.002683841,0.002780827,0.002730385,0.002676378,0.002759891,0.002712932,0.002694068,0.002689238,0.002725436,0.00273441,0.002786037,0.002849035,0.002773626,0.002786037,0.002768935,0.002850088,0.002865833,0.002814782,0.002769115,0.002883054,0.002794101,0.002730385,0.002730385,0.002774347,0.002808024,0.00284921,0.002905168,0.00285447,0.002853594,0.002805887,0.002805887,0.002865833,0.002820461,0.002849035,0.002815138,0.002841303,0.002820461,0.002873152,0.002881493,0.002845523,0.002901207,0.002917533,0.002876978,0.002876978,0.002893614,0.002845523,0.002850789,0.002881493,0.00284921,0.002862342
1;2,0.1041,0.0998,0.1,0.0999,0.1001,0.1001,0.1001,0.1002,0.1003,0.1003,0.1005,0.1004,0.1004,0.1005,0.1004,0.1007,0.1006,0.1006,0.1004,0.1005,0.1006,0.1006,0.1006,0.1006,0.1007,0.1007,0.1006,0.1008,0.1007,0.1007,0.1007,0.1008,0.1008,0.1008,0.1008,0.1004,0.1008,0.1006,0.1008,0.1007,0.1009,0.1008,0.1008,0.101,0.1008,0.1007,0.1008,0.1007,0.1006,0.1005,0.1009,0.1007,0.1006,0.1007,0.1006,0.1008,0.1008,0.101,0.1009,0.1007,0.1007,0.1009,0.1009,0.1007,0.1009,0.1009,0.1012,0.1008,0.1008,0.1009,0.1008,0.1008,0.1009,0.1008,0.1008,0.1007,0.1006,0.1009,0.1007,0.101,0.101,0.1008,0.1008,0.1009,0.1009,0.1008,0.1009,0.1009,0.1008,0.1009,0.1009,0.1007,0.1008,0.1007,0.1008,0.1007
2;1,0.1001,0.097,0.0969,0.0969,0.0969,0.097,0.0969,0.0969,0.0969,0.0969,0.097,0.097,0.0969,0.097,0.097,0.0969,0.097,0.097,0.0971,0.0972,0.097,0.097,0.097,0.097,0.0971,0.0971,0.0972,0.0972,0.0972,0.0972,0.0972,0.0972,0.0973,0.0973,0.0971,0.097,0.0971,0.0971,0.0973,0.097,0.097,0.0972,0.0971,0.0972,0.0973,0.097,0.0972,0.097,0.097,0.097,0.0972,0.0973,0.0969,0.0971,0.0972,0.0971,0.0971,0.0973,0.0973,0.097,0.097,0.097,0.097,0.097,0.0971,0.0971,0.0974,0.0972,0.0972,0.097,0.0971,0.0972,0.0971,0.0971,0.0973,0.0972,0.0971,0.097,0.0971,0.0973,0.0975,0.0971,0.0972,0.0973,0.0971,0.0973,0.0972,0.0974,0.0971,0.0972,0.0972,0.0972,0.0972,0.0971,0.0972,0.0972
2;2,0.1028,0.0979,0.0981,0.0983,0.0985,0.0986,0.0986,0.0986,0.0987,0.0989,0.099,0.099,0.099,0.0992,0.0992,0.0991,0.0992,0.0993,0.0992,0.0993,0.0994,0.0995,0.0994,0.0994,0.0994,0.0995,0.0996,0.0997,0.0995,0.0997,0.0996,0.0997,0.0998,0.0999,0.0997,0.0996,0.0998,0.0996,0.0999,0.0998,0.0997,0.0999,0.0999,0.1,0.0999,0.0998,0.0999,0.0998,0.0997,0.0998,0.0999,0.0999,0.0998,0.0999,0.1,0.0999,0.1,0.1002,0.1002,0.0999,0.1001,0.1,0.1,0.1001,0.1,0.1001,0.1002,0.0999,0.0999,0.1,0.1001,0.1003,0.1002,0.1001,0.1002,0.1003,0.1002,0.1,0.1,0.1002,0.1005,0.1001,0.1001,0.1003,0.1003,0.1003,0.1002,0.1003,0.1002,0.1003,0.1003,0.1002,0.1001,0.1,0.1003,0.1002
2;3,0.0962,0.0956,0.0957,0.0959,0.0957,0.0958,0.0957,0.0957,0.0957,0.0958,0.0959,0.0957,0.0958,0.0958,0.0958,0.0958,0.0958,0.0959,0.0957,0.0959,0.0958,0.0958,0.0958,0.0958,0.0958,0.0958,0.0958,0.0959,0.0958,0.0958,0.0958,0.0958,0.0959,0.0958,0.0958,0.0957,0.0957,0.0956,0.0958,0.0958,0.0958,0.096,0.0958,0.0958,0.0958,0.0956,0.0959,0.0956,0.0956,0.0957,0.0958,0.0959,0.0958,0.0959,0.0958,0.0958,0.0958,0.0958,0.0959,0.0957,0.0959,0.0958,0.0957,0.0958,0.0959,0.0957,0.0961,0.0958,0.0958,0.0959,0.0958,0.0958,0.0957,0.0957,0.0958,0.0959,0.0958,0.0957,0.0956,0.0958,0.096,0.0956,0.0957,0.0958,0.0958,0.0958,0.0957,0.0957,0.0957,0.0958,0.0957,0.0957,0.0957,0.0956,0.0958,0.0956
3;2,0.0968,0.0959,0.0957,0.0957,0.0953,0.0953,0.0951,0.095,0.0949,0.0947,0.0947,0.0947,0.0947,0.0946,0.0946,0.0946,0.0946,0.0945,0.0945,0.0945,0.0944,0.0944,0.0945,0.0943,0.0944,0.0945,0.0944,0.0944,0.0943,0.0944,0.0944,0.0943,0.0943,0.0944,0.0943,0.0942,0.0944,0.0942,0.0944,0.0943,0.0943,0.0944,0.0944,0.0944,0.0944,0.0941,0.0944,0.0941,0.0941,0.0942,0.0943,0.0942,0.0942,0.0943,0.0942,0.0943,0.0942,0.0943,0.0944,0.0941,0.0942,0.0941,0.0941,0.0941,0.0943,0.0941,0.0945,0.0943,0.0943,0.0943,0.0942,0.0942,0.0941,0.0941,0.0941,0.0942,0.0941,0.0941,0.0941,0.0943,0.0945,0.0942,0.0942,0.0942,0.0942,0.0942,0.0941,0.0941,0.0941,0.0942,0.0942,0.0941,0.0941,0.0939,0.0942,0.0941
,,,,,,,,,,,,,,,,,,,,,,,,,,,,,,,,,,,,,,,,,,,,,,,,,,,,,,,,,,,,,,,,,,,,,,,,,,,,,,,,,,,,,,,,,,,,,,,,
Cycles / Well,,,,,,,,,,,,,,,,,,,,,,,,,,,,,,,,,,,,,,,,,,,,,,,,,,,,,,,,,,,,,,,,,,,,,,,,,,,,,,,,,,,,,,,,,,,,,,,,
G12,1,2,3,4,5,6,7,8,9,10,11,12,13,14,15,16,17,18,19,20,21,22,23,24,25,26,27,28,29,30,31,32,33,34,35,36,37,38,39,40,41,42,43,44,45,46,47,48,49,50,51,52,53,54,55,56,57,58,59,60,61,62,63,64,65,66,67,68,69,70,71,72,73,74,75,76,77,78,79,80,81,82,83,84,85,86,87,88,89,90,91,92,93,94,95,96
Time [s],0,1799.827,3599.741,5399.669,7199.582,8999.52,10799.439,12599.362,14399.295,16199.216,17999.146,19799.079,21599.004,23398.923,25198.859,26998.777,28798.697,30598.623,32398.553,34198.485,35998.416,37798.341,39598.268,41398.198,43198.124,44998.054,46797.976,48597.918,50397.831,52197.762,53997.692,55797.629,57597.534,59397.461,61197.38,62997.315,64797.24,66597.165,68397.092,70197.031,71996.926,73796.86,75596.777,77396.712,79196.627,80996.562,82796.484,84596.403,86396.337,88196.281,89996.203,91796.133,93596.059,95395.99,97195.917,98995.844,100795.796,102595.694,104395.689,106195.553,107995.487,109795.413,111595.34,113395.273,115195.195,116995.132,118795.052,120594.981,122394.898,124194.845,125994.76,127794.681,129594.622,131394.544,133194.474,134994.397,136794.315,138594.255,140394.181,142194.115,143994.039,145793.949,147593.888,149393.809,151193.742,152993.677,154793.597,156593.512,158393.435,160193.362,161993.31,163793.212,165593.147,167393.086,169192.983,170992.91
Temp. [°C],20.1,30,29.8,30,30.1,30,29.9,30.1,30.1,30.1,30,30,30,30,30,30,30,30,30,30,30,30,30.1,30.1,30.1,30.1,30,30,30.1,30.1,30,30,30.1,30,29.9,30,30.1,30,30.1,29.9,30.1,29.8,30,29.9,30.1,30,30,29.9,30,30,30,30.1,29.9,30.2,30.1,30.1,30.1,30,30,30,30,30,30,30,30,30,30.1,30,30,30.2,30,30.1,30,30.1,30,30,30,30,30,30,29.9,30.1,30.1,30.1,30.1,30.1,29.9,30,29.8,30.1,30.1,29.8,29.9,30,30,30
Mean,0.09678,0.09634,0.09642,0.09654,0.09652,0.09658,0.09646,0.09644,0.09652,0.09646,0.09664,0.09656,0.0965,0.09658,0.09656,0.09656,0.09652,0.09656,0.09648,0.09658,0.09654,0.09656,0.09656,0.09654,0.09658,0.09662,0.09656,0.09672,0.0966,0.09666,0.09664,0.0967,0.09672,0.09674,0.09666,0.09648,0.09666,0.09654,0.09668,0.09662,0.09664,0.09676,0.09674,0.09678,0.09664,0.09652,0.09672,0.09656,0.09654,0.09658,0.0967,0.09678,0.09666,0.09672,0.09674,0.09678,0.09678,0.09678,0.09688,0.0968,0.0969,0.0969,0.09686,0.097,0.09692,0.09694,0.09736,0.09716,0.09708,0.09712,0.09718,0.09726,0.0973,0.0973,0.0973,0.09746,0.09734,0.09736,0.09736,0.09758,0.09784,0.09744,0.09766,0.09772,0.09778,0.09778,0.09778,0.09778,0.09774,0.09786,0.09784,0.09782,0.09796,0.09776,0.09802,0.098
StDev,0.003438314,0.003357529,0.003282834,0.003314061,0.003324455,0.003179151,0.003250077,0.003274599,0.003249154,0.003295148,0.003349328,0.003282986,0.00334888,0.003359613,0.003372388,0.003286031,0.003402499,0.003380533,0.003408372,0.00335738,0.003391607,0.003335116,0.003419503,0.003431181,0.003449928,0.003452825,0.003410718,0.003363332,0.003374167,0.003415845,0.003389395,0.003386001,0.003408372,0.003428265,0.003410718,0.003488839,0.003500429,0.003428265,0.003337214,0.003446302,0.003473183,0.003415845,0.003468141,0.003431763,0.003473183,0.003390723,0.003350672,0.003410718,0.003368679,0.00329196,0.003363778,0.00325223,0.003228467,0.003256839,0.003291352,0.003324455,0.00328664,0.003271391,0.003225213,0.003155155,0.003156739,0.003108858,0.003054177,0.003154362,0.003134805,0.003029521,0.003066431,0.003063984,0.002953303,0.003052376,0.002942278,0.003002166,0.002836371,0.002904307,0.002890502,0.002889291,0.00287802,0.00285447,0.00285447,0.002828781,0.002858846,0.002853594,0.00291599,0.002916676,0.002851666,0.002916676,0.002865659,0.002917533,0.002857096,0.002965299,0.002930529,0.003003664,0.003077824,0.003046802,0.003227538,0.003117691
1;2,0.1008,0.1003,0.1003,0.1003,0.1003,0.1003,0.1002,0.1003,0.1003,0.1002,0.1005,0.1003,0.1003,0.1004,0.1003,0.1003,0.1004,0.1003,0.1003,0.1003,0.1003,0.1003,0.1004,0.1004,0.1004,0.1004,0.1003,0.1005,0.1003,0.1004,0.1004,0.1004,0.1005,0.1005,0.1004,0.1003,0.1005,0.1003,0.1004,0.1003,0.1004,0.1005,0.1005,0.1005,0.1004,0.1002,0.1003,0.1002,0.1001,0.1002,0.1004,0.1002,0.1001,0.1001,0.1001,0.1005,0.1003,0.1003,0.1003,0.1002,0.1002,0.1002,0.1,0.1003,0.1002,0.1002,0.1005,0.1004,0.1001,0.1003,0.1002,0.1003,0.1002,0.1002,0.1001,0.1002,0.1001,0.1001,0.1001,0.1003,0.1004,0.1001,0.1002,0.1003,0.1002,0.1002,0.1002,0.1002,0.1001,0.1002,0.1001,0.1002,0.1,0.1,0.1002,0.1002
2;1,0.094,0.0935,0.0937,0.0937,0.0937,0.094,0.0939,0.0938,0.094,0.0938,0.0941,0.0939,0.0938,0.0939,0.094,0.094,0.0938,0.0939,0.0938,0.0939,0.0939,0.094,0.0939,0.0939,0.094,0.094,0.094,0.0943,0.0942,0.0942,0.0942,0.0943,0.0944,0.0943,0.0943,0.0941,0.0941,0.0941,0.0943,0.0941,0.0941,0.0943,0.0943,0.0943,0.0941,0.0941,0.0943,0.094,0.0941,0.0943,0.0943,0.0945,0.0946,0.0944,0.0945,0.0943,0.0944,0.0944,0.0947,0.0946,0.0945,0.0945,0.0945,0.0945,0.0946,0.0944,0.0948,0.0946,0.0946,0.0946,0.0945,0.0946,0.0947,0.0945,0.0946,0.0948,0.0946,0.0947,0.0947,0.0948,0.0951,0.0946,0.0946,0.0946,0.0948,0.0947,0.0948,0.0946,0.0947,0.0947,0.0947,0.0946,0.0945,0.0944,0.0943,0.0947
2;2,0.1002,0.0996,0.0996,0.0999,0.0999,0.0997,0.0997,0.0996,0.0997,0.0998,0.1,0.0999,0.0999,0.1,0.1001,0.0999,0.1,0.1001,0.1,0.1001,0.1001,0.1,0.1001,0.1001,0.1002,0.1003,0.1002,0.1002,0.1002,0.1003,0.1002,0.1003,0.1003,0.1004,0.1003,0.1002,0.1004,0.1002,0.1002,0.1004,0.1004,0.1004,0.1005,0.1005,0.1004,0.1002,0.1004,0.1003,0.1003,0.1001,0.1003,0.1004,0.1002,0.1004,0.1005,0.1003,0.1004,0.1004,0.1005,0.1003,0.1005,0.1004,0.1004,0.1006,0.1005,0.1003,0.1009,0.1006,0.1005,0.1006,0.1005,0.1007,0.1004,0.1005,0.1006,0.1008,0.1006,0.1006,0.1006,0.1006,0.101,0.1005,0.1007,0.1007,0.1007,0.1007,0.1006,0.1007,0.1007,0.1008,0.1007,0.1007,0.1006,0.1005,0.1008,0.1007
2;3,0.0951,0.0949,0.095,0.0952,0.0951,0.0952,0.0951,0.0951,0.0952,0.0951,0.0951,0.0951,0.0951,0.0951,0.095,0.0951,0.0949,0.0951,0.095,0.0951,0.095,0.0951,0.095,0.0949,0.095,0.095,0.0949,0.0951,0.0949,0.095,0.095,0.0951,0.095,0.095,0.0949,0.0947,0.0949,0.0948,0.0949,0.0949,0.0949,0.0951,0.0949,0.095,0.0949,0.0947,0.095,0.0949,0.0947,0.0948,0.0949,0.0951,0.0949,0.095,0.095,0.0949,0.095,0.0948,0.0948,0.0947,0.0949,0.0949,0.0948,0.0949,0.0948,0.0948,0.095,0.0948,0.0949,0.0948,0.0948,0.0948,0.0947,0.0947,0.0947,0.0948,0.0947,0.0947,0.0947,0.0948,0.0949,0.0946,0.0947,0.0948,0.0948,0.0947,0.0947,0.0948,0.0948,0.0947,0.0947,0.0946,0.0947,0.0945,0.0947,0.0945
3;2,0.0938,0.0934,0.0935,0.0936,0.0936,0.0937,0.0934,0.0934,0.0934,0.0934,0.0935,0.0936,0.0934,0.0935,0.0934,0.0935,0.0935,0.0934,0.0933,0.0935,0.0934,0.0934,0.0934,0.0934,0.0933,0.0934,0.0934,0.0935,0.0934,0.0934,0.0934,0.0934,0.0934,0.0935,0.0934,0.0931,0.0934,0.0933,0.0936,0.0934,0.0934,0.0935,0.0935,0.0936,0.0934,0.0934,0.0936,0.0934,0.0935,0.0935,0.0936,0.0937,0.0935,0.0937,0.0936,0.0939,0.0938,0.094,0.0941,0.0942,0.0944,0.0945,0.0946,0.0947,0.0945,0.095,0.0956,0.0954,0.0953,0.0953,0.0959,0.0959,0.0965,0.0966,0.0965,0.0967,0.0967,0.0967,0.0967,0.0974,0.0978,0.0974,0.0981,0.0982,0.0984,0.0986,0.0986,0.0986,0.0984,0.0989,0.099,0.099,0.1,0.0994,0.1001,0.0999
,,,,,,,,,,,,,,,,,,,,,,,,,,,,,,,,,,,,,,,,,,,,,,,,,,,,,,,,,,,,,,,,,,,,,,,,,,,,,,,,,,,,,,,,,,,,,,,,
Cycles / Well,,,,,,,,,,,,,,,,,,,,,,,,,,,,,,,,,,,,,,,,,,,,,,,,,,,,,,,,,,,,,,,,,,,,,,,,,,,,,,,,,,,,,,,,,,,,,,,,
H1,1,2,3,4,5,6,7,8,9,10,11,12,13,14,15,16,17,18,19,20,21,22,23,24,25,26,27,28,29,30,31,32,33,34,35,36,37,38,39,40,41,42,43,44,45,46,47,48,49,50,51,52,53,54,55,56,57,58,59,60,61,62,63,64,65,66,67,68,69,70,71,72,73,74,75,76,77,78,79,80,81,82,83,84,85,86,87,88,89,90,91,92,93,94,95,96
Time [s],0,1799.827,3599.741,5399.669,7199.582,8999.52,10799.439,12599.362,14399.295,16199.216,17999.146,19799.079,21599.004,23398.923,25198.859,26998.777,28798.697,30598.623,32398.553,34198.485,35998.416,37798.341,39598.268,41398.198,43198.124,44998.054,46797.976,48597.918,50397.831,52197.762,53997.692,55797.629,57597.534,59397.461,61197.38,62997.315,64797.24,66597.165,68397.092,70197.031,71996.926,73796.86,75596.777,77396.712,79196.627,80996.562,82796.484,84596.403,86396.337,88196.281,89996.203,91796.133,93596.059,95395.99,97195.917,98995.844,100795.796,102595.694,104395.689,106195.553,107995.487,109795.413,111595.34,113395.273,115195.195,116995.132,118795.052,120594.981,122394.898,124194.845,125994.76,127794.681,129594.622,131394.544,133194.474,134994.397,136794.315,138594.255,140394.181,142194.115,143994.039,145793.949,147593.888,149393.809,151193.742,152993.677,154793.597,156593.512,158393.435,160193.362,161993.31,163793.212,165593.147,167393.086,169192.983,170992.91
Temp. [°C],20.1,30,29.8,30,30.1,30,29.9,30.1,30.1,30.1,30,30,30,30,30,30,30,30,30,30,30,30,30.1,30.1,30.1,30.1,30,30,30.1,30.1,30,30,30.1,30,29.9,30,30.1,30,30.1,29.9,30.1,29.8,30,29.9,30.1,30,30,29.9,30,30,30,30.1,29.9,30.2,30.1,30.1,30.1,30,30,30,30,30,30,30,30,30,30.1,30,30,30.2,30,30.1,30,30.1,30,30,30,30,30,30,29.9,30.1,30.1,30.1,30.1,30.1,29.9,30,29.8,30.1,30.1,29.8,29.9,30,30,30
Mean,0.09514,0.09484,0.09478,0.09472,0.09474,0.0947,0.09462,0.09458,0.0946,0.09464,0.09466,0.09476,0.09462,0.09468,0.09462,0.0946,0.09458,0.09454,0.09454,0.09454,0.09462,0.09456,0.0945,0.0945,0.09456,0.09456,0.09462,0.09462,0.09456,0.09466,0.09464,0.0947,0.09476,0.09488,0.0948,0.09464,0.09494,0.09498,0.09524,0.09526,0.09532,0.09556,0.0956,0.0958,0.096,0.09586,0.09636,0.09644,0.09634,0.09644,0.09664,0.0968,0.0973,0.09698,0.09744,0.0976,0.098,0.09814,0.09876,0.09852,0.09902,0.09922,0.09948,0.09946,0.09974,0.0999,0.1003,0.10048,0.10078,0.10054,0.10102,0.1014,0.1016,0.10172,0.1021,0.10218,0.10258,0.10252,0.1031,0.10326,0.10364,0.10412,0.10418,0.10432,0.1047,0.10482,0.105,0.1051,0.10528,0.10516,0.10548,0.10592,0.10594,0.10622,0.107,0.10658
StDev,0.002136118,0.002257875,0.002286263,0.002192487,0.002234502,0.00223942,0.002269802,0.002314519,0.002380126,0.002377604,0.00244806,0.002512568,0.00253318,0.002515353,0.002675257,0.002689796,0.002726169,0.00269685,0.002709797,0.002816558,0.002785139,0.002814782,0.002841654,0.002864437,0.00292113,0.002886694,0.002914961,0.002941428,0.002935643,0.002919418,0.00289275,0.002891366,0.002837781,0.002786934,0.002804461,0.002719007,0.002712563,0.002602307,0.002518531,0.002542243,0.002522301,0.002534364,0.002589401,0.002578759,0.002658947,0.002796963,0.003109341,0.003322349,0.003416577,0.003550775,0.003565529,0.003703377,0.004643813,0.00400899,0.004962157,0.005270199,0.005924525,0.006267615,0.007355814,0.007333962,0.008049037,0.0085943,0.009012602,0.008984041,0.009582693,0.010034939,0.010263284,0.0111327,0.011954372,0.011492084,0.012428073,0.013208331,0.01391492,0.013969145,0.014961952,0.015020053,0.016009435,0.015936656,0.017156923,0.017127551,0.017694434,0.019404819,0.019544871,0.01974391,0.02046839,0.020793196,0.021198467,0.021361648,0.021924119,0.021494604,0.022257179,0.023456278,0.023553195,0.024391945,0.025739949,0.024970222
1;2,0.097,0.0969,0.0971,0.0971,0.0973,0.0973,0.0973,0.0974,0.0974,0.0975,0.0976,0.0978,0.0977,0.0978,0.0979,0.098,0.0979,0.0979,0.0979,0.0981,0.0981,0.098,0.098,0.098,0.0981,0.0981,0.0982,0.0982,0.0981,0.0982,0.0981,0.0982,0.0982,0.0983,0.0982,0.098,0.0982,0.0982,0.0982,0.0982,0.0983,0.0984,0.0984,0.0983,0.0983,0.0981,0.0984,0.0981,0.0981,0.0983,0.0983,0.0982,0.0981,0.0983,0.0981,0.0982,0.0982,0.0983,0.0984,0.0982,0.0983,0.0982,0.0981,0.0981,0.0982,0.0981,0.0985,0.0983,0.0981,0.0982,0.0982,0.0983,0.0981,0.0983,0.0982,0.098,0.0981,0.0981,0.098,0.0983,0.0984,0.098,0.098,0.0981,0.0981,0.0981,0.0982,0.0982,0.0981,0.0982,0.0981,0.098,0.098,0.0979,0.0981,0.098
2;1,0.0973,0.097,0.0966,0.0962,0.0959,0.0957,0.0955,0.0953,0.0952,0.0952,0.0951,0.0952,0.0948,0.0948,0.0946,0.0945,0.0944,0.0942,0.0943,0.094,0.0939,0.0939,0.0937,0.0935,0.0938,0.0935,0.0936,0.0934,0.0933,0.0933,0.0934,0.0932,0.0933,0.0932,0.093,0.0928,0.0931,0.093,0.093,0.093,0.0929,0.0931,0.093,0.0931,0.0931,0.0929,0.093,0.093,0.0928,0.0928,0.093,0.0929,0.0931,0.093,0.0929,0.093,0.0929,0.093,0.093,0.0927,0.093,0.0929,0.0932,0.093,0.093,0.093,0.0932,0.093,0.0929,0.0928,0.0929,0.0929,0.0928,0.093,0.0928,0.0929,0.0928,0.0928,0.0928,0.0931,0.0931,0.0929,0.0928,0.0929,0.093,0.093,0.0929,0.093,0.0929,0.0929,0.0929,0.0929,0.0929,0.0928,0.093,0.093
2;2,0.0955,0.0953,0.0954,0.0954,0.0956,0.0957,0.0957,0.0957,0.096,0.096,0.0961,0.0963,0.0963,0.0963,0.0965,0.0964,0.0966,0.0965,0.0965,0.0966,0.0968,0.0968,0.0968,0.0969,0.097,0.097,0.0971,0.0972,0.0972,0.0973,0.0973,0.0974,0.0974,0.0975,0.0975,0.0972,0.0976,0.0974,0.0976,0.0977,0.0975,0.0978,0.0978,0.0979,0.0979,0.0978,0.098,0.0979,0.0978,0.0977,0.098,0.0981,0.098,0.0982,0.0982,0.0981,0.0983,0.0982,0.0984,0.0982,0.0983,0.0984,0.0984,0.0985,0.0984,0.0984,0.0987,0.0984,0.0985,0.0984,0.0985,0.0985,0.0984,0.0985,0.0984,0.0986,0.0984,0.0984,0.0985,0.0986,0.0988,0.0984,0.0985,0.0985,0.0985,0.0985,0.0985,0.0985,0.0984,0.0985,0.0985,0.0984,0.0983,0.0981,0.0983,0.0982
2;3,0.0934,0.0929,0.0929,0.093,0.0931,0.093,0.0929,0.0929,0.0929,0.0929,0.0931,0.0929,0.0929,0.093,0.0928,0.0928,0.0928,0.0929,0.0928,0.0929,0.093,0.093,0.0929,0.093,0.0928,0.093,0.0929,0.093,0.0929,0.093,0.0929,0.0929,0.093,0.093,0.0929,0.0925,0.093,0.0928,0.0929,0.0929,0.0929,0.093,0.0929,0.093,0.0931,0.0927,0.093,0.0929,0.0927,0.0927,0.0929,0.0932,0.093,0.093,0.093,0.0929,0.0931,0.0929,0.093,0.0928,0.0929,0.0928,0.0928,0.0929,0.0929,0.0928,0.0931,0.0929,0.0928,0.0928,0.0928,0.0928,0.0927,0.0926,0.0927,0.0928,0.0928,0.0927,0.0928,0.0928,0.093,0.0928,0.0928,0.0928,0.0929,0.0928,0.0928,0.0928,0.0928,0.0929,0.0929,0.0927,0.0927,0.0927,0.0928,0.0927
3;2,0.0925,0.0921,0.0919,0.0919,0.0918,0.0918,0.0917,0.0916,0.0915,0.0916,0.0914,0.0916,0.0914,0.0915,0.0913,0.0913,0.0912,0.0912,0.0912,0.0911,0.0913,0.0911,0.0911,0.0911,0.0911,0.0912,0.0913,0.0913,0.0913,0.0915,0.0915,0.0918,0.0919,0.0924,0.0924,0.0927,0.0928,0.0935,0.0945,0.0945,0.095,0.0955,0.0959,0.0967,0.0976,0.0978,0.0994,0.1003,0.1003,0.1007,0.101,0.1016,0.1043,0.1024,0.105,0.1058,0.1075,0.1083,0.111,0.1107,0.1126,0.1138,0.1149,0.1148,0.1162,0.1172,0.118,0.1198,0.1216,0.1205,0.1227,0.1245,0.126,0.1262,0.1284,0.1286,0.1308,0.1306,0.1334,0.1335,0.1349,0.1385,0.1388,0.1393,0.141,0.1417,0.1426,0.143,0.1442,0.1433,0.145,0.1476,0.1478,0.1496,0.1528,0.151
,,,,,,,,,,,,,,,,,,,,,,,,,,,,,,,,,,,,,,,,,,,,,,,,,,,,,,,,,,,,,,,,,,,,,,,,,,,,,,,,,,,,,,,,,,,,,,,,
Cycles / Well,,,,,,,,,,,,,,,,,,,,,,,,,,,,,,,,,,,,,,,,,,,,,,,,,,,,,,,,,,,,,,,,,,,,,,,,,,,,,,,,,,,,,,,,,,,,,,,,
H2,1,2,3,4,5,6,7,8,9,10,11,12,13,14,15,16,17,18,19,20,21,22,23,24,25,26,27,28,29,30,31,32,33,34,35,36,37,38,39,40,41,42,43,44,45,46,47,48,49,50,51,52,53,54,55,56,57,58,59,60,61,62,63,64,65,66,67,68,69,70,71,72,73,74,75,76,77,78,79,80,81,82,83,84,85,86,87,88,89,90,91,92,93,94,95,96
Time [s],0,1799.827,3599.741,5399.669,7199.582,8999.52,10799.439,12599.362,14399.295,16199.216,17999.146,19799.079,21599.004,23398.923,25198.859,26998.777,28798.697,30598.623,32398.553,34198.485,35998.416,37798.341,39598.268,41398.198,43198.124,44998.054,46797.976,48597.918,50397.831,52197.762,53997.692,55797.629,57597.534,59397.461,61197.38,62997.315,64797.24,66597.165,68397.092,70197.031,71996.926,73796.86,75596.777,77396.712,79196.627,80996.562,82796.484,84596.403,86396.337,88196.281,89996.203,91796.133,93596.059,95395.99,97195.917,98995.844,100795.796,102595.694,104395.689,106195.553,107995.487,109795.413,111595.34,113395.273,115195.195,116995.132,118795.052,120594.981,122394.898,124194.845,125994.76,127794.681,129594.622,131394.544,133194.474,134994.397,136794.315,138594.255,140394.181,142194.115,143994.039,145793.949,147593.888,149393.809,151193.742,152993.677,154793.597,156593.512,158393.435,160193.362,161993.31,163793.212,165593.147,167393.086,169192.983,170992.91
Temp. [°C],20.1,30,29.8,30,30.1,30,29.9,30.1,30.1,30.1,30,30,30,30,30,30,30,30,30,30,30,30,30.1,30.1,30.1,30.1,30,30,30.1,30.1,30,30,30.1,30,29.9,30,30.1,30,30.1,29.9,30.1,29.8,30,29.9,30.1,30,30,29.9,30,30,30,30.1,29.9,30.2,30.1,30.1,30.1,30,30,30,30,30,30,30,30,30,30.1,30,30,30.2,30,30.1,30,30.1,30,30,30,30,30,30,29.9,30.1,30.1,30.1,30.1,30.1,29.9,30,29.8,30.1,30.1,29.8,29.9,30,30,30
Mean,0.09586,0.09564,0.09558,0.09552,0.0955,0.09554,0.09542,0.09546,0.09544,0.09546,0.09548,0.0956,0.09546,0.0955,0.09554,0.09552,0.09546,0.09548,0.09546,0.09548,0.09552,0.09548,0.09546,0.09548,0.0955,0.09554,0.09556,0.09562,0.09554,0.09556,0.0956,0.09566,0.09566,0.09576,0.09568,0.09554,0.09574,0.09564,0.09576,0.0957,0.09576,0.09594,0.09588,0.096,0.09594,0.0958,0.09602,0.09596,0.09586,0.09594,0.09602,0.09608,0.09604,0.09608,0.09624,0.09622,0.09636,0.0964,0.09672,0.09642,0.09662,0.09676,0.0967,0.09684,0.09692,0.0969,0.0972,0.09706,0.09718,0.09714,0.09728,0.0975,0.09728,0.09736,0.09748,0.09766,0.09788,0.09772,0.09792,0.09812,0.0984,0.09848,0.09848,0.09864,0.09864,0.09878,0.09878,0.09882,0.09896,0.09894,0.09928,0.0992,0.09928,0.09926,0.0999,0.0995
StDev,0.001839293,0.001894202,0.002058397,0.002130023,0.002289105,0.002296301,0.002305862,0.002370232,0.002464346,0.00242755,0.002471235,0.002480927,0.002557929,0.002517936,0.00257449,0.002591718,0.002633059,0.002624309,0.002633059,0.002667771,0.002716984,0.00270869,0.002763693,0.002741715,0.002765863,0.002730018,0.002760978,0.002757172,0.002737334,0.002806778,0.002764055,0.00275826,0.002805887,0.002782625,0.002847279,0.002751,0.002789803,0.002760978,0.002780827,0.002744995,0.002764598,0.002695923,0.002754451,0.00275318,0.002749182,0.00278478,0.002691096,0.002721764,0.002691282,0.002757354,0.002738065,0.002798571,0.00275826,0.002799464,0.002846577,0.002839366,0.002874543,0.002904307,0.00295415,0.002870017,0.003023574,0.003107732,0.003185122,0.00323311,0.003312401,0.00329621,0.003398529,0.003536665,0.003727197,0.003580922,0.003933446,0.004023059,0.00401273,0.004094875,0.004399659,0.004408288,0.004898163,0.004702871,0.005117324,0.005085469,0.005360504,0.006236746,0.006008078,0.006188538,0.006104343,0.006463513,0.006541177,0.006709471,0.006863163,0.006724805,0.007371024,0.00750733,0.007782159,0.007967936,0.008756712,0.008088572
1;2,0.0983,0.0981,0.0983,0.0984,0.0986,0.0986,0.0985,0.0986,0.0987,0.0986,0.0987,0.0988,0.0987,0.0987,0.0988,0.0988,0.0987,0.0987,0.0987,0.0988,0.0989,0.0988,0.0988,0.0988,0.0988,0.0988,0.0989,0.099,0.0989,0.0989,0.0989,0.0989,0.099,0.0991,0.099,0.0988,0.099,0.0988,0.0991,0.0988,0.0989,0.099,0.099,0.0991,0.099,0.0989,0.099,0.0989,0.0986,0.0989,0.0989,0.0989,0.0988,0.099,0.0991,0.099,0.099,0.099,0.0991,0.0989,0.099,0.099,0.0991,0.0991,0.0989,0.099,0.0993,0.099,0.099,0.099,0.099,0.099,0.0989,0.0989,0.0988,0.0991,0.099,0.0989,0.0988,0.0991,0.0992,0.0989,0.099,0.0991,0.099,0.0991,0.0989,0.099,0.0989,0.099,0.0991,0.0989,0.0988,0.0988,0.099,0.0989
2;1,0.0958,0.0957,0.0952,0.0946,0.0944,0.0945,0.0942,0.0942,0.094,0.094,0.094,0.0941,0.0938,0.0939,0.0938,0.0937,0.0937,0.0936,0.0937,0.0936,0.0935,0.0935,0.0934,0.0934,0.0934,0.0933,0.0934,0.0933,0.0932,0.0931,0.0933,0.0932,0.0931,0.093,0.0929,0.0928,0.093,0.0928,0.093,0.0929,0.0928,0.093,0.0929,0.093,0.0928,0.0926,0.0929,0.0927,0.0926,0.0927,0.0927,0.0927,0.0927,0.0927,0.0927,0.0926,0.0926,0.0926,0.0928,0.0927,0.0927,0.0927,0.0926,0.0926,0.0927,0.0927,0.0928,0.0926,0.0925,0.0926,0.0925,0.0927,0.0924,0.0925,0.0924,0.0925,0.0924,0.0924,0.0924,0.0926,0.0927,0.0922,0.0925,0.0925,0.0926,0.0925,0.0925,0.0923,0.0925,0.0925,0.0925,0.0925,0.0923,0.0921,0.0925,0.0924
2;2,0.097,0.0968,0.097,0.0971,0.0972,0.0973,0.0972,0.0973,0.0974,0.0975,0.0975,0.0977,0.0977,0.0977,0.0978,0.0978,0.0979,0.0979,0.0979,0.0979,0.098,0.098,0.0981,0.0981,0.0982,0.0982,0.0982,0.0982,0.0981,0.0983,0.0983,0.0984,0.0984,0.0984,0.0985,0.0982,0.0985,0.0984,0.0984,0.0985,0.0985,0.0986,0.0986,0.0987,0.0986,0.0985,0.0986,0.0985,0.0985,0.0985,0.0987,0.0989,0.0987,0.0988,0.0988,0.0987,0.0988,0.0989,0.099,0.0987,0.0988,0.0989,0.0988,0.099,0.0991,0.0989,0.0993,0.099,0.0992,0.0991,0.0991,0.0992,0.0991,0.099,0.0989,0.0993,0.0992,0.0992,0.0991,0.0993,0.0994,0.0992,0.0992,0.0993,0.0993,0.0993,0.0993,0.0993,0.0994,0.0994,0.0994,0.0993,0.0993,0.0992,0.0994,0.0994
2;3,0.0943,0.0941,0.0941,0.0941,0.0941,0.0941,0.0941,0.0942,0.0941,0.0941,0.0942,0.0942,0.0941,0.0941,0.0942,0.0942,0.094,0.0942,0.094,0.0941,0.0941,0.0941,0.094,0.094,0.094,0.0941,0.0941,0.0942,0.0941,0.0941,0.0941,0.0942,0.0941,0.0943,0.0942,0.0939,0.0941,0.0939,0.0941,0.094,0.094,0.0943,0.0941,0.0941,0.0941,0.094,0.0942,0.094,0.0939,0.0938,0.0942,0.0941,0.0939,0.0941,0.094,0.094,0.0941,0.0941,0.0943,0.094,0.094,0.0941,0.0939,0.0941,0.094,0.094,0.0943,0.094,0.094,0.0941,0.0939,0.0941,0.0939,0.0939,0.0939,0.094,0.094,0.0939,0.0939,0.0941,0.0943,0.0939,0.0939,0.094,0.0941,0.094,0.094,0.094,0.094,0.0941,0.0941,0.0938,0.0939,0.0938,0.094,0.0939
3;2,0.0939,0.0935,0.0933,0.0934,0.0932,0.0932,0.0931,0.093,0.093,0.0931,0.093,0.0932,0.093,0.0931,0.0931,0.0931,0.093,0.093,0.093,0.093,0.0931,0.093,0.093,0.0931,0.0931,0.0933,0.0932,0.0934,0.0934,0.0934,0.0934,0.0936,0.0937,0.094,0.0938,0.094,0.0941,0.0943,0.0942,0.0943,0.0946,0.0948,0.0948,0.0951,0.0952,0.095,0.0954,0.0957,0.0957,0.0958,0.0956,0.0958,0.0961,0.0958,0.0966,0.0968,0.0973,0.0974,0.0984,0.0978,0.0986,0.0991,0.0991,0.0994,0.0999,0.0999,0.1003,0.1007,0.1012,0.1009,0.1019,0.1025,0.1021,0.1025,0.1034,0.1034,0.1048,0.1042,0.1054,0.1055,0.1064,0.1082,0.1078,0.1083,0.1082,0.109,0.1092,0.1095,0.11,0.1097,0.1113,0.1115,0.1121,0.1124,0.1146,0.1129
,,,,,,,,,,,,,,,,,,,,,,,,,,,,,,,,,,,,,,,,,,,,,,,,,,,,,,,,,,,,,,,,,,,,,,,,,,,,,,,,,,,,,,,,,,,,,,,,
Cycles / Well,,,,,,,,,,,,,,,,,,,,,,,,,,,,,,,,,,,,,,,,,,,,,,,,,,,,,,,,,,,,,,,,,,,,,,,,,,,,,,,,,,,,,,,,,,,,,,,,
H3,1,2,3,4,5,6,7,8,9,10,11,12,13,14,15,16,17,18,19,20,21,22,23,24,25,26,27,28,29,30,31,32,33,34,35,36,37,38,39,40,41,42,43,44,45,46,47,48,49,50,51,52,53,54,55,56,57,58,59,60,61,62,63,64,65,66,67,68,69,70,71,72,73,74,75,76,77,78,79,80,81,82,83,84,85,86,87,88,89,90,91,92,93,94,95,96
Time [s],0,1799.827,3599.741,5399.669,7199.582,8999.52,10799.439,12599.362,14399.295,16199.216,17999.146,19799.079,21599.004,23398.923,25198.859,26998.777,28798.697,30598.623,32398.553,34198.485,35998.416,37798.341,39598.268,41398.198,43198.124,44998.054,46797.976,48597.918,50397.831,52197.762,53997.692,55797.629,57597.534,59397.461,61197.38,62997.315,64797.24,66597.165,68397.092,70197.031,71996.926,73796.86,75596.777,77396.712,79196.627,80996.562,82796.484,84596.403,86396.337,88196.281,89996.203,91796.133,93596.059,95395.99,97195.917,98995.844,100795.796,102595.694,104395.689,106195.553,107995.487,109795.413,111595.34,113395.273,115195.195,116995.132,118795.052,120594.981,122394.898,124194.845,125994.76,127794.681,129594.622,131394.544,133194.474,134994.397,136794.315,138594.255,140394.181,142194.115,143994.039,145793.949,147593.888,149393.809,151193.742,152993.677,154793.597,156593.512,158393.435,160193.362,161993.31,163793.212,165593.147,167393.086,169192.983,170992.91
Temp. [°C],20.1,30,29.8,30,30.1,30,29.9,30.1,30.1,30.1,30,30,30,30,30,30,30,30,30,30,30,30,30.1,30.1,30.1,30.1,30,30,30.1,30.1,30,30,30.1,30,29.9,30,30.1,30,30.1,29.9,30.1,29.8,30,29.9,30.1,30,30,29.9,30,30,30,30.1,29.9,30.2,30.1,30.1,30.1,30,30,30,30,30,30,30,30,30,30.1,30,30,30.2,30,30.1,30,30.1,30,30,30,30,30,30,29.9,30.1,30.1,30.1,30.1,30.1,29.9,30,29.8,30.1,30.1,29.8,29.9,30,30,30
Mean,0.09684,0.09646,0.09652,0.09656,0.09658,0.09662,0.09662,0.09662,0.0966,0.09658,0.0967,0.09672,0.09664,0.09672,0.09672,0.0967,0.0967,0.0967,0.09672,0.09676,0.09676,0.09674,0.09674,0.09676,0.0968,0.09686,0.09684,0.09694,0.09688,0.09684,0.0969,0.09692,0.09698,0.09708,0.09688,0.09674,0.0969,0.0968,0.09694,0.09692,0.09692,0.09714,0.09708,0.09714,0.09712,0.09692,0.09708,0.09694,0.09688,0.09696,0.09708,0.09712,0.09706,0.09708,0.09714,0.09712,0.09722,0.09728,0.09756,0.09726,0.09744,0.09744,0.09742,0.09744,0.09756,0.0975,0.09786,0.09772,0.09778,0.09772,0.09782,0.0979,0.09784,0.09794,0.09798,0.09808,0.09816,0.09816,0.09826,0.09846,0.09866,0.09856,0.0986,0.09874,0.09876,0.09886,0.09892,0.0989,0.09906,0.09906,0.09906,0.09936,0.09924,0.09916,0.09954,0.09938
StDev,0.002126735,0.00206228,0.002182201,0.002317973,0.002474268,0.002434543,0.002525272,0.002609023,0.002679552,0.002645184,0.002631539,0.002699444,0.002724518,0.002738978,0.00270037,0.002758623,0.002808914,0.002800893,0.002785139,0.002839542,0.002791595,0.002908264,0.002900517,0.002888425,0.002853945,0.002841303,0.002899655,0.002946693,0.002908092,0.002946693,0.00293428,0.002960912,0.00294822,0.002902068,0.00294822,0.002941598,0.00288704,0.002930017,0.002804996,0.002956687,0.002909811,0.002938197,0.002856921,0.002850088,0.002870017,0.002914961,0.002859545,0.00289275,0.002865659,0.00292113,0.002904651,0.002824358,0.002841303,0.00286304,0.002907404,0.002852543,0.002858671,0.002837605,0.002836018,0.00277092,0.002804996,0.002804996,0.002816381,0.00280232,0.002828957,0.002848684,0.002897067,0.002852543,0.002876108,0.002828781,0.002896032,0.00291976,0.002890156,0.002935643,0.003019437,0.003022747,0.003184023,0.003178522,0.003269251,0.003384228,0.003374611,0.003740053,0.003662649,0.003785895,0.003775977,0.003950063,0.004073942,0.004042895,0.004216989,0.004102195,0.004238278,0.004962661,0.004688603,0.004727367,0.005141303,0.004937307
1;2,0.0998,0.0992,0.0994,0.0995,0.0997,0.0996,0.0997,0.0997,0.0997,0.0997,0.0998,0.0999,0.0998,0.0999,0.0998,0.0998,0.0999,0.0999,0.0998,0.0999,0.0999,0.1,0.1,0.0999,0.1,0.1001,0.1,0.1002,0.1,0.1,0.1002,0.1001,0.1002,0.1003,0.1001,0.0999,0.1001,0.0999,0.1,0.1002,0.1,0.1003,0.1001,0.1001,0.1002,0.1,0.1001,0.1,0.0999,0.1,0.1001,0.1,0.1,0.1,0.1001,0.1,0.1001,0.1,0.1003,0.1,0.1001,0.1001,0.1001,0.1,0.1001,0.1001,0.1005,0.1002,0.1002,0.1001,0.1001,0.1002,0.1,0.1001,0.0999,0.1002,0.1,0.1,0.1002,0.1002,0.1005,0.1001,0.1002,0.1003,0.1002,0.1001,0.1002,0.1002,0.1002,0.1002,0.1002,0.1001,0.1,0.1,0.1001,0.1001
2;1,0.0955,0.0954,0.0951,0.095,0.0948,0.0949,0.0949,0.0947,0.0947,0.0947,0.0948,0.0948,0.0947,0.0948,0.0947,0.0946,0.0946,0.0946,0.0946,0.0946,0.0946,0.0945,0.0945,0.0946,0.0946,0.0947,0.0946,0.0946,0.0947,0.0945,0.0946,0.0946,0.0946,0.0947,0.0945,0.0943,0.0945,0.0944,0.0946,0.0945,0.0946,0.0947,0.0947,0.0947,0.0946,0.0944,0.0946,0.0945,0.0943,0.0945,0.0946,0.0947,0.0945,0.0946,0.0945,0.0944,0.0945,0.0944,0.0946,0.0944,0.0945,0.0945,0.0944,0.0944,0.0945,0.0944,0.0947,0.0944,0.0944,0.0945,0.0944,0.0945,0.0945,0.0944,0.0944,0.0945,0.0943,0.0944,0.0944,0.0945,0.0947,0.0942,0.0944,0.0944,0.0945,0.0944,0.0944,0.0944,0.0945,0.0946,0.0945,0.0943,0.0944,0.0942,0.0944,0.0944
2;2,0.0984,0.0981,0.0983,0.0986,0.0988,0.0989,0.099,0.0992,0.0993,0.0992,0.0993,0.0994,0.0994,0.0995,0.0995,0.0996,0.0996,0.0996,0.0997,0.0998,0.0997,0.0998,0.0998,0.0999,0.0998,0.0998,0.1,0.1001,0.1001,0.1001,0.1,0.1002,0.1002,0.1002,0.1001,0.1,0.1,0.1001,0.1,0.1001,0.1002,0.1004,0.1003,0.1004,0.1003,0.1002,0.1003,0.1002,0.1001,0.1003,0.1004,0.1004,0.1003,0.1004,0.1005,0.1004,0.1005,0.1006,0.1008,0.1004,0.1006,0.1006,0.1006,0.1007,0.1008,0.1007,0.1011,0.1007,0.1006,0.1007,0.1007,0.1008,0.1007,0.1008,0.1007,0.1008,0.1007,0.1007,0.1007,0.1009,0.1011,0.1005,0.1009,0.1009,0.1009,0.1009,0.1009,0.1009,0.101,0.101,0.1009,0.1009,0.1008,0.1008,0.101,0.1009
2;3,0.0954,0.0951,0.0953,0.0953,0.0952,0.0953,0.0952,0.0952,0.0952,0.0951,0.0953,0.0952,0.0951,0.0951,0.0953,0.0952,0.0952,0.0951,0.0952,0.0952,0.0952,0.0952,0.0951,0.0952,0.0953,0.0953,0.0952,0.0953,0.0952,0.0952,0.0952,0.0952,0.0952,0.0953,0.0951,0.095,0.0952,0.095,0.0953,0.0951,0.0951,0.0953,0.0953,0.0953,0.0953,0.0951,0.0952,0.095,0.095,0.095,0.0951,0.0953,0.0951,0.0951,0.0952,0.0951,0.0951,0.0952,0.0954,0.0952,0.0951,0.0951,0.0952,0.0953,0.0952,0.0951,0.0954,0.0952,0.0951,0.0951,0.0951,0.0951,0.095,0.0952,0.095,0.0951,0.0951,0.095,0.095,0.0951,0.0953,0.0951,0.095,0.0951,0.0951,0.0952,0.0951,0.0951,0.0951,0.0952,0.0951,0.095,0.0951,0.095,0.0951,0.095
3;2,0.0951,0.0945,0.0945,0.0944,0.0944,0.0944,0.0943,0.0943,0.0941,0.0942,0.0943,0.0943,0.0942,0.0943,0.0943,0.0943,0.0942,0.0943,0.0943,0.0943,0.0944,0.0942,0.0943,0.0942,0.0943,0.0944,0.0944,0.0945,0.0944,0.0944,0.0945,0.0945,0.0947,0.0949,0.0946,0.0945,0.0947,0.0946,0.0948,0.0947,0.0947,0.095,0.095,0.0952,0.0952,0.0949,0.0952,0.095,0.0951,0.095,0.0952,0.0952,0.0954,0.0953,0.0954,0.0957,0.0959,0.0962,0.0967,0.0963,0.0969,0.0969,0.0968,0.0968,0.0972,0.0972,0.0976,0.0981,0.0986,0.0982,0.0988,0.0989,0.099,0.0992,0.0999,0.0998,0.1007,0.1007,0.101,0.1016,0.1017,0.1029,0.1025,0.103,0.1031,0.1037,0.104,0.1039,0.1045,0.1043,0.1046,0.1065,0.1059,0.1058,0.1071,0.1065
,,,,,,,,,,,,,,,,,,,,,,,,,,,,,,,,,,,,,,,,,,,,,,,,,,,,,,,,,,,,,,,,,,,,,,,,,,,,,,,,,,,,,,,,,,,,,,,,
Cycles / Well,,,,,,,,,,,,,,,,,,,,,,,,,,,,,,,,,,,,,,,,,,,,,,,,,,,,,,,,,,,,,,,,,,,,,,,,,,,,,,,,,,,,,,,,,,,,,,,,
H4,1,2,3,4,5,6,7,8,9,10,11,12,13,14,15,16,17,18,19,20,21,22,23,24,25,26,27,28,29,30,31,32,33,34,35,36,37,38,39,40,41,42,43,44,45,46,47,48,49,50,51,52,53,54,55,56,57,58,59,60,61,62,63,64,65,66,67,68,69,70,71,72,73,74,75,76,77,78,79,80,81,82,83,84,85,86,87,88,89,90,91,92,93,94,95,96
Time [s],0,1799.827,3599.741,5399.669,7199.582,8999.52,10799.439,12599.362,14399.295,16199.216,17999.146,19799.079,21599.004,23398.923,25198.859,26998.777,28798.697,30598.623,32398.553,34198.485,35998.416,37798.341,39598.268,41398.198,43198.124,44998.054,46797.976,48597.918,50397.831,52197.762,53997.692,55797.629,57597.534,59397.461,61197.38,62997.315,64797.24,66597.165,68397.092,70197.031,71996.926,73796.86,75596.777,77396.712,79196.627,80996.562,82796.484,84596.403,86396.337,88196.281,89996.203,91796.133,93596.059,95395.99,97195.917,98995.844,100795.796,102595.694,104395.689,106195.553,107995.487,109795.413,111595.34,113395.273,115195.195,116995.132,118795.052,120594.981,122394.898,124194.845,125994.76,127794.681,129594.622,131394.544,133194.474,134994.397,136794.315,138594.255,140394.181,142194.115,143994.039,145793.949,147593.888,149393.809,151193.742,152993.677,154793.597,156593.512,158393.435,160193.362,161993.31,163793.212,165593.147,167393.086,169192.983,170992.91
Temp. [°C],20.1,30,29.8,30,30.1,30,29.9,30.1,30.1,30.1,30,30,30,30,30,30,30,30,30,30,30,30,30.1,30.1,30.1,30.1,30,30,30.1,30.1,30,30,30.1,30,29.9,30,30.1,30,30.1,29.9,30.1,29.8,30,29.9,30.1,30,30,29.9,30,30,30,30.1,29.9,30.2,30.1,30.1,30.1,30,30,30,30,30,30,30,30,30,30.1,30,30,30.2,30,30.1,30,30.1,30,30,30,30,30,30,29.9,30.1,30.1,30.1,30.1,30.1,29.9,30,29.8,30.1,30.1,29.8,29.9,30,30,30
Mean,0.09676,0.09658,0.09654,0.09654,0.09652,0.09654,0.09646,0.09648,0.09646,0.0964,0.09646,0.09648,0.09644,0.09646,0.0964,0.09646,0.0964,0.09638,0.09634,0.09636,0.0964,0.0964,0.09636,0.09632,0.09636,0.09636,0.09632,0.09642,0.09632,0.0963,0.09632,0.09626,0.09634,0.09634,0.09628,0.09602,0.0962,0.09602,0.0962,0.09614,0.09616,0.09632,0.09622,0.0963,0.09618,0.09606,0.09618,0.096,0.09594,0.096,0.09616,0.09622,0.09606,0.09612,0.0961,0.09612,0.0962,0.0962,0.09632,0.09608,0.0962,0.09616,0.0961,0.09626,0.0962,0.09612,0.09648,0.09622,0.09618,0.09624,0.09626,0.09636,0.09626,0.0963,0.09634,0.09644,0.09636,0.0964,0.09642,0.0966,0.09688,0.09656,0.09664,0.09674,0.0968,0.09684,0.09686,0.09682,0.097,0.097,0.09706,0.09698,0.09704,0.097,0.09736,0.09734
StDev,0.003176948,0.003172854,0.003178522,0.003069691,0.003151508,0.003154838,0.003184023,0.003183866,0.003226918,0.00323651,0.003256225,0.003323703,0.003332867,0.003366452,0.003361547,0.003315569,0.003312854,0.003316172,0.003377573,0.003348582,0.003390428,0.003391165,0.00339897,0.003440494,0.003464535,0.003460202,0.003445577,0.003515252,0.003552745,0.003508561,0.003537937,0.003586502,0.003572534,0.00355359,0.003575192,0.003575891,0.003635932,0.003573794,0.0036,0.003644585,0.00368144,0.003634144,0.003688767,0.003702026,0.003699595,0.003669877,0.003699595,0.003715508,0.003789855,0.003743661,0.00369973,0.00366906,0.003797762,0.003805522,0.003745664,0.003780476,0.003762978,0.003805916,0.003709043,0.003762579,0.003804602,0.00380828,0.003836665,0.003892043,0.003826879,0.00379302,0.003746598,0.003766563,0.003679266,0.003724648,0.00365486,0.003632217,0.003652807,0.003657185,0.003548662,0.003658278,0.003526046,0.003489269,0.003463669,0.003392639,0.003430306,0.003214498,0.00326619,0.003179308,0.00321014,0.003116569,0.003129377,0.003036775,0.002968164,0.002980772,0.003006327,0.003001166,0.002897067,0.002880972,0.002784421,0.0028369
1;2,0.0992,0.0991,0.0993,0.0993,0.0996,0.0995,0.0996,0.0996,0.0997,0.0997,0.0998,0.1,0.0999,0.1001,0.1,0.1001,0.1,0.1001,0.1,0.1002,0.1002,0.1002,0.1001,0.1002,0.1002,0.1004,0.1003,0.1005,0.1005,0.1004,0.1005,0.1004,0.1005,0.1005,0.1005,0.1002,0.1005,0.1003,0.1004,0.1004,0.1004,0.1006,0.1006,0.1007,0.1006,0.1004,0.1006,0.1004,0.1005,0.1005,0.1005,0.1006,0.1006,0.1007,0.1006,0.1006,0.1007,0.1008,0.1008,0.1006,0.1008,0.1008,0.1008,0.101,0.1008,0.1008,0.1011,0.1008,0.1007,0.1008,0.1008,0.1008,0.1008,0.1008,0.1009,0.101,0.1009,0.1008,0.1009,0.1009,0.1013,0.1008,0.1008,0.1009,0.101,0.1009,0.1009,0.1008,0.1009,0.1009,0.1009,0.1009,0.1007,0.1006,0.1008,0.1008
2;1,0.0999,0.0997,0.0994,0.0991,0.0989,0.099,0.0988,0.0987,0.0986,0.0985,0.0985,0.0985,0.0985,0.0983,0.0982,0.0981,0.0981,0.0979,0.098,0.0978,0.0979,0.0978,0.0978,0.0977,0.0977,0.0974,0.0974,0.0974,0.0973,0.0972,0.0972,0.0971,0.0972,0.0971,0.097,0.0967,0.0968,0.0966,0.0968,0.0967,0.0967,0.0968,0.0966,0.0967,0.0965,0.0964,0.0965,0.0963,0.0961,0.0962,0.0963,0.0962,0.0959,0.0961,0.0961,0.096,0.0961,0.0961,0.0962,0.0958,0.096,0.0958,0.0958,0.0958,0.0958,0.0957,0.096,0.0957,0.0955,0.0956,0.0957,0.0957,0.0955,0.0955,0.0955,0.0956,0.0954,0.0954,0.0954,0.0955,0.0958,0.0953,0.0954,0.0955,0.0955,0.0955,0.0954,0.0954,0.0955,0.0956,0.0956,0.0953,0.0953,0.0952,0.0954,0.0954
2;2,0.0977,0.0974,0.0974,0.0975,0.0975,0.0976,0.0975,0.0977,0.0977,0.0976,0.0977,0.0977,0.0977,0.0978,0.0978,0.0979,0.0978,0.0978,0.0979,0.0978,0.0979,0.098,0.098,0.0979,0.0981,0.0981,0.0981,0.0983,0.0981,0.0982,0.0982,0.0983,0.0983,0.0983,0.0983,0.0981,0.0983,0.098,0.0984,0.0984,0.0985,0.0985,0.0985,0.0986,0.0985,0.0984,0.0985,0.0984,0.0984,0.0984,0.0987,0.0987,0.0987,0.0987,0.0986,0.0988,0.0988,0.0988,0.0989,0.0988,0.0989,0.0989,0.0988,0.0991,0.0991,0.0988,0.0992,0.0991,0.099,0.0991,0.099,0.0992,0.0991,0.0992,0.099,0.0993,0.0991,0.0992,0.0991,0.0994,0.0996,0.0991,0.0994,0.0993,0.0994,0.0994,0.0995,0.0993,0.0994,0.0994,0.0996,0.0994,0.0994,0.0994,0.0995,0.0996
2;3,0.0946,0.0945,0.0945,0.0946,0.0945,0.0945,0.0944,0.0944,0.0944,0.0944,0.0945,0.0944,0.0944,0.0944,0.0944,0.0944,0.0944,0.0944,0.0942,0.0943,0.0944,0.0944,0.0944,0.0944,0.0944,0.0944,0.0943,0.0944,0.0944,0.0943,0.0943,0.0943,0.0944,0.0945,0.0943,0.0941,0.0943,0.0942,0.0942,0.0941,0.0942,0.0945,0.0943,0.0943,0.0942,0.0941,0.0942,0.094,0.0939,0.094,0.0942,0.0944,0.0942,0.0941,0.0942,0.0942,0.0943,0.0942,0.0943,0.0941,0.0941,0.0941,0.094,0.0942,0.094,0.0941,0.0944,0.094,0.0941,0.0941,0.094,0.0942,0.094,0.0941,0.094,0.0942,0.0938,0.0941,0.094,0.0941,0.0944,0.094,0.094,0.0941,0.0941,0.094,0.094,0.094,0.0941,0.094,0.094,0.0939,0.0938,0.0938,0.0941,0.094
3;2,0.0924,0.0922,0.0921,0.0922,0.0921,0.0921,0.092,0.092,0.0919,0.0918,0.0918,0.0918,0.0917,0.0917,0.0916,0.0918,0.0917,0.0917,0.0916,0.0917,0.0916,0.0916,0.0915,0.0914,0.0914,0.0915,0.0915,0.0915,0.0913,0.0914,0.0914,0.0912,0.0913,0.0913,0.0913,0.091,0.0911,0.091,0.0912,0.0911,0.091,0.0912,0.0911,0.0912,0.0911,0.091,0.0911,0.0909,0.0908,0.0909,0.0911,0.0912,0.0909,0.091,0.091,0.091,0.0911,0.0911,0.0914,0.0911,0.0912,0.0912,0.0911,0.0912,0.0913,0.0912,0.0917,0.0915,0.0916,0.0916,0.0918,0.0919,0.0919,0.0919,0.0923,0.0921,0.0926,0.0925,0.0927,0.0931,0.0933,0.0936,0.0936,0.0939,0.094,0.0944,0.0945,0.0946,0.0951,0.0951,0.0952,0.0954,0.096,0.096,0.097,0.0969
,,,,,,,,,,,,,,,,,,,,,,,,,,,,,,,,,,,,,,,,,,,,,,,,,,,,,,,,,,,,,,,,,,,,,,,,,,,,,,,,,,,,,,,,,,,,,,,,
Cycles / Well,,,,,,,,,,,,,,,,,,,,,,,,,,,,,,,,,,,,,,,,,,,,,,,,,,,,,,,,,,,,,,,,,,,,,,,,,,,,,,,,,,,,,,,,,,,,,,,,
H5,1,2,3,4,5,6,7,8,9,10,11,12,13,14,15,16,17,18,19,20,21,22,23,24,25,26,27,28,29,30,31,32,33,34,35,36,37,38,39,40,41,42,43,44,45,46,47,48,49,50,51,52,53,54,55,56,57,58,59,60,61,62,63,64,65,66,67,68,69,70,71,72,73,74,75,76,77,78,79,80,81,82,83,84,85,86,87,88,89,90,91,92,93,94,95,96
Time [s],0,1799.827,3599.741,5399.669,7199.582,8999.52,10799.439,12599.362,14399.295,16199.216,17999.146,19799.079,21599.004,23398.923,25198.859,26998.777,28798.697,30598.623,32398.553,34198.485,35998.416,37798.341,39598.268,41398.198,43198.124,44998.054,46797.976,48597.918,50397.831,52197.762,53997.692,55797.629,57597.534,59397.461,61197.38,62997.315,64797.24,66597.165,68397.092,70197.031,71996.926,73796.86,75596.777,77396.712,79196.627,80996.562,82796.484,84596.403,86396.337,88196.281,89996.203,91796.133,93596.059,95395.99,97195.917,98995.844,100795.796,102595.694,104395.689,106195.553,107995.487,109795.413,111595.34,113395.273,115195.195,116995.132,118795.052,120594.981,122394.898,124194.845,125994.76,127794.681,129594.622,131394.544,133194.474,134994.397,136794.315,138594.255,140394.181,142194.115,143994.039,145793.949,147593.888,149393.809,151193.742,152993.677,154793.597,156593.512,158393.435,160193.362,161993.31,163793.212,165593.147,167393.086,169192.983,170992.91
Temp. [°C],20.1,30,29.8,30,30.1,30,29.9,30.1,30.1,30.1,30,30,30,30,30,30,30,30,30,30,30,30,30.1,30.1,30.1,30.1,30,30,30.1,30.1,30,30,30.1,30,29.9,30,30.1,30,30.1,29.9,30.1,29.8,30,29.9,30.1,30,30,29.9,30,30,30,30.1,29.9,30.2,30.1,30.1,30.1,30,30,30,30,30,30,30,30,30,30.1,30,30,30.2,30,30.1,30,30.1,30,30,30,30,30,30,29.9,30.1,30.1,30.1,30.1,30.1,29.9,30,29.8,30.1,30.1,29.8,29.9,30,30,30
Mean,0.0953,0.09502,0.095,0.095,0.09502,0.09504,0.09492,0.09494,0.09492,0.09494,0.09498,0.09496,0.0949,0.09498,0.09494,0.09498,0.09502,0.09498,0.09488,0.09496,0.09498,0.09498,0.0949,0.09492,0.09488,0.09502,0.09494,0.09508,0.09498,0.09502,0.09502,0.09504,0.09508,0.09514,0.09504,0.0948,0.09504,0.09488,0.09508,0.09502,0.09508,0.09518,0.0951,0.09522,0.09518,0.09498,0.09516,0.09508,0.09492,0.09502,0.09518,0.0952,0.0951,0.09514,0.0952,0.09514,0.09528,0.09538,0.09558,0.09538,0.0956,0.09548,0.0955,0.09556,0.0955,0.09554,0.09592,0.09574,0.0958,0.0957,0.09592,0.0959,0.09584,0.09592,0.09596,0.09604,0.09604,0.09604,0.09608,0.09636,0.09658,0.09644,0.09652,0.09654,0.09668,0.09674,0.09668,0.09674,0.09682,0.09686,0.09692,0.0969,0.09708,0.09684,0.09742,0.09708
StDev,0.003088689,0.002854295,0.002955503,0.002894823,0.002976911,0.002900517,0.003002832,0.003028696,0.003052376,0.002979597,0.002989482,0.003062352,0.003114482,0.00312522,0.003107732,0.00312522,0.00309144,0.003101935,0.003160222,0.003174587,0.003196404,0.003196404,0.003149603,0.003154679,0.003238364,0.003208115,0.003234656,0.003215898,0.003229861,0.003225988,0.003225988,0.003214498,0.003201094,0.003154838,0.003294389,0.003227228,0.003203592,0.003230635,0.003130016,0.003150714,0.003197186,0.003187789,0.003266497,0.003270627,0.003179937,0.00326374,0.003133369,0.00315943,0.0031697,0.003126819,0.003149127,0.003196091,0.003234965,0.003204372,0.003135283,0.003087556,0.003090631,0.003096288,0.003001166,0.002946523,0.002950424,0.002964287,0.002979933,0.002927969,0.002904307,0.002895341,0.002954996,0.002846577,0.002860944,0.0029,0.002812828,0.002827543,0.002831607,0.002830548,0.002879757,0.002905684,0.002903963,0.002842182,0.002966816,0.003036939,0.002997833,0.003145314,0.003174429,0.003102096,0.003274447,0.003336615,0.003229087,0.003348582,0.003381863,0.003406318,0.00348382,0.003532704,0.003886772,0.003760718,0.004199048,0.003830405
1;2,0.0991,0.0987,0.0988,0.0987,0.0988,0.0988,0.0988,0.0987,0.0988,0.0987,0.0987,0.0988,0.0988,0.0989,0.0988,0.0989,0.0988,0.0988,0.0988,0.0989,0.0989,0.0989,0.0988,0.0988,0.0989,0.0989,0.0989,0.0989,0.0989,0.0989,0.0989,0.0989,0.0989,0.099,0.099,0.0987,0.0989,0.0988,0.0988,0.0988,0.0989,0.099,0.099,0.0991,0.099,0.0989,0.0989,0.0989,0.0987,0.0989,0.0989,0.0988,0.0989,0.0989,0.0989,0.0988,0.099,0.0991,0.0992,0.0988,0.0991,0.0989,0.099,0.0989,0.0988,0.0989,0.0993,0.099,0.099,0.099,0.099,0.099,0.0989,0.0989,0.0988,0.099,0.0989,0.0989,0.0989,0.0989,0.0992,0.0989,0.099,0.099,0.099,0.099,0.099,0.0989,0.0989,0.0991,0.099,0.0989,0.0989,0.0987,0.099,0.0989
2;1,0.0941,0.0939,0.0936,0.0936,0.0935,0.0935,0.0934,0.0934,0.0933,0.0934,0.0934,0.0933,0.0932,0.0933,0.0932,0.0933,0.0934,0.0932,0.0931,0.0931,0.0931,0.0931,0.0931,0.0931,0.093,0.0931,0.0931,0.093,0.0931,0.0931,0.0931,0.0931,0.093,0.0931,0.093,0.0928,0.093,0.0928,0.0931,0.0929,0.0931,0.0931,0.093,0.093,0.093,0.0927,0.0929,0.0927,0.0927,0.0929,0.0929,0.093,0.0928,0.0929,0.0929,0.0929,0.0929,0.0928,0.0931,0.093,0.093,0.0928,0.093,0.093,0.0929,0.0928,0.0931,0.093,0.0929,0.0929,0.093,0.093,0.0929,0.093,0.0927,0.0929,0.0928,0.0929,0.0927,0.0928,0.0931,0.0928,0.0928,0.093,0.0929,0.0929,0.093,0.0929,0.093,0.093,0.093,0.0929,0.0928,0.0926,0.0929,0.0929
2;2,0.0979,0.0972,0.0973,0.0973,0.0974,0.0973,0.0973,0.0975,0.0974,0.0974,0.0975,0.0975,0.0975,0.0976,0.0976,0.0976,0.0977,0.0977,0.0976,0.0977,0.0978,0.0978,0.0976,0.0977,0.0977,0.0979,0.0978,0.0981,0.0979,0.098,0.098,0.098,0.0981,0.098,0.0981,0.0978,0.098,0.0979,0.0981,0.098,0.0981,0.0982,0.0982,0.0984,0.0982,0.0981,0.0982,0.0981,0.098,0.0979,0.0983,0.0985,0.0983,0.0983,0.0983,0.0982,0.0983,0.0984,0.0985,0.0984,0.0985,0.0985,0.0985,0.0986,0.0985,0.0984,0.0989,0.0985,0.0986,0.0986,0.0986,0.0987,0.0984,0.0987,0.0985,0.0988,0.0986,0.0986,0.0987,0.0986,0.0991,0.0987,0.0988,0.0989,0.0989,0.0989,0.0988,0.0988,0.0989,0.099,0.099,0.0989,0.0989,0.0988,0.099,0.0989
2;3,0.0937,0.0936,0.0937,0.0937,0.0938,0.0938,0.0935,0.0936,0.0936,0.0936,0.0937,0.0937,0.0936,0.0936,0.0936,0.0936,0.0937,0.0936,0.0935,0.0936,0.0936,0.0936,0.0936,0.0935,0.0934,0.0937,0.0935,0.0937,0.0935,0.0935,0.0935,0.0936,0.0936,0.0937,0.0935,0.0932,0.0936,0.0932,0.0934,0.0935,0.0935,0.0936,0.0935,0.0935,0.0936,0.0933,0.0935,0.0934,0.0932,0.0932,0.0934,0.0936,0.0934,0.0935,0.0935,0.0933,0.0933,0.0935,0.0935,0.0934,0.0934,0.0934,0.0934,0.0935,0.0933,0.0933,0.0937,0.0933,0.0934,0.0934,0.0934,0.0935,0.0931,0.0933,0.0932,0.0933,0.0932,0.0933,0.0932,0.0933,0.0936,0.0932,0.0933,0.0933,0.0933,0.0933,0.0933,0.0933,0.0933,0.0933,0.0933,0.0933,0.0932,0.0931,0.0934,0.0932
3;2,0.0917,0.0917,0.0916,0.0917,0.0916,0.0918,0.0916,0.0915,0.0915,0.0916,0.0916,0.0915,0.0914,0.0915,0.0915,0.0915,0.0915,0.0916,0.0914,0.0915,0.0915,0.0915,0.0914,0.0915,0.0914,0.0915,0.0914,0.0917,0.0915,0.0916,0.0916,0.0916,0.0918,0.0919,0.0916,0.0915,0.0917,0.0917,0.092,0.0919,0.0918,0.092,0.0918,0.0921,0.0921,0.0919,0.0923,0.0923,0.092,0.0922,0.0924,0.0921,0.0921,0.0921,0.0924,0.0925,0.0929,0.0931,0.0936,0.0933,0.094,0.0938,0.0936,0.0938,0.094,0.0943,0.0946,0.0949,0.0951,0.0946,0.0956,0.0953,0.0959,0.0957,0.0966,0.0962,0.0967,0.0965,0.0969,0.0982,0.0979,0.0986,0.0987,0.0985,0.0993,0.0996,0.0993,0.0998,0.1,0.0999,0.1003,0.1005,0.1016,0.101,0.1028,0.1015
,,,,,,,,,,,,,,,,,,,,,,,,,,,,,,,,,,,,,,,,,,,,,,,,,,,,,,,,,,,,,,,,,,,,,,,,,,,,,,,,,,,,,,,,,,,,,,,,
Cycles / Well,,,,,,,,,,,,,,,,,,,,,,,,,,,,,,,,,,,,,,,,,,,,,,,,,,,,,,,,,,,,,,,,,,,,,,,,,,,,,,,,,,,,,,,,,,,,,,,,
H6,1,2,3,4,5,6,7,8,9,10,11,12,13,14,15,16,17,18,19,20,21,22,23,24,25,26,27,28,29,30,31,32,33,34,35,36,37,38,39,40,41,42,43,44,45,46,47,48,49,50,51,52,53,54,55,56,57,58,59,60,61,62,63,64,65,66,67,68,69,70,71,72,73,74,75,76,77,78,79,80,81,82,83,84,85,86,87,88,89,90,91,92,93,94,95,96
Time [s],0,1799.827,3599.741,5399.669,7199.582,8999.52,10799.439,12599.362,14399.295,16199.216,17999.146,19799.079,21599.004,23398.923,25198.859,26998.777,28798.697,30598.623,32398.553,34198.485,35998.416,37798.341,39598.268,41398.198,43198.124,44998.054,46797.976,48597.918,50397.831,52197.762,53997.692,55797.629,57597.534,59397.461,61197.38,62997.315,64797.24,66597.165,68397.092,70197.031,71996.926,73796.86,75596.777,77396.712,79196.627,80996.562,82796.484,84596.403,86396.337,88196.281,89996.203,91796.133,93596.059,95395.99,97195.917,98995.844,100795.796,102595.694,104395.689,106195.553,107995.487,109795.413,111595.34,113395.273,115195.195,116995.132,118795.052,120594.981,122394.898,124194.845,125994.76,127794.681,129594.622,131394.544,133194.474,134994.397,136794.315,138594.255,140394.181,142194.115,143994.039,145793.949,147593.888,149393.809,151193.742,152993.677,154793.597,156593.512,158393.435,160193.362,161993.31,163793.212,165593.147,167393.086,169192.983,170992.91
Temp. [°C],20.1,30,29.8,30,30.1,30,29.9,30.1,30.1,30.1,30,30,30,30,30,30,30,30,30,30,30,30,30.1,30.1,30.1,30.1,30,30,30.1,30.1,30,30,30.1,30,29.9,30,30.1,30,30.1,29.9,30.1,29.8,30,29.9,30.1,30,30,29.9,30,30,30,30.1,29.9,30.2,30.1,30.1,30.1,30,30,30,30,30,30,30,30,30,30.1,30,30,30.2,30,30.1,30,30.1,30,30,30,30,30,30,29.9,30.1,30.1,30.1,30.1,30.1,29.9,30,29.8,30.1,30.1,29.8,29.9,30,30,30
Mean,0.09498,0.09472,0.09472,0.09472,0.0948,0.09482,0.09474,0.09476,0.09476,0.09476,0.09484,0.09484,0.0948,0.09488,0.09486,0.0949,0.0949,0.0949,0.09478,0.09492,0.0949,0.0949,0.09494,0.0949,0.09488,0.09494,0.09494,0.09504,0.09492,0.09494,0.095,0.09502,0.09506,0.09512,0.09504,0.09484,0.09492,0.0949,0.095,0.09494,0.09492,0.0952,0.0951,0.09514,0.0951,0.0949,0.09506,0.09498,0.0949,0.09494,0.09508,0.09518,0.09496,0.0951,0.0951,0.095,0.09512,0.09514,0.09538,0.0951,0.09526,0.0952,0.0952,0.09524,0.09526,0.09526,0.09554,0.09528,0.0953,0.09528,0.0953,0.0954,0.09536,0.09542,0.09538,0.0955,0.09556,0.09546,0.09546,0.09556,0.09586,0.09558,0.09578,0.09576,0.09578,0.0959,0.09584,0.09588,0.0959,0.09602,0.09596,0.09608,0.09618,0.09584,0.09632,0.09602
StDev,0.002185635,0.002191347,0.002275302,0.002396247,0.002488976,0.002576238,0.002587083,0.002676378,0.002655748,0.002676378,0.00272727,0.00281922,0.002817801,0.002878715,0.002868449,0.002849561,0.002878368,0.002839894,0.002901207,0.002960912,0.002962263,0.002983287,0.002982113,0.00296395,0.003026054,0.002974559,0.00307376,0.003068061,0.003039243,0.003068061,0.003030676,0.003118814,0.003070505,0.00314595,0.003139745,0.003082694,0.00307197,0.003064311,0.0029858,0.003081071,0.003088203,0.003082207,0.00313289,0.003130176,0.003116889,0.003113679,0.003104513,0.003168122,0.003099193,0.003151666,0.003182295,0.003161803,0.003117371,0.003114482,0.003170962,0.003095965,0.003158639,0.003148492,0.003038421,0.003157531,0.003114964,0.003101612,0.003116889,0.003063984,0.003106123,0.003063168,0.003127779,0.003078474,0.003000833,0.003026054,0.002992491,0.002949576,0.002931382,0.002877846,0.00281105,0.002935984,0.002821879,0.002913417,0.00282365,0.002775428,0.002824535,0.002717904,0.002648962,0.002737334,0.002689238,0.002659887,0.002678246,0.002579147,0.002655184,0.002582053,0.002621641,0.002626214,0.002607106,0.002634008,0.002612853,0.002628117
1;2,0.0979,0.0977,0.0978,0.0979,0.0981,0.0981,0.0981,0.0981,0.0981,0.0981,0.0983,0.0984,0.0983,0.0984,0.0984,0.0984,0.0984,0.0983,0.0984,0.0985,0.0984,0.0984,0.0985,0.0984,0.0984,0.0984,0.0986,0.0986,0.0984,0.0985,0.0985,0.0987,0.0986,0.0987,0.0987,0.0984,0.0984,0.0984,0.0983,0.0985,0.0984,0.0987,0.0985,0.0986,0.0986,0.0983,0.0986,0.0986,0.0984,0.0985,0.0986,0.0986,0.0983,0.0985,0.0985,0.0984,0.0985,0.0986,0.0988,0.0986,0.0987,0.0986,0.0986,0.0987,0.0988,0.0986,0.0989,0.0987,0.0986,0.0986,0.0986,0.0986,0.0985,0.0987,0.0985,0.0986,0.0987,0.0986,0.0987,0.0986,0.0989,0.0985,0.0987,0.0987,0.0986,0.0987,0.0986,0.0985,0.0986,0.0987,0.0986,0.0986,0.0986,0.0984,0.0986,0.0985
2;1,0.0944,0.094,0.094,0.0937,0.0938,0.0939,0.0937,0.0938,0.0936,0.0937,0.0937,0.0936,0.0937,0.0938,0.0936,0.0936,0.0937,0.0936,0.0934,0.0936,0.0936,0.0936,0.0936,0.0935,0.0935,0.0936,0.0936,0.0936,0.0935,0.0935,0.0935,0.0935,0.0936,0.0936,0.0936,0.0933,0.0935,0.0934,0.0936,0.0935,0.0934,0.0939,0.0937,0.0937,0.0937,0.0935,0.0936,0.0935,0.0935,0.0934,0.0936,0.0937,0.0935,0.0936,0.0935,0.0935,0.0936,0.0936,0.0938,0.0934,0.0935,0.0936,0.0936,0.0936,0.0934,0.0934,0.0938,0.0934,0.0935,0.0934,0.0934,0.0936,0.0934,0.0936,0.0934,0.0936,0.0934,0.0934,0.0934,0.0935,0.0936,0.0934,0.0935,0.0936,0.0935,0.0935,0.0934,0.0935,0.0934,0.0937,0.0936,0.0935,0.0935,0.0933,0.0935,0.0933
2;2,0.0963,0.0961,0.0961,0.0964,0.0965,0.0967,0.0966,0.0968,0.0968,0.0968,0.0969,0.097,0.097,0.0972,0.0972,0.0972,0.0973,0.0973,0.0971,0.0974,0.0975,0.0975,0.0975,0.0975,0.0976,0.0976,0.0976,0.0978,0.0977,0.0977,0.0978,0.0978,0.0979,0.0981,0.0979,0.0977,0.0978,0.0978,0.0979,0.0978,0.0979,0.0981,0.0982,0.0982,0.0981,0.098,0.098,0.098,0.0979,0.098,0.0982,0.0984,0.0981,0.0982,0.0984,0.0981,0.0984,0.0983,0.0984,0.0983,0.0985,0.0984,0.0984,0.0983,0.0984,0.0985,0.0989,0.0985,0.0985,0.0985,0.0985,0.0986,0.0986,0.0984,0.0984,0.0988,0.0986,0.0987,0.0984,0.0986,0.099,0.0986,0.0986,0.0988,0.0988,0.0988,0.0988,0.0987,0.0988,0.0988,0.0989,0.0988,0.0988,0.0987,0.0988,0.0988
2;3,0.0941,0.0937,0.0938,0.0937,0.0938,0.0938,0.0937,0.0937,0.0938,0.0938,0.0938,0.0938,0.0937,0.0937,0.0937,0.0939,0.0937,0.0939,0.0937,0.0938,0.0937,0.0938,0.0938,0.0938,0.0937,0.0938,0.0937,0.0939,0.0938,0.0938,0.0938,0.0938,0.0938,0.0938,0.0937,0.0936,0.0937,0.0936,0.0938,0.0936,0.0936,0.0938,0.0938,0.0938,0.0937,0.0935,0.0937,0.0935,0.0934,0.0935,0.0937,0.0937,0.0937,0.0938,0.0936,0.0936,0.0936,0.0937,0.0939,0.0936,0.0936,0.0936,0.0937,0.0937,0.0936,0.0937,0.0938,0.0936,0.0935,0.0936,0.0935,0.0936,0.0936,0.0936,0.0936,0.0936,0.0936,0.0934,0.0935,0.0935,0.0938,0.0935,0.0936,0.0936,0.0936,0.0936,0.0935,0.0935,0.0935,0.0936,0.0936,0.0934,0.0935,0.0933,0.0936,0.0935
3;2,0.0922,0.0921,0.0919,0.0919,0.0918,0.0916,0.0916,0.0914,0.0915,0.0914,0.0915,0.0914,0.0913,0.0913,0.0914,0.0914,0.0914,0.0914,0.0913,0.0913,0.0913,0.0912,0.0913,0.0913,0.0912,0.0913,0.0912,0.0913,0.0912,0.0912,0.0914,0.0913,0.0914,0.0914,0.0913,0.0912,0.0912,0.0913,0.0914,0.0913,0.0913,0.0915,0.0913,0.0914,0.0914,0.0912,0.0914,0.0913,0.0913,0.0913,0.0913,0.0915,0.0912,0.0914,0.0915,0.0914,0.0915,0.0915,0.092,0.0916,0.092,0.0918,0.0917,0.0919,0.0921,0.0921,0.0923,0.0922,0.0924,0.0923,0.0925,0.0926,0.0927,0.0928,0.093,0.0929,0.0935,0.0932,0.0933,0.0936,0.094,0.0939,0.0945,0.0941,0.0944,0.0949,0.0949,0.0952,0.0952,0.0953,0.0951,0.0961,0.0965,0.0955,0.0971,0.096
,,,,,,,,,,,,,,,,,,,,,,,,,,,,,,,,,,,,,,,,,,,,,,,,,,,,,,,,,,,,,,,,,,,,,,,,,,,,,,,,,,,,,,,,,,,,,,,,
Cycles / Well,,,,,,,,,,,,,,,,,,,,,,,,,,,,,,,,,,,,,,,,,,,,,,,,,,,,,,,,,,,,,,,,,,,,,,,,,,,,,,,,,,,,,,,,,,,,,,,,
H7,1,2,3,4,5,6,7,8,9,10,11,12,13,14,15,16,17,18,19,20,21,22,23,24,25,26,27,28,29,30,31,32,33,34,35,36,37,38,39,40,41,42,43,44,45,46,47,48,49,50,51,52,53,54,55,56,57,58,59,60,61,62,63,64,65,66,67,68,69,70,71,72,73,74,75,76,77,78,79,80,81,82,83,84,85,86,87,88,89,90,91,92,93,94,95,96
Time [s],0,1799.827,3599.741,5399.669,7199.582,8999.52,10799.439,12599.362,14399.295,16199.216,17999.146,19799.079,21599.004,23398.923,25198.859,26998.777,28798.697,30598.623,32398.553,34198.485,35998.416,37798.341,39598.268,41398.198,43198.124,44998.054,46797.976,48597.918,50397.831,52197.762,53997.692,55797.629,57597.534,59397.461,61197.38,62997.315,64797.24,66597.165,68397.092,70197.031,71996.926,73796.86,75596.777,77396.712,79196.627,80996.562,82796.484,84596.403,86396.337,88196.281,89996.203,91796.133,93596.059,95395.99,97195.917,98995.844,100795.796,102595.694,104395.689,106195.553,107995.487,109795.413,111595.34,113395.273,115195.195,116995.132,118795.052,120594.981,122394.898,124194.845,125994.76,127794.681,129594.622,131394.544,133194.474,134994.397,136794.315,138594.255,140394.181,142194.115,143994.039,145793.949,147593.888,149393.809,151193.742,152993.677,154793.597,156593.512,158393.435,160193.362,161993.31,163793.212,165593.147,167393.086,169192.983,170992.91
Temp. [°C],20.1,30,29.8,30,30.1,30,29.9,30.1,30.1,30.1,30,30,30,30,30,30,30,30,30,30,30,30,30.1,30.1,30.1,30.1,30,30,30.1,30.1,30,30,30.1,30,29.9,30,30.1,30,30.1,29.9,30.1,29.8,30,29.9,30.1,30,30,29.9,30,30,30,30.1,29.9,30.2,30.1,30.1,30.1,30,30,30,30,30,30,30,30,30,30.1,30,30,30.2,30,30.1,30,30.1,30,30,30,30,30,30,29.9,30.1,30.1,30.1,30.1,30.1,29.9,30,29.8,30.1,30.1,29.8,29.9,30,30,30
Mean,0.0953,0.09494,0.09496,0.09492,0.0949,0.09496,0.09492,0.09492,0.0949,0.09486,0.09494,0.09494,0.0949,0.09492,0.09494,0.09494,0.095,0.09492,0.09484,0.09498,0.09496,0.09496,0.0949,0.0949,0.09492,0.095,0.09494,0.09508,0.09496,0.09494,0.095,0.09498,0.09506,0.09512,0.09506,0.09476,0.09496,0.09482,0.09502,0.09494,0.09492,0.0951,0.09512,0.0951,0.09508,0.0949,0.0951,0.09494,0.0948,0.09488,0.095,0.09504,0.09492,0.09504,0.09502,0.09502,0.09504,0.09512,0.09518,0.09492,0.09508,0.09512,0.09502,0.09514,0.0951,0.09506,0.09544,0.0952,0.09518,0.09514,0.09522,0.0952,0.09512,0.09524,0.09518,0.09528,0.09526,0.0953,0.09526,0.09534,0.09562,0.0953,0.09542,0.09548,0.09554,0.09552,0.09552,0.09558,0.09556,0.09564,0.09564,0.09576,0.09572,0.09554,0.09584,0.0958
StDev,0.002311926,0.002193855,0.002231143,0.00223875,0.002329163,0.002241205,0.002291724,0.002329592,0.002329163,0.002397499,0.002382855,0.002488574,0.002465766,0.002502399,0.002446017,0.002514558,0.002603843,0.002544995,0.002623547,0.002611896,0.002599615,0.002663269,0.002690725,0.002663644,0.002759891,0.00276134,0.002784421,0.002728919,0.002759167,0.002750091,0.002853069,0.002777949,0.002818333,0.002858671,0.002879757,0.002858846,0.00283249,0.002889983,0.002761702,0.00292113,0.002920959,0.002980772,0.002908952,0.002951271,0.002949915,0.003011644,0.002952118,0.002910842,0.003002499,0.003022747,0.002952118,0.002953473,0.00297355,0.002972877,0.00303348,0.003067083,0.003037762,0.003141974,0.003074411,0.003050738,0.003105962,0.003099516,0.00312362,0.003146903,0.003186691,0.003068876,0.003132571,0.003114482,0.003084153,0.003038585,0.003137196,0.003150397,0.003102741,0.003106123,0.003084964,0.003070342,0.002912559,0.002973214,0.003060719,0.003022085,0.002889118,0.002953811,0.00283496,0.002968501,0.002899655,0.002866531,0.002907232,0.00281016,0.00282542,0.002796963,0.002842182,0.002681977,0.002667771,0.002719007,0.002568657,0.002602883
1;2,0.0983,0.0979,0.098,0.098,0.0981,0.098,0.098,0.0981,0.0981,0.0981,0.0982,0.0983,0.0982,0.0982,0.0982,0.0983,0.0984,0.0983,0.0983,0.0984,0.0983,0.0985,0.0984,0.0984,0.0984,0.0986,0.0986,0.0986,0.0985,0.0985,0.0987,0.0985,0.0986,0.0987,0.0987,0.0982,0.0986,0.0984,0.0984,0.0986,0.0986,0.0988,0.0987,0.0987,0.0987,0.0986,0.0987,0.0985,0.0984,0.0986,0.0986,0.0987,0.0985,0.0987,0.0987,0.0987,0.0987,0.0989,0.0989,0.0986,0.0988,0.0988,0.0988,0.0989,0.0989,0.0988,0.0992,0.0989,0.0988,0.0988,0.0989,0.0989,0.0988,0.0988,0.0988,0.0989,0.0987,0.0987,0.0989,0.0989,0.099,0.0987,0.0988,0.099,0.099,0.0989,0.0989,0.0989,0.0988,0.0989,0.0989,0.0988,0.0988,0.0987,0.0987,0.0988
2;1,0.0953,0.0949,0.0947,0.0945,0.0943,0.0945,0.0946,0.0945,0.0943,0.0943,0.0944,0.0943,0.0943,0.0943,0.0942,0.0941,0.0942,0.0941,0.0939,0.0941,0.0941,0.0939,0.0939,0.0939,0.094,0.0939,0.0939,0.094,0.0939,0.0937,0.0939,0.0939,0.0938,0.0939,0.0938,0.0936,0.0936,0.0935,0.0941,0.0936,0.0936,0.0939,0.0939,0.0938,0.0938,0.0936,0.0937,0.0937,0.0935,0.0935,0.0936,0.0936,0.0935,0.0936,0.0936,0.0935,0.0935,0.0935,0.0935,0.0933,0.0935,0.0936,0.0935,0.0935,0.0935,0.0934,0.0937,0.0935,0.0936,0.0935,0.0936,0.0935,0.0934,0.0935,0.0933,0.0936,0.0936,0.0935,0.0934,0.0934,0.0939,0.0934,0.0935,0.0934,0.0936,0.0935,0.0934,0.0935,0.0934,0.0936,0.0935,0.0934,0.0934,0.0933,0.0935,0.0935
2;2,0.0966,0.096,0.0961,0.0961,0.0962,0.0962,0.0962,0.0962,0.0962,0.0963,0.0963,0.0964,0.0964,0.0965,0.0965,0.0966,0.0968,0.0966,0.0966,0.0968,0.0968,0.0968,0.0968,0.0967,0.097,0.097,0.0969,0.0971,0.097,0.097,0.0971,0.0971,0.0973,0.0974,0.0973,0.0972,0.0971,0.0972,0.0973,0.0973,0.0972,0.0975,0.0975,0.0976,0.0975,0.0974,0.0976,0.0974,0.0974,0.0974,0.0975,0.0975,0.0975,0.0975,0.0976,0.0977,0.0977,0.0979,0.0979,0.0976,0.0979,0.0979,0.0978,0.098,0.098,0.0978,0.0983,0.0981,0.0981,0.0979,0.0982,0.0982,0.098,0.0983,0.0982,0.0982,0.0981,0.0983,0.0982,0.0983,0.0985,0.0983,0.0982,0.0984,0.0984,0.0984,0.0985,0.0984,0.0985,0.0985,0.0986,0.0985,0.0984,0.0983,0.0985,0.0984
2;3,0.094,0.0938,0.0939,0.0939,0.0939,0.094,0.0938,0.0938,0.0939,0.0937,0.0938,0.0939,0.0938,0.0939,0.0939,0.0938,0.0938,0.0938,0.0938,0.0938,0.0939,0.0938,0.0938,0.0939,0.0937,0.0938,0.0937,0.0939,0.0938,0.0938,0.0937,0.0938,0.0939,0.0939,0.0939,0.0935,0.0939,0.0936,0.0936,0.0937,0.0938,0.0938,0.0939,0.0938,0.0939,0.0936,0.0939,0.0936,0.0935,0.0936,0.0938,0.0938,0.0937,0.0939,0.0938,0.0938,0.0938,0.0938,0.0939,0.0937,0.0936,0.0938,0.0935,0.0937,0.0936,0.0936,0.094,0.0937,0.0936,0.0937,0.0936,0.0936,0.0937,0.0937,0.0935,0.0937,0.0935,0.0937,0.0936,0.0937,0.0938,0.0936,0.0937,0.0938,0.0936,0.0936,0.0935,0.0937,0.0937,0.0936,0.0937,0.0935,0.0935,0.0934,0.0937,0.0936
3;2,0.0923,0.0921,0.0921,0.0921,0.092,0.0921,0.092,0.092,0.092,0.0919,0.092,0.0918,0.0918,0.0917,0.0919,0.0919,0.0918,0.0918,0.0916,0.0918,0.0917,0.0918,0.0916,0.0916,0.0915,0.0917,0.0916,0.0918,0.0916,0.0917,0.0916,0.0916,0.0917,0.0917,0.0916,0.0913,0.0916,0.0914,0.0917,0.0915,0.0914,0.0915,0.0916,0.0916,0.0915,0.0913,0.0916,0.0915,0.0912,0.0913,0.0915,0.0916,0.0914,0.0915,0.0914,0.0914,0.0915,0.0915,0.0917,0.0914,0.0916,0.0915,0.0915,0.0916,0.0915,0.0917,0.092,0.0918,0.0918,0.0918,0.0918,0.0918,0.0917,0.0919,0.0921,0.092,0.0924,0.0923,0.0922,0.0924,0.0929,0.0925,0.0929,0.0928,0.0931,0.0932,0.0933,0.0934,0.0934,0.0936,0.0935,0.0946,0.0945,0.094,0.0948,0.0947
,,,,,,,,,,,,,,,,,,,,,,,,,,,,,,,,,,,,,,,,,,,,,,,,,,,,,,,,,,,,,,,,,,,,,,,,,,,,,,,,,,,,,,,,,,,,,,,,
Cycles / Well,,,,,,,,,,,,,,,,,,,,,,,,,,,,,,,,,,,,,,,,,,,,,,,,,,,,,,,,,,,,,,,,,,,,,,,,,,,,,,,,,,,,,,,,,,,,,,,,
H8,1,2,3,4,5,6,7,8,9,10,11,12,13,14,15,16,17,18,19,20,21,22,23,24,25,26,27,28,29,30,31,32,33,34,35,36,37,38,39,40,41,42,43,44,45,46,47,48,49,50,51,52,53,54,55,56,57,58,59,60,61,62,63,64,65,66,67,68,69,70,71,72,73,74,75,76,77,78,79,80,81,82,83,84,85,86,87,88,89,90,91,92,93,94,95,96
Time [s],0,1799.827,3599.741,5399.669,7199.582,8999.52,10799.439,12599.362,14399.295,16199.216,17999.146,19799.079,21599.004,23398.923,25198.859,26998.777,28798.697,30598.623,32398.553,34198.485,35998.416,37798.341,39598.268,41398.198,43198.124,44998.054,46797.976,48597.918,50397.831,52197.762,53997.692,55797.629,57597.534,59397.461,61197.38,62997.315,64797.24,66597.165,68397.092,70197.031,71996.926,73796.86,75596.777,77396.712,79196.627,80996.562,82796.484,84596.403,86396.337,88196.281,89996.203,91796.133,93596.059,95395.99,97195.917,98995.844,100795.796,102595.694,104395.689,106195.553,107995.487,109795.413,111595.34,113395.273,115195.195,116995.132,118795.052,120594.981,122394.898,124194.845,125994.76,127794.681,129594.622,131394.544,133194.474,134994.397,136794.315,138594.255,140394.181,142194.115,143994.039,145793.949,147593.888,149393.809,151193.742,152993.677,154793.597,156593.512,158393.435,160193.362,161993.31,163793.212,165593.147,167393.086,169192.983,170992.91
Temp. [°C],20.1,30,29.8,30,30.1,30,29.9,30.1,30.1,30.1,30,30,30,30,30,30,30,30,30,30,30,30,30.1,30.1,30.1,30.1,30,30,30.1,30.1,30,30,30.1,30,29.9,30,30.1,30,30.1,29.9,30.1,29.8,30,29.9,30.1,30,30,29.9,30,30,30,30.1,29.9,30.2,30.1,30.1,30.1,30,30,30,30,30,30,30,30,30,30.1,30,30,30.2,30,30.1,30,30.1,30,30,30,30,30,30,29.9,30.1,30.1,30.1,30.1,30.1,29.9,30,29.8,30.1,30.1,29.8,29.9,30,30,30
Mean,0.09528,0.09492,0.09494,0.0949,0.09496,0.09498,0.0949,0.09482,0.09484,0.09482,0.09492,0.09496,0.0949,0.09494,0.0949,0.09488,0.0949,0.09488,0.09486,0.09494,0.09496,0.09494,0.0949,0.09492,0.09494,0.09494,0.09498,0.09506,0.09492,0.09494,0.09494,0.09506,0.09504,0.09512,0.09502,0.09474,0.09496,0.09482,0.09508,0.09504,0.09492,0.09516,0.0951,0.09514,0.0951,0.0949,0.09508,0.0949,0.0948,0.0949,0.095,0.09506,0.09496,0.09502,0.09498,0.09502,0.09504,0.09512,0.0952,0.095,0.09504,0.0951,0.09504,0.09512,0.0951,0.09508,0.09538,0.09514,0.09514,0.09514,0.0951,0.09526,0.0951,0.09516,0.09508,0.0952,0.09514,0.09516,0.09514,0.09524,0.09552,0.09522,0.09528,0.09538,0.0954,0.09534,0.09534,0.09534,0.09542,0.0955,0.09548,0.09544,0.09544,0.09532,0.09562,0.0955
StDev,0.00162696,0.00156269,0.001572578,0.001635543,0.00169204,0.001669431,0.001764936,0.001813009,0.00187163,0.001943451,0.001901841,0.001970533,0.002061553,0.002023116,0.002065188,0.00211471,0.002130728,0.002183346,0.002169793,0.00228976,0.002222161,0.002225534,0.002309762,0.002278596,0.002342648,0.002386001,0.002409772,0.002396456,0.00244479,0.002496598,0.00252547,0.002501599,0.002512568,0.002513364,0.00254303,0.002594802,0.002531403,0.002627166,0.002552842,0.002603459,0.002664958,0.002676378,0.002695366,0.002695923,0.002725803,0.002818688,0.002737152,0.002818688,0.002852192,0.002884441,0.002845171,0.002843062,0.00288756,0.002847279,0.002920959,0.002937176,0.002928822,0.002926944,0.002996665,0.002943637,0.003050082,0.003002499,0.003041874,0.003059739,0.003053686,0.003047458,0.003043353,0.003102902,0.003082694,0.003161171,0.003158322,0.003109341,0.003083018,0.003085936,0.003054832,0.003177263,0.003055814,0.003121378,0.003173799,0.003132571,0.003107571,0.003089013,0.003037598,0.003132411,0.003089498,0.00310129,0.003076199,0.00300882,0.002996998,0.00302407,0.003037598,0.00285447,0.002954319,0.002920959,0.002820815,0.00288704
1;2,0.0975,0.0971,0.0972,0.0973,0.0974,0.0974,0.0974,0.0974,0.0975,0.0975,0.0975,0.0977,0.0978,0.0977,0.0977,0.0978,0.0978,0.0979,0.0978,0.098,0.0979,0.0979,0.098,0.098,0.098,0.0981,0.0982,0.0982,0.0981,0.0982,0.0982,0.0982,0.0982,0.0983,0.0982,0.098,0.0981,0.0982,0.0982,0.0983,0.0982,0.0984,0.0984,0.0985,0.0984,0.0983,0.0984,0.0983,0.0982,0.0983,0.0983,0.0985,0.0983,0.0984,0.0984,0.0985,0.0985,0.0985,0.0986,0.0984,0.0986,0.0986,0.0985,0.0987,0.0987,0.0986,0.0989,0.0987,0.0987,0.0988,0.0987,0.0988,0.0986,0.0986,0.0984,0.0988,0.0985,0.0986,0.0987,0.0987,0.099,0.0986,0.0986,0.0988,0.0988,0.0987,0.0987,0.0986,0.0987,0.0989,0.0988,0.0986,0.0987,0.0985,0.0987,0.0986
2;1,0.0956,0.0951,0.0949,0.0946,0.0946,0.0947,0.0946,0.0943,0.0943,0.0942,0.0944,0.0944,0.0942,0.0943,0.0941,0.0941,0.0942,0.094,0.094,0.0941,0.094,0.0941,0.0939,0.094,0.094,0.0939,0.0939,0.0941,0.0938,0.0939,0.0938,0.094,0.0939,0.0941,0.0939,0.0937,0.0939,0.0936,0.0941,0.094,0.0937,0.0939,0.0939,0.0939,0.0939,0.0936,0.0938,0.0936,0.0934,0.0935,0.0936,0.0936,0.0935,0.0935,0.0934,0.0935,0.0935,0.0937,0.0936,0.0934,0.0935,0.0935,0.0936,0.0936,0.0935,0.0934,0.0938,0.0936,0.0936,0.0934,0.0935,0.0936,0.0935,0.0935,0.0934,0.0935,0.0936,0.0935,0.0934,0.0936,0.0939,0.0936,0.0936,0.0936,0.0936,0.0936,0.0935,0.0936,0.0936,0.0937,0.0936,0.0935,0.0935,0.0933,0.0937,0.0935
2;2,0.0958,0.0954,0.0955,0.0955,0.0957,0.0957,0.0957,0.0957,0.0958,0.0959,0.096,0.096,0.096,0.0961,0.0962,0.0961,0.0962,0.0962,0.0962,0.0964,0.0965,0.0964,0.0964,0.0964,0.0966,0.0966,0.0966,0.0967,0.0967,0.0967,0.0968,0.097,0.097,0.097,0.097,0.0967,0.097,0.0968,0.0972,0.0971,0.0971,0.0974,0.0973,0.0973,0.0974,0.0973,0.0974,0.0973,0.0973,0.0975,0.0976,0.0975,0.0976,0.0975,0.0976,0.0976,0.0976,0.0978,0.098,0.0977,0.0978,0.0978,0.0979,0.0979,0.0979,0.0979,0.0982,0.098,0.098,0.0981,0.0981,0.0982,0.0981,0.0982,0.0982,0.0983,0.0982,0.0983,0.0983,0.0984,0.0986,0.0984,0.0984,0.0986,0.0986,0.0986,0.0986,0.0985,0.0986,0.0986,0.0987,0.0985,0.0986,0.0985,0.0987,0.0987
2;3,0.0943,0.0941,0.0941,0.0942,0.0942,0.0941,0.0941,0.0941,0.094,0.0941,0.0942,0.0942,0.0941,0.0942,0.0941,0.0941,0.094,0.094,0.0941,0.0941,0.0941,0.0941,0.0941,0.094,0.094,0.094,0.0941,0.0942,0.094,0.094,0.094,0.0941,0.0941,0.0942,0.0941,0.0938,0.0939,0.0938,0.0939,0.0939,0.0939,0.0942,0.0941,0.0941,0.094,0.0938,0.094,0.0938,0.0937,0.0937,0.0939,0.094,0.0939,0.0941,0.094,0.094,0.0941,0.094,0.0942,0.094,0.0939,0.0941,0.0938,0.0939,0.0938,0.094,0.0942,0.094,0.0939,0.0939,0.0938,0.0941,0.0937,0.0939,0.0938,0.0938,0.0938,0.0938,0.0937,0.0938,0.0941,0.0937,0.0939,0.094,0.0939,0.0938,0.0937,0.0939,0.0938,0.0939,0.0939,0.0937,0.0937,0.0936,0.0938,0.0937
3;2,0.0932,0.0929,0.093,0.0929,0.0929,0.093,0.0927,0.0926,0.0926,0.0924,0.0925,0.0925,0.0924,0.0924,0.0924,0.0923,0.0923,0.0923,0.0922,0.0921,0.0923,0.0922,0.0921,0.0922,0.0921,0.0921,0.0921,0.0921,0.092,0.0919,0.0919,0.092,0.092,0.092,0.0919,0.0915,0.0919,0.0917,0.092,0.0919,0.0917,0.0919,0.0918,0.0919,0.0918,0.0915,0.0918,0.0915,0.0914,0.0915,0.0916,0.0917,0.0915,0.0916,0.0915,0.0915,0.0915,0.0916,0.0916,0.0915,0.0914,0.0915,0.0914,0.0915,0.0916,0.0915,0.0918,0.0914,0.0915,0.0915,0.0914,0.0916,0.0916,0.0916,0.0916,0.0916,0.0916,0.0916,0.0916,0.0917,0.092,0.0918,0.0919,0.0919,0.0921,0.092,0.0922,0.0921,0.0924,0.0924,0.0924,0.0929,0.0927,0.0927,0.0932,0.093
,,,,,,,,,,,,,,,,,,,,,,,,,,,,,,,,,,,,,,,,,,,,,,,,,,,,,,,,,,,,,,,,,,,,,,,,,,,,,,,,,,,,,,,,,,,,,,,,
Cycles / Well,,,,,,,,,,,,,,,,,,,,,,,,,,,,,,,,,,,,,,,,,,,,,,,,,,,,,,,,,,,,,,,,,,,,,,,,,,,,,,,,,,,,,,,,,,,,,,,,
H9,1,2,3,4,5,6,7,8,9,10,11,12,13,14,15,16,17,18,19,20,21,22,23,24,25,26,27,28,29,30,31,32,33,34,35,36,37,38,39,40,41,42,43,44,45,46,47,48,49,50,51,52,53,54,55,56,57,58,59,60,61,62,63,64,65,66,67,68,69,70,71,72,73,74,75,76,77,78,79,80,81,82,83,84,85,86,87,88,89,90,91,92,93,94,95,96
Time [s],0,1799.827,3599.741,5399.669,7199.582,8999.52,10799.439,12599.362,14399.295,16199.216,17999.146,19799.079,21599.004,23398.923,25198.859,26998.777,28798.697,30598.623,32398.553,34198.485,35998.416,37798.341,39598.268,41398.198,43198.124,44998.054,46797.976,48597.918,50397.831,52197.762,53997.692,55797.629,57597.534,59397.461,61197.38,62997.315,64797.24,66597.165,68397.092,70197.031,71996.926,73796.86,75596.777,77396.712,79196.627,80996.562,82796.484,84596.403,86396.337,88196.281,89996.203,91796.133,93596.059,95395.99,97195.917,98995.844,100795.796,102595.694,104395.689,106195.553,107995.487,109795.413,111595.34,113395.273,115195.195,116995.132,118795.052,120594.981,122394.898,124194.845,125994.76,127794.681,129594.622,131394.544,133194.474,134994.397,136794.315,138594.255,140394.181,142194.115,143994.039,145793.949,147593.888,149393.809,151193.742,152993.677,154793.597,156593.512,158393.435,160193.362,161993.31,163793.212,165593.147,167393.086,169192.983,170992.91
Temp. [°C],20.1,30,29.8,30,30.1,30,29.9,30.1,30.1,30.1,30,30,30,30,30,30,30,30,30,30,30,30,30.1,30.1,30.1,30.1,30,30,30.1,30.1,30,30,30.1,30,29.9,30,30.1,30,30.1,29.9,30.1,29.8,30,29.9,30.1,30,30,29.9,30,30,30,30.1,29.9,30.2,30.1,30.1,30.1,30,30,30,30,30,30,30,30,30,30.1,30,30,30.2,30,30.1,30,30.1,30,30,30,30,30,30,29.9,30.1,30.1,30.1,30.1,30.1,29.9,30,29.8,30.1,30.1,29.8,29.9,30,30,30
Mean,0.09524,0.09488,0.09494,0.0949,0.09498,0.09496,0.09496,0.0949,0.09488,0.09494,0.095,0.09502,0.09492,0.09504,0.09494,0.09498,0.095,0.09498,0.09496,0.09504,0.09502,0.095,0.095,0.095,0.09504,0.0951,0.09506,0.0952,0.09506,0.09504,0.09516,0.09514,0.09516,0.09524,0.0951,0.0949,0.0951,0.095,0.09516,0.09506,0.0951,0.09526,0.0952,0.09526,0.09522,0.09502,0.09518,0.09502,0.095,0.09504,0.09524,0.0952,0.09506,0.09518,0.09516,0.0952,0.0952,0.09526,0.0954,0.09522,0.09528,0.09534,0.09532,0.09538,0.0953,0.09526,0.09558,0.09538,0.09542,0.09542,0.09544,0.0955,0.09542,0.09544,0.09544,0.09564,0.09552,0.09556,0.09544,0.09564,0.09598,0.0957,0.09574,0.09582,0.09594,0.09592,0.09592,0.09594,0.09608,0.09606,0.0961,0.0962,0.0962,0.09594,0.09638,0.09612
StDev,0.001752997,0.001731185,0.001919114,0.002040833,0.002071714,0.002059854,0.00215244,0.002219234,0.00232422,0.002366009,0.002405203,0.002395204,0.002423221,0.002429609,0.002547155,0.002495396,0.002586503,0.002557733,0.002615913,0.002632109,0.002667771,0.002670206,0.002659887,0.002627737,0.002710719,0.00271201,0.002841303,0.002759529,0.002764598,0.002800536,0.002860594,0.00279249,0.002886694,0.00286932,0.002877499,0.002791953,0.00287054,0.002900862,0.002821879,0.00296867,0.002925748,0.00296867,0.002907748,0.002982113,0.002983622,0.003001999,0.003044996,0.002959223,0.002998333,0.003044339,0.002971195,0.00297069,0.003053359,0.002986135,0.003107732,0.003083018,0.00305041,0.003109341,0.002990819,0.003090631,0.003019437,0.003023739,0.00303348,0.003040888,0.00299583,0.003143724,0.003114803,0.003031006,0.002968501,0.00297355,0.002935643,0.002986637,0.003043353,0.002935643,0.00287802,0.002883227,0.002826128,0.002893614,0.002867577,0.002804996,0.002677125,0.002657066,0.002759167,0.002684586,0.002651038,0.002612853,0.002658383,0.002594802,0.002574296,0.002633059,0.002671142,0.002562226,0.002531798,0.002581279,0.002562616,0.0024994
1;2,0.0977,0.0974,0.0977,0.0978,0.0978,0.0978,0.0978,0.0979,0.0979,0.098,0.0981,0.0981,0.098,0.0982,0.0982,0.0981,0.0983,0.0982,0.0982,0.0983,0.0984,0.0983,0.0982,0.0982,0.0983,0.0983,0.0986,0.0986,0.0984,0.0984,0.0986,0.0984,0.0986,0.0986,0.0985,0.0983,0.0984,0.0984,0.0985,0.0985,0.0985,0.0987,0.0986,0.0987,0.0986,0.0984,0.0986,0.0985,0.0985,0.0985,0.0986,0.0984,0.0985,0.0985,0.0986,0.0986,0.0986,0.0988,0.0987,0.0987,0.0986,0.0987,0.0987,0.0987,0.0986,0.0987,0.099,0.0988,0.0988,0.0988,0.0987,0.0988,0.0988,0.0987,0.0987,0.0987,0.0986,0.0988,0.0987,0.0988,0.0989,0.0986,0.0988,0.0988,0.0988,0.0987,0.0988,0.0988,0.0988,0.0989,0.0989,0.0986,0.0987,0.0986,0.0988,0.0986
2;1,0.0954,0.0948,0.0945,0.0941,0.0942,0.0941,0.0942,0.0941,0.0939,0.0939,0.094,0.0941,0.0939,0.094,0.0938,0.0938,0.0939,0.0938,0.0938,0.0937,0.0939,0.0937,0.0937,0.0938,0.0937,0.0938,0.0937,0.0939,0.0937,0.0937,0.0938,0.0938,0.0937,0.0937,0.0936,0.0935,0.0936,0.0935,0.0938,0.0936,0.0937,0.0938,0.0937,0.0937,0.0937,0.0936,0.0937,0.0935,0.0935,0.0935,0.0938,0.0938,0.0936,0.0937,0.0937,0.0936,0.0936,0.0936,0.0937,0.0936,0.0936,0.0937,0.0937,0.0936,0.0935,0.0935,0.0938,0.0935,0.0934,0.0936,0.0935,0.0936,0.0934,0.0935,0.0934,0.0937,0.0934,0.0935,0.0934,0.0934,0.0937,0.0934,0.0934,0.0935,0.0934,0.0935,0.0935,0.0935,0.0934,0.0935,0.0934,0.0933,0.0934,0.0933,0.0935,0.0934
2;2,0.0958,0.0954,0.0958,0.0959,0.0962,0.0962,0.0964,0.0963,0.0965,0.0966,0.0967,0.0967,0.0967,0.0967,0.0968,0.0969,0.0969,0.0969,0.097,0.0971,0.097,0.0971,0.0972,0.0971,0.0973,0.0974,0.0973,0.0974,0.0973,0.0974,0.0976,0.0976,0.0976,0.0978,0.0976,0.0972,0.0977,0.0975,0.0976,0.0977,0.0977,0.0979,0.0978,0.098,0.098,0.0978,0.098,0.0976,0.0977,0.0979,0.098,0.0981,0.0979,0.098,0.0981,0.0982,0.0981,0.0982,0.0984,0.0982,0.0983,0.0983,0.0983,0.0985,0.0983,0.0984,0.0987,0.0984,0.0984,0.0984,0.0985,0.0986,0.0986,0.0985,0.0984,0.0988,0.0986,0.0986,0.0984,0.0986,0.0989,0.0986,0.0987,0.0987,0.0988,0.0988,0.0988,0.0987,0.0988,0.0989,0.099,0.0988,0.0987,0.0987,0.0989,0.0988
2;3,0.0943,0.0941,0.0941,0.0943,0.0943,0.0942,0.0941,0.094,0.0941,0.0942,0.0942,0.0942,0.0941,0.0943,0.0941,0.0942,0.0941,0.0942,0.0941,0.0943,0.0941,0.0942,0.0942,0.0942,0.0942,0.0943,0.0941,0.0943,0.0943,0.0941,0.0941,0.0942,0.0943,0.0943,0.0942,0.094,0.0942,0.0942,0.0942,0.0941,0.0941,0.0943,0.0942,0.0942,0.0942,0.094,0.0942,0.0941,0.0939,0.0939,0.0942,0.0942,0.094,0.0942,0.0941,0.0941,0.0942,0.0941,0.0942,0.094,0.0941,0.0942,0.0941,0.0941,0.0942,0.0941,0.0944,0.0941,0.0941,0.094,0.094,0.0941,0.0939,0.094,0.094,0.0942,0.0939,0.094,0.0939,0.094,0.0944,0.0939,0.0941,0.0941,0.094,0.094,0.0939,0.0941,0.0941,0.0942,0.0941,0.0939,0.0939,0.0938,0.094,0.0941
3;2,0.093,0.0927,0.0926,0.0924,0.0924,0.0925,0.0923,0.0922,0.092,0.092,0.092,0.092,0.0919,0.092,0.0918,0.0919,0.0918,0.0918,0.0917,0.0918,0.0917,0.0917,0.0917,0.0917,0.0917,0.0917,0.0916,0.0918,0.0916,0.0916,0.0917,0.0917,0.0916,0.0918,0.0916,0.0915,0.0916,0.0914,0.0917,0.0914,0.0915,0.0916,0.0917,0.0917,0.0916,0.0913,0.0914,0.0914,0.0914,0.0914,0.0916,0.0915,0.0913,0.0915,0.0913,0.0915,0.0915,0.0916,0.092,0.0916,0.0918,0.0918,0.0918,0.092,0.0919,0.0916,0.092,0.0921,0.0924,0.0923,0.0925,0.0924,0.0924,0.0925,0.0927,0.0928,0.0931,0.0929,0.0928,0.0934,0.094,0.094,0.0937,0.094,0.0947,0.0946,0.0946,0.0946,0.0953,0.0948,0.0951,0.0964,0.0963,0.0953,0.0967,0.0957
,,,,,,,,,,,,,,,,,,,,,,,,,,,,,,,,,,,,,,,,,,,,,,,,,,,,,,,,,,,,,,,,,,,,,,,,,,,,,,,,,,,,,,,,,,,,,,,,
Cycles / Well,,,,,,,,,,,,,,,,,,,,,,,,,,,,,,,,,,,,,,,,,,,,,,,,,,,,,,,,,,,,,,,,,,,,,,,,,,,,,,,,,,,,,,,,,,,,,,,,
H10,1,2,3,4,5,6,7,8,9,10,11,12,13,14,15,16,17,18,19,20,21,22,23,24,25,26,27,28,29,30,31,32,33,34,35,36,37,38,39,40,41,42,43,44,45,46,47,48,49,50,51,52,53,54,55,56,57,58,59,60,61,62,63,64,65,66,67,68,69,70,71,72,73,74,75,76,77,78,79,80,81,82,83,84,85,86,87,88,89,90,91,92,93,94,95,96
Time [s],0,1799.827,3599.741,5399.669,7199.582,8999.52,10799.439,12599.362,14399.295,16199.216,17999.146,19799.079,21599.004,23398.923,25198.859,26998.777,28798.697,30598.623,32398.553,34198.485,35998.416,37798.341,39598.268,41398.198,43198.124,44998.054,46797.976,48597.918,50397.831,52197.762,53997.692,55797.629,57597.534,59397.461,61197.38,62997.315,64797.24,66597.165,68397.092,70197.031,71996.926,73796.86,75596.777,77396.712,79196.627,80996.562,82796.484,84596.403,86396.337,88196.281,89996.203,91796.133,93596.059,95395.99,97195.917,98995.844,100795.796,102595.694,104395.689,106195.553,107995.487,109795.413,111595.34,113395.273,115195.195,116995.132,118795.052,120594.981,122394.898,124194.845,125994.76,127794.681,129594.622,131394.544,133194.474,134994.397,136794.315,138594.255,140394.181,142194.115,143994.039,145793.949,147593.888,149393.809,151193.742,152993.677,154793.597,156593.512,158393.435,160193.362,161993.31,163793.212,165593.147,167393.086,169192.983,170992.91
Temp. [°C],20.1,30,29.8,30,30.1,30,29.9,30.1,30.1,30.1,30,30,30,30,30,30,30,30,30,30,30,30,30.1,30.1,30.1,30.1,30,30,30.1,30.1,30,30,30.1,30,29.9,30,30.1,30,30.1,29.9,30.1,29.8,30,29.9,30.1,30,30,29.9,30,30,30,30.1,29.9,30.2,30.1,30.1,30.1,30,30,30,30,30,30,30,30,30,30.1,30,30,30.2,30,30.1,30,30.1,30,30,30,30,30,30,29.9,30.1,30.1,30.1,30.1,30.1,29.9,30,29.8,30.1,30.1,29.8,29.9,30,30,30
Mean,0.09582,0.097,0.09636,0.09644,0.0963,0.09644,0.09672,0.0966,0.09654,0.09708,0.09662,0.09672,0.09682,0.09686,0.0969,0.09766,0.09658,0.09676,0.09646,0.09658,0.0966,0.09752,0.0977,0.09654,0.09632,0.09666,0.09786,0.09708,0.09656,0.09784,0.09638,0.09742,0.0969,0.09678,0.09688,0.0964,0.09692,0.09736,0.0958,0.0979,0.0965,0.09698,0.09712,0.09586,0.09792,0.0966,0.09676,0.09798,0.0966,0.09612,0.098,0.09676,0.09692,0.0972,0.09574,0.09754,0.09682,0.09622,0.09722,0.0977,0.09684,0.097,0.09832,0.09682,0.09604,0.09712,0.09814,0.09706,0.09652,0.0982,0.09728,0.09684,0.0972,0.0984,0.09706,0.09622,0.09752,0.09806,0.09706,0.09654,0.09794,0.09832,0.09732,0.09652,0.09762,0.0987,0.09752,0.0972,0.09768,0.09854,0.09788,0.09752,0.09724,0.0981,0.09872,0.09762
StDev,0.003245304,0.003951582,0.004720487,0.004804477,0.004226701,0.00338792,0.005683485,0.005502727,0.003648698,0.004625689,0.003745264,0.004586611,0.004095974,0.005986902,0.004743416,0.005196441,0.003799605,0.003948164,0.003742726,0.00381143,0.003769615,0.00560241,0.0062478,0.005327101,0.004878729,0.003868204,0.006458173,0.006055328,0.003821387,0.006485985,0.004919553,0.005236602,0.005900424,0.003936623,0.005620676,0.003822957,0.006033821,0.005420148,0.00395664,0.006559726,0.003754997,0.005828979,0.004453875,0.003676003,0.006577766,0.003935098,0.00550527,0.006626613,0.003880722,0.00457515,0.00665094,0.003846817,0.005816098,0.004813003,0.003592075,0.006147601,0.00405364,0.003330465,0.005769489,0.005463058,0.003540904,0.005559676,0.006450349,0.003641016,0.00339897,0.005739948,0.005346307,0.003404849,0.003899615,0.006105326,0.003719812,0.003273836,0.005581219,0.00609959,0.003223818,0.003227538,0.005474669,0.005154901,0.003253152,0.003523209,0.00518922,0.005094801,0.002912387,0.002817268,0.005116346,0.00559464,0.003057286,0.002629639,0.005249,0.005563991,0.00358706,0.002656501,0.004250647,0.005359104,0.004595324,0.002648018
1;2,0.1002,0.0996,0.1038,0.104,0.1023,0.0997,0.106,0.1055,0.0995,0.1028,0.0995,0.1028,0.0995,0.1065,0.1029,0.0996,0.0995,0.0996,0.0994,0.0995,0.0995,0.0997,0.1047,0.1044,0.1035,0.0995,0.1053,0.1067,0.0995,0.1054,0.1036,0.0996,0.1061,0.0997,0.1047,0.0993,0.1064,0.0996,0.1007,0.1052,0.0995,0.1059,0.0996,0.1,0.1054,0.0993,0.1052,0.1053,0.0993,0.1025,0.1057,0.0993,0.106,0.0994,0.0995,0.1055,0.0995,0.0995,0.1062,0.1002,0.0995,0.1057,0.1055,0.0995,0.0997,0.1059,0.1007,0.0997,0.102,0.1055,0.0996,0.0995,0.1061,0.1047,0.0996,0.0998,0.1055,0.1002,0.0994,0.1011,0.1056,0.1014,0.0995,0.0995,0.1057,0.1048,0.0997,0.0995,0.1061,0.1048,0.0996,0.0994,0.1036,0.1043,0.0998,0.0994
2;1,0.0942,0.0937,0.0937,0.0939,0.0944,0.0938,0.0937,0.0937,0.0937,0.0964,0.0938,0.0952,0.0937,0.0937,0.0953,0.0939,0.0938,0.0939,0.0938,0.0939,0.0939,0.0938,0.094,0.0938,0.0939,0.0938,0.0939,0.094,0.0938,0.094,0.0938,0.0938,0.0939,0.094,0.0938,0.0937,0.0938,0.0937,0.0938,0.0938,0.0937,0.0939,0.0939,0.0939,0.0938,0.0936,0.0938,0.0935,0.0936,0.0937,0.0938,0.0938,0.0937,0.0938,0.0937,0.0937,0.0937,0.0939,0.0939,0.0937,0.0937,0.0938,0.0938,0.0938,0.0938,0.0938,0.0941,0.0938,0.0937,0.0938,0.0938,0.0939,0.0937,0.0938,0.0938,0.0939,0.0937,0.0937,0.0937,0.0938,0.0942,0.0936,0.0937,0.0938,0.0938,0.0938,0.0938,0.0938,0.0938,0.0938,0.0938,0.0936,0.0936,0.0935,0.0938,0.0936
2;2,0.0981,0.1014,0.0981,0.0982,0.0989,0.0985,0.0981,0.0981,0.0985,0.1006,0.0985,0.1,0.1011,0.0986,0.1007,0.1057,0.0987,0.0987,0.0986,0.0988,0.0993,0.1057,0.1041,0.0994,0.0989,0.0998,0.1043,0.0991,0.0992,0.1042,0.099,0.1047,0.0992,0.1003,0.1007,0.0992,0.0991,0.1051,0.0991,0.1047,0.0991,0.0996,0.1025,0.0993,0.1046,0.0991,0.0992,0.1049,0.0991,0.0991,0.1046,0.0993,0.0993,0.1036,0.0994,0.1027,0.1011,0.0993,0.0997,0.1057,0.0994,0.0993,0.1051,0.0997,0.0995,0.0999,0.1059,0.0993,0.0993,0.1042,0.1017,0.0994,0.0993,0.1053,0.0997,0.0996,0.101,0.1059,0.0995,0.0996,0.1011,0.1057,0.0995,0.0996,0.0997,0.1048,0.101,0.0996,0.0995,0.1044,0.1029,0.0994,0.0994,0.1035,0.106,0.0995
2;3,0.0944,0.0982,0.0942,0.0942,0.0941,0.0983,0.0941,0.0941,0.0994,0.0941,0.0998,0.0941,0.0984,0.0941,0.0941,0.0963,0.0996,0.1003,0.0993,0.0995,0.099,0.0972,0.0945,0.094,0.0941,0.0989,0.0945,0.0942,0.0991,0.0944,0.0943,0.0978,0.0941,0.0986,0.0941,0.0988,0.0942,0.0973,0.0942,0.0946,0.0989,0.0942,0.0982,0.0947,0.0945,0.0998,0.0942,0.0949,0.0997,0.0941,0.0946,0.0999,0.094,0.0979,0.0947,0.0942,0.0983,0.0965,0.0942,0.0969,0.0993,0.0941,0.095,0.0991,0.095,0.094,0.0974,0.0996,0.0942,0.0944,0.0982,0.0987,0.094,0.0954,0.0989,0.0947,0.0941,0.0969,0.0994,0.0943,0.0944,0.0962,0.0993,0.0953,0.094,0.0948,0.0981,0.098,0.0939,0.0943,0.0978,0.0993,0.0938,0.0937,0.0967,0.0994
3;2,0.0922,0.0921,0.092,0.0919,0.0918,0.0919,0.0917,0.0916,0.0916,0.0915,0.0915,0.0915,0.0914,0.0914,0.0915,0.0928,0.0913,0.0913,0.0912,0.0912,0.0913,0.0912,0.0912,0.0911,0.0912,0.0913,0.0913,0.0914,0.0912,0.0912,0.0912,0.0912,0.0912,0.0913,0.0911,0.091,0.0911,0.0911,0.0912,0.0912,0.0913,0.0913,0.0914,0.0914,0.0913,0.0912,0.0914,0.0913,0.0913,0.0912,0.0913,0.0915,0.0916,0.0913,0.0914,0.0916,0.0915,0.0919,0.0921,0.092,0.0923,0.0921,0.0922,0.092,0.0922,0.092,0.0926,0.0929,0.0934,0.0931,0.0931,0.0927,0.0929,0.0928,0.0933,0.0931,0.0933,0.0936,0.0933,0.0939,0.0944,0.0947,0.0946,0.0944,0.0949,0.0953,0.095,0.0951,0.0951,0.0954,0.0953,0.0959,0.0958,0.0955,0.0973,0.0962
,,,,,,,,,,,,,,,,,,,,,,,,,,,,,,,,,,,,,,,,,,,,,,,,,,,,,,,,,,,,,,,,,,,,,,,,,,,,,,,,,,,,,,,,,,,,,,,,
Cycles / Well,,,,,,,,,,,,,,,,,,,,,,,,,,,,,,,,,,,,,,,,,,,,,,,,,,,,,,,,,,,,,,,,,,,,,,,,,,,,,,,,,,,,,,,,,,,,,,,,
H11,1,2,3,4,5,6,7,8,9,10,11,12,13,14,15,16,17,18,19,20,21,22,23,24,25,26,27,28,29,30,31,32,33,34,35,36,37,38,39,40,41,42,43,44,45,46,47,48,49,50,51,52,53,54,55,56,57,58,59,60,61,62,63,64,65,66,67,68,69,70,71,72,73,74,75,76,77,78,79,80,81,82,83,84,85,86,87,88,89,90,91,92,93,94,95,96
Time [s],0,1799.827,3599.741,5399.669,7199.582,8999.52,10799.439,12599.362,14399.295,16199.216,17999.146,19799.079,21599.004,23398.923,25198.859,26998.777,28798.697,30598.623,32398.553,34198.485,35998.416,37798.341,39598.268,41398.198,43198.124,44998.054,46797.976,48597.918,50397.831,52197.762,53997.692,55797.629,57597.534,59397.461,61197.38,62997.315,64797.24,66597.165,68397.092,70197.031,71996.926,73796.86,75596.777,77396.712,79196.627,80996.562,82796.484,84596.403,86396.337,88196.281,89996.203,91796.133,93596.059,95395.99,97195.917,98995.844,100795.796,102595.694,104395.689,106195.553,107995.487,109795.413,111595.34,113395.273,115195.195,116995.132,118795.052,120594.981,122394.898,124194.845,125994.76,127794.681,129594.622,131394.544,133194.474,134994.397,136794.315,138594.255,140394.181,142194.115,143994.039,145793.949,147593.888,149393.809,151193.742,152993.677,154793.597,156593.512,158393.435,160193.362,161993.31,163793.212,165593.147,167393.086,169192.983,170992.91
Temp. [°C],20.1,30,29.8,30,30.1,30,29.9,30.1,30.1,30.1,30,30,30,30,30,30,30,30,30,30,30,30,30.1,30.1,30.1,30.1,30,30,30.1,30.1,30,30,30.1,30,29.9,30,30.1,30,30.1,29.9,30.1,29.8,30,29.9,30.1,30,30,29.9,30,30,30,30.1,29.9,30.2,30.1,30.1,30.1,30,30,30,30,30,30,30,30,30,30.1,30,30,30.2,30,30.1,30,30.1,30,30,30,30,30,30,29.9,30.1,30.1,30.1,30.1,30.1,29.9,30,29.8,30.1,30.1,29.8,29.9,30,30,30
Mean,0.0967,0.0963,0.09638,0.09642,0.0965,0.0965,0.09644,0.0964,0.09642,0.09644,0.09658,0.0966,0.09654,0.09658,0.0966,0.09658,0.09664,0.09664,0.09666,0.09666,0.09672,0.09668,0.09664,0.0966,0.09664,0.09674,0.0967,0.09682,0.09676,0.09678,0.09676,0.09682,0.0968,0.09682,0.0968,0.09648,0.09676,0.0966,0.0967,0.0967,0.09674,0.09688,0.09684,0.09698,0.09682,0.09674,0.09682,0.09668,0.09668,0.09674,0.09682,0.0969,0.0968,0.09684,0.09692,0.09694,0.09694,0.0971,0.09714,0.09692,0.09706,0.09702,0.09702,0.09712,0.09708,0.097,0.09736,0.09718,0.09724,0.0972,0.09718,0.09722,0.09726,0.09726,0.09726,0.09742,0.09738,0.09736,0.09742,0.09748,0.09786,0.09752,0.09766,0.09768,0.09776,0.09786,0.09776,0.09786,0.0979,0.09796,0.09792,0.0981,0.09794,0.09784,0.0983,0.09818
StDev,0.002484955,0.002342008,0.002423221,0.002340299,0.002490984,0.002460691,0.002570603,0.002636285,0.002602307,0.002747362,0.00270037,0.002728553,0.002745542,0.002763512,0.002848684,0.002826128,0.002834255,0.002834255,0.002891021,0.002915133,0.002875239,0.002943977,0.002921986,0.00296395,0.002895341,0.002982113,0.003025723,0.002957533,0.003069691,0.003031006,0.003036939,0.003105962,0.003084639,0.00310918,0.003114482,0.003093865,0.003158006,0.003053686,0.002996665,0.003084639,0.003109341,0.003153886,0.003137356,0.003094673,0.003141974,0.003109341,0.003122019,0.003099516,0.003070342,0.003085936,0.003114803,0.003148015,0.003120897,0.003058267,0.003037598,0.00298379,0.003009651,0.002947881,0.002966985,0.002959223,0.002903963,0.002889118,0.002979429,0.002885654,0.002966816,0.002795532,0.002901379,0.002804817,0.002710719,0.002751363,0.002738065,0.002819042,0.002674509,0.002700555,0.002626404,0.002626214,0.002631919,0.00252646,0.002555778,0.002585923,0.002392279,0.002423221,0.002328734,0.002425283,0.002342648,0.002281009,0.002321207,0.002355419,0.002369599,0.002346913,0.002328519,0.002293469,0.002309329,0.002324435,0.002456624,0.0023467
1;2,0.0996,0.0991,0.0992,0.099,0.0991,0.0991,0.0992,0.0992,0.0992,0.0994,0.0994,0.0995,0.0994,0.0994,0.0996,0.0996,0.0996,0.0996,0.0996,0.0996,0.0996,0.0997,0.0996,0.0996,0.0996,0.0997,0.0997,0.0997,0.0998,0.0998,0.0998,0.0999,0.0998,0.0999,0.0999,0.0995,0.0998,0.0995,0.0996,0.0997,0.0997,0.1,0.0998,0.0999,0.0997,0.0997,0.0999,0.0997,0.0996,0.0998,0.0998,0.0998,0.0998,0.0996,0.0997,0.0997,0.0998,0.0998,0.1,0.0998,0.0998,0.0998,0.0999,0.0999,0.0998,0.0996,0.1001,0.0999,0.0999,0.0999,0.0998,0.0999,0.0999,0.0998,0.0998,0.0999,0.1,0.0998,0.0999,0.1,0.1002,0.0998,0.0997,0.0999,0.0999,0.0998,0.0999,0.1,0.1001,0.1,0.0999,0.0998,0.0997,0.0997,0.0997,0.0998
2;1,0.0963,0.0959,0.0958,0.096,0.0961,0.0961,0.096,0.0957,0.0958,0.0958,0.0959,0.096,0.096,0.0961,0.0959,0.0959,0.096,0.096,0.0962,0.096,0.0963,0.0961,0.0961,0.0959,0.0961,0.0961,0.0961,0.0962,0.0962,0.0961,0.0962,0.0961,0.0962,0.0962,0.0961,0.0959,0.0961,0.0958,0.096,0.0961,0.0961,0.0961,0.096,0.0964,0.0961,0.0961,0.096,0.096,0.0958,0.0958,0.0961,0.0961,0.096,0.0959,0.0962,0.0962,0.096,0.0963,0.0961,0.0959,0.0961,0.0961,0.096,0.0959,0.0959,0.0961,0.0961,0.096,0.0959,0.0961,0.0959,0.096,0.0958,0.0959,0.0958,0.096,0.0957,0.0959,0.0959,0.0958,0.0961,0.0957,0.0959,0.096,0.0959,0.0959,0.0959,0.0959,0.0958,0.0959,0.0959,0.0958,0.0957,0.0956,0.0959,0.0959
2;2,0.0985,0.0979,0.0982,0.0983,0.0987,0.0986,0.0986,0.0987,0.0987,0.0988,0.099,0.099,0.099,0.0991,0.0992,0.0991,0.0992,0.0992,0.0993,0.0994,0.0994,0.0994,0.0993,0.0994,0.0993,0.0996,0.0996,0.0997,0.0997,0.0997,0.0996,0.0998,0.0998,0.0998,0.0998,0.0995,0.0999,0.0997,0.0997,0.0997,0.0999,0.1,0.1001,0.1001,0.1001,0.0999,0.1,0.0998,0.0999,0.0999,0.1,0.1002,0.1,0.1002,0.1002,0.1002,0.1002,0.1004,0.1004,0.1001,0.1003,0.1002,0.1003,0.1004,0.1005,0.1002,0.1007,0.1004,0.1004,0.1003,0.1004,0.1005,0.1004,0.1005,0.1004,0.1006,0.1005,0.1004,0.1005,0.1006,0.1007,0.1005,0.1006,0.1007,0.1006,0.1006,0.1005,0.1006,0.1006,0.1007,0.1007,0.1006,0.1005,0.1004,0.1007,0.1007
2;3,0.0959,0.0956,0.0957,0.0957,0.0956,0.0957,0.0956,0.0957,0.0956,0.0956,0.0958,0.0957,0.0956,0.0956,0.0956,0.0956,0.0957,0.0957,0.0956,0.0957,0.0956,0.0956,0.0957,0.0956,0.0956,0.0957,0.0956,0.0958,0.0956,0.0957,0.0957,0.0958,0.0957,0.0957,0.0957,0.0953,0.0956,0.0956,0.0956,0.0956,0.0955,0.0957,0.0957,0.0958,0.0957,0.0955,0.0955,0.0954,0.0955,0.0955,0.0956,0.0958,0.0956,0.0957,0.0956,0.0955,0.0956,0.0956,0.0957,0.0956,0.0956,0.0955,0.0955,0.0956,0.0957,0.0954,0.0959,0.0955,0.0955,0.0956,0.0955,0.0956,0.0955,0.0956,0.0955,0.0957,0.0955,0.0956,0.0955,0.0955,0.0957,0.0955,0.0955,0.0955,0.0955,0.0955,0.0954,0.0954,0.0955,0.0955,0.0955,0.0956,0.0954,0.0953,0.0954,0.0955
3;2,0.0932,0.093,0.093,0.0931,0.093,0.093,0.0928,0.0927,0.0928,0.0926,0.0928,0.0928,0.0927,0.0927,0.0927,0.0927,0.0927,0.0927,0.0926,0.0926,0.0927,0.0926,0.0925,0.0925,0.0926,0.0926,0.0925,0.0927,0.0925,0.0926,0.0925,0.0925,0.0925,0.0925,0.0925,0.0922,0.0924,0.0924,0.0926,0.0924,0.0925,0.0926,0.0926,0.0927,0.0925,0.0925,0.0927,0.0925,0.0926,0.0927,0.0926,0.0926,0.0926,0.0928,0.0929,0.0931,0.0931,0.0934,0.0935,0.0932,0.0935,0.0935,0.0934,0.0938,0.0935,0.0937,0.094,0.0941,0.0945,0.0941,0.0943,0.0941,0.0947,0.0945,0.0948,0.0949,0.0952,0.0951,0.0953,0.0955,0.0966,0.0961,0.0966,0.0963,0.0969,0.0975,0.0971,0.0974,0.0975,0.0977,0.0976,0.0987,0.0984,0.0982,0.0998,0.099
,,,,,,,,,,,,,,,,,,,,,,,,,,,,,,,,,,,,,,,,,,,,,,,,,,,,,,,,,,,,,,,,,,,,,,,,,,,,,,,,,,,,,,,,,,,,,,,,
Cycles / Well,,,,,,,,,,,,,,,,,,,,,,,,,,,,,,,,,,,,,,,,,,,,,,,,,,,,,,,,,,,,,,,,,,,,,,,,,,,,,,,,,,,,,,,,,,,,,,,,
H12,1,2,3,4,5,6,7,8,9,10,11,12,13,14,15,16,17,18,19,20,21,22,23,24,25,26,27,28,29,30,31,32,33,34,35,36,37,38,39,40,41,42,43,44,45,46,47,48,49,50,51,52,53,54,55,56,57,58,59,60,61,62,63,64,65,66,67,68,69,70,71,72,73,74,75,76,77,78,79,80,81,82,83,84,85,86,87,88,89,90,91,92,93,94,95,96
Time [s],0,1799.827,3599.741,5399.669,7199.582,8999.52,10799.439,12599.362,14399.295,16199.216,17999.146,19799.079,21599.004,23398.923,25198.859,26998.777,28798.697,30598.623,32398.553,34198.485,35998.416,37798.341,39598.268,41398.198,43198.124,44998.054,46797.976,48597.918,50397.831,52197.762,53997.692,55797.629,57597.534,59397.461,61197.38,62997.315,64797.24,66597.165,68397.092,70197.031,71996.926,73796.86,75596.777,77396.712,79196.627,80996.562,82796.484,84596.403,86396.337,88196.281,89996.203,91796.133,93596.059,95395.99,97195.917,98995.844,100795.796,102595.694,104395.689,106195.553,107995.487,109795.413,111595.34,113395.273,115195.195,116995.132,118795.052,120594.981,122394.898,124194.845,125994.76,127794.681,129594.622,131394.544,133194.474,134994.397,136794.315,138594.255,140394.181,142194.115,143994.039,145793.949,147593.888,149393.809,151193.742,152993.677,154793.597,156593.512,158393.435,160193.362,161993.31,163793.212,165593.147,167393.086,169192.983,170992.91
Temp. [°C],20.1,30,29.8,30,30.1,30,29.9,30.1,30.1,30.1,30,30,30,30,30,30,30,30,30,30,30,30,30.1,30.1,30.1,30.1,30,30,30.1,30.1,30,30,30.1,30,29.9,30,30.1,30,30.1,29.9,30.1,29.8,30,29.9,30.1,30,30,29.9,30,30,30,30.1,29.9,30.2,30.1,30.1,30.1,30,30,30,30,30,30,30,30,30,30.1,30,30,30.2,30,30.1,30,30.1,30,30,30,30,30,30,29.9,30.1,30.1,30.1,30.1,30.1,29.9,30,29.8,30.1,30.1,29.8,29.9,30,30,30
Mean,0.09578,0.09544,0.09548,0.09548,0.09546,0.09546,0.09534,0.09536,0.09544,0.09542,0.09546,0.09552,0.09544,0.09548,0.09552,0.09548,0.09556,0.09558,0.0955,0.09558,0.09552,0.09556,0.09558,0.09556,0.0956,0.09566,0.09562,0.09576,0.09566,0.09566,0.09574,0.09572,0.0958,0.09582,0.09574,0.09554,0.0958,0.09556,0.09576,0.09574,0.09578,0.09586,0.09588,0.09592,0.09584,0.09568,0.0958,0.09574,0.0956,0.0957,0.09584,0.09584,0.0958,0.09582,0.09584,0.0959,0.09596,0.09606,0.09618,0.096,0.09606,0.09622,0.0962,0.09632,0.09634,0.09634,0.09678,0.09666,0.09674,0.09668,0.09676,0.09684,0.09694,0.09706,0.09714,0.09728,0.09736,0.09744,0.09752,0.09778,0.0982,0.09788,0.0983,0.09838,0.09838,0.09842,0.0986,0.09864,0.09876,0.09886,0.09882,0.09904,0.09914,0.0989,0.09944,0.09932
StDev,0.001255787,0.001275931,0.001380942,0.001561089,0.001610279,0.001791089,0.001800833,0.00188494,0.001950128,0.002051097,0.00211731,0.002098094,0.002175546,0.002182201,0.002246553,0.002331738,0.002345847,0.002424252,0.002410394,0.002529229,0.002426314,0.002511573,0.00254303,0.002663269,0.002599038,0.00263875,0.002767128,0.002746452,0.002731849,0.002789803,0.002852718,0.002857796,0.002942788,0.002965974,0.002980436,0.002975399,0.003001666,0.002959392,0.003025393,0.003012142,0.002986135,0.003013802,0.003038421,0.003077661,0.003078636,0.003121218,0.00310403,0.003050902,0.003090307,0.003132092,0.003089175,0.003087556,0.003074898,0.003073597,0.003128578,0.00309435,0.003085936,0.003023739,0.003007823,0.0029858,0.00296867,0.002857796,0.00287663,0.002909811,0.002757354,0.002732764,0.002695737,0.00265198,0.00265198,0.002656501,0.002677312,0.00266233,0.002779029,0.002751908,0.00279428,0.002868275,0.003029521,0.003216053,0.003267568,0.003504568,0.003823611,0.003930267,0.004335897,0.004392266,0.004510765,0.004551593,0.004964877,0.005044601,0.005271432,0.005428904,0.005292164,0.005892198,0.006134574,0.006073302,0.006678548,0.006557972
1;2,0.0978,0.0974,0.0976,0.0978,0.0978,0.098,0.0978,0.098,0.0981,0.0981,0.0983,0.0983,0.0983,0.0983,0.0984,0.0985,0.0986,0.0987,0.0986,0.0988,0.0986,0.0987,0.0988,0.0989,0.0988,0.0989,0.0991,0.0991,0.099,0.0991,0.0992,0.0991,0.0993,0.0993,0.0993,0.099,0.0993,0.0989,0.0994,0.0992,0.0992,0.0993,0.0993,0.0994,0.0993,0.0993,0.0993,0.0992,0.0991,0.0993,0.0993,0.0991,0.099,0.0991,0.0993,0.0993,0.0994,0.0994,0.0995,0.0992,0.0994,0.0993,0.0993,0.0996,0.0993,0.0992,0.0996,0.0995,0.0993,0.0993,0.0993,0.0992,0.0992,0.0993,0.0992,0.0994,0.0993,0.0992,0.0992,0.0994,0.0997,0.0992,0.0993,0.0994,0.0994,0.0993,0.0995,0.0993,0.0993,0.0993,0.0993,0.0991,0.0993,0.0989,0.0992,0.099
2;1,0.0953,0.0947,0.0946,0.0944,0.0944,0.0942,0.0943,0.0942,0.0944,0.0943,0.0943,0.0943,0.0942,0.0943,0.0943,0.0942,0.0943,0.0943,0.0942,0.0943,0.0944,0.0943,0.0943,0.0943,0.0943,0.0943,0.0942,0.0944,0.0943,0.0943,0.0944,0.0943,0.0944,0.0944,0.0942,0.0941,0.0943,0.0942,0.0943,0.0942,0.0943,0.0944,0.0944,0.0944,0.0943,0.0941,0.0942,0.0942,0.094,0.094,0.0942,0.0942,0.0941,0.0942,0.0941,0.0941,0.0943,0.0942,0.0943,0.0942,0.0941,0.0942,0.0941,0.0941,0.0942,0.0942,0.0944,0.0943,0.0941,0.0942,0.0941,0.0942,0.094,0.0941,0.0942,0.0942,0.094,0.0941,0.0941,0.0941,0.0944,0.094,0.0942,0.0942,0.0941,0.0941,0.0941,0.0941,0.0941,0.0941,0.0942,0.0941,0.094,0.0939,0.094,0.0941
2;2,0.0959,0.0959,0.0961,0.0964,0.0965,0.0967,0.0967,0.0967,0.0969,0.0971,0.0971,0.0972,0.0972,0.0973,0.0974,0.0974,0.0975,0.0976,0.0975,0.0977,0.0975,0.0977,0.0977,0.0978,0.0979,0.098,0.098,0.0982,0.0981,0.0981,0.0983,0.0984,0.0985,0.0986,0.0985,0.0984,0.0987,0.0985,0.0985,0.0987,0.0987,0.0988,0.0989,0.099,0.0989,0.0987,0.0989,0.0988,0.0987,0.0988,0.099,0.0992,0.0992,0.0991,0.0991,0.0992,0.0992,0.0993,0.0994,0.0993,0.0992,0.0994,0.0994,0.0994,0.0994,0.0994,0.0997,0.0994,0.0994,0.0995,0.0995,0.0996,0.0995,0.0996,0.0996,0.0997,0.0995,0.0997,0.0996,0.0998,0.0999,0.0997,0.0996,0.0998,0.0998,0.0998,0.0997,0.0997,0.0997,0.0998,0.0998,0.0997,0.0997,0.0995,0.0998,0.0997
2;3,0.0944,0.0941,0.0942,0.0943,0.0943,0.0944,0.0942,0.0942,0.0942,0.0942,0.0942,0.0943,0.0942,0.0942,0.0943,0.0942,0.0942,0.0942,0.0942,0.0942,0.0943,0.0943,0.0943,0.0942,0.0942,0.0943,0.0941,0.0944,0.0942,0.0942,0.0942,0.0942,0.0943,0.0943,0.0942,0.0939,0.0941,0.0939,0.0942,0.0941,0.0942,0.0943,0.0943,0.0942,0.0943,0.094,0.0942,0.094,0.0939,0.094,0.0941,0.0941,0.0941,0.0942,0.0941,0.094,0.0939,0.0941,0.0943,0.094,0.0941,0.0941,0.094,0.094,0.0941,0.0939,0.0943,0.0941,0.094,0.094,0.094,0.094,0.0939,0.0941,0.094,0.0941,0.0941,0.0938,0.0939,0.094,0.0941,0.0937,0.094,0.094,0.0939,0.094,0.0938,0.0939,0.0939,0.0939,0.0939,0.0939,0.0938,0.0936,0.0939,0.0938
3;2,0.0955,0.0951,0.0949,0.0945,0.0943,0.094,0.0937,0.0937,0.0936,0.0934,0.0934,0.0935,0.0933,0.0933,0.0932,0.0931,0.0932,0.0931,0.093,0.0929,0.0928,0.0928,0.0928,0.0926,0.0928,0.0928,0.0927,0.0927,0.0927,0.0926,0.0926,0.0926,0.0925,0.0925,0.0925,0.0923,0.0926,0.0923,0.0924,0.0925,0.0925,0.0925,0.0925,0.0926,0.0924,0.0923,0.0924,0.0925,0.0923,0.0924,0.0926,0.0926,0.0926,0.0925,0.0926,0.0929,0.093,0.0933,0.0934,0.0933,0.0935,0.0941,0.0942,0.0945,0.0947,0.095,0.0959,0.096,0.0969,0.0964,0.0969,0.0972,0.0981,0.0982,0.0987,0.099,0.0999,0.1004,0.1008,0.1016,0.1029,0.1028,0.1044,0.1045,0.1047,0.1049,0.1059,0.1062,0.1068,0.1072,0.1069,0.1084,0.1089,0.1086,0.1103,0.11
,,,,,,,,,,,,,,,,,,,,,,,,,,,,,,,,,,,,,,,,,,,,,,,,,,,,,,,,,,,,,,,,,,,,,,,,,,,,,,,,,,,,,,,,,,,,,,,,
End Time,,,,2025-08-14 13:52:54,,,,,,,,,,,,,,,,,,,,,,,,,,,,,,,,,,,,,,,,,,,,,,,,,,,,,,,,,,,,,,,,,,,,,,,,,,,,,,,,,,,,,,,,,,,,
,,,,,,,,,,,,,,,,,,,,,,,,,,,,,,,,,,,,,,,,,,,,,,,,,,,,,,,,,,,,,,,,,,,,,,,,,,,,,,,,,,,,,,,,,,,,,,,,
,,,,,,,,,,,,,,,,,,,,,,,,,,,,,,,,,,,,,,,,,,,,,,,,,,,,,,,,,,,,,,,,,,,,,,,,,,,,,,,,,,,,,,,,,,,,,,,,
